/* SPDX-License-Identifier: (LGPL-2.1 OR BSD-2-Clause) */

/* THIS FILE IS AUTOGENERATED BY BPFTOOL! */
#ifndef __NETWORK_BPF_SKEL_H__
#define __NETWORK_BPF_SKEL_H__

#include <errno.h>
#include <stdlib.h>
#include <bpf/libbpf.h>

struct network_bpf {
	struct bpf_object_skeleton *skeleton;
	struct bpf_object *obj;
	struct {
		struct bpf_map *rb;
	} maps;
	struct {
		struct bpf_program *cros_handle_inet_listen;
	} progs;
	struct {
		struct bpf_link *cros_handle_inet_listen;
	} links;

#ifdef __cplusplus
	static inline struct network_bpf *open(const struct bpf_object_open_opts *opts = nullptr);
	static inline struct network_bpf *open_and_load();
	static inline int load(struct network_bpf *skel);
	static inline int attach(struct network_bpf *skel);
	static inline void detach(struct network_bpf *skel);
	static inline void destroy(struct network_bpf *skel);
	static inline const void *elf_bytes(size_t *sz);
#endif /* __cplusplus */
};

static void
network_bpf__destroy(struct network_bpf *obj)
{
	if (!obj)
		return;
	if (obj->skeleton)
		bpf_object__destroy_skeleton(obj->skeleton);
	free(obj);
}

static inline int
network_bpf__create_skeleton(struct network_bpf *obj);

static inline struct network_bpf *
network_bpf__open_opts(const struct bpf_object_open_opts *opts)
{
	struct network_bpf *obj;
	int err;

	obj = (struct network_bpf *)calloc(1, sizeof(*obj));
	if (!obj) {
		errno = ENOMEM;
		return NULL;
	}

	err = network_bpf__create_skeleton(obj);
	if (err)
		goto err_out;

	err = bpf_object__open_skeleton(obj->skeleton, opts);
	if (err)
		goto err_out;

	return obj;
err_out:
	network_bpf__destroy(obj);
	errno = -err;
	return NULL;
}

static inline struct network_bpf *
network_bpf__open(void)
{
	return network_bpf__open_opts(NULL);
}

static inline int
network_bpf__load(struct network_bpf *obj)
{
	return bpf_object__load_skeleton(obj->skeleton);
}

static inline struct network_bpf *
network_bpf__open_and_load(void)
{
	struct network_bpf *obj;
	int err;

	obj = network_bpf__open();
	if (!obj)
		return NULL;
	err = network_bpf__load(obj);
	if (err) {
		network_bpf__destroy(obj);
		errno = -err;
		return NULL;
	}
	return obj;
}

static inline int
network_bpf__attach(struct network_bpf *obj)
{
	return bpf_object__attach_skeleton(obj->skeleton);
}

static inline void
network_bpf__detach(struct network_bpf *obj)
{
	return bpf_object__detach_skeleton(obj->skeleton);
}

static inline const void *network_bpf__elf_bytes(size_t *sz);

static inline int
network_bpf__create_skeleton(struct network_bpf *obj)
{
	struct bpf_object_skeleton *s;
	int err;

	s = (struct bpf_object_skeleton *)calloc(1, sizeof(*s));
	if (!s)	{
		err = -ENOMEM;
		goto err;
	}

	s->sz = sizeof(*s);
	s->name = "network_bpf";
	s->obj = &obj->obj;

	/* maps */
	s->map_cnt = 1;
	s->map_skel_sz = sizeof(*s->maps);
	s->maps = (struct bpf_map_skeleton *)calloc(s->map_cnt, s->map_skel_sz);
	if (!s->maps) {
		err = -ENOMEM;
		goto err;
	}

	s->maps[0].name = "rb";
	s->maps[0].map = &obj->maps.rb;

	/* programs */
	s->prog_cnt = 1;
	s->prog_skel_sz = sizeof(*s->progs);
	s->progs = (struct bpf_prog_skeleton *)calloc(s->prog_cnt, s->prog_skel_sz);
	if (!s->progs) {
		err = -ENOMEM;
		goto err;
	}

	s->progs[0].name = "cros_handle_inet_listen";
	s->progs[0].prog = &obj->progs.cros_handle_inet_listen;
	s->progs[0].link = &obj->links.cros_handle_inet_listen;

	s->data = (void *)network_bpf__elf_bytes(&s->data_sz);

	obj->skeleton = s;
	return 0;
err:
	bpf_object__destroy_skeleton(s);
	return err;
}

static inline const void *network_bpf__elf_bytes(size_t *sz)
{
	*sz = 52960;
	return (const void *)"\
\x7f\x45\x4c\x46\x02\x01\x01\0\0\0\0\0\0\0\0\0\x01\0\xf7\0\x01\0\0\0\0\0\0\0\0\
\0\0\0\0\0\0\0\0\0\0\0\xa0\xcb\0\0\0\0\0\0\0\0\0\0\x40\0\0\0\0\0\x40\0\x0d\0\
\x01\0\x79\x12\x10\0\0\0\0\0\x67\x02\0\0\x20\0\0\0\x77\x02\0\0\x20\0\0\0\x55\
\x02\x44\x01\0\0\0\0\x79\x17\0\0\0\0\0\0\x85\0\0\0\x23\0\0\0\xb7\x01\0\0\x44\0\
\0\0\x0f\x10\0\0\0\0\0\0\xbf\xa1\0\0\0\0\0\0\x07\x01\0\0\x70\xff\xff\xff\xb7\
\x02\0\0\x04\0\0\0\xbf\x03\0\0\0\0\0\0\x85\0\0\0\x71\0\0\0\x61\xa1\x70\xff\0\0\
\0\0\x57\x01\0\0\0\0\x20\0\x55\x01\x38\x01\0\0\0\0\x18\x01\0\0\0\0\0\0\0\0\0\0\
\0\0\0\0\xb7\x02\0\0\xb0\x04\0\0\xb7\x03\0\0\0\0\0\0\x85\0\0\0\x83\0\0\0\x15\0\
\x32\x01\0\0\0\0\x7b\x0a\x38\xfe\0\0\0\0\xbf\x06\0\0\0\0\0\0\xb7\x01\0\0\x18\0\
\0\0\xbf\x79\0\0\0\0\0\0\x0f\x19\0\0\0\0\0\0\xbf\xa1\0\0\0\0\0\0\x07\x01\0\0\
\x70\xff\xff\xff\xb7\x02\0\0\x08\0\0\0\xbf\x93\0\0\0\0\0\0\x85\0\0\0\x71\0\0\0\
\x79\xa1\x70\xff\0\0\0\0\x7b\x1a\x40\xfe\0\0\0\0\xb7\x01\0\0\x01\0\0\0\x63\x16\
\0\0\0\0\0\0\x63\x16\xa8\x04\0\0\0\0\x85\0\0\0\x23\0\0\0\x7b\x0a\x50\xfe\0\0\0\
\0\xbf\xa1\0\0\0\0\0\0\x07\x01\0\0\x70\xff\xff\xff\xb7\x02\0\0\x08\0\0\0\xbf\
\x93\0\0\0\0\0\0\x85\0\0\0\x71\0\0\0\xb7\x01\0\0\x04\0\0\0\x7b\x7a\x48\xfe\0\0\
\0\0\xbf\x73\0\0\0\0\0\0\x0f\x13\0\0\0\0\0\0\x79\xa9\x70\xff\0\0\0\0\xbf\xa1\0\
\0\0\0\0\0\x07\x01\0\0\x70\xff\xff\xff\xb7\x02\0\0\x02\0\0\0\x85\0\0\0\x71\0\0\
\0\xb7\x01\0\0\0\0\0\0\xbf\x93\0\0\0\0\0\0\x0f\x13\0\0\0\0\0\0\x69\xa8\x70\xff\
\0\0\0\0\xbf\xa7\0\0\0\0\0\0\x07\x07\0\0\x70\xff\xff\xff\xbf\x71\0\0\0\0\0\0\
\xb7\x02\0\0\x88\0\0\0\x85\0\0\0\x71\0\0\0\x69\x77\x10\0\0\0\0\0\x7b\x6a\x58\
\xfe\0\0\0\0\x63\x76\x0c\0\0\0\0\0\xb7\x01\0\0\x1c\x02\0\0\xbf\x93\0\0\0\0\0\0\
\x0f\x13\0\0\0\0\0\0\xbf\xa1\0\0\0\0\0\0\x07\x01\0\0\xe8\xfe\xff\xff\xb7\x02\0\
\0\x02\0\0\0\x85\0\0\0\x71\0\0\0\x67\x08\0\0\x30\0\0\0\xc7\x08\0\0\x30\0\0\0\
\x69\xa1\xe8\xfe\0\0\0\0\x65\x01\x04\0\x05\0\0\0\x15\x01\x0b\0\0\0\0\0\xb7\x02\
\0\0\x02\0\0\0\x15\x01\x12\0\x01\0\0\0\x05\0\x02\0\0\0\0\0\x15\x01\x05\0\x06\0\
\0\0\x15\x01\x0e\0\x11\0\0\0\xb7\x02\0\0\x03\0\0\0\x15\x08\x0d\0\x03\0\0\0\xb7\
\x02\0\0\x04\0\0\0\x05\0\x0b\0\0\0\0\0\xb7\x02\0\0\0\0\0\0\x05\0\x09\0\0\0\0\0\
\x15\x07\x01\0\x0a\0\0\0\x55\x07\xfa\xff\x02\0\0\0\xb7\x02\0\0\0\0\0\0\x15\x08\
\x05\0\x01\0\0\0\x67\x08\0\0\x20\0\0\0\x77\x08\0\0\x20\0\0\0\x15\x08\xeb\0\x03\
\0\0\0\x55\x08\xf4\xff\x02\0\0\0\xb7\x02\0\0\x01\0\0\0\x79\xa6\x58\xfe\0\0\0\0\
\x63\x26\x10\0\0\0\0\0\xb7\x01\0\0\0\0\0\0\x0f\x19\0\0\0\0\0\0\xbf\xa7\0\0\0\0\
\0\0\x07\x07\0\0\xe8\xfe\xff\xff\xbf\x71\0\0\0\0\0\0\xb7\x02\0\0\x88\0\0\0\xbf\
\x93\0\0\0\0\0\0\x85\0\0\0\x71\0\0\0\x61\x71\x14\0\0\0\0\0\x63\x16\x08\0\0\0\0\
\0\xb7\x01\0\0\xd8\x05\0\0\x79\xa3\x50\xfe\0\0\0\0\x0f\x13\0\0\0\0\0\0\xbf\xa1\
\0\0\0\0\0\0\x07\x01\0\0\xf8\xff\xff\xff\xb7\x02\0\0\x08\0\0\0\x85\0\0\0\x71\0\
\0\0\xb7\x01\0\0\x08\x06\0\0\x79\xa3\xf8\xff\0\0\0\0\x0f\x13\0\0\0\0\0\0\xbf\
\xa1\0\0\0\0\0\0\x07\x01\0\0\x60\xfe\xff\xff\xb7\x02\0\0\x08\0\0\0\x85\0\0\0\
\x71\0\0\0\xb7\x06\0\0\x40\0\0\0\x79\xa8\x60\xfe\0\0\0\0\x05\0\x06\0\0\0\0\0\
\x07\x06\0\0\xff\xff\xff\xff\xbf\x61\0\0\0\0\0\0\x67\x01\0\0\x20\0\0\0\x77\x01\
\0\0\x20\0\0\0\xbf\x98\0\0\0\0\0\0\x15\x01\x20\0\0\0\0\0\xbf\x83\0\0\0\0\0\0\
\xb7\x01\0\0\xd8\x05\0\0\x0f\x13\0\0\0\0\0\0\xbf\xa1\0\0\0\0\0\0\x07\x01\0\0\
\xf8\xff\xff\xff\xb7\x02\0\0\x08\0\0\0\x85\0\0\0\x71\0\0\0\x79\xa3\xf8\xff\0\0\
\0\0\xb7\x01\0\0\x08\x06\0\0\x0f\x13\0\0\0\0\0\0\xbf\xa1\0\0\0\0\0\0\x07\x01\0\
\0\x60\xfe\xff\xff\xb7\x02\0\0\x08\0\0\0\x85\0\0\0\x71\0\0\0\x79\xa9\x60\xfe\0\
\0\0\0\x15\x09\x10\0\0\0\0\0\xbf\x83\0\0\0\0\0\0\xb7\x07\0\0\xa0\x08\0\0\x0f\
\x73\0\0\0\0\0\0\xbf\xa1\0\0\0\0\0\0\x07\x01\0\0\x60\xfe\xff\xff\xb7\x02\0\0\
\x08\0\0\0\x85\0\0\0\x71\0\0\0\xbf\x93\0\0\0\0\0\0\x0f\x73\0\0\0\0\0\0\x79\xa7\
\x60\xfe\0\0\0\0\xbf\xa1\0\0\0\0\0\0\x07\x01\0\0\x60\xfe\xff\xff\xb7\x02\0\0\
\x08\0\0\0\x85\0\0\0\x71\0\0\0\x79\xa1\x60\xfe\0\0\0\0\x1d\x17\xda\xff\0\0\0\0\
\xb7\x06\0\0\xcc\x05\0\0\xbf\x83\0\0\0\0\0\0\x0f\x63\0\0\0\0\0\0\xbf\xa1\0\0\0\
\0\0\0\x07\x01\0\0\x60\xfe\xff\xff\xb7\x02\0\0\x04\0\0\0\x85\0\0\0\x71\0\0\0\
\x61\xa1\x60\xfe\0\0\0\0\x79\xa9\x58\xfe\0\0\0\0\x63\x19\x1c\0\0\0\0\0\xb7\x07\
\0\0\0\x07\0\0\x0f\x78\0\0\0\0\0\0\xbf\xa1\0\0\0\0\0\0\x07\x01\0\0\x60\xfe\xff\
\xff\xb7\x02\0\0\x08\0\0\0\xbf\x83\0\0\0\0\0\0\x85\0\0\0\x71\0\0\0\x79\xa1\x60\
\xfe\0\0\0\0\x7b\x19\x28\0\0\0\0\0\xb7\x01\0\0\x08\x06\0\0\x79\xa8\x50\xfe\0\0\
\0\0\xbf\x83\0\0\0\0\0\0\x0f\x13\0\0\0\0\0\0\xbf\xa1\0\0\0\0\0\0\x07\x01\0\0\
\xf8\xff\xff\xff\xb7\x02\0\0\x08\0\0\0\x85\0\0\0\x71\0\0\0\x79\xa3\xf8\xff\0\0\
\0\0\x0f\x73\0\0\0\0\0\0\xbf\xa1\0\0\0\0\0\0\x07\x01\0\0\x60\xfe\xff\xff\xb7\
\x02\0\0\x08\0\0\0\x85\0\0\0\x71\0\0\0\x79\xa1\x60\xfe\0\0\0\0\x7b\x19\x20\0\0\
\0\0\0\xbf\x83\0\0\0\0\0\0\x0f\x63\0\0\0\0\0\0\xbf\x96\0\0\0\0\0\0\xbf\xa1\0\0\
\0\0\0\0\x07\x01\0\0\x60\xfe\xff\xff\xb7\x02\0\0\x04\0\0\0\x85\0\0\0\x71\0\0\0\
\x61\xa1\x60\xfe\0\0\0\0\x63\x16\x18\0\0\0\0\0\xb7\x01\0\0\x88\x07\0\0\xbf\x89\
\0\0\0\0\0\0\x0f\x19\0\0\0\0\0\0\xbf\xa1\0\0\0\0\0\0\x07\x01\0\0\x60\xfe\xff\
\xff\xb7\x02\0\0\x08\0\0\0\xbf\x93\0\0\0\0\0\0\x85\0\0\0\x71\0\0\0\xb7\x01\0\0\
\x14\0\0\0\x79\xa3\x60\xfe\0\0\0\0\x0f\x13\0\0\0\0\0\0\xbf\xa1\0\0\0\0\0\0\x07\
\x01\0\0\xf8\xff\xff\xff\xb7\x02\0\0\x04\0\0\0\x85\0\0\0\x71\0\0\0\x61\xa1\xf8\
\xff\0\0\0\0\x63\x16\x34\x02\0\0\0\0\xbf\xa1\0\0\0\0\0\0\x07\x01\0\0\x60\xfe\
\xff\xff\xb7\x02\0\0\x08\0\0\0\xbf\x93\0\0\0\0\0\0\x85\0\0\0\x71\0\0\0\xb7\x01\
\0\0\x18\0\0\0\x79\xa3\x60\xfe\0\0\0\0\x0f\x13\0\0\0\0\0\0\xbf\xa1\0\0\0\0\0\0\
\x07\x01\0\0\xf8\xff\xff\xff\xb7\x02\0\0\x04\0\0\0\x85\0\0\0\x71\0\0\0\x61\xa1\
\xf8\xff\0\0\0\0\x63\x16\x38\x02\0\0\0\0\xb7\x01\0\0\x10\x05\0\0\x0f\x18\0\0\0\
\0\0\0\xbf\xa1\0\0\0\0\0\0\x07\x01\0\0\xf8\xff\xff\xff\xb7\x02\0\0\x08\0\0\0\
\xbf\x83\0\0\0\0\0\0\x85\0\0\0\x71\0\0\0\xb7\x01\0\0\x38\x01\0\0\x79\xa3\xf8\
\xff\0\0\0\0\x0f\x13\0\0\0\0\0\0\xbf\xa1\0\0\0\0\0\0\x07\x01\0\0\x60\xfe\xff\
\xff\xb7\x02\0\0\x08\0\0\0\x85\0\0\0\x71\0\0\0\x79\xa9\x60\xfe\0\0\0\0\xbf\xa1\
\0\0\0\0\0\0\x07\x01\0\0\xf8\xff\xff\xff\xb7\x02\0\0\x08\0\0\0\xbf\x83\0\0\0\0\
\0\0\x85\0\0\0\x71\0\0\0\xb7\x01\0\0\x40\x01\0\0\x79\xa3\xf8\xff\0\0\0\0\x0f\
\x13\0\0\0\0\0\0\xbf\xa1\0\0\0\0\0\0\x07\x01\0\0\x60\xfe\xff\xff\xb7\x02\0\0\
\x08\0\0\0\x85\0\0\0\x71\0\0\0\x79\xa2\x60\xfe\0\0\0\0\x1f\x92\0\0\0\0\0\0\xb7\
\x01\0\0\0\x02\0\0\x2d\x21\x01\0\0\0\0\0\xb7\x02\0\0\0\x02\0\0\x63\x26\x30\x02\
\0\0\0\0\x79\xa1\x38\xfe\0\0\0\0\x07\x01\0\0\x30\0\0\0\xbf\x93\0\0\0\0\0\0\x85\
\0\0\0\x70\0\0\0\x61\x61\x30\x02\0\0\0\0\x79\xa3\x48\xfe\0\0\0\0\x55\x01\x02\0\
\0\x02\0\0\xb7\x01\0\0\0\0\0\0\x73\x16\x2f\x02\0\0\0\0\xb7\x01\0\0\x04\0\0\0\
\x0f\x13\0\0\0\0\0\0\xbf\xa1\0\0\0\0\0\0\x07\x01\0\0\x70\xff\xff\xff\xb7\x02\0\
\0\x02\0\0\0\x85\0\0\0\x71\0\0\0\x69\xa1\x70\xff\0\0\0\0\x73\x16\x40\x02\0\0\0\
\0\xb7\x01\0\0\0\0\0\0\x79\xa8\x40\xfe\0\0\0\0\x0f\x18\0\0\0\0\0\0\xbf\xa7\0\0\
\0\0\0\0\x07\x07\0\0\x70\xff\xff\xff\xbf\x71\0\0\0\0\0\0\xb7\x02\0\0\x88\0\0\0\
\xbf\x83\0\0\0\0\0\0\x85\0\0\0\x71\0\0\0\x69\x71\x0e\0\0\0\0\0\x63\x16\x44\x02\
\0\0\0\0\xbf\xa7\0\0\0\0\0\0\x07\x07\0\0\xe8\xfe\xff\xff\xbf\x71\0\0\0\0\0\0\
\xb7\x02\0\0\x88\0\0\0\xbf\x83\0\0\0\0\0\0\x85\0\0\0\x71\0\0\0\x61\x71\x04\0\0\
\0\0\0\x63\x16\x48\x02\0\0\0\0\xbf\xa7\0\0\0\0\0\0\x07\x07\0\0\x60\xfe\xff\xff\
\xbf\x71\0\0\0\0\0\0\xb7\x02\0\0\x88\0\0\0\xbf\x83\0\0\0\0\0\0\x85\0\0\0\x71\0\
\0\0\xb7\x01\0\0\x48\0\0\0\xbf\x72\0\0\0\0\0\0\x0f\x12\0\0\0\0\0\0\x61\x21\x0c\
\0\0\0\0\0\x61\x23\x08\0\0\0\0\0\x61\x22\x04\0\0\0\0\0\x61\x74\x48\0\0\0\0\0\
\x63\x46\x4c\x02\0\0\0\0\x63\x26\x50\x02\0\0\0\0\x63\x36\x54\x02\0\0\0\0\x63\
\x16\x58\x02\0\0\0\0\xbf\x61\0\0\0\0\0\0\xb7\x02\0\0\0\0\0\0\x85\0\0\0\x84\0\0\
\0\xb7\0\0\0\0\0\0\0\x95\0\0\0\0\0\0\0\xb7\x02\0\0\x03\0\0\0\x05\0\x15\xff\0\0\
\0\0\x44\x75\x61\x6c\x20\x42\x53\x44\x2f\x47\x50\x4c\0\0\0\0\0\0\0\0\0\0\0\0\0\
\0\0\0\0\0\0\0\x9f\xeb\x01\0\x18\0\0\0\0\0\0\0\x9c\x60\0\0\x9c\x60\0\0\x8a\x49\
\0\0\0\0\0\0\0\0\0\x02\x03\0\0\0\x01\0\0\0\0\0\0\x01\x04\0\0\0\x20\0\0\x01\0\0\
\0\0\0\0\0\x03\0\0\0\0\x02\0\0\0\x04\0\0\0\x1b\0\0\0\x05\0\0\0\0\0\0\x01\x04\0\
\0\0\x20\0\0\0\0\0\0\0\0\0\0\x02\x06\0\0\0\0\0\0\0\0\0\0\x03\0\0\0\0\x02\0\0\0\
\x04\0\0\0\0\0\x20\0\0\0\0\0\x02\0\0\x04\x10\0\0\0\x19\0\0\0\x01\0\0\0\0\0\0\0\
\x1e\0\0\0\x05\0\0\0\x40\0\0\0\x2a\0\0\0\0\0\0\x0e\x07\0\0\0\x01\0\0\0\0\0\0\0\
\0\0\0\x02\x0a\0\0\0\x2d\0\0\0\0\0\0\x01\x08\0\0\0\x40\0\0\0\0\0\0\0\x01\0\0\
\x0d\x02\0\0\0\x40\0\0\0\x09\0\0\0\x44\0\0\0\x01\0\0\x0c\x0b\0\0\0\xbd\x01\0\0\
\xda\0\0\x84\xc0\x1c\0\0\xc9\x01\0\0\x0e\0\0\0\0\0\0\0\xd5\x01\0\0\x12\0\0\0\
\x80\x01\0\0\xdd\x01\0\0\x1c\0\0\0\xc0\x01\0\0\xe3\x01\0\0\x1d\0\0\0\0\x02\0\0\
\xe9\x01\0\0\x12\0\0\0\x20\x02\0\0\xef\x01\0\0\x12\0\0\0\x40\x02\0\0\xf6\x01\0\
\0\x02\0\0\0\x60\x02\0\0\xfd\x01\0\0\x21\0\0\0\x80\x02\0\0\x08\x02\0\0\x12\0\0\
\0\0\x03\0\0\x0c\x02\0\0\x12\0\0\0\x20\x03\0\0\x18\x02\0\0\x0f\0\0\0\x40\x03\0\
\0\x2c\x02\0\0\x28\0\0\0\x80\x03\0\0\x37\x02\0\0\x02\0\0\0\xc0\x03\0\0\x47\x02\
\0\0\x02\0\0\0\xe0\x03\0\0\x50\x02\0\0\x02\0\0\0\0\x04\0\0\x56\x02\0\0\x02\0\0\
\0\x20\x04\0\0\x5b\x02\0\0\x02\0\0\0\x40\x04\0\0\x67\x02\0\0\x02\0\0\0\x60\x04\
\0\0\x73\x02\0\0\x12\0\0\0\x80\x04\0\0\x7f\x02\0\0\x29\0\0\0\xc0\x04\0\0\x8b\
\x02\0\0\x2b\0\0\0\0\x06\0\0\x8e\x02\0\0\x3b\0\0\0\0\x16\0\0\x91\x02\0\0\x3d\0\
\0\0\x80\x17\0\0\x94\x02\0\0\x2d\0\0\0\x80\x1e\0\0\x9e\x02\0\0\x0f\0\0\0\x40\
\x1f\0\0\xaa\x02\0\0\x12\0\0\0\x80\x1f\0\0\xba\x02\0\0\x4a\0\0\0\xc0\x1f\0\0\
\xcb\x02\0\0\x4b\0\0\0\0\x20\0\0\xdd\x02\0\0\x12\0\0\0\x40\x20\0\0\xe8\x02\0\0\
\x12\0\0\0\x60\x20\0\0\xef\x02\0\0\x02\0\0\0\x80\x20\0\0\xff\x02\0\0\x4d\0\0\0\
\xc0\x20\0\0\x08\x03\0\0\x50\0\0\0\0\x21\0\0\x16\x03\0\0\x4f\0\0\0\x40\x21\0\0\
\x20\x03\0\0\x1c\0\0\0\x80\x21\0\0\x32\x03\0\0\x27\0\0\0\xc0\x21\0\0\x45\x03\0\
\0\x27\0\0\0\xd0\x21\0\0\x55\x03\0\0\x02\0\0\0\xe0\x21\0\0\x6b\x03\0\0\x53\0\0\
\0\0\x22\0\0\x83\x03\0\0\x2f\0\0\0\x40\x22\0\0\x92\x03\0\0\x55\0\0\0\xc0\x22\0\
\0\xa3\x03\0\0\x0f\0\0\0\0\x23\0\0\xb3\x03\0\0\x46\0\0\0\x40\x23\0\0\xc5\x03\0\
\0\x46\0\0\0\x48\x23\0\0\xd3\x03\0\0\x02\0\0\0\x60\x23\0\0\xe6\x03\0\0\x2f\0\0\
\0\x80\x23\0\0\xfd\x03\0\0\x02\0\0\0\0\x24\0\0\x10\x04\0\0\x02\0\0\0\x20\x24\0\
\0\x1f\x04\0\0\x53\0\0\0\x40\x24\0\0\x32\x04\0\0\x56\0\0\0\x60\x24\0\0\x45\x04\
\0\0\x2f\0\0\0\x80\x24\0\0\x56\x04\0\0\x58\0\0\0\0\x25\0\0\x61\x04\0\0\x2f\0\0\
\0\0\x26\0\0\x67\x04\0\0\x59\0\0\0\x80\x26\0\0\x76\x04\0\0\x2d\0\0\0\xc0\x27\0\
\0\x88\x04\0\0\x5a\0\0\0\x80\x28\0\0\x8b\x04\0\0\x5a\0\0\0\xc0\x28\0\0\x95\x04\
\0\0\x5b\0\0\0\0\x29\0\0\x9e\x04\0\0\x70\0\0\0\x40\x2a\0\0\xa7\x04\0\0\x02\0\0\
\0\xe0\x2a\0\0\xb2\x04\0\0\x02\0\0\0\0\x2b\0\0\xbc\x04\0\0\x02\0\0\0\x20\x2b\0\
\0\xc8\x04\0\0\x02\0\0\0\x40\x2b\0\0\xd6\x04\0\0\x0f\0\0\0\x80\x2b\0\0\xdd\x04\
\0\0\x12\0\0\0\xc0\x2b\0\0\xe9\x04\0\0\x12\0\0\0\xe0\x2b\0\x01\xfd\x04\0\0\x12\
\0\0\0\xe1\x2b\0\x01\x17\x05\0\0\x12\0\0\0\xe2\x2b\0\x01\x26\x05\0\0\x12\0\0\0\
\xe3\x2b\0\x01\x3d\x05\0\0\x12\0\0\0\0\x2c\0\x01\x51\x05\0\0\x12\0\0\0\x01\x2c\
\0\x01\x5b\x05\0\0\x12\0\0\0\x02\x2c\0\x01\x65\x05\0\0\x12\0\0\0\x03\x2c\0\x01\
\x75\x05\0\0\x12\0\0\0\x04\x2c\0\x01\x82\x05\0\0\x12\0\0\0\x05\x2c\0\x01\x96\
\x05\0\0\x12\0\0\0\x06\x2c\0\x01\x9d\x05\0\0\x12\0\0\0\x07\x2c\0\x01\xaa\x05\0\
\0\x12\0\0\0\x08\x2c\0\x01\xb6\x05\0\0\x12\0\0\0\x09\x2c\0\x01\xc1\x05\0\0\x0f\
\0\0\0\x40\x2c\0\0\xce\x05\0\0\x72\0\0\0\x80\x2c\0\0\xdc\x05\0\0\x82\0\0\0\x40\
\x2e\0\0\xe0\x05\0\0\x82\0\0\0\x60\x2e\0\0\xe5\x05\0\0\x0f\0\0\0\x80\x2e\0\0\
\xf2\x05\0\0\x28\0\0\0\xc0\x2e\0\0\xfe\x05\0\0\x28\0\0\0\0\x2f\0\0\x05\x06\0\0\
\x2f\0\0\0\x40\x2f\0\0\x0e\x06\0\0\x2f\0\0\0\xc0\x2f\0\0\x16\x06\0\0\x28\0\0\0\
\x40\x30\0\0\x23\x06\0\0\x2f\0\0\0\x80\x30\0\0\x2b\x06\0\0\x2f\0\0\0\0\x31\0\0\
\x38\x06\0\0\x84\0\0\0\x80\x31\0\0\x43\x06\0\0\x87\0\0\0\xc0\x31\0\0\x4d\x06\0\
\0\x2f\0\0\0\xc0\x33\0\0\x5a\x06\0\0\x2f\0\0\0\x40\x34\0\0\x66\x06\0\0\x88\0\0\
\0\xc0\x34\0\0\x71\x06\0\0\x89\0\0\0\0\x35\0\0\x7f\x06\0\0\x89\0\0\0\x40\x35\0\
\0\x8f\x06\0\0\x1c\0\0\0\x80\x35\0\0\x9c\x06\0\0\x31\0\0\0\xc0\x35\0\0\xa2\x06\
\0\0\x31\0\0\0\0\x36\0\0\xa8\x06\0\0\x31\0\0\0\x40\x36\0\0\xae\x06\0\0\x8a\0\0\
\0\x80\x36\0\0\xbb\x06\0\0\x0f\0\0\0\x40\x37\0\0\xc1\x06\0\0\x0f\0\0\0\x80\x37\
\0\0\xc8\x06\0\0\x31\0\0\0\xc0\x37\0\0\xd3\x06\0\0\x31\0\0\0\0\x38\0\0\xe2\x06\
\0\0\x0f\0\0\0\x40\x38\0\0\xea\x06\0\0\x0f\0\0\0\x80\x38\0\0\xf2\x06\0\0\x92\0\
\0\0\xc0\x38\0\0\x02\x07\0\0\x98\0\0\0\x40\x3b\0\0\x17\x07\0\0\x9d\0\0\0\0\x3c\
\0\0\x24\x07\0\0\x9d\0\0\0\x40\x3c\0\0\x2e\x07\0\0\x9d\0\0\0\x80\x3c\0\0\x33\
\x07\0\0\xab\0\0\0\xc0\x3c\0\0\x48\x07\0\0\xb1\0\0\0\0\x3d\0\0\x4d\x07\0\0\xb2\
\0\0\0\x80\x3d\0\0\x57\x07\0\0\xb3\0\0\0\xc0\x3d\0\0\x5f\x07\0\0\xb5\0\0\0\0\
\x3e\0\0\x67\x07\0\0\x0f\0\0\0\x80\x3e\0\0\x79\x07\0\0\x0f\0\0\0\xc0\x3e\0\0\
\x8a\x07\0\0\xb6\0\0\0\0\x3f\0\0\x8d\x07\0\0\xb7\0\0\0\x40\x3f\0\0\x93\x07\0\0\
\xb8\0\0\0\x80\x3f\0\0\x9b\x07\0\0\xb9\0\0\0\xc0\x3f\0\0\xa2\x07\0\0\xba\0\0\0\
\0\x40\0\0\xaa\x07\0\0\xbb\0\0\0\x40\x40\0\0\xb2\x07\0\0\xbb\0\0\0\x80\x40\0\0\
\xbf\x07\0\0\xbb\0\0\0\xc0\x40\0\0\xcd\x07\0\0\xbd\0\0\0\0\x41\0\0\xd5\x07\0\0\
\x0f\0\0\0\xc0\x41\0\0\xdf\x07\0\0\xbe\0\0\0\0\x42\0\0\xeb\x07\0\0\x12\0\0\0\
\x40\x42\0\0\xf8\x07\0\0\x9a\0\0\0\x80\x42\0\0\x03\x08\0\0\xc1\0\0\0\xc0\x42\0\
\0\x11\x08\0\0\xa0\0\0\0\0\x43\0\0\x1a\x08\0\0\x12\0\0\0\x20\x43\0\0\x24\x08\0\
\0\xc2\0\0\0\x40\x43\0\0\x2c\x08\0\0\xc4\0\0\0\xc0\x43\0\0\x3d\x08\0\0\x31\0\0\
\0\xc0\x44\0\0\x4c\x08\0\0\x31\0\0\0\0\x45\0\0\x59\x08\0\0\xc6\0\0\0\x40\x45\0\
\0\x64\x08\0\0\x8b\0\0\0\x60\x45\0\0\x6c\x08\0\0\xc9\0\0\0\x80\x45\0\0\x73\x08\
\0\0\x95\0\0\0\xc0\x45\0\0\x7e\x08\0\0\x28\0\0\0\x40\x46\0\0\x8a\x08\0\0\xcb\0\
\0\0\x80\x46\0\0\x98\x08\0\0\x1c\0\0\0\xc0\x46\0\0\xa5\x08\0\0\xcc\0\0\0\0\x47\
\0\0\xae\x08\0\0\xcd\0\0\0\x40\x47\0\0\xb3\x08\0\0\xce\0\0\0\x80\x47\0\0\xc1\
\x08\0\0\xcf\0\0\0\xc0\x47\0\0\xd2\x08\0\0\xd0\0\0\0\0\x48\0\0\xdd\x08\0\0\xd1\
\0\0\0\x40\x48\0\0\xed\x08\0\0\x0f\0\0\0\x80\x48\0\0\xfc\x08\0\0\xd2\0\0\0\xc0\
\x48\0\0\x09\x09\0\0\xd4\0\0\0\0\x49\0\0\x0e\x09\0\0\x12\0\0\0\0\x4b\0\0\x18\
\x09\0\0\x31\0\0\0\x40\x4b\0\0\x26\x09\0\0\x31\0\0\0\x80\x4b\0\0\x33\x09\0\0\
\x31\0\0\0\xc0\x4b\0\0\x40\x09\0\0\xd5\0\0\0\0\x4c\0\0\x4d\x09\0\0\xd7\0\0\0\
\x40\x4c\0\0\x5e\x09\0\0\x02\0\0\0\x60\x4c\0\0\x76\x09\0\0\x02\0\0\0\x80\x4c\0\
\0\x8f\x09\0\0\xdb\0\0\0\xc0\x4c\0\0\x97\x09\0\0\x2f\0\0\0\0\x4d\0\0\x9f\x09\0\
\0\xdc\0\0\0\x80\x4d\0\0\xab\x09\0\0\xdd\0\0\0\xc0\x4d\0\0\xbe\x09\0\0\x2f\0\0\
\0\0\x4e\0\0\xcc\x09\0\0\xde\0\0\0\x80\x4e\0\0\xdb\x09\0\0\xdf\0\0\0\xc0\x4e\0\
\0\xec\x09\0\0\x12\0\0\0\xc0\x4f\0\0\xf8\x09\0\0\xe7\0\0\0\0\x50\0\0\x08\x0a\0\
\0\xdf\0\0\0\x80\x50\0\0\x19\x0a\0\0\x2f\0\0\0\x80\x51\0\0\x29\x0a\0\0\xe8\0\0\
\0\0\x52\0\0\x2e\x0a\0\0\x10\0\0\0\x40\x52\0\0\x37\x0a\0\0\x0f\0\0\0\x80\x52\0\
\0\x47\x0a\0\0\xe9\0\0\0\xc0\x52\0\0\0\0\0\0\xeb\0\0\0\x40\x53\0\0\x4f\x0a\0\0\
\xec\0\0\0\xc0\x53\0\0\x5b\x0a\0\0\xed\0\0\0\0\x54\0\0\x65\x0a\0\0\x02\0\0\0\
\x80\x54\0\0\x70\x0a\0\0\x02\0\0\0\xa0\x54\0\0\x81\x0a\0\0\x0f\0\0\0\xc0\x54\0\
\0\x93\x0a\0\0\x31\0\0\0\0\x55\0\0\xa2\x0a\0\0\x31\0\0\0\x40\x55\0\0\xb9\x0a\0\
\0\x02\0\0\0\x80\x55\0\0\xc8\x0a\0\0\x02\0\0\0\xa0\x55\0\0\xd7\x0a\0\0\xef\0\0\
\0\xc0\x55\0\0\xe1\x0a\0\0\x0a\0\0\0\0\x56\0\0\xf2\x0a\0\0\x1f\0\0\0\x40\x56\0\
\0\0\x0b\0\0\x1f\0\0\0\x60\x56\0\0\x14\x0b\0\0\x0f\0\0\0\x80\x56\0\0\x1a\x0b\0\
\0\x0f\0\0\0\xc0\x56\0\0\x2a\x0b\0\0\xf0\0\0\0\0\x57\0\0\x39\x0b\0\0\xf1\0\0\0\
\x40\x57\0\0\x3f\x0b\0\0\xf2\0\0\0\x80\x57\0\0\x49\x0b\0\0\x02\0\0\0\x80\x57\0\
\0\x5c\x0b\0\0\x28\0\0\0\xc0\x57\0\0\x6c\x0b\0\0\xf3\0\0\0\0\x58\0\0\x7d\x0b\0\
\0\xf7\0\0\0\x40\x59\0\0\x8b\x0b\0\0\x1d\0\0\0\x80\x59\0\0\x9a\x0b\0\0\x1c\0\0\
\0\xc0\x59\0\0\xa3\x0b\0\0\xf8\0\0\0\0\x5a\0\0\xaf\x0b\0\0\xf9\0\0\0\x40\x5a\0\
\0\xb7\x0b\0\0\x1c\0\0\0\x80\x5a\0\0\xc1\x0b\0\0\x32\0\0\0\xc0\x5a\0\0\xcc\x0b\
\0\0\x31\0\0\0\0\x5b\0\0\xd5\x0b\0\0\x32\0\0\0\x40\x5b\0\x01\xde\x0b\0\0\x32\0\
\0\0\x41\x5b\0\x01\xed\x0b\0\0\x32\0\0\0\x42\x5b\0\x3e\xfc\x0b\0\0\x99\0\0\0\
\x80\x5b\0\0\x08\x0c\0\0\x02\0\0\0\0\x5c\0\0\x12\x0c\0\0\xfa\0\0\0\x40\x5c\0\0\
\x26\x0c\0\0\x99\0\0\0\x80\x5c\0\0\x35\x0c\0\0\xfb\0\0\0\0\x5e\0\0\xc9\x01\0\0\
\x07\0\0\x04\x30\0\0\0\xe9\x01\0\0\x0f\0\0\0\0\0\0\0\x3c\x0c\0\0\x0f\0\0\0\x40\
\0\0\0\x49\x0c\0\0\x10\0\0\0\x80\0\0\0\x50\x0c\0\0\x12\0\0\0\xa0\0\0\0\x5c\x0c\
\0\0\x13\0\0\0\xc0\0\0\0\x6b\x0c\0\0\x12\0\0\0\0\x01\0\0\x7c\x0c\0\0\x13\0\0\0\
\x40\x01\0\0\x90\x0c\0\0\0\0\0\x01\x08\0\0\0\x40\0\0\0\x9e\x0c\0\0\0\0\0\x08\
\x11\0\0\0\xa2\x0c\0\0\0\0\0\x08\x12\0\0\0\xa8\x0c\0\0\0\0\0\x01\x04\0\0\0\x20\
\0\0\0\0\0\0\0\0\0\0\x02\x14\0\0\0\0\0\0\0\0\0\0\x0a\x15\0\0\0\xb5\x0c\0\0\0\0\
\0\x08\x16\0\0\0\0\0\0\0\0\0\0\x02\x17\0\0\0\0\0\0\0\x01\0\0\x0d\x18\0\0\0\0\0\
\0\0\x19\0\0\0\xc7\x0c\0\0\0\0\0\x01\x08\0\0\0\x40\0\0\x01\0\0\0\0\0\0\0\x02\
\x1a\0\0\0\0\0\0\0\0\0\0\x0a\x1b\0\0\0\xcc\x0c\0\0\x15\0\0\x04\xa8\0\0\0\xd4\
\x0c\0\0\x0f\0\0\0\0\0\0\0\xd8\x0c\0\0\x0f\0\0\0\x40\0\0\0\xdc\x0c\0\0\x0f\0\0\
\0\x80\0\0\0\xe0\x0c\0\0\x0f\0\0\0\xc0\0\0\0\xe4\x0c\0\0\x0f\0\0\0\0\x01\0\0\
\xe7\x0c\0\0\x0f\0\0\0\x40\x01\0\0\xea\x0c\0\0\x0f\0\0\0\x80\x01\0\0\xee\x0c\0\
\0\x0f\0\0\0\xc0\x01\0\0\xf2\x0c\0\0\x0f\0\0\0\0\x02\0\0\xf5\x0c\0\0\x0f\0\0\0\
\x40\x02\0\0\xf8\x0c\0\0\x0f\0\0\0\x80\x02\0\0\xfb\x0c\0\0\x0f\0\0\0\xc0\x02\0\
\0\xfe\x0c\0\0\x0f\0\0\0\0\x03\0\0\x01\x0d\0\0\x0f\0\0\0\x40\x03\0\0\x04\x0d\0\
\0\x0f\0\0\0\x80\x03\0\0\x07\x0d\0\0\x0f\0\0\0\xc0\x03\0\0\x0f\x0d\0\0\x0f\0\0\
\0\0\x04\0\0\x12\x0d\0\0\x0f\0\0\0\x40\x04\0\0\xe9\x01\0\0\x0f\0\0\0\x80\x04\0\
\0\x15\x0d\0\0\x0f\0\0\0\xc0\x04\0\0\x18\x0d\0\0\x0f\0\0\0\0\x05\0\0\0\0\0\0\0\
\0\0\x02\0\0\0\0\x1b\x0d\0\0\0\0\0\x08\x1e\0\0\0\x26\x0d\0\0\x01\0\0\x04\x04\0\
\0\0\x36\x0d\0\0\x1f\0\0\0\0\0\0\0\x3b\x0d\0\0\0\0\0\x08\x20\0\0\0\0\0\0\0\x01\
\0\0\x04\x04\0\0\0\x44\x0d\0\0\x02\0\0\0\0\0\0\0\x4c\x0d\0\0\x04\0\0\x04\x10\0\
\0\0\x5f\x0d\0\0\x22\0\0\0\0\0\0\0\0\0\0\0\x24\0\0\0\x40\0\0\0\x65\x0d\0\0\x25\
\0\0\0\x60\0\0\0\x69\x0d\0\0\x25\0\0\0\x70\0\0\0\x6d\x0d\0\0\x01\0\0\x04\x08\0\
\0\0\x78\x0d\0\0\x23\0\0\0\0\0\0\0\0\0\0\0\0\0\0\x02\x22\0\0\0\0\0\0\0\x02\0\0\
\x05\x04\0\0\0\x7d\x0d\0\0\x12\0\0\0\0\0\0\0\x85\x0d\0\0\x1f\0\0\0\0\0\0\0\x8d\
\x0d\0\0\0\0\0\x08\x26\0\0\0\x91\x0d\0\0\0\0\0\x08\x27\0\0\0\x97\x0d\0\0\0\0\0\
\x01\x02\0\0\0\x10\0\0\0\0\0\0\0\0\0\0\x02\x0d\0\0\0\0\0\0\0\0\0\0\x02\x2a\0\0\
\0\0\0\0\0\0\0\0\x0a\xfe\x01\0\0\xa6\x0d\0\0\x10\0\0\x04\0\x02\0\0\xb3\x0d\0\0\
\x2c\0\0\0\0\0\0\0\xb8\x0d\0\0\x2d\0\0\0\x80\0\0\0\xc1\x0d\0\0\x2f\0\0\0\x40\
\x01\0\0\x50\x02\0\0\x12\0\0\0\xc0\x01\0\0\xcc\x0d\0\0\x31\0\0\0\0\x02\0\0\xd7\
\x0d\0\0\x31\0\0\0\x40\x02\0\0\xe8\x0d\0\0\x31\0\0\0\x80\x02\0\0\xf1\x0d\0\0\
\x31\0\0\0\xc0\x02\0\0\x07\x0e\0\0\x31\0\0\0\0\x03\0\0\x15\x0e\0\0\x33\0\0\0\
\x40\x03\0\0\x20\x0e\0\0\x02\0\0\0\0\x0a\0\0\xfe\x05\0\0\x37\0\0\0\x40\x0a\0\0\
\x26\x0e\0\0\x38\0\0\0\x80\x0a\0\0\x2d\x0e\0\0\x38\0\0\0\xc0\x0a\0\0\x32\x0e\0\
\0\x0f\0\0\0\0\x0b\0\0\x42\x0e\0\0\x39\0\0\0\0\x0c\0\0\x46\x0e\0\0\x02\0\0\x04\
\x10\0\0\0\x52\x0e\0\0\x0f\0\0\0\0\0\0\0\x59\x0e\0\0\x10\0\0\0\x40\0\0\0\x64\
\x0e\0\0\x03\0\0\x04\x18\0\0\0\x6c\x0e\0\0\x0f\0\0\0\0\0\0\0\x7e\x0e\0\0\x2e\0\
\0\0\x40\0\0\0\x87\x0e\0\0\x2e\0\0\0\x80\0\0\0\0\0\0\0\0\0\0\x02\x2d\0\0\0\x8f\
\x0e\0\0\x02\0\0\x04\x10\0\0\0\x78\x0d\0\0\x30\0\0\0\0\0\0\0\x99\x0e\0\0\x30\0\
\0\0\x40\0\0\0\0\0\0\0\0\0\0\x02\x2f\0\0\0\x9e\x0e\0\0\0\0\0\x08\x32\0\0\0\xa2\
\x0e\0\0\0\0\0\x08\x0a\0\0\0\xa8\x0e\0\0\x1b\0\0\x04\xd8\0\0\0\xb9\x0e\0\0\x31\
\0\0\0\0\0\0\0\xc4\x0e\0\0\x31\0\0\0\x40\0\0\0\xcd\x0e\0\0\x31\0\0\0\x80\0\0\0\
\xd8\x0e\0\0\x31\0\0\0\xc0\0\0\0\xe1\x0e\0\0\x31\0\0\0\0\x01\0\0\xee\x0e\0\0\
\x31\0\0\0\x40\x01\0\0\xf9\x0e\0\0\x31\0\0\0\x80\x01\0\0\x05\x0f\0\0\x31\0\0\0\
\xc0\x01\0\0\x0f\x0f\0\0\x34\0\0\0\0\x02\0\0\x21\x0f\0\0\x31\0\0\0\x40\x02\0\0\
\x2d\x0f\0\0\x31\0\0\0\x80\x02\0\0\x37\x0f\0\0\x31\0\0\0\xc0\x02\0\0\x40\x0f\0\
\0\x31\0\0\0\0\x03\0\0\x4a\x0f\0\0\x31\0\0\0\x40\x03\0\0\x5d\x0f\0\0\x31\0\0\0\
\x80\x03\0\0\x79\x0f\0\0\x31\0\0\0\xc0\x03\0\0\x96\x0f\0\0\x31\0\0\0\0\x04\0\0\
\xaf\x0f\0\0\x31\0\0\0\x40\x04\0\0\xc4\x0f\0\0\x31\0\0\0\x80\x04\0\0\xcf\x0f\0\
\0\x31\0\0\0\xc0\x04\0\0\xdf\x0f\0\0\x31\0\0\0\0\x05\0\0\xf2\x0f\0\0\x31\0\0\0\
\x40\x05\0\0\x03\x10\0\0\x31\0\0\0\x80\x05\0\0\x15\x10\0\0\x31\0\0\0\xc0\x05\0\
\0\x27\x10\0\0\x31\0\0\0\0\x06\0\0\x42\x10\0\0\x31\0\0\0\x40\x06\0\0\x55\x10\0\
\0\x31\0\0\0\x80\x06\0\0\x65\x10\0\0\0\0\0\x08\x35\0\0\0\x69\x10\0\0\0\0\0\x08\
\x36\0\0\0\x6f\x10\0\0\0\0\0\x01\x08\0\0\0\x40\0\0\x01\0\0\0\0\0\0\0\x02\x2b\0\
\0\0\0\0\0\0\0\0\0\x02\xfc\x01\0\0\x79\x10\0\0\x0a\0\0\x04\x80\0\0\0\x83\x10\0\
\0\x31\0\0\0\0\0\0\0\x94\x10\0\0\x31\0\0\0\x40\0\0\0\x9d\x10\0\0\x31\0\0\0\x80\
\0\0\0\xaa\x10\0\0\x10\0\0\0\xc0\0\0\0\xb3\x10\0\0\x10\0\0\0\xe0\0\0\0\xc2\x10\
\0\0\x0f\0\0\0\0\x01\0\0\xcb\x10\0\0\x0f\0\0\0\x40\x01\0\0\xd8\x10\0\0\x0f\0\0\
\0\x80\x01\0\0\xe1\x10\0\0\x0f\0\0\0\xc0\x01\0\0\xec\x10\0\0\x3a\0\0\0\0\x02\0\
\0\xec\x10\0\0\x02\0\0\x04\x08\0\0\0\xf5\x10\0\0\x12\0\0\0\0\0\0\0\xfe\x10\0\0\
\x12\0\0\0\x20\0\0\0\x03\x11\0\0\x07\0\0\x04\x30\0\0\0\x13\x11\0\0\x2f\0\0\0\0\
\0\0\0\x1c\x11\0\0\x0f\0\0\0\x80\0\0\0\x24\x11\0\0\x0f\0\0\0\xc0\0\0\0\x33\x11\
\0\0\x12\0\0\0\0\x01\0\0\x50\x02\0\0\x27\0\0\0\x20\x01\0\0\x3e\x11\0\0\x27\0\0\
\0\x30\x01\0\0\x46\x11\0\0\x3c\0\0\0\x40\x01\0\0\0\0\0\0\0\0\0\x02\x3b\0\0\0\
\x4b\x11\0\0\x10\0\0\x84\xe0\0\0\0\x64\x0e\0\0\x2d\0\0\0\0\0\0\0\x5b\x11\0\0\
\x31\0\0\0\xc0\0\0\0\x66\x11\0\0\x31\0\0\0\0\x01\0\0\x72\x11\0\0\x31\0\0\0\x40\
\x01\0\0\x7c\x11\0\0\x31\0\0\0\x80\x01\0\0\x82\x11\0\0\x31\0\0\0\xc0\x01\0\0\
\x8d\x11\0\0\x34\0\0\0\0\x02\0\0\x95\x11\0\0\x31\0\0\0\x40\x02\0\0\xe9\x01\0\0\
\x12\0\0\0\x80\x02\0\0\x9e\x11\0\0\x12\0\0\0\xa0\x02\0\x01\xab\x11\0\0\x12\0\0\
\0\xa1\x02\0\x01\xb6\x11\0\0\x12\0\0\0\xa2\x02\0\x01\xc8\x11\0\0\x12\0\0\0\xa3\
\x02\0\x01\xd3\x11\0\0\x3e\0\0\0\xc0\x02\0\0\xdc\x11\0\0\x3e\0\0\0\xc0\x04\0\0\
\xeb\x11\0\0\x49\0\0\0\xc0\x06\0\0\xf1\x11\0\0\x08\0\0\x04\x40\0\0\0\xf9\x11\0\
\0\x3f\0\0\0\0\0\0\0\xfe\x11\0\0\x40\0\0\0\0\x01\0\0\x0b\x12\0\0\x41\0\0\0\x40\
\x01\0\0\x14\x12\0\0\x45\0\0\0\x80\x01\0\0\x19\x12\0\0\x46\0\0\0\xc0\x01\0\0\
\x1f\x12\0\0\x46\0\0\0\xc8\x01\0\0\x26\x12\0\0\x46\0\0\0\xd0\x01\0\0\x2e\x12\0\
\0\x46\0\0\0\xd8\x01\0\0\x36\x12\0\0\x02\0\0\x04\x20\0\0\0\xf9\x11\0\0\x2d\0\0\
\0\0\0\0\0\x46\x12\0\0\x40\0\0\0\xc0\0\0\0\x4e\x12\0\0\0\0\0\x08\x34\0\0\0\0\0\
\0\0\0\0\0\x02\x42\0\0\0\0\0\0\0\x01\0\0\x0d\x43\0\0\0\0\0\0\0\x44\0\0\0\x56\
\x12\0\0\x02\0\0\x06\x04\0\0\0\x66\x12\0\0\0\0\0\0\x78\x12\0\0\x01\0\0\0\0\0\0\
\0\0\0\0\x02\x3e\0\0\0\0\0\0\0\0\0\0\x02\x10\x02\0\0\x88\x12\0\0\0\0\0\x08\x47\
\0\0\0\x8b\x12\0\0\0\0\0\x08\x48\0\0\0\x90\x12\0\0\0\0\0\x01\x01\0\0\0\x08\0\0\
\0\0\0\0\0\0\0\0\x02\x3d\0\0\0\0\0\0\0\0\0\0\x02\xff\x01\0\0\x9e\x12\0\0\x01\0\
\0\x04\x08\0\0\0\xa9\x12\0\0\x4c\0\0\0\0\0\0\0\0\0\0\0\0\0\0\x02\x85\0\0\0\0\0\
\0\0\0\0\0\x02\x4e\0\0\0\0\0\0\0\0\0\0\x0a\x4f\0\0\0\xaf\x12\0\0\0\0\0\x08\x51\
\0\0\0\0\0\0\0\0\0\0\x02\x4f\0\0\0\xb9\x12\0\0\x01\0\0\x04\x08\0\0\0\xc1\x12\0\
\0\x52\0\0\0\0\0\0\0\0\0\0\0\0\0\0\x03\0\0\0\0\x0f\0\0\0\x04\0\0\0\x01\0\0\0\
\xc6\x12\0\0\x02\0\0\x05\x04\0\0\0\xd2\x12\0\0\x54\0\0\0\0\0\0\0\xd4\x12\0\0\
\x10\0\0\0\0\0\0\0\0\0\0\0\x04\0\0\x04\x04\0\0\0\xaa\x07\0\0\x46\0\0\0\0\0\0\0\
\xd6\x12\0\0\x46\0\0\0\x08\0\0\0\xde\x12\0\0\x46\0\0\0\x10\0\0\0\xe7\x12\0\0\
\x46\0\0\0\x18\0\0\0\0\0\0\0\0\0\0\x02\x1b\x02\0\0\xef\x12\0\0\0\0\0\x08\x57\0\
\0\0\xf4\x12\0\0\0\0\0\x01\x01\0\0\0\x08\0\0\x04\x56\x04\0\0\x04\0\0\x04\x20\0\
\0\0\xfa\x12\0\0\x0f\0\0\0\0\0\0\0\x01\x13\0\0\x0a\0\0\0\x40\0\0\0\x0b\x13\0\0\
\x0a\0\0\0\x80\0\0\0\x18\x13\0\0\x0a\0\0\0\xc0\0\0\0\x24\x13\0\0\x03\0\0\x04\
\x28\0\0\0\x56\x02\0\0\x02\0\0\0\0\0\0\0\x2f\x13\0\0\x2f\0\0\0\x40\0\0\0\x39\
\x13\0\0\x2f\0\0\0\xc0\0\0\0\0\0\0\0\0\0\0\x02\xc2\x01\0\0\x95\x04\0\0\x02\0\0\
\x04\x28\0\0\0\x43\x13\0\0\x31\0\0\0\0\0\0\0\x4a\x13\0\0\x6f\0\0\0\x40\0\0\0\0\
\0\0\0\0\0\0\x02\x5d\0\0\0\x4f\x13\0\0\x12\0\0\x04\xc0\0\0\0\x5e\x13\0\0\x0f\0\
\0\0\0\0\0\0\x67\x13\0\0\x0f\0\0\0\x40\0\0\0\x6e\x13\0\0\x5c\0\0\0\x80\0\0\0\
\x76\x13\0\0\x5c\0\0\0\xc0\0\0\0\x7e\x13\0\0\x2d\0\0\0\0\x01\0\0\x84\x13\0\0\
\x0f\0\0\0\xc0\x01\0\0\x93\x13\0\0\x5a\0\0\0\0\x02\0\0\x99\x13\0\0\x5e\0\0\0\
\x40\x02\0\0\xa6\x13\0\0\x0f\0\0\0\x80\x02\0\0\0\0\0\0\x61\0\0\0\xc0\x02\0\0\
\xaf\x13\0\0\x2f\0\0\0\xc0\x03\0\0\xbe\x13\0\0\x66\0\0\0\x40\x04\0\0\xc7\x13\0\
\0\x67\0\0\0\x80\x04\0\0\xce\x13\0\0\x0f\0\0\0\xc0\x04\0\0\xd7\x13\0\0\x69\0\0\
\0\0\x05\0\0\xdf\x13\0\0\x1c\0\0\0\x40\x05\0\0\xef\x13\0\0\x6a\0\0\0\x80\x05\0\
\0\x03\x14\0\0\x6d\0\0\0\xc0\x05\0\0\x16\x14\0\0\0\0\0\x08\x5f\0\0\0\x1f\x14\0\
\0\x01\0\0\x04\x08\0\0\0\x1f\x14\0\0\x60\0\0\0\0\0\0\0\x26\x14\0\0\0\0\0\x08\
\x0f\0\0\0\0\0\0\0\x02\0\0\x05\x20\0\0\0\x32\x14\0\0\x62\0\0\0\0\0\0\0\x39\x14\
\0\0\x63\0\0\0\0\0\0\0\0\0\0\0\x02\0\0\x04\x20\0\0\0\x2a\0\0\0\x2d\0\0\0\0\0\0\
\0\x43\x14\0\0\x0f\0\0\0\xc0\0\0\0\0\0\0\0\0\0\0\x02\x64\0\0\0\0\0\0\0\0\0\0\
\x0a\x65\0\0\0\x53\x14\0\0\0\0\0\x01\x01\0\0\0\x08\0\0\x01\0\0\0\0\0\0\0\x02\
\x3c\x02\0\0\0\0\0\0\0\0\0\x02\x68\0\0\0\0\0\0\0\0\0\0\x0a\xfd\x01\0\0\0\0\0\0\
\0\0\0\x02\xc6\x01\0\0\x58\x14\0\0\0\0\0\x08\x6b\0\0\0\x66\x14\0\0\0\0\0\x08\
\x6c\0\0\0\0\0\0\0\x01\0\0\x04\x08\0\0\0\x44\x0d\0\0\x34\0\0\0\0\0\0\0\x03\x14\
\0\0\x01\0\0\x04\x08\0\0\0\x40\0\0\0\x6e\0\0\0\0\0\0\0\0\0\0\0\0\0\0\x02\x3d\
\x02\0\0\0\0\0\0\0\0\0\x03\0\0\0\0\x5c\0\0\0\x04\0\0\0\x04\0\0\0\x71\x14\0\0\
\x02\0\0\x04\x14\0\0\0\x7f\x14\0\0\x02\0\0\0\0\0\0\0\x86\x14\0\0\x71\0\0\0\x20\
\0\0\0\0\0\0\0\0\0\0\x03\0\0\0\0\x02\0\0\0\x04\0\0\0\x04\0\0\0\xce\x05\0\0\x03\
\0\0\x04\x38\0\0\0\x8c\x14\0\0\x0f\0\0\0\0\0\0\0\x96\x14\0\0\x73\0\0\0\x40\0\0\
\0\0\0\0\0\x76\0\0\0\x80\0\0\0\0\0\0\0\0\0\0\x02\x74\0\0\0\0\0\0\0\x01\0\0\x0d\
\x18\0\0\0\0\0\0\0\x75\0\0\0\0\0\0\0\0\0\0\x02\x72\0\0\0\0\0\0\0\x03\0\0\x05\
\x28\0\0\0\x99\x14\0\0\x77\0\0\0\0\0\0\0\x9f\x14\0\0\x79\0\0\0\0\0\0\0\xa9\x14\
\0\0\x80\0\0\0\0\0\0\0\0\0\0\0\x06\0\0\x04\x28\0\0\0\xae\x14\0\0\x78\0\0\0\0\0\
\0\0\xb4\x14\0\0\x10\0\0\0\x40\0\0\0\xe9\x01\0\0\x10\0\0\0\x60\0\0\0\xb8\x14\0\
\0\x10\0\0\0\x80\0\0\0\xbf\x14\0\0\x31\0\0\0\xc0\0\0\0\xc4\x14\0\0\x78\0\0\0\0\
\x01\0\0\0\0\0\0\0\0\0\x02\x10\0\0\0\0\0\0\0\x04\0\0\x04\x18\0\0\0\xcb\x14\0\0\
\x7a\0\0\0\0\0\0\0\x19\0\0\0\x7c\0\0\0\x20\0\0\0\0\0\0\0\x7d\0\0\0\x40\0\0\0\
\x46\x12\0\0\x31\0\0\0\x80\0\0\0\xd3\x14\0\0\0\0\0\x08\x7b\0\0\0\xdd\x14\0\0\0\
\0\0\x08\x02\0\0\0\xf0\x14\0\0\x03\0\0\x06\x04\0\0\0\xfe\x14\0\0\0\0\0\0\x06\
\x15\0\0\x01\0\0\0\x10\x15\0\0\x02\0\0\0\0\0\0\0\x02\0\0\x05\x08\0\0\0\x1a\x15\
\0\0\x7e\0\0\0\0\0\0\0\x1f\x15\0\0\x7f\0\0\0\0\0\0\0\0\0\0\0\0\0\0\x02\x1d\x02\
\0\0\0\0\0\0\0\0\0\x02\x1e\x02\0\0\0\0\0\0\x05\0\0\x04\x20\0\0\0\x2b\x15\0\0\
\x81\0\0\0\0\0\0\0\x30\x15\0\0\x02\0\0\0\x40\0\0\0\x35\x15\0\0\x02\0\0\0\x60\0\
\0\0\x41\x15\0\0\x0f\0\0\0\x80\0\0\0\x48\x15\0\0\x0f\0\0\0\xc0\0\0\0\0\0\0\0\0\
\0\0\x02\x1f\x02\0\0\x50\x15\0\0\0\0\0\x08\x83\0\0\0\x56\x15\0\0\0\0\0\x08\x02\
\0\0\0\0\0\0\0\0\0\0\x02\x13\x02\0\0\x65\x15\0\0\x02\0\0\x04\x10\0\0\0\x78\x0d\
\0\0\x4c\0\0\0\0\0\0\0\x70\x15\0\0\x86\0\0\0\x40\0\0\0\0\0\0\0\0\0\0\x02\x4c\0\
\0\0\0\0\0\0\0\0\0\x03\0\0\0\0\x85\0\0\0\x04\0\0\0\x04\0\0\0\0\0\0\0\0\0\0\x02\
\x0b\x02\0\0\0\0\0\0\0\0\0\x02\x02\0\0\0\xae\x06\0\0\x03\0\0\x04\x18\0\0\0\x9c\
\x06\0\0\x31\0\0\0\0\0\0\0\xa2\x06\0\0\x31\0\0\0\x40\0\0\0\x76\x15\0\0\x8b\0\0\
\0\x80\0\0\0\x7b\x15\0\0\0\0\0\x08\x8c\0\0\0\x8a\x15\0\0\x01\0\0\x04\x04\0\0\0\
\x97\x15\0\0\x8d\0\0\0\0\0\0\0\xa0\x15\0\0\0\0\0\x08\x8e\0\0\0\xb0\x15\0\0\x01\
\0\0\x04\x04\0\0\0\0\0\0\0\x8f\0\0\0\0\0\0\0\0\0\0\0\x03\0\0\x05\x04\0\0\0\xb4\
\x14\0\0\x1f\0\0\0\0\0\0\0\0\0\0\0\x90\0\0\0\0\0\0\0\0\0\0\0\x91\0\0\0\0\0\0\0\
\0\0\0\0\x02\0\0\x04\x02\0\0\0\xba\x15\0\0\x46\0\0\0\0\0\0\0\xcd\x07\0\0\x46\0\
\0\0\x08\0\0\0\0\0\0\0\x02\0\0\x04\x04\0\0\0\xc1\x15\0\0\x25\0\0\0\0\0\0\0\xd0\
\x15\0\0\x25\0\0\0\x10\0\0\0\xf2\x06\0\0\x03\0\0\x04\x50\0\0\0\xd5\x15\0\0\x97\
\0\0\0\0\0\0\0\xdb\x15\0\0\x12\0\0\0\x40\x02\0\0\xe9\x15\0\0\x12\0\0\0\x60\x02\
\0\0\xf7\x15\0\0\x02\0\0\x04\x18\0\0\0\x0b\x16\0\0\x31\0\0\0\0\0\0\0\x13\x16\0\
\0\x94\0\0\0\x40\0\0\0\x1a\x16\0\0\x01\0\0\x04\x10\0\0\0\x2a\x16\0\0\x95\0\0\0\
\0\0\0\0\x32\x16\0\0\x02\0\0\x04\x10\0\0\0\x2a\x16\0\0\x96\0\0\0\0\0\0\0\x41\
\x16\0\0\x2e\0\0\0\x40\0\0\0\x2a\x16\0\0\x01\0\0\x04\x08\0\0\0\x64\x0e\0\0\x2e\
\0\0\0\0\0\0\0\0\0\0\0\0\0\0\x03\0\0\0\0\x93\0\0\0\x04\0\0\0\x03\0\0\0\x02\x07\
\0\0\x02\0\0\x04\x18\0\0\0\x4d\x16\0\0\x99\0\0\0\0\0\0\0\x52\x16\0\0\x12\0\0\0\
\x80\0\0\0\x5c\x16\0\0\x02\0\0\x04\x10\0\0\0\x78\x0d\0\0\x9a\0\0\0\0\0\0\0\x6a\
\x16\0\0\x9b\0\0\0\x40\0\0\0\0\0\0\0\0\0\0\x02\x99\0\0\0\0\0\0\0\0\0\0\x02\x9c\
\0\0\0\0\0\0\0\x01\0\0\x0d\0\0\0\0\0\0\0\0\x9a\0\0\0\0\0\0\0\0\0\0\x02\x9e\0\0\
\0\0\0\0\0\0\0\0\x0a\x9f\0\0\0\x2e\x07\0\0\x1d\0\0\x04\xc0\0\0\0\xe3\x01\0\0\
\x1f\0\0\0\0\0\0\0\x6f\x16\0\0\x1f\0\0\0\x20\0\0\0\x7b\x16\0\0\x1c\0\0\0\x40\0\
\0\0\x84\x16\0\0\x12\0\0\0\x80\0\0\0\x8a\x16\0\0\xa0\0\0\0\xa0\0\0\0\x8e\x16\0\
\0\xa4\0\0\0\xc0\0\0\0\x92\x16\0\0\xa0\0\0\0\xe0\0\0\0\x97\x16\0\0\xa4\0\0\0\0\
\x01\0\0\x9c\x16\0\0\xa0\0\0\0\x20\x01\0\0\xa1\x16\0\0\xa4\0\0\0\x40\x01\0\0\
\xa6\x16\0\0\xa0\0\0\0\x60\x01\0\0\xac\x16\0\0\xa4\0\0\0\x80\x01\0\0\xb2\x16\0\
\0\x12\0\0\0\xa0\x01\0\0\xbd\x16\0\0\xa8\0\0\0\xc0\x01\0\0\xcd\x16\0\0\xa8\0\0\
\0\0\x02\0\0\xdb\x16\0\0\xa8\0\0\0\x40\x02\0\0\xe9\x16\0\0\xa8\0\0\0\x80\x02\0\
\0\xf2\x16\0\0\xa8\0\0\0\xc0\x02\0\0\xfe\x16\0\0\x48\0\0\0\0\x03\0\0\x0a\x17\0\
\0\xab\0\0\0\x40\x03\0\0\x1a\x17\0\0\xab\0\0\0\x80\x03\0\0\x2a\x17\0\0\xab\0\0\
\0\xc0\x03\0\0\x39\x17\0\0\xab\0\0\0\0\x04\0\0\x9a\x0b\0\0\x1c\0\0\0\x40\x04\0\
\0\x4a\x17\0\0\xac\0\0\0\x80\x04\0\0\x4f\x17\0\0\xad\0\0\0\xc0\x04\0\0\x57\x17\
\0\0\xae\0\0\0\0\x05\0\0\x5f\x17\0\0\xaf\0\0\0\x40\x05\0\0\0\0\0\0\xb0\0\0\0\
\x80\x05\0\0\x6a\x17\0\0\0\0\0\x08\xa1\0\0\0\0\0\0\0\x01\0\0\x04\x04\0\0\0\xb4\
\x14\0\0\xa2\0\0\0\0\0\0\0\x71\x17\0\0\0\0\0\x08\xa3\0\0\0\x77\x17\0\0\0\0\0\
\x08\x12\0\0\0\x88\x17\0\0\0\0\0\x08\xa5\0\0\0\0\0\0\0\x01\0\0\x04\x04\0\0\0\
\xb4\x14\0\0\xa6\0\0\0\0\0\0\0\x8f\x17\0\0\0\0\0\x08\xa7\0\0\0\x95\x17\0\0\0\0\
\0\x08\x12\0\0\0\xa6\x17\0\0\0\0\0\x08\xa9\0\0\0\xb3\x17\0\0\x01\0\0\x04\x08\0\
\0\0\xc5\x17\0\0\xaa\0\0\0\0\0\0\0\0\0\0\0\0\0\0\x03\0\0\0\0\x11\0\0\0\x04\0\0\
\0\x02\0\0\0\0\0\0\0\0\0\0\x02\x15\x02\0\0\0\0\0\0\0\0\0\x02\x07\x02\0\0\0\0\0\
\0\0\0\0\x02\xfb\x01\0\0\0\0\0\0\0\0\0\x02\x0a\x02\0\0\0\0\0\0\0\0\0\x02\x16\
\x02\0\0\0\0\0\0\x02\0\0\x05\x10\0\0\0\xc9\x17\0\0\x02\0\0\0\0\0\0\0\xd1\x17\0\
\0\x99\0\0\0\0\0\0\0\0\0\0\0\0\0\0\x03\0\0\0\0\x65\0\0\0\x04\0\0\0\x10\0\0\0\0\
\0\0\0\0\0\0\x02\x20\x02\0\0\xd5\x17\0\0\x01\0\0\x04\x08\0\0\0\xde\x17\0\0\xb4\
\0\0\0\0\0\0\0\0\0\0\0\0\0\0\x02\x21\x02\0\0\xe8\x17\0\0\x01\0\0\x04\x10\0\0\0\
\xf1\x17\0\0\x2f\0\0\0\0\0\0\0\0\0\0\0\0\0\0\x02\x22\x02\0\0\0\0\0\0\0\0\0\x02\
\x23\x02\0\0\0\0\0\0\0\0\0\x02\x24\x02\0\0\0\0\0\0\0\0\0\x02\x25\x02\0\0\0\0\0\
\0\0\0\0\x02\x3f\x02\0\0\xfb\x17\0\0\0\0\0\x08\xbc\0\0\0\0\0\0\0\x01\0\0\x04\
\x08\0\0\0\x04\x18\0\0\x52\0\0\0\0\0\0\0\x08\x18\0\0\x02\0\0\x04\x18\0\0\0\x13\
\x18\0\0\x2f\0\0\0\0\0\0\0\x9b\x07\0\0\xbb\0\0\0\x80\0\0\0\x18\x18\0\0\0\0\0\
\x08\xbf\0\0\0\x1f\x18\0\0\0\0\0\x08\xc0\0\0\0\x2f\x18\0\0\0\0\0\x08\x0f\0\0\0\
\0\0\0\0\0\0\0\x02\x40\x02\0\0\x24\x08\0\0\x03\0\0\x04\x10\0\0\0\x40\x18\0\0\
\x02\0\0\0\0\0\0\0\x45\x18\0\0\x1f\0\0\0\x20\0\0\0\x52\x18\0\0\xc3\0\0\0\x40\0\
\0\0\0\0\0\0\0\0\0\x02\x1c\x02\0\0\x59\x18\0\0\x04\0\0\x04\x20\0\0\0\x6f\x18\0\
\0\xc5\0\0\0\0\0\0\0\x78\x18\0\0\x0f\0\0\0\x40\0\0\0\x7f\x18\0\0\x0f\0\0\0\x80\
\0\0\0\x83\x18\0\0\x56\0\0\0\xc0\0\0\0\0\0\0\0\0\0\0\x02\x65\0\0\0\x8f\x18\0\0\
\0\0\0\x08\xc7\0\0\0\x9a\x18\0\0\x01\0\0\x04\x04\0\0\0\0\0\0\0\xc8\0\0\0\0\0\0\
\0\0\0\0\0\x01\0\0\x05\x04\0\0\0\xa3\x18\0\0\x8c\0\0\0\0\0\0\0\xa9\x18\0\0\x01\
\0\0\x04\x08\0\0\0\x78\x0d\0\0\xca\0\0\0\0\0\0\0\0\0\0\0\0\0\0\x02\xc9\0\0\0\0\
\0\0\0\0\0\0\x02\x18\x02\0\0\0\0\0\0\0\0\0\x02\x29\x02\0\0\0\0\0\0\0\0\0\x02\
\x19\x02\0\0\0\0\0\0\0\0\0\x02\x1a\x02\0\0\0\0\0\0\0\0\0\x02\x2b\x02\0\0\0\0\0\
\0\0\0\0\x02\x2a\x02\0\0\0\0\0\0\0\0\0\x02\x41\x02\0\0\0\0\0\0\0\0\0\x02\xd3\0\
\0\0\xb5\x18\0\0\0\0\0\x08\x35\x02\0\0\xc6\x18\0\0\x08\0\0\x04\x40\0\0\0\xd9\
\x18\0\0\x31\0\0\0\0\0\0\0\xdf\x18\0\0\x31\0\0\0\x40\0\0\0\xe5\x18\0\0\x31\0\0\
\0\x80\0\0\0\xeb\x18\0\0\x31\0\0\0\xc0\0\0\0\xf1\x18\0\0\x31\0\0\0\0\x01\0\0\
\xf8\x18\0\0\x31\0\0\0\x40\x01\0\0\x03\x19\0\0\x31\0\0\0\x80\x01\0\0\x0f\x19\0\
\0\x31\0\0\0\xc0\x01\0\0\x25\x19\0\0\0\0\0\x08\xd6\0\0\0\0\0\0\0\x01\0\0\x04\
\x08\0\0\0\xc1\x12\0\0\x52\0\0\0\0\0\0\0\x30\x19\0\0\0\0\0\x08\xd8\0\0\0\x44\
\x19\0\0\x01\0\0\x04\x04\0\0\0\x56\x19\0\0\xd9\0\0\0\0\0\0\0\x5f\x19\0\0\0\0\0\
\x08\xda\0\0\0\x56\x19\0\0\x01\0\0\x04\x04\0\0\0\x6a\x19\0\0\x12\0\0\0\0\0\0\0\
\0\0\0\0\0\0\0\x02\x3e\x02\0\0\0\0\0\0\0\0\0\x02\x42\x02\0\0\0\0\0\0\0\0\0\x02\
\x43\x02\0\0\0\0\0\0\0\0\0\x02\x44\x02\0\0\x73\x19\0\0\x04\0\0\x04\x20\0\0\0\
\x79\x19\0\0\x6a\0\0\0\0\0\0\0\x7f\x19\0\0\x8b\0\0\0\x40\0\0\0\x89\x19\0\0\xe0\
\0\0\0\x60\0\0\0\x8d\x19\0\0\x2f\0\0\0\x80\0\0\0\x97\x19\0\0\x01\0\0\x04\x04\0\
\0\0\xd0\x15\0\0\x1f\0\0\0\0\0\0\0\0\0\0\0\0\0\0\x02\xe2\0\0\0\xad\x19\0\0\x1c\
\0\0\x04\x10\x01\0\0\xc0\x19\0\0\xe3\0\0\0\0\0\0\0\x76\x15\0\0\x8b\0\0\0\x40\0\
\0\0\x73\x19\0\0\xdf\0\0\0\x80\0\0\0\xc4\x19\0\0\x2f\0\0\0\x80\x01\0\0\xd4\x19\
\0\0\xe4\0\0\0\0\x02\0\0\xe2\x19\0\0\xe4\0\0\0\x80\x02\0\0\xf2\x19\0\0\x2f\0\0\
\0\0\x03\0\0\xfd\x19\0\0\x2f\0\0\0\x80\x03\0\0\x0b\x1a\0\0\x2f\0\0\0\0\x04\0\0\
\x1b\x1a\0\0\x02\0\0\0\x80\x04\0\0\x25\x1a\0\0\x02\0\0\0\xa0\x04\0\0\x2f\x1a\0\
\0\x02\0\0\0\xc0\x04\0\0\x39\x1a\0\0\x02\0\0\0\xe0\x04\0\0\x41\x1a\0\0\x02\0\0\
\0\0\x05\0\0\x49\x1a\0\0\x02\0\0\0\x20\x05\0\0\x58\x1a\0\0\x02\0\0\0\x40\x05\0\
\0\x69\x1a\0\0\x1d\0\0\0\x60\x05\0\0\x72\x1a\0\0\x28\0\0\0\x80\x05\0\0\xbf\x14\
\0\0\x31\0\0\0\xc0\x05\0\0\x77\x1a\0\0\x31\0\0\0\0\x06\0\0\x81\x1a\0\0\x31\0\0\
\0\x40\x06\0\0\x8c\x1a\0\0\xe1\0\0\0\x80\x06\0\0\x97\x1a\0\0\x31\0\0\0\xc0\x06\
\0\0\xa2\x1a\0\0\x31\0\0\0\0\x07\0\0\xad\x1a\0\0\x02\0\0\0\x40\x07\0\0\xb7\x1a\
\0\0\x1c\0\0\0\x80\x07\0\0\x5c\x16\0\0\x99\0\0\0\xc0\x07\0\0\xc5\x1a\0\0\xe5\0\
\0\0\x40\x08\0\0\0\0\0\0\0\0\0\x02\x2f\x02\0\0\xd0\x1a\0\0\x02\0\0\x04\x10\0\0\
\0\xe2\x1a\0\0\x96\0\0\0\0\0\0\0\xe7\x1a\0\0\x31\0\0\0\x40\0\0\0\xed\x1a\0\0\0\
\0\0\x08\xe6\0\0\0\0\0\0\0\x01\0\0\x04\x08\0\0\0\xf5\x1a\0\0\x6a\0\0\0\0\0\0\0\
\0\0\0\0\0\0\0\x03\0\0\0\0\xe1\0\0\0\x04\0\0\0\x02\0\0\0\0\0\0\0\0\0\0\x02\x45\
\x02\0\0\xf7\x1a\0\0\x03\0\0\x04\x10\0\0\0\x0c\x1b\0\0\xea\0\0\0\0\0\0\0\x11\
\x1b\0\0\x56\0\0\0\x40\0\0\0\x20\x1b\0\0\x56\0\0\0\x48\0\0\0\x29\x1b\0\0\x01\0\
\0\x04\x08\0\0\0\xb9\x12\0\0\x51\0\0\0\0\0\0\0\0\0\0\0\x02\0\0\x05\x10\0\0\0\
\x43\x1b\0\0\x1d\0\0\0\0\0\0\0\xd1\x17\0\0\x99\0\0\0\0\0\0\0\0\0\0\0\0\0\0\x02\
\x01\x02\0\0\x4d\x1b\0\0\x03\0\0\x04\x10\0\0\0\x57\x1b\0\0\xee\0\0\0\0\0\0\0\
\x78\x18\0\0\x11\0\0\0\x40\0\0\0\x5c\x1b\0\0\x11\0\0\0\x60\0\0\0\0\0\0\0\0\0\0\
\x02\x04\x02\0\0\0\0\0\0\0\0\0\x02\x46\x02\0\0\0\0\0\0\0\0\0\x02\x28\x02\0\0\0\
\0\0\0\0\0\0\x02\x47\x02\0\0\x3f\x0b\0\0\0\0\0\x04\0\0\0\0\x61\x1b\0\0\x04\0\0\
\x04\x28\0\0\0\x6c\x1b\0\0\x85\0\0\0\0\0\0\0\x46\x12\0\0\x0f\0\0\0\x80\0\0\0\
\x0b\x12\0\0\xf4\0\0\0\xc0\0\0\0\xe9\x01\0\0\x10\0\0\0\0\x01\0\0\0\0\0\0\0\0\0\
\x02\xf5\0\0\0\0\0\0\0\x01\0\0\x0d\0\0\0\0\0\0\0\0\xf6\0\0\0\0\0\0\0\0\0\0\x02\
\xf3\0\0\0\0\0\0\0\0\0\0\x02\x48\x02\0\0\0\0\0\0\0\0\0\x02\x0e\x02\0\0\0\0\0\0\
\0\0\0\x02\x49\x02\0\0\x72\x1b\0\0\x01\0\0\x04\x08\0\0\0\xa9\x12\0\0\x23\0\0\0\
\0\0\0\0\x7d\x1b\0\0\x14\0\0\x84\0\x11\0\0\x8b\x1b\0\0\xfd\0\0\0\0\0\0\0\x15\
\x0d\0\0\x0f\0\0\0\xc0\0\0\0\x95\x1b\0\0\x27\0\0\0\0\x01\0\0\x98\x1b\0\0\x27\0\
\0\0\x10\x01\0\0\x9b\x1b\0\0\x27\0\0\0\x20\x01\0\0\xa3\x1b\0\0\x27\0\0\0\x30\
\x01\0\0\xab\x1b\0\0\x0f\0\0\0\x40\x01\0\0\xb2\x1b\0\0\x0f\0\0\0\x80\x01\0\0\
\xb9\x1b\0\0\x42\x01\0\0\xc0\x01\0\0\xc4\x1b\0\0\x0f\0\0\0\xc0\x02\0\0\xd0\x1b\
\0\0\x0f\0\0\0\0\x03\0\0\xdb\x1b\0\0\x0f\0\0\0\x40\x03\0\0\xdf\x1b\0\0\x0f\0\0\
\0\x80\x03\0\0\xe7\x1b\0\0\x0f\0\0\0\xc0\x03\0\0\xf2\x1b\0\0\x43\x01\0\0\0\x04\
\0\0\xfc\x1b\0\0\x0f\0\0\0\x40\x04\0\0\x06\x1c\0\0\x12\0\0\0\x80\x04\0\x01\x10\
\x1c\0\0\x12\0\0\0\x81\x04\0\x01\x23\x1c\0\0\x10\0\0\0\xa0\x04\0\0\x28\x1c\0\0\
\x44\x01\0\0\0\x06\0\0\x2c\x1c\0\0\x0d\0\0\x84\x08\0\0\0\x38\x1c\0\0\x25\0\0\0\
\0\0\0\0\x3f\x1c\0\0\x25\0\0\0\x10\0\0\0\x45\x1c\0\0\x25\0\0\0\x20\0\0\x08\x19\
\0\0\0\x25\0\0\0\x28\0\0\x04\xd4\x12\0\0\x25\0\0\0\x2c\0\0\x01\x4b\x1c\0\0\x25\
\0\0\0\x2d\0\0\x02\x4f\x1c\0\0\x25\0\0\0\x2f\0\0\x01\x51\x1c\0\0\x25\0\0\0\x30\
\0\0\x04\x58\x1c\0\0\x25\0\0\0\x34\0\0\x01\x5c\x1c\0\0\x25\0\0\0\x35\0\0\x01\
\x5e\x1c\0\0\x25\0\0\0\x36\0\0\x01\x60\x1c\0\0\x25\0\0\0\x37\0\0\x01\x62\x1c\0\
\0\x25\0\0\0\x38\0\0\x08\0\0\0\0\0\0\0\x03\0\0\0\0\xfc\0\0\0\x04\0\0\0\x03\0\0\
\0\0\0\0\0\0\0\0\x02\xff\0\0\0\x68\x1c\0\0\x49\0\0\x04\xb0\x04\0\0\x73\x1c\0\0\
\x2f\0\0\0\0\0\0\0\x7f\x1c\0\0\x2f\0\0\0\x80\0\0\0\x8c\x1c\0\0\x2f\0\0\0\0\x01\
\0\0\xc1\x0d\0\0\x2d\0\0\0\x80\x01\0\0\x98\x1c\0\0\x31\0\0\0\x40\x02\0\0\xa4\
\x1c\0\0\x2f\0\0\0\x80\x02\0\0\xb2\x1c\0\0\x85\0\0\0\0\x03\0\0\xbe\x1c\0\0\x2f\
\0\0\0\x80\x03\0\0\xcb\x1c\0\0\x02\0\0\0\0\x04\0\0\xd7\x1c\0\0\x02\0\0\0\x20\
\x04\0\0\xe2\x1c\0\0\x02\0\0\0\x40\x04\0\0\x16\x06\0\0\xfe\0\0\0\x80\x04\0\0\
\xc0\x19\0\0\xe3\0\0\0\xc0\x04\0\0\xed\x1c\0\0\x1c\0\0\0\0\x05\0\0\x19\x12\0\0\
\0\x01\0\0\x40\x05\0\0\xf9\x1c\0\0\x12\0\0\0\x60\x05\0\0\x86\x14\0\0\x01\x01\0\
\0\x80\x05\0\0\x06\x1d\0\0\x6b\0\0\0\xc0\x05\0\0\x12\x1d\0\0\x31\0\0\0\0\x06\0\
\0\x25\x1d\0\0\x31\0\0\0\x40\x06\0\0\x38\x1d\0\0\x31\0\0\0\x80\x06\0\0\x3f\x1d\
\0\0\x03\x01\0\0\xc0\x06\0\0\x44\x1d\0\0\x25\0\0\0\xc0\x0a\0\0\x50\x1d\0\0\x25\
\0\0\0\xd0\x0a\0\0\x5f\x1d\0\0\x25\0\0\0\xe0\x0a\0\0\x69\x1d\0\0\x09\x01\0\0\0\
\x0b\0\0\x40\0\0\0\xe1\0\0\0\0\x11\0\0\x69\x1a\0\0\x6a\0\0\0\x40\x11\0\0\x6c\
\x1d\0\0\x6b\0\0\0\x80\x11\0\0\x85\x1d\0\0\x6b\0\0\0\xc0\x11\0\0\x9e\x1d\0\0\
\xdf\0\0\0\0\x12\0\0\xaa\x1d\0\0\x2f\0\0\0\0\x13\0\0\xfe\x05\0\0\xfe\0\0\0\x80\
\x13\0\0\xb5\x1d\0\0\x02\0\0\0\xc0\x13\0\0\x08\x02\0\0\x02\0\0\0\xe0\x13\0\0\
\xbb\x1d\0\0\x2f\0\0\0\0\x14\0\0\x79\x19\0\0\x28\0\0\0\x80\x14\0\0\xc7\x1d\0\0\
\xdf\0\0\0\xc0\x14\0\0\xd2\x1d\0\0\x1f\0\0\0\xc0\x15\0\0\x2a\0\0\0\x16\x01\0\0\
\0\x16\0\0\xdd\x1d\0\0\x2f\0\0\0\x40\x16\0\0\xe6\x1d\0\0\x0f\0\0\0\xc0\x16\0\0\
\xf2\x1d\0\0\x02\0\0\0\0\x17\0\0\xfe\x1d\0\0\x17\x01\0\0\x40\x17\0\0\x04\x1e\0\
\0\x19\x01\0\0\0\x18\0\0\x0b\x1e\0\0\x12\0\0\0\x40\x18\0\0\x1a\x1e\0\0\x12\0\0\
\0\x60\x18\0\0\x27\x1e\0\0\x12\0\0\0\x80\x18\0\0\x37\x1e\0\0\x12\0\0\0\xa0\x18\
\0\0\x47\x1e\0\0\x0f\0\0\0\xc0\x18\0\0\x54\x1e\0\0\x1a\x01\0\0\0\x19\0\0\x60\
\x1e\0\0\x99\0\0\0\xc0\x19\0\0\x6d\x1e\0\0\x12\0\0\0\x40\x1a\0\0\x7a\x1e\0\0\
\x1f\0\0\0\x60\x1a\0\0\x86\x1e\0\0\x1e\x01\0\0\x80\x1a\0\0\x93\x1e\0\0\x1f\x01\
\0\0\x40\x1b\0\0\xa6\x1e\0\0\x0f\0\0\0\x80\x1b\0\0\xb7\x1e\0\0\xfe\0\0\0\xc0\
\x1b\0\0\xc1\x1e\0\0\x20\x01\0\0\0\x1c\0\0\x5c\x16\0\0\x99\0\0\0\x40\x1c\0\0\
\xc9\x1e\0\0\x22\x01\0\0\xc0\x1c\0\0\xcc\x1e\0\0\x31\0\0\0\0\x1d\0\0\xcf\x1e\0\
\0\x23\x01\0\0\x40\x1d\0\0\xd5\x1e\0\0\x25\x01\0\0\x80\x1d\0\0\xe6\x1e\0\0\x1c\
\0\0\0\xc0\x1d\0\0\xff\x1e\0\0\x25\x01\0\0\0\x1e\0\0\x15\x1f\0\0\x35\x01\0\0\
\x40\x1e\0\0\x1a\x1f\0\0\x31\0\0\0\x80\x1e\0\0\x25\x1f\0\0\x36\x01\0\0\xc0\x1e\
\0\0\x52\x18\0\0\x37\x01\0\0\0\x1f\0\0\x2e\x1f\0\0\x38\x01\0\0\x40\x1f\0\0\x9a\
\x0b\0\0\x1c\0\0\0\xc0\x24\0\0\x39\x1f\0\0\x2f\0\0\0\0\x25\0\0\x41\x1f\0\0\x06\
\0\0\x06\x04\0\0\0\x52\x1f\0\0\xfc\xff\xff\xff\x68\x1f\0\0\xfd\xff\xff\xff\x7e\
\x1f\0\0\xfe\xff\xff\xff\x95\x1f\0\0\xff\xff\xff\xff\xaa\x1f\0\0\0\0\0\0\xc4\
\x1f\0\0\x01\0\0\0\xdc\x1f\0\0\0\0\0\x08\x02\x01\0\0\0\0\0\0\x01\0\0\x04\x08\0\
\0\0\xf5\x1a\0\0\xe5\0\0\0\0\0\0\0\xe6\x1f\0\0\x3b\0\0\x84\x80\0\0\0\x19\0\0\0\
\x11\0\0\0\0\0\0\0\x5c\x1b\0\0\x11\0\0\0\x20\0\0\0\xf6\x1f\0\0\x32\0\0\0\x40\0\
\0\0\0\0\0\0\x04\x01\0\0\x80\0\0\0\xfd\x1f\0\0\x32\0\0\0\xc0\0\0\0\x09\x20\0\0\
\x32\0\0\0\0\x01\0\0\x15\x20\0\0\x32\0\0\0\x40\x01\0\x01\x1e\x20\0\0\x32\0\0\0\
\x41\x01\0\x01\x26\x20\0\0\x32\0\0\0\x42\x01\0\x01\x2d\x20\0\0\x32\0\0\0\x43\
\x01\0\x01\x37\x20\0\0\x32\0\0\0\x44\x01\0\x01\x44\x20\0\0\x32\0\0\0\x45\x01\0\
\x01\x53\x20\0\0\x32\0\0\0\x46\x01\0\x01\x5e\x20\0\0\x32\0\0\0\x47\x01\0\x01\
\x6b\x20\0\0\x32\0\0\0\x48\x01\0\x01\x48\x07\0\0\x32\0\0\0\x49\x01\0\x01\x70\
\x20\0\0\x32\0\0\0\x4a\x01\0\x01\x75\x20\0\0\x32\0\0\0\x4b\x01\0\x01\x82\x20\0\
\0\x32\0\0\0\x4c\x01\0\x01\x72\x1a\0\0\x32\0\0\0\x4d\x01\0\x01\x91\x20\0\0\x32\
\0\0\0\x4e\x01\0\x01\x9b\x20\0\0\x32\0\0\0\x4f\x01\0\x02\xa6\x20\0\0\x32\0\0\0\
\x51\x01\0\x01\xb0\x20\0\0\x32\0\0\0\x52\x01\0\x01\xbe\x20\0\0\x32\0\0\0\x53\
\x01\0\x01\xcb\x20\0\0\x32\0\0\0\x54\x01\0\x01\xd9\x20\0\0\x32\0\0\0\x55\x01\0\
\x01\xf2\x20\0\0\x32\0\0\0\x56\x01\0\x01\x09\x21\0\0\x32\0\0\0\x57\x01\0\x01\
\x0f\x21\0\0\x32\0\0\0\x58\x01\0\x01\x19\x21\0\0\x32\0\0\0\x59\x01\0\x01\x25\
\x21\0\0\x32\0\0\0\x5a\x01\0\x01\x34\x21\0\0\x32\0\0\0\x5b\x01\0\x01\x43\x21\0\
\0\x32\0\0\0\x5c\x01\0\x01\x4e\x21\0\0\x32\0\0\0\x5d\x01\0\x01\x56\x21\0\0\x32\
\0\0\0\x5e\x01\0\x01\x60\x21\0\0\x32\0\0\0\x5f\x01\0\x01\x6b\x21\0\0\x32\0\0\0\
\x60\x01\0\x01\x72\x21\0\0\x32\0\0\0\x61\x01\0\x01\x7c\x21\0\0\x32\0\0\0\x62\
\x01\0\x01\x85\x21\0\0\x32\0\0\0\x63\x01\0\x01\x94\x21\0\0\x32\0\0\0\x64\x01\0\
\x01\xa3\x21\0\0\x32\0\0\0\x65\x01\0\x01\xab\x21\0\0\x32\0\0\0\x66\x01\0\x1a\0\
\0\0\0\x05\x01\0\0\x80\x01\0\0\xb8\x21\0\0\x11\0\0\0\xa0\x01\0\0\0\0\0\0\x06\
\x01\0\0\xc0\x01\0\0\0\0\0\0\x07\x01\0\0\0\x02\0\0\xc0\x21\0\0\x32\0\0\0\x40\
\x02\0\0\xd3\x21\0\0\x32\0\0\0\x80\x02\0\0\xe4\x21\0\0\x11\0\0\0\xc0\x02\0\0\
\xcb\x14\0\0\x08\x01\0\0\xe0\x02\0\0\xf6\x21\0\0\x32\0\0\0\0\x03\0\0\x07\x22\0\
\0\x11\0\0\0\x40\x03\0\0\x15\x22\0\0\x26\0\0\0\x60\x03\0\0\x26\x22\0\0\x26\0\0\
\0\x70\x03\0\0\x33\x22\0\0\x11\0\0\0\x80\x03\0\0\x43\x22\0\0\x11\0\0\0\xa0\x03\
\0\0\x50\x22\0\0\x32\0\0\0\xc0\x03\0\0\0\0\0\0\x02\0\0\x05\x08\0\0\0\x59\x22\0\
\0\x32\0\0\0\0\0\0\0\x67\x22\0\0\x32\0\0\0\0\0\0\0\0\0\0\0\x02\0\0\x05\x04\0\0\
\0\x73\x22\0\0\x11\0\0\0\0\0\0\0\x81\x22\0\0\x11\0\0\0\0\0\0\0\0\0\0\0\x04\0\0\
\x05\x08\0\0\0\x92\x22\0\0\x32\0\0\0\0\0\0\0\x9a\x22\0\0\x32\0\0\0\0\0\0\0\xa6\
\x22\0\0\x32\0\0\0\0\0\0\0\xb2\x22\0\0\x32\0\0\0\0\0\0\0\0\0\0\0\x04\0\0\x05\
\x08\0\0\0\xba\x22\0\0\x32\0\0\0\0\0\0\0\xc1\x22\0\0\x32\0\0\0\0\0\0\0\xcd\x22\
\0\0\x32\0\0\0\0\0\0\0\xda\x22\0\0\x32\0\0\0\0\0\0\0\xe2\x22\0\0\0\0\0\x08\x02\
\0\0\0\xe8\x22\0\0\x0c\0\0\x04\xc0\0\0\0\0\0\0\0\x0a\x01\0\0\0\0\0\0\xf6\x22\0\
\0\x28\0\0\0\0\x03\0\0\x86\x1e\0\0\x1c\0\0\0\x40\x03\0\0\xa6\x1e\0\0\x0f\0\0\0\
\x80\x03\0\0\x19\x12\0\0\x02\0\0\0\xc0\x03\0\0\xfd\x22\0\0\x01\x01\0\0\0\x04\0\
\0\x59\x22\0\0\x31\0\0\0\x40\x04\0\0\0\0\0\0\x13\x01\0\0\x80\x04\0\0\x08\x23\0\
\0\x31\0\0\0\0\x05\0\0\x17\x23\0\0\x31\0\0\0\x40\x05\0\0\x22\x23\0\0\x31\0\0\0\
\x80\x05\0\0\x32\x23\0\0\x31\0\0\0\xc0\x05\0\0\0\0\0\0\x06\0\0\x05\x60\0\0\0\0\
\0\0\0\x0b\x01\0\0\0\0\0\0\0\0\0\0\x0d\x01\0\0\0\0\0\0\0\0\0\0\x0e\x01\0\0\0\0\
\0\0\0\0\0\0\x0f\x01\0\0\0\0\0\0\0\0\0\0\x10\x01\0\0\0\0\0\0\0\0\0\0\x12\x01\0\
\0\0\0\0\0\0\0\0\0\x0a\0\0\x04\x60\0\0\0\xf6\x1f\0\0\x31\0\0\0\0\0\0\0\x43\x23\
\0\0\x31\0\0\0\x40\0\0\0\x4c\x23\0\0\x0f\0\0\0\x80\0\0\0\x58\x23\0\0\x0f\0\0\0\
\xc0\0\0\0\x63\x23\0\0\x02\0\0\0\0\x01\0\0\x74\x23\0\0\x02\0\0\0\x20\x01\0\0\
\x78\x23\0\0\x02\0\0\0\x40\x01\0\0\xe9\x01\0\0\x02\0\0\0\x60\x01\0\0\x81\x23\0\
\0\x0c\x01\0\0\x80\x01\0\0\x8b\x23\0\0\x0c\x01\0\0\x40\x02\0\0\x96\x23\0\0\x04\
\0\0\x04\x18\0\0\0\xf6\x1f\0\0\x31\0\0\0\0\0\0\0\xaa\x23\0\0\x12\0\0\0\x40\0\0\
\0\xae\x23\0\0\x02\0\0\0\x60\0\0\0\x74\x23\0\0\x02\0\0\0\x80\0\0\0\0\0\0\0\x01\
\0\0\x04\x40\0\0\0\xf1\x11\0\0\x3e\0\0\0\0\0\0\0\0\0\0\0\x01\0\0\x04\x10\0\0\0\
\xb4\x23\0\0\x2f\0\0\0\0\0\0\0\0\0\0\0\x02\0\0\x04\x10\0\0\0\xbc\x23\0\0\x31\0\
\0\0\0\0\0\0\xc4\x23\0\0\x31\0\0\0\x40\0\0\0\0\0\0\0\x02\0\0\x04\x28\0\0\0\xc9\
\x23\0\0\x11\x01\0\0\0\0\0\0\xce\x23\0\0\x2f\0\0\0\xc0\0\0\0\xd6\x23\0\0\x04\0\
\0\x04\x18\0\0\0\xe9\x23\0\0\x0f\0\0\0\0\0\0\0\xf1\x23\0\0\x0f\0\0\0\x40\0\0\0\
\x7f\x18\0\0\x46\0\0\0\x80\0\0\0\x19\0\0\0\x46\0\0\0\x88\0\0\0\0\0\0\0\x05\0\0\
\x04\x18\0\0\0\xf6\x23\0\0\x46\0\0\0\0\0\0\0\x01\x24\0\0\x46\0\0\0\x08\0\0\0\
\x0c\x24\0\0\x25\0\0\0\x10\0\0\0\x14\x24\0\0\x31\0\0\0\x40\0\0\0\x19\x24\0\0\
\x31\0\0\0\x80\0\0\0\0\0\0\0\x02\0\0\x05\x10\0\0\0\0\0\0\0\x14\x01\0\0\0\0\0\0\
\0\0\0\0\x15\x01\0\0\0\0\0\0\0\0\0\0\x02\0\0\x04\x10\0\0\0\x1f\x24\0\0\x31\0\0\
\0\0\0\0\0\x2b\x24\0\0\x01\x01\0\0\x40\0\0\0\0\0\0\0\x02\0\0\x04\x10\0\0\0\x37\
\x24\0\0\x31\0\0\0\0\0\0\0\x44\x24\0\0\x31\0\0\0\x40\0\0\0\0\0\0\0\0\0\0\x02\
\x30\x02\0\0\x50\x24\0\0\0\0\0\x08\x18\x01\0\0\x62\x24\0\0\x02\0\0\x04\x18\0\0\
\0\x76\x15\0\0\xc6\0\0\0\0\0\0\0\x72\x24\0\0\x2f\0\0\0\x40\0\0\0\0\0\0\0\0\0\0\
\x02\x06\x02\0\0\x77\x24\0\0\x02\0\0\x04\x18\0\0\0\xf9\x11\0\0\x21\0\0\0\0\0\0\
\0\x6a\x16\0\0\x1b\x01\0\0\x80\0\0\0\0\0\0\0\0\0\0\x02\x1c\x01\0\0\0\0\0\0\x01\
\0\0\x0d\0\0\0\0\0\0\0\0\x1d\x01\0\0\0\0\0\0\0\0\0\x02\x1a\x01\0\0\x80\x24\0\0\
\x03\0\0\x04\x18\0\0\0\x13\x18\0\0\x2f\0\0\0\0\0\0\0\x76\x15\0\0\x8b\0\0\0\x80\
\0\0\0\x97\x24\0\0\x12\0\0\0\xa0\0\0\0\0\0\0\0\0\0\0\x02\x31\x02\0\0\0\0\0\0\0\
\0\0\x02\x21\x01\0\0\0\0\0\0\x01\0\0\x0d\0\0\0\0\0\0\0\0\xfe\0\0\0\0\0\0\0\0\0\
\0\x02\x14\x02\0\0\0\0\0\0\0\0\0\x02\x24\x01\0\0\0\0\0\0\x01\0\0\x0d\x31\0\0\0\
\0\0\0\0\0\0\0\0\xa7\x24\0\0\0\0\0\x08\x26\x01\0\0\0\0\0\0\0\0\0\x02\x27\x01\0\
\0\0\0\0\0\x03\0\0\x0d\0\0\0\0\0\0\0\0\xfe\0\0\0\0\0\0\0\x28\x01\0\0\0\0\0\0\
\x34\x01\0\0\0\0\0\0\0\0\0\x02\x29\x01\0\0\xbf\x24\0\0\x17\0\0\x04\0\x01\0\0\
\xd0\x24\0\0\x31\0\0\0\0\0\0\0\xd5\x24\0\0\x2a\x01\0\0\x40\0\0\0\xd9\x24\0\0\
\x2b\x01\0\0\x80\0\0\0\xe2\x24\0\0\x31\0\0\0\xc0\0\0\0\x52\x0e\0\0\x2c\x01\0\0\
\0\x01\0\0\xe9\x24\0\0\x31\0\0\0\x40\x01\0\0\xed\x24\0\0\x2e\x01\0\0\x80\x01\0\
\0\x19\0\0\0\x31\0\0\0\xc0\x01\0\0\x0f\x0d\0\0\x31\0\0\0\0\x02\0\0\xf6\x24\0\0\
\x30\x01\0\0\x40\x02\0\0\xbf\x14\0\0\x31\0\0\0\x80\x02\0\0\xcc\x1e\0\0\x31\0\0\
\0\xc0\x02\0\0\0\x25\0\0\x31\0\0\0\0\x03\0\0\x0a\x25\0\0\x31\x01\0\0\x40\x03\0\
\0\x14\x25\0\0\x32\x01\0\0\x80\x03\0\0\x1e\x25\0\0\x31\0\0\0\xc0\x03\0\0\x27\
\x25\0\0\x33\x01\0\0\0\x04\0\0\x31\x25\0\0\x33\x01\0\0\x80\x04\0\0\x3b\x25\0\0\
\x31\0\0\0\0\x05\0\0\x4b\x25\0\0\x31\0\0\0\x40\x05\0\0\x6b\x21\0\0\x31\0\0\0\
\x80\x05\0\0\x55\x25\0\0\x31\0\0\0\xc0\x05\0\0\x64\x25\0\0\x31\0\0\0\0\x06\0\0\
\0\0\0\0\0\0\0\x02\x32\x02\0\0\0\0\0\0\0\0\0\x02\x33\x02\0\0\x73\x25\0\0\x02\0\
\0\x05\x08\0\0\0\x86\x25\0\0\x32\0\0\0\0\0\0\0\0\0\0\0\x2d\x01\0\0\0\0\0\0\0\0\
\0\0\x03\0\0\x04\x08\0\0\0\x8b\x25\0\0\x11\0\0\0\0\0\0\0\x93\x25\0\0\x26\0\0\0\
\x20\0\0\0\x9a\x25\0\0\x26\0\0\0\x30\0\0\0\xa1\x25\0\0\x02\0\0\x05\x08\0\0\0\
\xb4\x14\0\0\x32\0\0\0\0\0\0\0\0\0\0\0\x2f\x01\0\0\0\0\0\0\0\0\0\0\x0a\0\0\x84\
\x08\0\0\0\xb3\x25\0\0\x32\0\0\0\0\0\0\x05\xba\x25\0\0\x32\0\0\0\x05\0\0\x0e\
\xc2\x25\0\0\x32\0\0\0\x13\0\0\x05\xcc\x25\0\0\x32\0\0\0\x18\0\0\x02\xd5\x25\0\
\0\x32\0\0\0\x1a\0\0\x07\xde\x25\0\0\x32\0\0\0\x21\0\0\x04\xea\x25\0\0\x32\0\0\
\0\x25\0\0\x01\xf5\x25\0\0\x32\0\0\0\x26\0\0\x02\0\x26\0\0\x32\0\0\0\x28\0\0\
\x03\x08\x26\0\0\x32\0\0\0\x2b\0\0\x15\0\0\0\0\x02\0\0\x04\x08\0\0\0\xdc\x05\0\
\0\x10\0\0\0\0\0\0\0\x11\x26\0\0\x10\0\0\0\x20\0\0\0\0\0\0\0\x02\0\0\x04\x08\0\
\0\0\x08\x02\0\0\x10\0\0\0\0\0\0\0\x15\x26\0\0\x10\0\0\0\x20\0\0\0\0\0\0\0\0\0\
\0\x02\x34\x02\0\0\x1e\x26\0\0\x02\0\0\x04\x10\0\0\0\x28\x26\0\0\x32\0\0\0\0\0\
\0\0\x2c\x26\0\0\x34\x01\0\0\x40\0\0\0\0\0\0\0\0\0\0\x02\x1b\0\0\0\0\0\0\0\0\0\
\0\x02\x12\x02\0\0\0\0\0\0\0\0\0\x02\x2c\x02\0\0\0\0\0\0\0\0\0\x02\x2d\x02\0\0\
\x2e\x1f\0\0\x0b\0\0\x04\xb0\0\0\0\x6a\x16\0\0\x39\x01\0\0\0\0\0\0\x78\x0d\0\0\
\x3c\x01\0\0\x40\0\0\0\xe9\x01\0\0\x0f\0\0\0\x80\0\0\0\x31\x26\0\0\x1c\0\0\0\
\xc0\0\0\0\x39\x26\0\0\x39\x01\0\0\0\x01\0\0\x44\x26\0\0\x3f\x01\0\0\x40\x01\0\
\0\x4f\x26\0\0\x41\x01\0\0\xc0\x02\0\0\x59\x26\0\0\x3f\x01\0\0\0\x03\0\0\x62\
\x26\0\0\x0f\0\0\0\x80\x04\0\0\x6d\x26\0\0\x0f\0\0\0\xc0\x04\0\0\x13\x18\0\0\
\x2f\0\0\0\0\x05\0\0\x7d\x26\0\0\0\0\0\x08\x3a\x01\0\0\0\0\0\0\0\0\0\x02\x3b\
\x01\0\0\0\0\0\0\x04\0\0\x0d\0\0\0\0\0\0\0\0\x0f\0\0\0\0\0\0\0\x0f\0\0\0\0\0\0\
\0\x3c\x01\0\0\0\0\0\0\x3d\x01\0\0\0\0\0\0\0\0\0\x02\x38\x01\0\0\0\0\0\0\0\0\0\
\x02\x3e\x01\0\0\x8b\x26\0\0\x01\0\0\x04\xa8\0\0\0\x2c\x26\0\0\x1b\0\0\0\0\0\0\
\0\x97\x26\0\0\x03\0\0\x04\x30\0\0\0\xa7\x26\0\0\x40\x01\0\0\0\0\0\0\xb4\x26\0\
\0\x40\x01\0\0\x40\0\0\0\xc0\x26\0\0\xdf\0\0\0\x80\0\0\0\0\0\0\0\0\0\0\x02\x2e\
\x02\0\0\0\0\0\0\0\0\0\x02\x3f\x01\0\0\0\0\0\0\0\0\0\x03\0\0\0\0\xfe\0\0\0\x04\
\0\0\0\x04\0\0\0\0\0\0\0\0\0\0\x02\x4a\x02\0\0\x28\x1c\0\0\x03\0\0\x04\x40\x10\
\0\0\x78\x23\0\0\x12\0\0\0\0\0\0\0\xcb\x26\0\0\x0f\0\0\0\x40\0\0\0\x19\x12\0\0\
\x45\x01\0\0\0\x02\0\0\xdc\x26\0\0\x05\0\0\x05\0\x10\0\0\xe9\x26\0\0\x46\x01\0\
\0\0\0\0\0\xef\x26\0\0\x48\x01\0\0\0\0\0\0\xf6\x26\0\0\x50\x01\0\0\0\0\0\0\xfb\
\x26\0\0\x52\x01\0\0\0\0\0\0\x01\x27\0\0\x56\x01\0\0\0\0\0\0\x0b\x27\0\0\x09\0\
\0\x04\x70\0\0\0\x17\x27\0\0\x10\0\0\0\0\0\0\0\x1b\x27\0\0\x10\0\0\0\x20\0\0\0\
\x1f\x27\0\0\x10\0\0\0\x40\0\0\0\x23\x27\0\0\x10\0\0\0\x60\0\0\0\x27\x27\0\0\
\x10\0\0\0\x80\0\0\0\x2b\x27\0\0\x10\0\0\0\xa0\0\0\0\x2f\x27\0\0\x10\0\0\0\xc0\
\0\0\0\x33\x27\0\0\x47\x01\0\0\xe0\0\0\0\x49\x0c\0\0\x10\0\0\0\x60\x03\0\0\0\0\
\0\0\0\0\0\x03\0\0\0\0\x10\0\0\0\x04\0\0\0\x14\0\0\0\x3c\x27\0\0\x0b\0\0\x04\0\
\x02\0\0\x17\x27\0\0\x25\0\0\0\0\0\0\0\x1b\x27\0\0\x25\0\0\0\x10\0\0\0\x1f\x27\
\0\0\x25\0\0\0\x20\0\0\0\x49\x27\0\0\x25\0\0\0\x30\0\0\0\0\0\0\0\x49\x01\0\0\
\x40\0\0\0\x4d\x27\0\0\x10\0\0\0\xc0\0\0\0\x53\x27\0\0\x10\0\0\0\xe0\0\0\0\x33\
\x27\0\0\x4c\x01\0\0\0\x01\0\0\x5e\x27\0\0\x4d\x01\0\0\0\x05\0\0\x0c\x24\0\0\
\x4e\x01\0\0\0\x0d\0\0\0\0\0\0\x4f\x01\0\0\x80\x0e\0\0\0\0\0\0\x02\0\0\x05\x10\
\0\0\0\0\0\0\0\x4a\x01\0\0\0\0\0\0\0\0\0\0\x4b\x01\0\0\0\0\0\0\0\0\0\0\x02\0\0\
\x04\x10\0\0\0\x68\x27\0\0\x31\0\0\0\0\0\0\0\x6c\x27\0\0\x31\0\0\0\x40\0\0\0\0\
\0\0\0\x04\0\0\x04\x10\0\0\0\x23\x27\0\0\x10\0\0\0\0\0\0\0\x27\x27\0\0\x10\0\0\
\0\x20\0\0\0\x2b\x27\0\0\x10\0\0\0\x40\0\0\0\x2f\x27\0\0\x10\0\0\0\x60\0\0\0\0\
\0\0\0\0\0\0\x03\0\0\0\0\x10\0\0\0\x04\0\0\0\x20\0\0\0\0\0\0\0\0\0\0\x03\0\0\0\
\0\x10\0\0\0\x04\0\0\0\x40\0\0\0\0\0\0\0\0\0\0\x03\0\0\0\0\x10\0\0\0\x04\0\0\0\
\x0c\0\0\0\0\0\0\0\x02\0\0\x05\x30\0\0\0\x70\x27\0\0\x4e\x01\0\0\0\0\0\0\x79\
\x27\0\0\x4e\x01\0\0\0\0\0\0\x85\x27\0\0\x10\0\0\x04\x88\0\0\0\x17\x27\0\0\x10\
\0\0\0\0\0\0\0\x1b\x27\0\0\x10\0\0\0\x20\0\0\0\x1f\x27\0\0\x10\0\0\0\x40\0\0\0\
\x23\x27\0\0\x10\0\0\0\x60\0\0\0\x27\x27\0\0\x10\0\0\0\x80\0\0\0\x2b\x27\0\0\
\x10\0\0\0\xa0\0\0\0\x2f\x27\0\0\x10\0\0\0\xc0\0\0\0\x33\x27\0\0\x47\x01\0\0\
\xe0\0\0\0\x92\x27\0\0\x46\0\0\0\x60\x03\0\0\x97\x27\0\0\x46\0\0\0\x68\x03\0\0\
\x9f\x27\0\0\x46\0\0\0\x70\x03\0\0\xa9\x27\0\0\x46\0\0\0\x78\x03\0\0\xb3\x27\0\
\0\x46\0\0\0\x80\x03\0\0\xb6\x27\0\0\x46\0\0\0\x88\x03\0\0\xc9\x23\0\0\x51\x01\
\0\0\xc0\x03\0\0\xbd\x27\0\0\x10\0\0\0\0\x04\0\0\0\0\0\0\0\0\0\x02\x4b\x02\0\0\
\xc7\x27\0\0\x03\0\0\x04\x40\x02\0\0\xd3\x27\0\0\x48\x01\0\0\0\0\0\0\xd8\x27\0\
\0\x53\x01\0\0\0\x10\0\0\xdf\x27\0\0\x55\x01\0\0\0\x12\0\0\xf3\x27\0\0\x03\0\0\
\x04\x40\0\0\0\x01\x28\0\0\x31\0\0\0\0\0\0\0\x0b\x28\0\0\x31\0\0\0\x40\0\0\0\
\x15\x26\0\0\x54\x01\0\0\x80\0\0\0\0\0\0\0\0\0\0\x03\0\0\0\0\x31\0\0\0\x04\0\0\
\0\x06\0\0\0\0\0\0\0\0\0\0\x03\0\0\0\0\x46\0\0\0\x04\0\0\0\0\0\0\0\0\0\0\0\0\0\
\0\x03\0\0\0\0\x46\0\0\0\x04\0\0\0\0\x10\0\0\x36\x29\0\0\x07\0\0\x04\x80\0\0\0\
\x19\x12\0\0\x58\x01\0\0\0\0\0\0\x19\0\0\0\x5a\x01\0\0\x20\0\0\0\xe9\x01\0\0\
\x0f\0\0\0\x40\0\0\0\x3d\x29\0\0\x69\0\0\0\x80\0\0\0\x42\x29\0\0\x5b\x01\0\0\
\xc0\0\0\0\x45\x29\0\0\x5c\x01\0\0\0\x01\0\0\x49\x29\0\0\x5e\x01\0\0\0\x02\0\0\
\x4c\x29\0\0\0\0\0\x08\x59\x01\0\0\0\0\0\0\x05\0\0\x06\x04\0\0\0\x59\x29\0\0\0\
\0\0\0\x61\x29\0\0\x01\0\0\0\x70\x29\0\0\x02\0\0\0\x7e\x29\0\0\x03\0\0\0\x8b\
\x29\0\0\x04\0\0\0\x9c\x29\0\0\0\0\0\x01\x02\0\0\0\x10\0\0\x01\0\0\0\0\0\0\0\
\x02\x5f\x01\0\0\0\0\0\0\0\0\0\x02\x5d\x01\0\0\0\0\0\0\0\0\0\x0a\x4c\x02\0\0\
\xa2\x29\0\0\x04\0\0\x04\x40\0\0\0\xac\x29\0\0\x17\x01\0\0\0\0\0\0\xb1\x29\0\0\
\x19\x01\0\0\xc0\0\0\0\xe9\x01\0\0\x0f\0\0\0\0\x01\0\0\xd1\x17\0\0\x99\0\0\0\
\x40\x01\0\0\x9e\x2a\0\0\x5c\0\0\x84\x10\x03\0\0\xa3\x2a\0\0\x60\x01\0\0\0\0\0\
\0\xaf\x2a\0\0\x7f\x01\0\0\x40\x04\0\0\xb7\x2a\0\0\x1f\0\0\0\x40\x05\0\0\xc0\
\x2a\0\0\x02\0\0\0\x60\x05\0\0\xcc\x2a\0\0\x81\x01\0\0\x80\x05\0\0\xdb\x2a\0\0\
\x82\x01\0\0\x40\x06\0\0\xeb\x2a\0\0\x81\x01\0\0\x80\x06\0\0\xfc\x2a\0\0\x83\
\x01\0\0\x40\x07\0\0\x07\x2b\0\0\x02\0\0\0\0\x08\0\0\x18\x2b\0\0\x12\0\0\0\x20\
\x08\0\0\x23\x2b\0\0\x12\0\0\0\x40\x08\0\0\x2e\x2b\0\0\x02\0\0\0\x60\x08\0\0\
\x38\x2b\0\0\x84\x01\0\0\x80\x08\0\0\0\0\0\0\x85\x01\0\0\xc0\x08\0\0\x42\x2b\0\
\0\x9c\x01\0\0\0\x09\0\0\x4c\x2b\0\0\x9d\x01\0\0\x80\x09\0\0\x56\x2b\0\0\x02\0\
\0\0\xc0\x09\0\0\x68\x2b\0\0\x10\0\0\0\xe0\x09\0\0\x79\x2b\0\0\x9d\x01\0\0\0\
\x0a\0\0\x86\x2b\0\0\x1f\0\0\0\x40\x0a\0\0\x94\x2b\0\0\x02\0\0\0\x60\x0a\0\0\
\x9e\x2b\0\0\x02\0\0\0\x80\x0a\0\0\xad\x2b\0\0\x1d\0\0\0\xa0\x0a\0\0\xbb\x2b\0\
\0\x0f\0\0\0\xc0\x0a\0\0\0\0\0\0\x9e\x01\0\0\0\x0b\0\0\xc8\x2b\0\0\x82\x01\0\0\
\x40\x0b\0\0\xd8\x2b\0\0\x81\x01\0\0\x80\x0b\0\0\xe7\x2b\0\0\x08\x01\0\0\x40\
\x0c\0\0\xf3\x2b\0\0\x02\0\0\0\x60\x0c\0\0\x04\x2c\0\0\x11\0\0\0\x80\x0c\0\0\
\x1b\x2c\0\0\x10\0\0\0\xa0\x0c\0\0\x2c\x2c\0\0\x18\0\0\0\xc0\x0c\0\0\x38\x2c\0\
\0\xf3\0\0\0\0\x0d\0\0\x41\x2c\0\0\x11\0\0\0\x40\x0e\0\0\x4d\x2c\0\0\x11\0\0\0\
\x60\x0e\0\0\x55\x2c\0\0\x0f\0\0\0\x80\x0e\0\0\x64\x2c\0\0\x0f\0\0\0\xc0\x0e\0\
\0\x77\x2c\0\0\xed\0\0\0\0\x0f\0\0\x7f\x2c\0\0\x9f\x01\0\0\x80\x0f\0\0\x8d\x2c\
\0\0\x9f\x01\0\0\xc0\x0f\0\0\x9d\x2c\0\0\x9f\x01\0\0\0\x10\0\0\xb2\x2c\0\0\x02\
\0\0\0\x40\x10\0\0\xbe\x2c\0\0\x12\0\0\0\x60\x10\0\0\xce\x2c\0\0\xa0\x01\0\0\
\x80\x10\0\0\xdc\x2c\0\0\x11\0\0\0\xa0\x10\0\0\xe6\x2c\0\0\x46\0\0\0\xc0\x10\0\
\x01\xf1\x2c\0\0\x46\0\0\0\xc1\x10\0\x01\xfe\x2c\0\0\x46\0\0\0\xc2\x10\0\x01\
\x0d\x2d\0\0\x46\0\0\0\xc3\x10\0\x01\x1c\x2d\0\0\x46\0\0\0\xc4\x10\0\x04\x29\
\x2d\0\0\x46\0\0\0\xc8\x10\0\0\x39\x2d\0\0\x25\0\0\0\xd0\x10\0\0\x41\x2d\0\0\
\x25\0\0\0\xe0\x10\0\0\x4d\x2d\0\0\x25\0\0\0\xf0\x10\0\0\x5d\x2d\0\0\x0f\0\0\0\
\0\x11\0\0\x6b\x2d\0\0\x6d\x01\0\0\x40\x11\0\0\x7b\x2d\0\0\x89\x01\0\0\x80\x11\
\0\0\x8c\x2d\0\0\x02\0\0\0\xc0\x11\0\0\x93\x2d\0\0\x02\0\0\0\xe0\x11\0\0\x9f\
\x2d\0\0\x10\0\0\0\0\x12\0\0\xae\x2d\0\0\x10\0\0\0\x20\x12\0\0\xc1\x2d\0\0\xa0\
\0\0\0\x40\x12\0\0\xc8\x2d\0\0\x46\0\0\0\x60\x12\0\0\xdc\x2d\0\0\x25\0\0\0\x70\
\x12\0\0\xf0\x2d\0\0\xc6\0\0\0\x80\x12\0\0\xfd\x2d\0\0\x84\0\0\0\xc0\x12\0\0\
\x09\x2e\0\0\x9d\0\0\0\0\x13\0\0\x16\x2e\0\0\x18\0\0\0\x40\x13\0\0\x22\x2e\0\0\
\x40\0\0\0\x80\x13\0\0\x2b\x2e\0\0\x25\0\0\0\xc0\x13\0\0\x36\x2e\0\0\x02\0\0\0\
\xe0\x13\0\0\x42\x2e\0\0\x46\0\0\0\0\x14\0\0\x4e\x2e\0\0\x1f\0\0\0\x20\x14\0\0\
\x57\x2e\0\0\x1f\0\0\0\x40\x14\0\0\x60\x2e\0\0\x46\0\0\0\x60\x14\0\0\x6b\x2e\0\
\0\x46\0\0\0\x68\x14\0\x01\x83\x2e\0\0\x46\0\0\0\x69\x14\0\x01\x9b\x2e\0\0\x46\
\0\0\0\x6a\x14\0\x06\xac\x2e\0\0\xa1\x01\0\0\x80\x14\0\0\xb6\x2e\0\0\x1c\0\0\0\
\xc0\x14\0\0\xc3\x2e\0\0\x1c\0\0\0\0\x15\0\0\xcf\x2e\0\0\xa2\x01\0\0\x40\x15\0\
\0\xdc\x2e\0\0\xa4\x01\0\0\xc0\x15\0\0\xe5\x2e\0\0\xa6\x01\0\0\0\x16\0\0\xf5\
\x2e\0\0\xa6\x01\0\0\x40\x16\0\0\x03\x2f\0\0\xa6\x01\0\0\x80\x16\0\0\x12\x2f\0\
\0\xa6\x01\0\0\xc0\x16\0\0\x22\x2f\0\0\xa8\x01\0\0\0\x17\0\0\x31\x2f\0\0\xa6\
\x01\0\0\x40\x17\0\0\x3d\x2f\0\0\xc1\x01\0\0\x80\x17\0\0\x4d\x2f\0\0\xf8\0\0\0\
\xc0\x17\0\0\x5c\x2f\0\0\x99\0\0\0\0\x18\0\0\x63\x2f\0\0\x19\0\0\x84\x88\0\0\0\
\0\0\0\0\x61\x01\0\0\0\0\0\0\0\0\0\0\x65\x01\0\0\x40\0\0\0\0\0\0\0\x67\x01\0\0\
\x60\0\0\0\x6f\x2f\0\0\x27\0\0\0\x80\0\0\0\x7a\x2f\0\0\x6b\x01\0\0\x90\0\0\0\
\x84\x2f\0\0\x48\0\0\0\x98\0\0\x04\x8e\x2f\0\0\x48\0\0\0\x9c\0\0\x01\x9c\x2f\0\
\0\x48\0\0\0\x9d\0\0\x01\xa9\x2f\0\0\x48\0\0\0\x9e\0\0\x01\xb8\x2f\0\0\x02\0\0\
\0\xa0\0\0\0\0\0\0\0\x6c\x01\0\0\xc0\0\0\0\xc9\x2f\0\0\x6d\x01\0\0\x40\x01\0\0\
\xd2\x2f\0\0\x6e\x01\0\0\x80\x01\0\0\xda\x2f\0\0\x71\x01\0\0\xc0\x01\0\0\xe7\
\x2f\0\0\x71\x01\0\0\x40\x02\0\0\xf8\x2f\0\0\x6b\0\0\0\xc0\x02\0\0\0\0\0\0\x76\
\x01\0\0\0\x03\0\0\x03\x30\0\0\x78\x01\0\0\x40\x03\0\0\0\0\0\0\x79\x01\0\0\x40\
\x03\0\0\x16\x30\0\0\x27\0\0\0\xc0\x03\0\0\x2b\x30\0\0\x27\0\0\0\xd0\x03\0\0\0\
\0\0\0\x7d\x01\0\0\xe0\x03\0\0\x40\x30\0\0\x1d\0\0\0\0\x04\0\0\x4b\x30\0\0\x78\
\x01\0\0\x20\x04\0\0\0\0\0\0\x7e\x01\0\0\x20\x04\0\0\0\0\0\0\x02\0\0\x05\x08\0\
\0\0\x5c\x30\0\0\x62\x01\0\0\0\0\0\0\0\0\0\0\x63\x01\0\0\0\0\0\0\x69\x30\0\0\0\
\0\0\x08\x32\0\0\0\0\0\0\0\x02\0\0\x04\x08\0\0\0\x74\x30\0\0\x64\x01\0\0\0\0\0\
\0\x7e\x30\0\0\x64\x01\0\0\x20\0\0\0\x8c\x30\0\0\0\0\0\x08\x11\0\0\0\0\0\0\0\
\x02\0\0\x05\x04\0\0\0\x93\x30\0\0\x12\0\0\0\0\0\0\0\x9c\x30\0\0\x66\x01\0\0\0\
\0\0\0\0\0\0\0\0\0\0\x03\0\0\0\0\x26\0\0\0\x04\0\0\0\x02\0\0\0\0\0\0\0\x02\0\0\
\x05\x04\0\0\0\xaa\x30\0\0\x68\x01\0\0\0\0\0\0\0\0\0\0\x69\x01\0\0\0\0\0\0\xb7\
\x30\0\0\0\0\0\x08\x11\0\0\0\0\0\0\0\x02\0\0\x04\x04\0\0\0\xc2\x30\0\0\x6a\x01\
\0\0\0\0\0\0\xcc\x30\0\0\x26\0\0\0\x10\0\0\0\xd4\x30\0\0\0\0\0\x08\x26\0\0\0\0\
\0\0\0\0\0\0\x09\x48\0\0\0\0\0\0\0\x02\0\0\x05\x10\0\0\0\xdb\x30\0\0\x85\0\0\0\
\0\0\0\0\xe9\x30\0\0\x85\0\0\0\0\0\0\0\0\0\0\0\0\0\0\x02\x05\x02\0\0\xfb\x30\0\
\0\0\0\0\x08\x6f\x01\0\0\0\0\0\0\x01\0\0\x04\x08\0\0\0\x0a\x31\0\0\x70\x01\0\0\
\0\0\0\0\0\0\0\0\0\0\0\x02\x09\x02\0\0\x0e\x31\0\0\x01\0\0\x04\x10\0\0\0\x17\
\x31\0\0\x72\x01\0\0\0\0\0\0\0\0\0\0\x03\0\0\x05\x10\0\0\0\x1d\x31\0\0\x73\x01\
\0\0\0\0\0\0\x26\x31\0\0\x74\x01\0\0\0\0\0\0\x30\x31\0\0\x75\x01\0\0\0\0\0\0\0\
\0\0\0\0\0\0\x03\0\0\0\0\x47\0\0\0\x04\0\0\0\x10\0\0\0\0\0\0\0\0\0\0\x03\0\0\0\
\0\x6a\x01\0\0\x04\0\0\0\x08\0\0\0\0\0\0\0\0\0\0\x03\0\0\0\0\x64\x01\0\0\x04\0\
\0\0\x04\0\0\0\0\0\0\0\x03\0\0\x05\x08\0\0\0\x3a\x31\0\0\x0f\0\0\0\0\0\0\0\x44\
\x31\0\0\x5b\x01\0\0\0\0\0\0\x51\x31\0\0\x77\x01\0\0\0\0\0\0\0\0\0\0\0\0\0\x02\
\x0d\x02\0\0\0\0\0\0\0\0\0\x03\0\0\0\0\x02\0\0\0\x04\0\0\0\0\0\0\0\0\0\0\0\x02\
\0\0\x05\x10\0\0\0\x5b\x31\0\0\x85\0\0\0\0\0\0\0\x64\x31\0\0\x7a\x01\0\0\0\0\0\
\0\x73\x31\0\0\x02\0\0\x04\x10\0\0\0\x78\x0d\0\0\x7b\x01\0\0\0\0\0\0\x70\x15\0\
\0\x7c\x01\0\0\x40\0\0\0\0\0\0\0\0\0\0\x02\x7a\x01\0\0\0\0\0\0\0\0\0\x02\x7b\
\x01\0\0\0\0\0\0\x03\0\0\x05\x04\0\0\0\x84\x31\0\0\x02\0\0\0\0\0\0\0\x95\x31\0\
\0\x10\0\0\0\0\0\0\0\xa1\x31\0\0\x10\0\0\0\0\0\0\0\0\0\0\0\x03\0\0\x05\x04\0\0\
\0\xb0\x31\0\0\x10\0\0\0\0\0\0\0\xbb\x31\0\0\x10\0\0\0\0\0\0\0\xcc\x31\0\0\x10\
\0\0\0\0\0\0\0\xdb\x31\0\0\0\0\0\x08\x80\x01\0\0\0\0\0\0\x03\0\0\x04\x20\0\0\0\
\xe9\x31\0\0\xc6\0\0\0\0\0\0\0\xef\x31\0\0\x02\0\0\0\x20\0\0\0\x49\x29\0\0\x17\
\x01\0\0\x40\0\0\0\xf5\x31\0\0\x04\0\0\x04\x18\0\0\0\x78\x0d\0\0\x82\x01\0\0\0\
\0\0\0\x99\x0e\0\0\x82\x01\0\0\x40\0\0\0\x02\x32\0\0\x11\0\0\0\x80\0\0\0\x76\
\x15\0\0\xc6\0\0\0\xa0\0\0\0\0\0\0\0\0\0\0\x02\xaa\x01\0\0\0\0\0\0\x04\0\0\x04\
\x18\0\0\0\x07\x32\0\0\x1f\0\0\0\0\0\0\0\x7f\x18\0\0\x02\0\0\0\x20\0\0\0\x72\
\x24\0\0\x82\x01\0\0\x40\0\0\0\xd0\x15\0\0\x82\x01\0\0\x80\0\0\0\0\0\0\0\0\0\0\
\x02\x27\x02\0\0\0\0\0\0\x02\0\0\x05\x08\0\0\0\x12\x32\0\0\x86\x01\0\0\0\0\0\0\
\x18\x32\0\0\x86\x01\0\0\0\0\0\0\0\0\0\0\0\0\0\x02\x5e\x01\0\0\0\0\0\0\0\0\0\
\x02\x88\x01\0\0\x22\x32\0\0\x1b\0\0\x04\x20\x03\0\0\x2e\x32\0\0\x6e\x01\0\0\0\
\0\0\0\x35\x32\0\0\x85\0\0\0\x40\0\0\0\x3b\x32\0\0\x85\0\0\0\xc0\0\0\0\x76\x15\
\0\0\x89\x01\0\0\x40\x01\0\0\x41\x32\0\0\x1d\0\0\0\x80\x01\0\0\x48\x32\0\0\x10\
\0\0\0\xa0\x01\0\0\x4c\x32\0\0\xf3\0\0\0\xc0\x01\0\0\x52\x32\0\0\x1f\0\0\0\0\
\x03\0\0\x58\x32\0\0\x10\0\0\0\x20\x03\0\0\xe7\x1a\0\0\x10\0\0\0\x40\x03\0\0\
\x61\x32\0\0\x10\0\0\0\x60\x03\0\0\x67\x32\0\0\x90\x01\0\0\x80\x03\0\0\x6f\x18\
\0\0\x91\x01\0\0\xc0\x03\0\0\x6c\x32\0\0\x94\x01\0\0\x80\x05\0\0\x70\x32\0\0\
\x95\x01\0\0\x80\x07\0\0\x77\x32\0\0\x96\x01\0\0\x80\x08\0\0\x7c\x32\0\0\x97\
\x01\0\0\x40\x09\0\0\x81\x32\0\0\x56\0\0\0\x80\x0b\0\0\x19\0\0\0\x46\0\0\0\x88\
\x0b\0\0\x90\x32\0\0\x46\0\0\0\x90\x0b\0\0\xe9\x01\0\0\x46\0\0\0\x98\x0b\0\0\
\x97\x32\0\0\x46\0\0\0\xa0\x0b\0\0\x9f\x32\0\0\x25\0\0\0\xb0\x0b\0\0\x9a\x0b\0\
\0\x98\x01\0\0\xc0\x0b\0\0\xa6\x32\0\0\x9b\x01\0\0\0\x0c\0\0\xaf\x32\0\0\x85\0\
\0\0\0\x18\0\0\xd1\x17\0\0\x99\0\0\0\x80\x18\0\0\xc2\x32\0\0\0\0\0\x08\x8a\x01\
\0\0\0\0\0\0\x01\0\0\x04\x08\0\0\0\x97\x15\0\0\x8b\x01\0\0\0\0\0\0\xcb\x32\0\0\
\0\0\0\x08\x8c\x01\0\0\xd9\x32\0\0\x02\0\0\x04\x08\0\0\0\0\0\0\0\x8d\x01\0\0\0\
\0\0\0\x7f\x19\0\0\x8d\0\0\0\x20\0\0\0\0\0\0\0\x02\0\0\x05\x04\0\0\0\xe1\x32\0\
\0\x1f\0\0\0\0\0\0\0\0\0\0\0\x8e\x01\0\0\0\0\0\0\0\0\0\0\x02\0\0\x04\x04\0\0\0\
\xe6\x32\0\0\x46\0\0\0\0\0\0\0\xee\x32\0\0\x8f\x01\0\0\x08\0\0\0\0\0\0\0\0\0\0\
\x03\0\0\0\0\x46\0\0\0\x04\0\0\0\x03\0\0\0\xf7\x32\0\0\x02\0\0\x04\x08\0\0\0\
\x01\x33\0\0\x11\0\0\0\0\0\0\0\x03\x33\0\0\x11\0\0\0\x20\0\0\0\x05\x33\0\0\x0c\
\0\0\x04\x38\0\0\0\x13\x33\0\0\x92\x01\0\0\0\0\0\0\x19\x33\0\0\x92\x01\0\0\x80\
\0\0\0\x1f\x33\0\0\x6a\x01\0\0\0\x01\0\0\x25\x33\0\0\x6a\x01\0\0\x10\x01\0\0\
\x30\x33\0\0\x6a\x01\0\0\x20\x01\0\0\x36\x33\0\0\x6a\x01\0\0\x30\x01\0\0\x9f\
\x32\0\0\x26\0\0\0\x40\x01\0\0\x41\x33\0\0\x47\0\0\0\x50\x01\0\0\x4d\x33\0\0\
\x47\0\0\0\x58\x01\0\0\x59\x33\0\0\x47\0\0\0\x60\x01\0\0\x5f\x33\0\0\x02\0\0\0\
\x80\x01\0\0\x4a\x17\0\0\xa3\0\0\0\xa0\x01\0\0\x67\x33\0\0\0\0\0\x08\x93\x01\0\
\0\0\0\0\0\x03\0\0\x05\x10\0\0\0\x76\x33\0\0\x64\x01\0\0\0\0\0\0\x79\x33\0\0\
\x75\x01\0\0\0\0\0\0\x7c\x33\0\0\x71\x01\0\0\0\0\0\0\x80\x33\0\0\x08\0\0\x04\
\x40\0\0\0\x92\x33\0\0\x32\0\0\0\0\0\0\0\xa2\x33\0\0\x32\0\0\0\x40\0\0\0\xb2\
\x33\0\0\x32\0\0\0\x80\0\0\0\xc4\x33\0\0\x32\0\0\0\xc0\0\0\0\xd6\x33\0\0\x32\0\
\0\0\0\x01\0\0\xef\x33\0\0\x32\0\0\0\x40\x01\0\0\x08\x34\0\0\x32\0\0\0\x80\x01\
\0\0\x21\x34\0\0\x32\0\0\0\xc0\x01\0\0\x3a\x34\0\0\x04\0\0\x04\x20\0\0\0\x4c\
\x34\0\0\x32\0\0\0\0\0\0\0\x52\x34\0\0\x32\0\0\0\x40\0\0\0\x5a\x34\0\0\x32\0\0\
\0\x80\0\0\0\x63\x34\0\0\x32\0\0\0\xc0\0\0\0\x6c\x34\0\0\x02\0\0\x04\x18\0\0\0\
\x83\x34\0\0\x2f\0\0\0\0\0\0\0\x87\x34\0\0\x46\0\0\0\x80\0\0\0\x8c\x34\0\0\x03\
\0\0\x04\x48\0\0\0\x9e\x34\0\0\x81\x01\0\0\0\0\0\0\xa9\x34\0\0\xf3\0\0\0\xc0\0\
\0\0\x1c\x11\0\0\x0f\0\0\0\0\x02\0\0\0\0\0\0\0\0\0\x02\x11\x02\0\0\xb4\x34\0\0\
\x0b\0\0\x04\x40\0\0\0\xcc\x1e\0\0\x9a\x01\0\0\0\0\0\0\x19\x33\0\0\x92\x01\0\0\
\xc0\0\0\0\xbe\x34\0\0\x27\0\0\0\x40\x01\0\0\xcb\x34\0\0\x10\0\0\0\x60\x01\0\0\
\x40\x18\0\0\x46\0\0\0\x80\x01\0\0\xd1\x34\0\0\x46\0\0\0\x88\x01\0\0\xd7\x34\0\
\0\x46\0\0\0\x90\x01\0\0\xe0\x34\0\0\x46\0\0\0\x98\x01\0\0\xe8\x34\0\0\x10\0\0\
\0\xa0\x01\0\0\xef\x34\0\0\x10\0\0\0\xc0\x01\0\0\xf6\x34\0\0\x10\0\0\0\xe0\x01\
\0\0\xfd\x34\0\0\x03\0\0\x04\x18\0\0\0\x13\x33\0\0\x92\x01\0\0\0\0\0\0\x05\x35\
\0\0\x64\x01\0\0\x80\0\0\0\x59\x33\0\0\x47\0\0\0\xa0\0\0\0\0\0\0\0\0\0\0\x03\0\
\0\0\0\x99\x01\0\0\x04\0\0\0\x06\0\0\0\0\0\0\0\0\0\0\x03\0\0\0\0\x87\x01\0\0\
\x04\0\0\0\x02\0\0\0\0\0\0\0\0\0\0\x02\x0f\x02\0\0\0\0\0\0\x02\0\0\x05\x08\0\0\
\0\x09\x35\0\0\x82\x01\0\0\0\0\0\0\x16\x35\0\0\x96\0\0\0\0\0\0\0\x24\x35\0\0\0\
\0\0\x08\x31\0\0\0\x36\x35\0\0\0\0\0\x08\x12\0\0\0\0\0\0\0\0\0\0\x02\x57\x01\0\
\0\x3c\x35\0\0\x02\0\0\x04\x10\0\0\0\x6b\x21\0\0\xa3\x01\0\0\0\0\0\0\x4d\x35\0\
\0\x10\0\0\0\x40\0\0\0\0\0\0\0\0\0\0\x02\0\x02\0\0\0\0\0\0\0\0\0\x02\xa5\x01\0\
\0\x55\x35\0\0\0\0\0\x07\0\0\0\0\0\0\0\0\0\0\0\x02\xa7\x01\0\0\0\0\0\0\x01\0\0\
\x0d\0\0\0\0\0\0\0\0\x5b\x01\0\0\0\0\0\0\0\0\0\x02\xa9\x01\0\0\0\0\0\0\x02\0\0\
\x0d\x02\0\0\0\0\0\0\0\x5b\x01\0\0\0\0\0\0\x82\x01\0\0\x60\x35\0\0\x4c\0\0\x84\
\xe0\0\0\0\0\0\0\0\xab\x01\0\0\0\0\0\0\0\0\0\0\xaf\x01\0\0\xc0\0\0\0\0\0\0\0\
\xb0\x01\0\0\0\x01\0\0\x68\x35\0\0\xb1\x01\0\0\x40\x01\0\0\0\0\0\0\xb2\x01\0\0\
\xc0\x02\0\0\x6b\x35\0\0\x0f\0\0\0\x40\x03\0\0\x7f\x18\0\0\x12\0\0\0\x80\x03\0\
\0\x71\x35\0\0\x12\0\0\0\xa0\x03\0\0\x7a\x35\0\0\x26\0\0\0\xc0\x03\0\0\x82\x35\
\0\0\x26\0\0\0\xd0\x03\0\0\x8a\x35\0\0\x26\0\0\0\xe0\x03\0\0\x98\x35\0\0\xb6\
\x01\0\0\xf0\x03\0\0\xa8\x35\0\0\x47\0\0\0\xf0\x03\0\x01\xaf\x35\0\0\x47\0\0\0\
\xf1\x03\0\x01\xb5\x35\0\0\x47\0\0\0\xf2\x03\0\x02\xbc\x35\0\0\x47\0\0\0\xf4\
\x03\0\x01\xc3\x35\0\0\x47\0\0\0\xf5\x03\0\x01\xcd\x35\0\0\x47\0\0\0\xf6\x03\0\
\x01\xd8\x35\0\0\x47\0\0\0\xf7\x03\0\x01\xe3\x35\0\0\x47\0\0\0\xf8\x03\0\0\xf5\
\x35\0\0\xb7\x01\0\0\0\x04\0\0\x03\x36\0\0\xb6\x01\0\0\0\x04\0\0\x15\x36\0\0\
\x47\0\0\0\0\x04\0\x03\x1e\x36\0\0\x47\0\0\0\x03\x04\0\x01\x28\x36\0\0\x47\0\0\
\0\x04\x04\0\x01\x31\x36\0\0\x47\0\0\0\x05\x04\0\x02\x3b\x36\0\0\x47\0\0\0\x07\
\x04\0\x01\x44\x36\0\0\x47\0\0\0\x08\x04\0\x01\x4c\x36\0\0\x47\0\0\0\x09\x04\0\
\x01\x54\x36\0\0\x47\0\0\0\x0a\x04\0\x01\x65\x36\0\0\x47\0\0\0\x0b\x04\0\x01\
\x70\x36\0\0\x47\0\0\0\x0c\x04\0\x01\x77\x36\0\0\x47\0\0\0\x0d\x04\0\x01\x85\
\x36\0\0\x47\0\0\0\x0e\x04\0\x01\x94\x36\0\0\x47\0\0\0\x0f\x04\0\x01\x9f\x36\0\
\0\xb6\x01\0\0\x10\x04\0\0\xb9\x36\0\0\x47\0\0\0\x10\x04\0\x01\xc6\x36\0\0\x47\
\0\0\0\x11\x04\0\x01\xd7\x36\0\0\x47\0\0\0\x12\x04\0\x02\xe2\x36\0\0\x47\0\0\0\
\x14\x04\0\x01\xf0\x36\0\0\x47\0\0\0\x15\x04\0\x01\x04\x37\0\0\x47\0\0\0\x16\
\x04\0\x02\x13\x37\0\0\x47\0\0\0\x18\x04\0\x01\x21\x37\0\0\x47\0\0\0\x19\x04\0\
\x01\x35\x37\0\0\x47\0\0\0\x1a\x04\0\x01\x45\x37\0\0\x47\0\0\0\x1b\x04\0\x01\
\x56\x37\0\0\x47\0\0\0\x1c\x04\0\x01\x64\x37\0\0\x47\0\0\0\x1d\x04\0\x01\x6f\
\x37\0\0\x47\0\0\0\x1e\x04\0\x01\x78\x37\0\0\x47\0\0\0\x1f\x04\0\x01\x85\x37\0\
\0\x26\0\0\0\x20\x04\0\0\0\0\0\0\xb8\x01\0\0\x40\x04\0\0\x58\x32\0\0\x11\0\0\0\
\x60\x04\0\0\x8e\x37\0\0\x02\0\0\0\x80\x04\0\0\x96\x37\0\0\x11\0\0\0\xa0\x04\0\
\0\x9b\x37\0\0\x6a\x01\0\0\xc0\x04\0\0\xa6\x37\0\0\x26\0\0\0\xd0\x04\0\0\0\0\0\
\0\xbb\x01\0\0\xe0\x04\0\0\xaf\x37\0\0\x11\0\0\0\0\x05\0\0\0\0\0\0\xbc\x01\0\0\
\x20\x05\0\0\0\0\0\0\xbd\x01\0\0\x40\x05\0\0\xb7\x37\0\0\x26\0\0\0\x50\x05\0\0\
\xce\x37\0\0\x26\0\0\0\x60\x05\0\0\xe3\x37\0\0\x26\0\0\0\x70\x05\0\0\xf4\x37\0\
\0\x6a\x01\0\0\x80\x05\0\0\xfd\x37\0\0\x26\0\0\0\x90\x05\0\0\x0e\x38\0\0\x26\0\
\0\0\xa0\x05\0\0\x1d\x38\0\0\x26\0\0\0\xb0\x05\0\0\x28\x38\0\0\xb7\x01\0\0\xc0\
\x05\0\0\xd0\x15\0\0\xbe\x01\0\0\xc0\x05\0\0\x34\x38\0\0\xbe\x01\0\0\xe0\x05\0\
\0\x72\x24\0\0\xbf\x01\0\0\0\x06\0\0\x38\x38\0\0\xbf\x01\0\0\x40\x06\0\0\x3d\
\x38\0\0\x12\0\0\0\x80\x06\0\0\x46\x38\0\0\x1d\0\0\0\xa0\x06\0\0\x4c\x38\0\0\
\xc0\x01\0\0\xc0\x06\0\0\0\0\0\0\x03\0\0\x05\x18\0\0\0\0\0\0\0\xac\x01\0\0\0\0\
\0\0\x57\x38\0\0\x2d\0\0\0\0\0\0\0\x13\x18\0\0\x2f\0\0\0\0\0\0\0\0\0\0\0\x03\0\
\0\x04\x18\0\0\0\x78\x0d\0\0\x82\x01\0\0\0\0\0\0\x99\x0e\0\0\x82\x01\0\0\x40\0\
\0\0\0\0\0\0\xad\x01\0\0\x80\0\0\0\0\0\0\0\x02\0\0\x05\x08\0\0\0\x5e\x38\0\0\
\xae\x01\0\0\0\0\0\0\x62\x38\0\0\x0f\0\0\0\0\0\0\0\0\0\0\0\0\0\0\x02\x08\x02\0\
\0\0\0\0\0\x02\0\0\x05\x08\0\0\0\x42\x29\0\0\x5b\x01\0\0\0\0\0\0\x6e\x38\0\0\
\x02\0\0\0\0\0\0\0\0\0\0\0\x02\0\0\x05\x08\0\0\0\x38\x1d\0\0\x40\0\0\0\0\0\0\0\
\x7f\x38\0\0\x31\0\0\0\0\0\0\0\0\0\0\0\0\0\0\x03\0\0\0\0\x65\0\0\0\x04\0\0\0\
\x30\0\0\0\0\0\0\0\x03\0\0\x05\x10\0\0\0\0\0\0\0\xb3\x01\0\0\0\0\0\0\x8d\x38\0\
\0\x2f\0\0\0\0\0\0\0\xa0\x38\0\0\x0f\0\0\0\0\0\0\0\0\0\0\0\x02\0\0\x04\x10\0\0\
\0\xaa\x38\0\0\x0f\0\0\0\0\0\0\0\xb6\x38\0\0\xb4\x01\0\0\x40\0\0\0\0\0\0\0\0\0\
\0\x02\xb5\x01\0\0\0\0\0\0\x01\0\0\x0d\0\0\0\0\0\0\0\0\x82\x01\0\0\0\0\0\0\0\0\
\0\x03\0\0\0\0\x47\0\0\0\x04\0\0\0\0\0\0\0\0\0\0\0\0\0\0\x03\0\0\0\0\x11\0\0\0\
\x04\0\0\0\0\0\0\0\0\0\0\0\x02\0\0\x05\x04\0\0\0\xc1\x38\0\0\xb9\x01\0\0\0\0\0\
\0\0\0\0\0\xba\x01\0\0\0\0\0\0\xc6\x38\0\0\0\0\0\x08\x11\0\0\0\0\0\0\0\x02\0\0\
\x04\x04\0\0\0\xcd\x38\0\0\x26\0\0\0\0\0\0\0\xd8\x38\0\0\x26\0\0\0\x10\0\0\0\0\
\0\0\0\x02\0\0\x05\x04\0\0\0\xe4\x38\0\0\x12\0\0\0\0\0\0\0\xec\x38\0\0\x12\0\0\
\0\0\0\0\0\0\0\0\0\x02\0\0\x05\x04\0\0\0\x67\x32\0\0\x11\0\0\0\0\0\0\0\xf7\x38\
\0\0\x11\0\0\0\0\0\0\0\0\0\0\0\x02\0\0\x05\x02\0\0\0\x09\x39\0\0\x6a\x01\0\0\0\
\0\0\0\x18\x39\0\0\x47\0\0\0\0\0\0\0\x26\x39\0\0\0\0\0\x08\x12\0\0\0\0\0\0\0\0\
\0\0\x02\x48\0\0\0\0\0\0\0\0\0\0\x02\x26\x02\0\0\0\0\0\0\0\0\0\x02\x17\x02\0\0\
\x45\x3e\0\0\x02\0\0\x04\x08\x04\0\0\0\0\0\0\xc3\x01\0\0\0\0\0\0\x4f\x3e\0\0\
\xf3\x01\0\0\x40\x20\0\0\0\0\0\0\x3a\0\0\x04\x08\x04\0\0\x6b\x20\0\0\x5c\0\0\0\
\0\0\0\0\x5a\x3e\0\0\x96\0\0\0\x40\0\0\0\x60\x3e\0\0\x31\0\0\0\x80\0\0\0\x70\
\x3e\0\0\xc4\x01\0\0\xc0\0\0\0\x82\x3e\0\0\x0f\0\0\0\0\x01\0\0\x8c\x3e\0\0\x0f\
\0\0\0\x40\x01\0\0\x9d\x3e\0\0\x0f\0\0\0\x80\x01\0\0\xae\x3e\0\0\x0f\0\0\0\xc0\
\x01\0\0\xc6\x3e\0\0\x0f\0\0\0\0\x02\0\0\xd0\x3e\0\0\x0f\0\0\0\x40\x02\0\0\xdf\
\x3e\0\0\xd8\x01\0\0\x80\x02\0\0\xe3\x3e\0\0\x1f\0\0\0\xc0\x02\0\0\xf4\x3e\0\0\
\x1f\0\0\0\xe0\x02\0\0\xfd\x3e\0\0\x1f\0\0\0\0\x03\0\0\x06\x3f\0\0\x6a\0\0\0\
\x40\x03\0\0\x15\x3f\0\0\x02\0\0\0\x80\x03\0\0\x1f\x3f\0\0\xc6\0\0\0\xa0\x03\0\
\0\x2f\x3f\0\0\xdc\x01\0\0\xc0\x03\0\0\x39\x3f\0\0\x2f\0\0\0\0\x05\0\0\x40\x3f\
\0\0\x0f\0\0\0\x80\x05\0\0\x4c\x3f\0\0\x0f\0\0\0\xc0\x05\0\0\x57\x3f\0\0\x0f\0\
\0\0\0\x06\0\0\x60\x3f\0\0\x0f\0\0\0\x40\x06\0\0\x6a\x3f\0\0\x6b\0\0\0\x80\x06\
\0\0\x74\x3f\0\0\x0f\0\0\0\xc0\x06\0\0\x7c\x3f\0\0\x0f\0\0\0\0\x07\0\0\x84\x3f\
\0\0\x0f\0\0\0\x40\x07\0\0\x8d\x3f\0\0\x0f\0\0\0\x80\x07\0\0\x97\x3f\0\0\xd9\0\
\0\0\xc0\x07\0\0\xa9\x3f\0\0\xc6\0\0\0\xe0\x07\0\0\xb2\x3f\0\0\x0f\0\0\0\0\x08\
\0\0\xbd\x3f\0\0\x0f\0\0\0\x40\x08\0\0\xc6\x3f\0\0\x0f\0\0\0\x80\x08\0\0\xd1\
\x3f\0\0\x0f\0\0\0\xc0\x08\0\0\xda\x3f\0\0\x0f\0\0\0\0\x09\0\0\xe4\x3f\0\0\x0f\
\0\0\0\x40\x09\0\0\xe8\x3f\0\0\x0f\0\0\0\x80\x09\0\0\xf4\x3f\0\0\x0f\0\0\0\xc0\
\x09\0\0\xfe\x3f\0\0\x0f\0\0\0\0\x0a\0\0\x06\x40\0\0\x0f\0\0\0\x40\x0a\0\0\x10\
\x40\0\0\x0f\0\0\0\x80\x0a\0\0\x18\x40\0\0\xdd\x01\0\0\xc0\x0a\0\0\x9e\x04\0\0\
\xde\x01\0\0\xc0\x16\0\0\x23\x40\0\0\xe0\x01\0\0\xc0\x17\0\0\x2a\x40\0\0\xe1\
\x01\0\0\0\x18\0\0\xe9\x01\0\0\x0f\0\0\0\0\x1c\0\0\x32\x40\0\0\xe8\x01\0\0\x40\
\x1c\0\0\x3d\x40\0\0\xc6\0\0\0\x80\x1c\0\0\x48\x40\0\0\xe9\x01\0\0\xc0\x1c\0\0\
\x4f\x17\0\0\xad\0\0\0\0\x1d\0\0\x54\x40\0\0\x69\0\0\0\x40\x1d\0\0\x5d\x40\0\0\
\xea\x01\0\0\x80\x1d\0\0\x74\x40\0\0\x1f\0\0\0\xc0\x1d\0\0\x86\x40\0\0\x56\0\0\
\0\xe0\x1d\0\0\x98\x40\0\0\xeb\x01\0\0\0\x1e\0\0\xa6\x40\0\0\xed\x01\0\0\x40\
\x1e\0\0\xb5\x40\0\0\x10\0\0\0\x40\x1f\0\0\xbb\x40\0\0\xf2\x01\0\0\x80\x1f\0\0\
\0\0\0\0\0\0\0\x02\xc5\x01\0\0\0\0\0\0\x05\0\0\x0d\x0f\0\0\0\0\0\0\0\x69\0\0\0\
\0\0\0\0\x0f\0\0\0\0\0\0\0\x0f\0\0\0\0\0\0\0\x0f\0\0\0\0\0\0\0\x0f\0\0\0\x3d\
\x29\0\0\x15\0\0\x04\xf0\0\0\0\xc3\x40\0\0\xc7\x01\0\0\0\0\0\0\xc7\x40\0\0\xc8\
\x01\0\0\x80\0\0\0\xce\x40\0\0\xcb\x01\0\0\x40\x01\0\0\xd6\x40\0\0\xcc\x01\0\0\
\x80\x01\0\0\xdb\x40\0\0\xc6\0\0\0\xc0\x01\0\0\xe2\x40\0\0\xce\x01\0\0\xe0\x01\
\0\0\xef\x40\0\0\x6a\0\0\0\0\x02\0\0\xf7\x40\0\0\x12\0\0\0\x40\x02\0\0\xff\x40\
\0\0\xcf\x01\0\0\x60\x02\0\0\x06\x41\0\0\xdf\0\0\0\x80\x02\0\0\x11\x41\0\0\xd0\
\x01\0\0\x80\x03\0\0\x17\x41\0\0\xd2\x01\0\0\xc0\x03\0\0\x1f\x41\0\0\x9d\0\0\0\
\xc0\x04\0\0\x26\x41\0\0\xd4\x01\0\0\0\x05\0\0\x2b\x41\0\0\x31\0\0\0\0\x06\0\0\
\x35\x41\0\0\x1c\0\0\0\x40\x06\0\0\x40\x41\0\0\x1c\0\0\0\x80\x06\0\0\x4d\x41\0\
\0\xd5\x01\0\0\xc0\x06\0\0\x52\x41\0\0\xd6\x01\0\0\0\x07\0\0\x5c\x41\0\0\xd7\
\x01\0\0\x40\x07\0\0\x65\x41\0\0\xd7\x01\0\0\x60\x07\0\0\0\0\0\0\x02\0\0\x05\
\x10\0\0\0\x6e\x41\0\0\x22\0\0\0\0\0\0\0\x77\x41\0\0\x99\0\0\0\0\0\0\0\x82\x41\
\0\0\x03\0\0\x04\x18\0\0\0\x87\x41\0\0\xc9\x01\0\0\0\0\0\0\x8b\x41\0\0\xca\x01\
\0\0\x40\0\0\0\x92\x41\0\0\x02\0\0\0\x80\0\0\0\0\0\0\0\0\0\0\x02\xf8\x01\0\0\0\
\0\0\0\0\0\0\x02\xf9\x01\0\0\0\0\0\0\0\0\0\x02\xfa\x01\0\0\0\0\0\0\0\0\0\x02\
\xcd\x01\0\0\0\0\0\0\0\0\0\x0a\x0c\x02\0\0\x9d\x41\0\0\x06\0\0\x06\x04\0\0\0\
\xa5\x41\0\0\0\0\0\0\xb8\x41\0\0\x01\0\0\0\xc8\x41\0\0\x02\0\0\0\xd9\x41\0\0\
\x03\0\0\0\xeb\x41\0\0\x04\0\0\0\xfb\x41\0\0\x05\0\0\0\x0e\x42\0\0\0\0\0\x08\
\x12\0\0\0\x16\x42\0\0\0\0\0\x08\xd1\x01\0\0\x1d\x42\0\0\0\0\0\x08\x36\0\0\0\
\x2d\x42\0\0\x06\0\0\x04\x20\0\0\0\x76\x15\0\0\x89\x01\0\0\0\0\0\0\xdc\x05\0\0\
\x84\0\0\0\x40\0\0\0\x39\x42\0\0\xd3\x01\0\0\x80\0\0\0\x8a\x16\0\0\xa0\0\0\0\
\xa0\0\0\0\x9c\x16\0\0\xa0\0\0\0\xc0\0\0\0\x42\x42\0\0\x02\0\0\0\xe0\0\0\0\x39\
\x42\0\0\x05\0\0\x06\x04\0\0\0\x49\x42\0\0\0\0\0\0\x55\x42\0\0\x01\0\0\0\x62\
\x42\0\0\x02\0\0\0\x6f\x42\0\0\x03\0\0\0\x7b\x42\0\0\x04\0\0\0\x87\x42\0\0\x06\
\0\0\x04\x20\0\0\0\x95\x42\0\0\x0f\0\0\0\0\0\0\0\x5c\x1b\0\0\x12\0\0\0\x40\0\0\
\0\x9b\x42\0\0\x12\0\0\0\x60\0\0\0\xa6\x42\0\0\x12\0\0\0\x80\0\0\0\xaf\x42\0\0\
\x12\0\0\0\xa0\0\0\0\xb9\x42\0\0\xd0\x01\0\0\xc0\0\0\0\0\0\0\0\0\0\0\x02\x4b\0\
\0\0\0\0\0\0\0\0\0\x02\x03\x02\0\0\xc2\x42\0\0\0\0\0\x08\x10\0\0\0\0\0\0\0\0\0\
\0\x02\xd9\x01\0\0\xcb\x42\0\0\0\0\0\x08\xda\x01\0\0\0\0\0\0\x01\0\0\x04\x08\0\
\0\0\xdf\x3e\0\0\xdb\x01\0\0\0\0\0\0\xd1\x42\0\0\0\0\0\x08\x0f\0\0\0\xda\x42\0\
\0\x05\0\0\x04\x28\0\0\0\x86\x14\0\0\x6a\0\0\0\0\0\0\0\x79\x19\0\0\x6a\0\0\0\
\x40\0\0\0\x89\x19\0\0\xe0\0\0\0\x80\0\0\0\x7f\x19\0\0\x8b\0\0\0\xa0\0\0\0\x8d\
\x19\0\0\x2f\0\0\0\xc0\0\0\0\0\0\0\0\0\0\0\x03\0\0\0\0\x0f\0\0\0\x04\0\0\0\x30\
\0\0\0\xe7\x42\0\0\x01\0\0\x04\x20\0\0\0\x86\x14\0\0\xdf\x01\0\0\0\0\0\0\0\0\0\
\0\0\0\0\x03\0\0\0\0\x6a\0\0\0\x04\0\0\0\x04\0\0\0\0\0\0\0\0\0\0\x02\x02\x02\0\
\0\xf3\x42\0\0\0\0\0\x08\xe2\x01\0\0\0\0\0\0\x0b\0\0\x04\x80\0\0\0\0\x43\0\0\
\x31\0\0\0\0\0\0\0\x07\x43\0\0\x6b\0\0\0\x40\0\0\0\x0f\x43\0\0\xdc\x01\0\0\x80\
\0\0\0\x1b\x43\0\0\xe3\x01\0\0\xc0\x01\0\0\xe9\x01\0\0\x27\0\0\0\0\x02\0\0\x76\
\x15\0\0\xdf\0\0\0\x40\x02\0\0\x1f\x43\0\0\x1c\0\0\0\x40\x03\0\0\x24\x43\0\0\
\xe4\x01\0\0\x80\x03\0\0\x2f\x43\0\0\x1f\0\0\0\xc0\x03\0\0\x42\x43\0\0\x25\0\0\
\0\xe0\x03\0\0\x56\x43\0\0\xe6\x01\0\0\xf0\x03\0\0\0\0\0\0\0\0\0\x02\x36\x02\0\
\0\0\0\0\0\0\0\0\x02\xe5\x01\0\0\0\0\0\0\0\0\0\x0a\x37\x02\0\0\x68\x43\0\0\0\0\
\0\x08\xe7\x01\0\0\x6c\x43\0\0\0\0\0\x08\x5a\x01\0\0\0\0\0\0\0\0\0\x02\x38\x02\
\0\0\0\0\0\0\0\0\0\x02\x39\x02\0\0\0\0\0\0\0\0\0\x02\x3a\x02\0\0\x98\x40\0\0\
\x01\0\0\x04\x08\0\0\0\x72\x43\0\0\xec\x01\0\0\0\0\0\0\0\0\0\0\0\0\0\x02\x3b\
\x02\0\0\x7b\x43\0\0\x03\0\0\x04\x20\0\0\0\x38\x38\0\0\x6a\0\0\0\0\0\0\0\x6c\
\x1b\0\0\x2f\0\0\0\x40\0\0\0\x6a\x16\0\0\xee\x01\0\0\xc0\0\0\0\x87\x43\0\0\0\0\
\0\x08\xef\x01\0\0\0\0\0\0\0\0\0\x02\xf0\x01\0\0\0\0\0\0\x01\0\0\x0d\0\0\0\0\0\
\0\0\0\xf1\x01\0\0\0\0\0\0\0\0\0\x02\xed\x01\0\0\0\0\0\0\x02\0\0\x04\x18\0\0\0\
\x13\x18\0\0\x2f\0\0\0\0\0\0\0\x93\x43\0\0\x0f\0\0\0\x80\0\0\0\0\0\0\0\0\0\0\
\x03\0\0\0\0\x0f\0\0\0\x04\0\0\0\0\0\0\0\0\0\0\0\0\0\0\x03\0\0\0\0\x64\0\0\0\
\x04\0\0\0\x0d\0\0\0\x3b\x46\0\0\0\0\0\x0e\xf4\x01\0\0\x01\0\0\0\x43\x46\0\0\
\x01\0\0\x0f\0\0\0\0\x08\0\0\0\0\0\0\0\x10\0\0\0\x49\x46\0\0\x01\0\0\x0f\0\0\0\
\0\xf5\x01\0\0\0\0\0\0\x0d\0\0\0\x51\x46\0\0\0\0\0\x07\0\0\0\0\x8b\x41\0\0\0\0\
\0\x07\0\0\0\0\x5a\x46\0\0\0\0\0\x07\0\0\0\0\x60\x46\0\0\0\0\0\x07\0\0\0\0\x26\
\x0e\0\0\0\0\0\x07\0\0\0\0\x6f\x46\0\0\0\0\0\x07\0\0\0\0\x7f\x02\0\0\0\0\0\x07\
\0\0\0\0\x84\x46\0\0\0\0\0\x07\0\0\0\0\x6b\x21\0\0\0\0\0\x07\0\0\0\0\x8f\x46\0\
\0\0\0\0\x07\0\0\0\0\x9f\x46\0\0\0\0\0\x07\0\0\0\0\xac\x46\0\0\0\0\0\x07\0\0\0\
\0\x57\x1b\0\0\0\0\0\x07\0\0\0\0\x59\x33\0\0\0\0\0\x07\0\0\0\0\xba\x46\0\0\0\0\
\0\x07\0\0\0\0\xc8\x46\0\0\0\0\0\x07\0\0\0\0\xd4\x46\0\0\0\0\0\x07\0\0\0\0\x0a\
\x31\0\0\0\0\0\x07\0\0\0\0\x57\x17\0\0\0\0\0\x07\0\0\0\0\xdf\x46\0\0\0\0\0\x07\
\0\0\0\0\xea\x46\0\0\0\0\0\x07\0\0\0\0\xfa\x46\0\0\0\0\0\x07\0\0\0\0\x12\x47\0\
\0\0\0\0\x07\0\0\0\0\x24\x47\0\0\0\0\0\x07\0\0\0\0\x2e\x47\0\0\0\0\0\x07\0\0\0\
\0\x41\x47\0\0\0\0\0\x07\0\0\0\0\x4e\x47\0\0\0\0\0\x07\0\0\0\0\xdc\x05\0\0\0\0\
\0\x07\0\0\0\0\x57\x47\0\0\0\0\0\x07\0\0\0\0\x65\x47\0\0\0\0\0\x07\0\0\0\0\x5f\
\x17\0\0\0\0\0\x07\0\0\0\0\x69\x47\0\0\0\0\0\x07\0\0\0\0\x78\x47\0\0\0\0\0\x07\
\0\0\0\0\x88\x47\0\0\0\0\0\x07\0\0\0\0\xb3\x08\0\0\0\0\0\x07\0\0\0\0\x91\x47\0\
\0\0\0\0\x07\0\0\0\0\x9a\x47\0\0\0\0\0\x07\0\0\0\0\xa9\x47\0\0\0\0\0\x07\0\0\0\
\0\xbb\x47\0\0\0\0\0\x07\0\0\0\0\xca\x47\0\0\0\0\0\x07\0\0\0\0\x4d\x07\0\0\0\0\
\0\x07\0\0\0\0\xd1\x47\0\0\0\0\0\x07\0\0\0\0\xdf\x47\0\0\0\0\0\x07\0\0\0\0\xe9\
\x47\0\0\0\0\0\x07\0\0\0\0\x93\x07\0\0\0\0\0\x07\0\0\0\0\xf6\x47\0\0\0\0\0\x07\
\0\0\0\0\x04\x48\0\0\0\0\0\x07\0\0\0\0\x38\x2b\0\0\0\0\0\x07\0\0\0\0\x0c\x48\0\
\0\0\0\0\x07\0\0\0\0\xa5\x08\0\0\0\0\0\x07\0\0\0\0\xd2\x08\0\0\0\0\0\x07\0\0\0\
\0\xc1\x08\0\0\0\0\0\x07\0\0\0\0\x1a\x48\0\0\0\0\0\x07\0\0\0\0\x2b\x48\0\0\0\0\
\0\x07\0\0\0\0\x38\x48\0\0\0\0\0\x07\0\0\0\0\xc0\x19\0\0\0\0\0\x07\0\0\0\0\x44\
\x48\0\0\0\0\0\x07\0\0\0\0\x50\x48\0\0\0\0\0\x07\0\0\0\0\x67\x48\0\0\0\0\0\x07\
\0\0\0\0\x77\x48\0\0\0\0\0\x07\0\0\0\0\x89\x48\0\0\0\0\0\x07\0\0\0\0\x9e\x48\0\
\0\0\0\0\x07\0\0\0\0\xad\x48\0\0\0\0\0\x07\0\0\0\0\x24\x43\0\0\0\0\0\x07\0\0\0\
\0\x32\x40\0\0\0\0\0\x07\0\0\0\0\xb8\x48\0\0\0\0\0\x07\0\0\0\0\xc5\x48\0\0\0\0\
\0\x07\0\0\0\0\x72\x43\0\0\0\0\0\x07\0\0\0\0\xbe\x13\0\0\0\0\0\x07\0\0\0\0\xe0\
\x48\0\0\0\0\0\x07\0\0\0\0\xf0\x48\0\0\0\0\0\x07\0\0\0\0\xf8\x48\0\0\0\0\0\x07\
\0\0\0\0\x03\x08\0\0\0\0\0\x07\0\0\0\0\xdd\x08\0\0\0\0\0\x07\0\0\0\0\x07\x49\0\
\0\0\0\0\x07\0\0\0\0\x18\x49\0\0\0\0\0\x07\0\0\0\0\x30\x49\0\0\0\0\0\x07\0\0\0\
\0\x29\x0a\0\0\0\0\0\x07\0\0\0\0\x3f\x49\0\0\0\0\0\x07\0\0\0\0\x50\x49\0\0\0\0\
\0\x07\0\0\0\0\x5c\x49\0\0\0\0\0\x07\0\0\0\0\x66\x49\0\0\0\0\0\x07\0\0\0\0\xf2\
\x1b\0\0\0\0\0\x07\0\0\0\0\x72\x49\0\0\0\0\0\x07\0\0\0\0\x80\x49\0\0\0\0\0\x07\
\0\0\0\0\0\x69\x6e\x74\0\x5f\x5f\x41\x52\x52\x41\x59\x5f\x53\x49\x5a\x45\x5f\
\x54\x59\x50\x45\x5f\x5f\0\x74\x79\x70\x65\0\x6d\x61\x78\x5f\x65\x6e\x74\x72\
\x69\x65\x73\0\x72\x62\0\x75\x6e\x73\x69\x67\x6e\x65\x64\x20\x6c\x6f\x6e\x67\
\x20\x6c\x6f\x6e\x67\0\x63\x74\x78\0\x63\x72\x6f\x73\x5f\x68\x61\x6e\x64\x6c\
\x65\x5f\x69\x6e\x65\x74\x5f\x6c\x69\x73\x74\x65\x6e\0\x72\x61\x77\x5f\x74\x72\
\x61\x63\x65\x70\x6f\x69\x6e\x74\x2f\x63\x72\x6f\x73\x5f\x69\x6e\x65\x74\x5f\
\x6c\x69\x73\x74\x65\x6e\0\x2f\x62\x75\x69\x6c\x64\x2f\x61\x6d\x64\x36\x34\x2d\
\x67\x65\x6e\x65\x72\x69\x63\x2f\x76\x61\x72\x2f\x63\x61\x63\x68\x65\x2f\x70\
\x6f\x72\x74\x61\x67\x65\x2f\x63\x68\x72\x6f\x6d\x65\x6f\x73\x2d\x62\x61\x73\
\x65\x2f\x73\x65\x63\x61\x67\x65\x6e\x74\x64\x2f\x6f\x75\x74\x2f\x44\x65\x66\
\x61\x75\x6c\x74\x2f\x2e\x2e\x2f\x2e\x2e\x2f\x2e\x2e\x2f\x2e\x2e\x2f\x2e\x2e\
\x2f\x2e\x2e\x2f\x2e\x2e\x2f\x74\x6d\x70\x2f\x70\x6f\x72\x74\x61\x67\x65\x2f\
\x63\x68\x72\x6f\x6d\x65\x6f\x73\x2d\x62\x61\x73\x65\x2f\x73\x65\x63\x61\x67\
\x65\x6e\x74\x64\x2d\x39\x39\x39\x39\x2f\x77\x6f\x72\x6b\x2f\x73\x65\x63\x61\
\x67\x65\x6e\x74\x64\x2d\x39\x39\x39\x39\x2f\x70\x6c\x61\x74\x66\x6f\x72\x6d\
\x32\x2f\x73\x65\x63\x61\x67\x65\x6e\x74\x64\x2f\x62\x70\x66\x2f\x6e\x65\x74\
\x77\x6f\x72\x6b\x5f\x62\x70\x66\x2e\x63\0\x69\x6e\x74\x20\x42\x50\x46\x5f\x50\
\x52\x4f\x47\x28\x63\x72\x6f\x73\x5f\x68\x61\x6e\x64\x6c\x65\x5f\x69\x6e\x65\
\x74\x5f\x6c\x69\x73\x74\x65\x6e\x2c\0\x20\x20\x69\x66\x20\x28\x72\x76\x20\x21\
\x3d\x20\x30\x29\x20\x7b\0\x20\x20\x73\x74\x72\x75\x63\x74\x20\x74\x61\x73\x6b\
\x5f\x73\x74\x72\x75\x63\x74\x2a\x20\x74\x20\x3d\x20\x28\x73\x74\x72\x75\x63\
\x74\x20\x74\x61\x73\x6b\x5f\x73\x74\x72\x75\x63\x74\x2a\x29\x62\x70\x66\x5f\
\x67\x65\x74\x5f\x63\x75\x72\x72\x65\x6e\x74\x5f\x74\x61\x73\x6b\x28\x29\x3b\0\
\x74\x61\x73\x6b\x5f\x73\x74\x72\x75\x63\x74\0\x74\x68\x72\x65\x61\x64\x5f\x69\
\x6e\x66\x6f\0\x5f\x5f\x73\x74\x61\x74\x65\0\x73\x74\x61\x63\x6b\0\x75\x73\x61\
\x67\x65\0\x66\x6c\x61\x67\x73\0\x70\x74\x72\x61\x63\x65\0\x6f\x6e\x5f\x63\x70\
\x75\0\x77\x61\x6b\x65\x5f\x65\x6e\x74\x72\x79\0\x63\x70\x75\0\x77\x61\x6b\x65\
\x65\x5f\x66\x6c\x69\x70\x73\0\x77\x61\x6b\x65\x65\x5f\x66\x6c\x69\x70\x5f\x64\
\x65\x63\x61\x79\x5f\x74\x73\0\x6c\x61\x73\x74\x5f\x77\x61\x6b\x65\x65\0\x72\
\x65\x63\x65\x6e\x74\x5f\x75\x73\x65\x64\x5f\x63\x70\x75\0\x77\x61\x6b\x65\x5f\
\x63\x70\x75\0\x6f\x6e\x5f\x72\x71\0\x70\x72\x69\x6f\0\x73\x74\x61\x74\x69\x63\
\x5f\x70\x72\x69\x6f\0\x6e\x6f\x72\x6d\x61\x6c\x5f\x70\x72\x69\x6f\0\x72\x74\
\x5f\x70\x72\x69\x6f\x72\x69\x74\x79\0\x73\x63\x68\x65\x64\x5f\x63\x6c\x61\x73\
\x73\0\x73\x65\0\x72\x74\0\x64\x6c\0\x63\x6f\x72\x65\x5f\x6e\x6f\x64\x65\0\x63\
\x6f\x72\x65\x5f\x63\x6f\x6f\x6b\x69\x65\0\x63\x6f\x72\x65\x5f\x6f\x63\x63\x75\
\x70\x61\x74\x69\x6f\x6e\0\x73\x63\x68\x65\x64\x5f\x74\x61\x73\x6b\x5f\x67\x72\
\x6f\x75\x70\0\x70\x72\x65\x65\x6d\x70\x74\x5f\x6e\x6f\x74\x69\x66\x69\x65\x72\
\x73\0\x62\x74\x72\x61\x63\x65\x5f\x73\x65\x71\0\x70\x6f\x6c\x69\x63\x79\0\x6e\
\x72\x5f\x63\x70\x75\x73\x5f\x61\x6c\x6c\x6f\x77\x65\x64\0\x63\x70\x75\x73\x5f\
\x70\x74\x72\0\x75\x73\x65\x72\x5f\x63\x70\x75\x73\x5f\x70\x74\x72\0\x63\x70\
\x75\x73\x5f\x6d\x61\x73\x6b\0\x6d\x69\x67\x72\x61\x74\x69\x6f\x6e\x5f\x70\x65\
\x6e\x64\x69\x6e\x67\0\x6d\x69\x67\x72\x61\x74\x69\x6f\x6e\x5f\x64\x69\x73\x61\
\x62\x6c\x65\x64\0\x6d\x69\x67\x72\x61\x74\x69\x6f\x6e\x5f\x66\x6c\x61\x67\x73\
\0\x72\x63\x75\x5f\x72\x65\x61\x64\x5f\x6c\x6f\x63\x6b\x5f\x6e\x65\x73\x74\x69\
\x6e\x67\0\x72\x63\x75\x5f\x72\x65\x61\x64\x5f\x75\x6e\x6c\x6f\x63\x6b\x5f\x73\
\x70\x65\x63\x69\x61\x6c\0\x72\x63\x75\x5f\x6e\x6f\x64\x65\x5f\x65\x6e\x74\x72\
\x79\0\x72\x63\x75\x5f\x62\x6c\x6f\x63\x6b\x65\x64\x5f\x6e\x6f\x64\x65\0\x72\
\x63\x75\x5f\x74\x61\x73\x6b\x73\x5f\x6e\x76\x63\x73\x77\0\x72\x63\x75\x5f\x74\
\x61\x73\x6b\x73\x5f\x68\x6f\x6c\x64\x6f\x75\x74\0\x72\x63\x75\x5f\x74\x61\x73\
\x6b\x73\x5f\x69\x64\x78\0\x72\x63\x75\x5f\x74\x61\x73\x6b\x73\x5f\x69\x64\x6c\
\x65\x5f\x63\x70\x75\0\x72\x63\x75\x5f\x74\x61\x73\x6b\x73\x5f\x68\x6f\x6c\x64\
\x6f\x75\x74\x5f\x6c\x69\x73\x74\0\x74\x72\x63\x5f\x72\x65\x61\x64\x65\x72\x5f\
\x6e\x65\x73\x74\x69\x6e\x67\0\x74\x72\x63\x5f\x69\x70\x69\x5f\x74\x6f\x5f\x63\
\x70\x75\0\x74\x72\x63\x5f\x72\x65\x61\x64\x65\x72\x5f\x73\x70\x65\x63\x69\x61\
\x6c\0\x74\x72\x63\x5f\x72\x65\x61\x64\x65\x72\x5f\x63\x68\x65\x63\x6b\x65\x64\
\0\x74\x72\x63\x5f\x68\x6f\x6c\x64\x6f\x75\x74\x5f\x6c\x69\x73\x74\0\x73\x63\
\x68\x65\x64\x5f\x69\x6e\x66\x6f\0\x74\x61\x73\x6b\x73\0\x70\x75\x73\x68\x61\
\x62\x6c\x65\x5f\x74\x61\x73\x6b\x73\0\x70\x75\x73\x68\x61\x62\x6c\x65\x5f\x64\
\x6c\x5f\x74\x61\x73\x6b\x73\0\x6d\x6d\0\x61\x63\x74\x69\x76\x65\x5f\x6d\x6d\0\
\x76\x6d\x61\x63\x61\x63\x68\x65\0\x72\x73\x73\x5f\x73\x74\x61\x74\0\x65\x78\
\x69\x74\x5f\x73\x74\x61\x74\x65\0\x65\x78\x69\x74\x5f\x63\x6f\x64\x65\0\x65\
\x78\x69\x74\x5f\x73\x69\x67\x6e\x61\x6c\0\x70\x64\x65\x61\x74\x68\x5f\x73\x69\
\x67\x6e\x61\x6c\0\x6a\x6f\x62\x63\x74\x6c\0\x70\x65\x72\x73\x6f\x6e\x61\x6c\
\x69\x74\x79\0\x73\x63\x68\x65\x64\x5f\x72\x65\x73\x65\x74\x5f\x6f\x6e\x5f\x66\
\x6f\x72\x6b\0\x73\x63\x68\x65\x64\x5f\x63\x6f\x6e\x74\x72\x69\x62\x75\x74\x65\
\x73\x5f\x74\x6f\x5f\x6c\x6f\x61\x64\0\x73\x63\x68\x65\x64\x5f\x6d\x69\x67\x72\
\x61\x74\x65\x64\0\x73\x63\x68\x65\x64\x5f\x70\x73\x69\x5f\x77\x61\x6b\x65\x5f\
\x72\x65\x71\x75\x65\x75\x65\0\x73\x63\x68\x65\x64\x5f\x72\x65\x6d\x6f\x74\x65\
\x5f\x77\x61\x6b\x65\x75\x70\0\x69\x6e\x5f\x65\x78\x65\x63\x76\x65\0\x69\x6e\
\x5f\x69\x6f\x77\x61\x69\x74\0\x72\x65\x73\x74\x6f\x72\x65\x5f\x73\x69\x67\x6d\
\x61\x73\x6b\0\x69\x6e\x5f\x6c\x72\x75\x5f\x66\x61\x75\x6c\x74\0\x6e\x6f\x5f\
\x63\x67\x72\x6f\x75\x70\x5f\x6d\x69\x67\x72\x61\x74\x69\x6f\x6e\0\x66\x72\x6f\
\x7a\x65\x6e\0\x75\x73\x65\x5f\x6d\x65\x6d\x64\x65\x6c\x61\x79\0\x69\x6e\x5f\
\x6d\x65\x6d\x73\x74\x61\x6c\x6c\0\x69\x6e\x5f\x65\x76\x65\x6e\x74\x66\x64\0\
\x61\x74\x6f\x6d\x69\x63\x5f\x66\x6c\x61\x67\x73\0\x72\x65\x73\x74\x61\x72\x74\
\x5f\x62\x6c\x6f\x63\x6b\0\x70\x69\x64\0\x74\x67\x69\x64\0\x73\x74\x61\x63\x6b\
\x5f\x63\x61\x6e\x61\x72\x79\0\x72\x65\x61\x6c\x5f\x70\x61\x72\x65\x6e\x74\0\
\x70\x61\x72\x65\x6e\x74\0\x63\x68\x69\x6c\x64\x72\x65\x6e\0\x73\x69\x62\x6c\
\x69\x6e\x67\0\x67\x72\x6f\x75\x70\x5f\x6c\x65\x61\x64\x65\x72\0\x70\x74\x72\
\x61\x63\x65\x64\0\x70\x74\x72\x61\x63\x65\x5f\x65\x6e\x74\x72\x79\0\x74\x68\
\x72\x65\x61\x64\x5f\x70\x69\x64\0\x70\x69\x64\x5f\x6c\x69\x6e\x6b\x73\0\x74\
\x68\x72\x65\x61\x64\x5f\x67\x72\x6f\x75\x70\0\x74\x68\x72\x65\x61\x64\x5f\x6e\
\x6f\x64\x65\0\x76\x66\x6f\x72\x6b\x5f\x64\x6f\x6e\x65\0\x73\x65\x74\x5f\x63\
\x68\x69\x6c\x64\x5f\x74\x69\x64\0\x63\x6c\x65\x61\x72\x5f\x63\x68\x69\x6c\x64\
\x5f\x74\x69\x64\0\x70\x66\x5f\x69\x6f\x5f\x77\x6f\x72\x6b\x65\x72\0\x75\x74\
\x69\x6d\x65\0\x73\x74\x69\x6d\x65\0\x67\x74\x69\x6d\x65\0\x70\x72\x65\x76\x5f\
\x63\x70\x75\x74\x69\x6d\x65\0\x6e\x76\x63\x73\x77\0\x6e\x69\x76\x63\x73\x77\0\
\x73\x74\x61\x72\x74\x5f\x74\x69\x6d\x65\0\x73\x74\x61\x72\x74\x5f\x62\x6f\x6f\
\x74\x74\x69\x6d\x65\0\x6d\x69\x6e\x5f\x66\x6c\x74\0\x6d\x61\x6a\x5f\x66\x6c\
\x74\0\x70\x6f\x73\x69\x78\x5f\x63\x70\x75\x74\x69\x6d\x65\x72\x73\0\x70\x6f\
\x73\x69\x78\x5f\x63\x70\x75\x74\x69\x6d\x65\x72\x73\x5f\x77\x6f\x72\x6b\0\x70\
\x74\x72\x61\x63\x65\x72\x5f\x63\x72\x65\x64\0\x72\x65\x61\x6c\x5f\x63\x72\x65\
\x64\0\x63\x72\x65\x64\0\x63\x61\x63\x68\x65\x64\x5f\x72\x65\x71\x75\x65\x73\
\x74\x65\x64\x5f\x6b\x65\x79\0\x63\x6f\x6d\x6d\0\x6e\x61\x6d\x65\x69\x64\x61\
\x74\x61\0\x73\x79\x73\x76\x73\x65\x6d\0\x73\x79\x73\x76\x73\x68\x6d\0\x6c\x61\
\x73\x74\x5f\x73\x77\x69\x74\x63\x68\x5f\x63\x6f\x75\x6e\x74\0\x6c\x61\x73\x74\
\x5f\x73\x77\x69\x74\x63\x68\x5f\x74\x69\x6d\x65\0\x66\x73\0\x66\x69\x6c\x65\
\x73\0\x6e\x73\x70\x72\x6f\x78\x79\0\x73\x69\x67\x6e\x61\x6c\0\x73\x69\x67\x68\
\x61\x6e\x64\0\x62\x6c\x6f\x63\x6b\x65\x64\0\x72\x65\x61\x6c\x5f\x62\x6c\x6f\
\x63\x6b\x65\x64\0\x73\x61\x76\x65\x64\x5f\x73\x69\x67\x6d\x61\x73\x6b\0\x70\
\x65\x6e\x64\x69\x6e\x67\0\x73\x61\x73\x5f\x73\x73\x5f\x73\x70\0\x73\x61\x73\
\x5f\x73\x73\x5f\x73\x69\x7a\x65\0\x73\x61\x73\x5f\x73\x73\x5f\x66\x6c\x61\x67\
\x73\0\x74\x61\x73\x6b\x5f\x77\x6f\x72\x6b\x73\0\x61\x75\x64\x69\x74\x5f\x63\
\x6f\x6e\x74\x65\x78\x74\0\x6c\x6f\x67\x69\x6e\x75\x69\x64\0\x73\x65\x73\x73\
\x69\x6f\x6e\x69\x64\0\x73\x65\x63\x63\x6f\x6d\x70\0\x73\x79\x73\x63\x61\x6c\
\x6c\x5f\x64\x69\x73\x70\x61\x74\x63\x68\0\x70\x61\x72\x65\x6e\x74\x5f\x65\x78\
\x65\x63\x5f\x69\x64\0\x73\x65\x6c\x66\x5f\x65\x78\x65\x63\x5f\x69\x64\0\x61\
\x6c\x6c\x6f\x63\x5f\x6c\x6f\x63\x6b\0\x70\x69\x5f\x6c\x6f\x63\x6b\0\x77\x61\
\x6b\x65\x5f\x71\0\x70\x69\x5f\x77\x61\x69\x74\x65\x72\x73\0\x70\x69\x5f\x74\
\x6f\x70\x5f\x74\x61\x73\x6b\0\x70\x69\x5f\x62\x6c\x6f\x63\x6b\x65\x64\x5f\x6f\
\x6e\0\x6a\x6f\x75\x72\x6e\x61\x6c\x5f\x69\x6e\x66\x6f\0\x62\x69\x6f\x5f\x6c\
\x69\x73\x74\0\x70\x6c\x75\x67\0\x72\x65\x63\x6c\x61\x69\x6d\x5f\x73\x74\x61\
\x74\x65\0\x62\x61\x63\x6b\x69\x6e\x67\x5f\x64\x65\x76\x5f\x69\x6e\x66\x6f\0\
\x69\x6f\x5f\x63\x6f\x6e\x74\x65\x78\x74\0\x63\x61\x70\x74\x75\x72\x65\x5f\x63\
\x6f\x6e\x74\x72\x6f\x6c\0\x70\x74\x72\x61\x63\x65\x5f\x6d\x65\x73\x73\x61\x67\
\x65\0\x6c\x61\x73\x74\x5f\x73\x69\x67\x69\x6e\x66\x6f\0\x69\x6f\x61\x63\0\x70\
\x73\x69\x5f\x66\x6c\x61\x67\x73\0\x61\x63\x63\x74\x5f\x72\x73\x73\x5f\x6d\x65\
\x6d\x31\0\x61\x63\x63\x74\x5f\x76\x6d\x5f\x6d\x65\x6d\x31\0\x61\x63\x63\x74\
\x5f\x74\x69\x6d\x65\x78\x70\x64\0\x6d\x65\x6d\x73\x5f\x61\x6c\x6c\x6f\x77\x65\
\x64\0\x6d\x65\x6d\x73\x5f\x61\x6c\x6c\x6f\x77\x65\x64\x5f\x73\x65\x71\0\x63\
\x70\x75\x73\x65\x74\x5f\x6d\x65\x6d\x5f\x73\x70\x72\x65\x61\x64\x5f\x72\x6f\
\x74\x6f\x72\0\x63\x70\x75\x73\x65\x74\x5f\x73\x6c\x61\x62\x5f\x73\x70\x72\x65\
\x61\x64\x5f\x72\x6f\x74\x6f\x72\0\x63\x67\x72\x6f\x75\x70\x73\0\x63\x67\x5f\
\x6c\x69\x73\x74\0\x72\x6f\x62\x75\x73\x74\x5f\x6c\x69\x73\x74\0\x63\x6f\x6d\
\x70\x61\x74\x5f\x72\x6f\x62\x75\x73\x74\x5f\x6c\x69\x73\x74\0\x70\x69\x5f\x73\
\x74\x61\x74\x65\x5f\x6c\x69\x73\x74\0\x70\x69\x5f\x73\x74\x61\x74\x65\x5f\x63\
\x61\x63\x68\x65\0\x66\x75\x74\x65\x78\x5f\x65\x78\x69\x74\x5f\x6d\x75\x74\x65\
\x78\0\x66\x75\x74\x65\x78\x5f\x73\x74\x61\x74\x65\0\x70\x65\x72\x66\x5f\x65\
\x76\x65\x6e\x74\x5f\x63\x74\x78\x70\0\x70\x65\x72\x66\x5f\x65\x76\x65\x6e\x74\
\x5f\x6d\x75\x74\x65\x78\0\x70\x65\x72\x66\x5f\x65\x76\x65\x6e\x74\x5f\x6c\x69\
\x73\x74\0\x72\x73\x65\x71\0\x72\x73\x65\x71\x5f\x73\x69\x67\0\x72\x73\x65\x71\
\x5f\x65\x76\x65\x6e\x74\x5f\x6d\x61\x73\x6b\0\x74\x6c\x62\x5f\x75\x62\x63\0\
\x73\x70\x6c\x69\x63\x65\x5f\x70\x69\x70\x65\0\x74\x61\x73\x6b\x5f\x66\x72\x61\
\x67\0\x6e\x72\x5f\x64\x69\x72\x74\x69\x65\x64\0\x6e\x72\x5f\x64\x69\x72\x74\
\x69\x65\x64\x5f\x70\x61\x75\x73\x65\0\x64\x69\x72\x74\x79\x5f\x70\x61\x75\x73\
\x65\x64\x5f\x77\x68\x65\x6e\0\x74\x69\x6d\x65\x72\x5f\x73\x6c\x61\x63\x6b\x5f\
\x6e\x73\0\x64\x65\x66\x61\x75\x6c\x74\x5f\x74\x69\x6d\x65\x72\x5f\x73\x6c\x61\
\x63\x6b\x5f\x6e\x73\0\x63\x75\x72\x72\x5f\x72\x65\x74\x5f\x73\x74\x61\x63\x6b\
\0\x63\x75\x72\x72\x5f\x72\x65\x74\x5f\x64\x65\x70\x74\x68\0\x72\x65\x74\x5f\
\x73\x74\x61\x63\x6b\0\x66\x74\x72\x61\x63\x65\x5f\x74\x69\x6d\x65\x73\x74\x61\
\x6d\x70\0\x74\x72\x61\x63\x65\x5f\x6f\x76\x65\x72\x72\x75\x6e\0\x74\x72\x61\
\x63\x69\x6e\x67\x5f\x67\x72\x61\x70\x68\x5f\x70\x61\x75\x73\x65\0\x74\x72\x61\
\x63\x65\0\x74\x72\x61\x63\x65\x5f\x72\x65\x63\x75\x72\x73\x69\x6f\x6e\0\x74\
\x68\x72\x6f\x74\x74\x6c\x65\x5f\x71\x75\x65\x75\x65\0\x75\x74\x61\x73\x6b\0\
\x6b\x6d\x61\x70\x5f\x63\x74\x72\x6c\0\x70\x61\x67\x65\x66\x61\x75\x6c\x74\x5f\
\x64\x69\x73\x61\x62\x6c\x65\x64\0\x6f\x6f\x6d\x5f\x72\x65\x61\x70\x65\x72\x5f\
\x6c\x69\x73\x74\0\x6f\x6f\x6d\x5f\x72\x65\x61\x70\x65\x72\x5f\x74\x69\x6d\x65\
\x72\0\x73\x74\x61\x63\x6b\x5f\x76\x6d\x5f\x61\x72\x65\x61\0\x73\x74\x61\x63\
\x6b\x5f\x72\x65\x66\x63\x6f\x75\x6e\x74\0\x73\x65\x63\x75\x72\x69\x74\x79\0\
\x62\x70\x66\x5f\x73\x74\x6f\x72\x61\x67\x65\0\x62\x70\x66\x5f\x63\x74\x78\0\
\x6d\x63\x65\x5f\x76\x61\x64\x64\x72\0\x6d\x63\x65\x5f\x6b\x66\x6c\x61\x67\x73\
\0\x6d\x63\x65\x5f\x61\x64\x64\x72\0\x6d\x63\x65\x5f\x72\x69\x70\x76\0\x6d\x63\
\x65\x5f\x77\x68\x6f\x6c\x65\x5f\x70\x61\x67\x65\0\x5f\x5f\x6d\x63\x65\x5f\x72\
\x65\x73\x65\x72\x76\x65\x64\0\x6d\x63\x65\x5f\x6b\x69\x6c\x6c\x5f\x6d\x65\0\
\x6d\x63\x65\x5f\x63\x6f\x75\x6e\x74\0\x6b\x72\x65\x74\x70\x72\x6f\x62\x65\x5f\
\x69\x6e\x73\x74\x61\x6e\x63\x65\x73\0\x6c\x31\x64\x5f\x66\x6c\x75\x73\x68\x5f\
\x6b\x69\x6c\x6c\0\x74\x68\x72\x65\x61\x64\0\x73\x79\x73\x63\x61\x6c\x6c\x5f\
\x77\x6f\x72\x6b\0\x73\x74\x61\x74\x75\x73\0\x6e\x72\x5f\x73\x79\x73\x63\x61\
\x6c\x6c\x73\0\x73\x79\x73\x5f\x63\x61\x6c\x6c\x5f\x74\x61\x62\x6c\x65\0\x69\
\x61\x33\x32\x5f\x6e\x72\x5f\x73\x79\x73\x63\x61\x6c\x6c\x73\0\x69\x61\x33\x32\
\x5f\x73\x79\x73\x5f\x63\x61\x6c\x6c\x5f\x74\x61\x62\x6c\x65\0\x75\x6e\x73\x69\
\x67\x6e\x65\x64\x20\x6c\x6f\x6e\x67\0\x75\x33\x32\0\x5f\x5f\x75\x33\x32\0\x75\
\x6e\x73\x69\x67\x6e\x65\x64\x20\x69\x6e\x74\0\x74\x69\x5f\x73\x79\x73\x5f\x63\
\x61\x6c\x6c\x5f\x70\x74\x72\x5f\x74\0\x6c\x6f\x6e\x67\0\x70\x74\x5f\x72\x65\
\x67\x73\0\x72\x31\x35\0\x72\x31\x34\0\x72\x31\x33\0\x72\x31\x32\0\x62\x70\0\
\x62\x78\0\x72\x31\x31\0\x72\x31\x30\0\x72\x39\0\x72\x38\0\x61\x78\0\x63\x78\0\
\x64\x78\0\x73\x69\0\x64\x69\0\x6f\x72\x69\x67\x5f\x61\x78\0\x69\x70\0\x63\x73\
\0\x73\x70\0\x73\x73\0\x72\x65\x66\x63\x6f\x75\x6e\x74\x5f\x74\0\x72\x65\x66\
\x63\x6f\x75\x6e\x74\x5f\x73\x74\x72\x75\x63\x74\0\x72\x65\x66\x73\0\x61\x74\
\x6f\x6d\x69\x63\x5f\x74\0\x63\x6f\x75\x6e\x74\x65\x72\0\x5f\x5f\x63\x61\x6c\
\x6c\x5f\x73\x69\x6e\x67\x6c\x65\x5f\x6e\x6f\x64\x65\0\x6c\x6c\x69\x73\x74\0\
\x73\x72\x63\0\x64\x73\x74\0\x6c\x6c\x69\x73\x74\x5f\x6e\x6f\x64\x65\0\x6e\x65\
\x78\x74\0\x75\x5f\x66\x6c\x61\x67\x73\0\x61\x5f\x66\x6c\x61\x67\x73\0\x75\x31\
\x36\0\x5f\x5f\x75\x31\x36\0\x75\x6e\x73\x69\x67\x6e\x65\x64\x20\x73\x68\x6f\
\x72\x74\0\x73\x63\x68\x65\x64\x5f\x65\x6e\x74\x69\x74\x79\0\x6c\x6f\x61\x64\0\
\x72\x75\x6e\x5f\x6e\x6f\x64\x65\0\x67\x72\x6f\x75\x70\x5f\x6e\x6f\x64\x65\0\
\x65\x78\x65\x63\x5f\x73\x74\x61\x72\x74\0\x73\x75\x6d\x5f\x65\x78\x65\x63\x5f\
\x72\x75\x6e\x74\x69\x6d\x65\0\x76\x72\x75\x6e\x74\x69\x6d\x65\0\x70\x72\x65\
\x76\x5f\x73\x75\x6d\x5f\x65\x78\x65\x63\x5f\x72\x75\x6e\x74\x69\x6d\x65\0\x6e\
\x72\x5f\x6d\x69\x67\x72\x61\x74\x69\x6f\x6e\x73\0\x73\x74\x61\x74\x69\x73\x74\
\x69\x63\x73\0\x64\x65\x70\x74\x68\0\x63\x66\x73\x5f\x72\x71\0\x6d\x79\x5f\x71\
\0\x72\x75\x6e\x6e\x61\x62\x6c\x65\x5f\x77\x65\x69\x67\x68\x74\0\x61\x76\x67\0\
\x6c\x6f\x61\x64\x5f\x77\x65\x69\x67\x68\x74\0\x77\x65\x69\x67\x68\x74\0\x69\
\x6e\x76\x5f\x77\x65\x69\x67\x68\x74\0\x72\x62\x5f\x6e\x6f\x64\x65\0\x5f\x5f\
\x72\x62\x5f\x70\x61\x72\x65\x6e\x74\x5f\x63\x6f\x6c\x6f\x72\0\x72\x62\x5f\x72\
\x69\x67\x68\x74\0\x72\x62\x5f\x6c\x65\x66\x74\0\x6c\x69\x73\x74\x5f\x68\x65\
\x61\x64\0\x70\x72\x65\x76\0\x75\x36\x34\0\x5f\x5f\x75\x36\x34\0\x73\x63\x68\
\x65\x64\x5f\x73\x74\x61\x74\x69\x73\x74\x69\x63\x73\0\x77\x61\x69\x74\x5f\x73\
\x74\x61\x72\x74\0\x77\x61\x69\x74\x5f\x6d\x61\x78\0\x77\x61\x69\x74\x5f\x63\
\x6f\x75\x6e\x74\0\x77\x61\x69\x74\x5f\x73\x75\x6d\0\x69\x6f\x77\x61\x69\x74\
\x5f\x63\x6f\x75\x6e\x74\0\x69\x6f\x77\x61\x69\x74\x5f\x73\x75\x6d\0\x73\x6c\
\x65\x65\x70\x5f\x73\x74\x61\x72\x74\0\x73\x6c\x65\x65\x70\x5f\x6d\x61\x78\0\
\x73\x75\x6d\x5f\x73\x6c\x65\x65\x70\x5f\x72\x75\x6e\x74\x69\x6d\x65\0\x62\x6c\
\x6f\x63\x6b\x5f\x73\x74\x61\x72\x74\0\x62\x6c\x6f\x63\x6b\x5f\x6d\x61\x78\0\
\x65\x78\x65\x63\x5f\x6d\x61\x78\0\x73\x6c\x69\x63\x65\x5f\x6d\x61\x78\0\x6e\
\x72\x5f\x6d\x69\x67\x72\x61\x74\x69\x6f\x6e\x73\x5f\x63\x6f\x6c\x64\0\x6e\x72\
\x5f\x66\x61\x69\x6c\x65\x64\x5f\x6d\x69\x67\x72\x61\x74\x69\x6f\x6e\x73\x5f\
\x61\x66\x66\x69\x6e\x65\0\x6e\x72\x5f\x66\x61\x69\x6c\x65\x64\x5f\x6d\x69\x67\
\x72\x61\x74\x69\x6f\x6e\x73\x5f\x72\x75\x6e\x6e\x69\x6e\x67\0\x6e\x72\x5f\x66\
\x61\x69\x6c\x65\x64\x5f\x6d\x69\x67\x72\x61\x74\x69\x6f\x6e\x73\x5f\x68\x6f\
\x74\0\x6e\x72\x5f\x66\x6f\x72\x63\x65\x64\x5f\x6d\x69\x67\x72\x61\x74\x69\x6f\
\x6e\x73\0\x6e\x72\x5f\x77\x61\x6b\x65\x75\x70\x73\0\x6e\x72\x5f\x77\x61\x6b\
\x65\x75\x70\x73\x5f\x73\x79\x6e\x63\0\x6e\x72\x5f\x77\x61\x6b\x65\x75\x70\x73\
\x5f\x6d\x69\x67\x72\x61\x74\x65\0\x6e\x72\x5f\x77\x61\x6b\x65\x75\x70\x73\x5f\
\x6c\x6f\x63\x61\x6c\0\x6e\x72\x5f\x77\x61\x6b\x65\x75\x70\x73\x5f\x72\x65\x6d\
\x6f\x74\x65\0\x6e\x72\x5f\x77\x61\x6b\x65\x75\x70\x73\x5f\x61\x66\x66\x69\x6e\
\x65\0\x6e\x72\x5f\x77\x61\x6b\x65\x75\x70\x73\x5f\x61\x66\x66\x69\x6e\x65\x5f\
\x61\x74\x74\x65\x6d\x70\x74\x73\0\x6e\x72\x5f\x77\x61\x6b\x65\x75\x70\x73\x5f\
\x70\x61\x73\x73\x69\x76\x65\0\x6e\x72\x5f\x77\x61\x6b\x65\x75\x70\x73\x5f\x69\
\x64\x6c\x65\0\x73\x36\x34\0\x5f\x5f\x73\x36\x34\0\x6c\x6f\x6e\x67\x20\x6c\x6f\
\x6e\x67\0\x73\x63\x68\x65\x64\x5f\x61\x76\x67\0\x6c\x61\x73\x74\x5f\x75\x70\
\x64\x61\x74\x65\x5f\x74\x69\x6d\x65\0\x6c\x6f\x61\x64\x5f\x73\x75\x6d\0\x72\
\x75\x6e\x6e\x61\x62\x6c\x65\x5f\x73\x75\x6d\0\x75\x74\x69\x6c\x5f\x73\x75\x6d\
\0\x70\x65\x72\x69\x6f\x64\x5f\x63\x6f\x6e\x74\x72\x69\x62\0\x6c\x6f\x61\x64\
\x5f\x61\x76\x67\0\x72\x75\x6e\x6e\x61\x62\x6c\x65\x5f\x61\x76\x67\0\x75\x74\
\x69\x6c\x5f\x61\x76\x67\0\x75\x74\x69\x6c\x5f\x67\x75\x65\x73\x74\0\x75\x74\
\x69\x6c\x5f\x65\x73\x74\0\x65\x6e\x71\x75\x65\x75\x65\x64\0\x65\x77\x6d\x61\0\
\x73\x63\x68\x65\x64\x5f\x72\x74\x5f\x65\x6e\x74\x69\x74\x79\0\x72\x75\x6e\x5f\
\x6c\x69\x73\x74\0\x74\x69\x6d\x65\x6f\x75\x74\0\x77\x61\x74\x63\x68\x64\x6f\
\x67\x5f\x73\x74\x61\x6d\x70\0\x74\x69\x6d\x65\x5f\x73\x6c\x69\x63\x65\0\x6f\
\x6e\x5f\x6c\x69\x73\x74\0\x62\x61\x63\x6b\0\x73\x63\x68\x65\x64\x5f\x64\x6c\
\x5f\x65\x6e\x74\x69\x74\x79\0\x64\x6c\x5f\x72\x75\x6e\x74\x69\x6d\x65\0\x64\
\x6c\x5f\x64\x65\x61\x64\x6c\x69\x6e\x65\0\x64\x6c\x5f\x70\x65\x72\x69\x6f\x64\
\0\x64\x6c\x5f\x62\x77\0\x64\x6c\x5f\x64\x65\x6e\x73\x69\x74\x79\0\x72\x75\x6e\
\x74\x69\x6d\x65\0\x64\x65\x61\x64\x6c\x69\x6e\x65\0\x64\x6c\x5f\x74\x68\x72\
\x6f\x74\x74\x6c\x65\x64\0\x64\x6c\x5f\x79\x69\x65\x6c\x64\x65\x64\0\x64\x6c\
\x5f\x6e\x6f\x6e\x5f\x63\x6f\x6e\x74\x65\x6e\x64\x69\x6e\x67\0\x64\x6c\x5f\x6f\
\x76\x65\x72\x72\x75\x6e\0\x64\x6c\x5f\x74\x69\x6d\x65\x72\0\x69\x6e\x61\x63\
\x74\x69\x76\x65\x5f\x74\x69\x6d\x65\x72\0\x70\x69\x5f\x73\x65\0\x68\x72\x74\
\x69\x6d\x65\x72\0\x6e\x6f\x64\x65\0\x5f\x73\x6f\x66\x74\x65\x78\x70\x69\x72\
\x65\x73\0\x66\x75\x6e\x63\x74\x69\x6f\x6e\0\x62\x61\x73\x65\0\x73\x74\x61\x74\
\x65\0\x69\x73\x5f\x72\x65\x6c\0\x69\x73\x5f\x73\x6f\x66\x74\0\x69\x73\x5f\x68\
\x61\x72\x64\0\x74\x69\x6d\x65\x72\x71\x75\x65\x75\x65\x5f\x6e\x6f\x64\x65\0\
\x65\x78\x70\x69\x72\x65\x73\0\x6b\x74\x69\x6d\x65\x5f\x74\0\x68\x72\x74\x69\
\x6d\x65\x72\x5f\x72\x65\x73\x74\x61\x72\x74\0\x48\x52\x54\x49\x4d\x45\x52\x5f\
\x4e\x4f\x52\x45\x53\x54\x41\x52\x54\0\x48\x52\x54\x49\x4d\x45\x52\x5f\x52\x45\
\x53\x54\x41\x52\x54\0\x75\x38\0\x5f\x5f\x75\x38\0\x75\x6e\x73\x69\x67\x6e\x65\
\x64\x20\x63\x68\x61\x72\0\x68\x6c\x69\x73\x74\x5f\x68\x65\x61\x64\0\x66\x69\
\x72\x73\x74\0\x63\x70\x75\x6d\x61\x73\x6b\x5f\x74\0\x63\x70\x75\x6d\x61\x73\
\x6b\0\x62\x69\x74\x73\0\x72\x63\x75\x5f\x73\x70\x65\x63\x69\x61\x6c\0\x62\0\
\x73\0\x6e\x65\x65\x64\x5f\x71\x73\0\x65\x78\x70\x5f\x68\x69\x6e\x74\0\x6e\x65\
\x65\x64\x5f\x6d\x62\0\x62\x6f\x6f\x6c\0\x5f\x42\x6f\x6f\x6c\0\x70\x63\x6f\x75\
\x6e\x74\0\x72\x75\x6e\x5f\x64\x65\x6c\x61\x79\0\x6c\x61\x73\x74\x5f\x61\x72\
\x72\x69\x76\x61\x6c\0\x6c\x61\x73\x74\x5f\x71\x75\x65\x75\x65\x64\0\x70\x6c\
\x69\x73\x74\x5f\x6e\x6f\x64\x65\0\x70\x72\x69\x6f\x5f\x6c\x69\x73\x74\0\x6e\
\x6f\x64\x65\x5f\x6c\x69\x73\x74\0\x73\x65\x71\x6e\x75\x6d\0\x76\x6d\x61\x73\0\
\x76\x6d\x5f\x61\x72\x65\x61\x5f\x73\x74\x72\x75\x63\x74\0\x76\x6d\x5f\x73\x74\
\x61\x72\x74\0\x76\x6d\x5f\x65\x6e\x64\0\x76\x6d\x5f\x6e\x65\x78\x74\0\x76\x6d\
\x5f\x70\x72\x65\x76\0\x76\x6d\x5f\x72\x62\0\x72\x62\x5f\x73\x75\x62\x74\x72\
\x65\x65\x5f\x67\x61\x70\0\x76\x6d\x5f\x6d\x6d\0\x76\x6d\x5f\x70\x61\x67\x65\
\x5f\x70\x72\x6f\x74\0\x76\x6d\x5f\x66\x6c\x61\x67\x73\0\x61\x6e\x6f\x6e\x5f\
\x76\x6d\x61\x5f\x63\x68\x61\x69\x6e\0\x61\x6e\x6f\x6e\x5f\x76\x6d\x61\0\x76\
\x6d\x5f\x6f\x70\x73\0\x76\x6d\x5f\x70\x67\x6f\x66\x66\0\x76\x6d\x5f\x66\x69\
\x6c\x65\0\x76\x6d\x5f\x70\x72\x69\x76\x61\x74\x65\x5f\x64\x61\x74\x61\0\x73\
\x77\x61\x70\x5f\x72\x65\x61\x64\x61\x68\x65\x61\x64\x5f\x69\x6e\x66\x6f\0\x76\
\x6d\x5f\x75\x73\x65\x72\x66\x61\x75\x6c\x74\x66\x64\x5f\x63\x74\x78\0\x70\x67\
\x70\x72\x6f\x74\x5f\x74\0\x70\x67\x70\x72\x6f\x74\0\x70\x67\x70\x72\x6f\x74\
\x76\x61\x6c\x5f\x74\0\x73\x68\x61\x72\x65\x64\0\x61\x6e\x6f\x6e\x5f\x6e\x61\
\x6d\x65\0\x72\x62\x5f\x73\x75\x62\x74\x72\x65\x65\x5f\x6c\x61\x73\x74\0\x63\
\x68\x61\x72\0\x61\x74\x6f\x6d\x69\x63\x5f\x6c\x6f\x6e\x67\x5f\x74\0\x61\x74\
\x6f\x6d\x69\x63\x36\x34\x5f\x74\0\x74\x61\x73\x6b\x5f\x72\x73\x73\x5f\x73\x74\
\x61\x74\0\x65\x76\x65\x6e\x74\x73\0\x63\x6f\x75\x6e\x74\0\x61\x72\x63\x68\x5f\
\x64\x61\x74\x61\0\x66\x6e\0\x66\x75\x74\x65\x78\0\x6e\x61\x6e\x6f\x73\x6c\x65\
\x65\x70\0\x70\x6f\x6c\x6c\0\x75\x61\x64\x64\x72\0\x76\x61\x6c\0\x62\x69\x74\
\x73\x65\x74\0\x74\x69\x6d\x65\0\x75\x61\x64\x64\x72\x32\0\x63\x6c\x6f\x63\x6b\
\x69\x64\0\x63\x6c\x6f\x63\x6b\x69\x64\x5f\x74\0\x5f\x5f\x6b\x65\x72\x6e\x65\
\x6c\x5f\x63\x6c\x6f\x63\x6b\x69\x64\x5f\x74\0\x74\x69\x6d\x65\x73\x70\x65\x63\
\x5f\x74\x79\x70\x65\0\x54\x54\x5f\x4e\x4f\x4e\x45\0\x54\x54\x5f\x4e\x41\x54\
\x49\x56\x45\0\x54\x54\x5f\x43\x4f\x4d\x50\x41\x54\0\x72\x6d\x74\x70\0\x63\x6f\
\x6d\x70\x61\x74\x5f\x72\x6d\x74\x70\0\x75\x66\x64\x73\0\x6e\x66\x64\x73\0\x68\
\x61\x73\x5f\x74\x69\x6d\x65\x6f\x75\x74\0\x74\x76\x5f\x73\x65\x63\0\x74\x76\
\x5f\x6e\x73\x65\x63\0\x70\x69\x64\x5f\x74\0\x5f\x5f\x6b\x65\x72\x6e\x65\x6c\
\x5f\x70\x69\x64\x5f\x74\0\x68\x6c\x69\x73\x74\x5f\x6e\x6f\x64\x65\0\x70\x70\
\x72\x65\x76\0\x6c\x6f\x63\x6b\0\x72\x61\x77\x5f\x73\x70\x69\x6e\x6c\x6f\x63\
\x6b\x5f\x74\0\x72\x61\x77\x5f\x73\x70\x69\x6e\x6c\x6f\x63\x6b\0\x72\x61\x77\
\x5f\x6c\x6f\x63\x6b\0\x61\x72\x63\x68\x5f\x73\x70\x69\x6e\x6c\x6f\x63\x6b\x5f\
\x74\0\x71\x73\x70\x69\x6e\x6c\x6f\x63\x6b\0\x6c\x6f\x63\x6b\x65\x64\0\x6c\x6f\
\x63\x6b\x65\x64\x5f\x70\x65\x6e\x64\x69\x6e\x67\0\x74\x61\x69\x6c\0\x62\x61\
\x73\x65\x73\0\x74\x69\x6d\x65\x72\x73\x5f\x61\x63\x74\x69\x76\x65\0\x65\x78\
\x70\x69\x72\x79\x5f\x61\x63\x74\x69\x76\x65\0\x70\x6f\x73\x69\x78\x5f\x63\x70\
\x75\x74\x69\x6d\x65\x72\x5f\x62\x61\x73\x65\0\x6e\x65\x78\x74\x65\x76\x74\0\
\x74\x71\x68\x65\x61\x64\0\x74\x69\x6d\x65\x72\x71\x75\x65\x75\x65\x5f\x68\x65\
\x61\x64\0\x72\x62\x5f\x72\x6f\x6f\x74\0\x72\x62\x5f\x72\x6f\x6f\x74\x5f\x63\
\x61\x63\x68\x65\x64\0\x72\x62\x5f\x6c\x65\x66\x74\x6d\x6f\x73\x74\0\x77\x6f\
\x72\x6b\0\x73\x63\x68\x65\x64\x75\x6c\x65\x64\0\x63\x61\x6c\x6c\x62\x61\x63\
\x6b\x5f\x68\x65\x61\x64\0\x66\x75\x6e\x63\0\x73\x75\x62\x73\x63\x72\x69\x62\
\x65\x72\x73\0\x70\x75\x74\x5f\x61\x64\x64\x72\0\x6d\x61\x67\x69\x63\0\x75\x69\
\x64\0\x67\x69\x64\0\x73\x75\x69\x64\0\x73\x67\x69\x64\0\x65\x75\x69\x64\0\x65\
\x67\x69\x64\0\x66\x73\x75\x69\x64\0\x66\x73\x67\x69\x64\0\x73\x65\x63\x75\x72\
\x65\x62\x69\x74\x73\0\x63\x61\x70\x5f\x69\x6e\x68\x65\x72\x69\x74\x61\x62\x6c\
\x65\0\x63\x61\x70\x5f\x70\x65\x72\x6d\x69\x74\x74\x65\x64\0\x63\x61\x70\x5f\
\x65\x66\x66\x65\x63\x74\x69\x76\x65\0\x63\x61\x70\x5f\x62\x73\x65\x74\0\x63\
\x61\x70\x5f\x61\x6d\x62\x69\x65\x6e\x74\0\x6a\x69\x74\x5f\x6b\x65\x79\x72\x69\
\x6e\x67\0\x73\x65\x73\x73\x69\x6f\x6e\x5f\x6b\x65\x79\x72\x69\x6e\x67\0\x70\
\x72\x6f\x63\x65\x73\x73\x5f\x6b\x65\x79\x72\x69\x6e\x67\0\x74\x68\x72\x65\x61\
\x64\x5f\x6b\x65\x79\x72\x69\x6e\x67\0\x72\x65\x71\x75\x65\x73\x74\x5f\x6b\x65\
\x79\x5f\x61\x75\x74\x68\0\x75\x73\x65\x72\0\x75\x73\x65\x72\x5f\x6e\x73\0\x75\
\x63\x6f\x75\x6e\x74\x73\0\x67\x72\x6f\x75\x70\x5f\x69\x6e\x66\x6f\0\x6b\x75\
\x69\x64\x5f\x74\0\x75\x69\x64\x5f\x74\0\x5f\x5f\x6b\x65\x72\x6e\x65\x6c\x5f\
\x75\x69\x64\x33\x32\x5f\x74\0\x6b\x67\x69\x64\x5f\x74\0\x67\x69\x64\x5f\x74\0\
\x5f\x5f\x6b\x65\x72\x6e\x65\x6c\x5f\x67\x69\x64\x33\x32\x5f\x74\0\x6b\x65\x72\
\x6e\x65\x6c\x5f\x63\x61\x70\x5f\x74\0\x6b\x65\x72\x6e\x65\x6c\x5f\x63\x61\x70\
\x5f\x73\x74\x72\x75\x63\x74\0\x63\x61\x70\0\x6e\x6f\x6e\x5f\x72\x63\x75\0\x72\
\x63\x75\0\x73\x79\x73\x76\x5f\x73\x65\x6d\0\x75\x6e\x64\x6f\x5f\x6c\x69\x73\
\x74\0\x73\x79\x73\x76\x5f\x73\x68\x6d\0\x73\x68\x6d\x5f\x63\x6c\x69\x73\x74\0\
\x73\x69\x67\x73\x65\x74\x5f\x74\0\x73\x69\x67\0\x73\x69\x67\x70\x65\x6e\x64\
\x69\x6e\x67\0\x6c\x69\x73\x74\0\x73\x69\x7a\x65\x5f\x74\0\x5f\x5f\x6b\x65\x72\
\x6e\x65\x6c\x5f\x73\x69\x7a\x65\x5f\x74\0\x5f\x5f\x6b\x65\x72\x6e\x65\x6c\x5f\
\x75\x6c\x6f\x6e\x67\x5f\x74\0\x6d\x6f\x64\x65\0\x66\x69\x6c\x74\x65\x72\x5f\
\x63\x6f\x75\x6e\x74\0\x66\x69\x6c\x74\x65\x72\0\x73\x79\x73\x63\x61\x6c\x6c\
\x5f\x75\x73\x65\x72\x5f\x64\x69\x73\x70\x61\x74\x63\x68\0\x73\x65\x6c\x65\x63\
\x74\x6f\x72\0\x6f\x66\x66\x73\x65\x74\0\x6c\x65\x6e\0\x6f\x6e\x5f\x64\x69\x73\
\x70\x61\x74\x63\x68\0\x73\x70\x69\x6e\x6c\x6f\x63\x6b\x5f\x74\0\x73\x70\x69\
\x6e\x6c\x6f\x63\x6b\0\x72\x6c\x6f\x63\x6b\0\x77\x61\x6b\x65\x5f\x71\x5f\x6e\
\x6f\x64\x65\0\x6b\x65\x72\x6e\x65\x6c\x5f\x73\x69\x67\x69\x6e\x66\x6f\x5f\x74\
\0\x74\x61\x73\x6b\x5f\x69\x6f\x5f\x61\x63\x63\x6f\x75\x6e\x74\x69\x6e\x67\0\
\x72\x63\x68\x61\x72\0\x77\x63\x68\x61\x72\0\x73\x79\x73\x63\x72\0\x73\x79\x73\
\x63\x77\0\x73\x79\x73\x63\x66\x73\0\x72\x65\x61\x64\x5f\x62\x79\x74\x65\x73\0\
\x77\x72\x69\x74\x65\x5f\x62\x79\x74\x65\x73\0\x63\x61\x6e\x63\x65\x6c\x6c\x65\
\x64\x5f\x77\x72\x69\x74\x65\x5f\x62\x79\x74\x65\x73\0\x6e\x6f\x64\x65\x6d\x61\
\x73\x6b\x5f\x74\0\x73\x65\x71\x63\x6f\x75\x6e\x74\x5f\x73\x70\x69\x6e\x6c\x6f\
\x63\x6b\x5f\x74\0\x73\x65\x71\x63\x6f\x75\x6e\x74\x5f\x73\x70\x69\x6e\x6c\x6f\
\x63\x6b\0\x73\x65\x71\x63\x6f\x75\x6e\x74\0\x73\x65\x71\x63\x6f\x75\x6e\x74\
\x5f\x74\0\x73\x65\x71\x75\x65\x6e\x63\x65\0\x6d\x75\x74\x65\x78\0\x6f\x77\x6e\
\x65\x72\0\x77\x61\x69\x74\x5f\x6c\x6f\x63\x6b\0\x6f\x73\x71\0\x77\x61\x69\x74\
\x5f\x6c\x69\x73\x74\0\x6f\x70\x74\x69\x6d\x69\x73\x74\x69\x63\x5f\x73\x70\x69\
\x6e\x5f\x71\x75\x65\x75\x65\0\x70\x65\x72\x66\x5f\x65\x76\x65\x6e\x74\x5f\x63\
\x6f\x6e\x74\x65\x78\x74\0\x70\x6d\x75\0\x61\x63\x74\x69\x76\x65\x5f\x63\x74\
\x78\x5f\x6c\x69\x73\x74\0\x70\x69\x6e\x6e\x65\x64\x5f\x67\x72\x6f\x75\x70\x73\
\0\x66\x6c\x65\x78\x69\x62\x6c\x65\x5f\x67\x72\x6f\x75\x70\x73\0\x65\x76\x65\
\x6e\x74\x5f\x6c\x69\x73\x74\0\x70\x69\x6e\x6e\x65\x64\x5f\x61\x63\x74\x69\x76\
\x65\0\x66\x6c\x65\x78\x69\x62\x6c\x65\x5f\x61\x63\x74\x69\x76\x65\0\x6e\x72\
\x5f\x65\x76\x65\x6e\x74\x73\0\x6e\x72\x5f\x61\x63\x74\x69\x76\x65\0\x69\x73\
\x5f\x61\x63\x74\x69\x76\x65\0\x6e\x72\x5f\x73\x74\x61\x74\0\x6e\x72\x5f\x66\
\x72\x65\x71\0\x72\x6f\x74\x61\x74\x65\x5f\x64\x69\x73\x61\x62\x6c\x65\0\x72\
\x6f\x74\x61\x74\x65\x5f\x6e\x65\x63\x65\x73\x73\x61\x72\x79\0\x72\x65\x66\x63\
\x6f\x75\x6e\x74\0\x74\x61\x73\x6b\0\x74\x69\x6d\x65\x73\x74\x61\x6d\x70\0\x74\
\x69\x6d\x65\x6f\x66\x66\x73\x65\x74\0\x70\x61\x72\x65\x6e\x74\x5f\x63\x74\x78\
\0\x70\x61\x72\x65\x6e\x74\x5f\x67\x65\x6e\0\x67\x65\x6e\x65\x72\x61\x74\x69\
\x6f\x6e\0\x70\x69\x6e\x5f\x63\x6f\x75\x6e\x74\0\x74\x61\x73\x6b\x5f\x63\x74\
\x78\x5f\x64\x61\x74\x61\0\x6e\x72\x5f\x70\x65\x6e\x64\x69\x6e\x67\0\x70\x65\
\x72\x66\x5f\x65\x76\x65\x6e\x74\x5f\x67\x72\x6f\x75\x70\x73\0\x74\x72\x65\x65\
\0\x69\x6e\x64\x65\x78\0\x6c\x6f\x63\x61\x6c\x5f\x74\0\x61\0\x74\x6c\x62\x66\
\x6c\x75\x73\x68\x5f\x75\x6e\x6d\x61\x70\x5f\x62\x61\x74\x63\x68\0\x61\x72\x63\
\x68\0\x66\x6c\x75\x73\x68\x5f\x72\x65\x71\x75\x69\x72\x65\x64\0\x77\x72\x69\
\x74\x61\x62\x6c\x65\0\x61\x72\x63\x68\x5f\x74\x6c\x62\x66\x6c\x75\x73\x68\x5f\
\x75\x6e\x6d\x61\x70\x5f\x62\x61\x74\x63\x68\0\x72\x63\x75\x5f\x75\x73\x65\x72\
\x73\0\x70\x61\x67\x65\x5f\x66\x72\x61\x67\0\x70\x61\x67\x65\0\x73\x69\x7a\x65\
\0\x74\x69\x6d\x65\x72\x5f\x6c\x69\x73\x74\0\x65\x6e\x74\x72\x79\0\x6c\x6c\x69\
\x73\x74\x5f\x68\x65\x61\x64\0\x74\x68\x72\x65\x61\x64\x5f\x73\x74\x72\x75\x63\
\x74\0\x74\x6c\x73\x5f\x61\x72\x72\x61\x79\0\x65\x73\0\x64\x73\0\x66\x73\x69\
\x6e\x64\x65\x78\0\x67\x73\x69\x6e\x64\x65\x78\0\x66\x73\x62\x61\x73\x65\0\x67\
\x73\x62\x61\x73\x65\0\x70\x74\x72\x61\x63\x65\x5f\x62\x70\x73\0\x76\x69\x72\
\x74\x75\x61\x6c\x5f\x64\x72\x36\0\x70\x74\x72\x61\x63\x65\x5f\x64\x72\x37\0\
\x63\x72\x32\0\x74\x72\x61\x70\x5f\x6e\x72\0\x65\x72\x72\x6f\x72\x5f\x63\x6f\
\x64\x65\0\x69\x6f\x5f\x62\x69\x74\x6d\x61\x70\0\x69\x6f\x70\x6c\x5f\x65\x6d\
\x75\x6c\0\x69\x6f\x70\x6c\x5f\x77\x61\x72\x6e\0\x73\x69\x67\x5f\x6f\x6e\x5f\
\x75\x61\x63\x63\x65\x73\x73\x5f\x65\x72\x72\0\x70\x6b\x72\x75\0\x66\x70\x75\0\
\x64\x65\x73\x63\x5f\x73\x74\x72\x75\x63\x74\0\x6c\x69\x6d\x69\x74\x30\0\x62\
\x61\x73\x65\x30\0\x62\x61\x73\x65\x31\0\x64\x70\x6c\0\x70\0\x6c\x69\x6d\x69\
\x74\x31\0\x61\x76\x6c\0\x6c\0\x64\0\x67\0\x62\x61\x73\x65\x32\0\x70\x65\x72\
\x66\x5f\x65\x76\x65\x6e\x74\0\x65\x76\x65\x6e\x74\x5f\x65\x6e\x74\x72\x79\0\
\x73\x69\x62\x6c\x69\x6e\x67\x5f\x6c\x69\x73\x74\0\x61\x63\x74\x69\x76\x65\x5f\
\x6c\x69\x73\x74\0\x67\x72\x6f\x75\x70\x5f\x69\x6e\x64\x65\x78\0\x6d\x69\x67\
\x72\x61\x74\x65\x5f\x65\x6e\x74\x72\x79\0\x68\x6c\x69\x73\x74\x5f\x65\x6e\x74\
\x72\x79\0\x61\x63\x74\x69\x76\x65\x5f\x65\x6e\x74\x72\x79\0\x6e\x72\x5f\x73\
\x69\x62\x6c\x69\x6e\x67\x73\0\x65\x76\x65\x6e\x74\x5f\x63\x61\x70\x73\0\x67\
\x72\x6f\x75\x70\x5f\x63\x61\x70\x73\0\x70\x6d\x75\x5f\x70\x72\x69\x76\x61\x74\
\x65\0\x61\x74\x74\x61\x63\x68\x5f\x73\x74\x61\x74\x65\0\x63\x68\x69\x6c\x64\
\x5f\x63\x6f\x75\x6e\x74\0\x74\x6f\x74\x61\x6c\x5f\x74\x69\x6d\x65\x5f\x65\x6e\
\x61\x62\x6c\x65\x64\0\x74\x6f\x74\x61\x6c\x5f\x74\x69\x6d\x65\x5f\x72\x75\x6e\
\x6e\x69\x6e\x67\0\x74\x73\x74\x61\x6d\x70\0\x61\x74\x74\x72\0\x68\x65\x61\x64\
\x65\x72\x5f\x73\x69\x7a\x65\0\x69\x64\x5f\x68\x65\x61\x64\x65\x72\x5f\x73\x69\
\x7a\x65\0\x72\x65\x61\x64\x5f\x73\x69\x7a\x65\0\x68\x77\0\x63\x68\x69\x6c\x64\
\x5f\x74\x6f\x74\x61\x6c\x5f\x74\x69\x6d\x65\x5f\x65\x6e\x61\x62\x6c\x65\x64\0\
\x63\x68\x69\x6c\x64\x5f\x74\x6f\x74\x61\x6c\x5f\x74\x69\x6d\x65\x5f\x72\x75\
\x6e\x6e\x69\x6e\x67\0\x63\x68\x69\x6c\x64\x5f\x6d\x75\x74\x65\x78\0\x63\x68\
\x69\x6c\x64\x5f\x6c\x69\x73\x74\0\x6f\x6e\x63\x70\x75\0\x6f\x77\x6e\x65\x72\
\x5f\x65\x6e\x74\x72\x79\0\x6d\x6d\x61\x70\x5f\x6d\x75\x74\x65\x78\0\x6d\x6d\
\x61\x70\x5f\x63\x6f\x75\x6e\x74\0\x72\x62\x5f\x65\x6e\x74\x72\x79\0\x72\x63\
\x75\x5f\x62\x61\x74\x63\x68\x65\x73\0\x72\x63\x75\x5f\x70\x65\x6e\x64\x69\x6e\
\x67\0\x77\x61\x69\x74\x71\0\x66\x61\x73\x79\x6e\x63\0\x70\x65\x6e\x64\x69\x6e\
\x67\x5f\x77\x61\x6b\x65\x75\x70\0\x70\x65\x6e\x64\x69\x6e\x67\x5f\x6b\x69\x6c\
\x6c\0\x70\x65\x6e\x64\x69\x6e\x67\x5f\x64\x69\x73\x61\x62\x6c\x65\0\x70\x65\
\x6e\x64\x69\x6e\x67\x5f\x73\x69\x67\x74\x72\x61\x70\0\x70\x65\x6e\x64\x69\x6e\
\x67\x5f\x61\x64\x64\x72\0\x70\x65\x6e\x64\x69\x6e\x67\x5f\x69\x72\x71\0\x70\
\x65\x6e\x64\x69\x6e\x67\x5f\x74\x61\x73\x6b\0\x70\x65\x6e\x64\x69\x6e\x67\x5f\
\x77\x6f\x72\x6b\0\x65\x76\x65\x6e\x74\x5f\x6c\x69\x6d\x69\x74\0\x61\x64\x64\
\x72\x5f\x66\x69\x6c\x74\x65\x72\x73\0\x61\x64\x64\x72\x5f\x66\x69\x6c\x74\x65\
\x72\x5f\x72\x61\x6e\x67\x65\x73\0\x61\x64\x64\x72\x5f\x66\x69\x6c\x74\x65\x72\
\x73\x5f\x67\x65\x6e\0\x61\x75\x78\x5f\x65\x76\x65\x6e\x74\0\x64\x65\x73\x74\
\x72\x6f\x79\0\x6e\x73\0\x69\x64\0\x63\x6c\x6f\x63\x6b\0\x6f\x76\x65\x72\x66\
\x6c\x6f\x77\x5f\x68\x61\x6e\x64\x6c\x65\x72\0\x6f\x76\x65\x72\x66\x6c\x6f\x77\
\x5f\x68\x61\x6e\x64\x6c\x65\x72\x5f\x63\x6f\x6e\x74\x65\x78\x74\0\x6f\x72\x69\
\x67\x5f\x6f\x76\x65\x72\x66\x6c\x6f\x77\x5f\x68\x61\x6e\x64\x6c\x65\x72\0\x70\
\x72\x6f\x67\0\x62\x70\x66\x5f\x63\x6f\x6f\x6b\x69\x65\0\x74\x70\x5f\x65\x76\
\x65\x6e\x74\0\x66\x74\x72\x61\x63\x65\x5f\x6f\x70\x73\0\x73\x62\x5f\x6c\x69\
\x73\x74\0\x70\x65\x72\x66\x5f\x65\x76\x65\x6e\x74\x5f\x73\x74\x61\x74\x65\0\
\x50\x45\x52\x46\x5f\x45\x56\x45\x4e\x54\x5f\x53\x54\x41\x54\x45\x5f\x44\x45\
\x41\x44\0\x50\x45\x52\x46\x5f\x45\x56\x45\x4e\x54\x5f\x53\x54\x41\x54\x45\x5f\
\x45\x58\x49\x54\0\x50\x45\x52\x46\x5f\x45\x56\x45\x4e\x54\x5f\x53\x54\x41\x54\
\x45\x5f\x45\x52\x52\x4f\x52\0\x50\x45\x52\x46\x5f\x45\x56\x45\x4e\x54\x5f\x53\
\x54\x41\x54\x45\x5f\x4f\x46\x46\0\x50\x45\x52\x46\x5f\x45\x56\x45\x4e\x54\x5f\
\x53\x54\x41\x54\x45\x5f\x49\x4e\x41\x43\x54\x49\x56\x45\0\x50\x45\x52\x46\x5f\
\x45\x56\x45\x4e\x54\x5f\x53\x54\x41\x54\x45\x5f\x41\x43\x54\x49\x56\x45\0\x6c\
\x6f\x63\x61\x6c\x36\x34\x5f\x74\0\x70\x65\x72\x66\x5f\x65\x76\x65\x6e\x74\x5f\
\x61\x74\x74\x72\0\x63\x6f\x6e\x66\x69\x67\0\x73\x61\x6d\x70\x6c\x65\x5f\x74\
\x79\x70\x65\0\x72\x65\x61\x64\x5f\x66\x6f\x72\x6d\x61\x74\0\x64\x69\x73\x61\
\x62\x6c\x65\x64\0\x69\x6e\x68\x65\x72\x69\x74\0\x70\x69\x6e\x6e\x65\x64\0\x65\
\x78\x63\x6c\x75\x73\x69\x76\x65\0\x65\x78\x63\x6c\x75\x64\x65\x5f\x75\x73\x65\
\x72\0\x65\x78\x63\x6c\x75\x64\x65\x5f\x6b\x65\x72\x6e\x65\x6c\0\x65\x78\x63\
\x6c\x75\x64\x65\x5f\x68\x76\0\x65\x78\x63\x6c\x75\x64\x65\x5f\x69\x64\x6c\x65\
\0\x6d\x6d\x61\x70\0\x66\x72\x65\x71\0\x69\x6e\x68\x65\x72\x69\x74\x5f\x73\x74\
\x61\x74\0\x65\x6e\x61\x62\x6c\x65\x5f\x6f\x6e\x5f\x65\x78\x65\x63\0\x77\x61\
\x74\x65\x72\x6d\x61\x72\x6b\0\x70\x72\x65\x63\x69\x73\x65\x5f\x69\x70\0\x6d\
\x6d\x61\x70\x5f\x64\x61\x74\x61\0\x73\x61\x6d\x70\x6c\x65\x5f\x69\x64\x5f\x61\
\x6c\x6c\0\x65\x78\x63\x6c\x75\x64\x65\x5f\x68\x6f\x73\x74\0\x65\x78\x63\x6c\
\x75\x64\x65\x5f\x67\x75\x65\x73\x74\0\x65\x78\x63\x6c\x75\x64\x65\x5f\x63\x61\
\x6c\x6c\x63\x68\x61\x69\x6e\x5f\x6b\x65\x72\x6e\x65\x6c\0\x65\x78\x63\x6c\x75\
\x64\x65\x5f\x63\x61\x6c\x6c\x63\x68\x61\x69\x6e\x5f\x75\x73\x65\x72\0\x6d\x6d\
\x61\x70\x32\0\x63\x6f\x6d\x6d\x5f\x65\x78\x65\x63\0\x75\x73\x65\x5f\x63\x6c\
\x6f\x63\x6b\x69\x64\0\x63\x6f\x6e\x74\x65\x78\x74\x5f\x73\x77\x69\x74\x63\x68\
\0\x77\x72\x69\x74\x65\x5f\x62\x61\x63\x6b\x77\x61\x72\x64\0\x6e\x61\x6d\x65\
\x73\x70\x61\x63\x65\x73\0\x6b\x73\x79\x6d\x62\x6f\x6c\0\x62\x70\x66\x5f\x65\
\x76\x65\x6e\x74\0\x61\x75\x78\x5f\x6f\x75\x74\x70\x75\x74\0\x63\x67\x72\x6f\
\x75\x70\0\x74\x65\x78\x74\x5f\x70\x6f\x6b\x65\0\x62\x75\x69\x6c\x64\x5f\x69\
\x64\0\x69\x6e\x68\x65\x72\x69\x74\x5f\x74\x68\x72\x65\x61\x64\0\x72\x65\x6d\
\x6f\x76\x65\x5f\x6f\x6e\x5f\x65\x78\x65\x63\0\x73\x69\x67\x74\x72\x61\x70\0\
\x5f\x5f\x72\x65\x73\x65\x72\x76\x65\x64\x5f\x31\0\x62\x70\x5f\x74\x79\x70\x65\
\0\x62\x72\x61\x6e\x63\x68\x5f\x73\x61\x6d\x70\x6c\x65\x5f\x74\x79\x70\x65\0\
\x73\x61\x6d\x70\x6c\x65\x5f\x72\x65\x67\x73\x5f\x75\x73\x65\x72\0\x73\x61\x6d\
\x70\x6c\x65\x5f\x73\x74\x61\x63\x6b\x5f\x75\x73\x65\x72\0\x73\x61\x6d\x70\x6c\
\x65\x5f\x72\x65\x67\x73\x5f\x69\x6e\x74\x72\0\x61\x75\x78\x5f\x77\x61\x74\x65\
\x72\x6d\x61\x72\x6b\0\x73\x61\x6d\x70\x6c\x65\x5f\x6d\x61\x78\x5f\x73\x74\x61\
\x63\x6b\0\x5f\x5f\x72\x65\x73\x65\x72\x76\x65\x64\x5f\x32\0\x61\x75\x78\x5f\
\x73\x61\x6d\x70\x6c\x65\x5f\x73\x69\x7a\x65\0\x5f\x5f\x72\x65\x73\x65\x72\x76\
\x65\x64\x5f\x33\0\x73\x69\x67\x5f\x64\x61\x74\x61\0\x73\x61\x6d\x70\x6c\x65\
\x5f\x70\x65\x72\x69\x6f\x64\0\x73\x61\x6d\x70\x6c\x65\x5f\x66\x72\x65\x71\0\
\x77\x61\x6b\x65\x75\x70\x5f\x65\x76\x65\x6e\x74\x73\0\x77\x61\x6b\x65\x75\x70\
\x5f\x77\x61\x74\x65\x72\x6d\x61\x72\x6b\0\x62\x70\x5f\x61\x64\x64\x72\0\x6b\
\x70\x72\x6f\x62\x65\x5f\x66\x75\x6e\x63\0\x75\x70\x72\x6f\x62\x65\x5f\x70\x61\
\x74\x68\0\x63\x6f\x6e\x66\x69\x67\x31\0\x62\x70\x5f\x6c\x65\x6e\0\x6b\x70\x72\
\x6f\x62\x65\x5f\x61\x64\x64\x72\0\x70\x72\x6f\x62\x65\x5f\x6f\x66\x66\x73\x65\
\x74\0\x63\x6f\x6e\x66\x69\x67\x32\0\x5f\x5f\x73\x33\x32\0\x68\x77\x5f\x70\x65\
\x72\x66\x5f\x65\x76\x65\x6e\x74\0\x74\x61\x72\x67\x65\x74\0\x70\x72\x65\x76\
\x5f\x63\x6f\x75\x6e\x74\0\x69\x6e\x74\x65\x72\x72\x75\x70\x74\x73\x5f\x73\x65\
\x71\0\x69\x6e\x74\x65\x72\x72\x75\x70\x74\x73\0\x66\x72\x65\x71\x5f\x74\x69\
\x6d\x65\x5f\x73\x74\x61\x6d\x70\0\x66\x72\x65\x71\x5f\x63\x6f\x75\x6e\x74\x5f\
\x73\x74\x61\x6d\x70\0\x6c\x61\x73\x74\x5f\x74\x61\x67\0\x63\x6f\x6e\x66\x69\
\x67\x5f\x62\x61\x73\x65\0\x65\x76\x65\x6e\x74\x5f\x62\x61\x73\x65\0\x65\x76\
\x65\x6e\x74\x5f\x62\x61\x73\x65\x5f\x72\x64\x70\x6d\x63\0\x69\x64\x78\0\x6c\
\x61\x73\x74\x5f\x63\x70\x75\0\x65\x78\x74\x72\x61\x5f\x72\x65\x67\0\x62\x72\
\x61\x6e\x63\x68\x5f\x72\x65\x67\0\x68\x77\x5f\x70\x65\x72\x66\x5f\x65\x76\x65\
\x6e\x74\x5f\x65\x78\x74\x72\x61\0\x72\x65\x67\0\x61\x6c\x6c\x6f\x63\0\x74\x70\
\x5f\x6c\x69\x73\x74\0\x70\x77\x72\x5f\x61\x63\x63\0\x70\x74\x73\x63\0\x69\x6e\
\x66\x6f\0\x62\x70\x5f\x6c\x69\x73\x74\0\x61\x72\x63\x68\x5f\x68\x77\x5f\x62\
\x72\x65\x61\x6b\x70\x6f\x69\x6e\x74\0\x61\x64\x64\x72\x65\x73\x73\0\x6d\x61\
\x73\x6b\0\x69\x6f\x6d\x6d\x75\x5f\x62\x61\x6e\x6b\0\x69\x6f\x6d\x6d\x75\x5f\
\x63\x6e\x74\x72\0\x70\x61\x64\x64\x69\x6e\x67\0\x63\x6f\x6e\x66\0\x63\x6f\x6e\
\x66\x31\0\x6c\x61\x73\x74\x5f\x70\x65\x72\x69\x6f\x64\0\x70\x65\x72\x69\x6f\
\x64\x5f\x6c\x65\x66\x74\0\x73\x61\x76\x65\x64\x5f\x6d\x65\x74\x72\x69\x63\0\
\x73\x61\x76\x65\x64\x5f\x73\x6c\x6f\x74\x73\0\x77\x61\x69\x74\x5f\x71\x75\x65\
\x75\x65\x5f\x68\x65\x61\x64\x5f\x74\0\x77\x61\x69\x74\x5f\x71\x75\x65\x75\x65\
\x5f\x68\x65\x61\x64\0\x68\x65\x61\x64\0\x69\x72\x71\x5f\x77\x6f\x72\x6b\0\x70\
\x65\x72\x66\x5f\x61\x64\x64\x72\x5f\x66\x69\x6c\x74\x65\x72\x73\x5f\x68\x65\
\x61\x64\0\x6e\x72\x5f\x66\x69\x6c\x65\x5f\x66\x69\x6c\x74\x65\x72\x73\0\x70\
\x65\x72\x66\x5f\x6f\x76\x65\x72\x66\x6c\x6f\x77\x5f\x68\x61\x6e\x64\x6c\x65\
\x72\x5f\x74\0\x70\x65\x72\x66\x5f\x73\x61\x6d\x70\x6c\x65\x5f\x64\x61\x74\x61\
\0\x61\x64\x64\x72\0\x72\x61\x77\0\x62\x72\x5f\x73\x74\x61\x63\x6b\0\x70\x65\
\x72\x69\x6f\x64\0\x74\x78\x6e\0\x64\x61\x74\x61\x5f\x73\x72\x63\0\x74\x69\x64\
\x5f\x65\x6e\x74\x72\x79\0\x73\x74\x72\x65\x61\x6d\x5f\x69\x64\0\x63\x70\x75\
\x5f\x65\x6e\x74\x72\x79\0\x63\x61\x6c\x6c\x63\x68\x61\x69\x6e\0\x61\x75\x78\
\x5f\x73\x69\x7a\x65\0\x72\x65\x67\x73\x5f\x75\x73\x65\x72\0\x72\x65\x67\x73\
\x5f\x69\x6e\x74\x72\0\x73\x74\x61\x63\x6b\x5f\x75\x73\x65\x72\x5f\x73\x69\x7a\
\x65\0\x70\x68\x79\x73\x5f\x61\x64\x64\x72\0\x64\x61\x74\x61\x5f\x70\x61\x67\
\x65\x5f\x73\x69\x7a\x65\0\x63\x6f\x64\x65\x5f\x70\x61\x67\x65\x5f\x73\x69\x7a\
\x65\0\x70\x65\x72\x66\x5f\x73\x61\x6d\x70\x6c\x65\x5f\x77\x65\x69\x67\x68\x74\
\0\x66\x75\x6c\x6c\0\x76\x61\x72\x31\x5f\x64\x77\0\x76\x61\x72\x32\x5f\x77\0\
\x76\x61\x72\x33\x5f\x77\0\x70\x65\x72\x66\x5f\x6d\x65\x6d\x5f\x64\x61\x74\x61\
\x5f\x73\x72\x63\0\x6d\x65\x6d\x5f\x6f\x70\0\x6d\x65\x6d\x5f\x6c\x76\x6c\0\x6d\
\x65\x6d\x5f\x73\x6e\x6f\x6f\x70\0\x6d\x65\x6d\x5f\x6c\x6f\x63\x6b\0\x6d\x65\
\x6d\x5f\x64\x74\x6c\x62\0\x6d\x65\x6d\x5f\x6c\x76\x6c\x5f\x6e\x75\x6d\0\x6d\
\x65\x6d\x5f\x72\x65\x6d\x6f\x74\x65\0\x6d\x65\x6d\x5f\x73\x6e\x6f\x6f\x70\x78\
\0\x6d\x65\x6d\x5f\x62\x6c\x6b\0\x6d\x65\x6d\x5f\x72\x73\x76\x64\0\x74\x69\x64\
\0\x72\x65\x73\x65\x72\x76\x65\x64\0\x70\x65\x72\x66\x5f\x72\x65\x67\x73\0\x61\
\x62\x69\0\x72\x65\x67\x73\0\x70\x72\x69\x76\x61\x74\x65\0\x73\x61\x76\x65\x64\
\x5f\x66\x75\x6e\x63\0\x6c\x6f\x63\x61\x6c\x5f\x68\x61\x73\x68\0\x66\x75\x6e\
\x63\x5f\x68\x61\x73\x68\0\x6f\x6c\x64\x5f\x68\x61\x73\x68\0\x74\x72\x61\x6d\
\x70\x6f\x6c\x69\x6e\x65\0\x74\x72\x61\x6d\x70\x6f\x6c\x69\x6e\x65\x5f\x73\x69\
\x7a\x65\0\x66\x74\x72\x61\x63\x65\x5f\x66\x75\x6e\x63\x5f\x74\0\x66\x74\x72\
\x61\x63\x65\x5f\x72\x65\x67\x73\0\x66\x74\x72\x61\x63\x65\x5f\x6f\x70\x73\x5f\
\x68\x61\x73\x68\0\x6e\x6f\x74\x72\x61\x63\x65\x5f\x68\x61\x73\x68\0\x66\x69\
\x6c\x74\x65\x72\x5f\x68\x61\x73\x68\0\x72\x65\x67\x65\x78\x5f\x6c\x6f\x63\x6b\
\0\x61\x76\x78\x35\x31\x32\x5f\x74\x69\x6d\x65\x73\x74\x61\x6d\x70\0\x66\x70\
\x72\x65\x67\x73\x5f\x73\x74\x61\x74\x65\0\x66\x73\x61\x76\x65\0\x66\x78\x73\
\x61\x76\x65\0\x73\x6f\x66\x74\0\x78\x73\x61\x76\x65\0\x5f\x5f\x70\x61\x64\x64\
\x69\x6e\x67\0\x66\x72\x65\x67\x73\x5f\x73\x74\x61\x74\x65\0\x63\x77\x64\0\x73\
\x77\x64\0\x74\x77\x64\0\x66\x69\x70\0\x66\x63\x73\0\x66\x6f\x6f\0\x66\x6f\x73\
\0\x73\x74\x5f\x73\x70\x61\x63\x65\0\x66\x78\x72\x65\x67\x73\x5f\x73\x74\x61\
\x74\x65\0\x66\x6f\x70\0\x6d\x78\x63\x73\x72\0\x6d\x78\x63\x73\x72\x5f\x6d\x61\
\x73\x6b\0\x78\x6d\x6d\x5f\x73\x70\x61\x63\x65\0\x72\x69\x70\0\x72\x64\x70\0\
\x70\x61\x64\x64\x69\x6e\x67\x31\0\x73\x77\x5f\x72\x65\x73\x65\x72\x76\x65\x64\
\0\x73\x77\x72\x65\x67\x73\x5f\x73\x74\x61\x74\x65\0\x66\x74\x6f\x70\0\x63\x68\
\x61\x6e\x67\x65\x64\0\x6c\x6f\x6f\x6b\x61\x68\x65\x61\x64\0\x6e\x6f\x5f\x75\
\x70\x64\x61\x74\x65\0\x72\x6d\0\x61\x6c\x69\x6d\x69\x74\0\x65\x6e\x74\x72\x79\
\x5f\x65\x69\x70\0\x78\x72\x65\x67\x73\x5f\x73\x74\x61\x74\x65\0\x69\x33\x38\
\x37\0\x68\x65\x61\x64\x65\x72\0\x65\x78\x74\x65\x6e\x64\x65\x64\x5f\x73\x74\
\x61\x74\x65\x5f\x61\x72\x65\x61\0\x78\x73\x74\x61\x74\x65\x5f\x68\x65\x61\x64\
\x65\x72\0\x78\x66\x65\x61\x74\x75\x72\x65\x73\0\x78\x63\x6f\x6d\x70\x5f\x62\
\x76\0\x30\x3a\x34\0\x2f\x62\x75\x69\x6c\x64\x2f\x61\x6d\x64\x36\x34\x2d\x67\
\x65\x6e\x65\x72\x69\x63\x2f\x74\x6d\x70\x2f\x70\x6f\x72\x74\x61\x67\x65\x2f\
\x63\x68\x72\x6f\x6d\x65\x6f\x73\x2d\x62\x61\x73\x65\x2f\x73\x65\x63\x61\x67\
\x65\x6e\x74\x64\x2d\x39\x39\x39\x39\x2f\x77\x6f\x72\x6b\x2f\x73\x65\x63\x61\
\x67\x65\x6e\x74\x64\x2d\x39\x39\x39\x39\x2f\x70\x6c\x61\x74\x66\x6f\x72\x6d\
\x32\x2f\x73\x65\x63\x61\x67\x65\x6e\x74\x64\x2f\x62\x70\x66\x2f\x62\x70\x66\
\x5f\x75\x74\x69\x6c\x73\x2e\x68\0\x20\x20\x72\x65\x74\x75\x72\x6e\x20\x28\x42\
\x50\x46\x5f\x43\x4f\x52\x45\x5f\x52\x45\x41\x44\x28\x74\x2c\x20\x66\x6c\x61\
\x67\x73\x29\x20\x26\x20\x30\x78\x30\x30\x32\x30\x30\x30\x30\x30\x29\x3b\0\x20\
\x20\x69\x66\x20\x28\x69\x73\x5f\x6b\x74\x68\x72\x65\x61\x64\x28\x74\x29\x29\
\x20\x7b\0\x20\x20\x20\x20\x20\x20\x28\x73\x74\x72\x75\x63\x74\x20\x63\x72\x6f\
\x73\x5f\x65\x76\x65\x6e\x74\x2a\x29\x28\x62\x70\x66\x5f\x72\x69\x6e\x67\x62\
\x75\x66\x5f\x72\x65\x73\x65\x72\x76\x65\x28\x26\x72\x62\x2c\x20\x73\x69\x7a\
\x65\x6f\x66\x28\x2a\x65\x76\x65\x6e\x74\x29\x2c\x20\x30\x29\x29\x3b\0\x20\x20\
\x69\x66\x20\x28\x65\x76\x65\x6e\x74\x20\x3d\x3d\x20\x4e\x55\x4c\x4c\x29\x20\
\x7b\0\x73\x6f\x63\x6b\x65\x74\0\x66\x69\x6c\x65\0\x73\x6b\0\x6f\x70\x73\0\x77\
\x71\0\x73\x6f\x63\x6b\x65\x74\x5f\x73\x74\x61\x74\x65\0\x53\x53\x5f\x46\x52\
\x45\x45\0\x53\x53\x5f\x55\x4e\x43\x4f\x4e\x4e\x45\x43\x54\x45\x44\0\x53\x53\
\x5f\x43\x4f\x4e\x4e\x45\x43\x54\x49\x4e\x47\0\x53\x53\x5f\x43\x4f\x4e\x4e\x45\
\x43\x54\x45\x44\0\x53\x53\x5f\x44\x49\x53\x43\x4f\x4e\x4e\x45\x43\x54\x49\x4e\
\x47\0\x73\x68\x6f\x72\x74\0\x73\x6f\x63\x6b\x65\x74\x5f\x77\x71\0\x77\x61\x69\
\x74\0\x66\x61\x73\x79\x6e\x63\x5f\x6c\x69\x73\x74\0\x20\x20\x73\x74\x72\x75\
\x63\x74\x20\x73\x6f\x63\x6b\x2a\x20\x73\x6b\x20\x3d\x20\x42\x50\x46\x5f\x43\
\x4f\x52\x45\x5f\x52\x45\x41\x44\x28\x73\x6f\x63\x6b\x65\x74\x2c\x20\x73\x6b\
\x29\x3b\0\x20\x20\x65\x76\x65\x6e\x74\x2d\x3e\x64\x61\x74\x61\x2e\x6e\x65\x74\
\x77\x6f\x72\x6b\x5f\x65\x76\x65\x6e\x74\x2e\x74\x79\x70\x65\x20\x3d\x20\x6b\
\x4e\x65\x74\x77\x6f\x72\x6b\x53\x6f\x63\x6b\x65\x74\x4c\x69\x73\x74\x65\x6e\
\x3b\0\x20\x20\x65\x76\x65\x6e\x74\x2d\x3e\x74\x79\x70\x65\x20\x3d\x20\x6b\x4e\
\x65\x74\x77\x6f\x72\x6b\x45\x76\x65\x6e\x74\x3b\0\x20\x20\x73\x74\x72\x75\x63\
\x74\x20\x73\x6f\x63\x6b\x2a\x20\x73\x6b\x20\x3d\x20\x42\x50\x46\x5f\x43\x4f\
\x52\x45\x5f\x52\x45\x41\x44\x28\x73\x2c\x20\x73\x6b\x29\x3b\0\x30\x3a\x31\0\
\x20\x20\x69\x6e\x74\x20\x73\x6f\x63\x6b\x65\x74\x5f\x74\x79\x70\x65\x20\x3d\
\x20\x42\x50\x46\x5f\x43\x4f\x52\x45\x5f\x52\x45\x41\x44\x28\x73\x2c\x20\x74\
\x79\x70\x65\x29\x3b\0\x73\x6f\x63\x6b\0\x5f\x5f\x73\x6b\x5f\x63\x6f\x6d\x6d\
\x6f\x6e\0\x73\x6b\x5f\x6c\x6f\x63\x6b\0\x73\x6b\x5f\x64\x72\x6f\x70\x73\0\x73\
\x6b\x5f\x72\x63\x76\x6c\x6f\x77\x61\x74\0\x73\x6b\x5f\x65\x72\x72\x6f\x72\x5f\
\x71\x75\x65\x75\x65\0\x73\x6b\x5f\x72\x78\x5f\x73\x6b\x62\x5f\x63\x61\x63\x68\
\x65\0\x73\x6b\x5f\x72\x65\x63\x65\x69\x76\x65\x5f\x71\x75\x65\x75\x65\0\x73\
\x6b\x5f\x62\x61\x63\x6b\x6c\x6f\x67\0\x73\x6b\x5f\x66\x6f\x72\x77\x61\x72\x64\
\x5f\x61\x6c\x6c\x6f\x63\0\x73\x6b\x5f\x6c\x6c\x5f\x75\x73\x65\x63\0\x73\x6b\
\x5f\x6e\x61\x70\x69\x5f\x69\x64\0\x73\x6b\x5f\x72\x63\x76\x62\x75\x66\0\x73\
\x6b\x5f\x66\x69\x6c\x74\x65\x72\0\x73\x6b\x5f\x70\x6f\x6c\x69\x63\x79\0\x73\
\x6b\x5f\x72\x78\x5f\x64\x73\x74\0\x73\x6b\x5f\x72\x78\x5f\x64\x73\x74\x5f\x69\
\x66\x69\x6e\x64\x65\x78\0\x73\x6b\x5f\x72\x78\x5f\x64\x73\x74\x5f\x63\x6f\x6f\
\x6b\x69\x65\0\x73\x6b\x5f\x64\x73\x74\x5f\x63\x61\x63\x68\x65\0\x73\x6b\x5f\
\x6f\x6d\x65\x6d\x5f\x61\x6c\x6c\x6f\x63\0\x73\x6b\x5f\x73\x6e\x64\x62\x75\x66\
\0\x73\x6b\x5f\x77\x6d\x65\x6d\x5f\x71\x75\x65\x75\x65\x64\0\x73\x6b\x5f\x77\
\x6d\x65\x6d\x5f\x61\x6c\x6c\x6f\x63\0\x73\x6b\x5f\x74\x73\x71\x5f\x66\x6c\x61\
\x67\x73\0\x73\x6b\x5f\x74\x78\x5f\x73\x6b\x62\x5f\x63\x61\x63\x68\x65\0\x73\
\x6b\x5f\x77\x72\x69\x74\x65\x5f\x71\x75\x65\x75\x65\0\x73\x6b\x5f\x70\x65\x65\
\x6b\x5f\x6f\x66\x66\0\x73\x6b\x5f\x77\x72\x69\x74\x65\x5f\x70\x65\x6e\x64\x69\
\x6e\x67\0\x73\x6b\x5f\x64\x73\x74\x5f\x70\x65\x6e\x64\x69\x6e\x67\x5f\x63\x6f\
\x6e\x66\x69\x72\x6d\0\x73\x6b\x5f\x70\x61\x63\x69\x6e\x67\x5f\x73\x74\x61\x74\
\x75\x73\0\x73\x6b\x5f\x73\x6e\x64\x74\x69\x6d\x65\x6f\0\x73\x6b\x5f\x74\x69\
\x6d\x65\x72\0\x73\x6b\x5f\x70\x72\x69\x6f\x72\x69\x74\x79\0\x73\x6b\x5f\x6d\
\x61\x72\x6b\0\x73\x6b\x5f\x70\x61\x63\x69\x6e\x67\x5f\x72\x61\x74\x65\0\x73\
\x6b\x5f\x6d\x61\x78\x5f\x70\x61\x63\x69\x6e\x67\x5f\x72\x61\x74\x65\0\x73\x6b\
\x5f\x66\x72\x61\x67\0\x73\x6b\x5f\x72\x6f\x75\x74\x65\x5f\x63\x61\x70\x73\0\
\x73\x6b\x5f\x72\x6f\x75\x74\x65\x5f\x6e\x6f\x63\x61\x70\x73\0\x73\x6b\x5f\x72\
\x6f\x75\x74\x65\x5f\x66\x6f\x72\x63\x65\x64\x5f\x63\x61\x70\x73\0\x73\x6b\x5f\
\x67\x73\x6f\x5f\x74\x79\x70\x65\0\x73\x6b\x5f\x67\x73\x6f\x5f\x6d\x61\x78\x5f\
\x73\x69\x7a\x65\0\x73\x6b\x5f\x61\x6c\x6c\x6f\x63\x61\x74\x69\x6f\x6e\0\x73\
\x6b\x5f\x74\x78\x68\x61\x73\x68\0\x73\x6b\x5f\x70\x61\x64\x64\x69\x6e\x67\0\
\x73\x6b\x5f\x6b\x65\x72\x6e\x5f\x73\x6f\x63\x6b\0\x73\x6b\x5f\x6e\x6f\x5f\x63\
\x68\x65\x63\x6b\x5f\x74\x78\0\x73\x6b\x5f\x6e\x6f\x5f\x63\x68\x65\x63\x6b\x5f\
\x72\x78\0\x73\x6b\x5f\x75\x73\x65\x72\x6c\x6f\x63\x6b\x73\0\x73\x6b\x5f\x70\
\x61\x63\x69\x6e\x67\x5f\x73\x68\x69\x66\x74\0\x73\x6b\x5f\x74\x79\x70\x65\0\
\x73\x6b\x5f\x70\x72\x6f\x74\x6f\x63\x6f\x6c\0\x73\x6b\x5f\x67\x73\x6f\x5f\x6d\
\x61\x78\x5f\x73\x65\x67\x73\0\x73\x6b\x5f\x6c\x69\x6e\x67\x65\x72\x74\x69\x6d\
\x65\0\x73\x6b\x5f\x70\x72\x6f\x74\x5f\x63\x72\x65\x61\x74\x6f\x72\0\x73\x6b\
\x5f\x63\x61\x6c\x6c\x62\x61\x63\x6b\x5f\x6c\x6f\x63\x6b\0\x73\x6b\x5f\x65\x72\
\x72\0\x73\x6b\x5f\x65\x72\x72\x5f\x73\x6f\x66\x74\0\x73\x6b\x5f\x61\x63\x6b\
\x5f\x62\x61\x63\x6b\x6c\x6f\x67\0\x73\x6b\x5f\x6d\x61\x78\x5f\x61\x63\x6b\x5f\
\x62\x61\x63\x6b\x6c\x6f\x67\0\x73\x6b\x5f\x75\x69\x64\0\x73\x6b\x5f\x70\x72\
\x65\x66\x65\x72\x5f\x62\x75\x73\x79\x5f\x70\x6f\x6c\x6c\0\x73\x6b\x5f\x62\x75\
\x73\x79\x5f\x70\x6f\x6c\x6c\x5f\x62\x75\x64\x67\x65\x74\0\x73\x6b\x5f\x70\x65\
\x65\x72\x5f\x6c\x6f\x63\x6b\0\x73\x6b\x5f\x70\x65\x65\x72\x5f\x70\x69\x64\0\
\x73\x6b\x5f\x70\x65\x65\x72\x5f\x63\x72\x65\x64\0\x73\x6b\x5f\x72\x63\x76\x74\
\x69\x6d\x65\x6f\0\x73\x6b\x5f\x73\x74\x61\x6d\x70\0\x73\x6b\x5f\x74\x73\x66\
\x6c\x61\x67\x73\0\x73\x6b\x5f\x62\x69\x6e\x64\x5f\x70\x68\x63\0\x73\x6b\x5f\
\x73\x68\x75\x74\x64\x6f\x77\x6e\0\x73\x6b\x5f\x74\x73\x6b\x65\x79\0\x73\x6b\
\x5f\x7a\x63\x6b\x65\x79\0\x73\x6b\x5f\x63\x6c\x6f\x63\x6b\x69\x64\0\x73\x6b\
\x5f\x74\x78\x74\x69\x6d\x65\x5f\x64\x65\x61\x64\x6c\x69\x6e\x65\x5f\x6d\x6f\
\x64\x65\0\x73\x6b\x5f\x74\x78\x74\x69\x6d\x65\x5f\x72\x65\x70\x6f\x72\x74\x5f\
\x65\x72\x72\x6f\x72\x73\0\x73\x6b\x5f\x74\x78\x74\x69\x6d\x65\x5f\x75\x6e\x75\
\x73\x65\x64\0\x73\x6b\x5f\x73\x6f\x63\x6b\x65\x74\0\x73\x6b\x5f\x75\x73\x65\
\x72\x5f\x64\x61\x74\x61\0\x73\x6b\x5f\x73\x65\x63\x75\x72\x69\x74\x79\0\x73\
\x6b\x5f\x63\x67\x72\x70\x5f\x64\x61\x74\x61\0\x73\x6b\x5f\x6d\x65\x6d\x63\x67\
\0\x73\x6b\x5f\x73\x74\x61\x74\x65\x5f\x63\x68\x61\x6e\x67\x65\0\x73\x6b\x5f\
\x64\x61\x74\x61\x5f\x72\x65\x61\x64\x79\0\x73\x6b\x5f\x77\x72\x69\x74\x65\x5f\
\x73\x70\x61\x63\x65\0\x73\x6b\x5f\x65\x72\x72\x6f\x72\x5f\x72\x65\x70\x6f\x72\
\x74\0\x73\x6b\x5f\x62\x61\x63\x6b\x6c\x6f\x67\x5f\x72\x63\x76\0\x73\x6b\x5f\
\x64\x65\x73\x74\x72\x75\x63\x74\0\x73\x6b\x5f\x72\x65\x75\x73\x65\x70\x6f\x72\
\x74\x5f\x63\x62\0\x73\x6b\x5f\x62\x70\x66\x5f\x73\x74\x6f\x72\x61\x67\x65\0\
\x73\x6b\x5f\x72\x63\x75\0\x73\x6f\x63\x6b\x5f\x63\x6f\x6d\x6d\x6f\x6e\0\x73\
\x6b\x63\x5f\x66\x61\x6d\x69\x6c\x79\0\x73\x6b\x63\x5f\x73\x74\x61\x74\x65\0\
\x73\x6b\x63\x5f\x72\x65\x75\x73\x65\0\x73\x6b\x63\x5f\x72\x65\x75\x73\x65\x70\
\x6f\x72\x74\0\x73\x6b\x63\x5f\x69\x70\x76\x36\x6f\x6e\x6c\x79\0\x73\x6b\x63\
\x5f\x6e\x65\x74\x5f\x72\x65\x66\x63\x6e\x74\0\x73\x6b\x63\x5f\x62\x6f\x75\x6e\
\x64\x5f\x64\x65\x76\x5f\x69\x66\0\x73\x6b\x63\x5f\x70\x72\x6f\x74\0\x73\x6b\
\x63\x5f\x6e\x65\x74\0\x73\x6b\x63\x5f\x76\x36\x5f\x64\x61\x64\x64\x72\0\x73\
\x6b\x63\x5f\x76\x36\x5f\x72\x63\x76\x5f\x73\x61\x64\x64\x72\0\x73\x6b\x63\x5f\
\x63\x6f\x6f\x6b\x69\x65\0\x73\x6b\x63\x5f\x64\x6f\x6e\x74\x63\x6f\x70\x79\x5f\
\x62\x65\x67\x69\x6e\0\x73\x6b\x63\x5f\x74\x78\x5f\x71\x75\x65\x75\x65\x5f\x6d\
\x61\x70\x70\x69\x6e\x67\0\x73\x6b\x63\x5f\x72\x78\x5f\x71\x75\x65\x75\x65\x5f\
\x6d\x61\x70\x70\x69\x6e\x67\0\x73\x6b\x63\x5f\x72\x65\x66\x63\x6e\x74\0\x73\
\x6b\x63\x5f\x64\x6f\x6e\x74\x63\x6f\x70\x79\x5f\x65\x6e\x64\0\x73\x6b\x63\x5f\
\x61\x64\x64\x72\x70\x61\x69\x72\0\x5f\x5f\x61\x64\x64\x72\x70\x61\x69\x72\0\
\x73\x6b\x63\x5f\x64\x61\x64\x64\x72\0\x73\x6b\x63\x5f\x72\x63\x76\x5f\x73\x61\
\x64\x64\x72\0\x5f\x5f\x62\x65\x33\x32\0\x73\x6b\x63\x5f\x68\x61\x73\x68\0\x73\
\x6b\x63\x5f\x75\x31\x36\x68\x61\x73\x68\x65\x73\0\x73\x6b\x63\x5f\x70\x6f\x72\
\x74\x70\x61\x69\x72\0\x5f\x5f\x70\x6f\x72\x74\x70\x61\x69\x72\0\x73\x6b\x63\
\x5f\x64\x70\x6f\x72\x74\0\x73\x6b\x63\x5f\x6e\x75\x6d\0\x5f\x5f\x62\x65\x31\
\x36\0\x73\x6b\x63\x5f\x62\x69\x6e\x64\x5f\x6e\x6f\x64\x65\0\x73\x6b\x63\x5f\
\x70\x6f\x72\x74\x61\x64\x64\x72\x5f\x6e\x6f\x64\x65\0\x70\x6f\x73\x73\x69\x62\
\x6c\x65\x5f\x6e\x65\x74\x5f\x74\0\x6e\x65\x74\0\x69\x6e\x36\x5f\x61\x64\x64\
\x72\0\x69\x6e\x36\x5f\x75\0\x75\x36\x5f\x61\x64\x64\x72\x38\0\x75\x36\x5f\x61\
\x64\x64\x72\x31\x36\0\x75\x36\x5f\x61\x64\x64\x72\x33\x32\0\x73\x6b\x63\x5f\
\x66\x6c\x61\x67\x73\0\x73\x6b\x63\x5f\x6c\x69\x73\x74\x65\x6e\x65\x72\0\x73\
\x6b\x63\x5f\x74\x77\x5f\x64\x72\0\x73\x6b\x63\x5f\x6e\x6f\x64\x65\0\x73\x6b\
\x63\x5f\x6e\x75\x6c\x6c\x73\x5f\x6e\x6f\x64\x65\0\x68\x6c\x69\x73\x74\x5f\x6e\
\x75\x6c\x6c\x73\x5f\x6e\x6f\x64\x65\0\x73\x6b\x63\x5f\x69\x6e\x63\x6f\x6d\x69\
\x6e\x67\x5f\x63\x70\x75\0\x73\x6b\x63\x5f\x72\x63\x76\x5f\x77\x6e\x64\0\x73\
\x6b\x63\x5f\x74\x77\x5f\x72\x63\x76\x5f\x6e\x78\x74\0\x73\x6b\x63\x5f\x72\x78\
\x68\x61\x73\x68\0\x73\x6b\x63\x5f\x77\x69\x6e\x64\x6f\x77\x5f\x63\x6c\x61\x6d\
\x70\0\x73\x6b\x63\x5f\x74\x77\x5f\x73\x6e\x64\x5f\x6e\x78\x74\0\x73\x6f\x63\
\x6b\x65\x74\x5f\x6c\x6f\x63\x6b\x5f\x74\0\x73\x6c\x6f\x63\x6b\0\x6f\x77\x6e\
\x65\x64\0\x73\x6b\x5f\x62\x75\x66\x66\x5f\x68\x65\x61\x64\0\x71\x6c\x65\x6e\0\
\x72\x6d\x65\x6d\x5f\x61\x6c\x6c\x6f\x63\0\x73\x6b\x5f\x77\x71\0\x73\x6b\x5f\
\x77\x71\x5f\x72\x61\x77\0\x78\x66\x72\x6d\x5f\x70\x6f\x6c\x69\x63\x79\0\x78\
\x70\x5f\x6e\x65\x74\0\x62\x79\x64\x73\x74\0\x62\x79\x69\x64\x78\0\x72\x65\x66\
\x63\x6e\x74\0\x70\x6f\x73\0\x74\x69\x6d\x65\x72\0\x67\x65\x6e\x69\x64\0\x70\
\x72\x69\x6f\x72\x69\x74\x79\0\x69\x66\x5f\x69\x64\0\x6d\x61\x72\x6b\0\x6c\x66\
\x74\0\x63\x75\x72\x6c\x66\x74\0\x77\x61\x6c\x6b\0\x70\x6f\x6c\x71\0\x62\x79\
\x64\x73\x74\x5f\x72\x65\x69\x6e\x73\x65\x72\x74\0\x61\x63\x74\x69\x6f\x6e\0\
\x78\x66\x72\x6d\x5f\x6e\x72\0\x66\x61\x6d\x69\x6c\x79\0\x78\x66\x72\x6d\x5f\
\x76\x65\x63\0\x62\x79\x64\x73\x74\x5f\x69\x6e\x65\x78\x61\x63\x74\x5f\x6c\x69\
\x73\x74\0\x72\x77\x6c\x6f\x63\x6b\x5f\x74\0\x61\x72\x63\x68\x5f\x72\x77\x6c\
\x6f\x63\x6b\x5f\x74\0\x71\x72\x77\x6c\x6f\x63\x6b\0\x63\x6e\x74\x73\0\x77\x6c\
\x6f\x63\x6b\x65\x64\0\x5f\x5f\x6c\x73\x74\x61\x74\x65\0\x78\x66\x72\x6d\x5f\
\x6d\x61\x72\x6b\0\x76\0\x6d\0\x78\x66\x72\x6d\x5f\x73\x65\x6c\x65\x63\x74\x6f\
\x72\0\x64\x61\x64\x64\x72\0\x73\x61\x64\x64\x72\0\x64\x70\x6f\x72\x74\0\x64\
\x70\x6f\x72\x74\x5f\x6d\x61\x73\x6b\0\x73\x70\x6f\x72\x74\0\x73\x70\x6f\x72\
\x74\x5f\x6d\x61\x73\x6b\0\x70\x72\x65\x66\x69\x78\x6c\x65\x6e\x5f\x64\0\x70\
\x72\x65\x66\x69\x78\x6c\x65\x6e\x5f\x73\0\x70\x72\x6f\x74\x6f\0\x69\x66\x69\
\x6e\x64\x65\x78\0\x78\x66\x72\x6d\x5f\x61\x64\x64\x72\x65\x73\x73\x5f\x74\0\
\x61\x34\0\x61\x36\0\x69\x6e\x36\0\x78\x66\x72\x6d\x5f\x6c\x69\x66\x65\x74\x69\
\x6d\x65\x5f\x63\x66\x67\0\x73\x6f\x66\x74\x5f\x62\x79\x74\x65\x5f\x6c\x69\x6d\
\x69\x74\0\x68\x61\x72\x64\x5f\x62\x79\x74\x65\x5f\x6c\x69\x6d\x69\x74\0\x73\
\x6f\x66\x74\x5f\x70\x61\x63\x6b\x65\x74\x5f\x6c\x69\x6d\x69\x74\0\x68\x61\x72\
\x64\x5f\x70\x61\x63\x6b\x65\x74\x5f\x6c\x69\x6d\x69\x74\0\x73\x6f\x66\x74\x5f\
\x61\x64\x64\x5f\x65\x78\x70\x69\x72\x65\x73\x5f\x73\x65\x63\x6f\x6e\x64\x73\0\
\x68\x61\x72\x64\x5f\x61\x64\x64\x5f\x65\x78\x70\x69\x72\x65\x73\x5f\x73\x65\
\x63\x6f\x6e\x64\x73\0\x73\x6f\x66\x74\x5f\x75\x73\x65\x5f\x65\x78\x70\x69\x72\
\x65\x73\x5f\x73\x65\x63\x6f\x6e\x64\x73\0\x68\x61\x72\x64\x5f\x75\x73\x65\x5f\
\x65\x78\x70\x69\x72\x65\x73\x5f\x73\x65\x63\x6f\x6e\x64\x73\0\x78\x66\x72\x6d\
\x5f\x6c\x69\x66\x65\x74\x69\x6d\x65\x5f\x63\x75\x72\0\x62\x79\x74\x65\x73\0\
\x70\x61\x63\x6b\x65\x74\x73\0\x61\x64\x64\x5f\x74\x69\x6d\x65\0\x75\x73\x65\
\x5f\x74\x69\x6d\x65\0\x78\x66\x72\x6d\x5f\x70\x6f\x6c\x69\x63\x79\x5f\x77\x61\
\x6c\x6b\x5f\x65\x6e\x74\x72\x79\0\x61\x6c\x6c\0\x64\x65\x61\x64\0\x78\x66\x72\
\x6d\x5f\x70\x6f\x6c\x69\x63\x79\x5f\x71\x75\x65\x75\x65\0\x68\x6f\x6c\x64\x5f\
\x71\x75\x65\x75\x65\0\x68\x6f\x6c\x64\x5f\x74\x69\x6d\x65\x72\0\x78\x66\x72\
\x6d\x5f\x74\x6d\x70\x6c\0\x65\x6e\x63\x61\x70\x5f\x66\x61\x6d\x69\x6c\x79\0\
\x72\x65\x71\x69\x64\0\x73\x68\x61\x72\x65\0\x6f\x70\x74\x69\x6f\x6e\x61\x6c\0\
\x61\x6c\x6c\x61\x6c\x67\x73\0\x61\x61\x6c\x67\x6f\x73\0\x65\x61\x6c\x67\x6f\
\x73\0\x63\x61\x6c\x67\x6f\x73\0\x78\x66\x72\x6d\x5f\x69\x64\0\x73\x70\x69\0\
\x73\x6b\x5f\x73\x65\x6e\x64\x5f\x68\x65\x61\x64\0\x74\x63\x70\x5f\x72\x74\x78\
\x5f\x71\x75\x65\x75\x65\0\x6e\x65\x74\x64\x65\x76\x5f\x66\x65\x61\x74\x75\x72\
\x65\x73\x5f\x74\0\x67\x66\x70\x5f\x74\0\x73\x6f\x63\x6b\x5f\x63\x67\x72\x6f\
\x75\x70\x5f\x64\x61\x74\x61\0\x63\x6c\x61\x73\x73\x69\x64\0\x6d\x65\x6d\x5f\
\x63\x67\x72\x6f\x75\x70\0\x73\x6b\x5f\x62\x75\x66\x66\0\x63\x62\0\x5f\x6e\x66\
\x63\x74\0\x64\x61\x74\x61\x5f\x6c\x65\x6e\0\x6d\x61\x63\x5f\x6c\x65\x6e\0\x68\
\x64\x72\x5f\x6c\x65\x6e\0\x71\x75\x65\x75\x65\x5f\x6d\x61\x70\x70\x69\x6e\x67\
\0\x5f\x5f\x63\x6c\x6f\x6e\x65\x64\x5f\x6f\x66\x66\x73\x65\x74\0\x63\x6c\x6f\
\x6e\x65\x64\0\x6e\x6f\x68\x64\x72\0\x66\x63\x6c\x6f\x6e\x65\0\x70\x65\x65\x6b\
\x65\x64\0\x68\x65\x61\x64\x5f\x66\x72\x61\x67\0\x70\x66\x6d\x65\x6d\x61\x6c\
\x6c\x6f\x63\0\x70\x70\x5f\x72\x65\x63\x79\x63\x6c\x65\0\x61\x63\x74\x69\x76\
\x65\x5f\x65\x78\x74\x65\x6e\x73\x69\x6f\x6e\x73\0\x68\x65\x61\x64\x65\x72\x73\
\x5f\x73\x74\x61\x72\x74\0\x5f\x5f\x70\x6b\x74\x5f\x74\x79\x70\x65\x5f\x6f\x66\
\x66\x73\x65\x74\0\x70\x6b\x74\x5f\x74\x79\x70\x65\0\x69\x67\x6e\x6f\x72\x65\
\x5f\x64\x66\0\x6e\x66\x5f\x74\x72\x61\x63\x65\0\x69\x70\x5f\x73\x75\x6d\x6d\
\x65\x64\0\x6f\x6f\x6f\x5f\x6f\x6b\x61\x79\0\x6c\x34\x5f\x68\x61\x73\x68\0\x73\
\x77\x5f\x68\x61\x73\x68\0\x77\x69\x66\x69\x5f\x61\x63\x6b\x65\x64\x5f\x76\x61\
\x6c\x69\x64\0\x77\x69\x66\x69\x5f\x61\x63\x6b\x65\x64\0\x6e\x6f\x5f\x66\x63\
\x73\0\x65\x6e\x63\x61\x70\x73\x75\x6c\x61\x74\x69\x6f\x6e\0\x65\x6e\x63\x61\
\x70\x5f\x68\x64\x72\x5f\x63\x73\x75\x6d\0\x63\x73\x75\x6d\x5f\x76\x61\x6c\x69\
\x64\0\x5f\x5f\x70\x6b\x74\x5f\x76\x6c\x61\x6e\x5f\x70\x72\x65\x73\x65\x6e\x74\
\x5f\x6f\x66\x66\x73\x65\x74\0\x76\x6c\x61\x6e\x5f\x70\x72\x65\x73\x65\x6e\x74\
\0\x63\x73\x75\x6d\x5f\x63\x6f\x6d\x70\x6c\x65\x74\x65\x5f\x73\x77\0\x63\x73\
\x75\x6d\x5f\x6c\x65\x76\x65\x6c\0\x63\x73\x75\x6d\x5f\x6e\x6f\x74\x5f\x69\x6e\
\x65\x74\0\x64\x73\x74\x5f\x70\x65\x6e\x64\x69\x6e\x67\x5f\x63\x6f\x6e\x66\x69\
\x72\x6d\0\x6e\x64\x69\x73\x63\x5f\x6e\x6f\x64\x65\x74\x79\x70\x65\0\x69\x70\
\x76\x73\x5f\x70\x72\x6f\x70\x65\x72\x74\x79\0\x69\x6e\x6e\x65\x72\x5f\x70\x72\
\x6f\x74\x6f\x63\x6f\x6c\x5f\x74\x79\x70\x65\0\x72\x65\x6d\x63\x73\x75\x6d\x5f\
\x6f\x66\x66\x6c\x6f\x61\x64\0\x74\x63\x5f\x73\x6b\x69\x70\x5f\x63\x6c\x61\x73\
\x73\x69\x66\x79\0\x74\x63\x5f\x61\x74\x5f\x69\x6e\x67\x72\x65\x73\x73\0\x72\
\x65\x64\x69\x72\x65\x63\x74\x65\x64\0\x73\x6c\x6f\x77\x5f\x67\x72\x6f\0\x73\
\x63\x6d\x5f\x69\x6f\x5f\x75\x72\x69\x6e\x67\0\x74\x63\x5f\x69\x6e\x64\x65\x78\
\0\x73\x6b\x62\x5f\x69\x69\x66\0\x68\x61\x73\x68\0\x76\x6c\x61\x6e\x5f\x70\x72\
\x6f\x74\x6f\0\x76\x6c\x61\x6e\x5f\x74\x63\x69\0\x73\x65\x63\x6d\x61\x72\x6b\0\
\x69\x6e\x6e\x65\x72\x5f\x74\x72\x61\x6e\x73\x70\x6f\x72\x74\x5f\x68\x65\x61\
\x64\x65\x72\0\x69\x6e\x6e\x65\x72\x5f\x6e\x65\x74\x77\x6f\x72\x6b\x5f\x68\x65\
\x61\x64\x65\x72\0\x69\x6e\x6e\x65\x72\x5f\x6d\x61\x63\x5f\x68\x65\x61\x64\x65\
\x72\0\x70\x72\x6f\x74\x6f\x63\x6f\x6c\0\x74\x72\x61\x6e\x73\x70\x6f\x72\x74\
\x5f\x68\x65\x61\x64\x65\x72\0\x6e\x65\x74\x77\x6f\x72\x6b\x5f\x68\x65\x61\x64\
\x65\x72\0\x6d\x61\x63\x5f\x68\x65\x61\x64\x65\x72\0\x68\x65\x61\x64\x65\x72\
\x73\x5f\x65\x6e\x64\0\x65\x6e\x64\0\x64\x61\x74\x61\0\x74\x72\x75\x65\x73\x69\
\x7a\x65\0\x75\x73\x65\x72\x73\0\x65\x78\x74\x65\x6e\x73\x69\x6f\x6e\x73\0\x72\
\x62\x6e\x6f\x64\x65\0\x64\x65\x76\0\x64\x65\x76\x5f\x73\x63\x72\x61\x74\x63\
\x68\0\x69\x70\x5f\x64\x65\x66\x72\x61\x67\x5f\x6f\x66\x66\x73\x65\x74\0\x73\
\x6b\x62\x5f\x6d\x73\x74\x61\x6d\x70\x5f\x6e\x73\0\x74\x63\x70\x5f\x74\x73\x6f\
\x72\x74\x65\x64\x5f\x61\x6e\x63\x68\x6f\x72\0\x5f\x73\x6b\x5f\x72\x65\x64\x69\
\x72\0\x5f\x73\x6b\x62\x5f\x72\x65\x66\x64\x73\x74\0\x64\x65\x73\x74\x72\x75\
\x63\x74\x6f\x72\0\x63\x73\x75\x6d\0\x5f\x5f\x77\x73\x75\x6d\0\x63\x73\x75\x6d\
\x5f\x73\x74\x61\x72\x74\0\x63\x73\x75\x6d\x5f\x6f\x66\x66\x73\x65\x74\0\x6e\
\x61\x70\x69\x5f\x69\x64\0\x73\x65\x6e\x64\x65\x72\x5f\x63\x70\x75\0\x72\x65\
\x73\x65\x72\x76\x65\x64\x5f\x74\x61\x69\x6c\x72\x6f\x6f\x6d\0\x69\x6e\x6e\x65\
\x72\x5f\x70\x72\x6f\x74\x6f\x63\x6f\x6c\0\x69\x6e\x6e\x65\x72\x5f\x69\x70\x70\
\x72\x6f\x74\x6f\0\x73\x6b\x5f\x62\x75\x66\x66\x5f\x64\x61\x74\x61\x5f\x74\0\
\x30\x3a\x30\0\x20\x20\x63\x6f\x6d\x6d\x6f\x6e\x2d\x3e\x66\x61\x6d\x69\x6c\x79\
\x20\x3d\x20\x42\x50\x46\x5f\x43\x4f\x52\x45\x5f\x52\x45\x41\x44\x28\x73\x6b\
\x2c\x20\x5f\x5f\x73\x6b\x5f\x63\x6f\x6d\x6d\x6f\x6e\x29\x2e\x73\x6b\x63\x5f\
\x66\x61\x6d\x69\x6c\x79\x3b\0\x30\x3a\x33\0\x30\x3a\x35\x32\0\x20\x20\x20\x20\
\x20\x20\x20\x20\x20\x20\x20\x20\x20\x20\x20\x20\x20\x20\x20\x20\x20\x20\x20\
\x20\x20\x20\x20\x20\x20\x20\x20\x20\x20\x20\x20\x20\x20\x20\x20\x20\x42\x50\
\x46\x5f\x43\x4f\x52\x45\x5f\x52\x45\x41\x44\x28\x73\x6b\x2c\x20\x73\x6b\x5f\
\x70\x72\x6f\x74\x6f\x63\x6f\x6c\x29\x29\x3b\0\x20\x20\x69\x66\x20\x28\x70\x72\
\x6f\x74\x6f\x63\x6f\x6c\x20\x3d\x3d\x20\x43\x52\x4f\x53\x5f\x49\x41\x4e\x41\
\x5f\x48\x4f\x50\x4f\x50\x54\x29\x20\x7b\x20\x20\x2f\x2f\x20\x67\x65\x6e\x65\
\x72\x69\x63\x20\x69\x70\x20\x70\x72\x6f\x74\x6f\x63\x6f\x6c\x2e\0\x20\x20\x7d\
\x20\x65\x6c\x73\x65\x20\x69\x66\x20\x28\x73\x6f\x63\x6b\x65\x74\x5f\x74\x79\
\x70\x65\x20\x3d\x3d\x20\x53\x4f\x43\x4b\x5f\x52\x41\x57\x29\x20\x7b\0\x20\x20\
\x20\x20\x69\x66\x20\x28\x66\x61\x6d\x69\x6c\x79\x20\x3d\x3d\x20\x43\x52\x4f\
\x53\x5f\x46\x41\x4d\x49\x4c\x59\x5f\x41\x46\x5f\x49\x4e\x45\x54\x20\x7c\x7c\
\x20\x66\x61\x6d\x69\x6c\x79\x20\x3d\x3d\x20\x43\x52\x4f\x53\x5f\x46\x41\x4d\
\x49\x4c\x59\x5f\x41\x46\x5f\x49\x4e\x45\x54\x36\x29\x20\x7b\0\x20\x20\x20\x20\
\x20\x20\x69\x66\x20\x28\x73\x6f\x63\x6b\x65\x74\x5f\x74\x79\x70\x65\x20\x3d\
\x3d\x20\x53\x4f\x43\x4b\x5f\x53\x54\x52\x45\x41\x4d\x29\x20\x7b\0\x20\x20\x63\
\x6f\x6d\x6d\x6f\x6e\x2d\x3e\x70\x72\x6f\x74\x6f\x63\x6f\x6c\x20\x3d\x20\x64\
\x65\x74\x65\x72\x6d\x69\x6e\x65\x5f\x70\x72\x6f\x74\x6f\x63\x6f\x6c\x28\x63\
\x6f\x6d\x6d\x6f\x6e\x2d\x3e\x66\x61\x6d\x69\x6c\x79\x2c\x20\x73\x6f\x63\x6b\
\x65\x74\x5f\x74\x79\x70\x65\x2c\0\x20\x20\x63\x6f\x6d\x6d\x6f\x6e\x2d\x3e\x64\
\x65\x76\x5f\x69\x66\x20\x3d\x20\x42\x50\x46\x5f\x43\x4f\x52\x45\x5f\x52\x45\
\x41\x44\x28\x73\x6b\x2c\x20\x5f\x5f\x73\x6b\x5f\x63\x6f\x6d\x6d\x6f\x6e\x29\
\x2e\x73\x6b\x63\x5f\x62\x6f\x75\x6e\x64\x5f\x64\x65\x76\x5f\x69\x66\x3b\0\x30\
\x3a\x39\0\x30\x3a\x38\x34\0\x20\x20\x20\x20\x20\x20\x63\x72\x6f\x73\x5f\x6e\
\x6f\x72\x6d\x61\x6c\x69\x7a\x65\x5f\x74\x6f\x5f\x6c\x61\x73\x74\x5f\x65\x78\
\x65\x63\x28\x42\x50\x46\x5f\x43\x4f\x52\x45\x5f\x52\x45\x41\x44\x28\x74\x2c\
\x20\x72\x65\x61\x6c\x5f\x70\x61\x72\x65\x6e\x74\x2c\x20\x67\x72\x6f\x75\x70\
\x5f\x6c\x65\x61\x64\x65\x72\x29\x29\x3b\0\x30\x3a\x38\x38\0\x20\x20\x66\x6f\
\x72\x20\x28\x69\x6e\x74\x20\x69\x20\x3d\x20\x30\x3b\x20\x69\x20\x3c\x20\x36\
\x34\x3b\x20\x2b\x2b\x69\x29\x20\x7b\0\x20\x20\x20\x20\x73\x74\x72\x75\x63\x74\
\x20\x74\x61\x73\x6b\x5f\x73\x74\x72\x75\x63\x74\x2a\x20\x70\x61\x72\x65\x6e\
\x74\x20\x3d\x20\x42\x50\x46\x5f\x43\x4f\x52\x45\x5f\x52\x45\x41\x44\x28\x72\
\x65\x74\x2c\x20\x72\x65\x61\x6c\x5f\x70\x61\x72\x65\x6e\x74\x2c\x20\x67\x72\
\x6f\x75\x70\x5f\x6c\x65\x61\x64\x65\x72\x29\x3b\0\x20\x20\x20\x20\x69\x66\x20\
\x28\x28\x21\x70\x61\x72\x65\x6e\x74\x29\x20\x7c\x7c\x20\x28\x42\x50\x46\x5f\
\x43\x4f\x52\x45\x5f\x52\x45\x41\x44\x28\x72\x65\x74\x2c\x20\x73\x65\x6c\x66\
\x5f\x65\x78\x65\x63\x5f\x69\x64\x29\x20\x21\x3d\0\x30\x3a\x31\x34\x30\0\x20\
\x20\x20\x20\x20\x20\x20\x20\x20\x20\x20\x20\x20\x20\x20\x20\x20\x20\x20\x20\
\x20\x20\x42\x50\x46\x5f\x43\x4f\x52\x45\x5f\x52\x45\x41\x44\x28\x70\x61\x72\
\x65\x6e\x74\x2c\x20\x73\x65\x6c\x66\x5f\x65\x78\x65\x63\x5f\x69\x64\x29\x29\
\x29\x20\x7b\0\x30\x3a\x38\x32\0\x20\x20\x74\x61\x73\x6b\x5f\x69\x6e\x66\x6f\
\x2d\x3e\x70\x70\x69\x64\x20\x3d\x20\x42\x50\x46\x5f\x43\x4f\x52\x45\x5f\x52\
\x45\x41\x44\x28\x70\x61\x72\x65\x6e\x74\x2c\x20\x74\x67\x69\x64\x29\x3b\0\x30\
\x3a\x31\x30\x36\0\x20\x20\x74\x61\x73\x6b\x5f\x69\x6e\x66\x6f\x2d\x3e\x70\x61\
\x72\x65\x6e\x74\x5f\x73\x74\x61\x72\x74\x5f\x74\x69\x6d\x65\x20\x3d\x20\x42\
\x50\x46\x5f\x43\x4f\x52\x45\x5f\x52\x45\x41\x44\x28\x70\x61\x72\x65\x6e\x74\
\x2c\x20\x73\x74\x61\x72\x74\x5f\x62\x6f\x6f\x74\x74\x69\x6d\x65\x29\x3b\0\x20\
\x20\x74\x61\x73\x6b\x5f\x69\x6e\x66\x6f\x2d\x3e\x73\x74\x61\x72\x74\x5f\x74\
\x69\x6d\x65\x20\x3d\x20\x42\x50\x46\x5f\x43\x4f\x52\x45\x5f\x52\x45\x41\x44\
\x28\x74\x2c\x20\x67\x72\x6f\x75\x70\x5f\x6c\x65\x61\x64\x65\x72\x2c\x20\x73\
\x74\x61\x72\x74\x5f\x62\x6f\x6f\x74\x74\x69\x6d\x65\x29\x3b\0\x20\x20\x74\x61\
\x73\x6b\x5f\x69\x6e\x66\x6f\x2d\x3e\x70\x69\x64\x20\x3d\x20\x42\x50\x46\x5f\
\x43\x4f\x52\x45\x5f\x52\x45\x41\x44\x28\x74\x2c\x20\x74\x67\x69\x64\x29\x3b\0\
\x30\x3a\x31\x31\x32\0\x20\x20\x74\x61\x73\x6b\x5f\x69\x6e\x66\x6f\x2d\x3e\x75\
\x69\x64\x20\x3d\x20\x42\x50\x46\x5f\x43\x4f\x52\x45\x5f\x52\x45\x41\x44\x28\
\x74\x2c\x20\x72\x65\x61\x6c\x5f\x63\x72\x65\x64\x2c\x20\x75\x69\x64\x2e\x76\
\x61\x6c\x29\x3b\0\x30\x3a\x34\x3a\x30\0\x20\x20\x74\x61\x73\x6b\x5f\x69\x6e\
\x66\x6f\x2d\x3e\x67\x69\x64\x20\x3d\x20\x42\x50\x46\x5f\x43\x4f\x52\x45\x5f\
\x52\x45\x41\x44\x28\x74\x2c\x20\x72\x65\x61\x6c\x5f\x63\x72\x65\x64\x2c\x20\
\x67\x69\x64\x2e\x76\x61\x6c\x29\x3b\0\x30\x3a\x35\x3a\x30\0\x30\x3a\x35\x35\0\
\x20\x20\x63\x6f\x6e\x73\x74\x20\x75\x69\x6e\x74\x70\x74\x72\x5f\x74\x20\x61\
\x72\x67\x5f\x73\x74\x61\x72\x74\x20\x3d\x20\x28\x75\x69\x6e\x74\x70\x74\x72\
\x5f\x74\x29\x42\x50\x46\x5f\x43\x4f\x52\x45\x5f\x52\x45\x41\x44\x28\x74\x2c\
\x20\x6d\x6d\x2c\x20\x61\x72\x67\x5f\x73\x74\x61\x72\x74\x29\x3b\0\x6d\x6d\x5f\
\x73\x74\x72\x75\x63\x74\0\x63\x70\x75\x5f\x62\x69\x74\x6d\x61\x70\0\x6d\x6d\
\x5f\x72\x62\0\x76\x6d\x61\x63\x61\x63\x68\x65\x5f\x73\x65\x71\x6e\x75\x6d\0\
\x67\x65\x74\x5f\x75\x6e\x6d\x61\x70\x70\x65\x64\x5f\x61\x72\x65\x61\0\x6d\x6d\
\x61\x70\x5f\x62\x61\x73\x65\0\x6d\x6d\x61\x70\x5f\x6c\x65\x67\x61\x63\x79\x5f\
\x62\x61\x73\x65\0\x6d\x6d\x61\x70\x5f\x63\x6f\x6d\x70\x61\x74\x5f\x62\x61\x73\
\x65\0\x6d\x6d\x61\x70\x5f\x63\x6f\x6d\x70\x61\x74\x5f\x6c\x65\x67\x61\x63\x79\
\x5f\x62\x61\x73\x65\0\x74\x61\x73\x6b\x5f\x73\x69\x7a\x65\0\x68\x69\x67\x68\
\x65\x73\x74\x5f\x76\x6d\x5f\x65\x6e\x64\0\x70\x67\x64\0\x6d\x65\x6d\x62\x61\
\x72\x72\x69\x65\x72\x5f\x73\x74\x61\x74\x65\0\x6d\x6d\x5f\x75\x73\x65\x72\x73\
\0\x6d\x6d\x5f\x63\x6f\x75\x6e\x74\0\x70\x67\x74\x61\x62\x6c\x65\x73\x5f\x62\
\x79\x74\x65\x73\0\x6d\x61\x70\x5f\x63\x6f\x75\x6e\x74\0\x70\x61\x67\x65\x5f\
\x74\x61\x62\x6c\x65\x5f\x6c\x6f\x63\x6b\0\x6d\x6d\x61\x70\x5f\x6c\x6f\x63\x6b\
\0\x6d\x6d\x6c\x69\x73\x74\0\x68\x69\x77\x61\x74\x65\x72\x5f\x72\x73\x73\0\x68\
\x69\x77\x61\x74\x65\x72\x5f\x76\x6d\0\x74\x6f\x74\x61\x6c\x5f\x76\x6d\0\x6c\
\x6f\x63\x6b\x65\x64\x5f\x76\x6d\0\x70\x69\x6e\x6e\x65\x64\x5f\x76\x6d\0\x64\
\x61\x74\x61\x5f\x76\x6d\0\x65\x78\x65\x63\x5f\x76\x6d\0\x73\x74\x61\x63\x6b\
\x5f\x76\x6d\0\x64\x65\x66\x5f\x66\x6c\x61\x67\x73\0\x77\x72\x69\x74\x65\x5f\
\x70\x72\x6f\x74\x65\x63\x74\x5f\x73\x65\x71\0\x61\x72\x67\x5f\x6c\x6f\x63\x6b\
\0\x73\x74\x61\x72\x74\x5f\x63\x6f\x64\x65\0\x65\x6e\x64\x5f\x63\x6f\x64\x65\0\
\x73\x74\x61\x72\x74\x5f\x64\x61\x74\x61\0\x65\x6e\x64\x5f\x64\x61\x74\x61\0\
\x73\x74\x61\x72\x74\x5f\x62\x72\x6b\0\x62\x72\x6b\0\x73\x74\x61\x72\x74\x5f\
\x73\x74\x61\x63\x6b\0\x61\x72\x67\x5f\x73\x74\x61\x72\x74\0\x61\x72\x67\x5f\
\x65\x6e\x64\0\x65\x6e\x76\x5f\x73\x74\x61\x72\x74\0\x65\x6e\x76\x5f\x65\x6e\
\x64\0\x73\x61\x76\x65\x64\x5f\x61\x75\x78\x76\0\x62\x69\x6e\x66\x6d\x74\0\x63\
\x6f\x6e\x74\x65\x78\x74\0\x63\x6f\x72\x65\x5f\x73\x74\x61\x74\x65\0\x69\x6f\
\x63\x74\x78\x5f\x6c\x6f\x63\x6b\0\x69\x6f\x63\x74\x78\x5f\x74\x61\x62\x6c\x65\
\0\x65\x78\x65\x5f\x66\x69\x6c\x65\0\x6e\x6f\x74\x69\x66\x69\x65\x72\x5f\x73\
\x75\x62\x73\x63\x72\x69\x70\x74\x69\x6f\x6e\x73\0\x74\x6c\x62\x5f\x66\x6c\x75\
\x73\x68\x5f\x70\x65\x6e\x64\x69\x6e\x67\0\x74\x6c\x62\x5f\x66\x6c\x75\x73\x68\
\x5f\x62\x61\x74\x63\x68\x65\x64\0\x75\x70\x72\x6f\x62\x65\x73\x5f\x73\x74\x61\
\x74\x65\0\x61\x73\x79\x6e\x63\x5f\x70\x75\x74\x5f\x77\x6f\x72\x6b\0\x70\x61\
\x73\x69\x64\0\x6c\x72\x75\x5f\x67\x65\x6e\0\x66\x5f\x75\0\x66\x5f\x70\x61\x74\
\x68\0\x66\x5f\x69\x6e\x6f\x64\x65\0\x66\x5f\x6f\x70\0\x66\x5f\x6c\x6f\x63\x6b\
\0\x66\x5f\x77\x72\x69\x74\x65\x5f\x68\x69\x6e\x74\0\x66\x5f\x63\x6f\x75\x6e\
\x74\0\x66\x5f\x66\x6c\x61\x67\x73\0\x66\x5f\x6d\x6f\x64\x65\0\x66\x5f\x70\x6f\
\x73\x5f\x6c\x6f\x63\x6b\0\x66\x5f\x70\x6f\x73\0\x66\x5f\x6f\x77\x6e\x65\x72\0\
\x66\x5f\x63\x72\x65\x64\0\x66\x5f\x72\x61\0\x66\x5f\x76\x65\x72\x73\x69\x6f\
\x6e\0\x66\x5f\x73\x65\x63\x75\x72\x69\x74\x79\0\x70\x72\x69\x76\x61\x74\x65\
\x5f\x64\x61\x74\x61\0\x66\x5f\x65\x70\0\x66\x5f\x6d\x61\x70\x70\x69\x6e\x67\0\
\x66\x5f\x77\x62\x5f\x65\x72\x72\0\x66\x5f\x73\x62\x5f\x65\x72\x72\0\x66\x75\
\x5f\x6c\x6c\x69\x73\x74\0\x66\x75\x5f\x72\x63\x75\x68\x65\x61\x64\0\x70\x61\
\x74\x68\0\x6d\x6e\x74\0\x64\x65\x6e\x74\x72\x79\0\x6c\x69\x6e\x6b\x5f\x63\x6f\
\x75\x6e\x74\0\x72\x77\x5f\x68\x69\x6e\x74\0\x57\x52\x49\x54\x45\x5f\x4c\x49\
\x46\x45\x5f\x4e\x4f\x54\x5f\x53\x45\x54\0\x57\x52\x49\x54\x45\x5f\x4c\x49\x46\
\x45\x5f\x4e\x4f\x4e\x45\0\x57\x52\x49\x54\x45\x5f\x4c\x49\x46\x45\x5f\x53\x48\
\x4f\x52\x54\0\x57\x52\x49\x54\x45\x5f\x4c\x49\x46\x45\x5f\x4d\x45\x44\x49\x55\
\x4d\0\x57\x52\x49\x54\x45\x5f\x4c\x49\x46\x45\x5f\x4c\x4f\x4e\x47\0\x57\x52\
\x49\x54\x45\x5f\x4c\x49\x46\x45\x5f\x45\x58\x54\x52\x45\x4d\x45\0\x66\x6d\x6f\
\x64\x65\x5f\x74\0\x6c\x6f\x66\x66\x5f\x74\0\x5f\x5f\x6b\x65\x72\x6e\x65\x6c\
\x5f\x6c\x6f\x66\x66\x5f\x74\0\x66\x6f\x77\x6e\x5f\x73\x74\x72\x75\x63\x74\0\
\x70\x69\x64\x5f\x74\x79\x70\x65\0\x73\x69\x67\x6e\x75\x6d\0\x50\x49\x44\x54\
\x59\x50\x45\x5f\x50\x49\x44\0\x50\x49\x44\x54\x59\x50\x45\x5f\x54\x47\x49\x44\
\0\x50\x49\x44\x54\x59\x50\x45\x5f\x50\x47\x49\x44\0\x50\x49\x44\x54\x59\x50\
\x45\x5f\x53\x49\x44\0\x50\x49\x44\x54\x59\x50\x45\x5f\x4d\x41\x58\0\x66\x69\
\x6c\x65\x5f\x72\x61\x5f\x73\x74\x61\x74\x65\0\x73\x74\x61\x72\x74\0\x61\x73\
\x79\x6e\x63\x5f\x73\x69\x7a\x65\0\x72\x61\x5f\x70\x61\x67\x65\x73\0\x6d\x6d\
\x61\x70\x5f\x6d\x69\x73\x73\0\x70\x72\x65\x76\x5f\x70\x6f\x73\0\x65\x72\x72\
\x73\x65\x71\x5f\x74\0\x70\x67\x64\x5f\x74\0\x70\x67\x64\x76\x61\x6c\x5f\x74\0\
\x72\x77\x5f\x73\x65\x6d\x61\x70\x68\x6f\x72\x65\0\x6d\x6d\x5f\x72\x73\x73\x5f\
\x73\x74\x61\x74\0\x6d\x6d\x5f\x63\x6f\x6e\x74\x65\x78\x74\x5f\x74\0\x63\x74\
\x78\x5f\x69\x64\0\x74\x6c\x62\x5f\x67\x65\x6e\0\x6c\x64\x74\x5f\x75\x73\x72\
\x5f\x73\x65\x6d\0\x6c\x64\x74\0\x76\x64\x73\x6f\0\x76\x64\x73\x6f\x5f\x69\x6d\
\x61\x67\x65\0\x70\x65\x72\x66\x5f\x72\x64\x70\x6d\x63\x5f\x61\x6c\x6c\x6f\x77\
\x65\x64\0\x70\x6b\x65\x79\x5f\x61\x6c\x6c\x6f\x63\x61\x74\x69\x6f\x6e\x5f\x6d\
\x61\x70\0\x65\x78\x65\x63\x75\x74\x65\x5f\x6f\x6e\x6c\x79\x5f\x70\x6b\x65\x79\
\0\x73\x31\x36\0\x5f\x5f\x73\x31\x36\0\x78\x6f\x6c\x5f\x61\x72\x65\x61\0\x77\
\x6f\x72\x6b\x5f\x73\x74\x72\x75\x63\x74\0\x77\x6f\x72\x6b\x5f\x66\x75\x6e\x63\
\x5f\x74\0\x62\x69\x74\x6d\x61\x70\0\x30\x3a\x30\x3a\x33\x37\0\x20\x20\x63\x6f\
\x6e\x73\x74\x20\x75\x69\x6e\x74\x70\x74\x72\x5f\x74\x20\x61\x72\x67\x5f\x65\
\x6e\x64\x20\x3d\x20\x28\x75\x69\x6e\x74\x70\x74\x72\x5f\x74\x29\x42\x50\x46\
\x5f\x43\x4f\x52\x45\x5f\x52\x45\x41\x44\x28\x74\x2c\x20\x6d\x6d\x2c\x20\x61\
\x72\x67\x5f\x65\x6e\x64\x29\x3b\0\x30\x3a\x30\x3a\x33\x38\0\x20\x20\x69\x66\
\x20\x28\x28\x61\x72\x67\x5f\x65\x6e\x64\x20\x2d\x20\x61\x72\x67\x5f\x73\x74\
\x61\x72\x74\x29\x20\x3e\x20\x73\x69\x7a\x65\x6f\x66\x28\x74\x61\x73\x6b\x5f\
\x69\x6e\x66\x6f\x2d\x3e\x63\x6f\x6d\x6d\x61\x6e\x64\x6c\x69\x6e\x65\x29\x29\
\x20\x7b\0\x20\x20\x62\x70\x66\x5f\x70\x72\x6f\x62\x65\x5f\x72\x65\x61\x64\x5f\
\x75\x73\x65\x72\x28\x74\x61\x73\x6b\x5f\x69\x6e\x66\x6f\x2d\x3e\x63\x6f\x6d\
\x6d\x61\x6e\x64\x6c\x69\x6e\x65\x2c\x20\x74\x61\x73\x6b\x5f\x69\x6e\x66\x6f\
\x2d\x3e\x63\x6f\x6d\x6d\x61\x6e\x64\x6c\x69\x6e\x65\x5f\x6c\x65\x6e\x2c\0\x20\
\x20\x69\x66\x20\x28\x74\x61\x73\x6b\x5f\x69\x6e\x66\x6f\x2d\x3e\x63\x6f\x6d\
\x6d\x61\x6e\x64\x6c\x69\x6e\x65\x5f\x6c\x65\x6e\x20\x3d\x3d\x20\x73\x69\x7a\
\x65\x6f\x66\x28\x74\x61\x73\x6b\x5f\x69\x6e\x66\x6f\x2d\x3e\x63\x6f\x6d\x6d\
\x61\x6e\x64\x6c\x69\x6e\x65\x29\x29\x20\x7b\0\x20\x20\x20\x20\x74\x61\x73\x6b\
\x5f\x69\x6e\x66\x6f\x2d\x3e\x63\x6f\x6d\x6d\x61\x6e\x64\x6c\x69\x6e\x65\x5b\
\x74\x61\x73\x6b\x5f\x69\x6e\x66\x6f\x2d\x3e\x63\x6f\x6d\x6d\x61\x6e\x64\x6c\
\x69\x6e\x65\x5f\x6c\x65\x6e\x20\x2d\x20\x31\x5d\x20\x3d\x20\x27\x5c\x30\x27\
\x3b\0\x20\x20\x73\x6c\x2d\x3e\x73\x6f\x63\x6b\x65\x74\x5f\x74\x79\x70\x65\x20\
\x3d\x20\x42\x50\x46\x5f\x43\x4f\x52\x45\x5f\x52\x45\x41\x44\x28\x73\x6f\x63\
\x6b\x65\x74\x2c\x20\x74\x79\x70\x65\x29\x3b\0\x20\x20\x73\x6c\x2d\x3e\x70\x6f\
\x72\x74\x20\x3d\x20\x42\x50\x46\x5f\x43\x4f\x52\x45\x5f\x52\x45\x41\x44\x28\
\x73\x6b\x2c\x20\x5f\x5f\x73\x6b\x5f\x63\x6f\x6d\x6d\x6f\x6e\x29\x2e\x73\x6b\
\x63\x5f\x6e\x75\x6d\x3b\0\x30\x3a\x32\x3a\x31\x3a\x31\0\x20\x20\x73\x6c\x2d\
\x3e\x69\x70\x76\x34\x5f\x61\x64\x64\x72\x20\x3d\x20\x42\x50\x46\x5f\x43\x4f\
\x52\x45\x5f\x52\x45\x41\x44\x28\x73\x6b\x2c\x20\x5f\x5f\x73\x6b\x5f\x63\x6f\
\x6d\x6d\x6f\x6e\x29\x2e\x73\x6b\x63\x5f\x72\x63\x76\x5f\x73\x61\x64\x64\x72\
\x3b\0\x30\x3a\x30\x3a\x31\x3a\x31\0\x20\x20\x20\x20\x20\x20\x42\x50\x46\x5f\
\x43\x4f\x52\x45\x5f\x52\x45\x41\x44\x28\x73\x6b\x2c\x20\x5f\x5f\x73\x6b\x5f\
\x63\x6f\x6d\x6d\x6f\x6e\x29\x2e\x73\x6b\x63\x5f\x76\x36\x5f\x72\x63\x76\x5f\
\x73\x61\x64\x64\x72\x2e\x69\x6e\x36\x5f\x75\x2e\x75\x36\x5f\x61\x64\x64\x72\
\x38\x2c\0\x30\x3a\x31\x34\x3a\x30\x3a\x30\0\x20\x20\x5f\x5f\x62\x75\x69\x6c\
\x74\x69\x6e\x5f\x6d\x65\x6d\x6d\x6f\x76\x65\x28\0\x20\x20\x62\x70\x66\x5f\x72\
\x69\x6e\x67\x62\x75\x66\x5f\x73\x75\x62\x6d\x69\x74\x28\x65\x76\x65\x6e\x74\
\x2c\x20\x30\x29\x3b\0\x4c\x49\x43\x45\x4e\x53\x45\0\x2e\x6d\x61\x70\x73\0\x6c\
\x69\x63\x65\x6e\x73\x65\0\x76\x66\x73\x6d\x6f\x75\x6e\x74\0\x69\x6e\x6f\x64\
\x65\0\x75\x73\x65\x72\x5f\x6e\x61\x6d\x65\x73\x70\x61\x63\x65\0\x76\x6d\x5f\
\x6f\x70\x65\x72\x61\x74\x69\x6f\x6e\x73\x5f\x73\x74\x72\x75\x63\x74\0\x74\x61\
\x73\x6b\x5f\x67\x72\x6f\x75\x70\0\x70\x69\x70\x65\x5f\x69\x6e\x6f\x64\x65\x5f\
\x69\x6e\x66\x6f\0\x6c\x69\x6e\x75\x78\x5f\x62\x69\x6e\x66\x6d\x74\0\x61\x64\
\x64\x72\x65\x73\x73\x5f\x73\x70\x61\x63\x65\0\x66\x61\x73\x79\x6e\x63\x5f\x73\
\x74\x72\x75\x63\x74\0\x75\x73\x65\x72\x5f\x73\x74\x72\x75\x63\x74\0\x6e\x65\
\x74\x5f\x64\x65\x76\x69\x63\x65\0\x63\x6f\x6d\x70\x6c\x65\x74\x69\x6f\x6e\0\
\x66\x69\x6c\x65\x5f\x6f\x70\x65\x72\x61\x74\x69\x6f\x6e\x73\0\x69\x6e\x65\x74\
\x5f\x74\x69\x6d\x65\x77\x61\x69\x74\x5f\x64\x65\x61\x74\x68\x5f\x72\x6f\x77\0\
\x62\x70\x66\x5f\x6c\x6f\x63\x61\x6c\x5f\x73\x74\x6f\x72\x61\x67\x65\0\x64\x73\
\x74\x5f\x65\x6e\x74\x72\x79\0\x68\x72\x74\x69\x6d\x65\x72\x5f\x63\x6c\x6f\x63\
\x6b\x5f\x62\x61\x73\x65\0\x78\x66\x72\x6d\x5f\x73\x65\x63\x5f\x63\x74\x78\0\
\x62\x70\x66\x5f\x70\x72\x6f\x67\0\x70\x69\x64\x5f\x6e\x61\x6d\x65\x73\x70\x61\
\x63\x65\0\x6b\x65\x79\0\x73\x6f\x63\x6b\x5f\x72\x65\x75\x73\x65\x70\x6f\x72\
\x74\0\x72\x74\x5f\x6d\x75\x74\x65\x78\x5f\x77\x61\x69\x74\x65\x72\0\x62\x6c\
\x6b\x5f\x70\x6c\x75\x67\0\x72\x63\x75\x5f\x6e\x6f\x64\x65\0\x73\x65\x63\x63\
\x6f\x6d\x70\x5f\x66\x69\x6c\x74\x65\x72\0\x5f\x5f\x6b\x65\x72\x6e\x65\x6c\x5f\
\x74\x69\x6d\x65\x73\x70\x65\x63\0\x6f\x6c\x64\x5f\x74\x69\x6d\x65\x73\x70\x65\
\x63\x33\x32\0\x70\x6f\x6c\x6c\x66\x64\0\x73\x65\x6d\x5f\x75\x6e\x64\x6f\x5f\
\x6c\x69\x73\x74\0\x66\x73\x5f\x73\x74\x72\x75\x63\x74\0\x66\x69\x6c\x65\x73\
\x5f\x73\x74\x72\x75\x63\x74\0\x73\x69\x67\x6e\x61\x6c\x5f\x73\x74\x72\x75\x63\
\x74\0\x73\x6b\x62\x5f\x65\x78\x74\0\x72\x65\x71\x75\x65\x73\x74\x5f\x71\x75\
\x65\x75\x65\0\x74\x72\x61\x63\x65\x5f\x65\x76\x65\x6e\x74\x5f\x63\x61\x6c\x6c\
\0\x65\x76\x65\x6e\x74\x5f\x66\x69\x6c\x74\x65\x72\0\x66\x74\x72\x61\x63\x65\
\x5f\x68\x61\x73\x68\0\x70\x65\x72\x66\x5f\x62\x75\x66\x66\x65\x72\0\x70\x65\
\x72\x66\x5f\x61\x64\x64\x72\x5f\x66\x69\x6c\x74\x65\x72\x5f\x72\x61\x6e\x67\
\x65\0\x70\x65\x72\x66\x5f\x72\x61\x77\x5f\x72\x65\x63\x6f\x72\x64\0\x70\x65\
\x72\x66\x5f\x62\x72\x61\x6e\x63\x68\x5f\x73\x74\x61\x63\x6b\0\x70\x65\x72\x66\
\x5f\x63\x61\x6c\x6c\x63\x68\x61\x69\x6e\x5f\x65\x6e\x74\x72\x79\0\x6b\x65\x72\
\x6e\x65\x6c\x5f\x73\x69\x67\x69\x6e\x66\x6f\0\x6c\x64\x74\x5f\x73\x74\x72\x75\
\x63\x74\0\x6b\x69\x6f\x63\x74\x78\x5f\x74\x61\x62\x6c\x65\0\x6d\x6d\x75\x5f\
\x6e\x6f\x74\x69\x66\x69\x65\x72\x5f\x73\x75\x62\x73\x63\x72\x69\x70\x74\x69\
\x6f\x6e\x73\0\x75\x73\x65\x72\x66\x61\x75\x6c\x74\x66\x64\x5f\x63\x74\x78\0\
\x63\x73\x73\x5f\x73\x65\x74\0\x73\x69\x67\x68\x61\x6e\x64\x5f\x73\x74\x72\x75\
\x63\x74\0\x72\x6f\x62\x75\x73\x74\x5f\x6c\x69\x73\x74\x5f\x68\x65\x61\x64\0\
\x63\x6f\x6d\x70\x61\x74\x5f\x72\x6f\x62\x75\x73\x74\x5f\x6c\x69\x73\x74\x5f\
\x68\x65\x61\x64\0\x66\x75\x74\x65\x78\x5f\x70\x69\x5f\x73\x74\x61\x74\x65\0\
\x66\x74\x72\x61\x63\x65\x5f\x72\x65\x74\x5f\x73\x74\x61\x63\x6b\0\x75\x70\x72\
\x6f\x62\x65\x5f\x74\x61\x73\x6b\0\x76\x6d\x5f\x73\x74\x72\x75\x63\x74\0\x62\
\x70\x66\x5f\x72\x75\x6e\x5f\x63\x74\x78\0\x6d\x61\x74\x68\x5f\x65\x6d\x75\x5f\
\x69\x6e\x66\x6f\0\x70\x72\x6f\x74\x6f\x5f\x6f\x70\x73\0\0\0\x9f\xeb\x01\0\x20\
\0\0\0\0\0\0\0\x14\0\0\0\x14\0\0\0\xdc\x07\0\0\xf0\x07\0\0\xcc\x01\0\0\x08\0\0\
\0\x5c\0\0\0\x01\0\0\0\0\0\0\0\x0c\0\0\0\x10\0\0\0\x5c\0\0\0\x7d\0\0\0\0\0\0\0\
\x7c\0\0\0\x3f\x01\0\0\x05\x18\x01\0\x08\0\0\0\x7c\0\0\0\0\0\0\0\0\0\0\0\x18\0\
\0\0\x7c\0\0\0\x65\x01\0\0\x07\x28\x01\0\x20\0\0\0\x7c\0\0\0\x3f\x01\0\0\x05\
\x18\x01\0\x28\0\0\0\x7c\0\0\0\x76\x01\0\0\x30\x34\x01\0\x48\0\0\0\x7c\0\0\0\
\x3f\x01\0\0\x05\x18\x01\0\x50\0\0\0\x18\x28\0\0\x8e\x28\0\0\x0b\x34\0\0\x68\0\
\0\0\x18\x28\0\0\x8e\x28\0\0\x0b\x34\0\0\x70\0\0\0\x18\x28\0\0\x8e\x28\0\0\x23\
\x34\0\0\x78\0\0\0\x7c\0\0\0\xbf\x28\0\0\x07\x38\x01\0\x80\0\0\0\x7c\0\0\0\xd6\
\x28\0\0\x1c\x48\x01\0\xa8\0\0\0\x7c\0\0\0\x1f\x29\0\0\x07\x4c\x01\0\xe0\0\0\0\
\x7c\0\0\0\0\0\0\0\0\0\0\0\xe8\0\0\0\x7c\0\0\0\xbd\x29\0\0\x15\x58\x01\0\0\x01\
\0\0\x7c\0\0\0\xbd\x29\0\0\x15\x58\x01\0\x18\x01\0\0\x7c\0\0\0\xec\x29\0\0\x22\
\x60\x01\0\x20\x01\0\0\x7c\0\0\0\x25\x2a\0\0\x0f\x5c\x01\0\x28\x01\0\0\x7c\0\0\
\0\x76\x01\0\0\x30\xec\0\0\x40\x01\0\0\x7c\0\0\0\0\0\0\0\0\0\0\0\x48\x01\0\0\
\x7c\0\0\0\x44\x2a\0\0\x15\xf0\0\0\x80\x01\0\0\x7c\0\0\0\x44\x2a\0\0\x15\xf0\0\
\0\x90\x01\0\0\x7c\0\0\0\0\0\0\0\0\0\0\0\x98\x01\0\0\x7c\0\0\0\x72\x2a\0\0\x15\
\xf4\0\0\xc0\x01\0\0\x7c\0\0\0\x72\x2a\0\0\x15\xf4\0\0\xd0\x01\0\0\x7c\0\0\0\0\
\0\0\0\0\0\0\0\xd8\x01\0\0\x7c\0\0\0\x39\x39\0\0\x14\xf8\0\0\xf0\x01\0\0\x7c\0\
\0\0\x39\x39\0\0\x33\xf8\0\0\0\x02\0\0\x7c\0\0\0\x39\x39\0\0\x12\xf8\0\0\x28\
\x02\0\0\x7c\0\0\0\0\0\0\0\0\0\0\0\x30\x02\0\0\x7c\0\0\0\x80\x39\0\0\x29\0\x01\
\0\x40\x02\0\0\x7c\0\0\0\x72\x2a\0\0\x15\xf4\0\0\x50\x02\0\0\x7c\0\0\0\x80\x39\
\0\0\x29\0\x01\0\x58\x02\0\0\x7c\0\0\0\xc9\x39\0\0\x07\x7c\0\0\x98\x02\0\0\x7c\
\0\0\0\x08\x3a\0\0\x0e\xc8\0\0\xc0\x02\0\0\x7c\0\0\0\x30\x3a\0\0\x27\x8c\0\0\
\xd8\x02\0\0\x7c\0\0\0\x7b\x3a\0\0\x0b\x90\0\0\x10\x03\0\0\x7c\0\0\0\xa3\x3a\0\
\0\x14\xfc\0\0\x38\x03\0\0\x7c\0\0\0\xe8\x3a\0\0\x14\x04\x01\0\x58\x03\0\0\x7c\
\0\0\0\xe8\x3a\0\0\x33\x04\x01\0\x60\x03\0\0\x7c\0\0\0\xe8\x3a\0\0\x12\x04\x01\
\0\x88\x03\0\0\x7c\0\0\0\xa3\x3a\0\0\x14\xfc\0\0\x90\x03\0\0\x18\x28\0\0\x35\
\x3b\0\0\x23\x8c\0\0\xc0\x03\0\0\x7c\0\0\0\xa3\x3a\0\0\x14\xfc\0\0\xc8\x03\0\0\
\x18\x28\0\0\x35\x3b\0\0\x23\x8c\0\0\xe0\x03\0\0\x18\x28\0\0\x35\x3b\0\0\x23\
\x8c\0\0\xf0\x03\0\0\x18\x28\0\0\x8a\x3b\0\0\x15\x54\0\0\x18\x04\0\0\x18\x28\0\
\0\x8a\x3b\0\0\x03\x54\0\0\x40\x04\0\0\x18\x28\0\0\0\0\0\0\0\0\0\0\x48\x04\0\0\
\x18\x28\0\0\xab\x3b\0\0\x22\x58\0\0\x78\x04\0\0\x18\x28\0\0\0\0\0\0\0\0\0\0\
\x80\x04\0\0\x18\x28\0\0\xab\x3b\0\0\x22\x58\0\0\x90\x04\0\0\x18\x28\0\0\xab\
\x3b\0\0\x22\x58\0\0\x98\x04\0\0\x18\x28\0\0\xfb\x3b\0\0\x13\x5c\0\0\xc0\x04\0\
\0\x18\x28\0\0\0\0\0\0\0\0\0\0\xc8\x04\0\0\x18\x28\0\0\xfb\x3b\0\0\x17\x5c\0\0\
\xe8\x04\0\0\x18\x28\0\0\xfb\x3b\0\0\x17\x5c\0\0\xf8\x04\0\0\x18\x28\0\0\0\0\0\
\0\0\0\0\0\0\x05\0\0\x18\x28\0\0\x3b\x3c\0\0\x17\x60\0\0\x10\x05\0\0\x18\x28\0\
\0\x3b\x3c\0\0\x17\x60\0\0\x18\x05\0\0\x18\x28\0\0\xfb\x3b\0\0\x09\x5c\0\0\x40\
\x05\0\0\x18\x28\0\0\0\0\0\0\0\0\0\0\x48\x05\0\0\x18\x28\0\0\x7e\x3c\0\0\x15\
\x90\0\0\x58\x05\0\0\x18\x28\0\0\x7e\x3c\0\0\x15\x90\0\0\x68\x05\0\0\x18\x28\0\
\0\x7e\x3c\0\0\x13\x90\0\0\x88\x05\0\0\x18\x28\0\0\0\0\0\0\0\0\0\0\x90\x05\0\0\
\x18\x28\0\0\xb5\x3c\0\0\x22\x94\0\0\xa8\x05\0\0\x18\x28\0\0\xb5\x3c\0\0\x22\
\x94\0\0\xb0\x05\0\0\x18\x28\0\0\xb5\x3c\0\0\x20\x94\0\0\xe0\x05\0\0\x18\x28\0\
\0\0\0\0\0\0\0\0\0\xe8\x05\0\0\x18\x28\0\0\xfd\x3c\0\0\x1b\x98\0\0\x10\x06\0\0\
\x18\x28\0\0\0\0\0\0\0\0\0\0\x18\x06\0\0\x18\x28\0\0\xfd\x3c\0\0\x1b\x98\0\0\
\x28\x06\0\0\x18\x28\0\0\xfd\x3c\0\0\x1b\x98\0\0\x30\x06\0\0\x18\x28\0\0\xfd\
\x3c\0\0\x19\x98\0\0\x58\x06\0\0\x18\x28\0\0\0\0\0\0\0\0\0\0\x60\x06\0\0\x18\
\x28\0\0\x47\x3d\0\0\x14\x9c\0\0\x70\x06\0\0\x18\x28\0\0\x47\x3d\0\0\x14\x9c\0\
\0\x78\x06\0\0\x18\x28\0\0\x47\x3d\0\0\x12\x9c\0\0\xa0\x06\0\0\x18\x28\0\0\0\0\
\0\0\0\0\0\0\xa8\x06\0\0\x18\x28\0\0\x78\x3d\0\0\x14\xa4\0\0\xe0\x06\0\0\x18\
\x28\0\0\0\0\0\0\0\0\0\0\xe8\x06\0\0\x18\x28\0\0\x78\x3d\0\0\x14\xa4\0\0\xf8\
\x06\0\0\x18\x28\0\0\x78\x3d\0\0\x14\xa4\0\0\0\x07\0\0\x18\x28\0\0\x78\x3d\0\0\
\x12\xa4\0\0\x10\x07\0\0\x18\x28\0\0\0\0\0\0\0\0\0\0\x18\x07\0\0\x18\x28\0\0\
\xb7\x3d\0\0\x14\xa8\0\0\x50\x07\0\0\x18\x28\0\0\0\0\0\0\0\0\0\0\x58\x07\0\0\
\x18\x28\0\0\xb7\x3d\0\0\x14\xa8\0\0\x68\x07\0\0\x18\x28\0\0\xb7\x3d\0\0\x14\
\xa8\0\0\x70\x07\0\0\x18\x28\0\0\xb7\x3d\0\0\x12\xa8\0\0\x90\x07\0\0\x18\x28\0\
\0\0\0\0\0\0\0\0\0\x98\x07\0\0\x18\x28\0\0\xfb\x3d\0\0\x2a\xb4\0\0\xd0\x07\0\0\
\x18\x28\0\0\0\0\0\0\0\0\0\0\xd8\x07\0\0\x18\x28\0\0\xfb\x3d\0\0\x2a\xb4\0\0\
\xe8\x07\0\0\x18\x28\0\0\xfb\x3d\0\0\x2a\xb4\0\0\xf8\x07\0\0\x18\x28\0\0\0\0\0\
\0\0\0\0\0\0\x08\0\0\x18\x28\0\0\xa1\x43\0\0\x28\xb8\0\0\x38\x08\0\0\x18\x28\0\
\0\0\0\0\0\0\0\0\0\x40\x08\0\0\x18\x28\0\0\xa1\x43\0\0\x28\xb8\0\0\x50\x08\0\0\
\x18\x28\0\0\xa1\x43\0\0\x28\xb8\0\0\x58\x08\0\0\x18\x28\0\0\xee\x43\0\0\x10\
\xbc\0\0\x68\x08\0\0\x18\x28\0\0\xee\x43\0\0\x07\xbc\0\0\x78\x08\0\0\x18\x28\0\
\0\0\0\0\0\0\0\0\0\x88\x08\0\0\x18\x28\0\0\x2e\x44\0\0\x22\xd0\0\0\x90\x08\0\0\
\x18\x28\0\0\x2e\x44\0\0\x03\xd0\0\0\xa0\x08\0\0\x18\x28\0\0\x78\x44\0\0\x12\
\xd8\0\0\xb0\x08\0\0\x18\x28\0\0\x78\x44\0\0\x07\xd8\0\0\xc0\x08\0\0\x18\x28\0\
\0\xbe\x44\0\0\x3c\xdc\0\0\xe0\x08\0\0\x7c\0\0\0\0\0\0\0\0\0\0\0\xe8\x08\0\0\
\x7c\0\0\0\x01\x45\0\0\x15\x70\x01\0\xf8\x08\0\0\x7c\0\0\0\x01\x45\0\0\x15\x70\
\x01\0\0\x09\0\0\x7c\0\0\0\x01\x45\0\0\x13\x70\x01\0\x28\x09\0\0\x7c\0\0\0\0\0\
\0\0\0\0\0\0\x30\x09\0\0\x7c\0\0\0\x32\x45\0\0\x0e\x78\x01\0\x50\x09\0\0\x7c\0\
\0\0\x32\x45\0\0\x2d\x78\x01\0\x58\x09\0\0\x7c\0\0\0\x32\x45\0\0\x0c\x78\x01\0\
\x68\x09\0\0\x7c\0\0\0\0\0\0\0\0\0\0\0\x70\x09\0\0\x7c\0\0\0\x6f\x45\0\0\x13\
\x80\x01\0\x90\x09\0\0\x7c\0\0\0\x6f\x45\0\0\x32\x80\x01\0\x98\x09\0\0\x7c\0\0\
\0\x6f\x45\0\0\x11\x80\x01\0\xa8\x09\0\0\x7c\0\0\0\0\0\0\0\0\0\0\0\xb0\x09\0\0\
\x7c\0\0\0\xb7\x45\0\0\x07\x8c\x01\0\xe8\x09\0\0\x7c\0\0\0\x06\x46\0\0\x03\x84\
\x01\0\x28\x0a\0\0\x7c\0\0\0\x1b\x46\0\0\x03\x94\x01\0\x40\x0a\0\0\x7c\0\0\0\
\x3f\x01\0\0\x05\x18\x01\0\x10\0\0\0\x5c\0\0\0\x1c\0\0\0\x30\0\0\0\x0d\0\0\0\
\x14\x28\0\0\0\0\0\0\xc0\0\0\0\x57\x01\0\0\x14\x28\0\0\0\0\0\0\x60\x01\0\0\x57\
\x01\0\0\x6e\x2a\0\0\0\0\0\0\xa8\x01\0\0\x5f\x01\0\0\x35\x39\0\0\0\0\0\0\xf0\
\x01\0\0\x60\x01\0\0\x77\x39\0\0\0\0\0\0\x08\x02\0\0\x5f\x01\0\0\x7b\x39\0\0\0\
\0\0\0\x18\x03\0\0\x5f\x01\0\0\x35\x39\0\0\0\0\0\0\x58\x03\0\0\x60\x01\0\0\x2c\
\x3b\0\0\0\0\0\0\x68\x03\0\0\x0d\0\0\0\x30\x3b\0\0\0\0\0\0\xa0\x03\0\0\x0d\0\0\
\0\x85\x3b\0\0\0\0\0\0\x28\x04\0\0\x0d\0\0\0\x30\x3b\0\0\0\0\0\0\x60\x04\0\0\
\x0d\0\0\0\x85\x3b\0\0\0\0\0\0\xa8\x04\0\0\x0d\0\0\0\x35\x3c\0\0\0\0\0\0\x20\
\x05\0\0\x0d\0\0\0\x79\x3c\0\0\0\0\0\0\x70\x05\0\0\x0d\0\0\0\xaf\x3c\0\0\0\0\0\
\0\xb8\x05\0\0\x0d\0\0\0\x85\x3b\0\0\0\0\0\0\x80\x06\0\0\x0d\0\0\0\x72\x3d\0\0\
\0\0\0\0\xc0\x06\0\0\x9f\0\0\0\xb1\x3d\0\0\0\0\0\0\x30\x07\0\0\x9f\0\0\0\xf0\
\x3d\0\0\0\0\0\0\x78\x07\0\0\x0d\0\0\0\xf6\x3d\0\0\0\0\0\0\xb0\x07\0\0\xc2\x01\
\0\0\x9a\x43\0\0\0\0\0\0\x18\x08\0\0\xc2\x01\0\0\xe7\x43\0\0\0\0\0\0\xc8\x08\0\
\0\x57\x01\0\0\x6e\x2a\0\0\0\0\0\0\x08\x09\0\0\x5f\x01\0\0\x35\x39\0\0\0\0\0\0\
\x50\x09\0\0\x60\x01\0\0\x67\x45\0\0\0\0\0\0\x90\x09\0\0\x60\x01\0\0\xaf\x45\0\
\0\0\0\0\0\xd0\x09\0\0\x60\x01\0\0\xfd\x45\0\0\0\0\0\0\0\x0a\0\0\x60\x01\0\0\
\xfd\x45\0\0\0\0\0\0\0\0\0\0\0\0\0\0\0\0\0\0\0\0\0\0\0\0\0\0\0\0\0\0\0\0\0\0\0\
\0\0\0\x03\0\x03\0\0\0\0\0\0\0\0\0\0\0\0\0\0\0\0\0\xaf\0\0\0\0\0\x03\0\x40\x0a\
\0\0\0\0\0\0\0\0\0\0\0\0\0\0\xbf\0\0\0\0\0\x03\0\x80\x02\0\0\0\0\0\0\0\0\0\0\0\
\0\0\0\x90\0\0\0\0\0\x03\0\xc0\x02\0\0\0\0\0\0\0\0\0\0\0\0\0\0\xa7\0\0\0\0\0\
\x03\0\x08\x03\0\0\0\0\0\0\0\0\0\0\0\0\0\0\xd6\0\0\0\0\0\x03\0\x90\x02\0\0\0\0\
\0\0\0\0\0\0\0\0\0\0\xb7\0\0\0\0\0\x03\0\xb0\x02\0\0\0\0\0\0\0\0\0\0\0\0\0\0\
\xe6\0\0\0\0\0\x03\0\0\x03\0\0\0\0\0\0\0\0\0\0\0\0\0\0\xce\0\0\0\0\0\x03\0\xa0\
\x02\0\0\0\0\0\0\0\0\0\0\0\0\0\0\xf6\0\0\0\0\0\x03\0\xd0\x02\0\0\0\0\0\0\0\0\0\
\0\0\0\0\0\x9f\0\0\0\0\0\x03\0\x50\x0a\0\0\0\0\0\0\0\0\0\0\0\0\0\0\xfe\0\0\0\0\
\0\x03\0\x20\x04\0\0\0\0\0\0\0\0\0\0\0\0\0\0\x97\0\0\0\0\0\x03\0\xf0\x03\0\0\0\
\0\0\0\0\0\0\0\0\0\0\0\xee\0\0\0\0\0\x03\0\x20\x05\0\0\0\0\0\0\0\0\0\0\0\0\0\0\
\xde\0\0\0\0\0\x03\0\x78\x08\0\0\0\0\0\0\0\0\0\0\0\0\0\0\xc6\0\0\0\0\0\x03\0\
\xc8\x08\0\0\0\0\0\0\0\0\0\0\0\0\0\0\x3e\0\0\0\x12\0\x03\0\0\0\0\0\0\0\0\0\x60\
\x0a\0\0\0\0\0\0\x6c\0\0\0\x11\0\x06\0\0\0\0\0\0\0\0\0\x10\0\0\0\0\0\0\0\x88\0\
\0\0\x11\0\x05\0\0\0\0\0\0\0\0\0\x0d\0\0\0\0\0\0\0\x80\0\0\0\0\0\0\0\x01\0\0\0\
\x12\0\0\0\x98\x5c\0\0\0\0\0\0\x04\0\0\0\x12\0\0\0\xb0\x5c\0\0\0\0\0\0\x03\0\0\
\0\x13\0\0\0\x2c\0\0\0\0\0\0\0\x04\0\0\0\x01\0\0\0\x40\0\0\0\0\0\0\0\x04\0\0\0\
\x01\0\0\0\x50\0\0\0\0\0\0\0\x04\0\0\0\x01\0\0\0\x60\0\0\0\0\0\0\0\x04\0\0\0\
\x01\0\0\0\x70\0\0\0\0\0\0\0\x04\0\0\0\x01\0\0\0\x80\0\0\0\0\0\0\0\x04\0\0\0\
\x01\0\0\0\x90\0\0\0\0\0\0\0\x04\0\0\0\x01\0\0\0\xa0\0\0\0\0\0\0\0\x04\0\0\0\
\x01\0\0\0\xb0\0\0\0\0\0\0\0\x04\0\0\0\x01\0\0\0\xc0\0\0\0\0\0\0\0\x04\0\0\0\
\x01\0\0\0\xd0\0\0\0\0\0\0\0\x04\0\0\0\x01\0\0\0\xe0\0\0\0\0\0\0\0\x04\0\0\0\
\x01\0\0\0\xf0\0\0\0\0\0\0\0\x04\0\0\0\x01\0\0\0\0\x01\0\0\0\0\0\0\x04\0\0\0\
\x01\0\0\0\x10\x01\0\0\0\0\0\0\x04\0\0\0\x01\0\0\0\x20\x01\0\0\0\0\0\0\x04\0\0\
\0\x01\0\0\0\x30\x01\0\0\0\0\0\0\x04\0\0\0\x01\0\0\0\x40\x01\0\0\0\0\0\0\x04\0\
\0\0\x01\0\0\0\x50\x01\0\0\0\0\0\0\x04\0\0\0\x01\0\0\0\x60\x01\0\0\0\0\0\0\x04\
\0\0\0\x01\0\0\0\x70\x01\0\0\0\0\0\0\x04\0\0\0\x01\0\0\0\x80\x01\0\0\0\0\0\0\
\x04\0\0\0\x01\0\0\0\x90\x01\0\0\0\0\0\0\x04\0\0\0\x01\0\0\0\xa0\x01\0\0\0\0\0\
\0\x04\0\0\0\x01\0\0\0\xb0\x01\0\0\0\0\0\0\x04\0\0\0\x01\0\0\0\xc0\x01\0\0\0\0\
\0\0\x04\0\0\0\x01\0\0\0\xd0\x01\0\0\0\0\0\0\x04\0\0\0\x01\0\0\0\xe0\x01\0\0\0\
\0\0\0\x04\0\0\0\x01\0\0\0\xf0\x01\0\0\0\0\0\0\x04\0\0\0\x01\0\0\0\0\x02\0\0\0\
\0\0\0\x04\0\0\0\x01\0\0\0\x10\x02\0\0\0\0\0\0\x04\0\0\0\x01\0\0\0\x20\x02\0\0\
\0\0\0\0\x04\0\0\0\x01\0\0\0\x30\x02\0\0\0\0\0\0\x04\0\0\0\x01\0\0\0\x40\x02\0\
\0\0\0\0\0\x04\0\0\0\x01\0\0\0\x50\x02\0\0\0\0\0\0\x04\0\0\0\x01\0\0\0\x60\x02\
\0\0\0\0\0\0\x04\0\0\0\x01\0\0\0\x70\x02\0\0\0\0\0\0\x04\0\0\0\x01\0\0\0\x80\
\x02\0\0\0\0\0\0\x04\0\0\0\x01\0\0\0\x90\x02\0\0\0\0\0\0\x04\0\0\0\x01\0\0\0\
\xa0\x02\0\0\0\0\0\0\x04\0\0\0\x01\0\0\0\xb0\x02\0\0\0\0\0\0\x04\0\0\0\x01\0\0\
\0\xc0\x02\0\0\0\0\0\0\x04\0\0\0\x01\0\0\0\xd0\x02\0\0\0\0\0\0\x04\0\0\0\x01\0\
\0\0\xe0\x02\0\0\0\0\0\0\x04\0\0\0\x01\0\0\0\xf0\x02\0\0\0\0\0\0\x04\0\0\0\x01\
\0\0\0\0\x03\0\0\0\0\0\0\x04\0\0\0\x01\0\0\0\x10\x03\0\0\0\0\0\0\x04\0\0\0\x01\
\0\0\0\x20\x03\0\0\0\0\0\0\x04\0\0\0\x01\0\0\0\x30\x03\0\0\0\0\0\0\x04\0\0\0\
\x01\0\0\0\x40\x03\0\0\0\0\0\0\x04\0\0\0\x01\0\0\0\x50\x03\0\0\0\0\0\0\x04\0\0\
\0\x01\0\0\0\x60\x03\0\0\0\0\0\0\x04\0\0\0\x01\0\0\0\x70\x03\0\0\0\0\0\0\x04\0\
\0\0\x01\0\0\0\x80\x03\0\0\0\0\0\0\x04\0\0\0\x01\0\0\0\x90\x03\0\0\0\0\0\0\x04\
\0\0\0\x01\0\0\0\xa0\x03\0\0\0\0\0\0\x04\0\0\0\x01\0\0\0\xb0\x03\0\0\0\0\0\0\
\x04\0\0\0\x01\0\0\0\xc0\x03\0\0\0\0\0\0\x04\0\0\0\x01\0\0\0\xd0\x03\0\0\0\0\0\
\0\x04\0\0\0\x01\0\0\0\xe0\x03\0\0\0\0\0\0\x04\0\0\0\x01\0\0\0\xf0\x03\0\0\0\0\
\0\0\x04\0\0\0\x01\0\0\0\0\x04\0\0\0\0\0\0\x04\0\0\0\x01\0\0\0\x10\x04\0\0\0\0\
\0\0\x04\0\0\0\x01\0\0\0\x20\x04\0\0\0\0\0\0\x04\0\0\0\x01\0\0\0\x30\x04\0\0\0\
\0\0\0\x04\0\0\0\x01\0\0\0\x40\x04\0\0\0\0\0\0\x04\0\0\0\x01\0\0\0\x50\x04\0\0\
\0\0\0\0\x04\0\0\0\x01\0\0\0\x60\x04\0\0\0\0\0\0\x04\0\0\0\x01\0\0\0\x70\x04\0\
\0\0\0\0\0\x04\0\0\0\x01\0\0\0\x80\x04\0\0\0\0\0\0\x04\0\0\0\x01\0\0\0\x90\x04\
\0\0\0\0\0\0\x04\0\0\0\x01\0\0\0\xa0\x04\0\0\0\0\0\0\x04\0\0\0\x01\0\0\0\xb0\
\x04\0\0\0\0\0\0\x04\0\0\0\x01\0\0\0\xc0\x04\0\0\0\0\0\0\x04\0\0\0\x01\0\0\0\
\xd0\x04\0\0\0\0\0\0\x04\0\0\0\x01\0\0\0\xe0\x04\0\0\0\0\0\0\x04\0\0\0\x01\0\0\
\0\xf0\x04\0\0\0\0\0\0\x04\0\0\0\x01\0\0\0\0\x05\0\0\0\0\0\0\x04\0\0\0\x01\0\0\
\0\x10\x05\0\0\0\0\0\0\x04\0\0\0\x01\0\0\0\x20\x05\0\0\0\0\0\0\x04\0\0\0\x01\0\
\0\0\x30\x05\0\0\0\0\0\0\x04\0\0\0\x01\0\0\0\x40\x05\0\0\0\0\0\0\x04\0\0\0\x01\
\0\0\0\x50\x05\0\0\0\0\0\0\x04\0\0\0\x01\0\0\0\x60\x05\0\0\0\0\0\0\x04\0\0\0\
\x01\0\0\0\x70\x05\0\0\0\0\0\0\x04\0\0\0\x01\0\0\0\x80\x05\0\0\0\0\0\0\x04\0\0\
\0\x01\0\0\0\x90\x05\0\0\0\0\0\0\x04\0\0\0\x01\0\0\0\xa0\x05\0\0\0\0\0\0\x04\0\
\0\0\x01\0\0\0\xb0\x05\0\0\0\0\0\0\x04\0\0\0\x01\0\0\0\xc0\x05\0\0\0\0\0\0\x04\
\0\0\0\x01\0\0\0\xd0\x05\0\0\0\0\0\0\x04\0\0\0\x01\0\0\0\xe0\x05\0\0\0\0\0\0\
\x04\0\0\0\x01\0\0\0\xf0\x05\0\0\0\0\0\0\x04\0\0\0\x01\0\0\0\0\x06\0\0\0\0\0\0\
\x04\0\0\0\x01\0\0\0\x10\x06\0\0\0\0\0\0\x04\0\0\0\x01\0\0\0\x20\x06\0\0\0\0\0\
\0\x04\0\0\0\x01\0\0\0\x30\x06\0\0\0\0\0\0\x04\0\0\0\x01\0\0\0\x40\x06\0\0\0\0\
\0\0\x04\0\0\0\x01\0\0\0\x50\x06\0\0\0\0\0\0\x04\0\0\0\x01\0\0\0\x60\x06\0\0\0\
\0\0\0\x04\0\0\0\x01\0\0\0\x70\x06\0\0\0\0\0\0\x04\0\0\0\x01\0\0\0\x80\x06\0\0\
\0\0\0\0\x04\0\0\0\x01\0\0\0\x90\x06\0\0\0\0\0\0\x04\0\0\0\x01\0\0\0\xa0\x06\0\
\0\0\0\0\0\x04\0\0\0\x01\0\0\0\xb0\x06\0\0\0\0\0\0\x04\0\0\0\x01\0\0\0\xc0\x06\
\0\0\0\0\0\0\x04\0\0\0\x01\0\0\0\xd0\x06\0\0\0\0\0\0\x04\0\0\0\x01\0\0\0\xe0\
\x06\0\0\0\0\0\0\x04\0\0\0\x01\0\0\0\xf0\x06\0\0\0\0\0\0\x04\0\0\0\x01\0\0\0\0\
\x07\0\0\0\0\0\0\x04\0\0\0\x01\0\0\0\x10\x07\0\0\0\0\0\0\x04\0\0\0\x01\0\0\0\
\x20\x07\0\0\0\0\0\0\x04\0\0\0\x01\0\0\0\x30\x07\0\0\0\0\0\0\x04\0\0\0\x01\0\0\
\0\x40\x07\0\0\0\0\0\0\x04\0\0\0\x01\0\0\0\x50\x07\0\0\0\0\0\0\x04\0\0\0\x01\0\
\0\0\x60\x07\0\0\0\0\0\0\x04\0\0\0\x01\0\0\0\x70\x07\0\0\0\0\0\0\x04\0\0\0\x01\
\0\0\0\x80\x07\0\0\0\0\0\0\x04\0\0\0\x01\0\0\0\x90\x07\0\0\0\0\0\0\x04\0\0\0\
\x01\0\0\0\xa0\x07\0\0\0\0\0\0\x04\0\0\0\x01\0\0\0\xb0\x07\0\0\0\0\0\0\x04\0\0\
\0\x01\0\0\0\xc0\x07\0\0\0\0\0\0\x04\0\0\0\x01\0\0\0\xd0\x07\0\0\0\0\0\0\x04\0\
\0\0\x01\0\0\0\xe0\x07\0\0\0\0\0\0\x04\0\0\0\x01\0\0\0\xf0\x07\0\0\0\0\0\0\x04\
\0\0\0\x01\0\0\0\0\x08\0\0\0\0\0\0\x04\0\0\0\x01\0\0\0\x1c\x08\0\0\0\0\0\0\x04\
\0\0\0\x01\0\0\0\x2c\x08\0\0\0\0\0\0\x04\0\0\0\x01\0\0\0\x3c\x08\0\0\0\0\0\0\
\x04\0\0\0\x01\0\0\0\x4c\x08\0\0\0\0\0\0\x04\0\0\0\x01\0\0\0\x5c\x08\0\0\0\0\0\
\0\x04\0\0\0\x01\0\0\0\x6c\x08\0\0\0\0\0\0\x04\0\0\0\x01\0\0\0\x7c\x08\0\0\0\0\
\0\0\x04\0\0\0\x01\0\0\0\x8c\x08\0\0\0\0\0\0\x04\0\0\0\x01\0\0\0\x9c\x08\0\0\0\
\0\0\0\x04\0\0\0\x01\0\0\0\xac\x08\0\0\0\0\0\0\x04\0\0\0\x01\0\0\0\xbc\x08\0\0\
\0\0\0\0\x04\0\0\0\x01\0\0\0\xcc\x08\0\0\0\0\0\0\x04\0\0\0\x01\0\0\0\xdc\x08\0\
\0\0\0\0\0\x04\0\0\0\x01\0\0\0\xec\x08\0\0\0\0\0\0\x04\0\0\0\x01\0\0\0\xfc\x08\
\0\0\0\0\0\0\x04\0\0\0\x01\0\0\0\x0c\x09\0\0\0\0\0\0\x04\0\0\0\x01\0\0\0\x1c\
\x09\0\0\0\0\0\0\x04\0\0\0\x01\0\0\0\x2c\x09\0\0\0\0\0\0\x04\0\0\0\x01\0\0\0\
\x3c\x09\0\0\0\0\0\0\x04\0\0\0\x01\0\0\0\x4c\x09\0\0\0\0\0\0\x04\0\0\0\x01\0\0\
\0\x5c\x09\0\0\0\0\0\0\x04\0\0\0\x01\0\0\0\x6c\x09\0\0\0\0\0\0\x04\0\0\0\x01\0\
\0\0\x7c\x09\0\0\0\0\0\0\x04\0\0\0\x01\0\0\0\x8c\x09\0\0\0\0\0\0\x04\0\0\0\x01\
\0\0\0\x9c\x09\0\0\0\0\0\0\x04\0\0\0\x01\0\0\0\xac\x09\0\0\0\0\0\0\x04\0\0\0\
\x01\0\0\0\xbc\x09\0\0\0\0\0\0\x04\0\0\0\x01\0\0\0\xcc\x09\0\0\0\0\0\0\x04\0\0\
\0\x01\0\0\0\x1b\x1d\x1c\0\x2e\x74\x65\x78\x74\0\x2e\x72\x65\x6c\x2e\x42\x54\
\x46\x2e\x65\x78\x74\0\x2e\x6d\x61\x70\x73\0\x2e\x72\x65\x6c\x72\x61\x77\x5f\
\x74\x72\x61\x63\x65\x70\x6f\x69\x6e\x74\x2f\x63\x72\x6f\x73\x5f\x69\x6e\x65\
\x74\x5f\x6c\x69\x73\x74\x65\x6e\0\x63\x72\x6f\x73\x5f\x68\x61\x6e\x64\x6c\x65\
\x5f\x69\x6e\x65\x74\x5f\x6c\x69\x73\x74\x65\x6e\0\x2e\x6c\x6c\x76\x6d\x5f\x61\
\x64\x64\x72\x73\x69\x67\0\x6c\x69\x63\x65\x6e\x73\x65\0\x72\x62\0\x2e\x73\x74\
\x72\x74\x61\x62\0\x2e\x73\x79\x6d\x74\x61\x62\0\x2e\x72\x65\x6c\x2e\x42\x54\
\x46\0\x4c\x49\x43\x45\x4e\x53\x45\0\x4c\x42\x42\x30\x5f\x39\0\x4c\x42\x42\x30\
\x5f\x31\x39\0\x4c\x42\x42\x30\x5f\x32\x38\0\x4c\x42\x42\x30\x5f\x31\x38\0\x4c\
\x42\x42\x30\x5f\x32\x37\0\x4c\x42\x42\x30\x5f\x31\x37\0\x4c\x42\x42\x30\x5f\
\x36\0\x4c\x42\x42\x30\x5f\x32\x36\0\x4c\x42\x42\x30\x5f\x31\x36\0\x4c\x42\x42\
\x30\x5f\x31\x35\0\x4c\x42\x42\x30\x5f\x32\x34\0\x4c\x42\x42\x30\x5f\x31\x34\0\
\x4c\x42\x42\x30\x5f\x32\x32\0\x4c\x42\x42\x30\x5f\x31\x31\0\x4c\x42\x42\x30\
\x5f\x32\x30\0\0\0\0\0\0\0\0\0\0\0\0\0\0\0\0\0\0\0\0\0\0\0\0\0\0\0\0\0\0\0\0\0\
\0\0\0\0\0\0\0\0\0\0\0\0\0\0\0\0\0\0\0\0\0\0\0\0\0\0\0\0\0\0\0\0\0\0\0\0\0\0\0\
\x6f\0\0\0\x03\0\0\0\0\0\0\0\0\0\0\0\0\0\0\0\0\0\0\0\x93\xca\0\0\0\0\0\0\x06\
\x01\0\0\0\0\0\0\0\0\0\0\0\0\0\0\x01\0\0\0\0\0\0\0\0\0\0\0\0\0\0\0\x01\0\0\0\
\x01\0\0\0\x06\0\0\0\0\0\0\0\0\0\0\0\0\0\0\0\x40\0\0\0\0\0\0\0\0\0\0\0\0\0\0\0\
\0\0\0\0\0\0\0\0\x04\0\0\0\0\0\0\0\0\0\0\0\0\0\0\0\x1e\0\0\0\x01\0\0\0\x06\0\0\
\0\0\0\0\0\0\0\0\0\0\0\0\0\x40\0\0\0\0\0\0\0\x60\x0a\0\0\0\0\0\0\0\0\0\0\0\0\0\
\0\x08\0\0\0\0\0\0\0\0\0\0\0\0\0\0\0\x1a\0\0\0\x09\0\0\0\x40\0\0\0\0\0\0\0\0\0\
\0\0\0\0\0\0\xc0\xc0\0\0\0\0\0\0\x10\0\0\0\0\0\0\0\x0c\0\0\0\x03\0\0\0\x08\0\0\
\0\0\0\0\0\x10\0\0\0\0\0\0\0\x64\0\0\0\x01\0\0\0\x02\0\0\0\0\0\0\0\0\0\0\0\0\0\
\0\0\xa0\x0a\0\0\0\0\0\0\x0d\0\0\0\0\0\0\0\0\0\0\0\0\0\0\0\x01\0\0\0\0\0\0\0\0\
\0\0\0\0\0\0\0\x14\0\0\0\x01\0\0\0\x03\0\0\0\0\0\0\0\0\0\0\0\0\0\0\0\xb0\x0a\0\
\0\0\0\0\0\x10\0\0\0\0\0\0\0\0\0\0\0\0\0\0\0\x08\0\0\0\0\0\0\0\0\0\0\0\0\0\0\0\
\x83\0\0\0\x01\0\0\0\0\0\0\0\0\0\0\0\0\0\0\0\0\0\0\0\xc0\x0a\0\0\0\0\0\0\x3e\
\xaa\0\0\0\0\0\0\0\0\0\0\0\0\0\0\x04\0\0\0\0\0\0\0\0\0\0\0\0\0\0\0\x7f\0\0\0\
\x09\0\0\0\x40\0\0\0\0\0\0\0\0\0\0\0\0\0\0\0\xd0\xc0\0\0\0\0\0\0\x20\0\0\0\0\0\
\0\0\x0c\0\0\0\x07\0\0\0\x08\0\0\0\0\0\0\0\x10\0\0\0\0\0\0\0\x0b\0\0\0\x01\0\0\
\0\0\0\0\0\0\0\0\0\0\0\0\0\0\0\0\0\0\xb5\0\0\0\0\0\0\xdc\x09\0\0\0\0\0\0\0\0\0\
\0\0\0\0\0\x04\0\0\0\0\0\0\0\0\0\0\0\0\0\0\0\x07\0\0\0\x09\0\0\0\x40\0\0\0\0\0\
\0\0\0\0\0\0\0\0\0\0\xf0\xc0\0\0\0\0\0\0\xa0\x09\0\0\0\0\0\0\x0c\0\0\0\x09\0\0\
\0\x08\0\0\0\0\0\0\0\x10\0\0\0\0\0\0\0\x56\0\0\0\x03\x4c\xff\x6f\0\0\0\x80\0\0\
\0\0\0\0\0\0\0\0\0\0\x90\xca\0\0\0\0\0\0\x03\0\0\0\0\0\0\0\0\0\0\0\0\0\0\0\x01\
\0\0\0\0\0\0\0\0\0\0\0\0\0\0\0\x77\0\0\0\x02\0\0\0\0\0\0\0\0\0\0\0\0\0\0\0\0\0\
\0\0\xe0\xbe\0\0\0\0\0\0\xe0\x01\0\0\0\0\0\0\x01\0\0\0\x11\0\0\0\x08\0\0\0\0\0\
\0\0\x18\0\0\0\0\0\0\0";
}

#ifdef __cplusplus
struct network_bpf *network_bpf::open(const struct bpf_object_open_opts *opts) { return network_bpf__open_opts(opts); }
struct network_bpf *network_bpf::open_and_load() { return network_bpf__open_and_load(); }
int network_bpf::load(struct network_bpf *skel) { return network_bpf__load(skel); }
int network_bpf::attach(struct network_bpf *skel) { return network_bpf__attach(skel); }
void network_bpf::detach(struct network_bpf *skel) { network_bpf__detach(skel); }
void network_bpf::destroy(struct network_bpf *skel) { network_bpf__destroy(skel); }
const void *network_bpf::elf_bytes(size_t *sz) { return network_bpf__elf_bytes(sz); }
#endif /* __cplusplus */

__attribute__((unused)) static void
network_bpf__assert(struct network_bpf *s __attribute__((unused)))
{
#ifdef __cplusplus
#define _Static_assert static_assert
#endif
#ifdef __cplusplus
#undef _Static_assert
#endif
}

#endif /* __NETWORK_BPF_SKEL_H__ */
