/* SPDX-License-Identifier: (LGPL-2.1 OR BSD-2-Clause) */

/* THIS FILE IS AUTOGENERATED BY BPFTOOL! */
#ifndef __PROCESS_BPF_SKEL_H__
#define __PROCESS_BPF_SKEL_H__

#include <errno.h>
#include <stdlib.h>
#include <bpf/libbpf.h>

struct process_bpf {
	struct bpf_object_skeleton *skeleton;
	struct bpf_object *obj;
	struct {
		struct bpf_map *rb;
	} maps;
	struct {
		struct bpf_program *handle_sched_process_exec;
		struct bpf_program *handle_sched_process_exit;
	} progs;
	struct {
		struct bpf_link *handle_sched_process_exec;
		struct bpf_link *handle_sched_process_exit;
	} links;

#ifdef __cplusplus
	static inline struct process_bpf *open(const struct bpf_object_open_opts *opts = nullptr);
	static inline struct process_bpf *open_and_load();
	static inline int load(struct process_bpf *skel);
	static inline int attach(struct process_bpf *skel);
	static inline void detach(struct process_bpf *skel);
	static inline void destroy(struct process_bpf *skel);
	static inline const void *elf_bytes(size_t *sz);
#endif /* __cplusplus */
};

static void
process_bpf__destroy(struct process_bpf *obj)
{
	if (!obj)
		return;
	if (obj->skeleton)
		bpf_object__destroy_skeleton(obj->skeleton);
	free(obj);
}

static inline int
process_bpf__create_skeleton(struct process_bpf *obj);

static inline struct process_bpf *
process_bpf__open_opts(const struct bpf_object_open_opts *opts)
{
	struct process_bpf *obj;
	int err;

	obj = (struct process_bpf *)calloc(1, sizeof(*obj));
	if (!obj) {
		errno = ENOMEM;
		return NULL;
	}

	err = process_bpf__create_skeleton(obj);
	if (err)
		goto err_out;

	err = bpf_object__open_skeleton(obj->skeleton, opts);
	if (err)
		goto err_out;

	return obj;
err_out:
	process_bpf__destroy(obj);
	errno = -err;
	return NULL;
}

static inline struct process_bpf *
process_bpf__open(void)
{
	return process_bpf__open_opts(NULL);
}

static inline int
process_bpf__load(struct process_bpf *obj)
{
	return bpf_object__load_skeleton(obj->skeleton);
}

static inline struct process_bpf *
process_bpf__open_and_load(void)
{
	struct process_bpf *obj;
	int err;

	obj = process_bpf__open();
	if (!obj)
		return NULL;
	err = process_bpf__load(obj);
	if (err) {
		process_bpf__destroy(obj);
		errno = -err;
		return NULL;
	}
	return obj;
}

static inline int
process_bpf__attach(struct process_bpf *obj)
{
	return bpf_object__attach_skeleton(obj->skeleton);
}

static inline void
process_bpf__detach(struct process_bpf *obj)
{
	return bpf_object__detach_skeleton(obj->skeleton);
}

static inline const void *process_bpf__elf_bytes(size_t *sz);

static inline int
process_bpf__create_skeleton(struct process_bpf *obj)
{
	struct bpf_object_skeleton *s;
	int err;

	s = (struct bpf_object_skeleton *)calloc(1, sizeof(*s));
	if (!s)	{
		err = -ENOMEM;
		goto err;
	}

	s->sz = sizeof(*s);
	s->name = "process_bpf";
	s->obj = &obj->obj;

	/* maps */
	s->map_cnt = 1;
	s->map_skel_sz = sizeof(*s->maps);
	s->maps = (struct bpf_map_skeleton *)calloc(s->map_cnt, s->map_skel_sz);
	if (!s->maps) {
		err = -ENOMEM;
		goto err;
	}

	s->maps[0].name = "rb";
	s->maps[0].map = &obj->maps.rb;

	/* programs */
	s->prog_cnt = 2;
	s->prog_skel_sz = sizeof(*s->progs);
	s->progs = (struct bpf_prog_skeleton *)calloc(s->prog_cnt, s->prog_skel_sz);
	if (!s->progs) {
		err = -ENOMEM;
		goto err;
	}

	s->progs[0].name = "handle_sched_process_exec";
	s->progs[0].prog = &obj->progs.handle_sched_process_exec;
	s->progs[0].link = &obj->links.handle_sched_process_exec;

	s->progs[1].name = "handle_sched_process_exit";
	s->progs[1].prog = &obj->progs.handle_sched_process_exit;
	s->progs[1].link = &obj->links.handle_sched_process_exit;

	s->data = (void *)process_bpf__elf_bytes(&s->data_sz);

	obj->skeleton = s;
	return 0;
err:
	bpf_object__destroy_skeleton(s);
	return err;
}

static inline const void *process_bpf__elf_bytes(size_t *sz)
{
	*sz = 157328;
	return (const void *)"\
\x7f\x45\x4c\x46\x02\x01\x01\0\0\0\0\0\0\0\0\0\x01\0\xf7\0\x01\0\0\0\0\0\0\0\0\
\0\0\0\0\0\0\0\0\0\0\0\xd0\x62\x02\0\0\0\0\0\0\0\0\0\x40\0\0\0\0\0\x40\0\x0f\0\
\x01\0\xb7\x02\0\0\x44\0\0\0\x79\x17\0\0\0\0\0\0\xbf\x73\0\0\0\0\0\0\x0f\x23\0\
\0\0\0\0\0\x79\x18\x10\0\0\0\0\0\xbf\xa1\0\0\0\0\0\0\x07\x01\0\0\xf8\xff\xff\
\xff\xb7\x02\0\0\x04\0\0\0\x85\0\0\0\x71\0\0\0\x61\xa1\xf8\xff\0\0\0\0\x57\x01\
\0\0\0\0\x20\0\x55\x01\x4a\x02\0\0\0\0\xb7\x06\0\0\0\0\0\0\x18\x01\0\0\0\0\0\0\
\0\0\0\0\0\0\0\0\xb7\x02\0\0\xb0\x04\0\0\xb7\x03\0\0\0\0\0\0\x85\0\0\0\x83\0\0\
\0\x15\0\x43\x02\0\0\0\0\x7b\x8a\xe0\xff\0\0\0\0\x7b\x0a\xd8\xff\0\0\0\0\xbf\
\x01\0\0\0\0\0\0\x63\x61\0\0\0\0\0\0\x7b\x1a\xd0\xff\0\0\0\0\x63\x61\xa8\x04\0\
\0\0\0\xb7\x01\0\0\x98\x05\0\0\x7b\x7a\xe8\xff\0\0\0\0\xbf\x73\0\0\0\0\0\0\x0f\
\x13\0\0\0\0\0\0\xbf\xa1\0\0\0\0\0\0\x07\x01\0\0\xf0\xff\xff\xff\xb7\x02\0\0\
\x08\0\0\0\x85\0\0\0\x71\0\0\0\xb7\x01\0\0\xc8\x05\0\0\x79\xa3\xf0\xff\0\0\0\0\
\x0f\x13\0\0\0\0\0\0\xbf\xa1\0\0\0\0\0\0\x07\x01\0\0\xf8\xff\xff\xff\xb7\x02\0\
\0\x08\0\0\0\x85\0\0\0\x71\0\0\0\xb7\x06\0\0\x40\0\0\0\x79\xa9\xf8\xff\0\0\0\0\
\x05\0\x06\0\0\0\0\0\x07\x06\0\0\xff\xff\xff\xff\xbf\x61\0\0\0\0\0\0\x67\x01\0\
\0\x20\0\0\0\x77\x01\0\0\x20\0\0\0\xbf\x89\0\0\0\0\0\0\x15\x01\x20\0\0\0\0\0\
\xbf\x93\0\0\0\0\0\0\xb7\x01\0\0\x98\x05\0\0\x0f\x13\0\0\0\0\0\0\xbf\xa1\0\0\0\
\0\0\0\x07\x01\0\0\xf0\xff\xff\xff\xb7\x02\0\0\x08\0\0\0\x85\0\0\0\x71\0\0\0\
\x79\xa3\xf0\xff\0\0\0\0\xb7\x01\0\0\xc8\x05\0\0\x0f\x13\0\0\0\0\0\0\xbf\xa1\0\
\0\0\0\0\0\x07\x01\0\0\xf8\xff\xff\xff\xb7\x02\0\0\x08\0\0\0\x85\0\0\0\x71\0\0\
\0\x79\xa8\xf8\xff\0\0\0\0\x15\x08\x10\0\0\0\0\0\xbf\x93\0\0\0\0\0\0\xb7\x07\0\
\0\x60\x08\0\0\x0f\x73\0\0\0\0\0\0\xbf\xa1\0\0\0\0\0\0\x07\x01\0\0\xf8\xff\xff\
\xff\xb7\x02\0\0\x08\0\0\0\x85\0\0\0\x71\0\0\0\xbf\x83\0\0\0\0\0\0\x0f\x73\0\0\
\0\0\0\0\x79\xa7\xf8\xff\0\0\0\0\xbf\xa1\0\0\0\0\0\0\x07\x01\0\0\xf8\xff\xff\
\xff\xb7\x02\0\0\x08\0\0\0\x85\0\0\0\x71\0\0\0\x79\xa1\xf8\xff\0\0\0\0\x1d\x17\
\xda\xff\0\0\0\0\xb7\x01\0\0\x8c\x05\0\0\xbf\x93\0\0\0\0\0\0\x0f\x13\0\0\0\0\0\
\0\xbf\xa1\0\0\0\0\0\0\x07\x01\0\0\xf8\xff\xff\xff\xb7\x02\0\0\x04\0\0\0\x85\0\
\0\0\x71\0\0\0\x61\xa1\xf8\xff\0\0\0\0\x79\xa8\xd0\xff\0\0\0\0\x63\x18\x0c\0\0\
\0\0\0\xb7\x06\0\0\xc0\x06\0\0\x0f\x69\0\0\0\0\0\0\xbf\xa1\0\0\0\0\0\0\x07\x01\
\0\0\xf8\xff\xff\xff\xb7\x02\0\0\x08\0\0\0\xbf\x93\0\0\0\0\0\0\x85\0\0\0\x71\0\
\0\0\x79\xa1\xf8\xff\0\0\0\0\x7b\x18\x18\0\0\0\0\0\xb7\x01\0\0\xc8\x05\0\0\x79\
\xa7\xe8\xff\0\0\0\0\xbf\x73\0\0\0\0\0\0\x0f\x13\0\0\0\0\0\0\xbf\xa1\0\0\0\0\0\
\0\x07\x01\0\0\xf0\xff\xff\xff\xb7\x02\0\0\x08\0\0\0\x85\0\0\0\x71\0\0\0\x79\
\xa3\xf0\xff\0\0\0\0\x0f\x63\0\0\0\0\0\0\xbf\xa1\0\0\0\0\0\0\x07\x01\0\0\xf8\
\xff\xff\xff\xb7\x02\0\0\x08\0\0\0\x85\0\0\0\x71\0\0\0\x79\xa1\xf8\xff\0\0\0\0\
\x7b\x18\x10\0\0\0\0\0\xbf\x73\0\0\0\0\0\0\xb7\x01\0\0\x8c\x05\0\0\x0f\x13\0\0\
\0\0\0\0\xbf\x89\0\0\0\0\0\0\xbf\xa1\0\0\0\0\0\0\x07\x01\0\0\xf8\xff\xff\xff\
\xb7\x02\0\0\x04\0\0\0\x85\0\0\0\x71\0\0\0\x61\xa1\xf8\xff\0\0\0\0\x63\x19\x08\
\0\0\0\0\0\xb7\x01\0\0\x48\x07\0\0\xbf\x78\0\0\0\0\0\0\x0f\x18\0\0\0\0\0\0\xbf\
\xa1\0\0\0\0\0\0\x07\x01\0\0\xf8\xff\xff\xff\xb7\x02\0\0\x08\0\0\0\xbf\x83\0\0\
\0\0\0\0\x85\0\0\0\x71\0\0\0\xb7\x01\0\0\x14\0\0\0\x79\xa3\xf8\xff\0\0\0\0\x0f\
\x13\0\0\0\0\0\0\xbf\xa1\0\0\0\0\0\0\x07\x01\0\0\xf0\xff\xff\xff\xb7\x02\0\0\
\x04\0\0\0\x85\0\0\0\x71\0\0\0\x61\xa1\xf0\xff\0\0\0\0\x63\x19\x24\x02\0\0\0\0\
\xbf\xa1\0\0\0\0\0\0\x07\x01\0\0\xf8\xff\xff\xff\xb7\x02\0\0\x08\0\0\0\xbf\x83\
\0\0\0\0\0\0\x85\0\0\0\x71\0\0\0\xb7\x01\0\0\x18\0\0\0\x79\xa3\xf8\xff\0\0\0\0\
\x0f\x13\0\0\0\0\0\0\xbf\xa1\0\0\0\0\0\0\x07\x01\0\0\xf0\xff\xff\xff\xb7\x02\0\
\0\x04\0\0\0\x85\0\0\0\x71\0\0\0\x61\xa1\xf0\xff\0\0\0\0\x63\x19\x28\x02\0\0\0\
\0\xb7\x01\0\0\xd0\x04\0\0\x0f\x17\0\0\0\0\0\0\xbf\xa1\0\0\0\0\0\0\x07\x01\0\0\
\xf0\xff\xff\xff\xb7\x02\0\0\x08\0\0\0\xbf\x73\0\0\0\0\0\0\x85\0\0\0\x71\0\0\0\
\xb7\x01\0\0\x38\x01\0\0\x79\xa3\xf0\xff\0\0\0\0\x0f\x13\0\0\0\0\0\0\xbf\xa1\0\
\0\0\0\0\0\x07\x01\0\0\xf8\xff\xff\xff\xb7\x02\0\0\x08\0\0\0\x85\0\0\0\x71\0\0\
\0\x79\xa8\xf8\xff\0\0\0\0\xbf\xa1\0\0\0\0\0\0\x07\x01\0\0\xf0\xff\xff\xff\xb7\
\x02\0\0\x08\0\0\0\xbf\x73\0\0\0\0\0\0\x85\0\0\0\x71\0\0\0\xb7\x01\0\0\x40\x01\
\0\0\x79\xa3\xf0\xff\0\0\0\0\x0f\x13\0\0\0\0\0\0\xbf\xa1\0\0\0\0\0\0\x07\x01\0\
\0\xf8\xff\xff\xff\xb7\x02\0\0\x08\0\0\0\x85\0\0\0\x71\0\0\0\x79\xa2\xf8\xff\0\
\0\0\0\x1f\x82\0\0\0\0\0\0\xb7\x01\0\0\0\x02\0\0\x2d\x21\x01\0\0\0\0\0\xb7\x02\
\0\0\0\x02\0\0\x63\x29\x20\x02\0\0\0\0\x79\xa1\xd8\xff\0\0\0\0\x07\x01\0\0\x20\
\0\0\0\xbf\x83\0\0\0\0\0\0\x85\0\0\0\x70\0\0\0\x61\x91\x20\x02\0\0\0\0\x55\x01\
\x02\0\0\x02\0\0\xb7\x01\0\0\0\0\0\0\x73\x19\x1f\x02\0\0\0\0\xb7\x01\0\0\xb0\
\x07\0\0\x79\xa8\xe8\xff\0\0\0\0\x0f\x18\0\0\0\0\0\0\xbf\xa7\0\0\0\0\0\0\x07\
\x07\0\0\xf8\xff\xff\xff\xbf\x71\0\0\0\0\0\0\xb7\x02\0\0\x08\0\0\0\xbf\x83\0\0\
\0\0\0\0\x85\0\0\0\x71\0\0\0\xb7\x01\0\0\x20\0\0\0\x79\xa3\xf8\xff\0\0\0\0\x0f\
\x13\0\0\0\0\0\0\xbf\x71\0\0\0\0\0\0\xb7\x02\0\0\x08\0\0\0\x85\0\0\0\x71\0\0\0\
\xb7\x01\0\0\x78\0\0\0\x79\xa3\xf8\xff\0\0\0\0\x0f\x13\0\0\0\0\0\0\xbf\xa1\0\0\
\0\0\0\0\x07\x01\0\0\xf0\xff\xff\xff\xb7\x02\0\0\x04\0\0\0\x85\0\0\0\x71\0\0\0\
\x61\xa1\xf0\xff\0\0\0\0\x7b\x19\x78\x04\0\0\0\0\xbf\xa7\0\0\0\0\0\0\x07\x07\0\
\0\xf8\xff\xff\xff\xbf\x71\0\0\0\0\0\0\xb7\x02\0\0\x08\0\0\0\xbf\x83\0\0\0\0\0\
\0\x85\0\0\0\x71\0\0\0\xb7\x01\0\0\x18\0\0\0\x79\xa3\xf8\xff\0\0\0\0\x0f\x13\0\
\0\0\0\0\0\xbf\x71\0\0\0\0\0\0\xb7\x02\0\0\x08\0\0\0\x85\0\0\0\x71\0\0\0\xb7\
\x01\0\0\x10\0\0\0\x79\xa3\xf8\xff\0\0\0\0\x0f\x13\0\0\0\0\0\0\xbf\xa1\0\0\0\0\
\0\0\x07\x01\0\0\xf0\xff\xff\xff\xb7\x02\0\0\x04\0\0\0\x85\0\0\0\x71\0\0\0\x61\
\xa1\xf0\xff\0\0\0\0\x7b\x19\x90\x04\0\0\0\0\xbf\xa7\0\0\0\0\0\0\x07\x07\0\0\
\xf8\xff\xff\xff\xbf\x71\0\0\0\0\0\0\xb7\x02\0\0\x08\0\0\0\xbf\x83\0\0\0\0\0\0\
\x85\0\0\0\x71\0\0\0\xb7\x01\0\0\x40\0\0\0\x79\xa3\xf8\xff\0\0\0\0\x0f\x13\0\0\
\0\0\0\0\xbf\x71\0\0\0\0\0\0\xb7\x02\0\0\x08\0\0\0\x85\0\0\0\x71\0\0\0\xb7\x01\
\0\0\x10\0\0\0\x79\xa3\xf8\xff\0\0\0\0\x0f\x13\0\0\0\0\0\0\xbf\xa1\0\0\0\0\0\0\
\x07\x01\0\0\xf0\xff\xff\xff\xb7\x02\0\0\x04\0\0\0\x85\0\0\0\x71\0\0\0\x61\xa1\
\xf0\xff\0\0\0\0\x7b\x19\x70\x04\0\0\0\0\xbf\xa7\0\0\0\0\0\0\x07\x07\0\0\xf8\
\xff\xff\xff\xbf\x71\0\0\0\0\0\0\xb7\x02\0\0\x08\0\0\0\xbf\x83\0\0\0\0\0\0\x85\
\0\0\0\x71\0\0\0\xb7\x01\0\0\x10\0\0\0\x79\xa3\xf8\xff\0\0\0\0\x0f\x13\0\0\0\0\
\0\0\xbf\x71\0\0\0\0\0\0\xb7\x02\0\0\x08\0\0\0\x85\0\0\0\x71\0\0\0\xb7\x01\0\0\
\x30\x03\0\0\x79\xa3\xf8\xff\0\0\0\0\x0f\x13\0\0\0\0\0\0\xbf\xa1\0\0\0\0\0\0\
\x07\x01\0\0\xf0\xff\xff\xff\xb7\x02\0\0\x04\0\0\0\x85\0\0\0\x71\0\0\0\x61\xa1\
\xf0\xff\0\0\0\0\x7b\x19\xa0\x04\0\0\0\0\xbf\xa7\0\0\0\0\0\0\x07\x07\0\0\xf8\
\xff\xff\xff\xbf\x71\0\0\0\0\0\0\xb7\x02\0\0\x08\0\0\0\xbf\x83\0\0\0\0\0\0\x85\
\0\0\0\x71\0\0\0\xb7\x01\0\0\x28\0\0\0\x79\xa3\xf8\xff\0\0\0\0\x0f\x13\0\0\0\0\
\0\0\xbf\x71\0\0\0\0\0\0\xb7\x02\0\0\x08\0\0\0\x85\0\0\0\x71\0\0\0\xb7\x01\0\0\
\x88\0\0\0\x79\xa3\xf8\xff\0\0\0\0\x0f\x13\0\0\0\0\0\0\xbf\xa1\0\0\0\0\0\0\x07\
\x01\0\0\xf0\xff\xff\xff\xb7\x02\0\0\x04\0\0\0\x85\0\0\0\x71\0\0\0\x61\xa1\xf0\
\xff\0\0\0\0\x7b\x19\x98\x04\0\0\0\0\xbf\xa7\0\0\0\0\0\0\x07\x07\0\0\xf8\xff\
\xff\xff\xbf\x71\0\0\0\0\0\0\xb7\x02\0\0\x08\0\0\0\xbf\x83\0\0\0\0\0\0\x85\0\0\
\0\x71\0\0\0\xb7\x06\0\0\x08\0\0\0\x79\xa3\xf8\xff\0\0\0\0\x0f\x63\0\0\0\0\0\0\
\xbf\x71\0\0\0\0\0\0\xb7\x02\0\0\x08\0\0\0\x85\0\0\0\x71\0\0\0\xb7\x01\0\0\x88\
\x01\0\0\x79\xa3\xf8\xff\0\0\0\0\x0f\x13\0\0\0\0\0\0\xbf\x71\0\0\0\0\0\0\xb7\
\x02\0\0\x08\0\0\0\x85\0\0\0\x71\0\0\0\xb7\x01\0\0\0\x01\0\0\x79\xa3\xf8\xff\0\
\0\0\0\x0f\x13\0\0\0\0\0\0\xbf\xa1\0\0\0\0\0\0\x07\x01\0\0\xf0\xff\xff\xff\xb7\
\x02\0\0\x04\0\0\0\x85\0\0\0\x71\0\0\0\x61\xa1\xf0\xff\0\0\0\0\x7b\x19\x80\x04\
\0\0\0\0\xbf\xa7\0\0\0\0\0\0\x07\x07\0\0\xf8\xff\xff\xff\xbf\x71\0\0\0\0\0\0\
\xb7\x02\0\0\x08\0\0\0\xbf\x83\0\0\0\0\0\0\x85\0\0\0\x71\0\0\0\x79\xa3\xf8\xff\
\0\0\0\0\x0f\x63\0\0\0\0\0\0\xbf\x71\0\0\0\0\0\0\xb7\x02\0\0\x08\0\0\0\x85\0\0\
\0\x71\0\0\0\xb7\x01\0\0\xa8\x01\0\0\x79\xa3\xf8\xff\0\0\0\0\x0f\x13\0\0\0\0\0\
\0\xbf\xa1\0\0\0\0\0\0\x07\x01\0\0\xf0\xff\xff\xff\xb7\x02\0\0\x04\0\0\0\x85\0\
\0\0\x71\0\0\0\x61\xa1\xf0\xff\0\0\0\0\x7b\x19\x88\x04\0\0\0\0\xb7\x01\0\0\x40\
\0\0\0\x79\xa8\xe0\xff\0\0\0\0\x0f\x18\0\0\0\0\0\0\xbf\xa7\0\0\0\0\0\0\x07\x07\
\0\0\xf0\xff\xff\xff\xbf\x71\0\0\0\0\0\0\xb7\x02\0\0\x08\0\0\0\xbf\x83\0\0\0\0\
\0\0\x85\0\0\0\x71\0\0\0\xb7\x06\0\0\x28\0\0\0\x79\xa3\xf0\xff\0\0\0\0\x0f\x63\
\0\0\0\0\0\0\xbf\x71\0\0\0\0\0\0\xb7\x02\0\0\x08\0\0\0\x85\0\0\0\x71\0\0\0\xb7\
\x01\0\0\x40\0\0\0\x79\xa3\xf0\xff\0\0\0\0\x0f\x13\0\0\0\0\0\0\xbf\xa1\0\0\0\0\
\0\0\x07\x01\0\0\xf8\xff\xff\xff\xb7\x02\0\0\x08\0\0\0\x85\0\0\0\x71\0\0\0\x79\
\xa1\xf8\xff\0\0\0\0\x63\x19\x3c\x04\0\0\0\0\xbf\xa7\0\0\0\0\0\0\x07\x07\0\0\
\xf8\xff\xff\xff\xbf\x71\0\0\0\0\0\0\xb7\x02\0\0\x08\0\0\0\xbf\x83\0\0\0\0\0\0\
\x85\0\0\0\x71\0\0\0\x79\xa3\xf8\xff\0\0\0\0\x0f\x63\0\0\0\0\0\0\xbf\x71\0\0\0\
\0\0\0\xb7\x02\0\0\x08\0\0\0\x85\0\0\0\x71\0\0\0\xb7\x01\0\0\x04\0\0\0\x79\xa3\
\xf8\xff\0\0\0\0\x0f\x13\0\0\0\0\0\0\xbf\xa1\0\0\0\0\0\0\x07\x01\0\0\xf0\xff\
\xff\xff\xb7\x02\0\0\x04\0\0\0\x85\0\0\0\x71\0\0\0\x61\xa1\xf0\xff\0\0\0\0\x63\
\x19\x40\x04\0\0\0\0\xbf\xa7\0\0\0\0\0\0\x07\x07\0\0\xf8\xff\xff\xff\xbf\x71\0\
\0\0\0\0\0\xb7\x02\0\0\x08\0\0\0\xbf\x83\0\0\0\0\0\0\x85\0\0\0\x71\0\0\0\x79\
\xa3\xf8\xff\0\0\0\0\x0f\x63\0\0\0\0\0\0\xbf\x71\0\0\0\0\0\0\xb7\x02\0\0\x08\0\
\0\0\x85\0\0\0\x71\0\0\0\xb7\x01\0\0\x08\0\0\0\x79\xa3\xf8\xff\0\0\0\0\x0f\x13\
\0\0\0\0\0\0\xbf\xa1\0\0\0\0\0\0\x07\x01\0\0\xf0\xff\xff\xff\xb7\x02\0\0\x04\0\
\0\0\x85\0\0\0\x71\0\0\0\x61\xa1\xf0\xff\0\0\0\0\x63\x19\x44\x04\0\0\0\0\xbf\
\xa7\0\0\0\0\0\0\x07\x07\0\0\xf8\xff\xff\xff\xbf\x71\0\0\0\0\0\0\xb7\x02\0\0\
\x08\0\0\0\xbf\x83\0\0\0\0\0\0\x85\0\0\0\x71\0\0\0\x79\xa3\xf8\xff\0\0\0\0\x0f\
\x63\0\0\0\0\0\0\xbf\x71\0\0\0\0\0\0\xb7\x02\0\0\x08\0\0\0\x85\0\0\0\x71\0\0\0\
\xb7\x01\0\0\0\0\0\0\x79\xa3\xf8\xff\0\0\0\0\x0f\x13\0\0\0\0\0\0\xbf\xa1\0\0\0\
\0\0\0\x07\x01\0\0\xf0\xff\xff\xff\xb7\x02\0\0\x02\0\0\0\x85\0\0\0\x71\0\0\0\
\x69\xa1\xf0\xff\0\0\0\0\x6b\x19\x48\x04\0\0\0\0\xbf\xa7\0\0\0\0\0\0\x07\x07\0\
\0\xf0\xff\xff\xff\xbf\x71\0\0\0\0\0\0\xb7\x02\0\0\x08\0\0\0\xbf\x83\0\0\0\0\0\
\0\x85\0\0\0\x71\0\0\0\x79\xa3\xf0\xff\0\0\0\0\x0f\x63\0\0\0\0\0\0\xbf\x71\0\0\
\0\0\0\0\xb7\x02\0\0\x08\0\0\0\x85\0\0\0\x71\0\0\0\xb7\x01\0\0\x68\0\0\0\x79\
\xa3\xf0\xff\0\0\0\0\x0f\x13\0\0\0\0\0\0\xbf\xa1\0\0\0\0\0\0\x07\x01\0\0\xf8\
\xff\xff\xff\xb7\x02\0\0\x08\0\0\0\x85\0\0\0\x71\0\0\0\x79\xa1\xf8\xff\0\0\0\0\
\x7b\x19\x50\x04\0\0\0\0\xbf\xa7\0\0\0\0\0\0\x07\x07\0\0\xf0\xff\xff\xff\xbf\
\x71\0\0\0\0\0\0\xb7\x02\0\0\x08\0\0\0\xbf\x83\0\0\0\0\0\0\x85\0\0\0\x71\0\0\0\
\x79\xa3\xf0\xff\0\0\0\0\x0f\x63\0\0\0\0\0\0\xbf\x71\0\0\0\0\0\0\xb7\x02\0\0\
\x08\0\0\0\x85\0\0\0\x71\0\0\0\xb7\x01\0\0\x70\0\0\0\x79\xa3\xf0\xff\0\0\0\0\
\x0f\x13\0\0\0\0\0\0\xbf\xa1\0\0\0\0\0\0\x07\x01\0\0\xf8\xff\xff\xff\xb7\x02\0\
\0\x08\0\0\0\x85\0\0\0\x71\0\0\0\x79\xa1\xf8\xff\0\0\0\0\x7b\x19\x58\x04\0\0\0\
\0\xbf\xa7\0\0\0\0\0\0\x07\x07\0\0\xf0\xff\xff\xff\xbf\x71\0\0\0\0\0\0\xb7\x02\
\0\0\x08\0\0\0\xbf\x83\0\0\0\0\0\0\x85\0\0\0\x71\0\0\0\x79\xa3\xf0\xff\0\0\0\0\
\x0f\x63\0\0\0\0\0\0\xbf\x71\0\0\0\0\0\0\xb7\x02\0\0\x08\0\0\0\x85\0\0\0\x71\0\
\0\0\xb7\x01\0\0\x78\0\0\0\x79\xa3\xf0\xff\0\0\0\0\x0f\x13\0\0\0\0\0\0\xbf\xa1\
\0\0\0\0\0\0\x07\x01\0\0\xf8\xff\xff\xff\xb7\x02\0\0\x08\0\0\0\x85\0\0\0\x71\0\
\0\0\x79\xa1\xf8\xff\0\0\0\0\x7b\x19\x60\x04\0\0\0\0\xbf\xa7\0\0\0\0\0\0\x07\
\x07\0\0\xf0\xff\xff\xff\xbf\x71\0\0\0\0\0\0\xb7\x02\0\0\x08\0\0\0\xbf\x83\0\0\
\0\0\0\0\x85\0\0\0\x71\0\0\0\x79\xa3\xf0\xff\0\0\0\0\x0f\x63\0\0\0\0\0\0\xbf\
\x71\0\0\0\0\0\0\xb7\x02\0\0\x08\0\0\0\x85\0\0\0\x71\0\0\0\xb7\x01\0\0\x80\0\0\
\0\x79\xa3\xf0\xff\0\0\0\0\x0f\x13\0\0\0\0\0\0\xbf\xa1\0\0\0\0\0\0\x07\x01\0\0\
\xf8\xff\xff\xff\xb7\x02\0\0\x08\0\0\0\x85\0\0\0\x71\0\0\0\x79\xa1\xf8\xff\0\0\
\0\0\x7b\x19\x68\x04\0\0\0\0\xbf\xa7\0\0\0\0\0\0\x07\x07\0\0\xf8\xff\xff\xff\
\xbf\x71\0\0\0\0\0\0\xb7\x02\0\0\x08\0\0\0\xbf\x83\0\0\0\0\0\0\x85\0\0\0\x71\0\
\0\0\x79\xa3\xf8\xff\0\0\0\0\x0f\x63\0\0\0\0\0\0\xbf\x71\0\0\0\0\0\0\xb7\x02\0\
\0\x08\0\0\0\x85\0\0\0\x71\0\0\0\xb7\x01\0\0\x28\0\0\0\x79\xa3\xf8\xff\0\0\0\0\
\x0f\x13\0\0\0\0\0\0\xbf\x71\0\0\0\0\0\0\xb7\x02\0\0\x08\0\0\0\x85\0\0\0\x71\0\
\0\0\xb7\x01\0\0\x10\0\0\0\x79\xa3\xf8\xff\0\0\0\0\x0f\x13\0\0\0\0\0\0\xbf\xa1\
\0\0\0\0\0\0\x07\x01\0\0\xf0\xff\xff\xff\xb7\x02\0\0\x04\0\0\0\x85\0\0\0\x71\0\
\0\0\x18\x01\0\0\0\0\xf0\xff\0\0\0\0\0\0\0\0\x61\xa2\xf0\xff\0\0\0\0\xbf\x23\0\
\0\0\0\0\0\x67\x03\0\0\x0c\0\0\0\x5f\x13\0\0\0\0\0\0\xbf\x21\0\0\0\0\0\0\x57\
\x01\0\0\xff\0\0\0\x77\x02\0\0\x0c\0\0\0\x57\x02\0\0\0\xff\x0f\0\x4f\x12\0\0\0\
\0\0\0\x4f\x32\0\0\0\0\0\0\x63\x29\x38\x04\0\0\0\0\xb7\x01\0\0\x68\0\0\0\x79\
\xa3\xe0\xff\0\0\0\0\x0f\x13\0\0\0\0\0\0\xbf\xa1\0\0\0\0\0\0\x07\x01\0\0\xf8\
\xff\xff\xff\xb7\x02\0\0\x08\0\0\0\x85\0\0\0\x71\0\0\0\x79\xa3\xf8\xff\0\0\0\0\
\x79\xa1\xd8\xff\0\0\0\0\x07\x01\0\0\x30\x02\0\0\xb7\x02\0\0\0\x02\0\0\x85\0\0\
\0\x2d\0\0\0\xb7\x01\0\0\x98\x05\0\0\x79\xa3\xe8\xff\0\0\0\0\x0f\x13\0\0\0\0\0\
\0\xbf\xa7\0\0\0\0\0\0\x07\x07\0\0\xf8\xff\xff\xff\xbf\x71\0\0\0\0\0\0\xb7\x02\
\0\0\x08\0\0\0\x85\0\0\0\x71\0\0\0\x79\xa3\xf8\xff\0\0\0\0\xb7\x01\0\0\xb0\x07\
\0\0\x0f\x13\0\0\0\0\0\0\xbf\x71\0\0\0\0\0\0\xb7\x02\0\0\x08\0\0\0\x85\0\0\0\
\x71\0\0\0\x79\xa3\xf8\xff\0\0\0\0\xb7\x01\0\0\x18\0\0\0\x0f\x13\0\0\0\0\0\0\
\xbf\x71\0\0\0\0\0\0\xb7\x02\0\0\x08\0\0\0\x85\0\0\0\x71\0\0\0\x79\xa3\xf8\xff\
\0\0\0\0\xb7\x01\0\0\x10\0\0\0\x0f\x13\0\0\0\0\0\0\xbf\xa1\0\0\0\0\0\0\x07\x01\
\0\0\xf0\xff\xff\xff\xb7\x02\0\0\x04\0\0\0\x85\0\0\0\x71\0\0\0\x61\xa1\xf0\xff\
\0\0\0\0\x7b\x19\x30\x04\0\0\0\0\xbf\x91\0\0\0\0\0\0\xb7\x02\0\0\0\0\0\0\x85\0\
\0\0\x84\0\0\0\xb7\0\0\0\0\0\0\0\x95\0\0\0\0\0\0\0\xb7\x02\0\0\x44\0\0\0\x79\
\x19\0\0\0\0\0\0\xbf\x93\0\0\0\0\0\0\x0f\x23\0\0\0\0\0\0\xbf\xa1\0\0\0\0\0\0\
\x07\x01\0\0\xf8\xff\xff\xff\xb7\x02\0\0\x04\0\0\0\x85\0\0\0\x71\0\0\0\x61\xa1\
\xf8\xff\0\0\0\0\x57\x01\0\0\0\0\x20\0\x55\x01\x0f\x01\0\0\0\0\xb7\x01\0\0\x88\
\x05\0\0\xbf\x93\0\0\0\0\0\0\x0f\x13\0\0\0\0\0\0\xbf\xa1\0\0\0\0\0\0\x07\x01\0\
\0\xf8\xff\xff\xff\xb7\x02\0\0\x04\0\0\0\x85\0\0\0\x71\0\0\0\xb7\x01\0\0\x8c\
\x05\0\0\xbf\x93\0\0\0\0\0\0\x0f\x13\0\0\0\0\0\0\x61\xa6\xf8\xff\0\0\0\0\xbf\
\xa1\0\0\0\0\0\0\x07\x01\0\0\xf8\xff\xff\xff\xb7\x02\0\0\x04\0\0\0\x85\0\0\0\
\x71\0\0\0\x61\xa1\xf8\xff\0\0\0\0\x5d\x16\xfe\0\0\0\0\0\xb7\x07\0\0\x40\0\0\0\
\x7b\x9a\xe8\xff\0\0\0\0\x05\0\x06\0\0\0\0\0\x07\x07\0\0\xff\xff\xff\xff\xbf\
\x71\0\0\0\0\0\0\x67\x01\0\0\x20\0\0\0\x77\x01\0\0\x20\0\0\0\xbf\x89\0\0\0\0\0\
\0\x15\x01\x20\0\0\0\0\0\xbf\x93\0\0\0\0\0\0\xb7\x01\0\0\x98\x05\0\0\x0f\x13\0\
\0\0\0\0\0\xbf\xa1\0\0\0\0\0\0\x07\x01\0\0\xf0\xff\xff\xff\xb7\x02\0\0\x08\0\0\
\0\x85\0\0\0\x71\0\0\0\x79\xa3\xf0\xff\0\0\0\0\xb7\x01\0\0\xc8\x05\0\0\x0f\x13\
\0\0\0\0\0\0\xbf\xa1\0\0\0\0\0\0\x07\x01\0\0\xf8\xff\xff\xff\xb7\x02\0\0\x08\0\
\0\0\x85\0\0\0\x71\0\0\0\x79\xa8\xf8\xff\0\0\0\0\x15\x08\x10\0\0\0\0\0\xbf\x93\
\0\0\0\0\0\0\xb7\x06\0\0\x60\x08\0\0\x0f\x63\0\0\0\0\0\0\xbf\xa1\0\0\0\0\0\0\
\x07\x01\0\0\xf8\xff\xff\xff\xb7\x02\0\0\x08\0\0\0\x85\0\0\0\x71\0\0\0\xbf\x83\
\0\0\0\0\0\0\x0f\x63\0\0\0\0\0\0\x79\xa6\xf8\xff\0\0\0\0\xbf\xa1\0\0\0\0\0\0\
\x07\x01\0\0\xf8\xff\xff\xff\xb7\x02\0\0\x08\0\0\0\x85\0\0\0\x71\0\0\0\x79\xa1\
\xf8\xff\0\0\0\0\x1d\x16\xda\xff\0\0\0\0\x79\xa7\xe8\xff\0\0\0\0\x5d\x79\xd3\0\
\0\0\0\0\xb7\x06\0\0\0\0\0\0\x18\x01\0\0\0\0\0\0\0\0\0\0\0\0\0\0\xb7\x02\0\0\
\xb0\x04\0\0\xb7\x03\0\0\0\0\0\0\x85\0\0\0\x83\0\0\0\x15\0\xcc\0\0\0\0\0\x7b\
\x0a\xd8\xff\0\0\0\0\xbf\x02\0\0\0\0\0\0\xb7\x01\0\0\x01\0\0\0\x63\x12\0\0\0\0\
\0\0\x7b\x2a\xe0\xff\0\0\0\0\x63\x62\xa8\x04\0\0\0\0\xb7\x01\0\0\x98\x05\0\0\
\xbf\x73\0\0\0\0\0\0\x0f\x13\0\0\0\0\0\0\xbf\xa1\0\0\0\0\0\0\x07\x01\0\0\xf0\
\xff\xff\xff\xb7\x02\0\0\x08\0\0\0\x85\0\0\0\x71\0\0\0\xb7\x01\0\0\xc8\x05\0\0\
\x79\xa3\xf0\xff\0\0\0\0\x0f\x13\0\0\0\0\0\0\xbf\xa1\0\0\0\0\0\0\x07\x01\0\0\
\xf8\xff\xff\xff\xb7\x02\0\0\x08\0\0\0\x85\0\0\0\x71\0\0\0\xb7\x08\0\0\x40\0\0\
\0\x79\xa7\xf8\xff\0\0\0\0\x05\0\x06\0\0\0\0\0\x07\x08\0\0\xff\xff\xff\xff\xbf\
\x81\0\0\0\0\0\0\x67\x01\0\0\x20\0\0\0\x77\x01\0\0\x20\0\0\0\xbf\x97\0\0\0\0\0\
\0\x15\x01\x20\0\0\0\0\0\xbf\x73\0\0\0\0\0\0\xb7\x01\0\0\x98\x05\0\0\x0f\x13\0\
\0\0\0\0\0\xbf\xa1\0\0\0\0\0\0\x07\x01\0\0\xf0\xff\xff\xff\xb7\x02\0\0\x08\0\0\
\0\x85\0\0\0\x71\0\0\0\x79\xa3\xf0\xff\0\0\0\0\xb7\x01\0\0\xc8\x05\0\0\x0f\x13\
\0\0\0\0\0\0\xbf\xa1\0\0\0\0\0\0\x07\x01\0\0\xf8\xff\xff\xff\xb7\x02\0\0\x08\0\
\0\0\x85\0\0\0\x71\0\0\0\x79\xa9\xf8\xff\0\0\0\0\x15\x09\x10\0\0\0\0\0\xbf\x73\
\0\0\0\0\0\0\xb7\x06\0\0\x60\x08\0\0\x0f\x63\0\0\0\0\0\0\xbf\xa1\0\0\0\0\0\0\
\x07\x01\0\0\xf8\xff\xff\xff\xb7\x02\0\0\x08\0\0\0\x85\0\0\0\x71\0\0\0\xbf\x93\
\0\0\0\0\0\0\x0f\x63\0\0\0\0\0\0\x79\xa6\xf8\xff\0\0\0\0\xbf\xa1\0\0\0\0\0\0\
\x07\x01\0\0\xf8\xff\xff\xff\xb7\x02\0\0\x08\0\0\0\x85\0\0\0\x71\0\0\0\x79\xa1\
\xf8\xff\0\0\0\0\x1d\x16\xda\xff\0\0\0\0\xb7\x09\0\0\x8c\x05\0\0\xbf\x73\0\0\0\
\0\0\0\x0f\x93\0\0\0\0\0\0\xbf\xa1\0\0\0\0\0\0\x07\x01\0\0\xf8\xff\xff\xff\xb7\
\x02\0\0\x04\0\0\0\x85\0\0\0\x71\0\0\0\x61\xa1\xf8\xff\0\0\0\0\x79\xa6\xe0\xff\
\0\0\0\0\x63\x16\x0c\0\0\0\0\0\xb7\x08\0\0\xc0\x06\0\0\x0f\x87\0\0\0\0\0\0\xbf\
\xa1\0\0\0\0\0\0\x07\x01\0\0\xf8\xff\xff\xff\xb7\x02\0\0\x08\0\0\0\xbf\x73\0\0\
\0\0\0\0\x85\0\0\0\x71\0\0\0\x79\xa1\xf8\xff\0\0\0\0\x7b\x16\x18\0\0\0\0\0\xb7\
\x01\0\0\xc8\x05\0\0\x79\xa7\xe8\xff\0\0\0\0\xbf\x73\0\0\0\0\0\0\x0f\x13\0\0\0\
\0\0\0\xbf\xa1\0\0\0\0\0\0\x07\x01\0\0\xf0\xff\xff\xff\xb7\x02\0\0\x08\0\0\0\
\x85\0\0\0\x71\0\0\0\x79\xa3\xf0\xff\0\0\0\0\x0f\x83\0\0\0\0\0\0\xbf\xa1\0\0\0\
\0\0\0\x07\x01\0\0\xf8\xff\xff\xff\xb7\x02\0\0\x08\0\0\0\x85\0\0\0\x71\0\0\0\
\x79\xa1\xf8\xff\0\0\0\0\x7b\x16\x10\0\0\0\0\0\xbf\x73\0\0\0\0\0\0\x0f\x93\0\0\
\0\0\0\0\xbf\xa1\0\0\0\0\0\0\x07\x01\0\0\xf8\xff\xff\xff\xb7\x02\0\0\x04\0\0\0\
\x85\0\0\0\x71\0\0\0\x61\xa1\xf8\xff\0\0\0\0\x63\x16\x08\0\0\0\0\0\xb7\x01\0\0\
\x48\x07\0\0\xbf\x79\0\0\0\0\0\0\x0f\x19\0\0\0\0\0\0\xbf\xa1\0\0\0\0\0\0\x07\
\x01\0\0\xf8\xff\xff\xff\xb7\x02\0\0\x08\0\0\0\xbf\x93\0\0\0\0\0\0\x85\0\0\0\
\x71\0\0\0\xb7\x01\0\0\x14\0\0\0\x79\xa3\xf8\xff\0\0\0\0\x0f\x13\0\0\0\0\0\0\
\xbf\xa1\0\0\0\0\0\0\x07\x01\0\0\xf0\xff\xff\xff\xb7\x02\0\0\x04\0\0\0\x85\0\0\
\0\x71\0\0\0\x61\xa1\xf0\xff\0\0\0\0\x63\x16\x24\x02\0\0\0\0\xbf\xa1\0\0\0\0\0\
\0\x07\x01\0\0\xf8\xff\xff\xff\xb7\x02\0\0\x08\0\0\0\xbf\x93\0\0\0\0\0\0\x85\0\
\0\0\x71\0\0\0\xb7\x01\0\0\x18\0\0\0\x79\xa3\xf8\xff\0\0\0\0\x0f\x13\0\0\0\0\0\
\0\xbf\xa1\0\0\0\0\0\0\x07\x01\0\0\xf0\xff\xff\xff\xb7\x02\0\0\x04\0\0\0\x85\0\
\0\0\x71\0\0\0\x61\xa1\xf0\xff\0\0\0\0\x63\x16\x28\x02\0\0\0\0\xb7\x01\0\0\xd0\
\x04\0\0\xbf\x78\0\0\0\0\0\0\x0f\x18\0\0\0\0\0\0\xbf\xa1\0\0\0\0\0\0\x07\x01\0\
\0\xf0\xff\xff\xff\xb7\x02\0\0\x08\0\0\0\xbf\x83\0\0\0\0\0\0\x85\0\0\0\x71\0\0\
\0\xb7\x01\0\0\x38\x01\0\0\x79\xa3\xf0\xff\0\0\0\0\x0f\x13\0\0\0\0\0\0\xbf\xa1\
\0\0\0\0\0\0\x07\x01\0\0\xf8\xff\xff\xff\xb7\x02\0\0\x08\0\0\0\x85\0\0\0\x71\0\
\0\0\x79\xa9\xf8\xff\0\0\0\0\xbf\xa1\0\0\0\0\0\0\x07\x01\0\0\xf0\xff\xff\xff\
\xb7\x02\0\0\x08\0\0\0\xbf\x83\0\0\0\0\0\0\x85\0\0\0\x71\0\0\0\xb7\x01\0\0\x40\
\x01\0\0\x79\xa3\xf0\xff\0\0\0\0\x0f\x13\0\0\0\0\0\0\xbf\xa1\0\0\0\0\0\0\x07\
\x01\0\0\xf8\xff\xff\xff\xb7\x02\0\0\x08\0\0\0\x85\0\0\0\x71\0\0\0\x79\xa2\xf8\
\xff\0\0\0\0\x1f\x92\0\0\0\0\0\0\xb7\x01\0\0\0\x02\0\0\x2d\x21\x01\0\0\0\0\0\
\xb7\x02\0\0\0\x02\0\0\x63\x26\x20\x02\0\0\0\0\x79\xa1\xd8\xff\0\0\0\0\x07\x01\
\0\0\x20\0\0\0\xbf\x93\0\0\0\0\0\0\x85\0\0\0\x70\0\0\0\x61\x61\x20\x02\0\0\0\0\
\xbf\x67\0\0\0\0\0\0\x55\x01\x02\0\0\x02\0\0\xb7\x01\0\0\0\0\0\0\x73\x17\x1f\
\x02\0\0\0\0\xb7\x01\0\0\xa8\x05\0\0\x79\xa3\xe8\xff\0\0\0\0\x0f\x13\0\0\0\0\0\
\0\xbf\xa1\0\0\0\0\0\0\x07\x01\0\0\xf8\xff\xff\xff\xb7\x02\0\0\x08\0\0\0\x85\0\
\0\0\x71\0\0\0\xb7\x01\0\0\x01\0\0\0\x79\xa6\xf8\xff\0\0\0\0\x15\x06\x0b\0\0\0\
\0\0\xb7\x01\0\0\0\0\0\0\xbf\x63\0\0\0\0\0\0\x0f\x13\0\0\0\0\0\0\xbf\xa1\0\0\0\
\0\0\0\x07\x01\0\0\xf8\xff\xff\xff\xb7\x02\0\0\x08\0\0\0\x85\0\0\0\x71\0\0\0\
\xb7\x01\0\0\x01\0\0\0\x79\xa2\xf8\xff\0\0\0\0\x1d\x26\x01\0\0\0\0\0\xb7\x01\0\
\0\0\0\0\0\x57\x01\0\0\x01\0\0\0\x73\x17\x30\x02\0\0\0\0\xbf\x71\0\0\0\0\0\0\
\xb7\x02\0\0\0\0\0\0\x85\0\0\0\x84\0\0\0\xb7\0\0\0\0\0\0\0\x95\0\0\0\0\0\0\0\
\x44\x75\x61\x6c\x20\x42\x53\x44\x2f\x47\x50\x4c\0\0\0\0\0\0\0\0\0\0\0\0\0\0\0\
\0\0\0\0\0\x9f\xeb\x01\0\x18\0\0\0\0\0\0\0\xec\x40\x01\0\xec\x40\x01\0\x64\xd2\
\0\0\0\0\0\0\0\0\0\x02\x03\0\0\0\x01\0\0\0\0\0\0\x01\x04\0\0\0\x20\0\0\x01\0\0\
\0\0\0\0\0\x03\0\0\0\0\x02\0\0\0\x04\0\0\0\x1b\0\0\0\x05\0\0\0\0\0\0\x01\x04\0\
\0\0\x20\0\0\0\0\0\0\0\0\0\0\x02\x06\0\0\0\0\0\0\0\0\0\0\x03\0\0\0\0\x02\0\0\0\
\x04\0\0\0\0\0\x20\0\0\0\0\0\x02\0\0\x04\x10\0\0\0\x19\0\0\0\x01\0\0\0\0\0\0\0\
\x1e\0\0\0\x05\0\0\0\x40\0\0\0\x2a\0\0\0\0\0\0\x0e\x07\0\0\0\x01\0\0\0\0\0\0\0\
\0\0\0\x02\x0a\0\0\0\x2d\0\0\0\0\0\0\x01\x08\0\0\0\x40\0\0\0\0\0\0\0\x01\0\0\
\x0d\x02\0\0\0\x40\0\0\0\x09\0\0\0\x44\0\0\0\x01\0\0\x0c\x0b\0\0\0\x80\0\0\0\
\xda\0\0\x84\x80\x1c\0\0\x8c\0\0\0\x0e\0\0\0\0\0\0\0\x98\0\0\0\x12\0\0\0\x80\
\x01\0\0\xa0\0\0\0\x1c\0\0\0\xc0\x01\0\0\xa6\0\0\0\x1d\0\0\0\0\x02\0\0\xac\0\0\
\0\x12\0\0\0\x20\x02\0\0\xb2\0\0\0\x12\0\0\0\x40\x02\0\0\xb9\0\0\0\x02\0\0\0\
\x60\x02\0\0\xc0\0\0\0\x21\0\0\0\x80\x02\0\0\xcb\0\0\0\x12\0\0\0\0\x03\0\0\xcf\
\0\0\0\x12\0\0\0\x20\x03\0\0\xdb\0\0\0\x0f\0\0\0\x40\x03\0\0\xef\0\0\0\x28\0\0\
\0\x80\x03\0\0\xfa\0\0\0\x02\0\0\0\xc0\x03\0\0\x0a\x01\0\0\x02\0\0\0\xe0\x03\0\
\0\x13\x01\0\0\x02\0\0\0\0\x04\0\0\x19\x01\0\0\x02\0\0\0\x20\x04\0\0\x1e\x01\0\
\0\x02\0\0\0\x40\x04\0\0\x2a\x01\0\0\x02\0\0\0\x60\x04\0\0\x36\x01\0\0\x12\0\0\
\0\x80\x04\0\0\x42\x01\0\0\x29\0\0\0\xc0\x04\0\0\x4e\x01\0\0\x2b\0\0\0\0\x06\0\
\0\x51\x01\0\0\x4b\0\0\0\0\x14\0\0\x54\x01\0\0\x4d\0\0\0\x80\x15\0\0\x57\x01\0\
\0\x2d\0\0\0\x80\x1c\0\0\x61\x01\0\0\x0f\0\0\0\x40\x1d\0\0\x6d\x01\0\0\x12\0\0\
\0\x80\x1d\0\0\x7d\x01\0\0\x4a\0\0\0\xc0\x1d\0\0\x8e\x01\0\0\x6f\0\0\0\0\x1e\0\
\0\xa0\x01\0\0\x12\0\0\0\x40\x1e\0\0\xab\x01\0\0\x12\0\0\0\x60\x1e\0\0\xb2\x01\
\0\0\x02\0\0\0\x80\x1e\0\0\xc2\x01\0\0\x71\0\0\0\xc0\x1e\0\0\xcb\x01\0\0\x74\0\
\0\0\0\x1f\0\0\xd9\x01\0\0\x73\0\0\0\x40\x1f\0\0\xe3\x01\0\0\x1c\0\0\0\x80\x1f\
\0\0\xf5\x01\0\0\x27\0\0\0\xc0\x1f\0\0\x08\x02\0\0\x27\0\0\0\xd0\x1f\0\0\x18\
\x02\0\0\x02\0\0\0\xe0\x1f\0\0\x2e\x02\0\0\x77\0\0\0\0\x20\0\0\x46\x02\0\0\x2f\
\0\0\0\x40\x20\0\0\x55\x02\0\0\x79\0\0\0\xc0\x20\0\0\x66\x02\0\0\x0f\0\0\0\0\
\x21\0\0\x76\x02\0\0\x45\0\0\0\x40\x21\0\0\x88\x02\0\0\x45\0\0\0\x48\x21\0\0\
\x96\x02\0\0\x02\0\0\0\x60\x21\0\0\xa9\x02\0\0\x2f\0\0\0\x80\x21\0\0\xc0\x02\0\
\0\x02\0\0\0\0\x22\0\0\xd3\x02\0\0\x02\0\0\0\x20\x22\0\0\xe2\x02\0\0\x77\0\0\0\
\x40\x22\0\0\xf5\x02\0\0\x7a\0\0\0\x60\x22\0\0\x08\x03\0\0\x2f\0\0\0\x80\x22\0\
\0\x19\x03\0\0\x7c\0\0\0\0\x23\0\0\x24\x03\0\0\x2f\0\0\0\0\x24\0\0\x2a\x03\0\0\
\x7d\0\0\0\x80\x24\0\0\x39\x03\0\0\x2d\0\0\0\xc0\x25\0\0\x4b\x03\0\0\x7e\0\0\0\
\x80\x26\0\0\x4e\x03\0\0\x7e\0\0\0\xc0\x26\0\0\x58\x03\0\0\xc5\0\0\0\0\x27\0\0\
\x61\x03\0\0\xd5\0\0\0\x40\x28\0\0\x6a\x03\0\0\x02\0\0\0\xe0\x28\0\0\x75\x03\0\
\0\x02\0\0\0\0\x29\0\0\x7f\x03\0\0\x02\0\0\0\x20\x29\0\0\x8b\x03\0\0\x02\0\0\0\
\x40\x29\0\0\x99\x03\0\0\x0f\0\0\0\x80\x29\0\0\xa0\x03\0\0\x12\0\0\0\xc0\x29\0\
\0\xac\x03\0\0\x12\0\0\0\xe0\x29\0\x01\xc0\x03\0\0\x12\0\0\0\xe1\x29\0\x01\xda\
\x03\0\0\x12\0\0\0\xe2\x29\0\x01\xe9\x03\0\0\x12\0\0\0\xe3\x29\0\x01\0\x04\0\0\
\x12\0\0\0\0\x2a\0\x01\x14\x04\0\0\x12\0\0\0\x01\x2a\0\x01\x1e\x04\0\0\x12\0\0\
\0\x02\x2a\0\x01\x28\x04\0\0\x12\0\0\0\x03\x2a\0\x01\x38\x04\0\0\x12\0\0\0\x04\
\x2a\0\x01\x45\x04\0\0\x12\0\0\0\x05\x2a\0\x01\x59\x04\0\0\x12\0\0\0\x06\x2a\0\
\x01\x60\x04\0\0\x12\0\0\0\x07\x2a\0\x01\x6d\x04\0\0\x12\0\0\0\x08\x2a\0\x01\
\x79\x04\0\0\x12\0\0\0\x09\x2a\0\x01\x84\x04\0\0\x0f\0\0\0\x40\x2a\0\0\x91\x04\
\0\0\xd7\0\0\0\x80\x2a\0\0\x9f\x04\0\0\xe7\0\0\0\x40\x2c\0\0\xa3\x04\0\0\xe7\0\
\0\0\x60\x2c\0\0\xa8\x04\0\0\x0f\0\0\0\x80\x2c\0\0\xb5\x04\0\0\x28\0\0\0\xc0\
\x2c\0\0\xc1\x04\0\0\x28\0\0\0\0\x2d\0\0\xc8\x04\0\0\x2f\0\0\0\x40\x2d\0\0\xd1\
\x04\0\0\x2f\0\0\0\xc0\x2d\0\0\xd9\x04\0\0\x28\0\0\0\x40\x2e\0\0\xe6\x04\0\0\
\x2f\0\0\0\x80\x2e\0\0\xee\x04\0\0\x2f\0\0\0\0\x2f\0\0\xfb\x04\0\0\x9e\0\0\0\
\x80\x2f\0\0\x06\x05\0\0\xf2\0\0\0\xc0\x2f\0\0\x10\x05\0\0\x2f\0\0\0\xc0\x31\0\
\0\x1d\x05\0\0\x2f\0\0\0\x40\x32\0\0\x29\x05\0\0\xf3\0\0\0\xc0\x32\0\0\x34\x05\
\0\0\xf4\0\0\0\0\x33\0\0\x42\x05\0\0\xf4\0\0\0\x40\x33\0\0\x52\x05\0\0\x1c\0\0\
\0\x80\x33\0\0\x5f\x05\0\0\x31\0\0\0\xc0\x33\0\0\x65\x05\0\0\x31\0\0\0\0\x34\0\
\0\x6b\x05\0\0\x31\0\0\0\x40\x34\0\0\x71\x05\0\0\xf5\0\0\0\x80\x34\0\0\x7e\x05\
\0\0\x0f\0\0\0\x40\x35\0\0\x84\x05\0\0\x0f\0\0\0\x80\x35\0\0\x8b\x05\0\0\x31\0\
\0\0\xc0\x35\0\0\x96\x05\0\0\x31\0\0\0\0\x36\0\0\xa5\x05\0\0\x0f\0\0\0\x40\x36\
\0\0\xad\x05\0\0\x0f\0\0\0\x80\x36\0\0\xb5\x05\0\0\xf6\0\0\0\xc0\x36\0\0\xc5\
\x05\0\0\xfa\0\0\0\x40\x39\0\0\xda\x05\0\0\xa4\0\0\0\0\x3a\0\0\xe7\x05\0\0\xa4\
\0\0\0\x40\x3a\0\0\xf1\x05\0\0\xa4\0\0\0\x80\x3a\0\0\xf6\x05\0\0\x03\x01\0\0\
\xc0\x3a\0\0\x0b\x06\0\0\x8d\x01\0\0\0\x3b\0\0\x10\x06\0\0\x8e\x01\0\0\x80\x3b\
\0\0\x1a\x06\0\0\x8f\x01\0\0\xc0\x3b\0\0\x22\x06\0\0\x91\x01\0\0\0\x3c\0\0\x2a\
\x06\0\0\x0f\0\0\0\x80\x3c\0\0\x3c\x06\0\0\x0f\0\0\0\xc0\x3c\0\0\x4d\x06\0\0\
\x92\x01\0\0\0\x3d\0\0\x50\x06\0\0\x93\x01\0\0\x40\x3d\0\0\x56\x06\0\0\x94\x01\
\0\0\x80\x3d\0\0\x5e\x06\0\0\x95\x01\0\0\xc0\x3d\0\0\x65\x06\0\0\x96\x01\0\0\0\
\x3e\0\0\x6d\x06\0\0\x97\x01\0\0\x40\x3e\0\0\x75\x06\0\0\x97\x01\0\0\x80\x3e\0\
\0\x82\x06\0\0\x97\x01\0\0\xc0\x3e\0\0\x90\x06\0\0\x99\x01\0\0\0\x3f\0\0\x98\
\x06\0\0\x0f\0\0\0\xc0\x3f\0\0\xa2\x06\0\0\x18\x01\0\0\0\x40\0\0\xae\x06\0\0\
\x12\0\0\0\x40\x40\0\0\xbb\x06\0\0\x67\0\0\0\x80\x40\0\0\xc6\x06\0\0\x9a\x01\0\
\0\xc0\x40\0\0\xd4\x06\0\0\xa0\0\0\0\0\x41\0\0\xdd\x06\0\0\x12\0\0\0\x20\x41\0\
\0\xe7\x06\0\0\x9b\x01\0\0\x40\x41\0\0\xef\x06\0\0\x9d\x01\0\0\xc0\x41\0\0\0\
\x07\0\0\x31\0\0\0\xc0\x42\0\0\x0f\x07\0\0\x31\0\0\0\0\x43\0\0\x1c\x07\0\0\x8d\
\0\0\0\x40\x43\0\0\x27\x07\0\0\x3f\0\0\0\x60\x43\0\0\x2f\x07\0\0\x9e\x01\0\0\
\x80\x43\0\0\x36\x07\0\0\x3a\0\0\0\xc0\x43\0\0\x41\x07\0\0\x28\0\0\0\x40\x44\0\
\0\x4d\x07\0\0\xa0\x01\0\0\x80\x44\0\0\x5b\x07\0\0\x1c\0\0\0\xc0\x44\0\0\x68\
\x07\0\0\xa1\x01\0\0\0\x45\0\0\x71\x07\0\0\xa2\x01\0\0\x40\x45\0\0\x76\x07\0\0\
\xa3\x01\0\0\x80\x45\0\0\x84\x07\0\0\xa4\x01\0\0\xc0\x45\0\0\x95\x07\0\0\xa5\
\x01\0\0\0\x46\0\0\xa0\x07\0\0\xa6\x01\0\0\x40\x46\0\0\xb0\x07\0\0\x0f\0\0\0\
\x80\x46\0\0\xbf\x07\0\0\xa7\x01\0\0\xc0\x46\0\0\xcc\x07\0\0\xa9\x01\0\0\0\x47\
\0\0\xd1\x07\0\0\x12\0\0\0\0\x49\0\0\xdb\x07\0\0\x31\0\0\0\x40\x49\0\0\xe9\x07\
\0\0\x31\0\0\0\x80\x49\0\0\xf6\x07\0\0\x31\0\0\0\xc0\x49\0\0\x03\x08\0\0\xaa\
\x01\0\0\0\x4a\0\0\x10\x08\0\0\xac\x01\0\0\x40\x4a\0\0\x21\x08\0\0\x02\0\0\0\
\x60\x4a\0\0\x39\x08\0\0\x02\0\0\0\x80\x4a\0\0\x52\x08\0\0\xae\x01\0\0\xc0\x4a\
\0\0\x5a\x08\0\0\x2f\0\0\0\0\x4b\0\0\x62\x08\0\0\xaf\x01\0\0\x80\x4b\0\0\x6e\
\x08\0\0\xb0\x01\0\0\xc0\x4b\0\0\x81\x08\0\0\x2f\0\0\0\0\x4c\0\0\x8f\x08\0\0\
\xb1\x01\0\0\x80\x4c\0\0\x9e\x08\0\0\x92\0\0\0\xc0\x4c\0\0\xaf\x08\0\0\x12\0\0\
\0\xc0\x4d\0\0\xbb\x08\0\0\xb8\x01\0\0\0\x4e\0\0\xcb\x08\0\0\x92\0\0\0\x80\x4e\
\0\0\xdc\x08\0\0\x2f\0\0\0\x80\x4f\0\0\xec\x08\0\0\xb9\x01\0\0\0\x50\0\0\xf1\
\x08\0\0\x10\0\0\0\x40\x50\0\0\xfa\x08\0\0\x0f\0\0\0\x80\x50\0\0\x0a\x09\0\0\
\xba\x01\0\0\xc0\x50\0\0\0\0\0\0\xbc\x01\0\0\x40\x51\0\0\x12\x09\0\0\xbd\x01\0\
\0\xc0\x51\0\0\x1e\x09\0\0\xbe\x01\0\0\0\x52\0\0\x28\x09\0\0\x02\0\0\0\x80\x52\
\0\0\x33\x09\0\0\x02\0\0\0\xa0\x52\0\0\x44\x09\0\0\x0f\0\0\0\xc0\x52\0\0\x56\
\x09\0\0\x31\0\0\0\0\x53\0\0\x65\x09\0\0\x31\0\0\0\x40\x53\0\0\x7c\x09\0\0\x02\
\0\0\0\x80\x53\0\0\x8b\x09\0\0\x02\0\0\0\xa0\x53\0\0\x9a\x09\0\0\xc0\x01\0\0\
\xc0\x53\0\0\xa4\x09\0\0\x0a\0\0\0\0\x54\0\0\xb5\x09\0\0\x1f\0\0\0\x40\x54\0\0\
\xc3\x09\0\0\x1f\0\0\0\x60\x54\0\0\xd7\x09\0\0\x0f\0\0\0\x80\x54\0\0\xdd\x09\0\
\0\x0f\0\0\0\xc0\x54\0\0\xed\x09\0\0\xc1\x01\0\0\0\x55\0\0\xfc\x09\0\0\xc2\x01\
\0\0\x40\x55\0\0\x02\x0a\0\0\xc3\x01\0\0\x80\x55\0\0\x0c\x0a\0\0\x02\0\0\0\x80\
\x55\0\0\x1f\x0a\0\0\x28\0\0\0\xc0\x55\0\0\x2f\x0a\0\0\xc4\x01\0\0\0\x56\0\0\
\x40\x0a\0\0\xc8\x01\0\0\x40\x57\0\0\x4e\x0a\0\0\x1d\0\0\0\x80\x57\0\0\x5d\x0a\
\0\0\x1c\0\0\0\xc0\x57\0\0\x66\x0a\0\0\xc9\x01\0\0\0\x58\0\0\x72\x0a\0\0\xca\
\x01\0\0\x40\x58\0\0\x7a\x0a\0\0\x1c\0\0\0\x80\x58\0\0\x84\x0a\0\0\x32\0\0\0\
\xc0\x58\0\0\x8f\x0a\0\0\x31\0\0\0\0\x59\0\0\x98\x0a\0\0\x32\0\0\0\x40\x59\0\
\x01\xa1\x0a\0\0\x32\0\0\0\x41\x59\0\x01\xb0\x0a\0\0\x32\0\0\0\x42\x59\0\x3e\
\xbf\x0a\0\0\x66\0\0\0\x80\x59\0\0\xcb\x0a\0\0\x02\0\0\0\0\x5a\0\0\xd5\x0a\0\0\
\xcb\x01\0\0\x40\x5a\0\0\xe9\x0a\0\0\x66\0\0\0\x80\x5a\0\0\xf8\x0a\0\0\xcc\x01\
\0\0\0\x5c\0\0\x8c\0\0\0\x07\0\0\x04\x30\0\0\0\xac\0\0\0\x0f\0\0\0\0\0\0\0\xff\
\x0a\0\0\x0f\0\0\0\x40\0\0\0\x0c\x0b\0\0\x10\0\0\0\x80\0\0\0\x13\x0b\0\0\x12\0\
\0\0\xa0\0\0\0\x1f\x0b\0\0\x13\0\0\0\xc0\0\0\0\x2e\x0b\0\0\x12\0\0\0\0\x01\0\0\
\x3f\x0b\0\0\x13\0\0\0\x40\x01\0\0\x53\x0b\0\0\0\0\0\x01\x08\0\0\0\x40\0\0\0\
\x61\x0b\0\0\0\0\0\x08\x11\0\0\0\x65\x0b\0\0\0\0\0\x08\x12\0\0\0\x6b\x0b\0\0\0\
\0\0\x01\x04\0\0\0\x20\0\0\0\0\0\0\0\0\0\0\x02\x14\0\0\0\0\0\0\0\0\0\0\x0a\x15\
\0\0\0\x78\x0b\0\0\0\0\0\x08\x16\0\0\0\0\0\0\0\0\0\0\x02\x17\0\0\0\0\0\0\0\x01\
\0\0\x0d\x18\0\0\0\0\0\0\0\x19\0\0\0\x8a\x0b\0\0\0\0\0\x01\x08\0\0\0\x40\0\0\
\x01\0\0\0\0\0\0\0\x02\x1a\0\0\0\0\0\0\0\0\0\0\x0a\x1b\0\0\0\x8f\x0b\0\0\x15\0\
\0\x04\xa8\0\0\0\x97\x0b\0\0\x0f\0\0\0\0\0\0\0\x9b\x0b\0\0\x0f\0\0\0\x40\0\0\0\
\x9f\x0b\0\0\x0f\0\0\0\x80\0\0\0\xa3\x0b\0\0\x0f\0\0\0\xc0\0\0\0\xa7\x0b\0\0\
\x0f\0\0\0\0\x01\0\0\xaa\x0b\0\0\x0f\0\0\0\x40\x01\0\0\xad\x0b\0\0\x0f\0\0\0\
\x80\x01\0\0\xb1\x0b\0\0\x0f\0\0\0\xc0\x01\0\0\xb5\x0b\0\0\x0f\0\0\0\0\x02\0\0\
\xb8\x0b\0\0\x0f\0\0\0\x40\x02\0\0\xbb\x0b\0\0\x0f\0\0\0\x80\x02\0\0\xbe\x0b\0\
\0\x0f\0\0\0\xc0\x02\0\0\xc1\x0b\0\0\x0f\0\0\0\0\x03\0\0\xc4\x0b\0\0\x0f\0\0\0\
\x40\x03\0\0\xc7\x0b\0\0\x0f\0\0\0\x80\x03\0\0\xca\x0b\0\0\x0f\0\0\0\xc0\x03\0\
\0\xd2\x0b\0\0\x0f\0\0\0\0\x04\0\0\xd5\x0b\0\0\x0f\0\0\0\x40\x04\0\0\xac\0\0\0\
\x0f\0\0\0\x80\x04\0\0\xd8\x0b\0\0\x0f\0\0\0\xc0\x04\0\0\xdb\x0b\0\0\x0f\0\0\0\
\0\x05\0\0\0\0\0\0\0\0\0\x02\0\0\0\0\xde\x0b\0\0\0\0\0\x08\x1e\0\0\0\xe9\x0b\0\
\0\x01\0\0\x04\x04\0\0\0\xf9\x0b\0\0\x1f\0\0\0\0\0\0\0\xfe\x0b\0\0\0\0\0\x08\
\x20\0\0\0\0\0\0\0\x01\0\0\x04\x04\0\0\0\x07\x0c\0\0\x02\0\0\0\0\0\0\0\x0f\x0c\
\0\0\x04\0\0\x04\x10\0\0\0\x22\x0c\0\0\x22\0\0\0\0\0\0\0\0\0\0\0\x24\0\0\0\x40\
\0\0\0\x28\x0c\0\0\x25\0\0\0\x60\0\0\0\x2c\x0c\0\0\x25\0\0\0\x70\0\0\0\x30\x0c\
\0\0\x01\0\0\x04\x08\0\0\0\x3b\x0c\0\0\x23\0\0\0\0\0\0\0\0\0\0\0\0\0\0\x02\x22\
\0\0\0\0\0\0\0\x02\0\0\x05\x04\0\0\0\x40\x0c\0\0\x12\0\0\0\0\0\0\0\x48\x0c\0\0\
\x1f\0\0\0\0\0\0\0\x50\x0c\0\0\0\0\0\x08\x26\0\0\0\x54\x0c\0\0\0\0\0\x08\x27\0\
\0\0\x5a\x0c\0\0\0\0\0\x01\x02\0\0\0\x10\0\0\0\0\0\0\0\0\0\0\x02\x0d\0\0\0\0\0\
\0\0\0\0\0\x02\x2a\0\0\0\0\0\0\0\0\0\0\x0a\xe2\x06\0\0\x69\x0c\0\0\x10\0\0\x04\
\xc0\x01\0\0\x76\x0c\0\0\x2c\0\0\0\0\0\0\0\x7b\x0c\0\0\x2d\0\0\0\x80\0\0\0\x84\
\x0c\0\0\x2f\0\0\0\x40\x01\0\0\x13\x01\0\0\x12\0\0\0\xc0\x01\0\0\x8f\x0c\0\0\
\x31\0\0\0\0\x02\0\0\x9a\x0c\0\0\x31\0\0\0\x40\x02\0\0\xab\x0c\0\0\x31\0\0\0\
\x80\x02\0\0\xb4\x0c\0\0\x31\0\0\0\xc0\x02\0\0\xca\x0c\0\0\x31\0\0\0\0\x03\0\0\
\xd8\x0c\0\0\x33\0\0\0\x40\x03\0\0\xe3\x0c\0\0\x02\0\0\0\0\x0a\0\0\xc1\x04\0\0\
\x37\0\0\0\x40\x0a\0\0\xe9\x0c\0\0\x38\0\0\0\x80\x0a\0\0\xf0\x0c\0\0\x38\0\0\0\
\xc0\x0a\0\0\xf5\x0c\0\0\x0f\0\0\0\0\x0b\0\0\x05\x0d\0\0\x3c\0\0\0\0\x0c\0\0\
\x09\x0d\0\0\x02\0\0\x04\x10\0\0\0\x15\x0d\0\0\x0f\0\0\0\0\0\0\0\x1c\x0d\0\0\
\x10\0\0\0\x40\0\0\0\x27\x0d\0\0\x03\0\0\x04\x18\0\0\0\x2f\x0d\0\0\x0f\0\0\0\0\
\0\0\0\x41\x0d\0\0\x2e\0\0\0\x40\0\0\0\x4a\x0d\0\0\x2e\0\0\0\x80\0\0\0\0\0\0\0\
\0\0\0\x02\x2d\0\0\0\x52\x0d\0\0\x02\0\0\x04\x10\0\0\0\x3b\x0c\0\0\x30\0\0\0\0\
\0\0\0\x5c\x0d\0\0\x30\0\0\0\x40\0\0\0\0\0\0\0\0\0\0\x02\x2f\0\0\0\x61\x0d\0\0\
\0\0\0\x08\x32\0\0\0\x65\x0d\0\0\0\0\0\x08\x0a\0\0\0\x6b\x0d\0\0\x1b\0\0\x04\
\xd8\0\0\0\x7c\x0d\0\0\x31\0\0\0\0\0\0\0\x87\x0d\0\0\x31\0\0\0\x40\0\0\0\x90\
\x0d\0\0\x31\0\0\0\x80\0\0\0\x9b\x0d\0\0\x31\0\0\0\xc0\0\0\0\xa4\x0d\0\0\x31\0\
\0\0\0\x01\0\0\xb1\x0d\0\0\x31\0\0\0\x40\x01\0\0\xbc\x0d\0\0\x31\0\0\0\x80\x01\
\0\0\xc8\x0d\0\0\x31\0\0\0\xc0\x01\0\0\xd2\x0d\0\0\x34\0\0\0\0\x02\0\0\xe4\x0d\
\0\0\x31\0\0\0\x40\x02\0\0\xf0\x0d\0\0\x31\0\0\0\x80\x02\0\0\xfa\x0d\0\0\x31\0\
\0\0\xc0\x02\0\0\x03\x0e\0\0\x31\0\0\0\0\x03\0\0\x0d\x0e\0\0\x31\0\0\0\x40\x03\
\0\0\x20\x0e\0\0\x31\0\0\0\x80\x03\0\0\x3c\x0e\0\0\x31\0\0\0\xc0\x03\0\0\x59\
\x0e\0\0\x31\0\0\0\0\x04\0\0\x72\x0e\0\0\x31\0\0\0\x40\x04\0\0\x87\x0e\0\0\x31\
\0\0\0\x80\x04\0\0\x92\x0e\0\0\x31\0\0\0\xc0\x04\0\0\xa2\x0e\0\0\x31\0\0\0\0\
\x05\0\0\xb5\x0e\0\0\x31\0\0\0\x40\x05\0\0\xc6\x0e\0\0\x31\0\0\0\x80\x05\0\0\
\xd8\x0e\0\0\x31\0\0\0\xc0\x05\0\0\xea\x0e\0\0\x31\0\0\0\0\x06\0\0\x05\x0f\0\0\
\x31\0\0\0\x40\x06\0\0\x18\x0f\0\0\x31\0\0\0\x80\x06\0\0\x28\x0f\0\0\0\0\0\x08\
\x35\0\0\0\x2c\x0f\0\0\0\0\0\x08\x36\0\0\0\x32\x0f\0\0\0\0\0\x01\x08\0\0\0\x40\
\0\0\x01\0\0\0\0\0\0\0\x02\x2b\0\0\0\0\0\0\0\0\0\0\x02\x39\0\0\0\xe9\x0c\0\0\
\x23\0\0\x04\xc0\x01\0\0\x76\x0c\0\0\x2c\0\0\0\0\0\0\0\x3c\x0f\0\0\x12\0\0\0\
\x80\0\0\0\x47\x0f\0\0\x12\0\0\0\xa0\0\0\0\x54\x0f\0\0\x12\0\0\0\xc0\0\0\0\x66\
\x0f\0\0\x31\0\0\0\0\x01\0\0\x71\x0f\0\0\x31\0\0\0\x40\x01\0\0\x7e\x0f\0\0\x12\
\0\0\0\x80\x01\0\0\x8c\x0f\0\0\x31\0\0\0\xc0\x01\0\0\x9c\x0f\0\0\x3a\0\0\0\0\
\x02\0\0\xab\x0f\0\0\x37\0\0\0\x80\x02\0\0\x3b\x0c\0\0\x37\0\0\0\xc0\x02\0\0\
\xb0\x0f\0\0\x37\0\0\0\0\x03\0\0\xb5\x0f\0\0\x37\0\0\0\x40\x03\0\0\xba\x0f\0\0\
\x12\0\0\0\x80\x03\0\0\x05\x0d\0\0\x3c\0\0\0\0\x04\0\0\xc9\x0f\0\0\x3e\0\0\0\0\
\x06\0\0\xd1\x0f\0\0\x0f\0\0\0\0\x08\0\0\xe5\x0f\0\0\x18\0\0\0\x40\x08\0\0\xef\
\x0f\0\0\x18\0\0\0\x80\x08\0\0\x01\x10\0\0\x0f\0\0\0\xc0\x08\0\0\x08\x10\0\0\
\x31\0\0\0\0\x09\0\0\x1b\x10\0\0\x37\0\0\0\x40\x09\0\0\x27\x10\0\0\x49\0\0\0\
\x80\x09\0\0\x2a\x10\0\0\x02\0\0\0\xc0\x09\0\0\x32\x10\0\0\x2f\0\0\0\0\x0a\0\0\
\x43\x10\0\0\x4a\0\0\0\x80\x0a\0\0\x46\x10\0\0\x02\0\0\0\xc0\x0a\0\0\x4b\x10\0\
\0\x02\0\0\0\xe0\x0a\0\0\x5b\x10\0\0\x34\0\0\0\0\x0b\0\0\x6d\x10\0\0\x31\0\0\0\
\x40\x0b\0\0\x7d\x10\0\0\x31\0\0\0\x80\x0b\0\0\x92\x10\0\0\x31\0\0\0\xc0\x0b\0\
\0\xac\x10\0\0\x02\0\0\0\0\x0c\0\0\xb6\x10\0\0\x02\0\0\0\x20\x0c\0\0\xc5\x10\0\
\0\x2f\0\0\0\x40\x0c\0\0\xd4\x10\0\0\x02\0\0\x04\x10\0\0\0\xe3\x10\0\0\x3b\0\0\
\0\0\0\0\0\xeb\x10\0\0\x2e\0\0\0\x40\0\0\0\xe3\x10\0\0\x01\0\0\x04\x08\0\0\0\
\x27\x0d\0\0\x2e\0\0\0\0\0\0\0\xf7\x10\0\0\x09\0\0\x04\x40\0\0\0\x01\x11\0\0\
\x31\0\0\0\0\0\0\0\x12\x11\0\0\x31\0\0\0\x40\0\0\0\x1b\x11\0\0\x31\0\0\0\x80\0\
\0\0\x28\x11\0\0\x10\0\0\0\xc0\0\0\0\x31\x11\0\0\x10\0\0\0\xe0\0\0\0\x40\x11\0\
\0\x0f\0\0\0\0\x01\0\0\x49\x11\0\0\x0f\0\0\0\x40\x01\0\0\x56\x11\0\0\x0f\0\0\0\
\x80\x01\0\0\x5f\x11\0\0\x3d\0\0\0\xc0\x01\0\0\x5f\x11\0\0\x02\0\0\x04\x08\0\0\
\0\x68\x11\0\0\x12\0\0\0\0\0\0\0\x71\x11\0\0\x12\0\0\0\x20\0\0\0\0\0\0\0\x05\0\
\0\x04\x40\0\0\0\x76\x11\0\0\x3f\0\0\0\0\0\0\0\x7b\x11\0\0\x02\0\0\0\x20\0\0\0\
\x40\x11\0\0\x0f\0\0\0\x40\0\0\0\x56\x11\0\0\x0f\0\0\0\x80\0\0\0\x49\x11\0\0\
\x0f\0\0\0\xc0\0\0\0\x7e\x11\0\0\0\0\0\x08\x40\0\0\0\x8d\x11\0\0\x01\0\0\x04\
\x04\0\0\0\x9a\x11\0\0\x41\0\0\0\0\0\0\0\xa3\x11\0\0\0\0\0\x08\x42\0\0\0\xb3\
\x11\0\0\x01\0\0\x04\x04\0\0\0\0\0\0\0\x43\0\0\0\0\0\0\0\0\0\0\0\x03\0\0\x05\
\x04\0\0\0\xbd\x11\0\0\x1f\0\0\0\0\0\0\0\0\0\0\0\x44\0\0\0\0\0\0\0\0\0\0\0\x48\
\0\0\0\0\0\0\0\0\0\0\0\x02\0\0\x04\x02\0\0\0\xc1\x11\0\0\x45\0\0\0\0\0\0\0\x90\
\x06\0\0\x45\0\0\0\x08\0\0\0\xc8\x11\0\0\0\0\0\x08\x46\0\0\0\xcb\x11\0\0\0\0\0\
\x08\x47\0\0\0\xd0\x11\0\0\0\0\0\x01\x01\0\0\0\x08\0\0\0\0\0\0\0\x02\0\0\x04\
\x04\0\0\0\xde\x11\0\0\x25\0\0\0\0\0\0\0\xed\x11\0\0\x25\0\0\0\x10\0\0\0\0\0\0\
\0\0\0\0\x02\xe3\x06\0\0\0\0\0\0\0\0\0\x02\x57\0\0\0\xf2\x11\0\0\x07\0\0\x04\
\x30\0\0\0\x02\x12\0\0\x2f\0\0\0\0\0\0\0\x0b\x12\0\0\x0f\0\0\0\x80\0\0\0\x13\
\x12\0\0\x0f\0\0\0\xc0\0\0\0\x22\x12\0\0\x12\0\0\0\0\x01\0\0\x13\x01\0\0\x27\0\
\0\0\x20\x01\0\0\x2a\x10\0\0\x27\0\0\0\x30\x01\0\0\x2d\x12\0\0\x4c\0\0\0\x40\
\x01\0\0\0\0\0\0\0\0\0\x02\x4b\0\0\0\x32\x12\0\0\x10\0\0\x84\xe0\0\0\0\x27\x0d\
\0\0\x2d\0\0\0\0\0\0\0\x42\x12\0\0\x31\0\0\0\xc0\0\0\0\x4d\x12\0\0\x31\0\0\0\0\
\x01\0\0\x59\x12\0\0\x31\0\0\0\x40\x01\0\0\x63\x12\0\0\x31\0\0\0\x80\x01\0\0\
\x69\x12\0\0\x31\0\0\0\xc0\x01\0\0\x74\x12\0\0\x34\0\0\0\0\x02\0\0\x7c\x12\0\0\
\x31\0\0\0\x40\x02\0\0\xac\0\0\0\x12\0\0\0\x80\x02\0\0\x85\x12\0\0\x12\0\0\0\
\xa0\x02\0\x01\x92\x12\0\0\x12\0\0\0\xa1\x02\0\x01\x9d\x12\0\0\x12\0\0\0\xa2\
\x02\0\x01\xaf\x12\0\0\x12\0\0\0\xa3\x02\0\x01\xba\x12\0\0\x4e\0\0\0\xc0\x02\0\
\0\xc3\x12\0\0\x4e\0\0\0\xc0\x04\0\0\xd2\x12\0\0\x56\0\0\0\xc0\x06\0\0\xd8\x12\
\0\0\x08\0\0\x04\x40\0\0\0\xe0\x12\0\0\x4f\0\0\0\0\0\0\0\xe5\x12\0\0\x50\0\0\0\
\0\x01\0\0\xf2\x12\0\0\x51\0\0\0\x40\x01\0\0\xfb\x12\0\0\x55\0\0\0\x80\x01\0\0\
\0\x13\0\0\x45\0\0\0\xc0\x01\0\0\x06\x13\0\0\x45\0\0\0\xc8\x01\0\0\x0d\x13\0\0\
\x45\0\0\0\xd0\x01\0\0\x15\x13\0\0\x45\0\0\0\xd8\x01\0\0\x1d\x13\0\0\x02\0\0\
\x04\x20\0\0\0\xe0\x12\0\0\x2d\0\0\0\0\0\0\0\x2d\x13\0\0\x50\0\0\0\xc0\0\0\0\
\x35\x13\0\0\0\0\0\x08\x34\0\0\0\0\0\0\0\0\0\0\x02\x52\0\0\0\0\0\0\0\x01\0\0\
\x0d\x53\0\0\0\0\0\0\0\x54\0\0\0\x3d\x13\0\0\x02\0\0\x06\x04\0\0\0\x4d\x13\0\0\
\0\0\0\0\x5f\x13\0\0\x01\0\0\0\0\0\0\0\0\0\0\x02\x4e\0\0\0\0\0\0\0\0\0\0\x02\
\x0e\x07\0\0\0\0\0\0\0\0\0\x02\x4d\0\0\0\x6f\x13\0\0\x0c\0\0\x04\x40\x02\0\0\
\x7a\x13\0\0\x58\0\0\0\0\0\0\0\x4e\x01\0\0\x6c\0\0\0\x40\x06\0\0\xe9\x0c\0\0\
\x6d\0\0\0\x80\x06\0\0\x7e\x13\0\0\x0f\0\0\0\xc0\x06\0\0\x46\x10\0\0\x02\0\0\0\
\0\x07\0\0\x40\x11\0\0\x5e\0\0\0\0\x08\0\0\x85\x13\0\0\x66\0\0\0\x40\x08\0\0\
\x89\x13\0\0\x2f\0\0\0\xc0\x08\0\0\xc1\x04\0\0\x4a\0\0\0\x40\x09\0\0\x8e\x13\0\
\0\x2f\0\0\0\x80\x09\0\0\xc8\x04\0\0\x2f\0\0\0\0\x0a\0\0\x97\x13\0\0\x6e\0\0\0\
\x80\x0a\0\0\xa5\x13\0\0\x0d\0\0\x04\xc8\0\0\0\xb9\x13\0\0\x59\0\0\0\0\0\0\0\
\xdb\x0b\0\0\x5a\0\0\0\x40\0\0\0\xc0\x13\0\0\x5b\0\0\0\x80\0\0\0\xd1\x04\0\0\
\x2f\0\0\0\0\x01\0\0\xc8\x04\0\0\x2f\0\0\0\x80\x01\0\0\xc7\x13\0\0\x2f\0\0\0\0\
\x02\0\0\xd6\x13\0\0\x02\0\0\0\x80\x02\0\0\xac\0\0\0\x12\0\0\0\xa0\x02\0\0\xd9\
\x13\0\0\x31\0\0\0\xc0\x02\0\0\xe3\x13\0\0\x1f\0\0\0\0\x03\0\0\xee\x13\0\0\x5d\
\0\0\0\x40\x03\0\0\xfb\x13\0\0\x65\0\0\0\x40\x04\0\0\xc1\x04\0\0\x6b\0\0\0\0\
\x06\0\0\0\0\0\0\0\0\0\x02\x4f\x03\0\0\0\0\0\0\0\0\0\x02\x4e\x07\0\0\x09\x14\0\
\0\x02\0\0\x04\x10\0\0\0\x14\x14\0\0\x0f\0\0\0\0\0\0\0\x25\x14\0\0\x5c\0\0\0\
\x40\0\0\0\0\0\0\0\0\0\0\x02\xe8\x06\0\0\x2a\x14\0\0\x03\0\0\x04\x20\0\0\0\x25\
\x14\0\0\x5e\0\0\0\0\0\0\0\x36\x14\0\0\x2f\0\0\0\x40\0\0\0\x3c\x14\0\0\x61\0\0\
\0\xc0\0\0\0\x41\x14\0\0\0\0\0\x08\x5f\0\0\0\x4f\x14\0\0\0\0\0\x08\x60\0\0\0\0\
\0\0\0\x01\0\0\x04\x08\0\0\0\x07\x0c\0\0\x34\0\0\0\0\0\0\0\x5a\x14\0\0\0\0\0\
\x08\x62\0\0\0\0\0\0\0\0\0\0\x02\x63\0\0\0\0\0\0\0\x01\0\0\x0d\0\0\0\0\0\0\0\0\
\x64\0\0\0\0\0\0\0\0\0\0\x02\x5d\0\0\0\x66\x14\0\0\x03\0\0\x04\x38\0\0\0\x6f\
\x14\0\0\x5d\0\0\0\0\0\0\0\x85\x13\0\0\x66\0\0\0\0\x01\0\0\x74\x14\0\0\x6a\0\0\
\0\x80\x01\0\0\x77\x14\0\0\x02\0\0\x04\x10\0\0\0\x3b\x0c\0\0\x67\0\0\0\0\0\0\0\
\x3c\x14\0\0\x68\0\0\0\x40\0\0\0\0\0\0\0\0\0\0\x02\x66\0\0\0\0\0\0\0\0\0\0\x02\
\x69\0\0\0\0\0\0\0\x01\0\0\x0d\0\0\0\0\0\0\0\0\x67\0\0\0\0\0\0\0\0\0\0\x02\x63\
\x03\0\0\0\0\0\0\0\0\0\x02\x58\0\0\0\0\0\0\0\0\0\0\x02\x37\0\0\0\0\0\0\0\0\0\0\
\x02\x38\0\0\0\x97\x13\0\0\x0f\0\0\x04\xd8\0\0\0\x76\x11\0\0\x3f\0\0\0\0\0\0\0\
\x85\x14\0\0\x50\0\0\0\x40\0\0\0\x8c\x14\0\0\x31\0\0\0\x80\0\0\0\x74\x12\0\0\
\x31\0\0\0\xc0\0\0\0\x92\x14\0\0\x31\0\0\0\0\x01\0\0\x98\x14\0\0\x34\0\0\0\x40\
\x01\0\0\x46\x10\0\0\x45\0\0\0\x80\x01\0\0\xab\x14\0\0\x45\0\0\0\x88\x01\0\0\
\xb9\x14\0\0\x45\0\0\0\x90\x01\0\0\xc7\x14\0\0\x4e\0\0\0\xc0\x01\0\0\xd4\x14\0\
\0\x4e\0\0\0\xc0\x03\0\0\xe0\x14\0\0\x2f\0\0\0\xc0\x05\0\0\xf1\x14\0\0\x02\0\0\
\0\x40\x06\0\0\xfc\x14\0\0\x02\0\0\0\x60\x06\0\0\x09\x15\0\0\x31\0\0\0\x80\x06\
\0\0\x18\x15\0\0\x01\0\0\x04\x08\0\0\0\x23\x15\0\0\x70\0\0\0\0\0\0\0\0\0\0\0\0\
\0\0\x02\xf0\0\0\0\0\0\0\0\0\0\0\x02\x72\0\0\0\0\0\0\0\0\0\0\x0a\x73\0\0\0\x29\
\x15\0\0\0\0\0\x08\x75\0\0\0\0\0\0\0\0\0\0\x02\x73\0\0\0\x33\x15\0\0\x01\0\0\
\x04\x08\0\0\0\x3b\x15\0\0\x76\0\0\0\0\0\0\0\0\0\0\0\0\0\0\x03\0\0\0\0\x0f\0\0\
\0\x04\0\0\0\x01\0\0\0\x40\x15\0\0\x02\0\0\x05\x04\0\0\0\x4c\x15\0\0\x78\0\0\0\
\0\0\0\0\x4e\x15\0\0\x10\0\0\0\0\0\0\0\0\0\0\0\x04\0\0\x04\x04\0\0\0\x6d\x06\0\
\0\x45\0\0\0\0\0\0\0\x50\x15\0\0\x45\0\0\0\x08\0\0\0\x58\x15\0\0\x45\0\0\0\x10\
\0\0\0\x61\x15\0\0\x45\0\0\0\x18\0\0\0\0\0\0\0\0\0\0\x02\xa3\x07\0\0\x69\x15\0\
\0\0\0\0\x08\x7b\0\0\0\x6e\x15\0\0\0\0\0\x01\x01\0\0\0\x08\0\0\x04\x19\x03\0\0\
\x04\0\0\x04\x20\0\0\0\x74\x15\0\0\x0f\0\0\0\0\0\0\0\x7b\x15\0\0\x0a\0\0\0\x40\
\0\0\0\x85\x15\0\0\x0a\0\0\0\x80\0\0\0\x92\x15\0\0\x0a\0\0\0\xc0\0\0\0\x9e\x15\
\0\0\x03\0\0\x04\x28\0\0\0\x19\x01\0\0\x02\0\0\0\0\0\0\0\xa9\x15\0\0\x2f\0\0\0\
\x40\0\0\0\xb3\x15\0\0\x2f\0\0\0\xc0\0\0\0\0\0\0\0\0\0\0\x02\x7f\0\0\0\xbd\x15\
\0\0\x02\0\0\x04\x08\x04\0\0\0\0\0\0\x80\0\0\0\0\0\0\0\xc7\x15\0\0\xc4\0\0\0\
\x40\x20\0\0\0\0\0\0\x3a\0\0\x04\x08\x04\0\0\xd2\x15\0\0\x81\0\0\0\0\0\0\0\xd7\
\x15\0\0\x3b\0\0\0\x40\0\0\0\xdd\x15\0\0\x31\0\0\0\x80\0\0\0\xed\x15\0\0\x82\0\
\0\0\xc0\0\0\0\xff\x15\0\0\x0f\0\0\0\0\x01\0\0\x09\x16\0\0\x0f\0\0\0\x40\x01\0\
\0\x1a\x16\0\0\x0f\0\0\0\x80\x01\0\0\x2b\x16\0\0\x0f\0\0\0\xc0\x01\0\0\x43\x16\
\0\0\x0f\0\0\0\0\x02\0\0\x4d\x16\0\0\x0f\0\0\0\x40\x02\0\0\x5c\x16\0\0\xaa\0\0\
\0\x80\x02\0\0\x60\x16\0\0\x1f\0\0\0\xc0\x02\0\0\x71\x16\0\0\x1f\0\0\0\xe0\x02\
\0\0\x7a\x16\0\0\x1f\0\0\0\0\x03\0\0\x83\x16\0\0\x5e\0\0\0\x40\x03\0\0\x92\x16\
\0\0\x02\0\0\0\x80\x03\0\0\x9c\x16\0\0\x8d\0\0\0\xa0\x03\0\0\xac\x16\0\0\xae\0\
\0\0\xc0\x03\0\0\xb6\x16\0\0\x2f\0\0\0\0\x05\0\0\xbd\x16\0\0\x0f\0\0\0\x80\x05\
\0\0\xc9\x16\0\0\x0f\0\0\0\xc0\x05\0\0\xd4\x16\0\0\x0f\0\0\0\0\x06\0\0\xdd\x16\
\0\0\x0f\0\0\0\x40\x06\0\0\xe7\x16\0\0\x5f\0\0\0\x80\x06\0\0\xf1\x16\0\0\x0f\0\
\0\0\xc0\x06\0\0\xf9\x16\0\0\x0f\0\0\0\0\x07\0\0\x01\x17\0\0\x0f\0\0\0\x40\x07\
\0\0\x0a\x17\0\0\x0f\0\0\0\x80\x07\0\0\x14\x17\0\0\xaf\0\0\0\xc0\x07\0\0\x26\
\x17\0\0\x8d\0\0\0\xe0\x07\0\0\x2f\x17\0\0\x0f\0\0\0\0\x08\0\0\x3a\x17\0\0\x0f\
\0\0\0\x40\x08\0\0\x43\x17\0\0\x0f\0\0\0\x80\x08\0\0\x4e\x17\0\0\x0f\0\0\0\xc0\
\x08\0\0\x57\x17\0\0\x0f\0\0\0\0\x09\0\0\x61\x17\0\0\x0f\0\0\0\x40\x09\0\0\x65\
\x17\0\0\x0f\0\0\0\x80\x09\0\0\x71\x17\0\0\x0f\0\0\0\xc0\x09\0\0\x7b\x17\0\0\
\x0f\0\0\0\0\x0a\0\0\x83\x17\0\0\x0f\0\0\0\x40\x0a\0\0\x8d\x17\0\0\x0f\0\0\0\
\x80\x0a\0\0\x95\x17\0\0\xb1\0\0\0\xc0\x0a\0\0\x61\x03\0\0\xb2\0\0\0\xc0\x16\0\
\0\xa0\x17\0\0\xb4\0\0\0\xc0\x17\0\0\xa7\x17\0\0\xb5\0\0\0\0\x18\0\0\xac\0\0\0\
\x0f\0\0\0\0\x1c\0\0\xaf\x17\0\0\xbd\0\0\0\x40\x1c\0\0\xba\x17\0\0\x8d\0\0\0\
\x80\x1c\0\0\xc5\x17\0\0\xbe\0\0\0\xc0\x1c\0\0\xd1\x17\0\0\xbf\0\0\0\0\x1d\0\0\
\xd9\x17\0\0\x84\0\0\0\x40\x1d\0\0\xe2\x17\0\0\xc0\0\0\0\x80\x1d\0\0\xf9\x17\0\
\0\x1f\0\0\0\xc0\x1d\0\0\x0b\x18\0\0\x7a\0\0\0\xe0\x1d\0\0\x1d\x18\0\0\xc1\0\0\
\0\0\x1e\0\0\x2b\x18\0\0\x5d\0\0\0\x40\x1e\0\0\x3a\x18\0\0\x10\0\0\0\x40\x1f\0\
\0\x40\x18\0\0\xc3\0\0\0\x80\x1f\0\0\0\0\0\0\0\0\0\x02\xc6\0\0\0\0\0\0\0\0\0\0\
\x02\x83\0\0\0\0\0\0\0\x05\0\0\x0d\x0f\0\0\0\0\0\0\0\x84\0\0\0\0\0\0\0\x0f\0\0\
\0\0\0\0\0\x0f\0\0\0\0\0\0\0\x0f\0\0\0\0\0\0\0\x0f\0\0\0\0\0\0\0\0\0\0\x02\x85\
\0\0\0\x48\x18\0\0\x15\0\0\x04\xf0\0\0\0\x4d\x18\0\0\x86\0\0\0\0\0\0\0\x51\x18\
\0\0\x87\0\0\0\x80\0\0\0\x58\x18\0\0\x8a\0\0\0\x40\x01\0\0\x60\x18\0\0\x8b\0\0\
\0\x80\x01\0\0\x65\x18\0\0\x8d\0\0\0\xc0\x01\0\0\x6c\x18\0\0\x90\0\0\0\xe0\x01\
\0\0\x79\x18\0\0\x5e\0\0\0\0\x02\0\0\x81\x18\0\0\x12\0\0\0\x40\x02\0\0\x89\x18\
\0\0\x91\0\0\0\x60\x02\0\0\x90\x18\0\0\x92\0\0\0\x80\x02\0\0\x9b\x18\0\0\x94\0\
\0\0\x80\x03\0\0\xa1\x18\0\0\x96\0\0\0\xc0\x03\0\0\xa9\x18\0\0\xa4\0\0\0\xc0\
\x04\0\0\xb0\x18\0\0\xa6\0\0\0\0\x05\0\0\xb5\x18\0\0\x31\0\0\0\0\x06\0\0\xbf\
\x18\0\0\x1c\0\0\0\x40\x06\0\0\xca\x18\0\0\x1c\0\0\0\x80\x06\0\0\xd7\x18\0\0\
\xa7\0\0\0\xc0\x06\0\0\xdc\x18\0\0\xa8\0\0\0\0\x07\0\0\xe6\x18\0\0\xa9\0\0\0\
\x40\x07\0\0\xef\x18\0\0\xa9\0\0\0\x60\x07\0\0\0\0\0\0\x02\0\0\x05\x10\0\0\0\
\xf8\x18\0\0\x22\0\0\0\0\0\0\0\x01\x19\0\0\x66\0\0\0\0\0\0\0\x0c\x19\0\0\x03\0\
\0\x04\x18\0\0\0\x11\x19\0\0\x88\0\0\0\0\0\0\0\x15\x19\0\0\x89\0\0\0\x40\0\0\0\
\x1c\x19\0\0\x02\0\0\0\x80\0\0\0\0\0\0\0\0\0\0\x02\xa6\x03\0\0\0\0\0\0\0\0\0\
\x02\xa7\x03\0\0\0\0\0\0\0\0\0\x02\xe9\x01\0\0\0\0\0\0\0\0\0\x02\x8c\0\0\0\0\0\
\0\0\0\0\0\x0a\xfa\x01\0\0\x27\x19\0\0\0\0\0\x08\x8e\0\0\0\x32\x19\0\0\x01\0\0\
\x04\x04\0\0\0\0\0\0\0\x8f\0\0\0\0\0\0\0\0\0\0\0\x01\0\0\x05\x04\0\0\0\x3b\x19\
\0\0\x40\0\0\0\0\0\0\0\x41\x19\0\0\x06\0\0\x06\x04\0\0\0\x49\x19\0\0\0\0\0\0\
\x5c\x19\0\0\x01\0\0\0\x6c\x19\0\0\x02\0\0\0\x7d\x19\0\0\x03\0\0\0\x8f\x19\0\0\
\x04\0\0\0\x9f\x19\0\0\x05\0\0\0\xb2\x19\0\0\0\0\0\x08\x12\0\0\0\xba\x19\0\0\
\x04\0\0\x04\x20\0\0\0\xc0\x19\0\0\x5e\0\0\0\0\0\0\0\xc6\x19\0\0\x3f\0\0\0\x40\
\0\0\0\xd0\x19\0\0\x93\0\0\0\x60\0\0\0\xd4\x19\0\0\x2f\0\0\0\x80\0\0\0\xde\x19\
\0\0\x01\0\0\x04\x04\0\0\0\xed\x11\0\0\x1f\0\0\0\0\0\0\0\xf4\x19\0\0\0\0\0\x08\
\x95\0\0\0\xfb\x19\0\0\0\0\0\x08\x36\0\0\0\x0b\x1a\0\0\x06\0\0\x04\x20\0\0\0\
\x76\x11\0\0\x97\0\0\0\0\0\0\0\x9f\x04\0\0\x9e\0\0\0\x40\0\0\0\x17\x1a\0\0\x9f\
\0\0\0\x80\0\0\0\x20\x1a\0\0\xa0\0\0\0\xa0\0\0\0\x24\x1a\0\0\xa0\0\0\0\xc0\0\0\
\0\x29\x1a\0\0\x02\0\0\0\xe0\0\0\0\x30\x1a\0\0\0\0\0\x08\x98\0\0\0\0\0\0\0\x01\
\0\0\x04\x08\0\0\0\x9a\x11\0\0\x99\0\0\0\0\0\0\0\x39\x1a\0\0\0\0\0\x08\x9a\0\0\
\0\x47\x1a\0\0\x02\0\0\x04\x08\0\0\0\0\0\0\0\x9b\0\0\0\0\0\0\0\xc6\x19\0\0\x41\
\0\0\0\x20\0\0\0\0\0\0\0\x02\0\0\x05\x04\0\0\0\x4f\x1a\0\0\x1f\0\0\0\0\0\0\0\0\
\0\0\0\x9c\0\0\0\0\0\0\0\0\0\0\0\x02\0\0\x04\x04\0\0\0\x54\x1a\0\0\x45\0\0\0\0\
\0\0\0\x5c\x1a\0\0\x9d\0\0\0\x08\0\0\0\0\0\0\0\0\0\0\x03\0\0\0\0\x45\0\0\0\x04\
\0\0\0\x03\0\0\0\0\0\0\0\0\0\0\x02\xe9\0\0\0\x17\x1a\0\0\x05\0\0\x06\x04\0\0\0\
\x65\x1a\0\0\0\0\0\0\x71\x1a\0\0\x01\0\0\0\x7e\x1a\0\0\x02\0\0\0\x8b\x1a\0\0\
\x03\0\0\0\x97\x1a\0\0\x04\0\0\0\xa3\x1a\0\0\0\0\0\x08\xa1\0\0\0\0\0\0\0\x01\0\
\0\x04\x04\0\0\0\xbd\x11\0\0\xa2\0\0\0\0\0\0\0\xaa\x1a\0\0\0\0\0\x08\xa3\0\0\0\
\xb0\x1a\0\0\0\0\0\x08\x12\0\0\0\0\0\0\0\0\0\0\x02\xa5\0\0\0\0\0\0\0\0\0\0\x0a\
\xfb\0\0\0\xc1\x1a\0\0\x06\0\0\x04\x20\0\0\0\xcf\x1a\0\0\x0f\0\0\0\0\0\0\0\xd5\
\x1a\0\0\x12\0\0\0\x40\0\0\0\xda\x1a\0\0\x12\0\0\0\x60\0\0\0\xe5\x1a\0\0\x12\0\
\0\0\x80\0\0\0\xee\x1a\0\0\x12\0\0\0\xa0\0\0\0\xf8\x1a\0\0\x94\0\0\0\xc0\0\0\0\
\0\0\0\0\0\0\0\x02\x6f\0\0\0\0\0\0\0\0\0\0\x02\xe8\x01\0\0\x01\x1b\0\0\0\0\0\
\x08\x10\0\0\0\0\0\0\0\0\0\0\x02\xab\0\0\0\x0a\x1b\0\0\0\0\0\x08\xac\0\0\0\0\0\
\0\0\x01\0\0\x04\x08\0\0\0\x5c\x16\0\0\xad\0\0\0\0\0\0\0\x10\x1b\0\0\0\0\0\x08\
\x0f\0\0\0\x19\x1b\0\0\x05\0\0\x04\x28\0\0\0\x26\x1b\0\0\x5e\0\0\0\0\0\0\0\xc0\
\x19\0\0\x5e\0\0\0\x40\0\0\0\xd0\x19\0\0\x93\0\0\0\x80\0\0\0\xc6\x19\0\0\x3f\0\
\0\0\xa0\0\0\0\xd4\x19\0\0\x2f\0\0\0\xc0\0\0\0\x2c\x1b\0\0\0\0\0\x08\xb0\0\0\0\
\x37\x1b\0\0\x01\0\0\x04\x04\0\0\0\x40\x1b\0\0\x12\0\0\0\0\0\0\0\0\0\0\0\0\0\0\
\x03\0\0\0\0\x0f\0\0\0\x04\0\0\0\x30\0\0\0\x49\x1b\0\0\x01\0\0\x04\x20\0\0\0\
\x26\x1b\0\0\xb3\0\0\0\0\0\0\0\0\0\0\0\0\0\0\x03\0\0\0\0\x5e\0\0\0\x04\0\0\0\
\x04\0\0\0\0\0\0\0\0\0\0\x02\xf8\x06\0\0\x55\x1b\0\0\0\0\0\x08\xb6\0\0\0\0\0\0\
\0\x0b\0\0\x04\x80\0\0\0\x62\x1b\0\0\x31\0\0\0\0\0\0\0\x69\x1b\0\0\x5f\0\0\0\
\x40\0\0\0\x71\x1b\0\0\xae\0\0\0\x80\0\0\0\x7d\x1b\0\0\xb7\0\0\0\xc0\x01\0\0\
\xac\0\0\0\x27\0\0\0\0\x02\0\0\x76\x11\0\0\x92\0\0\0\x40\x02\0\0\x81\x1b\0\0\
\x1c\0\0\0\x40\x03\0\0\x86\x1b\0\0\xb8\0\0\0\x80\x03\0\0\x91\x1b\0\0\x1f\0\0\0\
\xc0\x03\0\0\xa4\x1b\0\0\x25\0\0\0\xe0\x03\0\0\xb8\x1b\0\0\xba\0\0\0\xf0\x03\0\
\0\0\0\0\0\0\0\0\x02\x72\x07\0\0\0\0\0\0\0\0\0\x02\xb9\0\0\0\0\0\0\0\0\0\0\x0a\
\x73\x07\0\0\xca\x1b\0\0\0\0\0\x08\xbb\0\0\0\xce\x1b\0\0\0\0\0\x08\xbc\0\0\0\
\xd4\x1b\0\0\0\0\0\x01\x02\0\0\0\x10\0\0\x01\0\0\0\0\0\0\0\x02\x74\x07\0\0\0\0\
\0\0\0\0\0\x02\x75\x07\0\0\0\0\0\0\0\0\0\x02\x66\x01\0\0\0\0\0\0\0\0\0\x02\x76\
\x07\0\0\x1d\x18\0\0\x01\0\0\x04\x08\0\0\0\xda\x1b\0\0\xc2\0\0\0\0\0\0\0\0\0\0\
\0\0\0\0\x02\x77\x07\0\0\0\0\0\0\x02\0\0\x04\x18\0\0\0\x89\x13\0\0\x2f\0\0\0\0\
\0\0\0\xe3\x1b\0\0\x0f\0\0\0\x80\0\0\0\0\0\0\0\0\0\0\x03\0\0\0\0\x0f\0\0\0\x04\
\0\0\0\0\0\0\0\x58\x03\0\0\x02\0\0\x04\x28\0\0\0\xea\x1b\0\0\x31\0\0\0\0\0\0\0\
\xf1\x1b\0\0\xd4\0\0\0\x40\0\0\0\xf6\x1b\0\0\x12\0\0\x04\xc0\0\0\0\x05\x1c\0\0\
\x0f\0\0\0\0\0\0\0\x0e\x1c\0\0\x0f\0\0\0\x40\0\0\0\x15\x1c\0\0\x81\0\0\0\x80\0\
\0\0\x1d\x1c\0\0\x81\0\0\0\xc0\0\0\0\x25\x1c\0\0\x2d\0\0\0\0\x01\0\0\x2b\x1c\0\
\0\x0f\0\0\0\xc0\x01\0\0\x3a\x1c\0\0\x7e\0\0\0\0\x02\0\0\x40\x1c\0\0\xc7\0\0\0\
\x40\x02\0\0\x4d\x1c\0\0\x0f\0\0\0\x80\x02\0\0\0\0\0\0\xca\0\0\0\xc0\x02\0\0\
\x56\x1c\0\0\x2f\0\0\0\xc0\x03\0\0\x65\x1c\0\0\xcf\0\0\0\x40\x04\0\0\x6e\x1c\0\
\0\xd0\0\0\0\x80\x04\0\0\x75\x1c\0\0\x0f\0\0\0\xc0\x04\0\0\x7e\x1c\0\0\x84\0\0\
\0\0\x05\0\0\x86\x1c\0\0\x1c\0\0\0\x40\x05\0\0\x96\x1c\0\0\x5e\0\0\0\x80\x05\0\
\0\xaa\x1c\0\0\xd2\0\0\0\xc0\x05\0\0\xbd\x1c\0\0\0\0\0\x08\xc8\0\0\0\xc6\x1c\0\
\0\x01\0\0\x04\x08\0\0\0\xc6\x1c\0\0\xc9\0\0\0\0\0\0\0\xcd\x1c\0\0\0\0\0\x08\
\x0f\0\0\0\0\0\0\0\x02\0\0\x05\x20\0\0\0\xd9\x1c\0\0\xcb\0\0\0\0\0\0\0\xe0\x1c\
\0\0\xcc\0\0\0\0\0\0\0\0\0\0\0\x02\0\0\x04\x20\0\0\0\x2a\0\0\0\x2d\0\0\0\0\0\0\
\0\xea\x1c\0\0\x0f\0\0\0\xc0\0\0\0\0\0\0\0\0\0\0\x02\xcd\0\0\0\0\0\0\0\0\0\0\
\x0a\xce\0\0\0\xfa\x1c\0\0\0\0\0\x01\x01\0\0\0\x08\0\0\x01\0\0\0\0\0\0\0\x02\
\x78\x07\0\0\0\0\0\0\0\0\0\x02\xd1\0\0\0\0\0\0\0\0\0\0\x0a\x79\x07\0\0\xaa\x1c\
\0\0\x01\0\0\x04\x08\0\0\0\x40\0\0\0\xd3\0\0\0\0\0\0\0\0\0\0\0\0\0\0\x02\x7a\
\x07\0\0\0\0\0\0\0\0\0\x03\0\0\0\0\x81\0\0\0\x04\0\0\0\x04\0\0\0\xff\x1c\0\0\
\x02\0\0\x04\x14\0\0\0\x0d\x1d\0\0\x02\0\0\0\0\0\0\0\x26\x1b\0\0\xd6\0\0\0\x20\
\0\0\0\0\0\0\0\0\0\0\x03\0\0\0\0\x02\0\0\0\x04\0\0\0\x04\0\0\0\x91\x04\0\0\x03\
\0\0\x04\x38\0\0\0\x14\x1d\0\0\x0f\0\0\0\0\0\0\0\x1e\x1d\0\0\xd8\0\0\0\x40\0\0\
\0\0\0\0\0\xdb\0\0\0\x80\0\0\0\0\0\0\0\0\0\0\x02\xd9\0\0\0\0\0\0\0\x01\0\0\x0d\
\x18\0\0\0\0\0\0\0\xda\0\0\0\0\0\0\0\0\0\0\x02\xd7\0\0\0\0\0\0\0\x03\0\0\x05\
\x28\0\0\0\x21\x1d\0\0\xdc\0\0\0\0\0\0\0\x27\x1d\0\0\xde\0\0\0\0\0\0\0\x31\x1d\
\0\0\xe5\0\0\0\0\0\0\0\0\0\0\0\x06\0\0\x04\x28\0\0\0\x36\x1d\0\0\xdd\0\0\0\0\0\
\0\0\xbd\x11\0\0\x10\0\0\0\x40\0\0\0\xac\0\0\0\x10\0\0\0\x60\0\0\0\x3c\x1d\0\0\
\x10\0\0\0\x80\0\0\0\x43\x1d\0\0\x31\0\0\0\xc0\0\0\0\x48\x1d\0\0\xdd\0\0\0\0\
\x01\0\0\0\0\0\0\0\0\0\x02\x10\0\0\0\0\0\0\0\x04\0\0\x04\x18\0\0\0\x4f\x1d\0\0\
\xdf\0\0\0\0\0\0\0\x19\0\0\0\xe1\0\0\0\x20\0\0\0\0\0\0\0\xe2\0\0\0\x40\0\0\0\
\x2d\x13\0\0\x31\0\0\0\x80\0\0\0\x57\x1d\0\0\0\0\0\x08\xe0\0\0\0\x61\x1d\0\0\0\
\0\0\x08\x02\0\0\0\x74\x1d\0\0\x03\0\0\x06\x04\0\0\0\x82\x1d\0\0\0\0\0\0\x8a\
\x1d\0\0\x01\0\0\0\x94\x1d\0\0\x02\0\0\0\0\0\0\0\x02\0\0\x05\x08\0\0\0\x9e\x1d\
\0\0\xe3\0\0\0\0\0\0\0\xa3\x1d\0\0\xe4\0\0\0\0\0\0\0\0\0\0\0\0\0\0\x02\xa5\x07\
\0\0\0\0\0\0\0\0\0\x02\xa6\x07\0\0\0\0\0\0\x05\0\0\x04\x20\0\0\0\xaf\x1d\0\0\
\xe6\0\0\0\0\0\0\0\xb4\x1d\0\0\x02\0\0\0\x40\0\0\0\xb9\x1d\0\0\x02\0\0\0\x60\0\
\0\0\xc5\x1d\0\0\x0f\0\0\0\x80\0\0\0\xcc\x1d\0\0\x0f\0\0\0\xc0\0\0\0\0\0\0\0\0\
\0\0\x02\xa7\x07\0\0\xd4\x1d\0\0\0\0\0\x08\xe8\0\0\0\xda\x1d\0\0\0\0\0\x08\x02\
\0\0\0\x9f\x04\0\0\x08\0\0\x04\x70\0\0\0\x26\x1b\0\0\x1d\0\0\0\0\0\0\0\xe9\x1d\
\0\0\x12\0\0\0\x20\0\0\0\x76\x11\0\0\x8d\0\0\0\x40\0\0\0\x24\x03\0\0\xea\0\0\0\
\x80\0\0\0\xef\x1d\0\0\x6f\0\0\0\x80\x01\0\0\xf6\x1d\0\0\xeb\0\0\0\xc0\x01\0\0\
\x85\x13\0\0\x66\0\0\0\x80\x02\0\0\x01\x1e\0\0\xef\0\0\0\0\x03\0\0\0\0\0\0\0\0\
\0\x03\0\0\0\0\x6f\0\0\0\x04\0\0\0\x04\0\0\0\x09\x1e\0\0\0\0\0\x08\xec\0\0\0\
\x1b\x1e\0\0\x02\0\0\x04\x18\0\0\0\x76\x11\0\0\x8d\0\0\0\0\0\0\0\x2b\x1e\0\0\
\x2f\0\0\0\x40\0\0\0\x30\x1e\0\0\x02\0\0\x04\x10\0\0\0\x7b\x11\0\0\x02\0\0\0\0\
\0\0\0\x35\x1e\0\0\xee\0\0\0\x40\0\0\0\0\0\0\0\0\0\0\x02\xff\x02\0\0\0\0\0\0\0\
\0\0\x03\0\0\0\0\xed\0\0\0\x04\0\0\0\x01\0\0\0\x38\x1e\0\0\x02\0\0\x04\x10\0\0\
\0\x3b\x0c\0\0\x70\0\0\0\0\0\0\0\x43\x1e\0\0\xf1\0\0\0\x40\0\0\0\0\0\0\0\0\0\0\
\x02\x70\0\0\0\0\0\0\0\0\0\0\x03\0\0\0\0\xf0\0\0\0\x04\0\0\0\x04\0\0\0\0\0\0\0\
\0\0\0\x02\x79\x01\0\0\0\0\0\0\0\0\0\x02\x02\0\0\0\x71\x05\0\0\x03\0\0\x04\x18\
\0\0\0\x5f\x05\0\0\x31\0\0\0\0\0\0\0\x65\x05\0\0\x31\0\0\0\x40\0\0\0\x76\x11\0\
\0\x3f\0\0\0\x80\0\0\0\xb5\x05\0\0\x03\0\0\x04\x50\0\0\0\x49\x1e\0\0\xf9\0\0\0\
\0\0\0\0\x4f\x1e\0\0\x12\0\0\0\x40\x02\0\0\x5d\x1e\0\0\x12\0\0\0\x60\x02\0\0\
\x6b\x1e\0\0\x02\0\0\x04\x18\0\0\0\x7f\x1e\0\0\x31\0\0\0\0\0\0\0\x87\x1e\0\0\
\xf8\0\0\0\x40\0\0\0\x8e\x1e\0\0\x01\0\0\x04\x10\0\0\0\xe3\x10\0\0\x3a\0\0\0\0\
\0\0\0\0\0\0\0\0\0\0\x03\0\0\0\0\xf7\0\0\0\x04\0\0\0\x03\0\0\0\xc5\x05\0\0\x02\
\0\0\x04\x18\0\0\0\x6f\x14\0\0\x66\0\0\0\0\0\0\0\x9e\x1e\0\0\x12\0\0\0\x80\0\0\
\0\xf1\x05\0\0\x1d\0\0\x04\xc0\0\0\0\xa6\0\0\0\x1f\0\0\0\0\0\0\0\xa8\x1e\0\0\
\x1f\0\0\0\x20\0\0\0\xb4\x1e\0\0\x1c\0\0\0\x40\0\0\0\xbd\x1e\0\0\x12\0\0\0\x80\
\0\0\0\x20\x1a\0\0\xa0\0\0\0\xa0\0\0\0\xc3\x1e\0\0\xfc\0\0\0\xc0\0\0\0\xc7\x1e\
\0\0\xa0\0\0\0\xe0\0\0\0\xcc\x1e\0\0\xfc\0\0\0\0\x01\0\0\x24\x1a\0\0\xa0\0\0\0\
\x20\x01\0\0\xd1\x1e\0\0\xfc\0\0\0\x40\x01\0\0\xd6\x1e\0\0\xa0\0\0\0\x60\x01\0\
\0\xdc\x1e\0\0\xfc\0\0\0\x80\x01\0\0\xe2\x1e\0\0\x12\0\0\0\xa0\x01\0\0\xed\x1e\
\0\0\0\x01\0\0\xc0\x01\0\0\xfd\x1e\0\0\0\x01\0\0\0\x02\0\0\x0b\x1f\0\0\0\x01\0\
\0\x40\x02\0\0\x19\x1f\0\0\0\x01\0\0\x80\x02\0\0\x22\x1f\0\0\0\x01\0\0\xc0\x02\
\0\0\x2e\x1f\0\0\x47\0\0\0\0\x03\0\0\x3a\x1f\0\0\x03\x01\0\0\x40\x03\0\0\x4a\
\x1f\0\0\x03\x01\0\0\x80\x03\0\0\x5a\x1f\0\0\x03\x01\0\0\xc0\x03\0\0\x69\x1f\0\
\0\x03\x01\0\0\0\x04\0\0\x5d\x0a\0\0\x1c\0\0\0\x40\x04\0\0\x7a\x1f\0\0\x65\x01\
\0\0\x80\x04\0\0\xd1\x17\0\0\xbf\0\0\0\xc0\x04\0\0\x7f\x1f\0\0\x87\x01\0\0\0\
\x05\0\0\x87\x1f\0\0\x8b\x01\0\0\x40\x05\0\0\0\0\0\0\x8c\x01\0\0\x80\x05\0\0\
\x92\x1f\0\0\0\0\0\x08\xfd\0\0\0\0\0\0\0\x01\0\0\x04\x04\0\0\0\xbd\x11\0\0\xfe\
\0\0\0\0\0\0\0\x99\x1f\0\0\0\0\0\x08\xff\0\0\0\x9f\x1f\0\0\0\0\0\x08\x12\0\0\0\
\xb0\x1f\0\0\0\0\0\x08\x01\x01\0\0\xbd\x1f\0\0\x01\0\0\x04\x08\0\0\0\xcf\x1f\0\
\0\x02\x01\0\0\0\0\0\0\0\0\0\0\0\0\0\x03\0\0\0\0\x11\0\0\0\x04\0\0\0\x02\0\0\0\
\0\0\0\0\0\0\0\x02\x04\x01\0\0\xd3\x1f\0\0\x12\0\0\x04\xe0\0\0\0\xa6\0\0\0\x1d\
\0\0\0\0\0\0\0\xd7\x1f\0\0\x05\x01\0\0\x20\0\0\0\0\0\0\0\x09\x01\0\0\x40\0\0\0\
\xde\x1f\0\0\xae\0\0\0\0\x01\0\0\x7a\x1f\0\0\x0a\x01\0\0\x40\x02\0\0\x5d\x0a\0\
\0\x1c\0\0\0\x80\x02\0\0\0\0\0\0\x0b\x01\0\0\xc0\x02\0\0\xe2\x1f\0\0\x0c\x01\0\
\0\0\x03\0\0\x20\x1a\0\0\xa0\0\0\0\x40\x03\0\0\xc3\x1e\0\0\xfc\0\0\0\x60\x03\0\
\0\xef\x1f\0\0\x0d\x01\0\0\x80\x03\0\0\xf4\x1f\0\0\x27\0\0\0\xa0\x03\0\0\xfd\
\x1f\0\0\x27\0\0\0\xb0\x03\0\0\0\x13\0\0\xbc\0\0\0\xc0\x03\0\0\xac\0\0\0\x0f\0\
\0\0\0\x04\0\0\0\0\0\0\x0f\x01\0\0\x40\x04\0\0\0\0\0\0\x60\x01\0\0\x80\x05\0\0\
\x05\x20\0\0\x47\x01\0\0\xc0\x06\0\0\x13\x20\0\0\0\0\0\x08\x06\x01\0\0\x20\x20\
\0\0\0\0\0\x08\x07\x01\0\0\x28\x20\0\0\0\0\0\x08\x08\x01\0\0\x2c\x20\0\0\0\0\0\
\x08\x02\0\0\0\0\0\0\0\x02\0\0\x05\x18\0\0\0\x32\x20\0\0\x2f\0\0\0\0\0\0\0\x41\
\x20\0\0\x2d\0\0\0\0\0\0\0\0\0\0\0\0\0\0\x02\x63\x07\0\0\0\0\0\0\x02\0\0\x05\
\x08\0\0\0\x4d\x20\0\0\x0c\x01\0\0\0\0\0\0\x54\x20\0\0\x0c\x01\0\0\0\0\0\0\x5f\
\x20\0\0\0\0\0\x08\x35\0\0\0\x68\x20\0\0\0\0\0\x08\x0e\x01\0\0\x73\x20\0\0\0\0\
\0\x08\x10\0\0\0\0\0\0\0\x02\0\0\x05\x28\0\0\0\x7c\x20\0\0\x10\x01\0\0\0\0\0\0\
\0\0\0\0\x16\x01\0\0\0\0\0\0\x86\x20\0\0\x05\0\0\x04\x28\0\0\0\x98\x20\0\0\x0f\
\0\0\0\0\0\0\0\0\0\0\0\x11\x01\0\0\x40\0\0\0\x19\0\0\0\x14\x01\0\0\x80\0\0\0\
\x9d\x20\0\0\x15\x01\0\0\xc0\0\0\0\xa8\x20\0\0\xcc\0\0\0\0\x01\0\0\0\0\0\0\x02\
\0\0\x05\x08\0\0\0\0\0\0\0\x12\x01\0\0\0\0\0\0\xb4\x20\0\0\x0f\0\0\0\0\0\0\0\0\
\0\0\0\x02\0\0\x04\x08\0\0\0\xb6\x20\0\0\x25\0\0\0\0\0\0\0\xbf\x20\0\0\x13\x01\
\0\0\x10\0\0\0\0\0\0\0\0\0\0\x03\0\0\0\0\xce\0\0\0\x04\0\0\0\x06\0\0\0\0\0\0\0\
\0\0\0\x02\x17\x01\0\0\0\0\0\0\0\0\0\x02\x5f\x01\0\0\0\0\0\0\x05\0\0\x04\x28\0\
\0\0\x98\x20\0\0\x0f\0\0\0\0\0\0\0\xc4\x20\0\0\x0f\0\0\0\x40\0\0\0\x19\0\0\0\
\x14\x01\0\0\x80\0\0\0\x9d\x20\0\0\x15\x01\0\0\xc0\0\0\0\xa8\x20\0\0\x21\x01\0\
\0\0\x01\0\0\xcd\x20\0\0\x15\0\0\x04\xa8\0\0\0\xd6\x20\0\0\xcc\0\0\0\0\0\0\0\
\xdb\x20\0\0\x18\x01\0\0\x40\0\0\0\xac\0\0\0\x12\0\0\0\x80\0\0\0\xe7\x20\0\0\
\x1b\x01\0\0\xc0\0\0\0\xf7\x20\0\0\x1d\x01\0\0\0\x01\0\0\0\x21\0\0\x26\x01\0\0\
\x40\x01\0\0\x0e\x21\0\0\x28\x01\0\0\x80\x01\0\0\x1a\x21\0\0\x28\x01\0\0\xc0\
\x01\0\0\x21\x21\0\0\x2a\x01\0\0\0\x02\0\0\x30\x21\0\0\x34\x01\0\0\x40\x02\0\0\
\x3b\x21\0\0\x36\x01\0\0\x80\x02\0\0\x42\x21\0\0\x36\x01\0\0\xc0\x02\0\0\x4a\
\x21\0\0\x38\x01\0\0\0\x03\0\0\x53\x21\0\0\x40\x01\0\0\x40\x03\0\0\x58\x21\0\0\
\x42\x01\0\0\x80\x03\0\0\x64\x21\0\0\x45\x01\0\0\xc0\x03\0\0\x77\x21\0\0\x50\
\x01\0\0\0\x04\0\0\x82\x21\0\0\x59\x01\0\0\x40\x04\0\0\x8e\x21\0\0\x5c\x01\0\0\
\x80\x04\0\0\xa4\x21\0\0\x2f\0\0\0\xc0\x04\0\0\xa9\x21\0\0\x5e\x01\0\0\x40\x05\
\0\0\xb4\x21\0\0\0\0\0\x08\x19\x01\0\0\xbb\x21\0\0\0\0\0\x08\x1a\x01\0\0\xcb\
\x21\0\0\0\0\0\x08\x0f\0\0\0\0\0\0\0\0\0\0\x02\x1c\x01\0\0\0\0\0\0\x01\0\0\x0d\
\x02\0\0\0\0\0\0\0\xcc\0\0\0\0\0\0\0\0\0\0\x02\x1e\x01\0\0\0\0\0\0\x01\0\0\x0d\
\x02\0\0\0\0\0\0\0\x1f\x01\0\0\0\0\0\0\0\0\0\x02\x20\x01\0\0\xdc\x21\0\0\x07\0\
\0\x04\x58\0\0\0\xf2\x21\0\0\xcc\0\0\0\0\0\0\0\xa8\x20\0\0\x21\x01\0\0\x40\0\0\
\0\x03\x22\0\0\x22\x01\0\0\x80\0\0\0\x25\x14\0\0\x24\x01\0\0\xc0\x01\0\0\xfd\
\x1f\0\0\x18\x01\0\0\0\x02\0\0\xf4\x1f\0\0\x18\x01\0\0\x40\x02\0\0\x4d\x20\0\0\
\x0c\x01\0\0\x80\x02\0\0\0\0\0\0\0\0\0\x02\xce\0\0\0\x0b\x22\0\0\x02\0\0\x05\
\x28\0\0\0\x17\x22\0\0\x1c\0\0\0\0\0\0\0\x25\x14\0\0\x23\x01\0\0\0\0\0\0\0\0\0\
\0\0\0\0\x03\0\0\0\0\x1c\0\0\0\x04\0\0\0\x05\0\0\0\0\0\0\0\0\0\0\x02\x25\x01\0\
\0\0\0\0\0\0\0\0\x0a\0\0\0\0\0\0\0\0\0\0\0\x02\x27\x01\0\0\0\0\0\0\x01\0\0\x0d\
\0\0\0\0\0\0\0\0\x1f\x01\0\0\0\0\0\0\0\0\0\x02\x29\x01\0\0\0\0\0\0\x02\0\0\x0d\
\x02\0\0\0\0\0\0\0\x03\x01\0\0\0\0\0\0\x1f\x01\0\0\0\0\0\0\0\0\0\x02\x2b\x01\0\
\0\0\0\0\0\x01\0\0\x0d\x02\0\0\0\0\0\0\0\x2c\x01\0\0\0\0\0\0\0\0\0\x02\x2d\x01\
\0\0\x21\x22\0\0\x04\0\0\x04\x20\0\0\0\x30\x22\0\0\x2e\x01\0\0\0\0\0\0\x34\x22\
\0\0\x24\x01\0\0\x40\0\0\0\x3d\x22\0\0\x1c\0\0\0\x80\0\0\0\x47\x22\0\0\x12\0\0\
\0\xc0\0\0\0\0\0\0\0\0\0\0\x02\x2f\x01\0\0\0\0\0\0\x02\0\0\x0d\x7a\0\0\0\0\0\0\
\0\x30\x01\0\0\0\0\0\0\x32\x01\0\0\0\0\0\0\0\0\0\x02\x31\x01\0\0\0\0\0\0\0\0\0\
\x0a\x04\x01\0\0\0\0\0\0\0\0\0\x02\x33\x01\0\0\0\0\0\0\0\0\0\x0a\x2d\x01\0\0\0\
\0\0\0\0\0\0\x02\x35\x01\0\0\0\0\0\0\x01\0\0\x0d\0\0\0\0\0\0\0\0\x2c\x01\0\0\0\
\0\0\0\0\0\0\x02\x37\x01\0\0\0\0\0\0\x01\0\0\x0d\0\0\0\0\0\0\0\0\x03\x01\0\0\0\
\0\0\0\0\0\0\x02\x39\x01\0\0\0\0\0\0\x02\0\0\x0d\0\0\0\0\0\0\0\0\x30\x01\0\0\0\
\0\0\0\x3a\x01\0\0\0\0\0\0\0\0\0\x02\x3b\x01\0\0\x53\x22\0\0\x0c\0\0\x04\x78\0\
\0\0\x5c\x22\0\0\x21\x01\0\0\0\0\0\0\xd5\x1a\0\0\x18\x01\0\0\x40\0\0\0\x60\x22\
\0\0\x18\x01\0\0\x80\0\0\0\x26\x1b\0\0\x18\x01\0\0\xc0\0\0\0\x65\x22\0\0\x18\
\x01\0\0\0\x01\0\0\x6f\x22\0\0\x94\0\0\0\x40\x01\0\0\x75\x22\0\0\x94\0\0\0\x80\
\x01\0\0\x76\x11\0\0\x92\0\0\0\xc0\x01\0\0\x7e\x22\0\0\x3c\x01\0\0\xc0\x02\0\0\
\x81\x22\0\0\x02\0\0\0\0\x03\0\0\x48\x18\0\0\x3e\x01\0\0\x40\x03\0\0\x8c\x22\0\
\0\x1c\0\0\0\x80\x03\0\0\0\0\0\0\0\0\0\x02\x3d\x01\0\0\0\0\0\0\0\0\0\x0a\x90\
\x04\0\0\0\0\0\0\0\0\0\x02\x3f\x01\0\0\0\0\0\0\0\0\0\x0a\x85\0\0\0\0\0\0\0\0\0\
\0\x02\x41\x01\0\0\0\0\0\0\x03\0\0\x0d\x18\0\0\0\0\0\0\0\x30\x01\0\0\0\0\0\0\
\x21\x01\0\0\0\0\0\0\x18\x01\0\0\x94\x22\0\0\0\0\0\x08\x43\x01\0\0\0\0\0\0\0\0\
\0\x02\x44\x01\0\0\0\0\0\0\x02\0\0\x0d\x02\0\0\0\0\0\0\0\x03\x01\0\0\0\0\0\0\
\x1c\0\0\0\0\0\0\0\0\0\0\x02\x46\x01\0\0\0\0\0\0\x01\0\0\x0d\x47\x01\0\0\0\0\0\
\0\xcc\0\0\0\0\0\0\0\0\0\0\x02\x48\x01\0\0\xa8\x22\0\0\x03\0\0\x04\x18\0\0\0\
\xb8\x22\0\0\x49\x01\0\0\0\0\0\0\xd3\x1f\0\0\x03\x01\0\0\x40\0\0\0\xbe\x22\0\0\
\x14\x01\0\0\x80\0\0\0\xc6\x22\0\0\0\0\0\x08\x4a\x01\0\0\0\0\0\0\0\0\0\x02\x4b\
\x01\0\0\0\0\0\0\x04\0\0\x0d\x02\0\0\0\0\0\0\0\x03\x01\0\0\0\0\0\0\x4c\x01\0\0\
\0\0\0\0\x4e\x01\0\0\0\0\0\0\x03\x01\0\0\0\0\0\0\0\0\0\x02\x4d\x01\0\0\0\0\0\0\
\0\0\0\x0a\x17\x01\0\0\0\0\0\0\0\0\0\x02\x4f\x01\0\0\0\0\0\0\0\0\0\x0a\x22\x01\
\0\0\0\0\0\0\0\0\0\x02\x51\x01\0\0\0\0\0\0\x02\0\0\x0d\x02\0\0\0\0\0\0\0\x52\
\x01\0\0\0\0\0\0\x57\x01\0\0\0\0\0\0\0\0\0\x02\x53\x01\0\0\0\0\0\0\0\0\0\x0a\
\x54\x01\0\0\xdf\x22\0\0\x07\0\0\x84\x30\0\0\0\xd3\x1f\0\0\x03\x01\0\0\0\0\0\0\
\xf2\x22\0\0\xcc\0\0\0\x40\0\0\0\xfb\x22\0\0\xcc\0\0\0\x80\0\0\0\x05\x23\0\0\
\x21\x01\0\0\xc0\0\0\0\x0a\x23\0\0\x11\0\0\0\0\x01\0\0\0\0\0\0\x55\x01\0\0\x20\
\x01\0\0\x7e\x22\0\0\x56\x01\0\0\x40\x01\0\x08\0\0\0\0\x02\0\0\x05\x04\0\0\0\
\x11\x23\0\0\x11\0\0\0\0\0\0\0\x19\x23\0\0\x11\0\0\0\0\0\0\0\x21\x23\0\0\x04\0\
\0\x06\x04\0\0\0\x37\x23\0\0\0\0\0\0\x4b\x23\0\0\x01\0\0\0\x5f\x23\0\0\x02\0\0\
\0\x70\x23\0\0\x03\0\0\0\0\0\0\0\0\0\0\x02\x58\x01\0\0\x83\x23\0\0\x06\0\0\x04\
\x10\0\0\0\x95\x23\0\0\x11\0\0\0\0\0\0\0\xa3\x23\0\0\x11\0\0\0\x20\0\0\0\xac\
\x23\0\0\x26\0\0\0\x40\0\0\0\xba\x23\0\0\x26\0\0\0\x50\0\0\0\xc7\x23\0\0\x26\0\
\0\0\x60\0\0\0\xd4\x23\0\0\x26\0\0\0\x70\0\0\0\0\0\0\0\0\0\0\x02\x5a\x01\0\0\0\
\0\0\0\x03\0\0\x0d\x02\0\0\0\0\0\0\0\x5b\x01\0\0\0\0\0\0\x24\x01\0\0\0\0\0\0\
\x1c\0\0\0\0\0\0\0\0\0\0\x02\x54\x01\0\0\0\0\0\0\0\0\0\x02\x5d\x01\0\0\0\0\0\0\
\x03\0\0\x0d\x02\0\0\0\0\0\0\0\x5b\x01\0\0\0\0\0\0\x24\x01\0\0\0\0\0\0\x24\x01\
\0\0\xe1\x23\0\0\0\0\0\x04\0\0\0\0\xf0\x23\0\0\x03\0\0\x04\x18\0\0\0\x85\x13\0\
\0\x66\0\0\0\0\0\0\0\xa6\0\0\0\x1d\0\0\0\x80\0\0\0\xc9\x0f\0\0\x7a\0\0\0\xa0\0\
\0\0\0\0\0\0\x02\0\0\x05\x28\0\0\0\x03\x22\0\0\x22\x01\0\0\0\0\0\0\0\0\0\0\x61\
\x01\0\0\0\0\0\0\0\0\0\0\x02\0\0\x04\x20\0\0\0\xf8\x23\0\0\x2f\0\0\0\0\0\0\0\
\x02\x24\0\0\x62\x01\0\0\x80\0\0\0\x07\x24\0\0\x02\0\0\x04\x10\0\0\0\x13\x24\0\
\0\x63\x01\0\0\0\0\0\0\x18\x24\0\0\x0f\0\0\0\x40\0\0\0\0\0\0\0\0\0\0\x02\x64\
\x01\0\0\x2a\x24\0\0\0\0\0\x07\0\0\0\0\0\0\0\0\0\0\0\x02\x5a\x02\0\0\x3a\x24\0\
\0\x12\0\0\x04\x68\x02\0\0\x49\x24\0\0\x67\x01\0\0\0\0\0\0\x51\x24\0\0\x67\x01\
\0\0\x40\x02\0\0\x59\x24\0\0\x67\x01\0\0\x80\x04\0\0\xc1\x04\0\0\xbf\0\0\0\xc0\
\x06\0\0\xe9\x1d\0\0\x02\0\0\0\0\x07\0\0\xc0\x19\0\0\xa0\0\0\0\x20\x07\0\0\x64\
\x24\0\0\xfc\0\0\0\x40\x07\0\0\x35\x1e\0\0\x6d\x01\0\0\x80\x07\0\0\xac\0\0\0\
\x0f\0\0\0\x40\x08\0\0\x6a\x24\0\0\x7a\0\0\0\x80\x08\0\0\x7f\x24\0\0\x2f\0\0\0\
\xc0\x08\0\0\x91\x24\0\0\x03\x01\0\0\x40\x09\0\0\xa7\x24\0\0\xae\0\0\0\x80\x09\
\0\0\x6f\x14\0\0\x5d\0\0\0\xc0\x0a\0\0\xb3\x24\0\0\x70\x01\0\0\xc0\x0b\0\0\xb7\
\x24\0\0\x86\x01\0\0\xc0\x0e\0\0\x7f\x1f\0\0\x87\x01\0\0\0\x0f\0\0\xbf\x24\0\0\
\x88\x01\0\0\x40\x0f\0\0\xca\x24\0\0\x02\0\0\x04\x48\0\0\0\xd6\x24\0\0\x10\0\0\
\0\0\0\0\0\0\0\0\0\x68\x01\0\0\x40\0\0\0\0\0\0\0\x02\0\0\x05\x40\0\0\0\xe1\x24\
\0\0\x6a\x01\0\0\0\0\0\0\0\0\0\0\x6b\x01\0\0\0\0\0\0\xe8\x24\0\0\x03\0\0\x04\
\x0c\0\0\0\x23\x15\0\0\x10\0\0\0\0\0\0\0\xf7\x24\0\0\x10\0\0\0\x20\0\0\0\x26\
\x1b\0\0\x10\0\0\0\x40\0\0\0\0\0\0\0\0\0\0\x03\0\0\0\0\x69\x01\0\0\x04\0\0\0\
\x05\0\0\0\0\0\0\0\x02\0\0\x04\x10\0\0\0\x03\x25\0\0\x6c\x01\0\0\0\0\0\0\x0b\
\x25\0\0\x6c\x01\0\0\x40\0\0\0\0\0\0\0\0\0\0\x02\x69\x01\0\0\x13\x25\0\0\x04\0\
\0\x04\x18\0\0\0\x1d\x25\0\0\x5e\0\0\0\0\0\0\0\x25\x25\0\0\x6e\x01\0\0\x40\0\0\
\0\x29\x25\0\0\x12\0\0\0\x80\0\0\0\x26\x1b\0\0\x1d\0\0\0\xa0\0\0\0\0\0\0\0\0\0\
\0\x02\x6f\x01\0\0\0\0\0\0\0\0\0\x0a\xe7\x06\0\0\x2e\x25\0\0\x02\0\0\x04\x60\0\
\0\0\x3c\x25\0\0\x71\x01\0\0\0\0\0\0\x44\x25\0\0\x74\x01\0\0\x40\0\0\0\0\0\0\0\
\0\0\0\x02\x72\x01\0\0\0\0\0\0\x01\0\0\x0d\x02\0\0\0\0\0\0\0\x73\x01\0\0\0\0\0\
\0\0\0\0\x02\x70\x01\0\0\x48\x25\0\0\x02\0\0\x04\x58\0\0\0\x50\x25\0\0\x75\x01\
\0\0\0\0\0\0\x13\x24\0\0\x3b\0\0\0\x80\x02\0\0\x57\x25\0\0\x08\0\0\x04\x50\0\0\
\0\0\0\0\0\x76\x01\0\0\0\0\0\0\x68\x25\0\0\xf3\0\0\0\xc0\0\0\0\x76\x25\0\0\x78\
\x01\0\0\0\x01\0\0\x13\x24\0\0\x83\x01\0\0\x40\x01\0\0\xb3\x24\0\0\x73\x01\0\0\
\x80\x01\0\0\xc1\x04\0\0\x84\x01\0\0\xc0\x01\0\0\xe0\x12\0\0\x85\x01\0\0\0\x02\
\0\0\xef\x1d\0\0\x6f\0\0\0\x40\x02\0\0\0\0\0\0\x02\0\0\x05\x18\0\0\0\0\0\0\0\
\x77\x01\0\0\0\0\0\0\x85\x13\0\0\x66\0\0\0\0\0\0\0\0\0\0\0\x04\0\0\x04\x18\0\0\
\0\x84\x25\0\0\x78\x01\0\0\0\0\0\0\x8e\x25\0\0\x02\0\0\0\x40\0\0\0\x26\x1b\0\0\
\x02\0\0\0\x60\0\0\0\x93\x25\0\0\x02\0\0\0\x80\0\0\0\0\0\0\0\0\0\0\x02\x7b\x01\
\0\0\x98\x25\0\0\x02\0\0\x04\x20\0\0\0\xa3\x25\0\0\x12\0\0\0\0\0\0\0\xa8\x25\0\
\0\x7a\x01\0\0\x40\0\0\0\xad\x25\0\0\x02\0\0\x04\x18\0\0\0\x76\x11\0\0\x3f\0\0\
\0\0\0\0\0\xbe\x25\0\0\x2f\0\0\0\x40\0\0\0\x84\x25\0\0\x09\0\0\x04\x40\0\0\0\
\xc8\x25\0\0\xcc\0\0\0\0\0\0\0\x25\x14\0\0\x1c\0\0\0\x40\0\0\0\xd1\x25\0\0\x02\
\0\0\0\x80\0\0\0\xd8\x25\0\0\x7c\x01\0\0\xa0\0\0\0\xdd\x25\0\0\x78\x01\0\0\xc0\
\0\0\0\xe3\x25\0\0\x7d\x01\0\0\0\x01\0\0\x31\x1d\0\0\x82\x01\0\0\x40\x01\0\0\
\xf0\x25\0\0\x1c\0\0\0\x80\x01\0\0\xf7\x25\0\0\x1c\0\0\0\xc0\x01\0\0\xfe\x25\0\
\0\0\0\0\x08\x27\0\0\0\0\0\0\0\0\0\0\x02\x7e\x01\0\0\xe3\x25\0\0\0\0\0\x08\x7f\
\x01\0\0\0\0\0\0\x05\0\0\x0d\x02\0\0\0\0\0\0\0\x78\x01\0\0\0\0\0\0\x02\0\0\0\0\
\0\0\0\x1c\0\0\0\0\0\0\0\x80\x01\0\0\0\0\0\0\x81\x01\0\0\0\0\0\0\0\0\0\x02\x18\
\x01\0\0\0\0\0\0\0\0\0\x02\x94\0\0\0\0\0\0\0\0\0\0\x02\x3b\x07\0\0\0\0\0\0\0\0\
\0\x02\x3c\x07\0\0\0\0\0\0\0\0\0\x02\x74\x01\0\0\0\0\0\0\0\0\0\x02\x3d\x07\0\0\
\0\0\0\0\0\0\0\x02\x75\x01\0\0\0\0\0\0\0\0\0\x02\x89\x01\0\0\0\0\0\0\0\0\0\x03\
\0\0\0\0\x18\0\0\0\x04\0\0\0\x10\0\0\0\x7f\x1f\0\0\x05\0\0\x04\xa0\0\0\0\xe0\
\x12\0\0\xf0\0\0\0\0\0\0\0\x35\x1e\0\0\xbf\0\0\0\x80\0\0\0\x20\x1a\0\0\xa0\0\0\
\0\xc0\0\0\0\x26\x1b\0\0\x1f\0\0\0\xe0\0\0\0\x06\x26\0\0\x8a\x01\0\0\0\x01\0\0\
\0\0\0\0\0\0\0\x03\0\0\0\0\x5e\0\0\0\x04\0\0\0\x10\0\0\0\0\0\0\0\0\0\0\x02\x64\
\x07\0\0\0\0\0\0\x02\0\0\x05\x10\0\0\0\x0d\x26\0\0\x02\0\0\0\0\0\0\0\x85\x13\0\
\0\x66\0\0\0\0\0\0\0\0\0\0\0\0\0\0\x03\0\0\0\0\xce\0\0\0\x04\0\0\0\x10\0\0\0\0\
\0\0\0\0\0\0\x02\xa8\x07\0\0\x15\x26\0\0\x01\0\0\x04\x08\0\0\0\x1e\x26\0\0\x90\
\x01\0\0\0\0\0\0\0\0\0\0\0\0\0\x02\x44\x07\0\0\x28\x26\0\0\x01\0\0\x04\x10\0\0\
\0\x31\x26\0\0\x2f\0\0\0\0\0\0\0\0\0\0\0\0\0\0\x02\x9f\x07\0\0\0\0\0\0\0\0\0\
\x02\x45\x07\0\0\0\0\0\0\0\0\0\x02\x41\x03\0\0\0\0\0\0\0\0\0\x02\xa9\x07\0\0\0\
\0\0\0\0\0\0\x02\xaa\x07\0\0\x3b\x26\0\0\0\0\0\x08\x98\x01\0\0\0\0\0\0\x01\0\0\
\x04\x08\0\0\0\x44\x26\0\0\x76\0\0\0\0\0\0\0\x48\x26\0\0\x02\0\0\x04\x18\0\0\0\
\x89\x13\0\0\x2f\0\0\0\0\0\0\0\x5e\x06\0\0\x97\x01\0\0\x80\0\0\0\0\0\0\0\0\0\0\
\x02\xab\x07\0\0\xe7\x06\0\0\x03\0\0\x04\x10\0\0\0\xd8\x25\0\0\x02\0\0\0\0\0\0\
\0\x53\x26\0\0\x1f\0\0\0\x20\0\0\0\x60\x26\0\0\x9c\x01\0\0\x40\0\0\0\0\0\0\0\0\
\0\0\x02\xa4\x07\0\0\x67\x26\0\0\x04\0\0\x04\x20\0\0\0\x7d\x26\0\0\x21\x01\0\0\
\0\0\0\0\x86\x26\0\0\x0f\0\0\0\x40\0\0\0\x8d\x26\0\0\x0f\0\0\0\x80\0\0\0\x91\
\x26\0\0\x7a\0\0\0\xc0\0\0\0\x9d\x26\0\0\x01\0\0\x04\x08\0\0\0\x3b\x0c\0\0\x9f\
\x01\0\0\0\0\0\0\0\0\0\0\0\0\0\x02\x9e\x01\0\0\0\0\0\0\0\0\0\x02\xac\x07\0\0\0\
\0\0\0\0\0\0\x02\x96\x07\0\0\0\0\0\0\0\0\0\x02\xad\x07\0\0\0\0\0\0\0\0\0\x02\
\xae\x07\0\0\0\0\0\0\0\0\0\x02\xcb\x03\0\0\0\0\0\0\0\0\0\x02\x97\x07\0\0\0\0\0\
\0\0\0\0\x02\xaf\x07\0\0\0\0\0\0\0\0\0\x02\xa8\x01\0\0\xa9\x26\0\0\0\0\0\x08\
\x71\x07\0\0\xba\x26\0\0\x08\0\0\x04\x40\0\0\0\xcd\x26\0\0\x31\0\0\0\0\0\0\0\
\xd3\x26\0\0\x31\0\0\0\x40\0\0\0\xd9\x26\0\0\x31\0\0\0\x80\0\0\0\xdf\x26\0\0\
\x31\0\0\0\xc0\0\0\0\xe5\x26\0\0\x31\0\0\0\0\x01\0\0\xec\x26\0\0\x31\0\0\0\x40\
\x01\0\0\xf7\x26\0\0\x31\0\0\0\x80\x01\0\0\x03\x27\0\0\x31\0\0\0\xc0\x01\0\0\
\x19\x27\0\0\0\0\0\x08\xab\x01\0\0\0\0\0\0\x01\0\0\x04\x08\0\0\0\x3b\x15\0\0\
\x76\0\0\0\0\0\0\0\x24\x27\0\0\0\0\0\x08\xad\x01\0\0\x38\x27\0\0\x01\0\0\x04\
\x04\0\0\0\x37\x1b\0\0\xaf\0\0\0\0\0\0\0\0\0\0\0\0\0\0\x02\x4d\x03\0\0\0\0\0\0\
\0\0\0\x02\xb0\x07\0\0\0\0\0\0\0\0\0\x02\xb1\x07\0\0\0\0\0\0\0\0\0\x02\xb2\x07\
\0\0\0\0\0\0\0\0\0\x02\xb3\x01\0\0\x4a\x27\0\0\x1c\0\0\x04\x10\x01\0\0\x5d\x27\
\0\0\xb4\x01\0\0\0\0\0\0\x76\x11\0\0\x3f\0\0\0\x40\0\0\0\xba\x19\0\0\x92\0\0\0\
\x80\0\0\0\x61\x27\0\0\x2f\0\0\0\x80\x01\0\0\x71\x27\0\0\xb5\x01\0\0\0\x02\0\0\
\x7f\x27\0\0\xb5\x01\0\0\x80\x02\0\0\x8f\x27\0\0\x2f\0\0\0\0\x03\0\0\x9a\x27\0\
\0\x2f\0\0\0\x80\x03\0\0\xa8\x27\0\0\x2f\0\0\0\0\x04\0\0\xb8\x27\0\0\x02\0\0\0\
\x80\x04\0\0\xc2\x27\0\0\x02\0\0\0\xa0\x04\0\0\xcc\x27\0\0\x02\0\0\0\xc0\x04\0\
\0\xd6\x27\0\0\x02\0\0\0\xe0\x04\0\0\xde\x27\0\0\x02\0\0\0\0\x05\0\0\xe6\x27\0\
\0\x02\0\0\0\x20\x05\0\0\xf5\x27\0\0\x02\0\0\0\x40\x05\0\0\x06\x28\0\0\x1d\0\0\
\0\x60\x05\0\0\x0f\x28\0\0\x28\0\0\0\x80\x05\0\0\x43\x1d\0\0\x31\0\0\0\xc0\x05\
\0\0\x14\x28\0\0\x31\0\0\0\0\x06\0\0\x1e\x28\0\0\x31\0\0\0\x40\x06\0\0\x29\x28\
\0\0\xb2\x01\0\0\x80\x06\0\0\x34\x28\0\0\x31\0\0\0\xc0\x06\0\0\x3f\x28\0\0\x31\
\0\0\0\0\x07\0\0\x4a\x28\0\0\x02\0\0\0\x40\x07\0\0\x54\x28\0\0\x1c\0\0\0\x80\
\x07\0\0\x77\x14\0\0\x66\0\0\0\xc0\x07\0\0\x62\x28\0\0\xb6\x01\0\0\x40\x08\0\0\
\0\0\0\0\0\0\0\x02\xd1\x01\0\0\x6d\x28\0\0\x02\0\0\x04\x10\0\0\0\x7f\x28\0\0\
\x3b\0\0\0\0\0\0\0\x6f\x22\0\0\x31\0\0\0\x40\0\0\0\x84\x28\0\0\0\0\0\x08\xb7\
\x01\0\0\0\0\0\0\x01\0\0\x04\x08\0\0\0\x8c\x28\0\0\x5e\0\0\0\0\0\0\0\0\0\0\0\0\
\0\0\x03\0\0\0\0\xb2\x01\0\0\x04\0\0\0\x02\0\0\0\0\0\0\0\0\0\0\x02\xb3\x07\0\0\
\x8e\x28\0\0\x03\0\0\x04\x10\0\0\0\xa3\x28\0\0\xbb\x01\0\0\0\0\0\0\xa8\x28\0\0\
\x7a\0\0\0\x40\0\0\0\xb7\x28\0\0\x7a\0\0\0\x48\0\0\0\xc0\x28\0\0\x01\0\0\x04\
\x08\0\0\0\x33\x15\0\0\x75\0\0\0\0\0\0\0\0\0\0\0\x02\0\0\x05\x10\0\0\0\xda\x28\
\0\0\x1d\0\0\0\0\0\0\0\x85\x13\0\0\x66\0\0\0\0\0\0\0\0\0\0\0\0\0\0\x02\x42\x02\
\0\0\xe4\x28\0\0\x03\0\0\x04\x10\0\0\0\xee\x28\0\0\xbf\x01\0\0\0\0\0\0\x86\x26\
\0\0\x11\0\0\0\x40\0\0\0\xd5\x1a\0\0\x11\0\0\0\x60\0\0\0\0\0\0\0\0\0\0\x02\x43\
\x02\0\0\0\0\0\0\0\0\0\x02\xb4\x07\0\0\0\0\0\0\0\0\0\x02\x95\x07\0\0\0\0\0\0\0\
\0\0\x02\xb5\x07\0\0\x02\x0a\0\0\0\0\0\x04\0\0\0\0\xf3\x28\0\0\x04\0\0\x04\x28\
\0\0\0\x36\x14\0\0\xf0\0\0\0\0\0\0\0\x2d\x13\0\0\x0f\0\0\0\x80\0\0\0\xf2\x12\0\
\0\xc5\x01\0\0\xc0\0\0\0\xac\0\0\0\x10\0\0\0\0\x01\0\0\0\0\0\0\0\0\0\x02\xc6\
\x01\0\0\0\0\0\0\x01\0\0\x0d\0\0\0\0\0\0\0\0\xc7\x01\0\0\0\0\0\0\0\0\0\x02\xc4\
\x01\0\0\0\0\0\0\0\0\0\x02\xb6\x07\0\0\0\0\0\0\0\0\0\x02\xb2\x05\0\0\0\0\0\0\0\
\0\0\x02\xb7\x07\0\0\xfe\x28\0\0\x01\0\0\x04\x08\0\0\0\x23\x15\0\0\x23\0\0\0\0\
\0\0\0\x09\x29\0\0\x14\0\0\x84\0\x11\0\0\x17\x29\0\0\xce\x01\0\0\0\0\0\0\xd8\
\x0b\0\0\x0f\0\0\0\xc0\0\0\0\x21\x29\0\0\x27\0\0\0\0\x01\0\0\x24\x29\0\0\x27\0\
\0\0\x10\x01\0\0\x27\x29\0\0\x27\0\0\0\x20\x01\0\0\x2f\x29\0\0\x27\0\0\0\x30\
\x01\0\0\x37\x29\0\0\x0f\0\0\0\x40\x01\0\0\x3e\x29\0\0\x0f\0\0\0\x80\x01\0\0\
\x45\x29\0\0\x2c\x03\0\0\xc0\x01\0\0\x50\x29\0\0\x0f\0\0\0\xc0\x02\0\0\x5c\x29\
\0\0\x0f\0\0\0\0\x03\0\0\x67\x29\0\0\x0f\0\0\0\x40\x03\0\0\x6b\x29\0\0\x0f\0\0\
\0\x80\x03\0\0\x73\x29\0\0\x0f\0\0\0\xc0\x03\0\0\x7e\x29\0\0\x2d\x03\0\0\0\x04\
\0\0\x88\x29\0\0\x0f\0\0\0\x40\x04\0\0\x92\x29\0\0\x12\0\0\0\x80\x04\0\x01\x9c\
\x29\0\0\x12\0\0\0\x81\x04\0\x01\xaf\x29\0\0\x10\0\0\0\xa0\x04\0\0\xb4\x29\0\0\
\x2e\x03\0\0\0\x06\0\0\xb8\x29\0\0\x0d\0\0\x84\x08\0\0\0\xc4\x29\0\0\x25\0\0\0\
\0\0\0\0\xcb\x29\0\0\x25\0\0\0\x10\0\0\0\xd1\x29\0\0\x25\0\0\0\x20\0\0\x08\x19\
\0\0\0\x25\0\0\0\x28\0\0\x04\x4e\x15\0\0\x25\0\0\0\x2c\0\0\x01\xd7\x29\0\0\x25\
\0\0\0\x2d\0\0\x02\xdb\x29\0\0\x25\0\0\0\x2f\0\0\x01\xdd\x29\0\0\x25\0\0\0\x30\
\0\0\x04\xe4\x29\0\0\x25\0\0\0\x34\0\0\x01\xe8\x29\0\0\x25\0\0\0\x35\0\0\x01\
\xea\x29\0\0\x25\0\0\0\x36\0\0\x01\xec\x29\0\0\x25\0\0\0\x37\0\0\x01\xee\x29\0\
\0\x25\0\0\0\x38\0\0\x08\0\0\0\0\0\0\0\x03\0\0\0\0\xcd\x01\0\0\x04\0\0\0\x03\0\
\0\0\0\0\0\0\0\0\0\x02\xd0\x01\0\0\xf4\x29\0\0\x49\0\0\x04\xb0\x04\0\0\xff\x29\
\0\0\x2f\0\0\0\0\0\0\0\x0b\x2a\0\0\x2f\0\0\0\x80\0\0\0\x18\x2a\0\0\x2f\0\0\0\0\
\x01\0\0\x84\x0c\0\0\x2d\0\0\0\x80\x01\0\0\x24\x2a\0\0\x31\0\0\0\x40\x02\0\0\
\x30\x2a\0\0\x2f\0\0\0\x80\x02\0\0\x3e\x2a\0\0\xf0\0\0\0\0\x03\0\0\x4a\x2a\0\0\
\x2f\0\0\0\x80\x03\0\0\x57\x2a\0\0\x02\0\0\0\0\x04\0\0\x63\x2a\0\0\x02\0\0\0\
\x20\x04\0\0\x6e\x2a\0\0\x02\0\0\0\x40\x04\0\0\xd9\x04\0\0\xcf\x01\0\0\x80\x04\
\0\0\x5d\x27\0\0\xb4\x01\0\0\xc0\x04\0\0\x79\x2a\0\0\x1c\0\0\0\0\x05\0\0\0\x13\
\0\0\xe1\x02\0\0\x40\x05\0\0\x85\x2a\0\0\x12\0\0\0\x60\x05\0\0\x26\x1b\0\0\xe2\
\x02\0\0\x80\x05\0\0\x92\x2a\0\0\x5f\0\0\0\xc0\x05\0\0\x9e\x2a\0\0\x31\0\0\0\0\
\x06\0\0\xb1\x2a\0\0\x31\0\0\0\x40\x06\0\0\xc4\x2a\0\0\x31\0\0\0\x80\x06\0\0\
\xcb\x2a\0\0\xe4\x02\0\0\xc0\x06\0\0\xd0\x2a\0\0\x25\0\0\0\xc0\x0a\0\0\xdc\x2a\
\0\0\x25\0\0\0\xd0\x0a\0\0\xeb\x2a\0\0\x25\0\0\0\xe0\x0a\0\0\xf5\x2a\0\0\xe9\
\x02\0\0\0\x0b\0\0\x40\0\0\0\xb2\x01\0\0\0\x11\0\0\x06\x28\0\0\x5e\0\0\0\x40\
\x11\0\0\xf8\x2a\0\0\x5f\0\0\0\x80\x11\0\0\x11\x2b\0\0\x5f\0\0\0\xc0\x11\0\0\
\x2a\x2b\0\0\x92\0\0\0\0\x12\0\0\x36\x2b\0\0\x2f\0\0\0\0\x13\0\0\xc1\x04\0\0\
\xcf\x01\0\0\x80\x13\0\0\x41\x2b\0\0\x02\0\0\0\xc0\x13\0\0\xcb\0\0\0\x02\0\0\0\
\xe0\x13\0\0\x47\x2b\0\0\x2f\0\0\0\0\x14\0\0\xc0\x19\0\0\x28\0\0\0\x80\x14\0\0\
\x53\x2b\0\0\x92\0\0\0\xc0\x14\0\0\x5e\x2b\0\0\x1f\0\0\0\xc0\x15\0\0\x2a\0\0\0\
\xdb\x02\0\0\0\x16\0\0\x69\x2b\0\0\x2f\0\0\0\x40\x16\0\0\x72\x2b\0\0\x0f\0\0\0\
\xc0\x16\0\0\x7e\x2b\0\0\x02\0\0\0\0\x17\0\0\x8a\x2b\0\0\xeb\0\0\0\x40\x17\0\0\
\x90\x2b\0\0\x57\x02\0\0\0\x18\0\0\x97\x2b\0\0\x12\0\0\0\x40\x18\0\0\xa6\x2b\0\
\0\x12\0\0\0\x60\x18\0\0\xb3\x2b\0\0\x12\0\0\0\x80\x18\0\0\xc3\x2b\0\0\x12\0\0\
\0\xa0\x18\0\0\xd3\x2b\0\0\x0f\0\0\0\xc0\x18\0\0\xe0\x2b\0\0\xf9\x02\0\0\0\x19\
\0\0\xec\x2b\0\0\x66\0\0\0\xc0\x19\0\0\xf9\x2b\0\0\x12\0\0\0\x40\x1a\0\0\x06\
\x2c\0\0\x1f\0\0\0\x60\x1a\0\0\x12\x2c\0\0\xfd\x02\0\0\x80\x1a\0\0\x1f\x2c\0\0\
\xfe\x02\0\0\x40\x1b\0\0\x32\x2c\0\0\x0f\0\0\0\x80\x1b\0\0\x43\x2c\0\0\xcf\x01\
\0\0\xc0\x1b\0\0\x42\x21\0\0\xc0\x02\0\0\0\x1c\0\0\x77\x14\0\0\x66\0\0\0\x40\
\x1c\0\0\x35\x1e\0\0\xee\0\0\0\xc0\x1c\0\0\xd6\x13\0\0\x31\0\0\0\0\x1d\0\0\x4d\
\x2c\0\0\x01\x03\0\0\x40\x1d\0\0\x53\x2c\0\0\x03\x03\0\0\x80\x1d\0\0\x64\x2c\0\
\0\x1c\0\0\0\xc0\x1d\0\0\x7d\x2c\0\0\x03\x03\0\0\0\x1e\0\0\x93\x2c\0\0\x13\x03\
\0\0\x40\x1e\0\0\x98\x2c\0\0\x31\0\0\0\x80\x1e\0\0\xa3\x2c\0\0\x20\x02\0\0\xc0\
\x1e\0\0\x60\x26\0\0\x1a\x03\0\0\0\x1f\0\0\xac\x2c\0\0\x21\x03\0\0\x40\x1f\0\0\
\x5d\x0a\0\0\x1c\0\0\0\xc0\x24\0\0\xb7\x2c\0\0\x2f\0\0\0\0\x25\0\0\x5d\x27\0\0\
\x27\0\0\x04\x28\x01\0\0\x36\x14\0\0\x2f\0\0\0\0\0\0\0\xbf\x2c\0\0\xd2\x01\0\0\
\x80\0\0\0\xc6\x2c\0\0\xd3\x01\0\0\xc0\0\0\0\xca\x2c\0\0\xd4\x01\0\0\0\x01\0\0\
\xd6\x2c\0\0\xd4\x01\0\0\x40\x01\0\0\xd6\x20\0\0\xcc\0\0\0\x80\x01\0\0\x19\0\0\
\0\x02\0\0\0\xc0\x01\0\0\xe2\x2c\0\0\x02\0\0\0\xe0\x01\0\0\xef\x2c\0\0\xf4\0\0\
\0\0\x02\0\0\x01\x2d\0\0\xb5\x02\0\0\x40\x02\0\0\x11\x2d\0\0\x1f\0\0\0\x80\x02\
\0\0\x1f\x2d\0\0\x02\0\0\0\xa0\x02\0\0\x2b\x2d\0\0\x02\0\0\0\xc0\x02\0\0\x3f\
\x2d\0\0\x12\0\0\0\xe0\x02\0\0\x4f\x2d\0\0\xb6\x02\0\0\0\x03\0\0\x5a\x2d\0\0\
\xb6\x02\0\0\x40\x03\0\0\x66\x2d\0\0\xb8\x02\0\0\x80\x03\0\0\x71\x2d\0\0\xba\
\x02\0\0\xc0\x03\0\0\x7e\x2d\0\0\xba\x02\0\0\0\x04\0\0\x8d\x2d\0\0\xbc\x02\0\0\
\x40\x04\0\0\x91\x2d\0\0\xbe\x02\0\0\x80\x04\0\0\xcf\x1a\0\0\xbe\x02\0\0\xc0\
\x04\0\0\x95\x2d\0\0\xbe\x02\0\0\0\x05\0\0\x53\x21\0\0\xc0\x02\0\0\x40\x05\0\0\
\x9a\x2d\0\0\xc2\x02\0\0\x80\x05\0\0\xa4\x2d\0\0\xc4\x02\0\0\xc0\x05\0\0\xaf\
\x2d\0\0\xb6\x02\0\0\0\x06\0\0\xba\x2d\0\0\xb8\x02\0\0\x40\x06\0\0\xc4\x2d\0\0\
\xc6\x02\0\0\x80\x06\0\0\xcf\x2d\0\0\x4c\x02\0\0\xc0\x06\0\0\xde\x2d\0\0\xd3\
\x02\0\0\0\x07\0\0\xec\x2d\0\0\xd5\x02\0\0\x40\x07\0\0\xf6\x2d\0\0\xcd\x02\0\0\
\x80\x07\0\0\xff\x2d\0\0\xd7\x02\0\0\xc0\x07\0\0\x0c\x2e\0\0\xdd\x02\0\0\0\x08\
\0\0\x22\x2e\0\0\xc0\x02\0\0\x40\x08\0\0\x34\x2e\0\0\xb8\x02\0\0\x80\x08\0\0\
\x45\x2e\0\0\xb8\x02\0\0\xc0\x08\0\0\x52\x2e\0\0\xdf\x02\0\0\0\x09\0\0\0\0\0\0\
\0\0\0\x02\xfb\x01\0\0\0\0\0\0\0\0\0\x02\xd0\x03\0\0\0\0\0\0\0\0\0\x02\xd5\x01\
\0\0\0\0\0\0\0\0\0\x02\xd6\x01\0\0\0\0\0\0\0\0\0\x0a\xd7\x01\0\0\x5f\x2e\0\0\
\x05\0\0\x04\x28\0\0\0\xd6\x20\0\0\xcc\0\0\0\0\0\0\0\x6f\x2e\0\0\xd8\x01\0\0\
\x40\0\0\0\x7a\x2e\0\0\xe2\x01\0\0\x80\0\0\0\x89\x2e\0\0\xb3\x02\0\0\xc0\0\0\0\
\x8f\x2e\0\0\xb4\x02\0\0\0\x01\0\0\0\0\0\0\0\0\0\x02\xd9\x01\0\0\0\0\0\0\x03\0\
\0\x0d\x7c\x01\0\0\0\0\0\0\xda\x01\0\0\0\0\0\0\xe0\x01\0\0\0\0\0\0\x02\0\0\0\0\
\0\0\0\0\0\0\x02\xdb\x01\0\0\x99\x2e\0\0\x0c\0\0\x84\x40\0\0\0\xd6\x20\0\0\xcc\
\0\0\0\0\0\0\0\x36\x14\0\0\x2f\0\0\0\x40\0\0\0\xc1\x04\0\0\xda\x01\0\0\xc0\0\0\
\0\xa1\x2e\0\0\xdc\x01\0\0\0\x01\0\0\xa6\x2e\0\0\xdd\x01\0\0\x40\x01\0\0\xac\
\x2e\0\0\xde\x01\0\0\x80\x01\0\0\xaf\x2e\0\0\xdf\x01\0\0\xc0\x01\0\0\xb4\x2e\0\
\0\x12\0\0\0\xe0\x01\0\x01\xc6\x2e\0\0\x12\0\0\0\xe1\x01\0\x01\xd5\x2e\0\0\x12\
\0\0\0\xe2\x01\0\x01\xeb\x2e\0\0\x12\0\0\0\xe3\x01\0\x01\x04\x2f\0\0\x12\0\0\0\
\xe4\x01\0\x01\0\0\0\0\0\0\0\x02\x14\x05\0\0\0\0\0\0\0\0\0\x02\xfa\x06\0\0\0\0\
\0\0\0\0\0\x02\x50\x03\0\0\xaf\x2e\0\0\x01\0\0\x04\x04\0\0\0\x06\x28\0\0\x1d\0\
\0\0\0\0\0\0\0\0\0\0\0\0\0\x02\xe1\x01\0\0\x14\x2f\0\0\x02\0\0\x04\x10\0\0\0\
\xd6\x20\0\0\xcc\0\0\0\0\0\0\0\xd8\x25\0\0\x7c\x01\0\0\x40\0\0\0\0\0\0\0\0\0\0\
\x02\xe3\x01\0\0\0\0\0\0\x03\0\0\x0d\x7c\x01\0\0\0\0\0\0\xda\x01\0\0\0\0\0\0\
\xe4\x01\0\0\0\0\0\0\x02\0\0\0\0\0\0\0\0\0\0\x02\xe5\x01\0\0\x1e\x2f\0\0\x07\0\
\0\x04\x40\0\0\0\xcb\x2a\0\0\xe1\x01\0\0\0\0\0\0\xd5\x1a\0\0\x18\x01\0\0\x80\0\
\0\0\x8c\x22\0\0\x1c\0\0\0\xc0\0\0\0\xdc\x18\0\0\xe6\x01\0\0\0\x01\0\0\x53\x21\
\0\0\xaf\x02\0\0\x40\x01\0\0\x2c\x2f\0\0\xaf\x02\0\0\x80\x01\0\0\xd2\x15\0\0\
\xb1\x02\0\0\xc0\x01\0\0\0\0\0\0\0\0\0\x02\xe7\x01\0\0\0\0\0\0\x01\0\0\x0d\xa8\
\0\0\0\0\0\0\0\0\0\0\0\x32\x2f\0\0\x0f\0\0\x04\xc0\0\0\0\x40\x2f\0\0\x8a\0\0\0\
\0\0\0\0\x45\x2f\0\0\xab\x02\0\0\x40\0\0\0\x4d\x2f\0\0\xae\0\0\0\xc0\0\0\0\x5d\
\x2f\0\0\xac\x02\0\0\0\x02\0\0\x66\x2f\0\0\x1f\0\0\0\x20\x02\0\0\x76\x2f\0\0\
\x3a\0\0\0\x40\x02\0\0\x7d\x2f\0\0\xae\0\0\0\xc0\x02\0\0\x8a\x2f\0\0\x0f\0\0\0\
\0\x04\0\0\x92\x2f\0\0\x0f\0\0\0\x40\x04\0\0\xa2\x2f\0\0\xad\x02\0\0\x80\x04\0\
\0\xac\0\0\0\x0f\0\0\0\xc0\x04\0\0\xa8\x2f\0\0\xa9\0\0\0\0\x05\0\0\xaf\x2f\0\0\
\x8d\0\0\0\x20\x05\0\0\xbc\x2f\0\0\x2f\0\0\0\x40\x05\0\0\xca\x18\0\0\x1c\0\0\0\
\xc0\x05\0\0\xc9\x2f\0\0\x32\0\0\x04\x68\x02\0\0\xcf\x2f\0\0\x7c\x01\0\0\0\0\0\
\0\xd6\x2f\0\0\x27\0\0\0\x10\0\0\0\xe0\x2f\0\0\xa0\0\0\0\x20\0\0\0\xe6\x2f\0\0\
\xfc\0\0\0\x40\0\0\0\xec\x2f\0\0\x12\0\0\0\x60\0\0\0\xf4\x2f\0\0\xea\x01\0\0\
\x80\0\0\0\xfa\x2f\0\0\xea\x01\0\0\xc0\0\0\0\x08\x30\0\0\xef\x01\0\0\0\x01\0\0\
\x0d\x30\0\0\xf1\x01\0\0\x40\x01\0\0\x12\x30\0\0\xa8\0\0\0\x80\x01\0\0\x1c\x30\
\0\0\x1c\0\0\0\xc0\x01\0\0\x27\x30\0\0\x0f\0\0\0\0\x02\0\0\0\0\0\0\xf2\x01\0\0\
\x40\x02\0\0\x2d\x30\0\0\xf4\x01\0\0\x60\x02\0\0\x34\x30\0\0\x94\0\0\0\x80\x02\
\0\0\x3b\x30\0\0\xf6\x01\0\0\xc0\x02\0\0\x43\x30\0\0\xf6\x01\0\0\x40\x03\0\0\
\x4b\x30\0\0\xf6\x01\0\0\xc0\x03\0\0\x53\x30\0\0\x8d\0\0\0\x40\x04\0\0\x5a\x30\
\0\0\x27\0\0\0\x60\x04\0\0\x62\x30\0\0\x45\0\0\0\x70\x04\0\0\x6c\x30\0\0\x45\0\
\0\0\x78\x04\0\0\x79\x30\0\0\xf7\x01\0\0\x80\x04\0\0\x82\x30\0\0\x0f\0\0\0\xc0\
\x04\0\0\x8a\x30\0\0\xae\0\0\0\0\x05\0\0\x92\x30\0\0\x0f\0\0\0\x40\x06\0\0\x9f\
\x30\0\0\x0f\0\0\0\x80\x06\0\0\xb1\x30\0\0\xf0\0\0\0\xc0\x06\0\0\xb8\x30\0\0\
\x2f\0\0\0\x40\x07\0\0\xc2\x30\0\0\x2f\0\0\0\xc0\x07\0\0\xc8\x30\0\0\x2f\0\0\0\
\x40\x08\0\0\xd2\x30\0\0\x2f\0\0\0\xc0\x08\0\0\0\0\0\0\xf8\x01\0\0\x40\x09\0\0\
\xdc\x30\0\0\x5f\0\0\0\xc0\x09\0\0\xe6\x30\0\0\x5f\0\0\0\0\x0a\0\0\xf1\x30\0\0\
\x1f\0\0\0\x40\x0a\0\0\xf9\x30\0\0\x1f\0\0\0\x60\x0a\0\0\x05\x31\0\0\x1f\0\0\0\
\x80\x0a\0\0\x12\x31\0\0\x1f\0\0\0\xa0\x0a\0\0\0\0\0\0\xf9\x01\0\0\xc0\x0a\0\0\
\x1e\x31\0\0\xa5\x02\0\0\0\x0b\0\0\x26\x31\0\0\xe8\x01\0\0\x40\x0b\0\0\x2d\x31\
\0\0\x2f\0\0\0\x40\x11\0\0\0\0\0\0\xa6\x02\0\0\xc0\x11\0\0\x37\x31\0\0\x11\0\0\
\0\0\x12\0\0\x44\x31\0\0\x11\0\0\0\x20\x12\0\0\x54\x31\0\0\xa8\x02\0\0\x40\x12\
\0\0\x65\x31\0\0\xa9\x02\0\0\x80\x12\0\0\x72\x31\0\0\xaa\x02\0\0\xc0\x12\0\0\
\x80\x31\0\0\x1c\0\0\0\0\x13\0\0\0\0\0\0\0\0\0\x02\xeb\x01\0\0\x8a\x31\0\0\x04\
\0\0\x04\x20\0\0\0\x94\x31\0\0\x1d\0\0\0\0\0\0\0\x9f\x31\0\0\x66\0\0\0\x40\0\0\
\0\xa5\x31\0\0\x12\0\0\0\xc0\0\0\0\xad\x31\0\0\xee\x01\0\0\xe0\0\0\0\xb7\x31\0\
\0\x03\0\0\x04\x08\0\0\0\xc7\x31\0\0\xbc\0\0\0\0\0\0\0\xcd\x31\0\0\x27\0\0\0\
\x10\0\0\0\0\0\0\0\xed\x01\0\0\x20\0\0\0\0\0\0\0\x02\0\0\x05\x04\0\0\0\xd4\x31\
\0\0\xa0\0\0\0\0\0\0\0\xda\x31\0\0\xfc\0\0\0\0\0\0\0\0\0\0\0\0\0\0\x03\0\0\0\0\
\xec\x01\0\0\x04\0\0\0\0\0\0\0\0\0\0\0\0\0\0\x02\xf0\x01\0\0\0\0\0\0\0\0\0\x0a\
\x55\x04\0\0\0\0\0\0\0\0\0\x02\xb6\x03\0\0\0\0\0\0\x02\0\0\x05\x04\0\0\0\xe0\
\x31\0\0\xf3\x01\0\0\0\0\0\0\xe8\x31\0\0\x12\0\0\0\0\0\0\0\0\0\0\0\0\0\0\x0a\
\x12\0\0\0\xf2\x31\0\0\0\0\0\x08\xf5\x01\0\0\xf8\x31\0\0\0\0\0\x08\x10\0\0\0\
\x07\x32\0\0\x02\0\0\x04\x10\0\0\0\xc5\x1d\0\0\x0c\x01\0\0\0\0\0\0\xcc\x1d\0\0\
\x18\0\0\0\x40\0\0\0\x12\x32\0\0\0\0\0\x08\x31\0\0\0\0\0\0\0\x02\0\0\x05\x10\0\
\0\0\x1b\x32\0\0\x6f\0\0\0\0\0\0\0\x24\x32\0\0\x66\0\0\0\0\0\0\0\0\0\0\0\x02\0\
\0\x05\x08\0\0\0\x2a\x32\0\0\x8b\0\0\0\0\0\0\0\x30\x32\0\0\xa3\x02\0\0\0\0\0\0\
\x3b\x32\0\0\x20\0\0\x04\0\x01\0\0\xc0\x19\0\0\xd2\x01\0\0\0\0\0\0\x4b\x32\0\0\
\x27\x02\0\0\x40\0\0\0\x53\x21\0\0\x29\x02\0\0\x80\0\0\0\x2c\x2f\0\0\x2e\x02\0\
\0\xc0\0\0\0\x52\x32\0\0\x30\x02\0\0\0\x01\0\0\x5c\x32\0\0\x30\x02\0\0\x40\x01\
\0\0\x67\x32\0\0\x60\x02\0\0\x80\x01\0\0\x6e\x32\0\0\x62\x02\0\0\xc0\x01\0\0\
\x76\x32\0\0\x62\x02\0\0\0\x02\0\0\x31\x1d\0\0\x69\x02\0\0\x40\x02\0\0\x85\x32\
\0\0\x72\x02\0\0\x80\x02\0\0\x94\x32\0\0\x72\x02\0\0\xc0\x02\0\0\xd2\x15\0\0\
\x74\x02\0\0\0\x03\0\0\xa1\x32\0\0\x0f\0\0\0\x40\x03\0\0\xb6\x32\0\0\x76\x02\0\
\0\x80\x03\0\0\xbb\x32\0\0\x78\x02\0\0\xc0\x03\0\0\xc1\x32\0\0\x76\x02\0\0\0\
\x04\0\0\xc9\x32\0\0\x7b\x02\0\0\x40\x04\0\0\x90\x2b\0\0\x7d\x02\0\0\x80\x04\0\
\0\x76\x11\0\0\x7f\x02\0\0\xc0\x04\0\0\xcf\x32\0\0\x8f\x02\0\0\0\x05\0\0\xed\
\x15\0\0\x82\0\0\0\x40\x05\0\0\xd8\x32\0\0\x91\x02\0\0\x80\x05\0\0\xe4\x32\0\0\
\x7f\x02\0\0\xc0\x05\0\0\xea\x32\0\0\x93\x02\0\0\0\x06\0\0\xf7\x32\0\0\x95\x02\
\0\0\x40\x06\0\0\x03\x33\0\0\x97\x02\0\0\x80\x06\0\0\x0c\x33\0\0\x9b\x02\0\0\
\xc0\x06\0\0\x16\x33\0\0\x9d\x02\0\0\0\x07\0\0\x22\x33\0\0\x9f\x02\0\0\x40\x07\
\0\0\x32\x33\0\0\xa1\x02\0\0\x80\x07\0\0\x43\x33\0\0\x7b\x02\0\0\xc0\x07\0\0\
\xbf\x2c\0\0\x3f\0\0\x04\x80\x03\0\0\0\x13\0\0\xfc\x01\0\0\0\0\0\0\x89\x13\0\0\
\x2f\0\0\0\x40\0\0\0\xd6\x20\0\0\xfd\x01\0\0\xc0\0\0\0\x4b\x33\0\0\xfe\x01\0\0\
\x80\x02\0\0\x54\x33\0\0\xff\x01\0\0\x40\x03\0\0\x5a\x33\0\0\x01\x02\0\0\x40\
\x06\0\0\x68\x33\0\0\xcc\0\0\0\x80\x06\0\0\x70\x33\0\0\xcc\0\0\0\xc0\x06\0\0\
\x7b\x33\0\0\xda\x01\0\0\0\x07\0\0\x87\x33\0\0\x02\x02\0\0\x40\x07\0\0\x8c\x33\
\0\0\x04\x02\0\0\x80\x07\0\0\x91\x33\0\0\x12\0\0\0\xc0\x07\0\0\x9a\x33\0\0\x92\
\0\0\0\0\x08\0\0\xa5\x33\0\0\x06\x02\0\0\0\x09\0\0\xa8\x33\0\0\x12\0\0\0\x40\
\x09\0\0\xaf\x33\0\0\x12\0\0\0\x60\x09\0\0\xbc\x33\0\0\x02\x02\0\0\x80\x09\0\0\
\xc5\x33\0\0\x04\x02\0\0\xc0\x09\0\0\xce\x33\0\0\x7a\0\0\0\0\x0a\0\0\xe4\x33\0\
\0\x7a\0\0\0\x08\x0a\0\0\xfa\x33\0\0\x12\0\0\0\x20\x0a\0\0\x08\x34\0\0\x08\x02\
\0\0\x40\x0a\0\0\x10\x34\0\0\x09\x02\0\0\x80\x0a\0\0\x15\x34\0\0\x0b\x02\0\0\0\
\x0c\0\0\x21\x34\0\0\x0b\x02\0\0\x80\x0e\0\0\xa3\x28\0\0\x0f\x02\0\0\0\x11\0\0\
\x2d\x34\0\0\x0f\0\0\0\xc0\x11\0\0\x34\x34\0\0\x12\0\0\0\0\x12\0\0\x3d\x34\0\0\
\x2f\0\0\0\x40\x12\0\0\x46\x34\0\0\x11\x02\0\0\xc0\x12\0\0\x50\x34\0\0\x12\x02\
\0\0\0\x13\0\0\x59\x34\0\0\x13\x02\0\0\x40\x13\0\0\x67\x34\0\0\x16\x02\0\0\x40\
\x14\0\0\x72\x34\0\0\x17\x02\0\0\x80\x14\0\0\x7e\x34\0\0\x21\x01\0\0\xc0\x14\0\
\0\x83\x34\0\0\x1c\0\0\0\0\x15\0\0\x8a\x34\0\0\x12\0\0\0\x40\x15\0\0\x96\x34\0\
\0\x1c\0\0\0\x80\x15\0\0\xa9\x34\0\0\x12\0\0\0\xc0\x15\0\0\xbb\x34\0\0\x12\0\0\
\0\xe0\x15\0\0\xcb\x34\0\0\x18\x02\0\0\0\x16\0\0\xdc\x34\0\0\x12\0\0\0\x40\x16\
\0\0\xed\x34\0\0\x1b\x02\0\0\x80\x16\0\0\xfe\x34\0\0\x12\0\0\0\xc0\x16\0\0\x11\
\x35\0\0\x1d\x02\0\0\0\x17\0\0\x20\x35\0\0\x12\0\0\0\x40\x17\0\0\x36\x35\0\0\
\x1e\x02\0\0\x80\x17\0\0\x4e\x35\0\0\x1f\x02\0\0\xc0\x17\0\0\x5b\x35\0\0\x12\0\
\0\0\0\x18\0\0\x6c\x35\0\0\x21\x02\0\0\x40\x18\0\0\x78\x35\0\0\x12\0\0\0\x80\
\x18\0\0\x88\x35\0\0\x12\0\0\0\xa0\x18\0\0\x9d\x35\0\0\x23\x02\0\0\xc0\x18\0\0\
\xae\x35\0\0\x1c\0\0\0\0\x19\0\0\xc1\x35\0\0\x12\0\0\0\x40\x19\0\0\xd3\x35\0\0\
\x23\x02\0\0\x80\x19\0\0\xe4\x35\0\0\x12\0\0\0\xc0\x19\0\0\xf9\x35\0\0\x02\0\0\
\0\xe0\x19\0\0\x0f\x36\0\0\x24\x02\0\0\0\x1a\0\0\x21\x36\0\0\x2f\0\0\0\x40\x1a\
\0\0\x2d\x36\0\0\x2f\0\0\0\xc0\x1a\0\0\x39\x36\0\0\x25\x02\0\0\x40\x1b\0\0\xc0\
\x13\0\0\x1f\0\0\0\x80\x1b\0\0\x3e\x36\0\0\x04\0\0\x06\x04\0\0\0\x4b\x36\0\0\0\
\0\0\0\x5d\x36\0\0\x01\0\0\0\x71\x36\0\0\x02\0\0\0\x84\x36\0\0\x03\0\0\0\0\0\0\
\0\0\0\0\x03\0\0\0\0\xce\0\0\0\x04\0\0\0\x38\0\0\0\0\0\0\0\0\0\0\x03\0\0\0\0\
\x47\0\0\0\x04\0\0\0\x14\0\0\0\x9a\x36\0\0\x05\0\0\x04\x60\0\0\0\xa9\x36\0\0\
\xdb\x01\0\0\0\0\0\0\xae\x36\0\0\xd2\x01\0\0\0\x02\0\0\xb2\x36\0\0\xda\x01\0\0\
\x40\x02\0\0\xbe\x36\0\0\0\x02\0\0\x80\x02\0\0\xc1\x36\0\0\xf3\0\0\0\xc0\x02\0\
\0\0\0\0\0\0\0\0\x02\x66\x07\0\0\0\0\0\0\0\0\0\x02\x67\x07\0\0\0\0\0\0\0\0\0\
\x02\x03\x02\0\0\0\0\0\0\0\0\0\x0a\x07\x02\0\0\0\0\0\0\0\0\0\x02\x05\x02\0\0\0\
\0\0\0\0\0\0\x0a\x07\x01\0\0\0\0\0\0\0\0\0\x02\x68\x07\0\0\xd1\x36\0\0\x03\0\0\
\x04\x0c\0\0\0\xdf\x36\0\0\x02\0\0\0\0\0\0\0\xec\x36\0\0\x02\0\0\0\x20\0\0\0\
\xf8\x36\0\0\x02\0\0\0\x40\0\0\0\0\0\0\0\0\0\0\x02\x24\x07\0\0\0\0\0\0\0\0\0\
\x02\x0a\x02\0\0\0\0\0\0\x01\0\0\x0d\x02\0\0\0\0\0\0\0\0\0\0\0\x09\x37\0\0\x06\
\0\0\x04\x50\0\0\0\xfb\x12\0\0\x1c\0\0\0\0\0\0\0\xd5\x1a\0\0\x12\0\0\0\x40\0\0\
\0\x17\x37\0\0\x12\0\0\0\x60\0\0\0\x21\x37\0\0\x12\0\0\0\x80\0\0\0\x29\x37\0\0\
\x12\0\0\0\xa0\0\0\0\x3c\x37\0\0\x0c\x02\0\0\xc0\0\0\0\x40\x37\0\0\x02\0\0\x04\
\x38\0\0\0\xae\x36\0\0\xd2\x01\0\0\0\0\0\0\xe0\x12\0\0\x0d\x02\0\0\x40\0\0\0\
\x4e\x37\0\0\x01\0\0\x04\x30\0\0\0\xe0\x12\0\0\x0e\x02\0\0\0\0\0\0\0\0\0\0\0\0\
\0\x03\0\0\0\0\x2d\0\0\0\x04\0\0\0\x02\0\0\0\x5e\x37\0\0\x03\0\0\x04\x18\0\0\0\
\x70\x37\0\0\x12\0\0\0\0\0\0\0\x79\x37\0\0\xf4\0\0\0\x40\0\0\0\x87\x37\0\0\x10\
\x02\0\0\x80\0\0\0\0\0\0\0\0\0\0\x02\x25\x07\0\0\0\0\0\0\0\0\0\x02\x26\x07\0\0\
\0\0\0\0\0\0\0\x02\x13\x02\0\0\x92\x37\0\0\x04\0\0\x04\x20\0\0\0\x9f\x37\0\0\
\x14\x02\0\0\0\0\0\0\xa6\x37\0\0\x12\0\0\0\x40\0\0\0\xb1\x37\0\0\x21\x01\0\0\
\x80\0\0\0\xb8\x37\0\0\x21\x01\0\0\xc0\0\0\0\0\0\0\0\0\0\0\x02\x15\x02\0\0\xc0\
\x37\0\0\0\0\0\x08\x27\x07\0\0\0\0\0\0\0\0\0\x02\x28\x07\0\0\0\0\0\0\0\0\0\x02\
\x29\x07\0\0\0\0\0\0\0\0\0\x02\x19\x02\0\0\xca\x37\0\0\0\0\0\x08\x1a\x02\0\0\0\
\0\0\0\0\0\0\x0a\x02\0\0\0\0\0\0\0\0\0\0\x02\x1c\x02\0\0\0\0\0\0\0\0\0\x02\x2a\
\x07\0\0\0\0\0\0\0\0\0\x02\x2b\x07\0\0\0\0\0\0\0\0\0\x02\xcc\0\0\0\0\0\0\0\0\0\
\0\x02\x20\x02\0\0\0\0\0\0\0\0\0\x02\x14\x03\0\0\0\0\0\0\0\0\0\x02\x22\x02\0\0\
\0\0\0\0\0\0\0\x02\x70\x07\0\0\0\0\0\0\0\0\0\x02\x0f\0\0\0\0\0\0\0\0\0\0\x02\
\x2d\x07\0\0\0\0\0\0\0\0\0\x02\x26\x02\0\0\0\0\0\0\x01\0\0\x0d\0\0\0\0\0\0\0\0\
\0\0\0\0\0\0\0\0\0\0\0\x02\x28\x02\0\0\0\0\0\0\x03\0\0\x0d\x94\0\0\0\0\0\0\0\
\x84\0\0\0\0\0\0\0\x94\0\0\0\0\0\0\0\x02\0\0\0\0\0\0\0\0\0\0\x02\x2a\x02\0\0\0\
\0\0\0\x04\0\0\x0d\x2b\x02\0\0\0\0\0\0\x84\0\0\0\0\0\0\0\x21\x01\0\0\0\0\0\0\
\x18\x01\0\0\0\0\0\0\x81\x01\0\0\xdb\x37\0\0\0\0\0\x08\x2c\x02\0\0\xe3\x37\0\0\
\0\0\0\x08\x2d\x02\0\0\xf4\x37\0\0\0\0\0\x08\x18\0\0\0\0\0\0\0\0\0\0\x02\x2f\
\x02\0\0\0\0\0\0\x04\0\0\x0d\x2b\x02\0\0\0\0\0\0\x84\0\0\0\0\0\0\0\xcc\0\0\0\0\
\0\0\0\x18\x01\0\0\0\0\0\0\x81\x01\0\0\0\0\0\0\0\0\0\x02\x31\x02\0\0\0\0\0\0\
\x02\0\0\x0d\x2b\x02\0\0\0\0\0\0\x32\x02\0\0\0\0\0\0\x38\x02\0\0\0\0\0\0\0\0\0\
\x02\x33\x02\0\0\x04\x38\0\0\x08\0\0\x04\x30\0\0\0\x0a\x38\0\0\x84\0\0\0\0\0\0\
\0\x12\x38\0\0\x94\0\0\0\x40\0\0\0\x19\x38\0\0\x34\x02\0\0\x80\0\0\0\x8c\x22\0\
\0\x1c\0\0\0\xc0\0\0\0\x25\x38\0\0\x02\0\0\0\0\x01\0\0\x2e\x38\0\0\x25\0\0\0\
\x20\x01\0\0\x36\x38\0\0\x25\0\0\0\x30\x01\0\0\0\0\0\0\x36\x02\0\0\x40\x01\0\0\
\0\0\0\0\0\0\0\x02\x35\x02\0\0\0\0\0\0\x03\0\0\x0d\0\0\0\0\0\0\0\0\x32\x02\0\0\
\0\0\0\0\x18\0\0\0\0\0\0\0\x18\0\0\0\0\0\0\0\x02\0\0\x05\x08\0\0\0\x40\x38\0\0\
\x12\0\0\0\0\0\0\0\x4a\x38\0\0\x37\x02\0\0\0\0\0\0\0\0\0\0\0\0\0\x02\xee\x06\0\
\0\0\0\0\0\0\0\0\x02\x39\x02\0\0\x53\x38\0\0\x07\0\0\x04\x28\0\0\0\x5c\x38\0\0\
\x45\0\0\0\0\0\0\0\x66\x38\0\0\x7a\0\0\0\x08\0\0\0\x6e\x38\0\0\x7a\0\0\0\x10\0\
\0\0\x7a\x38\0\0\x18\x01\0\0\x40\0\0\0\x26\x1b\0\0\x18\x01\0\0\x80\0\0\0\0\0\0\
\0\x3a\x02\0\0\xc0\0\0\0\0\0\0\0\x5e\x02\0\0\0\x01\0\0\0\0\0\0\x05\0\0\x05\x08\
\0\0\0\x85\x38\0\0\x3b\x02\0\0\0\0\0\0\x89\x38\0\0\x3d\x02\0\0\0\0\0\0\x8e\x38\
\0\0\x3f\x02\0\0\0\0\0\0\x93\x38\0\0\x41\x02\0\0\0\0\0\0\x9a\x38\0\0\xbd\x01\0\
\0\0\0\0\0\0\0\0\0\0\0\0\x02\x3c\x02\0\0\0\0\0\0\0\0\0\x0a\xef\x06\0\0\0\0\0\0\
\0\0\0\x02\x3e\x02\0\0\0\0\0\0\0\0\0\x0a\xf0\x06\0\0\0\0\0\0\0\0\0\x02\x40\x02\
\0\0\0\0\0\0\0\0\0\x0a\xf1\x06\0\0\0\0\0\0\0\0\0\x02\xab\x02\0\0\x9f\x38\0\0\
\x13\0\0\x04\xa8\0\0\0\xba\x19\0\0\x92\0\0\0\0\0\0\0\xaf\x38\0\0\xeb\0\0\0\0\
\x01\0\0\xb7\x38\0\0\xeb\0\0\0\xc0\x01\0\0\x2b\x1e\0\0\x12\0\0\0\x80\x02\0\0\
\xed\x11\0\0\x12\0\0\0\xa0\x02\0\0\xbf\x38\0\0\x12\0\0\0\xc0\x02\0\0\xc9\x38\0\
\0\x12\0\0\0\xe0\x02\0\0\xd3\x38\0\0\x12\0\0\0\0\x03\0\0\xe0\x38\0\0\x12\0\0\0\
\x20\x03\0\0\xe8\x38\0\0\x12\0\0\0\x40\x03\0\0\x50\x06\0\0\x12\0\0\0\x60\x03\0\
\0\xf0\x38\0\0\x12\0\0\0\x80\x03\0\0\xfa\x38\0\0\x12\0\0\0\xa0\x03\0\0\x04\x39\
\0\0\x7a\0\0\0\xc0\x03\0\0\x0f\x39\0\0\xbf\x01\0\0\0\x04\0\0\x18\x39\0\0\x57\
\x02\0\0\x40\x04\0\0\x27\x39\0\0\x57\x02\0\0\x80\x04\0\0\x36\x39\0\0\x59\x02\0\
\0\xc0\x04\0\0\x7a\x1f\0\0\x65\x01\0\0\0\x05\0\0\xee\x28\0\0\x04\0\0\x04\x40\0\
\0\0\xac\0\0\0\x0f\0\0\0\0\0\0\0\0\0\0\0\x44\x02\0\0\x40\0\0\0\0\0\0\0\x56\x02\
\0\0\x80\x01\0\0\x3b\x39\0\0\x1f\0\0\0\xa0\x01\0\0\0\0\0\0\x08\0\0\x05\x28\0\0\
\0\0\0\0\0\x45\x02\0\0\0\0\0\0\0\0\0\0\x46\x02\0\0\0\0\0\0\0\0\0\0\x49\x02\0\0\
\0\0\0\0\0\0\0\0\x4f\x02\0\0\0\0\0\0\0\0\0\0\x50\x02\0\0\0\0\0\0\0\0\0\0\x51\
\x02\0\0\0\0\0\0\0\0\0\0\x54\x02\0\0\0\0\0\0\x77\x14\0\0\x66\0\0\0\0\0\0\0\0\0\
\0\0\x04\0\0\x04\x28\0\0\0\x45\x39\0\0\x2f\0\0\0\0\0\0\0\x49\x39\0\0\xa8\0\0\0\
\x80\0\0\0\x6f\x22\0\0\x0f\0\0\0\xc0\0\0\0\x8c\x22\0\0\x0f\0\0\0\0\x01\0\0\0\0\
\0\0\x05\0\0\x04\x28\0\0\0\x51\x39\0\0\x0f\0\0\0\0\0\0\0\x5a\x39\0\0\x47\x02\0\
\0\x40\0\0\0\x5d\x39\0\0\x0f\0\0\0\x80\0\0\0\x6d\x39\0\0\x0f\0\0\0\xc0\0\0\0\0\
\0\0\0\x48\x02\0\0\0\x01\0\0\0\0\0\0\0\0\0\x02\x9d\x07\0\0\0\0\0\0\x02\0\0\x05\
\x08\0\0\0\x76\x39\0\0\x0f\0\0\0\0\0\0\0\x85\x39\0\0\x5e\0\0\0\0\0\0\0\0\0\0\0\
\x04\0\0\x04\x28\0\0\0\0\0\0\0\x4a\x02\0\0\0\0\0\0\x93\x39\0\0\x4c\x02\0\0\x80\
\0\0\0\x9e\x39\0\0\x1c\0\0\0\xc0\0\0\0\0\0\0\0\x4d\x02\0\0\0\x01\0\0\0\0\0\0\
\x02\0\0\x05\x10\0\0\0\xa7\x39\0\0\x2f\0\0\0\0\0\0\0\0\0\0\0\x4b\x02\0\0\0\0\0\
\0\0\0\0\0\x03\0\0\x04\x10\0\0\0\x3b\x0c\0\0\xbf\x01\0\0\0\0\0\0\xb1\x39\0\0\
\x02\0\0\0\x40\0\0\0\xb7\x39\0\0\x02\0\0\0\x60\0\0\0\0\0\0\0\0\0\0\x02\xc8\x02\
\0\0\0\0\0\0\x03\0\0\x05\x08\0\0\0\xc0\x39\0\0\x1c\0\0\0\0\0\0\0\xc6\x39\0\0\
\x0f\0\0\0\0\0\0\0\0\0\0\0\x4e\x02\0\0\0\0\0\0\0\0\0\0\x03\0\0\x84\x04\0\0\0\
\xcf\x39\0\0\x12\0\0\0\0\0\0\x10\xd5\x39\0\0\x12\0\0\0\x10\0\0\x0f\x59\x04\0\0\
\x12\0\0\0\x1f\0\0\x01\0\0\0\0\x05\0\0\x04\x18\0\0\0\xdd\x39\0\0\x0f\0\0\0\0\0\
\0\0\xeb\x39\0\0\x47\0\0\0\x40\0\0\0\xf9\x39\0\0\x47\0\0\0\x48\0\0\0\x08\x3a\0\
\0\x1f\0\0\0\x60\0\0\0\x1a\x3a\0\0\x12\0\0\0\x80\0\0\0\0\0\0\0\x03\0\0\x04\x20\
\0\0\0\x26\x3a\0\0\x0f\0\0\0\0\0\0\0\x36\x3a\0\0\x1f\0\0\0\x40\0\0\0\x4c\x3a\0\
\0\x2f\0\0\0\x80\0\0\0\0\0\0\0\x05\0\0\x04\x28\0\0\0\x5a\x3a\0\0\x0f\0\0\0\0\0\
\0\0\x64\x3a\0\0\x52\x02\0\0\x40\0\0\0\x71\x3a\0\0\x0f\0\0\0\x80\0\0\0\0\0\0\0\
\x53\x02\0\0\xc0\0\0\0\x7b\x3a\0\0\x8d\0\0\0\0\x01\0\0\x7f\x3a\0\0\0\0\0\x08\
\xbf\x01\0\0\0\0\0\0\x02\0\0\x05\x08\0\0\0\x89\x3a\0\0\x7e\0\0\0\0\0\0\0\x8f\
\x3a\0\0\x1f\0\0\0\0\0\0\0\0\0\0\0\x02\0\0\x04\x10\0\0\0\xa0\x3a\0\0\x55\x02\0\
\0\0\0\0\0\xa6\x3a\0\0\x1c\0\0\0\x40\0\0\0\0\0\0\0\0\0\0\x02\x9e\x07\0\0\0\0\0\
\0\x04\0\0\x05\x04\0\0\0\xb7\x3a\0\0\x1f\0\0\0\0\0\0\0\xc1\x3a\0\0\x12\0\0\0\0\
\0\0\0\xcb\x3a\0\0\x12\0\0\0\0\0\0\0\xd2\x3a\0\0\x02\0\0\0\0\0\0\0\0\0\0\0\0\0\
\0\x02\x58\x02\0\0\xd8\x3a\0\0\x06\0\0\x04\x30\0\0\0\xe6\x3a\0\0\x97\0\0\0\0\0\
\0\0\xbd\x1e\0\0\x02\0\0\0\x40\0\0\0\xee\x3a\0\0\x02\0\0\0\x60\0\0\0\xf4\x3a\0\
\0\x57\x02\0\0\x80\0\0\0\xfc\x3a\0\0\x84\0\0\0\xc0\0\0\0\x04\x3b\0\0\x66\0\0\0\
\0\x01\0\0\0\0\0\0\0\0\0\x02\xf2\x06\0\0\x0b\x3b\0\0\x08\0\0\x04\x88\0\0\0\x17\
\x3b\0\0\x1d\0\0\0\0\0\0\0\x1f\x3b\0\0\x5b\x02\0\0\x40\0\0\0\x2d\x3b\0\0\x0f\0\
\0\0\x80\x01\0\0\x3b\x3b\0\0\x5e\0\0\0\xc0\x01\0\0\x45\x3b\0\0\xf0\0\0\0\0\x02\
\0\0\x20\x1a\0\0\xa0\0\0\0\x80\x02\0\0\xdd\x16\0\0\x5e\0\0\0\xc0\x02\0\0\x52\
\x3b\0\0\x5d\x02\0\0\0\x03\0\0\x5c\x3b\0\0\x04\0\0\x04\x28\0\0\0\x76\x11\0\0\
\x3f\0\0\0\0\0\0\0\x26\x1b\0\0\x34\0\0\0\x40\0\0\0\x89\x13\0\0\x2f\0\0\0\x80\0\
\0\0\xc6\x39\0\0\x5c\x02\0\0\0\x01\0\0\0\0\0\0\0\0\0\x02\x07\x01\0\0\x6b\x3b\0\
\0\x07\0\0\x04\x28\0\0\0\x76\x11\0\0\x3f\0\0\0\0\0\0\0\x7b\x3b\0\0\x02\0\0\0\
\x20\0\0\0\x92\x14\0\0\x02\0\0\0\x40\0\0\0\x84\x3b\0\0\x02\0\0\0\x60\0\0\0\x8c\
\x3b\0\0\x02\0\0\0\x80\0\0\0\x93\x3b\0\0\x0f\0\0\0\xc0\0\0\0\xac\0\0\0\x0f\0\0\
\0\0\x01\0\0\0\0\0\0\x03\0\0\x05\x08\0\0\0\x99\x3b\0\0\x0f\0\0\0\0\0\0\0\0\0\0\
\0\x5f\x02\0\0\0\0\0\0\xa1\x3b\0\0\x94\0\0\0\0\0\0\0\0\0\0\0\x02\0\0\x04\x08\0\
\0\0\x2b\x1e\0\0\x12\0\0\0\0\0\0\0\xae\x3b\0\0\x12\0\0\0\x20\0\0\0\0\0\0\0\0\0\
\0\x02\x61\x02\0\0\0\0\0\0\x02\0\0\x0d\x02\0\0\0\0\0\0\0\x32\x02\0\0\0\0\0\0\
\x7a\0\0\0\0\0\0\0\0\0\0\x02\x63\x02\0\0\0\0\0\0\x02\0\0\x0d\x02\0\0\0\0\0\0\0\
\x84\0\0\0\0\0\0\0\x64\x02\0\0\0\0\0\0\0\0\0\x02\x65\x02\0\0\xb9\x3b\0\0\x02\0\
\0\x04\x10\0\0\0\xc5\x3b\0\0\x66\x02\0\0\0\0\0\0\xcb\x3b\0\0\x94\0\0\0\x40\0\0\
\0\xcf\x3b\0\0\0\0\0\x08\x67\x02\0\0\0\0\0\0\0\0\0\x02\x68\x02\0\0\0\0\0\0\x06\
\0\0\x0d\x02\0\0\0\0\0\0\0\x64\x02\0\0\0\0\0\0\xcc\0\0\0\0\0\0\0\x02\0\0\0\0\0\
\0\0\x94\0\0\0\0\0\0\0\x31\0\0\0\0\0\0\0\x12\0\0\0\0\0\0\0\0\0\0\x02\x6a\x02\0\
\0\0\0\0\0\x02\0\0\x0d\x6b\x02\0\0\0\0\0\0\x84\0\0\0\0\0\0\0\x6c\x02\0\0\xd9\
\x3b\0\0\0\0\0\x08\x12\0\0\0\0\0\0\0\0\0\0\x02\x6d\x02\0\0\xe2\x3b\0\0\x02\0\0\
\x04\x10\0\0\0\xf4\x3b\0\0\x6e\x02\0\0\0\0\0\0\xfb\x3b\0\0\x6b\x02\0\0\x40\0\0\
\0\0\x3c\0\0\0\0\0\x08\x6f\x02\0\0\0\0\0\0\0\0\0\x02\x70\x02\0\0\0\0\0\0\x03\0\
\0\x0d\0\0\0\0\0\0\0\0\x84\0\0\0\0\0\0\0\x71\x02\0\0\0\0\0\0\x6c\x02\0\0\0\0\0\
\0\0\0\0\x02\xeb\0\0\0\0\0\0\0\0\0\0\x02\x73\x02\0\0\0\0\0\0\x03\0\0\x0d\x18\0\
\0\0\0\0\0\0\x84\0\0\0\0\0\0\0\x12\0\0\0\0\0\0\0\x0f\0\0\0\0\0\0\0\0\0\0\x02\
\x75\x02\0\0\0\0\0\0\x02\0\0\x0d\x02\0\0\0\0\0\0\0\x84\0\0\0\0\0\0\0\x81\0\0\0\
\0\0\0\0\0\0\0\x02\x77\x02\0\0\0\0\0\0\x02\0\0\x0d\x02\0\0\0\0\0\0\0\x8a\0\0\0\
\0\0\0\0\x84\0\0\0\0\0\0\0\0\0\0\x02\x79\x02\0\0\0\0\0\0\x02\0\0\x0d\x02\0\0\0\
\0\0\0\0\x84\0\0\0\0\0\0\0\x7a\x02\0\0\x10\x3c\0\0\0\0\0\x08\x1c\0\0\0\0\0\0\0\
\0\0\0\x02\x7c\x02\0\0\0\0\0\0\x04\0\0\x0d\x02\0\0\0\0\0\0\0\x84\0\0\0\0\0\0\0\
\x94\0\0\0\0\0\0\0\x94\0\0\0\0\0\0\0\x02\0\0\0\0\0\0\0\0\0\0\x02\x7e\x02\0\0\0\
\0\0\0\x03\0\0\x0d\x02\0\0\0\0\0\0\0\x02\0\0\0\0\0\0\0\x84\0\0\0\0\0\0\0\x02\0\
\0\0\0\0\0\0\0\0\0\x02\x80\x02\0\0\0\0\0\0\x03\0\0\x0d\x02\0\0\0\0\0\0\0\x84\0\
\0\0\0\0\0\0\x02\0\0\0\0\0\0\0\x81\x02\0\0\0\0\0\0\0\0\0\x02\x82\x02\0\0\x1b\
\x3c\0\0\x14\0\0\x04\xd8\0\0\0\x25\x3c\0\0\x81\x02\0\0\0\0\0\0\x30\x3c\0\0\x2f\
\0\0\0\x40\0\0\0\x38\x3c\0\0\xf0\0\0\0\xc0\0\0\0\x40\x3c\0\0\x2f\0\0\0\x40\x01\
\0\0\x54\x3c\0\0\x2f\0\0\0\xc0\x01\0\0\x66\x3c\0\0\x7a\x02\0\0\x40\x02\0\0\x6f\
\x3c\0\0\x12\0\0\0\x80\x02\0\0\x78\x3c\0\0\x47\0\0\0\xa0\x02\0\0\x80\x3c\0\0\
\x12\0\0\0\xc0\x02\0\0\x87\x3c\0\0\x02\0\0\0\xe0\x02\0\0\x93\x3c\0\0\xeb\0\0\0\
\0\x03\0\0\x9b\x3c\0\0\x84\0\0\0\xc0\x03\0\0\xa3\x3c\0\0\x94\0\0\0\0\x04\0\0\
\xac\x3c\0\0\x94\0\0\0\x40\x04\0\0\xb3\x3c\0\0\x57\x02\0\0\x80\x04\0\0\xbd\x3c\
\0\0\x0f\0\0\0\xc0\x04\0\0\xcb\x3c\0\0\x0f\0\0\0\0\x05\0\0\xdd\x3c\0\0\x83\x02\
\0\0\x40\x05\0\0\xe4\x3c\0\0\x85\x02\0\0\x80\x05\0\0\xed\x3c\0\0\x87\x02\0\0\
\xc0\x05\0\0\0\0\0\0\0\0\0\x02\x84\x02\0\0\0\0\0\0\0\0\0\x0a\x58\x07\0\0\0\0\0\
\0\0\0\0\x02\x86\x02\0\0\0\0\0\0\0\0\0\x0a\x59\x07\0\0\0\0\0\0\x03\0\0\x05\x20\
\0\0\0\xf2\x3c\0\0\x88\x02\0\0\0\0\0\0\xf9\x3c\0\0\x8b\x02\0\0\0\0\0\0\x01\x3d\
\0\0\x8e\x02\0\0\0\0\0\0\x05\x3d\0\0\x03\0\0\x04\x20\0\0\0\0\x13\0\0\x10\0\0\0\
\0\0\0\0\xc0\x19\0\0\x89\x02\0\0\x40\0\0\0\x89\x13\0\0\x2f\0\0\0\x80\0\0\0\0\0\
\0\0\0\0\0\x02\x8a\x02\0\0\x13\x3d\0\0\0\0\0\x07\0\0\0\0\x21\x3d\0\0\x01\0\0\
\x04\x08\0\0\0\xc0\x19\0\0\x8c\x02\0\0\0\0\0\0\0\0\0\0\0\0\0\x02\x8d\x02\0\0\
\x30\x3d\0\0\0\0\0\x07\0\0\0\0\0\0\0\0\x03\0\0\x04\x18\0\0\0\xa4\x21\0\0\x2f\0\
\0\0\0\0\0\0\0\x13\0\0\x02\0\0\0\x80\0\0\0\x40\x3d\0\0\x12\0\0\0\xa0\0\0\0\0\0\
\0\0\0\0\0\x02\x90\x02\0\0\0\0\0\0\x06\0\0\x0d\x2b\x02\0\0\0\0\0\0\x84\0\0\0\0\
\0\0\0\xbf\x01\0\0\0\0\0\0\x02\0\0\0\0\0\0\0\x18\x01\0\0\0\0\0\0\x81\x01\0\0\0\
\0\0\0\x02\0\0\0\0\0\0\0\0\0\0\x02\x92\x02\0\0\0\0\0\0\x01\0\0\x0d\x02\0\0\0\0\
\0\0\0\x02\0\0\0\0\0\0\0\0\0\0\x02\x94\x02\0\0\0\0\0\0\x05\0\0\x0d\x2b\x02\0\0\
\0\0\0\0\xbd\x01\0\0\0\0\0\0\x84\0\0\0\0\0\0\0\x81\x01\0\0\0\0\0\0\x18\x01\0\0\
\0\0\0\0\x12\0\0\0\0\0\0\0\0\0\0\x02\x96\x02\0\0\0\0\0\0\x05\0\0\x0d\x2b\x02\0\
\0\0\0\0\0\x84\0\0\0\0\0\0\0\x81\x01\0\0\0\0\0\0\xbd\x01\0\0\0\0\0\0\x18\x01\0\
\0\0\0\0\0\x12\0\0\0\0\0\0\0\0\0\0\x02\x98\x02\0\0\0\0\0\0\x04\0\0\x0d\x02\0\0\
\0\0\0\0\0\x84\0\0\0\0\0\0\0\x18\0\0\0\0\0\0\0\x99\x02\0\0\0\0\0\0\x9a\x02\0\0\
\0\0\0\0\0\0\0\x02\x81\x02\0\0\0\0\0\0\0\0\0\x02\x1c\0\0\0\0\0\0\0\0\0\0\x02\
\x9c\x02\0\0\0\0\0\0\x04\0\0\x0d\x18\0\0\0\0\0\0\0\x84\0\0\0\0\0\0\0\x02\0\0\0\
\0\0\0\0\x94\0\0\0\0\0\0\0\x94\0\0\0\0\0\0\0\0\0\0\x02\x9e\x02\0\0\0\0\0\0\x02\
\0\0\x0d\0\0\0\0\0\0\0\0\x3a\x01\0\0\0\0\0\0\x84\0\0\0\0\0\0\0\0\0\0\x02\xa0\
\x02\0\0\0\0\0\0\x06\0\0\x0d\x2b\x02\0\0\0\0\0\0\x84\0\0\0\0\0\0\0\x94\0\0\0\0\
\0\0\0\x84\0\0\0\0\0\0\0\x94\0\0\0\0\0\0\0\x18\x01\0\0\0\0\0\0\x12\0\0\0\0\0\0\
\0\0\0\0\x02\xa2\x02\0\0\0\0\0\0\x06\0\0\x0d\x94\0\0\0\0\0\0\0\x84\0\0\0\0\0\0\
\0\x94\0\0\0\0\0\0\0\x84\0\0\0\0\0\0\0\x94\0\0\0\0\0\0\0\x94\0\0\0\0\0\0\0\x12\
\0\0\0\0\0\0\0\0\0\0\x02\xa4\x02\0\0\0\0\0\0\x01\0\0\x0d\0\0\0\0\0\0\0\0\x8a\0\
\0\0\0\0\0\0\0\0\0\x02\xa1\x07\0\0\0\0\0\0\x04\0\0\x05\x08\0\0\0\x49\x3d\0\0\
\xbd\x01\0\0\0\0\0\0\x50\x3d\0\0\xa7\x02\0\0\0\0\0\0\x57\x3d\0\0\x21\x01\0\0\0\
\0\0\0\x5e\x3d\0\0\x12\0\0\0\0\0\0\0\0\0\0\0\0\0\0\x02\x57\x07\0\0\0\0\0\0\0\0\
\0\x02\x19\x04\0\0\0\0\0\0\0\0\0\x02\xa2\x07\0\0\0\0\0\0\0\0\0\x02\x47\x07\0\0\
\x93\x38\0\0\x03\0\0\x04\x10\0\0\0\x68\x3d\0\0\x8d\0\0\0\0\0\0\0\x70\x3d\0\0\
\xac\x02\0\0\x20\0\0\0\x79\x3d\0\0\x1c\0\0\0\x40\0\0\0\x81\x3d\0\0\0\0\0\x08\
\x12\0\0\0\0\0\0\0\0\0\0\x02\xae\x02\0\0\0\0\0\0\0\0\0\x0a\xed\x06\0\0\0\0\0\0\
\0\0\0\x02\xb0\x02\0\0\0\0\0\0\x06\0\0\x0d\x2b\x02\0\0\0\0\0\0\x84\0\0\0\0\0\0\
\0\xda\x01\0\0\0\0\0\0\xe4\x01\0\0\0\0\0\0\x21\x01\0\0\0\0\0\0\x94\0\0\0\0\0\0\
\0\x18\x01\0\0\0\0\0\0\0\0\0\x02\xb2\x02\0\0\0\0\0\0\x04\0\0\x0d\x02\0\0\0\0\0\
\0\0\x84\0\0\0\0\0\0\0\xda\x01\0\0\0\0\0\0\xe4\x01\0\0\0\0\0\0\x81\0\0\0\0\0\0\
\0\0\0\0\x02\xe0\x01\0\0\0\0\0\0\0\0\0\x02\xe4\x01\0\0\0\0\0\0\0\0\0\x02\x6a\
\x07\0\0\0\0\0\0\0\0\0\x02\xb7\x02\0\0\0\0\0\0\x01\0\0\x0d\0\0\0\0\0\0\0\0\xb4\
\x01\0\0\0\0\0\0\0\0\0\x02\xb9\x02\0\0\0\0\0\0\x01\0\0\x0d\x02\0\0\0\0\0\0\0\
\xcf\x01\0\0\0\0\0\0\0\0\0\x02\xbb\x02\0\0\0\0\0\0\x02\0\0\x0d\0\0\0\0\0\0\0\0\
\xcf\x01\0\0\0\0\0\0\x7e\0\0\0\0\0\0\0\0\0\0\x02\xbd\x02\0\0\0\0\0\0\x02\0\0\
\x0d\x02\0\0\0\0\0\0\0\xcf\x01\0\0\0\0\0\0\x02\0\0\0\0\0\0\0\0\0\0\x02\xbf\x02\
\0\0\0\0\0\0\x02\0\0\x0d\0\0\0\0\0\0\0\0\xcf\x01\0\0\0\0\0\0\x02\0\0\0\0\0\0\0\
\0\0\0\x02\xc1\x02\0\0\0\0\0\0\x01\0\0\x0d\0\0\0\0\0\0\0\0\xcf\x01\0\0\0\0\0\0\
\0\0\0\x02\xc3\x02\0\0\0\0\0\0\x02\0\0\x0d\0\0\0\0\0\0\0\0\xb4\x01\0\0\0\0\0\0\
\x12\0\0\0\0\0\0\0\0\0\0\x02\xc5\x02\0\0\0\0\0\0\x01\0\0\x0d\x02\0\0\0\0\0\0\0\
\xb4\x01\0\0\0\0\0\0\0\0\0\x02\xc7\x02\0\0\0\0\0\0\x02\0\0\x0d\0\0\0\0\0\0\0\0\
\xb2\x01\0\0\0\0\0\0\x7a\0\0\0\x87\x3d\0\0\x19\0\0\x04\xd8\0\0\0\x92\x3d\0\0\
\xc9\x02\0\0\0\0\0\0\xac\0\0\0\xca\x02\0\0\x40\0\0\0\x9b\x3d\0\0\x0f\0\0\0\x80\
\0\0\0\xd5\x1a\0\0\x12\0\0\0\xc0\0\0\0\xa7\x3d\0\0\x12\0\0\0\xe0\0\0\0\xb3\x3d\
\0\0\xcb\x02\0\0\0\x01\0\0\x86\x26\0\0\x12\0\0\0\x40\x01\0\0\xc3\x3d\0\0\x12\0\
\0\0\x60\x01\0\0\xcf\x3d\0\0\xcc\x02\0\0\x80\x01\0\0\xd2\x3d\0\0\xcc\x02\0\0\
\xa0\x01\0\0\xd6\x3d\0\0\xcc\x02\0\0\xc0\x01\0\0\xda\x3d\0\0\xac\x02\0\0\xe0\
\x01\0\0\x06\x28\0\0\x02\0\0\0\0\x02\0\0\xe5\x3d\0\0\xcd\x02\0\0\x40\x02\0\0\
\xcf\x39\0\0\x12\0\0\0\x80\x02\0\0\xea\x3d\0\0\x12\0\0\0\xa0\x02\0\0\xf0\x3d\0\
\0\x12\0\0\0\xc0\x02\0\0\xd6\x20\0\0\xcc\0\0\0\0\x03\0\0\x89\x13\0\0\x2f\0\0\0\
\x40\x03\0\0\xa9\x36\0\0\xdb\x01\0\0\xc0\x03\0\0\xfd\x3d\0\0\x0f\0\0\0\xc0\x05\
\0\0\x04\x3e\0\0\xcf\x02\0\0\0\x06\0\0\x0f\x3e\0\0\x12\0\0\0\x40\x06\0\0\x1a\
\x3e\0\0\x12\0\0\0\x60\x06\0\0\xe0\x12\0\0\xd2\x02\0\0\x80\x06\0\0\0\0\0\0\0\0\
\0\x02\xec\x06\0\0\x23\x3e\0\0\0\0\0\x08\x12\0\0\0\x30\x3e\0\0\x03\0\0\x04\x08\
\0\0\0\x41\x3e\0\0\x10\0\0\0\0\0\0\0\x43\x3e\0\0\x45\0\0\0\x20\0\0\0\x47\x3e\0\
\0\x45\0\0\0\x28\0\0\0\x4b\x3e\0\0\x01\0\0\x04\x04\0\0\0\xb4\x20\0\0\x12\0\0\0\
\0\0\0\0\0\0\0\0\0\0\0\x02\xce\x02\0\0\0\0\0\0\x01\0\0\x0d\0\0\0\0\0\0\0\0\x1c\
\0\0\0\0\0\0\0\0\0\0\x02\x12\0\0\0\0\0\0\0\0\0\0\x02\xd1\x02\0\0\x64\x3e\0\0\
\x06\0\0\x04\x40\0\0\0\x74\x3e\0\0\x8d\0\0\0\0\0\0\0\x7e\x3e\0\0\x0f\0\0\0\x40\
\0\0\0\x89\x3e\0\0\x2f\0\0\0\x80\0\0\0\x91\x3e\0\0\x5e\0\0\0\0\x01\0\0\x9a\x3e\
\0\0\x5e\0\0\0\x40\x01\0\0\xa8\x3e\0\0\x2f\0\0\0\x80\x01\0\0\0\0\0\0\0\0\0\x03\
\0\0\0\0\xd0\x02\0\0\x04\0\0\0\x01\0\0\0\0\0\0\0\0\0\0\x02\xd4\x02\0\0\0\0\0\0\
\x02\0\0\x0d\0\0\0\0\0\0\0\0\xb2\x01\0\0\0\0\0\0\xb2\x01\0\0\0\0\0\0\0\0\0\x02\
\xd6\x02\0\0\0\0\0\0\x04\0\0\x0d\x1c\0\0\0\0\0\0\0\xcf\x01\0\0\0\0\0\0\x9a\x02\
\0\0\0\0\0\0\x02\0\0\0\0\0\0\0\x7a\0\0\0\0\0\0\0\0\0\0\x02\xd8\x02\0\0\0\0\0\0\
\x03\0\0\x0d\x18\0\0\0\0\0\0\0\xcf\x01\0\0\0\0\0\0\xd9\x02\0\0\0\0\0\0\x0f\0\0\
\0\0\0\0\0\0\0\0\x02\xda\x02\0\0\xad\x3e\0\0\x07\0\0\x04\x38\0\0\0\xc0\x3e\0\0\
\xcf\x01\0\0\0\0\0\0\x2a\0\0\0\xdb\x02\0\0\x40\0\0\0\xc6\x3e\0\0\x0f\0\0\0\x80\
\0\0\0\xd5\x1a\0\0\x0f\0\0\0\xc0\0\0\0\xcd\x3e\0\0\x31\0\0\0\0\x01\0\0\0\0\0\0\
\xdc\x02\0\0\x40\x01\0\0\xee\x28\0\0\x02\0\0\0\x80\x01\0\0\0\0\0\0\0\0\0\x02\
\xf6\x02\0\0\0\0\0\0\x02\0\0\x05\x08\0\0\0\xd7\x3e\0\0\x1c\0\0\0\0\0\0\0\x2b\
\x1e\0\0\x0f\0\0\0\0\0\0\0\0\0\0\0\0\0\0\x02\xde\x02\0\0\0\0\0\0\x01\0\0\x0d\
\x02\0\0\0\0\0\0\0\x30\0\0\0\0\0\0\0\0\0\0\x02\xe0\x02\0\0\0\0\0\0\x02\0\0\x0d\
\x02\0\0\0\0\0\0\0\xcf\x01\0\0\0\0\0\0\x31\0\0\0\xdc\x3e\0\0\x06\0\0\x06\x04\0\
\0\0\xed\x3e\0\0\xfc\xff\xff\xff\x03\x3f\0\0\xfd\xff\xff\xff\x19\x3f\0\0\xfe\
\xff\xff\xff\x30\x3f\0\0\xff\xff\xff\xff\x45\x3f\0\0\0\0\0\0\x5f\x3f\0\0\x01\0\
\0\0\x77\x3f\0\0\0\0\0\x08\xe3\x02\0\0\0\0\0\0\x01\0\0\x04\x08\0\0\0\x8c\x28\0\
\0\xb6\x01\0\0\0\0\0\0\x81\x3f\0\0\x3b\0\0\x84\x80\0\0\0\x19\0\0\0\x11\0\0\0\0\
\0\0\0\xd5\x1a\0\0\x11\0\0\0\x20\0\0\0\x91\x3f\0\0\x32\0\0\0\x40\0\0\0\0\0\0\0\
\xe5\x02\0\0\x80\0\0\0\x98\x3f\0\0\x32\0\0\0\xc0\0\0\0\xa4\x3f\0\0\x32\0\0\0\0\
\x01\0\0\xb0\x3f\0\0\x32\0\0\0\x40\x01\0\x01\xb9\x3f\0\0\x32\0\0\0\x41\x01\0\
\x01\xc1\x3f\0\0\x32\0\0\0\x42\x01\0\x01\xc8\x3f\0\0\x32\0\0\0\x43\x01\0\x01\
\xd2\x3f\0\0\x32\0\0\0\x44\x01\0\x01\xdf\x3f\0\0\x32\0\0\0\x45\x01\0\x01\xee\
\x3f\0\0\x32\0\0\0\x46\x01\0\x01\xf9\x3f\0\0\x32\0\0\0\x47\x01\0\x01\xd2\x15\0\
\0\x32\0\0\0\x48\x01\0\x01\x0b\x06\0\0\x32\0\0\0\x49\x01\0\x01\x06\x40\0\0\x32\
\0\0\0\x4a\x01\0\x01\x0b\x40\0\0\x32\0\0\0\x4b\x01\0\x01\x18\x40\0\0\x32\0\0\0\
\x4c\x01\0\x01\x0f\x28\0\0\x32\0\0\0\x4d\x01\0\x01\x27\x40\0\0\x32\0\0\0\x4e\
\x01\0\x01\x31\x40\0\0\x32\0\0\0\x4f\x01\0\x02\x3c\x40\0\0\x32\0\0\0\x51\x01\0\
\x01\x46\x40\0\0\x32\0\0\0\x52\x01\0\x01\x54\x40\0\0\x32\0\0\0\x53\x01\0\x01\
\x61\x40\0\0\x32\0\0\0\x54\x01\0\x01\x6f\x40\0\0\x32\0\0\0\x55\x01\0\x01\x88\
\x40\0\0\x32\0\0\0\x56\x01\0\x01\x9f\x40\0\0\x32\0\0\0\x57\x01\0\x01\xa5\x40\0\
\0\x32\0\0\0\x58\x01\0\x01\xaf\x40\0\0\x32\0\0\0\x59\x01\0\x01\xbb\x40\0\0\x32\
\0\0\0\x5a\x01\0\x01\xca\x40\0\0\x32\0\0\0\x5b\x01\0\x01\xd9\x40\0\0\x32\0\0\0\
\x5c\x01\0\x01\xe4\x40\0\0\x32\0\0\0\x5d\x01\0\x01\xec\x40\0\0\x32\0\0\0\x5e\
\x01\0\x01\xf6\x40\0\0\x32\0\0\0\x5f\x01\0\x01\xb9\x13\0\0\x32\0\0\0\x60\x01\0\
\x01\x01\x41\0\0\x32\0\0\0\x61\x01\0\x01\x4b\x33\0\0\x32\0\0\0\x62\x01\0\x01\
\x0b\x41\0\0\x32\0\0\0\x63\x01\0\x01\x1a\x41\0\0\x32\0\0\0\x64\x01\0\x01\x29\
\x41\0\0\x32\0\0\0\x65\x01\0\x01\x31\x41\0\0\x32\0\0\0\x66\x01\0\x1a\0\0\0\0\
\xe6\x02\0\0\x80\x01\0\0\x3e\x41\0\0\x11\0\0\0\xa0\x01\0\0\0\0\0\0\xe7\x02\0\0\
\xc0\x01\0\0\0\0\0\0\xe8\x02\0\0\0\x02\0\0\x46\x41\0\0\x32\0\0\0\x40\x02\0\0\
\x59\x41\0\0\x32\0\0\0\x80\x02\0\0\x6a\x41\0\0\x11\0\0\0\xc0\x02\0\0\x4f\x1d\0\
\0\x08\x01\0\0\xe0\x02\0\0\x7c\x41\0\0\x32\0\0\0\0\x03\0\0\x8d\x41\0\0\x11\0\0\
\0\x40\x03\0\0\x9b\x41\0\0\x26\0\0\0\x60\x03\0\0\xac\x41\0\0\x26\0\0\0\x70\x03\
\0\0\xb9\x41\0\0\x11\0\0\0\x80\x03\0\0\xc9\x41\0\0\x11\0\0\0\xa0\x03\0\0\xd6\
\x41\0\0\x32\0\0\0\xc0\x03\0\0\0\0\0\0\x02\0\0\x05\x08\0\0\0\xdf\x41\0\0\x32\0\
\0\0\0\0\0\0\xed\x41\0\0\x32\0\0\0\0\0\0\0\0\0\0\0\x02\0\0\x05\x04\0\0\0\xf9\
\x41\0\0\x11\0\0\0\0\0\0\0\x07\x42\0\0\x11\0\0\0\0\0\0\0\0\0\0\0\x04\0\0\x05\
\x08\0\0\0\x18\x42\0\0\x32\0\0\0\0\0\0\0\x20\x42\0\0\x32\0\0\0\0\0\0\0\x2c\x42\
\0\0\x32\0\0\0\0\0\0\0\x38\x42\0\0\x32\0\0\0\0\0\0\0\0\0\0\0\x04\0\0\x05\x08\0\
\0\0\x40\x42\0\0\x32\0\0\0\0\0\0\0\x47\x42\0\0\x32\0\0\0\0\0\0\0\x53\x42\0\0\
\x32\0\0\0\0\0\0\0\x60\x42\0\0\x32\0\0\0\0\0\0\0\x68\x42\0\0\x0c\0\0\x04\xc0\0\
\0\0\0\0\0\0\xea\x02\0\0\0\0\0\0\x76\x42\0\0\x28\0\0\0\0\x03\0\0\x12\x2c\0\0\
\x1c\0\0\0\x40\x03\0\0\x32\x2c\0\0\x0f\0\0\0\x80\x03\0\0\0\x13\0\0\x02\0\0\0\
\xc0\x03\0\0\x7d\x42\0\0\xe2\x02\0\0\0\x04\0\0\xdf\x41\0\0\x31\0\0\0\x40\x04\0\
\0\0\0\0\0\xf3\x02\0\0\x80\x04\0\0\x88\x42\0\0\x31\0\0\0\0\x05\0\0\x97\x42\0\0\
\x31\0\0\0\x40\x05\0\0\xa2\x42\0\0\x31\0\0\0\x80\x05\0\0\xb2\x42\0\0\x31\0\0\0\
\xc0\x05\0\0\0\0\0\0\x06\0\0\x05\x60\0\0\0\0\0\0\0\xeb\x02\0\0\0\0\0\0\0\0\0\0\
\xed\x02\0\0\0\0\0\0\0\0\0\0\xee\x02\0\0\0\0\0\0\0\0\0\0\xef\x02\0\0\0\0\0\0\0\
\0\0\0\xf0\x02\0\0\0\0\0\0\0\0\0\0\xf2\x02\0\0\0\0\0\0\0\0\0\0\x0a\0\0\x04\x60\
\0\0\0\x91\x3f\0\0\x31\0\0\0\0\0\0\0\xc3\x42\0\0\x31\0\0\0\x40\0\0\0\xcc\x42\0\
\0\x0f\0\0\0\x80\0\0\0\xd8\x42\0\0\x0f\0\0\0\xc0\0\0\0\xe3\x42\0\0\x02\0\0\0\0\
\x01\0\0\xf4\x42\0\0\x02\0\0\0\x20\x01\0\0\xf8\x42\0\0\x02\0\0\0\x40\x01\0\0\
\xac\0\0\0\x02\0\0\0\x60\x01\0\0\x01\x43\0\0\xec\x02\0\0\x80\x01\0\0\x0b\x43\0\
\0\xec\x02\0\0\x40\x02\0\0\x16\x43\0\0\x04\0\0\x04\x18\0\0\0\x91\x3f\0\0\x31\0\
\0\0\0\0\0\0\x2a\x43\0\0\x12\0\0\0\x40\0\0\0\x2e\x43\0\0\x02\0\0\0\x60\0\0\0\
\xf4\x42\0\0\x02\0\0\0\x80\0\0\0\0\0\0\0\x01\0\0\x04\x40\0\0\0\xd8\x12\0\0\x4e\
\0\0\0\0\0\0\0\0\0\0\0\x01\0\0\x04\x10\0\0\0\x34\x43\0\0\x2f\0\0\0\0\0\0\0\0\0\
\0\0\x02\0\0\x04\x10\0\0\0\x3c\x43\0\0\x31\0\0\0\0\0\0\0\x44\x43\0\0\x31\0\0\0\
\x40\0\0\0\0\0\0\0\x02\0\0\x04\x28\0\0\0\x05\x23\0\0\xf1\x02\0\0\0\0\0\0\x49\
\x43\0\0\x2f\0\0\0\xc0\0\0\0\x51\x43\0\0\x04\0\0\x04\x18\0\0\0\x64\x43\0\0\x0f\
\0\0\0\0\0\0\0\x6c\x43\0\0\x0f\0\0\0\x40\0\0\0\x8d\x26\0\0\x45\0\0\0\x80\0\0\0\
\x19\0\0\0\x45\0\0\0\x88\0\0\0\0\0\0\0\x05\0\0\x04\x18\0\0\0\x71\x43\0\0\x45\0\
\0\0\0\0\0\0\x7c\x43\0\0\x45\0\0\0\x08\0\0\0\x87\x43\0\0\x25\0\0\0\x10\0\0\0\
\x8f\x43\0\0\x31\0\0\0\x40\0\0\0\x94\x43\0\0\x31\0\0\0\x80\0\0\0\0\0\0\0\x02\0\
\0\x05\x10\0\0\0\0\0\0\0\xf4\x02\0\0\0\0\0\0\0\0\0\0\xf5\x02\0\0\0\0\0\0\0\0\0\
\0\x02\0\0\x04\x10\0\0\0\x9a\x43\0\0\x31\0\0\0\0\0\0\0\xa6\x43\0\0\xe2\x02\0\0\
\x40\0\0\0\0\0\0\0\x02\0\0\x04\x10\0\0\0\xb2\x43\0\0\x31\0\0\0\0\0\0\0\xbf\x43\
\0\0\x31\0\0\0\x40\0\0\0\xcb\x43\0\0\x21\0\0\x04\xf0\0\0\0\x06\x28\0\0\x1d\0\0\
\0\0\0\0\0\x77\x14\0\0\x66\0\0\0\x40\0\0\0\xd7\x43\0\0\x02\0\0\0\xc0\0\0\0\xe0\
\x43\0\0\x02\0\0\0\xe0\0\0\0\xea\x43\0\0\x02\0\0\0\0\x01\0\0\x31\x1d\0\0\x1f\0\
\0\0\x20\x01\0\0\x2b\x1e\0\0\xb6\x01\0\0\x40\x01\0\0\xf1\x43\0\0\x12\0\0\0\x80\
\x01\0\0\x0d\x1d\0\0\xb6\x01\0\0\xc0\x01\0\0\xc6\x3e\0\0\xb6\x01\0\0\0\x02\0\0\
\xf6\x43\0\0\xb6\x01\0\0\x40\x02\0\0\x27\x40\0\0\x18\0\0\0\x80\x02\0\0\x8d\x41\
\0\0\x18\0\0\0\xc0\x02\0\0\xfb\x43\0\0\x8d\0\0\0\0\x03\0\0\x8f\x27\0\0\x2f\0\0\
\0\x40\x03\0\0\x5e\x2b\0\0\x1f\0\0\0\xc0\x03\0\0\x06\x44\0\0\x0f\0\0\0\0\x04\0\
\0\x12\x44\0\0\x65\x01\0\0\x40\x04\0\0\x1c\x44\0\0\x18\0\0\0\x80\x04\0\0\x25\
\x44\0\0\x12\0\0\0\xc0\x04\0\0\x2e\x44\0\0\x18\0\0\0\0\x05\0\0\x39\x44\0\0\x0f\
\0\0\0\x40\x05\0\0\x43\x44\0\0\x02\0\0\0\x80\x05\0\0\x50\x44\0\0\x02\0\0\0\xa0\
\x05\0\0\x5e\x44\0\0\x1f\0\0\0\xc0\x05\0\0\x6d\x44\0\0\x0f\0\0\0\0\x06\0\0\xf6\
\x2d\0\0\xcd\x02\0\0\x40\x06\0\0\x7d\x44\0\0\x1d\0\0\0\x80\x06\0\0\x8a\x44\0\0\
\x02\0\0\0\xa0\x06\0\0\x9a\x44\0\0\x9a\x02\0\0\xc0\x06\0\0\xa4\x44\0\0\x1c\0\0\
\0\0\x07\0\0\xad\x44\0\0\xf7\x02\0\0\x40\x07\0\0\xb7\x44\0\0\xf8\x02\0\0\x80\
\x07\0\0\0\0\0\0\0\0\0\x02\x6b\x07\0\0\0\0\0\0\0\0\0\x03\0\0\0\0\x1c\0\0\0\x04\
\0\0\0\0\0\0\0\xc2\x44\0\0\x02\0\0\x04\x18\0\0\0\xe0\x12\0\0\x21\0\0\0\0\0\0\0\
\x3c\x14\0\0\xfa\x02\0\0\x80\0\0\0\0\0\0\0\0\0\0\x02\xfb\x02\0\0\0\0\0\0\x01\0\
\0\x0d\0\0\0\0\0\0\0\0\xfc\x02\0\0\0\0\0\0\0\0\0\x02\xf9\x02\0\0\xcb\x44\0\0\
\x03\0\0\x04\x18\0\0\0\x89\x13\0\0\x2f\0\0\0\0\0\0\0\x76\x11\0\0\x3f\0\0\0\x80\
\0\0\0\xe2\x44\0\0\x12\0\0\0\xa0\0\0\0\0\0\0\0\0\0\0\x02\x6c\x07\0\0\xf2\x44\0\
\0\x0c\0\0\x04\x88\0\0\0\0\x45\0\0\0\x03\0\0\0\0\0\0\x85\x13\0\0\x66\0\0\0\xc0\
\0\0\0\x04\x45\0\0\x12\0\0\0\x40\x01\0\0\x12\x45\0\0\x28\0\0\0\x80\x01\0\0\x1f\
\x45\0\0\x4c\x02\0\0\xc0\x01\0\0\xe9\x1d\0\0\x12\0\0\0\0\x02\0\0\xc1\x04\0\0\
\xee\0\0\0\x40\x02\0\0\xd1\x17\0\0\xbf\0\0\0\x80\x02\0\0\x7f\x1f\0\0\x87\x01\0\
\0\xc0\x02\0\0\x2a\x45\0\0\x02\0\0\0\0\x03\0\0\x35\x1e\0\0\x6d\x01\0\0\x40\x03\
\0\0\x31\x45\0\0\x02\0\0\0\0\x04\0\0\0\x45\0\0\x03\0\0\x04\x18\0\0\0\x44\x45\0\
\0\xab\x02\0\0\0\0\0\0\x4b\x45\0\0\x12\0\0\0\x80\0\0\0\x54\x45\0\0\x12\0\0\0\
\xa0\0\0\0\0\0\0\0\0\0\0\x02\x02\x03\0\0\0\0\0\0\x01\0\0\x0d\x31\0\0\0\0\0\0\0\
\0\0\0\0\x5d\x45\0\0\0\0\0\x08\x04\x03\0\0\0\0\0\0\0\0\0\x02\x05\x03\0\0\0\0\0\
\0\x03\0\0\x0d\0\0\0\0\0\0\0\0\xcf\x01\0\0\0\0\0\0\x06\x03\0\0\0\0\0\0\x12\x03\
\0\0\0\0\0\0\0\0\0\x02\x07\x03\0\0\x75\x45\0\0\x17\0\0\x04\0\x01\0\0\xd7\x3e\0\
\0\x31\0\0\0\0\0\0\0\x86\x45\0\0\x08\x03\0\0\x40\0\0\0\x8a\x45\0\0\x09\x03\0\0\
\x80\0\0\0\x85\x14\0\0\x31\0\0\0\xc0\0\0\0\x15\x0d\0\0\x0a\x03\0\0\0\x01\0\0\
\x93\x45\0\0\x31\0\0\0\x40\x01\0\0\x97\x45\0\0\x0c\x03\0\0\x80\x01\0\0\x19\0\0\
\0\x31\0\0\0\xc0\x01\0\0\xd2\x0b\0\0\x31\0\0\0\0\x02\0\0\xa0\x45\0\0\x0e\x03\0\
\0\x40\x02\0\0\x43\x1d\0\0\x31\0\0\0\x80\x02\0\0\xd6\x13\0\0\x31\0\0\0\xc0\x02\
\0\0\xaa\x45\0\0\x31\0\0\0\0\x03\0\0\xb4\x45\0\0\x0f\x03\0\0\x40\x03\0\0\xbe\
\x45\0\0\x10\x03\0\0\x80\x03\0\0\xc8\x45\0\0\x31\0\0\0\xc0\x03\0\0\xd1\x45\0\0\
\x11\x03\0\0\0\x04\0\0\xdb\x45\0\0\x11\x03\0\0\x80\x04\0\0\xe5\x45\0\0\x31\0\0\
\0\0\x05\0\0\xf5\x45\0\0\x31\0\0\0\x40\x05\0\0\xb9\x13\0\0\x31\0\0\0\x80\x05\0\
\0\xff\x45\0\0\x31\0\0\0\xc0\x05\0\0\x0e\x46\0\0\x31\0\0\0\0\x06\0\0\0\0\0\0\0\
\0\0\x02\x6d\x07\0\0\0\0\0\0\0\0\0\x02\x6e\x07\0\0\x1d\x46\0\0\x02\0\0\x05\x08\
\0\0\0\xa8\x3e\0\0\x32\0\0\0\0\0\0\0\0\0\0\0\x0b\x03\0\0\0\0\0\0\0\0\0\0\x03\0\
\0\x04\x08\0\0\0\x30\x46\0\0\x11\0\0\0\0\0\0\0\x38\x46\0\0\x26\0\0\0\x20\0\0\0\
\x3f\x46\0\0\x26\0\0\0\x30\0\0\0\x46\x46\0\0\x02\0\0\x05\x08\0\0\0\xbd\x11\0\0\
\x32\0\0\0\0\0\0\0\0\0\0\0\x0d\x03\0\0\0\0\0\0\0\0\0\0\x0a\0\0\x84\x08\0\0\0\
\x58\x46\0\0\x32\0\0\0\0\0\0\x05\x5f\x46\0\0\x32\0\0\0\x05\0\0\x0e\x67\x46\0\0\
\x32\0\0\0\x13\0\0\x05\x71\x46\0\0\x32\0\0\0\x18\0\0\x02\x7a\x46\0\0\x32\0\0\0\
\x1a\0\0\x07\x83\x46\0\0\x32\0\0\0\x21\0\0\x04\x8f\x46\0\0\x32\0\0\0\x25\0\0\
\x01\x9a\x46\0\0\x32\0\0\0\x26\0\0\x02\xa5\x46\0\0\x32\0\0\0\x28\0\0\x03\xad\
\x46\0\0\x32\0\0\0\x2b\0\0\x15\0\0\0\0\x02\0\0\x04\x08\0\0\0\x9f\x04\0\0\x10\0\
\0\0\0\0\0\0\xb6\x46\0\0\x10\0\0\0\x20\0\0\0\0\0\0\0\x02\0\0\x04\x08\0\0\0\xcb\
\0\0\0\x10\0\0\0\0\0\0\0\xba\x46\0\0\x10\0\0\0\x20\0\0\0\0\0\0\0\0\0\0\x02\x6f\
\x07\0\0\xc3\x46\0\0\x02\0\0\x04\x10\0\0\0\xcd\x46\0\0\x32\0\0\0\0\0\0\0\xd1\
\x46\0\0\x12\x03\0\0\x40\0\0\0\0\0\0\0\0\0\0\x02\x1b\0\0\0\0\0\0\0\0\0\0\x02\
\x74\x03\0\0\xd6\x46\0\0\x0d\0\0\x04\x90\0\0\0\x89\x13\0\0\x2f\0\0\0\0\0\0\0\
\xe7\x46\0\0\x15\x03\0\0\x80\0\0\0\0\0\0\0\x16\x03\0\0\xc0\0\0\0\xc0\x3e\0\0\
\x18\x03\0\0\0\x01\0\0\xed\x46\0\0\x21\x01\0\0\x80\x02\0\0\x60\x26\0\0\x1a\x03\
\0\0\xc0\x02\0\0\0\0\0\0\x1b\x03\0\0\0\x03\0\0\x25\x14\0\0\x1c\0\0\0\x40\x03\0\
\0\xac\0\0\0\x02\0\0\0\x80\x03\0\0\xf7\x46\0\0\x02\0\0\0\xa0\x03\0\0\x05\x47\0\
\0\xa7\0\0\0\xc0\x03\0\0\x11\x47\0\0\x1c\x03\0\0\0\x04\0\0\x1c\x47\0\0\x1d\x03\
\0\0\x40\x04\0\0\0\0\0\0\0\0\0\x02\x2e\x07\0\0\0\0\0\0\x02\0\0\x05\x08\0\0\0\
\xd6\x20\0\0\x21\x01\0\0\0\0\0\0\x26\x47\0\0\x17\x03\0\0\0\0\0\0\0\0\0\0\0\0\0\
\x02\x2c\x07\0\0\x29\x47\0\0\x04\0\0\x04\x30\0\0\0\xe0\x12\0\0\xf0\0\0\0\0\0\0\
\0\x89\x13\0\0\x2f\0\0\0\x80\0\0\0\x19\0\0\0\x02\0\0\0\0\x01\0\0\x35\x47\0\0\
\x19\x03\0\0\x40\x01\0\0\0\0\0\0\0\0\0\x02\x2f\x07\0\0\0\0\0\0\0\0\0\x02\x1f\
\x03\0\0\0\0\0\0\x02\0\0\x05\x08\0\0\0\xbf\x2c\0\0\x1c\0\0\0\0\0\0\0\xc0\x13\0\
\0\x1f\0\0\0\0\0\0\0\0\0\0\0\0\0\0\x02\x72\x03\0\0\0\0\0\0\0\0\0\x02\x1e\x03\0\
\0\0\0\0\0\x02\0\0\x0d\x02\0\0\0\0\0\0\0\x20\x02\0\0\0\0\0\0\xcf\x01\0\0\x3b\
\x47\0\0\x02\0\0\x04\x10\0\0\0\x93\x2c\0\0\x20\x03\0\0\0\0\0\0\x48\x47\0\0\x21\
\x01\0\0\x40\0\0\0\0\0\0\0\0\0\0\x02\x30\x07\0\0\xac\x2c\0\0\x0b\0\0\x04\xb0\0\
\0\0\x3c\x14\0\0\x22\x03\0\0\0\0\0\0\x3b\x0c\0\0\x25\x03\0\0\x40\0\0\0\xac\0\0\
\0\x0f\0\0\0\x80\0\0\0\x8c\x22\0\0\x1c\0\0\0\xc0\0\0\0\x56\x47\0\0\x22\x03\0\0\
\0\x01\0\0\x61\x47\0\0\x28\x03\0\0\x40\x01\0\0\x6c\x47\0\0\x2b\x03\0\0\xc0\x02\
\0\0\x76\x47\0\0\x28\x03\0\0\0\x03\0\0\x7f\x47\0\0\x0f\0\0\0\x80\x04\0\0\x8a\
\x47\0\0\x0f\0\0\0\xc0\x04\0\0\x89\x13\0\0\x2f\0\0\0\0\x05\0\0\x9a\x47\0\0\0\0\
\0\x08\x23\x03\0\0\0\0\0\0\0\0\0\x02\x24\x03\0\0\0\0\0\0\x04\0\0\x0d\0\0\0\0\0\
\0\0\0\x0f\0\0\0\0\0\0\0\x0f\0\0\0\0\0\0\0\x25\x03\0\0\0\0\0\0\x26\x03\0\0\0\0\
\0\0\0\0\0\x02\x21\x03\0\0\0\0\0\0\0\0\0\x02\x27\x03\0\0\xa8\x47\0\0\x01\0\0\
\x04\xa8\0\0\0\xd1\x46\0\0\x1b\0\0\0\0\0\0\0\xb4\x47\0\0\x03\0\0\x04\x30\0\0\0\
\xc4\x47\0\0\x29\x03\0\0\0\0\0\0\xd1\x47\0\0\x29\x03\0\0\x40\0\0\0\xdd\x47\0\0\
\x92\0\0\0\x80\0\0\0\0\0\0\0\0\0\0\x02\x2a\x03\0\0\xe8\x47\0\0\x05\0\0\x04\x30\
\0\0\0\xf4\x47\0\0\x0f\0\0\0\0\0\0\0\xfe\x47\0\0\xa7\0\0\0\x40\0\0\0\x26\x1b\0\
\0\x0f\0\0\0\x80\0\0\0\xac\0\0\0\x0f\0\0\0\xc0\0\0\0\x85\x13\0\0\x66\0\0\0\0\
\x01\0\0\0\0\0\0\0\0\0\x02\x28\x03\0\0\0\0\0\0\0\0\0\x03\0\0\0\0\xcf\x01\0\0\
\x04\0\0\0\x04\0\0\0\0\0\0\0\0\0\0\x02\xb8\x07\0\0\xb4\x29\0\0\x03\0\0\x04\x40\
\x10\0\0\xf8\x42\0\0\x12\0\0\0\0\0\0\0\x06\x48\0\0\x0f\0\0\0\x40\0\0\0\0\x13\0\
\0\x2f\x03\0\0\0\x02\0\0\x17\x48\0\0\x05\0\0\x05\0\x10\0\0\x24\x48\0\0\x30\x03\
\0\0\0\0\0\0\x2a\x48\0\0\x32\x03\0\0\0\0\0\0\x31\x48\0\0\x3a\x03\0\0\0\0\0\0\
\x36\x48\0\0\x3c\x03\0\0\0\0\0\0\x3c\x48\0\0\x40\x03\0\0\0\0\0\0\x46\x48\0\0\
\x09\0\0\x04\x70\0\0\0\x52\x48\0\0\x10\0\0\0\0\0\0\0\x56\x48\0\0\x10\0\0\0\x20\
\0\0\0\x5a\x48\0\0\x10\0\0\0\x40\0\0\0\x5e\x48\0\0\x10\0\0\0\x60\0\0\0\x62\x48\
\0\0\x10\0\0\0\x80\0\0\0\x66\x48\0\0\x10\0\0\0\xa0\0\0\0\x6a\x48\0\0\x10\0\0\0\
\xc0\0\0\0\x6e\x48\0\0\x31\x03\0\0\xe0\0\0\0\x0c\x0b\0\0\x10\0\0\0\x60\x03\0\0\
\0\0\0\0\0\0\0\x03\0\0\0\0\x10\0\0\0\x04\0\0\0\x14\0\0\0\x77\x48\0\0\x0b\0\0\
\x04\0\x02\0\0\x52\x48\0\0\x25\0\0\0\0\0\0\0\x56\x48\0\0\x25\0\0\0\x10\0\0\0\
\x5a\x48\0\0\x25\0\0\0\x20\0\0\0\x84\x48\0\0\x25\0\0\0\x30\0\0\0\0\0\0\0\x33\
\x03\0\0\x40\0\0\0\x88\x48\0\0\x10\0\0\0\xc0\0\0\0\x8e\x48\0\0\x10\0\0\0\xe0\0\
\0\0\x6e\x48\0\0\x36\x03\0\0\0\x01\0\0\x99\x48\0\0\x37\x03\0\0\0\x05\0\0\x87\
\x43\0\0\x38\x03\0\0\0\x0d\0\0\0\0\0\0\x39\x03\0\0\x80\x0e\0\0\0\0\0\0\x02\0\0\
\x05\x10\0\0\0\0\0\0\0\x34\x03\0\0\0\0\0\0\0\0\0\0\x35\x03\0\0\0\0\0\0\0\0\0\0\
\x02\0\0\x04\x10\0\0\0\xa3\x48\0\0\x31\0\0\0\0\0\0\0\xa7\x48\0\0\x31\0\0\0\x40\
\0\0\0\0\0\0\0\x04\0\0\x04\x10\0\0\0\x5e\x48\0\0\x10\0\0\0\0\0\0\0\x62\x48\0\0\
\x10\0\0\0\x20\0\0\0\x66\x48\0\0\x10\0\0\0\x40\0\0\0\x6a\x48\0\0\x10\0\0\0\x60\
\0\0\0\0\0\0\0\0\0\0\x03\0\0\0\0\x10\0\0\0\x04\0\0\0\x20\0\0\0\0\0\0\0\0\0\0\
\x03\0\0\0\0\x10\0\0\0\x04\0\0\0\x40\0\0\0\0\0\0\0\0\0\0\x03\0\0\0\0\x10\0\0\0\
\x04\0\0\0\x0c\0\0\0\0\0\0\0\x02\0\0\x05\x30\0\0\0\xab\x48\0\0\x38\x03\0\0\0\0\
\0\0\xb4\x48\0\0\x38\x03\0\0\0\0\0\0\xc0\x48\0\0\x10\0\0\x04\x88\0\0\0\x52\x48\
\0\0\x10\0\0\0\0\0\0\0\x56\x48\0\0\x10\0\0\0\x20\0\0\0\x5a\x48\0\0\x10\0\0\0\
\x40\0\0\0\x5e\x48\0\0\x10\0\0\0\x60\0\0\0\x62\x48\0\0\x10\0\0\0\x80\0\0\0\x66\
\x48\0\0\x10\0\0\0\xa0\0\0\0\x6a\x48\0\0\x10\0\0\0\xc0\0\0\0\x6e\x48\0\0\x31\
\x03\0\0\xe0\0\0\0\xcd\x48\0\0\x45\0\0\0\x60\x03\0\0\xd2\x48\0\0\x45\0\0\0\x68\
\x03\0\0\xda\x48\0\0\x45\0\0\0\x70\x03\0\0\xe4\x48\0\0\x45\0\0\0\x78\x03\0\0\
\xee\x48\0\0\x45\0\0\0\x80\x03\0\0\xf1\x48\0\0\x45\0\0\0\x88\x03\0\0\x05\x23\0\
\0\x3b\x03\0\0\xc0\x03\0\0\xf8\x48\0\0\x10\0\0\0\0\x04\0\0\0\0\0\0\0\0\0\x02\
\xb9\x07\0\0\x02\x49\0\0\x03\0\0\x04\x40\x02\0\0\x0e\x49\0\0\x32\x03\0\0\0\0\0\
\0\x50\x25\0\0\x3d\x03\0\0\0\x10\0\0\x13\x49\0\0\x3f\x03\0\0\0\x12\0\0\x27\x49\
\0\0\x03\0\0\x04\x40\0\0\0\x35\x49\0\0\x31\0\0\0\0\0\0\0\x3f\x49\0\0\x31\0\0\0\
\x40\0\0\0\xba\x46\0\0\x3e\x03\0\0\x80\0\0\0\0\0\0\0\0\0\0\x03\0\0\0\0\x31\0\0\
\0\x04\0\0\0\x06\0\0\0\0\0\0\0\0\0\0\x03\0\0\0\0\x45\0\0\0\x04\0\0\0\0\0\0\0\0\
\0\0\0\0\0\0\x03\0\0\0\0\x45\0\0\0\x04\0\0\0\0\x10\0\0\x56\x06\0\0\x09\0\0\x04\
\x48\0\0\0\x26\x1b\0\0\x1f\0\0\0\0\0\0\0\x05\x50\0\0\x42\x03\0\0\x40\0\0\0\x0c\
\x50\0\0\x43\x03\0\0\x80\0\0\0\x13\x50\0\0\x44\x03\0\0\xc0\0\0\0\x1a\x50\0\0\
\xee\0\0\0\0\x01\0\0\x2e\x50\0\0\x45\x03\0\0\x40\x01\0\0\x35\x50\0\0\x46\x03\0\
\0\x80\x01\0\0\x3d\x50\0\0\x46\x03\0\0\xc0\x01\0\0\x52\x50\0\0\x49\x03\0\0\0\
\x02\0\0\0\0\0\0\0\0\0\x02\xd5\x06\0\0\0\0\0\0\0\0\0\x02\x91\x03\0\0\0\0\0\0\0\
\0\0\x02\x4a\x03\0\0\0\0\0\0\0\0\0\x02\x52\x04\0\0\0\0\0\0\0\0\0\x02\x47\x03\0\
\0\x5c\x50\0\0\x06\0\0\x04\x58\0\0\0\xd1\x17\0\0\xbf\0\0\0\0\0\0\0\x7f\x1f\0\0\
\x87\x01\0\0\x40\0\0\0\x35\x1e\0\0\x6d\x01\0\0\x80\0\0\0\x6b\x50\0\0\x48\x03\0\
\0\x40\x01\0\0\x73\x50\0\0\xbf\x01\0\0\x40\x02\0\0\x7d\x50\0\0\x7a\0\0\0\x80\
\x02\0\0\x8c\x50\0\0\x02\0\0\x04\x20\0\0\0\x9b\x50\0\0\xf6\x01\0\0\0\0\0\0\xa5\
\x50\0\0\xf6\x01\0\0\x80\0\0\0\0\0\0\0\0\0\0\x02\x4c\x03\0\0\xf9\x50\0\0\x0b\0\
\0\x04\x78\0\0\0\x35\x1e\0\0\x6d\x01\0\0\0\0\0\0\x13\x24\0\0\x4b\x03\0\0\xc0\0\
\0\0\x89\x13\0\0\x2f\0\0\0\0\x01\0\0\x07\x51\0\0\x8d\0\0\0\x80\x01\0\0\xd1\x17\
\0\0\xbf\0\0\0\xc0\x01\0\0\x7f\x1f\0\0\x87\x01\0\0\0\x02\0\0\x0f\x51\0\0\x31\0\
\0\0\x40\x02\0\0\x31\x1d\0\0\xeb\0\0\0\x80\x02\0\0\xc0\x3e\0\0\x31\0\0\0\x40\
\x03\0\0\x13\x51\0\0\x12\0\0\0\x80\x03\0\0\x1a\x51\0\0\x12\0\0\0\xa0\x03\0\0\0\
\0\0\0\0\0\0\x02\xeb\x06\0\0\x79\x51\0\0\x04\0\0\x04\x30\0\0\0\x35\x1e\0\0\x6d\
\x01\0\0\0\0\0\0\xd1\x17\0\0\xbf\0\0\0\xc0\0\0\0\x7f\x1f\0\0\x87\x01\0\0\0\x01\
\0\0\x8a\x51\0\0\xae\x01\0\0\x40\x01\0\0\x94\x51\0\0\x16\0\0\x04\xa8\x01\0\0\
\x9c\x51\0\0\x4e\x03\0\0\0\0\0\0\x06\x28\0\0\x1d\0\0\0\xc0\x01\0\0\xa3\x51\0\0\
\xae\x01\0\0\0\x02\0\0\xac\x51\0\0\x59\0\0\0\x40\x02\0\0\xb5\x51\0\0\x02\0\0\0\
\x80\x02\0\0\x24\x03\0\0\x2f\0\0\0\xc0\x02\0\0\xbe\x51\0\0\x2f\0\0\0\x40\x03\0\
\0\xc7\x51\0\0\x2f\0\0\0\xc0\x03\0\0\xd3\x51\0\0\x2f\0\0\0\x40\x04\0\0\xde\x51\
\0\0\x5c\x03\0\0\xc0\x04\0\0\xea\x51\0\0\x2f\0\0\0\x40\x08\0\0\xf9\x51\0\0\x2f\
\0\0\0\xc0\x08\0\0\x0d\x52\0\0\xf0\0\0\0\x40\x09\0\0\x13\x52\0\0\x2f\0\0\0\xc0\
\x09\0\0\x1e\x52\0\0\x2f\0\0\0\x40\x0a\0\0\x32\x52\0\0\x2f\0\0\0\xc0\x0a\0\0\
\x46\x52\0\0\x2f\0\0\0\x40\x0b\0\0\x4e\x52\0\0\x59\0\0\0\xc0\x0b\0\0\x5a\x52\0\
\0\x59\0\0\0\0\x0c\0\0\x66\x52\0\0\xae\x01\0\0\x40\x0c\0\0\x72\x52\0\0\x7a\0\0\
\0\x80\x0c\0\0\x77\x14\0\0\x66\0\0\0\xc0\x0c\0\0\0\0\0\0\0\0\0\x03\0\0\0\0\x6b\
\0\0\0\x04\0\0\0\x07\0\0\0\xb9\x13\0\0\x26\0\0\x04\x90\x08\0\0\x77\x52\0\0\x58\
\0\0\0\0\0\0\0\xac\0\0\0\x0f\0\0\0\x40\x06\0\0\xe9\x1d\0\0\x02\0\0\0\x80\x06\0\
\0\x7c\x52\0\0\x02\0\0\0\xa0\x06\0\0\x86\x52\0\0\x02\0\0\0\xc0\x06\0\0\x95\x52\
\0\0\x02\0\0\0\xe0\x06\0\0\xaa\x52\0\0\x02\0\0\0\0\x07\0\0\xba\x52\0\0\x02\0\0\
\0\x20\x07\0\0\xcd\x52\0\0\x02\0\0\0\x40\x07\0\0\xea\x52\0\0\x02\0\0\0\x60\x07\
\0\0\x09\x53\0\0\x02\0\0\0\x80\x07\0\0\x1e\x53\0\0\xde\x01\0\0\xc0\x07\0\0\x21\
\x53\0\0\x5a\x03\0\0\0\x08\0\0\x2c\x53\0\0\x5a\x03\0\0\xc0\x09\0\0\x38\x53\0\0\
\x25\0\0\0\x80\x0b\0\0\x48\x53\0\0\x25\0\0\0\x90\x0b\0\0\x58\x53\0\0\x25\0\0\0\
\xa0\x0b\0\0\x6c\x53\0\0\x25\0\0\0\xb0\x0b\0\0\x9c\x51\0\0\x4e\x03\0\0\xc0\x0b\
\0\0\x13\x24\0\0\x5b\x03\0\0\x80\x0d\0\0\x80\x53\0\0\x2f\0\0\0\xc0\x0d\0\0\x8b\
\x53\0\0\x5c\x03\0\0\x40\x0e\0\0\x93\x53\0\0\x59\0\0\0\xc0\x11\0\0\x9c\x53\0\0\
\x59\0\0\0\0\x12\0\0\xa9\x53\0\0\x5d\x03\0\0\x40\x12\0\0\xb3\x53\0\0\x2f\0\0\0\
\x80\x12\0\0\xc2\x53\0\0\x5e\x03\0\0\0\x13\0\0\xcd\x53\0\0\x5e\x03\0\0\xc0\x13\
\0\0\x71\x05\0\0\xf5\0\0\0\x80\x14\0\0\xd3\x53\0\0\x2f\0\0\0\x40\x15\0\0\xdc\
\x53\0\0\x92\0\0\0\xc0\x15\0\0\xea\x53\0\0\xeb\0\0\0\xc0\x16\0\0\xf8\x53\0\0\
\x5d\0\0\0\x80\x17\0\0\x0b\x54\0\0\x60\x03\0\0\x80\x18\0\0\x0f\x54\0\0\x71\x03\
\0\0\x40\x2d\0\0\x13\x54\0\0\x1f\0\0\0\xc0\x43\0\0\x24\x54\0\0\x8f\x03\0\0\xe0\
\x43\0\0\x2c\x54\0\0\x90\x03\0\0\x80\x44\0\0\x39\x54\0\0\x0d\0\0\x04\x80\0\0\0\
\x26\x1b\0\0\x1f\0\0\0\0\0\0\0\xcb\x3a\0\0\x1f\0\0\0\x20\0\0\0\xc1\x04\0\0\xde\
\x01\0\0\x40\0\0\0\xd6\x20\0\0\xcc\0\0\0\x80\0\0\0\x2a\0\0\0\x2d\0\0\0\xc0\0\0\
\0\x35\x1e\0\0\x24\x01\0\0\x80\x01\0\0\x98\x20\0\0\x12\0\0\0\xc0\x01\0\0\0\0\0\
\0\x51\x03\0\0\0\x02\0\0\x45\x54\0\0\x1c\0\0\0\0\x03\0\0\xd6\x13\0\0\x31\0\0\0\
\x40\x03\0\0\xac\0\0\0\x27\0\0\0\x80\x03\0\0\xd8\x25\0\0\x7c\x01\0\0\x90\x03\0\
\0\x4a\x54\0\0\x59\x03\0\0\xc0\x03\0\0\0\0\0\0\x03\0\0\x05\x20\0\0\0\x44\x25\0\
\0\x52\x03\0\0\0\0\0\0\x50\x54\0\0\x54\x03\0\0\0\0\0\0\xcb\x2a\0\0\x55\x03\0\0\
\0\0\0\0\x58\x54\0\0\x04\0\0\x04\x20\0\0\0\x68\x54\0\0\x0f\0\0\0\0\0\0\0\xc8\
\x04\0\0\x3b\0\0\0\x40\0\0\0\x13\x24\0\0\x53\x03\0\0\x80\0\0\0\x70\x54\0\0\x0f\
\0\0\0\xc0\0\0\0\0\0\0\0\0\0\0\x02\xe4\x06\0\0\x74\x54\0\0\x01\0\0\x04\x08\0\0\
\0\x88\x54\0\0\xde\x01\0\0\0\0\0\0\x92\x54\0\0\x04\0\0\x04\x20\0\0\0\x25\x25\0\
\0\x56\x03\0\0\0\0\0\0\xb6\x32\0\0\x58\x03\0\0\x40\0\0\0\xd5\x1a\0\0\x94\0\0\0\
\x80\0\0\0\xa3\x54\0\0\xde\x01\0\0\xc0\0\0\0\0\0\0\0\0\0\0\x02\x57\x03\0\0\0\0\
\0\0\0\0\0\x0a\x48\x07\0\0\0\0\0\0\0\0\0\x02\x49\x07\0\0\0\0\0\0\0\0\0\x02\x4a\
\x07\0\0\xaf\x54\0\0\x03\0\0\x04\x38\0\0\0\x1e\x53\0\0\xde\x01\0\0\0\0\0\0\xbb\
\x54\0\0\x0f\0\0\0\x40\0\0\0\xc7\x54\0\0\xc4\x01\0\0\x80\0\0\0\0\0\0\0\0\0\0\
\x02\x4b\x07\0\0\0\0\0\0\0\0\0\x03\0\0\0\0\x2f\0\0\0\x04\0\0\0\x07\0\0\0\0\0\0\
\0\0\0\0\x02\x4c\x07\0\0\xd4\x54\0\0\x01\0\0\x04\x18\0\0\0\xe5\x54\0\0\x5f\x03\
\0\0\0\0\0\0\xed\x54\0\0\x03\0\0\x04\x18\0\0\0\x65\x05\0\0\x31\0\0\0\0\0\0\0\
\x5f\x05\0\0\x31\0\0\0\x40\0\0\0\x9a\x0c\0\0\x0a\0\0\0\x80\0\0\0\xfa\x54\0\0\
\x14\0\0\x04\x98\x02\0\0\x04\x55\0\0\x92\0\0\0\0\0\0\0\x0e\x55\0\0\x61\x03\0\0\
\0\x01\0\0\x13\x55\0\0\x3e\x03\0\0\x40\x01\0\0\x1d\x55\0\0\x31\0\0\0\xc0\x02\0\
\0\x2d\x55\0\0\x31\0\0\0\0\x03\0\0\x3d\x55\0\0\x62\x03\0\0\x40\x03\0\0\x47\x55\
\0\0\x6e\x03\0\0\0\x06\0\0\x05\x0d\0\0\x6f\x03\0\0\0\x09\0\0\x4d\x55\0\0\x28\0\
\0\0\x80\x0d\0\0\x57\x55\0\0\xc4\x01\0\0\xc0\x0d\0\0\x62\x55\0\0\xeb\0\0\0\0\
\x0f\0\0\x6c\x55\0\0\x1f\0\0\0\xc0\x0f\0\0\x78\x55\0\0\x92\0\0\0\0\x10\0\0\x85\
\x55\0\0\x2f\0\0\0\0\x11\0\0\x8e\x55\0\0\x70\x03\0\0\x80\x11\0\0\x9a\x55\0\0\
\x10\0\0\0\x40\x12\0\0\xa6\x55\0\0\x31\0\0\0\x80\x12\0\0\xb6\x55\0\0\x3e\x03\0\
\0\xc0\x12\0\0\xc4\x55\0\0\x31\0\0\0\x40\x14\0\0\xd8\x55\0\0\x31\0\0\0\x80\x14\
\0\0\0\0\0\0\0\0\0\x02\x4d\x07\0\0\xe6\x55\0\0\x04\0\0\x04\x58\0\0\0\x6f\x14\0\
\0\x5d\0\0\0\0\0\0\0\xf3\x55\0\0\xc4\x01\0\0\0\x01\0\0\x74\x14\0\0\x6a\0\0\0\
\x40\x02\0\0\xcb\0\0\0\x02\0\0\0\x80\x02\0\0\xf9\x55\0\0\x15\0\0\x04\x40\x01\0\
\0\x0a\x56\0\0\x2f\0\0\0\0\0\0\0\x89\x13\0\0\x2f\0\0\0\x80\0\0\0\xba\x19\0\0\
\x92\0\0\0\0\x01\0\0\x0f\x56\0\0\x02\0\0\0\0\x02\0\0\x1a\x56\0\0\x02\0\0\0\x20\
\x02\0\0\x26\x56\0\0\x1f\0\0\0\x40\x02\0\0\x37\x56\0\0\x64\x03\0\0\x80\x02\0\0\
\x45\x56\0\0\x2f\0\0\0\xc0\x02\0\0\x53\x56\0\0\x2f\0\0\0\x40\x03\0\0\x64\x56\0\
\0\x2f\0\0\0\xc0\x03\0\0\x6c\x56\0\0\x65\x03\0\0\x40\x04\0\0\x74\x56\0\0\x02\0\
\0\0\x80\x04\0\0\x80\x56\0\0\x02\0\0\0\xa0\x04\0\0\x91\x56\0\0\x66\x03\0\0\xc0\
\x04\0\0\x9f\x56\0\0\x67\x03\0\0\0\x05\0\0\xa7\x56\0\0\x68\x03\0\0\x40\x05\0\0\
\xd6\x20\0\0\x69\x03\0\0\x80\x05\0\0\x85\x13\0\0\x66\0\0\0\x40\x06\0\0\xac\0\0\
\0\x12\0\0\0\0\x08\0\0\xae\x56\0\0\x67\x03\0\0\x40\x08\0\0\xb7\x56\0\0\x6d\x03\
\0\0\x80\x08\0\0\0\0\0\0\0\0\0\x02\0\x07\0\0\0\0\0\0\0\0\0\x02\x01\x07\0\0\0\0\
\0\0\0\0\0\x02\x03\x07\0\0\0\0\0\0\0\0\0\x02\x6a\x03\0\0\0\0\0\0\0\0\0\x02\x04\
\x07\0\0\0\0\0\0\0\0\0\x03\0\0\0\0\xce\0\0\0\x04\0\0\0\x18\0\0\0\xc4\x56\0\0\
\x0d\0\0\x04\0\x01\0\0\xd3\x56\0\0\x6b\x03\0\0\0\0\0\0\x74\x14\0\0\x6a\0\0\0\
\x40\0\0\0\x0f\x56\0\0\x02\0\0\0\x80\0\0\0\x1a\x56\0\0\x02\0\0\0\xa0\0\0\0\xc0\
\x13\0\0\x02\0\0\0\xc0\0\0\0\xd8\x56\0\0\x6c\x03\0\0\xe0\0\0\0\xc2\x27\0\0\x02\
\0\0\0\xe0\x02\0\0\xe5\x56\0\0\x02\0\0\0\0\x03\0\0\xf0\x56\0\0\x2f\0\0\0\x40\
\x03\0\0\xff\x56\0\0\x2f\0\0\0\xc0\x03\0\0\x09\x57\0\0\x2f\0\0\0\x40\x04\0\0\
\x15\x57\0\0\x5d\0\0\0\xc0\x04\0\0\x85\x13\0\0\x66\0\0\0\xc0\x05\0\0\0\0\0\0\0\
\0\0\x02\x02\x07\0\0\0\0\0\0\0\0\0\x03\0\0\0\0\x02\0\0\0\x04\0\0\0\x10\0\0\0\0\
\0\0\0\0\0\0\x03\0\0\0\0\x67\x03\0\0\x04\0\0\0\0\0\0\0\0\0\0\0\0\0\0\x03\0\0\0\
\0\x31\0\0\0\x04\0\0\0\x0c\0\0\0\0\0\0\0\0\0\0\x03\0\0\0\0\x0f\0\0\0\x04\0\0\0\
\x12\0\0\0\0\0\0\0\0\0\0\x03\0\0\0\0\x10\0\0\0\x04\0\0\0\x06\0\0\0\x2a\x57\0\0\
\x07\0\0\x04\xd0\x02\0\0\x35\x57\0\0\x8c\x03\0\0\0\0\0\0\x3f\x57\0\0\x8d\x03\0\
\0\xc0\x05\0\0\xac\0\0\0\x8e\x03\0\0\x40\x11\0\0\x45\x57\0\0\x2f\0\0\0\x40\x14\
\0\0\x4e\x57\0\0\x1c\x03\0\0\xc0\x14\0\0\xc0\x13\0\0\x5b\0\0\0\0\x15\0\0\x57\
\x57\0\0\x5d\0\0\0\x80\x15\0\0\x64\x57\0\0\x02\0\0\x04\x10\0\0\0\x85\x13\0\0\
\x66\0\0\0\0\0\0\0\x73\x57\0\0\x8b\x03\0\0\x80\0\0\0\x79\x57\0\0\x02\0\0\x04\
\x18\0\0\0\x93\x2c\0\0\x13\x03\0\0\0\0\0\0\0\0\0\0\x83\x03\0\0\x40\0\0\0\x8d\
\x57\0\0\x19\0\0\x84\x48\0\0\0\xb1\x39\0\0\x25\0\0\0\0\0\0\0\x96\x57\0\0\x25\0\
\0\0\x10\0\0\x01\x9c\x57\0\0\x25\0\0\0\x11\0\0\x01\xaa\x57\0\0\x25\0\0\0\x12\0\
\0\x01\xb9\x57\0\0\x25\0\0\0\x13\0\0\x01\xc3\x57\0\0\x25\0\0\0\x14\0\0\x01\xce\
\x57\0\0\x25\0\0\0\x15\0\0\x01\xd6\x57\0\0\x25\0\0\0\x16\0\0\x01\xde\x57\0\0\
\x25\0\0\0\x17\0\0\x01\xee\x57\0\0\x25\0\0\0\x18\0\0\x01\0\x58\0\0\x25\0\0\0\
\x19\0\0\x01\x1d\x58\0\0\x25\0\0\0\x1a\0\0\x01\x2c\x58\0\0\x25\0\0\0\x1b\0\0\
\x01\x19\0\0\0\x75\x03\0\0\x20\0\0\0\x3d\x58\0\0\x76\x03\0\0\x40\0\0\0\x8d\x26\
\0\0\x10\0\0\0\x60\0\0\0\x52\x58\0\0\x10\0\0\0\x80\0\0\0\x5c\x58\0\0\x77\x03\0\
\0\xa0\0\0\0\x60\x58\0\0\x78\x03\0\0\0\x01\0\0\xcb\x3a\0\0\xf4\0\0\0\x40\x01\0\
\0\x66\x58\0\0\x79\x03\0\0\x80\x01\0\0\x6f\x58\0\0\x7e\x03\0\0\xc0\x01\0\0\x73\
\x58\0\0\x7f\x03\0\0\0\x02\0\0\x7d\x58\0\0\x81\x03\0\0\x40\x02\0\0\x83\x58\0\0\
\x82\x03\0\0\x40\x02\0\0\x8a\x58\0\0\x20\0\0\x06\x04\0\0\0\x98\x58\0\0\0\0\0\0\
\xad\x58\0\0\x01\0\0\0\xc9\x58\0\0\x02\0\0\0\xde\x58\0\0\x03\0\0\0\xf6\x58\0\0\
\x04\0\0\0\x0e\x59\0\0\x05\0\0\0\x27\x59\0\0\x06\0\0\0\x39\x59\0\0\x07\0\0\0\
\x52\x59\0\0\x08\0\0\0\x6b\x59\0\0\x09\0\0\0\x85\x59\0\0\x0a\0\0\0\x9a\x59\0\0\
\x0b\0\0\0\xb0\x59\0\0\x0c\0\0\0\xc7\x59\0\0\x0d\0\0\0\xde\x59\0\0\x0e\0\0\0\
\xf3\x59\0\0\x0f\0\0\0\x0f\x5a\0\0\x10\0\0\0\x24\x5a\0\0\x11\0\0\0\x41\x5a\0\0\
\x12\0\0\0\x60\x5a\0\0\x13\0\0\0\x7c\x5a\0\0\x14\0\0\0\x95\x5a\0\0\x15\0\0\0\
\xb0\x5a\0\0\x16\0\0\0\xcd\x5a\0\0\x17\0\0\0\xe9\x5a\0\0\x18\0\0\0\x0f\x5b\0\0\
\x19\0\0\0\x2c\x5b\0\0\x1a\0\0\0\x42\x5b\0\0\x1b\0\0\0\x5b\x5b\0\0\x1c\0\0\0\
\x6d\x5b\0\0\x1d\0\0\0\x7f\x5b\0\0\x1e\0\0\0\x97\x5b\0\0\x1f\0\0\0\xad\x5b\0\0\
\x2b\0\0\x06\x04\0\0\0\xbd\x5b\0\0\0\0\0\0\xd5\x5b\0\0\x01\0\0\0\xec\x5b\0\0\
\x02\0\0\0\x08\x5c\0\0\x03\0\0\0\x1c\x5c\0\0\x04\0\0\0\x35\x5c\0\0\x05\0\0\0\
\x4f\x5c\0\0\x06\0\0\0\x61\x5c\0\0\x07\0\0\0\x74\x5c\0\0\x08\0\0\0\x8a\x5c\0\0\
\x09\0\0\0\xa0\x5c\0\0\x0a\0\0\0\xb9\x5c\0\0\x0b\0\0\0\xd2\x5c\0\0\x0c\0\0\0\
\xed\x5c\0\0\x0d\0\0\0\x08\x5d\0\0\x0e\0\0\0\x20\x5d\0\0\x0f\0\0\0\x38\x5d\0\0\
\x10\0\0\0\x47\x5d\0\0\x11\0\0\0\x5a\x5d\0\0\x12\0\0\0\x6c\x5d\0\0\x13\0\0\0\
\x84\x5d\0\0\x14\0\0\0\x9c\x5d\0\0\x15\0\0\0\xb2\x5d\0\0\x16\0\0\0\xc8\x5d\0\0\
\x17\0\0\0\xd9\x5d\0\0\x18\0\0\0\xea\x5d\0\0\x19\0\0\0\xfa\x5d\0\0\x1a\0\0\0\
\x0c\x5e\0\0\x1b\0\0\0\x18\x5e\0\0\x1c\0\0\0\x27\x5e\0\0\x1d\0\0\0\x44\x5e\0\0\
\x1e\0\0\0\x61\x5e\0\0\x1f\0\0\0\x7e\x5e\0\0\x20\0\0\0\x9b\x5e\0\0\x21\0\0\0\
\xaa\x5e\0\0\x22\0\0\0\xc7\x5e\0\0\x23\0\0\0\xd6\x5e\0\0\x24\0\0\0\xe4\x5e\0\0\
\x25\0\0\0\xec\x5e\0\0\x26\0\0\0\xff\x5e\0\0\x27\0\0\0\x17\x5f\0\0\x28\0\0\0\
\x3a\x5f\0\0\x29\0\0\0\x49\x5f\0\0\x2a\0\0\0\0\0\0\0\0\0\0\x03\0\0\0\0\x45\0\0\
\0\x04\0\0\0\x08\0\0\0\0\0\0\0\0\0\0\x02\x1b\x07\0\0\0\0\0\0\0\0\0\x02\x7a\x03\
\0\0\0\0\0\0\x02\0\0\x0d\x12\0\0\0\0\0\0\0\x24\x01\0\0\0\0\0\0\x7b\x03\0\0\0\0\
\0\0\0\0\0\x02\x7c\x03\0\0\0\0\0\0\0\0\0\x0a\x7d\x03\0\0\x5f\x5f\0\0\x05\0\0\
\x84\x08\0\0\0\x68\x5f\0\0\x46\0\0\0\0\0\0\0\x6d\x5f\0\0\x46\0\0\0\x08\0\0\x04\
\x75\x5f\0\0\x46\0\0\0\x0c\0\0\x04\x7d\x5f\0\0\xbb\0\0\0\x10\0\0\0\x81\x5f\0\0\
\x08\x01\0\0\x20\0\0\0\0\0\0\0\0\0\0\x02\x1c\x07\0\0\0\0\0\0\0\0\0\x02\x23\x07\
\0\0\x85\x5f\0\0\x04\0\0\x04\x08\0\0\0\x68\x5f\0\0\x26\0\0\0\0\0\0\0\x91\x5f\0\
\0\x46\0\0\0\x10\0\0\0\x94\x5f\0\0\x46\0\0\0\x18\0\0\0\x97\x5f\0\0\x11\0\0\0\
\x20\0\0\0\0\0\0\0\0\0\0\x03\0\0\0\0\x80\x03\0\0\x04\0\0\0\0\0\0\0\0\0\0\0\0\0\
\0\x03\0\0\0\0\x7d\x03\0\0\x04\0\0\0\0\0\0\0\0\0\0\0\x02\0\0\x05\x10\0\0\0\x99\
\x5f\0\0\x8a\x03\0\0\0\0\0\0\x98\x2c\0\0\x31\0\0\0\0\0\0\0\0\0\0\0\0\0\0\x02\
\x85\x03\0\0\xa8\x5f\0\0\x07\0\0\x04\x68\0\0\0\0\0\0\0\x86\x03\0\0\0\0\0\0\xbb\
\x5f\0\0\x88\x03\0\0\x40\0\0\0\xd3\x1f\0\0\x89\x03\0\0\x80\0\0\0\xbf\x5f\0\0\
\x2f\0\0\0\0\x01\0\0\xc8\x5f\0\0\x2f\0\0\0\x80\x01\0\0\xe0\x12\0\0\x2d\0\0\0\0\
\x02\0\0\x85\x13\0\0\x66\0\0\0\xc0\x02\0\0\0\0\0\0\x02\0\0\x05\x08\0\0\0\x5c\
\x22\0\0\x87\x03\0\0\0\0\0\0\xd0\x5f\0\0\x1c\0\0\0\0\0\0\0\0\0\0\0\0\0\0\x02\
\x10\x07\0\0\0\0\0\0\0\0\0\x02\x69\x07\0\0\xdb\x5f\0\0\x02\0\0\x04\x10\0\0\0\
\xf2\x5f\0\0\x32\0\0\0\0\0\0\0\x02\x60\0\0\x11\0\0\0\x40\0\0\0\0\0\0\0\0\0\0\
\x03\0\0\0\0\x84\x03\0\0\x04\0\0\0\x02\0\0\0\0\0\0\0\0\0\0\x03\0\0\0\0\x73\x03\
\0\0\x04\0\0\0\0\0\0\0\0\0\0\0\0\0\0\x03\0\0\0\0\x1c\x03\0\0\x04\0\0\0\x17\0\0\
\0\0\0\0\0\0\0\0\x03\0\0\0\0\x2f\0\0\0\x04\0\0\0\x17\0\0\0\0\0\0\0\0\0\0\x03\0\
\0\0\0\x10\0\0\0\x04\0\0\0\x17\0\0\0\x0e\x60\0\0\x04\0\0\x04\x10\0\0\0\x23\x60\
\0\0\x7a\0\0\0\0\0\0\0\x2a\x60\0\0\x02\0\0\0\x20\0\0\0\x33\x60\0\0\x02\0\0\0\
\x40\0\0\0\x49\x60\0\0\x02\0\0\0\x60\0\0\0\0\0\0\0\0\0\0\x03\0\0\0\0\x31\0\0\0\
\x04\0\0\0\0\0\0\0\x9d\x60\0\0\x19\0\0\x04\x38\x03\0\0\xab\x60\0\0\xa0\x03\0\0\
\0\0\0\0\xaf\x60\0\0\xd6\0\0\0\x40\x14\0\0\xb8\x60\0\0\x02\0\0\0\xc0\x14\0\0\
\xc2\x60\0\0\x12\0\0\0\xe0\x14\0\0\xcd\x60\0\0\x12\0\0\0\0\x15\0\0\xd8\x60\0\0\
\x12\0\0\0\x20\x15\0\0\xe3\x60\0\0\x1f\0\0\0\x40\x15\0\0\xed\x60\0\0\x1f\0\0\0\
\x60\x15\0\0\xf6\x60\0\0\x18\x01\0\0\x80\x15\0\0\x01\x61\0\0\x18\x01\0\0\xc0\
\x15\0\0\x0c\x61\0\0\x0f\0\0\0\0\x16\0\0\x14\x61\0\0\x02\0\0\0\x40\x16\0\0\x1f\
\x61\0\0\x02\0\0\0\x60\x16\0\0\x2f\x61\0\0\xa1\x03\0\0\x80\x16\0\0\x38\x61\0\0\
\x88\0\0\0\x40\x17\0\0\x3f\x61\0\0\x12\0\0\0\x80\x17\0\0\x4f\x61\0\0\x12\0\0\0\
\xa0\x17\0\0\x5d\x61\0\0\x12\0\0\0\xc0\x17\0\0\x68\x61\0\0\x12\0\0\0\xe0\x17\0\
\0\x77\x61\0\0\x12\0\0\0\0\x18\0\0\x86\x61\0\0\x12\0\0\0\x20\x18\0\0\xd1\x17\0\
\0\xbf\0\0\0\x40\x18\0\0\x7f\x1f\0\0\x87\x01\0\0\x80\x18\0\0\x99\x61\0\0\x22\0\
\0\0\xc0\x18\0\0\x35\x1e\0\0\x6d\x01\0\0\0\x19\0\0\xa3\x61\0\0\x07\0\0\x04\xd8\
\0\0\0\xab\x61\0\0\x02\0\0\0\0\0\0\0\x0f\x51\0\0\x27\0\0\0\x20\0\0\0\xb2\x61\0\
\0\xae\0\0\0\x40\0\0\0\xb8\x61\0\0\0\x03\0\0\x80\x01\0\0\xc1\x61\0\0\x02\0\0\0\
\x40\x02\0\0\xc9\x61\0\0\x02\0\0\0\x60\x02\0\0\xd2\x61\0\0\x93\x03\0\0\x80\x02\
\0\0\xd9\x61\0\0\x09\0\0\x04\x88\0\0\0\xe4\x61\0\0\x94\x03\0\0\0\0\0\0\xe8\x61\
\0\0\x12\0\0\0\x40\0\0\0\xf0\x61\0\0\x12\0\0\0\x60\0\0\0\xdb\x29\0\0\x95\x03\0\
\0\x80\0\0\0\xfa\x61\0\0\x7a\0\0\0\xc0\x01\0\0\x01\x62\0\0\x5d\0\0\0\0\x02\0\0\
\xba\x19\0\0\x92\0\0\0\0\x03\0\0\x76\x11\0\0\x8d\0\0\0\0\x04\0\0\x0a\x62\0\0\
\x1f\0\0\0\x20\x04\0\0\0\0\0\0\0\0\0\x02\xe6\x06\0\0\x11\x62\0\0\x0a\0\0\x04\
\x28\0\0\0\x23\x62\0\0\x25\0\0\0\0\0\0\0\xe8\x61\0\0\x25\0\0\0\x10\0\0\0\x2e\
\x62\0\0\x25\0\0\0\x20\0\0\0\x39\x62\0\0\x25\0\0\0\x30\0\0\0\x45\x62\0\0\x12\0\
\0\0\x40\0\0\0\x4e\x62\0\0\x25\0\0\0\x60\0\0\0\x57\x62\0\0\x7a\0\0\0\x70\0\0\0\
\x6b\x62\0\0\x96\x03\0\0\x80\0\0\0\x72\x62\0\0\x99\x03\0\0\xc0\0\0\0\x7d\x62\0\
\0\x9a\x03\0\0\0\x01\0\0\x87\x62\0\0\0\0\0\x08\x97\x03\0\0\0\0\0\0\0\0\0\x02\
\x98\x03\0\0\0\0\0\0\x03\0\0\x0d\x10\0\0\0\0\0\0\0\x24\x01\0\0\0\0\0\0\x10\0\0\
\0\0\0\0\0\x10\0\0\0\x94\x62\0\0\0\0\0\x08\x97\x03\0\0\xa5\x62\0\0\0\0\0\x08\
\x9b\x03\0\0\0\0\0\0\0\0\0\x02\x9c\x03\0\0\0\0\0\0\x02\0\0\x0d\x02\0\0\0\0\0\0\
\0\x9d\x03\0\0\0\0\0\0\x24\x01\0\0\0\0\0\0\0\0\0\x02\x9e\x03\0\0\xb5\x62\0\0\
\x02\0\0\x04\x10\0\0\0\xcc\x62\0\0\x9f\x03\0\0\0\0\0\0\xd3\x1f\0\0\x24\x01\0\0\
\x40\0\0\0\0\0\0\0\0\0\0\x02\x93\x03\0\0\0\0\0\0\0\0\0\x03\0\0\0\0\x92\x03\0\0\
\x04\0\0\0\x03\0\0\0\xcf\x62\0\0\x03\0\0\x04\x18\0\0\0\xde\x62\0\0\xa2\x03\0\0\
\0\0\0\0\x3b\x0c\0\0\xa5\x03\0\0\x40\0\0\0\xec\x62\0\0\x02\0\0\0\x80\0\0\0\xf5\
\x62\0\0\0\0\0\x08\xa3\x03\0\0\0\0\0\0\0\0\0\x02\xa4\x03\0\0\0\0\0\0\x03\0\0\
\x0d\x02\0\0\0\0\0\0\0\xa5\x03\0\0\0\0\0\0\x0f\0\0\0\0\0\0\0\x1c\0\0\0\0\0\0\0\
\0\0\0\x02\xa1\x03\0\0\x03\x63\0\0\x04\0\0\x04\x20\0\0\0\x0c\x63\0\0\x89\0\0\0\
\0\0\0\0\x15\x63\0\0\xf1\x01\0\0\x40\0\0\0\x1c\x63\0\0\x02\0\0\0\x80\0\0\0\x26\
\x63\0\0\xbf\0\0\0\xc0\0\0\0\x15\x19\0\0\x10\0\0\x04\xc0\0\0\0\x31\x63\0\0\x12\
\0\0\0\0\0\0\0\x39\x63\0\0\xac\x01\0\0\x20\0\0\0\x3f\x63\0\0\xa8\x03\0\0\x40\0\
\0\0\x46\x63\0\0\x89\0\0\0\xc0\0\0\0\x4f\x63\0\0\xab\x03\0\0\0\x01\0\0\x56\x63\
\0\0\x8a\0\0\0\x80\x01\0\0\x5e\x63\0\0\xb0\x03\0\0\xc0\x01\0\0\x66\x63\0\0\xb1\
\x03\0\0\xc0\x02\0\0\x70\x63\0\0\xb4\x03\0\0\0\x03\0\0\x75\x63\0\0\xf1\x01\0\0\
\x40\x03\0\0\x7a\x63\0\0\x0f\0\0\0\x80\x03\0\0\x81\x63\0\0\x1c\0\0\0\xc0\x03\0\
\0\0\0\0\0\x50\x04\0\0\0\x04\0\0\x8a\x63\0\0\x2f\0\0\0\x80\x04\0\0\x92\x63\0\0\
\x2f\0\0\0\0\x05\0\0\x9c\x63\0\0\x51\x04\0\0\x80\x05\0\0\xa0\x63\0\0\x02\0\0\
\x04\x10\0\0\0\x3b\x0c\0\0\xa9\x03\0\0\0\0\0\0\x43\x1e\0\0\xaa\x03\0\0\x40\0\0\
\0\0\0\0\0\0\0\0\x02\xa8\x03\0\0\0\0\0\0\0\0\0\x02\xa9\x03\0\0\xae\x63\0\0\x02\
\0\0\x04\x10\0\0\0\0\0\0\0\xac\x03\0\0\0\0\0\0\xd6\x20\0\0\xae\x03\0\0\x40\0\0\
\0\0\0\0\0\x02\0\0\x05\x08\0\0\0\0\0\0\0\xad\x03\0\0\0\0\0\0\xb3\x63\0\0\x31\0\
\0\0\0\0\0\0\0\0\0\0\x02\0\0\x04\x08\0\0\0\x98\x20\0\0\x10\0\0\0\0\0\0\0\x8d\
\x26\0\0\x10\0\0\0\x20\0\0\0\0\0\0\0\0\0\0\x02\xaf\x03\0\0\0\0\0\0\0\0\0\x0a\
\x47\0\0\0\0\0\0\0\0\0\0\x03\0\0\0\0\x47\0\0\0\x04\0\0\0\x20\0\0\0\xbc\x63\0\0\
\x01\0\0\x04\x08\0\0\0\0\0\0\0\xb2\x03\0\0\0\0\0\0\0\0\0\0\x02\0\0\x05\x08\0\0\
\0\xc4\x63\0\0\x32\0\0\0\0\0\0\0\0\0\0\0\xb3\x03\0\0\0\0\0\0\0\0\0\0\x02\0\0\
\x04\x08\0\0\0\x76\x11\0\0\x8d\0\0\0\0\0\0\0\x26\x1b\0\0\x02\0\0\0\x20\0\0\0\0\
\0\0\0\0\0\0\x02\xb5\x03\0\0\0\0\0\0\0\0\0\x0a\x24\x04\0\0\xcf\x63\0\0\x41\0\0\
\x04\x80\x05\0\0\xdb\x63\0\0\x2f\0\0\0\0\0\0\0\xe2\x63\0\0\xf4\x01\0\0\x80\0\0\
\0\xe8\x63\0\0\x47\0\0\0\xa0\0\0\0\xf9\x63\0\0\x0f\0\0\0\xc0\0\0\0\x05\x64\0\0\
\x94\0\0\0\0\x01\0\0\x10\x64\0\0\xb7\x03\0\0\x40\x01\0\0\x17\x64\0\0\xb8\x03\0\
\0\x80\x01\0\0\x1c\x64\0\0\xba\x03\0\0\xc0\x01\0\0\x22\x64\0\0\xbc\x03\0\0\0\
\x02\0\0\x29\x64\0\0\xbe\x03\0\0\x40\x02\0\0\x35\x64\0\0\x0f\0\0\0\x80\x02\0\0\
\x3d\x64\0\0\x0f\0\0\0\xc0\x02\0\0\x46\x64\0\0\x0f\0\0\0\0\x03\0\0\x4e\x64\0\0\
\x89\0\0\0\x40\x03\0\0\x55\x64\0\0\xae\0\0\0\x80\x03\0\0\x5e\x64\0\0\x02\0\0\0\
\xc0\x04\0\0\x66\x64\0\0\x1f\0\0\0\xe0\x04\0\0\x6f\x64\0\0\x1c\0\0\0\0\x05\0\0\
\x7a\x64\0\0\xc0\x03\0\0\x40\x05\0\0\x82\x64\0\0\xc3\x03\0\0\x80\x05\0\0\x88\
\x64\0\0\xc5\x03\0\0\xc0\x05\0\0\x96\x64\0\0\xc6\x03\0\0\0\x06\0\0\x9c\x64\0\0\
\xc8\x03\0\0\x40\x06\0\0\xa7\x64\0\0\x26\0\0\0\x80\x06\0\0\xb8\x64\0\0\xc9\x03\
\0\0\xc0\x06\0\0\xc0\x64\0\0\x2f\0\0\0\0\x07\0\0\xc9\x64\0\0\xca\x03\0\0\x80\
\x07\0\0\xd0\x64\0\0\xa4\x01\0\0\xc0\x07\0\0\xd6\x64\0\0\xf8\x03\0\0\0\x08\0\0\
\xdc\x64\0\0\xf0\0\0\0\x40\x08\0\0\xe8\x64\0\0\x12\0\0\0\xc0\x08\0\0\xf6\x64\0\
\0\xfa\x03\0\0\0\x09\0\0\xfe\x64\0\0\x14\x04\0\0\xc0\x12\0\0\x08\x65\0\0\x1c\0\
\0\0\xc0\x1c\0\0\x12\x65\0\0\x10\0\0\0\0\x1d\0\0\x1e\x65\0\0\x0c\x01\0\0\x40\
\x1d\0\0\x29\x65\0\0\x0c\x01\0\0\x80\x1d\0\0\x34\x65\0\0\x11\0\0\0\xc0\x1d\0\0\
\x44\x65\0\0\xa8\x02\0\0\0\x1e\0\0\x55\x65\0\0\x20\x04\0\0\x40\x1e\0\0\x5a\x65\
\0\0\x21\x04\0\0\x40\x1f\0\0\x61\x65\0\0\x12\0\0\0\xc0\x1f\0\0\x6d\x65\0\0\x91\
\0\0\0\xe0\x1f\0\0\x74\x65\0\0\x92\0\0\0\0\x20\0\0\x87\x65\0\0\xcc\0\0\0\0\x21\
\0\0\x91\x65\0\0\xb4\x03\0\0\x40\x21\0\0\x98\x65\0\0\x02\0\0\0\x80\x21\0\0\xaa\
\x65\0\0\x45\x04\0\0\xc0\x21\0\0\xb3\x65\0\0\x5e\0\0\0\x80\x23\0\0\xc2\x65\0\0\
\x5e\0\0\0\xc0\x23\0\0\xd8\x65\0\0\x02\0\0\0\0\x24\0\0\xeb\x65\0\0\xa9\0\0\0\
\x20\x24\0\0\xf4\x65\0\0\x6a\0\0\0\x40\x24\0\0\x02\x66\0\0\x6f\0\0\0\x80\x24\0\
\0\x09\x66\0\0\xbf\0\0\0\xc0\x24\0\0\x13\x66\0\0\x4e\x04\0\0\0\x25\0\0\x20\x66\
\0\0\x4e\x04\0\0\x40\x25\0\0\x85\x13\0\0\x66\0\0\0\x80\x25\0\0\xee\x13\0\0\x5d\
\0\0\0\0\x26\0\0\x2c\x66\0\0\x92\0\0\0\0\x27\0\0\x38\x66\0\0\x02\0\0\0\0\x28\0\
\0\x46\x66\0\0\x8d\0\0\0\0\x2a\0\0\x58\x66\0\0\x2f\0\0\0\x40\x2a\0\0\x61\x66\0\
\0\x8d\0\0\0\xc0\x2a\0\0\x75\x66\0\0\x2f\0\0\0\0\x2b\0\0\0\0\0\0\0\0\0\x02\xea\
\x06\0\0\0\0\0\0\0\0\0\x02\xb9\x03\0\0\0\0\0\0\0\0\0\x0a\x8f\x07\0\0\0\0\0\0\0\
\0\0\x02\xbb\x03\0\0\0\0\0\0\0\0\0\x0a\x90\x07\0\0\0\0\0\0\0\0\0\x02\xbd\x03\0\
\0\0\0\0\0\0\0\0\x0a\x91\x07\0\0\0\0\0\0\0\0\0\x02\xbf\x03\0\0\0\0\0\0\0\0\0\
\x0a\x92\x07\0\0\0\0\0\0\0\0\0\x02\xc1\x03\0\0\0\0\0\0\0\0\0\x02\xc2\x03\0\0\0\
\0\0\0\0\0\0\x0a\x93\x07\0\0\0\0\0\0\0\0\0\x02\xc4\x03\0\0\0\0\0\0\0\0\0\x0a\
\x94\x07\0\0\0\0\0\0\0\0\0\x02\x98\x07\0\0\0\0\0\0\0\0\0\x02\xc7\x03\0\0\0\0\0\
\0\0\0\0\x0a\x99\x07\0\0\0\0\0\0\0\0\0\x02\x9a\x07\0\0\x81\x66\0\0\x01\0\0\x04\
\x08\0\0\0\x23\x15\0\0\xa9\x03\0\0\0\0\0\0\0\0\0\0\0\0\0\x02\xe9\x06\0\0\x84\
\x07\0\0\x13\0\0\x04\x60\x03\0\0\xd6\x13\0\0\x31\0\0\0\0\0\0\0\x27\x0d\0\0\x2d\
\0\0\0\x40\0\0\0\x8f\x66\0\0\x2f\0\0\0\0\x01\0\0\xe5\x1a\0\0\x0f\0\0\0\x80\x01\
\0\0\x98\x66\0\0\x0f\0\0\0\xc0\x01\0\0\xc0\x13\0\0\xdf\x01\0\0\0\x02\0\0\xe2\
\x2c\0\0\x12\0\0\0\x20\x02\0\0\xa1\x66\0\0\x12\0\0\0\x40\x02\0\0\xab\x66\0\0\
\x12\0\0\0\x60\x02\0\0\xb5\x66\0\0\x12\0\0\0\x80\x02\0\0\xc3\x66\0\0\x5e\0\0\0\
\xc0\x02\0\0\xd7\x66\0\0\xcc\x03\0\0\0\x03\0\0\xda\x66\0\0\x2f\0\0\0\xc0\x15\0\
\0\xe2\x66\0\0\xeb\0\0\0\x40\x16\0\0\xc6\x2c\0\0\xd3\x01\0\0\0\x17\0\0\xeb\x66\
\0\0\xf7\x03\0\0\x40\x17\0\0\xc0\x19\0\0\xd3\x01\0\0\x40\x19\0\0\xf4\x66\0\0\
\xc4\x01\0\0\x80\x19\0\0\x09\x67\0\0\x89\0\0\0\xc0\x1a\0\0\x13\x67\0\0\x1b\0\0\
\x04\x58\x02\0\0\x21\x67\0\0\xa4\x01\0\0\0\0\0\0\0\x13\0\0\x0f\0\0\0\x40\0\0\0\
\x25\x67\0\0\x0f\0\0\0\x80\0\0\0\x34\x67\0\0\x2f\0\0\0\xc0\0\0\0\x3c\x67\0\0\
\x2f\0\0\0\x40\x01\0\0\x41\x67\0\0\x2f\0\0\0\xc0\x01\0\0\x4b\x67\0\0\x2f\0\0\0\
\x40\x02\0\0\x74\x3e\0\0\x8d\0\0\0\xc0\x02\0\0\x58\x67\0\0\x1f\0\0\0\xe0\x02\0\
\0\x69\x67\0\0\xcd\x03\0\0\0\x03\0\0\x6e\x67\0\0\x0f\0\0\0\0\x08\0\0\x78\x67\0\
\0\x0f\0\0\0\x40\x08\0\0\x86\x67\0\0\x0f\0\0\0\x80\x08\0\0\x94\x67\0\0\x0f\0\0\
\0\xc0\x08\0\0\xa2\x67\0\0\x0f\0\0\0\0\x09\0\0\xb2\x67\0\0\x0f\0\0\0\x40\x09\0\
\0\xc6\x67\0\0\x0f\0\0\0\x80\x09\0\0\xd6\x67\0\0\x0f\0\0\0\xc0\x09\0\0\xef\x67\
\0\0\xce\x03\0\0\0\x0a\0\0\xfb\x67\0\0\x02\0\0\0\x80\x0b\0\0\x0a\x68\0\0\xcf\
\x03\0\0\xa0\x0b\0\0\x1b\x68\0\0\x8d\0\0\0\xc0\x0b\0\0\x25\x68\0\0\x2f\0\0\0\0\
\x0c\0\0\x2f\x68\0\0\x62\x03\0\0\x80\x0c\0\0\x35\x68\0\0\x62\x03\0\0\x40\x0f\0\
\0\x3e\x68\0\0\x0f\0\0\0\0\x12\0\0\x4a\x68\0\0\x2f\0\0\0\x40\x12\0\0\0\0\0\0\0\
\0\0\x03\0\0\0\0\x5b\x02\0\0\x04\0\0\0\x04\0\0\0\x53\x68\0\0\x03\0\0\x04\x30\0\
\0\0\x0d\x1d\0\0\x5b\x02\0\0\0\0\0\0\x85\x14\0\0\x12\0\0\0\x40\x01\0\0\x76\x11\
\0\0\x3f\0\0\0\x60\x01\0\0\x66\x68\0\0\x09\0\0\x06\x04\0\0\0\x70\x68\0\0\0\0\0\
\0\x85\x68\0\0\x01\0\0\0\x96\x68\0\0\x02\0\0\0\xa5\x68\0\0\x03\0\0\0\xb8\x68\0\
\0\x04\0\0\0\xcf\x68\0\0\x05\0\0\0\xe7\x68\0\0\x06\0\0\0\xff\x68\0\0\x07\0\0\0\
\x17\x69\0\0\x08\0\0\0\x25\x69\0\0\x2d\0\0\x84\xe8\x02\0\0\xa9\x36\0\0\xdb\x01\
\0\0\0\0\0\0\xc1\x04\0\0\xd3\x01\0\0\0\x02\0\0\xdb\x29\0\0\xd1\x03\0\0\x40\x02\
\0\0\x2c\x69\0\0\xcc\0\0\0\x80\x02\0\0\x19\0\0\0\xd2\x03\0\0\xc0\x02\0\0\x36\
\x69\0\0\xd4\x03\0\0\0\x03\0\0\x3a\x69\0\0\xd5\x03\0\0\x40\x03\0\0\x41\x69\0\0\
\x1c\0\0\0\x80\x03\0\0\x4f\x69\0\0\x1c\0\0\0\xc0\x03\0\0\xba\x19\0\0\x92\0\0\0\
\0\x04\0\0\x5b\x69\0\0\xd6\x03\0\0\0\x05\0\0\x61\x69\0\0\xd8\x03\0\0\xc0\x06\0\
\0\x67\x69\0\0\xe3\x03\0\0\x40\x10\0\0\x71\x69\0\0\xe4\x03\0\0\x80\x10\0\0\x7c\
\x69\0\0\xe5\x03\0\0\xc0\x10\0\0\x81\x69\0\0\x3f\0\0\0\0\x11\0\0\x8a\x69\0\0\
\x2f\0\0\0\x40\x11\0\0\x93\x69\0\0\xe6\x03\0\0\xc0\x11\0\0\x9b\x69\0\0\xe8\x03\
\0\0\0\x12\0\0\xa4\x69\0\0\x31\0\0\0\x40\x12\0\0\xb6\x69\0\0\x31\0\0\0\x80\x12\
\0\0\xc4\x69\0\0\xe9\x03\0\0\xc0\x12\0\0\xd2\x69\0\0\xeb\x03\0\0\0\x13\0\0\xdc\
\x69\0\0\x2f\0\0\0\x40\x13\0\0\xe6\x69\0\0\xec\x03\0\0\xc0\x13\0\0\xf5\x69\0\0\
\xed\x03\0\0\0\x14\0\0\xfe\x69\0\0\xee\x03\0\0\0\x14\0\0\x06\x6a\0\0\xef\x03\0\
\0\x40\x14\0\0\x0d\x6a\0\0\xf4\x01\0\0\x80\x14\0\0\xd6\x13\0\0\x10\0\0\0\xa0\
\x14\0\0\x12\x6a\0\0\x8d\0\0\0\xc0\x14\0\0\x1e\x6a\0\0\x2f\0\0\0\0\x15\0\0\xe7\
\x46\0\0\xf0\x03\0\0\x80\x15\0\0\x2a\x6a\0\0\xd4\x01\0\0\xc0\x15\0\0\xc1\x32\0\
\0\xf1\x03\0\0\0\x16\0\0\x31\x6a\0\0\xf3\x03\0\0\x40\x16\0\0\x3d\x6a\0\0\xf4\
\x03\0\0\x80\x16\0\0\x43\x6a\0\0\xf5\x03\0\0\xc0\x16\0\0\x55\x6a\0\0\xf6\x03\0\
\0\0\x17\0\0\x5f\x6a\0\0\x7a\0\0\0\x20\x17\0\x01\x71\x6a\0\0\x7a\0\0\0\x21\x17\
\0\x01\x82\x6a\0\0\x7a\0\0\0\x22\x17\0\x01\x8a\x6a\0\0\x7a\0\0\0\x23\x17\0\x01\
\x99\x6a\0\0\x7a\0\0\0\x24\x17\0\x01\xa6\x6a\0\0\x7a\0\0\0\x25\x17\0\x01\0\0\0\
\0\0\0\0\x02\x05\x07\0\0\0\0\0\0\0\0\0\x02\xd3\x03\0\0\0\0\0\0\0\0\0\x0a\x0b\
\x07\0\0\0\0\0\0\0\0\0\x02\x07\x07\0\0\0\0\0\0\0\0\0\x02\x06\x07\0\0\xb0\x6a\0\
\0\x04\0\0\x04\x38\0\0\0\xbf\x6a\0\0\x2f\0\0\0\0\0\0\0\xc9\x6a\0\0\x2f\0\0\0\
\x80\0\0\0\xd3\x6a\0\0\x2f\0\0\0\0\x01\0\0\x0c\x0b\0\0\xd7\x03\0\0\x80\x01\0\0\
\xde\x6a\0\0\x04\0\0\x06\x04\0\0\0\xeb\x6a\0\0\0\0\0\0\xfc\x6a\0\0\x01\0\0\0\
\x0b\x6b\0\0\x02\0\0\0\x1f\x6b\0\0\x03\0\0\0\x30\x6b\0\0\x34\0\0\x84\x30\x01\0\
\0\x3c\x6b\0\0\xd9\x03\0\0\0\0\0\0\x48\x6b\0\0\x12\0\0\0\x20\0\0\x01\x53\x6b\0\
\0\x12\0\0\0\x21\0\0\x01\x61\x6b\0\0\x7a\0\0\0\x22\0\0\x01\x6d\x6b\0\0\x7a\0\0\
\0\x23\0\0\x01\x79\x6b\0\0\x7a\0\0\0\x24\0\0\x01\x86\x6b\0\0\x7a\0\0\0\x25\0\0\
\x01\x99\x6b\0\0\x7a\0\0\0\x26\0\0\x01\xab\x6b\0\0\x7a\0\0\0\x27\0\0\x01\xb1\
\x6b\0\0\x7a\0\0\0\x28\0\0\x01\xbc\x6b\0\0\x7a\0\0\0\x29\0\0\x01\xcc\x6b\0\0\
\x10\0\0\0\x40\0\0\0\x76\x11\0\0\x8d\0\0\0\x60\0\0\0\x36\x14\0\0\x2f\0\0\0\x80\
\0\0\0\x98\x25\0\0\x79\x01\0\0\0\x01\0\0\xc6\x3e\0\0\xdb\x03\0\0\0\x02\0\0\xd9\
\x6b\0\0\x7a\0\0\0\x40\x02\0\x01\xe5\x6b\0\0\x7a\0\0\0\x41\x02\0\x01\xed\x6b\0\
\0\x7a\0\0\0\x42\x02\0\x01\xfd\x6b\0\0\x12\0\0\0\x43\x02\0\x01\x09\x6c\0\0\x12\
\0\0\0\x44\x02\0\x01\x19\x6c\0\0\x4e\0\0\0\x80\x02\0\0\x27\x6c\0\0\x31\0\0\0\
\x80\x04\0\0\x6f\x14\0\0\x5d\0\0\0\xc0\x04\0\0\x35\x6c\0\0\xeb\0\0\0\xc0\x05\0\
\0\x40\x6c\0\0\xdc\x03\0\0\x80\x06\0\0\x48\x6c\0\0\x1f\0\0\0\xc0\x06\0\0\x92\
\x2a\0\0\x1f\0\0\0\xe0\x06\0\0\x54\x6c\0\0\x12\0\0\0\0\x07\0\x03\x62\x6c\0\0\
\x12\0\0\0\x03\x07\0\x01\x74\x6c\0\0\x12\0\0\0\x04\x07\0\x01\x84\x6c\0\0\x12\0\
\0\0\x05\x07\0\x01\x94\x6c\0\0\x12\0\0\0\x06\x07\0\x01\xa7\x6c\0\0\x12\0\0\0\
\x07\x07\0\x01\xb4\x6c\0\0\x7a\0\0\0\x08\x07\0\x01\xc4\x6c\0\0\x12\0\0\0\x09\
\x07\0\x01\xd1\x6c\0\0\x12\0\0\0\x0a\x07\0\x01\xda\x6c\0\0\x12\0\0\0\x0b\x07\0\
\x01\xea\x6c\0\0\x12\0\0\0\x0c\x07\0\x01\xfd\x6c\0\0\x12\0\0\0\x0d\x07\0\x01\
\x0b\x6d\0\0\x12\0\0\0\x20\x07\0\0\x17\x6d\0\0\xdd\x03\0\0\x40\x07\0\0\x1f\x6d\
\0\0\xde\x03\0\0\x60\x07\0\0\x2e\x6d\0\0\x02\0\0\0\x80\x07\0\0\x3c\x6d\0\0\x02\
\0\0\0\xa0\x07\0\0\x4e\x6d\0\0\x31\0\0\0\xc0\x07\0\0\x58\x6d\0\0\x31\0\0\0\0\
\x08\0\0\x64\x6d\0\0\x31\0\0\0\x40\x08\0\0\x73\x6d\0\0\x31\0\0\0\x80\x08\0\0\
\x88\x6d\0\0\xdf\x03\0\0\xc0\x08\0\0\x94\x6d\0\0\xe0\x03\0\0\0\x09\0\0\xaa\x6d\
\0\0\xe2\x03\0\0\x40\x09\0\0\xae\x6d\0\0\0\0\0\x08\xda\x03\0\0\xbb\x6d\0\0\x01\
\0\0\x04\x04\0\0\0\xc0\x3e\0\0\x02\0\0\0\0\0\0\0\0\0\0\0\0\0\0\x02\x0c\x07\0\0\
\0\0\0\0\0\0\0\x02\x0d\x07\0\0\xc6\x6d\0\0\x05\0\0\x06\x04\0\0\0\xd2\x6d\0\0\0\
\0\0\0\xdf\x6d\0\0\x01\0\0\0\xec\x6d\0\0\x02\0\0\0\xfc\x6d\0\0\x03\0\0\0\x10\
\x6e\0\0\x04\0\0\0\x1f\x6e\0\0\x04\0\0\x06\x04\0\0\0\x2a\x6e\0\0\0\0\0\0\x35\
\x6e\0\0\x01\0\0\0\x42\x6e\0\0\x02\0\0\0\x50\x6e\0\0\x03\0\0\0\0\0\0\0\0\0\0\
\x02\xf4\x06\0\0\0\0\0\0\0\0\0\x02\xe1\x03\0\0\0\0\0\0\x02\0\0\x0d\0\0\0\0\0\0\
\0\0\xd3\x01\0\0\0\0\0\0\x07\x01\0\0\0\0\0\0\0\0\0\x02\xf5\x06\0\0\0\0\0\0\0\0\
\0\x02\x0f\x07\0\0\0\0\0\0\0\0\0\x02\xf6\x06\0\0\0\0\0\0\0\0\0\x02\x11\x07\0\0\
\0\0\0\0\0\0\0\x02\xe7\x03\0\0\0\0\0\0\0\0\0\x0a\x12\x07\0\0\0\0\0\0\0\0\0\x02\
\x31\0\0\0\0\0\0\0\0\0\0\x02\xea\x03\0\0\0\0\0\0\0\0\0\x0a\x13\x07\0\0\0\0\0\0\
\0\0\0\x02\x14\x07\0\0\0\0\0\0\0\0\0\x02\x15\x07\0\0\x5f\x6e\0\0\0\0\0\x04\0\0\
\0\0\0\0\0\0\0\0\0\x02\x0a\x07\0\0\0\0\0\0\0\0\0\x02\xf3\x06\0\0\0\0\0\0\0\0\0\
\x02\xf7\x06\0\0\0\0\0\0\0\0\0\x02\xf2\x03\0\0\0\0\0\0\x01\0\0\x0d\0\0\0\0\0\0\
\0\0\xd3\x01\0\0\0\0\0\0\0\0\0\x02\x09\x07\0\0\0\0\0\0\0\0\0\x02\x16\x07\0\0\0\
\0\0\0\0\0\0\x02\x17\x07\0\0\x6c\x6e\0\0\x04\0\0\x06\x04\0\0\0\x7d\x6e\0\0\0\0\
\0\0\x9c\x6e\0\0\x01\0\0\0\xb5\x6e\0\0\x02\0\0\0\xc2\x6e\0\0\x03\0\0\0\0\0\0\0\
\0\0\0\x03\0\0\0\0\xce\0\0\0\x04\0\0\0\x40\0\0\0\0\0\0\0\0\0\0\x02\xf9\x03\0\0\
\xd3\x6e\0\0\0\0\0\x07\0\0\0\0\xdc\x6e\0\0\x05\0\0\x04\x38\x01\0\0\xac\0\0\0\
\x12\0\0\0\0\0\0\0\xe7\x6e\0\0\xae\0\0\0\x40\0\0\0\x50\x06\0\0\xfb\x03\0\0\x80\
\x01\0\0\x05\x23\0\0\xff\x03\0\0\x40\x02\0\0\x25\x25\0\0\x13\x04\0\0\0\x09\0\0\
\0\0\0\0\0\0\0\x03\0\0\0\0\x8a\0\0\0\x04\0\0\0\x03\0\0\0\xf0\x6e\0\0\x09\0\0\
\x04\x48\0\0\0\xfb\x6e\0\0\xfd\x03\0\0\0\0\0\0\x06\x6f\0\0\x02\0\0\0\x40\0\0\0\
\x11\x6f\0\0\x2f\0\0\0\x80\0\0\0\x20\x6f\0\0\x0f\0\0\0\0\x01\0\0\x2a\x6f\0\0\
\x12\0\0\0\x40\x01\0\0\x35\x6f\0\0\x12\0\0\0\x60\x01\0\0\x40\x6f\0\0\xfe\x03\0\
\0\x80\x01\0\0\x52\x6f\0\0\xfe\x03\0\0\xc0\x01\0\0\x64\x6f\0\0\x1c\0\0\0\0\x02\
\0\0\0\0\0\0\0\0\0\x02\x9b\x07\0\0\x6d\x6f\0\0\0\0\0\x08\x36\0\0\0\0\0\0\0\0\0\
\0\x03\0\0\0\0\xfc\x03\0\0\x04\0\0\0\x03\0\0\0\0\0\0\0\0\0\0\x02\x01\x04\0\0\0\
\0\0\0\0\0\0\x0a\x02\x04\0\0\x75\x6f\0\0\x08\0\0\x04\x40\0\0\0\x86\x6f\0\0\x03\
\x04\0\0\0\0\0\0\x97\x6f\0\0\x03\x04\0\0\x40\0\0\0\xa6\x6f\0\0\x03\x04\0\0\x80\
\0\0\0\xb6\x6f\0\0\x03\x04\0\0\xc0\0\0\0\xc5\x6f\0\0\x05\x04\0\0\0\x01\0\0\xd0\
\x6f\0\0\x05\x04\0\0\x40\x01\0\0\xdd\x6f\0\0\x05\x04\0\0\x80\x01\0\0\xeb\x6f\0\
\0\x10\x04\0\0\xc0\x01\0\0\0\0\0\0\0\0\0\x02\x04\x04\0\0\0\0\0\0\x02\0\0\x0d\
\x02\0\0\0\0\0\0\0\xf1\x01\0\0\0\0\0\0\x02\0\0\0\0\0\0\0\0\0\0\x02\x06\x04\0\0\
\0\0\0\0\x01\0\0\x0d\x02\0\0\0\0\0\0\0\x07\x04\0\0\0\0\0\0\0\0\0\x02\x08\x04\0\
\0\xf7\x6f\0\0\x0c\0\0\x04\xd0\0\0\0\xfd\x6f\0\0\xf0\0\0\0\0\0\0\0\x05\x70\0\0\
\x2f\0\0\0\x80\0\0\0\x0e\x70\0\0\x2f\0\0\0\0\x01\0\0\x16\x70\0\0\x2f\0\0\0\x80\
\x01\0\0\x1f\x70\0\0\x92\0\0\0\0\x02\0\0\x27\x70\0\0\x8d\0\0\0\0\x03\0\0\x33\
\x70\0\0\x1f\0\0\0\x20\x03\0\0\x3c\x70\0\0\xf1\x01\0\0\x40\x03\0\0\x42\x70\0\0\
\x09\x04\0\0\x80\x03\0\0\x48\x70\0\0\x94\0\0\0\xc0\x03\0\0\x4f\x70\0\0\x0f\0\0\
\0\0\x04\0\0\x58\x70\0\0\x0f\x04\0\0\x40\x04\0\0\x5f\x70\0\0\x02\0\0\x04\x08\0\
\0\0\0\0\0\0\x0a\x04\0\0\0\0\0\0\x19\0\0\0\x0e\x04\0\0\x20\0\0\0\0\0\0\0\x03\0\
\0\x05\x04\0\0\0\x20\x1a\0\0\xa0\0\0\0\0\0\0\0\xc3\x1e\0\0\xfc\0\0\0\0\0\0\0\
\x64\x70\0\0\x0b\x04\0\0\0\0\0\0\x6b\x70\0\0\0\0\0\x08\x0c\x04\0\0\0\0\0\0\x01\
\0\0\x04\x04\0\0\0\xbd\x11\0\0\x0d\x04\0\0\0\0\0\0\x75\x70\0\0\0\0\0\x08\xa3\0\
\0\0\x7e\x70\0\0\x03\0\0\x06\x04\0\0\0\x89\x70\0\0\0\0\0\0\x92\x70\0\0\x01\0\0\
\0\x9b\x70\0\0\x02\0\0\0\xa4\x70\0\0\x09\0\0\x04\x48\0\0\0\xae\x70\0\0\xfe\x03\
\0\0\0\0\0\0\xbd\x70\0\0\xfe\x03\0\0\x40\0\0\0\xcc\x70\0\0\xfe\x03\0\0\x80\0\0\
\0\xd9\x70\0\0\xfe\x03\0\0\xc0\0\0\0\xe6\x70\0\0\xfe\x03\0\0\0\x01\0\0\xf5\x70\
\0\0\xfe\x03\0\0\x40\x01\0\0\x04\x71\0\0\xfe\x03\0\0\x80\x01\0\0\x12\x71\0\0\
\x0c\x01\0\0\xc0\x01\0\0\x1c\x71\0\0\x0c\x01\0\0\0\x02\0\0\0\0\0\0\0\0\0\x02\
\x11\x04\0\0\0\0\0\0\x02\0\0\x0d\x02\0\0\0\0\0\0\0\xf1\x01\0\0\0\0\0\0\x12\x04\
\0\0\0\0\0\0\0\0\0\x02\x09\x04\0\0\0\0\0\0\0\0\0\x03\0\0\0\0\0\x04\0\0\x04\0\0\
\0\x03\0\0\0\x26\x71\0\0\x03\0\0\x04\x40\x01\0\0\x59\x04\0\0\x02\0\0\0\0\0\0\0\
\x31\x71\0\0\xeb\0\0\0\x40\0\0\0\x3f\x71\0\0\x18\x04\0\0\0\x01\0\0\x46\x71\0\0\
\x05\0\0\x04\x60\0\0\0\x5a\x71\0\0\x16\x04\0\0\0\0\0\0\x5e\x71\0\0\xcf\x02\0\0\
\x80\x01\0\0\x69\x71\0\0\x17\x04\0\0\xc0\x01\0\0\x70\x71\0\0\xeb\0\0\0\0\x02\0\
\0\x78\x71\0\0\x1f\0\0\0\xc0\x02\0\0\x7e\x71\0\0\x04\0\0\x04\x30\0\0\0\x87\x71\
\0\0\x02\0\0\0\0\0\0\0\x90\x71\0\0\x02\0\0\0\x20\0\0\0\x99\x71\0\0\xeb\0\0\0\
\x40\0\0\0\xa1\x71\0\0\x66\0\0\0\0\x01\0\0\xa9\x71\0\0\x01\0\0\x04\x08\0\0\0\
\x0f\x28\0\0\x28\0\0\0\0\0\0\0\0\0\0\0\0\0\0\x03\0\0\0\0\x15\x04\0\0\x04\0\0\0\
\x03\0\0\0\xb1\x71\0\0\x06\0\0\x04\x20\0\0\0\x76\x11\0\0\x8d\0\0\0\0\0\0\0\x19\
\0\0\0\x27\0\0\0\x20\0\0\0\xac\0\0\0\x27\0\0\0\x30\0\0\0\xc9\x71\0\0\x1a\x04\0\
\0\x40\0\0\0\0\0\0\0\x1d\x04\0\0\x80\0\0\0\x89\x13\0\0\x6f\0\0\0\xc0\0\0\0\xce\
\x71\0\0\0\0\0\x08\x1b\x04\0\0\0\0\0\0\x01\0\0\x04\x08\0\0\0\xbd\x11\0\0\x1c\
\x04\0\0\0\0\0\0\0\0\0\0\0\0\0\x03\0\0\0\0\x02\0\0\0\x04\0\0\0\x02\0\0\0\0\0\0\
\0\x02\0\0\x05\x08\0\0\0\xde\x71\0\0\x1e\x04\0\0\0\0\0\0\xe2\x71\0\0\xa8\x02\0\
\0\0\0\0\0\0\0\0\0\0\0\0\x02\x1f\x04\0\0\xef\x71\0\0\0\0\0\x08\xa8\x02\0\0\0\0\
\0\0\0\0\0\x03\0\0\0\0\xce\0\0\0\x04\0\0\0\x20\0\0\0\0\x72\0\0\0\0\0\x08\x22\
\x04\0\0\0\0\0\0\x01\0\0\x04\x10\0\0\0\x4c\x15\0\0\x23\x04\0\0\0\0\0\0\0\0\0\0\
\0\0\0\x03\0\0\0\0\x46\0\0\0\x04\0\0\0\x10\0\0\0\x07\x72\0\0\x0d\0\0\x04\x80\0\
\0\0\x19\x72\0\0\x25\x04\0\0\0\0\0\0\x26\x72\0\0\x25\x04\0\0\x40\0\0\0\x3f\x63\
\0\0\x27\x04\0\0\x80\0\0\0\x38\x72\0\0\x2c\x04\0\0\xc0\0\0\0\x42\x72\0\0\x30\
\x04\0\0\0\x01\0\0\x4b\x72\0\0\x32\x04\0\0\x40\x01\0\0\x52\x72\0\0\x34\x04\0\0\
\x80\x01\0\0\x5c\x72\0\0\x34\x04\0\0\xc0\x01\0\0\x64\x72\0\0\x36\x04\0\0\0\x02\
\0\0\x6b\x72\0\0\x38\x04\0\0\x40\x02\0\0\x73\x72\0\0\x3a\x04\0\0\x80\x02\0\0\
\x7f\x72\0\0\x3d\x04\0\0\xc0\x02\0\0\x88\x72\0\0\x41\x04\0\0\0\x03\0\0\0\0\0\0\
\0\0\0\x02\x26\x04\0\0\0\0\0\0\x02\0\0\x0d\x02\0\0\0\0\0\0\0\x89\0\0\0\0\0\0\0\
\x12\0\0\0\0\0\0\0\0\0\0\x02\x28\x04\0\0\0\0\0\0\x02\0\0\x0d\x02\0\0\0\0\0\0\0\
\x29\x04\0\0\0\0\0\0\x2b\x04\0\0\0\0\0\0\0\0\0\x02\x2a\x04\0\0\0\0\0\0\0\0\0\
\x0a\xa7\x03\0\0\0\0\0\0\0\0\0\x02\xab\x03\0\0\0\0\0\0\0\0\0\x02\x2d\x04\0\0\0\
\0\0\0\x04\0\0\x0d\x02\0\0\0\0\0\0\0\x29\x04\0\0\0\0\0\0\x12\0\0\0\0\0\0\0\xcc\
\0\0\0\0\0\0\0\x2e\x04\0\0\0\0\0\0\0\0\0\x02\x2f\x04\0\0\0\0\0\0\0\0\0\x0a\xab\
\x03\0\0\0\0\0\0\0\0\0\x02\x31\x04\0\0\0\0\0\0\x01\0\0\x0d\x02\0\0\0\0\0\0\0\
\x29\x04\0\0\0\0\0\0\0\0\0\x02\x33\x04\0\0\0\0\0\0\x01\0\0\x0d\x02\0\0\0\0\0\0\
\0\x89\0\0\0\0\0\0\0\0\0\0\x02\x35\x04\0\0\0\0\0\0\x01\0\0\x0d\0\0\0\0\0\0\0\0\
\x89\0\0\0\0\0\0\0\0\0\0\x02\x37\x04\0\0\0\0\0\0\x02\0\0\x0d\0\0\0\0\0\0\0\0\
\x89\0\0\0\0\0\0\0\x8a\0\0\0\0\0\0\0\0\0\0\x02\x39\x04\0\0\0\0\0\0\x03\0\0\x0d\
\x21\x01\0\0\0\0\0\0\x89\0\0\0\0\0\0\0\x21\x01\0\0\0\0\0\0\x02\0\0\0\0\0\0\0\0\
\0\0\x02\x3b\x04\0\0\0\0\0\0\x01\0\0\x0d\x88\0\0\0\0\0\0\0\x3c\x04\0\0\0\0\0\0\
\0\0\0\x02\x87\0\0\0\0\0\0\0\0\0\0\x02\x3e\x04\0\0\0\0\0\0\x02\0\0\x0d\x02\0\0\
\0\0\0\0\0\x3f\x04\0\0\0\0\0\0\x7a\0\0\0\0\0\0\0\0\0\0\x02\x40\x04\0\0\0\0\0\0\
\0\0\0\x0a\x87\0\0\0\0\0\0\0\0\0\0\x02\x42\x04\0\0\0\0\0\0\x02\0\0\x0d\x89\0\0\
\0\0\0\0\0\x89\0\0\0\0\0\0\0\x43\x04\0\0\0\0\0\0\0\0\0\x02\x44\x04\0\0\0\0\0\0\
\0\0\0\x0a\xe9\x01\0\0\x8f\x72\0\0\x07\0\0\x04\x38\0\0\0\x98\x72\0\0\x46\x04\0\
\0\0\0\0\0\xa6\x72\0\0\x46\x04\0\0\x40\0\0\0\xb3\x72\0\0\x18\0\0\0\x80\0\0\0\
\xb9\x72\0\0\x02\0\0\0\xc0\0\0\0\xac\0\0\0\x12\0\0\0\xe0\0\0\0\x89\x13\0\0\x2f\
\0\0\0\0\x01\0\0\xbf\x72\0\0\x4d\x04\0\0\x80\x01\0\0\0\0\0\0\0\0\0\x02\x47\x04\
\0\0\0\0\0\0\x02\0\0\x0d\x0f\0\0\0\0\0\0\0\x48\x04\0\0\0\0\0\0\x49\x04\0\0\0\0\
\0\0\0\0\0\x02\x45\x04\0\0\0\0\0\0\0\0\0\x02\x4a\x04\0\0\xcb\x72\0\0\x05\0\0\
\x04\x20\0\0\0\x5d\x2f\0\0\xac\x02\0\0\0\0\0\0\xda\x72\0\0\x02\0\0\0\x20\0\0\0\
\xde\x72\0\0\x0f\0\0\0\x40\0\0\0\xe9\x72\0\0\x0f\0\0\0\x80\0\0\0\xf4\x72\0\0\
\x4b\x04\0\0\xc0\0\0\0\0\0\0\0\0\0\0\x02\x4c\x04\0\0\xfa\x72\0\0\0\0\0\x07\0\0\
\0\0\0\0\0\0\0\0\0\x02\x5e\0\0\0\x05\x73\0\0\x01\0\0\x04\x08\0\0\0\xe0\x12\0\0\
\x4f\x04\0\0\0\0\0\0\0\0\0\0\0\0\0\x02\x9c\x07\0\0\0\0\0\0\x02\0\0\x05\x10\0\0\
\0\x0e\x73\0\0\x2f\0\0\0\0\0\0\0\x14\x73\0\0\x71\x02\0\0\0\0\0\0\0\0\0\0\x03\0\
\0\x05\x10\0\0\0\x1b\x73\0\0\xf0\0\0\0\0\0\0\0\x23\x73\0\0\xa8\x03\0\0\0\0\0\0\
\x34\x73\0\0\x66\0\0\0\0\0\0\0\x85\x73\0\0\x2b\0\0\x04\0\x0d\0\0\x89\x73\0\0\
\x1d\0\0\0\0\0\0\0\x91\x73\0\0\x8d\0\0\0\x20\0\0\0\xa0\x73\0\0\x12\0\0\0\x40\0\
\0\0\xb0\x73\0\0\x12\0\0\0\x60\0\0\0\xbd\x73\0\0\x02\0\0\0\x80\0\0\0\xc5\x73\0\
\0\x8d\0\0\0\xa0\0\0\0\xcf\x73\0\0\x1f\0\0\0\xc0\0\0\0\x89\x13\0\0\x2f\0\0\0\0\
\x01\0\0\xda\x73\0\0\x2f\0\0\0\x80\x01\0\0\xe4\x73\0\0\x22\0\0\0\0\x02\0\0\xf1\
\x73\0\0\x15\x01\0\0\x40\x02\0\0\xd1\x17\0\0\xbf\0\0\0\x80\x02\0\0\x7f\x1f\0\0\
\x87\x01\0\0\xc0\x02\0\0\xfc\x73\0\0\0\x03\0\0\0\x03\0\0\x35\x1e\0\0\x6d\x01\0\
\0\xc0\x03\0\0\x06\x74\0\0\x2f\0\0\0\x80\x04\0\0\x14\x74\0\0\x53\x04\0\0\0\x05\
\0\0\x1d\x74\0\0\x53\x04\0\0\x40\x05\0\0\xb7\x24\0\0\x70\x01\0\0\x80\x05\0\0\
\x2b\x74\0\0\x9e\x04\0\0\x80\x08\0\0\x30\x74\0\0\x9e\x04\0\0\xc0\x08\0\0\x3a\
\x74\0\0\xb7\x05\0\0\0\x09\0\0\x46\x74\0\0\xa7\0\0\0\x40\x09\0\0\x54\x74\0\0\
\xa7\0\0\0\x80\x09\0\0\x63\x74\0\0\xb8\x05\0\0\xc0\x09\0\0\x70\x74\0\0\x10\0\0\
\0\0\x0a\0\0\x79\x74\0\0\xc5\x04\0\0\x40\x0a\0\0\x86\x74\0\0\x2f\0\0\0\x80\x0a\
\0\0\x90\x74\0\0\xb9\x05\0\0\0\x0b\0\0\x95\x74\0\0\xbb\x05\0\0\0\x0c\0\0\x99\
\x74\0\0\xc8\x05\0\0\x40\x0f\0\0\xa0\x74\0\0\xc9\x05\0\0\x80\x10\0\0\xa4\x74\0\
\0\xca\x05\0\0\0\x11\0\0\xac\x74\0\0\xcc\x05\0\0\0\x14\0\0\xb1\x74\0\0\xfc\x05\
\0\0\0\x28\0\0\xb6\x74\0\0\xa0\x06\0\0\0\x3e\0\0\xb9\x74\0\0\xbe\x06\0\0\x80\
\x44\0\0\xbc\x74\0\0\xbf\x04\0\0\xc0\x48\0\0\xca\x74\0\0\xca\x06\0\0\x80\x49\0\
\0\x0f\x54\0\0\xcb\x06\0\0\xc0\x49\0\0\xce\x74\0\0\xcf\x06\0\0\0\x4c\0\0\xd3\
\x74\0\0\x31\0\0\0\0\x66\0\0\xde\x74\0\0\x9e\x04\0\0\x40\x66\0\0\0\0\0\0\0\0\0\
\x02\x54\x04\0\0\xe8\x74\0\0\x19\0\0\x04\xb0\0\0\0\xab\x61\0\0\x1f\0\0\0\0\0\0\
\0\xc0\x13\0\0\x1d\0\0\0\x20\0\0\0\xf7\x74\0\0\x2f\0\0\0\x40\0\0\0\x03\x75\0\0\
\x8d\0\0\0\xc0\0\0\0\x13\x75\0\0\xf3\0\0\0\0\x01\0\0\x29\x75\0\0\xef\x01\0\0\
\x40\x01\0\0\0\0\0\0\x8c\x04\0\0\x80\x01\0\0\x33\x75\0\0\xb4\x03\0\0\xc0\x01\0\
\0\0\0\0\0\x8f\x04\0\0\0\x02\0\0\x2c\x2f\0\0\x99\x04\0\0\x40\x02\0\0\x25\x14\0\
\0\x1c\0\0\0\x80\x02\0\0\x3d\x75\0\0\x12\0\0\0\xc0\x02\0\0\x48\x75\0\0\x12\0\0\
\0\xe0\x02\0\0\x50\x75\0\0\x9c\x04\0\0\0\x03\0\0\x20\x1a\0\0\xa0\0\0\0\x20\x03\
\0\0\xc3\x1e\0\0\xfc\0\0\0\x40\x03\0\0\xd5\x1a\0\0\x94\0\0\0\x80\x03\0\0\xc1\
\x04\0\0\x53\x04\0\0\xc0\x03\0\0\x56\x75\0\0\x3b\0\0\0\0\x04\0\0\x5d\x75\0\0\
\x2d\0\0\0\x40\x04\0\0\xd6\x20\0\0\x21\x01\0\0\0\x05\0\0\xd8\x25\0\0\x7c\x01\0\
\0\x40\x05\0\0\xac\0\0\0\x45\0\0\0\x50\x05\0\0\x69\x75\0\0\x45\0\0\0\x58\x05\0\
\0\x71\x75\0\0\x9d\x04\0\0\x60\x05\0\0\x7d\x75\0\0\x17\0\0\x04\xc0\0\0\0\x8e\
\x75\0\0\x56\x04\0\0\0\0\0\0\x95\x75\0\0\x58\x04\0\0\x40\0\0\0\x9e\x75\0\0\x5c\
\x04\0\0\x80\0\0\0\xa9\x75\0\0\x5e\x04\0\0\xc0\0\0\0\xb1\x75\0\0\x60\x04\0\0\0\
\x01\0\0\xba\x75\0\0\x62\x04\0\0\x40\x01\0\0\xa4\x21\0\0\x64\x04\0\0\x80\x01\0\
\0\xc1\x75\0\0\x66\x04\0\0\xc0\x01\0\0\x50\x54\0\0\x68\x04\0\0\0\x02\0\0\xc8\
\x75\0\0\x6a\x04\0\0\x40\x02\0\0\xce\x75\0\0\x66\x04\0\0\x80\x02\0\0\xd4\x75\0\
\0\x6c\x04\0\0\xc0\x02\0\0\xda\x75\0\0\x6e\x04\0\0\0\x03\0\0\xe1\x75\0\0\x70\
\x04\0\0\x40\x03\0\0\xe9\x75\0\0\x74\x04\0\0\x80\x03\0\0\xf1\x75\0\0\x78\x04\0\
\0\xc0\x03\0\0\xfb\x75\0\0\x7a\x04\0\0\0\x04\0\0\x02\x76\0\0\x7f\x04\0\0\x40\
\x04\0\0\x0e\x76\0\0\x82\x04\0\0\x80\x04\0\0\x1a\x76\0\0\x6a\x04\0\0\xc0\x04\0\
\0\x22\x76\0\0\x84\x04\0\0\0\x05\0\0\x2a\x76\0\0\x86\x04\0\0\x40\x05\0\0\x37\
\x76\0\0\x8a\x04\0\0\x80\x05\0\0\0\0\0\0\0\0\0\x02\x57\x04\0\0\0\0\0\0\x03\0\0\
\x0d\x89\0\0\0\0\0\0\0\x8a\0\0\0\0\0\0\0\x89\0\0\0\0\0\0\0\x12\0\0\0\0\0\0\0\0\
\0\0\x02\x59\x04\0\0\0\0\0\0\x03\0\0\x0d\xcc\0\0\0\0\0\0\0\x89\0\0\0\0\0\0\0\
\x8a\0\0\0\0\0\0\0\x5a\x04\0\0\0\0\0\0\0\0\0\x02\x5b\x04\0\0\x44\x76\0\0\x02\0\
\0\x04\x10\0\0\0\x1e\x1d\0\0\xcd\x02\0\0\0\0\0\0\x51\x76\0\0\x1c\0\0\0\x40\0\0\
\0\0\0\0\0\0\0\0\x02\x5d\x04\0\0\0\0\0\0\x03\0\0\x0d\x02\0\0\0\0\0\0\0\xbf\0\0\
\0\0\0\0\0\x8a\0\0\0\0\0\0\0\x02\0\0\0\0\0\0\0\0\0\0\x02\x5f\x04\0\0\0\0\0\0\
\x03\0\0\x0d\xea\x01\0\0\0\0\0\0\x8a\0\0\0\0\0\0\0\x02\0\0\0\0\0\0\0\x7a\0\0\0\
\0\0\0\0\0\0\0\x02\x61\x04\0\0\0\0\0\0\x03\0\0\x0d\x02\0\0\0\0\0\0\0\x89\0\0\0\
\0\0\0\0\x21\x01\0\0\0\0\0\0\x02\0\0\0\0\0\0\0\0\0\0\x02\x63\x04\0\0\0\0\0\0\
\x05\0\0\x0d\x02\0\0\0\0\0\0\0\xbf\0\0\0\0\0\0\0\x8a\0\0\0\0\0\0\0\x89\0\0\0\0\
\0\0\0\x7c\x01\0\0\0\0\0\0\x7a\0\0\0\0\0\0\0\0\0\0\x02\x65\x04\0\0\0\0\0\0\x03\
\0\0\x0d\x02\0\0\0\0\0\0\0\x89\0\0\0\0\0\0\0\x8a\0\0\0\0\0\0\0\x89\0\0\0\0\0\0\
\0\0\0\0\x02\x67\x04\0\0\0\0\0\0\x02\0\0\x0d\x02\0\0\0\0\0\0\0\x8a\0\0\0\0\0\0\
\0\x89\0\0\0\0\0\0\0\0\0\0\x02\x69\x04\0\0\0\0\0\0\x04\0\0\x0d\x02\0\0\0\0\0\0\
\0\xbf\0\0\0\0\0\0\0\x8a\0\0\0\0\0\0\0\x89\0\0\0\0\0\0\0\xcc\0\0\0\0\0\0\0\0\0\
\0\x02\x6b\x04\0\0\0\0\0\0\x04\0\0\x0d\x02\0\0\0\0\0\0\0\xbf\0\0\0\0\0\0\0\x8a\
\0\0\0\0\0\0\0\x89\0\0\0\0\0\0\0\x7c\x01\0\0\0\0\0\0\0\0\0\x02\x6d\x04\0\0\0\0\
\0\0\x05\0\0\x0d\x02\0\0\0\0\0\0\0\xbf\0\0\0\0\0\0\0\x8a\0\0\0\0\0\0\0\x89\0\0\
\0\0\0\0\0\x7c\x01\0\0\0\0\0\0\xf4\x01\0\0\0\0\0\0\0\0\0\x02\x6f\x04\0\0\0\0\0\
\0\x06\0\0\x0d\x02\0\0\0\0\0\0\0\xbf\0\0\0\0\0\0\0\x8a\0\0\0\0\0\0\0\x89\0\0\0\
\0\0\0\0\x8a\0\0\0\0\0\0\0\x89\0\0\0\0\0\0\0\x12\0\0\0\0\0\0\0\0\0\0\x02\x71\
\x04\0\0\0\0\0\0\x03\0\0\x0d\x02\0\0\0\0\0\0\0\xbf\0\0\0\0\0\0\0\x89\0\0\0\0\0\
\0\0\x72\x04\0\0\0\0\0\0\0\0\0\x02\x73\x04\0\0\x4a\x54\0\0\x09\0\0\x04\x50\0\0\
\0\x55\x76\0\0\x12\0\0\0\0\0\0\0\x5e\x76\0\0\x7c\x01\0\0\x20\0\0\0\x66\x76\0\0\
\xa0\0\0\0\x40\0\0\0\x6d\x76\0\0\xfc\0\0\0\x60\0\0\0\x74\x76\0\0\x94\0\0\0\x80\
\0\0\0\x7c\x76\0\0\xf6\x01\0\0\xc0\0\0\0\x85\x76\0\0\xf6\x01\0\0\x40\x01\0\0\
\x8e\x76\0\0\xf6\x01\0\0\xc0\x01\0\0\x97\x76\0\0\x84\0\0\0\x40\x02\0\0\0\0\0\0\
\0\0\0\x02\x75\x04\0\0\0\0\0\0\x05\0\0\x0d\x02\0\0\0\0\0\0\0\xbf\0\0\0\0\0\0\0\
\x3f\x04\0\0\0\0\0\0\x76\x04\0\0\0\0\0\0\x10\0\0\0\0\0\0\0\x12\0\0\0\0\0\0\0\0\
\0\0\x02\x77\x04\0\0\x9f\x76\0\0\x12\0\0\x04\x90\0\0\0\xa5\x76\0\0\x10\0\0\0\0\
\0\0\0\xd8\x25\0\0\x7c\x01\0\0\x20\0\0\0\x50\x75\0\0\x12\0\0\0\x40\0\0\0\xb1\
\x76\0\0\x0e\x01\0\0\x60\0\0\0\xb9\x76\0\0\x31\0\0\0\x80\0\0\0\xc4\x76\0\0\x31\
\0\0\0\xc0\0\0\0\xd4\x76\0\0\x31\0\0\0\0\x01\0\0\xc6\x2c\0\0\xf4\x01\0\0\x40\
\x01\0\0\xd8\x76\0\0\xf4\x01\0\0\x60\x01\0\0\x20\x1a\0\0\xa0\0\0\0\x80\x01\0\0\
\xc3\x1e\0\0\xfc\0\0\0\xa0\x01\0\0\xd5\x1a\0\0\x94\0\0\0\xc0\x01\0\0\xdd\x76\0\
\0\xf6\x01\0\0\0\x02\0\0\xe3\x76\0\0\xf6\x01\0\0\x80\x02\0\0\xe9\x76\0\0\xf6\
\x01\0\0\0\x03\0\0\xef\x76\0\0\xf6\x01\0\0\x80\x03\0\0\xf5\x76\0\0\x31\0\0\0\0\
\x04\0\0\xfc\x76\0\0\x31\0\0\0\x40\x04\0\0\0\0\0\0\0\0\0\x02\x79\x04\0\0\0\0\0\
\0\x03\0\0\x0d\x2b\x02\0\0\0\0\0\0\x89\0\0\0\0\0\0\0\x21\x01\0\0\0\0\0\0\x18\
\x01\0\0\0\0\0\0\0\0\0\x02\x7b\x04\0\0\0\0\0\0\x04\0\0\x0d\x02\0\0\0\0\0\0\0\
\x8a\0\0\0\0\0\0\0\x7c\x04\0\0\0\0\0\0\x31\0\0\0\0\0\0\0\x31\0\0\0\0\0\0\0\0\0\
\0\x02\x7d\x04\0\0\x03\x77\0\0\x04\0\0\x04\x18\0\0\0\x16\x77\0\0\x12\0\0\0\0\0\
\0\0\x1f\x77\0\0\x12\0\0\0\x20\0\0\0\x31\x77\0\0\x12\0\0\0\x40\0\0\0\x40\x77\0\
\0\x7e\x04\0\0\x80\0\0\0\0\0\0\0\0\0\0\x02\xa0\x07\0\0\0\0\0\0\0\0\0\x02\x80\
\x04\0\0\0\0\0\0\x03\0\0\x0d\x02\0\0\0\0\0\0\0\x8a\0\0\0\0\0\0\0\x81\x04\0\0\0\
\0\0\0\x02\0\0\0\0\0\0\0\0\0\0\x02\xf6\x01\0\0\0\0\0\0\0\0\0\x02\x83\x04\0\0\0\
\0\0\0\x05\0\0\x0d\x02\0\0\0\0\0\0\0\x8a\0\0\0\0\0\0\0\x89\0\0\0\0\0\0\0\x84\0\
\0\0\0\0\0\0\x12\0\0\0\0\0\0\0\x7c\x01\0\0\0\0\0\0\0\0\0\x02\x85\x04\0\0\0\0\0\
\0\x04\0\0\x0d\x02\0\0\0\0\0\0\0\xbf\0\0\0\0\0\0\0\x8a\0\0\0\0\0\0\0\xea\x01\0\
\0\0\0\0\0\x02\0\0\0\0\0\0\0\0\0\0\x02\x87\x04\0\0\0\0\0\0\x03\0\0\x0d\x02\0\0\
\0\0\0\0\0\xbf\0\0\0\0\0\0\0\x89\0\0\0\0\0\0\0\x88\x04\0\0\0\0\0\0\0\0\0\x02\
\x89\x04\0\0\x51\x77\0\0\x08\0\0\x84\x1c\0\0\0\xac\0\0\0\x10\0\0\0\0\0\0\0\x5a\
\x77\0\0\x10\0\0\0\x20\0\0\0\x65\x77\0\0\x10\0\0\0\x40\0\0\0\x71\x77\0\0\x10\0\
\0\0\x60\0\0\0\x7e\x77\0\0\x10\0\0\0\x80\0\0\0\x89\x77\0\0\x10\0\0\0\xa0\0\0\0\
\x98\x77\0\0\x7a\0\0\0\xc0\0\0\x01\xa4\x77\0\0\x7a\0\0\0\xc1\0\0\x01\0\0\0\0\0\
\0\0\x02\x8b\x04\0\0\0\0\0\0\x02\0\0\x0d\x02\0\0\0\0\0\0\0\x89\0\0\0\0\0\0\0\
\x88\x04\0\0\0\0\0\0\x02\0\0\x05\x08\0\0\0\xae\x77\0\0\x8d\x04\0\0\0\0\0\0\xb7\
\x77\0\0\x8b\0\0\0\0\0\0\0\0\0\0\0\0\0\0\x02\x8e\x04\0\0\0\0\0\0\0\0\0\x0a\xe5\
\x06\0\0\0\0\0\0\x02\0\0\x05\x08\0\0\0\xc4\x77\0\0\x3c\x01\0\0\0\0\0\0\xcc\x77\
\0\0\x97\x04\0\0\0\0\0\0\xd8\x77\0\0\x04\0\0\x04\x20\0\0\0\xcf\x1a\0\0\x91\x04\
\0\0\0\0\0\0\x95\x2d\0\0\x93\x04\0\0\x40\0\0\0\x3b\x0c\0\0\x95\x04\0\0\x80\0\0\
\0\xe7\x77\0\0\x97\x04\0\0\xc0\0\0\0\0\0\0\0\0\0\0\x02\x92\x04\0\0\0\0\0\0\x02\
\0\0\x0d\x1c\0\0\0\0\0\0\0\x3a\x01\0\0\0\0\0\0\x81\x01\0\0\0\0\0\0\0\0\0\x02\
\x94\x04\0\0\0\0\0\0\x02\0\0\x0d\0\0\0\0\0\0\0\0\x3a\x01\0\0\0\0\0\0\x1c\0\0\0\
\0\0\0\0\0\0\0\x02\x96\x04\0\0\0\0\0\0\x03\0\0\x0d\x1c\0\0\0\0\0\0\0\x3a\x01\0\
\0\0\0\0\0\x1c\0\0\0\0\0\0\0\x81\x01\0\0\0\0\0\0\0\0\0\x02\x98\x04\0\0\0\0\0\0\
\x02\0\0\x0d\x02\0\0\0\0\0\0\0\x3a\x01\0\0\0\0\0\0\x1c\0\0\0\xec\x77\0\0\0\0\0\
\x08\x9a\x04\0\0\0\0\0\0\0\0\0\x02\x9b\x04\0\0\0\0\0\0\x03\0\0\x0d\x02\0\0\0\0\
\0\0\0\x84\0\0\0\0\0\0\0\x21\x01\0\0\0\0\0\0\x18\x01\0\0\xf9\x77\0\0\0\0\0\x08\
\x10\0\0\0\0\0\0\0\0\0\0\x03\0\0\0\0\xce\0\0\0\x04\0\0\0\0\0\0\0\0\0\0\0\0\0\0\
\x02\x9f\x04\0\0\x01\x78\0\0\x5c\0\0\x84\x10\x03\0\0\x06\x78\0\0\xa0\x04\0\0\0\
\0\0\0\x12\x78\0\0\xbd\x04\0\0\x40\x04\0\0\x1a\x78\0\0\x1f\0\0\0\x40\x05\0\0\
\x23\x78\0\0\x02\0\0\0\x60\x05\0\0\x2f\x78\0\0\xbf\x04\0\0\x80\x05\0\0\x3e\x78\
\0\0\xc0\x04\0\0\x40\x06\0\0\x4e\x78\0\0\xbf\x04\0\0\x80\x06\0\0\x5f\x78\0\0\
\xd8\x04\0\0\x40\x07\0\0\x6a\x78\0\0\x02\0\0\0\0\x08\0\0\x7b\x78\0\0\x12\0\0\0\
\x20\x08\0\0\x86\x78\0\0\x12\0\0\0\x40\x08\0\0\x91\x78\0\0\x02\0\0\0\x60\x08\0\
\0\x9b\x78\0\0\xd9\x04\0\0\x80\x08\0\0\0\0\0\0\xda\x04\0\0\xc0\x08\0\0\xa5\x78\
\0\0\xeb\x04\0\0\0\x09\0\0\xaf\x78\0\0\xec\x04\0\0\x80\x09\0\0\xb9\x78\0\0\x02\
\0\0\0\xc0\x09\0\0\xcb\x78\0\0\x10\0\0\0\xe0\x09\0\0\xdc\x78\0\0\xec\x04\0\0\0\
\x0a\0\0\xe9\x78\0\0\x1f\0\0\0\x40\x0a\0\0\xf7\x78\0\0\x02\0\0\0\x60\x0a\0\0\
\x01\x79\0\0\x02\0\0\0\x80\x0a\0\0\x10\x79\0\0\x1d\0\0\0\xa0\x0a\0\0\x1e\x79\0\
\0\x0f\0\0\0\xc0\x0a\0\0\0\0\0\0\x69\x05\0\0\0\x0b\0\0\x2b\x79\0\0\xc0\x04\0\0\
\x40\x0b\0\0\x3b\x79\0\0\xbf\x04\0\0\x80\x0b\0\0\x4a\x79\0\0\x08\x01\0\0\x40\
\x0c\0\0\x56\x79\0\0\x02\0\0\0\x60\x0c\0\0\x67\x79\0\0\x11\0\0\0\x80\x0c\0\0\
\x7e\x79\0\0\x10\0\0\0\xa0\x0c\0\0\x8f\x79\0\0\x18\0\0\0\xc0\x0c\0\0\x9b\x79\0\
\0\xc4\x01\0\0\0\x0d\0\0\xa4\x79\0\0\x11\0\0\0\x40\x0e\0\0\xb0\x79\0\0\x11\0\0\
\0\x60\x0e\0\0\xb8\x79\0\0\x0f\0\0\0\x80\x0e\0\0\xc7\x79\0\0\x0f\0\0\0\xc0\x0e\
\0\0\xda\x79\0\0\xbe\x01\0\0\0\x0f\0\0\xe2\x79\0\0\xf4\x04\0\0\x80\x0f\0\0\xf0\
\x79\0\0\xf4\x04\0\0\xc0\x0f\0\0\0\x7a\0\0\xf4\x04\0\0\0\x10\0\0\x15\x7a\0\0\
\x02\0\0\0\x40\x10\0\0\x21\x7a\0\0\x12\0\0\0\x60\x10\0\0\x31\x7a\0\0\xac\x02\0\
\0\x80\x10\0\0\x3f\x7a\0\0\x11\0\0\0\xa0\x10\0\0\x49\x7a\0\0\x45\0\0\0\xc0\x10\
\0\x01\x54\x7a\0\0\x45\0\0\0\xc1\x10\0\x01\x61\x7a\0\0\x45\0\0\0\xc2\x10\0\x01\
\x70\x7a\0\0\x45\0\0\0\xc3\x10\0\x01\x7f\x7a\0\0\x45\0\0\0\xc4\x10\0\x04\x8c\
\x7a\0\0\x45\0\0\0\xc8\x10\0\0\x9c\x7a\0\0\x25\0\0\0\xd0\x10\0\0\xa4\x7a\0\0\
\x25\0\0\0\xe0\x10\0\0\xb0\x7a\0\0\x25\0\0\0\xf0\x10\0\0\xc0\x7a\0\0\x0f\0\0\0\
\0\x11\0\0\xce\x7a\0\0\xad\x04\0\0\x40\x11\0\0\xde\x7a\0\0\x97\0\0\0\x80\x11\0\
\0\xef\x7a\0\0\x02\0\0\0\xc0\x11\0\0\xf6\x7a\0\0\x02\0\0\0\xe0\x11\0\0\x02\x7b\
\0\0\x10\0\0\0\0\x12\0\0\x11\x7b\0\0\x10\0\0\0\x20\x12\0\0\x24\x7b\0\0\xa0\0\0\
\0\x40\x12\0\0\x2b\x7b\0\0\x45\0\0\0\x60\x12\0\0\x3f\x7b\0\0\x25\0\0\0\x70\x12\
\0\0\x53\x7b\0\0\x8d\0\0\0\x80\x12\0\0\x60\x7b\0\0\x9e\0\0\0\xc0\x12\0\0\x6c\
\x7b\0\0\xa4\0\0\0\0\x13\0\0\x79\x7b\0\0\x18\0\0\0\x40\x13\0\0\x85\x7b\0\0\x50\
\0\0\0\x80\x13\0\0\x8e\x7b\0\0\x25\0\0\0\xc0\x13\0\0\x99\x7b\0\0\x02\0\0\0\xe0\
\x13\0\0\xa5\x7b\0\0\x45\0\0\0\0\x14\0\0\xb1\x7b\0\0\x1f\0\0\0\x20\x14\0\0\xba\
\x7b\0\0\x1f\0\0\0\x40\x14\0\0\xc3\x7b\0\0\x45\0\0\0\x60\x14\0\0\xce\x7b\0\0\
\x45\0\0\0\x68\x14\0\x01\xe6\x7b\0\0\x45\0\0\0\x69\x14\0\x01\xfe\x7b\0\0\x45\0\
\0\0\x6a\x14\0\x06\x0f\x7c\0\0\xaf\x05\0\0\x80\x14\0\0\x19\x7c\0\0\x1c\0\0\0\
\xc0\x14\0\0\x26\x7c\0\0\x1c\0\0\0\0\x15\0\0\x32\x7c\0\0\xb0\x05\0\0\x40\x15\0\
\0\x3f\x7c\0\0\x4b\x04\0\0\xc0\x15\0\0\x48\x7c\0\0\x7c\x05\0\0\0\x16\0\0\x58\
\x7c\0\0\x7c\x05\0\0\x40\x16\0\0\x66\x7c\0\0\x7c\x05\0\0\x80\x16\0\0\x75\x7c\0\
\0\x7c\x05\0\0\xc0\x16\0\0\x85\x7c\0\0\x92\x05\0\0\0\x17\0\0\x94\x7c\0\0\x7c\
\x05\0\0\x40\x17\0\0\xa0\x7c\0\0\xb1\x05\0\0\x80\x17\0\0\xb0\x7c\0\0\xc9\x01\0\
\0\xc0\x17\0\0\xbf\x7c\0\0\x66\0\0\0\0\x18\0\0\xc6\x7c\0\0\x19\0\0\x84\x88\0\0\
\0\0\0\0\0\xa1\x04\0\0\0\0\0\0\0\0\0\0\xa5\x04\0\0\x40\0\0\0\0\0\0\0\xa7\x04\0\
\0\x60\0\0\0\xd2\x7c\0\0\x27\0\0\0\x80\0\0\0\xdd\x7c\0\0\xab\x04\0\0\x90\0\0\0\
\xe7\x7c\0\0\x47\0\0\0\x98\0\0\x04\xf1\x7c\0\0\x47\0\0\0\x9c\0\0\x01\xff\x7c\0\
\0\x47\0\0\0\x9d\0\0\x01\x0c\x7d\0\0\x47\0\0\0\x9e\0\0\x01\x1b\x7d\0\0\x02\0\0\
\0\xa0\0\0\0\0\0\0\0\xac\x04\0\0\xc0\0\0\0\x2c\x7d\0\0\xad\x04\0\0\x40\x01\0\0\
\x35\x7d\0\0\xae\x04\0\0\x80\x01\0\0\x3d\x7d\0\0\xb0\x04\0\0\xc0\x01\0\0\x4a\
\x7d\0\0\xb0\x04\0\0\x40\x02\0\0\x5b\x7d\0\0\x5f\0\0\0\xc0\x02\0\0\0\0\0\0\xb4\
\x04\0\0\0\x03\0\0\x66\x7d\0\0\xb6\x04\0\0\x40\x03\0\0\0\0\0\0\xb7\x04\0\0\x40\
\x03\0\0\x79\x7d\0\0\x27\0\0\0\xc0\x03\0\0\x8e\x7d\0\0\x27\0\0\0\xd0\x03\0\0\0\
\0\0\0\xbb\x04\0\0\xe0\x03\0\0\xa3\x7d\0\0\x1d\0\0\0\0\x04\0\0\xae\x7d\0\0\xb6\
\x04\0\0\x20\x04\0\0\0\0\0\0\xbc\x04\0\0\x20\x04\0\0\0\0\0\0\x02\0\0\x05\x08\0\
\0\0\xbf\x7d\0\0\xa2\x04\0\0\0\0\0\0\0\0\0\0\xa3\x04\0\0\0\0\0\0\xcc\x7d\0\0\0\
\0\0\x08\x32\0\0\0\0\0\0\0\x02\0\0\x04\x08\0\0\0\xd7\x7d\0\0\xa4\x04\0\0\0\0\0\
\0\xe1\x7d\0\0\xa4\x04\0\0\x20\0\0\0\xef\x7d\0\0\0\0\0\x08\x11\0\0\0\0\0\0\0\
\x02\0\0\x05\x04\0\0\0\xf6\x7d\0\0\x12\0\0\0\0\0\0\0\xff\x7d\0\0\xa6\x04\0\0\0\
\0\0\0\0\0\0\0\0\0\0\x03\0\0\0\0\x26\0\0\0\x04\0\0\0\x02\0\0\0\0\0\0\0\x02\0\0\
\x05\x04\0\0\0\x0d\x7e\0\0\xa8\x04\0\0\0\0\0\0\0\0\0\0\xa9\x04\0\0\0\0\0\0\x1a\
\x7e\0\0\0\0\0\x08\x11\0\0\0\0\0\0\0\x02\0\0\x04\x04\0\0\0\x25\x7e\0\0\xaa\x04\
\0\0\0\0\0\0\x2f\x7e\0\0\x26\0\0\0\x10\0\0\0\x37\x7e\0\0\0\0\0\x08\x26\0\0\0\0\
\0\0\0\0\0\0\x09\x47\0\0\0\0\0\0\0\x02\0\0\x05\x10\0\0\0\x3e\x7e\0\0\xf0\0\0\0\
\0\0\0\0\x4c\x7e\0\0\xf0\0\0\0\0\0\0\0\0\0\0\0\0\0\0\x02\x6a\x05\0\0\x5e\x7e\0\
\0\0\0\0\x08\xaf\x04\0\0\0\0\0\0\x01\0\0\x04\x08\0\0\0\x85\x73\0\0\x45\x03\0\0\
\0\0\0\0\x6d\x7e\0\0\x01\0\0\x04\x10\0\0\0\x76\x7e\0\0\xb1\x04\0\0\0\0\0\0\0\0\
\0\0\x03\0\0\x05\x10\0\0\0\x7c\x7e\0\0\x23\x04\0\0\0\0\0\0\x85\x7e\0\0\xb2\x04\
\0\0\0\0\0\0\x8f\x7e\0\0\xb3\x04\0\0\0\0\0\0\0\0\0\0\0\0\0\x03\0\0\0\0\xaa\x04\
\0\0\x04\0\0\0\x08\0\0\0\0\0\0\0\0\0\0\x03\0\0\0\0\xa4\x04\0\0\x04\0\0\0\x04\0\
\0\0\0\0\0\0\x03\0\0\x05\x08\0\0\0\x99\x7e\0\0\x0f\0\0\0\0\0\0\0\xa3\x7e\0\0\
\x9e\x04\0\0\0\0\0\0\xb0\x7e\0\0\xb5\x04\0\0\0\0\0\0\0\0\0\0\0\0\0\x02\xcd\x05\
\0\0\0\0\0\0\0\0\0\x03\0\0\0\0\x02\0\0\0\x04\0\0\0\0\0\0\0\0\0\0\0\x02\0\0\x05\
\x10\0\0\0\xba\x7e\0\0\xf0\0\0\0\0\0\0\0\xc3\x7e\0\0\xb8\x04\0\0\0\0\0\0\xd2\
\x7e\0\0\x02\0\0\x04\x10\0\0\0\x3b\x0c\0\0\xb9\x04\0\0\0\0\0\0\x43\x1e\0\0\xba\
\x04\0\0\x40\0\0\0\0\0\0\0\0\0\0\x02\xb8\x04\0\0\0\0\0\0\0\0\0\x02\xb9\x04\0\0\
\0\0\0\0\x03\0\0\x05\x04\0\0\0\xe3\x7e\0\0\x02\0\0\0\0\0\0\0\xf4\x7e\0\0\x10\0\
\0\0\0\0\0\0\0\x7f\0\0\x10\0\0\0\0\0\0\0\0\0\0\0\x03\0\0\x05\x04\0\0\0\x0f\x7f\
\0\0\x10\0\0\0\0\0\0\0\x1a\x7f\0\0\x10\0\0\0\0\0\0\0\x2b\x7f\0\0\x10\0\0\0\0\0\
\0\0\x3a\x7f\0\0\0\0\0\x08\xbe\x04\0\0\0\0\0\0\x03\0\0\x04\x20\0\0\0\x48\x7f\0\
\0\x8d\0\0\0\0\0\0\0\x4e\x7f\0\0\x02\0\0\0\x20\0\0\0\x74\x14\0\0\xeb\0\0\0\x40\
\0\0\0\x54\x7f\0\0\x04\0\0\x04\x18\0\0\0\x3b\x0c\0\0\xc0\x04\0\0\0\0\0\0\x5c\
\x0d\0\0\xc0\x04\0\0\x40\0\0\0\x61\x7f\0\0\x11\0\0\0\x80\0\0\0\x76\x11\0\0\x8d\
\0\0\0\xa0\0\0\0\0\0\0\0\0\0\0\x02\xc1\x04\0\0\x66\x7f\0\0\x4c\0\0\x84\xe0\0\0\
\0\0\0\0\0\xc2\x04\0\0\0\0\0\0\0\0\0\0\xc6\x04\0\0\xc0\0\0\0\0\0\0\0\xc7\x04\0\
\0\0\x01\0\0\x6e\x7f\0\0\xc8\x04\0\0\x40\x01\0\0\0\0\0\0\xc9\x04\0\0\xc0\x02\0\
\0\x71\x7f\0\0\x0f\0\0\0\x40\x03\0\0\x8d\x26\0\0\x12\0\0\0\x80\x03\0\0\x77\x7f\
\0\0\x12\0\0\0\xa0\x03\0\0\x80\x7f\0\0\x26\0\0\0\xc0\x03\0\0\x88\x7f\0\0\x26\0\
\0\0\xd0\x03\0\0\x90\x7f\0\0\x26\0\0\0\xe0\x03\0\0\x9e\x7f\0\0\xcd\x04\0\0\xf0\
\x03\0\0\xae\x7f\0\0\x46\0\0\0\xf0\x03\0\x01\xb5\x7f\0\0\x46\0\0\0\xf1\x03\0\
\x01\xbb\x7f\0\0\x46\0\0\0\xf2\x03\0\x02\xc2\x7f\0\0\x46\0\0\0\xf4\x03\0\x01\
\xc9\x7f\0\0\x46\0\0\0\xf5\x03\0\x01\xd3\x7f\0\0\x46\0\0\0\xf6\x03\0\x01\xde\
\x7f\0\0\x46\0\0\0\xf7\x03\0\x01\xe9\x7f\0\0\x46\0\0\0\xf8\x03\0\0\xfb\x7f\0\0\
\xce\x04\0\0\0\x04\0\0\x09\x80\0\0\xcd\x04\0\0\0\x04\0\0\x1b\x80\0\0\x46\0\0\0\
\0\x04\0\x03\x24\x80\0\0\x46\0\0\0\x03\x04\0\x01\x2e\x80\0\0\x46\0\0\0\x04\x04\
\0\x01\x37\x80\0\0\x46\0\0\0\x05\x04\0\x02\x41\x80\0\0\x46\0\0\0\x07\x04\0\x01\
\x4a\x80\0\0\x46\0\0\0\x08\x04\0\x01\x52\x80\0\0\x46\0\0\0\x09\x04\0\x01\x5a\
\x80\0\0\x46\0\0\0\x0a\x04\0\x01\x6b\x80\0\0\x46\0\0\0\x0b\x04\0\x01\x76\x80\0\
\0\x46\0\0\0\x0c\x04\0\x01\x7d\x80\0\0\x46\0\0\0\x0d\x04\0\x01\x8b\x80\0\0\x46\
\0\0\0\x0e\x04\0\x01\x9a\x80\0\0\x46\0\0\0\x0f\x04\0\x01\xa5\x80\0\0\xcd\x04\0\
\0\x10\x04\0\0\xbf\x80\0\0\x46\0\0\0\x10\x04\0\x01\xcc\x80\0\0\x46\0\0\0\x11\
\x04\0\x01\xdd\x80\0\0\x46\0\0\0\x12\x04\0\x02\xe8\x80\0\0\x46\0\0\0\x14\x04\0\
\x01\xf6\x80\0\0\x46\0\0\0\x15\x04\0\x01\x0a\x81\0\0\x46\0\0\0\x16\x04\0\x02\
\x19\x81\0\0\x46\0\0\0\x18\x04\0\x01\x27\x81\0\0\x46\0\0\0\x19\x04\0\x01\x3b\
\x81\0\0\x46\0\0\0\x1a\x04\0\x01\x4b\x81\0\0\x46\0\0\0\x1b\x04\0\x01\x5c\x81\0\
\0\x46\0\0\0\x1c\x04\0\x01\x6a\x81\0\0\x46\0\0\0\x1d\x04\0\x01\x75\x81\0\0\x46\
\0\0\0\x1e\x04\0\x01\x7e\x81\0\0\x46\0\0\0\x1f\x04\0\x01\x8b\x81\0\0\x26\0\0\0\
\x20\x04\0\0\0\0\0\0\xcf\x04\0\0\x40\x04\0\0\xec\x62\0\0\x11\0\0\0\x60\x04\0\0\
\x94\x81\0\0\x02\0\0\0\x80\x04\0\0\x98\x20\0\0\x11\0\0\0\xa0\x04\0\0\x9c\x81\0\
\0\xaa\x04\0\0\xc0\x04\0\0\xa7\x81\0\0\x26\0\0\0\xd0\x04\0\0\0\0\0\0\xd2\x04\0\
\0\xe0\x04\0\0\xb0\x81\0\0\x11\0\0\0\0\x05\0\0\0\0\0\0\xd3\x04\0\0\x20\x05\0\0\
\0\0\0\0\xd4\x04\0\0\x40\x05\0\0\xb8\x81\0\0\x26\0\0\0\x50\x05\0\0\xcf\x81\0\0\
\x26\0\0\0\x60\x05\0\0\xe4\x81\0\0\x26\0\0\0\x70\x05\0\0\xf5\x81\0\0\xaa\x04\0\
\0\x80\x05\0\0\xfe\x81\0\0\x26\0\0\0\x90\x05\0\0\x0f\x82\0\0\x26\0\0\0\xa0\x05\
\0\0\x1e\x82\0\0\x26\0\0\0\xb0\x05\0\0\x29\x82\0\0\xce\x04\0\0\xc0\x05\0\0\xed\
\x11\0\0\xd5\x04\0\0\xc0\x05\0\0\x35\x82\0\0\xd5\x04\0\0\xe0\x05\0\0\x2b\x1e\0\
\0\xd6\x04\0\0\0\x06\0\0\x25\x14\0\0\xd6\x04\0\0\x40\x06\0\0\x39\x82\0\0\x12\0\
\0\0\x80\x06\0\0\x42\x82\0\0\x1d\0\0\0\xa0\x06\0\0\x48\x82\0\0\xd7\x04\0\0\xc0\
\x06\0\0\0\0\0\0\x03\0\0\x05\x18\0\0\0\0\0\0\0\xc3\x04\0\0\0\0\0\0\x53\x82\0\0\
\x2d\0\0\0\0\0\0\0\x89\x13\0\0\x2f\0\0\0\0\0\0\0\0\0\0\0\x03\0\0\x04\x18\0\0\0\
\x3b\x0c\0\0\xc0\x04\0\0\0\0\0\0\x5c\x0d\0\0\xc0\x04\0\0\x40\0\0\0\0\0\0\0\xc4\
\x04\0\0\x80\0\0\0\0\0\0\0\x02\0\0\x05\x08\0\0\0\xc6\x2c\0\0\xc5\x04\0\0\0\0\0\
\0\x5a\x82\0\0\x0f\0\0\0\0\0\0\0\0\0\0\0\0\0\0\x02\xee\x04\0\0\0\0\0\0\x02\0\0\
\x05\x08\0\0\0\x66\x82\0\0\x9e\x04\0\0\0\0\0\0\x69\x82\0\0\x02\0\0\0\0\0\0\0\0\
\0\0\0\x02\0\0\x05\x08\0\0\0\xc4\x2a\0\0\x50\0\0\0\0\0\0\0\x7a\x82\0\0\x31\0\0\
\0\0\0\0\0\0\0\0\0\0\0\0\x03\0\0\0\0\xce\0\0\0\x04\0\0\0\x30\0\0\0\0\0\0\0\x03\
\0\0\x05\x10\0\0\0\0\0\0\0\xca\x04\0\0\0\0\0\0\x88\x82\0\0\x2f\0\0\0\0\0\0\0\
\x9b\x82\0\0\x0f\0\0\0\0\0\0\0\0\0\0\0\x02\0\0\x04\x10\0\0\0\xa5\x82\0\0\x0f\0\
\0\0\0\0\0\0\xb1\x82\0\0\xcb\x04\0\0\x40\0\0\0\0\0\0\0\0\0\0\x02\xcc\x04\0\0\0\
\0\0\0\x01\0\0\x0d\0\0\0\0\0\0\0\0\xc0\x04\0\0\0\0\0\0\0\0\0\x03\0\0\0\0\x46\0\
\0\0\x04\0\0\0\0\0\0\0\0\0\0\0\0\0\0\x03\0\0\0\0\x11\0\0\0\x04\0\0\0\0\0\0\0\0\
\0\0\0\x02\0\0\x05\x04\0\0\0\xbc\x82\0\0\xd0\x04\0\0\0\0\0\0\0\0\0\0\xd1\x04\0\
\0\0\0\0\0\xc1\x82\0\0\0\0\0\x08\x11\0\0\0\0\0\0\0\x02\0\0\x04\x04\0\0\0\xc8\
\x82\0\0\x26\0\0\0\0\0\0\0\xd3\x82\0\0\x26\0\0\0\x10\0\0\0\0\0\0\0\x02\0\0\x05\
\x04\0\0\0\xdf\x82\0\0\x12\0\0\0\0\0\0\0\xe7\x82\0\0\x12\0\0\0\0\0\0\0\0\0\0\0\
\x02\0\0\x05\x04\0\0\0\xf2\x82\0\0\x11\0\0\0\0\0\0\0\xf7\x82\0\0\x11\0\0\0\0\0\
\0\0\0\0\0\0\x02\0\0\x05\x02\0\0\0\x09\x83\0\0\xaa\x04\0\0\0\0\0\0\x18\x83\0\0\
\x46\0\0\0\0\0\0\0\x26\x83\0\0\0\0\0\x08\x12\0\0\0\0\0\0\0\0\0\0\x02\x47\0\0\0\
\0\0\0\0\0\0\0\x02\x5a\x07\0\0\0\0\0\0\x04\0\0\x04\x18\0\0\0\x35\x83\0\0\x1f\0\
\0\0\0\0\0\0\x8d\x26\0\0\x02\0\0\0\x20\0\0\0\x2b\x1e\0\0\xc0\x04\0\0\x40\0\0\0\
\xed\x11\0\0\xc0\x04\0\0\x80\0\0\0\0\0\0\0\0\0\0\x02\x62\x07\0\0\0\0\0\0\x02\0\
\0\x05\x08\0\0\0\x40\x83\0\0\xdb\x04\0\0\0\0\0\0\x46\x83\0\0\xdb\x04\0\0\0\0\0\
\0\0\0\0\0\0\0\0\x02\xdc\x04\0\0\x50\x83\0\0\x04\0\0\x04\x40\0\0\0\xa8\x25\0\0\
\xeb\0\0\0\0\0\0\0\x5a\x83\0\0\x57\x02\0\0\xc0\0\0\0\xac\0\0\0\x0f\0\0\0\0\x01\
\0\0\x85\x13\0\0\x66\0\0\0\x40\x01\0\0\0\0\0\0\0\0\0\x02\xde\x04\0\0\x66\x83\0\
\0\x1b\0\0\x04\x20\x03\0\0\x72\x83\0\0\xae\x04\0\0\0\0\0\0\x79\x83\0\0\xf0\0\0\
\0\x40\0\0\0\x7f\x83\0\0\xf0\0\0\0\xc0\0\0\0\x76\x11\0\0\x97\0\0\0\x40\x01\0\0\
\xc0\x13\0\0\x1d\0\0\0\x80\x01\0\0\xcb\x3b\0\0\x10\0\0\0\xa0\x01\0\0\xf3\x55\0\
\0\xc4\x01\0\0\xc0\x01\0\0\x85\x83\0\0\x1f\0\0\0\0\x03\0\0\xec\x62\0\0\x10\0\0\
\0\x20\x03\0\0\x6f\x22\0\0\x10\0\0\0\x40\x03\0\0\x8b\x83\0\0\x10\0\0\0\x60\x03\
\0\0\xf2\x82\0\0\xdf\x04\0\0\x80\x03\0\0\x7d\x26\0\0\xe0\x04\0\0\xc0\x03\0\0\
\x91\x83\0\0\xe3\x04\0\0\x80\x05\0\0\x95\x83\0\0\xe4\x04\0\0\x80\x07\0\0\x9c\
\x83\0\0\xe5\x04\0\0\x80\x08\0\0\xa1\x83\0\0\xe6\x04\0\0\x40\x09\0\0\xa6\x83\0\
\0\x7a\0\0\0\x80\x0b\0\0\x19\0\0\0\x45\0\0\0\x88\x0b\0\0\xb5\x83\0\0\x45\0\0\0\
\x90\x0b\0\0\xac\0\0\0\x45\0\0\0\x98\x0b\0\0\xbc\x83\0\0\x45\0\0\0\xa0\x0b\0\0\
\xc4\x83\0\0\x25\0\0\0\xb0\x0b\0\0\x5d\x0a\0\0\xe7\x04\0\0\xc0\x0b\0\0\xcb\x83\
\0\0\xea\x04\0\0\0\x0c\0\0\xd4\x83\0\0\xf0\0\0\0\0\x18\0\0\x85\x13\0\0\x66\0\0\
\0\x80\x18\0\0\xe7\x83\0\0\x02\0\0\x04\x08\0\0\0\xf1\x83\0\0\x11\0\0\0\0\0\0\0\
\x41\x3e\0\0\x11\0\0\0\x20\0\0\0\xf3\x83\0\0\x0c\0\0\x04\x38\0\0\0\x01\x84\0\0\
\xe1\x04\0\0\0\0\0\0\x07\x84\0\0\xe1\x04\0\0\x80\0\0\0\x0d\x84\0\0\xaa\x04\0\0\
\0\x01\0\0\x13\x84\0\0\xaa\x04\0\0\x10\x01\0\0\x1e\x84\0\0\xaa\x04\0\0\x20\x01\
\0\0\x24\x84\0\0\xaa\x04\0\0\x30\x01\0\0\xc4\x83\0\0\x26\0\0\0\x40\x01\0\0\x2f\
\x84\0\0\x46\0\0\0\x50\x01\0\0\x3b\x84\0\0\x46\0\0\0\x58\x01\0\0\x47\x84\0\0\
\x46\0\0\0\x60\x01\0\0\xbd\x73\0\0\x02\0\0\0\x80\x01\0\0\x7a\x1f\0\0\xa3\0\0\0\
\xa0\x01\0\0\x4d\x84\0\0\0\0\0\x08\xe2\x04\0\0\0\0\0\0\x03\0\0\x05\x10\0\0\0\
\x5c\x84\0\0\xa4\x04\0\0\0\0\0\0\x5f\x84\0\0\xb3\x04\0\0\0\0\0\0\x62\x84\0\0\
\xb0\x04\0\0\0\0\0\0\x66\x84\0\0\x08\0\0\x04\x40\0\0\0\x78\x84\0\0\x32\0\0\0\0\
\0\0\0\x88\x84\0\0\x32\0\0\0\x40\0\0\0\x98\x84\0\0\x32\0\0\0\x80\0\0\0\xaa\x84\
\0\0\x32\0\0\0\xc0\0\0\0\xbc\x84\0\0\x32\0\0\0\0\x01\0\0\xd5\x84\0\0\x32\0\0\0\
\x40\x01\0\0\xee\x84\0\0\x32\0\0\0\x80\x01\0\0\x07\x85\0\0\x32\0\0\0\xc0\x01\0\
\0\x20\x85\0\0\x04\0\0\x04\x20\0\0\0\x32\x85\0\0\x32\0\0\0\0\0\0\0\x38\x85\0\0\
\x32\0\0\0\x40\0\0\0\x40\x85\0\0\x32\0\0\0\x80\0\0\0\x49\x85\0\0\x32\0\0\0\xc0\
\0\0\0\x52\x85\0\0\x02\0\0\x04\x18\0\0\0\x69\x85\0\0\x2f\0\0\0\0\0\0\0\x72\x52\
\0\0\x45\0\0\0\x80\0\0\0\x6d\x85\0\0\x03\0\0\x04\x48\0\0\0\x7f\x85\0\0\xbf\x04\
\0\0\0\0\0\0\x8a\x85\0\0\xc4\x01\0\0\xc0\0\0\0\x0b\x12\0\0\x0f\0\0\0\0\x02\0\0\
\0\0\0\0\0\0\0\x02\x38\x07\0\0\x95\x85\0\0\x0b\0\0\x04\x40\0\0\0\xd6\x13\0\0\
\xe9\x04\0\0\0\0\0\0\x07\x84\0\0\xe1\x04\0\0\xc0\0\0\0\x9f\x85\0\0\x27\0\0\0\
\x40\x01\0\0\xac\x85\0\0\x10\0\0\0\x60\x01\0\0\xd8\x25\0\0\x45\0\0\0\x80\x01\0\
\0\xb2\x85\0\0\x45\0\0\0\x88\x01\0\0\xb8\x85\0\0\x45\0\0\0\x90\x01\0\0\xc1\x85\
\0\0\x45\0\0\0\x98\x01\0\0\xc9\x85\0\0\x10\0\0\0\xa0\x01\0\0\xd0\x85\0\0\x10\0\
\0\0\xc0\x01\0\0\xd7\x85\0\0\x10\0\0\0\xe0\x01\0\0\xde\x85\0\0\x03\0\0\x04\x18\
\0\0\0\x01\x84\0\0\xe1\x04\0\0\0\0\0\0\xe6\x85\0\0\xa4\x04\0\0\x80\0\0\0\x47\
\x84\0\0\x46\0\0\0\xa0\0\0\0\0\0\0\0\0\0\0\x03\0\0\0\0\xe8\x04\0\0\x04\0\0\0\
\x06\0\0\0\0\0\0\0\0\0\0\x03\0\0\0\0\xdd\x04\0\0\x04\0\0\0\x02\0\0\0\0\0\0\0\0\
\0\0\x02\xed\x04\0\0\xea\x85\0\0\x13\0\0\x04\x70\0\0\0\xc6\x2c\0\0\xc5\x04\0\0\
\0\0\0\0\x25\x25\0\0\x62\x05\0\0\x40\0\0\0\xf4\x85\0\0\x0f\0\0\0\x80\0\0\0\x2d\
\x13\0\0\x0f\0\0\0\xc0\0\0\0\xce\x74\0\0\x63\x05\0\0\0\x01\0\0\xfd\x85\0\0\x64\
\x05\0\0\x40\x01\0\0\x03\x86\0\0\x66\x05\0\0\x80\x01\0\0\xac\0\0\0\x27\0\0\0\
\xc0\x01\0\0\x0a\x86\0\0\xbc\0\0\0\xd0\x01\0\0\x13\x86\0\0\x27\0\0\0\xe0\x01\0\
\0\x1e\x86\0\0\x27\0\0\0\xf0\x01\0\0\x2a\x86\0\0\x1f\0\0\0\0\x02\0\0\x33\x86\0\
\0\x02\0\0\0\x20\x02\0\0\x39\x86\0\0\x0f\0\0\0\x40\x02\0\0\x41\x86\0\0\x68\x05\
\0\0\x80\x02\0\0\x77\x14\0\0\x66\0\0\0\xc0\x02\0\0\x4a\x86\0\0\xbc\0\0\0\x40\
\x03\0\0\x50\x86\0\0\xbc\0\0\0\x50\x03\0\0\x56\x86\0\0\x11\0\0\0\x60\x03\0\0\
\x5f\x86\0\0\x84\0\0\x84\xc0\x08\0\0\xd6\x20\0\0\x8d\x01\0\0\0\0\0\0\x6a\x86\0\
\0\xef\x04\0\0\x80\0\0\0\x74\x86\0\0\xf0\x04\0\0\xc0\0\0\0\x7c\x86\0\0\x0f\0\0\
\0\0\x01\0\0\x84\x86\0\0\x0f\0\0\0\x40\x01\0\0\x8e\x86\0\0\x0f\0\0\0\x80\x01\0\
\0\0\x13\0\0\x0f\0\0\0\xc0\x01\0\0\x98\x86\0\0\x2f\0\0\0\0\x02\0\0\xa1\x86\0\0\
\x2f\0\0\0\x80\x02\0\0\xab\x86\0\0\x2f\0\0\0\0\x03\0\0\xb6\x86\0\0\x2f\0\0\0\
\x80\x03\0\0\xc1\x86\0\0\x2f\0\0\0\0\x04\0\0\xcb\x86\0\0\x2f\0\0\0\x80\x04\0\0\
\xda\x86\0\0\xf1\x04\0\0\0\x05\0\0\xac\0\0\0\x12\0\0\0\0\x06\0\0\xe3\x86\0\0\
\x12\0\0\0\x20\x06\0\0\xee\x86\0\0\xf2\x04\0\0\x40\x06\0\0\xbd\x73\0\0\x02\0\0\
\0\x80\x06\0\0\xf9\x86\0\0\x27\0\0\0\xa0\x06\0\0\0\x87\0\0\x27\0\0\0\xb0\x06\0\
\0\x10\x87\0\0\x12\0\0\0\xc0\x06\0\0\x14\x87\0\0\x27\0\0\0\xe0\x06\0\0\x24\x87\
\0\0\x27\0\0\0\xf0\x06\0\0\x34\x87\0\0\xf4\x04\0\0\0\x07\0\0\x3d\x87\0\0\xf4\
\x04\0\0\x40\x07\0\0\x49\x87\0\0\xf4\x04\0\0\x80\x07\0\0\x59\x87\0\0\xf4\x04\0\
\0\xc0\x07\0\0\x67\x87\0\0\xf4\x04\0\0\0\x08\0\0\x77\x87\0\0\xf4\x04\0\0\x40\
\x08\0\0\x85\x87\0\0\xf4\x04\0\0\x80\x08\0\0\x9a\x87\0\0\x12\0\0\0\xc0\x08\0\0\
\xa2\x87\0\0\x12\0\0\0\xe0\x08\0\0\x19\0\0\0\x27\0\0\0\0\x09\0\0\xaa\x87\0\0\
\x47\0\0\0\x10\x09\0\0\xb9\x87\0\0\x47\0\0\0\x18\x09\0\0\x64\x24\0\0\x02\0\0\0\
\x20\x09\0\0\x60\x58\0\0\xf5\x04\0\0\x40\x09\0\0\xca\x87\0\0\x5e\0\0\0\0\x0f\0\
\0\xd5\x87\0\0\x5e\0\0\0\x40\x0f\0\0\xe0\x87\0\0\x5e\0\0\0\x80\x0f\0\0\xed\x87\
\0\0\x1f\0\0\0\xc0\x0f\0\0\xfe\x87\0\0\x1f\0\0\0\xe0\x0f\0\0\x11\x88\0\0\x0d\
\x05\0\0\0\x10\0\0\x1d\x88\0\0\x0f\x05\0\0\x40\x10\0\0\x27\x88\0\0\x11\x05\0\0\
\x80\x10\0\0\x32\x88\0\0\x47\0\0\0\xc0\x10\0\0\x3c\x88\0\0\x47\0\0\0\xc8\x10\0\
\0\x46\x88\0\0\x47\0\0\0\xd0\x10\0\0\x4e\x88\0\0\x47\0\0\0\xd8\x10\0\0\x52\x88\
\0\0\xb0\x03\0\0\xe0\x10\0\0\x5c\x88\0\0\x47\0\0\0\xe0\x11\0\0\x6d\x88\0\0\x47\
\0\0\0\xe8\x11\0\0\x76\x88\0\0\x47\0\0\0\xf0\x11\0\0\x82\x88\0\0\x47\0\0\0\xf8\
\x11\0\0\x8e\x88\0\0\x27\0\0\0\0\x12\0\0\x9d\x88\0\0\x27\0\0\0\x10\x12\0\0\xa4\
\x88\0\0\x27\0\0\0\x20\x12\0\0\xad\x88\0\0\x27\0\0\0\x30\x12\0\0\xb4\x88\0\0\
\x8d\0\0\0\x40\x12\0\0\xc3\x88\0\0\x02\0\0\0\x60\x12\0\0\xc7\x88\0\0\x13\x05\0\
\0\x80\x12\0\0\xca\x88\0\0\x13\x05\0\0\x80\x13\0\0\xcd\x88\0\0\x13\x05\0\0\x80\
\x14\0\0\xd7\x88\0\0\xdc\x01\0\0\x80\x15\0\0\xe3\x88\0\0\x12\0\0\0\xc0\x15\0\0\
\xef\x88\0\0\x12\0\0\0\xe0\x15\0\0\xf8\x88\0\0\x7a\0\0\0\0\x16\0\0\x03\x89\0\0\
\x17\x05\0\0\x40\x16\0\0\x0d\x89\0\0\x18\x05\0\0\x80\x16\0\0\x14\x89\0\0\x19\
\x05\0\0\xc0\x16\0\0\x1c\x89\0\0\x1a\x05\0\0\0\x17\0\0\x2a\x89\0\0\x1b\x05\0\0\
\x40\x17\0\0\x39\x89\0\0\xd6\x04\0\0\x80\x17\0\0\x42\x89\0\0\x1c\x05\0\0\xc0\
\x17\0\0\x46\x89\0\0\x12\0\0\0\0\x18\0\0\x54\x89\0\0\x12\0\0\0\x20\x18\0\0\x67\
\x89\0\0\x13\x03\0\0\x40\x18\0\0\x70\x89\0\0\x0f\0\0\0\x80\x18\0\0\x82\x89\0\0\
\x02\0\0\0\xc0\x18\0\0\x97\x89\0\0\x1d\x05\0\0\0\x19\0\0\xa2\x89\0\0\x1c\0\0\0\
\x40\x19\0\0\xb2\x89\0\0\x23\x05\0\0\x80\x19\0\0\xc0\x89\0\0\x24\x05\0\0\xc0\
\x19\0\0\xce\x89\0\0\x25\x05\0\0\0\x1a\0\0\xdf\x89\0\0\xb0\x03\0\0\x40\x1a\0\0\
\xe9\x89\0\0\x26\x05\0\0\x40\x1b\0\0\xf5\x89\0\0\xf0\0\0\0\x80\x1b\0\0\x01\x8a\
\0\0\x24\x05\0\0\0\x1c\0\0\x05\x8a\0\0\x12\0\0\0\x40\x1c\0\0\x13\x8a\0\0\x12\0\
\0\0\x60\x1c\0\0\x26\x8a\0\0\x28\x05\0\0\x80\x1c\0\0\x2c\x8a\0\0\x12\0\0\0\xc0\
\x1c\0\0\x39\x8a\0\0\x8d\0\0\0\xe0\x1c\0\0\x48\x8a\0\0\x39\x05\0\0\0\x1d\0\0\
\x52\x8a\0\0\x40\x05\0\0\x40\x1d\0\0\x5b\x8a\0\0\x23\x05\0\0\xc0\x1d\0\0\x68\
\x8a\0\0\x46\x05\0\0\0\x1e\0\0\x73\x8a\0\0\xc4\x01\0\0\0\x22\0\0\x82\x8a\0\0\
\x02\0\0\0\x40\x23\0\0\x91\x8a\0\0\x10\0\0\0\x60\x23\0\0\xa3\x8a\0\0\x2f\0\0\0\
\x80\x23\0\0\xad\x8a\0\0\xf4\0\0\0\0\x24\0\0\xb9\x8a\0\0\x2f\0\0\0\x40\x24\0\0\
\xc9\x8a\0\0\x47\x05\0\0\xc0\x24\0\x08\xd3\x8a\0\0\x7a\0\0\0\xc8\x24\0\0\xdd\
\x8a\0\0\x48\x05\0\0\xd0\x24\0\x10\xed\x8a\0\0\x7a\0\0\0\xe0\x24\0\0\xff\x8a\0\
\0\x49\x05\0\0\0\x25\0\0\x0f\x8b\0\0\xae\x04\0\0\x40\x25\0\0\x16\x8b\0\0\x1c\0\
\0\0\x80\x25\0\0\x1e\x8b\0\0\x4b\x05\0\0\xc0\x25\0\0\0\0\0\0\x4c\x05\0\0\0\x26\
\0\0\xc6\x2c\0\0\xd0\x03\0\0\x40\x26\0\0\x2b\x8b\0\0\x51\x05\0\0\x80\x3d\0\0\
\x38\x8b\0\0\xd5\x01\0\0\x80\x3e\0\0\x4d\x8b\0\0\x52\x05\0\0\xc0\x3e\0\0\x5b\
\x8b\0\0\x12\0\0\0\0\x3f\0\0\x68\x8b\0\0\x25\0\0\0\x20\x3f\0\0\x75\x8b\0\0\xba\
\0\0\0\x30\x3f\0\0\x7c\x8b\0\0\x55\x05\0\0\x40\x3f\0\0\x86\x8b\0\0\x56\x05\0\0\
\x40\x41\0\0\x92\x8b\0\0\x57\x05\0\0\xc0\x41\0\0\x99\x8b\0\0\x58\x05\0\0\0\x42\
\0\0\xa1\x8b\0\0\x5a\x05\0\0\x40\x42\0\0\xb3\x8b\0\0\x5a\x05\0\0\x80\x42\0\0\
\xc5\x8b\0\0\x7a\0\0\0\xc0\x42\0\0\xd0\x8b\0\0\x12\0\0\0\xc8\x42\0\x01\xdc\x8b\
\0\0\x12\0\0\0\xc9\x42\0\x01\xe5\x8b\0\0\x2f\0\0\0\0\x43\0\0\xf7\x8b\0\0\x5b\
\x05\0\0\x80\x43\0\0\x0b\x8c\0\0\x5d\x05\0\0\xc0\x43\0\0\x1a\x8c\0\0\x61\x05\0\
\0\0\x44\0\0\0\0\0\0\0\0\0\x02\xfb\x06\0\0\0\0\0\0\0\0\0\x02\xfc\x06\0\0\0\0\0\
\0\x02\0\0\x04\x20\0\0\0\x24\x8c\0\0\x2f\0\0\0\0\0\0\0\x2a\x8c\0\0\x2f\0\0\0\
\x80\0\0\0\0\0\0\0\0\0\0\x02\xf3\x04\0\0\0\0\0\0\0\0\0\x0a\xfd\x06\0\0\x30\x8c\
\0\0\0\0\0\x08\x31\0\0\0\x42\x8c\0\0\x17\0\0\x04\xb8\0\0\0\0\0\0\0\xf6\x04\0\0\
\0\0\0\0\0\0\0\0\xf7\x04\0\0\x40\0\0\0\0\0\0\0\xf8\x04\0\0\x80\0\0\0\0\0\0\0\
\xf9\x04\0\0\xc0\0\0\0\0\0\0\0\xfa\x04\0\0\0\x01\0\0\0\0\0\0\xfb\x04\0\0\x40\
\x01\0\0\0\0\0\0\xfc\x04\0\0\x80\x01\0\0\0\0\0\0\xfd\x04\0\0\xc0\x01\0\0\0\0\0\
\0\xfe\x04\0\0\0\x02\0\0\0\0\0\0\xff\x04\0\0\x40\x02\0\0\0\0\0\0\0\x05\0\0\x80\
\x02\0\0\0\0\0\0\x01\x05\0\0\xc0\x02\0\0\0\0\0\0\x02\x05\0\0\0\x03\0\0\0\0\0\0\
\x03\x05\0\0\x40\x03\0\0\0\0\0\0\x04\x05\0\0\x80\x03\0\0\0\0\0\0\x05\x05\0\0\
\xc0\x03\0\0\0\0\0\0\x06\x05\0\0\0\x04\0\0\0\0\0\0\x07\x05\0\0\x40\x04\0\0\0\0\
\0\0\x08\x05\0\0\x80\x04\0\0\0\0\0\0\x09\x05\0\0\xc0\x04\0\0\0\0\0\0\x0a\x05\0\
\0\0\x05\0\0\0\0\0\0\x0b\x05\0\0\x40\x05\0\0\0\0\0\0\x0c\x05\0\0\x80\x05\0\0\0\
\0\0\0\x02\0\0\x05\x08\0\0\0\x53\x8c\0\0\x0f\0\0\0\0\0\0\0\x5e\x8c\0\0\x5e\0\0\
\0\0\0\0\0\0\0\0\0\x02\0\0\x05\x08\0\0\0\x6b\x8c\0\0\x0f\0\0\0\0\0\0\0\x76\x8c\
\0\0\x5e\0\0\0\0\0\0\0\0\0\0\0\x02\0\0\x05\x08\0\0\0\x83\x8c\0\0\x0f\0\0\0\0\0\
\0\0\x8c\x8c\0\0\x5e\0\0\0\0\0\0\0\0\0\0\0\x02\0\0\x05\x08\0\0\0\x97\x8c\0\0\
\x0f\0\0\0\0\0\0\0\xa0\x8c\0\0\x5e\0\0\0\0\0\0\0\0\0\0\0\x02\0\0\x05\x08\0\0\0\
\xab\x8c\0\0\x0f\0\0\0\0\0\0\0\xb5\x8c\0\0\x5e\0\0\0\0\0\0\0\0\0\0\0\x02\0\0\
\x05\x08\0\0\0\xc1\x8c\0\0\x0f\0\0\0\0\0\0\0\xcb\x8c\0\0\x5e\0\0\0\0\0\0\0\0\0\
\0\0\x02\0\0\x05\x08\0\0\0\xca\x87\0\0\x0f\0\0\0\0\0\0\0\xd7\x8c\0\0\x5e\0\0\0\
\0\0\0\0\0\0\0\0\x02\0\0\x05\x08\0\0\0\xd5\x87\0\0\x0f\0\0\0\0\0\0\0\xe4\x8c\0\
\0\x5e\0\0\0\0\0\0\0\0\0\0\0\x02\0\0\x05\x08\0\0\0\xf1\x8c\0\0\x0f\0\0\0\0\0\0\
\0\xfb\x8c\0\0\x5e\0\0\0\0\0\0\0\0\0\0\0\x02\0\0\x05\x08\0\0\0\x07\x8d\0\0\x0f\
\0\0\0\0\0\0\0\x12\x8d\0\0\x5e\0\0\0\0\0\0\0\0\0\0\0\x02\0\0\x05\x08\0\0\0\x1f\
\x8d\0\0\x0f\0\0\0\0\0\0\0\x30\x8d\0\0\x5e\0\0\0\0\0\0\0\0\0\0\0\x02\0\0\x05\
\x08\0\0\0\x43\x8d\0\0\x0f\0\0\0\0\0\0\0\x52\x8d\0\0\x5e\0\0\0\0\0\0\0\0\0\0\0\
\x02\0\0\x05\x08\0\0\0\x63\x8d\0\0\x0f\0\0\0\0\0\0\0\x71\x8d\0\0\x5e\0\0\0\0\0\
\0\0\0\0\0\0\x02\0\0\x05\x08\0\0\0\x81\x8d\0\0\x0f\0\0\0\0\0\0\0\x91\x8d\0\0\
\x5e\0\0\0\0\0\0\0\0\0\0\0\x02\0\0\x05\x08\0\0\0\xa3\x8d\0\0\x0f\0\0\0\0\0\0\0\
\xb2\x8d\0\0\x5e\0\0\0\0\0\0\0\0\0\0\0\x02\0\0\x05\x08\0\0\0\xc3\x8d\0\0\x0f\0\
\0\0\0\0\0\0\xd4\x8d\0\0\x5e\0\0\0\0\0\0\0\0\0\0\0\x02\0\0\x05\x08\0\0\0\xe7\
\x8d\0\0\x0f\0\0\0\0\0\0\0\xf9\x8d\0\0\x5e\0\0\0\0\0\0\0\0\0\0\0\x02\0\0\x05\
\x08\0\0\0\x0d\x8e\0\0\x0f\0\0\0\0\0\0\0\x1f\x8e\0\0\x5e\0\0\0\0\0\0\0\0\0\0\0\
\x02\0\0\x05\x08\0\0\0\x33\x8e\0\0\x0f\0\0\0\0\0\0\0\x42\x8e\0\0\x5e\0\0\0\0\0\
\0\0\0\0\0\0\x02\0\0\x05\x08\0\0\0\x53\x8e\0\0\x0f\0\0\0\0\0\0\0\x67\x8e\0\0\
\x5e\0\0\0\0\0\0\0\0\0\0\0\x02\0\0\x05\x08\0\0\0\x7d\x8e\0\0\x0f\0\0\0\0\0\0\0\
\x8e\x8e\0\0\x5e\0\0\0\0\0\0\0\0\0\0\0\x02\0\0\x05\x08\0\0\0\xa1\x8e\0\0\x0f\0\
\0\0\0\0\0\0\xaf\x8e\0\0\x5e\0\0\0\0\0\0\0\0\0\0\0\x02\0\0\x05\x08\0\0\0\xbf\
\x8e\0\0\x0f\0\0\0\0\0\0\0\xcd\x8e\0\0\x5e\0\0\0\0\0\0\0\0\0\0\0\0\0\0\x02\x0e\
\x05\0\0\0\0\0\0\0\0\0\x0a\x32\x07\0\0\0\0\0\0\0\0\0\x02\x10\x05\0\0\0\0\0\0\0\
\0\0\x0a\x33\x07\0\0\0\0\0\0\0\0\0\x02\x12\x05\0\0\0\0\0\0\0\0\0\x0a\x40\x07\0\
\0\xdd\x8e\0\0\x03\0\0\x04\x20\0\0\0\x89\x13\0\0\x2f\0\0\0\0\0\0\0\x26\x1b\0\0\
\x02\0\0\0\x80\0\0\0\x7f\x28\0\0\x3b\0\0\0\xc0\0\0\0\xa1\x2e\0\0\x04\0\0\x04\
\x60\0\0\0\x89\x13\0\0\x2f\0\0\0\0\0\0\0\x74\x3e\0\0\x8d\0\0\0\x80\0\0\0\xa9\
\x36\0\0\xdb\x01\0\0\xc0\0\0\0\xf1\x8e\0\0\x15\x05\0\0\xc0\x02\0\0\0\0\0\0\0\0\
\0\x02\x16\x05\0\0\0\0\0\0\0\0\0\x0a\xf9\x06\0\0\0\0\0\0\0\0\0\x02\x41\x07\0\0\
\0\0\0\0\0\0\0\x02\x31\x07\0\0\0\0\0\0\0\0\0\x02\x42\x06\0\0\0\0\0\0\0\0\0\x02\
\x42\x07\0\0\0\0\0\0\0\0\0\x02\x46\x07\0\0\0\0\0\0\0\0\0\x02\x1d\x07\0\0\0\0\0\
\0\0\0\0\x02\x1e\x05\0\0\xfc\x8e\0\0\0\0\0\x08\x1f\x05\0\0\0\0\0\0\x01\0\0\x0d\
\x20\x05\0\0\0\0\0\0\x22\x05\0\0\x0e\x8f\0\0\0\0\0\x08\x21\x05\0\0\x22\x8f\0\0\
\x04\0\0\x06\x04\0\0\0\x34\x8f\0\0\0\0\0\0\x48\x8f\0\0\x01\0\0\0\x5b\x8f\0\0\
\x02\0\0\0\x6c\x8f\0\0\x03\0\0\0\0\0\0\0\0\0\0\x02\xc0\x04\0\0\0\0\0\0\0\0\0\
\x02\x41\x05\0\0\0\0\0\0\0\0\0\x02\x27\x05\0\0\0\0\0\0\0\0\0\x02\xb4\x06\0\0\0\
\0\0\0\0\0\0\x02\x51\x07\0\0\x7c\x8f\0\0\x0c\0\0\x04\x40\x01\0\0\xc6\x2c\0\0\
\xc5\x04\0\0\0\0\0\0\x26\x8a\0\0\x28\x05\0\0\x40\0\0\0\x89\x8f\0\0\x28\x05\0\0\
\x80\0\0\0\xa9\x36\0\0\xdb\x01\0\0\xc0\0\0\0\x98\x8f\0\0\x0f\0\0\0\xc0\x02\0\0\
\xa3\x8f\0\0\x0f\0\0\0\0\x03\0\0\xb1\x8f\0\0\xc5\x04\0\0\x40\x03\0\0\xb8\x8f\0\
\0\x8d\0\0\0\0\x04\0\0\xc3\x8f\0\0\x02\0\0\0\x20\x04\0\0\xd3\x8f\0\0\x0f\0\0\0\
\x40\x04\0\0\0\x13\0\0\x0f\0\0\0\x80\x04\0\0\xdf\x8f\0\0\x38\x05\0\0\0\x06\0\0\
\0\0\0\0\0\0\0\x02\x29\x05\0\0\xe3\x8f\0\0\x1b\0\0\x04\x40\x01\0\0\xe9\x8f\0\0\
\x2a\x05\0\0\0\0\0\0\xf1\x8f\0\0\x2c\x05\0\0\x40\0\0\0\xac\0\0\0\x12\0\0\0\x80\
\0\0\0\xf9\x8f\0\0\x10\0\0\0\xa0\0\0\0\x25\x25\0\0\x2e\x05\0\0\xc0\0\0\0\xff\
\x8f\0\0\x30\x05\0\0\0\x01\0\0\x98\x20\0\0\xf0\0\0\0\x40\x01\0\0\x04\x90\0\0\
\x10\0\0\0\xc0\x01\0\0\xc1\x04\0\0\x10\0\0\0\xe0\x01\0\0\x0b\x90\0\0\x24\x05\0\
\0\0\x02\0\0\x15\x90\0\0\x31\x05\0\0\x40\x02\0\0\x1e\x90\0\0\x32\x05\0\0\x80\
\x02\0\0\x29\x90\0\0\x33\x05\0\0\xc0\x02\0\0\x34\x90\0\0\x02\0\0\0\0\x03\0\0\
\xc0\x13\0\0\x1d\0\0\0\x20\x03\0\0\x38\x90\0\0\xbf\x04\0\0\0\x04\0\0\x40\x90\0\
\0\x34\x05\0\0\xc0\x04\0\0\x42\x90\0\0\x35\x05\0\0\x80\x05\0\0\x49\x90\0\0\xaf\
\0\0\0\0\x06\0\0\x51\x90\0\0\x36\x05\0\0\x20\x06\0\0\0\x13\0\0\x0f\0\0\0\xc0\
\x06\0\0\x58\x90\0\0\x28\x05\0\0\0\x07\0\0\x63\x90\0\0\xbf\x04\0\0\x40\x07\0\0\
\x6f\x90\0\0\x8d\0\0\0\0\x08\0\0\x78\x90\0\0\x8d\0\0\0\x20\x08\0\0\x85\x13\0\0\
\x66\0\0\0\x40\x08\0\0\x80\x90\0\0\x37\x05\0\0\0\x0a\0\0\0\0\0\0\0\0\0\x02\x2b\
\x05\0\0\0\0\0\0\x03\0\0\x0d\x02\0\0\0\0\0\0\0\xc0\x04\0\0\0\0\0\0\x28\x05\0\0\
\0\0\0\0\x22\x05\0\0\0\0\0\0\0\0\0\x02\x2d\x05\0\0\0\0\0\0\x01\0\0\x0d\xc0\x04\
\0\0\0\0\0\0\x28\x05\0\0\0\0\0\0\0\0\0\x02\x2f\x05\0\0\0\0\0\0\0\0\0\x0a\x20\
\x07\0\0\0\0\0\0\0\0\0\x02\x4f\x07\0\0\0\0\0\0\0\0\0\x02\x50\x07\0\0\0\0\0\0\0\
\0\0\x02\x44\x05\0\0\0\0\0\0\0\0\0\x02\x36\x05\0\0\x89\x90\0\0\x04\0\0\x04\x18\
\0\0\0\x2b\x1e\0\0\xc0\x04\0\0\0\0\0\0\xed\x11\0\0\xc0\x04\0\0\x40\0\0\0\x61\
\x7f\0\0\x11\0\0\0\x80\0\0\0\x76\x11\0\0\x8d\0\0\0\xa0\0\0\0\x98\x90\0\0\x02\0\
\0\x04\x10\0\0\0\x32\x85\0\0\x32\0\0\0\0\0\0\0\x38\x85\0\0\x32\0\0\0\x40\0\0\0\
\xb0\x90\0\0\x05\0\0\x04\x14\0\0\0\x61\x7f\0\0\x11\0\0\0\0\0\0\0\xc1\x90\0\0\
\x11\0\0\0\x20\0\0\0\xc9\x90\0\0\x11\0\0\0\x40\0\0\0\xcf\x90\0\0\x11\0\0\0\x60\
\0\0\0\xd8\x90\0\0\x11\0\0\0\x80\0\0\0\0\0\0\0\0\0\0\x03\0\0\0\0\x18\0\0\0\x04\
\0\0\0\0\0\0\0\xdf\x8f\0\0\x0d\0\0\x04\x80\0\0\0\xe3\x90\0\0\x12\0\0\0\0\0\0\0\
\xee\x90\0\0\x12\0\0\0\x20\0\0\0\xf8\x90\0\0\x12\0\0\0\x40\0\0\0\xf9\x8f\0\0\
\x12\0\0\0\0\x02\0\0\x05\x91\0\0\x12\0\0\0\x20\x02\0\0\x13\x91\0\0\x12\0\0\0\
\x40\x02\0\0\x20\x91\0\0\x12\0\0\0\x60\x02\0\0\x30\x91\0\0\x12\0\0\0\x80\x02\0\
\0\x42\x91\0\0\x12\0\0\0\xa0\x02\0\0\x4f\x91\0\0\x0f\0\0\0\xc0\x02\0\0\x60\x91\
\0\0\x12\0\0\0\0\x03\0\0\x6a\x91\0\0\x12\0\0\0\x20\x03\0\0\x74\x91\0\0\x12\0\0\
\0\x40\x03\0\0\0\0\0\0\0\0\0\x02\x52\x07\0\0\0\0\0\0\0\0\0\x02\x3b\x05\0\0\x84\
\x91\0\0\x04\0\0\x04\x18\0\0\0\x85\x13\0\0\x66\0\0\0\0\0\0\0\x91\x91\0\0\x12\0\
\0\0\x80\0\0\0\x75\x8b\0\0\xba\0\0\0\xa0\0\0\0\x98\x91\0\0\x3f\x05\0\0\xc0\0\0\
\0\0\0\0\0\0\0\0\x02\x3d\x05\0\0\xa1\x91\0\0\x04\0\0\x04\x18\0\0\0\x8d\x26\0\0\
\x12\0\0\0\0\0\0\0\xa9\x91\0\0\x12\0\0\0\x20\0\0\0\x85\x13\0\0\x66\0\0\0\x40\0\
\0\0\xb3\x91\0\0\x3e\x05\0\0\xc0\0\0\0\0\0\0\0\0\0\0\x03\0\0\0\0\x25\0\0\0\x04\
\0\0\0\0\0\0\0\0\0\0\0\0\0\0\x03\0\0\0\0\x3c\x05\0\0\x04\0\0\0\0\0\0\0\0\0\0\0\
\0\0\0\x03\0\0\0\0\x3a\x05\0\0\x04\0\0\0\x02\0\0\0\xba\x91\0\0\x05\0\0\x04\x30\
\0\0\0\xc5\x91\0\0\x42\x05\0\0\0\0\0\0\x78\x71\0\0\x43\x05\0\0\x40\0\0\0\x1e\
\x90\0\0\x32\x05\0\0\x80\0\0\0\x29\x90\0\0\x33\x05\0\0\xc0\0\0\0\x85\x13\0\0\
\x66\0\0\0\0\x01\0\0\0\0\0\0\0\0\0\x02\x1e\x07\0\0\0\0\0\0\0\0\0\x02\x1f\x07\0\
\0\xd1\x91\0\0\x02\0\0\x04\x10\0\0\0\x42\x90\0\0\x35\x05\0\0\0\0\0\0\xe6\x91\0\
\0\x45\x05\0\0\x80\0\0\0\xec\x91\0\0\0\0\0\x04\0\0\0\0\0\0\0\0\0\0\0\x03\0\0\0\
\0\x6f\0\0\0\x04\0\0\0\x10\0\0\0\0\0\0\0\x06\0\0\x06\x04\0\0\0\xfb\x91\0\0\0\0\
\0\0\x10\x92\0\0\x01\0\0\0\x22\x92\0\0\x02\0\0\0\x37\x92\0\0\x03\0\0\0\x4b\x92\
\0\0\x04\0\0\0\x5b\x92\0\0\x05\0\0\0\0\0\0\0\x02\0\0\x06\x04\0\0\0\x68\x92\0\0\
\0\0\0\0\x7e\x92\0\0\x01\0\0\0\0\0\0\0\0\0\0\x02\x4a\x05\0\0\0\0\0\0\x01\0\0\
\x0d\0\0\0\0\0\0\0\0\xc5\x04\0\0\x95\x92\0\0\x02\0\0\x06\x04\0\0\0\xa9\x92\0\0\
\0\0\0\0\xb6\x92\0\0\x01\0\0\0\0\0\0\0\x03\0\0\x05\x08\0\0\0\xc2\x92\0\0\x4d\
\x05\0\0\0\0\0\0\xc9\x92\0\0\x4e\x05\0\0\0\0\0\0\xd0\x92\0\0\x4f\x05\0\0\0\0\0\
\0\0\0\0\0\0\0\0\x02\x53\x07\0\0\0\0\0\0\0\0\0\x02\x54\x07\0\0\0\0\0\0\0\0\0\
\x02\x50\x05\0\0\xd7\x92\0\0\0\0\0\x07\0\0\0\0\0\0\0\0\0\0\0\x03\0\0\0\0\xd5\
\x01\0\0\x04\0\0\0\x04\0\0\0\0\0\0\0\0\0\0\x02\x53\x05\0\0\0\0\0\0\0\0\0\x0a\
\x55\x07\0\0\xe3\x92\0\0\x02\0\0\x04\x04\0\0\0\x26\x1b\0\0\x25\0\0\0\0\0\0\0\
\x86\x26\0\0\x25\0\0\0\x10\0\0\0\0\0\0\0\0\0\0\x03\0\0\0\0\x54\x05\0\0\x04\0\0\
\0\x10\0\0\0\0\0\0\0\0\0\0\x03\0\0\0\0\x45\0\0\0\x04\0\0\0\x10\0\0\0\0\0\0\0\0\
\0\0\x02\x56\x07\0\0\0\0\0\0\0\0\0\x02\x59\x05\0\0\x99\x8b\0\0\0\0\0\x07\0\0\0\
\0\0\0\0\0\0\0\0\x02\x5e\x01\0\0\0\0\0\0\0\0\0\x02\x5c\x05\0\0\0\0\0\0\0\0\0\
\x0a\x21\x07\0\0\0\0\0\0\0\0\0\x02\x5e\x05\0\0\x0b\x8c\0\0\0\0\0\x07\0\0\0\0\
\xf1\x92\0\0\x02\0\0\x04\x10\0\0\0\x93\x2c\0\0\x13\x03\0\0\0\0\0\0\xa4\x21\0\0\
\x60\x05\0\0\x40\0\0\0\0\0\0\0\0\0\0\x02\x22\x07\0\0\0\0\0\0\0\0\0\x03\0\0\0\0\
\x5f\x05\0\0\x04\0\0\0\x03\0\0\0\0\0\0\0\0\0\0\x02\xfd\x05\0\0\0\0\0\0\0\0\0\
\x02\x37\x07\0\0\0\0\0\0\0\0\0\x02\x65\x05\0\0\0\0\0\0\x01\0\0\x0d\x02\0\0\0\0\
\0\0\0\xc0\x04\0\0\0\0\0\0\0\0\0\x02\x67\x05\0\0\0\0\0\0\x03\0\0\x0d\x02\0\0\0\
\0\0\0\0\x45\x03\0\0\0\0\0\0\x9e\x04\0\0\0\0\0\0\xc0\x04\0\0\0\0\0\0\0\0\0\x02\
\x37\x06\0\0\0\0\0\0\x02\0\0\x05\x08\0\0\0\0\x93\0\0\xc0\x04\0\0\0\0\0\0\x0d\
\x93\0\0\x3b\0\0\0\0\0\0\0\x47\x84\0\0\x36\0\0\x04\xb0\x01\0\0\x1b\x93\0\0\x6b\
\x05\0\0\0\0\0\0\x21\x93\0\0\x6d\x05\0\0\x40\0\0\0\x2d\x93\0\0\x6d\x05\0\0\x80\
\0\0\0\x35\x93\0\0\x74\x05\0\0\xc0\0\0\0\x40\x93\0\0\x76\x05\0\0\0\x01\0\0\x47\
\x93\0\0\x78\x05\0\0\x40\x01\0\0\x10\x34\0\0\x7a\x05\0\0\x80\x01\0\0\x42\x21\0\
\0\x7c\x05\0\0\xc0\x01\0\0\x4d\x93\0\0\x7e\x05\0\0\0\x02\0\0\x56\x93\0\0\x80\
\x05\0\0\x40\x02\0\0\x61\x93\0\0\x85\x05\0\0\x80\x02\0\0\x6c\x93\0\0\x7e\x05\0\
\0\xc0\x02\0\0\x94\x32\0\0\x87\x05\0\0\0\x03\0\0\x76\x93\0\0\x89\x05\0\0\x40\
\x03\0\0\x7e\x93\0\0\x8e\x05\0\0\x80\x03\0\0\xcf\x32\0\0\x90\x05\0\0\xc0\x03\0\
\0\x86\x93\0\0\x6d\x05\0\0\0\x04\0\0\x8b\x93\0\0\x6d\x05\0\0\x40\x04\0\0\x94\
\x93\0\0\x92\x05\0\0\x80\x04\0\0\xa0\x93\0\0\x94\x05\0\0\xc0\x04\0\0\xb6\x93\0\
\0\x7c\x05\0\0\0\x05\0\0\x98\x20\0\0\x7a\x05\0\0\x40\x05\0\0\xc1\x93\0\0\x7c\
\x05\0\0\x80\x05\0\0\xc8\x93\0\0\x7c\x05\0\0\xc0\x05\0\0\xcf\x93\0\0\x96\x05\0\
\0\0\x06\0\0\xd8\x93\0\0\x98\x05\0\0\x40\x06\0\0\xed\x93\0\0\x12\0\0\0\x80\x06\
\0\0\xf7\x93\0\0\x9f\x05\0\0\xc0\x06\0\0\x0a\x94\0\0\xa3\x05\0\0\0\x07\0\0\x1b\
\x94\0\0\x7c\x05\0\0\x40\x07\0\0\x31\x94\0\0\x7c\x05\0\0\x80\x07\0\0\x47\x94\0\
\0\x4d\x04\0\0\xc0\x07\0\0\x58\x94\0\0\xa5\x05\0\0\0\x08\0\0\x6a\x94\0\0\x23\
\x02\0\0\x40\x08\0\0\x7a\x94\0\0\xa6\x05\0\0\x80\x08\0\0\x85\x94\0\0\xf4\0\0\0\
\xc0\x08\0\0\x91\x94\0\0\xf4\0\0\0\0\x09\0\0\x9d\x94\0\0\x10\0\0\0\x40\x09\0\0\
\xb0\x94\0\0\x10\0\0\0\x60\x09\0\0\xc3\x94\0\0\x02\0\0\0\x80\x09\0\0\xce\x94\0\
\0\x7a\0\0\0\xa0\x09\0\0\xda\x94\0\0\x4c\x02\0\0\xc0\x09\0\0\xdf\x94\0\0\x12\0\
\0\0\0\x0a\0\0\xe8\x94\0\0\xca\x02\0\0\x20\x0a\0\0\x0f\x3e\0\0\x12\0\0\0\x40\
\x0a\0\0\x1a\x3e\0\0\x12\0\0\0\x60\x0a\0\0\xf3\x94\0\0\xcf\x02\0\0\x80\x0a\0\0\
\0\x95\0\0\xa7\x05\0\0\xc0\x0a\0\0\x09\x95\0\0\xa8\x05\0\0\0\x0b\0\0\x13\x95\0\
\0\xa9\x05\0\0\x40\x0b\0\0\xc0\x19\0\0\xd2\x01\0\0\x80\x0b\0\0\xd6\x20\0\0\x20\
\x04\0\0\xc0\x0b\0\0\xe0\x12\0\0\x2f\0\0\0\xc0\x0c\0\0\x15\x95\0\0\x74\x05\0\0\
\x40\x0d\0\0\0\0\0\0\0\0\0\x02\x6c\x05\0\0\0\0\0\0\x02\0\0\x0d\0\0\0\0\0\0\0\0\
\x9e\x04\0\0\0\0\0\0\x18\0\0\0\0\0\0\0\0\0\0\x02\x6e\x05\0\0\0\0\0\0\x03\0\0\
\x0d\x02\0\0\0\0\0\0\0\x9e\x04\0\0\0\0\0\0\x6f\x05\0\0\0\0\0\0\x02\0\0\0\0\0\0\
\0\0\0\0\x02\x70\x05\0\0\x22\x95\0\0\x02\0\0\x04\x10\0\0\0\x2b\x95\0\0\x71\x05\
\0\0\0\0\0\0\x35\x95\0\0\x73\x05\0\0\x10\0\0\0\x3d\x95\0\0\0\0\0\x08\x72\x05\0\
\0\x49\x95\0\0\0\0\0\x08\x27\0\0\0\0\0\0\0\0\0\0\x03\0\0\0\0\xce\0\0\0\x04\0\0\
\0\x0e\0\0\0\0\0\0\0\0\0\0\x02\x75\x05\0\0\0\0\0\0\x02\0\0\x0d\x02\0\0\0\0\0\0\
\0\x9e\x04\0\0\0\0\0\0\x02\0\0\0\0\0\0\0\0\0\0\x02\x77\x05\0\0\0\0\0\0\x04\0\0\
\x0d\x9e\x04\0\0\0\0\0\0\x9e\x04\0\0\0\0\0\0\x02\0\0\0\0\0\0\0\xf4\0\0\0\0\0\0\
\0\x7a\0\0\0\0\0\0\0\0\0\0\x02\x79\x05\0\0\0\0\0\0\x03\0\0\x0d\x02\0\0\0\0\0\0\
\0\x9e\x04\0\0\0\0\0\0\x02\0\0\0\0\0\0\0\x0f\0\0\0\0\0\0\0\0\0\0\x02\x7b\x05\0\
\0\0\0\0\0\x01\0\0\x0d\x02\0\0\0\0\0\0\0\x9e\x04\0\0\0\0\0\0\0\0\0\x02\x7d\x05\
\0\0\0\0\0\0\x01\0\0\x0d\0\0\0\0\0\0\0\0\x9e\x04\0\0\0\0\0\0\0\0\0\x02\x7f\x05\
\0\0\0\0\0\0\x02\0\0\x0d\0\0\0\0\0\0\0\0\x9e\x04\0\0\0\0\0\0\x02\0\0\0\0\0\0\0\
\0\0\0\x02\x81\x05\0\0\0\0\0\0\x05\0\0\x0d\x02\0\0\0\0\0\0\0\x9e\x04\0\0\0\0\0\
\0\x02\0\0\0\0\0\0\0\x02\0\0\0\0\0\0\0\x82\x05\0\0\0\0\0\0\x12\0\0\0\x5e\x95\0\
\0\0\0\0\x08\x83\x05\0\0\0\0\0\0\x02\0\0\x84\x10\0\0\0\0\0\0\0\x84\x05\0\0\0\0\
\0\0\x68\x95\0\0\x7a\0\0\0\x40\0\0\x01\0\0\0\0\x02\0\0\x05\x08\0\0\0\x72\x95\0\
\0\x1c\0\0\0\0\0\0\0\x7a\x1f\0\0\x1c\0\0\0\0\0\0\0\0\0\0\0\0\0\0\x02\x86\x05\0\
\0\0\0\0\0\x05\0\0\x0d\x02\0\0\0\0\0\0\0\x9e\x04\0\0\0\0\0\0\x02\0\0\0\0\0\0\0\
\x02\0\0\0\0\0\0\0\x21\x01\0\0\0\0\0\0\xf4\0\0\0\0\0\0\0\0\0\0\x02\x88\x05\0\0\
\0\0\0\0\x03\0\0\x0d\x02\0\0\0\0\0\0\0\x9e\x04\0\0\0\0\0\0\x12\0\0\0\0\0\0\0\
\x0f\0\0\0\0\0\0\0\0\0\0\x02\x8a\x05\0\0\0\0\0\0\x03\0\0\x0d\x02\0\0\0\0\0\0\0\
\x9e\x04\0\0\0\0\0\0\x8b\x05\0\0\0\0\0\0\x18\x01\0\0\0\0\0\0\0\0\0\x02\x8c\x05\
\0\0\x79\x95\0\0\x08\0\0\x84\x60\0\0\0\x80\x95\0\0\x1c\0\0\0\0\0\0\0\x89\x95\0\
\0\x02\0\0\0\x40\0\0\0\x95\x95\0\0\x39\x02\0\0\x80\0\0\0\0\0\0\0\x8d\x05\0\0\
\xc0\x01\0\0\x9e\x95\0\0\x7a\0\0\0\0\x02\0\x01\xb2\x95\0\0\x19\x01\0\0\x40\x02\
\0\0\xc1\x95\0\0\x12\0\0\0\x80\x02\0\0\xcb\x95\0\0\x32\x02\0\0\xc0\x02\0\0\0\0\
\0\0\x02\0\0\x05\x08\0\0\0\xd4\x95\0\0\x1c\0\0\0\0\0\0\0\xe0\x95\0\0\x1c\0\0\0\
\0\0\0\0\0\0\0\0\0\0\0\x02\x8f\x05\0\0\0\0\0\0\x06\0\0\x0d\x02\0\0\0\0\0\0\0\
\x9e\x04\0\0\0\0\0\0\x8b\x05\0\0\0\0\0\0\x18\x01\0\0\0\0\0\0\x02\0\0\0\0\0\0\0\
\x02\0\0\0\0\0\0\0\xf4\0\0\0\0\0\0\0\0\0\0\x02\x91\x05\0\0\0\0\0\0\x05\0\0\x0d\
\x02\0\0\0\0\0\0\0\x9e\x04\0\0\0\0\0\0\xbf\x01\0\0\0\0\0\0\x02\0\0\0\0\0\0\0\
\x18\x01\0\0\0\0\0\0\x02\0\0\0\0\0\0\0\0\0\0\x02\x93\x05\0\0\0\0\0\0\x02\0\0\
\x0d\x02\0\0\0\0\0\0\0\x9e\x04\0\0\0\0\0\0\xc0\x04\0\0\0\0\0\0\0\0\0\x02\x95\
\x05\0\0\0\0\0\0\x02\0\0\x0d\x7a\0\0\0\0\0\0\0\x02\0\0\0\0\0\0\0\x02\0\0\0\0\0\
\0\0\0\0\0\x02\x97\x05\0\0\0\0\0\0\x02\0\0\x0d\x02\0\0\0\0\0\0\0\x9e\x04\0\0\0\
\0\0\0\x27\0\0\0\0\0\0\0\0\0\0\x02\x99\x05\0\0\0\0\0\0\x03\0\0\x0d\x02\0\0\0\0\
\0\0\0\x9e\x04\0\0\0\0\0\0\x9a\x05\0\0\0\0\0\0\x7a\0\0\0\0\0\0\0\0\0\0\x02\x9b\
\x05\0\0\xf1\x95\0\0\x1a\0\0\x04\x58\x01\0\0\x66\x82\0\0\x9e\x04\0\0\0\0\0\0\
\xfa\x95\0\0\x9e\x04\0\0\x40\0\0\0\x03\x96\0\0\x10\0\0\0\x80\0\0\0\x0f\x96\0\0\
\x10\0\0\0\xa0\0\0\0\x1a\x96\0\0\x10\0\0\0\xc0\0\0\0\x1f\x96\0\0\x7a\0\0\0\xe0\
\0\0\0\x2d\x96\0\0\x9c\x05\0\0\0\x01\0\0\x3f\x57\0\0\x9d\x05\0\0\x40\x01\0\0\
\x32\x96\0\0\xbf\x04\0\0\x40\x02\0\0\x3e\x96\0\0\x2f\0\0\0\0\x03\0\0\x4a\x96\0\
\0\x8d\0\0\0\x80\x03\0\0\0\x13\0\0\x0f\0\0\0\xc0\x03\0\0\xa4\x21\0\0\x2f\0\0\0\
\0\x04\0\0\x57\x96\0\0\x8d\0\0\0\x80\x04\0\0\xc0\x13\0\0\x1d\0\0\0\xa0\x04\0\0\
\x61\x96\0\0\x7c\x05\0\0\xc0\x04\0\0\x6e\x96\0\0\x7c\x05\0\0\0\x05\0\0\x7c\x96\
\0\0\x6b\x05\0\0\x40\x05\0\0\x88\x96\0\0\x7c\x05\0\0\x80\x05\0\0\x9a\x96\0\0\
\x7c\x05\0\0\xc0\x05\0\0\xd8\x93\0\0\x98\x05\0\0\0\x06\0\0\xab\x96\0\0\xad\x04\
\0\0\x40\x06\0\0\xb4\x96\0\0\x92\0\0\0\x80\x06\0\0\xbf\x96\0\0\x9e\x05\0\0\x80\
\x07\0\0\x6f\x14\0\0\x5d\0\0\0\0\x08\0\0\xca\x96\0\0\x65\0\0\0\0\x09\0\0\0\0\0\
\0\0\0\0\x02\x5b\x07\0\0\xd0\x96\0\0\x04\0\0\x04\x20\0\0\0\xdf\x96\0\0\x13\x03\
\0\0\0\0\0\0\xea\x96\0\0\x13\x03\0\0\x40\0\0\0\xf8\x96\0\0\x13\x03\0\0\x80\0\0\
\0\x07\x97\0\0\x13\x03\0\0\xc0\0\0\0\x13\x97\0\0\x03\0\0\x04\x10\0\0\0\x27\x97\
\0\0\xc0\x04\0\0\0\0\0\0\x8d\x26\0\0\x10\0\0\0\x40\0\0\0\x7d\x5f\0\0\x10\0\0\0\
\x60\0\0\0\0\0\0\0\0\0\0\x02\xa0\x05\0\0\0\0\0\0\x02\0\0\x0d\x7a\0\0\0\0\0\0\0\
\xa1\x05\0\0\0\0\0\0\x02\0\0\0\0\0\0\0\0\0\0\x02\xa2\x05\0\0\0\0\0\0\0\0\0\x0a\
\x9f\x04\0\0\0\0\0\0\0\0\0\x02\xa4\x05\0\0\0\0\0\0\x01\0\0\x0d\x7a\0\0\0\0\0\0\
\0\x9e\x04\0\0\0\0\0\0\0\0\0\x02\x5b\x02\0\0\0\0\0\0\0\0\0\x02\x18\0\0\0\0\0\0\
\0\0\0\0\x02\x5c\x07\0\0\0\0\0\0\0\0\0\x02\x5d\x07\0\0\0\0\0\0\x04\0\0\x05\x08\
\0\0\0\x2b\x97\0\0\xaa\x05\0\0\0\0\0\0\x34\x97\0\0\xab\x05\0\0\0\0\0\0\x3e\x97\
\0\0\xac\x05\0\0\0\0\0\0\x47\x97\0\0\xad\x05\0\0\0\0\0\0\0\0\0\0\0\0\0\x02\xcf\
\x05\0\0\0\0\0\0\0\0\0\x02\x60\x07\0\0\0\0\0\0\0\0\0\x02\x61\x07\0\0\0\0\0\0\0\
\0\0\x02\xae\x05\0\0\x50\x97\0\0\0\0\0\x07\0\0\0\0\0\0\0\0\0\0\0\x02\x43\x07\0\
\0\x5d\x97\0\0\x02\0\0\x04\x10\0\0\0\xb9\x13\0\0\x59\0\0\0\0\0\0\0\x6e\x97\0\0\
\x10\0\0\0\x40\0\0\0\0\0\0\0\0\0\0\x02\x65\x07\0\0\x76\x97\0\0\x05\0\0\x04\xa8\
\0\0\0\x88\x97\0\0\xb6\x05\0\0\0\0\0\0\x89\x13\0\0\x6f\0\0\0\0\x04\0\0\xc0\x19\
\0\0\x1c\0\0\0\x40\x04\0\0\x85\x13\0\0\x66\0\0\0\x80\x04\0\0\x76\x11\0\0\x3f\0\
\0\0\0\x05\0\0\0\0\0\0\0\0\0\x02\xb4\x05\0\0\x8e\x97\0\0\x02\0\0\x04\x08\0\0\0\
\xa5\x97\0\0\xb5\x05\0\0\0\0\0\0\x25\x14\0\0\x3f\x03\0\0\x40\0\0\0\0\0\0\0\0\0\
\0\x02\x08\x07\0\0\0\0\0\0\0\0\0\x03\0\0\0\0\xb3\x05\0\0\x04\0\0\0\x10\0\0\0\0\
\0\0\0\0\0\0\x02\x7b\x07\0\0\xaa\x97\0\0\x01\0\0\x04\x08\0\0\0\x2b\x1e\0\0\xa5\
\x03\0\0\0\0\0\0\xbc\x97\0\0\x05\0\0\x04\x20\0\0\0\xc7\x97\0\0\x86\x01\0\0\0\0\
\0\0\xd2\x97\0\0\x02\0\0\0\x40\0\0\0\xe3\x97\0\0\x02\0\0\0\x60\0\0\0\xfb\x97\0\
\0\xf4\0\0\0\x80\0\0\0\x06\x98\0\0\xba\x05\0\0\xc0\0\0\0\0\0\0\0\0\0\0\x02\x7c\
\x07\0\0\x11\x98\0\0\x0d\0\0\x04\x68\0\0\0\x1b\x98\0\0\xbc\x05\0\0\0\0\0\0\x29\
\x98\0\0\xbc\x05\0\0\x40\0\0\0\x39\x98\0\0\xbf\x05\0\0\x80\0\0\0\x48\x98\0\0\
\xc0\x05\0\0\xc0\0\0\0\x57\x98\0\0\xc1\x05\0\0\0\x01\0\0\x66\x98\0\0\xc1\x05\0\
\0\x40\x01\0\0\x74\x98\0\0\xc1\x05\0\0\x80\x01\0\0\x87\x98\0\0\xc1\x05\0\0\xc0\
\x01\0\0\x99\x98\0\0\xc4\x05\0\0\0\x02\0\0\xa9\x98\0\0\xc5\x05\0\0\x40\x02\0\0\
\xbc\x98\0\0\xc6\x05\0\0\x80\x02\0\0\xce\x98\0\0\xc7\x05\0\0\xc0\x02\0\0\xe3\
\x98\0\0\x53\x04\0\0\0\x03\0\0\0\0\0\0\0\0\0\x02\xbd\x05\0\0\xf5\x98\0\0\x02\0\
\0\x04\x28\x01\0\0\x01\x99\0\0\xbe\x05\0\0\0\0\0\0\xe6\x91\0\0\x45\x05\0\0\x40\
\x09\0\0\0\0\0\0\0\0\0\x03\0\0\0\0\x31\0\0\0\x04\0\0\0\x25\0\0\0\0\0\0\0\0\0\0\
\x02\x7d\x07\0\0\0\0\0\0\0\0\0\x02\x7e\x07\0\0\0\0\0\0\0\0\0\x02\xc2\x05\0\0\
\x06\x99\0\0\x01\0\0\x04\x50\0\0\0\x01\x99\0\0\xc3\x05\0\0\0\0\0\0\0\0\0\0\0\0\
\0\x03\0\0\0\0\x0f\0\0\0\x04\0\0\0\x0a\0\0\0\0\0\0\0\0\0\0\x02\x7f\x07\0\0\0\0\
\0\0\0\0\0\x02\x80\x07\0\0\0\0\0\0\0\0\0\x02\x81\x07\0\0\0\0\0\0\0\0\0\x02\x82\
\x07\0\0\x0e\x99\0\0\x02\0\0\x04\x28\0\0\0\x1b\x99\0\0\x92\0\0\0\0\0\0\0\x27\
\x99\0\0\x6f\0\0\0\0\x01\0\0\x2e\x99\0\0\x02\0\0\x04\x10\0\0\0\x39\x99\0\0\x02\
\0\0\0\0\0\0\0\x4f\x99\0\0\x86\x01\0\0\x40\0\0\0\x53\x99\0\0\x05\0\0\x04\x48\0\
\0\0\xe3\x10\0\0\x3b\0\0\0\0\0\0\0\x61\x99\0\0\xa7\0\0\0\x40\0\0\0\x0f\x51\0\0\
\x12\0\0\0\x80\0\0\0\x69\x99\0\0\x10\0\0\0\xa0\0\0\0\x7b\x99\0\0\xcb\x05\0\0\
\xc0\0\0\0\x8a\x99\0\0\x02\0\0\x04\x30\0\0\0\xb2\x61\0\0\xae\0\0\0\0\0\0\0\x2b\
\x1e\0\0\xa5\x03\0\0\x40\x01\0\0\xa1\x99\0\0\x83\0\0\x04\x80\x02\0\0\xac\x99\0\
\0\xcd\x05\0\0\0\0\0\0\xba\x99\0\0\x86\x01\0\0\x80\x02\0\0\xc3\x99\0\0\x86\x01\
\0\0\xc0\x02\0\0\xcd\x99\0\0\x86\x01\0\0\0\x03\0\0\xd6\x99\0\0\x86\x01\0\0\x40\
\x03\0\0\xe0\x99\0\0\x86\x01\0\0\x80\x03\0\0\xea\x99\0\0\xd8\x05\0\0\xc0\x03\0\
\0\xf6\x99\0\0\xd8\x05\0\0\0\x04\0\0\x03\x9a\0\0\xdb\x05\0\0\x40\x04\0\0\x0c\
\x9a\0\0\x92\0\0\0\x80\x04\0\0\x86\x74\0\0\xdc\x05\0\0\x80\x05\0\0\x15\x9a\0\0\
\xdd\x05\0\0\xc0\x05\0\0\x1e\x9a\0\0\xdd\x05\0\0\0\x06\0\0\x2a\x9a\0\0\x12\0\0\
\0\x40\x06\0\0\x46\x9a\0\0\x7a\0\0\0\x60\x06\0\0\x5b\x9a\0\0\x7a\0\0\0\x68\x06\
\0\0\x77\x9a\0\0\x7a\0\0\0\x70\x06\0\0\x8c\x9a\0\0\xa7\0\0\0\x80\x06\0\0\x9b\
\x9a\0\0\x9e\x04\0\0\xc0\x06\0\0\xa1\x9a\0\0\xdf\x05\0\0\0\x07\0\0\xa9\x9a\0\0\
\x9e\x04\0\0\x40\x07\0\0\xb8\x9a\0\0\xe0\x05\0\0\x80\x07\0\0\xbe\x9a\0\0\xe1\
\x05\0\0\xc0\x07\0\0\xc4\x9a\0\0\x45\0\0\0\0\x08\0\0\xe0\x9a\0\0\x45\0\0\0\x08\
\x08\0\0\xfe\x9a\0\0\x45\0\0\0\x10\x08\0\0\x21\x9b\0\0\x45\0\0\0\x18\x08\0\0\
\x4a\x9b\0\0\x45\0\0\0\x20\x08\0\0\x70\x9b\0\0\x02\0\0\0\x40\x08\0\0\x86\x9b\0\
\0\x02\0\0\0\x60\x08\0\0\x9b\x9b\0\0\xe2\x05\0\0\x80\x08\0\0\xaa\x9b\0\0\x45\0\
\0\0\x20\x09\0\0\xb9\x9b\0\0\x45\0\0\0\x28\x09\0\0\xd1\x9b\0\0\x45\0\0\0\x30\
\x09\0\0\xe7\x9b\0\0\x45\0\0\0\x38\x09\0\0\xfe\x9b\0\0\x45\0\0\0\x40\x09\0\0\
\x15\x9c\0\0\x45\0\0\0\x48\x09\0\0\x33\x9c\0\0\x45\0\0\0\x50\x09\0\0\x4b\x9c\0\
\0\x45\0\0\0\x58\x09\0\0\x64\x9c\0\0\x45\0\0\0\x60\x09\0\0\x76\x9c\0\0\x45\0\0\
\0\x68\x09\0\0\x8c\x9c\0\0\x45\0\0\0\x70\x09\0\0\xa3\x9c\0\0\x45\0\0\0\x78\x09\
\0\0\xba\x9c\0\0\x45\0\0\0\x80\x09\0\0\xd5\x9c\0\0\x45\0\0\0\x88\x09\0\0\xeb\
\x9c\0\0\x45\0\0\0\x90\x09\0\0\x04\x9d\0\0\x02\0\0\0\xa0\x09\0\0\x21\x9d\0\0\
\x45\0\0\0\xc0\x09\0\0\x38\x9d\0\0\x02\0\0\0\xe0\x09\0\0\x53\x9d\0\0\x02\0\0\0\
\0\x0a\0\0\x67\x9d\0\0\x02\0\0\0\x20\x0a\0\0\x7e\x9d\0\0\x02\0\0\0\x40\x0a\0\0\
\x99\x9d\0\0\x10\0\0\0\x60\x0a\0\0\xb3\x9d\0\0\x02\0\0\0\x80\x0a\0\0\xcd\x9d\0\
\0\x02\0\0\0\xa0\x0a\0\0\xe8\x9d\0\0\x45\0\0\0\xc0\x0a\0\0\x04\x9e\0\0\x45\0\0\
\0\xc8\x0a\0\0\x1b\x9e\0\0\x45\0\0\0\xd0\x0a\0\0\x35\x9e\0\0\x45\0\0\0\xd8\x0a\
\0\0\x4b\x9e\0\0\x45\0\0\0\xe0\x0a\0\0\x62\x9e\0\0\x02\0\0\0\0\x0b\0\0\x78\x9e\
\0\0\x45\0\0\0\x20\x0b\0\0\x8c\x9e\0\0\x45\0\0\0\x28\x0b\0\0\xa0\x9e\0\0\x45\0\
\0\0\x30\x0b\0\0\xba\x9e\0\0\x45\0\0\0\x38\x0b\0\0\xce\x9e\0\0\x02\0\0\0\x40\
\x0b\0\0\xe5\x9e\0\0\x12\0\0\0\x60\x0b\0\0\xfe\x9e\0\0\x45\0\0\0\x80\x0b\0\0\
\x0e\x9f\0\0\x45\0\0\0\x88\x0b\0\0\x28\x9f\0\0\x45\0\0\0\x90\x0b\0\0\x3e\x9f\0\
\0\x45\0\0\0\x98\x0b\0\0\x57\x9f\0\0\x45\0\0\0\xa0\x0b\0\0\x6b\x9f\0\0\x45\0\0\
\0\xa8\x0b\0\0\x8b\x9f\0\0\x45\0\0\0\xb0\x0b\0\0\xac\x9f\0\0\x45\0\0\0\xb8\x0b\
\0\0\xc8\x9f\0\0\x45\0\0\0\xc0\x0b\0\0\xda\x9f\0\0\x45\0\0\0\xc8\x0b\0\0\xed\
\x9f\0\0\x45\0\0\0\xd0\x0b\0\0\x0a\xa0\0\0\x45\0\0\0\xd8\x0b\0\0\x1a\xa0\0\0\
\x02\0\0\0\xe0\x0b\0\0\x34\xa0\0\0\x02\0\0\0\0\x0c\0\0\x4d\xa0\0\0\x45\0\0\0\
\x20\x0c\0\0\x5e\xa0\0\0\x45\0\0\0\x28\x0c\0\0\x71\xa0\0\0\x45\0\0\0\x30\x0c\0\
\0\x81\xa0\0\0\x45\0\0\0\x38\x0c\0\0\x9b\xa0\0\0\x45\0\0\0\x40\x0c\0\0\xbf\xa0\
\0\0\x45\0\0\0\x48\x0c\0\0\xda\xa0\0\0\x45\0\0\0\x50\x0c\0\0\xf5\xa0\0\0\x45\0\
\0\0\x58\x0c\0\0\x1a\xa1\0\0\x02\0\0\0\x60\x0c\0\0\x38\xa1\0\0\x02\0\0\0\x80\
\x0c\0\0\x57\xa1\0\0\x02\0\0\0\xa0\x0c\0\0\x6f\xa1\0\0\x45\0\0\0\xc0\x0c\0\0\
\x87\xa1\0\0\x45\0\0\0\xc8\x0c\0\0\x9e\xa1\0\0\x45\0\0\0\xd0\x0c\0\0\xb5\xa1\0\
\0\x45\0\0\0\xd8\x0c\0\0\xcd\xa1\0\0\x02\0\0\0\xe0\x0c\0\0\xea\xa1\0\0\x02\0\0\
\0\0\x0d\0\0\x05\xa2\0\0\x02\0\0\0\x20\x0d\0\0\x20\xa2\0\0\xe5\x05\0\0\x40\x0d\
\0\0\x30\xa2\0\0\xe5\x05\0\0\xa0\x0d\0\0\x40\xa2\0\0\x0f\0\0\0\0\x0e\0\0\x5e\
\xa2\0\0\x0f\0\0\0\x40\x0e\0\0\x7c\xa2\0\0\x02\0\0\0\x80\x0e\0\0\x93\xa2\0\0\
\x02\0\0\0\xa0\x0e\0\0\xa7\xa2\0\0\xe6\x05\0\0\xc0\x0e\0\0\xbe\xa2\0\0\xe8\x05\
\0\0\0\x0f\0\0\xcf\xa2\0\0\x12\0\0\0\x40\x0f\0\0\xf5\xa2\0\0\x1f\0\0\0\x60\x0f\
\0\0\x0e\xa3\0\0\x0f\0\0\0\x80\x0f\0\0\x27\xa3\0\0\x02\0\0\0\xc0\x0f\0\0\x3b\
\xa3\0\0\x02\0\0\0\xe0\x0f\0\0\x4f\xa3\0\0\x45\0\0\0\0\x10\0\0\x70\xa3\0\0\x45\
\0\0\0\x08\x10\0\0\x88\xa3\0\0\x02\0\0\0\x20\x10\0\0\xa4\xa3\0\0\x02\0\0\0\x40\
\x10\0\0\xb8\xa3\0\0\x02\0\0\0\x60\x10\0\0\xc8\xa3\0\0\xe9\x05\0\0\x80\x10\0\0\
\xd9\xa3\0\0\x1f\0\0\0\0\x11\0\0\xe8\xa3\0\0\x23\x02\0\0\x40\x11\0\0\x04\xa4\0\
\0\x02\0\0\0\x80\x11\0\0\x18\xa4\0\0\xeb\x05\0\0\xc0\x11\0\0\x1c\xa4\0\0\x10\0\
\0\0\0\x12\0\0\x3d\xa4\0\0\x45\0\0\0\x20\x12\0\0\x5c\xa4\0\0\x45\0\0\0\x28\x12\
\0\0\x7d\xa4\0\0\xec\x05\0\0\x40\x12\0\0\x8a\xa4\0\0\x12\0\0\0\x80\x12\0\0\x92\
\xa4\0\0\xec\x05\0\0\xc0\x12\0\0\xa4\xa4\0\0\x12\0\0\0\0\x13\0\0\xad\xa4\0\0\
\x1f\0\0\0\x20\x13\0\0\xb6\xa4\0\0\xf9\x05\0\0\x40\x13\0\0\xc0\xa4\0\0\x04\0\0\
\x04\x50\0\0\0\xd8\xa4\0\0\x1f\0\0\0\0\0\0\0\xe1\xa4\0\0\xce\x05\0\0\x20\0\0\0\
\x2b\x97\0\0\xaa\x05\0\0\0\x02\0\0\xe8\xa4\0\0\x02\0\0\0\x40\x02\0\0\0\0\0\0\0\
\0\0\x03\0\0\0\0\xce\0\0\0\x04\0\0\0\x3c\0\0\0\xfe\xa4\0\0\x0a\0\0\x04\x40\x02\
\0\0\x0c\xa5\0\0\xd0\x05\0\0\0\0\0\0\x12\xa5\0\0\xd1\x05\0\0\x40\0\0\0\x1e\xa5\
\0\0\x12\0\0\0\x80\0\0\0\x29\xa5\0\0\x12\0\0\0\xa0\0\0\0\x3a\xa5\0\0\x4c\x02\0\
\0\xc0\0\0\0\x4d\xa5\0\0\xd2\x05\0\0\0\x01\0\0\x53\xa5\0\0\x12\0\0\0\x40\x01\0\
\0\x5e\xa5\0\0\x12\0\0\0\x60\x01\0\0\x6a\xa5\0\0\xd3\x05\0\0\x80\x01\0\0\x71\
\xa5\0\0\xd7\x05\0\0\0\x02\0\0\0\0\0\0\0\0\0\x02\x5e\x07\0\0\0\0\0\0\0\0\0\x02\
\x8d\0\0\0\0\0\0\0\0\0\0\x02\x5f\x07\0\0\0\0\0\0\0\0\0\x02\xd4\x05\0\0\x80\xa5\
\0\0\x03\0\0\x04\x10\0\0\0\x76\x11\0\0\x8d\0\0\0\0\0\0\0\x26\x1b\0\0\x12\0\0\0\
\x20\0\0\0\0\0\0\0\xd5\x05\0\0\x40\0\0\0\0\0\0\0\x02\0\0\x05\x08\0\0\0\x2b\x1e\
\0\0\x6f\0\0\0\0\0\0\0\x97\xa5\0\0\xd6\x05\0\0\0\0\0\0\xa2\xa5\0\0\x01\0\0\x04\
\x08\0\0\0\x23\x15\0\0\xb9\x04\0\0\0\0\0\0\0\0\0\0\0\0\0\x03\0\0\0\0\xd4\x05\0\
\0\x04\0\0\0\x20\0\0\0\0\0\0\0\0\0\0\x02\xd9\x05\0\0\xb3\xa5\0\0\x03\0\0\x04\
\x90\0\0\0\xc0\xa5\0\0\x1c\0\0\0\0\0\0\0\x25\x14\0\0\xda\x05\0\0\x40\0\0\0\0\
\x13\0\0\x76\0\0\0\x40\x04\0\0\0\0\0\0\0\0\0\x03\0\0\0\0\x02\0\0\0\x04\0\0\0\
\x20\0\0\0\0\0\0\0\0\0\0\x02\x83\x07\0\0\0\0\0\0\0\0\0\x02\x68\x06\0\0\0\0\0\0\
\0\0\0\x02\xde\x05\0\0\xc7\xa5\0\0\x06\0\0\x04\x30\0\0\0\xd1\xa5\0\0\xf0\0\0\0\
\0\0\0\0\xda\xa5\0\0\x10\0\0\0\x80\0\0\0\xe0\xa5\0\0\x02\0\0\0\xa0\0\0\0\x85\
\x13\0\0\x66\0\0\0\xc0\0\0\0\xef\xa5\0\0\x23\x02\0\0\x40\x01\0\0\xf7\xa5\0\0\
\xc4\0\0\0\x80\x01\0\0\0\0\0\0\0\0\0\x02\x9e\x04\0\0\0\0\0\0\0\0\0\x02\x25\x06\
\0\0\0\0\0\0\0\0\0\x02\x26\x06\0\0\xfe\xa5\0\0\x03\0\0\x04\x14\0\0\0\x76\x11\0\
\0\xe3\x05\0\0\0\0\0\0\x0a\xa6\0\0\x1c\x04\0\0\x40\0\0\0\x10\xa6\0\0\x7a\0\0\0\
\x80\0\0\0\x17\xa6\0\0\0\0\0\x08\xe4\x05\0\0\0\0\0\0\x02\0\0\x04\x08\0\0\0\x37\
\x1b\0\0\xac\x01\0\0\0\0\0\0\x76\x11\0\0\x8d\0\0\0\x20\0\0\0\0\0\0\0\0\0\0\x03\
\0\0\0\0\x02\0\0\0\x04\0\0\0\x03\0\0\0\0\0\0\0\0\0\0\x02\xe7\x05\0\0\0\0\0\0\0\
\0\0\x0a\x85\x07\0\0\0\0\0\0\0\0\0\x02\x86\x07\0\0\xc8\xa3\0\0\x02\0\0\x04\x10\
\0\0\0\x76\x11\0\0\xe3\x05\0\0\0\0\0\0\x0a\xa6\0\0\xea\x05\0\0\x40\0\0\0\0\0\0\
\0\0\0\0\x03\0\0\0\0\xfc\0\0\0\x04\0\0\0\x02\0\0\0\0\0\0\0\0\0\0\x02\x87\x07\0\
\0\0\0\0\0\0\0\0\x02\xed\x05\0\0\x21\xa6\0\0\x06\0\0\x04\x40\0\0\0\xc4\x83\0\0\
\x02\0\0\0\0\0\0\0\x89\x13\0\0\x2f\0\0\0\x40\0\0\0\x32\xa6\0\0\xee\x05\0\0\xc0\
\0\0\0\x3f\xa6\0\0\xf0\x05\0\0\0\x01\0\0\xc0\x19\0\0\xd2\x01\0\0\x40\x01\0\0\
\x85\x13\0\0\x66\0\0\0\x80\x01\0\0\0\0\0\0\0\0\0\x02\xef\x05\0\0\0\0\0\0\x01\0\
\0\x0d\x12\0\0\0\0\0\0\0\x45\x03\0\0\0\0\0\0\0\0\0\x02\xf1\x05\0\0\0\0\0\0\x03\
\0\0\x0d\x02\0\0\0\0\0\0\0\x45\x03\0\0\0\0\0\0\xa5\x03\0\0\0\0\0\0\xf2\x05\0\0\
\0\0\0\0\0\0\0\x02\xf3\x05\0\0\x48\xa6\0\0\x05\0\0\x04\x30\0\0\0\x58\xa6\0\0\
\xcc\0\0\0\0\0\0\0\x5d\xa6\0\0\xf4\x05\0\0\x40\0\0\0\xab\x01\0\0\xf6\x05\0\0\
\x80\0\0\0\x66\xa6\0\0\xf8\x05\0\0\xc0\0\0\0\x6d\xa6\0\0\x45\0\0\0\x60\x01\0\0\
\0\0\0\0\0\0\0\x02\xf5\x05\0\0\0\0\0\0\0\0\0\x0a\x8a\x06\0\0\0\0\0\0\0\0\0\x02\
\xf7\x05\0\0\0\0\0\0\0\0\0\x0a\x95\x06\0\0\0\0\0\0\0\0\0\x03\0\0\0\0\x45\0\0\0\
\x04\0\0\0\x14\0\0\0\x78\xa6\0\0\0\0\0\x08\xfa\x05\0\0\0\0\0\0\x01\0\0\x04\x10\
\0\0\0\xd3\x1f\0\0\xfb\x05\0\0\0\0\0\0\0\0\0\0\0\0\0\x03\0\0\0\0\x31\0\0\0\x04\
\0\0\0\x02\0\0\0\x86\xa6\0\0\x25\0\0\x04\xc0\x02\0\0\x91\xa6\0\0\xfd\x05\0\0\0\
\0\0\0\xc0\xa5\0\0\x20\x06\0\0\0\x06\0\0\xea\x99\0\0\x22\x06\0\0\xc0\x0b\0\0\
\xf6\x99\0\0\x22\x06\0\0\0\x0c\0\0\xb8\x9a\0\0\xe0\x05\0\0\x40\x0c\0\0\xbe\x9a\
\0\0\xe1\x05\0\0\x80\x0c\0\0\x9d\xa6\0\0\x28\x06\0\0\xc0\x0c\0\0\xad\xa6\0\0\
\x29\x06\0\0\0\x0d\0\0\xbc\xa6\0\0\x2a\x06\0\0\x40\x0d\0\0\xc6\xa6\0\0\xc4\x01\
\0\0\x80\x0d\0\0\x8c\x9a\0\0\xa7\0\0\0\xc0\x0e\0\0\xd4\xa6\0\0\x2b\x06\0\0\0\
\x0f\0\0\xe2\xa6\0\0\x2f\0\0\0\x40\x0f\0\0\xef\xa6\0\0\x97\0\0\0\xc0\x0f\0\0\0\
\xa7\0\0\x8d\0\0\0\0\x10\0\0\x0d\xa7\0\0\x1f\0\0\0\x20\x10\0\0\x1e\xa7\0\0\x0f\
\0\0\0\x40\x10\0\0\x2d\xa7\0\0\x47\0\0\0\x80\x10\0\0\x40\xa7\0\0\x7a\0\0\0\x88\
\x10\0\0\x56\xa7\0\0\x12\0\0\0\xa0\x10\0\0\x73\xa7\0\0\x29\x06\0\0\xc0\x10\0\0\
\x86\xa7\0\0\x29\x06\0\0\0\x11\0\0\x99\xa7\0\0\x2b\x06\0\0\x40\x11\0\0\xa8\xa7\
\0\0\xdc\x05\0\0\x80\x11\0\0\xa1\x9a\0\0\xdf\x05\0\0\xc0\x11\0\0\xb7\xa7\0\0\
\x9e\x04\0\0\0\x12\0\0\xc0\xa7\0\0\x9e\x04\0\0\x40\x12\0\0\xc7\xa7\0\0\x9e\x04\
\0\0\x80\x12\0\0\xa9\x9a\0\0\x9e\x04\0\0\xc0\x12\0\0\xd9\xa3\0\0\x1f\0\0\0\0\
\x13\0\0\xcf\xa7\0\0\x1f\0\0\0\x20\x13\0\0\xdb\xa7\0\0\x9d\x06\0\0\x40\x13\0\0\
\x7d\xa4\0\0\xec\x05\0\0\x80\x13\0\0\xe5\xa7\0\0\xec\x05\0\0\xc0\x13\0\0\xa4\
\xa4\0\0\x12\0\0\0\0\x14\0\0\xf8\xa7\0\0\x9e\x06\0\0\x40\x14\0\0\x09\xa8\0\0\
\x9f\x06\0\0\xc0\x14\0\0\x14\xa8\0\0\x12\0\0\x04\xc0\0\0\0\xc4\x83\0\0\x27\0\0\
\0\0\0\0\0\x1c\xa8\0\0\x12\0\0\0\x20\0\0\0\x26\xa8\0\0\xfe\x05\0\0\x40\0\0\0\
\xb8\x22\0\0\0\x06\0\0\x80\0\0\0\x29\xa8\0\0\x02\x06\0\0\xc0\0\0\0\x10\x87\0\0\
\x02\x06\0\0\0\x01\0\0\x38\xa8\0\0\x06\x06\0\0\x40\x01\0\0\x42\x21\0\0\x08\x06\
\0\0\x80\x01\0\0\x44\xa8\0\0\x0a\x06\0\0\xc0\x01\0\0\x4b\xa8\0\0\x0c\x06\0\0\0\
\x02\0\0\x5b\xa8\0\0\xcb\x04\0\0\x40\x02\0\0\x68\xa8\0\0\x0e\x06\0\0\x80\x02\0\
\0\x74\xa8\0\0\x10\x06\0\0\xc0\x02\0\0\x7d\xa8\0\0\x66\x05\0\0\0\x03\0\0\x87\
\xa8\0\0\x12\x06\0\0\x40\x03\0\0\x94\xa8\0\0\x1e\x06\0\0\x80\x03\0\0\xa2\xa8\0\
\0\x4c\x02\0\0\xc0\x03\0\0\xae\xa8\0\0\x5b\x02\0\0\0\x04\0\0\0\0\0\0\0\0\0\x02\
\xff\x05\0\0\0\0\0\0\x01\0\0\x0d\x02\0\0\0\0\0\0\0\x62\x05\0\0\0\0\0\0\0\0\0\
\x02\x01\x06\0\0\0\0\0\0\x02\0\0\x0d\xec\x04\0\0\0\0\0\0\xec\x04\0\0\0\0\0\0\
\x11\0\0\0\0\0\0\0\0\0\0\x02\x03\x06\0\0\0\0\0\0\x01\0\0\x0d\x12\0\0\0\0\0\0\0\
\x04\x06\0\0\0\0\0\0\0\0\0\x02\x05\x06\0\0\0\0\0\0\0\0\0\x0a\xed\x04\0\0\0\0\0\
\0\0\0\0\x02\x07\x06\0\0\0\0\0\0\x02\0\0\x0d\xdd\0\0\0\0\0\0\0\xec\x04\0\0\0\0\
\0\0\x0f\0\0\0\0\0\0\0\0\0\0\x02\x09\x06\0\0\0\0\0\0\x01\0\0\x0d\0\0\0\0\0\0\0\
\0\xec\x04\0\0\0\0\0\0\0\0\0\x02\x0b\x06\0\0\0\0\0\0\x03\0\0\x0d\0\0\0\0\0\0\0\
\0\xec\x04\0\0\0\0\0\0\xc5\x04\0\0\0\0\0\0\x02\0\0\0\0\0\0\0\0\0\0\x02\x0d\x06\
\0\0\0\0\0\0\x01\0\0\x0d\xec\x04\0\0\0\0\0\0\xec\x04\0\0\0\0\0\0\0\0\0\x02\x0f\
\x06\0\0\0\0\0\0\x05\0\0\x0d\0\0\0\0\0\0\0\0\xec\x04\0\0\0\0\0\0\x9e\x04\0\0\0\
\0\0\0\xc0\x04\0\0\0\0\0\0\x10\0\0\0\0\0\0\0\x7a\0\0\0\0\0\0\0\0\0\0\x02\x11\
\x06\0\0\0\0\0\0\x03\0\0\x0d\0\0\0\0\0\0\0\0\xec\x04\0\0\0\0\0\0\x9e\x04\0\0\0\
\0\0\0\xc0\x04\0\0\0\0\0\0\0\0\0\x02\x13\x06\0\0\0\0\0\0\x03\0\0\x0d\x14\x06\0\
\0\0\0\0\0\x04\x06\0\0\0\0\0\0\xc0\x04\0\0\0\0\0\0\x24\x01\0\0\0\0\0\0\0\0\0\
\x02\x15\x06\0\0\xbc\xa8\0\0\x1a\0\0\x04\x60\x01\0\0\x3b\x0c\0\0\x14\x06\0\0\0\
\0\0\0\xe4\x61\0\0\x16\x06\0\0\x40\0\0\0\xc6\xa8\0\0\x17\x06\0\0\x80\0\0\0\xcc\
\xa8\0\0\x0f\0\0\0\xc0\0\0\0\xd6\xa8\0\0\x0f\0\0\0\0\x01\0\0\x76\x11\0\0\x97\0\
\0\0\x40\x01\0\0\xc0\x13\0\0\x1d\0\0\0\x80\x01\0\0\xde\xa8\0\0\x12\0\0\0\xa0\
\x01\0\0\xf2\xa8\0\0\xbf\x04\0\0\xc0\x01\0\0\xf3\x55\0\0\xc4\x01\0\0\x80\x02\0\
\0\x8e\x25\0\0\x0f\0\0\0\xc0\x03\0\0\xfc\xa8\0\0\x1f\0\0\0\0\x04\0\0\xac\0\0\0\
\x46\0\0\0\x20\x04\0\0\x03\xa9\0\0\x46\0\0\0\x28\x04\0\0\x19\0\0\0\x46\0\0\0\
\x30\x04\0\0\x72\x52\0\0\x46\0\0\0\x38\x04\0\0\xf5\x81\0\0\x45\0\0\0\x40\x04\0\
\0\x0d\xa9\0\0\xe3\x05\0\0\x60\x04\0\0\x15\xa9\0\0\xb0\x03\0\0\xc0\x04\0\0\x18\
\xa9\0\0\x18\x06\0\0\xc0\x05\0\0\x03\x86\0\0\x1a\x06\0\0\x40\x09\0\0\x25\x25\0\
\0\x1c\x06\0\0\x80\x09\0\0\x1b\xa9\0\0\x2f\0\0\0\xc0\x09\0\0\x85\x13\0\0\x66\0\
\0\0\x40\x0a\0\0\xc6\x2c\0\0\xc5\x04\0\0\xc0\x0a\0\0\x23\xa9\0\0\x3f\x03\0\0\0\
\x0b\0\0\0\0\0\0\0\0\0\x02\x4c\x06\0\0\0\0\0\0\0\0\0\x02\x49\x06\0\0\x2f\xa9\0\
\0\x03\0\0\x04\x70\0\0\0\x38\xa9\0\0\x12\0\0\0\0\0\0\0\x3f\xa9\0\0\xe3\x05\0\0\
\x20\0\0\0\x47\xa9\0\0\x19\x06\0\0\x80\0\0\0\0\0\0\0\0\0\0\x03\0\0\0\0\x0f\0\0\
\0\x04\0\0\0\x0c\0\0\0\0\0\0\0\0\0\0\x02\x1b\x06\0\0\0\0\0\0\x02\0\0\x0d\x02\0\
\0\0\0\0\0\0\x14\x06\0\0\0\0\0\0\xc0\x04\0\0\0\0\0\0\0\0\0\x02\x1d\x06\0\0\0\0\
\0\0\0\0\0\x0a\x1a\x07\0\0\0\0\0\0\0\0\0\x02\x1f\x06\0\0\0\0\0\0\x02\0\0\x0d\0\
\0\0\0\0\0\0\0\x04\x06\0\0\0\0\0\0\x24\x01\0\0\x4f\xa9\0\0\x28\0\0\x04\xb8\0\0\
\0\x61\xa9\0\0\x86\x01\0\0\0\0\0\0\xd6\x99\0\0\x86\x01\0\0\x40\0\0\0\x65\xa9\0\
\0\x86\x01\0\0\x80\0\0\0\xc3\x99\0\0\x86\x01\0\0\xc0\0\0\0\x6e\xa9\0\0\x86\x01\
\0\0\0\x01\0\0\x78\xa9\0\0\x02\0\0\0\x40\x01\0\0\x84\xa9\0\0\x02\0\0\0\x60\x01\
\0\0\x94\xa9\0\0\x02\0\0\0\x80\x01\0\0\xab\xa9\0\0\x02\0\0\0\xa0\x01\0\0\xbd\
\xa9\0\0\x02\0\0\0\xc0\x01\0\0\xd0\xa9\0\0\x02\0\0\0\xe0\x01\0\0\xe5\xa9\0\0\
\x02\0\0\0\0\x02\0\0\xf8\xa9\0\0\x02\0\0\0\x20\x02\0\0\x0a\xaa\0\0\x10\0\0\0\
\x40\x02\0\0\x20\xaa\0\0\x45\0\0\0\x60\x02\0\0\x36\xaa\0\0\x45\0\0\0\x68\x02\0\
\0\x41\xaa\0\0\x45\0\0\0\x70\x02\0\0\x57\xaa\0\0\x45\0\0\0\x78\x02\0\0\x67\xaa\
\0\0\x02\0\0\0\x80\x02\0\0\x73\xaa\0\0\x45\0\0\0\xa0\x02\0\0\x8a\xaa\0\0\x45\0\
\0\0\xa8\x02\0\0\xa7\xaa\0\0\x45\0\0\0\xb0\x02\0\0\xc2\xaa\0\0\x21\x06\0\0\xc0\
\x02\0\0\xd2\xaa\0\0\x23\x02\0\0\xc0\x03\0\0\xe6\xaa\0\0\x45\0\0\0\0\x04\0\0\
\xfd\xaa\0\0\x45\0\0\0\x08\x04\0\0\x0e\xab\0\0\x45\0\0\0\x10\x04\0\0\x1d\xab\0\
\0\x45\0\0\0\x18\x04\0\0\x34\xab\0\0\x02\0\0\0\x20\x04\0\0\x42\xab\0\0\x02\0\0\
\0\x40\x04\0\0\x4e\xab\0\0\x02\0\0\0\x60\x04\0\0\x60\xab\0\0\x02\0\0\0\x80\x04\
\0\0\x71\xab\0\0\x02\0\0\0\xa0\x04\0\0\x82\xab\0\0\x02\0\0\0\xc0\x04\0\0\x93\
\xab\0\0\x02\0\0\0\xe0\x04\0\0\xa4\xab\0\0\x02\0\0\0\0\x05\0\0\xb3\xab\0\0\x10\
\0\0\0\x20\x05\0\0\xbc\xab\0\0\x31\0\0\0\x40\x05\0\0\xca\xab\0\0\x7a\0\0\0\x80\
\x05\0\0\xe2\xab\0\0\x45\0\0\0\x88\x05\0\0\0\0\0\0\0\0\0\x03\0\0\0\0\x0f\0\0\0\
\x04\0\0\0\x04\0\0\0\0\0\0\0\0\0\0\x02\x23\x06\0\0\xfc\xab\0\0\x36\0\0\x04\xf0\
\0\0\0\x09\xac\0\0\x08\x01\0\0\0\0\0\0\x14\xac\0\0\x08\x01\0\0\x20\0\0\0\x1e\
\xac\0\0\x08\x01\0\0\x40\0\0\0\x23\xac\0\0\x08\x01\0\0\x60\0\0\0\x2d\xac\0\0\
\x08\x01\0\0\x80\0\0\0\x3e\xac\0\0\x08\x01\0\0\xa0\0\0\0\x47\xac\0\0\x08\x01\0\
\0\xc0\0\0\0\x55\xac\0\0\x08\x01\0\0\xe0\0\0\0\x62\xac\0\0\x08\x01\0\0\0\x01\0\
\0\x77\xac\0\0\x08\x01\0\0\x20\x01\0\0\x90\xac\0\0\x08\x01\0\0\x40\x01\0\0\xa2\
\xac\0\0\x08\x01\0\0\x60\x01\0\0\xb4\xac\0\0\x08\x01\0\0\x80\x01\0\0\xd6\xac\0\
\0\x08\x01\0\0\xa0\x01\0\0\xf8\xac\0\0\x08\x01\0\0\xc0\x01\0\0\x05\xad\0\0\x08\
\x01\0\0\xe0\x01\0\0\x14\xad\0\0\x08\x01\0\0\0\x02\0\0\x26\xad\0\0\x08\x01\0\0\
\x20\x02\0\0\x36\xad\0\0\x08\x01\0\0\x40\x02\0\0\x48\xad\0\0\x08\x01\0\0\x60\
\x02\0\0\x56\xad\0\0\x08\x01\0\0\x80\x02\0\0\x67\xad\0\0\x11\0\0\0\xa0\x02\0\0\
\x78\xad\0\0\x08\x01\0\0\xc0\x02\0\0\x90\xad\0\0\x08\x01\0\0\xe0\x02\0\0\xa0\
\xad\0\0\x08\x01\0\0\0\x03\0\0\xbc\xad\0\0\x08\x01\0\0\x20\x03\0\0\xcf\xad\0\0\
\x08\x01\0\0\x40\x03\0\0\xe2\xad\0\0\x08\x01\0\0\x60\x03\0\0\xfd\xad\0\0\x08\
\x01\0\0\x80\x03\0\0\x18\xae\0\0\x08\x01\0\0\xa0\x03\0\0\x2b\xae\0\0\x08\x01\0\
\0\xc0\x03\0\0\x35\xae\0\0\x08\x01\0\0\xe0\x03\0\0\x49\xae\0\0\x08\x01\0\0\0\
\x04\0\0\x5e\xae\0\0\x08\x01\0\0\x20\x04\0\0\x6b\xae\0\0\x08\x01\0\0\x40\x04\0\
\0\x88\xae\0\0\x08\x01\0\0\x60\x04\0\0\x93\xae\0\0\x08\x01\0\0\x80\x04\0\0\x9f\
\xae\0\0\x08\x01\0\0\xa0\x04\0\0\xac\xae\0\0\x08\x01\0\0\xc0\x04\0\0\xc0\xae\0\
\0\x08\x01\0\0\xe0\x04\0\0\xce\xae\0\0\x08\x01\0\0\0\x05\0\0\xe2\xae\0\0\x24\
\x06\0\0\x20\x05\0\0\xf0\xae\0\0\x08\x01\0\0\xc0\x05\0\0\x03\xaf\0\0\x08\x01\0\
\0\xe0\x05\0\0\x15\xaf\0\0\x08\x01\0\0\0\x06\0\0\x22\xaf\0\0\x11\0\0\0\x20\x06\
\0\0\x2f\xaf\0\0\x11\0\0\0\x40\x06\0\0\x3d\xaf\0\0\x08\x01\0\0\x60\x06\0\0\x4c\
\xaf\0\0\x08\x01\0\0\x80\x06\0\0\x59\xaf\0\0\x08\x01\0\0\xa0\x06\0\0\xb3\xab\0\
\0\x11\0\0\0\xc0\x06\0\0\xbc\xab\0\0\x11\0\0\0\xe0\x06\0\0\x69\xaf\0\0\x46\0\0\
\0\0\x07\0\0\x77\xaf\0\0\x86\x01\0\0\x40\x07\0\0\x85\xaf\0\0\x02\0\0\x04\x14\0\
\0\0\x98\xaf\0\0\x7a\0\0\0\0\0\0\0\xa4\xaf\0\0\xb0\x04\0\0\x20\0\0\0\xab\xaf\0\
\0\x03\0\0\x04\x18\0\0\0\xe3\x10\0\0\x3b\0\0\0\0\0\0\0\x76\x11\0\0\xe3\x05\0\0\
\x40\0\0\0\x47\x55\0\0\x02\0\0\0\x80\0\0\0\xbe\x9a\0\0\x0b\0\0\x04\x40\x01\0\0\
\xba\xaf\0\0\x18\0\0\0\0\0\0\0\xc6\xaf\0\0\x18\0\0\0\x40\0\0\0\x0b\x12\0\0\x02\
\0\0\0\x80\0\0\0\xd1\xaf\0\0\x02\0\0\0\xa0\0\0\0\xda\xaf\0\0\x27\x06\0\0\xc0\0\
\0\0\x85\x73\0\0\x45\x03\0\0\0\x01\0\0\x72\x52\0\0\x7a\0\0\0\x40\x01\0\0\xd9\
\x61\0\0\x93\x03\0\0\0\x02\0\0\xdc\xaf\0\0\x5e\0\0\0\0\x08\0\0\xee\x13\0\0\x5d\
\0\0\0\x40\x08\0\0\xe0\xaf\0\0\x22\0\0\0\x40\x09\0\0\0\0\0\0\0\0\0\x02\x84\x07\
\0\0\0\0\0\0\0\0\0\x02\x2d\x06\0\0\0\0\0\0\0\0\0\x02\x2c\x06\0\0\0\0\0\0\0\0\0\
\x02\x88\x07\0\0\0\0\0\0\0\0\0\x02\x2e\x06\0\0\xea\xaf\0\0\x0b\0\0\x04\xe8\0\0\
\0\x2c\x0c\0\0\xed\x04\0\0\0\0\0\0\x60\x22\0\0\x28\x06\0\0\x80\x03\0\0\xf3\xaf\
\0\0\x02\0\0\0\xc0\x03\0\0\xfa\xaf\0\0\x33\x06\0\0\xe0\x03\0\0\x03\xb0\0\0\x33\
\x06\0\0\x80\x04\0\0\x0c\xb0\0\0\xb0\x04\0\0\x20\x05\0\0\x19\xb0\0\0\x19\x05\0\
\0\xc0\x05\0\0\x23\xb0\0\0\x10\0\0\0\0\x06\0\0\x2e\xb0\0\0\x2f\0\0\0\x40\x06\0\
\0\x3c\xb0\0\0\x3d\x06\0\0\xc0\x06\0\0\x4f\xb0\0\0\x27\0\0\0\0\x07\0\0\x61\xb0\
\0\0\x1a\0\0\x84\xa8\0\0\0\x6b\xb0\0\0\x2b\x06\0\0\0\0\0\0\x76\xb0\0\0\x28\x06\
\0\0\x40\0\0\0\x80\xb0\0\0\x30\x06\0\0\x80\0\0\0\0\0\0\0\x31\x06\0\0\xc0\0\0\0\
\x8a\xb0\0\0\x12\0\0\0\x40\x01\0\0\x99\xb0\0\0\x1d\0\0\0\x60\x01\0\0\x2d\x13\0\
\0\x0f\0\0\0\x80\x01\0\0\xa2\xb0\0\0\x32\x06\0\0\xc0\x01\0\0\xaf\xb0\0\0\x33\
\x06\0\0\0\x02\0\0\xb8\xb0\0\0\x10\0\0\0\xa0\x02\0\0\xc3\xb0\0\0\x33\x06\0\0\
\xc0\x02\0\0\xcc\xb0\0\0\x33\x06\0\0\x60\x03\0\0\xd9\xb0\0\0\x10\0\0\0\0\x04\0\
\0\xe5\xb0\0\0\x45\0\0\0\x20\x04\0\0\xf3\xb0\0\0\x45\0\0\0\x28\x04\0\0\xfd\xb0\
\0\0\x45\0\0\0\x30\x04\0\0\x05\xb1\0\0\x45\0\0\0\x38\x04\0\0\x0a\xb1\0\0\x45\0\
\0\0\x40\x04\0\0\x19\xb1\0\0\x45\0\0\0\x48\x04\0\x01\x26\xb1\0\0\x45\0\0\0\x49\
\x04\0\x01\x32\xb1\0\0\x45\0\0\0\x4a\x04\0\x01\x3f\xb1\0\0\x45\0\0\0\x4b\x04\0\
\x01\x4f\xb1\0\0\x45\0\0\0\x4c\x04\0\x04\x85\x13\0\0\x66\0\0\0\x80\x04\0\0\x56\
\xb1\0\0\x34\x06\0\0\0\x05\0\0\x59\xb1\0\0\x41\x06\0\0\x40\x05\0\0\x6b\xb0\0\0\
\x07\0\0\x04\x78\0\0\0\x61\xb1\0\0\xf0\0\0\0\0\0\0\0\x6b\xb1\0\0\x10\0\0\0\x80\
\0\0\0\x72\xb1\0\0\x8d\0\0\0\xa0\0\0\0\x7b\xb1\0\0\x2f\x06\0\0\xc0\0\0\0\x84\
\xb1\0\0\x25\x06\0\0\xc0\x02\0\0\xac\0\0\0\x12\0\0\0\x80\x03\0\0\x8a\xa4\0\0\
\x12\0\0\0\xa0\x03\0\0\x80\xb0\0\0\x09\0\0\x04\x40\0\0\0\xc1\x04\0\0\x30\x06\0\
\0\0\0\0\0\x8e\xb1\0\0\x30\x06\0\0\x40\0\0\0\x93\xb1\0\0\x30\x06\0\0\x80\0\0\0\
\x99\xb1\0\0\x28\x06\0\0\xc0\0\0\0\x9e\xb1\0\0\x26\0\0\0\0\x01\0\0\xa5\xb1\0\0\
\x26\0\0\0\x10\x01\0\0\xae\xb1\0\0\x02\0\0\0\x20\x01\0\0\xb8\xb1\0\0\x28\x06\0\
\0\x40\x01\0\0\x85\x13\0\0\x66\0\0\0\x80\x01\0\0\0\0\0\0\0\0\0\x02\x2f\x06\0\0\
\0\0\0\0\x02\0\0\x05\x10\0\0\0\xbf\xb1\0\0\x2f\0\0\0\0\0\0\0\xcd\xb1\0\0\x2f\0\
\0\0\0\0\0\0\0\0\0\0\0\0\0\x02\x35\x07\0\0\xd5\xb1\0\0\x02\0\0\x04\x14\0\0\0\
\xd7\x3e\0\0\xb0\x04\0\0\0\0\0\0\xdc\xb1\0\0\x02\0\0\0\x80\0\0\0\0\0\0\0\0\0\0\
\x02\x36\x07\0\0\x59\xb1\0\0\x04\0\0\x04\x60\0\0\0\xe1\xb1\0\0\x36\x06\0\0\0\0\
\0\0\xeb\xb1\0\0\x0f\0\0\0\x40\x02\0\0\xf6\xb1\0\0\x3f\x06\0\0\x80\x02\0\0\0\
\xb2\0\0\x40\x06\0\0\xc0\x02\0\0\x16\xb2\0\0\x0d\0\0\x04\x48\0\0\0\x24\xb2\0\0\
\xc5\x04\0\0\0\0\0\0\x2c\xb2\0\0\x02\0\0\0\x40\0\0\0\x34\xb2\0\0\x47\0\0\0\x60\
\0\0\0\x3e\xb2\0\0\x45\0\0\0\x68\0\0\0\x49\xb2\0\0\x45\0\0\0\x70\0\0\0\x57\xb2\
\0\0\x47\0\0\0\x78\0\0\0\x61\xb2\0\0\x68\x05\0\0\x80\0\0\0\x6e\xb2\0\0\x38\x06\
\0\0\xc0\0\0\0\x75\xb2\0\0\x02\0\0\0\x40\x01\0\0\x80\xb2\0\0\x1f\0\0\0\x60\x01\
\0\0\x90\xb2\0\0\x39\x06\0\0\x80\x01\0\0\xa4\xb2\0\0\x3a\x06\0\0\xc0\x01\0\0\
\xb2\xb2\0\0\x3e\x06\0\0\0\x02\0\0\xc1\xb2\0\0\x08\0\0\x04\x30\0\0\0\x19\0\0\0\
\x26\0\0\0\0\0\0\0\xac\0\0\0\x26\0\0\0\x10\0\0\0\xd0\xb2\0\0\x26\0\0\0\x20\0\0\
\0\xc0\x13\0\0\x1f\0\0\0\x40\0\0\0\xd9\xb2\0\0\x66\x05\0\0\x80\0\0\0\xe5\xb2\0\
\0\x64\x05\0\0\xc0\0\0\0\x85\x13\0\0\x66\0\0\0\0\x01\0\0\x25\x14\0\0\xcd\x04\0\
\0\x80\x01\0\0\0\0\0\0\x02\0\0\x05\x10\0\0\0\xac\x74\0\0\xa4\x04\0\0\0\0\0\0\
\xb1\x74\0\0\xb0\x04\0\0\0\0\0\0\0\0\0\0\0\0\0\x02\x3a\x06\0\0\0\0\0\0\0\0\0\
\x02\x3b\x06\0\0\xf0\xb2\0\0\x0d\0\0\x84\xb0\0\0\0\x2c\x0c\0\0\xed\x04\0\0\0\0\
\0\0\xad\xa4\0\0\x02\0\0\0\x80\x03\0\0\xf7\xb2\0\0\x12\0\0\0\xa0\x03\0\0\0\xb3\
\0\0\x26\0\0\0\xc0\x03\0\0\x08\xb3\0\0\x46\0\0\0\xd0\x03\0\0\x14\xb3\0\0\x46\0\
\0\0\xd8\x03\0\0\x24\xb3\0\0\x02\0\0\0\xe0\x03\0\0\x2b\xb3\0\0\x45\0\0\0\0\x04\
\0\0\0\0\0\0\x3c\x06\0\0\x20\x04\0\0\x38\xb3\0\0\x10\0\0\0\xa0\x04\0\x01\x46\
\xb3\0\0\x10\0\0\0\xa1\x04\0\x1f\x4e\xb3\0\0\x2f\0\0\0\xc0\x04\0\0\x5a\xb3\0\0\
\x3d\x06\0\0\x40\x05\0\0\0\0\0\0\x02\0\0\x05\x10\0\0\0\x6b\xb3\0\0\xa4\x04\0\0\
\0\0\0\0\x72\xb3\0\0\xb0\x04\0\0\0\0\0\0\0\0\0\0\0\0\0\x02\x67\x06\0\0\0\0\0\0\
\0\0\0\x02\x39\x07\0\0\0\0\0\0\0\0\0\x02\x29\x06\0\0\0\0\0\0\0\0\0\x02\x3a\x07\
\0\0\0\0\0\0\0\0\0\x03\0\0\0\0\x35\x06\0\0\x04\0\0\0\0\0\0\0\x79\xb3\0\0\x27\0\
\0\x04\x08\x04\0\0\xc6\x2c\0\0\xc5\x04\0\0\0\0\0\0\x83\xb3\0\0\x2f\0\0\0\x40\0\
\0\0\x8d\xb3\0\0\x43\x06\0\0\xc0\0\0\0\x95\xb3\0\0\x43\x06\0\0\0\x01\0\0\x9d\
\xb3\0\0\x47\0\0\0\x40\x01\0\0\xa4\xb3\0\0\x47\0\0\0\x48\x01\0\0\xb2\xb3\0\0\
\x47\0\0\0\x50\x01\0\0\xbf\xb3\0\0\x47\0\0\0\x58\x01\0\0\xcc\xb3\0\0\x0f\0\0\0\
\x80\x01\0\0\xd7\xb3\0\0\x0f\0\0\0\xc0\x01\0\0\xdd\xb3\0\0\x0f\0\0\0\0\x02\0\0\
\xe4\xb3\0\0\x0f\0\0\0\x40\x02\0\0\xf0\xb3\0\0\x62\x03\0\0\x80\x02\0\0\xfb\xb3\
\0\0\x62\x03\0\0\x40\x05\0\0\x07\xb4\0\0\x62\x03\0\0\0\x08\0\0\x13\xb4\0\0\x62\
\x03\0\0\xc0\x0a\0\0\x21\xb4\0\0\x62\x03\0\0\x80\x0d\0\0\x30\xb4\0\0\xbf\x04\0\
\0\x40\x10\0\0\x3f\xb4\0\0\xbf\x04\0\0\0\x11\0\0\x4f\xb4\0\0\x8d\0\0\0\xc0\x11\
\0\0\x5d\xb4\0\0\x8d\0\0\0\xe0\x11\0\0\x6c\xb4\0\0\x92\0\0\0\0\x12\0\0\x74\xb4\
\0\0\x48\x06\0\0\0\x13\0\0\x76\x11\0\0\x97\0\0\0\x40\x13\0\0\xc0\x13\0\0\x1d\0\
\0\0\x80\x13\0\0\x7c\xb4\0\0\x11\0\0\0\xa0\x13\0\0\x72\x52\0\0\x02\0\0\0\xc0\
\x13\0\0\x85\xb4\0\0\x10\0\0\0\xe0\x13\0\0\x93\xb4\0\0\x2f\0\0\0\0\x14\0\0\xa1\
\xb4\0\0\xb0\x04\0\0\x80\x14\0\0\xa7\xb4\0\0\x17\x06\0\0\0\x15\0\0\xb0\xb4\0\0\
\x23\x06\0\0\x40\x15\0\0\x60\x58\0\0\x64\x06\0\0\xc0\x1c\0\0\xb4\xb4\0\0\xc4\
\x01\0\0\xc0\x1d\0\0\xbd\xb4\0\0\x08\x01\0\0\0\x1f\0\0\xc9\xb4\0\0\x46\0\0\0\
\x20\x1f\0\0\xc4\x2a\0\0\x0f\0\0\0\x40\x1f\0\0\x85\x13\0\0\x66\0\0\0\x80\x1f\0\
\0\xd3\xb4\0\0\x12\0\0\0\0\x20\0\0\0\0\0\0\0\0\0\x02\x44\x06\0\0\xda\xb4\0\0\
\x0f\0\0\x04\xd0\0\0\0\xe4\xb4\0\0\xb0\x04\0\0\0\0\0\0\xed\xb4\0\0\x19\x05\0\0\
\x80\0\0\0\x3b\x0c\0\0\x43\x06\0\0\xc0\0\0\0\xf2\xb4\0\0\x45\x06\0\0\0\x01\0\0\
\xfe\xb4\0\0\x45\x06\0\0\x40\x01\0\0\x07\xb5\0\0\x12\0\0\0\x80\x01\0\0\x12\xb5\
\0\0\x47\0\0\0\xa0\x01\0\0\x1e\xb5\0\0\x47\x06\0\0\xc0\x01\0\0\x2a\xb5\0\0\x62\
\x03\0\0\x40\x02\0\0\x33\xb5\0\0\x12\0\0\0\0\x05\0\0\x3d\xb5\0\0\x02\0\0\0\x20\
\x05\0\0\x47\xb5\0\0\x1d\0\0\0\x40\x05\0\0\x52\xb5\0\0\x0f\0\0\0\x80\x05\0\0\
\x5d\xb5\0\0\x0f\0\0\0\xc0\x05\0\0\x85\x13\0\0\x66\0\0\0\0\x06\0\0\0\0\0\0\0\0\
\0\x02\x46\x06\0\0\x68\xb5\0\0\x07\0\0\x04\x40\0\0\0\x74\xb5\0\0\x45\x06\0\0\0\
\0\0\0\x7c\xb5\0\0\xb0\x04\0\0\x40\0\0\0\x84\xb5\0\0\x47\x06\0\0\xc0\0\0\0\x8d\
\xb5\0\0\x47\0\0\0\x40\x01\0\0\x97\xb5\0\0\x47\0\0\0\x48\x01\0\0\xa0\xb5\0\0\
\x47\0\0\0\x50\x01\0\0\x85\x13\0\0\x66\0\0\0\x80\x01\0\0\0\0\0\0\0\0\0\x03\0\0\
\0\0\x0f\0\0\0\x04\0\0\0\x02\0\0\0\0\0\0\0\0\0\0\x02\x34\x07\0\0\xab\xb5\0\0\
\x0c\0\0\x04\x90\0\0\0\x85\x73\0\0\xae\x04\0\0\0\0\0\0\xc6\x2c\0\0\xc5\x04\0\0\
\x40\0\0\0\x89\x13\0\0\x2f\0\0\0\x80\0\0\0\xb7\xb5\0\0\x4a\x06\0\0\0\x01\0\0\
\xe4\x61\0\0\x16\x06\0\0\x40\x01\0\0\xc3\xb5\0\0\x1c\0\0\0\x80\x01\0\0\x72\x52\
\0\0\x02\0\0\0\xc0\x01\0\0\xc0\x13\0\0\x1d\0\0\0\xe0\x01\0\0\x77\x14\0\0\x66\0\
\0\0\0\x02\0\0\xd0\xb5\0\0\x02\0\0\0\x80\x02\0\0\x25\x14\0\0\x63\x06\0\0\xa0\
\x02\0\0\xdf\xb5\0\0\x76\0\0\0\x40\x04\0\0\0\0\0\0\0\0\0\x02\x4b\x06\0\0\0\0\0\
\0\x01\0\0\x0d\x02\0\0\0\0\0\0\0\x14\x06\0\0\xea\xb5\0\0\x1f\0\0\x04\xe8\x01\0\
\0\xc4\x83\0\0\x02\0\0\0\0\0\0\0\xf6\xb5\0\0\x12\0\0\0\x20\0\0\0\xe8\x61\0\0\
\x12\0\0\0\x40\0\0\0\xf5\x81\0\0\xaa\x04\0\0\x60\0\0\0\x98\x20\0\0\x4d\x06\0\0\
\x80\0\0\0\x01\xb6\0\0\x52\x06\0\0\xc0\0\0\0\x08\xb6\0\0\x4a\x06\0\0\0\x01\0\0\
\x14\xb6\0\0\x56\x06\0\0\x40\x01\0\0\x21\xb6\0\0\x5a\x06\0\0\x80\x01\0\0\x2d\
\xb6\0\0\xcb\x04\0\0\xc0\x01\0\0\x38\xb6\0\0\x5c\x06\0\0\0\x02\0\0\x45\xb6\0\0\
\x5e\x06\0\0\x40\x02\0\0\xd6\x13\0\0\x21\x01\0\0\x80\x02\0\0\xc6\xa8\0\0\x49\
\x06\0\0\xc0\x02\0\0\x4f\xb6\0\0\x2f\0\0\0\x40\x07\0\0\x5a\xb6\0\0\x02\0\0\0\
\xc0\x07\0\0\x66\xb6\0\0\x02\0\0\0\xe0\x07\0\0\x71\xb6\0\0\x02\0\0\0\0\x08\0\0\
\x7c\xb6\0\0\x02\0\0\0\x20\x08\0\0\x87\xb6\0\0\x0f\0\0\0\x40\x08\0\0\x92\xb6\0\
\0\x62\x03\0\0\x80\x08\0\0\x9a\xb6\0\0\xc4\x01\0\0\x40\x0b\0\0\xa6\xb6\0\0\xbf\
\x04\0\0\x80\x0c\0\0\xb2\xb6\0\0\x1f\0\0\0\x40\x0d\0\0\xba\xb6\0\0\x1f\0\0\0\
\x60\x0d\0\0\x1b\xa9\0\0\x2f\0\0\0\x80\x0d\0\0\x76\x11\0\0\x97\0\0\0\0\x0e\0\0\
\xc5\xb6\0\0\x0f\0\0\0\x40\x0e\0\0\x60\x58\0\0\x60\x06\0\0\x80\x0e\0\0\xcf\xb6\
\0\0\x61\x06\0\0\xc0\x0e\0\0\xd3\xb6\0\0\x62\x06\0\0\0\x0f\0\0\0\0\0\0\0\0\0\
\x02\x4e\x06\0\0\0\0\0\0\x03\0\0\x0d\x11\0\0\0\0\0\0\0\x24\x01\0\0\0\0\0\0\x4f\
\x06\0\0\0\0\0\0\x51\x06\0\0\0\0\0\0\0\0\0\x02\x50\x06\0\0\0\0\0\0\0\0\0\x0a\
\xee\x04\0\0\0\0\0\0\0\0\0\x02\x11\0\0\0\0\0\0\0\0\0\0\x02\x53\x06\0\0\0\0\0\0\
\x02\0\0\x0d\x7a\0\0\0\0\0\0\0\x54\x06\0\0\0\0\0\0\x24\x01\0\0\0\0\0\0\0\0\0\
\x02\x55\x06\0\0\0\0\0\0\0\0\0\x0a\x15\x06\0\0\0\0\0\0\0\0\0\x02\x57\x06\0\0\0\
\0\0\0\x01\0\0\x0d\x02\0\0\0\0\0\0\0\x58\x06\0\0\0\0\0\0\0\0\0\x02\x59\x06\0\0\
\xe1\xb6\0\0\x06\0\0\x04\x20\0\0\0\x3b\x0c\0\0\x58\x06\0\0\0\0\0\0\x85\x73\0\0\
\xae\x04\0\0\x40\0\0\0\xc6\x2c\0\0\xc5\x04\0\0\x80\0\0\0\xac\0\0\0\x45\0\0\0\
\xc0\0\0\0\xf5\x81\0\0\x45\0\0\0\xc8\0\0\0\xd3\x1f\0\0\x3f\x03\0\0\xd0\0\0\0\0\
\0\0\0\0\0\0\x02\x5b\x06\0\0\0\0\0\0\x01\0\0\x0d\0\0\0\0\0\0\0\0\x58\x06\0\0\0\
\0\0\0\0\0\0\x02\x5d\x06\0\0\0\0\0\0\x01\0\0\x0d\x02\0\0\0\0\0\0\0\x24\x01\0\0\
\0\0\0\0\0\0\0\x02\x5f\x06\0\0\0\0\0\0\x02\0\0\x0d\x7a\0\0\0\0\0\0\0\x4f\x06\0\
\0\0\0\0\0\xf2\x05\0\0\0\0\0\0\0\0\0\x02\x18\x07\0\0\0\0\0\0\0\0\0\x02\x19\x07\
\0\0\0\0\0\0\0\0\0\x02\x58\x06\0\0\0\0\0\0\0\0\0\x03\0\0\0\0\x02\0\0\0\x04\0\0\
\0\x0d\0\0\0\xee\xb6\0\0\x04\0\0\x04\x20\0\0\0\xe8\x74\0\0\x53\x04\0\0\0\0\0\0\
\xb1\x74\0\0\xbc\x05\0\0\x40\0\0\0\xfb\xb6\0\0\x65\x06\0\0\x80\0\0\0\x05\xb7\0\
\0\x66\x06\0\0\xc0\0\0\0\0\0\0\0\0\0\0\x02\x3e\x07\0\0\0\0\0\0\0\0\0\x02\x3f\
\x07\0\0\x12\xb7\0\0\x02\0\0\x04\x18\0\0\0\x76\x11\0\0\x8d\0\0\0\0\0\0\0\x2b\
\x1e\0\0\x2f\0\0\0\x40\0\0\0\x20\xb7\0\0\x16\0\0\x04\xb8\0\0\0\xc4\x83\0\0\x02\
\0\0\0\0\0\0\0\x89\x13\0\0\x2f\0\0\0\x40\0\0\0\x2e\xb7\0\0\x02\0\0\0\xc0\0\0\0\
\x38\xb7\0\0\x02\0\0\0\xe0\0\0\0\x42\xb7\0\0\x02\0\0\0\0\x01\0\0\x53\xb7\0\0\
\x02\0\0\0\x20\x01\0\0\x61\xb7\0\0\x12\0\0\0\x40\x01\0\0\xb5\x83\0\0\x69\x06\0\
\0\x80\x01\0\0\x6f\xb7\0\0\x80\x06\0\0\xc0\x01\0\0\x78\xb7\0\0\x82\x06\0\0\0\
\x02\0\0\x7e\xb7\0\0\x84\x06\0\0\x40\x02\0\0\x88\xb7\0\0\x8b\x06\0\0\x80\x02\0\
\0\x8f\xb7\0\0\x8d\x06\0\0\xc0\x02\0\0\x97\xb7\0\0\x8f\x06\0\0\0\x03\0\0\x9c\
\xb7\0\0\x91\x06\0\0\x40\x03\0\0\xaa\xb7\0\0\x93\x06\0\0\x80\x03\0\0\xb6\xb7\0\
\0\x02\0\0\0\xc0\x03\0\0\xab\x01\0\0\xf6\x05\0\0\0\x04\0\0\xbe\xb7\0\0\x2f\0\0\
\0\x40\x04\0\0\xc0\x19\0\0\xd2\x01\0\0\xc0\x04\0\0\xc9\xb7\0\0\x45\x03\0\0\0\
\x05\0\0\x85\x13\0\0\x66\0\0\0\x40\x05\0\0\0\0\0\0\0\0\0\x02\x6a\x06\0\0\0\0\0\
\0\x04\0\0\x0d\x02\0\0\0\0\0\0\0\x6b\x06\0\0\0\0\0\0\x70\x06\0\0\0\0\0\0\x02\0\
\0\0\0\0\0\0\x7e\x06\0\0\0\0\0\0\0\0\0\x02\x6c\x06\0\0\xd1\xb7\0\0\x19\0\0\x04\
\x98\0\0\0\x89\x13\0\0\x2f\0\0\0\0\0\0\0\xda\xb7\0\0\x02\0\0\0\x80\0\0\0\xe3\
\xb7\0\0\x02\0\0\0\xa0\0\0\0\xf2\x82\0\0\x10\0\0\0\xc0\0\0\0\xec\xb7\0\0\x10\0\
\0\0\xe0\0\0\0\xac\0\0\0\x10\0\0\0\0\x01\0\0\xf6\xb7\0\0\x10\0\0\0\x20\x01\0\0\
\xb5\x83\0\0\x45\0\0\0\x40\x01\0\0\xfc\xb7\0\0\x45\0\0\0\x48\x01\0\0\x47\x84\0\
\0\x45\0\0\0\x50\x01\0\0\x03\xb8\0\0\x45\0\0\0\x58\x01\0\0\x76\x42\0\0\x10\0\0\
\0\x60\x01\0\0\x0c\xb8\0\0\x6d\x06\0\0\x80\x01\0\0\x13\xb8\0\0\x6b\x06\0\0\xc0\
\x01\0\0\x1b\xb8\0\0\x45\x03\0\0\0\x02\0\0\xc0\x13\0\0\x1d\0\0\0\x40\x02\0\0\
\x22\xb8\0\0\x10\0\0\0\x60\x02\0\0\x27\xb8\0\0\x02\0\0\0\x80\x02\0\0\x38\xb8\0\
\0\x02\0\0\0\xa0\x02\0\0\x4b\xb8\0\0\x8d\x01\0\0\xc0\x02\0\0\x53\xb8\0\0\x8d\
\x01\0\0\x40\x03\0\0\x5b\xb8\0\0\x6e\x06\0\0\xc0\x03\0\0\x65\xb8\0\0\x6f\x06\0\
\0\0\x04\0\0\x71\xb8\0\0\x6f\x06\0\0\x20\x04\0\0\x85\x13\0\0\x66\0\0\0\x40\x04\
\0\0\x7d\xb8\0\0\0\0\0\x08\x32\0\0\0\x84\xb8\0\0\x02\0\0\x04\x08\0\0\0\xcf\x1a\
\0\0\xa0\0\0\0\0\0\0\0\x35\x82\0\0\xa0\0\0\0\x20\0\0\0\x93\xb8\0\0\x02\0\0\x04\
\x04\0\0\0\xcf\x1a\0\0\x26\0\0\0\0\0\0\0\x35\x82\0\0\x26\0\0\0\x10\0\0\0\0\0\0\
\0\0\0\0\x02\x71\x06\0\0\xa7\xb8\0\0\x01\0\0\x04\x58\0\0\0\xad\xb8\0\0\x72\x06\
\0\0\0\0\0\0\0\0\0\0\x04\0\0\x05\x58\0\0\0\xaf\xb8\0\0\x73\x06\0\0\0\0\0\0\xbb\
\xb8\0\0\x75\x06\0\0\0\0\0\0\xbf\xb8\0\0\x7c\x06\0\0\0\0\0\0\xc3\xb8\0\0\x7d\
\x06\0\0\0\0\0\0\xc6\xb8\0\0\x0b\0\0\x04\x28\0\0\0\xd3\xb8\0\0\x02\0\0\0\0\0\0\
\0\xde\xb8\0\0\x02\0\0\0\x20\0\0\0\xe9\xb8\0\0\x11\0\0\0\x40\0\0\0\xf5\xb8\0\0\
\x46\0\0\0\x60\0\0\0\0\xb9\0\0\x46\0\0\0\x68\0\0\0\x0d\xb9\0\0\x46\0\0\0\x70\0\
\0\0\x1a\xb9\0\0\x46\0\0\0\x78\0\0\0\x27\xb9\0\0\x11\0\0\0\x80\0\0\0\x34\xb9\0\
\0\xa0\0\0\0\xa0\0\0\0\x3f\xb9\0\0\x74\x06\0\0\xc0\0\0\0\x4e\xb9\0\0\x11\0\0\0\
\0\x01\0\0\x64\xb9\0\0\x01\0\0\x04\x08\0\0\0\x0c\xb8\0\0\x6d\x06\0\0\0\0\0\0\
\x71\xb9\0\0\x04\0\0\x04\x38\0\0\0\xaf\xb8\0\0\x73\x06\0\0\0\0\0\0\x07\x84\0\0\
\xa4\x04\0\0\x40\x01\0\0\x01\x84\0\0\xa4\x04\0\0\x60\x01\0\0\x78\xb9\0\0\x76\
\x06\0\0\x80\x01\0\0\x7c\xb9\0\0\x05\0\0\x05\x04\0\0\0\x86\xb9\0\0\x77\x06\0\0\
\0\0\0\0\x8c\xb9\0\0\x78\x06\0\0\0\0\0\0\x92\xb9\0\0\x79\x06\0\0\0\0\0\0\x9a\
\xb9\0\0\xa4\x04\0\0\0\0\0\0\xa2\xb9\0\0\x7b\x06\0\0\0\0\0\0\0\0\0\0\x02\0\0\
\x04\x04\0\0\0\x0d\x84\0\0\xaa\x04\0\0\0\0\0\0\x1e\x84\0\0\xaa\x04\0\0\x10\0\0\
\0\0\0\0\0\x02\0\0\x04\x02\0\0\0\x19\0\0\0\x46\0\0\0\0\0\0\0\x68\x5f\0\0\x46\0\
\0\0\x08\0\0\0\0\0\0\0\x02\0\0\x04\x04\0\0\0\x0d\x84\0\0\x7a\x06\0\0\0\0\0\0\
\x1e\x84\0\0\x7a\x06\0\0\x10\0\0\0\xa6\xb9\0\0\0\0\0\x08\x26\0\0\0\0\0\0\0\x01\
\0\0\x04\x01\0\0\0\x19\0\0\0\x46\0\0\0\0\0\0\0\xad\xb9\0\0\x06\0\0\x04\x58\0\0\
\0\xaf\xb8\0\0\x73\x06\0\0\0\0\0\0\x01\x84\0\0\xb0\x04\0\0\x40\x01\0\0\x07\x84\
\0\0\xb0\x04\0\0\xc0\x01\0\0\xb4\xb9\0\0\xa4\x04\0\0\x40\x02\0\0\x78\xb9\0\0\
\x76\x06\0\0\x60\x02\0\0\xbe\xb9\0\0\x11\0\0\0\x80\x02\0\0\xc6\xb9\0\0\x04\0\0\
\x04\x30\0\0\0\xaf\xb8\0\0\x73\x06\0\0\0\0\0\0\x01\x84\0\0\x7a\x06\0\0\x40\x01\
\0\0\x07\x84\0\0\x7a\x06\0\0\x50\x01\0\0\x78\xb9\0\0\x76\x06\0\0\x60\x01\0\0\0\
\0\0\0\0\0\0\x02\x7f\x06\0\0\xce\xb9\0\0\x06\0\0\x04\x28\0\0\0\xdd\xb9\0\0\x1c\
\0\0\0\0\0\0\0\xe8\xb9\0\0\x24\x01\0\0\x40\0\0\0\xf4\xb9\0\0\x1c\0\0\0\x80\0\0\
\0\xfb\xb9\0\0\x6b\x06\0\0\xc0\0\0\0\xf6\xb7\0\0\x10\0\0\0\0\x01\0\0\xac\0\0\0\
\x02\0\0\0\x20\x01\0\0\0\0\0\0\0\0\0\x02\x81\x06\0\0\0\0\0\0\x03\0\0\x0d\x7a\0\
\0\0\0\0\0\0\x6b\x06\0\0\0\0\0\0\x02\0\0\0\0\0\0\0\x7e\x06\0\0\0\0\0\0\0\0\0\
\x02\x83\x06\0\0\0\0\0\0\x03\0\0\x0d\x02\0\0\0\0\0\0\0\x6b\x06\0\0\0\0\0\0\x70\
\x06\0\0\0\0\0\0\x02\0\0\0\0\0\0\0\0\0\0\x02\x85\x06\0\0\0\0\0\0\x05\0\0\x0d\
\x02\0\0\0\0\0\0\0\x6b\x06\0\0\0\0\0\0\xc0\x04\0\0\0\0\0\0\x86\x06\0\0\0\0\0\0\
\x88\x06\0\0\0\0\0\0\xf2\x05\0\0\0\0\0\0\0\0\0\x02\x87\x06\0\0\0\xba\0\0\x09\0\
\0\x04\x0c\0\0\0\xc4\x83\0\0\x46\0\0\0\0\0\0\0\x0d\xba\0\0\x46\0\0\0\x08\0\0\0\
\x15\xba\0\0\x46\0\0\0\x10\0\0\0\x1d\xba\0\0\x46\0\0\0\x18\0\0\0\xf6\xb7\0\0\
\x46\0\0\0\x20\0\0\0\x21\xba\0\0\x46\0\0\0\x28\0\0\0\x26\xba\0\0\x46\0\0\0\x30\
\0\0\0\xb5\x83\0\0\x46\0\0\0\x38\0\0\0\xac\0\0\0\x11\0\0\0\x40\0\0\0\0\0\0\0\0\
\0\0\x02\x89\x06\0\0\0\0\0\0\0\0\0\x02\x8a\x06\0\0\x2b\xba\0\0\x02\0\0\x04\x04\
\0\0\0\x32\xba\0\0\x26\0\0\0\0\0\0\0\x3a\xba\0\0\x26\0\0\0\x10\0\0\0\0\0\0\0\0\
\0\0\x02\x8c\x06\0\0\0\0\0\0\x01\0\0\x0d\x02\0\0\0\0\0\0\0\x6b\x06\0\0\0\0\0\0\
\0\0\0\x02\x8e\x06\0\0\0\0\0\0\x03\0\0\x0d\x02\0\0\0\0\0\0\0\x6b\x06\0\0\0\0\0\
\0\x86\x06\0\0\0\0\0\0\x88\x06\0\0\0\0\0\0\0\0\0\x02\x90\x06\0\0\0\0\0\0\x03\0\
\0\x0d\x02\0\0\0\0\0\0\0\x6b\x06\0\0\0\0\0\0\xc0\x04\0\0\0\0\0\0\x86\x06\0\0\0\
\0\0\0\0\0\0\x02\x92\x06\0\0\0\0\0\0\x01\0\0\x0d\x18\x01\0\0\0\0\0\0\x6b\x06\0\
\0\0\0\0\0\0\0\0\x02\x94\x06\0\0\0\0\0\0\x01\0\0\x0d\0\0\0\0\0\0\0\0\xdc\x05\0\
\0\x43\xba\0\0\x04\0\0\x04\x10\0\0\0\x19\0\0\0\x45\0\0\0\0\0\0\0\x4e\xba\0\0\
\x45\0\0\0\x08\0\0\0\x8d\x26\0\0\x25\0\0\0\x10\0\0\0\0\0\0\0\x96\x06\0\0\x40\0\
\0\0\0\0\0\0\x09\0\0\x05\x08\0\0\0\x5e\xba\0\0\x97\x06\0\0\0\0\0\0\x6c\x43\0\0\
\x97\x06\0\0\0\0\0\0\x6f\xba\0\0\xcc\0\0\0\0\0\0\0\x7e\xba\0\0\xf6\x05\0\0\0\0\
\0\0\x0a\xa6\0\0\x98\x06\0\0\0\0\0\0\x8c\xba\0\0\x99\x06\0\0\0\0\0\0\0\0\0\0\
\x9a\x06\0\0\0\0\0\0\x99\xba\0\0\x9b\x06\0\0\0\0\0\0\xa2\xba\0\0\x25\0\0\0\0\0\
\0\0\0\0\0\0\0\0\0\x0a\x10\0\0\0\0\0\0\0\0\0\0\x02\xfe\x06\0\0\0\0\0\0\0\0\0\
\x02\xff\x06\0\0\0\0\0\0\x02\0\0\x04\x04\0\0\0\xd6\x3d\0\0\xba\0\0\0\0\0\0\0\
\xd2\x3d\0\0\xba\0\0\0\x10\0\0\0\0\0\0\0\0\0\0\x02\x9c\x06\0\0\0\0\0\0\x02\0\0\
\x0d\x02\0\0\0\0\0\0\0\xf4\x05\0\0\0\0\0\0\xf2\x05\0\0\0\0\0\0\0\0\0\x02\x89\
\x07\0\0\0\0\0\0\x03\0\0\x04\x10\0\0\0\x2b\x1e\0\0\x6f\0\0\0\0\0\0\0\x76\x11\0\
\0\x8d\0\0\0\x40\0\0\0\x0f\x51\0\0\x10\0\0\0\x60\0\0\0\0\0\0\0\0\0\0\x02\x8a\
\x07\0\0\xb4\xba\0\0\x07\0\0\x04\xd0\0\0\0\xbd\xba\0\0\x53\x04\0\0\0\0\0\0\xcc\
\xba\0\0\xb3\x06\0\0\x40\0\0\0\xd7\xba\0\0\x86\x01\0\0\x80\x03\0\0\xe9\xba\0\0\
\xbd\x06\0\0\xc0\x03\0\0\xf4\xba\0\0\xbd\x06\0\0\0\x05\0\0\xff\xba\0\0\x12\0\0\
\0\x40\x06\0\0\x11\xbb\0\0\x12\0\0\0\x60\x06\0\0\0\0\0\0\0\0\0\x02\xa2\x06\0\0\
\0\0\0\0\0\0\0\x0a\xa3\x06\0\0\x23\xbb\0\0\x04\0\0\x04\x20\0\0\0\xd6\x20\0\0\
\x21\x01\0\0\0\0\0\0\x19\0\0\0\xa4\x06\0\0\x40\0\0\0\x2d\xbb\0\0\xa5\x06\0\0\
\x80\0\0\0\x33\xbb\0\0\xd2\x01\0\0\xc0\0\0\0\x36\xbb\0\0\x03\0\0\x06\x04\0\0\0\
\x42\xbb\0\0\0\0\0\0\x52\xbb\0\0\x01\0\0\0\x63\xbb\0\0\x02\0\0\0\0\0\0\0\0\0\0\
\x02\xa6\x06\0\0\x73\xbb\0\0\0\0\0\x08\xa7\x06\0\0\0\0\0\0\x08\0\0\x0d\0\0\0\0\
\0\0\0\0\x45\x03\0\0\0\0\0\0\xa8\x06\0\0\0\0\0\0\x12\0\0\0\0\0\0\0\xa9\x06\0\0\
\0\0\0\0\x4f\x06\0\0\0\0\0\0\x4f\x06\0\0\0\0\0\0\xab\x06\0\0\0\0\0\0\xcc\0\0\0\
\x7c\xbb\0\0\0\0\0\x08\x45\0\0\0\0\0\0\0\0\0\0\x02\xaa\x06\0\0\0\0\0\0\0\0\0\
\x0a\xc1\x04\0\0\0\0\0\0\0\0\0\x02\xac\x06\0\0\0\0\0\0\0\0\0\x0a\xad\x06\0\0\
\x85\xbb\0\0\x02\0\0\x04\x10\0\0\0\x19\0\0\0\xa8\x06\0\0\0\0\0\0\xad\xb8\0\0\
\xae\x06\0\0\x20\0\0\0\0\0\0\0\x02\0\0\x05\x0c\0\0\0\x90\xbb\0\0\xaf\x06\0\0\0\
\0\0\0\x95\xbb\0\0\xb2\x06\0\0\0\0\0\0\0\0\0\0\x04\0\0\x04\x0c\0\0\0\x99\xbb\0\
\0\xb0\x06\0\0\0\0\0\0\x64\x24\0\0\xb1\x06\0\0\x20\0\0\0\xa2\xbb\0\0\xb1\x06\0\
\0\x30\0\0\0\xac\0\0\0\xb1\x06\0\0\x40\0\0\0\xad\xbb\0\0\0\0\0\x08\x10\0\0\0\
\xb7\xbb\0\0\0\0\0\x08\x25\0\0\0\0\0\0\0\x02\0\0\x04\x02\0\0\0\xe9\x1d\0\0\xa8\
\x06\0\0\0\0\0\0\xc1\xbb\0\0\xa8\x06\0\0\x08\0\0\0\0\0\0\0\0\0\0\x03\0\0\0\0\
\xa1\x06\0\0\x04\0\0\0\x0d\0\0\0\xca\xbb\0\0\x02\0\0\x04\x08\0\0\0\xda\xbb\0\0\
\x25\0\0\0\0\0\0\0\xeb\xbb\0\0\xbc\x06\0\0\x40\0\0\0\xf1\xbb\0\0\x02\0\0\x04\
\x10\0\0\0\xff\xbb\0\0\xb6\x06\0\0\0\0\0\0\x45\x54\0\0\x1c\0\0\0\x40\0\0\0\0\0\
\0\0\0\0\0\x02\xb7\x06\0\0\x04\xbc\0\0\0\0\0\x08\xb8\x06\0\0\0\0\0\0\x03\0\0\
\x0d\x12\0\0\0\0\0\0\0\x1c\0\0\0\0\0\0\0\xc0\x04\0\0\0\0\0\0\xb9\x06\0\0\0\0\0\
\0\0\0\0\x02\xba\x06\0\0\0\0\0\0\0\0\0\x0a\xbb\x06\0\0\x0e\xbc\0\0\x07\0\0\x04\
\x30\0\0\0\xff\xbb\0\0\x45\0\0\0\0\0\0\0\x1c\xbc\0\0\x45\0\0\0\x08\0\0\0\x1f\
\xbc\0\0\xc5\x04\0\0\x40\0\0\0\x22\xbc\0\0\xc5\x04\0\0\x80\0\0\0\x66\x82\0\0\
\x9e\x04\0\0\xc0\0\0\0\x85\x73\0\0\x45\x03\0\0\0\x01\0\0\x26\xbc\0\0\x66\x05\0\
\0\x40\x01\0\0\0\0\0\0\0\0\0\x03\0\0\0\0\xb5\x06\0\0\x04\0\0\0\0\0\0\0\0\0\0\0\
\0\0\0\x03\0\0\0\0\x25\x05\0\0\x04\0\0\0\x05\0\0\0\x2b\xbc\0\0\x0b\0\0\x04\x88\
\0\0\0\x34\xbc\0\0\x7a\0\0\0\0\0\0\0\x49\xbc\0\0\x45\0\0\0\x08\0\0\0\x5c\xbc\0\
\0\x45\0\0\0\x10\0\0\0\x6a\xbc\0\0\x45\0\0\0\x18\0\0\0\x76\xbc\0\0\x45\0\0\0\
\x20\0\0\0\x90\xbc\0\0\x45\0\0\0\x28\0\0\0\x9e\xbc\0\0\x45\0\0\0\x30\0\0\0\xae\
\xbc\0\0\xbf\x06\0\0\x40\0\0\0\x69\x67\0\0\xc0\x06\0\0\x80\0\0\0\xb9\xbc\0\0\
\xc1\x06\0\0\xc0\0\0\0\xcf\xbc\0\0\xc2\x06\0\0\0\x01\0\0\0\0\0\0\0\0\0\x02\x8b\
\x07\0\0\0\0\0\0\0\0\0\x02\x8c\x07\0\0\0\0\0\0\0\0\0\x02\x8d\x07\0\0\xdb\xbc\0\
\0\x06\0\0\x04\x68\0\0\0\xe5\xbc\0\0\xc3\x06\0\0\0\0\0\0\xed\xbc\0\0\xc4\x06\0\
\0\x20\0\0\0\xf1\xbc\0\0\xc6\x06\0\0\0\x02\0\0\xf5\xbc\0\0\xc8\x06\0\0\x40\x02\
\0\0\xfa\xbc\0\0\xc8\x06\0\0\x60\x02\0\0\x01\xbd\0\0\xc9\x06\0\0\x80\x02\0\0\
\x05\xbd\0\0\x01\0\0\x04\x04\0\0\0\x0b\x12\0\0\x12\0\0\0\0\0\0\0\x14\xbd\0\0\
\x05\0\0\x04\x3c\0\0\0\x1f\xbd\0\0\xc5\x06\0\0\0\0\0\0\x28\xbd\0\0\x45\0\0\0\
\xc0\x01\0\0\x32\xbd\0\0\x45\0\0\0\xc8\x01\0\0\x41\xbd\0\0\x45\0\0\0\xd0\x01\0\
\0\x51\xbd\0\0\x45\0\0\0\xd8\x01\0\0\0\0\0\0\0\0\0\x03\0\0\0\0\x12\0\0\0\x04\0\
\0\0\x0e\0\0\0\x68\xbd\0\0\x01\0\0\x04\x08\0\0\0\x1f\xbd\0\0\xc7\x06\0\0\0\0\0\
\0\0\0\0\0\0\0\0\x03\0\0\0\0\x12\0\0\0\x04\0\0\0\x02\0\0\0\x73\xbd\0\0\x01\0\0\
\x04\x04\0\0\0\x0b\x12\0\0\x12\0\0\0\0\0\0\0\x7f\xbd\0\0\x02\0\0\x04\x18\0\0\0\
\x8a\xbd\0\0\x2f\0\0\0\0\0\0\0\x1f\xbd\0\0\xc7\x06\0\0\x80\0\0\0\0\0\0\0\0\0\0\
\x02\x8e\x07\0\0\x96\xbd\0\0\x03\0\0\x04\x40\0\0\0\xa0\xbd\0\0\xcc\x06\0\0\0\0\
\0\0\x3f\x57\0\0\xcd\x06\0\0\x80\0\0\0\x5b\x69\0\0\xce\x06\0\0\0\x01\0\0\0\0\0\
\0\0\0\0\x03\0\0\0\0\x1c\x03\0\0\x04\0\0\0\x02\0\0\0\0\0\0\0\0\0\0\x03\0\0\0\0\
\x13\x03\0\0\x04\0\0\0\x02\0\0\0\0\0\0\0\0\0\0\x03\0\0\0\0\x2f\0\0\0\x04\0\0\0\
\x02\0\0\0\xaa\xbd\0\0\x20\0\0\x04\x40\x03\0\0\xb5\xbd\0\0\x2f\0\0\0\0\0\0\0\
\xbf\xbd\0\0\xa7\0\0\0\x80\0\0\0\xcb\xbd\0\0\xa7\0\0\0\xc0\0\0\0\xd7\xbd\0\0\
\xa7\0\0\0\0\x01\0\0\xe3\xbd\0\0\xa7\0\0\0\x40\x01\0\0\xef\xbd\0\0\x12\0\0\0\
\x80\x01\0\0\xfb\xbd\0\0\x12\0\0\0\xa0\x01\0\0\x05\xbe\0\0\x5d\0\0\0\xc0\x01\0\
\0\x15\xbe\0\0\x2f\0\0\0\xc0\x02\0\0\x20\xbe\0\0\xa7\0\0\0\x40\x03\0\0\x2d\xbe\
\0\0\x12\0\0\0\x80\x03\0\0\x3e\xbe\0\0\xd0\x06\0\0\xc0\x03\0\0\x4d\xbe\0\0\xd2\
\x06\0\0\x80\x04\0\0\x5a\xbe\0\0\xd3\x06\0\0\0\x06\0\0\x67\xbe\0\0\x5d\0\0\0\
\xc0\x06\0\0\x78\xbe\0\0\xd4\x06\0\0\xc0\x07\0\0\x87\xbe\0\0\x2f\0\0\0\x40\x09\
\0\0\x94\xbe\0\0\x9e\x04\0\0\xc0\x09\0\0\x99\xbe\0\0\x9e\x04\0\0\0\x0a\0\0\xa4\
\xbe\0\0\x10\0\0\0\x40\x0a\0\0\xb8\xbe\0\0\x10\0\0\0\x60\x0a\0\0\xcd\xbe\0\0\
\x02\0\0\0\x80\x0a\0\0\xe0\xbe\0\0\x10\0\0\0\xa0\x0a\0\0\xf3\xbe\0\0\x9d\0\0\0\
\xc0\x0a\0\0\xc7\x97\0\0\x86\x01\0\0\0\x0b\0\0\x02\xbf\0\0\xfd\x05\0\0\0\x0c\0\
\0\x10\xbf\0\0\xfd\x05\0\0\0\x12\0\0\x1e\xbf\0\0\x8d\0\0\0\0\x18\0\0\x2e\xbf\0\
\0\xac\x01\0\0\x20\x18\0\0\x49\xbf\0\0\xac\x01\0\0\x40\x18\0\0\x65\xbf\0\0\x8d\
\0\0\0\x60\x18\0\0\x76\xbf\0\0\x92\0\0\0\x80\x18\0\0\0\0\0\0\0\0\0\x03\0\0\0\0\
\x6f\0\0\0\x04\0\0\0\x03\0\0\0\x85\xbf\0\0\x06\0\0\x04\x10\0\0\0\xf6\xb7\0\0\
\xa7\0\0\0\0\0\0\0\x96\xbf\0\0\x12\0\0\0\x40\0\0\0\x9c\xbf\0\0\x45\0\0\0\x60\0\
\0\0\xa3\xbf\0\0\x45\0\0\0\x68\0\0\0\xaa\xbf\0\0\x45\0\0\0\x70\0\0\0\xb1\xbf\0\
\0\x45\0\0\0\x78\0\0\0\0\0\0\0\0\0\0\x03\0\0\0\0\xd1\x06\0\0\x04\0\0\0\x03\0\0\
\0\0\0\0\0\0\0\0\x03\0\0\0\0\x12\0\0\0\x04\0\0\0\x06\0\0\0\xb8\xbf\0\0\x06\0\0\
\x04\x30\0\0\0\x6f\x14\0\0\x5d\0\0\0\0\0\0\0\x76\x11\0\0\xe3\x05\0\0\0\x01\0\0\
\xcc\xbf\0\0\x45\0\0\0\x40\x01\0\0\xd3\xbf\0\0\x45\0\0\0\x48\x01\0\0\xda\xbf\0\
\0\x45\0\0\0\x50\x01\0\0\xe1\xbf\0\0\x45\0\0\0\x58\x01\0\0\x3d\xc0\0\0\x04\0\0\
\x04\xb0\x01\0\0\xd6\x20\0\0\xd6\x06\0\0\0\0\0\0\xd1\x17\0\0\xbf\0\0\0\x40\x0c\
\0\0\x7f\x1f\0\0\x87\x01\0\0\x80\x0c\0\0\x35\x1e\0\0\x6d\x01\0\0\xc0\x0c\0\0\
\x4b\xc0\0\0\x06\0\0\x04\x86\x01\0\0\x57\xc0\0\0\xd7\x06\0\0\0\0\0\0\x5f\xc0\0\
\0\xd7\x06\0\0\x08\x02\0\0\xc1\x32\0\0\xd7\x06\0\0\x10\x04\0\0\x68\x33\0\0\xd7\
\x06\0\0\x18\x06\0\0\x68\xc0\0\0\xd7\x06\0\0\x20\x08\0\0\x70\xc0\0\0\xd7\x06\0\
\0\x28\x0a\0\0\0\0\0\0\0\0\0\x03\0\0\0\0\xce\0\0\0\x04\0\0\0\x41\0\0\0\xc7\xc0\
\0\0\x1a\0\0\x84\xa0\x01\0\0\xd4\xc0\0\0\x81\0\0\0\0\0\0\0\xd8\xc0\0\0\x0f\0\0\
\0\x40\0\0\0\x4b\x03\0\0\x7e\0\0\0\x80\0\0\0\xdb\x29\0\0\x0f\0\0\0\xc0\0\0\0\
\xe2\xc0\0\0\x0f\0\0\0\0\x01\0\0\xe9\xc0\0\0\x12\0\0\0\x40\x01\0\x01\xf5\xc0\0\
\0\x12\0\0\0\x41\x01\0\x01\x02\xc1\0\0\x12\0\0\0\x42\x01\0\x01\x0d\xc1\0\0\x12\
\0\0\0\x43\x01\0\x01\x20\xc1\0\0\x84\0\0\0\x80\x01\0\0\x2b\xc1\0\0\x84\0\0\0\
\xc0\x01\0\0\x48\x18\0\0\x84\0\0\0\0\x02\0\0\xf1\x05\0\0\xd9\x06\0\0\x40\x02\0\
\0\x37\xc1\0\0\x02\0\0\0\x80\x02\0\0\x3e\xc1\0\0\x12\0\0\0\xa0\x02\0\0\x48\xc1\
\0\0\x02\0\0\0\xc0\x02\0\0\x4d\xc1\0\0\x02\0\0\0\xe0\x02\0\0\x52\xc1\0\0\xcc\0\
\0\0\0\x03\0\0\x5b\xc1\0\0\xcc\0\0\0\x40\x03\0\0\x62\xc1\0\0\xcc\0\0\0\x80\x03\
\0\0\x69\xc1\0\0\x12\0\0\0\xc0\x03\0\0\x76\xc1\0\0\x02\0\0\0\xe0\x03\0\0\x7d\
\xc1\0\0\x0f\0\0\0\0\x04\0\0\x84\xc1\0\0\x0f\0\0\0\x40\x04\0\0\x89\xc1\0\0\xda\
\x06\0\0\x80\x04\0\0\x5c\x22\0\0\xdb\x06\0\0\0\x05\0\0\0\0\0\0\0\0\0\x02\xfb\0\
\0\0\x94\xc1\0\0\x02\0\0\x04\x10\0\0\0\x9b\xc1\0\0\x1a\x01\0\0\0\0\0\0\xa4\xc1\
\0\0\x1a\x01\0\0\x40\0\0\0\0\0\0\0\0\0\0\x03\0\0\0\0\xce\0\0\0\x04\0\0\0\0\x01\
\0\0\0\0\0\0\x01\0\0\x0d\x02\0\0\0\x40\0\0\0\x09\0\0\0\x02\xc6\0\0\x01\0\0\x0c\
\xdc\x06\0\0\0\0\0\0\0\0\0\x03\0\0\0\0\xcd\0\0\0\x04\0\0\0\x0d\0\0\0\xb1\xc7\0\
\0\0\0\0\x0e\xde\x06\0\0\x01\0\0\0\xb9\xc7\0\0\x01\0\0\x0f\0\0\0\0\x08\0\0\0\0\
\0\0\0\x10\0\0\0\xbf\xc7\0\0\x01\0\0\x0f\0\0\0\0\xdf\x06\0\0\0\0\0\0\x0d\0\0\0\
\x42\x01\0\0\0\0\0\x07\0\0\0\0\x27\x10\0\0\0\0\0\x07\0\0\0\0\xc7\xc7\0\0\0\0\0\
\x07\0\0\0\0\xae\x77\0\0\0\0\0\x07\0\0\0\0\xd3\xc7\0\0\0\0\0\x07\0\0\0\0\xe0\
\xc7\0\0\0\0\0\x07\0\0\0\0\xf3\xc7\0\0\0\0\0\x07\0\0\0\0\x03\xc8\0\0\0\0\0\x07\
\0\0\0\0\x10\xc8\0\0\0\0\0\x07\0\0\0\0\x21\xc8\0\0\0\0\0\x07\0\0\0\0\x27\xc8\0\
\0\0\0\0\x07\0\0\0\0\x36\xc8\0\0\0\0\0\x07\0\0\0\0\x4f\xc8\0\0\0\0\0\x07\0\0\0\
\0\x5f\xc8\0\0\0\0\0\x07\0\0\0\0\x89\x38\0\0\0\0\0\x07\0\0\0\0\x65\xc8\0\0\0\0\
\0\x07\0\0\0\0\x6d\xc8\0\0\0\0\0\x07\0\0\0\0\x79\xc8\0\0\0\0\0\x07\0\0\0\0\x87\
\xc8\0\0\0\0\0\x07\0\0\0\0\x96\xc8\0\0\0\0\0\x07\0\0\0\0\xa1\xc8\0\0\0\0\0\x07\
\0\0\0\0\xe7\x46\0\0\0\0\0\x07\0\0\0\0\xac\xc8\0\0\0\0\0\x07\0\0\0\0\xb9\xc8\0\
\0\0\0\0\x07\0\0\0\0\xc9\xc8\0\0\0\0\0\x07\0\0\0\0\xd3\xc8\0\0\0\0\0\x07\0\0\0\
\0\xe4\xc8\0\0\0\0\0\x07\0\0\0\0\xf0\xc8\0\0\0\0\0\x07\0\0\0\0\xff\xc8\0\0\0\0\
\0\x07\0\0\0\0\x18\xc9\0\0\0\0\0\x07\0\0\0\0\x38\xc9\0\0\0\0\0\x07\0\0\0\0\x43\
\xc9\0\0\0\0\0\x07\0\0\0\0\x4a\xc9\0\0\0\0\0\x07\0\0\0\0\x56\xc9\0\0\0\0\0\x07\
\0\0\0\0\x66\xc9\0\0\0\0\0\x07\0\0\0\0\x70\xc9\0\0\0\0\0\x07\0\0\0\0\x7f\xc9\0\
\0\0\0\0\x07\0\0\0\0\x8d\xc9\0\0\0\0\0\x07\0\0\0\0\x96\xc9\0\0\0\0\0\x07\0\0\0\
\0\x31\x6a\0\0\0\0\0\x07\0\0\0\0\xac\xc9\0\0\0\0\0\x07\0\0\0\0\xb8\xc9\0\0\0\0\
\0\x07\0\0\0\0\xc4\xc9\0\0\0\0\0\x07\0\0\0\0\xd2\xc9\0\0\0\0\0\x07\0\0\0\0\xdb\
\xc9\0\0\0\0\0\x07\0\0\0\0\xee\xc9\0\0\0\0\0\x07\0\0\0\0\xfc\xc9\0\0\0\0\0\x07\
\0\0\0\0\x0f\xca\0\0\0\0\0\x07\0\0\0\0\x1c\xca\0\0\0\0\0\x07\0\0\0\0\x28\xca\0\
\0\0\0\0\x07\0\0\0\0\x37\xca\0\0\0\0\0\x07\0\0\0\0\x4d\xca\0\0\0\0\0\x07\0\0\0\
\0\x58\xca\0\0\0\0\0\x07\0\0\0\0\x62\xca\0\0\0\0\0\x07\0\0\0\0\x7b\xca\0\0\0\0\
\0\x07\0\0\0\0\x8c\xca\0\0\0\0\0\x07\0\0\0\0\x9d\xca\0\0\0\0\0\x07\0\0\0\0\xa7\
\xca\0\0\0\0\0\x07\0\0\0\0\xb6\xca\0\0\0\0\0\x07\0\0\0\0\xc3\xca\0\0\0\0\0\x07\
\0\0\0\0\xd3\xca\0\0\0\0\0\x07\0\0\0\0\xdd\xca\0\0\0\0\0\x07\0\0\0\0\xe7\xca\0\
\0\0\0\0\x07\0\0\0\0\xf7\x8b\0\0\0\0\0\x07\0\0\0\0\xf1\xca\0\0\0\0\0\x07\0\0\0\
\0\xfe\xca\0\0\0\0\0\x07\0\0\0\0\x0e\xcb\0\0\0\0\0\x07\0\0\0\0\x24\xcb\0\0\0\0\
\0\x07\0\0\0\0\x2e\xcb\0\0\0\0\0\x07\0\0\0\0\x38\xcb\0\0\0\0\0\x07\0\0\0\0\x42\
\xcb\0\0\0\0\0\x07\0\0\0\0\x54\xcb\0\0\0\0\0\x07\0\0\0\0\x67\xcb\0\0\0\0\0\x07\
\0\0\0\0\x73\xcb\0\0\0\0\0\x07\0\0\0\0\x85\xcb\0\0\0\0\0\x07\0\0\0\0\x90\xcb\0\
\0\0\0\0\x07\0\0\0\0\xa1\xcb\0\0\0\0\0\x07\0\0\0\0\xb3\xcb\0\0\0\0\0\x07\0\0\0\
\0\xc9\xcb\0\0\0\0\0\x07\0\0\0\0\xd4\xcb\0\0\0\0\0\x07\0\0\0\0\x11\x88\0\0\0\0\
\0\x07\0\0\0\0\x1d\x88\0\0\0\0\0\x07\0\0\0\0\xde\xcb\0\0\0\0\0\x07\0\0\0\0\xe8\
\xcb\0\0\0\0\0\x07\0\0\0\0\xa4\x74\0\0\0\0\0\x07\0\0\0\0\xf4\xcb\0\0\0\0\0\x07\
\0\0\0\0\xff\xcb\0\0\0\0\0\x07\0\0\0\0\x0c\xcc\0\0\0\0\0\x07\0\0\0\0\x1d\xcc\0\
\0\0\0\0\x07\0\0\0\0\x32\xcc\0\0\0\0\0\x07\0\0\0\0\x41\xcc\0\0\0\0\0\x07\0\0\0\
\0\x50\xcc\0\0\0\0\0\x07\0\0\0\0\x59\xcc\0\0\0\0\0\x07\0\0\0\0\x6b\xcc\0\0\0\0\
\0\x07\0\0\0\0\x27\x88\0\0\0\0\0\x07\0\0\0\0\x03\x89\0\0\0\0\0\x07\0\0\0\0\x80\
\xcc\0\0\0\0\0\x07\0\0\0\0\x8d\xcc\0\0\0\0\0\x07\0\0\0\0\x94\xcc\0\0\0\0\0\x07\
\0\0\0\0\xa2\xcc\0\0\0\0\0\x07\0\0\0\0\xaf\xcc\0\0\0\0\0\x07\0\0\0\0\xb8\xcc\0\
\0\0\0\0\x07\0\0\0\0\xc6\xcc\0\0\0\0\0\x07\0\0\0\0\xd1\xcc\0\0\0\0\0\x07\0\0\0\
\0\xe2\xcc\0\0\0\0\0\x07\0\0\0\0\xf0\xcc\0\0\0\0\0\x07\0\0\0\0\xfc\xcc\0\0\0\0\
\0\x07\0\0\0\0\x0d\xcd\0\0\0\0\0\x07\0\0\0\0\x1b\xcd\0\0\0\0\0\x07\0\0\0\0\x29\
\xcd\0\0\0\0\0\x07\0\0\0\0\x3a\xcd\0\0\0\0\0\x07\0\0\0\0\x4d\xcd\0\0\0\0\0\x07\
\0\0\0\0\x56\xcd\0\0\0\0\0\x07\0\0\0\0\x69\xcd\0\0\0\0\0\x07\0\0\0\0\x75\xcd\0\
\0\0\0\0\x07\0\0\0\0\x4d\x8b\0\0\0\0\0\x07\0\0\0\0\x86\xcd\0\0\0\0\0\x07\0\0\0\
\0\x91\xcd\0\0\0\0\0\x07\0\0\0\0\x96\xcd\0\0\0\0\0\x07\0\0\0\0\xab\xcd\0\0\0\0\
\0\x07\0\0\0\0\xc3\xcd\0\0\0\0\0\x07\0\0\0\0\xcb\xcd\0\0\0\0\0\x07\0\0\0\0\xd2\
\xcd\0\0\0\0\0\x07\0\0\0\0\xe3\xcd\0\0\0\0\0\x07\0\0\0\0\xf5\xcd\0\0\0\0\0\x07\
\0\0\0\0\x07\xce\0\0\0\0\0\x07\0\0\0\0\x34\x97\0\0\0\0\0\x07\0\0\0\0\x1c\xce\0\
\0\0\0\0\x07\0\0\0\0\x9b\x78\0\0\0\0\0\x07\0\0\0\0\x29\xce\0\0\0\0\0\x07\0\0\0\
\0\x87\x1f\0\0\0\0\0\x07\0\0\0\0\x32\xce\0\0\0\0\0\x07\0\0\0\0\x41\xce\0\0\0\0\
\0\x07\0\0\0\0\x54\xce\0\0\0\0\0\x07\0\0\0\0\x65\xce\0\0\0\0\0\x07\0\0\0\0\x72\
\xce\0\0\0\0\0\x07\0\0\0\0\x89\xce\0\0\0\0\0\x07\0\0\0\0\x9a\xce\0\0\0\0\0\x07\
\0\0\0\0\xaf\xce\0\0\0\0\0\x07\0\0\0\0\xc6\xce\0\0\0\0\0\x07\0\0\0\0\xd6\xce\0\
\0\0\0\0\x07\0\0\0\0\xe8\xce\0\0\0\0\0\x07\0\0\0\0\xfd\xce\0\0\0\0\0\x07\0\0\0\
\0\x0c\xcf\0\0\0\0\0\x07\0\0\0\0\x1b\xcf\0\0\0\0\0\x07\0\0\0\0\x86\x1b\0\0\0\0\
\0\x07\0\0\0\0\xaf\x17\0\0\0\0\0\x07\0\0\0\0\x26\xcf\0\0\0\0\0\x07\0\0\0\0\x33\
\xcf\0\0\0\0\0\x07\0\0\0\0\xda\x1b\0\0\0\0\0\x07\0\0\0\0\x65\x1c\0\0\0\0\0\x07\
\0\0\0\0\x4e\xcf\0\0\0\0\0\x07\0\0\0\0\x63\xcf\0\0\0\0\0\x07\0\0\0\0\x3a\x74\0\
\0\0\0\0\x07\0\0\0\0\x06\x98\0\0\0\0\0\x07\0\0\0\0\x73\xcf\0\0\0\0\0\x07\0\0\0\
\0\x7b\xcf\0\0\0\0\0\x07\0\0\0\0\x85\xcf\0\0\0\0\0\x07\0\0\0\0\x8e\xcf\0\0\0\0\
\0\x07\0\0\0\0\x9a\xcf\0\0\0\0\0\x07\0\0\0\0\xa5\xcf\0\0\0\0\0\x07\0\0\0\0\xb3\
\xcf\0\0\0\0\0\x07\0\0\0\0\xbf\xcf\0\0\0\0\0\x07\0\0\0\0\xca\xcf\0\0\0\0\0\x07\
\0\0\0\0\xdd\xcf\0\0\0\0\0\x07\0\0\0\0\xf2\xcf\0\0\0\0\0\x07\0\0\0\0\xfb\xcf\0\
\0\0\0\0\x07\0\0\0\0\x0a\xd0\0\0\0\0\0\x07\0\0\0\0\x1b\xd0\0\0\0\0\0\x07\0\0\0\
\0\x2d\xd0\0\0\0\0\0\x07\0\0\0\0\x35\xd0\0\0\0\0\0\x07\0\0\0\0\x47\xd0\0\0\0\0\
\0\x07\0\0\0\0\x5c\xd0\0\0\0\0\0\x07\0\0\0\0\x68\xd0\0\0\0\0\0\x07\0\0\0\0\x79\
\xd0\0\0\0\0\0\x07\0\0\0\0\x8a\xd0\0\0\0\0\0\x07\0\0\0\0\x97\xd0\0\0\0\0\0\x07\
\0\0\0\0\xa9\xd0\0\0\0\0\0\x07\0\0\0\0\xb7\xd0\0\0\0\0\0\x07\0\0\0\0\xca\xd0\0\
\0\0\0\0\x07\0\0\0\0\x68\x07\0\0\0\0\0\x07\0\0\0\0\x95\x07\0\0\0\0\0\x07\0\0\0\
\0\xd8\xd0\0\0\0\0\0\x07\0\0\0\0\xe8\xd0\0\0\0\0\0\x07\0\0\0\0\xfc\xd0\0\0\0\0\
\0\x07\0\0\0\0\x08\xd1\0\0\0\0\0\x07\0\0\0\0\x1a\xd1\0\0\0\0\0\x07\0\0\0\0\x28\
\xd1\0\0\0\0\0\x07\0\0\0\0\x32\xd1\0\0\0\0\0\x07\0\0\0\0\x3e\xd1\0\0\0\0\0\x07\
\0\0\0\0\x48\xd1\0\0\0\0\0\x07\0\0\0\0\x56\xd1\0\0\0\0\0\x07\0\0\0\0\x68\xd1\0\
\0\0\0\0\x07\0\0\0\0\x75\xd1\0\0\0\0\0\x07\0\0\0\0\x7e\xd1\0\0\0\0\0\x07\0\0\0\
\0\x8d\xd1\0\0\0\0\0\x07\0\0\0\0\x9f\xd1\0\0\0\0\0\x07\0\0\0\0\xae\xd1\0\0\0\0\
\0\x07\0\0\0\0\x10\x06\0\0\0\0\0\x07\0\0\0\0\xb5\xd1\0\0\0\0\0\x07\0\0\0\0\xc3\
\xd1\0\0\0\0\0\x07\0\0\0\0\xc6\x06\0\0\0\0\0\x07\0\0\0\0\xd2\xd1\0\0\0\0\0\x07\
\0\0\0\0\xe2\xd1\0\0\0\0\0\x07\0\0\0\0\x76\x07\0\0\0\0\0\x07\0\0\0\0\xa0\x07\0\
\0\0\0\0\x07\0\0\0\0\xeb\xd1\0\0\0\0\0\x07\0\0\0\0\xfc\xd1\0\0\0\0\0\x07\0\0\0\
\0\x14\xd2\0\0\0\0\0\x07\0\0\0\0\xec\x08\0\0\0\0\0\x07\0\0\0\0\x23\xd2\0\0\0\0\
\0\x07\0\0\0\0\x34\xd2\0\0\0\0\0\x07\0\0\0\0\x40\xd2\0\0\0\0\0\x07\0\0\0\0\x4a\
\xd2\0\0\0\0\0\x07\0\0\0\0\x7e\x29\0\0\0\0\0\x07\0\0\0\0\x56\xd2\0\0\0\0\0\x07\
\0\0\0\0\0\x69\x6e\x74\0\x5f\x5f\x41\x52\x52\x41\x59\x5f\x53\x49\x5a\x45\x5f\
\x54\x59\x50\x45\x5f\x5f\0\x74\x79\x70\x65\0\x6d\x61\x78\x5f\x65\x6e\x74\x72\
\x69\x65\x73\0\x72\x62\0\x75\x6e\x73\x69\x67\x6e\x65\x64\x20\x6c\x6f\x6e\x67\
\x20\x6c\x6f\x6e\x67\0\x63\x74\x78\0\x68\x61\x6e\x64\x6c\x65\x5f\x73\x63\x68\
\x65\x64\x5f\x70\x72\x6f\x63\x65\x73\x73\x5f\x65\x78\x65\x63\0\x72\x61\x77\x5f\
\x74\x72\x61\x63\x65\x70\x6f\x69\x6e\x74\x2f\x73\x63\x68\x65\x64\x5f\x70\x72\
\x6f\x63\x65\x73\x73\x5f\x65\x78\x65\x63\0\x74\x61\x73\x6b\x5f\x73\x74\x72\x75\
\x63\x74\0\x74\x68\x72\x65\x61\x64\x5f\x69\x6e\x66\x6f\0\x5f\x5f\x73\x74\x61\
\x74\x65\0\x73\x74\x61\x63\x6b\0\x75\x73\x61\x67\x65\0\x66\x6c\x61\x67\x73\0\
\x70\x74\x72\x61\x63\x65\0\x6f\x6e\x5f\x63\x70\x75\0\x77\x61\x6b\x65\x5f\x65\
\x6e\x74\x72\x79\0\x63\x70\x75\0\x77\x61\x6b\x65\x65\x5f\x66\x6c\x69\x70\x73\0\
\x77\x61\x6b\x65\x65\x5f\x66\x6c\x69\x70\x5f\x64\x65\x63\x61\x79\x5f\x74\x73\0\
\x6c\x61\x73\x74\x5f\x77\x61\x6b\x65\x65\0\x72\x65\x63\x65\x6e\x74\x5f\x75\x73\
\x65\x64\x5f\x63\x70\x75\0\x77\x61\x6b\x65\x5f\x63\x70\x75\0\x6f\x6e\x5f\x72\
\x71\0\x70\x72\x69\x6f\0\x73\x74\x61\x74\x69\x63\x5f\x70\x72\x69\x6f\0\x6e\x6f\
\x72\x6d\x61\x6c\x5f\x70\x72\x69\x6f\0\x72\x74\x5f\x70\x72\x69\x6f\x72\x69\x74\
\x79\0\x73\x63\x68\x65\x64\x5f\x63\x6c\x61\x73\x73\0\x73\x65\0\x72\x74\0\x64\
\x6c\0\x63\x6f\x72\x65\x5f\x6e\x6f\x64\x65\0\x63\x6f\x72\x65\x5f\x63\x6f\x6f\
\x6b\x69\x65\0\x63\x6f\x72\x65\x5f\x6f\x63\x63\x75\x70\x61\x74\x69\x6f\x6e\0\
\x73\x63\x68\x65\x64\x5f\x74\x61\x73\x6b\x5f\x67\x72\x6f\x75\x70\0\x70\x72\x65\
\x65\x6d\x70\x74\x5f\x6e\x6f\x74\x69\x66\x69\x65\x72\x73\0\x62\x74\x72\x61\x63\
\x65\x5f\x73\x65\x71\0\x70\x6f\x6c\x69\x63\x79\0\x6e\x72\x5f\x63\x70\x75\x73\
\x5f\x61\x6c\x6c\x6f\x77\x65\x64\0\x63\x70\x75\x73\x5f\x70\x74\x72\0\x75\x73\
\x65\x72\x5f\x63\x70\x75\x73\x5f\x70\x74\x72\0\x63\x70\x75\x73\x5f\x6d\x61\x73\
\x6b\0\x6d\x69\x67\x72\x61\x74\x69\x6f\x6e\x5f\x70\x65\x6e\x64\x69\x6e\x67\0\
\x6d\x69\x67\x72\x61\x74\x69\x6f\x6e\x5f\x64\x69\x73\x61\x62\x6c\x65\x64\0\x6d\
\x69\x67\x72\x61\x74\x69\x6f\x6e\x5f\x66\x6c\x61\x67\x73\0\x72\x63\x75\x5f\x72\
\x65\x61\x64\x5f\x6c\x6f\x63\x6b\x5f\x6e\x65\x73\x74\x69\x6e\x67\0\x72\x63\x75\
\x5f\x72\x65\x61\x64\x5f\x75\x6e\x6c\x6f\x63\x6b\x5f\x73\x70\x65\x63\x69\x61\
\x6c\0\x72\x63\x75\x5f\x6e\x6f\x64\x65\x5f\x65\x6e\x74\x72\x79\0\x72\x63\x75\
\x5f\x62\x6c\x6f\x63\x6b\x65\x64\x5f\x6e\x6f\x64\x65\0\x72\x63\x75\x5f\x74\x61\
\x73\x6b\x73\x5f\x6e\x76\x63\x73\x77\0\x72\x63\x75\x5f\x74\x61\x73\x6b\x73\x5f\
\x68\x6f\x6c\x64\x6f\x75\x74\0\x72\x63\x75\x5f\x74\x61\x73\x6b\x73\x5f\x69\x64\
\x78\0\x72\x63\x75\x5f\x74\x61\x73\x6b\x73\x5f\x69\x64\x6c\x65\x5f\x63\x70\x75\
\0\x72\x63\x75\x5f\x74\x61\x73\x6b\x73\x5f\x68\x6f\x6c\x64\x6f\x75\x74\x5f\x6c\
\x69\x73\x74\0\x74\x72\x63\x5f\x72\x65\x61\x64\x65\x72\x5f\x6e\x65\x73\x74\x69\
\x6e\x67\0\x74\x72\x63\x5f\x69\x70\x69\x5f\x74\x6f\x5f\x63\x70\x75\0\x74\x72\
\x63\x5f\x72\x65\x61\x64\x65\x72\x5f\x73\x70\x65\x63\x69\x61\x6c\0\x74\x72\x63\
\x5f\x72\x65\x61\x64\x65\x72\x5f\x63\x68\x65\x63\x6b\x65\x64\0\x74\x72\x63\x5f\
\x68\x6f\x6c\x64\x6f\x75\x74\x5f\x6c\x69\x73\x74\0\x73\x63\x68\x65\x64\x5f\x69\
\x6e\x66\x6f\0\x74\x61\x73\x6b\x73\0\x70\x75\x73\x68\x61\x62\x6c\x65\x5f\x74\
\x61\x73\x6b\x73\0\x70\x75\x73\x68\x61\x62\x6c\x65\x5f\x64\x6c\x5f\x74\x61\x73\
\x6b\x73\0\x6d\x6d\0\x61\x63\x74\x69\x76\x65\x5f\x6d\x6d\0\x76\x6d\x61\x63\x61\
\x63\x68\x65\0\x72\x73\x73\x5f\x73\x74\x61\x74\0\x65\x78\x69\x74\x5f\x73\x74\
\x61\x74\x65\0\x65\x78\x69\x74\x5f\x63\x6f\x64\x65\0\x65\x78\x69\x74\x5f\x73\
\x69\x67\x6e\x61\x6c\0\x70\x64\x65\x61\x74\x68\x5f\x73\x69\x67\x6e\x61\x6c\0\
\x6a\x6f\x62\x63\x74\x6c\0\x70\x65\x72\x73\x6f\x6e\x61\x6c\x69\x74\x79\0\x73\
\x63\x68\x65\x64\x5f\x72\x65\x73\x65\x74\x5f\x6f\x6e\x5f\x66\x6f\x72\x6b\0\x73\
\x63\x68\x65\x64\x5f\x63\x6f\x6e\x74\x72\x69\x62\x75\x74\x65\x73\x5f\x74\x6f\
\x5f\x6c\x6f\x61\x64\0\x73\x63\x68\x65\x64\x5f\x6d\x69\x67\x72\x61\x74\x65\x64\
\0\x73\x63\x68\x65\x64\x5f\x70\x73\x69\x5f\x77\x61\x6b\x65\x5f\x72\x65\x71\x75\
\x65\x75\x65\0\x73\x63\x68\x65\x64\x5f\x72\x65\x6d\x6f\x74\x65\x5f\x77\x61\x6b\
\x65\x75\x70\0\x69\x6e\x5f\x65\x78\x65\x63\x76\x65\0\x69\x6e\x5f\x69\x6f\x77\
\x61\x69\x74\0\x72\x65\x73\x74\x6f\x72\x65\x5f\x73\x69\x67\x6d\x61\x73\x6b\0\
\x69\x6e\x5f\x6c\x72\x75\x5f\x66\x61\x75\x6c\x74\0\x6e\x6f\x5f\x63\x67\x72\x6f\
\x75\x70\x5f\x6d\x69\x67\x72\x61\x74\x69\x6f\x6e\0\x66\x72\x6f\x7a\x65\x6e\0\
\x75\x73\x65\x5f\x6d\x65\x6d\x64\x65\x6c\x61\x79\0\x69\x6e\x5f\x6d\x65\x6d\x73\
\x74\x61\x6c\x6c\0\x69\x6e\x5f\x65\x76\x65\x6e\x74\x66\x64\0\x61\x74\x6f\x6d\
\x69\x63\x5f\x66\x6c\x61\x67\x73\0\x72\x65\x73\x74\x61\x72\x74\x5f\x62\x6c\x6f\
\x63\x6b\0\x70\x69\x64\0\x74\x67\x69\x64\0\x73\x74\x61\x63\x6b\x5f\x63\x61\x6e\
\x61\x72\x79\0\x72\x65\x61\x6c\x5f\x70\x61\x72\x65\x6e\x74\0\x70\x61\x72\x65\
\x6e\x74\0\x63\x68\x69\x6c\x64\x72\x65\x6e\0\x73\x69\x62\x6c\x69\x6e\x67\0\x67\
\x72\x6f\x75\x70\x5f\x6c\x65\x61\x64\x65\x72\0\x70\x74\x72\x61\x63\x65\x64\0\
\x70\x74\x72\x61\x63\x65\x5f\x65\x6e\x74\x72\x79\0\x74\x68\x72\x65\x61\x64\x5f\
\x70\x69\x64\0\x70\x69\x64\x5f\x6c\x69\x6e\x6b\x73\0\x74\x68\x72\x65\x61\x64\
\x5f\x67\x72\x6f\x75\x70\0\x74\x68\x72\x65\x61\x64\x5f\x6e\x6f\x64\x65\0\x76\
\x66\x6f\x72\x6b\x5f\x64\x6f\x6e\x65\0\x73\x65\x74\x5f\x63\x68\x69\x6c\x64\x5f\
\x74\x69\x64\0\x63\x6c\x65\x61\x72\x5f\x63\x68\x69\x6c\x64\x5f\x74\x69\x64\0\
\x70\x66\x5f\x69\x6f\x5f\x77\x6f\x72\x6b\x65\x72\0\x75\x74\x69\x6d\x65\0\x73\
\x74\x69\x6d\x65\0\x67\x74\x69\x6d\x65\0\x70\x72\x65\x76\x5f\x63\x70\x75\x74\
\x69\x6d\x65\0\x6e\x76\x63\x73\x77\0\x6e\x69\x76\x63\x73\x77\0\x73\x74\x61\x72\
\x74\x5f\x74\x69\x6d\x65\0\x73\x74\x61\x72\x74\x5f\x62\x6f\x6f\x74\x74\x69\x6d\
\x65\0\x6d\x69\x6e\x5f\x66\x6c\x74\0\x6d\x61\x6a\x5f\x66\x6c\x74\0\x70\x6f\x73\
\x69\x78\x5f\x63\x70\x75\x74\x69\x6d\x65\x72\x73\0\x70\x6f\x73\x69\x78\x5f\x63\
\x70\x75\x74\x69\x6d\x65\x72\x73\x5f\x77\x6f\x72\x6b\0\x70\x74\x72\x61\x63\x65\
\x72\x5f\x63\x72\x65\x64\0\x72\x65\x61\x6c\x5f\x63\x72\x65\x64\0\x63\x72\x65\
\x64\0\x63\x61\x63\x68\x65\x64\x5f\x72\x65\x71\x75\x65\x73\x74\x65\x64\x5f\x6b\
\x65\x79\0\x63\x6f\x6d\x6d\0\x6e\x61\x6d\x65\x69\x64\x61\x74\x61\0\x73\x79\x73\
\x76\x73\x65\x6d\0\x73\x79\x73\x76\x73\x68\x6d\0\x6c\x61\x73\x74\x5f\x73\x77\
\x69\x74\x63\x68\x5f\x63\x6f\x75\x6e\x74\0\x6c\x61\x73\x74\x5f\x73\x77\x69\x74\
\x63\x68\x5f\x74\x69\x6d\x65\0\x66\x73\0\x66\x69\x6c\x65\x73\0\x6e\x73\x70\x72\
\x6f\x78\x79\0\x73\x69\x67\x6e\x61\x6c\0\x73\x69\x67\x68\x61\x6e\x64\0\x62\x6c\
\x6f\x63\x6b\x65\x64\0\x72\x65\x61\x6c\x5f\x62\x6c\x6f\x63\x6b\x65\x64\0\x73\
\x61\x76\x65\x64\x5f\x73\x69\x67\x6d\x61\x73\x6b\0\x70\x65\x6e\x64\x69\x6e\x67\
\0\x73\x61\x73\x5f\x73\x73\x5f\x73\x70\0\x73\x61\x73\x5f\x73\x73\x5f\x73\x69\
\x7a\x65\0\x73\x61\x73\x5f\x73\x73\x5f\x66\x6c\x61\x67\x73\0\x74\x61\x73\x6b\
\x5f\x77\x6f\x72\x6b\x73\0\x61\x75\x64\x69\x74\x5f\x63\x6f\x6e\x74\x65\x78\x74\
\0\x6c\x6f\x67\x69\x6e\x75\x69\x64\0\x73\x65\x73\x73\x69\x6f\x6e\x69\x64\0\x73\
\x65\x63\x63\x6f\x6d\x70\0\x73\x79\x73\x63\x61\x6c\x6c\x5f\x64\x69\x73\x70\x61\
\x74\x63\x68\0\x70\x61\x72\x65\x6e\x74\x5f\x65\x78\x65\x63\x5f\x69\x64\0\x73\
\x65\x6c\x66\x5f\x65\x78\x65\x63\x5f\x69\x64\0\x61\x6c\x6c\x6f\x63\x5f\x6c\x6f\
\x63\x6b\0\x70\x69\x5f\x6c\x6f\x63\x6b\0\x77\x61\x6b\x65\x5f\x71\0\x70\x69\x5f\
\x77\x61\x69\x74\x65\x72\x73\0\x70\x69\x5f\x74\x6f\x70\x5f\x74\x61\x73\x6b\0\
\x70\x69\x5f\x62\x6c\x6f\x63\x6b\x65\x64\x5f\x6f\x6e\0\x6a\x6f\x75\x72\x6e\x61\
\x6c\x5f\x69\x6e\x66\x6f\0\x62\x69\x6f\x5f\x6c\x69\x73\x74\0\x70\x6c\x75\x67\0\
\x72\x65\x63\x6c\x61\x69\x6d\x5f\x73\x74\x61\x74\x65\0\x62\x61\x63\x6b\x69\x6e\
\x67\x5f\x64\x65\x76\x5f\x69\x6e\x66\x6f\0\x69\x6f\x5f\x63\x6f\x6e\x74\x65\x78\
\x74\0\x63\x61\x70\x74\x75\x72\x65\x5f\x63\x6f\x6e\x74\x72\x6f\x6c\0\x70\x74\
\x72\x61\x63\x65\x5f\x6d\x65\x73\x73\x61\x67\x65\0\x6c\x61\x73\x74\x5f\x73\x69\
\x67\x69\x6e\x66\x6f\0\x69\x6f\x61\x63\0\x70\x73\x69\x5f\x66\x6c\x61\x67\x73\0\
\x61\x63\x63\x74\x5f\x72\x73\x73\x5f\x6d\x65\x6d\x31\0\x61\x63\x63\x74\x5f\x76\
\x6d\x5f\x6d\x65\x6d\x31\0\x61\x63\x63\x74\x5f\x74\x69\x6d\x65\x78\x70\x64\0\
\x6d\x65\x6d\x73\x5f\x61\x6c\x6c\x6f\x77\x65\x64\0\x6d\x65\x6d\x73\x5f\x61\x6c\
\x6c\x6f\x77\x65\x64\x5f\x73\x65\x71\0\x63\x70\x75\x73\x65\x74\x5f\x6d\x65\x6d\
\x5f\x73\x70\x72\x65\x61\x64\x5f\x72\x6f\x74\x6f\x72\0\x63\x70\x75\x73\x65\x74\
\x5f\x73\x6c\x61\x62\x5f\x73\x70\x72\x65\x61\x64\x5f\x72\x6f\x74\x6f\x72\0\x63\
\x67\x72\x6f\x75\x70\x73\0\x63\x67\x5f\x6c\x69\x73\x74\0\x72\x6f\x62\x75\x73\
\x74\x5f\x6c\x69\x73\x74\0\x63\x6f\x6d\x70\x61\x74\x5f\x72\x6f\x62\x75\x73\x74\
\x5f\x6c\x69\x73\x74\0\x70\x69\x5f\x73\x74\x61\x74\x65\x5f\x6c\x69\x73\x74\0\
\x70\x69\x5f\x73\x74\x61\x74\x65\x5f\x63\x61\x63\x68\x65\0\x66\x75\x74\x65\x78\
\x5f\x65\x78\x69\x74\x5f\x6d\x75\x74\x65\x78\0\x66\x75\x74\x65\x78\x5f\x73\x74\
\x61\x74\x65\0\x70\x65\x72\x66\x5f\x65\x76\x65\x6e\x74\x5f\x63\x74\x78\x70\0\
\x70\x65\x72\x66\x5f\x65\x76\x65\x6e\x74\x5f\x6d\x75\x74\x65\x78\0\x70\x65\x72\
\x66\x5f\x65\x76\x65\x6e\x74\x5f\x6c\x69\x73\x74\0\x72\x73\x65\x71\0\x72\x73\
\x65\x71\x5f\x73\x69\x67\0\x72\x73\x65\x71\x5f\x65\x76\x65\x6e\x74\x5f\x6d\x61\
\x73\x6b\0\x74\x6c\x62\x5f\x75\x62\x63\0\x73\x70\x6c\x69\x63\x65\x5f\x70\x69\
\x70\x65\0\x74\x61\x73\x6b\x5f\x66\x72\x61\x67\0\x6e\x72\x5f\x64\x69\x72\x74\
\x69\x65\x64\0\x6e\x72\x5f\x64\x69\x72\x74\x69\x65\x64\x5f\x70\x61\x75\x73\x65\
\0\x64\x69\x72\x74\x79\x5f\x70\x61\x75\x73\x65\x64\x5f\x77\x68\x65\x6e\0\x74\
\x69\x6d\x65\x72\x5f\x73\x6c\x61\x63\x6b\x5f\x6e\x73\0\x64\x65\x66\x61\x75\x6c\
\x74\x5f\x74\x69\x6d\x65\x72\x5f\x73\x6c\x61\x63\x6b\x5f\x6e\x73\0\x63\x75\x72\
\x72\x5f\x72\x65\x74\x5f\x73\x74\x61\x63\x6b\0\x63\x75\x72\x72\x5f\x72\x65\x74\
\x5f\x64\x65\x70\x74\x68\0\x72\x65\x74\x5f\x73\x74\x61\x63\x6b\0\x66\x74\x72\
\x61\x63\x65\x5f\x74\x69\x6d\x65\x73\x74\x61\x6d\x70\0\x74\x72\x61\x63\x65\x5f\
\x6f\x76\x65\x72\x72\x75\x6e\0\x74\x72\x61\x63\x69\x6e\x67\x5f\x67\x72\x61\x70\
\x68\x5f\x70\x61\x75\x73\x65\0\x74\x72\x61\x63\x65\0\x74\x72\x61\x63\x65\x5f\
\x72\x65\x63\x75\x72\x73\x69\x6f\x6e\0\x74\x68\x72\x6f\x74\x74\x6c\x65\x5f\x71\
\x75\x65\x75\x65\0\x75\x74\x61\x73\x6b\0\x6b\x6d\x61\x70\x5f\x63\x74\x72\x6c\0\
\x70\x61\x67\x65\x66\x61\x75\x6c\x74\x5f\x64\x69\x73\x61\x62\x6c\x65\x64\0\x6f\
\x6f\x6d\x5f\x72\x65\x61\x70\x65\x72\x5f\x6c\x69\x73\x74\0\x6f\x6f\x6d\x5f\x72\
\x65\x61\x70\x65\x72\x5f\x74\x69\x6d\x65\x72\0\x73\x74\x61\x63\x6b\x5f\x76\x6d\
\x5f\x61\x72\x65\x61\0\x73\x74\x61\x63\x6b\x5f\x72\x65\x66\x63\x6f\x75\x6e\x74\
\0\x73\x65\x63\x75\x72\x69\x74\x79\0\x62\x70\x66\x5f\x73\x74\x6f\x72\x61\x67\
\x65\0\x62\x70\x66\x5f\x63\x74\x78\0\x6d\x63\x65\x5f\x76\x61\x64\x64\x72\0\x6d\
\x63\x65\x5f\x6b\x66\x6c\x61\x67\x73\0\x6d\x63\x65\x5f\x61\x64\x64\x72\0\x6d\
\x63\x65\x5f\x72\x69\x70\x76\0\x6d\x63\x65\x5f\x77\x68\x6f\x6c\x65\x5f\x70\x61\
\x67\x65\0\x5f\x5f\x6d\x63\x65\x5f\x72\x65\x73\x65\x72\x76\x65\x64\0\x6d\x63\
\x65\x5f\x6b\x69\x6c\x6c\x5f\x6d\x65\0\x6d\x63\x65\x5f\x63\x6f\x75\x6e\x74\0\
\x6b\x72\x65\x74\x70\x72\x6f\x62\x65\x5f\x69\x6e\x73\x74\x61\x6e\x63\x65\x73\0\
\x6c\x31\x64\x5f\x66\x6c\x75\x73\x68\x5f\x6b\x69\x6c\x6c\0\x74\x68\x72\x65\x61\
\x64\0\x73\x79\x73\x63\x61\x6c\x6c\x5f\x77\x6f\x72\x6b\0\x73\x74\x61\x74\x75\
\x73\0\x6e\x72\x5f\x73\x79\x73\x63\x61\x6c\x6c\x73\0\x73\x79\x73\x5f\x63\x61\
\x6c\x6c\x5f\x74\x61\x62\x6c\x65\0\x69\x61\x33\x32\x5f\x6e\x72\x5f\x73\x79\x73\
\x63\x61\x6c\x6c\x73\0\x69\x61\x33\x32\x5f\x73\x79\x73\x5f\x63\x61\x6c\x6c\x5f\
\x74\x61\x62\x6c\x65\0\x75\x6e\x73\x69\x67\x6e\x65\x64\x20\x6c\x6f\x6e\x67\0\
\x75\x33\x32\0\x5f\x5f\x75\x33\x32\0\x75\x6e\x73\x69\x67\x6e\x65\x64\x20\x69\
\x6e\x74\0\x74\x69\x5f\x73\x79\x73\x5f\x63\x61\x6c\x6c\x5f\x70\x74\x72\x5f\x74\
\0\x6c\x6f\x6e\x67\0\x70\x74\x5f\x72\x65\x67\x73\0\x72\x31\x35\0\x72\x31\x34\0\
\x72\x31\x33\0\x72\x31\x32\0\x62\x70\0\x62\x78\0\x72\x31\x31\0\x72\x31\x30\0\
\x72\x39\0\x72\x38\0\x61\x78\0\x63\x78\0\x64\x78\0\x73\x69\0\x64\x69\0\x6f\x72\
\x69\x67\x5f\x61\x78\0\x69\x70\0\x63\x73\0\x73\x70\0\x73\x73\0\x72\x65\x66\x63\
\x6f\x75\x6e\x74\x5f\x74\0\x72\x65\x66\x63\x6f\x75\x6e\x74\x5f\x73\x74\x72\x75\
\x63\x74\0\x72\x65\x66\x73\0\x61\x74\x6f\x6d\x69\x63\x5f\x74\0\x63\x6f\x75\x6e\
\x74\x65\x72\0\x5f\x5f\x63\x61\x6c\x6c\x5f\x73\x69\x6e\x67\x6c\x65\x5f\x6e\x6f\
\x64\x65\0\x6c\x6c\x69\x73\x74\0\x73\x72\x63\0\x64\x73\x74\0\x6c\x6c\x69\x73\
\x74\x5f\x6e\x6f\x64\x65\0\x6e\x65\x78\x74\0\x75\x5f\x66\x6c\x61\x67\x73\0\x61\
\x5f\x66\x6c\x61\x67\x73\0\x75\x31\x36\0\x5f\x5f\x75\x31\x36\0\x75\x6e\x73\x69\
\x67\x6e\x65\x64\x20\x73\x68\x6f\x72\x74\0\x73\x63\x68\x65\x64\x5f\x65\x6e\x74\
\x69\x74\x79\0\x6c\x6f\x61\x64\0\x72\x75\x6e\x5f\x6e\x6f\x64\x65\0\x67\x72\x6f\
\x75\x70\x5f\x6e\x6f\x64\x65\0\x65\x78\x65\x63\x5f\x73\x74\x61\x72\x74\0\x73\
\x75\x6d\x5f\x65\x78\x65\x63\x5f\x72\x75\x6e\x74\x69\x6d\x65\0\x76\x72\x75\x6e\
\x74\x69\x6d\x65\0\x70\x72\x65\x76\x5f\x73\x75\x6d\x5f\x65\x78\x65\x63\x5f\x72\
\x75\x6e\x74\x69\x6d\x65\0\x6e\x72\x5f\x6d\x69\x67\x72\x61\x74\x69\x6f\x6e\x73\
\0\x73\x74\x61\x74\x69\x73\x74\x69\x63\x73\0\x64\x65\x70\x74\x68\0\x63\x66\x73\
\x5f\x72\x71\0\x6d\x79\x5f\x71\0\x72\x75\x6e\x6e\x61\x62\x6c\x65\x5f\x77\x65\
\x69\x67\x68\x74\0\x61\x76\x67\0\x6c\x6f\x61\x64\x5f\x77\x65\x69\x67\x68\x74\0\
\x77\x65\x69\x67\x68\x74\0\x69\x6e\x76\x5f\x77\x65\x69\x67\x68\x74\0\x72\x62\
\x5f\x6e\x6f\x64\x65\0\x5f\x5f\x72\x62\x5f\x70\x61\x72\x65\x6e\x74\x5f\x63\x6f\
\x6c\x6f\x72\0\x72\x62\x5f\x72\x69\x67\x68\x74\0\x72\x62\x5f\x6c\x65\x66\x74\0\
\x6c\x69\x73\x74\x5f\x68\x65\x61\x64\0\x70\x72\x65\x76\0\x75\x36\x34\0\x5f\x5f\
\x75\x36\x34\0\x73\x63\x68\x65\x64\x5f\x73\x74\x61\x74\x69\x73\x74\x69\x63\x73\
\0\x77\x61\x69\x74\x5f\x73\x74\x61\x72\x74\0\x77\x61\x69\x74\x5f\x6d\x61\x78\0\
\x77\x61\x69\x74\x5f\x63\x6f\x75\x6e\x74\0\x77\x61\x69\x74\x5f\x73\x75\x6d\0\
\x69\x6f\x77\x61\x69\x74\x5f\x63\x6f\x75\x6e\x74\0\x69\x6f\x77\x61\x69\x74\x5f\
\x73\x75\x6d\0\x73\x6c\x65\x65\x70\x5f\x73\x74\x61\x72\x74\0\x73\x6c\x65\x65\
\x70\x5f\x6d\x61\x78\0\x73\x75\x6d\x5f\x73\x6c\x65\x65\x70\x5f\x72\x75\x6e\x74\
\x69\x6d\x65\0\x62\x6c\x6f\x63\x6b\x5f\x73\x74\x61\x72\x74\0\x62\x6c\x6f\x63\
\x6b\x5f\x6d\x61\x78\0\x65\x78\x65\x63\x5f\x6d\x61\x78\0\x73\x6c\x69\x63\x65\
\x5f\x6d\x61\x78\0\x6e\x72\x5f\x6d\x69\x67\x72\x61\x74\x69\x6f\x6e\x73\x5f\x63\
\x6f\x6c\x64\0\x6e\x72\x5f\x66\x61\x69\x6c\x65\x64\x5f\x6d\x69\x67\x72\x61\x74\
\x69\x6f\x6e\x73\x5f\x61\x66\x66\x69\x6e\x65\0\x6e\x72\x5f\x66\x61\x69\x6c\x65\
\x64\x5f\x6d\x69\x67\x72\x61\x74\x69\x6f\x6e\x73\x5f\x72\x75\x6e\x6e\x69\x6e\
\x67\0\x6e\x72\x5f\x66\x61\x69\x6c\x65\x64\x5f\x6d\x69\x67\x72\x61\x74\x69\x6f\
\x6e\x73\x5f\x68\x6f\x74\0\x6e\x72\x5f\x66\x6f\x72\x63\x65\x64\x5f\x6d\x69\x67\
\x72\x61\x74\x69\x6f\x6e\x73\0\x6e\x72\x5f\x77\x61\x6b\x65\x75\x70\x73\0\x6e\
\x72\x5f\x77\x61\x6b\x65\x75\x70\x73\x5f\x73\x79\x6e\x63\0\x6e\x72\x5f\x77\x61\
\x6b\x65\x75\x70\x73\x5f\x6d\x69\x67\x72\x61\x74\x65\0\x6e\x72\x5f\x77\x61\x6b\
\x65\x75\x70\x73\x5f\x6c\x6f\x63\x61\x6c\0\x6e\x72\x5f\x77\x61\x6b\x65\x75\x70\
\x73\x5f\x72\x65\x6d\x6f\x74\x65\0\x6e\x72\x5f\x77\x61\x6b\x65\x75\x70\x73\x5f\
\x61\x66\x66\x69\x6e\x65\0\x6e\x72\x5f\x77\x61\x6b\x65\x75\x70\x73\x5f\x61\x66\
\x66\x69\x6e\x65\x5f\x61\x74\x74\x65\x6d\x70\x74\x73\0\x6e\x72\x5f\x77\x61\x6b\
\x65\x75\x70\x73\x5f\x70\x61\x73\x73\x69\x76\x65\0\x6e\x72\x5f\x77\x61\x6b\x65\
\x75\x70\x73\x5f\x69\x64\x6c\x65\0\x73\x36\x34\0\x5f\x5f\x73\x36\x34\0\x6c\x6f\
\x6e\x67\x20\x6c\x6f\x6e\x67\0\x6e\x72\x5f\x72\x75\x6e\x6e\x69\x6e\x67\0\x68\
\x5f\x6e\x72\x5f\x72\x75\x6e\x6e\x69\x6e\x67\0\x69\x64\x6c\x65\x5f\x68\x5f\x6e\
\x72\x5f\x72\x75\x6e\x6e\x69\x6e\x67\0\x65\x78\x65\x63\x5f\x63\x6c\x6f\x63\x6b\
\0\x6d\x69\x6e\x5f\x76\x72\x75\x6e\x74\x69\x6d\x65\0\x66\x6f\x72\x63\x65\x69\
\x64\x6c\x65\x5f\x73\x65\x71\0\x6d\x69\x6e\x5f\x76\x72\x75\x6e\x74\x69\x6d\x65\
\x5f\x66\x69\0\x74\x61\x73\x6b\x73\x5f\x74\x69\x6d\x65\x6c\x69\x6e\x65\0\x63\
\x75\x72\x72\0\x6c\x61\x73\x74\0\x73\x6b\x69\x70\0\x6e\x72\x5f\x73\x70\x72\x65\
\x61\x64\x5f\x6f\x76\x65\x72\0\x72\x65\x6d\x6f\x76\x65\x64\0\x74\x67\x5f\x6c\
\x6f\x61\x64\x5f\x61\x76\x67\x5f\x63\x6f\x6e\x74\x72\x69\x62\0\x70\x72\x6f\x70\
\x61\x67\x61\x74\x65\0\x70\x72\x6f\x70\x5f\x72\x75\x6e\x6e\x61\x62\x6c\x65\x5f\
\x73\x75\x6d\0\x68\x5f\x6c\x6f\x61\x64\0\x6c\x61\x73\x74\x5f\x68\x5f\x6c\x6f\
\x61\x64\x5f\x75\x70\x64\x61\x74\x65\0\x68\x5f\x6c\x6f\x61\x64\x5f\x6e\x65\x78\
\x74\0\x72\x71\0\x6f\x6e\x5f\x6c\x69\x73\x74\0\x6c\x65\x61\x66\x5f\x63\x66\x73\
\x5f\x72\x71\x5f\x6c\x69\x73\x74\0\x74\x67\0\x69\x64\x6c\x65\0\x72\x75\x6e\x74\
\x69\x6d\x65\x5f\x65\x6e\x61\x62\x6c\x65\x64\0\x72\x75\x6e\x74\x69\x6d\x65\x5f\
\x72\x65\x6d\x61\x69\x6e\x69\x6e\x67\0\x74\x68\x72\x6f\x74\x74\x6c\x65\x64\x5f\
\x63\x6c\x6f\x63\x6b\0\x74\x68\x72\x6f\x74\x74\x6c\x65\x64\x5f\x63\x6c\x6f\x63\
\x6b\x5f\x70\x65\x6c\x74\0\x74\x68\x72\x6f\x74\x74\x6c\x65\x64\x5f\x63\x6c\x6f\
\x63\x6b\x5f\x70\x65\x6c\x74\x5f\x74\x69\x6d\x65\0\x74\x68\x72\x6f\x74\x74\x6c\
\x65\x64\0\x74\x68\x72\x6f\x74\x74\x6c\x65\x5f\x63\x6f\x75\x6e\x74\0\x74\x68\
\x72\x6f\x74\x74\x6c\x65\x64\x5f\x6c\x69\x73\x74\0\x72\x62\x5f\x72\x6f\x6f\x74\
\x5f\x63\x61\x63\x68\x65\x64\0\x72\x62\x5f\x72\x6f\x6f\x74\0\x72\x62\x5f\x6c\
\x65\x66\x74\x6d\x6f\x73\x74\0\x73\x63\x68\x65\x64\x5f\x61\x76\x67\0\x6c\x61\
\x73\x74\x5f\x75\x70\x64\x61\x74\x65\x5f\x74\x69\x6d\x65\0\x6c\x6f\x61\x64\x5f\
\x73\x75\x6d\0\x72\x75\x6e\x6e\x61\x62\x6c\x65\x5f\x73\x75\x6d\0\x75\x74\x69\
\x6c\x5f\x73\x75\x6d\0\x70\x65\x72\x69\x6f\x64\x5f\x63\x6f\x6e\x74\x72\x69\x62\
\0\x6c\x6f\x61\x64\x5f\x61\x76\x67\0\x72\x75\x6e\x6e\x61\x62\x6c\x65\x5f\x61\
\x76\x67\0\x75\x74\x69\x6c\x5f\x61\x76\x67\0\x75\x74\x69\x6c\x5f\x65\x73\x74\0\
\x65\x6e\x71\x75\x65\x75\x65\x64\0\x65\x77\x6d\x61\0\x6c\x6f\x63\x6b\0\x6e\x72\
\0\x72\x61\x77\x5f\x73\x70\x69\x6e\x6c\x6f\x63\x6b\x5f\x74\0\x72\x61\x77\x5f\
\x73\x70\x69\x6e\x6c\x6f\x63\x6b\0\x72\x61\x77\x5f\x6c\x6f\x63\x6b\0\x61\x72\
\x63\x68\x5f\x73\x70\x69\x6e\x6c\x6f\x63\x6b\x5f\x74\0\x71\x73\x70\x69\x6e\x6c\
\x6f\x63\x6b\0\x76\x61\x6c\0\x6c\x6f\x63\x6b\x65\x64\0\x75\x38\0\x5f\x5f\x75\
\x38\0\x75\x6e\x73\x69\x67\x6e\x65\x64\x20\x63\x68\x61\x72\0\x6c\x6f\x63\x6b\
\x65\x64\x5f\x70\x65\x6e\x64\x69\x6e\x67\0\x74\x61\x69\x6c\0\x73\x63\x68\x65\
\x64\x5f\x72\x74\x5f\x65\x6e\x74\x69\x74\x79\0\x72\x75\x6e\x5f\x6c\x69\x73\x74\
\0\x74\x69\x6d\x65\x6f\x75\x74\0\x77\x61\x74\x63\x68\x64\x6f\x67\x5f\x73\x74\
\x61\x6d\x70\0\x74\x69\x6d\x65\x5f\x73\x6c\x69\x63\x65\0\x62\x61\x63\x6b\0\x73\
\x63\x68\x65\x64\x5f\x64\x6c\x5f\x65\x6e\x74\x69\x74\x79\0\x64\x6c\x5f\x72\x75\
\x6e\x74\x69\x6d\x65\0\x64\x6c\x5f\x64\x65\x61\x64\x6c\x69\x6e\x65\0\x64\x6c\
\x5f\x70\x65\x72\x69\x6f\x64\0\x64\x6c\x5f\x62\x77\0\x64\x6c\x5f\x64\x65\x6e\
\x73\x69\x74\x79\0\x72\x75\x6e\x74\x69\x6d\x65\0\x64\x65\x61\x64\x6c\x69\x6e\
\x65\0\x64\x6c\x5f\x74\x68\x72\x6f\x74\x74\x6c\x65\x64\0\x64\x6c\x5f\x79\x69\
\x65\x6c\x64\x65\x64\0\x64\x6c\x5f\x6e\x6f\x6e\x5f\x63\x6f\x6e\x74\x65\x6e\x64\
\x69\x6e\x67\0\x64\x6c\x5f\x6f\x76\x65\x72\x72\x75\x6e\0\x64\x6c\x5f\x74\x69\
\x6d\x65\x72\0\x69\x6e\x61\x63\x74\x69\x76\x65\x5f\x74\x69\x6d\x65\x72\0\x70\
\x69\x5f\x73\x65\0\x68\x72\x74\x69\x6d\x65\x72\0\x6e\x6f\x64\x65\0\x5f\x73\x6f\
\x66\x74\x65\x78\x70\x69\x72\x65\x73\0\x66\x75\x6e\x63\x74\x69\x6f\x6e\0\x62\
\x61\x73\x65\0\x73\x74\x61\x74\x65\0\x69\x73\x5f\x72\x65\x6c\0\x69\x73\x5f\x73\
\x6f\x66\x74\0\x69\x73\x5f\x68\x61\x72\x64\0\x74\x69\x6d\x65\x72\x71\x75\x65\
\x75\x65\x5f\x6e\x6f\x64\x65\0\x65\x78\x70\x69\x72\x65\x73\0\x6b\x74\x69\x6d\
\x65\x5f\x74\0\x68\x72\x74\x69\x6d\x65\x72\x5f\x72\x65\x73\x74\x61\x72\x74\0\
\x48\x52\x54\x49\x4d\x45\x52\x5f\x4e\x4f\x52\x45\x53\x54\x41\x52\x54\0\x48\x52\
\x54\x49\x4d\x45\x52\x5f\x52\x45\x53\x54\x41\x52\x54\0\x74\x61\x73\x6b\x5f\x67\
\x72\x6f\x75\x70\0\x63\x73\x73\0\x73\x68\x61\x72\x65\x73\0\x72\x63\x75\0\x6c\
\x69\x73\x74\0\x73\x69\x62\x6c\x69\x6e\x67\x73\0\x63\x66\x73\x5f\x62\x61\x6e\
\x64\x77\x69\x64\x74\x68\0\x63\x67\x72\x6f\x75\x70\x5f\x73\x75\x62\x73\x79\x73\
\x5f\x73\x74\x61\x74\x65\0\x63\x67\x72\x6f\x75\x70\0\x72\x65\x66\x63\x6e\x74\0\
\x72\x73\x74\x61\x74\x5f\x63\x73\x73\x5f\x6e\x6f\x64\x65\0\x69\x64\0\x73\x65\
\x72\x69\x61\x6c\x5f\x6e\x72\0\x6f\x6e\x6c\x69\x6e\x65\x5f\x63\x6e\x74\0\x64\
\x65\x73\x74\x72\x6f\x79\x5f\x77\x6f\x72\x6b\0\x64\x65\x73\x74\x72\x6f\x79\x5f\
\x72\x77\x6f\x72\x6b\0\x70\x65\x72\x63\x70\x75\x5f\x72\x65\x66\0\x70\x65\x72\
\x63\x70\x75\x5f\x63\x6f\x75\x6e\x74\x5f\x70\x74\x72\0\x64\x61\x74\x61\0\x77\
\x6f\x72\x6b\x5f\x73\x74\x72\x75\x63\x74\0\x65\x6e\x74\x72\x79\0\x66\x75\x6e\
\x63\0\x61\x74\x6f\x6d\x69\x63\x5f\x6c\x6f\x6e\x67\x5f\x74\0\x61\x74\x6f\x6d\
\x69\x63\x36\x34\x5f\x74\0\x77\x6f\x72\x6b\x5f\x66\x75\x6e\x63\x5f\x74\0\x72\
\x63\x75\x5f\x77\x6f\x72\x6b\0\x77\x6f\x72\x6b\0\x77\x71\0\x63\x61\x6c\x6c\x62\
\x61\x63\x6b\x5f\x68\x65\x61\x64\0\x70\x65\x72\x69\x6f\x64\0\x71\x75\x6f\x74\
\x61\0\x62\x75\x72\x73\x74\0\x68\x69\x65\x72\x61\x72\x63\x68\x69\x63\x61\x6c\
\x5f\x71\x75\x6f\x74\x61\0\x70\x65\x72\x69\x6f\x64\x5f\x61\x63\x74\x69\x76\x65\
\0\x73\x6c\x61\x63\x6b\x5f\x73\x74\x61\x72\x74\x65\x64\0\x70\x65\x72\x69\x6f\
\x64\x5f\x74\x69\x6d\x65\x72\0\x73\x6c\x61\x63\x6b\x5f\x74\x69\x6d\x65\x72\0\
\x74\x68\x72\x6f\x74\x74\x6c\x65\x64\x5f\x63\x66\x73\x5f\x72\x71\0\x6e\x72\x5f\
\x70\x65\x72\x69\x6f\x64\x73\0\x6e\x72\x5f\x74\x68\x72\x6f\x74\x74\x6c\x65\x64\
\0\x74\x68\x72\x6f\x74\x74\x6c\x65\x64\x5f\x74\x69\x6d\x65\0\x68\x6c\x69\x73\
\x74\x5f\x68\x65\x61\x64\0\x66\x69\x72\x73\x74\0\x63\x70\x75\x6d\x61\x73\x6b\
\x5f\x74\0\x63\x70\x75\x6d\x61\x73\x6b\0\x62\x69\x74\x73\0\x72\x63\x75\x5f\x73\
\x70\x65\x63\x69\x61\x6c\0\x62\0\x73\0\x6e\x65\x65\x64\x5f\x71\x73\0\x65\x78\
\x70\x5f\x68\x69\x6e\x74\0\x6e\x65\x65\x64\x5f\x6d\x62\0\x62\x6f\x6f\x6c\0\x5f\
\x42\x6f\x6f\x6c\0\x70\x63\x6f\x75\x6e\x74\0\x72\x75\x6e\x5f\x64\x65\x6c\x61\
\x79\0\x6c\x61\x73\x74\x5f\x61\x72\x72\x69\x76\x61\x6c\0\x6c\x61\x73\x74\x5f\
\x71\x75\x65\x75\x65\x64\0\x70\x6c\x69\x73\x74\x5f\x6e\x6f\x64\x65\0\x70\x72\
\x69\x6f\x5f\x6c\x69\x73\x74\0\x6e\x6f\x64\x65\x5f\x6c\x69\x73\x74\0\x6d\x6d\
\x5f\x73\x74\x72\x75\x63\x74\0\x63\x70\x75\x5f\x62\x69\x74\x6d\x61\x70\0\x6d\
\x6d\x61\x70\0\x6d\x6d\x5f\x72\x62\0\x76\x6d\x61\x63\x61\x63\x68\x65\x5f\x73\
\x65\x71\x6e\x75\x6d\0\x67\x65\x74\x5f\x75\x6e\x6d\x61\x70\x70\x65\x64\x5f\x61\
\x72\x65\x61\0\x6d\x6d\x61\x70\x5f\x62\x61\x73\x65\0\x6d\x6d\x61\x70\x5f\x6c\
\x65\x67\x61\x63\x79\x5f\x62\x61\x73\x65\0\x6d\x6d\x61\x70\x5f\x63\x6f\x6d\x70\
\x61\x74\x5f\x62\x61\x73\x65\0\x6d\x6d\x61\x70\x5f\x63\x6f\x6d\x70\x61\x74\x5f\
\x6c\x65\x67\x61\x63\x79\x5f\x62\x61\x73\x65\0\x74\x61\x73\x6b\x5f\x73\x69\x7a\
\x65\0\x68\x69\x67\x68\x65\x73\x74\x5f\x76\x6d\x5f\x65\x6e\x64\0\x70\x67\x64\0\
\x6d\x65\x6d\x62\x61\x72\x72\x69\x65\x72\x5f\x73\x74\x61\x74\x65\0\x6d\x6d\x5f\
\x75\x73\x65\x72\x73\0\x6d\x6d\x5f\x63\x6f\x75\x6e\x74\0\x70\x67\x74\x61\x62\
\x6c\x65\x73\x5f\x62\x79\x74\x65\x73\0\x6d\x61\x70\x5f\x63\x6f\x75\x6e\x74\0\
\x70\x61\x67\x65\x5f\x74\x61\x62\x6c\x65\x5f\x6c\x6f\x63\x6b\0\x6d\x6d\x61\x70\
\x5f\x6c\x6f\x63\x6b\0\x6d\x6d\x6c\x69\x73\x74\0\x68\x69\x77\x61\x74\x65\x72\
\x5f\x72\x73\x73\0\x68\x69\x77\x61\x74\x65\x72\x5f\x76\x6d\0\x74\x6f\x74\x61\
\x6c\x5f\x76\x6d\0\x6c\x6f\x63\x6b\x65\x64\x5f\x76\x6d\0\x70\x69\x6e\x6e\x65\
\x64\x5f\x76\x6d\0\x64\x61\x74\x61\x5f\x76\x6d\0\x65\x78\x65\x63\x5f\x76\x6d\0\
\x73\x74\x61\x63\x6b\x5f\x76\x6d\0\x64\x65\x66\x5f\x66\x6c\x61\x67\x73\0\x77\
\x72\x69\x74\x65\x5f\x70\x72\x6f\x74\x65\x63\x74\x5f\x73\x65\x71\0\x61\x72\x67\
\x5f\x6c\x6f\x63\x6b\0\x73\x74\x61\x72\x74\x5f\x63\x6f\x64\x65\0\x65\x6e\x64\
\x5f\x63\x6f\x64\x65\0\x73\x74\x61\x72\x74\x5f\x64\x61\x74\x61\0\x65\x6e\x64\
\x5f\x64\x61\x74\x61\0\x73\x74\x61\x72\x74\x5f\x62\x72\x6b\0\x62\x72\x6b\0\x73\
\x74\x61\x72\x74\x5f\x73\x74\x61\x63\x6b\0\x61\x72\x67\x5f\x73\x74\x61\x72\x74\
\0\x61\x72\x67\x5f\x65\x6e\x64\0\x65\x6e\x76\x5f\x73\x74\x61\x72\x74\0\x65\x6e\
\x76\x5f\x65\x6e\x64\0\x73\x61\x76\x65\x64\x5f\x61\x75\x78\x76\0\x62\x69\x6e\
\x66\x6d\x74\0\x63\x6f\x6e\x74\x65\x78\x74\0\x63\x6f\x72\x65\x5f\x73\x74\x61\
\x74\x65\0\x69\x6f\x63\x74\x78\x5f\x6c\x6f\x63\x6b\0\x69\x6f\x63\x74\x78\x5f\
\x74\x61\x62\x6c\x65\0\x75\x73\x65\x72\x5f\x6e\x73\0\x65\x78\x65\x5f\x66\x69\
\x6c\x65\0\x6e\x6f\x74\x69\x66\x69\x65\x72\x5f\x73\x75\x62\x73\x63\x72\x69\x70\
\x74\x69\x6f\x6e\x73\0\x74\x6c\x62\x5f\x66\x6c\x75\x73\x68\x5f\x70\x65\x6e\x64\
\x69\x6e\x67\0\x74\x6c\x62\x5f\x66\x6c\x75\x73\x68\x5f\x62\x61\x74\x63\x68\x65\
\x64\0\x75\x70\x72\x6f\x62\x65\x73\x5f\x73\x74\x61\x74\x65\0\x61\x73\x79\x6e\
\x63\x5f\x70\x75\x74\x5f\x77\x6f\x72\x6b\0\x70\x61\x73\x69\x64\0\x6c\x72\x75\
\x5f\x67\x65\x6e\0\x66\x69\x6c\x65\0\x66\x5f\x75\0\x66\x5f\x70\x61\x74\x68\0\
\x66\x5f\x69\x6e\x6f\x64\x65\0\x66\x5f\x6f\x70\0\x66\x5f\x6c\x6f\x63\x6b\0\x66\
\x5f\x77\x72\x69\x74\x65\x5f\x68\x69\x6e\x74\0\x66\x5f\x63\x6f\x75\x6e\x74\0\
\x66\x5f\x66\x6c\x61\x67\x73\0\x66\x5f\x6d\x6f\x64\x65\0\x66\x5f\x70\x6f\x73\
\x5f\x6c\x6f\x63\x6b\0\x66\x5f\x70\x6f\x73\0\x66\x5f\x6f\x77\x6e\x65\x72\0\x66\
\x5f\x63\x72\x65\x64\0\x66\x5f\x72\x61\0\x66\x5f\x76\x65\x72\x73\x69\x6f\x6e\0\
\x66\x5f\x73\x65\x63\x75\x72\x69\x74\x79\0\x70\x72\x69\x76\x61\x74\x65\x5f\x64\
\x61\x74\x61\0\x66\x5f\x65\x70\0\x66\x5f\x6d\x61\x70\x70\x69\x6e\x67\0\x66\x5f\
\x77\x62\x5f\x65\x72\x72\0\x66\x5f\x73\x62\x5f\x65\x72\x72\0\x66\x75\x5f\x6c\
\x6c\x69\x73\x74\0\x66\x75\x5f\x72\x63\x75\x68\x65\x61\x64\0\x70\x61\x74\x68\0\
\x6d\x6e\x74\0\x64\x65\x6e\x74\x72\x79\0\x6c\x69\x6e\x6b\x5f\x63\x6f\x75\x6e\
\x74\0\x73\x70\x69\x6e\x6c\x6f\x63\x6b\x5f\x74\0\x73\x70\x69\x6e\x6c\x6f\x63\
\x6b\0\x72\x6c\x6f\x63\x6b\0\x72\x77\x5f\x68\x69\x6e\x74\0\x57\x52\x49\x54\x45\
\x5f\x4c\x49\x46\x45\x5f\x4e\x4f\x54\x5f\x53\x45\x54\0\x57\x52\x49\x54\x45\x5f\
\x4c\x49\x46\x45\x5f\x4e\x4f\x4e\x45\0\x57\x52\x49\x54\x45\x5f\x4c\x49\x46\x45\
\x5f\x53\x48\x4f\x52\x54\0\x57\x52\x49\x54\x45\x5f\x4c\x49\x46\x45\x5f\x4d\x45\
\x44\x49\x55\x4d\0\x57\x52\x49\x54\x45\x5f\x4c\x49\x46\x45\x5f\x4c\x4f\x4e\x47\
\0\x57\x52\x49\x54\x45\x5f\x4c\x49\x46\x45\x5f\x45\x58\x54\x52\x45\x4d\x45\0\
\x66\x6d\x6f\x64\x65\x5f\x74\0\x6d\x75\x74\x65\x78\0\x6f\x77\x6e\x65\x72\0\x77\
\x61\x69\x74\x5f\x6c\x6f\x63\x6b\0\x6f\x73\x71\0\x77\x61\x69\x74\x5f\x6c\x69\
\x73\x74\0\x6f\x70\x74\x69\x6d\x69\x73\x74\x69\x63\x5f\x73\x70\x69\x6e\x5f\x71\
\x75\x65\x75\x65\0\x6c\x6f\x66\x66\x5f\x74\0\x5f\x5f\x6b\x65\x72\x6e\x65\x6c\
\x5f\x6c\x6f\x66\x66\x5f\x74\0\x66\x6f\x77\x6e\x5f\x73\x74\x72\x75\x63\x74\0\
\x70\x69\x64\x5f\x74\x79\x70\x65\0\x75\x69\x64\0\x65\x75\x69\x64\0\x73\x69\x67\
\x6e\x75\x6d\0\x72\x77\x6c\x6f\x63\x6b\x5f\x74\0\x61\x72\x63\x68\x5f\x72\x77\
\x6c\x6f\x63\x6b\x5f\x74\0\x71\x72\x77\x6c\x6f\x63\x6b\0\x63\x6e\x74\x73\0\x77\
\x6c\x6f\x63\x6b\x65\x64\0\x5f\x5f\x6c\x73\x74\x61\x74\x65\0\x50\x49\x44\x54\
\x59\x50\x45\x5f\x50\x49\x44\0\x50\x49\x44\x54\x59\x50\x45\x5f\x54\x47\x49\x44\
\0\x50\x49\x44\x54\x59\x50\x45\x5f\x50\x47\x49\x44\0\x50\x49\x44\x54\x59\x50\
\x45\x5f\x53\x49\x44\0\x50\x49\x44\x54\x59\x50\x45\x5f\x4d\x41\x58\0\x6b\x75\
\x69\x64\x5f\x74\0\x75\x69\x64\x5f\x74\0\x5f\x5f\x6b\x65\x72\x6e\x65\x6c\x5f\
\x75\x69\x64\x33\x32\x5f\x74\0\x66\x69\x6c\x65\x5f\x72\x61\x5f\x73\x74\x61\x74\
\x65\0\x73\x74\x61\x72\x74\0\x73\x69\x7a\x65\0\x61\x73\x79\x6e\x63\x5f\x73\x69\
\x7a\x65\0\x72\x61\x5f\x70\x61\x67\x65\x73\0\x6d\x6d\x61\x70\x5f\x6d\x69\x73\
\x73\0\x70\x72\x65\x76\x5f\x70\x6f\x73\0\x65\x72\x72\x73\x65\x71\x5f\x74\0\x70\
\x67\x64\x5f\x74\0\x70\x67\x64\x76\x61\x6c\x5f\x74\0\x72\x77\x5f\x73\x65\x6d\
\x61\x70\x68\x6f\x72\x65\0\x63\x6f\x75\x6e\x74\0\x73\x65\x71\x63\x6f\x75\x6e\
\x74\x5f\x74\0\x73\x65\x71\x63\x6f\x75\x6e\x74\0\x73\x65\x71\x75\x65\x6e\x63\
\x65\0\x6d\x6d\x5f\x72\x73\x73\x5f\x73\x74\x61\x74\0\x6d\x6d\x5f\x63\x6f\x6e\
\x74\x65\x78\x74\x5f\x74\0\x63\x74\x78\x5f\x69\x64\0\x74\x6c\x62\x5f\x67\x65\
\x6e\0\x6c\x64\x74\x5f\x75\x73\x72\x5f\x73\x65\x6d\0\x6c\x64\x74\0\x76\x64\x73\
\x6f\0\x76\x64\x73\x6f\x5f\x69\x6d\x61\x67\x65\0\x70\x65\x72\x66\x5f\x72\x64\
\x70\x6d\x63\x5f\x61\x6c\x6c\x6f\x77\x65\x64\0\x70\x6b\x65\x79\x5f\x61\x6c\x6c\
\x6f\x63\x61\x74\x69\x6f\x6e\x5f\x6d\x61\x70\0\x65\x78\x65\x63\x75\x74\x65\x5f\
\x6f\x6e\x6c\x79\x5f\x70\x6b\x65\x79\0\x73\x31\x36\0\x5f\x5f\x73\x31\x36\0\x73\
\x68\x6f\x72\x74\0\x78\x6f\x6c\x5f\x61\x72\x65\x61\0\x62\x69\x74\x6d\x61\x70\0\
\x73\x65\x71\x6e\x75\x6d\0\x76\x6d\x61\x73\0\x76\x6d\x5f\x61\x72\x65\x61\x5f\
\x73\x74\x72\x75\x63\x74\0\x76\x6d\x5f\x73\x74\x61\x72\x74\0\x76\x6d\x5f\x65\
\x6e\x64\0\x76\x6d\x5f\x6e\x65\x78\x74\0\x76\x6d\x5f\x70\x72\x65\x76\0\x76\x6d\
\x5f\x72\x62\0\x72\x62\x5f\x73\x75\x62\x74\x72\x65\x65\x5f\x67\x61\x70\0\x76\
\x6d\x5f\x6d\x6d\0\x76\x6d\x5f\x70\x61\x67\x65\x5f\x70\x72\x6f\x74\0\x76\x6d\
\x5f\x66\x6c\x61\x67\x73\0\x61\x6e\x6f\x6e\x5f\x76\x6d\x61\x5f\x63\x68\x61\x69\
\x6e\0\x61\x6e\x6f\x6e\x5f\x76\x6d\x61\0\x76\x6d\x5f\x6f\x70\x73\0\x76\x6d\x5f\
\x70\x67\x6f\x66\x66\0\x76\x6d\x5f\x66\x69\x6c\x65\0\x76\x6d\x5f\x70\x72\x69\
\x76\x61\x74\x65\x5f\x64\x61\x74\x61\0\x73\x77\x61\x70\x5f\x72\x65\x61\x64\x61\
\x68\x65\x61\x64\x5f\x69\x6e\x66\x6f\0\x76\x6d\x5f\x75\x73\x65\x72\x66\x61\x75\
\x6c\x74\x66\x64\x5f\x63\x74\x78\0\x70\x67\x70\x72\x6f\x74\x5f\x74\0\x70\x67\
\x70\x72\x6f\x74\0\x70\x67\x70\x72\x6f\x74\x76\x61\x6c\x5f\x74\0\x73\x68\x61\
\x72\x65\x64\0\x61\x6e\x6f\x6e\x5f\x6e\x61\x6d\x65\0\x72\x62\x5f\x73\x75\x62\
\x74\x72\x65\x65\x5f\x6c\x61\x73\x74\0\x63\x68\x61\x72\0\x74\x61\x73\x6b\x5f\
\x72\x73\x73\x5f\x73\x74\x61\x74\0\x65\x76\x65\x6e\x74\x73\0\x61\x72\x63\x68\
\x5f\x64\x61\x74\x61\0\x66\x6e\0\x66\x75\x74\x65\x78\0\x6e\x61\x6e\x6f\x73\x6c\
\x65\x65\x70\0\x70\x6f\x6c\x6c\0\x75\x61\x64\x64\x72\0\x62\x69\x74\x73\x65\x74\
\0\x74\x69\x6d\x65\0\x75\x61\x64\x64\x72\x32\0\x63\x6c\x6f\x63\x6b\x69\x64\0\
\x63\x6c\x6f\x63\x6b\x69\x64\x5f\x74\0\x5f\x5f\x6b\x65\x72\x6e\x65\x6c\x5f\x63\
\x6c\x6f\x63\x6b\x69\x64\x5f\x74\0\x74\x69\x6d\x65\x73\x70\x65\x63\x5f\x74\x79\
\x70\x65\0\x54\x54\x5f\x4e\x4f\x4e\x45\0\x54\x54\x5f\x4e\x41\x54\x49\x56\x45\0\
\x54\x54\x5f\x43\x4f\x4d\x50\x41\x54\0\x72\x6d\x74\x70\0\x63\x6f\x6d\x70\x61\
\x74\x5f\x72\x6d\x74\x70\0\x75\x66\x64\x73\0\x6e\x66\x64\x73\0\x68\x61\x73\x5f\
\x74\x69\x6d\x65\x6f\x75\x74\0\x74\x76\x5f\x73\x65\x63\0\x74\x76\x5f\x6e\x73\
\x65\x63\0\x70\x69\x64\x5f\x74\0\x5f\x5f\x6b\x65\x72\x6e\x65\x6c\x5f\x70\x69\
\x64\x5f\x74\0\x6c\x65\x76\x65\x6c\0\x69\x6e\x6f\x64\x65\x73\0\x77\x61\x69\x74\
\x5f\x70\x69\x64\x66\x64\0\x6e\x75\x6d\x62\x65\x72\x73\0\x77\x61\x69\x74\x5f\
\x71\x75\x65\x75\x65\x5f\x68\x65\x61\x64\x5f\x74\0\x77\x61\x69\x74\x5f\x71\x75\
\x65\x75\x65\x5f\x68\x65\x61\x64\0\x68\x65\x61\x64\0\x75\x70\x69\x64\0\x6e\x73\
\0\x68\x6c\x69\x73\x74\x5f\x6e\x6f\x64\x65\0\x70\x70\x72\x65\x76\0\x62\x61\x73\
\x65\x73\0\x74\x69\x6d\x65\x72\x73\x5f\x61\x63\x74\x69\x76\x65\0\x65\x78\x70\
\x69\x72\x79\x5f\x61\x63\x74\x69\x76\x65\0\x70\x6f\x73\x69\x78\x5f\x63\x70\x75\
\x74\x69\x6d\x65\x72\x5f\x62\x61\x73\x65\0\x6e\x65\x78\x74\x65\x76\x74\0\x74\
\x71\x68\x65\x61\x64\0\x74\x69\x6d\x65\x72\x71\x75\x65\x75\x65\x5f\x68\x65\x61\
\x64\0\x73\x63\x68\x65\x64\x75\x6c\x65\x64\0\x73\x75\x62\x73\x63\x72\x69\x62\
\x65\x72\x73\0\x70\x75\x74\x5f\x61\x64\x64\x72\0\x6d\x61\x67\x69\x63\0\x67\x69\
\x64\0\x73\x75\x69\x64\0\x73\x67\x69\x64\0\x65\x67\x69\x64\0\x66\x73\x75\x69\
\x64\0\x66\x73\x67\x69\x64\0\x73\x65\x63\x75\x72\x65\x62\x69\x74\x73\0\x63\x61\
\x70\x5f\x69\x6e\x68\x65\x72\x69\x74\x61\x62\x6c\x65\0\x63\x61\x70\x5f\x70\x65\
\x72\x6d\x69\x74\x74\x65\x64\0\x63\x61\x70\x5f\x65\x66\x66\x65\x63\x74\x69\x76\
\x65\0\x63\x61\x70\x5f\x62\x73\x65\x74\0\x63\x61\x70\x5f\x61\x6d\x62\x69\x65\
\x6e\x74\0\x6a\x69\x74\x5f\x6b\x65\x79\x72\x69\x6e\x67\0\x73\x65\x73\x73\x69\
\x6f\x6e\x5f\x6b\x65\x79\x72\x69\x6e\x67\0\x70\x72\x6f\x63\x65\x73\x73\x5f\x6b\
\x65\x79\x72\x69\x6e\x67\0\x74\x68\x72\x65\x61\x64\x5f\x6b\x65\x79\x72\x69\x6e\
\x67\0\x72\x65\x71\x75\x65\x73\x74\x5f\x6b\x65\x79\x5f\x61\x75\x74\x68\0\x75\
\x73\x65\x72\0\x75\x63\x6f\x75\x6e\x74\x73\0\x67\x72\x6f\x75\x70\x5f\x69\x6e\
\x66\x6f\0\x6b\x67\x69\x64\x5f\x74\0\x67\x69\x64\x5f\x74\0\x5f\x5f\x6b\x65\x72\
\x6e\x65\x6c\x5f\x67\x69\x64\x33\x32\x5f\x74\0\x6b\x65\x72\x6e\x65\x6c\x5f\x63\
\x61\x70\x5f\x74\0\x6b\x65\x72\x6e\x65\x6c\x5f\x63\x61\x70\x5f\x73\x74\x72\x75\
\x63\x74\0\x63\x61\x70\0\x6b\x65\x79\0\x73\x65\x72\x69\x61\x6c\0\x73\x65\x6d\0\
\x6c\x61\x73\x74\x5f\x75\x73\x65\x64\x5f\x61\x74\0\x70\x65\x72\x6d\0\x71\x75\
\x6f\x74\x61\x6c\x65\x6e\0\x64\x61\x74\x61\x6c\x65\x6e\0\x72\x65\x73\x74\x72\
\x69\x63\x74\x5f\x6c\x69\x6e\x6b\0\x6b\x65\x79\x5f\x73\x65\x72\x69\x61\x6c\x5f\
\x74\0\x69\x6e\x74\x33\x32\x5f\x74\0\x73\x33\x32\0\x5f\x5f\x73\x33\x32\0\x67\
\x72\x61\x76\x65\x79\x61\x72\x64\x5f\x6c\x69\x6e\x6b\0\x73\x65\x72\x69\x61\x6c\
\x5f\x6e\x6f\x64\x65\0\x65\x78\x70\x69\x72\x79\0\x72\x65\x76\x6f\x6b\x65\x64\
\x5f\x61\x74\0\x74\x69\x6d\x65\x36\x34\x5f\x74\0\x6b\x65\x79\x5f\x70\x65\x72\
\x6d\x5f\x74\0\x75\x69\x6e\x74\x33\x32\x5f\x74\0\x69\x6e\x64\x65\x78\x5f\x6b\
\x65\x79\0\x6b\x65\x79\x72\x69\x6e\x67\x5f\x69\x6e\x64\x65\x78\x5f\x6b\x65\x79\
\0\x68\x61\x73\x68\0\x64\x6f\x6d\x61\x69\x6e\x5f\x74\x61\x67\0\x64\x65\x73\x63\
\x72\x69\x70\x74\x69\x6f\x6e\0\x78\0\x64\x65\x73\x63\x5f\x6c\x65\x6e\0\x64\x65\
\x73\x63\0\x6c\x65\x6e\x5f\x64\x65\x73\x63\0\x6b\x65\x79\x5f\x74\x79\x70\x65\0\
\x6e\x61\x6d\x65\0\x64\x65\x66\x5f\x64\x61\x74\x61\x6c\x65\x6e\0\x76\x65\x74\
\x5f\x64\x65\x73\x63\x72\x69\x70\x74\x69\x6f\x6e\0\x70\x72\x65\x70\x61\x72\x73\
\x65\0\x66\x72\x65\x65\x5f\x70\x72\x65\x70\x61\x72\x73\x65\0\x69\x6e\x73\x74\
\x61\x6e\x74\x69\x61\x74\x65\0\x75\x70\x64\x61\x74\x65\0\x6d\x61\x74\x63\x68\
\x5f\x70\x72\x65\x70\x61\x72\x73\x65\0\x6d\x61\x74\x63\x68\x5f\x66\x72\x65\x65\
\0\x72\x65\x76\x6f\x6b\x65\0\x64\x65\x73\x74\x72\x6f\x79\0\x64\x65\x73\x63\x72\
\x69\x62\x65\0\x72\x65\x61\x64\0\x72\x65\x71\x75\x65\x73\x74\x5f\x6b\x65\x79\0\
\x6c\x6f\x6f\x6b\x75\x70\x5f\x72\x65\x73\x74\x72\x69\x63\x74\x69\x6f\x6e\0\x61\
\x73\x79\x6d\x5f\x71\x75\x65\x72\x79\0\x61\x73\x79\x6d\x5f\x65\x64\x73\x5f\x6f\
\x70\0\x61\x73\x79\x6d\x5f\x76\x65\x72\x69\x66\x79\x5f\x73\x69\x67\x6e\x61\x74\
\x75\x72\x65\0\x6c\x69\x6e\x6b\0\x6c\x6f\x63\x6b\x5f\x63\x6c\x61\x73\x73\0\x73\
\x69\x7a\x65\x5f\x74\0\x5f\x5f\x6b\x65\x72\x6e\x65\x6c\x5f\x73\x69\x7a\x65\x5f\
\x74\0\x5f\x5f\x6b\x65\x72\x6e\x65\x6c\x5f\x75\x6c\x6f\x6e\x67\x5f\x74\0\x6b\
\x65\x79\x5f\x70\x72\x65\x70\x61\x72\x73\x65\x64\x5f\x70\x61\x79\x6c\x6f\x61\
\x64\0\x6f\x72\x69\x67\x5f\x64\x65\x73\x63\x72\x69\x70\x74\x69\x6f\x6e\0\x70\
\x61\x79\x6c\x6f\x61\x64\0\x6b\x65\x79\x5f\x70\x61\x79\x6c\x6f\x61\x64\0\x72\
\x63\x75\x5f\x64\x61\x74\x61\x30\0\x6b\x65\x79\x5f\x6d\x61\x74\x63\x68\x5f\x64\
\x61\x74\x61\0\x63\x6d\x70\0\x72\x61\x77\x5f\x64\x61\x74\x61\0\x70\x72\x65\x70\
\x61\x72\x73\x65\x64\0\x6c\x6f\x6f\x6b\x75\x70\x5f\x74\x79\x70\x65\0\x73\x65\
\x71\x5f\x66\x69\x6c\x65\0\x62\x75\x66\0\x66\x72\x6f\x6d\0\x70\x61\x64\x5f\x75\
\x6e\x74\x69\x6c\0\x69\x6e\x64\x65\x78\0\x72\x65\x61\x64\x5f\x70\x6f\x73\0\x6f\
\x70\0\x70\x6f\x6c\x6c\x5f\x65\x76\x65\x6e\x74\0\x70\x72\x69\x76\x61\x74\x65\0\
\x72\x65\x71\x75\x65\x73\x74\x5f\x6b\x65\x79\x5f\x61\x63\x74\x6f\x72\x5f\x74\0\
\x6b\x65\x79\x5f\x72\x65\x73\x74\x72\x69\x63\x74\x69\x6f\x6e\0\x63\x68\x65\x63\
\x6b\0\x6b\x65\x79\x74\x79\x70\x65\0\x6b\x65\x79\x5f\x72\x65\x73\x74\x72\x69\
\x63\x74\x5f\x6c\x69\x6e\x6b\x5f\x66\x75\x6e\x63\x5f\x74\0\x6b\x65\x72\x6e\x65\
\x6c\x5f\x70\x6b\x65\x79\x5f\x70\x61\x72\x61\x6d\x73\0\x65\x6e\x63\x6f\x64\x69\
\x6e\x67\0\x68\x61\x73\x68\x5f\x61\x6c\x67\x6f\0\x69\x6e\x66\x6f\0\x69\x6e\x5f\
\x6c\x65\x6e\0\x6f\x75\x74\x5f\x6c\x65\x6e\0\x69\x6e\x32\x5f\x6c\x65\x6e\0\x6b\
\x65\x72\x6e\x65\x6c\x5f\x70\x6b\x65\x79\x5f\x6f\x70\x65\x72\x61\x74\x69\x6f\
\x6e\0\x6b\x65\x72\x6e\x65\x6c\x5f\x70\x6b\x65\x79\x5f\x65\x6e\x63\x72\x79\x70\
\x74\0\x6b\x65\x72\x6e\x65\x6c\x5f\x70\x6b\x65\x79\x5f\x64\x65\x63\x72\x79\x70\
\x74\0\x6b\x65\x72\x6e\x65\x6c\x5f\x70\x6b\x65\x79\x5f\x73\x69\x67\x6e\0\x6b\
\x65\x72\x6e\x65\x6c\x5f\x70\x6b\x65\x79\x5f\x76\x65\x72\x69\x66\x79\0\x6b\x65\
\x72\x6e\x65\x6c\x5f\x70\x6b\x65\x79\x5f\x71\x75\x65\x72\x79\0\x73\x75\x70\x70\
\x6f\x72\x74\x65\x64\x5f\x6f\x70\x73\0\x6b\x65\x79\x5f\x73\x69\x7a\x65\0\x6d\
\x61\x78\x5f\x64\x61\x74\x61\x5f\x73\x69\x7a\x65\0\x6d\x61\x78\x5f\x73\x69\x67\
\x5f\x73\x69\x7a\x65\0\x6d\x61\x78\x5f\x65\x6e\x63\x5f\x73\x69\x7a\x65\0\x6d\
\x61\x78\x5f\x64\x65\x63\x5f\x73\x69\x7a\x65\0\x6c\x6f\x63\x6b\x5f\x63\x6c\x61\
\x73\x73\x5f\x6b\x65\x79\0\x6b\x65\x79\x5f\x74\x61\x67\0\x6e\x61\x6d\x65\x5f\
\x6c\x69\x6e\x6b\0\x6b\x65\x79\x73\0\x61\x73\x73\x6f\x63\x5f\x61\x72\x72\x61\
\x79\0\x72\x6f\x6f\x74\0\x6e\x72\x5f\x6c\x65\x61\x76\x65\x73\x5f\x6f\x6e\x5f\
\x74\x72\x65\x65\0\x61\x73\x73\x6f\x63\x5f\x61\x72\x72\x61\x79\x5f\x70\x74\x72\
\0\x75\x73\x65\x72\x5f\x6e\x61\x6d\x65\x73\x70\x61\x63\x65\0\x75\x69\x64\x5f\
\x6d\x61\x70\0\x67\x69\x64\x5f\x6d\x61\x70\0\x70\x72\x6f\x6a\x69\x64\x5f\x6d\
\x61\x70\0\x67\x72\x6f\x75\x70\0\x70\x61\x72\x65\x6e\x74\x5f\x63\x6f\x75\x6c\
\x64\x5f\x73\x65\x74\x66\x63\x61\x70\0\x6b\x65\x79\x72\x69\x6e\x67\x5f\x6e\x61\
\x6d\x65\x5f\x6c\x69\x73\x74\0\x75\x73\x65\x72\x5f\x6b\x65\x79\x72\x69\x6e\x67\
\x5f\x72\x65\x67\x69\x73\x74\x65\x72\0\x6b\x65\x79\x72\x69\x6e\x67\x5f\x73\x65\
\x6d\0\x73\x65\x74\0\x73\x79\x73\x63\x74\x6c\x73\0\x75\x63\x6f\x75\x6e\x74\x5f\
\x6d\x61\x78\0\x75\x69\x64\x5f\x67\x69\x64\x5f\x6d\x61\x70\0\x6e\x72\x5f\x65\
\x78\x74\x65\x6e\x74\x73\0\x65\x78\x74\x65\x6e\x74\0\x75\x69\x64\x5f\x67\x69\
\x64\x5f\x65\x78\x74\x65\x6e\x74\0\x6c\x6f\x77\x65\x72\x5f\x66\x69\x72\x73\x74\
\0\x66\x6f\x72\x77\x61\x72\x64\0\x72\x65\x76\x65\x72\x73\x65\0\x6e\x73\x5f\x63\
\x6f\x6d\x6d\x6f\x6e\0\x73\x74\x61\x73\x68\x65\x64\0\x6f\x70\x73\0\x69\x6e\x75\
\x6d\0\x63\x74\x6c\x5f\x74\x61\x62\x6c\x65\x5f\x73\x65\x74\0\x69\x73\x5f\x73\
\x65\x65\x6e\0\x64\x69\x72\0\x63\x74\x6c\x5f\x64\x69\x72\0\x68\x65\x61\x64\x65\
\x72\0\x63\x74\x6c\x5f\x74\x61\x62\x6c\x65\x5f\x68\x65\x61\x64\x65\x72\0\x75\
\x6e\x72\x65\x67\x69\x73\x74\x65\x72\x69\x6e\x67\0\x63\x74\x6c\x5f\x74\x61\x62\
\x6c\x65\x5f\x61\x72\x67\0\x63\x74\x6c\x5f\x74\x61\x62\x6c\x65\0\x75\x73\x65\
\x64\0\x6e\x72\x65\x67\0\x63\x6f\x6d\x70\x6c\x65\x74\x69\x6f\x6e\0\x64\x6f\x6e\
\x65\0\x77\x61\x69\x74\0\x73\x77\x61\x69\x74\x5f\x71\x75\x65\x75\x65\x5f\x68\
\x65\x61\x64\0\x74\x61\x73\x6b\x5f\x6c\x69\x73\x74\0\x70\x72\x6f\x63\x6e\x61\
\x6d\x65\0\x6d\x61\x78\x6c\x65\x6e\0\x6d\x6f\x64\x65\0\x63\x68\x69\x6c\x64\0\
\x70\x72\x6f\x63\x5f\x68\x61\x6e\x64\x6c\x65\x72\0\x65\x78\x74\x72\x61\x31\0\
\x65\x78\x74\x72\x61\x32\0\x75\x6d\x6f\x64\x65\x5f\x74\0\x75\x63\x6f\x75\x6e\
\x74\0\x6e\x6f\x6e\x5f\x72\x63\x75\0\x73\x79\x73\x76\x5f\x73\x65\x6d\0\x75\x6e\
\x64\x6f\x5f\x6c\x69\x73\x74\0\x73\x79\x73\x76\x5f\x73\x68\x6d\0\x73\x68\x6d\
\x5f\x63\x6c\x69\x73\x74\0\x73\x69\x67\x73\x65\x74\x5f\x74\0\x73\x69\x67\0\x73\
\x69\x67\x70\x65\x6e\x64\x69\x6e\x67\0\x66\x69\x6c\x74\x65\x72\x5f\x63\x6f\x75\
\x6e\x74\0\x66\x69\x6c\x74\x65\x72\0\x73\x79\x73\x63\x61\x6c\x6c\x5f\x75\x73\
\x65\x72\x5f\x64\x69\x73\x70\x61\x74\x63\x68\0\x73\x65\x6c\x65\x63\x74\x6f\x72\
\0\x6f\x66\x66\x73\x65\x74\0\x6c\x65\x6e\0\x6f\x6e\x5f\x64\x69\x73\x70\x61\x74\
\x63\x68\0\x77\x61\x6b\x65\x5f\x71\x5f\x6e\x6f\x64\x65\0\x6b\x65\x72\x6e\x65\
\x6c\x5f\x73\x69\x67\x69\x6e\x66\x6f\x5f\x74\0\x74\x61\x73\x6b\x5f\x69\x6f\x5f\
\x61\x63\x63\x6f\x75\x6e\x74\x69\x6e\x67\0\x72\x63\x68\x61\x72\0\x77\x63\x68\
\x61\x72\0\x73\x79\x73\x63\x72\0\x73\x79\x73\x63\x77\0\x73\x79\x73\x63\x66\x73\
\0\x72\x65\x61\x64\x5f\x62\x79\x74\x65\x73\0\x77\x72\x69\x74\x65\x5f\x62\x79\
\x74\x65\x73\0\x63\x61\x6e\x63\x65\x6c\x6c\x65\x64\x5f\x77\x72\x69\x74\x65\x5f\
\x62\x79\x74\x65\x73\0\x6e\x6f\x64\x65\x6d\x61\x73\x6b\x5f\x74\0\x73\x65\x71\
\x63\x6f\x75\x6e\x74\x5f\x73\x70\x69\x6e\x6c\x6f\x63\x6b\x5f\x74\0\x73\x65\x71\
\x63\x6f\x75\x6e\x74\x5f\x73\x70\x69\x6e\x6c\x6f\x63\x6b\0\x70\x65\x72\x66\x5f\
\x65\x76\x65\x6e\x74\x5f\x63\x6f\x6e\x74\x65\x78\x74\0\x70\x6d\x75\0\x61\x63\
\x74\x69\x76\x65\x5f\x63\x74\x78\x5f\x6c\x69\x73\x74\0\x70\x69\x6e\x6e\x65\x64\
\x5f\x67\x72\x6f\x75\x70\x73\0\x66\x6c\x65\x78\x69\x62\x6c\x65\x5f\x67\x72\x6f\
\x75\x70\x73\0\x65\x76\x65\x6e\x74\x5f\x6c\x69\x73\x74\0\x70\x69\x6e\x6e\x65\
\x64\x5f\x61\x63\x74\x69\x76\x65\0\x66\x6c\x65\x78\x69\x62\x6c\x65\x5f\x61\x63\
\x74\x69\x76\x65\0\x6e\x72\x5f\x65\x76\x65\x6e\x74\x73\0\x6e\x72\x5f\x61\x63\
\x74\x69\x76\x65\0\x69\x73\x5f\x61\x63\x74\x69\x76\x65\0\x6e\x72\x5f\x73\x74\
\x61\x74\0\x6e\x72\x5f\x66\x72\x65\x71\0\x72\x6f\x74\x61\x74\x65\x5f\x64\x69\
\x73\x61\x62\x6c\x65\0\x72\x6f\x74\x61\x74\x65\x5f\x6e\x65\x63\x65\x73\x73\x61\
\x72\x79\0\x72\x65\x66\x63\x6f\x75\x6e\x74\0\x74\x61\x73\x6b\0\x74\x69\x6d\x65\
\x73\x74\x61\x6d\x70\0\x74\x69\x6d\x65\x6f\x66\x66\x73\x65\x74\0\x70\x61\x72\
\x65\x6e\x74\x5f\x63\x74\x78\0\x70\x61\x72\x65\x6e\x74\x5f\x67\x65\x6e\0\x67\
\x65\x6e\x65\x72\x61\x74\x69\x6f\x6e\0\x70\x69\x6e\x5f\x63\x6f\x75\x6e\x74\0\
\x74\x61\x73\x6b\x5f\x63\x74\x78\x5f\x64\x61\x74\x61\0\x6e\x72\x5f\x70\x65\x6e\
\x64\x69\x6e\x67\0\x70\x65\x72\x66\x5f\x65\x76\x65\x6e\x74\x5f\x67\x72\x6f\x75\
\x70\x73\0\x74\x72\x65\x65\0\x6c\x6f\x63\x61\x6c\x5f\x74\0\x61\0\x74\x6c\x62\
\x66\x6c\x75\x73\x68\x5f\x75\x6e\x6d\x61\x70\x5f\x62\x61\x74\x63\x68\0\x61\x72\
\x63\x68\0\x66\x6c\x75\x73\x68\x5f\x72\x65\x71\x75\x69\x72\x65\x64\0\x77\x72\
\x69\x74\x61\x62\x6c\x65\0\x61\x72\x63\x68\x5f\x74\x6c\x62\x66\x6c\x75\x73\x68\
\x5f\x75\x6e\x6d\x61\x70\x5f\x62\x61\x74\x63\x68\0\x72\x63\x75\x5f\x75\x73\x65\
\x72\x73\0\x70\x61\x67\x65\x5f\x66\x72\x61\x67\0\x70\x61\x67\x65\0\x74\x69\x6d\
\x65\x72\x5f\x6c\x69\x73\x74\0\x6c\x6c\x69\x73\x74\x5f\x68\x65\x61\x64\0\x74\
\x68\x72\x65\x61\x64\x5f\x73\x74\x72\x75\x63\x74\0\x74\x6c\x73\x5f\x61\x72\x72\
\x61\x79\0\x65\x73\0\x64\x73\0\x66\x73\x69\x6e\x64\x65\x78\0\x67\x73\x69\x6e\
\x64\x65\x78\0\x66\x73\x62\x61\x73\x65\0\x67\x73\x62\x61\x73\x65\0\x70\x74\x72\
\x61\x63\x65\x5f\x62\x70\x73\0\x76\x69\x72\x74\x75\x61\x6c\x5f\x64\x72\x36\0\
\x70\x74\x72\x61\x63\x65\x5f\x64\x72\x37\0\x63\x72\x32\0\x74\x72\x61\x70\x5f\
\x6e\x72\0\x65\x72\x72\x6f\x72\x5f\x63\x6f\x64\x65\0\x69\x6f\x5f\x62\x69\x74\
\x6d\x61\x70\0\x69\x6f\x70\x6c\x5f\x65\x6d\x75\x6c\0\x69\x6f\x70\x6c\x5f\x77\
\x61\x72\x6e\0\x73\x69\x67\x5f\x6f\x6e\x5f\x75\x61\x63\x63\x65\x73\x73\x5f\x65\
\x72\x72\0\x70\x6b\x72\x75\0\x66\x70\x75\0\x64\x65\x73\x63\x5f\x73\x74\x72\x75\
\x63\x74\0\x6c\x69\x6d\x69\x74\x30\0\x62\x61\x73\x65\x30\0\x62\x61\x73\x65\x31\
\0\x64\x70\x6c\0\x70\0\x6c\x69\x6d\x69\x74\x31\0\x61\x76\x6c\0\x6c\0\x64\0\x67\
\0\x62\x61\x73\x65\x32\0\x70\x65\x72\x66\x5f\x65\x76\x65\x6e\x74\0\x65\x76\x65\
\x6e\x74\x5f\x65\x6e\x74\x72\x79\0\x73\x69\x62\x6c\x69\x6e\x67\x5f\x6c\x69\x73\
\x74\0\x61\x63\x74\x69\x76\x65\x5f\x6c\x69\x73\x74\0\x67\x72\x6f\x75\x70\x5f\
\x69\x6e\x64\x65\x78\0\x6d\x69\x67\x72\x61\x74\x65\x5f\x65\x6e\x74\x72\x79\0\
\x68\x6c\x69\x73\x74\x5f\x65\x6e\x74\x72\x79\0\x61\x63\x74\x69\x76\x65\x5f\x65\
\x6e\x74\x72\x79\0\x6e\x72\x5f\x73\x69\x62\x6c\x69\x6e\x67\x73\0\x65\x76\x65\
\x6e\x74\x5f\x63\x61\x70\x73\0\x67\x72\x6f\x75\x70\x5f\x63\x61\x70\x73\0\x70\
\x6d\x75\x5f\x70\x72\x69\x76\x61\x74\x65\0\x61\x74\x74\x61\x63\x68\x5f\x73\x74\
\x61\x74\x65\0\x63\x68\x69\x6c\x64\x5f\x63\x6f\x75\x6e\x74\0\x74\x6f\x74\x61\
\x6c\x5f\x74\x69\x6d\x65\x5f\x65\x6e\x61\x62\x6c\x65\x64\0\x74\x6f\x74\x61\x6c\
\x5f\x74\x69\x6d\x65\x5f\x72\x75\x6e\x6e\x69\x6e\x67\0\x74\x73\x74\x61\x6d\x70\
\0\x61\x74\x74\x72\0\x68\x65\x61\x64\x65\x72\x5f\x73\x69\x7a\x65\0\x69\x64\x5f\
\x68\x65\x61\x64\x65\x72\x5f\x73\x69\x7a\x65\0\x72\x65\x61\x64\x5f\x73\x69\x7a\
\x65\0\x68\x77\0\x63\x68\x69\x6c\x64\x5f\x74\x6f\x74\x61\x6c\x5f\x74\x69\x6d\
\x65\x5f\x65\x6e\x61\x62\x6c\x65\x64\0\x63\x68\x69\x6c\x64\x5f\x74\x6f\x74\x61\
\x6c\x5f\x74\x69\x6d\x65\x5f\x72\x75\x6e\x6e\x69\x6e\x67\0\x63\x68\x69\x6c\x64\
\x5f\x6d\x75\x74\x65\x78\0\x63\x68\x69\x6c\x64\x5f\x6c\x69\x73\x74\0\x6f\x6e\
\x63\x70\x75\0\x6f\x77\x6e\x65\x72\x5f\x65\x6e\x74\x72\x79\0\x6d\x6d\x61\x70\
\x5f\x6d\x75\x74\x65\x78\0\x6d\x6d\x61\x70\x5f\x63\x6f\x75\x6e\x74\0\x72\x62\
\x5f\x65\x6e\x74\x72\x79\0\x72\x63\x75\x5f\x62\x61\x74\x63\x68\x65\x73\0\x72\
\x63\x75\x5f\x70\x65\x6e\x64\x69\x6e\x67\0\x77\x61\x69\x74\x71\0\x66\x61\x73\
\x79\x6e\x63\0\x70\x65\x6e\x64\x69\x6e\x67\x5f\x77\x61\x6b\x65\x75\x70\0\x70\
\x65\x6e\x64\x69\x6e\x67\x5f\x6b\x69\x6c\x6c\0\x70\x65\x6e\x64\x69\x6e\x67\x5f\
\x64\x69\x73\x61\x62\x6c\x65\0\x70\x65\x6e\x64\x69\x6e\x67\x5f\x73\x69\x67\x74\
\x72\x61\x70\0\x70\x65\x6e\x64\x69\x6e\x67\x5f\x61\x64\x64\x72\0\x70\x65\x6e\
\x64\x69\x6e\x67\x5f\x69\x72\x71\0\x70\x65\x6e\x64\x69\x6e\x67\x5f\x74\x61\x73\
\x6b\0\x70\x65\x6e\x64\x69\x6e\x67\x5f\x77\x6f\x72\x6b\0\x65\x76\x65\x6e\x74\
\x5f\x6c\x69\x6d\x69\x74\0\x61\x64\x64\x72\x5f\x66\x69\x6c\x74\x65\x72\x73\0\
\x61\x64\x64\x72\x5f\x66\x69\x6c\x74\x65\x72\x5f\x72\x61\x6e\x67\x65\x73\0\x61\
\x64\x64\x72\x5f\x66\x69\x6c\x74\x65\x72\x73\x5f\x67\x65\x6e\0\x61\x75\x78\x5f\
\x65\x76\x65\x6e\x74\0\x63\x6c\x6f\x63\x6b\0\x6f\x76\x65\x72\x66\x6c\x6f\x77\
\x5f\x68\x61\x6e\x64\x6c\x65\x72\0\x6f\x76\x65\x72\x66\x6c\x6f\x77\x5f\x68\x61\
\x6e\x64\x6c\x65\x72\x5f\x63\x6f\x6e\x74\x65\x78\x74\0\x6f\x72\x69\x67\x5f\x6f\
\x76\x65\x72\x66\x6c\x6f\x77\x5f\x68\x61\x6e\x64\x6c\x65\x72\0\x70\x72\x6f\x67\
\0\x62\x70\x66\x5f\x63\x6f\x6f\x6b\x69\x65\0\x74\x70\x5f\x65\x76\x65\x6e\x74\0\
\x66\x74\x72\x61\x63\x65\x5f\x6f\x70\x73\0\x73\x62\x5f\x6c\x69\x73\x74\0\x6d\
\x6f\x64\x75\x6c\x65\0\x64\x65\x76\0\x61\x74\x74\x72\x5f\x67\x72\x6f\x75\x70\
\x73\0\x61\x74\x74\x72\x5f\x75\x70\x64\x61\x74\x65\0\x63\x61\x70\x61\x62\x69\
\x6c\x69\x74\x69\x65\x73\0\x70\x6d\x75\x5f\x64\x69\x73\x61\x62\x6c\x65\x5f\x63\
\x6f\x75\x6e\x74\0\x70\x6d\x75\x5f\x63\x70\x75\x5f\x63\x6f\x6e\x74\x65\x78\x74\
\0\x65\x78\x63\x6c\x75\x73\x69\x76\x65\x5f\x63\x6e\x74\0\x74\x61\x73\x6b\x5f\
\x63\x74\x78\x5f\x6e\x72\0\x68\x72\x74\x69\x6d\x65\x72\x5f\x69\x6e\x74\x65\x72\
\x76\x61\x6c\x5f\x6d\x73\0\x6e\x72\x5f\x61\x64\x64\x72\x5f\x66\x69\x6c\x74\x65\
\x72\x73\0\x70\x6d\x75\x5f\x65\x6e\x61\x62\x6c\x65\0\x70\x6d\x75\x5f\x64\x69\
\x73\x61\x62\x6c\x65\0\x65\x76\x65\x6e\x74\x5f\x69\x6e\x69\x74\0\x65\x76\x65\
\x6e\x74\x5f\x6d\x61\x70\x70\x65\x64\0\x65\x76\x65\x6e\x74\x5f\x75\x6e\x6d\x61\
\x70\x70\x65\x64\0\x61\x64\x64\0\x64\x65\x6c\0\x73\x74\x6f\x70\0\x73\x74\x61\
\x72\x74\x5f\x74\x78\x6e\0\x63\x6f\x6d\x6d\x69\x74\x5f\x74\x78\x6e\0\x63\x61\
\x6e\x63\x65\x6c\x5f\x74\x78\x6e\0\x65\x76\x65\x6e\x74\x5f\x69\x64\x78\0\x73\
\x63\x68\x65\x64\x5f\x74\x61\x73\x6b\0\x74\x61\x73\x6b\x5f\x63\x74\x78\x5f\x63\
\x61\x63\x68\x65\0\x73\x77\x61\x70\x5f\x74\x61\x73\x6b\x5f\x63\x74\x78\0\x73\
\x65\x74\x75\x70\x5f\x61\x75\x78\0\x66\x72\x65\x65\x5f\x61\x75\x78\0\x73\x6e\
\x61\x70\x73\x68\x6f\x74\x5f\x61\x75\x78\0\x61\x64\x64\x72\x5f\x66\x69\x6c\x74\
\x65\x72\x73\x5f\x76\x61\x6c\x69\x64\x61\x74\x65\0\x61\x64\x64\x72\x5f\x66\x69\
\x6c\x74\x65\x72\x73\x5f\x73\x79\x6e\x63\0\x61\x75\x78\x5f\x6f\x75\x74\x70\x75\
\x74\x5f\x6d\x61\x74\x63\x68\0\x66\x69\x6c\x74\x65\x72\x5f\x6d\x61\x74\x63\x68\
\0\x63\x68\x65\x63\x6b\x5f\x70\x65\x72\x69\x6f\x64\0\x61\x74\x74\x72\x69\x62\
\x75\x74\x65\x5f\x67\x72\x6f\x75\x70\0\x69\x73\x5f\x76\x69\x73\x69\x62\x6c\x65\
\0\x69\x73\x5f\x62\x69\x6e\x5f\x76\x69\x73\x69\x62\x6c\x65\0\x61\x74\x74\x72\
\x73\0\x62\x69\x6e\x5f\x61\x74\x74\x72\x73\0\x6b\x6f\x62\x6a\x65\x63\x74\0\x6b\
\x73\x65\x74\0\x6b\x74\x79\x70\x65\0\x73\x64\0\x6b\x72\x65\x66\0\x73\x74\x61\
\x74\x65\x5f\x69\x6e\x69\x74\x69\x61\x6c\x69\x7a\x65\x64\0\x73\x74\x61\x74\x65\
\x5f\x69\x6e\x5f\x73\x79\x73\x66\x73\0\x73\x74\x61\x74\x65\x5f\x61\x64\x64\x5f\
\x75\x65\x76\x65\x6e\x74\x5f\x73\x65\x6e\x74\0\x73\x74\x61\x74\x65\x5f\x72\x65\
\x6d\x6f\x76\x65\x5f\x75\x65\x76\x65\x6e\x74\x5f\x73\x65\x6e\x74\0\x75\x65\x76\
\x65\x6e\x74\x5f\x73\x75\x70\x70\x72\x65\x73\x73\0\x61\x74\x74\x72\x69\x62\x75\
\x74\x65\0\x62\x69\x6e\x5f\x61\x74\x74\x72\x69\x62\x75\x74\x65\0\x77\x72\x69\
\x74\x65\0\x61\x64\x64\x72\x65\x73\x73\x5f\x73\x70\x61\x63\x65\0\x68\x6f\x73\
\x74\0\x69\x5f\x70\x61\x67\x65\x73\0\x69\x6e\x76\x61\x6c\x69\x64\x61\x74\x65\
\x5f\x6c\x6f\x63\x6b\0\x67\x66\x70\x5f\x6d\x61\x73\x6b\0\x69\x5f\x6d\x6d\x61\
\x70\x5f\x77\x72\x69\x74\x61\x62\x6c\x65\0\x69\x5f\x6d\x6d\x61\x70\0\x69\x5f\
\x6d\x6d\x61\x70\x5f\x72\x77\x73\x65\x6d\0\x6e\x72\x70\x61\x67\x65\x73\0\x77\
\x72\x69\x74\x65\x62\x61\x63\x6b\x5f\x69\x6e\x64\x65\x78\0\x61\x5f\x6f\x70\x73\
\0\x77\x62\x5f\x65\x72\x72\0\x70\x72\x69\x76\x61\x74\x65\x5f\x6c\x6f\x63\x6b\0\
\x70\x72\x69\x76\x61\x74\x65\x5f\x6c\x69\x73\x74\0\x69\x6e\x6f\x64\x65\0\x69\
\x5f\x6d\x6f\x64\x65\0\x69\x5f\x6f\x70\x66\x6c\x61\x67\x73\0\x69\x5f\x75\x69\
\x64\0\x69\x5f\x67\x69\x64\0\x69\x5f\x66\x6c\x61\x67\x73\0\x69\x5f\x61\x63\x6c\
\0\x69\x5f\x64\x65\x66\x61\x75\x6c\x74\x5f\x61\x63\x6c\0\x69\x5f\x6f\x70\0\x69\
\x5f\x73\x62\0\x69\x5f\x6d\x61\x70\x70\x69\x6e\x67\0\x69\x5f\x73\x65\x63\x75\
\x72\x69\x74\x79\0\x69\x5f\x69\x6e\x6f\0\x69\x5f\x72\x64\x65\x76\0\x69\x5f\x73\
\x69\x7a\x65\0\x69\x5f\x61\x74\x69\x6d\x65\0\x69\x5f\x6d\x74\x69\x6d\x65\0\x69\
\x5f\x63\x74\x69\x6d\x65\0\x69\x5f\x6c\x6f\x63\x6b\0\x69\x5f\x62\x79\x74\x65\
\x73\0\x69\x5f\x62\x6c\x6b\x62\x69\x74\x73\0\x69\x5f\x77\x72\x69\x74\x65\x5f\
\x68\x69\x6e\x74\0\x69\x5f\x62\x6c\x6f\x63\x6b\x73\0\x69\x5f\x73\x74\x61\x74\
\x65\0\x69\x5f\x72\x77\x73\x65\x6d\0\x64\x69\x72\x74\x69\x65\x64\x5f\x77\x68\
\x65\x6e\0\x64\x69\x72\x74\x69\x65\x64\x5f\x74\x69\x6d\x65\x5f\x77\x68\x65\x6e\
\0\x69\x5f\x68\x61\x73\x68\0\x69\x5f\x69\x6f\x5f\x6c\x69\x73\x74\0\x69\x5f\x6c\
\x72\x75\0\x69\x5f\x73\x62\x5f\x6c\x69\x73\x74\0\x69\x5f\x77\x62\x5f\x6c\x69\
\x73\x74\0\x69\x5f\x76\x65\x72\x73\x69\x6f\x6e\0\x69\x5f\x73\x65\x71\x75\x65\
\x6e\x63\x65\0\x69\x5f\x63\x6f\x75\x6e\x74\0\x69\x5f\x64\x69\x6f\x5f\x63\x6f\
\x75\x6e\x74\0\x69\x5f\x77\x72\x69\x74\x65\x63\x6f\x75\x6e\x74\0\x69\x5f\x72\
\x65\x61\x64\x63\x6f\x75\x6e\x74\0\x69\x5f\x66\x6c\x63\x74\x78\0\x69\x5f\x64\
\x61\x74\x61\0\x69\x5f\x64\x65\x76\x69\x63\x65\x73\0\x69\x5f\x67\x65\x6e\x65\
\x72\x61\x74\x69\x6f\x6e\0\x69\x5f\x66\x73\x6e\x6f\x74\x69\x66\x79\x5f\x6d\x61\
\x73\x6b\0\x69\x5f\x66\x73\x6e\x6f\x74\x69\x66\x79\x5f\x6d\x61\x72\x6b\x73\0\
\x69\x5f\x63\x72\x79\x70\x74\x5f\x69\x6e\x66\x6f\0\x69\x5f\x76\x65\x72\x69\x74\
\x79\x5f\x69\x6e\x66\x6f\0\x69\x5f\x70\x72\x69\x76\x61\x74\x65\0\x70\x6f\x73\
\x69\x78\x5f\x61\x63\x6c\0\x61\x5f\x72\x65\x66\x63\x6f\x75\x6e\x74\0\x61\x5f\
\x72\x63\x75\0\x61\x5f\x63\x6f\x75\x6e\x74\0\x61\x5f\x65\x6e\x74\x72\x69\x65\
\x73\0\x70\x6f\x73\x69\x78\x5f\x61\x63\x6c\x5f\x65\x6e\x74\x72\x79\0\x65\x5f\
\x74\x61\x67\0\x65\x5f\x70\x65\x72\x6d\0\x65\x5f\x75\x69\x64\0\x65\x5f\x67\x69\
\x64\0\x69\x5f\x6e\x6c\x69\x6e\x6b\0\x5f\x5f\x69\x5f\x6e\x6c\x69\x6e\x6b\0\x64\
\x65\x76\x5f\x74\0\x5f\x5f\x6b\x65\x72\x6e\x65\x6c\x5f\x64\x65\x76\x5f\x74\0\
\x74\x69\x6d\x65\x73\x70\x65\x63\x36\x34\0\x62\x6c\x6b\x63\x6e\x74\x5f\x74\0\
\x69\x5f\x64\x65\x6e\x74\x72\x79\0\x69\x5f\x72\x63\x75\0\x69\x5f\x66\x6f\x70\0\
\x66\x72\x65\x65\x5f\x69\x6e\x6f\x64\x65\0\x66\x69\x6c\x65\x5f\x6f\x70\x65\x72\
\x61\x74\x69\x6f\x6e\x73\0\x6c\x6c\x73\x65\x65\x6b\0\x72\x65\x61\x64\x5f\x69\
\x74\x65\x72\0\x77\x72\x69\x74\x65\x5f\x69\x74\x65\x72\0\x69\x6f\x70\x6f\x6c\
\x6c\0\x69\x74\x65\x72\x61\x74\x65\0\x69\x74\x65\x72\x61\x74\x65\x5f\x73\x68\
\x61\x72\x65\x64\0\x75\x6e\x6c\x6f\x63\x6b\x65\x64\x5f\x69\x6f\x63\x74\x6c\0\
\x63\x6f\x6d\x70\x61\x74\x5f\x69\x6f\x63\x74\x6c\0\x6d\x6d\x61\x70\x5f\x73\x75\
\x70\x70\x6f\x72\x74\x65\x64\x5f\x66\x6c\x61\x67\x73\0\x6f\x70\x65\x6e\0\x66\
\x6c\x75\x73\x68\0\x72\x65\x6c\x65\x61\x73\x65\0\x66\x73\x79\x6e\x63\0\x73\x65\
\x6e\x64\x70\x61\x67\x65\0\x63\x68\x65\x63\x6b\x5f\x66\x6c\x61\x67\x73\0\x66\
\x6c\x6f\x63\x6b\0\x73\x70\x6c\x69\x63\x65\x5f\x77\x72\x69\x74\x65\0\x73\x70\
\x6c\x69\x63\x65\x5f\x72\x65\x61\x64\0\x73\x65\x74\x6c\x65\x61\x73\x65\0\x66\
\x61\x6c\x6c\x6f\x63\x61\x74\x65\0\x73\x68\x6f\x77\x5f\x66\x64\x69\x6e\x66\x6f\
\0\x63\x6f\x70\x79\x5f\x66\x69\x6c\x65\x5f\x72\x61\x6e\x67\x65\0\x72\x65\x6d\
\x61\x70\x5f\x66\x69\x6c\x65\x5f\x72\x61\x6e\x67\x65\0\x66\x61\x64\x76\x69\x73\
\x65\0\x62\x75\x69\x6c\x64\x5f\x69\x64\0\x6d\x6b\x6f\x62\x6a\0\x6d\x6f\x64\x69\
\x6e\x66\x6f\x5f\x61\x74\x74\x72\x73\0\x76\x65\x72\x73\x69\x6f\x6e\0\x73\x72\
\x63\x76\x65\x72\x73\x69\x6f\x6e\0\x68\x6f\x6c\x64\x65\x72\x73\x5f\x64\x69\x72\
\0\x73\x79\x6d\x73\0\x63\x72\x63\x73\0\x6e\x75\x6d\x5f\x73\x79\x6d\x73\0\x70\
\x61\x72\x61\x6d\x5f\x6c\x6f\x63\x6b\0\x6b\x70\0\x6e\x75\x6d\x5f\x6b\x70\0\x6e\
\x75\x6d\x5f\x67\x70\x6c\x5f\x73\x79\x6d\x73\0\x67\x70\x6c\x5f\x73\x79\x6d\x73\
\0\x67\x70\x6c\x5f\x63\x72\x63\x73\0\x75\x73\x69\x6e\x67\x5f\x67\x70\x6c\x6f\
\x6e\x6c\x79\x5f\x73\x79\x6d\x62\x6f\x6c\x73\0\x61\x73\x79\x6e\x63\x5f\x70\x72\
\x6f\x62\x65\x5f\x72\x65\x71\x75\x65\x73\x74\x65\x64\0\x6e\x75\x6d\x5f\x65\x78\
\x65\x6e\x74\x72\x69\x65\x73\0\x65\x78\x74\x61\x62\x6c\x65\0\x69\x6e\x69\x74\0\
\x63\x6f\x72\x65\x5f\x6c\x61\x79\x6f\x75\x74\0\x69\x6e\x69\x74\x5f\x6c\x61\x79\
\x6f\x75\x74\0\x74\x61\x69\x6e\x74\x73\0\x6e\x75\x6d\x5f\x62\x75\x67\x73\0\x62\
\x75\x67\x5f\x6c\x69\x73\x74\0\x62\x75\x67\x5f\x74\x61\x62\x6c\x65\0\x6b\x61\
\x6c\x6c\x73\x79\x6d\x73\0\x63\x6f\x72\x65\x5f\x6b\x61\x6c\x6c\x73\x79\x6d\x73\
\0\x73\x65\x63\x74\x5f\x61\x74\x74\x72\x73\0\x6e\x6f\x74\x65\x73\x5f\x61\x74\
\x74\x72\x73\0\x61\x72\x67\x73\0\x70\x65\x72\x63\x70\x75\0\x70\x65\x72\x63\x70\
\x75\x5f\x73\x69\x7a\x65\0\x6e\x6f\x69\x6e\x73\x74\x72\x5f\x74\x65\x78\x74\x5f\
\x73\x74\x61\x72\x74\0\x6e\x6f\x69\x6e\x73\x74\x72\x5f\x74\x65\x78\x74\x5f\x73\
\x69\x7a\x65\0\x6e\x75\x6d\x5f\x74\x72\x61\x63\x65\x70\x6f\x69\x6e\x74\x73\0\
\x74\x72\x61\x63\x65\x70\x6f\x69\x6e\x74\x73\x5f\x70\x74\x72\x73\0\x6e\x75\x6d\
\x5f\x73\x72\x63\x75\x5f\x73\x74\x72\x75\x63\x74\x73\0\x73\x72\x63\x75\x5f\x73\
\x74\x72\x75\x63\x74\x5f\x70\x74\x72\x73\0\x6e\x75\x6d\x5f\x62\x70\x66\x5f\x72\
\x61\x77\x5f\x65\x76\x65\x6e\x74\x73\0\x62\x70\x66\x5f\x72\x61\x77\x5f\x65\x76\
\x65\x6e\x74\x73\0\x6e\x75\x6d\x5f\x74\x72\x61\x63\x65\x5f\x62\x70\x72\x69\x6e\
\x74\x6b\x5f\x66\x6d\x74\0\x74\x72\x61\x63\x65\x5f\x62\x70\x72\x69\x6e\x74\x6b\
\x5f\x66\x6d\x74\x5f\x73\x74\x61\x72\x74\0\x74\x72\x61\x63\x65\x5f\x65\x76\x65\
\x6e\x74\x73\0\x6e\x75\x6d\x5f\x74\x72\x61\x63\x65\x5f\x65\x76\x65\x6e\x74\x73\
\0\x74\x72\x61\x63\x65\x5f\x65\x76\x61\x6c\x73\0\x6e\x75\x6d\x5f\x74\x72\x61\
\x63\x65\x5f\x65\x76\x61\x6c\x73\0\x6e\x75\x6d\x5f\x66\x74\x72\x61\x63\x65\x5f\
\x63\x61\x6c\x6c\x73\x69\x74\x65\x73\0\x66\x74\x72\x61\x63\x65\x5f\x63\x61\x6c\
\x6c\x73\x69\x74\x65\x73\0\x6b\x70\x72\x6f\x62\x65\x73\x5f\x74\x65\x78\x74\x5f\
\x73\x74\x61\x72\x74\0\x6b\x70\x72\x6f\x62\x65\x73\x5f\x74\x65\x78\x74\x5f\x73\
\x69\x7a\x65\0\x6b\x70\x72\x6f\x62\x65\x5f\x62\x6c\x61\x63\x6b\x6c\x69\x73\x74\
\0\x6e\x75\x6d\x5f\x6b\x70\x72\x6f\x62\x65\x5f\x62\x6c\x61\x63\x6b\x6c\x69\x73\
\x74\0\x6e\x75\x6d\x5f\x73\x74\x61\x74\x69\x63\x5f\x63\x61\x6c\x6c\x5f\x73\x69\
\x74\x65\x73\0\x73\x74\x61\x74\x69\x63\x5f\x63\x61\x6c\x6c\x5f\x73\x69\x74\x65\
\x73\0\x73\x6f\x75\x72\x63\x65\x5f\x6c\x69\x73\x74\0\x74\x61\x72\x67\x65\x74\
\x5f\x6c\x69\x73\x74\0\x65\x78\x69\x74\0\x6d\x6f\x64\x75\x6c\x65\x5f\x73\x74\
\x61\x74\x65\0\x4d\x4f\x44\x55\x4c\x45\x5f\x53\x54\x41\x54\x45\x5f\x4c\x49\x56\
\x45\0\x4d\x4f\x44\x55\x4c\x45\x5f\x53\x54\x41\x54\x45\x5f\x43\x4f\x4d\x49\x4e\
\x47\0\x4d\x4f\x44\x55\x4c\x45\x5f\x53\x54\x41\x54\x45\x5f\x47\x4f\x49\x4e\x47\
\0\x4d\x4f\x44\x55\x4c\x45\x5f\x53\x54\x41\x54\x45\x5f\x55\x4e\x46\x4f\x52\x4d\
\x45\x44\0\x6d\x6f\x64\x75\x6c\x65\x5f\x6b\x6f\x62\x6a\x65\x63\x74\0\x6b\x6f\
\x62\x6a\0\x6d\x6f\x64\0\x64\x72\x69\x76\x65\x72\x73\x5f\x64\x69\x72\0\x6d\x70\
\0\x6b\x6f\x62\x6a\x5f\x63\x6f\x6d\x70\x6c\x65\x74\x69\x6f\x6e\0\x6b\x65\x72\
\x6e\x65\x6c\x5f\x73\x79\x6d\x62\x6f\x6c\0\x76\x61\x6c\x75\x65\x5f\x6f\x66\x66\
\x73\x65\x74\0\x6e\x61\x6d\x65\x5f\x6f\x66\x66\x73\x65\x74\0\x6e\x61\x6d\x65\
\x73\x70\x61\x63\x65\x5f\x6f\x66\x66\x73\x65\x74\0\x6d\x6f\x64\x75\x6c\x65\x5f\
\x6c\x61\x79\x6f\x75\x74\0\x74\x65\x78\x74\x5f\x73\x69\x7a\x65\0\x72\x6f\x5f\
\x73\x69\x7a\x65\0\x72\x6f\x5f\x61\x66\x74\x65\x72\x5f\x69\x6e\x69\x74\x5f\x73\
\x69\x7a\x65\0\x6d\x74\x6e\0\x6d\x6f\x64\x5f\x74\x72\x65\x65\x5f\x6e\x6f\x64\
\x65\0\x6c\x61\x74\x63\x68\x5f\x74\x72\x65\x65\x5f\x6e\x6f\x64\x65\0\x6d\x6f\
\x64\x5f\x61\x72\x63\x68\x5f\x73\x70\x65\x63\x69\x66\x69\x63\0\x6e\x75\x6d\x5f\
\x6f\x72\x63\x73\0\x6f\x72\x63\x5f\x75\x6e\x77\x69\x6e\x64\x5f\x69\x70\0\x6f\
\x72\x63\x5f\x75\x6e\x77\x69\x6e\x64\0\x6d\x6f\x64\x5f\x6b\x61\x6c\x6c\x73\x79\
\x6d\x73\0\x73\x79\x6d\x74\x61\x62\0\x6e\x75\x6d\x5f\x73\x79\x6d\x74\x61\x62\0\
\x73\x74\x72\x74\x61\x62\0\x74\x79\x70\x65\x74\x61\x62\0\x45\x6c\x66\x36\x34\
\x5f\x53\x79\x6d\0\x74\x72\x61\x63\x65\x70\x6f\x69\x6e\x74\x5f\x70\x74\x72\x5f\
\x74\0\x73\x73\x69\x7a\x65\x5f\x74\0\x5f\x5f\x6b\x65\x72\x6e\x65\x6c\x5f\x73\
\x73\x69\x7a\x65\x5f\x74\0\x5f\x5f\x6b\x65\x72\x6e\x65\x6c\x5f\x6c\x6f\x6e\x67\
\x5f\x74\0\x6b\x69\x6f\x63\x62\0\x6b\x69\x5f\x66\x69\x6c\x70\0\x6b\x69\x5f\x70\
\x6f\x73\0\x6b\x69\x5f\x63\x6f\x6d\x70\x6c\x65\x74\x65\0\x6b\x69\x5f\x66\x6c\
\x61\x67\x73\0\x6b\x69\x5f\x68\x69\x6e\x74\0\x6b\x69\x5f\x69\x6f\x70\x72\x69\
\x6f\0\x6b\x69\x5f\x63\x6f\x6f\x6b\x69\x65\0\x6b\x69\x5f\x77\x61\x69\x74\x71\0\
\x69\x6f\x76\x5f\x69\x74\x65\x72\0\x69\x74\x65\x72\x5f\x74\x79\x70\x65\0\x6e\
\x6f\x66\x61\x75\x6c\x74\0\x64\x61\x74\x61\x5f\x73\x6f\x75\x72\x63\x65\0\x69\
\x6f\x76\x5f\x6f\x66\x66\x73\x65\x74\0\x69\x6f\x76\0\x6b\x76\x65\x63\0\x62\x76\
\x65\x63\0\x78\x61\x72\x72\x61\x79\0\x70\x69\x70\x65\0\x70\x69\x70\x65\x5f\x69\
\x6e\x6f\x64\x65\x5f\x69\x6e\x66\x6f\0\x72\x64\x5f\x77\x61\x69\x74\0\x77\x72\
\x5f\x77\x61\x69\x74\0\x6d\x61\x78\x5f\x75\x73\x61\x67\x65\0\x72\x69\x6e\x67\
\x5f\x73\x69\x7a\x65\0\x6e\x72\x5f\x61\x63\x63\x6f\x75\x6e\x74\x65\x64\0\x72\
\x65\x61\x64\x65\x72\x73\0\x77\x72\x69\x74\x65\x72\x73\0\x72\x5f\x63\x6f\x75\
\x6e\x74\x65\x72\0\x77\x5f\x63\x6f\x75\x6e\x74\x65\x72\0\x70\x6f\x6c\x6c\x5f\
\x75\x73\x61\x67\x65\0\x74\x6d\x70\x5f\x70\x61\x67\x65\0\x66\x61\x73\x79\x6e\
\x63\x5f\x72\x65\x61\x64\x65\x72\x73\0\x66\x61\x73\x79\x6e\x63\x5f\x77\x72\x69\
\x74\x65\x72\x73\0\x62\x75\x66\x73\0\x5f\x72\x65\x66\x63\x6f\x75\x6e\x74\0\x6c\
\x72\x75\0\x6d\x61\x70\x70\x69\x6e\x67\0\x70\x70\x5f\x6d\x61\x67\x69\x63\0\x70\
\x70\0\x5f\x70\x70\x5f\x6d\x61\x70\x70\x69\x6e\x67\x5f\x70\x61\x64\0\x64\x6d\
\x61\x5f\x61\x64\x64\x72\0\x64\x6d\x61\x5f\x61\x64\x64\x72\x5f\x75\x70\x70\x65\
\x72\0\x70\x70\x5f\x66\x72\x61\x67\x5f\x63\x6f\x75\x6e\x74\0\x73\x6c\x61\x62\
\x5f\x63\x61\x63\x68\x65\0\x66\x72\x65\x65\x6c\x69\x73\x74\0\x73\x6c\x61\x62\
\x5f\x6c\x69\x73\x74\0\x70\x61\x67\x65\x73\0\x70\x6f\x62\x6a\x65\x63\x74\x73\0\
\x73\x5f\x6d\x65\x6d\0\x63\x6f\x75\x6e\x74\x65\x72\x73\0\x69\x6e\x75\x73\x65\0\
\x6f\x62\x6a\x65\x63\x74\x73\0\x63\x6f\x6d\x70\x6f\x75\x6e\x64\x5f\x68\x65\x61\
\x64\0\x63\x6f\x6d\x70\x6f\x75\x6e\x64\x5f\x64\x74\x6f\x72\0\x63\x6f\x6d\x70\
\x6f\x75\x6e\x64\x5f\x6f\x72\x64\x65\x72\0\x63\x6f\x6d\x70\x6f\x75\x6e\x64\x5f\
\x6d\x61\x70\x63\x6f\x75\x6e\x74\0\x63\x6f\x6d\x70\x6f\x75\x6e\x64\x5f\x6e\x72\
\0\x5f\x63\x6f\x6d\x70\x6f\x75\x6e\x64\x5f\x70\x61\x64\x5f\x31\0\x68\x70\x61\
\x67\x65\x5f\x70\x69\x6e\x6e\x65\x64\x5f\x72\x65\x66\x63\x6f\x75\x6e\x74\0\x64\
\x65\x66\x65\x72\x72\x65\x64\x5f\x6c\x69\x73\x74\0\x5f\x70\x74\x5f\x70\x61\x64\
\x5f\x31\0\x70\x6d\x64\x5f\x68\x75\x67\x65\x5f\x70\x74\x65\0\x5f\x70\x74\x5f\
\x70\x61\x64\x5f\x32\0\x70\x74\x6c\0\x70\x67\x74\x61\x62\x6c\x65\x5f\x74\0\x70\
\x74\x5f\x6d\x6d\0\x70\x74\x5f\x66\x72\x61\x67\x5f\x72\x65\x66\x63\x6f\x75\x6e\
\x74\0\x70\x67\x6d\x61\x70\0\x7a\x6f\x6e\x65\x5f\x64\x65\x76\x69\x63\x65\x5f\
\x64\x61\x74\x61\0\x5f\x6d\x61\x70\x63\x6f\x75\x6e\x74\0\x70\x61\x67\x65\x5f\
\x74\x79\x70\x65\0\x61\x63\x74\x69\x76\x65\0\x75\x6e\x69\x74\x73\0\x66\x61\x73\
\x79\x6e\x63\x5f\x73\x74\x72\x75\x63\x74\0\x66\x61\x5f\x6c\x6f\x63\x6b\0\x66\
\x61\x5f\x66\x64\0\x66\x61\x5f\x6e\x65\x78\x74\0\x66\x61\x5f\x66\x69\x6c\x65\0\
\x66\x61\x5f\x72\x63\x75\0\x75\x73\x65\x72\x5f\x73\x74\x72\x75\x63\x74\0\x5f\
\x5f\x63\x6f\x75\x6e\x74\0\x65\x70\x6f\x6c\x6c\x5f\x77\x61\x74\x63\x68\x65\x73\
\0\x75\x6e\x69\x78\x5f\x69\x6e\x66\x6c\x69\x67\x68\x74\0\x70\x69\x70\x65\x5f\
\x62\x75\x66\x73\0\x75\x69\x64\x68\x61\x73\x68\x5f\x6e\x6f\x64\x65\0\x72\x61\
\x74\x65\x6c\x69\x6d\x69\x74\0\x70\x65\x72\x63\x70\x75\x5f\x63\x6f\x75\x6e\x74\
\x65\x72\0\x72\x61\x74\x65\x6c\x69\x6d\x69\x74\x5f\x73\x74\x61\x74\x65\0\x69\
\x6e\x74\x65\x72\x76\x61\x6c\0\x70\x72\x69\x6e\x74\x65\x64\0\x6d\x69\x73\x73\
\x65\x64\0\x62\x65\x67\x69\x6e\0\x6e\x72\x5f\x73\x65\x67\x73\0\x78\x61\x72\x72\
\x61\x79\x5f\x73\x74\x61\x72\x74\0\x73\x74\x61\x72\x74\x5f\x68\x65\x61\x64\0\
\x64\x69\x72\x5f\x63\x6f\x6e\x74\x65\x78\x74\0\x61\x63\x74\x6f\x72\0\x70\x6f\
\x73\0\x66\x69\x6c\x6c\x64\x69\x72\x5f\x74\0\x5f\x5f\x70\x6f\x6c\x6c\x5f\x74\0\
\x70\x6f\x6c\x6c\x5f\x74\x61\x62\x6c\x65\x5f\x73\x74\x72\x75\x63\x74\0\x5f\x71\
\x70\x72\x6f\x63\0\x5f\x6b\x65\x79\0\x70\x6f\x6c\x6c\x5f\x71\x75\x65\x75\x65\
\x5f\x70\x72\x6f\x63\0\x66\x6c\x5f\x6f\x77\x6e\x65\x72\x5f\x74\0\x66\x69\x6c\
\x65\x5f\x6c\x6f\x63\x6b\0\x66\x6c\x5f\x62\x6c\x6f\x63\x6b\x65\x72\0\x66\x6c\
\x5f\x6c\x69\x73\x74\0\x66\x6c\x5f\x6c\x69\x6e\x6b\0\x66\x6c\x5f\x62\x6c\x6f\
\x63\x6b\x65\x64\x5f\x72\x65\x71\x75\x65\x73\x74\x73\0\x66\x6c\x5f\x62\x6c\x6f\
\x63\x6b\x65\x64\x5f\x6d\x65\x6d\x62\x65\x72\0\x66\x6c\x5f\x6f\x77\x6e\x65\x72\
\0\x66\x6c\x5f\x66\x6c\x61\x67\x73\0\x66\x6c\x5f\x74\x79\x70\x65\0\x66\x6c\x5f\
\x70\x69\x64\0\x66\x6c\x5f\x6c\x69\x6e\x6b\x5f\x63\x70\x75\0\x66\x6c\x5f\x77\
\x61\x69\x74\0\x66\x6c\x5f\x66\x69\x6c\x65\0\x66\x6c\x5f\x73\x74\x61\x72\x74\0\
\x66\x6c\x5f\x65\x6e\x64\0\x66\x6c\x5f\x66\x61\x73\x79\x6e\x63\0\x66\x6c\x5f\
\x62\x72\x65\x61\x6b\x5f\x74\x69\x6d\x65\0\x66\x6c\x5f\x64\x6f\x77\x6e\x67\x72\
\x61\x64\x65\x5f\x74\x69\x6d\x65\0\x66\x6c\x5f\x6f\x70\x73\0\x66\x6c\x5f\x6c\
\x6d\x6f\x70\x73\0\x66\x6c\x5f\x75\0\x6e\x66\x73\x5f\x66\x6c\0\x6e\x66\x73\x34\
\x5f\x66\x6c\0\x61\x66\x73\0\x6e\x66\x73\x5f\x6c\x6f\x63\x6b\x5f\x69\x6e\x66\
\x6f\0\x6e\x6c\x6d\x5f\x6c\x6f\x63\x6b\x6f\x77\x6e\x65\x72\0\x6e\x66\x73\x34\
\x5f\x6c\x6f\x63\x6b\x5f\x69\x6e\x66\x6f\0\x6e\x66\x73\x34\x5f\x6c\x6f\x63\x6b\
\x5f\x73\x74\x61\x74\x65\0\x64\x65\x62\x75\x67\x5f\x69\x64\0\x69\x5f\x70\x69\
\x70\x65\0\x69\x5f\x63\x64\x65\x76\0\x69\x5f\x6c\x69\x6e\x6b\0\x69\x5f\x64\x69\
\x72\x5f\x73\x65\x71\0\x78\x61\x5f\x6c\x6f\x63\x6b\0\x78\x61\x5f\x66\x6c\x61\
\x67\x73\0\x78\x61\x5f\x68\x65\x61\x64\0\x67\x66\x70\x5f\x74\0\x6b\x6d\x65\x6d\
\x5f\x63\x61\x63\x68\x65\0\x63\x70\x75\x5f\x73\x6c\x61\x62\0\x6d\x69\x6e\x5f\
\x70\x61\x72\x74\x69\x61\x6c\0\x6f\x62\x6a\x65\x63\x74\x5f\x73\x69\x7a\x65\0\
\x72\x65\x63\x69\x70\x72\x6f\x63\x61\x6c\x5f\x73\x69\x7a\x65\0\x63\x70\x75\x5f\
\x70\x61\x72\x74\x69\x61\x6c\0\x6f\x6f\0\x6d\x61\x78\0\x6d\x69\x6e\0\x61\x6c\
\x6c\x6f\x63\x66\x6c\x61\x67\x73\0\x63\x74\x6f\x72\0\x61\x6c\x69\x67\x6e\0\x72\
\x65\x64\x5f\x6c\x65\x66\x74\x5f\x70\x61\x64\0\x72\x61\x6e\x64\x6f\x6d\0\x72\
\x61\x6e\x64\x6f\x6d\x5f\x73\x65\x71\0\x75\x73\x65\x72\x6f\x66\x66\x73\x65\x74\
\0\x75\x73\x65\x72\x73\x69\x7a\x65\0\x73\x6c\x61\x62\x5f\x66\x6c\x61\x67\x73\
\x5f\x74\0\x72\x65\x63\x69\x70\x72\x6f\x63\x61\x6c\x5f\x76\x61\x6c\x75\x65\0\
\x6d\0\x73\x68\x31\0\x73\x68\x32\0\x6b\x6d\x65\x6d\x5f\x63\x61\x63\x68\x65\x5f\
\x6f\x72\x64\x65\x72\x5f\x6f\x62\x6a\x65\x63\x74\x73\0\x6b\x6d\x65\x6d\x5f\x63\
\x61\x63\x68\x65\x5f\x6e\x6f\x64\x65\0\x6c\x69\x73\x74\x5f\x6c\x6f\x63\x6b\0\
\x6e\x72\x5f\x70\x61\x72\x74\x69\x61\x6c\0\x70\x61\x72\x74\x69\x61\x6c\0\x6e\
\x72\x5f\x73\x6c\x61\x62\x73\0\x74\x6f\x74\x61\x6c\x5f\x6f\x62\x6a\x65\x63\x74\
\x73\0\x66\x75\x6c\x6c\0\x70\x65\x72\x66\x5f\x6f\x75\x74\x70\x75\x74\x5f\x68\
\x61\x6e\x64\x6c\x65\0\x65\x76\x65\x6e\x74\0\x77\x61\x6b\x65\x75\x70\0\x61\x75\
\x78\x5f\x66\x6c\x61\x67\x73\0\x61\x64\x64\x72\0\x70\x65\x72\x66\x5f\x65\x76\
\x65\x6e\x74\x5f\x73\x74\x61\x74\x65\0\x50\x45\x52\x46\x5f\x45\x56\x45\x4e\x54\
\x5f\x53\x54\x41\x54\x45\x5f\x44\x45\x41\x44\0\x50\x45\x52\x46\x5f\x45\x56\x45\
\x4e\x54\x5f\x53\x54\x41\x54\x45\x5f\x45\x58\x49\x54\0\x50\x45\x52\x46\x5f\x45\
\x56\x45\x4e\x54\x5f\x53\x54\x41\x54\x45\x5f\x45\x52\x52\x4f\x52\0\x50\x45\x52\
\x46\x5f\x45\x56\x45\x4e\x54\x5f\x53\x54\x41\x54\x45\x5f\x4f\x46\x46\0\x50\x45\
\x52\x46\x5f\x45\x56\x45\x4e\x54\x5f\x53\x54\x41\x54\x45\x5f\x49\x4e\x41\x43\
\x54\x49\x56\x45\0\x50\x45\x52\x46\x5f\x45\x56\x45\x4e\x54\x5f\x53\x54\x41\x54\
\x45\x5f\x41\x43\x54\x49\x56\x45\0\x6c\x6f\x63\x61\x6c\x36\x34\x5f\x74\0\x70\
\x65\x72\x66\x5f\x65\x76\x65\x6e\x74\x5f\x61\x74\x74\x72\0\x63\x6f\x6e\x66\x69\
\x67\0\x73\x61\x6d\x70\x6c\x65\x5f\x74\x79\x70\x65\0\x72\x65\x61\x64\x5f\x66\
\x6f\x72\x6d\x61\x74\0\x64\x69\x73\x61\x62\x6c\x65\x64\0\x69\x6e\x68\x65\x72\
\x69\x74\0\x70\x69\x6e\x6e\x65\x64\0\x65\x78\x63\x6c\x75\x73\x69\x76\x65\0\x65\
\x78\x63\x6c\x75\x64\x65\x5f\x75\x73\x65\x72\0\x65\x78\x63\x6c\x75\x64\x65\x5f\
\x6b\x65\x72\x6e\x65\x6c\0\x65\x78\x63\x6c\x75\x64\x65\x5f\x68\x76\0\x65\x78\
\x63\x6c\x75\x64\x65\x5f\x69\x64\x6c\x65\0\x66\x72\x65\x71\0\x69\x6e\x68\x65\
\x72\x69\x74\x5f\x73\x74\x61\x74\0\x65\x6e\x61\x62\x6c\x65\x5f\x6f\x6e\x5f\x65\
\x78\x65\x63\0\x77\x61\x74\x65\x72\x6d\x61\x72\x6b\0\x70\x72\x65\x63\x69\x73\
\x65\x5f\x69\x70\0\x6d\x6d\x61\x70\x5f\x64\x61\x74\x61\0\x73\x61\x6d\x70\x6c\
\x65\x5f\x69\x64\x5f\x61\x6c\x6c\0\x65\x78\x63\x6c\x75\x64\x65\x5f\x68\x6f\x73\
\x74\0\x65\x78\x63\x6c\x75\x64\x65\x5f\x67\x75\x65\x73\x74\0\x65\x78\x63\x6c\
\x75\x64\x65\x5f\x63\x61\x6c\x6c\x63\x68\x61\x69\x6e\x5f\x6b\x65\x72\x6e\x65\
\x6c\0\x65\x78\x63\x6c\x75\x64\x65\x5f\x63\x61\x6c\x6c\x63\x68\x61\x69\x6e\x5f\
\x75\x73\x65\x72\0\x6d\x6d\x61\x70\x32\0\x63\x6f\x6d\x6d\x5f\x65\x78\x65\x63\0\
\x75\x73\x65\x5f\x63\x6c\x6f\x63\x6b\x69\x64\0\x63\x6f\x6e\x74\x65\x78\x74\x5f\
\x73\x77\x69\x74\x63\x68\0\x77\x72\x69\x74\x65\x5f\x62\x61\x63\x6b\x77\x61\x72\
\x64\0\x6e\x61\x6d\x65\x73\x70\x61\x63\x65\x73\0\x6b\x73\x79\x6d\x62\x6f\x6c\0\
\x62\x70\x66\x5f\x65\x76\x65\x6e\x74\0\x61\x75\x78\x5f\x6f\x75\x74\x70\x75\x74\
\0\x74\x65\x78\x74\x5f\x70\x6f\x6b\x65\0\x69\x6e\x68\x65\x72\x69\x74\x5f\x74\
\x68\x72\x65\x61\x64\0\x72\x65\x6d\x6f\x76\x65\x5f\x6f\x6e\x5f\x65\x78\x65\x63\
\0\x73\x69\x67\x74\x72\x61\x70\0\x5f\x5f\x72\x65\x73\x65\x72\x76\x65\x64\x5f\
\x31\0\x62\x70\x5f\x74\x79\x70\x65\0\x62\x72\x61\x6e\x63\x68\x5f\x73\x61\x6d\
\x70\x6c\x65\x5f\x74\x79\x70\x65\0\x73\x61\x6d\x70\x6c\x65\x5f\x72\x65\x67\x73\
\x5f\x75\x73\x65\x72\0\x73\x61\x6d\x70\x6c\x65\x5f\x73\x74\x61\x63\x6b\x5f\x75\
\x73\x65\x72\0\x73\x61\x6d\x70\x6c\x65\x5f\x72\x65\x67\x73\x5f\x69\x6e\x74\x72\
\0\x61\x75\x78\x5f\x77\x61\x74\x65\x72\x6d\x61\x72\x6b\0\x73\x61\x6d\x70\x6c\
\x65\x5f\x6d\x61\x78\x5f\x73\x74\x61\x63\x6b\0\x5f\x5f\x72\x65\x73\x65\x72\x76\
\x65\x64\x5f\x32\0\x61\x75\x78\x5f\x73\x61\x6d\x70\x6c\x65\x5f\x73\x69\x7a\x65\
\0\x5f\x5f\x72\x65\x73\x65\x72\x76\x65\x64\x5f\x33\0\x73\x69\x67\x5f\x64\x61\
\x74\x61\0\x73\x61\x6d\x70\x6c\x65\x5f\x70\x65\x72\x69\x6f\x64\0\x73\x61\x6d\
\x70\x6c\x65\x5f\x66\x72\x65\x71\0\x77\x61\x6b\x65\x75\x70\x5f\x65\x76\x65\x6e\
\x74\x73\0\x77\x61\x6b\x65\x75\x70\x5f\x77\x61\x74\x65\x72\x6d\x61\x72\x6b\0\
\x62\x70\x5f\x61\x64\x64\x72\0\x6b\x70\x72\x6f\x62\x65\x5f\x66\x75\x6e\x63\0\
\x75\x70\x72\x6f\x62\x65\x5f\x70\x61\x74\x68\0\x63\x6f\x6e\x66\x69\x67\x31\0\
\x62\x70\x5f\x6c\x65\x6e\0\x6b\x70\x72\x6f\x62\x65\x5f\x61\x64\x64\x72\0\x70\
\x72\x6f\x62\x65\x5f\x6f\x66\x66\x73\x65\x74\0\x63\x6f\x6e\x66\x69\x67\x32\0\
\x68\x77\x5f\x70\x65\x72\x66\x5f\x65\x76\x65\x6e\x74\0\x74\x61\x72\x67\x65\x74\
\0\x70\x72\x65\x76\x5f\x63\x6f\x75\x6e\x74\0\x69\x6e\x74\x65\x72\x72\x75\x70\
\x74\x73\x5f\x73\x65\x71\0\x69\x6e\x74\x65\x72\x72\x75\x70\x74\x73\0\x66\x72\
\x65\x71\x5f\x74\x69\x6d\x65\x5f\x73\x74\x61\x6d\x70\0\x66\x72\x65\x71\x5f\x63\
\x6f\x75\x6e\x74\x5f\x73\x74\x61\x6d\x70\0\x6c\x61\x73\x74\x5f\x74\x61\x67\0\
\x63\x6f\x6e\x66\x69\x67\x5f\x62\x61\x73\x65\0\x65\x76\x65\x6e\x74\x5f\x62\x61\
\x73\x65\0\x65\x76\x65\x6e\x74\x5f\x62\x61\x73\x65\x5f\x72\x64\x70\x6d\x63\0\
\x69\x64\x78\0\x6c\x61\x73\x74\x5f\x63\x70\x75\0\x65\x78\x74\x72\x61\x5f\x72\
\x65\x67\0\x62\x72\x61\x6e\x63\x68\x5f\x72\x65\x67\0\x68\x77\x5f\x70\x65\x72\
\x66\x5f\x65\x76\x65\x6e\x74\x5f\x65\x78\x74\x72\x61\0\x72\x65\x67\0\x61\x6c\
\x6c\x6f\x63\0\x74\x70\x5f\x6c\x69\x73\x74\0\x70\x77\x72\x5f\x61\x63\x63\0\x70\
\x74\x73\x63\0\x62\x70\x5f\x6c\x69\x73\x74\0\x61\x72\x63\x68\x5f\x68\x77\x5f\
\x62\x72\x65\x61\x6b\x70\x6f\x69\x6e\x74\0\x61\x64\x64\x72\x65\x73\x73\0\x6d\
\x61\x73\x6b\0\x69\x6f\x6d\x6d\x75\x5f\x62\x61\x6e\x6b\0\x69\x6f\x6d\x6d\x75\
\x5f\x63\x6e\x74\x72\0\x70\x61\x64\x64\x69\x6e\x67\0\x63\x6f\x6e\x66\0\x63\x6f\
\x6e\x66\x31\0\x6c\x61\x73\x74\x5f\x70\x65\x72\x69\x6f\x64\0\x70\x65\x72\x69\
\x6f\x64\x5f\x6c\x65\x66\x74\0\x73\x61\x76\x65\x64\x5f\x6d\x65\x74\x72\x69\x63\
\0\x73\x61\x76\x65\x64\x5f\x73\x6c\x6f\x74\x73\0\x70\x65\x72\x66\x5f\x62\x75\
\x66\x66\x65\x72\0\x6e\x72\x5f\x70\x61\x67\x65\x73\0\x6f\x76\x65\x72\x77\x72\
\x69\x74\x65\0\x70\x61\x75\x73\x65\x64\0\x6e\x65\x73\x74\0\x6c\x6f\x73\x74\0\
\x65\x76\x65\x6e\x74\x5f\x6c\x6f\x63\x6b\0\x6d\x6d\x61\x70\x5f\x6c\x6f\x63\x6b\
\x65\x64\0\x6d\x6d\x61\x70\x5f\x75\x73\x65\x72\0\x61\x75\x78\x5f\x68\x65\x61\
\x64\0\x61\x75\x78\x5f\x6e\x65\x73\x74\0\x61\x75\x78\x5f\x77\x61\x6b\x65\x75\
\x70\0\x61\x75\x78\x5f\x70\x67\x6f\x66\x66\0\x61\x75\x78\x5f\x6e\x72\x5f\x70\
\x61\x67\x65\x73\0\x61\x75\x78\x5f\x6f\x76\x65\x72\x77\x72\x69\x74\x65\0\x61\
\x75\x78\x5f\x6d\x6d\x61\x70\x5f\x63\x6f\x75\x6e\x74\0\x61\x75\x78\x5f\x6d\x6d\
\x61\x70\x5f\x6c\x6f\x63\x6b\x65\x64\0\x61\x75\x78\x5f\x72\x65\x66\x63\x6f\x75\
\x6e\x74\0\x61\x75\x78\x5f\x69\x6e\x5f\x73\x61\x6d\x70\x6c\x69\x6e\x67\0\x61\
\x75\x78\x5f\x70\x61\x67\x65\x73\0\x61\x75\x78\x5f\x70\x72\x69\x76\0\x75\x73\
\x65\x72\x5f\x70\x61\x67\x65\0\x64\x61\x74\x61\x5f\x70\x61\x67\x65\x73\0\x69\
\x72\x71\x5f\x77\x6f\x72\x6b\0\x70\x65\x72\x66\x5f\x61\x64\x64\x72\x5f\x66\x69\
\x6c\x74\x65\x72\x73\x5f\x68\x65\x61\x64\0\x6e\x72\x5f\x66\x69\x6c\x65\x5f\x66\
\x69\x6c\x74\x65\x72\x73\0\x70\x69\x64\x5f\x6e\x61\x6d\x65\x73\x70\x61\x63\x65\
\0\x69\x64\x72\0\x70\x69\x64\x5f\x61\x6c\x6c\x6f\x63\x61\x74\x65\x64\0\x63\x68\
\x69\x6c\x64\x5f\x72\x65\x61\x70\x65\x72\0\x70\x69\x64\x5f\x63\x61\x63\x68\x65\
\x70\0\x72\x65\x62\x6f\x6f\x74\0\x6d\x65\x6d\x66\x64\x5f\x6e\x6f\x65\x78\x65\
\x63\x5f\x73\x63\x6f\x70\x65\0\x69\x64\x72\x5f\x72\x74\0\x69\x64\x72\x5f\x62\
\x61\x73\x65\0\x69\x64\x72\x5f\x6e\x65\x78\x74\0\x70\x65\x72\x66\x5f\x6f\x76\
\x65\x72\x66\x6c\x6f\x77\x5f\x68\x61\x6e\x64\x6c\x65\x72\x5f\x74\0\x70\x65\x72\
\x66\x5f\x73\x61\x6d\x70\x6c\x65\x5f\x64\x61\x74\x61\0\x72\x61\x77\0\x62\x72\
\x5f\x73\x74\x61\x63\x6b\0\x74\x78\x6e\0\x64\x61\x74\x61\x5f\x73\x72\x63\0\x74\
\x69\x64\x5f\x65\x6e\x74\x72\x79\0\x73\x74\x72\x65\x61\x6d\x5f\x69\x64\0\x63\
\x70\x75\x5f\x65\x6e\x74\x72\x79\0\x63\x61\x6c\x6c\x63\x68\x61\x69\x6e\0\x61\
\x75\x78\x5f\x73\x69\x7a\x65\0\x72\x65\x67\x73\x5f\x75\x73\x65\x72\0\x72\x65\
\x67\x73\x5f\x69\x6e\x74\x72\0\x73\x74\x61\x63\x6b\x5f\x75\x73\x65\x72\x5f\x73\
\x69\x7a\x65\0\x70\x68\x79\x73\x5f\x61\x64\x64\x72\0\x64\x61\x74\x61\x5f\x70\
\x61\x67\x65\x5f\x73\x69\x7a\x65\0\x63\x6f\x64\x65\x5f\x70\x61\x67\x65\x5f\x73\
\x69\x7a\x65\0\x70\x65\x72\x66\x5f\x73\x61\x6d\x70\x6c\x65\x5f\x77\x65\x69\x67\
\x68\x74\0\x76\x61\x72\x31\x5f\x64\x77\0\x76\x61\x72\x32\x5f\x77\0\x76\x61\x72\
\x33\x5f\x77\0\x70\x65\x72\x66\x5f\x6d\x65\x6d\x5f\x64\x61\x74\x61\x5f\x73\x72\
\x63\0\x6d\x65\x6d\x5f\x6f\x70\0\x6d\x65\x6d\x5f\x6c\x76\x6c\0\x6d\x65\x6d\x5f\
\x73\x6e\x6f\x6f\x70\0\x6d\x65\x6d\x5f\x6c\x6f\x63\x6b\0\x6d\x65\x6d\x5f\x64\
\x74\x6c\x62\0\x6d\x65\x6d\x5f\x6c\x76\x6c\x5f\x6e\x75\x6d\0\x6d\x65\x6d\x5f\
\x72\x65\x6d\x6f\x74\x65\0\x6d\x65\x6d\x5f\x73\x6e\x6f\x6f\x70\x78\0\x6d\x65\
\x6d\x5f\x62\x6c\x6b\0\x6d\x65\x6d\x5f\x72\x73\x76\x64\0\x74\x69\x64\0\x72\x65\
\x73\x65\x72\x76\x65\x64\0\x70\x65\x72\x66\x5f\x72\x65\x67\x73\0\x61\x62\x69\0\
\x72\x65\x67\x73\0\x74\x72\x61\x63\x65\x5f\x65\x76\x65\x6e\x74\x5f\x63\x61\x6c\
\x6c\0\x63\x6c\x61\x73\x73\0\x70\x72\x69\x6e\x74\x5f\x66\x6d\x74\0\x70\x65\x72\
\x66\x5f\x72\x65\x66\x63\x6f\x75\x6e\x74\0\x70\x65\x72\x66\x5f\x65\x76\x65\x6e\
\x74\x73\0\x70\x72\x6f\x67\x5f\x61\x72\x72\x61\x79\0\x70\x65\x72\x66\x5f\x70\
\x65\x72\x6d\0\x74\x70\0\x74\x72\x61\x63\x65\x5f\x65\x76\x65\x6e\x74\0\x66\x75\
\x6e\x63\x73\0\x65\x76\x65\x6e\x74\x5f\x66\x69\x6c\x74\x65\x72\0\x66\x69\x6c\
\x74\x65\x72\x5f\x73\x74\x72\x69\x6e\x67\0\x73\x61\x76\x65\x64\x5f\x66\x75\x6e\
\x63\0\x6c\x6f\x63\x61\x6c\x5f\x68\x61\x73\x68\0\x66\x75\x6e\x63\x5f\x68\x61\
\x73\x68\0\x6f\x6c\x64\x5f\x68\x61\x73\x68\0\x74\x72\x61\x6d\x70\x6f\x6c\x69\
\x6e\x65\0\x74\x72\x61\x6d\x70\x6f\x6c\x69\x6e\x65\x5f\x73\x69\x7a\x65\0\x66\
\x74\x72\x61\x63\x65\x5f\x66\x75\x6e\x63\x5f\x74\0\x66\x74\x72\x61\x63\x65\x5f\
\x72\x65\x67\x73\0\x66\x74\x72\x61\x63\x65\x5f\x6f\x70\x73\x5f\x68\x61\x73\x68\
\0\x6e\x6f\x74\x72\x61\x63\x65\x5f\x68\x61\x73\x68\0\x66\x69\x6c\x74\x65\x72\
\x5f\x68\x61\x73\x68\0\x72\x65\x67\x65\x78\x5f\x6c\x6f\x63\x6b\0\x66\x74\x72\
\x61\x63\x65\x5f\x68\x61\x73\x68\0\x73\x69\x7a\x65\x5f\x62\x69\x74\x73\0\x62\
\x75\x63\x6b\x65\x74\x73\0\x61\x76\x78\x35\x31\x32\x5f\x74\x69\x6d\x65\x73\x74\
\x61\x6d\x70\0\x66\x70\x72\x65\x67\x73\x5f\x73\x74\x61\x74\x65\0\x66\x73\x61\
\x76\x65\0\x66\x78\x73\x61\x76\x65\0\x73\x6f\x66\x74\0\x78\x73\x61\x76\x65\0\
\x5f\x5f\x70\x61\x64\x64\x69\x6e\x67\0\x66\x72\x65\x67\x73\x5f\x73\x74\x61\x74\
\x65\0\x63\x77\x64\0\x73\x77\x64\0\x74\x77\x64\0\x66\x69\x70\0\x66\x63\x73\0\
\x66\x6f\x6f\0\x66\x6f\x73\0\x73\x74\x5f\x73\x70\x61\x63\x65\0\x66\x78\x72\x65\
\x67\x73\x5f\x73\x74\x61\x74\x65\0\x66\x6f\x70\0\x6d\x78\x63\x73\x72\0\x6d\x78\
\x63\x73\x72\x5f\x6d\x61\x73\x6b\0\x78\x6d\x6d\x5f\x73\x70\x61\x63\x65\0\x72\
\x69\x70\0\x72\x64\x70\0\x70\x61\x64\x64\x69\x6e\x67\x31\0\x73\x77\x5f\x72\x65\
\x73\x65\x72\x76\x65\x64\0\x73\x77\x72\x65\x67\x73\x5f\x73\x74\x61\x74\x65\0\
\x66\x74\x6f\x70\0\x63\x68\x61\x6e\x67\x65\x64\0\x6c\x6f\x6f\x6b\x61\x68\x65\
\x61\x64\0\x6e\x6f\x5f\x75\x70\x64\x61\x74\x65\0\x72\x6d\0\x61\x6c\x69\x6d\x69\
\x74\0\x65\x6e\x74\x72\x79\x5f\x65\x69\x70\0\x78\x72\x65\x67\x73\x5f\x73\x74\
\x61\x74\x65\0\x69\x33\x38\x37\0\x65\x78\x74\x65\x6e\x64\x65\x64\x5f\x73\x74\
\x61\x74\x65\x5f\x61\x72\x65\x61\0\x78\x73\x74\x61\x74\x65\x5f\x68\x65\x61\x64\
\x65\x72\0\x78\x66\x65\x61\x74\x75\x72\x65\x73\0\x78\x63\x6f\x6d\x70\x5f\x62\
\x76\0\x30\x3a\x34\0\x2f\x62\x75\x69\x6c\x64\x2f\x61\x6d\x64\x36\x34\x2d\x67\
\x65\x6e\x65\x72\x69\x63\x2f\x76\x61\x72\x2f\x63\x61\x63\x68\x65\x2f\x70\x6f\
\x72\x74\x61\x67\x65\x2f\x63\x68\x72\x6f\x6d\x65\x6f\x73\x2d\x62\x61\x73\x65\
\x2f\x73\x65\x63\x61\x67\x65\x6e\x74\x64\x2f\x6f\x75\x74\x2f\x44\x65\x66\x61\
\x75\x6c\x74\x2f\x2e\x2e\x2f\x2e\x2e\x2f\x2e\x2e\x2f\x2e\x2e\x2f\x2e\x2e\x2f\
\x2e\x2e\x2f\x2e\x2e\x2f\x74\x6d\x70\x2f\x70\x6f\x72\x74\x61\x67\x65\x2f\x63\
\x68\x72\x6f\x6d\x65\x6f\x73\x2d\x62\x61\x73\x65\x2f\x73\x65\x63\x61\x67\x65\
\x6e\x74\x64\x2d\x39\x39\x39\x39\x2f\x77\x6f\x72\x6b\x2f\x73\x65\x63\x61\x67\
\x65\x6e\x74\x64\x2d\x39\x39\x39\x39\x2f\x70\x6c\x61\x74\x66\x6f\x72\x6d\x32\
\x2f\x73\x65\x63\x61\x67\x65\x6e\x74\x64\x2f\x62\x70\x66\x2f\x70\x72\x6f\x63\
\x65\x73\x73\x5f\x62\x70\x66\x2e\x63\0\x69\x6e\x74\x20\x42\x50\x46\x5f\x50\x52\
\x4f\x47\x28\x68\x61\x6e\x64\x6c\x65\x5f\x73\x63\x68\x65\x64\x5f\x70\x72\x6f\
\x63\x65\x73\x73\x5f\x65\x78\x65\x63\x2c\0\x20\x20\x72\x65\x74\x75\x72\x6e\x20\
\x28\x42\x50\x46\x5f\x43\x4f\x52\x45\x5f\x52\x45\x41\x44\x28\x74\x2c\x20\x66\
\x6c\x61\x67\x73\x29\x20\x26\x20\x30\x78\x30\x30\x32\x30\x30\x30\x30\x30\x29\
\x3b\0\x20\x20\x69\x66\x20\x28\x69\x73\x5f\x6b\x74\x68\x72\x65\x61\x64\x28\x63\
\x75\x72\x72\x65\x6e\x74\x29\x29\x20\x7b\0\x20\x20\x20\x20\x20\x20\x28\x73\x74\
\x72\x75\x63\x74\x20\x63\x72\x6f\x73\x5f\x65\x76\x65\x6e\x74\x2a\x29\x28\x62\
\x70\x66\x5f\x72\x69\x6e\x67\x62\x75\x66\x5f\x72\x65\x73\x65\x72\x76\x65\x28\
\x26\x72\x62\x2c\x20\x73\x69\x7a\x65\x6f\x66\x28\x2a\x65\x76\x65\x6e\x74\x29\
\x2c\x20\x30\x29\x29\x3b\0\x20\x20\x69\x66\x20\x28\x65\x76\x65\x6e\x74\x20\x3d\
\x3d\x20\x4e\x55\x4c\x4c\x29\x20\x7b\0\x20\x20\x65\x76\x65\x6e\x74\x2d\x3e\x64\
\x61\x74\x61\x2e\x70\x72\x6f\x63\x65\x73\x73\x5f\x65\x76\x65\x6e\x74\x2e\x74\
\x79\x70\x65\x20\x3d\x20\x6b\x50\x72\x6f\x63\x65\x73\x73\x53\x74\x61\x72\x74\
\x45\x76\x65\x6e\x74\x3b\0\x20\x20\x65\x76\x65\x6e\x74\x2d\x3e\x74\x79\x70\x65\
\x20\x3d\x20\x6b\x50\x72\x6f\x63\x65\x73\x73\x45\x76\x65\x6e\x74\x3b\0\x30\x3a\
\x38\x34\0\x20\x20\x20\x20\x20\x20\x6e\x6f\x72\x6d\x61\x6c\x69\x7a\x65\x5f\x74\
\x6f\x5f\x6c\x61\x73\x74\x5f\x65\x78\x65\x63\x28\x42\x50\x46\x5f\x43\x4f\x52\
\x45\x5f\x52\x45\x41\x44\x28\x74\x2c\x20\x72\x65\x61\x6c\x5f\x70\x61\x72\x65\
\x6e\x74\x2c\x20\x67\x72\x6f\x75\x70\x5f\x6c\x65\x61\x64\x65\x72\x29\x29\x3b\0\
\x30\x3a\x38\x38\0\x20\x20\x66\x6f\x72\x20\x28\x69\x6e\x74\x20\x69\x20\x3d\x20\
\x30\x3b\x20\x69\x20\x3c\x20\x36\x34\x3b\x20\x2b\x2b\x69\x29\x20\x7b\0\x20\x20\
\x20\x20\x73\x74\x72\x75\x63\x74\x20\x74\x61\x73\x6b\x5f\x73\x74\x72\x75\x63\
\x74\x2a\x20\x70\x61\x72\x65\x6e\x74\x20\x3d\x20\x42\x50\x46\x5f\x43\x4f\x52\
\x45\x5f\x52\x45\x41\x44\x28\x72\x65\x74\x2c\x20\x72\x65\x61\x6c\x5f\x70\x61\
\x72\x65\x6e\x74\x2c\x20\x67\x72\x6f\x75\x70\x5f\x6c\x65\x61\x64\x65\x72\x29\
\x3b\0\x20\x20\x20\x20\x69\x66\x20\x28\x28\x21\x70\x61\x72\x65\x6e\x74\x29\x20\
\x7c\x7c\x20\x28\x42\x50\x46\x5f\x43\x4f\x52\x45\x5f\x52\x45\x41\x44\x28\x72\
\x65\x74\x2c\x20\x73\x65\x6c\x66\x5f\x65\x78\x65\x63\x5f\x69\x64\x29\x20\x21\
\x3d\0\x30\x3a\x31\x34\x30\0\x20\x20\x20\x20\x20\x20\x20\x20\x20\x20\x20\x20\
\x20\x20\x20\x20\x20\x20\x20\x20\x20\x20\x42\x50\x46\x5f\x43\x4f\x52\x45\x5f\
\x52\x45\x41\x44\x28\x70\x61\x72\x65\x6e\x74\x2c\x20\x73\x65\x6c\x66\x5f\x65\
\x78\x65\x63\x5f\x69\x64\x29\x29\x29\x20\x7b\0\x30\x3a\x38\x32\0\x20\x20\x74\
\x61\x73\x6b\x5f\x69\x6e\x66\x6f\x2d\x3e\x70\x70\x69\x64\x20\x3d\x20\x42\x50\
\x46\x5f\x43\x4f\x52\x45\x5f\x52\x45\x41\x44\x28\x70\x61\x72\x65\x6e\x74\x2c\
\x20\x74\x67\x69\x64\x29\x3b\0\x30\x3a\x31\x30\x36\0\x20\x20\x74\x61\x73\x6b\
\x5f\x69\x6e\x66\x6f\x2d\x3e\x70\x61\x72\x65\x6e\x74\x5f\x73\x74\x61\x72\x74\
\x5f\x74\x69\x6d\x65\x20\x3d\x20\x42\x50\x46\x5f\x43\x4f\x52\x45\x5f\x52\x45\
\x41\x44\x28\x70\x61\x72\x65\x6e\x74\x2c\x20\x73\x74\x61\x72\x74\x5f\x62\x6f\
\x6f\x74\x74\x69\x6d\x65\x29\x3b\0\x20\x20\x74\x61\x73\x6b\x5f\x69\x6e\x66\x6f\
\x2d\x3e\x73\x74\x61\x72\x74\x5f\x74\x69\x6d\x65\x20\x3d\x20\x42\x50\x46\x5f\
\x43\x4f\x52\x45\x5f\x52\x45\x41\x44\x28\x74\x2c\x20\x67\x72\x6f\x75\x70\x5f\
\x6c\x65\x61\x64\x65\x72\x2c\x20\x73\x74\x61\x72\x74\x5f\x62\x6f\x6f\x74\x74\
\x69\x6d\x65\x29\x3b\0\x20\x20\x74\x61\x73\x6b\x5f\x69\x6e\x66\x6f\x2d\x3e\x70\
\x69\x64\x20\x3d\x20\x42\x50\x46\x5f\x43\x4f\x52\x45\x5f\x52\x45\x41\x44\x28\
\x74\x2c\x20\x74\x67\x69\x64\x29\x3b\0\x30\x3a\x31\x31\x32\0\x20\x20\x74\x61\
\x73\x6b\x5f\x69\x6e\x66\x6f\x2d\x3e\x75\x69\x64\x20\x3d\x20\x42\x50\x46\x5f\
\x43\x4f\x52\x45\x5f\x52\x45\x41\x44\x28\x74\x2c\x20\x72\x65\x61\x6c\x5f\x63\
\x72\x65\x64\x2c\x20\x75\x69\x64\x2e\x76\x61\x6c\x29\x3b\0\x30\x3a\x34\x3a\x30\
\0\x20\x20\x74\x61\x73\x6b\x5f\x69\x6e\x66\x6f\x2d\x3e\x67\x69\x64\x20\x3d\x20\
\x42\x50\x46\x5f\x43\x4f\x52\x45\x5f\x52\x45\x41\x44\x28\x74\x2c\x20\x72\x65\
\x61\x6c\x5f\x63\x72\x65\x64\x2c\x20\x67\x69\x64\x2e\x76\x61\x6c\x29\x3b\0\x30\
\x3a\x35\x3a\x30\0\x30\x3a\x35\x35\0\x20\x20\x63\x6f\x6e\x73\x74\x20\x75\x69\
\x6e\x74\x70\x74\x72\x5f\x74\x20\x61\x72\x67\x5f\x73\x74\x61\x72\x74\x20\x3d\
\x20\x28\x75\x69\x6e\x74\x70\x74\x72\x5f\x74\x29\x42\x50\x46\x5f\x43\x4f\x52\
\x45\x5f\x52\x45\x41\x44\x28\x74\x2c\x20\x6d\x6d\x2c\x20\x61\x72\x67\x5f\x73\
\x74\x61\x72\x74\x29\x3b\0\x30\x3a\x30\x3a\x33\x37\0\x20\x20\x63\x6f\x6e\x73\
\x74\x20\x75\x69\x6e\x74\x70\x74\x72\x5f\x74\x20\x61\x72\x67\x5f\x65\x6e\x64\
\x20\x3d\x20\x28\x75\x69\x6e\x74\x70\x74\x72\x5f\x74\x29\x42\x50\x46\x5f\x43\
\x4f\x52\x45\x5f\x52\x45\x41\x44\x28\x74\x2c\x20\x6d\x6d\x2c\x20\x61\x72\x67\
\x5f\x65\x6e\x64\x29\x3b\0\x30\x3a\x30\x3a\x33\x38\0\x20\x20\x69\x66\x20\x28\
\x28\x61\x72\x67\x5f\x65\x6e\x64\x20\x2d\x20\x61\x72\x67\x5f\x73\x74\x61\x72\
\x74\x29\x20\x3e\x20\x73\x69\x7a\x65\x6f\x66\x28\x74\x61\x73\x6b\x5f\x69\x6e\
\x66\x6f\x2d\x3e\x63\x6f\x6d\x6d\x61\x6e\x64\x6c\x69\x6e\x65\x29\x29\x20\x7b\0\
\x20\x20\x62\x70\x66\x5f\x70\x72\x6f\x62\x65\x5f\x72\x65\x61\x64\x5f\x75\x73\
\x65\x72\x28\x74\x61\x73\x6b\x5f\x69\x6e\x66\x6f\x2d\x3e\x63\x6f\x6d\x6d\x61\
\x6e\x64\x6c\x69\x6e\x65\x2c\x20\x74\x61\x73\x6b\x5f\x69\x6e\x66\x6f\x2d\x3e\
\x63\x6f\x6d\x6d\x61\x6e\x64\x6c\x69\x6e\x65\x5f\x6c\x65\x6e\x2c\0\x20\x20\x69\
\x66\x20\x28\x74\x61\x73\x6b\x5f\x69\x6e\x66\x6f\x2d\x3e\x63\x6f\x6d\x6d\x61\
\x6e\x64\x6c\x69\x6e\x65\x5f\x6c\x65\x6e\x20\x3d\x3d\x20\x73\x69\x7a\x65\x6f\
\x66\x28\x74\x61\x73\x6b\x5f\x69\x6e\x66\x6f\x2d\x3e\x63\x6f\x6d\x6d\x61\x6e\
\x64\x6c\x69\x6e\x65\x29\x29\x20\x7b\0\x20\x20\x20\x20\x74\x61\x73\x6b\x5f\x69\
\x6e\x66\x6f\x2d\x3e\x63\x6f\x6d\x6d\x61\x6e\x64\x6c\x69\x6e\x65\x5b\x74\x61\
\x73\x6b\x5f\x69\x6e\x66\x6f\x2d\x3e\x63\x6f\x6d\x6d\x61\x6e\x64\x6c\x69\x6e\
\x65\x5f\x6c\x65\x6e\x20\x2d\x20\x31\x5d\x20\x3d\x20\x27\x5c\x30\x27\x3b\0\x30\
\x3a\x31\x32\x33\0\x20\x20\x6e\x73\x5f\x69\x6e\x66\x6f\x2d\x3e\x70\x69\x64\x5f\
\x6e\x73\x20\x3d\x20\x42\x50\x46\x5f\x43\x4f\x52\x45\x5f\x52\x45\x41\x44\x28\
\x74\x2c\x20\x6e\x73\x70\x72\x6f\x78\x79\x2c\x20\x70\x69\x64\x5f\x6e\x73\x5f\
\x66\x6f\x72\x5f\x63\x68\x69\x6c\x64\x72\x65\x6e\x2c\x20\x6e\x73\x2e\x69\x6e\
\x75\x6d\x29\x3b\0\x75\x74\x73\x5f\x6e\x73\0\x69\x70\x63\x5f\x6e\x73\0\x6d\x6e\
\x74\x5f\x6e\x73\0\x70\x69\x64\x5f\x6e\x73\x5f\x66\x6f\x72\x5f\x63\x68\x69\x6c\
\x64\x72\x65\x6e\0\x6e\x65\x74\x5f\x6e\x73\0\x74\x69\x6d\x65\x5f\x6e\x73\0\x74\
\x69\x6d\x65\x5f\x6e\x73\x5f\x66\x6f\x72\x5f\x63\x68\x69\x6c\x64\x72\x65\x6e\0\
\x63\x67\x72\x6f\x75\x70\x5f\x6e\x73\0\x74\x69\x6d\x65\x5f\x6e\x61\x6d\x65\x73\
\x70\x61\x63\x65\0\x6f\x66\x66\x73\x65\x74\x73\0\x76\x76\x61\x72\x5f\x70\x61\
\x67\x65\0\x66\x72\x6f\x7a\x65\x6e\x5f\x6f\x66\x66\x73\x65\x74\x73\0\x74\x69\
\x6d\x65\x6e\x73\x5f\x6f\x66\x66\x73\x65\x74\x73\0\x6d\x6f\x6e\x6f\x74\x6f\x6e\
\x69\x63\0\x62\x6f\x6f\x74\x74\x69\x6d\x65\0\x30\x3a\x31\x30\x3a\x32\0\x20\x20\
\x6e\x73\x5f\x69\x6e\x66\x6f\x2d\x3e\x6d\x6e\x74\x5f\x6e\x73\x20\x3d\x20\x42\
\x50\x46\x5f\x43\x4f\x52\x45\x5f\x52\x45\x41\x44\x28\x74\x2c\x20\x6e\x73\x70\
\x72\x6f\x78\x79\x2c\x20\x6d\x6e\x74\x5f\x6e\x73\x2c\x20\x6e\x73\x2e\x69\x6e\
\x75\x6d\x29\x3b\0\x30\x3a\x33\0\x6d\x6e\x74\x5f\x6e\x61\x6d\x65\x73\x70\x61\
\x63\x65\0\x6e\x73\x5f\x6c\x6f\x63\x6b\0\x73\x65\x71\0\x6d\x6f\x75\x6e\x74\x73\
\0\x70\x65\x6e\x64\x69\x6e\x67\x5f\x6d\x6f\x75\x6e\x74\x73\0\x30\x3a\x30\x3a\
\x32\0\x20\x20\x6e\x73\x5f\x69\x6e\x66\x6f\x2d\x3e\x63\x67\x72\x6f\x75\x70\x5f\
\x6e\x73\x20\x3d\x20\x42\x50\x46\x5f\x43\x4f\x52\x45\x5f\x52\x45\x41\x44\x28\
\x74\x2c\x20\x6e\x73\x70\x72\x6f\x78\x79\x2c\x20\x63\x67\x72\x6f\x75\x70\x5f\
\x6e\x73\x2c\x20\x6e\x73\x2e\x69\x6e\x75\x6d\x29\x3b\0\x30\x3a\x38\0\x63\x67\
\x72\x6f\x75\x70\x5f\x6e\x61\x6d\x65\x73\x70\x61\x63\x65\0\x72\x6f\x6f\x74\x5f\
\x63\x73\x65\x74\0\x63\x73\x73\x5f\x73\x65\x74\0\x73\x75\x62\x73\x79\x73\0\x64\
\x6f\x6d\x5f\x63\x73\x65\x74\0\x64\x66\x6c\x5f\x63\x67\x72\x70\0\x6e\x72\x5f\
\x74\x61\x73\x6b\x73\0\x6d\x67\x5f\x74\x61\x73\x6b\x73\0\x64\x79\x69\x6e\x67\
\x5f\x74\x61\x73\x6b\x73\0\x74\x61\x73\x6b\x5f\x69\x74\x65\x72\x73\0\x65\x5f\
\x63\x73\x65\x74\x5f\x6e\x6f\x64\x65\0\x74\x68\x72\x65\x61\x64\x65\x64\x5f\x63\
\x73\x65\x74\x73\0\x74\x68\x72\x65\x61\x64\x65\x64\x5f\x63\x73\x65\x74\x73\x5f\
\x6e\x6f\x64\x65\0\x68\x6c\x69\x73\x74\0\x63\x67\x72\x70\x5f\x6c\x69\x6e\x6b\
\x73\0\x6d\x67\x5f\x73\x72\x63\x5f\x70\x72\x65\x6c\x6f\x61\x64\x5f\x6e\x6f\x64\
\x65\0\x6d\x67\x5f\x64\x73\x74\x5f\x70\x72\x65\x6c\x6f\x61\x64\x5f\x6e\x6f\x64\
\x65\0\x6d\x67\x5f\x6e\x6f\x64\x65\0\x6d\x67\x5f\x73\x72\x63\x5f\x63\x67\x72\
\x70\0\x6d\x67\x5f\x64\x73\x74\x5f\x63\x67\x72\x70\0\x6d\x67\x5f\x64\x73\x74\
\x5f\x63\x73\x65\x74\0\x64\x65\x61\x64\0\x73\x65\x6c\x66\0\x6d\x61\x78\x5f\x64\
\x65\x70\x74\x68\0\x6e\x72\x5f\x64\x65\x73\x63\x65\x6e\x64\x61\x6e\x74\x73\0\
\x6e\x72\x5f\x64\x79\x69\x6e\x67\x5f\x64\x65\x73\x63\x65\x6e\x64\x61\x6e\x74\
\x73\0\x6d\x61\x78\x5f\x64\x65\x73\x63\x65\x6e\x64\x61\x6e\x74\x73\0\x6e\x72\
\x5f\x70\x6f\x70\x75\x6c\x61\x74\x65\x64\x5f\x63\x73\x65\x74\x73\0\x6e\x72\x5f\
\x70\x6f\x70\x75\x6c\x61\x74\x65\x64\x5f\x64\x6f\x6d\x61\x69\x6e\x5f\x63\x68\
\x69\x6c\x64\x72\x65\x6e\0\x6e\x72\x5f\x70\x6f\x70\x75\x6c\x61\x74\x65\x64\x5f\
\x74\x68\x72\x65\x61\x64\x65\x64\x5f\x63\x68\x69\x6c\x64\x72\x65\x6e\0\x6e\x72\
\x5f\x74\x68\x72\x65\x61\x64\x65\x64\x5f\x63\x68\x69\x6c\x64\x72\x65\x6e\0\x6b\
\x6e\0\x70\x72\x6f\x63\x73\x5f\x66\x69\x6c\x65\0\x65\x76\x65\x6e\x74\x73\x5f\
\x66\x69\x6c\x65\0\x73\x75\x62\x74\x72\x65\x65\x5f\x63\x6f\x6e\x74\x72\x6f\x6c\
\0\x73\x75\x62\x74\x72\x65\x65\x5f\x73\x73\x5f\x6d\x61\x73\x6b\0\x6f\x6c\x64\
\x5f\x73\x75\x62\x74\x72\x65\x65\x5f\x63\x6f\x6e\x74\x72\x6f\x6c\0\x6f\x6c\x64\
\x5f\x73\x75\x62\x74\x72\x65\x65\x5f\x73\x73\x5f\x6d\x61\x73\x6b\0\x63\x73\x65\
\x74\x5f\x6c\x69\x6e\x6b\x73\0\x65\x5f\x63\x73\x65\x74\x73\0\x64\x6f\x6d\x5f\
\x63\x67\x72\x70\0\x6f\x6c\x64\x5f\x64\x6f\x6d\x5f\x63\x67\x72\x70\0\x72\x73\
\x74\x61\x74\x5f\x63\x70\x75\0\x72\x73\x74\x61\x74\x5f\x63\x73\x73\x5f\x6c\x69\
\x73\x74\0\x6c\x61\x73\x74\x5f\x62\x73\x74\x61\x74\0\x62\x73\x74\x61\x74\0\x70\
\x69\x64\x6c\x69\x73\x74\x73\0\x70\x69\x64\x6c\x69\x73\x74\x5f\x6d\x75\x74\x65\
\x78\0\x6f\x66\x66\x6c\x69\x6e\x65\x5f\x77\x61\x69\x74\x71\0\x72\x65\x6c\x65\
\x61\x73\x65\x5f\x61\x67\x65\x6e\x74\x5f\x77\x6f\x72\x6b\0\x70\x73\x69\0\x62\
\x70\x66\0\x63\x6f\x6e\x67\x65\x73\x74\x69\x6f\x6e\x5f\x63\x6f\x75\x6e\x74\0\
\x66\x72\x65\x65\x7a\x65\x72\0\x61\x6e\x63\x65\x73\x74\x6f\x72\x5f\x69\x64\x73\
\0\x6b\x65\x72\x6e\x66\x73\x5f\x6e\x6f\x64\x65\0\x70\x72\x69\x76\0\x69\x61\x74\
\x74\x72\0\x73\x79\x6d\x6c\x69\x6e\x6b\0\x6b\x65\x72\x6e\x66\x73\x5f\x65\x6c\
\x65\x6d\x5f\x64\x69\x72\0\x73\x75\x62\x64\x69\x72\x73\0\x72\x65\x76\0\x6b\x65\
\x72\x6e\x66\x73\x5f\x65\x6c\x65\x6d\x5f\x73\x79\x6d\x6c\x69\x6e\x6b\0\x74\x61\
\x72\x67\x65\x74\x5f\x6b\x6e\0\x6b\x65\x72\x6e\x66\x73\x5f\x65\x6c\x65\x6d\x5f\
\x61\x74\x74\x72\0\x6e\x6f\x74\x69\x66\x79\x5f\x6e\x65\x78\x74\0\x63\x67\x72\
\x6f\x75\x70\x5f\x66\x69\x6c\x65\0\x6e\x6f\x74\x69\x66\x69\x65\x64\x5f\x61\x74\
\0\x6e\x6f\x74\x69\x66\x79\x5f\x74\x69\x6d\x65\x72\0\x63\x67\x72\x6f\x75\x70\
\x5f\x62\x61\x73\x65\x5f\x73\x74\x61\x74\0\x63\x70\x75\x74\x69\x6d\x65\0\x74\
\x61\x73\x6b\x5f\x63\x70\x75\x74\x69\x6d\x65\0\x70\x73\x69\x5f\x67\x72\x6f\x75\
\x70\0\x61\x76\x67\x73\x5f\x6c\x6f\x63\x6b\0\x70\x63\x70\x75\0\x61\x76\x67\x5f\
\x74\x6f\x74\x61\x6c\0\x61\x76\x67\x5f\x6c\x61\x73\x74\x5f\x75\x70\x64\x61\x74\
\x65\0\x61\x76\x67\x5f\x6e\x65\x78\x74\x5f\x75\x70\x64\x61\x74\x65\0\x61\x76\
\x67\x73\x5f\x77\x6f\x72\x6b\0\x74\x6f\x74\x61\x6c\0\x70\x6f\x6c\x6c\x5f\x74\
\x61\x73\x6b\0\x70\x6f\x6c\x6c\x5f\x74\x69\x6d\x65\x72\0\x70\x6f\x6c\x6c\x5f\
\x77\x61\x69\x74\0\x70\x6f\x6c\x6c\x5f\x77\x61\x6b\x65\x75\x70\0\x74\x72\x69\
\x67\x67\x65\x72\x5f\x6c\x6f\x63\x6b\0\x74\x72\x69\x67\x67\x65\x72\x73\0\x6e\
\x72\x5f\x74\x72\x69\x67\x67\x65\x72\x73\0\x70\x6f\x6c\x6c\x5f\x73\x74\x61\x74\
\x65\x73\0\x70\x6f\x6c\x6c\x5f\x6d\x69\x6e\x5f\x70\x65\x72\x69\x6f\x64\0\x70\
\x6f\x6c\x6c\x69\x6e\x67\x5f\x74\x6f\x74\x61\x6c\0\x70\x6f\x6c\x6c\x69\x6e\x67\
\x5f\x6e\x65\x78\x74\x5f\x75\x70\x64\x61\x74\x65\0\x70\x6f\x6c\x6c\x69\x6e\x67\
\x5f\x75\x6e\x74\x69\x6c\0\x64\x65\x6c\x61\x79\x65\x64\x5f\x77\x6f\x72\x6b\0\
\x74\x69\x6d\x65\x72\0\x77\x6f\x72\x6b\x71\x75\x65\x75\x65\x5f\x73\x74\x72\x75\
\x63\x74\0\x70\x77\x71\x73\0\x77\x6f\x72\x6b\x5f\x63\x6f\x6c\x6f\x72\0\x66\x6c\
\x75\x73\x68\x5f\x63\x6f\x6c\x6f\x72\0\x6e\x72\x5f\x70\x77\x71\x73\x5f\x74\x6f\
\x5f\x66\x6c\x75\x73\x68\0\x66\x69\x72\x73\x74\x5f\x66\x6c\x75\x73\x68\x65\x72\
\0\x66\x6c\x75\x73\x68\x65\x72\x5f\x71\x75\x65\x75\x65\0\x66\x6c\x75\x73\x68\
\x65\x72\x5f\x6f\x76\x65\x72\x66\x6c\x6f\x77\0\x6d\x61\x79\x64\x61\x79\x73\0\
\x72\x65\x73\x63\x75\x65\x72\0\x6e\x72\x5f\x64\x72\x61\x69\x6e\x65\x72\x73\0\
\x73\x61\x76\x65\x64\x5f\x6d\x61\x78\x5f\x61\x63\x74\x69\x76\x65\0\x75\x6e\x62\
\x6f\x75\x6e\x64\x5f\x61\x74\x74\x72\x73\0\x64\x66\x6c\x5f\x70\x77\x71\0\x77\
\x71\x5f\x64\x65\x76\0\x63\x70\x75\x5f\x70\x77\x71\x73\0\x6e\x75\x6d\x61\x5f\
\x70\x77\x71\x5f\x74\x62\x6c\0\x70\x6f\x6f\x6c\x5f\x77\x6f\x72\x6b\x71\x75\x65\
\x75\x65\0\x70\x6f\x6f\x6c\0\x6e\x72\x5f\x69\x6e\x5f\x66\x6c\x69\x67\x68\x74\0\
\x6d\x61\x78\x5f\x61\x63\x74\x69\x76\x65\0\x69\x6e\x61\x63\x74\x69\x76\x65\x5f\
\x77\x6f\x72\x6b\x73\0\x70\x77\x71\x73\x5f\x6e\x6f\x64\x65\0\x6d\x61\x79\x64\
\x61\x79\x5f\x6e\x6f\x64\x65\0\x75\x6e\x62\x6f\x75\x6e\x64\x5f\x72\x65\x6c\x65\
\x61\x73\x65\x5f\x77\x6f\x72\x6b\0\x63\x67\x72\x6f\x75\x70\x5f\x62\x70\x66\0\
\x65\x66\x66\x65\x63\x74\x69\x76\x65\0\x70\x72\x6f\x67\x73\0\x73\x74\x6f\x72\
\x61\x67\x65\x73\0\x69\x6e\x61\x63\x74\x69\x76\x65\0\x72\x65\x6c\x65\x61\x73\
\x65\x5f\x77\x6f\x72\x6b\0\x62\x70\x66\x5f\x70\x72\x6f\x67\x5f\x61\x72\x72\x61\
\x79\0\x69\x74\x65\x6d\x73\0\x62\x70\x66\x5f\x70\x72\x6f\x67\x5f\x61\x72\x72\
\x61\x79\x5f\x69\x74\x65\x6d\0\x62\x70\x66\x5f\x70\x72\x6f\x67\0\x6a\x69\x74\
\x65\x64\0\x6a\x69\x74\x5f\x72\x65\x71\x75\x65\x73\x74\x65\x64\0\x67\x70\x6c\
\x5f\x63\x6f\x6d\x70\x61\x74\x69\x62\x6c\x65\0\x63\x62\x5f\x61\x63\x63\x65\x73\
\x73\0\x64\x73\x74\x5f\x6e\x65\x65\x64\x65\x64\0\x62\x6c\x69\x6e\x64\x65\x64\0\
\x69\x73\x5f\x66\x75\x6e\x63\0\x6b\x70\x72\x6f\x62\x65\x5f\x6f\x76\x65\x72\x72\
\x69\x64\x65\0\x68\x61\x73\x5f\x63\x61\x6c\x6c\x63\x68\x61\x69\x6e\x5f\x62\x75\
\x66\0\x65\x6e\x66\x6f\x72\x63\x65\x5f\x65\x78\x70\x65\x63\x74\x65\x64\x5f\x61\
\x74\x74\x61\x63\x68\x5f\x74\x79\x70\x65\0\x63\x61\x6c\x6c\x5f\x67\x65\x74\x5f\
\x73\x74\x61\x63\x6b\0\x63\x61\x6c\x6c\x5f\x67\x65\x74\x5f\x66\x75\x6e\x63\x5f\
\x69\x70\0\x65\x78\x70\x65\x63\x74\x65\x64\x5f\x61\x74\x74\x61\x63\x68\x5f\x74\
\x79\x70\x65\0\x6a\x69\x74\x65\x64\x5f\x6c\x65\x6e\0\x74\x61\x67\0\x73\x74\x61\
\x74\x73\0\x62\x70\x66\x5f\x66\x75\x6e\x63\0\x61\x75\x78\0\x6f\x72\x69\x67\x5f\
\x70\x72\x6f\x67\0\x69\x6e\x73\x6e\x73\0\x69\x6e\x73\x6e\x73\x69\0\x62\x70\x66\
\x5f\x70\x72\x6f\x67\x5f\x74\x79\x70\x65\0\x42\x50\x46\x5f\x50\x52\x4f\x47\x5f\
\x54\x59\x50\x45\x5f\x55\x4e\x53\x50\x45\x43\0\x42\x50\x46\x5f\x50\x52\x4f\x47\
\x5f\x54\x59\x50\x45\x5f\x53\x4f\x43\x4b\x45\x54\x5f\x46\x49\x4c\x54\x45\x52\0\
\x42\x50\x46\x5f\x50\x52\x4f\x47\x5f\x54\x59\x50\x45\x5f\x4b\x50\x52\x4f\x42\
\x45\0\x42\x50\x46\x5f\x50\x52\x4f\x47\x5f\x54\x59\x50\x45\x5f\x53\x43\x48\x45\
\x44\x5f\x43\x4c\x53\0\x42\x50\x46\x5f\x50\x52\x4f\x47\x5f\x54\x59\x50\x45\x5f\
\x53\x43\x48\x45\x44\x5f\x41\x43\x54\0\x42\x50\x46\x5f\x50\x52\x4f\x47\x5f\x54\
\x59\x50\x45\x5f\x54\x52\x41\x43\x45\x50\x4f\x49\x4e\x54\0\x42\x50\x46\x5f\x50\
\x52\x4f\x47\x5f\x54\x59\x50\x45\x5f\x58\x44\x50\0\x42\x50\x46\x5f\x50\x52\x4f\
\x47\x5f\x54\x59\x50\x45\x5f\x50\x45\x52\x46\x5f\x45\x56\x45\x4e\x54\0\x42\x50\
\x46\x5f\x50\x52\x4f\x47\x5f\x54\x59\x50\x45\x5f\x43\x47\x52\x4f\x55\x50\x5f\
\x53\x4b\x42\0\x42\x50\x46\x5f\x50\x52\x4f\x47\x5f\x54\x59\x50\x45\x5f\x43\x47\
\x52\x4f\x55\x50\x5f\x53\x4f\x43\x4b\0\x42\x50\x46\x5f\x50\x52\x4f\x47\x5f\x54\
\x59\x50\x45\x5f\x4c\x57\x54\x5f\x49\x4e\0\x42\x50\x46\x5f\x50\x52\x4f\x47\x5f\
\x54\x59\x50\x45\x5f\x4c\x57\x54\x5f\x4f\x55\x54\0\x42\x50\x46\x5f\x50\x52\x4f\
\x47\x5f\x54\x59\x50\x45\x5f\x4c\x57\x54\x5f\x58\x4d\x49\x54\0\x42\x50\x46\x5f\
\x50\x52\x4f\x47\x5f\x54\x59\x50\x45\x5f\x53\x4f\x43\x4b\x5f\x4f\x50\x53\0\x42\
\x50\x46\x5f\x50\x52\x4f\x47\x5f\x54\x59\x50\x45\x5f\x53\x4b\x5f\x53\x4b\x42\0\
\x42\x50\x46\x5f\x50\x52\x4f\x47\x5f\x54\x59\x50\x45\x5f\x43\x47\x52\x4f\x55\
\x50\x5f\x44\x45\x56\x49\x43\x45\0\x42\x50\x46\x5f\x50\x52\x4f\x47\x5f\x54\x59\
\x50\x45\x5f\x53\x4b\x5f\x4d\x53\x47\0\x42\x50\x46\x5f\x50\x52\x4f\x47\x5f\x54\
\x59\x50\x45\x5f\x52\x41\x57\x5f\x54\x52\x41\x43\x45\x50\x4f\x49\x4e\x54\0\x42\
\x50\x46\x5f\x50\x52\x4f\x47\x5f\x54\x59\x50\x45\x5f\x43\x47\x52\x4f\x55\x50\
\x5f\x53\x4f\x43\x4b\x5f\x41\x44\x44\x52\0\x42\x50\x46\x5f\x50\x52\x4f\x47\x5f\
\x54\x59\x50\x45\x5f\x4c\x57\x54\x5f\x53\x45\x47\x36\x4c\x4f\x43\x41\x4c\0\x42\
\x50\x46\x5f\x50\x52\x4f\x47\x5f\x54\x59\x50\x45\x5f\x4c\x49\x52\x43\x5f\x4d\
\x4f\x44\x45\x32\0\x42\x50\x46\x5f\x50\x52\x4f\x47\x5f\x54\x59\x50\x45\x5f\x53\
\x4b\x5f\x52\x45\x55\x53\x45\x50\x4f\x52\x54\0\x42\x50\x46\x5f\x50\x52\x4f\x47\
\x5f\x54\x59\x50\x45\x5f\x46\x4c\x4f\x57\x5f\x44\x49\x53\x53\x45\x43\x54\x4f\
\x52\0\x42\x50\x46\x5f\x50\x52\x4f\x47\x5f\x54\x59\x50\x45\x5f\x43\x47\x52\x4f\
\x55\x50\x5f\x53\x59\x53\x43\x54\x4c\0\x42\x50\x46\x5f\x50\x52\x4f\x47\x5f\x54\
\x59\x50\x45\x5f\x52\x41\x57\x5f\x54\x52\x41\x43\x45\x50\x4f\x49\x4e\x54\x5f\
\x57\x52\x49\x54\x41\x42\x4c\x45\0\x42\x50\x46\x5f\x50\x52\x4f\x47\x5f\x54\x59\
\x50\x45\x5f\x43\x47\x52\x4f\x55\x50\x5f\x53\x4f\x43\x4b\x4f\x50\x54\0\x42\x50\
\x46\x5f\x50\x52\x4f\x47\x5f\x54\x59\x50\x45\x5f\x54\x52\x41\x43\x49\x4e\x47\0\
\x42\x50\x46\x5f\x50\x52\x4f\x47\x5f\x54\x59\x50\x45\x5f\x53\x54\x52\x55\x43\
\x54\x5f\x4f\x50\x53\0\x42\x50\x46\x5f\x50\x52\x4f\x47\x5f\x54\x59\x50\x45\x5f\
\x45\x58\x54\0\x42\x50\x46\x5f\x50\x52\x4f\x47\x5f\x54\x59\x50\x45\x5f\x4c\x53\
\x4d\0\x42\x50\x46\x5f\x50\x52\x4f\x47\x5f\x54\x59\x50\x45\x5f\x53\x4b\x5f\x4c\
\x4f\x4f\x4b\x55\x50\0\x42\x50\x46\x5f\x50\x52\x4f\x47\x5f\x54\x59\x50\x45\x5f\
\x53\x59\x53\x43\x41\x4c\x4c\0\x62\x70\x66\x5f\x61\x74\x74\x61\x63\x68\x5f\x74\
\x79\x70\x65\0\x42\x50\x46\x5f\x43\x47\x52\x4f\x55\x50\x5f\x49\x4e\x45\x54\x5f\
\x49\x4e\x47\x52\x45\x53\x53\0\x42\x50\x46\x5f\x43\x47\x52\x4f\x55\x50\x5f\x49\
\x4e\x45\x54\x5f\x45\x47\x52\x45\x53\x53\0\x42\x50\x46\x5f\x43\x47\x52\x4f\x55\
\x50\x5f\x49\x4e\x45\x54\x5f\x53\x4f\x43\x4b\x5f\x43\x52\x45\x41\x54\x45\0\x42\
\x50\x46\x5f\x43\x47\x52\x4f\x55\x50\x5f\x53\x4f\x43\x4b\x5f\x4f\x50\x53\0\x42\
\x50\x46\x5f\x53\x4b\x5f\x53\x4b\x42\x5f\x53\x54\x52\x45\x41\x4d\x5f\x50\x41\
\x52\x53\x45\x52\0\x42\x50\x46\x5f\x53\x4b\x5f\x53\x4b\x42\x5f\x53\x54\x52\x45\
\x41\x4d\x5f\x56\x45\x52\x44\x49\x43\x54\0\x42\x50\x46\x5f\x43\x47\x52\x4f\x55\
\x50\x5f\x44\x45\x56\x49\x43\x45\0\x42\x50\x46\x5f\x53\x4b\x5f\x4d\x53\x47\x5f\
\x56\x45\x52\x44\x49\x43\x54\0\x42\x50\x46\x5f\x43\x47\x52\x4f\x55\x50\x5f\x49\
\x4e\x45\x54\x34\x5f\x42\x49\x4e\x44\0\x42\x50\x46\x5f\x43\x47\x52\x4f\x55\x50\
\x5f\x49\x4e\x45\x54\x36\x5f\x42\x49\x4e\x44\0\x42\x50\x46\x5f\x43\x47\x52\x4f\
\x55\x50\x5f\x49\x4e\x45\x54\x34\x5f\x43\x4f\x4e\x4e\x45\x43\x54\0\x42\x50\x46\
\x5f\x43\x47\x52\x4f\x55\x50\x5f\x49\x4e\x45\x54\x36\x5f\x43\x4f\x4e\x4e\x45\
\x43\x54\0\x42\x50\x46\x5f\x43\x47\x52\x4f\x55\x50\x5f\x49\x4e\x45\x54\x34\x5f\
\x50\x4f\x53\x54\x5f\x42\x49\x4e\x44\0\x42\x50\x46\x5f\x43\x47\x52\x4f\x55\x50\
\x5f\x49\x4e\x45\x54\x36\x5f\x50\x4f\x53\x54\x5f\x42\x49\x4e\x44\0\x42\x50\x46\
\x5f\x43\x47\x52\x4f\x55\x50\x5f\x55\x44\x50\x34\x5f\x53\x45\x4e\x44\x4d\x53\
\x47\0\x42\x50\x46\x5f\x43\x47\x52\x4f\x55\x50\x5f\x55\x44\x50\x36\x5f\x53\x45\
\x4e\x44\x4d\x53\x47\0\x42\x50\x46\x5f\x4c\x49\x52\x43\x5f\x4d\x4f\x44\x45\x32\
\0\x42\x50\x46\x5f\x46\x4c\x4f\x57\x5f\x44\x49\x53\x53\x45\x43\x54\x4f\x52\0\
\x42\x50\x46\x5f\x43\x47\x52\x4f\x55\x50\x5f\x53\x59\x53\x43\x54\x4c\0\x42\x50\
\x46\x5f\x43\x47\x52\x4f\x55\x50\x5f\x55\x44\x50\x34\x5f\x52\x45\x43\x56\x4d\
\x53\x47\0\x42\x50\x46\x5f\x43\x47\x52\x4f\x55\x50\x5f\x55\x44\x50\x36\x5f\x52\
\x45\x43\x56\x4d\x53\x47\0\x42\x50\x46\x5f\x43\x47\x52\x4f\x55\x50\x5f\x47\x45\
\x54\x53\x4f\x43\x4b\x4f\x50\x54\0\x42\x50\x46\x5f\x43\x47\x52\x4f\x55\x50\x5f\
\x53\x45\x54\x53\x4f\x43\x4b\x4f\x50\x54\0\x42\x50\x46\x5f\x54\x52\x41\x43\x45\
\x5f\x52\x41\x57\x5f\x54\x50\0\x42\x50\x46\x5f\x54\x52\x41\x43\x45\x5f\x46\x45\
\x4e\x54\x52\x59\0\x42\x50\x46\x5f\x54\x52\x41\x43\x45\x5f\x46\x45\x58\x49\x54\
\0\x42\x50\x46\x5f\x4d\x4f\x44\x49\x46\x59\x5f\x52\x45\x54\x55\x52\x4e\0\x42\
\x50\x46\x5f\x4c\x53\x4d\x5f\x4d\x41\x43\0\x42\x50\x46\x5f\x54\x52\x41\x43\x45\
\x5f\x49\x54\x45\x52\0\x42\x50\x46\x5f\x43\x47\x52\x4f\x55\x50\x5f\x49\x4e\x45\
\x54\x34\x5f\x47\x45\x54\x50\x45\x45\x52\x4e\x41\x4d\x45\0\x42\x50\x46\x5f\x43\
\x47\x52\x4f\x55\x50\x5f\x49\x4e\x45\x54\x36\x5f\x47\x45\x54\x50\x45\x45\x52\
\x4e\x41\x4d\x45\0\x42\x50\x46\x5f\x43\x47\x52\x4f\x55\x50\x5f\x49\x4e\x45\x54\
\x34\x5f\x47\x45\x54\x53\x4f\x43\x4b\x4e\x41\x4d\x45\0\x42\x50\x46\x5f\x43\x47\
\x52\x4f\x55\x50\x5f\x49\x4e\x45\x54\x36\x5f\x47\x45\x54\x53\x4f\x43\x4b\x4e\
\x41\x4d\x45\0\x42\x50\x46\x5f\x58\x44\x50\x5f\x44\x45\x56\x4d\x41\x50\0\x42\
\x50\x46\x5f\x43\x47\x52\x4f\x55\x50\x5f\x49\x4e\x45\x54\x5f\x53\x4f\x43\x4b\
\x5f\x52\x45\x4c\x45\x41\x53\x45\0\x42\x50\x46\x5f\x58\x44\x50\x5f\x43\x50\x55\
\x4d\x41\x50\0\x42\x50\x46\x5f\x53\x4b\x5f\x4c\x4f\x4f\x4b\x55\x50\0\x42\x50\
\x46\x5f\x58\x44\x50\0\x42\x50\x46\x5f\x53\x4b\x5f\x53\x4b\x42\x5f\x56\x45\x52\
\x44\x49\x43\x54\0\x42\x50\x46\x5f\x53\x4b\x5f\x52\x45\x55\x53\x45\x50\x4f\x52\
\x54\x5f\x53\x45\x4c\x45\x43\x54\0\x42\x50\x46\x5f\x53\x4b\x5f\x52\x45\x55\x53\
\x45\x50\x4f\x52\x54\x5f\x53\x45\x4c\x45\x43\x54\x5f\x4f\x52\x5f\x4d\x49\x47\
\x52\x41\x54\x45\0\x42\x50\x46\x5f\x50\x45\x52\x46\x5f\x45\x56\x45\x4e\x54\0\
\x5f\x5f\x4d\x41\x58\x5f\x42\x50\x46\x5f\x41\x54\x54\x41\x43\x48\x5f\x54\x59\
\x50\x45\0\x62\x70\x66\x5f\x69\x6e\x73\x6e\0\x63\x6f\x64\x65\0\x64\x73\x74\x5f\
\x72\x65\x67\0\x73\x72\x63\x5f\x72\x65\x67\0\x6f\x66\x66\0\x69\x6d\x6d\0\x73\
\x6f\x63\x6b\x5f\x66\x69\x6c\x74\x65\x72\0\x6a\x74\0\x6a\x66\0\x6b\0\x63\x67\
\x72\x6f\x75\x70\x5f\x73\x74\x6f\x72\x61\x67\x65\0\x62\x70\x66\x5f\x63\x67\x72\
\x6f\x75\x70\x5f\x73\x74\x6f\x72\x61\x67\x65\0\x6d\x61\x70\0\x6c\x69\x73\x74\
\x5f\x6d\x61\x70\0\x6c\x69\x73\x74\x5f\x63\x67\0\x70\x65\x72\x63\x70\x75\x5f\
\x62\x75\x66\0\x62\x70\x66\x5f\x63\x67\x72\x6f\x75\x70\x5f\x73\x74\x6f\x72\x61\
\x67\x65\x5f\x6b\x65\x79\0\x63\x67\x72\x6f\x75\x70\x5f\x69\x6e\x6f\x64\x65\x5f\
\x69\x64\0\x61\x74\x74\x61\x63\x68\x5f\x74\x79\x70\x65\0\x63\x67\x72\x6f\x75\
\x70\x5f\x66\x72\x65\x65\x7a\x65\x72\x5f\x73\x74\x61\x74\x65\0\x66\x72\x65\x65\
\x7a\x65\0\x65\x5f\x66\x72\x65\x65\x7a\x65\0\x6e\x72\x5f\x66\x72\x6f\x7a\x65\
\x6e\x5f\x64\x65\x73\x63\x65\x6e\x64\x61\x6e\x74\x73\0\x6e\x72\x5f\x66\x72\x6f\
\x7a\x65\x6e\x5f\x74\x61\x73\x6b\x73\0\x20\x20\x6e\x73\x5f\x69\x6e\x66\x6f\x2d\
\x3e\x69\x70\x63\x5f\x6e\x73\x20\x3d\x20\x42\x50\x46\x5f\x43\x4f\x52\x45\x5f\
\x52\x45\x41\x44\x28\x74\x2c\x20\x6e\x73\x70\x72\x6f\x78\x79\x2c\x20\x69\x70\
\x63\x5f\x6e\x73\x2c\x20\x6e\x73\x2e\x69\x6e\x75\x6d\x29\x3b\0\x30\x3a\x32\0\
\x69\x70\x63\x5f\x6e\x61\x6d\x65\x73\x70\x61\x63\x65\0\x69\x64\x73\0\x73\x65\
\x6d\x5f\x63\x74\x6c\x73\0\x75\x73\x65\x64\x5f\x73\x65\x6d\x73\0\x6d\x73\x67\
\x5f\x63\x74\x6c\x6d\x61\x78\0\x6d\x73\x67\x5f\x63\x74\x6c\x6d\x6e\x62\0\x6d\
\x73\x67\x5f\x63\x74\x6c\x6d\x6e\x69\0\x6d\x73\x67\x5f\x62\x79\x74\x65\x73\0\
\x6d\x73\x67\x5f\x68\x64\x72\x73\0\x73\x68\x6d\x5f\x63\x74\x6c\x6d\x61\x78\0\
\x73\x68\x6d\x5f\x63\x74\x6c\x61\x6c\x6c\0\x73\x68\x6d\x5f\x74\x6f\x74\0\x73\
\x68\x6d\x5f\x63\x74\x6c\x6d\x6e\x69\0\x73\x68\x6d\x5f\x72\x6d\x69\x64\x5f\x66\
\x6f\x72\x63\x65\x64\0\x69\x70\x63\x6e\x73\x5f\x6e\x62\0\x6d\x71\x5f\x6d\x6e\
\x74\0\x6d\x71\x5f\x71\x75\x65\x75\x65\x73\x5f\x63\x6f\x75\x6e\x74\0\x6d\x71\
\x5f\x71\x75\x65\x75\x65\x73\x5f\x6d\x61\x78\0\x6d\x71\x5f\x6d\x73\x67\x5f\x6d\
\x61\x78\0\x6d\x71\x5f\x6d\x73\x67\x73\x69\x7a\x65\x5f\x6d\x61\x78\0\x6d\x71\
\x5f\x6d\x73\x67\x5f\x64\x65\x66\x61\x75\x6c\x74\0\x6d\x71\x5f\x6d\x73\x67\x73\
\x69\x7a\x65\x5f\x64\x65\x66\x61\x75\x6c\x74\0\x6d\x6e\x74\x5f\x6c\x6c\x69\x73\
\x74\0\x69\x70\x63\x5f\x69\x64\x73\0\x69\x6e\x5f\x75\x73\x65\0\x72\x77\x73\x65\
\x6d\0\x69\x70\x63\x73\x5f\x69\x64\x72\0\x6d\x61\x78\x5f\x69\x64\x78\0\x6c\x61\
\x73\x74\x5f\x69\x64\x78\0\x6b\x65\x79\x5f\x68\x74\0\x72\x68\x61\x73\x68\x74\
\x61\x62\x6c\x65\0\x74\x62\x6c\0\x6b\x65\x79\x5f\x6c\x65\x6e\0\x6d\x61\x78\x5f\
\x65\x6c\x65\x6d\x73\0\x72\x68\x6c\x69\x73\x74\0\x72\x75\x6e\x5f\x77\x6f\x72\
\x6b\0\x6e\x65\x6c\x65\x6d\x73\0\x72\x68\x61\x73\x68\x74\x61\x62\x6c\x65\x5f\
\x70\x61\x72\x61\x6d\x73\0\x6e\x65\x6c\x65\x6d\x5f\x68\x69\x6e\x74\0\x6b\x65\
\x79\x5f\x6f\x66\x66\x73\x65\x74\0\x68\x65\x61\x64\x5f\x6f\x66\x66\x73\x65\x74\
\0\x6d\x61\x78\x5f\x73\x69\x7a\x65\0\x6d\x69\x6e\x5f\x73\x69\x7a\x65\0\x61\x75\
\x74\x6f\x6d\x61\x74\x69\x63\x5f\x73\x68\x72\x69\x6e\x6b\x69\x6e\x67\0\x68\x61\
\x73\x68\x66\x6e\0\x6f\x62\x6a\x5f\x68\x61\x73\x68\x66\x6e\0\x6f\x62\x6a\x5f\
\x63\x6d\x70\x66\x6e\0\x72\x68\x74\x5f\x68\x61\x73\x68\x66\x6e\x5f\x74\0\x72\
\x68\x74\x5f\x6f\x62\x6a\x5f\x68\x61\x73\x68\x66\x6e\x5f\x74\0\x72\x68\x74\x5f\
\x6f\x62\x6a\x5f\x63\x6d\x70\x66\x6e\x5f\x74\0\x72\x68\x61\x73\x68\x74\x61\x62\
\x6c\x65\x5f\x63\x6f\x6d\x70\x61\x72\x65\x5f\x61\x72\x67\0\x68\x74\0\x6e\x6f\
\x74\x69\x66\x69\x65\x72\x5f\x62\x6c\x6f\x63\x6b\0\x6e\x6f\x74\x69\x66\x69\x65\
\x72\x5f\x63\x61\x6c\x6c\0\x70\x72\x69\x6f\x72\x69\x74\x79\0\x6e\x6f\x74\x69\
\x66\x69\x65\x72\x5f\x66\x6e\x5f\x74\0\x76\x66\x73\x6d\x6f\x75\x6e\x74\0\x6d\
\x6e\x74\x5f\x72\x6f\x6f\x74\0\x6d\x6e\x74\x5f\x73\x62\0\x6d\x6e\x74\x5f\x66\
\x6c\x61\x67\x73\0\x6d\x6e\x74\x5f\x75\x73\x65\x72\x6e\x73\0\x64\x5f\x66\x6c\
\x61\x67\x73\0\x64\x5f\x73\x65\x71\0\x64\x5f\x68\x61\x73\x68\0\x64\x5f\x70\x61\
\x72\x65\x6e\x74\0\x64\x5f\x6e\x61\x6d\x65\0\x64\x5f\x69\x6e\x6f\x64\x65\0\x64\
\x5f\x69\x6e\x61\x6d\x65\0\x64\x5f\x6c\x6f\x63\x6b\x72\x65\x66\0\x64\x5f\x6f\
\x70\0\x64\x5f\x73\x62\0\x64\x5f\x74\x69\x6d\x65\0\x64\x5f\x66\x73\x64\x61\x74\
\x61\0\x64\x5f\x63\x68\x69\x6c\x64\0\x64\x5f\x73\x75\x62\x64\x69\x72\x73\0\x64\
\x5f\x75\0\x68\x6c\x69\x73\x74\x5f\x62\x6c\x5f\x6e\x6f\x64\x65\0\x71\x73\x74\
\x72\0\x68\x61\x73\x68\x5f\x6c\x65\x6e\0\x6c\x6f\x63\x6b\x72\x65\x66\0\x6c\x6f\
\x63\x6b\x5f\x63\x6f\x75\x6e\x74\0\x73\x75\x70\x65\x72\x5f\x62\x6c\x6f\x63\x6b\
\0\x73\x5f\x6c\x69\x73\x74\0\x73\x5f\x64\x65\x76\0\x73\x5f\x62\x6c\x6f\x63\x6b\
\x73\x69\x7a\x65\x5f\x62\x69\x74\x73\0\x73\x5f\x62\x6c\x6f\x63\x6b\x73\x69\x7a\
\x65\0\x73\x5f\x6d\x61\x78\x62\x79\x74\x65\x73\0\x73\x5f\x74\x79\x70\x65\0\x73\
\x5f\x6f\x70\0\x64\x71\x5f\x6f\x70\0\x73\x5f\x71\x63\x6f\x70\0\x73\x5f\x65\x78\
\x70\x6f\x72\x74\x5f\x6f\x70\0\x73\x5f\x66\x6c\x61\x67\x73\0\x73\x5f\x69\x66\
\x6c\x61\x67\x73\0\x73\x5f\x6d\x61\x67\x69\x63\0\x73\x5f\x72\x6f\x6f\x74\0\x73\
\x5f\x75\x6d\x6f\x75\x6e\x74\0\x73\x5f\x63\x6f\x75\x6e\x74\0\x73\x5f\x61\x63\
\x74\x69\x76\x65\0\x73\x5f\x73\x65\x63\x75\x72\x69\x74\x79\0\x73\x5f\x78\x61\
\x74\x74\x72\0\x73\x5f\x63\x6f\x70\0\x73\x5f\x6d\x61\x73\x74\x65\x72\x5f\x6b\
\x65\x79\x73\0\x73\x5f\x76\x6f\x70\0\x73\x5f\x65\x6e\x63\x6f\x64\x69\x6e\x67\0\
\x73\x5f\x65\x6e\x63\x6f\x64\x69\x6e\x67\x5f\x66\x6c\x61\x67\x73\0\x73\x5f\x72\
\x6f\x6f\x74\x73\0\x73\x5f\x6d\x6f\x75\x6e\x74\x73\0\x73\x5f\x62\x64\x65\x76\0\
\x73\x5f\x62\x64\x69\0\x73\x5f\x6d\x74\x64\0\x73\x5f\x69\x6e\x73\x74\x61\x6e\
\x63\x65\x73\0\x73\x5f\x71\x75\x6f\x74\x61\x5f\x74\x79\x70\x65\x73\0\x73\x5f\
\x64\x71\x75\x6f\x74\0\x73\x5f\x77\x72\x69\x74\x65\x72\x73\0\x73\x5f\x66\x73\
\x5f\x69\x6e\x66\x6f\0\x73\x5f\x74\x69\x6d\x65\x5f\x67\x72\x61\x6e\0\x73\x5f\
\x74\x69\x6d\x65\x5f\x6d\x69\x6e\0\x73\x5f\x74\x69\x6d\x65\x5f\x6d\x61\x78\0\
\x73\x5f\x66\x73\x6e\x6f\x74\x69\x66\x79\x5f\x6d\x61\x73\x6b\0\x73\x5f\x66\x73\
\x6e\x6f\x74\x69\x66\x79\x5f\x6d\x61\x72\x6b\x73\0\x73\x5f\x69\x64\0\x73\x5f\
\x75\x75\x69\x64\0\x73\x5f\x6d\x61\x78\x5f\x6c\x69\x6e\x6b\x73\0\x73\x5f\x6d\
\x6f\x64\x65\0\x73\x5f\x76\x66\x73\x5f\x72\x65\x6e\x61\x6d\x65\x5f\x6d\x75\x74\
\x65\x78\0\x73\x5f\x73\x75\x62\x74\x79\x70\x65\0\x73\x5f\x64\x5f\x6f\x70\0\x63\
\x6c\x65\x61\x6e\x63\x61\x63\x68\x65\x5f\x70\x6f\x6f\x6c\x69\x64\0\x73\x5f\x73\
\x68\x72\x69\x6e\x6b\0\x73\x5f\x72\x65\x6d\x6f\x76\x65\x5f\x63\x6f\x75\x6e\x74\
\0\x73\x5f\x66\x73\x6e\x6f\x74\x69\x66\x79\x5f\x63\x6f\x6e\x6e\x65\x63\x74\x6f\
\x72\x73\0\x73\x5f\x72\x65\x61\x64\x6f\x6e\x6c\x79\x5f\x72\x65\x6d\x6f\x75\x6e\
\x74\0\x73\x5f\x77\x62\x5f\x65\x72\x72\0\x73\x5f\x64\x69\x6f\x5f\x64\x6f\x6e\
\x65\x5f\x77\x71\0\x73\x5f\x70\x69\x6e\x73\0\x73\x5f\x75\x73\x65\x72\x5f\x6e\
\x73\0\x73\x5f\x64\x65\x6e\x74\x72\x79\x5f\x6c\x72\x75\0\x73\x5f\x69\x6e\x6f\
\x64\x65\x5f\x6c\x72\x75\0\x73\x5f\x73\x79\x6e\x63\x5f\x6c\x6f\x63\x6b\0\x73\
\x5f\x73\x74\x61\x63\x6b\x5f\x64\x65\x70\x74\x68\0\x73\x5f\x69\x6e\x6f\x64\x65\
\x5f\x6c\x69\x73\x74\x5f\x6c\x6f\x63\x6b\0\x73\x5f\x69\x6e\x6f\x64\x65\x73\0\
\x73\x5f\x69\x6e\x6f\x64\x65\x5f\x77\x62\x6c\x69\x73\x74\x5f\x6c\x6f\x63\x6b\0\
\x73\x5f\x69\x6e\x6f\x64\x65\x73\x5f\x77\x62\0\x68\x6c\x69\x73\x74\x5f\x62\x6c\
\x5f\x68\x65\x61\x64\0\x62\x64\x69\x5f\x6c\x69\x73\x74\0\x69\x6f\x5f\x70\x61\
\x67\x65\x73\0\x6d\x69\x6e\x5f\x72\x61\x74\x69\x6f\0\x6d\x61\x78\x5f\x72\x61\
\x74\x69\x6f\0\x6d\x61\x78\x5f\x70\x72\x6f\x70\x5f\x66\x72\x61\x63\0\x74\x6f\
\x74\x5f\x77\x72\x69\x74\x65\x5f\x62\x61\x6e\x64\x77\x69\x64\x74\x68\0\x77\x62\
\0\x77\x62\x5f\x6c\x69\x73\x74\0\x77\x62\x5f\x77\x61\x69\x74\x71\0\x64\x65\x76\
\x5f\x6e\x61\x6d\x65\0\x6c\x61\x70\x74\x6f\x70\x5f\x6d\x6f\x64\x65\x5f\x77\x62\
\x5f\x74\x69\x6d\x65\x72\0\x64\x65\x62\x75\x67\x5f\x64\x69\x72\0\x62\x64\x69\
\x5f\x77\x72\x69\x74\x65\x62\x61\x63\x6b\0\x62\x64\x69\0\x6c\x61\x73\x74\x5f\
\x6f\x6c\x64\x5f\x66\x6c\x75\x73\x68\0\x62\x5f\x64\x69\x72\x74\x79\0\x62\x5f\
\x69\x6f\0\x62\x5f\x6d\x6f\x72\x65\x5f\x69\x6f\0\x62\x5f\x64\x69\x72\x74\x79\
\x5f\x74\x69\x6d\x65\0\x77\x72\x69\x74\x65\x62\x61\x63\x6b\x5f\x69\x6e\x6f\x64\
\x65\x73\0\x73\x74\x61\x74\0\x63\x6f\x6e\x67\x65\x73\x74\x65\x64\0\x62\x77\x5f\
\x74\x69\x6d\x65\x5f\x73\x74\x61\x6d\x70\0\x64\x69\x72\x74\x69\x65\x64\x5f\x73\
\x74\x61\x6d\x70\0\x77\x72\x69\x74\x74\x65\x6e\x5f\x73\x74\x61\x6d\x70\0\x77\
\x72\x69\x74\x65\x5f\x62\x61\x6e\x64\x77\x69\x64\x74\x68\0\x61\x76\x67\x5f\x77\
\x72\x69\x74\x65\x5f\x62\x61\x6e\x64\x77\x69\x64\x74\x68\0\x64\x69\x72\x74\x79\
\x5f\x72\x61\x74\x65\x6c\x69\x6d\x69\x74\0\x62\x61\x6c\x61\x6e\x63\x65\x64\x5f\
\x64\x69\x72\x74\x79\x5f\x72\x61\x74\x65\x6c\x69\x6d\x69\x74\0\x63\x6f\x6d\x70\
\x6c\x65\x74\x69\x6f\x6e\x73\0\x64\x69\x72\x74\x79\x5f\x65\x78\x63\x65\x65\x64\
\x65\x64\0\x73\x74\x61\x72\x74\x5f\x61\x6c\x6c\x5f\x72\x65\x61\x73\x6f\x6e\0\
\x77\x6f\x72\x6b\x5f\x6c\x6f\x63\x6b\0\x77\x6f\x72\x6b\x5f\x6c\x69\x73\x74\0\
\x64\x77\x6f\x72\x6b\0\x62\x77\x5f\x64\x77\x6f\x72\x6b\0\x64\x69\x72\x74\x79\
\x5f\x73\x6c\x65\x65\x70\0\x62\x64\x69\x5f\x6e\x6f\x64\x65\0\x66\x70\x72\x6f\
\x70\x5f\x6c\x6f\x63\x61\x6c\x5f\x70\x65\x72\x63\x70\x75\0\x77\x62\x5f\x72\x65\
\x61\x73\x6f\x6e\0\x57\x42\x5f\x52\x45\x41\x53\x4f\x4e\x5f\x42\x41\x43\x4b\x47\
\x52\x4f\x55\x4e\x44\0\x57\x42\x5f\x52\x45\x41\x53\x4f\x4e\x5f\x56\x4d\x53\x43\
\x41\x4e\0\x57\x42\x5f\x52\x45\x41\x53\x4f\x4e\x5f\x53\x59\x4e\x43\0\x57\x42\
\x5f\x52\x45\x41\x53\x4f\x4e\x5f\x50\x45\x52\x49\x4f\x44\x49\x43\0\x57\x42\x5f\
\x52\x45\x41\x53\x4f\x4e\x5f\x4c\x41\x50\x54\x4f\x50\x5f\x54\x49\x4d\x45\x52\0\
\x57\x42\x5f\x52\x45\x41\x53\x4f\x4e\x5f\x46\x53\x5f\x46\x52\x45\x45\x5f\x53\
\x50\x41\x43\x45\0\x57\x42\x5f\x52\x45\x41\x53\x4f\x4e\x5f\x46\x4f\x52\x4b\x45\
\x52\x5f\x54\x48\x52\x45\x41\x44\0\x57\x42\x5f\x52\x45\x41\x53\x4f\x4e\x5f\x46\
\x4f\x52\x45\x49\x47\x4e\x5f\x46\x4c\x55\x53\x48\0\x57\x42\x5f\x52\x45\x41\x53\
\x4f\x4e\x5f\x4d\x41\x58\0\x64\x65\x76\x69\x63\x65\0\x69\x6e\x69\x74\x5f\x6e\
\x61\x6d\x65\0\x62\x75\x73\0\x64\x72\x69\x76\x65\x72\0\x70\x6c\x61\x74\x66\x6f\
\x72\x6d\x5f\x64\x61\x74\x61\0\x64\x72\x69\x76\x65\x72\x5f\x64\x61\x74\x61\0\
\x6c\x69\x6e\x6b\x73\0\x70\x6f\x77\x65\x72\0\x70\x6d\x5f\x64\x6f\x6d\x61\x69\
\x6e\0\x6d\x73\x69\x5f\x64\x6f\x6d\x61\x69\x6e\0\x70\x69\x6e\x73\0\x6d\x73\x69\
\x5f\x6c\x6f\x63\x6b\0\x6d\x73\x69\x5f\x6c\x69\x73\x74\0\x64\x6d\x61\x5f\x6f\
\x70\x73\0\x64\x6d\x61\x5f\x6d\x61\x73\x6b\0\x63\x6f\x68\x65\x72\x65\x6e\x74\
\x5f\x64\x6d\x61\x5f\x6d\x61\x73\x6b\0\x62\x75\x73\x5f\x64\x6d\x61\x5f\x6c\x69\
\x6d\x69\x74\0\x64\x6d\x61\x5f\x72\x61\x6e\x67\x65\x5f\x6d\x61\x70\0\x64\x6d\
\x61\x5f\x70\x61\x72\x6d\x73\0\x64\x6d\x61\x5f\x70\x6f\x6f\x6c\x73\0\x64\x6d\
\x61\x5f\x69\x6f\x5f\x74\x6c\x62\x5f\x6d\x65\x6d\0\x61\x72\x63\x68\x64\x61\x74\
\x61\0\x6f\x66\x5f\x6e\x6f\x64\x65\0\x66\x77\x6e\x6f\x64\x65\0\x64\x65\x76\x74\
\0\x64\x65\x76\x72\x65\x73\x5f\x6c\x6f\x63\x6b\0\x64\x65\x76\x72\x65\x73\x5f\
\x68\x65\x61\x64\0\x67\x72\x6f\x75\x70\x73\0\x69\x6f\x6d\x6d\x75\x5f\x67\x72\
\x6f\x75\x70\0\x69\x6f\x6d\x6d\x75\0\x70\x68\x79\x73\x69\x63\x61\x6c\x5f\x6c\
\x6f\x63\x61\x74\x69\x6f\x6e\0\x72\x65\x6d\x6f\x76\x61\x62\x6c\x65\0\x63\x6f\
\x72\x65\x64\x75\x6d\x70\x5f\x64\x69\x73\x61\x62\x6c\x65\x64\0\x6f\x66\x66\x6c\
\x69\x6e\x65\x5f\x64\x69\x73\x61\x62\x6c\x65\x64\0\x6f\x66\x66\x6c\x69\x6e\x65\
\0\x6f\x66\x5f\x6e\x6f\x64\x65\x5f\x72\x65\x75\x73\x65\x64\0\x73\x74\x61\x74\
\x65\x5f\x73\x79\x6e\x63\x65\x64\0\x63\x61\x6e\x5f\x6d\x61\x74\x63\x68\0\x64\
\x65\x76\x5f\x6c\x69\x6e\x6b\x73\x5f\x69\x6e\x66\x6f\0\x73\x75\x70\x70\x6c\x69\
\x65\x72\x73\0\x63\x6f\x6e\x73\x75\x6d\x65\x72\x73\0\x64\x65\x66\x65\x72\x5f\
\x73\x79\x6e\x63\0\x64\x6c\x5f\x64\x65\x76\x5f\x73\x74\x61\x74\x65\0\x44\x4c\
\x5f\x44\x45\x56\x5f\x4e\x4f\x5f\x44\x52\x49\x56\x45\x52\0\x44\x4c\x5f\x44\x45\
\x56\x5f\x50\x52\x4f\x42\x49\x4e\x47\0\x44\x4c\x5f\x44\x45\x56\x5f\x44\x52\x49\
\x56\x45\x52\x5f\x42\x4f\x55\x4e\x44\0\x44\x4c\x5f\x44\x45\x56\x5f\x55\x4e\x42\
\x49\x4e\x44\x49\x4e\x47\0\x64\x65\x76\x5f\x70\x6d\x5f\x69\x6e\x66\x6f\0\x70\
\x6f\x77\x65\x72\x5f\x73\x74\x61\x74\x65\0\x63\x61\x6e\x5f\x77\x61\x6b\x65\x75\
\x70\0\x61\x73\x79\x6e\x63\x5f\x73\x75\x73\x70\x65\x6e\x64\0\x69\x6e\x5f\x64\
\x70\x6d\x5f\x6c\x69\x73\x74\0\x69\x73\x5f\x70\x72\x65\x70\x61\x72\x65\x64\0\
\x69\x73\x5f\x73\x75\x73\x70\x65\x6e\x64\x65\x64\0\x69\x73\x5f\x6e\x6f\x69\x72\
\x71\x5f\x73\x75\x73\x70\x65\x6e\x64\x65\x64\0\x69\x73\x5f\x6c\x61\x74\x65\x5f\
\x73\x75\x73\x70\x65\x6e\x64\x65\x64\0\x6e\x6f\x5f\x70\x6d\0\x65\x61\x72\x6c\
\x79\x5f\x69\x6e\x69\x74\0\x64\x69\x72\x65\x63\x74\x5f\x63\x6f\x6d\x70\x6c\x65\
\x74\x65\0\x64\x72\x69\x76\x65\x72\x5f\x66\x6c\x61\x67\x73\0\x77\x61\x6b\x65\
\x75\x70\x5f\x70\x61\x74\x68\0\x73\x79\x73\x63\x6f\x72\x65\0\x6e\x6f\x5f\x70\
\x6d\x5f\x63\x61\x6c\x6c\x62\x61\x63\x6b\x73\0\x6d\x75\x73\x74\x5f\x72\x65\x73\
\x75\x6d\x65\0\x6d\x61\x79\x5f\x73\x6b\x69\x70\x5f\x72\x65\x73\x75\x6d\x65\0\
\x73\x75\x73\x70\x65\x6e\x64\x5f\x74\x69\x6d\x65\x72\0\x74\x69\x6d\x65\x72\x5f\
\x65\x78\x70\x69\x72\x65\x73\0\x77\x61\x69\x74\x5f\x71\x75\x65\x75\x65\0\x77\
\x61\x6b\x65\x69\x72\x71\0\x75\x73\x61\x67\x65\x5f\x63\x6f\x75\x6e\x74\0\x64\
\x69\x73\x61\x62\x6c\x65\x5f\x64\x65\x70\x74\x68\0\x69\x64\x6c\x65\x5f\x6e\x6f\
\x74\x69\x66\x69\x63\x61\x74\x69\x6f\x6e\0\x72\x65\x71\x75\x65\x73\x74\x5f\x70\
\x65\x6e\x64\x69\x6e\x67\0\x64\x65\x66\x65\x72\x72\x65\x64\x5f\x72\x65\x73\x75\
\x6d\x65\0\x6e\x65\x65\x64\x73\x5f\x66\x6f\x72\x63\x65\x5f\x72\x65\x73\x75\x6d\
\x65\0\x72\x75\x6e\x74\x69\x6d\x65\x5f\x61\x75\x74\x6f\0\x69\x67\x6e\x6f\x72\
\x65\x5f\x63\x68\x69\x6c\x64\x72\x65\x6e\0\x6e\x6f\x5f\x63\x61\x6c\x6c\x62\x61\
\x63\x6b\x73\0\x69\x72\x71\x5f\x73\x61\x66\x65\0\x75\x73\x65\x5f\x61\x75\x74\
\x6f\x73\x75\x73\x70\x65\x6e\x64\0\x74\x69\x6d\x65\x72\x5f\x61\x75\x74\x6f\x73\
\x75\x73\x70\x65\x6e\x64\x73\0\x6d\x65\x6d\x61\x6c\x6c\x6f\x63\x5f\x6e\x6f\x69\
\x6f\0\x6c\x69\x6e\x6b\x73\x5f\x63\x6f\x75\x6e\x74\0\x72\x65\x71\x75\x65\x73\
\x74\0\x72\x75\x6e\x74\x69\x6d\x65\x5f\x73\x74\x61\x74\x75\x73\0\x72\x75\x6e\
\x74\x69\x6d\x65\x5f\x65\x72\x72\x6f\x72\0\x61\x75\x74\x6f\x73\x75\x73\x70\x65\
\x6e\x64\x5f\x64\x65\x6c\x61\x79\0\x6c\x61\x73\x74\x5f\x62\x75\x73\x79\0\x61\
\x63\x74\x69\x76\x65\x5f\x74\x69\x6d\x65\0\x73\x75\x73\x70\x65\x6e\x64\x65\x64\
\x5f\x74\x69\x6d\x65\0\x61\x63\x63\x6f\x75\x6e\x74\x69\x6e\x67\x5f\x74\x69\x6d\
\x65\x73\x74\x61\x6d\x70\0\x73\x75\x62\x73\x79\x73\x5f\x64\x61\x74\x61\0\x73\
\x65\x74\x5f\x6c\x61\x74\x65\x6e\x63\x79\x5f\x74\x6f\x6c\x65\x72\x61\x6e\x63\
\x65\0\x71\x6f\x73\0\x70\x6d\x5f\x6d\x65\x73\x73\x61\x67\x65\x5f\x74\0\x70\x6d\
\x5f\x6d\x65\x73\x73\x61\x67\x65\0\x72\x70\x6d\x5f\x72\x65\x71\x75\x65\x73\x74\
\0\x52\x50\x4d\x5f\x52\x45\x51\x5f\x4e\x4f\x4e\x45\0\x52\x50\x4d\x5f\x52\x45\
\x51\x5f\x49\x44\x4c\x45\0\x52\x50\x4d\x5f\x52\x45\x51\x5f\x53\x55\x53\x50\x45\
\x4e\x44\0\x52\x50\x4d\x5f\x52\x45\x51\x5f\x41\x55\x54\x4f\x53\x55\x53\x50\x45\
\x4e\x44\0\x52\x50\x4d\x5f\x52\x45\x51\x5f\x52\x45\x53\x55\x4d\x45\0\x72\x70\
\x6d\x5f\x73\x74\x61\x74\x75\x73\0\x52\x50\x4d\x5f\x41\x43\x54\x49\x56\x45\0\
\x52\x50\x4d\x5f\x52\x45\x53\x55\x4d\x49\x4e\x47\0\x52\x50\x4d\x5f\x53\x55\x53\
\x50\x45\x4e\x44\x45\x44\0\x52\x50\x4d\x5f\x53\x55\x53\x50\x45\x4e\x44\x49\x4e\
\x47\0\x64\x65\x76\x5f\x61\x72\x63\x68\x64\x61\x74\x61\0\x64\x65\x76\x69\x63\
\x65\x5f\x72\x65\x6d\x6f\x76\x61\x62\x6c\x65\0\x44\x45\x56\x49\x43\x45\x5f\x52\
\x45\x4d\x4f\x56\x41\x42\x4c\x45\x5f\x4e\x4f\x54\x5f\x53\x55\x50\x50\x4f\x52\
\x54\x45\x44\0\x44\x45\x56\x49\x43\x45\x5f\x52\x45\x4d\x4f\x56\x41\x42\x4c\x45\
\x5f\x55\x4e\x4b\x4e\x4f\x57\x4e\0\x44\x45\x56\x49\x43\x45\x5f\x46\x49\x58\x45\
\x44\0\x44\x45\x56\x49\x43\x45\x5f\x52\x45\x4d\x4f\x56\x41\x42\x4c\x45\0\x6d\
\x74\x64\x5f\x69\x6e\x66\x6f\0\x71\x75\x6f\x74\x61\x5f\x69\x6e\x66\x6f\0\x64\
\x71\x69\x6f\x5f\x73\x65\x6d\0\x6d\x65\x6d\x5f\x64\x71\x69\x6e\x66\x6f\0\x64\
\x71\x69\x5f\x66\x6f\x72\x6d\x61\x74\0\x64\x71\x69\x5f\x66\x6d\x74\x5f\x69\x64\
\0\x64\x71\x69\x5f\x64\x69\x72\x74\x79\x5f\x6c\x69\x73\x74\0\x64\x71\x69\x5f\
\x66\x6c\x61\x67\x73\0\x64\x71\x69\x5f\x62\x67\x72\x61\x63\x65\0\x64\x71\x69\
\x5f\x69\x67\x72\x61\x63\x65\0\x64\x71\x69\x5f\x6d\x61\x78\x5f\x73\x70\x63\x5f\
\x6c\x69\x6d\x69\x74\0\x64\x71\x69\x5f\x6d\x61\x78\x5f\x69\x6e\x6f\x5f\x6c\x69\
\x6d\x69\x74\0\x64\x71\x69\x5f\x70\x72\x69\x76\0\x71\x73\x69\x7a\x65\x5f\x74\0\
\x71\x75\x6f\x74\x61\x5f\x66\x6f\x72\x6d\x61\x74\x5f\x6f\x70\x73\0\x63\x68\x65\
\x63\x6b\x5f\x71\x75\x6f\x74\x61\x5f\x66\x69\x6c\x65\0\x72\x65\x61\x64\x5f\x66\
\x69\x6c\x65\x5f\x69\x6e\x66\x6f\0\x77\x72\x69\x74\x65\x5f\x66\x69\x6c\x65\x5f\
\x69\x6e\x66\x6f\0\x66\x72\x65\x65\x5f\x66\x69\x6c\x65\x5f\x69\x6e\x66\x6f\0\
\x72\x65\x61\x64\x5f\x64\x71\x62\x6c\x6b\0\x63\x6f\x6d\x6d\x69\x74\x5f\x64\x71\
\x62\x6c\x6b\0\x72\x65\x6c\x65\x61\x73\x65\x5f\x64\x71\x62\x6c\x6b\0\x67\x65\
\x74\x5f\x6e\x65\x78\x74\x5f\x69\x64\0\x64\x71\x75\x6f\x74\0\x64\x71\x5f\x68\
\x61\x73\x68\0\x64\x71\x5f\x69\x6e\x75\x73\x65\0\x64\x71\x5f\x66\x72\x65\x65\0\
\x64\x71\x5f\x64\x69\x72\x74\x79\0\x64\x71\x5f\x6c\x6f\x63\x6b\0\x64\x71\x5f\
\x64\x71\x62\x5f\x6c\x6f\x63\x6b\0\x64\x71\x5f\x63\x6f\x75\x6e\x74\0\x64\x71\
\x5f\x73\x62\0\x64\x71\x5f\x69\x64\0\x64\x71\x5f\x6f\x66\x66\0\x64\x71\x5f\x66\
\x6c\x61\x67\x73\0\x64\x71\x5f\x64\x71\x62\0\x6b\x71\x69\x64\0\x70\x72\x6f\x6a\
\x69\x64\0\x6b\x70\x72\x6f\x6a\x69\x64\x5f\x74\0\x70\x72\x6f\x6a\x69\x64\x5f\
\x74\0\x71\x75\x6f\x74\x61\x5f\x74\x79\x70\x65\0\x55\x53\x52\x51\x55\x4f\x54\
\x41\0\x47\x52\x50\x51\x55\x4f\x54\x41\0\x50\x52\x4a\x51\x55\x4f\x54\x41\0\x6d\
\x65\x6d\x5f\x64\x71\x62\x6c\x6b\0\x64\x71\x62\x5f\x62\x68\x61\x72\x64\x6c\x69\
\x6d\x69\x74\0\x64\x71\x62\x5f\x62\x73\x6f\x66\x74\x6c\x69\x6d\x69\x74\0\x64\
\x71\x62\x5f\x63\x75\x72\x73\x70\x61\x63\x65\0\x64\x71\x62\x5f\x72\x73\x76\x73\
\x70\x61\x63\x65\0\x64\x71\x62\x5f\x69\x68\x61\x72\x64\x6c\x69\x6d\x69\x74\0\
\x64\x71\x62\x5f\x69\x73\x6f\x66\x74\x6c\x69\x6d\x69\x74\0\x64\x71\x62\x5f\x63\
\x75\x72\x69\x6e\x6f\x64\x65\x73\0\x64\x71\x62\x5f\x62\x74\x69\x6d\x65\0\x64\
\x71\x62\x5f\x69\x74\x69\x6d\x65\0\x73\x62\x5f\x77\x72\x69\x74\x65\x72\x73\0\
\x77\x61\x69\x74\x5f\x75\x6e\x66\x72\x6f\x7a\x65\x6e\0\x72\x77\x5f\x73\x65\x6d\
\0\x70\x65\x72\x63\x70\x75\x5f\x72\x77\x5f\x73\x65\x6d\x61\x70\x68\x6f\x72\x65\
\0\x72\x73\x73\0\x72\x65\x61\x64\x5f\x63\x6f\x75\x6e\x74\0\x77\x72\x69\x74\x65\
\x72\0\x77\x61\x69\x74\x65\x72\x73\0\x62\x6c\x6f\x63\x6b\0\x72\x63\x75\x5f\x73\
\x79\x6e\x63\0\x67\x70\x5f\x73\x74\x61\x74\x65\0\x67\x70\x5f\x63\x6f\x75\x6e\
\x74\0\x67\x70\x5f\x77\x61\x69\x74\0\x63\x62\x5f\x68\x65\x61\x64\0\x72\x63\x75\
\x77\x61\x69\x74\0\x66\x73\x6e\x6f\x74\x69\x66\x79\x5f\x6d\x61\x72\x6b\x5f\x63\
\x6f\x6e\x6e\x65\x63\x74\x6f\x72\0\x66\x73\x69\x64\0\x5f\x5f\x6b\x65\x72\x6e\
\x65\x6c\x5f\x66\x73\x69\x64\x5f\x74\0\x6f\x62\x6a\0\x64\x65\x73\x74\x72\x6f\
\x79\x5f\x6e\x65\x78\x74\0\x66\x73\x6e\x6f\x74\x69\x66\x79\x5f\x63\x6f\x6e\x6e\
\x70\x5f\x74\0\x75\x75\x69\x64\x5f\x74\0\x64\x65\x6e\x74\x72\x79\x5f\x6f\x70\
\x65\x72\x61\x74\x69\x6f\x6e\x73\0\x64\x5f\x72\x65\x76\x61\x6c\x69\x64\x61\x74\
\x65\0\x64\x5f\x77\x65\x61\x6b\x5f\x72\x65\x76\x61\x6c\x69\x64\x61\x74\x65\0\
\x64\x5f\x63\x6f\x6d\x70\x61\x72\x65\0\x64\x5f\x64\x65\x6c\x65\x74\x65\0\x64\
\x5f\x69\x6e\x69\x74\0\x64\x5f\x72\x65\x6c\x65\x61\x73\x65\0\x64\x5f\x70\x72\
\x75\x6e\x65\0\x64\x5f\x69\x70\x75\x74\0\x64\x5f\x64\x6e\x61\x6d\x65\0\x64\x5f\
\x61\x75\x74\x6f\x6d\x6f\x75\x6e\x74\0\x64\x5f\x6d\x61\x6e\x61\x67\x65\0\x64\
\x5f\x72\x65\x61\x6c\0\x73\x68\x72\x69\x6e\x6b\x65\x72\0\x63\x6f\x75\x6e\x74\
\x5f\x6f\x62\x6a\x65\x63\x74\x73\0\x73\x63\x61\x6e\x5f\x6f\x62\x6a\x65\x63\x74\
\x73\0\x62\x61\x74\x63\x68\0\x73\x65\x65\x6b\x73\0\x6e\x72\x5f\x64\x65\x66\x65\
\x72\x72\x65\x64\0\x73\x68\x72\x69\x6e\x6b\x5f\x63\x6f\x6e\x74\x72\x6f\x6c\0\
\x6e\x69\x64\0\x6e\x72\x5f\x74\x6f\x5f\x73\x63\x61\x6e\0\x6e\x72\x5f\x73\x63\
\x61\x6e\x6e\x65\x64\0\x6d\x65\x6d\x63\x67\0\x6d\x65\x6d\x5f\x63\x67\x72\x6f\
\x75\x70\0\x6c\x69\x73\x74\x5f\x6c\x72\x75\0\x64\x5f\x6c\x72\x75\0\x64\x5f\x77\
\x61\x69\x74\0\x64\x5f\x61\x6c\x69\x61\x73\0\x64\x5f\x69\x6e\x5f\x6c\x6f\x6f\
\x6b\x75\x70\x5f\x68\x61\x73\x68\0\x64\x5f\x72\x63\x75\0\x30\x3a\x32\x34\x3a\
\x32\0\x20\x20\x6e\x73\x5f\x69\x6e\x66\x6f\x2d\x3e\x6e\x65\x74\x5f\x6e\x73\x20\
\x3d\x20\x42\x50\x46\x5f\x43\x4f\x52\x45\x5f\x52\x45\x41\x44\x28\x74\x2c\x20\
\x6e\x73\x70\x72\x6f\x78\x79\x2c\x20\x6e\x65\x74\x5f\x6e\x73\x2c\x20\x6e\x73\
\x2e\x69\x6e\x75\x6d\x29\x3b\0\x30\x3a\x35\0\x6e\x65\x74\0\x70\x61\x73\x73\x69\
\x76\x65\0\x72\x75\x6c\x65\x73\x5f\x6d\x6f\x64\x5f\x6c\x6f\x63\x6b\0\x64\x65\
\x76\x5f\x75\x6e\x72\x65\x67\x5f\x63\x6f\x75\x6e\x74\0\x64\x65\x76\x5f\x62\x61\
\x73\x65\x5f\x73\x65\x71\0\x69\x66\x69\x6e\x64\x65\x78\0\x6e\x73\x69\x64\x5f\
\x6c\x6f\x63\x6b\0\x66\x6e\x68\x65\x5f\x67\x65\x6e\x69\x64\0\x65\x78\x69\x74\
\x5f\x6c\x69\x73\x74\0\x63\x6c\x65\x61\x6e\x75\x70\x5f\x6c\x69\x73\x74\0\x6b\
\x65\x79\x5f\x64\x6f\x6d\x61\x69\x6e\0\x6e\x65\x74\x6e\x73\x5f\x69\x64\x73\0\
\x64\x65\x76\x5f\x62\x61\x73\x65\x5f\x68\x65\x61\x64\0\x70\x72\x6f\x63\x5f\x6e\
\x65\x74\0\x70\x72\x6f\x63\x5f\x6e\x65\x74\x5f\x73\x74\x61\x74\0\x72\x74\x6e\
\x6c\0\x67\x65\x6e\x6c\x5f\x73\x6f\x63\x6b\0\x75\x65\x76\x65\x6e\x74\x5f\x73\
\x6f\x63\x6b\0\x64\x65\x76\x5f\x6e\x61\x6d\x65\x5f\x68\x65\x61\x64\0\x64\x65\
\x76\x5f\x69\x6e\x64\x65\x78\x5f\x68\x65\x61\x64\0\x6e\x65\x74\x64\x65\x76\x5f\
\x63\x68\x61\x69\x6e\0\x68\x61\x73\x68\x5f\x6d\x69\x78\0\x6c\x6f\x6f\x70\x62\
\x61\x63\x6b\x5f\x64\x65\x76\0\x72\x75\x6c\x65\x73\x5f\x6f\x70\x73\0\x63\x6f\
\x72\x65\0\x6d\x69\x62\0\x70\x61\x63\x6b\x65\x74\0\x75\x6e\x78\0\x6e\x65\x78\
\x74\x68\x6f\x70\0\x69\x70\x76\x34\0\x69\x70\x76\x36\0\x6e\x66\0\x63\x74\0\x77\
\x65\x78\x74\x5f\x6e\x6c\x65\x76\x65\x6e\x74\x73\0\x67\x65\x6e\0\x78\x66\x72\
\x6d\0\x6e\x65\x74\x5f\x63\x6f\x6f\x6b\x69\x65\0\x64\x69\x61\x67\x5f\x6e\x6c\
\x73\x6b\0\x70\x72\x6f\x63\x5f\x64\x69\x72\x5f\x65\x6e\x74\x72\x79\0\x70\x64\
\x65\x5f\x6f\x70\x65\x6e\x65\x72\x73\0\x70\x64\x65\x5f\x75\x6e\x6c\x6f\x61\x64\
\x5f\x6c\x6f\x63\x6b\0\x70\x64\x65\x5f\x75\x6e\x6c\x6f\x61\x64\x5f\x63\x6f\x6d\
\x70\x6c\x65\x74\x69\x6f\x6e\0\x70\x72\x6f\x63\x5f\x69\x6f\x70\x73\0\x70\x72\
\x6f\x63\x5f\x64\x6f\x70\x73\0\x73\x74\x61\x74\x65\x5f\x73\x69\x7a\x65\0\x6c\
\x6f\x77\x5f\x69\x6e\x6f\0\x6e\x6c\x69\x6e\x6b\0\x73\x75\x62\x64\x69\x72\0\x73\
\x75\x62\x64\x69\x72\x5f\x6e\x6f\x64\x65\0\x6e\x61\x6d\x65\x6c\x65\x6e\0\x69\
\x6e\x6c\x69\x6e\x65\x5f\x6e\x61\x6d\x65\0\x69\x6e\x6f\x64\x65\x5f\x6f\x70\x65\
\x72\x61\x74\x69\x6f\x6e\x73\0\x6c\x6f\x6f\x6b\x75\x70\0\x67\x65\x74\x5f\x6c\
\x69\x6e\x6b\0\x70\x65\x72\x6d\x69\x73\x73\x69\x6f\x6e\0\x67\x65\x74\x5f\x61\
\x63\x6c\0\x72\x65\x61\x64\x6c\x69\x6e\x6b\0\x63\x72\x65\x61\x74\x65\0\x75\x6e\
\x6c\x69\x6e\x6b\0\x6d\x6b\x64\x69\x72\0\x72\x6d\x64\x69\x72\0\x6d\x6b\x6e\x6f\
\x64\0\x72\x65\x6e\x61\x6d\x65\0\x73\x65\x74\x61\x74\x74\x72\0\x67\x65\x74\x61\
\x74\x74\x72\0\x6c\x69\x73\x74\x78\x61\x74\x74\x72\0\x66\x69\x65\x6d\x61\x70\0\
\x75\x70\x64\x61\x74\x65\x5f\x74\x69\x6d\x65\0\x61\x74\x6f\x6d\x69\x63\x5f\x6f\
\x70\x65\x6e\0\x74\x6d\x70\x66\x69\x6c\x65\0\x73\x65\x74\x5f\x61\x63\x6c\0\x66\
\x69\x6c\x65\x61\x74\x74\x72\x5f\x73\x65\x74\0\x66\x69\x6c\x65\x61\x74\x74\x72\
\x5f\x67\x65\x74\0\x64\x65\x6c\x61\x79\x65\x64\x5f\x63\x61\x6c\x6c\0\x61\x72\
\x67\0\x69\x61\x5f\x76\x61\x6c\x69\x64\0\x69\x61\x5f\x6d\x6f\x64\x65\0\x69\x61\
\x5f\x75\x69\x64\0\x69\x61\x5f\x67\x69\x64\0\x69\x61\x5f\x73\x69\x7a\x65\0\x69\
\x61\x5f\x61\x74\x69\x6d\x65\0\x69\x61\x5f\x6d\x74\x69\x6d\x65\0\x69\x61\x5f\
\x63\x74\x69\x6d\x65\0\x69\x61\x5f\x66\x69\x6c\x65\0\x6b\x73\x74\x61\x74\0\x72\
\x65\x73\x75\x6c\x74\x5f\x6d\x61\x73\x6b\0\x62\x6c\x6b\x73\x69\x7a\x65\0\x61\
\x74\x74\x72\x69\x62\x75\x74\x65\x73\0\x61\x74\x74\x72\x69\x62\x75\x74\x65\x73\
\x5f\x6d\x61\x73\x6b\0\x69\x6e\x6f\0\x72\x64\x65\x76\0\x61\x74\x69\x6d\x65\0\
\x6d\x74\x69\x6d\x65\0\x63\x74\x69\x6d\x65\0\x62\x74\x69\x6d\x65\0\x62\x6c\x6f\
\x63\x6b\x73\0\x6d\x6e\x74\x5f\x69\x64\0\x66\x69\x65\x6d\x61\x70\x5f\x65\x78\
\x74\x65\x6e\x74\x5f\x69\x6e\x66\x6f\0\x66\x69\x5f\x66\x6c\x61\x67\x73\0\x66\
\x69\x5f\x65\x78\x74\x65\x6e\x74\x73\x5f\x6d\x61\x70\x70\x65\x64\0\x66\x69\x5f\
\x65\x78\x74\x65\x6e\x74\x73\x5f\x6d\x61\x78\0\x66\x69\x5f\x65\x78\x74\x65\x6e\
\x74\x73\x5f\x73\x74\x61\x72\x74\0\x66\x69\x6c\x65\x61\x74\x74\x72\0\x66\x73\
\x78\x5f\x78\x66\x6c\x61\x67\x73\0\x66\x73\x78\x5f\x65\x78\x74\x73\x69\x7a\x65\
\0\x66\x73\x78\x5f\x6e\x65\x78\x74\x65\x6e\x74\x73\0\x66\x73\x78\x5f\x70\x72\
\x6f\x6a\x69\x64\0\x66\x73\x78\x5f\x63\x6f\x77\x65\x78\x74\x73\x69\x7a\x65\0\
\x66\x6c\x61\x67\x73\x5f\x76\x61\x6c\x69\x64\0\x66\x73\x78\x5f\x76\x61\x6c\x69\
\x64\0\x70\x72\x6f\x63\x5f\x6f\x70\x73\0\x70\x72\x6f\x63\x5f\x64\x69\x72\x5f\
\x6f\x70\x73\0\x73\x65\x71\x5f\x6f\x70\x73\0\x73\x69\x6e\x67\x6c\x65\x5f\x73\
\x68\x6f\x77\0\x73\x65\x71\x5f\x6f\x70\x65\x72\x61\x74\x69\x6f\x6e\x73\0\x73\
\x68\x6f\x77\0\x70\x72\x6f\x63\x5f\x77\x72\x69\x74\x65\x5f\x74\0\x6e\x6c\x69\
\x6e\x6b\x5f\x74\0\x73\x6f\x63\x6b\0\x5f\x5f\x73\x6b\x5f\x63\x6f\x6d\x6d\x6f\
\x6e\0\x73\x6b\x5f\x6c\x6f\x63\x6b\0\x73\x6b\x5f\x64\x72\x6f\x70\x73\0\x73\x6b\
\x5f\x72\x63\x76\x6c\x6f\x77\x61\x74\0\x73\x6b\x5f\x65\x72\x72\x6f\x72\x5f\x71\
\x75\x65\x75\x65\0\x73\x6b\x5f\x72\x78\x5f\x73\x6b\x62\x5f\x63\x61\x63\x68\x65\
\0\x73\x6b\x5f\x72\x65\x63\x65\x69\x76\x65\x5f\x71\x75\x65\x75\x65\0\x73\x6b\
\x5f\x62\x61\x63\x6b\x6c\x6f\x67\0\x73\x6b\x5f\x66\x6f\x72\x77\x61\x72\x64\x5f\
\x61\x6c\x6c\x6f\x63\0\x73\x6b\x5f\x6c\x6c\x5f\x75\x73\x65\x63\0\x73\x6b\x5f\
\x6e\x61\x70\x69\x5f\x69\x64\0\x73\x6b\x5f\x72\x63\x76\x62\x75\x66\0\x73\x6b\
\x5f\x66\x69\x6c\x74\x65\x72\0\x73\x6b\x5f\x70\x6f\x6c\x69\x63\x79\0\x73\x6b\
\x5f\x72\x78\x5f\x64\x73\x74\0\x73\x6b\x5f\x72\x78\x5f\x64\x73\x74\x5f\x69\x66\
\x69\x6e\x64\x65\x78\0\x73\x6b\x5f\x72\x78\x5f\x64\x73\x74\x5f\x63\x6f\x6f\x6b\
\x69\x65\0\x73\x6b\x5f\x64\x73\x74\x5f\x63\x61\x63\x68\x65\0\x73\x6b\x5f\x6f\
\x6d\x65\x6d\x5f\x61\x6c\x6c\x6f\x63\0\x73\x6b\x5f\x73\x6e\x64\x62\x75\x66\0\
\x73\x6b\x5f\x77\x6d\x65\x6d\x5f\x71\x75\x65\x75\x65\x64\0\x73\x6b\x5f\x77\x6d\
\x65\x6d\x5f\x61\x6c\x6c\x6f\x63\0\x73\x6b\x5f\x74\x73\x71\x5f\x66\x6c\x61\x67\
\x73\0\x73\x6b\x5f\x74\x78\x5f\x73\x6b\x62\x5f\x63\x61\x63\x68\x65\0\x73\x6b\
\x5f\x77\x72\x69\x74\x65\x5f\x71\x75\x65\x75\x65\0\x73\x6b\x5f\x70\x65\x65\x6b\
\x5f\x6f\x66\x66\0\x73\x6b\x5f\x77\x72\x69\x74\x65\x5f\x70\x65\x6e\x64\x69\x6e\
\x67\0\x73\x6b\x5f\x64\x73\x74\x5f\x70\x65\x6e\x64\x69\x6e\x67\x5f\x63\x6f\x6e\
\x66\x69\x72\x6d\0\x73\x6b\x5f\x70\x61\x63\x69\x6e\x67\x5f\x73\x74\x61\x74\x75\
\x73\0\x73\x6b\x5f\x73\x6e\x64\x74\x69\x6d\x65\x6f\0\x73\x6b\x5f\x74\x69\x6d\
\x65\x72\0\x73\x6b\x5f\x70\x72\x69\x6f\x72\x69\x74\x79\0\x73\x6b\x5f\x6d\x61\
\x72\x6b\0\x73\x6b\x5f\x70\x61\x63\x69\x6e\x67\x5f\x72\x61\x74\x65\0\x73\x6b\
\x5f\x6d\x61\x78\x5f\x70\x61\x63\x69\x6e\x67\x5f\x72\x61\x74\x65\0\x73\x6b\x5f\
\x66\x72\x61\x67\0\x73\x6b\x5f\x72\x6f\x75\x74\x65\x5f\x63\x61\x70\x73\0\x73\
\x6b\x5f\x72\x6f\x75\x74\x65\x5f\x6e\x6f\x63\x61\x70\x73\0\x73\x6b\x5f\x72\x6f\
\x75\x74\x65\x5f\x66\x6f\x72\x63\x65\x64\x5f\x63\x61\x70\x73\0\x73\x6b\x5f\x67\
\x73\x6f\x5f\x74\x79\x70\x65\0\x73\x6b\x5f\x67\x73\x6f\x5f\x6d\x61\x78\x5f\x73\
\x69\x7a\x65\0\x73\x6b\x5f\x61\x6c\x6c\x6f\x63\x61\x74\x69\x6f\x6e\0\x73\x6b\
\x5f\x74\x78\x68\x61\x73\x68\0\x73\x6b\x5f\x70\x61\x64\x64\x69\x6e\x67\0\x73\
\x6b\x5f\x6b\x65\x72\x6e\x5f\x73\x6f\x63\x6b\0\x73\x6b\x5f\x6e\x6f\x5f\x63\x68\
\x65\x63\x6b\x5f\x74\x78\0\x73\x6b\x5f\x6e\x6f\x5f\x63\x68\x65\x63\x6b\x5f\x72\
\x78\0\x73\x6b\x5f\x75\x73\x65\x72\x6c\x6f\x63\x6b\x73\0\x73\x6b\x5f\x70\x61\
\x63\x69\x6e\x67\x5f\x73\x68\x69\x66\x74\0\x73\x6b\x5f\x74\x79\x70\x65\0\x73\
\x6b\x5f\x70\x72\x6f\x74\x6f\x63\x6f\x6c\0\x73\x6b\x5f\x67\x73\x6f\x5f\x6d\x61\
\x78\x5f\x73\x65\x67\x73\0\x73\x6b\x5f\x6c\x69\x6e\x67\x65\x72\x74\x69\x6d\x65\
\0\x73\x6b\x5f\x70\x72\x6f\x74\x5f\x63\x72\x65\x61\x74\x6f\x72\0\x73\x6b\x5f\
\x63\x61\x6c\x6c\x62\x61\x63\x6b\x5f\x6c\x6f\x63\x6b\0\x73\x6b\x5f\x65\x72\x72\
\0\x73\x6b\x5f\x65\x72\x72\x5f\x73\x6f\x66\x74\0\x73\x6b\x5f\x61\x63\x6b\x5f\
\x62\x61\x63\x6b\x6c\x6f\x67\0\x73\x6b\x5f\x6d\x61\x78\x5f\x61\x63\x6b\x5f\x62\
\x61\x63\x6b\x6c\x6f\x67\0\x73\x6b\x5f\x75\x69\x64\0\x73\x6b\x5f\x70\x72\x65\
\x66\x65\x72\x5f\x62\x75\x73\x79\x5f\x70\x6f\x6c\x6c\0\x73\x6b\x5f\x62\x75\x73\
\x79\x5f\x70\x6f\x6c\x6c\x5f\x62\x75\x64\x67\x65\x74\0\x73\x6b\x5f\x70\x65\x65\
\x72\x5f\x6c\x6f\x63\x6b\0\x73\x6b\x5f\x70\x65\x65\x72\x5f\x70\x69\x64\0\x73\
\x6b\x5f\x70\x65\x65\x72\x5f\x63\x72\x65\x64\0\x73\x6b\x5f\x72\x63\x76\x74\x69\
\x6d\x65\x6f\0\x73\x6b\x5f\x73\x74\x61\x6d\x70\0\x73\x6b\x5f\x74\x73\x66\x6c\
\x61\x67\x73\0\x73\x6b\x5f\x62\x69\x6e\x64\x5f\x70\x68\x63\0\x73\x6b\x5f\x73\
\x68\x75\x74\x64\x6f\x77\x6e\0\x73\x6b\x5f\x74\x73\x6b\x65\x79\0\x73\x6b\x5f\
\x7a\x63\x6b\x65\x79\0\x73\x6b\x5f\x63\x6c\x6f\x63\x6b\x69\x64\0\x73\x6b\x5f\
\x74\x78\x74\x69\x6d\x65\x5f\x64\x65\x61\x64\x6c\x69\x6e\x65\x5f\x6d\x6f\x64\
\x65\0\x73\x6b\x5f\x74\x78\x74\x69\x6d\x65\x5f\x72\x65\x70\x6f\x72\x74\x5f\x65\
\x72\x72\x6f\x72\x73\0\x73\x6b\x5f\x74\x78\x74\x69\x6d\x65\x5f\x75\x6e\x75\x73\
\x65\x64\0\x73\x6b\x5f\x73\x6f\x63\x6b\x65\x74\0\x73\x6b\x5f\x75\x73\x65\x72\
\x5f\x64\x61\x74\x61\0\x73\x6b\x5f\x73\x65\x63\x75\x72\x69\x74\x79\0\x73\x6b\
\x5f\x63\x67\x72\x70\x5f\x64\x61\x74\x61\0\x73\x6b\x5f\x6d\x65\x6d\x63\x67\0\
\x73\x6b\x5f\x73\x74\x61\x74\x65\x5f\x63\x68\x61\x6e\x67\x65\0\x73\x6b\x5f\x64\
\x61\x74\x61\x5f\x72\x65\x61\x64\x79\0\x73\x6b\x5f\x77\x72\x69\x74\x65\x5f\x73\
\x70\x61\x63\x65\0\x73\x6b\x5f\x65\x72\x72\x6f\x72\x5f\x72\x65\x70\x6f\x72\x74\
\0\x73\x6b\x5f\x62\x61\x63\x6b\x6c\x6f\x67\x5f\x72\x63\x76\0\x73\x6b\x5f\x64\
\x65\x73\x74\x72\x75\x63\x74\0\x73\x6b\x5f\x72\x65\x75\x73\x65\x70\x6f\x72\x74\
\x5f\x63\x62\0\x73\x6b\x5f\x62\x70\x66\x5f\x73\x74\x6f\x72\x61\x67\x65\0\x73\
\x6b\x5f\x72\x63\x75\0\x73\x6f\x63\x6b\x5f\x63\x6f\x6d\x6d\x6f\x6e\0\x73\x6b\
\x63\x5f\x66\x61\x6d\x69\x6c\x79\0\x73\x6b\x63\x5f\x73\x74\x61\x74\x65\0\x73\
\x6b\x63\x5f\x72\x65\x75\x73\x65\0\x73\x6b\x63\x5f\x72\x65\x75\x73\x65\x70\x6f\
\x72\x74\0\x73\x6b\x63\x5f\x69\x70\x76\x36\x6f\x6e\x6c\x79\0\x73\x6b\x63\x5f\
\x6e\x65\x74\x5f\x72\x65\x66\x63\x6e\x74\0\x73\x6b\x63\x5f\x62\x6f\x75\x6e\x64\
\x5f\x64\x65\x76\x5f\x69\x66\0\x73\x6b\x63\x5f\x70\x72\x6f\x74\0\x73\x6b\x63\
\x5f\x6e\x65\x74\0\x73\x6b\x63\x5f\x76\x36\x5f\x64\x61\x64\x64\x72\0\x73\x6b\
\x63\x5f\x76\x36\x5f\x72\x63\x76\x5f\x73\x61\x64\x64\x72\0\x73\x6b\x63\x5f\x63\
\x6f\x6f\x6b\x69\x65\0\x73\x6b\x63\x5f\x64\x6f\x6e\x74\x63\x6f\x70\x79\x5f\x62\
\x65\x67\x69\x6e\0\x73\x6b\x63\x5f\x74\x78\x5f\x71\x75\x65\x75\x65\x5f\x6d\x61\
\x70\x70\x69\x6e\x67\0\x73\x6b\x63\x5f\x72\x78\x5f\x71\x75\x65\x75\x65\x5f\x6d\
\x61\x70\x70\x69\x6e\x67\0\x73\x6b\x63\x5f\x72\x65\x66\x63\x6e\x74\0\x73\x6b\
\x63\x5f\x64\x6f\x6e\x74\x63\x6f\x70\x79\x5f\x65\x6e\x64\0\x73\x6b\x63\x5f\x61\
\x64\x64\x72\x70\x61\x69\x72\0\x5f\x5f\x61\x64\x64\x72\x70\x61\x69\x72\0\x73\
\x6b\x63\x5f\x64\x61\x64\x64\x72\0\x73\x6b\x63\x5f\x72\x63\x76\x5f\x73\x61\x64\
\x64\x72\0\x5f\x5f\x62\x65\x33\x32\0\x73\x6b\x63\x5f\x68\x61\x73\x68\0\x73\x6b\
\x63\x5f\x75\x31\x36\x68\x61\x73\x68\x65\x73\0\x73\x6b\x63\x5f\x70\x6f\x72\x74\
\x70\x61\x69\x72\0\x5f\x5f\x70\x6f\x72\x74\x70\x61\x69\x72\0\x73\x6b\x63\x5f\
\x64\x70\x6f\x72\x74\0\x73\x6b\x63\x5f\x6e\x75\x6d\0\x5f\x5f\x62\x65\x31\x36\0\
\x73\x6b\x63\x5f\x62\x69\x6e\x64\x5f\x6e\x6f\x64\x65\0\x73\x6b\x63\x5f\x70\x6f\
\x72\x74\x61\x64\x64\x72\x5f\x6e\x6f\x64\x65\0\x70\x6f\x73\x73\x69\x62\x6c\x65\
\x5f\x6e\x65\x74\x5f\x74\0\x69\x6e\x36\x5f\x61\x64\x64\x72\0\x69\x6e\x36\x5f\
\x75\0\x75\x36\x5f\x61\x64\x64\x72\x38\0\x75\x36\x5f\x61\x64\x64\x72\x31\x36\0\
\x75\x36\x5f\x61\x64\x64\x72\x33\x32\0\x73\x6b\x63\x5f\x66\x6c\x61\x67\x73\0\
\x73\x6b\x63\x5f\x6c\x69\x73\x74\x65\x6e\x65\x72\0\x73\x6b\x63\x5f\x74\x77\x5f\
\x64\x72\0\x73\x6b\x63\x5f\x6e\x6f\x64\x65\0\x73\x6b\x63\x5f\x6e\x75\x6c\x6c\
\x73\x5f\x6e\x6f\x64\x65\0\x68\x6c\x69\x73\x74\x5f\x6e\x75\x6c\x6c\x73\x5f\x6e\
\x6f\x64\x65\0\x73\x6b\x63\x5f\x69\x6e\x63\x6f\x6d\x69\x6e\x67\x5f\x63\x70\x75\
\0\x73\x6b\x63\x5f\x72\x63\x76\x5f\x77\x6e\x64\0\x73\x6b\x63\x5f\x74\x77\x5f\
\x72\x63\x76\x5f\x6e\x78\x74\0\x73\x6b\x63\x5f\x72\x78\x68\x61\x73\x68\0\x73\
\x6b\x63\x5f\x77\x69\x6e\x64\x6f\x77\x5f\x63\x6c\x61\x6d\x70\0\x73\x6b\x63\x5f\
\x74\x77\x5f\x73\x6e\x64\x5f\x6e\x78\x74\0\x73\x6f\x63\x6b\x65\x74\x5f\x6c\x6f\
\x63\x6b\x5f\x74\0\x73\x6c\x6f\x63\x6b\0\x6f\x77\x6e\x65\x64\0\x73\x6b\x5f\x62\
\x75\x66\x66\x5f\x68\x65\x61\x64\0\x71\x6c\x65\x6e\0\x73\x6b\x5f\x62\x75\x66\
\x66\0\x63\x62\0\x5f\x6e\x66\x63\x74\0\x64\x61\x74\x61\x5f\x6c\x65\x6e\0\x6d\
\x61\x63\x5f\x6c\x65\x6e\0\x68\x64\x72\x5f\x6c\x65\x6e\0\x71\x75\x65\x75\x65\
\x5f\x6d\x61\x70\x70\x69\x6e\x67\0\x5f\x5f\x63\x6c\x6f\x6e\x65\x64\x5f\x6f\x66\
\x66\x73\x65\x74\0\x63\x6c\x6f\x6e\x65\x64\0\x6e\x6f\x68\x64\x72\0\x66\x63\x6c\
\x6f\x6e\x65\0\x70\x65\x65\x6b\x65\x64\0\x68\x65\x61\x64\x5f\x66\x72\x61\x67\0\
\x70\x66\x6d\x65\x6d\x61\x6c\x6c\x6f\x63\0\x70\x70\x5f\x72\x65\x63\x79\x63\x6c\
\x65\0\x61\x63\x74\x69\x76\x65\x5f\x65\x78\x74\x65\x6e\x73\x69\x6f\x6e\x73\0\
\x68\x65\x61\x64\x65\x72\x73\x5f\x73\x74\x61\x72\x74\0\x5f\x5f\x70\x6b\x74\x5f\
\x74\x79\x70\x65\x5f\x6f\x66\x66\x73\x65\x74\0\x70\x6b\x74\x5f\x74\x79\x70\x65\
\0\x69\x67\x6e\x6f\x72\x65\x5f\x64\x66\0\x6e\x66\x5f\x74\x72\x61\x63\x65\0\x69\
\x70\x5f\x73\x75\x6d\x6d\x65\x64\0\x6f\x6f\x6f\x5f\x6f\x6b\x61\x79\0\x6c\x34\
\x5f\x68\x61\x73\x68\0\x73\x77\x5f\x68\x61\x73\x68\0\x77\x69\x66\x69\x5f\x61\
\x63\x6b\x65\x64\x5f\x76\x61\x6c\x69\x64\0\x77\x69\x66\x69\x5f\x61\x63\x6b\x65\
\x64\0\x6e\x6f\x5f\x66\x63\x73\0\x65\x6e\x63\x61\x70\x73\x75\x6c\x61\x74\x69\
\x6f\x6e\0\x65\x6e\x63\x61\x70\x5f\x68\x64\x72\x5f\x63\x73\x75\x6d\0\x63\x73\
\x75\x6d\x5f\x76\x61\x6c\x69\x64\0\x5f\x5f\x70\x6b\x74\x5f\x76\x6c\x61\x6e\x5f\
\x70\x72\x65\x73\x65\x6e\x74\x5f\x6f\x66\x66\x73\x65\x74\0\x76\x6c\x61\x6e\x5f\
\x70\x72\x65\x73\x65\x6e\x74\0\x63\x73\x75\x6d\x5f\x63\x6f\x6d\x70\x6c\x65\x74\
\x65\x5f\x73\x77\0\x63\x73\x75\x6d\x5f\x6c\x65\x76\x65\x6c\0\x63\x73\x75\x6d\
\x5f\x6e\x6f\x74\x5f\x69\x6e\x65\x74\0\x64\x73\x74\x5f\x70\x65\x6e\x64\x69\x6e\
\x67\x5f\x63\x6f\x6e\x66\x69\x72\x6d\0\x6e\x64\x69\x73\x63\x5f\x6e\x6f\x64\x65\
\x74\x79\x70\x65\0\x69\x70\x76\x73\x5f\x70\x72\x6f\x70\x65\x72\x74\x79\0\x69\
\x6e\x6e\x65\x72\x5f\x70\x72\x6f\x74\x6f\x63\x6f\x6c\x5f\x74\x79\x70\x65\0\x72\
\x65\x6d\x63\x73\x75\x6d\x5f\x6f\x66\x66\x6c\x6f\x61\x64\0\x74\x63\x5f\x73\x6b\
\x69\x70\x5f\x63\x6c\x61\x73\x73\x69\x66\x79\0\x74\x63\x5f\x61\x74\x5f\x69\x6e\
\x67\x72\x65\x73\x73\0\x72\x65\x64\x69\x72\x65\x63\x74\x65\x64\0\x73\x6c\x6f\
\x77\x5f\x67\x72\x6f\0\x73\x63\x6d\x5f\x69\x6f\x5f\x75\x72\x69\x6e\x67\0\x74\
\x63\x5f\x69\x6e\x64\x65\x78\0\x73\x6b\x62\x5f\x69\x69\x66\0\x76\x6c\x61\x6e\
\x5f\x70\x72\x6f\x74\x6f\0\x76\x6c\x61\x6e\x5f\x74\x63\x69\0\x73\x65\x63\x6d\
\x61\x72\x6b\0\x69\x6e\x6e\x65\x72\x5f\x74\x72\x61\x6e\x73\x70\x6f\x72\x74\x5f\
\x68\x65\x61\x64\x65\x72\0\x69\x6e\x6e\x65\x72\x5f\x6e\x65\x74\x77\x6f\x72\x6b\
\x5f\x68\x65\x61\x64\x65\x72\0\x69\x6e\x6e\x65\x72\x5f\x6d\x61\x63\x5f\x68\x65\
\x61\x64\x65\x72\0\x70\x72\x6f\x74\x6f\x63\x6f\x6c\0\x74\x72\x61\x6e\x73\x70\
\x6f\x72\x74\x5f\x68\x65\x61\x64\x65\x72\0\x6e\x65\x74\x77\x6f\x72\x6b\x5f\x68\
\x65\x61\x64\x65\x72\0\x6d\x61\x63\x5f\x68\x65\x61\x64\x65\x72\0\x68\x65\x61\
\x64\x65\x72\x73\x5f\x65\x6e\x64\0\x65\x6e\x64\0\x74\x72\x75\x65\x73\x69\x7a\
\x65\0\x75\x73\x65\x72\x73\0\x65\x78\x74\x65\x6e\x73\x69\x6f\x6e\x73\0\x72\x62\
\x6e\x6f\x64\x65\0\x64\x65\x76\x5f\x73\x63\x72\x61\x74\x63\x68\0\x73\x6b\0\x69\
\x70\x5f\x64\x65\x66\x72\x61\x67\x5f\x6f\x66\x66\x73\x65\x74\0\x73\x6b\x62\x5f\
\x6d\x73\x74\x61\x6d\x70\x5f\x6e\x73\0\x74\x63\x70\x5f\x74\x73\x6f\x72\x74\x65\
\x64\x5f\x61\x6e\x63\x68\x6f\x72\0\x5f\x73\x6b\x5f\x72\x65\x64\x69\x72\0\x5f\
\x73\x6b\x62\x5f\x72\x65\x66\x64\x73\x74\0\x64\x65\x73\x74\x72\x75\x63\x74\x6f\
\x72\0\x63\x73\x75\x6d\0\x5f\x5f\x77\x73\x75\x6d\0\x63\x73\x75\x6d\x5f\x73\x74\
\x61\x72\x74\0\x63\x73\x75\x6d\x5f\x6f\x66\x66\x73\x65\x74\0\x6e\x61\x70\x69\
\x5f\x69\x64\0\x73\x65\x6e\x64\x65\x72\x5f\x63\x70\x75\0\x6d\x61\x72\x6b\0\x72\
\x65\x73\x65\x72\x76\x65\x64\x5f\x74\x61\x69\x6c\x72\x6f\x6f\x6d\0\x69\x6e\x6e\
\x65\x72\x5f\x70\x72\x6f\x74\x6f\x63\x6f\x6c\0\x69\x6e\x6e\x65\x72\x5f\x69\x70\
\x70\x72\x6f\x74\x6f\0\x73\x6b\x5f\x62\x75\x66\x66\x5f\x64\x61\x74\x61\x5f\x74\
\0\x72\x6d\x65\x6d\x5f\x61\x6c\x6c\x6f\x63\0\x73\x6b\x5f\x77\x71\0\x73\x6b\x5f\
\x77\x71\x5f\x72\x61\x77\0\x73\x6f\x63\x6b\x65\x74\x5f\x77\x71\0\x66\x61\x73\
\x79\x6e\x63\x5f\x6c\x69\x73\x74\0\x78\x66\x72\x6d\x5f\x70\x6f\x6c\x69\x63\x79\
\0\x78\x70\x5f\x6e\x65\x74\0\x62\x79\x64\x73\x74\0\x62\x79\x69\x64\x78\0\x67\
\x65\x6e\x69\x64\0\x69\x66\x5f\x69\x64\0\x6c\x66\x74\0\x63\x75\x72\x6c\x66\x74\
\0\x77\x61\x6c\x6b\0\x70\x6f\x6c\x71\0\x62\x79\x64\x73\x74\x5f\x72\x65\x69\x6e\
\x73\x65\x72\x74\0\x61\x63\x74\x69\x6f\x6e\0\x78\x66\x72\x6d\x5f\x6e\x72\0\x66\
\x61\x6d\x69\x6c\x79\0\x78\x66\x72\x6d\x5f\x76\x65\x63\0\x62\x79\x64\x73\x74\
\x5f\x69\x6e\x65\x78\x61\x63\x74\x5f\x6c\x69\x73\x74\0\x78\x66\x72\x6d\x5f\x6d\
\x61\x72\x6b\0\x76\0\x78\x66\x72\x6d\x5f\x73\x65\x6c\x65\x63\x74\x6f\x72\0\x64\
\x61\x64\x64\x72\0\x73\x61\x64\x64\x72\0\x64\x70\x6f\x72\x74\0\x64\x70\x6f\x72\
\x74\x5f\x6d\x61\x73\x6b\0\x73\x70\x6f\x72\x74\0\x73\x70\x6f\x72\x74\x5f\x6d\
\x61\x73\x6b\0\x70\x72\x65\x66\x69\x78\x6c\x65\x6e\x5f\x64\0\x70\x72\x65\x66\
\x69\x78\x6c\x65\x6e\x5f\x73\0\x70\x72\x6f\x74\x6f\0\x78\x66\x72\x6d\x5f\x61\
\x64\x64\x72\x65\x73\x73\x5f\x74\0\x61\x34\0\x61\x36\0\x69\x6e\x36\0\x78\x66\
\x72\x6d\x5f\x6c\x69\x66\x65\x74\x69\x6d\x65\x5f\x63\x66\x67\0\x73\x6f\x66\x74\
\x5f\x62\x79\x74\x65\x5f\x6c\x69\x6d\x69\x74\0\x68\x61\x72\x64\x5f\x62\x79\x74\
\x65\x5f\x6c\x69\x6d\x69\x74\0\x73\x6f\x66\x74\x5f\x70\x61\x63\x6b\x65\x74\x5f\
\x6c\x69\x6d\x69\x74\0\x68\x61\x72\x64\x5f\x70\x61\x63\x6b\x65\x74\x5f\x6c\x69\
\x6d\x69\x74\0\x73\x6f\x66\x74\x5f\x61\x64\x64\x5f\x65\x78\x70\x69\x72\x65\x73\
\x5f\x73\x65\x63\x6f\x6e\x64\x73\0\x68\x61\x72\x64\x5f\x61\x64\x64\x5f\x65\x78\
\x70\x69\x72\x65\x73\x5f\x73\x65\x63\x6f\x6e\x64\x73\0\x73\x6f\x66\x74\x5f\x75\
\x73\x65\x5f\x65\x78\x70\x69\x72\x65\x73\x5f\x73\x65\x63\x6f\x6e\x64\x73\0\x68\
\x61\x72\x64\x5f\x75\x73\x65\x5f\x65\x78\x70\x69\x72\x65\x73\x5f\x73\x65\x63\
\x6f\x6e\x64\x73\0\x78\x66\x72\x6d\x5f\x6c\x69\x66\x65\x74\x69\x6d\x65\x5f\x63\
\x75\x72\0\x62\x79\x74\x65\x73\0\x70\x61\x63\x6b\x65\x74\x73\0\x61\x64\x64\x5f\
\x74\x69\x6d\x65\0\x75\x73\x65\x5f\x74\x69\x6d\x65\0\x78\x66\x72\x6d\x5f\x70\
\x6f\x6c\x69\x63\x79\x5f\x77\x61\x6c\x6b\x5f\x65\x6e\x74\x72\x79\0\x61\x6c\x6c\
\0\x78\x66\x72\x6d\x5f\x70\x6f\x6c\x69\x63\x79\x5f\x71\x75\x65\x75\x65\0\x68\
\x6f\x6c\x64\x5f\x71\x75\x65\x75\x65\0\x68\x6f\x6c\x64\x5f\x74\x69\x6d\x65\x72\
\0\x78\x66\x72\x6d\x5f\x74\x6d\x70\x6c\0\x65\x6e\x63\x61\x70\x5f\x66\x61\x6d\
\x69\x6c\x79\0\x72\x65\x71\x69\x64\0\x73\x68\x61\x72\x65\0\x6f\x70\x74\x69\x6f\
\x6e\x61\x6c\0\x61\x6c\x6c\x61\x6c\x67\x73\0\x61\x61\x6c\x67\x6f\x73\0\x65\x61\
\x6c\x67\x6f\x73\0\x63\x61\x6c\x67\x6f\x73\0\x78\x66\x72\x6d\x5f\x69\x64\0\x73\
\x70\x69\0\x64\x73\x74\x5f\x65\x6e\x74\x72\x79\0\x5f\x6d\x65\x74\x72\x69\x63\
\x73\0\x69\x6e\x70\x75\x74\0\x6f\x75\x74\x70\x75\x74\0\x6f\x62\x73\x6f\x6c\x65\
\x74\x65\0\x68\x65\x61\x64\x65\x72\x5f\x6c\x65\x6e\0\x74\x72\x61\x69\x6c\x65\
\x72\x5f\x6c\x65\x6e\0\x5f\x5f\x72\x65\x66\x63\x6e\x74\0\x5f\x5f\x75\x73\x65\0\
\x6c\x61\x73\x74\x75\x73\x65\0\x6c\x77\x74\x73\x74\x61\x74\x65\0\x65\x72\x72\
\x6f\x72\0\x5f\x5f\x70\x61\x64\0\x74\x63\x6c\x61\x73\x73\x69\x64\0\x6e\x65\x74\
\x5f\x64\x65\x76\x69\x63\x65\0\x6e\x61\x6d\x65\x5f\x6e\x6f\x64\x65\0\x69\x66\
\x61\x6c\x69\x61\x73\0\x6d\x65\x6d\x5f\x65\x6e\x64\0\x6d\x65\x6d\x5f\x73\x74\
\x61\x72\x74\0\x62\x61\x73\x65\x5f\x61\x64\x64\x72\0\x64\x65\x76\x5f\x6c\x69\
\x73\x74\0\x6e\x61\x70\x69\x5f\x6c\x69\x73\x74\0\x75\x6e\x72\x65\x67\x5f\x6c\
\x69\x73\x74\0\x63\x6c\x6f\x73\x65\x5f\x6c\x69\x73\x74\0\x70\x74\x79\x70\x65\
\x5f\x61\x6c\x6c\0\x70\x74\x79\x70\x65\x5f\x73\x70\x65\x63\x69\x66\x69\x63\0\
\x61\x64\x6a\x5f\x6c\x69\x73\x74\0\x70\x72\x69\x76\x5f\x66\x6c\x61\x67\x73\0\
\x6e\x65\x74\x64\x65\x76\x5f\x6f\x70\x73\0\x67\x66\x6c\x61\x67\x73\0\x68\x61\
\x72\x64\x5f\x68\x65\x61\x64\x65\x72\x5f\x6c\x65\x6e\0\x6d\x74\x75\0\x6e\x65\
\x65\x64\x65\x64\x5f\x68\x65\x61\x64\x72\x6f\x6f\x6d\0\x6e\x65\x65\x64\x65\x64\
\x5f\x74\x61\x69\x6c\x72\x6f\x6f\x6d\0\x66\x65\x61\x74\x75\x72\x65\x73\0\x68\
\x77\x5f\x66\x65\x61\x74\x75\x72\x65\x73\0\x77\x61\x6e\x74\x65\x64\x5f\x66\x65\
\x61\x74\x75\x72\x65\x73\0\x76\x6c\x61\x6e\x5f\x66\x65\x61\x74\x75\x72\x65\x73\
\0\x68\x77\x5f\x65\x6e\x63\x5f\x66\x65\x61\x74\x75\x72\x65\x73\0\x6d\x70\x6c\
\x73\x5f\x66\x65\x61\x74\x75\x72\x65\x73\0\x67\x73\x6f\x5f\x70\x61\x72\x74\x69\
\x61\x6c\x5f\x66\x65\x61\x74\x75\x72\x65\x73\0\x6d\x69\x6e\x5f\x6d\x74\x75\0\
\x6d\x61\x78\x5f\x6d\x74\x75\0\x6d\x69\x6e\x5f\x68\x65\x61\x64\x65\x72\x5f\x6c\
\x65\x6e\0\x6e\x61\x6d\x65\x5f\x61\x73\x73\x69\x67\x6e\x5f\x74\x79\x70\x65\0\
\x72\x78\x5f\x64\x72\x6f\x70\x70\x65\x64\0\x74\x78\x5f\x64\x72\x6f\x70\x70\x65\
\x64\0\x72\x78\x5f\x6e\x6f\x68\x61\x6e\x64\x6c\x65\x72\0\x63\x61\x72\x72\x69\
\x65\x72\x5f\x75\x70\x5f\x63\x6f\x75\x6e\x74\0\x63\x61\x72\x72\x69\x65\x72\x5f\
\x64\x6f\x77\x6e\x5f\x63\x6f\x75\x6e\x74\0\x65\x74\x68\x74\x6f\x6f\x6c\x5f\x6f\
\x70\x73\0\x6e\x64\x69\x73\x63\x5f\x6f\x70\x73\0\x68\x65\x61\x64\x65\x72\x5f\
\x6f\x70\x73\0\x6f\x70\x65\x72\x73\x74\x61\x74\x65\0\x6c\x69\x6e\x6b\x5f\x6d\
\x6f\x64\x65\0\x69\x66\x5f\x70\x6f\x72\x74\0\x64\x6d\x61\0\x70\x65\x72\x6d\x5f\
\x61\x64\x64\x72\0\x61\x64\x64\x72\x5f\x61\x73\x73\x69\x67\x6e\x5f\x74\x79\x70\
\x65\0\x61\x64\x64\x72\x5f\x6c\x65\x6e\0\x75\x70\x70\x65\x72\x5f\x6c\x65\x76\
\x65\x6c\0\x6c\x6f\x77\x65\x72\x5f\x6c\x65\x76\x65\x6c\0\x6e\x65\x69\x67\x68\
\x5f\x70\x72\x69\x76\x5f\x6c\x65\x6e\0\x64\x65\x76\x5f\x69\x64\0\x64\x65\x76\
\x5f\x70\x6f\x72\x74\0\x70\x61\x64\x64\x65\x64\0\x61\x64\x64\x72\x5f\x6c\x69\
\x73\x74\x5f\x6c\x6f\x63\x6b\0\x69\x72\x71\0\x75\x63\0\x6d\x63\0\x64\x65\x76\
\x5f\x61\x64\x64\x72\x73\0\x71\x75\x65\x75\x65\x73\x5f\x6b\x73\x65\x74\0\x70\
\x72\x6f\x6d\x69\x73\x63\x75\x69\x74\x79\0\x61\x6c\x6c\x6d\x75\x6c\x74\x69\0\
\x75\x63\x5f\x70\x72\x6f\x6d\x69\x73\x63\0\x76\x6c\x61\x6e\x5f\x69\x6e\x66\x6f\
\0\x69\x70\x5f\x70\x74\x72\0\x69\x70\x36\x5f\x70\x74\x72\0\x69\x65\x65\x65\x38\
\x30\x32\x31\x31\x5f\x70\x74\x72\0\x69\x65\x65\x65\x38\x30\x32\x31\x35\x34\x5f\
\x70\x74\x72\0\x64\x65\x76\x5f\x61\x64\x64\x72\0\x5f\x72\x78\0\x6e\x75\x6d\x5f\
\x72\x78\x5f\x71\x75\x65\x75\x65\x73\0\x72\x65\x61\x6c\x5f\x6e\x75\x6d\x5f\x72\
\x78\x5f\x71\x75\x65\x75\x65\x73\0\x78\x64\x70\x5f\x70\x72\x6f\x67\0\x67\x72\
\x6f\x5f\x66\x6c\x75\x73\x68\x5f\x74\x69\x6d\x65\x6f\x75\x74\0\x6e\x61\x70\x69\
\x5f\x64\x65\x66\x65\x72\x5f\x68\x61\x72\x64\x5f\x69\x72\x71\x73\0\x72\x78\x5f\
\x68\x61\x6e\x64\x6c\x65\x72\0\x72\x78\x5f\x68\x61\x6e\x64\x6c\x65\x72\x5f\x64\
\x61\x74\x61\0\x6d\x69\x6e\x69\x71\x5f\x69\x6e\x67\x72\x65\x73\x73\0\x69\x6e\
\x67\x72\x65\x73\x73\x5f\x71\x75\x65\x75\x65\0\x6e\x66\x5f\x68\x6f\x6f\x6b\x73\
\x5f\x69\x6e\x67\x72\x65\x73\x73\0\x62\x72\x6f\x61\x64\x63\x61\x73\x74\0\x72\
\x78\x5f\x63\x70\x75\x5f\x72\x6d\x61\x70\0\x69\x6e\x64\x65\x78\x5f\x68\x6c\x69\
\x73\x74\0\x5f\x74\x78\0\x6e\x75\x6d\x5f\x74\x78\x5f\x71\x75\x65\x75\x65\x73\0\
\x72\x65\x61\x6c\x5f\x6e\x75\x6d\x5f\x74\x78\x5f\x71\x75\x65\x75\x65\x73\0\x71\
\x64\x69\x73\x63\0\x74\x78\x5f\x71\x75\x65\x75\x65\x5f\x6c\x65\x6e\0\x74\x78\
\x5f\x67\x6c\x6f\x62\x61\x6c\x5f\x6c\x6f\x63\x6b\0\x78\x64\x70\x5f\x62\x75\x6c\
\x6b\x71\0\x78\x70\x73\x5f\x6d\x61\x70\x73\0\x6d\x69\x6e\x69\x71\x5f\x65\x67\
\x72\x65\x73\x73\0\x71\x64\x69\x73\x63\x5f\x68\x61\x73\x68\0\x77\x61\x74\x63\
\x68\x64\x6f\x67\x5f\x74\x69\x6d\x65\x72\0\x77\x61\x74\x63\x68\x64\x6f\x67\x5f\
\x74\x69\x6d\x65\x6f\0\x70\x72\x6f\x74\x6f\x5f\x64\x6f\x77\x6e\x5f\x72\x65\x61\
\x73\x6f\x6e\0\x74\x6f\x64\x6f\x5f\x6c\x69\x73\x74\0\x70\x63\x70\x75\x5f\x72\
\x65\x66\x63\x6e\x74\0\x6c\x69\x6e\x6b\x5f\x77\x61\x74\x63\x68\x5f\x6c\x69\x73\
\x74\0\x72\x65\x67\x5f\x73\x74\x61\x74\x65\0\x64\x69\x73\x6d\x61\x6e\x74\x6c\
\x65\0\x72\x74\x6e\x6c\x5f\x6c\x69\x6e\x6b\x5f\x73\x74\x61\x74\x65\0\x6e\x65\
\x65\x64\x73\x5f\x66\x72\x65\x65\x5f\x6e\x65\x74\x64\x65\x76\0\x70\x72\x69\x76\
\x5f\x64\x65\x73\x74\x72\x75\x63\x74\x6f\x72\0\x6e\x64\x5f\x6e\x65\x74\0\x6d\
\x6c\x5f\x70\x72\x69\x76\0\x6d\x6c\x5f\x70\x72\x69\x76\x5f\x74\x79\x70\x65\0\
\x73\x79\x73\x66\x73\x5f\x67\x72\x6f\x75\x70\x73\0\x73\x79\x73\x66\x73\x5f\x72\
\x78\x5f\x71\x75\x65\x75\x65\x5f\x67\x72\x6f\x75\x70\0\x72\x74\x6e\x6c\x5f\x6c\
\x69\x6e\x6b\x5f\x6f\x70\x73\0\x67\x73\x6f\x5f\x6d\x61\x78\x5f\x73\x69\x7a\x65\
\0\x67\x73\x6f\x5f\x6d\x61\x78\x5f\x73\x65\x67\x73\0\x6e\x75\x6d\x5f\x74\x63\0\
\x74\x63\x5f\x74\x6f\x5f\x74\x78\x71\0\x70\x72\x69\x6f\x5f\x74\x63\x5f\x6d\x61\
\x70\0\x70\x68\x79\x64\x65\x76\0\x73\x66\x70\x5f\x62\x75\x73\0\x71\x64\x69\x73\
\x63\x5f\x74\x78\x5f\x62\x75\x73\x79\x6c\x6f\x63\x6b\0\x71\x64\x69\x73\x63\x5f\
\x72\x75\x6e\x6e\x69\x6e\x67\x5f\x6b\x65\x79\0\x70\x72\x6f\x74\x6f\x5f\x64\x6f\
\x77\x6e\0\x77\x6f\x6c\x5f\x65\x6e\x61\x62\x6c\x65\x64\0\x74\x68\x72\x65\x61\
\x64\x65\x64\0\x6e\x65\x74\x5f\x6e\x6f\x74\x69\x66\x69\x65\x72\x5f\x6c\x69\x73\
\x74\0\x75\x64\x70\x5f\x74\x75\x6e\x6e\x65\x6c\x5f\x6e\x69\x63\x5f\x69\x6e\x66\
\x6f\0\x75\x64\x70\x5f\x74\x75\x6e\x6e\x65\x6c\x5f\x6e\x69\x63\0\x78\x64\x70\
\x5f\x73\x74\x61\x74\x65\0\x75\x70\x70\x65\x72\0\x6c\x6f\x77\x65\x72\0\x6e\x65\
\x74\x64\x65\x76\x5f\x66\x65\x61\x74\x75\x72\x65\x73\x5f\x74\0\x6e\x65\x74\x5f\
\x64\x65\x76\x69\x63\x65\x5f\x73\x74\x61\x74\x73\0\x72\x78\x5f\x70\x61\x63\x6b\
\x65\x74\x73\0\x5f\x5f\x72\x78\x5f\x70\x61\x63\x6b\x65\x74\x73\0\x74\x78\x5f\
\x70\x61\x63\x6b\x65\x74\x73\0\x5f\x5f\x74\x78\x5f\x70\x61\x63\x6b\x65\x74\x73\
\0\x72\x78\x5f\x62\x79\x74\x65\x73\0\x5f\x5f\x72\x78\x5f\x62\x79\x74\x65\x73\0\
\x74\x78\x5f\x62\x79\x74\x65\x73\0\x5f\x5f\x74\x78\x5f\x62\x79\x74\x65\x73\0\
\x72\x78\x5f\x65\x72\x72\x6f\x72\x73\0\x5f\x5f\x72\x78\x5f\x65\x72\x72\x6f\x72\
\x73\0\x74\x78\x5f\x65\x72\x72\x6f\x72\x73\0\x5f\x5f\x74\x78\x5f\x65\x72\x72\
\x6f\x72\x73\0\x5f\x5f\x72\x78\x5f\x64\x72\x6f\x70\x70\x65\x64\0\x5f\x5f\x74\
\x78\x5f\x64\x72\x6f\x70\x70\x65\x64\0\x6d\x75\x6c\x74\x69\x63\x61\x73\x74\0\
\x5f\x5f\x6d\x75\x6c\x74\x69\x63\x61\x73\x74\0\x63\x6f\x6c\x6c\x69\x73\x69\x6f\
\x6e\x73\0\x5f\x5f\x63\x6f\x6c\x6c\x69\x73\x69\x6f\x6e\x73\0\x72\x78\x5f\x6c\
\x65\x6e\x67\x74\x68\x5f\x65\x72\x72\x6f\x72\x73\0\x5f\x5f\x72\x78\x5f\x6c\x65\
\x6e\x67\x74\x68\x5f\x65\x72\x72\x6f\x72\x73\0\x72\x78\x5f\x6f\x76\x65\x72\x5f\
\x65\x72\x72\x6f\x72\x73\0\x5f\x5f\x72\x78\x5f\x6f\x76\x65\x72\x5f\x65\x72\x72\
\x6f\x72\x73\0\x72\x78\x5f\x63\x72\x63\x5f\x65\x72\x72\x6f\x72\x73\0\x5f\x5f\
\x72\x78\x5f\x63\x72\x63\x5f\x65\x72\x72\x6f\x72\x73\0\x72\x78\x5f\x66\x72\x61\
\x6d\x65\x5f\x65\x72\x72\x6f\x72\x73\0\x5f\x5f\x72\x78\x5f\x66\x72\x61\x6d\x65\
\x5f\x65\x72\x72\x6f\x72\x73\0\x72\x78\x5f\x66\x69\x66\x6f\x5f\x65\x72\x72\x6f\
\x72\x73\0\x5f\x5f\x72\x78\x5f\x66\x69\x66\x6f\x5f\x65\x72\x72\x6f\x72\x73\0\
\x72\x78\x5f\x6d\x69\x73\x73\x65\x64\x5f\x65\x72\x72\x6f\x72\x73\0\x5f\x5f\x72\
\x78\x5f\x6d\x69\x73\x73\x65\x64\x5f\x65\x72\x72\x6f\x72\x73\0\x74\x78\x5f\x61\
\x62\x6f\x72\x74\x65\x64\x5f\x65\x72\x72\x6f\x72\x73\0\x5f\x5f\x74\x78\x5f\x61\
\x62\x6f\x72\x74\x65\x64\x5f\x65\x72\x72\x6f\x72\x73\0\x74\x78\x5f\x63\x61\x72\
\x72\x69\x65\x72\x5f\x65\x72\x72\x6f\x72\x73\0\x5f\x5f\x74\x78\x5f\x63\x61\x72\
\x72\x69\x65\x72\x5f\x65\x72\x72\x6f\x72\x73\0\x74\x78\x5f\x66\x69\x66\x6f\x5f\
\x65\x72\x72\x6f\x72\x73\0\x5f\x5f\x74\x78\x5f\x66\x69\x66\x6f\x5f\x65\x72\x72\
\x6f\x72\x73\0\x74\x78\x5f\x68\x65\x61\x72\x74\x62\x65\x61\x74\x5f\x65\x72\x72\
\x6f\x72\x73\0\x5f\x5f\x74\x78\x5f\x68\x65\x61\x72\x74\x62\x65\x61\x74\x5f\x65\
\x72\x72\x6f\x72\x73\0\x74\x78\x5f\x77\x69\x6e\x64\x6f\x77\x5f\x65\x72\x72\x6f\
\x72\x73\0\x5f\x5f\x74\x78\x5f\x77\x69\x6e\x64\x6f\x77\x5f\x65\x72\x72\x6f\x72\
\x73\0\x72\x78\x5f\x63\x6f\x6d\x70\x72\x65\x73\x73\x65\x64\0\x5f\x5f\x72\x78\
\x5f\x63\x6f\x6d\x70\x72\x65\x73\x73\x65\x64\0\x74\x78\x5f\x63\x6f\x6d\x70\x72\
\x65\x73\x73\x65\x64\0\x5f\x5f\x74\x78\x5f\x63\x6f\x6d\x70\x72\x65\x73\x73\x65\
\x64\0\x6e\x65\x74\x64\x65\x76\x5f\x68\x77\x5f\x61\x64\x64\x72\x5f\x6c\x69\x73\
\x74\0\x75\x65\x76\x65\x6e\x74\x5f\x6f\x70\x73\0\x72\x78\x5f\x68\x61\x6e\x64\
\x6c\x65\x72\x5f\x66\x75\x6e\x63\x5f\x74\0\x72\x78\x5f\x68\x61\x6e\x64\x6c\x65\
\x72\x5f\x72\x65\x73\x75\x6c\x74\x5f\x74\0\x72\x78\x5f\x68\x61\x6e\x64\x6c\x65\
\x72\x5f\x72\x65\x73\x75\x6c\x74\0\x52\x58\x5f\x48\x41\x4e\x44\x4c\x45\x52\x5f\
\x43\x4f\x4e\x53\x55\x4d\x45\x44\0\x52\x58\x5f\x48\x41\x4e\x44\x4c\x45\x52\x5f\
\x41\x4e\x4f\x54\x48\x45\x52\0\x52\x58\x5f\x48\x41\x4e\x44\x4c\x45\x52\x5f\x45\
\x58\x41\x43\x54\0\x52\x58\x5f\x48\x41\x4e\x44\x4c\x45\x52\x5f\x50\x41\x53\x53\
\0\x6e\x65\x74\x64\x65\x76\x5f\x71\x75\x65\x75\x65\0\x71\x64\x69\x73\x63\x5f\
\x73\x6c\x65\x65\x70\x69\x6e\x67\0\x74\x78\x5f\x6d\x61\x78\x72\x61\x74\x65\0\
\x74\x72\x61\x6e\x73\x5f\x74\x69\x6d\x65\x6f\x75\x74\0\x73\x62\x5f\x64\x65\x76\
\0\x5f\x78\x6d\x69\x74\x5f\x6c\x6f\x63\x6b\0\x78\x6d\x69\x74\x5f\x6c\x6f\x63\
\x6b\x5f\x6f\x77\x6e\x65\x72\0\x74\x72\x61\x6e\x73\x5f\x73\x74\x61\x72\x74\0\
\x64\x71\x6c\0\x51\x64\x69\x73\x63\0\x65\x6e\x71\x75\x65\x75\x65\0\x64\x65\x71\
\x75\x65\x75\x65\0\x6c\x69\x6d\x69\x74\0\x73\x74\x61\x62\0\x68\x61\x6e\x64\x6c\
\x65\0\x64\x65\x76\x5f\x71\x75\x65\x75\x65\0\x72\x61\x74\x65\x5f\x65\x73\x74\0\
\x63\x70\x75\x5f\x62\x73\x74\x61\x74\x73\0\x63\x70\x75\x5f\x71\x73\x74\x61\x74\
\x73\0\x70\x61\x64\0\x67\x73\x6f\x5f\x73\x6b\x62\0\x71\0\x62\x73\x74\x61\x74\
\x73\0\x72\x75\x6e\x6e\x69\x6e\x67\0\x71\x73\x74\x61\x74\x73\0\x6e\x65\x78\x74\
\x5f\x73\x63\x68\x65\x64\0\x73\x6b\x62\x5f\x62\x61\x64\x5f\x74\x78\x71\0\x62\
\x75\x73\x79\x6c\x6f\x63\x6b\0\x73\x65\x71\x6c\x6f\x63\x6b\0\x70\x72\x69\x76\
\x64\x61\x74\x61\0\x71\x64\x69\x73\x63\x5f\x73\x6b\x62\x5f\x68\x65\x61\x64\0\
\x67\x6e\x65\x74\x5f\x73\x74\x61\x74\x73\x5f\x62\x61\x73\x69\x63\x5f\x70\x61\
\x63\x6b\x65\x64\0\x67\x6e\x65\x74\x5f\x73\x74\x61\x74\x73\x5f\x71\x75\x65\x75\
\x65\0\x62\x61\x63\x6b\x6c\x6f\x67\0\x64\x72\x6f\x70\x73\0\x72\x65\x71\x75\x65\
\x75\x65\x73\0\x6f\x76\x65\x72\x6c\x69\x6d\x69\x74\x73\0\x6e\x75\x6d\x5f\x71\
\x75\x65\x75\x65\x64\0\x61\x64\x6a\x5f\x6c\x69\x6d\x69\x74\0\x6c\x61\x73\x74\
\x5f\x6f\x62\x6a\x5f\x63\x6e\x74\0\x6e\x75\x6d\x5f\x63\x6f\x6d\x70\x6c\x65\x74\
\x65\x64\0\x70\x72\x65\x76\x5f\x6f\x76\x6c\x69\x6d\x69\x74\0\x70\x72\x65\x76\
\x5f\x6e\x75\x6d\x5f\x71\x75\x65\x75\x65\x64\0\x70\x72\x65\x76\x5f\x6c\x61\x73\
\x74\x5f\x6f\x62\x6a\x5f\x63\x6e\x74\0\x6c\x6f\x77\x65\x73\x74\x5f\x73\x6c\x61\
\x63\x6b\0\x73\x6c\x61\x63\x6b\x5f\x73\x74\x61\x72\x74\x5f\x74\x69\x6d\x65\0\
\x6d\x61\x78\x5f\x6c\x69\x6d\x69\x74\0\x6d\x69\x6e\x5f\x6c\x69\x6d\x69\x74\0\
\x73\x6c\x61\x63\x6b\x5f\x68\x6f\x6c\x64\x5f\x74\x69\x6d\x65\0\x78\x70\x73\x5f\
\x64\x65\x76\x5f\x6d\x61\x70\x73\0\x6e\x72\x5f\x69\x64\x73\0\x61\x74\x74\x72\
\x5f\x6d\x61\x70\0\x78\x70\x73\x5f\x6d\x61\x70\0\x61\x6c\x6c\x6f\x63\x5f\x6c\
\x65\x6e\0\x71\x75\x65\x75\x65\x73\0\x6d\x69\x6e\x69\x5f\x51\x64\x69\x73\x63\0\
\x66\x69\x6c\x74\x65\x72\x5f\x6c\x69\x73\x74\0\x67\x6e\x65\x74\x5f\x73\x74\x61\
\x74\x73\x5f\x62\x61\x73\x69\x63\x5f\x63\x70\x75\0\x73\x79\x6e\x63\x70\0\x75\
\x36\x34\x5f\x73\x74\x61\x74\x73\x5f\x73\x79\x6e\x63\0\x4e\x45\x54\x52\x45\x47\
\x5f\x55\x4e\x49\x4e\x49\x54\x49\x41\x4c\x49\x5a\x45\x44\0\x4e\x45\x54\x52\x45\
\x47\x5f\x52\x45\x47\x49\x53\x54\x45\x52\x45\x44\0\x4e\x45\x54\x52\x45\x47\x5f\
\x55\x4e\x52\x45\x47\x49\x53\x54\x45\x52\x49\x4e\x47\0\x4e\x45\x54\x52\x45\x47\
\x5f\x55\x4e\x52\x45\x47\x49\x53\x54\x45\x52\x45\x44\0\x4e\x45\x54\x52\x45\x47\
\x5f\x52\x45\x4c\x45\x41\x53\x45\x44\0\x4e\x45\x54\x52\x45\x47\x5f\x44\x55\x4d\
\x4d\x59\0\x52\x54\x4e\x4c\x5f\x4c\x49\x4e\x4b\x5f\x49\x4e\x49\x54\x49\x41\x4c\
\x49\x5a\x45\x44\0\x52\x54\x4e\x4c\x5f\x4c\x49\x4e\x4b\x5f\x49\x4e\x49\x54\x49\
\x41\x4c\x49\x5a\x49\x4e\x47\0\x6e\x65\x74\x64\x65\x76\x5f\x6d\x6c\x5f\x70\x72\
\x69\x76\x5f\x74\x79\x70\x65\0\x4d\x4c\x5f\x50\x52\x49\x56\x5f\x4e\x4f\x4e\x45\
\0\x4d\x4c\x5f\x50\x52\x49\x56\x5f\x43\x41\x4e\0\x6c\x73\x74\x61\x74\x73\0\x74\
\x73\x74\x61\x74\x73\0\x64\x73\x74\x61\x74\x73\0\x70\x63\x70\x75\x5f\x64\x73\
\x74\x61\x74\x73\0\x6e\x65\x74\x64\x65\x76\x5f\x74\x63\x5f\x74\x78\x71\0\x62\
\x70\x66\x5f\x78\x64\x70\x5f\x65\x6e\x74\x69\x74\x79\0\x73\x6b\x5f\x73\x65\x6e\
\x64\x5f\x68\x65\x61\x64\0\x74\x63\x70\x5f\x72\x74\x78\x5f\x71\x75\x65\x75\x65\
\0\x63\x6c\x6f\x73\x65\0\x70\x72\x65\x5f\x63\x6f\x6e\x6e\x65\x63\x74\0\x63\x6f\
\x6e\x6e\x65\x63\x74\0\x64\x69\x73\x63\x6f\x6e\x6e\x65\x63\x74\0\x61\x63\x63\
\x65\x70\x74\0\x69\x6f\x63\x74\x6c\0\x73\x68\x75\x74\x64\x6f\x77\x6e\0\x73\x65\
\x74\x73\x6f\x63\x6b\x6f\x70\x74\0\x67\x65\x74\x73\x6f\x63\x6b\x6f\x70\x74\0\
\x6b\x65\x65\x70\x61\x6c\x69\x76\x65\0\x73\x65\x6e\x64\x6d\x73\x67\0\x72\x65\
\x63\x76\x6d\x73\x67\0\x62\x69\x6e\x64\0\x62\x69\x6e\x64\x5f\x61\x64\x64\0\x62\
\x61\x63\x6b\x6c\x6f\x67\x5f\x72\x63\x76\0\x62\x70\x66\x5f\x62\x79\x70\x61\x73\
\x73\x5f\x67\x65\x74\x73\x6f\x63\x6b\x6f\x70\x74\0\x72\x65\x6c\x65\x61\x73\x65\
\x5f\x63\x62\0\x75\x6e\x68\x61\x73\x68\0\x72\x65\x68\x61\x73\x68\0\x67\x65\x74\
\x5f\x70\x6f\x72\x74\0\x70\x73\x6f\x63\x6b\x5f\x75\x70\x64\x61\x74\x65\x5f\x73\
\x6b\x5f\x70\x72\x6f\x74\0\x69\x6e\x75\x73\x65\x5f\x69\x64\x78\0\x73\x74\x72\
\x65\x61\x6d\x5f\x6d\x65\x6d\x6f\x72\x79\x5f\x66\x72\x65\x65\0\x73\x6f\x63\x6b\
\x5f\x69\x73\x5f\x72\x65\x61\x64\x61\x62\x6c\x65\0\x65\x6e\x74\x65\x72\x5f\x6d\
\x65\x6d\x6f\x72\x79\x5f\x70\x72\x65\x73\x73\x75\x72\x65\0\x6c\x65\x61\x76\x65\
\x5f\x6d\x65\x6d\x6f\x72\x79\x5f\x70\x72\x65\x73\x73\x75\x72\x65\0\x6d\x65\x6d\
\x6f\x72\x79\x5f\x61\x6c\x6c\x6f\x63\x61\x74\x65\x64\0\x73\x6f\x63\x6b\x65\x74\
\x73\x5f\x61\x6c\x6c\x6f\x63\x61\x74\x65\x64\0\x6d\x65\x6d\x6f\x72\x79\x5f\x70\
\x72\x65\x73\x73\x75\x72\x65\0\x73\x79\x73\x63\x74\x6c\x5f\x6d\x65\x6d\0\x73\
\x79\x73\x63\x74\x6c\x5f\x77\x6d\x65\x6d\0\x73\x79\x73\x63\x74\x6c\x5f\x72\x6d\
\x65\x6d\0\x73\x79\x73\x63\x74\x6c\x5f\x77\x6d\x65\x6d\x5f\x6f\x66\x66\x73\x65\
\x74\0\x73\x79\x73\x63\x74\x6c\x5f\x72\x6d\x65\x6d\x5f\x6f\x66\x66\x73\x65\x74\
\0\x6d\x61\x78\x5f\x68\x65\x61\x64\x65\x72\0\x6e\x6f\x5f\x61\x75\x74\x6f\x62\
\x69\x6e\x64\0\x73\x6c\x61\x62\0\x6f\x62\x6a\x5f\x73\x69\x7a\x65\0\x73\x6c\x61\
\x62\x5f\x66\x6c\x61\x67\x73\0\x6f\x72\x70\x68\x61\x6e\x5f\x63\x6f\x75\x6e\x74\
\0\x72\x73\x6b\x5f\x70\x72\x6f\x74\0\x74\x77\x73\x6b\x5f\x70\x72\x6f\x74\0\x68\
\0\x64\x69\x61\x67\x5f\x64\x65\x73\x74\x72\x6f\x79\0\x73\x6f\x63\x6b\x61\x64\
\x64\x72\0\x73\x61\x5f\x66\x61\x6d\x69\x6c\x79\0\x73\x61\x5f\x64\x61\x74\x61\0\
\x73\x61\x5f\x66\x61\x6d\x69\x6c\x79\x5f\x74\0\x5f\x5f\x6b\x65\x72\x6e\x65\x6c\
\x5f\x73\x61\x5f\x66\x61\x6d\x69\x6c\x79\x5f\x74\0\x73\x6f\x63\x6b\x70\x74\x72\
\x5f\x74\0\x69\x73\x5f\x6b\x65\x72\x6e\x65\x6c\0\x6b\x65\x72\x6e\x65\x6c\0\x6d\
\x73\x67\x68\x64\x72\0\x6d\x73\x67\x5f\x6e\x61\x6d\x65\0\x6d\x73\x67\x5f\x6e\
\x61\x6d\x65\x6c\x65\x6e\0\x6d\x73\x67\x5f\x69\x74\x65\x72\0\x6d\x73\x67\x5f\
\x63\x6f\x6e\x74\x72\x6f\x6c\x5f\x69\x73\x5f\x75\x73\x65\x72\0\x6d\x73\x67\x5f\
\x63\x6f\x6e\x74\x72\x6f\x6c\x6c\x65\x6e\0\x6d\x73\x67\x5f\x66\x6c\x61\x67\x73\
\0\x6d\x73\x67\x5f\x69\x6f\x63\x62\0\x6d\x73\x67\x5f\x63\x6f\x6e\x74\x72\x6f\
\x6c\0\x6d\x73\x67\x5f\x63\x6f\x6e\x74\x72\x6f\x6c\x5f\x75\x73\x65\x72\0\x73\
\x6b\x5f\x70\x73\x6f\x63\x6b\0\x73\x6b\x5f\x72\x65\x64\x69\x72\0\x61\x70\x70\
\x6c\x79\x5f\x62\x79\x74\x65\x73\0\x63\x6f\x72\x6b\x5f\x62\x79\x74\x65\x73\0\
\x65\x76\x61\x6c\0\x72\x65\x64\x69\x72\x5f\x69\x6e\x67\x72\x65\x73\x73\0\x63\
\x6f\x72\x6b\0\x69\x6e\x67\x72\x65\x73\x73\x5f\x73\x6b\x62\0\x69\x6e\x67\x72\
\x65\x73\x73\x5f\x6d\x73\x67\0\x69\x6e\x67\x72\x65\x73\x73\x5f\x6c\x6f\x63\x6b\
\0\x6c\x69\x6e\x6b\x5f\x6c\x6f\x63\x6b\0\x73\x61\x76\x65\x64\x5f\x75\x6e\x68\
\x61\x73\x68\0\x73\x61\x76\x65\x64\x5f\x64\x65\x73\x74\x72\x6f\x79\0\x73\x61\
\x76\x65\x64\x5f\x63\x6c\x6f\x73\x65\0\x73\x61\x76\x65\x64\x5f\x77\x72\x69\x74\
\x65\x5f\x73\x70\x61\x63\x65\0\x73\x61\x76\x65\x64\x5f\x64\x61\x74\x61\x5f\x72\
\x65\x61\x64\x79\0\x73\x6b\x5f\x70\x72\x6f\x74\x6f\0\x77\x6f\x72\x6b\x5f\x6d\
\x75\x74\x65\x78\0\x77\x6f\x72\x6b\x5f\x73\x74\x61\x74\x65\0\x72\x77\x6f\x72\
\x6b\0\x73\x6b\x5f\x70\x73\x6f\x63\x6b\x5f\x70\x72\x6f\x67\x73\0\x6d\x73\x67\
\x5f\x70\x61\x72\x73\x65\x72\0\x73\x74\x72\x65\x61\x6d\x5f\x70\x61\x72\x73\x65\
\x72\0\x73\x74\x72\x65\x61\x6d\x5f\x76\x65\x72\x64\x69\x63\x74\0\x73\x6b\x62\
\x5f\x76\x65\x72\x64\x69\x63\x74\0\x73\x6b\x5f\x70\x73\x6f\x63\x6b\x5f\x77\x6f\
\x72\x6b\x5f\x73\x74\x61\x74\x65\0\x73\x6b\x62\0\x68\x61\x73\x68\x69\x6e\x66\
\x6f\0\x75\x64\x70\x5f\x74\x61\x62\x6c\x65\0\x72\x61\x77\x5f\x68\x61\x73\x68\0\
\x73\x6d\x63\x5f\x68\x61\x73\x68\0\x73\x6d\x63\x5f\x68\x61\x73\x68\x69\x6e\x66\
\x6f\0\x73\x6f\x63\x6b\x5f\x63\x67\x72\x6f\x75\x70\x5f\x64\x61\x74\x61\0\x63\
\x6c\x61\x73\x73\x69\x64\0\x62\x70\x66\x5f\x6c\x6f\x63\x61\x6c\x5f\x73\x74\x6f\
\x72\x61\x67\x65\0\x63\x61\x63\x68\x65\0\x62\x70\x66\x5f\x6c\x6f\x63\x61\x6c\
\x5f\x73\x74\x6f\x72\x61\x67\x65\x5f\x64\x61\x74\x61\0\x73\x6d\x61\x70\0\x72\
\x61\x77\x5f\x6e\x6f\x74\x69\x66\x69\x65\x72\x5f\x68\x65\x61\x64\0\x6e\x65\x74\
\x6e\x73\x5f\x63\x6f\x72\x65\0\x73\x79\x73\x63\x74\x6c\x5f\x68\x64\x72\0\x73\
\x79\x73\x63\x74\x6c\x5f\x73\x6f\x6d\x61\x78\x63\x6f\x6e\x6e\0\x73\x79\x73\x63\
\x74\x6c\x5f\x61\x6e\x64\x72\x6f\x69\x64\x5f\x70\x61\x72\x61\x6e\x6f\x69\x64\0\
\x73\x6f\x63\x6b\x5f\x69\x6e\x75\x73\x65\0\x70\x72\x6f\x74\x5f\x69\x6e\x75\x73\
\x65\0\x6e\x65\x74\x6e\x73\x5f\x6d\x69\x62\0\x69\x70\x5f\x73\x74\x61\x74\x69\
\x73\x74\x69\x63\x73\0\x69\x70\x76\x36\x5f\x73\x74\x61\x74\x69\x73\x74\x69\x63\
\x73\0\x74\x63\x70\x5f\x73\x74\x61\x74\x69\x73\x74\x69\x63\x73\0\x6e\x65\x74\
\x5f\x73\x74\x61\x74\x69\x73\x74\x69\x63\x73\0\x75\x64\x70\x5f\x73\x74\x61\x74\
\x69\x73\x74\x69\x63\x73\0\x75\x64\x70\x5f\x73\x74\x61\x74\x73\x5f\x69\x6e\x36\
\0\x75\x64\x70\x6c\x69\x74\x65\x5f\x73\x74\x61\x74\x69\x73\x74\x69\x63\x73\0\
\x75\x64\x70\x6c\x69\x74\x65\x5f\x73\x74\x61\x74\x73\x5f\x69\x6e\x36\0\x69\x63\
\x6d\x70\x5f\x73\x74\x61\x74\x69\x73\x74\x69\x63\x73\0\x69\x63\x6d\x70\x6d\x73\
\x67\x5f\x73\x74\x61\x74\x69\x73\x74\x69\x63\x73\0\x69\x63\x6d\x70\x76\x36\x5f\
\x73\x74\x61\x74\x69\x73\x74\x69\x63\x73\0\x69\x63\x6d\x70\x76\x36\x6d\x73\x67\
\x5f\x73\x74\x61\x74\x69\x73\x74\x69\x63\x73\0\x70\x72\x6f\x63\x5f\x6e\x65\x74\
\x5f\x64\x65\x76\x73\x6e\x6d\x70\x36\0\x69\x70\x73\x74\x61\x74\x73\x5f\x6d\x69\
\x62\0\x6d\x69\x62\x73\0\x75\x64\x70\x5f\x6d\x69\x62\0\x6e\x65\x74\x6e\x73\x5f\
\x70\x61\x63\x6b\x65\x74\0\x73\x6b\x6c\x69\x73\x74\x5f\x6c\x6f\x63\x6b\0\x73\
\x6b\x6c\x69\x73\x74\0\x6e\x65\x74\x6e\x73\x5f\x75\x6e\x69\x78\0\x73\x79\x73\
\x63\x74\x6c\x5f\x6d\x61\x78\x5f\x64\x67\x72\x61\x6d\x5f\x71\x6c\x65\x6e\0\x63\
\x74\x6c\0\x6e\x65\x74\x6e\x73\x5f\x6e\x65\x78\x74\x68\x6f\x70\0\x64\x65\x76\
\x68\x61\x73\x68\0\x6c\x61\x73\x74\x5f\x69\x64\x5f\x61\x6c\x6c\x6f\x63\x61\x74\
\x65\x64\0\x6e\x6f\x74\x69\x66\x69\x65\x72\x5f\x63\x68\x61\x69\x6e\0\x62\x6c\
\x6f\x63\x6b\x69\x6e\x67\x5f\x6e\x6f\x74\x69\x66\x69\x65\x72\x5f\x68\x65\x61\
\x64\0\x6e\x65\x74\x6e\x73\x5f\x69\x70\x76\x34\0\x74\x63\x70\x5f\x64\x65\x61\
\x74\x68\x5f\x72\x6f\x77\0\x66\x6f\x72\x77\x5f\x68\x64\x72\0\x66\x72\x61\x67\
\x73\x5f\x68\x64\x72\0\x69\x70\x76\x34\x5f\x68\x64\x72\0\x72\x6f\x75\x74\x65\
\x5f\x68\x64\x72\0\x78\x66\x72\x6d\x34\x5f\x68\x64\x72\0\x64\x65\x76\x63\x6f\
\x6e\x66\x5f\x61\x6c\x6c\0\x64\x65\x76\x63\x6f\x6e\x66\x5f\x64\x66\x6c\x74\0\
\x72\x61\x5f\x63\x68\x61\x69\x6e\0\x72\x61\x5f\x6d\x75\x74\x65\x78\0\x66\x69\
\x62\x5f\x6d\x61\x69\x6e\0\x66\x69\x62\x5f\x64\x65\x66\x61\x75\x6c\x74\0\x66\
\x69\x62\x5f\x72\x75\x6c\x65\x73\x5f\x72\x65\x71\x75\x69\x72\x65\x5f\x66\x6c\
\x64\x69\x73\x73\x65\x63\x74\0\x66\x69\x62\x5f\x68\x61\x73\x5f\x63\x75\x73\x74\
\x6f\x6d\x5f\x72\x75\x6c\x65\x73\0\x66\x69\x62\x5f\x68\x61\x73\x5f\x63\x75\x73\
\x74\x6f\x6d\x5f\x6c\x6f\x63\x61\x6c\x5f\x72\x6f\x75\x74\x65\x73\0\x66\x69\x62\
\x5f\x6f\x66\x66\x6c\x6f\x61\x64\x5f\x64\x69\x73\x61\x62\x6c\x65\x64\0\x66\x69\
\x62\x5f\x74\x61\x62\x6c\x65\x5f\x68\x61\x73\x68\0\x66\x69\x62\x6e\x6c\0\x69\
\x63\x6d\x70\x5f\x73\x6b\0\x6d\x63\x5f\x61\x75\x74\x6f\x6a\x6f\x69\x6e\x5f\x73\
\x6b\0\x70\x65\x65\x72\x73\0\x66\x71\x64\x69\x72\0\x73\x79\x73\x63\x74\x6c\x5f\
\x69\x63\x6d\x70\x5f\x65\x63\x68\x6f\x5f\x69\x67\x6e\x6f\x72\x65\x5f\x61\x6c\
\x6c\0\x73\x79\x73\x63\x74\x6c\x5f\x69\x63\x6d\x70\x5f\x65\x63\x68\x6f\x5f\x65\
\x6e\x61\x62\x6c\x65\x5f\x70\x72\x6f\x62\x65\0\x73\x79\x73\x63\x74\x6c\x5f\x69\
\x63\x6d\x70\x5f\x65\x63\x68\x6f\x5f\x69\x67\x6e\x6f\x72\x65\x5f\x62\x72\x6f\
\x61\x64\x63\x61\x73\x74\x73\0\x73\x79\x73\x63\x74\x6c\x5f\x69\x63\x6d\x70\x5f\
\x69\x67\x6e\x6f\x72\x65\x5f\x62\x6f\x67\x75\x73\x5f\x65\x72\x72\x6f\x72\x5f\
\x72\x65\x73\x70\x6f\x6e\x73\x65\x73\0\x73\x79\x73\x63\x74\x6c\x5f\x69\x63\x6d\
\x70\x5f\x65\x72\x72\x6f\x72\x73\x5f\x75\x73\x65\x5f\x69\x6e\x62\x6f\x75\x6e\
\x64\x5f\x69\x66\x61\x64\x64\x72\0\x73\x79\x73\x63\x74\x6c\x5f\x69\x63\x6d\x70\
\x5f\x72\x61\x74\x65\x6c\x69\x6d\x69\x74\0\x73\x79\x73\x63\x74\x6c\x5f\x69\x63\
\x6d\x70\x5f\x72\x61\x74\x65\x6d\x61\x73\x6b\0\x69\x70\x5f\x6c\x6f\x63\x61\x6c\
\x5f\x70\x6f\x72\x74\x73\0\x73\x79\x73\x63\x74\x6c\x5f\x74\x63\x70\x5f\x65\x63\
\x6e\0\x73\x79\x73\x63\x74\x6c\x5f\x74\x63\x70\x5f\x65\x63\x6e\x5f\x66\x61\x6c\
\x6c\x62\x61\x63\x6b\0\x73\x79\x73\x63\x74\x6c\x5f\x69\x70\x5f\x64\x65\x66\x61\
\x75\x6c\x74\x5f\x74\x74\x6c\0\x73\x79\x73\x63\x74\x6c\x5f\x69\x70\x5f\x6e\x6f\
\x5f\x70\x6d\x74\x75\x5f\x64\x69\x73\x63\0\x73\x79\x73\x63\x74\x6c\x5f\x69\x70\
\x5f\x66\x77\x64\x5f\x75\x73\x65\x5f\x70\x6d\x74\x75\0\x73\x79\x73\x63\x74\x6c\
\x5f\x69\x70\x5f\x66\x77\x64\x5f\x75\x70\x64\x61\x74\x65\x5f\x70\x72\x69\x6f\
\x72\x69\x74\x79\0\x73\x79\x73\x63\x74\x6c\x5f\x69\x70\x5f\x6e\x6f\x6e\x6c\x6f\
\x63\x61\x6c\x5f\x62\x69\x6e\x64\0\x73\x79\x73\x63\x74\x6c\x5f\x69\x70\x5f\x61\
\x75\x74\x6f\x62\x69\x6e\x64\x5f\x72\x65\x75\x73\x65\0\x73\x79\x73\x63\x74\x6c\
\x5f\x69\x70\x5f\x64\x79\x6e\x61\x64\x64\x72\0\x73\x79\x73\x63\x74\x6c\x5f\x69\
\x70\x5f\x65\x61\x72\x6c\x79\x5f\x64\x65\x6d\x75\x78\0\x73\x79\x73\x63\x74\x6c\
\x5f\x74\x63\x70\x5f\x65\x61\x72\x6c\x79\x5f\x64\x65\x6d\x75\x78\0\x73\x79\x73\
\x63\x74\x6c\x5f\x75\x64\x70\x5f\x65\x61\x72\x6c\x79\x5f\x64\x65\x6d\x75\x78\0\
\x73\x79\x73\x63\x74\x6c\x5f\x6e\x65\x78\x74\x68\x6f\x70\x5f\x63\x6f\x6d\x70\
\x61\x74\x5f\x6d\x6f\x64\x65\0\x73\x79\x73\x63\x74\x6c\x5f\x66\x77\x6d\x61\x72\
\x6b\x5f\x72\x65\x66\x6c\x65\x63\x74\0\x73\x79\x73\x63\x74\x6c\x5f\x74\x63\x70\
\x5f\x66\x77\x6d\x61\x72\x6b\x5f\x61\x63\x63\x65\x70\x74\0\x73\x79\x73\x63\x74\
\x6c\x5f\x74\x63\x70\x5f\x64\x65\x66\x61\x75\x6c\x74\x5f\x69\x6e\x69\x74\x5f\
\x72\x77\x6e\x64\0\x73\x79\x73\x63\x74\x6c\x5f\x74\x63\x70\x5f\x6d\x74\x75\x5f\
\x70\x72\x6f\x62\x69\x6e\x67\0\x73\x79\x73\x63\x74\x6c\x5f\x74\x63\x70\x5f\x6d\
\x74\x75\x5f\x70\x72\x6f\x62\x65\x5f\x66\x6c\x6f\x6f\x72\0\x73\x79\x73\x63\x74\
\x6c\x5f\x74\x63\x70\x5f\x62\x61\x73\x65\x5f\x6d\x73\x73\0\x73\x79\x73\x63\x74\
\x6c\x5f\x74\x63\x70\x5f\x6d\x69\x6e\x5f\x73\x6e\x64\x5f\x6d\x73\x73\0\x73\x79\
\x73\x63\x74\x6c\x5f\x74\x63\x70\x5f\x70\x72\x6f\x62\x65\x5f\x74\x68\x72\x65\
\x73\x68\x6f\x6c\x64\0\x73\x79\x73\x63\x74\x6c\x5f\x74\x63\x70\x5f\x70\x72\x6f\
\x62\x65\x5f\x69\x6e\x74\x65\x72\x76\x61\x6c\0\x73\x79\x73\x63\x74\x6c\x5f\x74\
\x63\x70\x5f\x6b\x65\x65\x70\x61\x6c\x69\x76\x65\x5f\x74\x69\x6d\x65\0\x73\x79\
\x73\x63\x74\x6c\x5f\x74\x63\x70\x5f\x6b\x65\x65\x70\x61\x6c\x69\x76\x65\x5f\
\x69\x6e\x74\x76\x6c\0\x73\x79\x73\x63\x74\x6c\x5f\x74\x63\x70\x5f\x6b\x65\x65\
\x70\x61\x6c\x69\x76\x65\x5f\x70\x72\x6f\x62\x65\x73\0\x73\x79\x73\x63\x74\x6c\
\x5f\x74\x63\x70\x5f\x73\x79\x6e\x5f\x72\x65\x74\x72\x69\x65\x73\0\x73\x79\x73\
\x63\x74\x6c\x5f\x74\x63\x70\x5f\x73\x79\x6e\x61\x63\x6b\x5f\x72\x65\x74\x72\
\x69\x65\x73\0\x73\x79\x73\x63\x74\x6c\x5f\x74\x63\x70\x5f\x73\x79\x6e\x63\x6f\
\x6f\x6b\x69\x65\x73\0\x73\x79\x73\x63\x74\x6c\x5f\x74\x63\x70\x5f\x6d\x69\x67\
\x72\x61\x74\x65\x5f\x72\x65\x71\0\x73\x79\x73\x63\x74\x6c\x5f\x74\x63\x70\x5f\
\x72\x65\x6f\x72\x64\x65\x72\x69\x6e\x67\0\x73\x79\x73\x63\x74\x6c\x5f\x74\x63\
\x70\x5f\x72\x65\x74\x72\x69\x65\x73\x31\0\x73\x79\x73\x63\x74\x6c\x5f\x74\x63\
\x70\x5f\x72\x65\x74\x72\x69\x65\x73\x32\0\x73\x79\x73\x63\x74\x6c\x5f\x74\x63\
\x70\x5f\x6f\x72\x70\x68\x61\x6e\x5f\x72\x65\x74\x72\x69\x65\x73\0\x73\x79\x73\
\x63\x74\x6c\x5f\x74\x63\x70\x5f\x74\x77\x5f\x72\x65\x75\x73\x65\0\x73\x79\x73\
\x63\x74\x6c\x5f\x74\x63\x70\x5f\x66\x69\x6e\x5f\x74\x69\x6d\x65\x6f\x75\x74\0\
\x73\x79\x73\x63\x74\x6c\x5f\x74\x63\x70\x5f\x6e\x6f\x74\x73\x65\x6e\x74\x5f\
\x6c\x6f\x77\x61\x74\0\x73\x79\x73\x63\x74\x6c\x5f\x74\x63\x70\x5f\x73\x61\x63\
\x6b\0\x73\x79\x73\x63\x74\x6c\x5f\x74\x63\x70\x5f\x77\x69\x6e\x64\x6f\x77\x5f\
\x73\x63\x61\x6c\x69\x6e\x67\0\x73\x79\x73\x63\x74\x6c\x5f\x74\x63\x70\x5f\x74\
\x69\x6d\x65\x73\x74\x61\x6d\x70\x73\0\x73\x79\x73\x63\x74\x6c\x5f\x74\x63\x70\
\x5f\x65\x61\x72\x6c\x79\x5f\x72\x65\x74\x72\x61\x6e\x73\0\x73\x79\x73\x63\x74\
\x6c\x5f\x74\x63\x70\x5f\x72\x65\x63\x6f\x76\x65\x72\x79\0\x73\x79\x73\x63\x74\
\x6c\x5f\x74\x63\x70\x5f\x74\x68\x69\x6e\x5f\x6c\x69\x6e\x65\x61\x72\x5f\x74\
\x69\x6d\x65\x6f\x75\x74\x73\0\x73\x79\x73\x63\x74\x6c\x5f\x74\x63\x70\x5f\x73\
\x6c\x6f\x77\x5f\x73\x74\x61\x72\x74\x5f\x61\x66\x74\x65\x72\x5f\x69\x64\x6c\
\x65\0\x73\x79\x73\x63\x74\x6c\x5f\x74\x63\x70\x5f\x72\x65\x74\x72\x61\x6e\x73\
\x5f\x63\x6f\x6c\x6c\x61\x70\x73\x65\0\x73\x79\x73\x63\x74\x6c\x5f\x74\x63\x70\
\x5f\x73\x74\x64\x75\x72\x67\0\x73\x79\x73\x63\x74\x6c\x5f\x74\x63\x70\x5f\x72\
\x66\x63\x31\x33\x33\x37\0\x73\x79\x73\x63\x74\x6c\x5f\x74\x63\x70\x5f\x61\x62\
\x6f\x72\x74\x5f\x6f\x6e\x5f\x6f\x76\x65\x72\x66\x6c\x6f\x77\0\x73\x79\x73\x63\
\x74\x6c\x5f\x74\x63\x70\x5f\x66\x61\x63\x6b\0\x73\x79\x73\x63\x74\x6c\x5f\x74\
\x63\x70\x5f\x6d\x61\x78\x5f\x72\x65\x6f\x72\x64\x65\x72\x69\x6e\x67\0\x73\x79\
\x73\x63\x74\x6c\x5f\x74\x63\x70\x5f\x61\x64\x76\x5f\x77\x69\x6e\x5f\x73\x63\
\x61\x6c\x65\0\x73\x79\x73\x63\x74\x6c\x5f\x74\x63\x70\x5f\x64\x73\x61\x63\x6b\
\0\x73\x79\x73\x63\x74\x6c\x5f\x74\x63\x70\x5f\x61\x70\x70\x5f\x77\x69\x6e\0\
\x73\x79\x73\x63\x74\x6c\x5f\x74\x63\x70\x5f\x66\x72\x74\x6f\0\x73\x79\x73\x63\
\x74\x6c\x5f\x74\x63\x70\x5f\x6e\x6f\x6d\x65\x74\x72\x69\x63\x73\x5f\x73\x61\
\x76\x65\0\x73\x79\x73\x63\x74\x6c\x5f\x74\x63\x70\x5f\x6e\x6f\x5f\x73\x73\x74\
\x68\x72\x65\x73\x68\x5f\x6d\x65\x74\x72\x69\x63\x73\x5f\x73\x61\x76\x65\0\x73\
\x79\x73\x63\x74\x6c\x5f\x74\x63\x70\x5f\x6d\x6f\x64\x65\x72\x61\x74\x65\x5f\
\x72\x63\x76\x62\x75\x66\0\x73\x79\x73\x63\x74\x6c\x5f\x74\x63\x70\x5f\x74\x73\
\x6f\x5f\x77\x69\x6e\x5f\x64\x69\x76\x69\x73\x6f\x72\0\x73\x79\x73\x63\x74\x6c\
\x5f\x74\x63\x70\x5f\x77\x6f\x72\x6b\x61\x72\x6f\x75\x6e\x64\x5f\x73\x69\x67\
\x6e\x65\x64\x5f\x77\x69\x6e\x64\x6f\x77\x73\0\x73\x79\x73\x63\x74\x6c\x5f\x74\
\x63\x70\x5f\x6c\x69\x6d\x69\x74\x5f\x6f\x75\x74\x70\x75\x74\x5f\x62\x79\x74\
\x65\x73\0\x73\x79\x73\x63\x74\x6c\x5f\x74\x63\x70\x5f\x63\x68\x61\x6c\x6c\x65\
\x6e\x67\x65\x5f\x61\x63\x6b\x5f\x6c\x69\x6d\x69\x74\0\x73\x79\x73\x63\x74\x6c\
\x5f\x74\x63\x70\x5f\x6d\x69\x6e\x5f\x72\x74\x74\x5f\x77\x6c\x65\x6e\0\x73\x79\
\x73\x63\x74\x6c\x5f\x74\x63\x70\x5f\x6d\x69\x6e\x5f\x74\x73\x6f\x5f\x73\x65\
\x67\x73\0\x73\x79\x73\x63\x74\x6c\x5f\x74\x63\x70\x5f\x61\x75\x74\x6f\x63\x6f\
\x72\x6b\x69\x6e\x67\0\x73\x79\x73\x63\x74\x6c\x5f\x74\x63\x70\x5f\x72\x65\x66\
\x6c\x65\x63\x74\x5f\x74\x6f\x73\0\x73\x79\x73\x63\x74\x6c\x5f\x74\x63\x70\x5f\
\x63\x6f\x6d\x70\x5f\x73\x61\x63\x6b\x5f\x6e\x72\0\x73\x79\x73\x63\x74\x6c\x5f\
\x74\x63\x70\x5f\x69\x6e\x76\x61\x6c\x69\x64\x5f\x72\x61\x74\x65\x6c\x69\x6d\
\x69\x74\0\x73\x79\x73\x63\x74\x6c\x5f\x74\x63\x70\x5f\x70\x61\x63\x69\x6e\x67\
\x5f\x73\x73\x5f\x72\x61\x74\x69\x6f\0\x73\x79\x73\x63\x74\x6c\x5f\x74\x63\x70\
\x5f\x70\x61\x63\x69\x6e\x67\x5f\x63\x61\x5f\x72\x61\x74\x69\x6f\0\x73\x79\x73\
\x63\x74\x6c\x5f\x74\x63\x70\x5f\x77\x6d\x65\x6d\0\x73\x79\x73\x63\x74\x6c\x5f\
\x74\x63\x70\x5f\x72\x6d\x65\x6d\0\x73\x79\x73\x63\x74\x6c\x5f\x74\x63\x70\x5f\
\x63\x6f\x6d\x70\x5f\x73\x61\x63\x6b\x5f\x64\x65\x6c\x61\x79\x5f\x6e\x73\0\x73\
\x79\x73\x63\x74\x6c\x5f\x74\x63\x70\x5f\x63\x6f\x6d\x70\x5f\x73\x61\x63\x6b\
\x5f\x73\x6c\x61\x63\x6b\x5f\x6e\x73\0\x73\x79\x73\x63\x74\x6c\x5f\x6d\x61\x78\
\x5f\x73\x79\x6e\x5f\x62\x61\x63\x6b\x6c\x6f\x67\0\x73\x79\x73\x63\x74\x6c\x5f\
\x74\x63\x70\x5f\x66\x61\x73\x74\x6f\x70\x65\x6e\0\x74\x63\x70\x5f\x63\x6f\x6e\
\x67\x65\x73\x74\x69\x6f\x6e\x5f\x63\x6f\x6e\x74\x72\x6f\x6c\0\x74\x63\x70\x5f\
\x66\x61\x73\x74\x6f\x70\x65\x6e\x5f\x63\x74\x78\0\x73\x79\x73\x63\x74\x6c\x5f\
\x74\x63\x70\x5f\x66\x61\x73\x74\x6f\x70\x65\x6e\x5f\x62\x6c\x61\x63\x6b\x68\
\x6f\x6c\x65\x5f\x74\x69\x6d\x65\x6f\x75\x74\0\x74\x66\x6f\x5f\x61\x63\x74\x69\
\x76\x65\x5f\x64\x69\x73\x61\x62\x6c\x65\x5f\x74\x69\x6d\x65\x73\0\x74\x66\x6f\
\x5f\x61\x63\x74\x69\x76\x65\x5f\x64\x69\x73\x61\x62\x6c\x65\x5f\x73\x74\x61\
\x6d\x70\0\x73\x79\x73\x63\x74\x6c\x5f\x75\x64\x70\x5f\x77\x6d\x65\x6d\x5f\x6d\
\x69\x6e\0\x73\x79\x73\x63\x74\x6c\x5f\x75\x64\x70\x5f\x72\x6d\x65\x6d\x5f\x6d\
\x69\x6e\0\x73\x79\x73\x63\x74\x6c\x5f\x66\x69\x62\x5f\x6e\x6f\x74\x69\x66\x79\
\x5f\x6f\x6e\x5f\x66\x6c\x61\x67\x5f\x63\x68\x61\x6e\x67\x65\0\x73\x79\x73\x63\
\x74\x6c\x5f\x69\x67\x6d\x70\x5f\x6c\x6c\x6d\x5f\x72\x65\x70\x6f\x72\x74\x73\0\
\x73\x79\x73\x63\x74\x6c\x5f\x69\x67\x6d\x70\x5f\x6d\x61\x78\x5f\x6d\x65\x6d\
\x62\x65\x72\x73\x68\x69\x70\x73\0\x73\x79\x73\x63\x74\x6c\x5f\x69\x67\x6d\x70\
\x5f\x6d\x61\x78\x5f\x6d\x73\x66\0\x73\x79\x73\x63\x74\x6c\x5f\x69\x67\x6d\x70\
\x5f\x71\x72\x76\0\x70\x69\x6e\x67\x5f\x67\x72\x6f\x75\x70\x5f\x72\x61\x6e\x67\
\x65\0\x64\x65\x76\x5f\x61\x64\x64\x72\x5f\x67\x65\x6e\x69\x64\0\x73\x79\x73\
\x63\x74\x6c\x5f\x6c\x6f\x63\x61\x6c\x5f\x72\x65\x73\x65\x72\x76\x65\x64\x5f\
\x70\x6f\x72\x74\x73\0\x73\x79\x73\x63\x74\x6c\x5f\x69\x70\x5f\x70\x72\x6f\x74\
\x5f\x73\x6f\x63\x6b\0\x6d\x72\x74\0\x73\x79\x73\x63\x74\x6c\x5f\x66\x69\x62\
\x5f\x6d\x75\x6c\x74\x69\x70\x61\x74\x68\x5f\x68\x61\x73\x68\x5f\x66\x69\x65\
\x6c\x64\x73\0\x73\x79\x73\x63\x74\x6c\x5f\x66\x69\x62\x5f\x6d\x75\x6c\x74\x69\
\x70\x61\x74\x68\x5f\x75\x73\x65\x5f\x6e\x65\x69\x67\x68\0\x73\x79\x73\x63\x74\
\x6c\x5f\x66\x69\x62\x5f\x6d\x75\x6c\x74\x69\x70\x61\x74\x68\x5f\x68\x61\x73\
\x68\x5f\x70\x6f\x6c\x69\x63\x79\0\x6e\x6f\x74\x69\x66\x69\x65\x72\x5f\x6f\x70\
\x73\0\x66\x69\x62\x5f\x73\x65\x71\0\x69\x70\x6d\x72\x5f\x6e\x6f\x74\x69\x66\
\x69\x65\x72\x5f\x6f\x70\x73\0\x69\x70\x6d\x72\x5f\x73\x65\x71\0\x72\x74\x5f\
\x67\x65\x6e\x69\x64\0\x69\x70\x5f\x69\x64\x5f\x6b\x65\x79\0\x69\x6e\x65\x74\
\x5f\x74\x69\x6d\x65\x77\x61\x69\x74\x5f\x64\x65\x61\x74\x68\x5f\x72\x6f\x77\0\
\x74\x77\x5f\x63\x6f\x75\x6e\x74\0\x74\x77\x5f\x70\x61\x64\0\x73\x79\x73\x63\
\x74\x6c\x5f\x6d\x61\x78\x5f\x74\x77\x5f\x62\x75\x63\x6b\x65\x74\x73\0\x69\x6e\
\x65\x74\x5f\x68\x61\x73\x68\x69\x6e\x66\x6f\0\x65\x68\x61\x73\x68\0\x65\x68\
\x61\x73\x68\x5f\x6c\x6f\x63\x6b\x73\0\x65\x68\x61\x73\x68\x5f\x6d\x61\x73\x6b\
\0\x65\x68\x61\x73\x68\x5f\x6c\x6f\x63\x6b\x73\x5f\x6d\x61\x73\x6b\0\x62\x69\
\x6e\x64\x5f\x62\x75\x63\x6b\x65\x74\x5f\x63\x61\x63\x68\x65\x70\0\x62\x68\x61\
\x73\x68\0\x62\x68\x61\x73\x68\x5f\x73\x69\x7a\x65\0\x6c\x68\x61\x73\x68\x32\
\x5f\x6d\x61\x73\x6b\0\x6c\x68\x61\x73\x68\x32\0\x6c\x69\x73\x74\x65\x6e\x69\
\x6e\x67\x5f\x68\x61\x73\x68\0\x69\x6e\x65\x74\x5f\x6c\x69\x73\x74\x65\x6e\x5f\
\x68\x61\x73\x68\x62\x75\x63\x6b\x65\x74\0\x6e\x75\x6c\x6c\x73\x5f\x68\x65\x61\
\x64\0\x68\x6c\x69\x73\x74\x5f\x6e\x75\x6c\x6c\x73\x5f\x68\x65\x61\x64\0\x69\
\x70\x76\x34\x5f\x64\x65\x76\x63\x6f\x6e\x66\0\x73\x79\x73\x63\x74\x6c\0\x66\
\x69\x62\x5f\x74\x61\x62\x6c\x65\0\x74\x62\x5f\x68\x6c\x69\x73\x74\0\x74\x62\
\x5f\x69\x64\0\x74\x62\x5f\x6e\x75\x6d\x5f\x64\x65\x66\x61\x75\x6c\x74\0\x74\
\x62\x5f\x64\x61\x74\x61\0\x5f\x5f\x64\x61\x74\x61\0\x6c\x6f\x63\x61\x6c\x5f\
\x70\x6f\x72\x74\x73\0\x72\x61\x6e\x67\x65\0\x77\x61\x72\x6e\x65\x64\0\x73\x65\
\x71\x6c\x6f\x63\x6b\x5f\x74\0\x66\x69\x62\x5f\x6e\x6f\x74\x69\x66\x69\x65\x72\
\x5f\x6f\x70\x73\0\x66\x69\x62\x5f\x73\x65\x71\x5f\x72\x65\x61\x64\0\x66\x69\
\x62\x5f\x64\x75\x6d\x70\0\x6e\x65\x74\x6c\x69\x6e\x6b\x5f\x65\x78\x74\x5f\x61\
\x63\x6b\0\x5f\x6d\x73\x67\0\x62\x61\x64\x5f\x61\x74\x74\x72\0\x63\x6f\x6f\x6b\
\x69\x65\0\x63\x6f\x6f\x6b\x69\x65\x5f\x6c\x65\x6e\0\x73\x69\x70\x68\x61\x73\
\x68\x5f\x6b\x65\x79\x5f\x74\0\x6e\x65\x74\x6e\x73\x5f\x69\x70\x76\x36\0\x69\
\x70\x36\x5f\x64\x73\x74\x5f\x6f\x70\x73\0\x66\x69\x62\x36\x5f\x6e\x75\x6c\x6c\
\x5f\x65\x6e\x74\x72\x79\0\x69\x70\x36\x5f\x6e\x75\x6c\x6c\x5f\x65\x6e\x74\x72\
\x79\0\x72\x74\x36\x5f\x73\x74\x61\x74\x73\0\x69\x70\x36\x5f\x66\x69\x62\x5f\
\x74\x69\x6d\x65\x72\0\x66\x69\x62\x36\x5f\x6d\x61\x69\x6e\x5f\x74\x62\x6c\0\
\x66\x69\x62\x36\x5f\x77\x61\x6c\x6b\x65\x72\x73\0\x66\x69\x62\x36\x5f\x77\x61\
\x6c\x6b\x65\x72\x5f\x6c\x6f\x63\x6b\0\x66\x69\x62\x36\x5f\x67\x63\x5f\x6c\x6f\
\x63\x6b\0\x69\x70\x36\x5f\x72\x74\x5f\x67\x63\x5f\x65\x78\x70\x69\x72\x65\0\
\x69\x70\x36\x5f\x72\x74\x5f\x6c\x61\x73\x74\x5f\x67\x63\0\x66\x6c\x6f\x77\x6c\
\x61\x62\x65\x6c\x5f\x68\x61\x73\x5f\x65\x78\x63\x6c\0\x66\x69\x62\x36\x5f\x68\
\x61\x73\x5f\x63\x75\x73\x74\x6f\x6d\x5f\x72\x75\x6c\x65\x73\0\x66\x69\x62\x36\
\x5f\x72\x75\x6c\x65\x73\x5f\x72\x65\x71\x75\x69\x72\x65\x5f\x66\x6c\x64\x69\
\x73\x73\x65\x63\x74\0\x69\x70\x36\x5f\x70\x72\x6f\x68\x69\x62\x69\x74\x5f\x65\
\x6e\x74\x72\x79\0\x69\x70\x36\x5f\x62\x6c\x6b\x5f\x68\x6f\x6c\x65\x5f\x65\x6e\
\x74\x72\x79\0\x66\x69\x62\x36\x5f\x6c\x6f\x63\x61\x6c\x5f\x74\x62\x6c\0\x66\
\x69\x62\x36\x5f\x72\x75\x6c\x65\x73\x5f\x6f\x70\x73\0\x6e\x64\x69\x73\x63\x5f\
\x73\x6b\0\x74\x63\x70\x5f\x73\x6b\0\x69\x67\x6d\x70\x5f\x73\x6b\0\x66\x69\x62\
\x36\x5f\x73\x65\x72\x6e\x75\x6d\0\x73\x65\x67\x36\x5f\x64\x61\x74\x61\0\x69\
\x70\x36\x6d\x72\x5f\x6e\x6f\x74\x69\x66\x69\x65\x72\x5f\x6f\x70\x73\0\x69\x70\
\x36\x61\x64\x64\x72\x6c\x62\x6c\x5f\x74\x61\x62\x6c\x65\0\x69\x6f\x61\x6d\x36\
\x5f\x64\x61\x74\x61\0\x64\x73\x74\x5f\x6f\x70\x73\0\x67\x63\x5f\x74\x68\x72\
\x65\x73\x68\0\x67\x63\0\x64\x65\x66\x61\x75\x6c\x74\x5f\x61\x64\x76\x6d\x73\
\x73\0\x63\x6f\x77\x5f\x6d\x65\x74\x72\x69\x63\x73\0\x69\x66\x64\x6f\x77\x6e\0\
\x6e\x65\x67\x61\x74\x69\x76\x65\x5f\x61\x64\x76\x69\x63\x65\0\x6c\x69\x6e\x6b\
\x5f\x66\x61\x69\x6c\x75\x72\x65\0\x75\x70\x64\x61\x74\x65\x5f\x70\x6d\x74\x75\
\0\x72\x65\x64\x69\x72\x65\x63\x74\0\x6c\x6f\x63\x61\x6c\x5f\x6f\x75\x74\0\x6e\
\x65\x69\x67\x68\x5f\x6c\x6f\x6f\x6b\x75\x70\0\x63\x6f\x6e\x66\x69\x72\x6d\x5f\
\x6e\x65\x69\x67\x68\0\x6b\x6d\x65\x6d\x5f\x63\x61\x63\x68\x65\x70\0\x70\x63\
\x70\x75\x63\x5f\x65\x6e\x74\x72\x69\x65\x73\0\x6e\x65\x69\x67\x68\x62\x6f\x75\
\x72\0\x70\x61\x72\x6d\x73\0\x63\x6f\x6e\x66\x69\x72\x6d\x65\x64\0\x75\x70\x64\
\x61\x74\x65\x64\0\x61\x72\x70\x5f\x71\x75\x65\x75\x65\x5f\x6c\x65\x6e\x5f\x62\
\x79\x74\x65\x73\0\x61\x72\x70\x5f\x71\x75\x65\x75\x65\0\x70\x72\x6f\x62\x65\
\x73\0\x6e\x75\x64\x5f\x73\x74\x61\x74\x65\0\x68\x61\x5f\x6c\x6f\x63\x6b\0\x68\
\x61\0\x68\x68\0\x67\x63\x5f\x6c\x69\x73\x74\0\x70\x72\x69\x6d\x61\x72\x79\x5f\
\x6b\x65\x79\0\x68\x68\x5f\x63\x61\x63\x68\x65\0\x68\x68\x5f\x6c\x65\x6e\0\x68\
\x68\x5f\x6c\x6f\x63\x6b\0\x68\x68\x5f\x64\x61\x74\x61\0\x6e\x65\x74\x6e\x73\
\x5f\x73\x79\x73\x63\x74\x6c\x5f\x69\x70\x76\x36\0\x68\x64\x72\0\x69\x63\x6d\
\x70\x5f\x68\x64\x72\0\x78\x66\x72\x6d\x36\x5f\x68\x64\x72\0\x66\x6c\x75\x73\
\x68\x5f\x64\x65\x6c\x61\x79\0\x69\x70\x36\x5f\x72\x74\x5f\x6d\x61\x78\x5f\x73\
\x69\x7a\x65\0\x69\x70\x36\x5f\x72\x74\x5f\x67\x63\x5f\x6d\x69\x6e\x5f\x69\x6e\
\x74\x65\x72\x76\x61\x6c\0\x69\x70\x36\x5f\x72\x74\x5f\x67\x63\x5f\x74\x69\x6d\
\x65\x6f\x75\x74\0\x69\x70\x36\x5f\x72\x74\x5f\x67\x63\x5f\x69\x6e\x74\x65\x72\
\x76\x61\x6c\0\x69\x70\x36\x5f\x72\x74\x5f\x67\x63\x5f\x65\x6c\x61\x73\x74\x69\
\x63\x69\x74\x79\0\x69\x70\x36\x5f\x72\x74\x5f\x6d\x74\x75\x5f\x65\x78\x70\x69\
\x72\x65\x73\0\x69\x70\x36\x5f\x72\x74\x5f\x6d\x69\x6e\x5f\x61\x64\x76\x6d\x73\
\x73\0\x6d\x75\x6c\x74\x69\x70\x61\x74\x68\x5f\x68\x61\x73\x68\x5f\x66\x69\x65\
\x6c\x64\x73\0\x6d\x75\x6c\x74\x69\x70\x61\x74\x68\x5f\x68\x61\x73\x68\x5f\x70\
\x6f\x6c\x69\x63\x79\0\x62\x69\x6e\x64\x76\x36\x6f\x6e\x6c\x79\0\x66\x6c\x6f\
\x77\x6c\x61\x62\x65\x6c\x5f\x63\x6f\x6e\x73\x69\x73\x74\x65\x6e\x63\x79\0\x61\
\x75\x74\x6f\x5f\x66\x6c\x6f\x77\x6c\x61\x62\x65\x6c\x73\0\x69\x63\x6d\x70\x76\
\x36\x5f\x74\x69\x6d\x65\0\x69\x63\x6d\x70\x76\x36\x5f\x65\x63\x68\x6f\x5f\x69\
\x67\x6e\x6f\x72\x65\x5f\x61\x6c\x6c\0\x69\x63\x6d\x70\x76\x36\x5f\x65\x63\x68\
\x6f\x5f\x69\x67\x6e\x6f\x72\x65\x5f\x6d\x75\x6c\x74\x69\x63\x61\x73\x74\0\x69\
\x63\x6d\x70\x76\x36\x5f\x65\x63\x68\x6f\x5f\x69\x67\x6e\x6f\x72\x65\x5f\x61\
\x6e\x79\x63\x61\x73\x74\0\x69\x63\x6d\x70\x76\x36\x5f\x72\x61\x74\x65\x6d\x61\
\x73\x6b\0\x69\x63\x6d\x70\x76\x36\x5f\x72\x61\x74\x65\x6d\x61\x73\x6b\x5f\x70\
\x74\x72\0\x61\x6e\x79\x63\x61\x73\x74\x5f\x73\x72\x63\x5f\x65\x63\x68\x6f\x5f\
\x72\x65\x70\x6c\x79\0\x69\x70\x5f\x6e\x6f\x6e\x6c\x6f\x63\x61\x6c\x5f\x62\x69\
\x6e\x64\0\x66\x77\x6d\x61\x72\x6b\x5f\x72\x65\x66\x6c\x65\x63\x74\0\x66\x6c\
\x6f\x77\x6c\x61\x62\x65\x6c\x5f\x73\x74\x61\x74\x65\x5f\x72\x61\x6e\x67\x65\
\x73\0\x69\x64\x67\x65\x6e\x5f\x72\x65\x74\x72\x69\x65\x73\0\x69\x64\x67\x65\
\x6e\x5f\x64\x65\x6c\x61\x79\0\x66\x6c\x6f\x77\x6c\x61\x62\x65\x6c\x5f\x72\x65\
\x66\x6c\x65\x63\x74\0\x6d\x61\x78\x5f\x64\x73\x74\x5f\x6f\x70\x74\x73\x5f\x63\
\x6e\x74\0\x6d\x61\x78\x5f\x68\x62\x68\x5f\x6f\x70\x74\x73\x5f\x63\x6e\x74\0\
\x6d\x61\x78\x5f\x64\x73\x74\x5f\x6f\x70\x74\x73\x5f\x6c\x65\x6e\0\x6d\x61\x78\
\x5f\x68\x62\x68\x5f\x6f\x70\x74\x73\x5f\x6c\x65\x6e\0\x73\x65\x67\x36\x5f\x66\
\x6c\x6f\x77\x6c\x61\x62\x65\x6c\0\x69\x6f\x61\x6d\x36\x5f\x69\x64\0\x69\x6f\
\x61\x6d\x36\x5f\x69\x64\x5f\x77\x69\x64\x65\0\x73\x6b\x69\x70\x5f\x6e\x6f\x74\
\x69\x66\x79\x5f\x6f\x6e\x5f\x64\x65\x76\x5f\x64\x6f\x77\x6e\0\x66\x69\x62\x5f\
\x6e\x6f\x74\x69\x66\x79\x5f\x6f\x6e\x5f\x66\x6c\x61\x67\x5f\x63\x68\x61\x6e\
\x67\x65\0\x69\x70\x76\x36\x5f\x64\x65\x76\x63\x6f\x6e\x66\0\x66\x6f\x72\x77\
\x61\x72\x64\x69\x6e\x67\0\x68\x6f\x70\x5f\x6c\x69\x6d\x69\x74\0\x6d\x74\x75\
\x36\0\x61\x63\x63\x65\x70\x74\x5f\x72\x61\0\x61\x63\x63\x65\x70\x74\x5f\x72\
\x65\x64\x69\x72\x65\x63\x74\x73\0\x61\x75\x74\x6f\x63\x6f\x6e\x66\0\x64\x61\
\x64\x5f\x74\x72\x61\x6e\x73\x6d\x69\x74\x73\0\x72\x74\x72\x5f\x73\x6f\x6c\x69\
\x63\x69\x74\x73\0\x72\x74\x72\x5f\x73\x6f\x6c\x69\x63\x69\x74\x5f\x69\x6e\x74\
\x65\x72\x76\x61\x6c\0\x72\x74\x72\x5f\x73\x6f\x6c\x69\x63\x69\x74\x5f\x6d\x61\
\x78\x5f\x69\x6e\x74\x65\x72\x76\x61\x6c\0\x72\x74\x72\x5f\x73\x6f\x6c\x69\x63\
\x69\x74\x5f\x64\x65\x6c\x61\x79\0\x66\x6f\x72\x63\x65\x5f\x6d\x6c\x64\x5f\x76\
\x65\x72\x73\x69\x6f\x6e\0\x6d\x6c\x64\x76\x31\x5f\x75\x6e\x73\x6f\x6c\x69\x63\
\x69\x74\x65\x64\x5f\x72\x65\x70\x6f\x72\x74\x5f\x69\x6e\x74\x65\x72\x76\x61\
\x6c\0\x6d\x6c\x64\x76\x32\x5f\x75\x6e\x73\x6f\x6c\x69\x63\x69\x74\x65\x64\x5f\
\x72\x65\x70\x6f\x72\x74\x5f\x69\x6e\x74\x65\x72\x76\x61\x6c\0\x75\x73\x65\x5f\
\x74\x65\x6d\x70\x61\x64\x64\x72\0\x74\x65\x6d\x70\x5f\x76\x61\x6c\x69\x64\x5f\
\x6c\x66\x74\0\x74\x65\x6d\x70\x5f\x70\x72\x65\x66\x65\x72\x65\x64\x5f\x6c\x66\
\x74\0\x72\x65\x67\x65\x6e\x5f\x6d\x61\x78\x5f\x72\x65\x74\x72\x79\0\x6d\x61\
\x78\x5f\x64\x65\x73\x79\x6e\x63\x5f\x66\x61\x63\x74\x6f\x72\0\x6d\x61\x78\x5f\
\x61\x64\x64\x72\x65\x73\x73\x65\x73\0\x61\x63\x63\x65\x70\x74\x5f\x72\x61\x5f\
\x64\x65\x66\x72\x74\x72\0\x72\x61\x5f\x64\x65\x66\x72\x74\x72\x5f\x6d\x65\x74\
\x72\x69\x63\0\x61\x63\x63\x65\x70\x74\x5f\x72\x61\x5f\x6d\x69\x6e\x5f\x68\x6f\
\x70\x5f\x6c\x69\x6d\x69\x74\0\x61\x63\x63\x65\x70\x74\x5f\x72\x61\x5f\x70\x69\
\x6e\x66\x6f\0\x69\x67\x6e\x6f\x72\x65\x5f\x72\x6f\x75\x74\x65\x73\x5f\x77\x69\
\x74\x68\x5f\x6c\x69\x6e\x6b\x64\x6f\x77\x6e\0\x61\x63\x63\x65\x70\x74\x5f\x72\
\x61\x5f\x72\x74\x72\x5f\x70\x72\x65\x66\0\x72\x74\x72\x5f\x70\x72\x6f\x62\x65\
\x5f\x69\x6e\x74\x65\x72\x76\x61\x6c\0\x61\x63\x63\x65\x70\x74\x5f\x72\x61\x5f\
\x72\x74\x5f\x69\x6e\x66\x6f\x5f\x6d\x69\x6e\x5f\x70\x6c\x65\x6e\0\x61\x63\x63\
\x65\x70\x74\x5f\x72\x61\x5f\x72\x74\x5f\x69\x6e\x66\x6f\x5f\x6d\x61\x78\x5f\
\x70\x6c\x65\x6e\0\x61\x63\x63\x65\x70\x74\x5f\x72\x61\x5f\x72\x74\x5f\x74\x61\
\x62\x6c\x65\0\x70\x72\x6f\x78\x79\x5f\x6e\x64\x70\0\x61\x63\x63\x65\x70\x74\
\x5f\x73\x6f\x75\x72\x63\x65\x5f\x72\x6f\x75\x74\x65\0\x61\x63\x63\x65\x70\x74\
\x5f\x72\x61\x5f\x66\x72\x6f\x6d\x5f\x6c\x6f\x63\x61\x6c\0\x64\x69\x73\x61\x62\
\x6c\x65\x5f\x69\x70\x76\x36\0\x64\x72\x6f\x70\x5f\x75\x6e\x69\x63\x61\x73\x74\
\x5f\x69\x6e\x5f\x6c\x32\x5f\x6d\x75\x6c\x74\x69\x63\x61\x73\x74\0\x61\x63\x63\
\x65\x70\x74\x5f\x64\x61\x64\0\x66\x6f\x72\x63\x65\x5f\x74\x6c\x6c\x61\x6f\0\
\x6e\x64\x69\x73\x63\x5f\x6e\x6f\x74\x69\x66\x79\0\x73\x75\x70\x70\x72\x65\x73\
\x73\x5f\x66\x72\x61\x67\x5f\x6e\x64\x69\x73\x63\0\x61\x63\x63\x65\x70\x74\x5f\
\x72\x61\x5f\x6d\x74\x75\0\x64\x72\x6f\x70\x5f\x75\x6e\x73\x6f\x6c\x69\x63\x69\
\x74\x65\x64\x5f\x6e\x61\0\x73\x74\x61\x62\x6c\x65\x5f\x73\x65\x63\x72\x65\x74\
\0\x75\x73\x65\x5f\x6f\x69\x66\x5f\x61\x64\x64\x72\x73\x5f\x6f\x6e\x6c\x79\0\
\x6b\x65\x65\x70\x5f\x61\x64\x64\x72\x5f\x6f\x6e\x5f\x64\x6f\x77\x6e\0\x73\x65\
\x67\x36\x5f\x65\x6e\x61\x62\x6c\x65\x64\0\x65\x6e\x68\x61\x6e\x63\x65\x64\x5f\
\x64\x61\x64\0\x61\x64\x64\x72\x5f\x67\x65\x6e\x5f\x6d\x6f\x64\x65\0\x64\x69\
\x73\x61\x62\x6c\x65\x5f\x70\x6f\x6c\x69\x63\x79\0\x6e\x64\x69\x73\x63\x5f\x74\
\x63\x6c\x61\x73\x73\0\x72\x70\x6c\x5f\x73\x65\x67\x5f\x65\x6e\x61\x62\x6c\x65\
\x64\0\x69\x6f\x61\x6d\x36\x5f\x65\x6e\x61\x62\x6c\x65\x64\0\x73\x79\x73\x63\
\x74\x6c\x5f\x68\x65\x61\x64\x65\x72\0\x69\x70\x76\x36\x5f\x73\x74\x61\x62\x6c\
\x65\x5f\x73\x65\x63\x72\x65\x74\0\x69\x6e\x69\x74\x69\x61\x6c\x69\x7a\x65\x64\
\0\x73\x65\x63\x72\x65\x74\0\x69\x6e\x65\x74\x5f\x70\x65\x65\x72\x5f\x62\x61\
\x73\x65\0\x68\x69\x67\x68\x5f\x74\x68\x72\x65\x73\x68\0\x6c\x6f\x77\x5f\x74\
\x68\x72\x65\x73\x68\0\x6d\x61\x78\x5f\x64\x69\x73\x74\0\x66\0\x6d\x65\x6d\0\
\x66\x72\x65\x65\x5f\x6c\x69\x73\x74\0\x72\x74\x36\x5f\x69\x6e\x66\x6f\0\x73\
\x65\x72\x6e\x75\x6d\0\x72\x74\x36\x69\x5f\x64\x73\x74\0\x72\x74\x36\x69\x5f\
\x73\x72\x63\0\x72\x74\x36\x69\x5f\x67\x61\x74\x65\x77\x61\x79\0\x72\x74\x36\
\x69\x5f\x69\x64\x65\x76\0\x72\x74\x36\x69\x5f\x66\x6c\x61\x67\x73\0\x72\x74\
\x36\x69\x5f\x75\x6e\x63\x61\x63\x68\x65\x64\0\x72\x74\x36\x69\x5f\x75\x6e\x63\
\x61\x63\x68\x65\x64\x5f\x6c\x69\x73\x74\0\x72\x74\x36\x69\x5f\x6e\x66\x68\x65\
\x61\x64\x65\x72\x5f\x6c\x65\x6e\0\x66\x69\x62\x36\x5f\x69\x6e\x66\x6f\0\x66\
\x69\x62\x36\x5f\x74\x61\x62\x6c\x65\0\x66\x69\x62\x36\x5f\x6e\x65\x78\x74\0\
\x66\x69\x62\x36\x5f\x6e\x6f\x64\x65\0\x66\x69\x62\x36\x5f\x6e\x73\x69\x62\x6c\
\x69\x6e\x67\x73\0\x66\x69\x62\x36\x5f\x72\x65\x66\0\x66\x69\x62\x36\x5f\x6d\
\x65\x74\x72\x69\x63\x73\0\x66\x69\x62\x36\x5f\x64\x73\x74\0\x66\x69\x62\x36\
\x5f\x66\x6c\x61\x67\x73\0\x66\x69\x62\x36\x5f\x73\x72\x63\0\x66\x69\x62\x36\
\x5f\x70\x72\x65\x66\x73\x72\x63\0\x66\x69\x62\x36\x5f\x6d\x65\x74\x72\x69\x63\
\0\x66\x69\x62\x36\x5f\x70\x72\x6f\x74\x6f\x63\x6f\x6c\0\x66\x69\x62\x36\x5f\
\x74\x79\x70\x65\0\x6f\x66\x66\x6c\x6f\x61\x64\0\x74\x72\x61\x70\0\x6f\x66\x66\
\x6c\x6f\x61\x64\x5f\x66\x61\x69\x6c\x65\x64\0\x73\x68\x6f\x75\x6c\x64\x5f\x66\
\x6c\x75\x73\x68\0\x64\x73\x74\x5f\x6e\x6f\x63\x6f\x75\x6e\x74\0\x64\x73\x74\
\x5f\x6e\x6f\x70\x6f\x6c\x69\x63\x79\0\x66\x69\x62\x36\x5f\x64\x65\x73\x74\x72\
\x6f\x79\x69\x6e\x67\0\x75\x6e\x75\x73\x65\x64\0\x6e\x68\0\x66\x69\x62\x36\x5f\
\x6e\x68\0\x74\x62\x36\x5f\x68\x6c\x69\x73\x74\0\x74\x62\x36\x5f\x69\x64\0\x74\
\x62\x36\x5f\x6c\x6f\x63\x6b\0\x74\x62\x36\x5f\x72\x6f\x6f\x74\0\x74\x62\x36\
\x5f\x70\x65\x65\x72\x73\0\x6c\x65\x66\x74\0\x72\x69\x67\x68\x74\0\x6c\x65\x61\
\x66\0\x66\x6e\x5f\x62\x69\x74\0\x66\x6e\x5f\x66\x6c\x61\x67\x73\0\x66\x6e\x5f\
\x73\x65\x72\x6e\x75\x6d\0\x72\x72\x5f\x70\x74\x72\0\x66\x69\x62\x36\x5f\x73\
\x69\x62\x6c\x69\x6e\x67\x73\0\x6e\x68\x5f\x6c\x69\x73\x74\0\x72\x74\x36\x6b\
\x65\x79\0\x70\x6c\x65\x6e\0\x6e\x68\x5f\x63\x6f\x6d\x6d\x6f\x6e\0\x6c\x61\x73\
\x74\x5f\x70\x72\x6f\x62\x65\0\x72\x74\x36\x69\x5f\x70\x63\x70\x75\0\x72\x74\
\x36\x69\x5f\x65\x78\x63\x65\x70\x74\x69\x6f\x6e\x5f\x62\x75\x63\x6b\x65\x74\0\
\x66\x69\x62\x5f\x6e\x68\x5f\x63\x6f\x6d\x6d\x6f\x6e\0\x6e\x68\x63\x5f\x64\x65\
\x76\0\x6e\x68\x63\x5f\x6f\x69\x66\0\x6e\x68\x63\x5f\x73\x63\x6f\x70\x65\0\x6e\
\x68\x63\x5f\x66\x61\x6d\x69\x6c\x79\0\x6e\x68\x63\x5f\x67\x77\x5f\x66\x61\x6d\
\x69\x6c\x79\0\x6e\x68\x63\x5f\x66\x6c\x61\x67\x73\0\x6e\x68\x63\x5f\x6c\x77\
\x74\x73\x74\x61\x74\x65\0\x6e\x68\x63\x5f\x67\x77\0\x6e\x68\x63\x5f\x77\x65\
\x69\x67\x68\x74\0\x6e\x68\x63\x5f\x75\x70\x70\x65\x72\x5f\x62\x6f\x75\x6e\x64\
\0\x6e\x68\x63\x5f\x70\x63\x70\x75\x5f\x72\x74\x68\x5f\x6f\x75\x74\x70\x75\x74\
\0\x6e\x68\x63\x5f\x72\x74\x68\x5f\x69\x6e\x70\x75\x74\0\x6e\x68\x63\x5f\x65\
\x78\x63\x65\x70\x74\x69\x6f\x6e\x73\0\x6c\x77\x74\x75\x6e\x6e\x65\x6c\x5f\x73\
\x74\x61\x74\x65\0\x68\x65\x61\x64\x72\x6f\x6f\x6d\0\x6f\x72\x69\x67\x5f\x6f\
\x75\x74\x70\x75\x74\0\x6f\x72\x69\x67\x5f\x69\x6e\x70\x75\x74\0\x72\x74\x61\
\x62\x6c\x65\0\x72\x74\x5f\x66\x6c\x61\x67\x73\0\x72\x74\x5f\x74\x79\x70\x65\0\
\x72\x74\x5f\x69\x73\x5f\x69\x6e\x70\x75\x74\0\x72\x74\x5f\x75\x73\x65\x73\x5f\
\x67\x61\x74\x65\x77\x61\x79\0\x72\x74\x5f\x69\x69\x66\0\x72\x74\x5f\x67\x77\
\x5f\x66\x61\x6d\x69\x6c\x79\0\x72\x74\x5f\x6d\x74\x75\x5f\x6c\x6f\x63\x6b\x65\
\x64\0\x72\x74\x5f\x70\x6d\x74\x75\0\x72\x74\x5f\x75\x6e\x63\x61\x63\x68\x65\
\x64\0\x72\x74\x5f\x75\x6e\x63\x61\x63\x68\x65\x64\x5f\x6c\x69\x73\x74\0\x72\
\x74\x5f\x67\x77\x34\0\x72\x74\x5f\x67\x77\x36\0\x69\x6e\x65\x74\x36\x5f\x64\
\x65\x76\0\x61\x64\x64\x72\x5f\x6c\x69\x73\x74\0\x6d\x63\x5f\x6c\x69\x73\x74\0\
\x6d\x63\x5f\x74\x6f\x6d\x62\0\x6d\x63\x5f\x71\x72\x76\0\x6d\x63\x5f\x67\x71\
\x5f\x72\x75\x6e\x6e\x69\x6e\x67\0\x6d\x63\x5f\x69\x66\x63\x5f\x63\x6f\x75\x6e\
\x74\0\x6d\x63\x5f\x64\x61\x64\x5f\x63\x6f\x75\x6e\x74\0\x6d\x63\x5f\x76\x31\
\x5f\x73\x65\x65\x6e\0\x6d\x63\x5f\x71\x69\0\x6d\x63\x5f\x71\x72\x69\0\x6d\x63\
\x5f\x6d\x61\x78\x64\x65\x6c\x61\x79\0\x6d\x63\x5f\x67\x71\x5f\x77\x6f\x72\x6b\
\0\x6d\x63\x5f\x69\x66\x63\x5f\x77\x6f\x72\x6b\0\x6d\x63\x5f\x64\x61\x64\x5f\
\x77\x6f\x72\x6b\0\x6d\x63\x5f\x71\x75\x65\x72\x79\x5f\x77\x6f\x72\x6b\0\x6d\
\x63\x5f\x72\x65\x70\x6f\x72\x74\x5f\x77\x6f\x72\x6b\0\x6d\x63\x5f\x71\x75\x65\
\x72\x79\x5f\x71\x75\x65\x75\x65\0\x6d\x63\x5f\x72\x65\x70\x6f\x72\x74\x5f\x71\
\x75\x65\x75\x65\0\x6d\x63\x5f\x71\x75\x65\x72\x79\x5f\x6c\x6f\x63\x6b\0\x6d\
\x63\x5f\x72\x65\x70\x6f\x72\x74\x5f\x6c\x6f\x63\x6b\0\x6d\x63\x5f\x6c\x6f\x63\
\x6b\0\x61\x63\x5f\x6c\x69\x73\x74\0\x69\x66\x5f\x66\x6c\x61\x67\x73\0\x64\x65\
\x73\x79\x6e\x63\x5f\x66\x61\x63\x74\x6f\x72\0\x74\x65\x6d\x70\x61\x64\x64\x72\
\x5f\x6c\x69\x73\x74\0\x74\x6f\x6b\x65\x6e\0\x6e\x64\x5f\x70\x61\x72\x6d\x73\0\
\x63\x6e\x66\0\x72\x73\x5f\x74\x69\x6d\x65\x72\0\x72\x73\x5f\x69\x6e\x74\x65\
\x72\x76\x61\x6c\0\x72\x73\x5f\x70\x72\x6f\x62\x65\x73\0\x72\x61\x5f\x6d\x74\
\x75\0\x69\x66\x6d\x63\x61\x64\x64\x72\x36\0\x6d\x63\x61\x5f\x61\x64\x64\x72\0\
\x69\x64\x65\x76\0\x6d\x63\x61\x5f\x73\x6f\x75\x72\x63\x65\x73\0\x6d\x63\x61\
\x5f\x74\x6f\x6d\x62\0\x6d\x63\x61\x5f\x73\x66\x6d\x6f\x64\x65\0\x6d\x63\x61\
\x5f\x63\x72\x63\x6f\x75\x6e\x74\0\x6d\x63\x61\x5f\x73\x66\x63\x6f\x75\x6e\x74\
\0\x6d\x63\x61\x5f\x77\x6f\x72\x6b\0\x6d\x63\x61\x5f\x66\x6c\x61\x67\x73\0\x6d\
\x63\x61\x5f\x75\x73\x65\x72\x73\0\x6d\x63\x61\x5f\x72\x65\x66\x63\x6e\x74\0\
\x6d\x63\x61\x5f\x63\x73\x74\x61\x6d\x70\0\x6d\x63\x61\x5f\x74\x73\x74\x61\x6d\
\x70\0\x69\x70\x36\x5f\x73\x66\x5f\x6c\x69\x73\x74\0\x73\x66\x5f\x6e\x65\x78\
\x74\0\x73\x66\x5f\x61\x64\x64\x72\0\x73\x66\x5f\x63\x6f\x75\x6e\x74\0\x73\x66\
\x5f\x67\x73\x72\x65\x73\x70\0\x73\x66\x5f\x6f\x6c\x64\x69\x6e\0\x73\x66\x5f\
\x63\x72\x63\x6f\x75\x6e\x74\0\x6e\x65\x69\x67\x68\x5f\x70\x61\x72\x6d\x73\0\
\x6e\x65\x69\x67\x68\x5f\x73\x65\x74\x75\x70\0\x73\x79\x73\x63\x74\x6c\x5f\x74\
\x61\x62\x6c\x65\0\x72\x65\x61\x63\x68\x61\x62\x6c\x65\x5f\x74\x69\x6d\x65\0\
\x64\x61\x74\x61\x5f\x73\x74\x61\x74\x65\0\x6e\x65\x69\x67\x68\x5f\x74\x61\x62\
\x6c\x65\0\x65\x6e\x74\x72\x79\x5f\x73\x69\x7a\x65\0\x6b\x65\x79\x5f\x65\x71\0\
\x63\x6f\x6e\x73\x74\x72\x75\x63\x74\x6f\x72\0\x70\x63\x6f\x6e\x73\x74\x72\x75\
\x63\x74\x6f\x72\0\x70\x64\x65\x73\x74\x72\x75\x63\x74\x6f\x72\0\x70\x72\x6f\
\x78\x79\x5f\x72\x65\x64\x6f\0\x69\x73\x5f\x6d\x75\x6c\x74\x69\x63\x61\x73\x74\
\0\x61\x6c\x6c\x6f\x77\x5f\x61\x64\x64\0\x70\x61\x72\x6d\x73\x5f\x6c\x69\x73\
\x74\0\x67\x63\x5f\x69\x6e\x74\x65\x72\x76\x61\x6c\0\x67\x63\x5f\x74\x68\x72\
\x65\x73\x68\x31\0\x67\x63\x5f\x74\x68\x72\x65\x73\x68\x32\0\x67\x63\x5f\x74\
\x68\x72\x65\x73\x68\x33\0\x6c\x61\x73\x74\x5f\x66\x6c\x75\x73\x68\0\x67\x63\
\x5f\x77\x6f\x72\x6b\0\x70\x72\x6f\x78\x79\x5f\x74\x69\x6d\x65\x72\0\x70\x72\
\x6f\x78\x79\x5f\x71\x75\x65\x75\x65\0\x65\x6e\x74\x72\x69\x65\x73\0\x67\x63\
\x5f\x65\x6e\x74\x72\x69\x65\x73\0\x6c\x61\x73\x74\x5f\x72\x61\x6e\x64\0\x6e\
\x68\x74\0\x70\x68\x61\x73\x68\x5f\x62\x75\x63\x6b\x65\x74\x73\0\x70\x6e\x65\
\x69\x67\x68\x5f\x65\x6e\x74\x72\x79\0\x69\x70\x76\x36\x5f\x64\x65\x76\x73\x74\
\x61\x74\0\x69\x63\x6d\x70\x76\x36\x64\x65\x76\0\x69\x63\x6d\x70\x76\x36\x6d\
\x73\x67\x64\x65\x76\0\x75\x6e\x63\x61\x63\x68\x65\x64\x5f\x6c\x69\x73\x74\0\
\x66\x69\x62\x5f\x72\x75\x6c\x65\x73\x5f\x6f\x70\x73\0\x72\x75\x6c\x65\x5f\x73\
\x69\x7a\x65\0\x61\x64\x64\x72\x5f\x73\x69\x7a\x65\0\x75\x6e\x72\x65\x73\x6f\
\x6c\x76\x65\x64\x5f\x72\x75\x6c\x65\x73\0\x6e\x72\x5f\x67\x6f\x74\x6f\x5f\x72\
\x75\x6c\x65\x73\0\x66\x69\x62\x5f\x72\x75\x6c\x65\x73\x5f\x73\x65\x71\0\x73\
\x75\x70\x70\x72\x65\x73\x73\0\x6d\x61\x74\x63\x68\0\x63\x6f\x6e\x66\x69\x67\
\x75\x72\x65\0\x64\x65\x6c\x65\x74\x65\0\x63\x6f\x6d\x70\x61\x72\x65\0\x66\x69\
\x6c\x6c\0\x6e\x6c\x6d\x73\x67\x5f\x70\x61\x79\x6c\x6f\x61\x64\0\x66\x6c\x75\
\x73\x68\x5f\x63\x61\x63\x68\x65\0\x6e\x6c\x67\x72\x6f\x75\x70\0\x72\x75\x6c\
\x65\x73\x5f\x6c\x69\x73\x74\0\x66\x72\x6f\x5f\x6e\x65\x74\0\x66\x69\x62\x5f\
\x72\x75\x6c\x65\0\x69\x69\x66\x69\x6e\x64\x65\x78\0\x6f\x69\x66\x69\x6e\x64\
\x65\x78\0\x6d\x61\x72\x6b\x5f\x6d\x61\x73\x6b\0\x74\x61\x62\x6c\x65\0\x6c\x33\
\x6d\x64\x65\x76\0\x69\x70\x5f\x70\x72\x6f\x74\x6f\0\x74\x75\x6e\x5f\x69\x64\0\
\x63\x74\x61\x72\x67\x65\x74\0\x66\x72\x5f\x6e\x65\x74\0\x70\x72\x65\x66\0\x73\
\x75\x70\x70\x72\x65\x73\x73\x5f\x69\x66\x67\x72\x6f\x75\x70\0\x73\x75\x70\x70\
\x72\x65\x73\x73\x5f\x70\x72\x65\x66\x69\x78\x6c\x65\x6e\0\x69\x69\x66\x6e\x61\
\x6d\x65\0\x6f\x69\x66\x6e\x61\x6d\x65\0\x75\x69\x64\x5f\x72\x61\x6e\x67\x65\0\
\x73\x70\x6f\x72\x74\x5f\x72\x61\x6e\x67\x65\0\x64\x70\x6f\x72\x74\x5f\x72\x61\
\x6e\x67\x65\0\x5f\x5f\x62\x65\x36\x34\0\x66\x69\x62\x5f\x6b\x75\x69\x64\x5f\
\x72\x61\x6e\x67\x65\0\x66\x69\x62\x5f\x72\x75\x6c\x65\x5f\x70\x6f\x72\x74\x5f\
\x72\x61\x6e\x67\x65\0\x66\x6c\x6f\x77\x69\0\x75\0\x5f\x5f\x66\x6c\x5f\x63\x6f\
\x6d\x6d\x6f\x6e\0\x69\x70\x34\0\x69\x70\x36\0\x64\x6e\0\x66\x6c\x6f\x77\x69\
\x5f\x63\x6f\x6d\x6d\x6f\x6e\0\x66\x6c\x6f\x77\x69\x63\x5f\x6f\x69\x66\0\x66\
\x6c\x6f\x77\x69\x63\x5f\x69\x69\x66\0\x66\x6c\x6f\x77\x69\x63\x5f\x6d\x61\x72\
\x6b\0\x66\x6c\x6f\x77\x69\x63\x5f\x74\x6f\x73\0\x66\x6c\x6f\x77\x69\x63\x5f\
\x73\x63\x6f\x70\x65\0\x66\x6c\x6f\x77\x69\x63\x5f\x70\x72\x6f\x74\x6f\0\x66\
\x6c\x6f\x77\x69\x63\x5f\x66\x6c\x61\x67\x73\0\x66\x6c\x6f\x77\x69\x63\x5f\x73\
\x65\x63\x69\x64\0\x66\x6c\x6f\x77\x69\x63\x5f\x75\x69\x64\0\x66\x6c\x6f\x77\
\x69\x63\x5f\x74\x75\x6e\x5f\x6b\x65\x79\0\x66\x6c\x6f\x77\x69\x63\x5f\x6d\x75\
\x6c\x74\x69\x70\x61\x74\x68\x5f\x68\x61\x73\x68\0\x66\x6c\x6f\x77\x69\x5f\x74\
\x75\x6e\x6e\x65\x6c\0\x66\x6c\x6f\x77\x69\x34\0\x75\x6c\x69\0\x66\x6c\x6f\x77\
\x69\x5f\x75\x6c\x69\0\x70\x6f\x72\x74\x73\0\x69\x63\x6d\x70\x74\0\x64\x6e\x70\
\x6f\x72\x74\x73\0\x67\x72\x65\x5f\x6b\x65\x79\0\x6d\x68\x74\0\x5f\x5f\x6c\x65\
\x31\x36\0\x66\x6c\x6f\x77\x69\x36\0\x66\x6c\x6f\x77\x6c\x61\x62\x65\x6c\0\x6d\
\x70\x5f\x68\x61\x73\x68\0\x66\x6c\x6f\x77\x69\x64\x6e\0\x66\x69\x62\x5f\x6c\
\x6f\x6f\x6b\x75\x70\x5f\x61\x72\x67\0\x6c\x6f\x6f\x6b\x75\x70\x5f\x70\x74\x72\
\0\x6c\x6f\x6f\x6b\x75\x70\x5f\x64\x61\x74\x61\0\x72\x65\x73\x75\x6c\x74\0\x72\
\x75\x6c\x65\0\x66\x69\x62\x5f\x72\x75\x6c\x65\x5f\x68\x64\x72\0\x64\x73\x74\
\x5f\x6c\x65\x6e\0\x73\x72\x63\x5f\x6c\x65\x6e\0\x74\x6f\x73\0\x72\x65\x73\x31\
\0\x72\x65\x73\x32\0\x6e\x6c\x61\x74\x74\x72\0\x6e\x6c\x61\x5f\x6c\x65\x6e\0\
\x6e\x6c\x61\x5f\x74\x79\x70\x65\0\x6e\x6c\x61\x5f\x70\x6f\x6c\x69\x63\x79\0\
\x76\x61\x6c\x69\x64\x61\x74\x69\x6f\x6e\x5f\x74\x79\x70\x65\0\x62\x69\x74\x66\
\x69\x65\x6c\x64\x33\x32\x5f\x76\x61\x6c\x69\x64\0\x72\x65\x6a\x65\x63\x74\x5f\
\x6d\x65\x73\x73\x61\x67\x65\0\x6e\x65\x73\x74\x65\x64\x5f\x70\x6f\x6c\x69\x63\
\x79\0\x72\x61\x6e\x67\x65\x5f\x73\x69\x67\x6e\x65\x64\0\x76\x61\x6c\x69\x64\
\x61\x74\x65\0\x73\x74\x72\x69\x63\x74\x5f\x73\x74\x61\x72\x74\x5f\x74\x79\x70\
\x65\0\x6e\x65\x74\x6e\x73\x5f\x6e\x66\0\x70\x72\x6f\x63\x5f\x6e\x65\x74\x66\
\x69\x6c\x74\x65\x72\0\x6e\x66\x5f\x6c\x6f\x67\x67\x65\x72\x73\0\x6e\x66\x5f\
\x6c\x6f\x67\x5f\x64\x69\x72\x5f\x68\x65\x61\x64\x65\x72\0\x68\x6f\x6f\x6b\x73\
\x5f\x69\x70\x76\x34\0\x68\x6f\x6f\x6b\x73\x5f\x69\x70\x76\x36\0\x64\x65\x66\
\x72\x61\x67\x5f\x69\x70\x76\x34\x5f\x75\x73\x65\x72\x73\0\x64\x65\x66\x72\x61\
\x67\x5f\x69\x70\x76\x36\x5f\x75\x73\x65\x72\x73\0\x6e\x66\x5f\x6c\x6f\x67\x67\
\x65\x72\0\x6c\x6f\x67\x66\x6e\0\x6d\x65\0\x6e\x66\x5f\x6c\x6f\x67\x5f\x74\x79\
\x70\x65\0\x4e\x46\x5f\x4c\x4f\x47\x5f\x54\x59\x50\x45\x5f\x4c\x4f\x47\0\x4e\
\x46\x5f\x4c\x4f\x47\x5f\x54\x59\x50\x45\x5f\x55\x4c\x4f\x47\0\x4e\x46\x5f\x4c\
\x4f\x47\x5f\x54\x59\x50\x45\x5f\x4d\x41\x58\0\x6e\x66\x5f\x6c\x6f\x67\x66\x6e\
\0\x75\x5f\x69\x6e\x74\x38\x5f\x74\0\x6e\x66\x5f\x6c\x6f\x67\x69\x6e\x66\x6f\0\
\x75\x6c\x6f\x67\0\x6c\x6f\x67\0\x63\x6f\x70\x79\x5f\x6c\x65\x6e\0\x71\x74\x68\
\x72\x65\x73\x68\x6f\x6c\x64\0\x75\x5f\x69\x6e\x74\x33\x32\x5f\x74\0\x75\x5f\
\x69\x6e\x74\x31\x36\x5f\x74\0\x6c\x6f\x67\x66\x6c\x61\x67\x73\0\x6e\x66\x5f\
\x68\x6f\x6f\x6b\x5f\x65\x6e\x74\x72\x69\x65\x73\0\x6e\x75\x6d\x5f\x68\x6f\x6f\
\x6b\x5f\x65\x6e\x74\x72\x69\x65\x73\0\x68\x6f\x6f\x6b\x73\0\x6e\x66\x5f\x68\
\x6f\x6f\x6b\x5f\x65\x6e\x74\x72\x79\0\x68\x6f\x6f\x6b\0\x6e\x66\x5f\x68\x6f\
\x6f\x6b\x66\x6e\0\x6e\x66\x5f\x68\x6f\x6f\x6b\x5f\x73\x74\x61\x74\x65\0\x70\
\x66\0\x69\x6e\0\x6f\x75\x74\0\x6f\x6b\x66\x6e\0\x6e\x65\x74\x6e\x73\x5f\x63\
\x74\0\x65\x63\x61\x63\x68\x65\x5f\x64\x77\x6f\x72\x6b\x5f\x70\x65\x6e\x64\x69\
\x6e\x67\0\x73\x79\x73\x63\x74\x6c\x5f\x6c\x6f\x67\x5f\x69\x6e\x76\x61\x6c\x69\
\x64\0\x73\x79\x73\x63\x74\x6c\x5f\x65\x76\x65\x6e\x74\x73\0\x73\x79\x73\x63\
\x74\x6c\x5f\x61\x63\x63\x74\0\x73\x79\x73\x63\x74\x6c\x5f\x61\x75\x74\x6f\x5f\
\x61\x73\x73\x69\x67\x6e\x5f\x68\x65\x6c\x70\x65\x72\0\x73\x79\x73\x63\x74\x6c\
\x5f\x74\x73\x74\x61\x6d\x70\0\x73\x79\x73\x63\x74\x6c\x5f\x63\x68\x65\x63\x6b\
\x73\x75\x6d\0\x70\x63\x70\x75\x5f\x6c\x69\x73\x74\x73\0\x6e\x66\x5f\x63\x6f\
\x6e\x6e\x74\x72\x61\x63\x6b\x5f\x65\x76\x65\x6e\x74\x5f\x63\x62\0\x6e\x66\x5f\
\x63\x74\x5f\x70\x72\x6f\x74\x6f\0\x6e\x66\x5f\x69\x70\x5f\x6e\x65\x74\0\x67\
\x65\x6e\x65\x72\x69\x63\0\x74\x63\x70\0\x75\x64\x70\0\x69\x63\x6d\x70\0\x69\
\x63\x6d\x70\x76\x36\0\x67\x72\x65\0\x6e\x66\x5f\x67\x65\x6e\x65\x72\x69\x63\
\x5f\x6e\x65\x74\0\x6e\x66\x5f\x74\x63\x70\x5f\x6e\x65\x74\0\x74\x69\x6d\x65\
\x6f\x75\x74\x73\0\x74\x63\x70\x5f\x6c\x6f\x6f\x73\x65\0\x74\x63\x70\x5f\x62\
\x65\x5f\x6c\x69\x62\x65\x72\x61\x6c\0\x74\x63\x70\x5f\x6d\x61\x78\x5f\x72\x65\
\x74\x72\x61\x6e\x73\0\x74\x63\x70\x5f\x69\x67\x6e\x6f\x72\x65\x5f\x69\x6e\x76\
\x61\x6c\x69\x64\x5f\x72\x73\x74\0\x6e\x66\x5f\x75\x64\x70\x5f\x6e\x65\x74\0\
\x6e\x66\x5f\x69\x63\x6d\x70\x5f\x6e\x65\x74\0\x6e\x66\x5f\x67\x72\x65\x5f\x6e\
\x65\x74\0\x6b\x65\x79\x6d\x61\x70\x5f\x6c\x69\x73\x74\0\x6e\x65\x74\x6e\x73\
\x5f\x62\x70\x66\0\x72\x75\x6e\x5f\x61\x72\x72\x61\x79\0\x6e\x65\x74\x6e\x73\
\x5f\x78\x66\x72\x6d\0\x73\x74\x61\x74\x65\x5f\x61\x6c\x6c\0\x73\x74\x61\x74\
\x65\x5f\x62\x79\x64\x73\x74\0\x73\x74\x61\x74\x65\x5f\x62\x79\x73\x72\x63\0\
\x73\x74\x61\x74\x65\x5f\x62\x79\x73\x70\x69\0\x73\x74\x61\x74\x65\x5f\x62\x79\
\x73\x65\x71\0\x73\x74\x61\x74\x65\x5f\x68\x6d\x61\x73\x6b\0\x73\x74\x61\x74\
\x65\x5f\x6e\x75\x6d\0\x73\x74\x61\x74\x65\x5f\x68\x61\x73\x68\x5f\x77\x6f\x72\
\x6b\0\x70\x6f\x6c\x69\x63\x79\x5f\x61\x6c\x6c\0\x70\x6f\x6c\x69\x63\x79\x5f\
\x62\x79\x69\x64\x78\0\x70\x6f\x6c\x69\x63\x79\x5f\x69\x64\x78\x5f\x68\x6d\x61\
\x73\x6b\0\x70\x6f\x6c\x69\x63\x79\x5f\x69\x6e\x65\x78\x61\x63\x74\0\x70\x6f\
\x6c\x69\x63\x79\x5f\x62\x79\x64\x73\x74\0\x70\x6f\x6c\x69\x63\x79\x5f\x63\x6f\
\x75\x6e\x74\0\x70\x6f\x6c\x69\x63\x79\x5f\x68\x61\x73\x68\x5f\x77\x6f\x72\x6b\
\0\x70\x6f\x6c\x69\x63\x79\x5f\x68\x74\x68\x72\x65\x73\x68\0\x69\x6e\x65\x78\
\x61\x63\x74\x5f\x62\x69\x6e\x73\0\x6e\x6c\x73\x6b\0\x6e\x6c\x73\x6b\x5f\x73\
\x74\x61\x73\x68\0\x73\x79\x73\x63\x74\x6c\x5f\x61\x65\x76\x65\x6e\x74\x5f\x65\
\x74\x69\x6d\x65\0\x73\x79\x73\x63\x74\x6c\x5f\x61\x65\x76\x65\x6e\x74\x5f\x72\
\x73\x65\x71\x74\x68\0\x73\x79\x73\x63\x74\x6c\x5f\x6c\x61\x72\x76\x61\x6c\x5f\
\x64\x72\x6f\x70\0\x73\x79\x73\x63\x74\x6c\x5f\x61\x63\x71\x5f\x65\x78\x70\x69\
\x72\x65\x73\0\x70\x6f\x6c\x69\x63\x79\x5f\x64\x65\x66\x61\x75\x6c\x74\0\x78\
\x66\x72\x6d\x34\x5f\x64\x73\x74\x5f\x6f\x70\x73\0\x78\x66\x72\x6d\x36\x5f\x64\
\x73\x74\x5f\x6f\x70\x73\0\x78\x66\x72\x6d\x5f\x73\x74\x61\x74\x65\x5f\x6c\x6f\
\x63\x6b\0\x78\x66\x72\x6d\x5f\x73\x74\x61\x74\x65\x5f\x68\x61\x73\x68\x5f\x67\
\x65\x6e\x65\x72\x61\x74\x69\x6f\x6e\0\x78\x66\x72\x6d\x5f\x70\x6f\x6c\x69\x63\
\x79\x5f\x68\x61\x73\x68\x5f\x67\x65\x6e\x65\x72\x61\x74\x69\x6f\x6e\0\x78\x66\
\x72\x6d\x5f\x70\x6f\x6c\x69\x63\x79\x5f\x6c\x6f\x63\x6b\0\x78\x66\x72\x6d\x5f\
\x63\x66\x67\x5f\x6d\x75\x74\x65\x78\0\x78\x66\x72\x6d\x5f\x70\x6f\x6c\x69\x63\
\x79\x5f\x68\x61\x73\x68\0\x68\x6d\x61\x73\x6b\0\x64\x62\x69\x74\x73\x34\0\x73\
\x62\x69\x74\x73\x34\0\x64\x62\x69\x74\x73\x36\0\x73\x62\x69\x74\x73\x36\0\x78\
\x66\x72\x6d\x5f\x70\x6f\x6c\x69\x63\x79\x5f\x68\x74\x68\x72\x65\x73\x68\0\x6c\
\x62\x69\x74\x73\x34\0\x72\x62\x69\x74\x73\x34\0\x6c\x62\x69\x74\x73\x36\0\x72\
\x62\x69\x74\x73\x36\0\x30\x3a\x31\x34\x3a\x32\0\x20\x20\x6e\x73\x5f\x69\x6e\
\x66\x6f\x2d\x3e\x75\x73\x65\x72\x5f\x6e\x73\x20\x3d\x20\x42\x50\x46\x5f\x43\
\x4f\x52\x45\x5f\x52\x45\x41\x44\x28\x74\x2c\x20\x6e\x73\x70\x72\x6f\x78\x79\
\x2c\x20\x75\x74\x73\x5f\x6e\x73\x2c\x20\x75\x73\x65\x72\x5f\x6e\x73\x2c\x20\
\x6e\x73\x2e\x69\x6e\x75\x6d\x29\x3b\0\x30\x3a\x31\0\x75\x74\x73\x5f\x6e\x61\
\x6d\x65\x73\x70\x61\x63\x65\0\x6e\x65\x77\x5f\x75\x74\x73\x6e\x61\x6d\x65\0\
\x73\x79\x73\x6e\x61\x6d\x65\0\x6e\x6f\x64\x65\x6e\x61\x6d\x65\0\x6d\x61\x63\
\x68\x69\x6e\x65\0\x64\x6f\x6d\x61\x69\x6e\x6e\x61\x6d\x65\0\x30\x3a\x37\x3a\
\x32\0\x20\x20\x6e\x73\x5f\x69\x6e\x66\x6f\x2d\x3e\x75\x74\x73\x5f\x6e\x73\x20\
\x3d\x20\x42\x50\x46\x5f\x43\x4f\x52\x45\x5f\x52\x45\x41\x44\x28\x74\x2c\x20\
\x6e\x73\x70\x72\x6f\x78\x79\x2c\x20\x75\x74\x73\x5f\x6e\x73\x2c\x20\x6e\x73\
\x2e\x69\x6e\x75\x6d\x29\x3b\0\x30\x3a\x33\x3a\x32\0\x6c\x69\x6e\x75\x78\x5f\
\x62\x69\x6e\x70\x72\x6d\0\x76\x6d\x61\0\x76\x6d\x61\x5f\x70\x61\x67\x65\x73\0\
\x61\x72\x67\x6d\x69\x6e\0\x68\x61\x76\x65\x5f\x65\x78\x65\x63\x66\x64\0\x65\
\x78\x65\x63\x66\x64\x5f\x63\x72\x65\x64\x73\0\x73\x65\x63\x75\x72\x65\x65\x78\
\x65\x63\0\x70\x6f\x69\x6e\x74\x5f\x6f\x66\x5f\x6e\x6f\x5f\x72\x65\x74\x75\x72\
\x6e\0\x65\x78\x65\x63\x75\x74\x61\x62\x6c\x65\0\x69\x6e\x74\x65\x72\x70\x72\
\x65\x74\x65\x72\0\x75\x6e\x73\x61\x66\x65\0\x70\x65\x72\x5f\x63\x6c\x65\x61\
\x72\0\x61\x72\x67\x63\0\x65\x6e\x76\x63\0\x66\x69\x6c\x65\x6e\x61\x6d\x65\0\
\x69\x6e\x74\x65\x72\x70\0\x66\x64\x70\x61\x74\x68\0\x69\x6e\x74\x65\x72\x70\
\x5f\x66\x6c\x61\x67\x73\0\x65\x78\x65\x63\x66\x64\0\x6c\x6f\x61\x64\x65\x72\0\
\x65\x78\x65\x63\0\x72\x6c\x69\x6d\x5f\x73\x74\x61\x63\x6b\0\x72\x6c\x69\x6d\
\x69\x74\0\x72\x6c\x69\x6d\x5f\x63\x75\x72\0\x72\x6c\x69\x6d\x5f\x6d\x61\x78\0\
\x30\x3a\x31\x31\0\x20\x20\x69\x6d\x61\x67\x65\x5f\x69\x6e\x66\x6f\x2d\x3e\x69\
\x6e\x6f\x64\x65\x20\x3d\x20\x42\x50\x46\x5f\x43\x4f\x52\x45\x5f\x52\x45\x41\
\x44\x28\x62\x70\x72\x6d\x2c\x20\x66\x69\x6c\x65\x2c\x20\x66\x5f\x69\x6e\x6f\
\x64\x65\x2c\x20\x69\x5f\x69\x6e\x6f\x29\x3b\0\x20\x20\x69\x6d\x61\x67\x65\x5f\
\x69\x6e\x66\x6f\x2d\x3e\x75\x69\x64\x20\x3d\x20\x42\x50\x46\x5f\x43\x4f\x52\
\x45\x5f\x52\x45\x41\x44\x28\x62\x70\x72\x6d\x2c\x20\x66\x69\x6c\x65\x2c\x20\
\x66\x5f\x69\x6e\x6f\x64\x65\x2c\x20\x69\x5f\x75\x69\x64\x2e\x76\x61\x6c\x29\
\x3b\0\x30\x3a\x32\x3a\x30\0\x20\x20\x69\x6d\x61\x67\x65\x5f\x69\x6e\x66\x6f\
\x2d\x3e\x67\x69\x64\x20\x3d\x20\x42\x50\x46\x5f\x43\x4f\x52\x45\x5f\x52\x45\
\x41\x44\x28\x62\x70\x72\x6d\x2c\x20\x66\x69\x6c\x65\x2c\x20\x66\x5f\x69\x6e\
\x6f\x64\x65\x2c\x20\x69\x5f\x67\x69\x64\x2e\x76\x61\x6c\x29\x3b\0\x30\x3a\x33\
\x3a\x30\0\x20\x20\x69\x6d\x61\x67\x65\x5f\x69\x6e\x66\x6f\x2d\x3e\x6d\x6f\x64\
\x65\x20\x3d\x20\x42\x50\x46\x5f\x43\x4f\x52\x45\x5f\x52\x45\x41\x44\x28\x62\
\x70\x72\x6d\x2c\x20\x66\x69\x6c\x65\x2c\x20\x66\x5f\x69\x6e\x6f\x64\x65\x2c\
\x20\x69\x5f\x6d\x6f\x64\x65\x29\x3b\0\x30\x3a\x30\0\x20\x20\x69\x6d\x61\x67\
\x65\x5f\x69\x6e\x66\x6f\x2d\x3e\x6d\x74\x69\x6d\x65\x2e\x74\x76\x5f\x73\x65\
\x63\x20\x3d\x20\x42\x50\x46\x5f\x43\x4f\x52\x45\x5f\x52\x45\x41\x44\x28\x62\
\x70\x72\x6d\x2c\x20\x66\x69\x6c\x65\x2c\x20\x66\x5f\x69\x6e\x6f\x64\x65\x2c\
\x20\x69\x5f\x6d\x74\x69\x6d\x65\x2e\x74\x76\x5f\x73\x65\x63\x29\x3b\0\x30\x3a\
\x31\x36\x3a\x30\0\x20\x20\x20\x20\x20\x20\x42\x50\x46\x5f\x43\x4f\x52\x45\x5f\
\x52\x45\x41\x44\x28\x62\x70\x72\x6d\x2c\x20\x66\x69\x6c\x65\x2c\x20\x66\x5f\
\x69\x6e\x6f\x64\x65\x2c\x20\x69\x5f\x6d\x74\x69\x6d\x65\x2e\x74\x76\x5f\x6e\
\x73\x65\x63\x29\x3b\0\x30\x3a\x31\x36\x3a\x31\0\x20\x20\x69\x6d\x61\x67\x65\
\x5f\x69\x6e\x66\x6f\x2d\x3e\x6d\x74\x69\x6d\x65\x2e\x74\x76\x5f\x6e\x73\x65\
\x63\x20\x3d\0\x20\x20\x69\x6d\x61\x67\x65\x5f\x69\x6e\x66\x6f\x2d\x3e\x63\x74\
\x69\x6d\x65\x2e\x74\x76\x5f\x73\x65\x63\x20\x3d\x20\x42\x50\x46\x5f\x43\x4f\
\x52\x45\x5f\x52\x45\x41\x44\x28\x62\x70\x72\x6d\x2c\x20\x66\x69\x6c\x65\x2c\
\x20\x66\x5f\x69\x6e\x6f\x64\x65\x2c\x20\x69\x5f\x63\x74\x69\x6d\x65\x2e\x74\
\x76\x5f\x73\x65\x63\x29\x3b\0\x30\x3a\x31\x37\x3a\x30\0\x20\x20\x20\x20\x20\
\x20\x42\x50\x46\x5f\x43\x4f\x52\x45\x5f\x52\x45\x41\x44\x28\x62\x70\x72\x6d\
\x2c\x20\x66\x69\x6c\x65\x2c\x20\x66\x5f\x69\x6e\x6f\x64\x65\x2c\x20\x69\x5f\
\x63\x74\x69\x6d\x65\x2e\x74\x76\x5f\x6e\x73\x65\x63\x29\x3b\0\x30\x3a\x31\x37\
\x3a\x31\0\x20\x20\x69\x6d\x61\x67\x65\x5f\x69\x6e\x66\x6f\x2d\x3e\x63\x74\x69\
\x6d\x65\x2e\x74\x76\x5f\x6e\x73\x65\x63\x20\x3d\0\x20\x20\x64\x65\x76\x5f\x74\
\x20\x64\x65\x76\x20\x3d\x20\x42\x50\x46\x5f\x43\x4f\x52\x45\x5f\x52\x45\x41\
\x44\x28\x62\x70\x72\x6d\x2c\x20\x66\x69\x6c\x65\x2c\x20\x66\x5f\x69\x6e\x6f\
\x64\x65\x2c\x20\x69\x5f\x73\x62\x2c\x20\x73\x5f\x64\x65\x76\x29\x3b\0\x20\x20\
\x20\x20\x20\x20\x28\x6d\x69\x6e\x6f\x72\x20\x26\x20\x30\x78\x66\x66\x29\x20\
\x7c\x20\x28\x6d\x61\x6a\x6f\x72\x20\x3c\x3c\x20\x38\x29\x20\x7c\x20\x28\x28\
\x6d\x69\x6e\x6f\x72\x20\x26\x20\x7e\x30\x78\x66\x66\x29\x20\x3c\x3c\x20\x31\
\x32\x29\x3b\0\x20\x20\x69\x6d\x61\x67\x65\x5f\x69\x6e\x66\x6f\x2d\x3e\x69\x6e\
\x6f\x64\x65\x5f\x64\x65\x76\x69\x63\x65\x5f\x69\x64\x20\x3d\0\x30\x3a\x31\x38\
\0\x20\x20\x63\x6f\x6e\x73\x74\x20\x63\x68\x61\x72\x2a\x20\x69\x6e\x74\x65\x72\
\x70\x5f\x73\x74\x61\x72\x74\x20\x3d\x20\x42\x50\x46\x5f\x43\x4f\x52\x45\x5f\
\x52\x45\x41\x44\x28\x62\x70\x72\x6d\x2c\x20\x69\x6e\x74\x65\x72\x70\x29\x3b\0\
\x20\x20\x66\x69\x6c\x6c\x5f\x69\x6d\x61\x67\x65\x5f\x69\x6e\x66\x6f\x28\x26\
\x70\x2d\x3e\x69\x6d\x61\x67\x65\x5f\x69\x6e\x66\x6f\x2c\x20\x62\x70\x72\x6d\
\x2c\x20\x63\x75\x72\x72\x65\x6e\x74\x29\x3b\0\x20\x20\x62\x70\x66\x5f\x70\x72\
\x6f\x62\x65\x5f\x72\x65\x61\x64\x5f\x73\x74\x72\x28\x69\x6d\x61\x67\x65\x5f\
\x69\x6e\x66\x6f\x2d\x3e\x70\x61\x74\x68\x6e\x61\x6d\x65\x2c\x20\x73\x69\x7a\
\x65\x6f\x66\x28\x69\x6d\x61\x67\x65\x5f\x69\x6e\x66\x6f\x2d\x3e\x70\x61\x74\
\x68\x6e\x61\x6d\x65\x29\x2c\0\x20\x20\x69\x6d\x61\x67\x65\x5f\x69\x6e\x66\x6f\
\x2d\x3e\x6d\x6e\x74\x5f\x6e\x73\x20\x3d\x20\x42\x50\x46\x5f\x43\x4f\x52\x45\
\x5f\x52\x45\x41\x44\x28\x74\x2c\x20\x72\x65\x61\x6c\x5f\x70\x61\x72\x65\x6e\
\x74\x2c\x20\x6e\x73\x70\x72\x6f\x78\x79\x2c\x20\x6d\x6e\x74\x5f\x6e\x73\x2c\
\x20\x6e\x73\x2e\x69\x6e\x75\x6d\x29\x3b\0\x20\x20\x62\x70\x66\x5f\x72\x69\x6e\
\x67\x62\x75\x66\x5f\x73\x75\x62\x6d\x69\x74\x28\x65\x76\x65\x6e\x74\x2c\x20\
\x30\x29\x3b\0\x68\x61\x6e\x64\x6c\x65\x5f\x73\x63\x68\x65\x64\x5f\x70\x72\x6f\
\x63\x65\x73\x73\x5f\x65\x78\x69\x74\0\x72\x61\x77\x5f\x74\x72\x61\x63\x65\x70\
\x6f\x69\x6e\x74\x2f\x73\x63\x68\x65\x64\x5f\x70\x72\x6f\x63\x65\x73\x73\x5f\
\x65\x78\x69\x74\0\x69\x6e\x74\x20\x42\x50\x46\x5f\x50\x52\x4f\x47\x28\x68\x61\
\x6e\x64\x6c\x65\x5f\x73\x63\x68\x65\x64\x5f\x70\x72\x6f\x63\x65\x73\x73\x5f\
\x65\x78\x69\x74\x2c\x20\x73\x74\x72\x75\x63\x74\x20\x74\x61\x73\x6b\x5f\x73\
\x74\x72\x75\x63\x74\x2a\x20\x63\x75\x72\x72\x65\x6e\x74\x29\x20\x7b\0\x30\x3a\
\x38\x31\0\x20\x20\x69\x66\x20\x28\x28\x42\x50\x46\x5f\x43\x4f\x52\x45\x5f\x52\
\x45\x41\x44\x28\x63\x75\x72\x72\x65\x6e\x74\x2c\x20\x70\x69\x64\x29\x20\x21\
\x3d\x20\x42\x50\x46\x5f\x43\x4f\x52\x45\x5f\x52\x45\x41\x44\x28\x63\x75\x72\
\x72\x65\x6e\x74\x2c\x20\x74\x67\x69\x64\x29\x29\x20\x7c\x7c\0\x20\x20\x65\x76\
\x65\x6e\x74\x2d\x3e\x64\x61\x74\x61\x2e\x70\x72\x6f\x63\x65\x73\x73\x5f\x65\
\x76\x65\x6e\x74\x2e\x74\x79\x70\x65\x20\x3d\x20\x6b\x50\x72\x6f\x63\x65\x73\
\x73\x45\x78\x69\x74\x45\x76\x65\x6e\x74\x3b\0\x30\x3a\x38\x36\x3a\x30\0\x20\
\x20\x73\x74\x72\x75\x63\x74\x20\x6c\x69\x73\x74\x5f\x68\x65\x61\x64\x2a\x20\
\x66\x69\x72\x73\x74\x5f\x63\x68\x69\x6c\x64\x20\x3d\x20\x42\x50\x46\x5f\x43\
\x4f\x52\x45\x5f\x52\x45\x41\x44\x28\x63\x75\x72\x72\x65\x6e\x74\x2c\x20\x63\
\x68\x69\x6c\x64\x72\x65\x6e\x2e\x6e\x65\x78\x74\x29\x3b\0\x20\x20\x20\x20\x20\
\x20\x28\x21\x66\x69\x72\x73\x74\x5f\x63\x68\x69\x6c\x64\x20\x7c\x7c\x20\x28\
\x66\x69\x72\x73\x74\x5f\x63\x68\x69\x6c\x64\x20\x3d\x3d\x20\x42\x50\x46\x5f\
\x43\x4f\x52\x45\x5f\x52\x45\x41\x44\x28\x66\x69\x72\x73\x74\x5f\x63\x68\x69\
\x6c\x64\x2c\x20\x6e\x65\x78\x74\x29\x29\x29\x3b\0\x20\x20\x70\x2d\x3e\x69\x73\
\x5f\x6c\x65\x61\x66\x20\x3d\0\x4c\x49\x43\x45\x4e\x53\x45\0\x2e\x6d\x61\x70\
\x73\0\x6c\x69\x63\x65\x6e\x73\x65\0\x6b\x65\x72\x6e\x66\x73\x5f\x72\x6f\x6f\
\x74\0\x62\x75\x63\x6b\x65\x74\x5f\x74\x61\x62\x6c\x65\0\x70\x72\x6f\x63\x5f\
\x6e\x73\x5f\x6f\x70\x65\x72\x61\x74\x69\x6f\x6e\x73\0\x70\x65\x72\x63\x70\x75\
\x5f\x72\x65\x66\x5f\x64\x61\x74\x61\0\x62\x6c\x6f\x63\x6b\x5f\x64\x65\x76\x69\
\x63\x65\0\x66\x69\x6c\x65\x5f\x73\x79\x73\x74\x65\x6d\x5f\x74\x79\x70\x65\0\
\x6d\x6f\x75\x6e\x74\0\x6b\x6d\x65\x6d\x5f\x63\x61\x63\x68\x65\x5f\x63\x70\x75\
\0\x61\x64\x64\x72\x65\x73\x73\x5f\x73\x70\x61\x63\x65\x5f\x6f\x70\x65\x72\x61\
\x74\x69\x6f\x6e\x73\0\x77\x61\x69\x74\x5f\x70\x61\x67\x65\x5f\x71\x75\x65\x75\
\x65\0\x69\x6f\x76\x65\x63\0\x62\x69\x6f\x5f\x76\x65\x63\0\x70\x69\x70\x65\x5f\
\x62\x75\x66\x66\x65\x72\0\x66\x77\x6e\x6f\x64\x65\x5f\x68\x61\x6e\x64\x6c\x65\
\0\x70\x6d\x5f\x73\x75\x62\x73\x79\x73\x5f\x64\x61\x74\x61\0\x64\x65\x76\x5f\
\x70\x6d\x5f\x71\x6f\x73\0\x69\x72\x71\x5f\x64\x6f\x6d\x61\x69\x6e\0\x6c\x69\
\x6e\x75\x78\x5f\x62\x69\x6e\x66\x6d\x74\0\x6b\x73\x65\x74\x5f\x75\x65\x76\x65\
\x6e\x74\x5f\x6f\x70\x73\0\x6b\x6f\x62\x6a\x5f\x74\x79\x70\x65\0\x6e\x65\x74\
\x64\x65\x76\x5f\x6e\x61\x6d\x65\x5f\x6e\x6f\x64\x65\0\x64\x65\x76\x5f\x69\x66\
\x61\x6c\x69\x61\x73\0\x6e\x65\x74\x5f\x64\x65\x76\x69\x63\x65\x5f\x6f\x70\x73\
\0\x6e\x65\x74\x6c\x69\x6e\x6b\x5f\x72\x61\x6e\x67\x65\x5f\x76\x61\x6c\x69\x64\
\x61\x74\x69\x6f\x6e\0\x6e\x65\x74\x6c\x69\x6e\x6b\x5f\x72\x61\x6e\x67\x65\x5f\
\x76\x61\x6c\x69\x64\x61\x74\x69\x6f\x6e\x5f\x73\x69\x67\x6e\x65\x64\0\x77\x71\
\x5f\x66\x6c\x75\x73\x68\x65\x72\0\x77\x6f\x72\x6b\x65\x72\0\x77\x6f\x72\x6b\
\x65\x72\x5f\x70\x6f\x6f\x6c\0\x77\x6f\x72\x6b\x71\x75\x65\x75\x65\x5f\x61\x74\
\x74\x72\x73\0\x77\x71\x5f\x64\x65\x76\x69\x63\x65\0\x64\x65\x76\x69\x63\x65\
\x5f\x70\x72\x69\x76\x61\x74\x65\0\x64\x65\x76\x69\x63\x65\x5f\x64\x72\x69\x76\
\x65\x72\0\x62\x75\x73\x5f\x74\x79\x70\x65\0\x62\x70\x66\x5f\x6c\x6f\x63\x61\
\x6c\x5f\x73\x74\x6f\x72\x61\x67\x65\x5f\x6d\x61\x70\0\x64\x65\x76\x69\x63\x65\
\x5f\x6e\x6f\x64\x65\0\x64\x65\x76\x69\x63\x65\x5f\x74\x79\x70\x65\0\x77\x61\
\x6b\x65\x75\x70\x5f\x73\x6f\x75\x72\x63\x65\0\x77\x61\x6b\x65\x5f\x69\x72\x71\
\0\x68\x72\x74\x69\x6d\x65\x72\x5f\x63\x6c\x6f\x63\x6b\x5f\x62\x61\x73\x65\0\
\x64\x65\x76\x5f\x70\x6d\x5f\x64\x6f\x6d\x61\x69\x6e\0\x62\x70\x66\x5f\x73\x74\
\x6f\x72\x61\x67\x65\x5f\x62\x75\x66\x66\x65\x72\0\x64\x65\x76\x5f\x70\x69\x6e\
\x5f\x69\x6e\x66\x6f\0\x64\x6d\x61\x5f\x6d\x61\x70\x5f\x6f\x70\x73\0\x62\x75\
\x73\x5f\x64\x6d\x61\x5f\x72\x65\x67\x69\x6f\x6e\0\x64\x65\x76\x69\x63\x65\x5f\
\x64\x6d\x61\x5f\x70\x61\x72\x61\x6d\x65\x74\x65\x72\x73\0\x69\x6f\x5f\x74\x6c\
\x62\x5f\x6d\x65\x6d\0\x64\x65\x76\x5f\x69\x6f\x6d\x6d\x75\0\x64\x65\x76\x69\
\x63\x65\x5f\x70\x68\x79\x73\x69\x63\x61\x6c\x5f\x6c\x6f\x63\x61\x74\x69\x6f\
\x6e\0\x6e\x65\x69\x67\x68\x5f\x73\x74\x61\x74\x69\x73\x74\x69\x63\x73\0\x6e\
\x65\x69\x67\x68\x5f\x68\x61\x73\x68\x5f\x74\x61\x62\x6c\x65\0\x6e\x65\x69\x67\
\x68\x5f\x6f\x70\x73\0\x62\x70\x66\x5f\x70\x72\x6f\x67\x5f\x73\x74\x61\x74\x73\
\0\x62\x70\x66\x5f\x70\x72\x6f\x67\x5f\x61\x75\x78\0\x6e\x65\x74\x64\x65\x76\
\x5f\x72\x78\x5f\x71\x75\x65\x75\x65\0\x74\x63\x66\x5f\x70\x72\x6f\x74\x6f\0\
\x74\x63\x66\x5f\x62\x6c\x6f\x63\x6b\0\x51\x64\x69\x73\x63\x5f\x6f\x70\x73\0\
\x62\x70\x66\x5f\x78\x64\x70\x5f\x6c\x69\x6e\x6b\0\x73\x6f\x63\x6b\x5f\x66\x70\
\x72\x6f\x67\x5f\x6b\x65\x72\x6e\0\x65\x78\x63\x65\x70\x74\x69\x6f\x6e\x5f\x74\
\x61\x62\x6c\x65\x5f\x65\x6e\x74\x72\x79\0\x6f\x72\x63\x5f\x65\x6e\x74\x72\x79\
\0\x62\x75\x67\x5f\x65\x6e\x74\x72\x79\0\x65\x6c\x66\x36\x34\x5f\x73\x79\x6d\0\
\x6d\x6f\x64\x75\x6c\x65\x5f\x73\x65\x63\x74\x5f\x61\x74\x74\x72\x73\0\x6d\x6f\
\x64\x75\x6c\x65\x5f\x6e\x6f\x74\x65\x73\x5f\x61\x74\x74\x72\x73\0\x73\x72\x63\
\x75\x5f\x73\x74\x72\x75\x63\x74\0\x62\x70\x66\x5f\x72\x61\x77\x5f\x65\x76\x65\
\x6e\x74\x5f\x6d\x61\x70\0\x74\x72\x61\x63\x65\x70\x6f\x69\x6e\x74\0\x73\x74\
\x61\x74\x69\x63\x5f\x63\x61\x6c\x6c\x5f\x73\x69\x74\x65\0\x74\x72\x61\x63\x65\
\x5f\x65\x76\x65\x6e\x74\x5f\x63\x6c\x61\x73\x73\0\x74\x72\x61\x63\x65\x5f\x65\
\x76\x65\x6e\x74\x5f\x66\x75\x6e\x63\x74\x69\x6f\x6e\x73\0\x70\x72\x6f\x67\x5f\
\x65\x6e\x74\x72\x79\0\x69\x6e\x5f\x64\x65\x76\x69\x63\x65\0\x69\x66\x61\x63\
\x61\x64\x64\x72\x36\0\x64\x73\x74\x5f\x6d\x65\x74\x72\x69\x63\x73\0\x78\x66\
\x72\x6d\x5f\x73\x74\x61\x74\x65\0\x78\x66\x72\x6d\x5f\x73\x65\x63\x5f\x63\x74\
\x78\0\x66\x6e\x68\x65\x5f\x68\x61\x73\x68\x5f\x62\x75\x63\x6b\x65\x74\0\x72\
\x74\x36\x5f\x65\x78\x63\x65\x70\x74\x69\x6f\x6e\x5f\x62\x75\x63\x6b\x65\x74\0\
\x63\x74\x6c\x5f\x74\x61\x62\x6c\x65\x5f\x70\x6f\x6c\x6c\0\x63\x74\x6c\x5f\x74\
\x61\x62\x6c\x65\x5f\x72\x6f\x6f\x74\0\x63\x74\x6c\x5f\x6e\x6f\x64\x65\0\x69\
\x63\x6d\x70\x76\x36\x5f\x6d\x69\x62\x5f\x64\x65\x76\x69\x63\x65\0\x69\x63\x6d\
\x70\x76\x36\x6d\x73\x67\x5f\x6d\x69\x62\x5f\x64\x65\x76\x69\x63\x65\0\x77\x69\
\x72\x65\x6c\x65\x73\x73\x5f\x64\x65\x76\0\x73\x6f\x63\x6b\x65\x74\0\x73\x65\
\x6d\x5f\x75\x6e\x64\x6f\x5f\x6c\x69\x73\x74\0\x66\x69\x6c\x65\x73\x5f\x73\x74\
\x72\x75\x63\x74\0\x77\x70\x61\x6e\x5f\x64\x65\x76\0\x66\x73\x76\x65\x72\x69\
\x74\x79\x5f\x69\x6e\x66\x6f\0\x6b\x65\x72\x6e\x66\x73\x5f\x6f\x70\x73\0\x6b\
\x65\x72\x6e\x66\x73\x5f\x6f\x70\x65\x6e\x5f\x6e\x6f\x64\x65\0\x6b\x65\x72\x6e\
\x66\x73\x5f\x69\x61\x74\x74\x72\x73\0\x63\x67\x72\x6f\x75\x70\x5f\x72\x6f\x6f\
\x74\0\x63\x67\x72\x6f\x75\x70\x5f\x72\x73\x74\x61\x74\x5f\x63\x70\x75\0\x70\
\x73\x69\x5f\x67\x72\x6f\x75\x70\x5f\x63\x70\x75\0\x63\x67\x72\x6f\x75\x70\x5f\
\x73\x75\x62\x73\x79\x73\0\x71\x64\x69\x73\x63\x5f\x73\x69\x7a\x65\x5f\x74\x61\
\x62\x6c\x65\0\x6e\x65\x74\x5f\x72\x61\x74\x65\x5f\x65\x73\x74\x69\x6d\x61\x74\
\x6f\x72\0\x63\x70\x75\x5f\x72\x6d\x61\x70\0\x78\x64\x70\x5f\x64\x65\x76\x5f\
\x62\x75\x6c\x6b\x5f\x71\x75\x65\x75\x65\0\x70\x63\x70\x75\x5f\x6c\x73\x74\x61\
\x74\x73\0\x70\x63\x70\x75\x5f\x73\x77\x5f\x6e\x65\x74\x73\x74\x61\x74\x73\0\
\x70\x68\x79\x5f\x64\x65\x76\x69\x63\x65\0\x63\x64\x65\x76\0\x66\x69\x6c\x65\
\x5f\x6c\x6f\x63\x6b\x5f\x6f\x70\x65\x72\x61\x74\x69\x6f\x6e\x73\0\x6c\x6f\x63\
\x6b\x5f\x6d\x61\x6e\x61\x67\x65\x72\x5f\x6f\x70\x65\x72\x61\x74\x69\x6f\x6e\
\x73\0\x73\x6b\x62\x5f\x65\x78\x74\0\x73\x6b\x5f\x6d\x73\x67\0\x72\x65\x71\x75\
\x65\x73\x74\x5f\x73\x6f\x63\x6b\x5f\x6f\x70\x73\0\x74\x69\x6d\x65\x77\x61\x69\
\x74\x5f\x73\x6f\x63\x6b\x5f\x6f\x70\x73\0\x69\x6e\x65\x74\x5f\x65\x68\x61\x73\
\x68\x5f\x62\x75\x63\x6b\x65\x74\0\x69\x6e\x65\x74\x5f\x62\x69\x6e\x64\x5f\x68\
\x61\x73\x68\x62\x75\x63\x6b\x65\x74\0\x72\x61\x77\x5f\x68\x61\x73\x68\x69\x6e\
\x66\x6f\0\x6b\x65\x79\x5f\x75\x73\x65\x72\0\x73\x6f\x63\x6b\x5f\x72\x65\x75\
\x73\x65\x70\x6f\x72\x74\0\x6d\x6f\x64\x75\x6c\x65\x5f\x70\x61\x72\x61\x6d\x5f\
\x61\x74\x74\x72\x73\0\x6d\x6f\x64\x75\x6c\x65\x5f\x61\x74\x74\x72\x69\x62\x75\
\x74\x65\0\x6b\x65\x72\x6e\x65\x6c\x5f\x70\x61\x72\x61\x6d\0\x62\x70\x66\x5f\
\x63\x67\x72\x6f\x75\x70\x5f\x73\x74\x6f\x72\x61\x67\x65\x5f\x6d\x61\x70\0\x70\
\x65\x72\x66\x5f\x63\x70\x75\x5f\x63\x6f\x6e\x74\x65\x78\x74\0\x70\x65\x72\x66\
\x5f\x65\x76\x65\x6e\x74\x5f\x6d\x6d\x61\x70\x5f\x70\x61\x67\x65\0\x70\x65\x72\
\x66\x5f\x61\x64\x64\x72\x5f\x66\x69\x6c\x74\x65\x72\x5f\x72\x61\x6e\x67\x65\0\
\x70\x65\x72\x66\x5f\x72\x61\x77\x5f\x72\x65\x63\x6f\x72\x64\0\x70\x65\x72\x66\
\x5f\x62\x72\x61\x6e\x63\x68\x5f\x73\x74\x61\x63\x6b\0\x70\x65\x72\x66\x5f\x63\
\x61\x6c\x6c\x63\x68\x61\x69\x6e\x5f\x65\x6e\x74\x72\x79\0\x74\x72\x61\x63\x65\
\x5f\x65\x76\x61\x6c\x5f\x6d\x61\x70\0\x6b\x65\x72\x6e\x65\x6c\x5f\x73\x69\x67\
\x69\x6e\x66\x6f\0\x6c\x64\x74\x5f\x73\x74\x72\x75\x63\x74\0\x6b\x69\x6f\x63\
\x74\x78\x5f\x74\x61\x62\x6c\x65\0\x6d\x6d\x75\x5f\x6e\x6f\x74\x69\x66\x69\x65\
\x72\x5f\x73\x75\x62\x73\x63\x72\x69\x70\x74\x69\x6f\x6e\x73\0\x76\x6d\x5f\x6f\
\x70\x65\x72\x61\x74\x69\x6f\x6e\x73\x5f\x73\x74\x72\x75\x63\x74\0\x75\x73\x65\
\x72\x66\x61\x75\x6c\x74\x66\x64\x5f\x63\x74\x78\0\x74\x63\x70\x5f\x6d\x69\x62\
\0\x6c\x69\x6e\x75\x78\x5f\x6d\x69\x62\0\x69\x63\x6d\x70\x5f\x6d\x69\x62\0\x69\
\x63\x6d\x70\x6d\x73\x67\x5f\x6d\x69\x62\0\x69\x63\x6d\x70\x76\x36\x5f\x6d\x69\
\x62\0\x69\x63\x6d\x70\x76\x36\x6d\x73\x67\x5f\x6d\x69\x62\0\x69\x70\x5f\x72\
\x61\x5f\x63\x68\x61\x69\x6e\0\x69\x6e\x65\x74\x5f\x66\x72\x61\x67\x73\0\x74\
\x63\x70\x5f\x63\x6f\x6e\x67\x65\x73\x74\x69\x6f\x6e\x5f\x6f\x70\x73\0\x74\x63\
\x70\x5f\x66\x61\x73\x74\x6f\x70\x65\x6e\x5f\x63\x6f\x6e\x74\x65\x78\x74\0\x6d\
\x72\x5f\x74\x61\x62\x6c\x65\0\x72\x74\x36\x5f\x73\x74\x61\x74\x69\x73\x74\x69\
\x63\x73\0\x73\x65\x67\x36\x5f\x70\x65\x72\x6e\x65\x74\x5f\x64\x61\x74\x61\0\
\x69\x6f\x61\x6d\x36\x5f\x70\x65\x72\x6e\x65\x74\x5f\x64\x61\x74\x61\0\x63\x74\
\x5f\x70\x63\x70\x75\0\x69\x70\x5f\x63\x6f\x6e\x6e\x74\x72\x61\x63\x6b\x5f\x73\
\x74\x61\x74\0\x6e\x66\x5f\x63\x74\x5f\x65\x76\x65\x6e\x74\x5f\x6e\x6f\x74\x69\
\x66\x69\x65\x72\0\x6e\x65\x74\x5f\x67\x65\x6e\x65\x72\x69\x63\0\x73\x75\x70\
\x65\x72\x5f\x6f\x70\x65\x72\x61\x74\x69\x6f\x6e\x73\0\x64\x71\x75\x6f\x74\x5f\
\x6f\x70\x65\x72\x61\x74\x69\x6f\x6e\x73\0\x71\x75\x6f\x74\x61\x63\x74\x6c\x5f\
\x6f\x70\x73\0\x65\x78\x70\x6f\x72\x74\x5f\x6f\x70\x65\x72\x61\x74\x69\x6f\x6e\
\x73\0\x78\x61\x74\x74\x72\x5f\x68\x61\x6e\x64\x6c\x65\x72\0\x66\x73\x63\x72\
\x79\x70\x74\x5f\x6f\x70\x65\x72\x61\x74\x69\x6f\x6e\x73\0\x72\x65\x71\x75\x65\
\x73\x74\x5f\x71\x75\x65\x75\x65\0\x66\x73\x63\x72\x79\x70\x74\x5f\x6b\x65\x79\
\x72\x69\x6e\x67\0\x66\x73\x76\x65\x72\x69\x74\x79\x5f\x6f\x70\x65\x72\x61\x74\
\x69\x6f\x6e\x73\0\x75\x6e\x69\x63\x6f\x64\x65\x5f\x6d\x61\x70\0\x71\x75\x6f\
\x74\x61\x5f\x66\x6f\x72\x6d\x61\x74\x5f\x74\x79\x70\x65\0\x6c\x69\x73\x74\x5f\
\x6c\x72\x75\x5f\x6e\x6f\x64\x65\0\x70\x61\x67\x65\x5f\x70\x6f\x6f\x6c\0\x64\
\x65\x76\x5f\x70\x61\x67\x65\x6d\x61\x70\0\x66\x73\x5f\x73\x74\x72\x75\x63\x74\
\0\x66\x69\x65\x6d\x61\x70\x5f\x65\x78\x74\x65\x6e\x74\0\x66\x69\x6c\x65\x5f\
\x6c\x6f\x63\x6b\x5f\x63\x6f\x6e\x74\x65\x78\x74\0\x66\x73\x63\x72\x79\x70\x74\
\x5f\x69\x6e\x66\x6f\0\x72\x63\x75\x5f\x6e\x6f\x64\x65\0\x73\x65\x63\x63\x6f\
\x6d\x70\x5f\x66\x69\x6c\x74\x65\x72\0\x5f\x5f\x6b\x65\x72\x6e\x65\x6c\x5f\x74\
\x69\x6d\x65\x73\x70\x65\x63\0\x6f\x6c\x64\x5f\x74\x69\x6d\x65\x73\x70\x65\x63\
\x33\x32\0\x70\x6f\x6c\x6c\x66\x64\0\x73\x69\x67\x6e\x61\x6c\x5f\x73\x74\x72\
\x75\x63\x74\0\x73\x69\x67\x68\x61\x6e\x64\x5f\x73\x74\x72\x75\x63\x74\0\x72\
\x74\x5f\x6d\x75\x74\x65\x78\x5f\x77\x61\x69\x74\x65\x72\0\x62\x6c\x6b\x5f\x70\
\x6c\x75\x67\0\x72\x6f\x62\x75\x73\x74\x5f\x6c\x69\x73\x74\x5f\x68\x65\x61\x64\
\0\x63\x6f\x6d\x70\x61\x74\x5f\x72\x6f\x62\x75\x73\x74\x5f\x6c\x69\x73\x74\x5f\
\x68\x65\x61\x64\0\x66\x75\x74\x65\x78\x5f\x70\x69\x5f\x73\x74\x61\x74\x65\0\
\x66\x74\x72\x61\x63\x65\x5f\x72\x65\x74\x5f\x73\x74\x61\x63\x6b\0\x75\x70\x72\
\x6f\x62\x65\x5f\x74\x61\x73\x6b\0\x76\x6d\x5f\x73\x74\x72\x75\x63\x74\0\x62\
\x70\x66\x5f\x72\x75\x6e\x5f\x63\x74\x78\0\x6d\x61\x74\x68\x5f\x65\x6d\x75\x5f\
\x69\x6e\x66\x6f\0\x9f\xeb\x01\0\x20\0\0\0\0\0\0\0\x24\0\0\0\x24\0\0\0\x44\x13\
\0\0\x68\x13\0\0\x74\x04\0\0\x08\0\0\0\x5e\0\0\0\x01\0\0\0\0\0\0\0\x0c\0\0\0\
\x1c\xc6\0\0\x01\0\0\0\0\0\0\0\xdd\x06\0\0\x10\0\0\0\x5e\0\0\0\xc2\0\0\0\0\0\0\
\0\x4c\x49\0\0\x0f\x4a\0\0\0\xfc\x01\0\x08\0\0\0\x4c\x49\0\0\x0f\x4a\0\0\x05\
\xfc\x01\0\x30\0\0\0\x4c\x49\0\0\0\0\0\0\0\0\0\0\x38\0\0\0\x4c\x49\0\0\x37\x4a\
\0\0\x0b\x68\0\0\x48\0\0\0\x4c\x49\0\0\x37\x4a\0\0\x0b\x68\0\0\x50\0\0\0\x4c\
\x49\0\0\x37\x4a\0\0\x23\x68\0\0\x58\0\0\0\x4c\x49\0\0\x68\x4a\0\0\x07\x0c\x02\
\0\x68\0\0\0\x4c\x49\0\0\x85\x4a\0\0\x1c\x20\x02\0\x90\0\0\0\x4c\x49\0\0\xce\
\x4a\0\0\x07\x24\x02\0\xa8\0\0\0\x4c\x49\0\0\0\0\0\0\0\0\0\0\xb0\0\0\0\x4c\x49\
\0\0\xe5\x4a\0\0\x22\x34\x02\0\xc0\0\0\0\x4c\x49\0\0\x1c\x4b\0\0\x0f\x30\x02\0\
\xf0\0\0\0\x4c\x49\0\0\0\0\0\0\0\0\0\0\xf8\0\0\0\x4c\x49\0\0\x40\x4b\0\0\x1e\
\x6c\x01\0\x28\x01\0\0\x4c\x49\0\0\0\0\0\0\0\0\0\0\x30\x01\0\0\x4c\x49\0\0\x40\
\x4b\0\0\x1e\x6c\x01\0\x48\x01\0\0\x4c\x49\0\0\x40\x4b\0\0\x1e\x6c\x01\0\x58\
\x01\0\0\x4c\x49\0\0\x90\x4b\0\0\x15\x34\x01\0\x80\x01\0\0\x4c\x49\0\0\x90\x4b\
\0\0\x03\x34\x01\0\xa8\x01\0\0\x4c\x49\0\0\0\0\0\0\0\0\0\0\xb0\x01\0\0\x4c\x49\
\0\0\xb1\x4b\0\0\x22\x38\x01\0\xe0\x01\0\0\x4c\x49\0\0\0\0\0\0\0\0\0\0\xe8\x01\
\0\0\x4c\x49\0\0\xb1\x4b\0\0\x22\x38\x01\0\xf8\x01\0\0\x4c\x49\0\0\xb1\x4b\0\0\
\x22\x38\x01\0\0\x02\0\0\x4c\x49\0\0\x01\x4c\0\0\x13\x3c\x01\0\x28\x02\0\0\x4c\
\x49\0\0\0\0\0\0\0\0\0\0\x30\x02\0\0\x4c\x49\0\0\x01\x4c\0\0\x17\x3c\x01\0\x50\
\x02\0\0\x4c\x49\0\0\x01\x4c\0\0\x17\x3c\x01\0\x60\x02\0\0\x4c\x49\0\0\0\0\0\0\
\0\0\0\0\x68\x02\0\0\x4c\x49\0\0\x41\x4c\0\0\x17\x40\x01\0\x78\x02\0\0\x4c\x49\
\0\0\x41\x4c\0\0\x17\x40\x01\0\x80\x02\0\0\x4c\x49\0\0\x01\x4c\0\0\x09\x3c\x01\
\0\xa8\x02\0\0\x4c\x49\0\0\0\0\0\0\0\0\0\0\xb0\x02\0\0\x4c\x49\0\0\x84\x4c\0\0\
\x15\x70\x01\0\xc0\x02\0\0\x4c\x49\0\0\x84\x4c\0\0\x15\x70\x01\0\xd0\x02\0\0\
\x4c\x49\0\0\x84\x4c\0\0\x13\x70\x01\0\xf0\x02\0\0\x4c\x49\0\0\0\0\0\0\0\0\0\0\
\xf8\x02\0\0\x4c\x49\0\0\xbb\x4c\0\0\x22\x74\x01\0\x10\x03\0\0\x4c\x49\0\0\xbb\
\x4c\0\0\x22\x74\x01\0\x18\x03\0\0\x4c\x49\0\0\xbb\x4c\0\0\x20\x74\x01\0\x48\
\x03\0\0\x4c\x49\0\0\0\0\0\0\0\0\0\0\x50\x03\0\0\x4c\x49\0\0\x03\x4d\0\0\x1b\
\x78\x01\0\x78\x03\0\0\x4c\x49\0\0\0\0\0\0\0\0\0\0\x80\x03\0\0\x4c\x49\0\0\x03\
\x4d\0\0\x1b\x78\x01\0\x90\x03\0\0\x4c\x49\0\0\x03\x4d\0\0\x1b\x78\x01\0\x98\
\x03\0\0\x4c\x49\0\0\x03\x4d\0\0\x19\x78\x01\0\xc8\x03\0\0\x4c\x49\0\0\0\0\0\0\
\0\0\0\0\xd0\x03\0\0\x4c\x49\0\0\x4d\x4d\0\0\x14\x7c\x01\0\xe0\x03\0\0\x4c\x49\
\0\0\x4d\x4d\0\0\x14\x7c\x01\0\xe8\x03\0\0\x4c\x49\0\0\x4d\x4d\0\0\x12\x7c\x01\
\0\x10\x04\0\0\x4c\x49\0\0\0\0\0\0\0\0\0\0\x18\x04\0\0\x4c\x49\0\0\x7e\x4d\0\0\
\x14\x84\x01\0\x50\x04\0\0\x4c\x49\0\0\0\0\0\0\0\0\0\0\x58\x04\0\0\x4c\x49\0\0\
\x7e\x4d\0\0\x14\x84\x01\0\x68\x04\0\0\x4c\x49\0\0\x7e\x4d\0\0\x14\x84\x01\0\
\x70\x04\0\0\x4c\x49\0\0\x7e\x4d\0\0\x12\x84\x01\0\x80\x04\0\0\x4c\x49\0\0\0\0\
\0\0\0\0\0\0\x88\x04\0\0\x4c\x49\0\0\xbd\x4d\0\0\x14\x88\x01\0\xc0\x04\0\0\x4c\
\x49\0\0\0\0\0\0\0\0\0\0\xc8\x04\0\0\x4c\x49\0\0\xbd\x4d\0\0\x14\x88\x01\0\xd8\
\x04\0\0\x4c\x49\0\0\xbd\x4d\0\0\x14\x88\x01\0\xe0\x04\0\0\x4c\x49\0\0\xbd\x4d\
\0\0\x12\x88\x01\0\0\x05\0\0\x4c\x49\0\0\0\0\0\0\0\0\0\0\x08\x05\0\0\x4c\x49\0\
\0\x01\x4e\0\0\x2a\x94\x01\0\x40\x05\0\0\x4c\x49\0\0\0\0\0\0\0\0\0\0\x48\x05\0\
\0\x4c\x49\0\0\x01\x4e\0\0\x2a\x94\x01\0\x58\x05\0\0\x4c\x49\0\0\x01\x4e\0\0\
\x2a\x94\x01\0\x68\x05\0\0\x4c\x49\0\0\0\0\0\0\0\0\0\0\x70\x05\0\0\x4c\x49\0\0\
\x52\x4e\0\0\x28\x98\x01\0\xa8\x05\0\0\x4c\x49\0\0\0\0\0\0\0\0\0\0\xb0\x05\0\0\
\x4c\x49\0\0\x52\x4e\0\0\x28\x98\x01\0\xc0\x05\0\0\x4c\x49\0\0\x52\x4e\0\0\x28\
\x98\x01\0\xc8\x05\0\0\x4c\x49\0\0\x9f\x4e\0\0\x10\x9c\x01\0\xd8\x05\0\0\x4c\
\x49\0\0\x9f\x4e\0\0\x07\x9c\x01\0\xe8\x05\0\0\x4c\x49\0\0\0\0\0\0\0\0\0\0\xf0\
\x05\0\0\x4c\x49\0\0\xdf\x4e\0\0\x22\xb0\x01\0\0\x06\0\0\x4c\x49\0\0\xdf\x4e\0\
\0\x03\xb0\x01\0\x10\x06\0\0\x4c\x49\0\0\x29\x4f\0\0\x12\xb8\x01\0\x18\x06\0\0\
\x4c\x49\0\0\x29\x4f\0\0\x07\xb8\x01\0\x28\x06\0\0\x4c\x49\0\0\x6f\x4f\0\0\x3c\
\xbc\x01\0\x50\x06\0\0\x4c\x49\0\0\0\0\0\0\0\0\0\0\x58\x06\0\0\x4c\x49\0\0\xb8\
\x4f\0\0\x15\x7c\0\0\xc8\x06\0\0\x4c\x49\0\0\0\0\0\0\0\0\0\0\xd0\x06\0\0\x4c\
\x49\0\0\xb8\x4f\0\0\x15\x7c\0\0\xe0\x06\0\0\x4c\x49\0\0\xb8\x4f\0\0\x15\x7c\0\
\0\xe8\x06\0\0\x4c\x49\0\0\xb8\x4f\0\0\x13\x7c\0\0\xf8\x06\0\0\x4c\x49\0\0\0\0\
\0\0\0\0\0\0\0\x07\0\0\x4c\x49\0\0\xb5\x50\0\0\x15\x80\0\0\x70\x07\0\0\x4c\x49\
\0\0\0\0\0\0\0\0\0\0\x78\x07\0\0\x4c\x49\0\0\xb5\x50\0\0\x15\x80\0\0\x88\x07\0\
\0\x4c\x49\0\0\xb5\x50\0\0\x15\x80\0\0\x90\x07\0\0\x4c\x49\0\0\xb5\x50\0\0\x13\
\x80\0\0\xa0\x07\0\0\x4c\x49\0\0\0\0\0\0\0\0\0\0\xa8\x07\0\0\x4c\x49\0\0\x2f\
\x51\0\0\x18\x84\0\0\x18\x08\0\0\x4c\x49\0\0\0\0\0\0\0\0\0\0\x20\x08\0\0\x4c\
\x49\0\0\x2f\x51\0\0\x18\x84\0\0\x30\x08\0\0\x4c\x49\0\0\x2f\x51\0\0\x18\x84\0\
\0\x38\x08\0\0\x4c\x49\0\0\x2f\x51\0\0\x16\x84\0\0\x48\x08\0\0\x4c\x49\0\0\0\0\
\0\0\0\0\0\0\x50\x08\0\0\x4c\x49\0\0\x59\x60\0\0\x15\x88\0\0\xc0\x08\0\0\x4c\
\x49\0\0\0\0\0\0\0\0\0\0\xc8\x08\0\0\x4c\x49\0\0\x59\x60\0\0\x15\x88\0\0\xd8\
\x08\0\0\x4c\x49\0\0\x59\x60\0\0\x15\x88\0\0\xe0\x08\0\0\x4c\x49\0\0\x59\x60\0\
\0\x13\x88\0\0\xf0\x08\0\0\x4c\x49\0\0\0\0\0\0\0\0\0\0\xf8\x08\0\0\x4c\x49\0\0\
\x41\x73\0\0\x15\x8c\0\0\x68\x09\0\0\x4c\x49\0\0\0\0\0\0\0\0\0\0\x70\x09\0\0\
\x4c\x49\0\0\x41\x73\0\0\x15\x8c\0\0\x80\x09\0\0\x4c\x49\0\0\x41\x73\0\0\x15\
\x8c\0\0\x88\x09\0\0\x4c\x49\0\0\x41\x73\0\0\x13\x8c\0\0\x98\x09\0\0\x4c\x49\0\
\0\0\0\0\0\0\0\0\0\xa0\x09\0\0\x4c\x49\0\0\xef\xbf\0\0\x16\x90\0\0\x40\x0a\0\0\
\x4c\x49\0\0\0\0\0\0\0\0\0\0\x48\x0a\0\0\x4c\x49\0\0\xef\xbf\0\0\x16\x90\0\0\
\x58\x0a\0\0\x4c\x49\0\0\xef\xbf\0\0\x16\x90\0\0\x60\x0a\0\0\x4c\x49\0\0\xef\
\xbf\0\0\x14\x90\0\0\x70\x0a\0\0\x4c\x49\0\0\0\0\0\0\0\0\0\0\x78\x0a\0\0\x4c\
\x49\0\0\x81\xc0\0\0\x15\x94\0\0\xe0\x0a\0\0\x4c\x49\0\0\0\0\0\0\0\0\0\0\xe8\
\x0a\0\0\x4c\x49\0\0\x81\xc0\0\0\x15\x94\0\0\xf8\x0a\0\0\x4c\x49\0\0\x81\xc0\0\
\0\x15\x94\0\0\0\x0b\0\0\x4c\x49\0\0\x81\xc0\0\0\x13\x94\0\0\x28\x0b\0\0\x4c\
\x49\0\0\0\0\0\0\0\0\0\0\x30\x0b\0\0\x4c\x49\0\0\xb2\xc1\0\0\x17\xb4\0\0\xa0\
\x0b\0\0\x4c\x49\0\0\0\0\0\0\0\0\0\0\xa8\x0b\0\0\x4c\x49\0\0\xb2\xc1\0\0\x17\
\xb4\0\0\xb8\x0b\0\0\x4c\x49\0\0\xb2\xc1\0\0\x17\xb4\0\0\xc0\x0b\0\0\x4c\x49\0\
\0\xb2\xc1\0\0\x15\xb4\0\0\xd0\x0b\0\0\x4c\x49\0\0\0\0\0\0\0\0\0\0\xd8\x0b\0\0\
\x4c\x49\0\0\xf3\xc1\0\0\x15\xb8\0\0\x40\x0c\0\0\x4c\x49\0\0\0\0\0\0\0\0\0\0\
\x48\x0c\0\0\x4c\x49\0\0\xf3\xc1\0\0\x15\xb8\0\0\x58\x0c\0\0\x4c\x49\0\0\xf3\
\xc1\0\0\x15\xb8\0\0\x60\x0c\0\0\x4c\x49\0\0\xf3\xc1\0\0\x13\xb8\0\0\x70\x0c\0\
\0\x4c\x49\0\0\0\0\0\0\0\0\0\0\x78\x0c\0\0\x4c\x49\0\0\x3c\xc2\0\0\x15\xbc\0\0\
\xe0\x0c\0\0\x4c\x49\0\0\0\0\0\0\0\0\0\0\xe8\x0c\0\0\x4c\x49\0\0\x3c\xc2\0\0\
\x15\xbc\0\0\xf8\x0c\0\0\x4c\x49\0\0\x3c\xc2\0\0\x15\xbc\0\0\0\x0d\0\0\x4c\x49\
\0\0\x3c\xc2\0\0\x13\xbc\0\0\x10\x0d\0\0\x4c\x49\0\0\0\0\0\0\0\0\0\0\x18\x0d\0\
\0\x4c\x49\0\0\x85\xc2\0\0\x16\xc0\0\0\x80\x0d\0\0\x4c\x49\0\0\0\0\0\0\0\0\0\0\
\x88\x0d\0\0\x4c\x49\0\0\x85\xc2\0\0\x16\xc0\0\0\x98\x0d\0\0\x4c\x49\0\0\x85\
\xc2\0\0\x16\xc0\0\0\xa0\x0d\0\0\x4c\x49\0\0\x85\xc2\0\0\x14\xc0\0\0\xb0\x0d\0\
\0\x4c\x49\0\0\0\0\0\0\0\0\0\0\xb8\x0d\0\0\x4c\x49\0\0\xca\xc2\0\0\x1e\xc4\0\0\
\x20\x0e\0\0\x4c\x49\0\0\0\0\0\0\0\0\0\0\x28\x0e\0\0\x4c\x49\0\0\xca\xc2\0\0\
\x1e\xc4\0\0\x38\x0e\0\0\x4c\x49\0\0\xca\xc2\0\0\x1e\xc4\0\0\x40\x0e\0\0\x4c\
\x49\0\0\xca\xc2\0\0\x1c\xc4\0\0\x50\x0e\0\0\x4c\x49\0\0\0\0\0\0\0\0\0\0\x58\
\x0e\0\0\x4c\x49\0\0\x22\xc3\0\0\x07\xcc\0\0\xc0\x0e\0\0\x4c\x49\0\0\0\0\0\0\0\
\0\0\0\xc8\x0e\0\0\x4c\x49\0\0\x22\xc3\0\0\x07\xcc\0\0\xd8\x0e\0\0\x4c\x49\0\0\
\x22\xc3\0\0\x07\xcc\0\0\xe0\x0e\0\0\x4c\x49\0\0\x64\xc3\0\0\x1d\xc8\0\0\xf0\
\x0e\0\0\x4c\x49\0\0\0\0\0\0\0\0\0\0\xf8\x0e\0\0\x4c\x49\0\0\x82\xc3\0\0\x1e\
\xd0\0\0\x60\x0f\0\0\x4c\x49\0\0\0\0\0\0\0\0\0\0\x68\x0f\0\0\x4c\x49\0\0\x82\
\xc3\0\0\x1e\xd0\0\0\x78\x0f\0\0\x4c\x49\0\0\x82\xc3\0\0\x1e\xd0\0\0\x80\x0f\0\
\0\x4c\x49\0\0\x82\xc3\0\0\x1c\xd0\0\0\x90\x0f\0\0\x4c\x49\0\0\0\0\0\0\0\0\0\0\
\x98\x0f\0\0\x4c\x49\0\0\xda\xc3\0\0\x07\xd8\0\0\0\x10\0\0\x4c\x49\0\0\0\0\0\0\
\0\0\0\0\x08\x10\0\0\x4c\x49\0\0\xda\xc3\0\0\x07\xd8\0\0\x18\x10\0\0\x4c\x49\0\
\0\xda\xc3\0\0\x07\xd8\0\0\x20\x10\0\0\x4c\x49\0\0\x1c\xc4\0\0\x1d\xd4\0\0\x30\
\x10\0\0\x4c\x49\0\0\0\0\0\0\0\0\0\0\x38\x10\0\0\x4c\x49\0\0\x3a\xc4\0\0\x0f\
\xe0\0\0\xd0\x10\0\0\x4c\x49\0\0\0\0\0\0\0\0\0\0\xd8\x10\0\0\x4c\x49\0\0\x3a\
\xc4\0\0\x0f\xe0\0\0\xf8\x10\0\0\x4c\x49\0\0\x3a\xc4\0\0\x0f\xe0\0\0\0\x11\0\0\
\x4c\x49\0\0\x79\xc4\0\0\x38\xf0\0\0\x18\x11\0\0\x4c\x49\0\0\x79\xc4\0\0\x0e\
\xf0\0\0\x28\x11\0\0\x4c\x49\0\0\x79\xc4\0\0\x1f\xf0\0\0\x38\x11\0\0\x4c\x49\0\
\0\x79\xc4\0\0\x16\xf0\0\0\x40\x11\0\0\x4c\x49\0\0\x79\xc4\0\0\x25\xf0\0\0\x48\
\x11\0\0\x4c\x49\0\0\xb8\xc4\0\0\x1f\xec\0\0\x70\x11\0\0\x4c\x49\0\0\0\0\0\0\0\
\0\0\0\x78\x11\0\0\x4c\x49\0\0\xdd\xc4\0\0\x1e\0\x01\0\x88\x11\0\0\x4c\x49\0\0\
\xdd\xc4\0\0\x1e\0\x01\0\x98\x11\0\0\x4c\x49\0\0\x17\xc5\0\0\x17\x4c\x02\0\xa0\
\x11\0\0\x4c\x49\0\0\x49\xc5\0\0\x03\x04\x01\0\xd0\x11\0\0\x4c\x49\0\0\0\0\0\0\
\0\0\0\0\xd8\x11\0\0\x4c\x49\0\0\x92\xc5\0\0\x18\x14\x01\0\x70\x12\0\0\x4c\x49\
\0\0\0\0\0\0\0\0\0\0\x78\x12\0\0\x4c\x49\0\0\x92\xc5\0\0\x18\x14\x01\0\x88\x12\
\0\0\x4c\x49\0\0\x92\xc5\0\0\x18\x14\x01\0\x90\x12\0\0\x4c\x49\0\0\x92\xc5\0\0\
\x16\x14\x01\0\x98\x12\0\0\x4c\x49\0\0\xe2\xc5\0\0\x03\x58\x02\0\xb0\x12\0\0\
\x4c\x49\0\0\x0f\x4a\0\0\x05\xfc\x01\0\x1c\xc6\0\0\x71\0\0\0\0\0\0\0\x4c\x49\0\
\0\x3e\xc6\0\0\0\x7c\x02\0\x08\0\0\0\x4c\x49\0\0\x3e\xc6\0\0\x05\x7c\x02\0\x28\
\0\0\0\x4c\x49\0\0\0\0\0\0\0\0\0\0\x30\0\0\0\x4c\x49\0\0\x37\x4a\0\0\x0b\x68\0\
\0\x40\0\0\0\x4c\x49\0\0\x37\x4a\0\0\x0b\x68\0\0\x48\0\0\0\x4c\x49\0\0\x37\x4a\
\0\0\x23\x68\0\0\x50\0\0\0\x4c\x49\0\0\x68\x4a\0\0\x07\x80\x02\0\x78\0\0\0\x4c\
\x49\0\0\0\0\0\0\0\0\0\0\x80\0\0\0\x4c\x49\0\0\x8a\xc6\0\0\x08\x8c\x02\0\xa8\0\
\0\0\x4c\x49\0\0\x8a\xc6\0\0\x08\x8c\x02\0\xb8\0\0\0\x4c\x49\0\0\0\0\0\0\0\0\0\
\0\xc0\0\0\0\x4c\x49\0\0\x8a\xc6\0\0\x27\x8c\x02\0\xd0\0\0\0\x4c\x49\0\0\x8a\
\xc6\0\0\x27\x8c\x02\0\xd8\0\0\0\x4c\x49\0\0\x8a\xc6\0\0\x45\x8c\x02\0\xf8\0\0\
\0\x4c\x49\0\0\x90\x4b\0\0\x15\x34\x01\0\x20\x01\0\0\x4c\x49\0\0\x90\x4b\0\0\
\x03\x34\x01\0\x48\x01\0\0\x4c\x49\0\0\0\0\0\0\0\0\0\0\x50\x01\0\0\x4c\x49\0\0\
\xb1\x4b\0\0\x22\x38\x01\0\x80\x01\0\0\x4c\x49\0\0\0\0\0\0\0\0\0\0\x88\x01\0\0\
\x4c\x49\0\0\xb1\x4b\0\0\x22\x38\x01\0\x98\x01\0\0\x4c\x49\0\0\xb1\x4b\0\0\x22\
\x38\x01\0\xa0\x01\0\0\x4c\x49\0\0\x01\x4c\0\0\x13\x3c\x01\0\xc8\x01\0\0\x4c\
\x49\0\0\0\0\0\0\0\0\0\0\xd0\x01\0\0\x4c\x49\0\0\x01\x4c\0\0\x17\x3c\x01\0\xf0\
\x01\0\0\x4c\x49\0\0\x01\x4c\0\0\x17\x3c\x01\0\0\x02\0\0\x4c\x49\0\0\0\0\0\0\0\
\0\0\0\x08\x02\0\0\x4c\x49\0\0\x41\x4c\0\0\x17\x40\x01\0\x18\x02\0\0\x4c\x49\0\
\0\x41\x4c\0\0\x17\x40\x01\0\x20\x02\0\0\x4c\x49\0\0\x01\x4c\0\0\x09\x3c\x01\0\
\x30\x02\0\0\x4c\x49\0\0\x8a\xc6\0\0\x07\x8c\x02\0\x40\x02\0\0\x4c\x49\0\0\x85\
\x4a\0\0\x1c\xac\x02\0\x68\x02\0\0\x4c\x49\0\0\xce\x4a\0\0\x07\xb0\x02\0\x88\
\x02\0\0\x4c\x49\0\0\xd1\xc6\0\0\x22\xc0\x02\0\x98\x02\0\0\x4c\x49\0\0\x1c\x4b\
\0\0\x0f\xbc\x02\0\xc0\x02\0\0\x4c\x49\0\0\xd1\xc6\0\0\x22\xc0\x02\0\xc8\x02\0\
\0\x4c\x49\0\0\x40\x4b\0\0\x1e\x6c\x01\0\xf8\x02\0\0\x4c\x49\0\0\xd1\xc6\0\0\
\x22\xc0\x02\0\0\x03\0\0\x4c\x49\0\0\x40\x4b\0\0\x1e\x6c\x01\0\x18\x03\0\0\x4c\
\x49\0\0\x40\x4b\0\0\x1e\x6c\x01\0\x28\x03\0\0\x4c\x49\0\0\x90\x4b\0\0\x15\x34\
\x01\0\x50\x03\0\0\x4c\x49\0\0\x90\x4b\0\0\x03\x34\x01\0\x78\x03\0\0\x4c\x49\0\
\0\0\0\0\0\0\0\0\0\x80\x03\0\0\x4c\x49\0\0\xb1\x4b\0\0\x22\x38\x01\0\xb0\x03\0\
\0\x4c\x49\0\0\0\0\0\0\0\0\0\0\xb8\x03\0\0\x4c\x49\0\0\xb1\x4b\0\0\x22\x38\x01\
\0\xc8\x03\0\0\x4c\x49\0\0\xb1\x4b\0\0\x22\x38\x01\0\xd0\x03\0\0\x4c\x49\0\0\
\x01\x4c\0\0\x13\x3c\x01\0\xf8\x03\0\0\x4c\x49\0\0\0\0\0\0\0\0\0\0\0\x04\0\0\
\x4c\x49\0\0\x01\x4c\0\0\x17\x3c\x01\0\x20\x04\0\0\x4c\x49\0\0\x01\x4c\0\0\x17\
\x3c\x01\0\x30\x04\0\0\x4c\x49\0\0\0\0\0\0\0\0\0\0\x38\x04\0\0\x4c\x49\0\0\x41\
\x4c\0\0\x17\x40\x01\0\x48\x04\0\0\x4c\x49\0\0\x41\x4c\0\0\x17\x40\x01\0\x50\
\x04\0\0\x4c\x49\0\0\x01\x4c\0\0\x09\x3c\x01\0\x78\x04\0\0\x4c\x49\0\0\0\0\0\0\
\0\0\0\0\x80\x04\0\0\x4c\x49\0\0\x84\x4c\0\0\x15\x70\x01\0\x90\x04\0\0\x4c\x49\
\0\0\x84\x4c\0\0\x15\x70\x01\0\xa0\x04\0\0\x4c\x49\0\0\x84\x4c\0\0\x13\x70\x01\
\0\xc0\x04\0\0\x4c\x49\0\0\0\0\0\0\0\0\0\0\xc8\x04\0\0\x4c\x49\0\0\xbb\x4c\0\0\
\x22\x74\x01\0\xe0\x04\0\0\x4c\x49\0\0\xbb\x4c\0\0\x22\x74\x01\0\xe8\x04\0\0\
\x4c\x49\0\0\xbb\x4c\0\0\x20\x74\x01\0\x18\x05\0\0\x4c\x49\0\0\0\0\0\0\0\0\0\0\
\x20\x05\0\0\x4c\x49\0\0\x03\x4d\0\0\x1b\x78\x01\0\x48\x05\0\0\x4c\x49\0\0\0\0\
\0\0\0\0\0\0\x50\x05\0\0\x4c\x49\0\0\x03\x4d\0\0\x1b\x78\x01\0\x60\x05\0\0\x4c\
\x49\0\0\x03\x4d\0\0\x1b\x78\x01\0\x68\x05\0\0\x4c\x49\0\0\x03\x4d\0\0\x19\x78\
\x01\0\x88\x05\0\0\x4c\x49\0\0\0\0\0\0\0\0\0\0\x90\x05\0\0\x4c\x49\0\0\x4d\x4d\
\0\0\x14\x7c\x01\0\xa0\x05\0\0\x4c\x49\0\0\x4d\x4d\0\0\x14\x7c\x01\0\xa8\x05\0\
\0\x4c\x49\0\0\x4d\x4d\0\0\x12\x7c\x01\0\xd0\x05\0\0\x4c\x49\0\0\0\0\0\0\0\0\0\
\0\xd8\x05\0\0\x4c\x49\0\0\x7e\x4d\0\0\x14\x84\x01\0\x10\x06\0\0\x4c\x49\0\0\0\
\0\0\0\0\0\0\0\x18\x06\0\0\x4c\x49\0\0\x7e\x4d\0\0\x14\x84\x01\0\x28\x06\0\0\
\x4c\x49\0\0\x7e\x4d\0\0\x14\x84\x01\0\x30\x06\0\0\x4c\x49\0\0\x7e\x4d\0\0\x12\
\x84\x01\0\x40\x06\0\0\x4c\x49\0\0\0\0\0\0\0\0\0\0\x48\x06\0\0\x4c\x49\0\0\xbd\
\x4d\0\0\x14\x88\x01\0\x80\x06\0\0\x4c\x49\0\0\0\0\0\0\0\0\0\0\x88\x06\0\0\x4c\
\x49\0\0\xbd\x4d\0\0\x14\x88\x01\0\x98\x06\0\0\x4c\x49\0\0\xbd\x4d\0\0\x14\x88\
\x01\0\xa0\x06\0\0\x4c\x49\0\0\xbd\x4d\0\0\x12\x88\x01\0\xc8\x06\0\0\x4c\x49\0\
\0\0\0\0\0\0\0\0\0\xd0\x06\0\0\x4c\x49\0\0\x01\x4e\0\0\x2a\x94\x01\0\x08\x07\0\
\0\x4c\x49\0\0\0\0\0\0\0\0\0\0\x10\x07\0\0\x4c\x49\0\0\x01\x4e\0\0\x2a\x94\x01\
\0\x20\x07\0\0\x4c\x49\0\0\x01\x4e\0\0\x2a\x94\x01\0\x30\x07\0\0\x4c\x49\0\0\0\
\0\0\0\0\0\0\0\x38\x07\0\0\x4c\x49\0\0\x52\x4e\0\0\x28\x98\x01\0\x70\x07\0\0\
\x4c\x49\0\0\0\0\0\0\0\0\0\0\x78\x07\0\0\x4c\x49\0\0\x52\x4e\0\0\x28\x98\x01\0\
\x88\x07\0\0\x4c\x49\0\0\x52\x4e\0\0\x28\x98\x01\0\x90\x07\0\0\x4c\x49\0\0\x9f\
\x4e\0\0\x10\x9c\x01\0\xa0\x07\0\0\x4c\x49\0\0\x9f\x4e\0\0\x07\x9c\x01\0\xb0\
\x07\0\0\x4c\x49\0\0\0\0\0\0\0\0\0\0\xc0\x07\0\0\x4c\x49\0\0\xdf\x4e\0\0\x22\
\xb0\x01\0\xc8\x07\0\0\x4c\x49\0\0\xdf\x4e\0\0\x03\xb0\x01\0\xd8\x07\0\0\x4c\
\x49\0\0\x29\x4f\0\0\x12\xb8\x01\0\xe8\x07\0\0\x4c\x49\0\0\x29\x4f\0\0\x07\xb8\
\x01\0\xf8\x07\0\0\x4c\x49\0\0\x6f\x4f\0\0\x3c\xbc\x01\0\x20\x08\0\0\x4c\x49\0\
\0\0\0\0\0\0\0\0\0\x28\x08\0\0\x4c\x49\0\0\x0e\xc7\0\0\x23\xf0\x02\0\x40\x08\0\
\0\x4c\x49\0\0\x0e\xc7\0\0\x23\xf0\x02\0\x48\x08\0\0\x4c\x49\0\0\x57\xc7\0\0\
\x15\xf8\x02\0\x70\x08\0\0\x4c\x49\0\0\0\0\0\0\0\0\0\0\x78\x08\0\0\x4c\x49\0\0\
\x57\xc7\0\0\x28\xf8\x02\0\x90\x08\0\0\x4c\x49\0\0\x57\xc7\0\0\x28\xf8\x02\0\
\x98\x08\0\0\x4c\x49\0\0\x57\xc7\0\0\x25\xf8\x02\0\xa8\x08\0\0\x4c\x49\0\0\xa2\
\xc7\0\0\x0e\xf4\x02\0\xb8\x08\0\0\x4c\x49\0\0\xe2\xc5\0\0\x03\0\x03\0\xd0\x08\
\0\0\x4c\x49\0\0\x3e\xc6\0\0\x05\x7c\x02\0\x10\0\0\0\x5e\0\0\0\x30\0\0\0\0\0\0\
\0\x0d\0\0\0\x48\x49\0\0\0\0\0\0\xc8\0\0\0\x0d\0\0\0\x3b\x4b\0\0\0\0\0\0\x08\
\x01\0\0\x0d\0\0\0\x8b\x4b\0\0\0\0\0\0\x90\x01\0\0\x0d\0\0\0\x3b\x4b\0\0\0\0\0\
\0\xc8\x01\0\0\x0d\0\0\0\x8b\x4b\0\0\0\0\0\0\x10\x02\0\0\x0d\0\0\0\x3b\x4c\0\0\
\0\0\0\0\x88\x02\0\0\x0d\0\0\0\x7f\x4c\0\0\0\0\0\0\xd8\x02\0\0\x0d\0\0\0\xb5\
\x4c\0\0\0\0\0\0\x20\x03\0\0\x0d\0\0\0\x8b\x4b\0\0\0\0\0\0\xa8\x03\0\0\x0d\0\0\
\0\x7f\x4c\0\0\0\0\0\0\xf0\x03\0\0\x0d\0\0\0\x78\x4d\0\0\0\0\0\0\x30\x04\0\0\
\xfb\0\0\0\xb7\x4d\0\0\0\0\0\0\xa0\x04\0\0\xfb\0\0\0\xf6\x4d\0\0\0\0\0\0\xe8\
\x04\0\0\x0d\0\0\0\xfc\x4d\0\0\0\0\0\0\x20\x05\0\0\x7f\0\0\0\x4b\x4e\0\0\0\0\0\
\0\x88\x05\0\0\x7f\0\0\0\x98\x4e\0\0\0\0\0\0\x30\x06\0\0\x0d\0\0\0\xb2\x4f\0\0\
\0\0\0\0\x78\x06\0\0\x41\x03\0\0\x48\x49\0\0\0\0\0\0\xa8\x06\0\0\xff\x02\0\0\
\xae\x50\0\0\0\0\0\0\x20\x07\0\0\x41\x03\0\0\xf5\x50\0\0\0\0\0\0\x50\x07\0\0\
\x4a\x03\0\0\x29\x51\0\0\0\0\0\0\xc8\x07\0\0\x41\x03\0\0\x75\x51\0\0\0\0\0\0\
\xf8\x07\0\0\x4c\x03\0\0\x29\x51\0\0\0\0\0\0\x70\x08\0\0\x41\x03\0\0\x99\x60\0\
\0\0\0\0\0\xa0\x08\0\0\x91\x03\0\0\x3a\x73\0\0\0\0\0\0\x18\x09\0\0\x41\x03\0\0\
\x81\x73\0\0\0\0\0\0\x48\x09\0\0\x52\x04\0\0\xe8\xbf\0\0\0\0\0\0\xc0\x09\0\0\
\x41\x03\0\0\x39\xc0\0\0\0\0\0\0\xf0\x09\0\0\xd5\x06\0\0\x39\xc0\0\0\0\0\0\0\
\x20\x0a\0\0\x66\x01\0\0\x7b\xc0\0\0\0\0\0\0\xc0\x0a\0\0\xd5\x06\0\0\xc1\xc0\0\
\0\0\0\0\0\x08\x0b\0\0\xd8\x06\0\0\xad\xc1\0\0\0\0\0\0\x50\x0b\0\0\x85\0\0\0\
\x99\x60\0\0\0\0\0\0\x80\x0b\0\0\xe9\x01\0\0\xad\xc1\0\0\0\0\0\0\x20\x0c\0\0\
\xe9\x01\0\0\x36\xc2\0\0\0\0\0\0\xc0\x0c\0\0\xe9\x01\0\0\x7f\xc2\0\0\0\0\0\0\
\x60\x0d\0\0\xe9\x01\0\0\xc6\xc2\0\0\0\0\0\0\0\x0e\0\0\xe9\x01\0\0\x1b\xc3\0\0\
\0\0\0\0\xa0\x0e\0\0\xe9\x01\0\0\x5d\xc3\0\0\0\0\0\0\x40\x0f\0\0\xe9\x01\0\0\
\xd3\xc3\0\0\0\0\0\0\xe0\x0f\0\0\xe9\x01\0\0\x15\xc4\0\0\0\0\0\0\x80\x10\0\0\
\xe9\x01\0\0\x75\x51\0\0\0\0\0\0\xb0\x10\0\0\xb6\x03\0\0\x39\xc0\0\0\0\0\0\0\
\x50\x11\0\0\xd8\x06\0\0\xd8\xc4\0\0\0\0\0\0\xb0\x11\0\0\x0d\0\0\0\x3b\x4b\0\0\
\0\0\0\0\xf8\x11\0\0\x0d\0\0\0\xb2\x4f\0\0\0\0\0\0\x28\x12\0\0\x41\x03\0\0\xf5\
\x50\0\0\0\0\0\0\x58\x12\0\0\x4a\x03\0\0\x29\x51\0\0\0\0\0\0\x1c\xc6\0\0\x16\0\
\0\0\0\0\0\0\x0d\0\0\0\x48\x49\0\0\0\0\0\0\x58\0\0\0\x0d\0\0\0\x85\xc6\0\0\0\0\
\0\0\x90\0\0\0\x0d\0\0\0\x7f\x4c\0\0\0\0\0\0\x30\x01\0\0\x0d\0\0\0\x3b\x4b\0\0\
\0\0\0\0\x68\x01\0\0\x0d\0\0\0\x8b\x4b\0\0\0\0\0\0\xb0\x01\0\0\x0d\0\0\0\x3b\
\x4c\0\0\0\0\0\0\xa0\x02\0\0\x0d\0\0\0\x3b\x4b\0\0\0\0\0\0\xd8\x02\0\0\x0d\0\0\
\0\x8b\x4b\0\0\0\0\0\0\x60\x03\0\0\x0d\0\0\0\x3b\x4b\0\0\0\0\0\0\x98\x03\0\0\
\x0d\0\0\0\x8b\x4b\0\0\0\0\0\0\xe0\x03\0\0\x0d\0\0\0\x3b\x4c\0\0\0\0\0\0\x58\
\x04\0\0\x0d\0\0\0\x7f\x4c\0\0\0\0\0\0\xa8\x04\0\0\x0d\0\0\0\xb5\x4c\0\0\0\0\0\
\0\xf0\x04\0\0\x0d\0\0\0\x8b\x4b\0\0\0\0\0\0\xb0\x05\0\0\x0d\0\0\0\x78\x4d\0\0\
\0\0\0\0\xf0\x05\0\0\xfb\0\0\0\xb7\x4d\0\0\0\0\0\0\x60\x06\0\0\xfb\0\0\0\xf6\
\x4d\0\0\0\0\0\0\xa8\x06\0\0\x0d\0\0\0\xfc\x4d\0\0\0\0\0\0\xe8\x06\0\0\x7f\0\0\
\0\x4b\x4e\0\0\0\0\0\0\x50\x07\0\0\x7f\0\0\0\x98\x4e\0\0\0\0\0\0\0\x08\0\0\x0d\
\0\0\0\x07\xc7\0\0\0\0\0\0\x50\x08\0\0\x2f\0\0\0\xc6\xc2\0\0\0\0\0\0\0\0\0\0\0\
\0\0\0\0\0\0\0\0\0\0\0\0\0\0\0\0\0\0\0\0\0\0\0\0\0\0\0\x03\0\x03\0\0\0\0\0\0\0\
\0\0\0\0\0\0\0\0\0\0\x2c\x01\0\0\0\0\x03\0\xb0\x12\0\0\0\0\0\0\0\0\0\0\0\0\0\0\
\x07\x01\0\0\0\0\x03\0\x88\x01\0\0\0\0\0\0\0\0\0\0\0\0\0\0\x1d\x01\0\0\0\0\x03\
\0\x58\x01\0\0\0\0\0\0\0\0\0\0\0\0\0\0\xf1\0\0\0\0\0\x03\0\x88\x02\0\0\0\0\0\0\
\0\0\0\0\0\0\0\0\xe3\0\0\0\0\0\x03\0\xe8\x05\0\0\0\0\0\0\0\0\0\0\0\0\0\0\x44\
\x01\0\0\0\0\x03\0\x30\x06\0\0\0\0\0\0\0\0\0\0\0\0\0\0\0\0\0\0\x03\0\x05\0\0\0\
\0\0\0\0\0\0\0\0\0\0\0\0\0\0\x34\x01\0\0\0\0\x05\0\xd0\x08\0\0\0\0\0\0\0\0\0\0\
\0\0\0\0\0\x01\0\0\0\0\x05\0\x28\x01\0\0\0\0\0\0\0\0\0\0\0\0\0\0\x16\x01\0\0\0\
\0\x05\0\xf8\0\0\0\0\0\0\0\0\0\0\0\0\0\0\0\xea\0\0\0\0\0\x05\0\x28\x02\0\0\0\0\
\0\0\0\0\0\0\0\0\0\0\x3c\x01\0\0\0\0\x05\0\x58\x03\0\0\0\0\0\0\0\0\0\0\0\0\0\0\
\xd4\0\0\0\0\0\x05\0\x28\x03\0\0\0\0\0\0\0\0\0\0\0\0\0\0\x24\x01\0\0\0\0\x05\0\
\x58\x04\0\0\0\0\0\0\0\0\0\0\0\0\0\0\x0e\x01\0\0\0\0\x05\0\xb0\x07\0\0\0\0\0\0\
\0\0\0\0\0\0\0\0\xf8\0\0\0\0\0\x05\0\0\x08\0\0\0\0\0\0\0\0\0\0\0\0\0\0\xdb\0\0\
\0\0\0\x05\0\xa8\x08\0\0\0\0\0\0\0\0\0\0\0\0\0\0\x70\0\0\0\x12\0\x03\0\0\0\0\0\
\0\0\0\0\xc0\x12\0\0\0\0\0\0\xb0\0\0\0\x11\0\x08\0\0\0\0\0\0\0\0\0\x10\0\0\0\0\
\0\0\0\x14\0\0\0\x12\0\x05\0\0\0\0\0\0\0\0\0\xe0\x08\0\0\0\0\0\0\xcc\0\0\0\x11\
\0\x07\0\0\0\0\0\0\0\0\0\x0d\0\0\0\0\0\0\0\x68\0\0\0\0\0\0\0\x01\0\0\0\x14\0\0\
\0\x40\x02\0\0\0\0\0\0\x01\0\0\0\x14\0\0\0\xc4\x36\x01\0\0\0\0\0\x04\0\0\0\x14\
\0\0\0\xdc\x36\x01\0\0\0\0\0\x03\0\0\0\x16\0\0\0\x2c\0\0\0\0\0\0\0\x04\0\0\0\
\x01\0\0\0\x3c\0\0\0\0\0\0\0\x04\0\0\0\x08\0\0\0\x50\0\0\0\0\0\0\0\x04\0\0\0\
\x01\0\0\0\x60\0\0\0\0\0\0\0\x04\0\0\0\x01\0\0\0\x70\0\0\0\0\0\0\0\x04\0\0\0\
\x01\0\0\0\x80\0\0\0\0\0\0\0\x04\0\0\0\x01\0\0\0\x90\0\0\0\0\0\0\0\x04\0\0\0\
\x01\0\0\0\xa0\0\0\0\0\0\0\0\x04\0\0\0\x01\0\0\0\xb0\0\0\0\0\0\0\0\x04\0\0\0\
\x01\0\0\0\xc0\0\0\0\0\0\0\0\x04\0\0\0\x01\0\0\0\xd0\0\0\0\0\0\0\0\x04\0\0\0\
\x01\0\0\0\xe0\0\0\0\0\0\0\0\x04\0\0\0\x01\0\0\0\xf0\0\0\0\0\0\0\0\x04\0\0\0\
\x01\0\0\0\0\x01\0\0\0\0\0\0\x04\0\0\0\x01\0\0\0\x10\x01\0\0\0\0\0\0\x04\0\0\0\
\x01\0\0\0\x20\x01\0\0\0\0\0\0\x04\0\0\0\x01\0\0\0\x30\x01\0\0\0\0\0\0\x04\0\0\
\0\x01\0\0\0\x40\x01\0\0\0\0\0\0\x04\0\0\0\x01\0\0\0\x50\x01\0\0\0\0\0\0\x04\0\
\0\0\x01\0\0\0\x60\x01\0\0\0\0\0\0\x04\0\0\0\x01\0\0\0\x70\x01\0\0\0\0\0\0\x04\
\0\0\0\x01\0\0\0\x80\x01\0\0\0\0\0\0\x04\0\0\0\x01\0\0\0\x90\x01\0\0\0\0\0\0\
\x04\0\0\0\x01\0\0\0\xa0\x01\0\0\0\0\0\0\x04\0\0\0\x01\0\0\0\xb0\x01\0\0\0\0\0\
\0\x04\0\0\0\x01\0\0\0\xc0\x01\0\0\0\0\0\0\x04\0\0\0\x01\0\0\0\xd0\x01\0\0\0\0\
\0\0\x04\0\0\0\x01\0\0\0\xe0\x01\0\0\0\0\0\0\x04\0\0\0\x01\0\0\0\xf0\x01\0\0\0\
\0\0\0\x04\0\0\0\x01\0\0\0\0\x02\0\0\0\0\0\0\x04\0\0\0\x01\0\0\0\x10\x02\0\0\0\
\0\0\0\x04\0\0\0\x01\0\0\0\x20\x02\0\0\0\0\0\0\x04\0\0\0\x01\0\0\0\x30\x02\0\0\
\0\0\0\0\x04\0\0\0\x01\0\0\0\x40\x02\0\0\0\0\0\0\x04\0\0\0\x01\0\0\0\x50\x02\0\
\0\0\0\0\0\x04\0\0\0\x01\0\0\0\x60\x02\0\0\0\0\0\0\x04\0\0\0\x01\0\0\0\x70\x02\
\0\0\0\0\0\0\x04\0\0\0\x01\0\0\0\x80\x02\0\0\0\0\0\0\x04\0\0\0\x01\0\0\0\x90\
\x02\0\0\0\0\0\0\x04\0\0\0\x01\0\0\0\xa0\x02\0\0\0\0\0\0\x04\0\0\0\x01\0\0\0\
\xb0\x02\0\0\0\0\0\0\x04\0\0\0\x01\0\0\0\xc0\x02\0\0\0\0\0\0\x04\0\0\0\x01\0\0\
\0\xd0\x02\0\0\0\0\0\0\x04\0\0\0\x01\0\0\0\xe0\x02\0\0\0\0\0\0\x04\0\0\0\x01\0\
\0\0\xf0\x02\0\0\0\0\0\0\x04\0\0\0\x01\0\0\0\0\x03\0\0\0\0\0\0\x04\0\0\0\x01\0\
\0\0\x10\x03\0\0\0\0\0\0\x04\0\0\0\x01\0\0\0\x20\x03\0\0\0\0\0\0\x04\0\0\0\x01\
\0\0\0\x30\x03\0\0\0\0\0\0\x04\0\0\0\x01\0\0\0\x40\x03\0\0\0\0\0\0\x04\0\0\0\
\x01\0\0\0\x50\x03\0\0\0\0\0\0\x04\0\0\0\x01\0\0\0\x60\x03\0\0\0\0\0\0\x04\0\0\
\0\x01\0\0\0\x70\x03\0\0\0\0\0\0\x04\0\0\0\x01\0\0\0\x80\x03\0\0\0\0\0\0\x04\0\
\0\0\x01\0\0\0\x90\x03\0\0\0\0\0\0\x04\0\0\0\x01\0\0\0\xa0\x03\0\0\0\0\0\0\x04\
\0\0\0\x01\0\0\0\xb0\x03\0\0\0\0\0\0\x04\0\0\0\x01\0\0\0\xc0\x03\0\0\0\0\0\0\
\x04\0\0\0\x01\0\0\0\xd0\x03\0\0\0\0\0\0\x04\0\0\0\x01\0\0\0\xe0\x03\0\0\0\0\0\
\0\x04\0\0\0\x01\0\0\0\xf0\x03\0\0\0\0\0\0\x04\0\0\0\x01\0\0\0\0\x04\0\0\0\0\0\
\0\x04\0\0\0\x01\0\0\0\x10\x04\0\0\0\0\0\0\x04\0\0\0\x01\0\0\0\x20\x04\0\0\0\0\
\0\0\x04\0\0\0\x01\0\0\0\x30\x04\0\0\0\0\0\0\x04\0\0\0\x01\0\0\0\x40\x04\0\0\0\
\0\0\0\x04\0\0\0\x01\0\0\0\x50\x04\0\0\0\0\0\0\x04\0\0\0\x01\0\0\0\x60\x04\0\0\
\0\0\0\0\x04\0\0\0\x01\0\0\0\x70\x04\0\0\0\0\0\0\x04\0\0\0\x01\0\0\0\x80\x04\0\
\0\0\0\0\0\x04\0\0\0\x01\0\0\0\x90\x04\0\0\0\0\0\0\x04\0\0\0\x01\0\0\0\xa0\x04\
\0\0\0\0\0\0\x04\0\0\0\x01\0\0\0\xb0\x04\0\0\0\0\0\0\x04\0\0\0\x01\0\0\0\xc0\
\x04\0\0\0\0\0\0\x04\0\0\0\x01\0\0\0\xd0\x04\0\0\0\0\0\0\x04\0\0\0\x01\0\0\0\
\xe0\x04\0\0\0\0\0\0\x04\0\0\0\x01\0\0\0\xf0\x04\0\0\0\0\0\0\x04\0\0\0\x01\0\0\
\0\0\x05\0\0\0\0\0\0\x04\0\0\0\x01\0\0\0\x10\x05\0\0\0\0\0\0\x04\0\0\0\x01\0\0\
\0\x20\x05\0\0\0\0\0\0\x04\0\0\0\x01\0\0\0\x30\x05\0\0\0\0\0\0\x04\0\0\0\x01\0\
\0\0\x40\x05\0\0\0\0\0\0\x04\0\0\0\x01\0\0\0\x50\x05\0\0\0\0\0\0\x04\0\0\0\x01\
\0\0\0\x60\x05\0\0\0\0\0\0\x04\0\0\0\x01\0\0\0\x70\x05\0\0\0\0\0\0\x04\0\0\0\
\x01\0\0\0\x80\x05\0\0\0\0\0\0\x04\0\0\0\x01\0\0\0\x90\x05\0\0\0\0\0\0\x04\0\0\
\0\x01\0\0\0\xa0\x05\0\0\0\0\0\0\x04\0\0\0\x01\0\0\0\xb0\x05\0\0\0\0\0\0\x04\0\
\0\0\x01\0\0\0\xc0\x05\0\0\0\0\0\0\x04\0\0\0\x01\0\0\0\xd0\x05\0\0\0\0\0\0\x04\
\0\0\0\x01\0\0\0\xe0\x05\0\0\0\0\0\0\x04\0\0\0\x01\0\0\0\xf0\x05\0\0\0\0\0\0\
\x04\0\0\0\x01\0\0\0\0\x06\0\0\0\0\0\0\x04\0\0\0\x01\0\0\0\x10\x06\0\0\0\0\0\0\
\x04\0\0\0\x01\0\0\0\x20\x06\0\0\0\0\0\0\x04\0\0\0\x01\0\0\0\x30\x06\0\0\0\0\0\
\0\x04\0\0\0\x01\0\0\0\x40\x06\0\0\0\0\0\0\x04\0\0\0\x01\0\0\0\x50\x06\0\0\0\0\
\0\0\x04\0\0\0\x01\0\0\0\x60\x06\0\0\0\0\0\0\x04\0\0\0\x01\0\0\0\x70\x06\0\0\0\
\0\0\0\x04\0\0\0\x01\0\0\0\x80\x06\0\0\0\0\0\0\x04\0\0\0\x01\0\0\0\x90\x06\0\0\
\0\0\0\0\x04\0\0\0\x01\0\0\0\xa0\x06\0\0\0\0\0\0\x04\0\0\0\x01\0\0\0\xb0\x06\0\
\0\0\0\0\0\x04\0\0\0\x01\0\0\0\xc0\x06\0\0\0\0\0\0\x04\0\0\0\x01\0\0\0\xd0\x06\
\0\0\0\0\0\0\x04\0\0\0\x01\0\0\0\xe0\x06\0\0\0\0\0\0\x04\0\0\0\x01\0\0\0\xf0\
\x06\0\0\0\0\0\0\x04\0\0\0\x01\0\0\0\0\x07\0\0\0\0\0\0\x04\0\0\0\x01\0\0\0\x10\
\x07\0\0\0\0\0\0\x04\0\0\0\x01\0\0\0\x20\x07\0\0\0\0\0\0\x04\0\0\0\x01\0\0\0\
\x30\x07\0\0\0\0\0\0\x04\0\0\0\x01\0\0\0\x40\x07\0\0\0\0\0\0\x04\0\0\0\x01\0\0\
\0\x50\x07\0\0\0\0\0\0\x04\0\0\0\x01\0\0\0\x60\x07\0\0\0\0\0\0\x04\0\0\0\x01\0\
\0\0\x70\x07\0\0\0\0\0\0\x04\0\0\0\x01\0\0\0\x80\x07\0\0\0\0\0\0\x04\0\0\0\x01\
\0\0\0\x90\x07\0\0\0\0\0\0\x04\0\0\0\x01\0\0\0\xa0\x07\0\0\0\0\0\0\x04\0\0\0\
\x01\0\0\0\xb0\x07\0\0\0\0\0\0\x04\0\0\0\x01\0\0\0\xc0\x07\0\0\0\0\0\0\x04\0\0\
\0\x01\0\0\0\xd0\x07\0\0\0\0\0\0\x04\0\0\0\x01\0\0\0\xe0\x07\0\0\0\0\0\0\x04\0\
\0\0\x01\0\0\0\xf0\x07\0\0\0\0\0\0\x04\0\0\0\x01\0\0\0\0\x08\0\0\0\0\0\0\x04\0\
\0\0\x01\0\0\0\x10\x08\0\0\0\0\0\0\x04\0\0\0\x01\0\0\0\x20\x08\0\0\0\0\0\0\x04\
\0\0\0\x01\0\0\0\x30\x08\0\0\0\0\0\0\x04\0\0\0\x01\0\0\0\x40\x08\0\0\0\0\0\0\
\x04\0\0\0\x01\0\0\0\x50\x08\0\0\0\0\0\0\x04\0\0\0\x01\0\0\0\x60\x08\0\0\0\0\0\
\0\x04\0\0\0\x01\0\0\0\x70\x08\0\0\0\0\0\0\x04\0\0\0\x01\0\0\0\x80\x08\0\0\0\0\
\0\0\x04\0\0\0\x01\0\0\0\x90\x08\0\0\0\0\0\0\x04\0\0\0\x01\0\0\0\xa0\x08\0\0\0\
\0\0\0\x04\0\0\0\x01\0\0\0\xb0\x08\0\0\0\0\0\0\x04\0\0\0\x01\0\0\0\xc0\x08\0\0\
\0\0\0\0\x04\0\0\0\x01\0\0\0\xd0\x08\0\0\0\0\0\0\x04\0\0\0\x01\0\0\0\xe0\x08\0\
\0\0\0\0\0\x04\0\0\0\x01\0\0\0\xf0\x08\0\0\0\0\0\0\x04\0\0\0\x01\0\0\0\0\x09\0\
\0\0\0\0\0\x04\0\0\0\x01\0\0\0\x10\x09\0\0\0\0\0\0\x04\0\0\0\x01\0\0\0\x20\x09\
\0\0\0\0\0\0\x04\0\0\0\x01\0\0\0\x30\x09\0\0\0\0\0\0\x04\0\0\0\x01\0\0\0\x40\
\x09\0\0\0\0\0\0\x04\0\0\0\x01\0\0\0\x50\x09\0\0\0\0\0\0\x04\0\0\0\x01\0\0\0\
\x60\x09\0\0\0\0\0\0\x04\0\0\0\x01\0\0\0\x70\x09\0\0\0\0\0\0\x04\0\0\0\x01\0\0\
\0\x80\x09\0\0\0\0\0\0\x04\0\0\0\x01\0\0\0\x90\x09\0\0\0\0\0\0\x04\0\0\0\x01\0\
\0\0\xa0\x09\0\0\0\0\0\0\x04\0\0\0\x01\0\0\0\xb0\x09\0\0\0\0\0\0\x04\0\0\0\x01\
\0\0\0\xc0\x09\0\0\0\0\0\0\x04\0\0\0\x01\0\0\0\xd0\x09\0\0\0\0\0\0\x04\0\0\0\
\x01\0\0\0\xe0\x09\0\0\0\0\0\0\x04\0\0\0\x01\0\0\0\xf0\x09\0\0\0\0\0\0\x04\0\0\
\0\x01\0\0\0\0\x0a\0\0\0\0\0\0\x04\0\0\0\x01\0\0\0\x10\x0a\0\0\0\0\0\0\x04\0\0\
\0\x01\0\0\0\x20\x0a\0\0\0\0\0\0\x04\0\0\0\x01\0\0\0\x30\x0a\0\0\0\0\0\0\x04\0\
\0\0\x01\0\0\0\x40\x0a\0\0\0\0\0\0\x04\0\0\0\x01\0\0\0\x50\x0a\0\0\0\0\0\0\x04\
\0\0\0\x01\0\0\0\x60\x0a\0\0\0\0\0\0\x04\0\0\0\x01\0\0\0\x70\x0a\0\0\0\0\0\0\
\x04\0\0\0\x01\0\0\0\x80\x0a\0\0\0\0\0\0\x04\0\0\0\x01\0\0\0\x90\x0a\0\0\0\0\0\
\0\x04\0\0\0\x01\0\0\0\xa0\x0a\0\0\0\0\0\0\x04\0\0\0\x01\0\0\0\xb0\x0a\0\0\0\0\
\0\0\x04\0\0\0\x01\0\0\0\xc0\x0a\0\0\0\0\0\0\x04\0\0\0\x01\0\0\0\xd0\x0a\0\0\0\
\0\0\0\x04\0\0\0\x01\0\0\0\xe0\x0a\0\0\0\0\0\0\x04\0\0\0\x01\0\0\0\xf0\x0a\0\0\
\0\0\0\0\x04\0\0\0\x01\0\0\0\0\x0b\0\0\0\0\0\0\x04\0\0\0\x01\0\0\0\x10\x0b\0\0\
\0\0\0\0\x04\0\0\0\x01\0\0\0\x20\x0b\0\0\0\0\0\0\x04\0\0\0\x01\0\0\0\x30\x0b\0\
\0\0\0\0\0\x04\0\0\0\x01\0\0\0\x40\x0b\0\0\0\0\0\0\x04\0\0\0\x01\0\0\0\x50\x0b\
\0\0\0\0\0\0\x04\0\0\0\x01\0\0\0\x60\x0b\0\0\0\0\0\0\x04\0\0\0\x01\0\0\0\x70\
\x0b\0\0\0\0\0\0\x04\0\0\0\x01\0\0\0\x80\x0b\0\0\0\0\0\0\x04\0\0\0\x01\0\0\0\
\x90\x0b\0\0\0\0\0\0\x04\0\0\0\x01\0\0\0\xa0\x0b\0\0\0\0\0\0\x04\0\0\0\x01\0\0\
\0\xb0\x0b\0\0\0\0\0\0\x04\0\0\0\x01\0\0\0\xc0\x0b\0\0\0\0\0\0\x04\0\0\0\x01\0\
\0\0\xd0\x0b\0\0\0\0\0\0\x04\0\0\0\x01\0\0\0\xe0\x0b\0\0\0\0\0\0\x04\0\0\0\x01\
\0\0\0\xf0\x0b\0\0\0\0\0\0\x04\0\0\0\x01\0\0\0\0\x0c\0\0\0\0\0\0\x04\0\0\0\x01\
\0\0\0\x10\x0c\0\0\0\0\0\0\x04\0\0\0\x01\0\0\0\x20\x0c\0\0\0\0\0\0\x04\0\0\0\
\x01\0\0\0\x30\x0c\0\0\0\0\0\0\x04\0\0\0\x01\0\0\0\x40\x0c\0\0\0\0\0\0\x04\0\0\
\0\x01\0\0\0\x50\x0c\0\0\0\0\0\0\x04\0\0\0\x01\0\0\0\x60\x0c\0\0\0\0\0\0\x04\0\
\0\0\x01\0\0\0\x78\x0c\0\0\0\0\0\0\x04\0\0\0\x08\0\0\0\x88\x0c\0\0\0\0\0\0\x04\
\0\0\0\x08\0\0\0\x98\x0c\0\0\0\0\0\0\x04\0\0\0\x08\0\0\0\xa8\x0c\0\0\0\0\0\0\
\x04\0\0\0\x08\0\0\0\xb8\x0c\0\0\0\0\0\0\x04\0\0\0\x08\0\0\0\xc8\x0c\0\0\0\0\0\
\0\x04\0\0\0\x08\0\0\0\xd8\x0c\0\0\0\0\0\0\x04\0\0\0\x08\0\0\0\xe8\x0c\0\0\0\0\
\0\0\x04\0\0\0\x08\0\0\0\xf8\x0c\0\0\0\0\0\0\x04\0\0\0\x08\0\0\0\x08\x0d\0\0\0\
\0\0\0\x04\0\0\0\x08\0\0\0\x18\x0d\0\0\0\0\0\0\x04\0\0\0\x08\0\0\0\x28\x0d\0\0\
\0\0\0\0\x04\0\0\0\x08\0\0\0\x38\x0d\0\0\0\0\0\0\x04\0\0\0\x08\0\0\0\x48\x0d\0\
\0\0\0\0\0\x04\0\0\0\x08\0\0\0\x58\x0d\0\0\0\0\0\0\x04\0\0\0\x08\0\0\0\x68\x0d\
\0\0\0\0\0\0\x04\0\0\0\x08\0\0\0\x78\x0d\0\0\0\0\0\0\x04\0\0\0\x08\0\0\0\x88\
\x0d\0\0\0\0\0\0\x04\0\0\0\x08\0\0\0\x98\x0d\0\0\0\0\0\0\x04\0\0\0\x08\0\0\0\
\xa8\x0d\0\0\0\0\0\0\x04\0\0\0\x08\0\0\0\xb8\x0d\0\0\0\0\0\0\x04\0\0\0\x08\0\0\
\0\xc8\x0d\0\0\0\0\0\0\x04\0\0\0\x08\0\0\0\xd8\x0d\0\0\0\0\0\0\x04\0\0\0\x08\0\
\0\0\xe8\x0d\0\0\0\0\0\0\x04\0\0\0\x08\0\0\0\xf8\x0d\0\0\0\0\0\0\x04\0\0\0\x08\
\0\0\0\x08\x0e\0\0\0\0\0\0\x04\0\0\0\x08\0\0\0\x18\x0e\0\0\0\0\0\0\x04\0\0\0\
\x08\0\0\0\x28\x0e\0\0\0\0\0\0\x04\0\0\0\x08\0\0\0\x38\x0e\0\0\0\0\0\0\x04\0\0\
\0\x08\0\0\0\x48\x0e\0\0\0\0\0\0\x04\0\0\0\x08\0\0\0\x58\x0e\0\0\0\0\0\0\x04\0\
\0\0\x08\0\0\0\x68\x0e\0\0\0\0\0\0\x04\0\0\0\x08\0\0\0\x78\x0e\0\0\0\0\0\0\x04\
\0\0\0\x08\0\0\0\x88\x0e\0\0\0\0\0\0\x04\0\0\0\x08\0\0\0\x98\x0e\0\0\0\0\0\0\
\x04\0\0\0\x08\0\0\0\xa8\x0e\0\0\0\0\0\0\x04\0\0\0\x08\0\0\0\xb8\x0e\0\0\0\0\0\
\0\x04\0\0\0\x08\0\0\0\xc8\x0e\0\0\0\0\0\0\x04\0\0\0\x08\0\0\0\xd8\x0e\0\0\0\0\
\0\0\x04\0\0\0\x08\0\0\0\xe8\x0e\0\0\0\0\0\0\x04\0\0\0\x08\0\0\0\xf8\x0e\0\0\0\
\0\0\0\x04\0\0\0\x08\0\0\0\x08\x0f\0\0\0\0\0\0\x04\0\0\0\x08\0\0\0\x18\x0f\0\0\
\0\0\0\0\x04\0\0\0\x08\0\0\0\x28\x0f\0\0\0\0\0\0\x04\0\0\0\x08\0\0\0\x38\x0f\0\
\0\0\0\0\0\x04\0\0\0\x08\0\0\0\x48\x0f\0\0\0\0\0\0\x04\0\0\0\x08\0\0\0\x58\x0f\
\0\0\0\0\0\0\x04\0\0\0\x08\0\0\0\x68\x0f\0\0\0\0\0\0\x04\0\0\0\x08\0\0\0\x78\
\x0f\0\0\0\0\0\0\x04\0\0\0\x08\0\0\0\x88\x0f\0\0\0\0\0\0\x04\0\0\0\x08\0\0\0\
\x98\x0f\0\0\0\0\0\0\x04\0\0\0\x08\0\0\0\xa8\x0f\0\0\0\0\0\0\x04\0\0\0\x08\0\0\
\0\xb8\x0f\0\0\0\0\0\0\x04\0\0\0\x08\0\0\0\xc8\x0f\0\0\0\0\0\0\x04\0\0\0\x08\0\
\0\0\xd8\x0f\0\0\0\0\0\0\x04\0\0\0\x08\0\0\0\xe8\x0f\0\0\0\0\0\0\x04\0\0\0\x08\
\0\0\0\xf8\x0f\0\0\0\0\0\0\x04\0\0\0\x08\0\0\0\x08\x10\0\0\0\0\0\0\x04\0\0\0\
\x08\0\0\0\x18\x10\0\0\0\0\0\0\x04\0\0\0\x08\0\0\0\x28\x10\0\0\0\0\0\0\x04\0\0\
\0\x08\0\0\0\x38\x10\0\0\0\0\0\0\x04\0\0\0\x08\0\0\0\x48\x10\0\0\0\0\0\0\x04\0\
\0\0\x08\0\0\0\x58\x10\0\0\0\0\0\0\x04\0\0\0\x08\0\0\0\x68\x10\0\0\0\0\0\0\x04\
\0\0\0\x08\0\0\0\x78\x10\0\0\0\0\0\0\x04\0\0\0\x08\0\0\0\x88\x10\0\0\0\0\0\0\
\x04\0\0\0\x08\0\0\0\x98\x10\0\0\0\0\0\0\x04\0\0\0\x08\0\0\0\xa8\x10\0\0\0\0\0\
\0\x04\0\0\0\x08\0\0\0\xb8\x10\0\0\0\0\0\0\x04\0\0\0\x08\0\0\0\xc8\x10\0\0\0\0\
\0\0\x04\0\0\0\x08\0\0\0\xd8\x10\0\0\0\0\0\0\x04\0\0\0\x08\0\0\0\xe8\x10\0\0\0\
\0\0\0\x04\0\0\0\x08\0\0\0\xf8\x10\0\0\0\0\0\0\x04\0\0\0\x08\0\0\0\x08\x11\0\0\
\0\0\0\0\x04\0\0\0\x08\0\0\0\x18\x11\0\0\0\0\0\0\x04\0\0\0\x08\0\0\0\x28\x11\0\
\0\0\0\0\0\x04\0\0\0\x08\0\0\0\x38\x11\0\0\0\0\0\0\x04\0\0\0\x08\0\0\0\x48\x11\
\0\0\0\0\0\0\x04\0\0\0\x08\0\0\0\x58\x11\0\0\0\0\0\0\x04\0\0\0\x08\0\0\0\x68\
\x11\0\0\0\0\0\0\x04\0\0\0\x08\0\0\0\x78\x11\0\0\0\0\0\0\x04\0\0\0\x08\0\0\0\
\x88\x11\0\0\0\0\0\0\x04\0\0\0\x08\0\0\0\x98\x11\0\0\0\0\0\0\x04\0\0\0\x08\0\0\
\0\xa8\x11\0\0\0\0\0\0\x04\0\0\0\x08\0\0\0\xb8\x11\0\0\0\0\0\0\x04\0\0\0\x08\0\
\0\0\xc8\x11\0\0\0\0\0\0\x04\0\0\0\x08\0\0\0\xd8\x11\0\0\0\0\0\0\x04\0\0\0\x08\
\0\0\0\xe8\x11\0\0\0\0\0\0\x04\0\0\0\x08\0\0\0\xf8\x11\0\0\0\0\0\0\x04\0\0\0\
\x08\0\0\0\x08\x12\0\0\0\0\0\0\x04\0\0\0\x08\0\0\0\x18\x12\0\0\0\0\0\0\x04\0\0\
\0\x08\0\0\0\x28\x12\0\0\0\0\0\0\x04\0\0\0\x08\0\0\0\x38\x12\0\0\0\0\0\0\x04\0\
\0\0\x08\0\0\0\x48\x12\0\0\0\0\0\0\x04\0\0\0\x08\0\0\0\x58\x12\0\0\0\0\0\0\x04\
\0\0\0\x08\0\0\0\x68\x12\0\0\0\0\0\0\x04\0\0\0\x08\0\0\0\x78\x12\0\0\0\0\0\0\
\x04\0\0\0\x08\0\0\0\x88\x12\0\0\0\0\0\0\x04\0\0\0\x08\0\0\0\x98\x12\0\0\0\0\0\
\0\x04\0\0\0\x08\0\0\0\xa8\x12\0\0\0\0\0\0\x04\0\0\0\x08\0\0\0\xb8\x12\0\0\0\0\
\0\0\x04\0\0\0\x08\0\0\0\xc8\x12\0\0\0\0\0\0\x04\0\0\0\x08\0\0\0\xd8\x12\0\0\0\
\0\0\0\x04\0\0\0\x08\0\0\0\xe8\x12\0\0\0\0\0\0\x04\0\0\0\x08\0\0\0\xf8\x12\0\0\
\0\0\0\0\x04\0\0\0\x08\0\0\0\x08\x13\0\0\0\0\0\0\x04\0\0\0\x08\0\0\0\x18\x13\0\
\0\0\0\0\0\x04\0\0\0\x08\0\0\0\x28\x13\0\0\0\0\0\0\x04\0\0\0\x08\0\0\0\x38\x13\
\0\0\0\0\0\0\x04\0\0\0\x08\0\0\0\x48\x13\0\0\0\0\0\0\x04\0\0\0\x08\0\0\0\x58\
\x13\0\0\0\0\0\0\x04\0\0\0\x08\0\0\0\x68\x13\0\0\0\0\0\0\x04\0\0\0\x08\0\0\0\
\x78\x13\0\0\0\0\0\0\x04\0\0\0\x08\0\0\0\x94\x13\0\0\0\0\0\0\x04\0\0\0\x01\0\0\
\0\xa4\x13\0\0\0\0\0\0\x04\0\0\0\x01\0\0\0\xb4\x13\0\0\0\0\0\0\x04\0\0\0\x01\0\
\0\0\xc4\x13\0\0\0\0\0\0\x04\0\0\0\x01\0\0\0\xd4\x13\0\0\0\0\0\0\x04\0\0\0\x01\
\0\0\0\xe4\x13\0\0\0\0\0\0\x04\0\0\0\x01\0\0\0\xf4\x13\0\0\0\0\0\0\x04\0\0\0\
\x01\0\0\0\x04\x14\0\0\0\0\0\0\x04\0\0\0\x01\0\0\0\x14\x14\0\0\0\0\0\0\x04\0\0\
\0\x01\0\0\0\x24\x14\0\0\0\0\0\0\x04\0\0\0\x01\0\0\0\x34\x14\0\0\0\0\0\0\x04\0\
\0\0\x01\0\0\0\x44\x14\0\0\0\0\0\0\x04\0\0\0\x01\0\0\0\x54\x14\0\0\0\0\0\0\x04\
\0\0\0\x01\0\0\0\x64\x14\0\0\0\0\0\0\x04\0\0\0\x01\0\0\0\x74\x14\0\0\0\0\0\0\
\x04\0\0\0\x01\0\0\0\x84\x14\0\0\0\0\0\0\x04\0\0\0\x01\0\0\0\x94\x14\0\0\0\0\0\
\0\x04\0\0\0\x01\0\0\0\xa4\x14\0\0\0\0\0\0\x04\0\0\0\x01\0\0\0\xb4\x14\0\0\0\0\
\0\0\x04\0\0\0\x01\0\0\0\xc4\x14\0\0\0\0\0\0\x04\0\0\0\x01\0\0\0\xd4\x14\0\0\0\
\0\0\0\x04\0\0\0\x01\0\0\0\xe4\x14\0\0\0\0\0\0\x04\0\0\0\x01\0\0\0\xf4\x14\0\0\
\0\0\0\0\x04\0\0\0\x01\0\0\0\x04\x15\0\0\0\0\0\0\x04\0\0\0\x01\0\0\0\x14\x15\0\
\0\0\0\0\0\x04\0\0\0\x01\0\0\0\x24\x15\0\0\0\0\0\0\x04\0\0\0\x01\0\0\0\x34\x15\
\0\0\0\0\0\0\x04\0\0\0\x01\0\0\0\x44\x15\0\0\0\0\0\0\x04\0\0\0\x01\0\0\0\x54\
\x15\0\0\0\0\0\0\x04\0\0\0\x01\0\0\0\x64\x15\0\0\0\0\0\0\x04\0\0\0\x01\0\0\0\
\x74\x15\0\0\0\0\0\0\x04\0\0\0\x01\0\0\0\x84\x15\0\0\0\0\0\0\x04\0\0\0\x01\0\0\
\0\x94\x15\0\0\0\0\0\0\x04\0\0\0\x01\0\0\0\xa4\x15\0\0\0\0\0\0\x04\0\0\0\x01\0\
\0\0\xb4\x15\0\0\0\0\0\0\x04\0\0\0\x01\0\0\0\xc4\x15\0\0\0\0\0\0\x04\0\0\0\x01\
\0\0\0\xd4\x15\0\0\0\0\0\0\x04\0\0\0\x01\0\0\0\xe4\x15\0\0\0\0\0\0\x04\0\0\0\
\x01\0\0\0\xf4\x15\0\0\0\0\0\0\x04\0\0\0\x01\0\0\0\x04\x16\0\0\0\0\0\0\x04\0\0\
\0\x01\0\0\0\x14\x16\0\0\0\0\0\0\x04\0\0\0\x01\0\0\0\x24\x16\0\0\0\0\0\0\x04\0\
\0\0\x01\0\0\0\x34\x16\0\0\0\0\0\0\x04\0\0\0\x01\0\0\0\x44\x16\0\0\0\0\0\0\x04\
\0\0\0\x01\0\0\0\x54\x16\0\0\0\0\0\0\x04\0\0\0\x01\0\0\0\x64\x16\0\0\0\0\0\0\
\x04\0\0\0\x01\0\0\0\x74\x16\0\0\0\0\0\0\x04\0\0\0\x01\0\0\0\x84\x16\0\0\0\0\0\
\0\x04\0\0\0\x01\0\0\0\x9c\x16\0\0\0\0\0\0\x04\0\0\0\x08\0\0\0\xac\x16\0\0\0\0\
\0\0\x04\0\0\0\x08\0\0\0\xbc\x16\0\0\0\0\0\0\x04\0\0\0\x08\0\0\0\xcc\x16\0\0\0\
\0\0\0\x04\0\0\0\x08\0\0\0\xdc\x16\0\0\0\0\0\0\x04\0\0\0\x08\0\0\0\xec\x16\0\0\
\0\0\0\0\x04\0\0\0\x08\0\0\0\xfc\x16\0\0\0\0\0\0\x04\0\0\0\x08\0\0\0\x0c\x17\0\
\0\0\0\0\0\x04\0\0\0\x08\0\0\0\x1c\x17\0\0\0\0\0\0\x04\0\0\0\x08\0\0\0\x2c\x17\
\0\0\0\0\0\0\x04\0\0\0\x08\0\0\0\x3c\x17\0\0\0\0\0\0\x04\0\0\0\x08\0\0\0\x4c\
\x17\0\0\0\0\0\0\x04\0\0\0\x08\0\0\0\x5c\x17\0\0\0\0\0\0\x04\0\0\0\x08\0\0\0\
\x6c\x17\0\0\0\0\0\0\x04\0\0\0\x08\0\0\0\x7c\x17\0\0\0\0\0\0\x04\0\0\0\x08\0\0\
\0\x8c\x17\0\0\0\0\0\0\x04\0\0\0\x08\0\0\0\x9c\x17\0\0\0\0\0\0\x04\0\0\0\x08\0\
\0\0\xac\x17\0\0\0\0\0\0\x04\0\0\0\x08\0\0\0\xbc\x17\0\0\0\0\0\0\x04\0\0\0\x08\
\0\0\0\xcc\x17\0\0\0\0\0\0\x04\0\0\0\x08\0\0\0\xdc\x17\0\0\0\0\0\0\x04\0\0\0\
\x08\0\0\0\xec\x17\0\0\0\0\0\0\x04\0\0\0\x08\0\0\0\x1d\x1f\x20\x1e\0\x2e\x74\
\x65\x78\x74\0\x2e\x72\x65\x6c\x2e\x42\x54\x46\x2e\x65\x78\x74\0\x68\x61\x6e\
\x64\x6c\x65\x5f\x73\x63\x68\x65\x64\x5f\x70\x72\x6f\x63\x65\x73\x73\x5f\x65\
\x78\x69\x74\0\x2e\x72\x65\x6c\x72\x61\x77\x5f\x74\x72\x61\x63\x65\x70\x6f\x69\
\x6e\x74\x2f\x73\x63\x68\x65\x64\x5f\x70\x72\x6f\x63\x65\x73\x73\x5f\x65\x78\
\x69\x74\0\x2e\x6d\x61\x70\x73\0\x2e\x6c\x6c\x76\x6d\x5f\x61\x64\x64\x72\x73\
\x69\x67\0\x6c\x69\x63\x65\x6e\x73\x65\0\x68\x61\x6e\x64\x6c\x65\x5f\x73\x63\
\x68\x65\x64\x5f\x70\x72\x6f\x63\x65\x73\x73\x5f\x65\x78\x65\x63\0\x2e\x72\x65\
\x6c\x72\x61\x77\x5f\x74\x72\x61\x63\x65\x70\x6f\x69\x6e\x74\x2f\x73\x63\x68\
\x65\x64\x5f\x70\x72\x6f\x63\x65\x73\x73\x5f\x65\x78\x65\x63\0\x72\x62\0\x2e\
\x73\x74\x72\x74\x61\x62\0\x2e\x73\x79\x6d\x74\x61\x62\0\x2e\x72\x65\x6c\x2e\
\x42\x54\x46\0\x4c\x49\x43\x45\x4e\x53\x45\0\x4c\x42\x42\x31\x5f\x39\0\x4c\x42\
\x42\x31\x5f\x31\x39\0\x4c\x42\x42\x30\x5f\x38\0\x4c\x42\x42\x31\x5f\x36\0\x4c\
\x42\x42\x30\x5f\x36\0\x4c\x42\x42\x31\x5f\x31\x36\0\x4c\x42\x42\x31\x5f\x34\0\
\x4c\x42\x42\x30\x5f\x34\0\x4c\x42\x42\x31\x5f\x31\x34\0\x4c\x42\x42\x31\x5f\
\x33\0\x4c\x42\x42\x30\x5f\x33\0\x4c\x42\x42\x31\x5f\x31\x32\0\x4c\x42\x42\x30\
\x5f\x31\x31\0\x4c\x42\x42\x31\x5f\x32\x30\0\x4c\x42\x42\x31\x5f\x31\x30\0\x4c\
\x42\x42\x30\x5f\x31\x30\0\0\0\0\0\0\0\0\0\0\0\0\0\0\0\0\0\0\0\0\0\0\0\0\0\0\0\
\0\0\0\0\0\0\0\0\0\0\0\0\0\0\0\0\0\0\0\0\0\0\0\0\0\0\0\0\0\0\0\0\0\0\0\0\0\0\
\xb3\0\0\0\x03\0\0\0\0\0\0\0\0\0\0\0\0\0\0\0\0\0\0\0\x84\x61\x02\0\0\0\0\0\x4c\
\x01\0\0\0\0\0\0\0\0\0\0\0\0\0\0\x01\0\0\0\0\0\0\0\0\0\0\0\0\0\0\0\x01\0\0\0\
\x01\0\0\0\x06\0\0\0\0\0\0\0\0\0\0\0\0\0\0\0\x40\0\0\0\0\0\0\0\0\0\0\0\0\0\0\0\
\0\0\0\0\0\0\0\0\x04\0\0\0\0\0\0\0\0\0\0\0\0\0\0\0\x8e\0\0\0\x01\0\0\0\x06\0\0\
\0\0\0\0\0\0\0\0\0\0\0\0\0\x40\0\0\0\0\0\0\0\xc0\x12\0\0\0\0\0\0\0\0\0\0\0\0\0\
\0\x08\0\0\0\0\0\0\0\0\0\0\0\0\0\0\0\x8a\0\0\0\x09\0\0\0\x40\0\0\0\0\0\0\0\0\0\
\0\0\0\0\0\0\x90\x49\x02\0\0\0\0\0\x10\0\0\0\0\0\0\0\x0e\0\0\0\x03\0\0\0\x08\0\
\0\0\0\0\0\0\x10\0\0\0\0\0\0\0\x32\0\0\0\x01\0\0\0\x06\0\0\0\0\0\0\0\0\0\0\0\0\
\0\0\0\0\x13\0\0\0\0\0\0\xe0\x08\0\0\0\0\0\0\0\0\0\0\0\0\0\0\x08\0\0\0\0\0\0\0\
\0\0\0\0\0\0\0\0\x2e\0\0\0\x09\0\0\0\x40\0\0\0\0\0\0\0\0\0\0\0\0\0\0\0\xa0\x49\
\x02\0\0\0\0\0\x10\0\0\0\0\0\0\0\x0e\0\0\0\x05\0\0\0\x08\0\0\0\0\0\0\0\x10\0\0\
\0\0\0\0\0\x68\0\0\0\x01\0\0\0\x02\0\0\0\0\0\0\0\0\0\0\0\0\0\0\0\xe0\x1b\0\0\0\
\0\0\0\x0d\0\0\0\0\0\0\0\0\0\0\0\0\0\0\0\x01\0\0\0\0\0\0\0\0\0\0\0\0\0\0\0\x54\
\0\0\0\x01\0\0\0\x03\0\0\0\0\0\0\0\0\0\0\0\0\0\0\0\xf0\x1b\0\0\0\0\0\0\x10\0\0\
\0\0\0\0\0\0\0\0\0\0\0\0\0\x08\0\0\0\0\0\0\0\0\0\0\0\0\0\0\0\xc7\0\0\0\x01\0\0\
\0\0\0\0\0\0\0\0\0\0\0\0\0\0\0\0\0\0\x1c\0\0\0\0\0\0\x68\x13\x02\0\0\0\0\0\0\0\
\0\0\0\0\0\0\x04\0\0\0\0\0\0\0\0\0\0\0\0\0\0\0\xc3\0\0\0\x09\0\0\0\x40\0\0\0\0\
\0\0\0\0\0\0\0\0\0\0\0\xb0\x49\x02\0\0\0\0\0\x20\0\0\0\0\0\0\0\x0e\0\0\0\x09\0\
\0\0\x08\0\0\0\0\0\0\0\x10\0\0\0\0\0\0\0\x0b\0\0\0\x01\0\0\0\0\0\0\0\0\0\0\0\0\
\0\0\0\0\0\0\0\x68\x2f\x02\0\0\0\0\0\xfc\x17\0\0\0\0\0\0\0\0\0\0\0\0\0\0\x04\0\
\0\0\0\0\0\0\0\0\0\0\0\0\0\0\x07\0\0\0\x09\0\0\0\x40\0\0\0\0\0\0\0\0\0\0\0\0\0\
\0\0\xd0\x49\x02\0\0\0\0\0\xb0\x17\0\0\0\0\0\0\x0e\0\0\0\x0b\0\0\0\x08\0\0\0\0\
\0\0\0\x10\0\0\0\0\0\0\0\x5a\0\0\0\x03\x4c\xff\x6f\0\0\0\x80\0\0\0\0\0\0\0\0\0\
\0\0\0\x80\x61\x02\0\0\0\0\0\x04\0\0\0\0\0\0\0\0\0\0\0\0\0\0\0\x01\0\0\0\0\0\0\
\0\0\0\0\0\0\0\0\0\xbb\0\0\0\x02\0\0\0\0\0\0\0\0\0\0\0\0\0\0\0\0\0\0\0\x68\x47\
\x02\0\0\0\0\0\x28\x02\0\0\0\0\0\0\x01\0\0\0\x13\0\0\0\x08\0\0\0\0\0\0\0\x18\0\
\0\0\0\0\0\0";
}

#ifdef __cplusplus
struct process_bpf *process_bpf::open(const struct bpf_object_open_opts *opts) { return process_bpf__open_opts(opts); }
struct process_bpf *process_bpf::open_and_load() { return process_bpf__open_and_load(); }
int process_bpf::load(struct process_bpf *skel) { return process_bpf__load(skel); }
int process_bpf::attach(struct process_bpf *skel) { return process_bpf__attach(skel); }
void process_bpf::detach(struct process_bpf *skel) { process_bpf__detach(skel); }
void process_bpf::destroy(struct process_bpf *skel) { process_bpf__destroy(skel); }
const void *process_bpf::elf_bytes(size_t *sz) { return process_bpf__elf_bytes(sz); }
#endif /* __cplusplus */

__attribute__((unused)) static void
process_bpf__assert(struct process_bpf *s __attribute__((unused)))
{
#ifdef __cplusplus
#define _Static_assert static_assert
#endif
#ifdef __cplusplus
#undef _Static_assert
#endif
}

#endif /* __PROCESS_BPF_SKEL_H__ */
