/* SPDX-License-Identifier: (LGPL-2.1 OR BSD-2-Clause) */

/* THIS FILE IS AUTOGENERATED BY BPFTOOL! */
#ifndef __PROCESS_BPF_SKEL_H__
#define __PROCESS_BPF_SKEL_H__

#include <errno.h>
#include <stdlib.h>
#include <bpf/libbpf.h>

struct process_bpf {
	struct bpf_object_skeleton *skeleton;
	struct bpf_object *obj;
	struct {
		struct bpf_map *rb;
	} maps;
	struct {
		struct bpf_program *handle_sched_process_exec;
		struct bpf_program *handle_sched_process_exit;
	} progs;
	struct {
		struct bpf_link *handle_sched_process_exec;
		struct bpf_link *handle_sched_process_exit;
	} links;

#ifdef __cplusplus
	static inline struct process_bpf *open(const struct bpf_object_open_opts *opts = nullptr);
	static inline struct process_bpf *open_and_load();
	static inline int load(struct process_bpf *skel);
	static inline int attach(struct process_bpf *skel);
	static inline void detach(struct process_bpf *skel);
	static inline void destroy(struct process_bpf *skel);
	static inline const void *elf_bytes(size_t *sz);
#endif /* __cplusplus */
};

static void
process_bpf__destroy(struct process_bpf *obj)
{
	if (!obj)
		return;
	if (obj->skeleton)
		bpf_object__destroy_skeleton(obj->skeleton);
	free(obj);
}

static inline int
process_bpf__create_skeleton(struct process_bpf *obj);

static inline struct process_bpf *
process_bpf__open_opts(const struct bpf_object_open_opts *opts)
{
	struct process_bpf *obj;
	int err;

	obj = (struct process_bpf *)calloc(1, sizeof(*obj));
	if (!obj) {
		errno = ENOMEM;
		return NULL;
	}

	err = process_bpf__create_skeleton(obj);
	if (err)
		goto err_out;

	err = bpf_object__open_skeleton(obj->skeleton, opts);
	if (err)
		goto err_out;

	return obj;
err_out:
	process_bpf__destroy(obj);
	errno = -err;
	return NULL;
}

static inline struct process_bpf *
process_bpf__open(void)
{
	return process_bpf__open_opts(NULL);
}

static inline int
process_bpf__load(struct process_bpf *obj)
{
	return bpf_object__load_skeleton(obj->skeleton);
}

static inline struct process_bpf *
process_bpf__open_and_load(void)
{
	struct process_bpf *obj;
	int err;

	obj = process_bpf__open();
	if (!obj)
		return NULL;
	err = process_bpf__load(obj);
	if (err) {
		process_bpf__destroy(obj);
		errno = -err;
		return NULL;
	}
	return obj;
}

static inline int
process_bpf__attach(struct process_bpf *obj)
{
	return bpf_object__attach_skeleton(obj->skeleton);
}

static inline void
process_bpf__detach(struct process_bpf *obj)
{
	return bpf_object__detach_skeleton(obj->skeleton);
}

static inline const void *process_bpf__elf_bytes(size_t *sz);

static inline int
process_bpf__create_skeleton(struct process_bpf *obj)
{
	struct bpf_object_skeleton *s;
	int err;

	s = (struct bpf_object_skeleton *)calloc(1, sizeof(*s));
	if (!s)	{
		err = -ENOMEM;
		goto err;
	}

	s->sz = sizeof(*s);
	s->name = "process_bpf";
	s->obj = &obj->obj;

	/* maps */
	s->map_cnt = 1;
	s->map_skel_sz = sizeof(*s->maps);
	s->maps = (struct bpf_map_skeleton *)calloc(s->map_cnt, s->map_skel_sz);
	if (!s->maps) {
		err = -ENOMEM;
		goto err;
	}

	s->maps[0].name = "rb";
	s->maps[0].map = &obj->maps.rb;

	/* programs */
	s->prog_cnt = 2;
	s->prog_skel_sz = sizeof(*s->progs);
	s->progs = (struct bpf_prog_skeleton *)calloc(s->prog_cnt, s->prog_skel_sz);
	if (!s->progs) {
		err = -ENOMEM;
		goto err;
	}

	s->progs[0].name = "handle_sched_process_exec";
	s->progs[0].prog = &obj->progs.handle_sched_process_exec;
	s->progs[0].link = &obj->links.handle_sched_process_exec;

	s->progs[1].name = "handle_sched_process_exit";
	s->progs[1].prog = &obj->progs.handle_sched_process_exit;
	s->progs[1].link = &obj->links.handle_sched_process_exit;

	s->data = (void *)process_bpf__elf_bytes(&s->data_sz);

	obj->skeleton = s;
	return 0;
err:
	bpf_object__destroy_skeleton(s);
	return err;
}

static inline const void *process_bpf__elf_bytes(size_t *sz)
{
	*sz = 159504;
	return (const void *)"\
\x7f\x45\x4c\x46\x02\x01\x01\0\0\0\0\0\0\0\0\0\x01\0\xf7\0\x01\0\0\0\0\0\0\0\0\
\0\0\0\0\0\0\0\0\0\0\0\x50\x6b\x02\0\0\0\0\0\0\0\0\0\x40\0\0\0\0\0\x40\0\x0f\0\
\x01\0\xb7\x02\0\0\x44\0\0\0\x79\x17\0\0\0\0\0\0\xbf\x73\0\0\0\0\0\0\x0f\x23\0\
\0\0\0\0\0\x79\x18\x10\0\0\0\0\0\xbf\xa1\0\0\0\0\0\0\x07\x01\0\0\xf8\xff\xff\
\xff\xb7\x02\0\0\x04\0\0\0\x85\0\0\0\x71\0\0\0\x61\xa1\xf8\xff\0\0\0\0\x57\x01\
\0\0\0\0\x20\0\x55\x01\x9d\x02\0\0\0\0\xb7\x06\0\0\0\0\0\0\x18\x01\0\0\0\0\0\0\
\0\0\0\0\0\0\0\0\xb7\x02\0\0\xb0\x04\0\0\xb7\x03\0\0\0\0\0\0\x85\0\0\0\x83\0\0\
\0\x15\0\x96\x02\0\0\0\0\x7b\x8a\xd8\xff\0\0\0\0\x7b\x0a\xd0\xff\0\0\0\0\xbf\
\x01\0\0\0\0\0\0\x63\x61\0\0\0\0\0\0\x7b\x1a\xe0\xff\0\0\0\0\x63\x61\xa8\x04\0\
\0\0\0\xb7\x01\0\0\xd8\x05\0\0\x7b\x7a\xe8\xff\0\0\0\0\xbf\x73\0\0\0\0\0\0\x0f\
\x13\0\0\0\0\0\0\xbf\xa1\0\0\0\0\0\0\x07\x01\0\0\xf0\xff\xff\xff\xb7\x02\0\0\
\x08\0\0\0\x85\0\0\0\x71\0\0\0\xb7\x01\0\0\x08\x06\0\0\x79\xa3\xf0\xff\0\0\0\0\
\x0f\x13\0\0\0\0\0\0\xbf\xa1\0\0\0\0\0\0\x07\x01\0\0\xf8\xff\xff\xff\xb7\x02\0\
\0\x08\0\0\0\x85\0\0\0\x71\0\0\0\xb7\x09\0\0\x40\0\0\0\x79\xa6\xf8\xff\0\0\0\0\
\x05\0\x06\0\0\0\0\0\x07\x09\0\0\xff\xff\xff\xff\xbf\x91\0\0\0\0\0\0\x67\x01\0\
\0\x20\0\0\0\x77\x01\0\0\x20\0\0\0\xbf\x86\0\0\0\0\0\0\x15\x01\x20\0\0\0\0\0\
\xbf\x63\0\0\0\0\0\0\xb7\x01\0\0\xd8\x05\0\0\x0f\x13\0\0\0\0\0\0\xbf\xa1\0\0\0\
\0\0\0\x07\x01\0\0\xf0\xff\xff\xff\xb7\x02\0\0\x08\0\0\0\x85\0\0\0\x71\0\0\0\
\x79\xa3\xf0\xff\0\0\0\0\xb7\x01\0\0\x08\x06\0\0\x0f\x13\0\0\0\0\0\0\xbf\xa1\0\
\0\0\0\0\0\x07\x01\0\0\xf8\xff\xff\xff\xb7\x02\0\0\x08\0\0\0\x85\0\0\0\x71\0\0\
\0\x79\xa8\xf8\xff\0\0\0\0\x15\x08\x10\0\0\0\0\0\xbf\x63\0\0\0\0\0\0\xb7\x07\0\
\0\xa0\x08\0\0\x0f\x73\0\0\0\0\0\0\xbf\xa1\0\0\0\0\0\0\x07\x01\0\0\xf8\xff\xff\
\xff\xb7\x02\0\0\x08\0\0\0\x85\0\0\0\x71\0\0\0\xbf\x83\0\0\0\0\0\0\x0f\x73\0\0\
\0\0\0\0\x79\xa7\xf8\xff\0\0\0\0\xbf\xa1\0\0\0\0\0\0\x07\x01\0\0\xf8\xff\xff\
\xff\xb7\x02\0\0\x08\0\0\0\x85\0\0\0\x71\0\0\0\x79\xa1\xf8\xff\0\0\0\0\x1d\x17\
\xda\xff\0\0\0\0\xb7\x07\0\0\xcc\x05\0\0\xbf\x63\0\0\0\0\0\0\x0f\x73\0\0\0\0\0\
\0\xbf\xa1\0\0\0\0\0\0\x07\x01\0\0\xf8\xff\xff\xff\xb7\x02\0\0\x04\0\0\0\x85\0\
\0\0\x71\0\0\0\x61\xa1\xf8\xff\0\0\0\0\x79\xa4\xe0\xff\0\0\0\0\x63\x14\x0c\0\0\
\0\0\0\xb7\x08\0\0\0\x07\0\0\x0f\x86\0\0\0\0\0\0\xbf\xa1\0\0\0\0\0\0\x07\x01\0\
\0\xf8\xff\xff\xff\xb7\x02\0\0\x08\0\0\0\xbf\x63\0\0\0\0\0\0\xbf\x46\0\0\0\0\0\
\0\x85\0\0\0\x71\0\0\0\x79\xa1\xf8\xff\0\0\0\0\x7b\x16\x18\0\0\0\0\0\xb7\x01\0\
\0\x08\x06\0\0\x79\xa9\xe8\xff\0\0\0\0\xbf\x93\0\0\0\0\0\0\x0f\x13\0\0\0\0\0\0\
\xbf\xa1\0\0\0\0\0\0\x07\x01\0\0\xf0\xff\xff\xff\xb7\x02\0\0\x08\0\0\0\x85\0\0\
\0\x71\0\0\0\x79\xa3\xf0\xff\0\0\0\0\x0f\x83\0\0\0\0\0\0\xbf\xa1\0\0\0\0\0\0\
\x07\x01\0\0\xf8\xff\xff\xff\xb7\x02\0\0\x08\0\0\0\x85\0\0\0\x71\0\0\0\x79\xa1\
\xf8\xff\0\0\0\0\x7b\x16\x10\0\0\0\0\0\xbf\x93\0\0\0\0\0\0\x0f\x73\0\0\0\0\0\0\
\xbf\xa1\0\0\0\0\0\0\x07\x01\0\0\xf8\xff\xff\xff\xb7\x02\0\0\x04\0\0\0\x85\0\0\
\0\x71\0\0\0\x61\xa1\xf8\xff\0\0\0\0\x63\x16\x08\0\0\0\0\0\xb7\x01\0\0\x88\x07\
\0\0\xbf\x98\0\0\0\0\0\0\x0f\x18\0\0\0\0\0\0\xbf\xa1\0\0\0\0\0\0\x07\x01\0\0\
\xf8\xff\xff\xff\xb7\x02\0\0\x08\0\0\0\xbf\x83\0\0\0\0\0\0\x85\0\0\0\x71\0\0\0\
\xb7\x01\0\0\x14\0\0\0\x79\xa3\xf8\xff\0\0\0\0\x0f\x13\0\0\0\0\0\0\xbf\xa1\0\0\
\0\0\0\0\x07\x01\0\0\xf0\xff\xff\xff\xb7\x02\0\0\x04\0\0\0\x85\0\0\0\x71\0\0\0\
\x61\xa1\xf0\xff\0\0\0\0\x63\x16\x24\x02\0\0\0\0\xbf\xa1\0\0\0\0\0\0\x07\x01\0\
\0\xf8\xff\xff\xff\xb7\x02\0\0\x08\0\0\0\xbf\x83\0\0\0\0\0\0\x85\0\0\0\x71\0\0\
\0\xb7\x01\0\0\x18\0\0\0\x79\xa3\xf8\xff\0\0\0\0\x0f\x13\0\0\0\0\0\0\xbf\xa1\0\
\0\0\0\0\0\x07\x01\0\0\xf0\xff\xff\xff\xb7\x02\0\0\x04\0\0\0\x85\0\0\0\x71\0\0\
\0\x61\xa1\xf0\xff\0\0\0\0\x63\x16\x28\x02\0\0\0\0\xb7\x01\0\0\x10\x05\0\0\x0f\
\x19\0\0\0\0\0\0\xbf\xa1\0\0\0\0\0\0\x07\x01\0\0\xf0\xff\xff\xff\xb7\x02\0\0\
\x08\0\0\0\xbf\x93\0\0\0\0\0\0\x85\0\0\0\x71\0\0\0\xb7\x01\0\0\x38\x01\0\0\x79\
\xa3\xf0\xff\0\0\0\0\x0f\x13\0\0\0\0\0\0\xbf\xa1\0\0\0\0\0\0\x07\x01\0\0\xf8\
\xff\xff\xff\xb7\x02\0\0\x08\0\0\0\x85\0\0\0\x71\0\0\0\x79\xa8\xf8\xff\0\0\0\0\
\xbf\xa1\0\0\0\0\0\0\x07\x01\0\0\xf0\xff\xff\xff\xb7\x02\0\0\x08\0\0\0\xbf\x93\
\0\0\0\0\0\0\x85\0\0\0\x71\0\0\0\xb7\x01\0\0\x40\x01\0\0\x79\xa3\xf0\xff\0\0\0\
\0\x0f\x13\0\0\0\0\0\0\xbf\xa1\0\0\0\0\0\0\x07\x01\0\0\xf8\xff\xff\xff\xb7\x02\
\0\0\x08\0\0\0\x85\0\0\0\x71\0\0\0\x79\xa2\xf8\xff\0\0\0\0\x1f\x82\0\0\0\0\0\0\
\xb7\x01\0\0\0\x02\0\0\x2d\x21\x01\0\0\0\0\0\xb7\x02\0\0\0\x02\0\0\x63\x26\x20\
\x02\0\0\0\0\x79\xa1\xd0\xff\0\0\0\0\x07\x01\0\0\x20\0\0\0\xbf\x83\0\0\0\0\0\0\
\x85\0\0\0\x70\0\0\0\x61\x61\x20\x02\0\0\0\0\x55\x01\x02\0\0\x02\0\0\xb7\x01\0\
\0\0\0\0\0\x73\x16\x1f\x02\0\0\0\0\xb7\x01\0\0\xf0\x07\0\0\x79\xa8\xe8\xff\0\0\
\0\0\x0f\x18\0\0\0\0\0\0\xbf\xa9\0\0\0\0\0\0\x07\x09\0\0\xf8\xff\xff\xff\xbf\
\x91\0\0\0\0\0\0\xb7\x02\0\0\x08\0\0\0\xbf\x83\0\0\0\0\0\0\x85\0\0\0\x71\0\0\0\
\xb7\x01\0\0\x20\0\0\0\x79\xa3\xf8\xff\0\0\0\0\x0f\x13\0\0\0\0\0\0\xbf\x91\0\0\
\0\0\0\0\xb7\x02\0\0\x08\0\0\0\x85\0\0\0\x71\0\0\0\xb7\x01\0\0\x78\0\0\0\x79\
\xa3\xf8\xff\0\0\0\0\x0f\x13\0\0\0\0\0\0\xbf\xa1\0\0\0\0\0\0\x07\x01\0\0\xf0\
\xff\xff\xff\xb7\x02\0\0\x04\0\0\0\x85\0\0\0\x71\0\0\0\x61\xa1\xf0\xff\0\0\0\0\
\x7b\x16\x78\x04\0\0\0\0\xbf\xa9\0\0\0\0\0\0\x07\x09\0\0\xf8\xff\xff\xff\xbf\
\x91\0\0\0\0\0\0\xb7\x02\0\0\x08\0\0\0\xbf\x83\0\0\0\0\0\0\x85\0\0\0\x71\0\0\0\
\xb7\x01\0\0\x18\0\0\0\x79\xa3\xf8\xff\0\0\0\0\x0f\x13\0\0\0\0\0\0\xbf\x91\0\0\
\0\0\0\0\xb7\x02\0\0\x08\0\0\0\x85\0\0\0\x71\0\0\0\xb7\x01\0\0\x10\0\0\0\x79\
\xa3\xf8\xff\0\0\0\0\x0f\x13\0\0\0\0\0\0\xbf\xa1\0\0\0\0\0\0\x07\x01\0\0\xf0\
\xff\xff\xff\xb7\x02\0\0\x04\0\0\0\x85\0\0\0\x71\0\0\0\x61\xa1\xf0\xff\0\0\0\0\
\x7b\x16\x90\x04\0\0\0\0\xbf\xa9\0\0\0\0\0\0\x07\x09\0\0\xf8\xff\xff\xff\xbf\
\x91\0\0\0\0\0\0\xb7\x02\0\0\x08\0\0\0\xbf\x83\0\0\0\0\0\0\x85\0\0\0\x71\0\0\0\
\xb7\x01\0\0\x40\0\0\0\x79\xa3\xf8\xff\0\0\0\0\x0f\x13\0\0\0\0\0\0\xbf\x91\0\0\
\0\0\0\0\xb7\x02\0\0\x08\0\0\0\x85\0\0\0\x71\0\0\0\xb7\x01\0\0\x10\0\0\0\x79\
\xa3\xf8\xff\0\0\0\0\x0f\x13\0\0\0\0\0\0\xbf\xa1\0\0\0\0\0\0\x07\x01\0\0\xf0\
\xff\xff\xff\xb7\x02\0\0\x04\0\0\0\x85\0\0\0\x71\0\0\0\x61\xa1\xf0\xff\0\0\0\0\
\x7b\x16\x70\x04\0\0\0\0\xbf\xa9\0\0\0\0\0\0\x07\x09\0\0\xf8\xff\xff\xff\xbf\
\x91\0\0\0\0\0\0\xb7\x02\0\0\x08\0\0\0\xbf\x83\0\0\0\0\0\0\x85\0\0\0\x71\0\0\0\
\xb7\x01\0\0\x10\0\0\0\x79\xa3\xf8\xff\0\0\0\0\x0f\x13\0\0\0\0\0\0\xbf\x91\0\0\
\0\0\0\0\xb7\x02\0\0\x08\0\0\0\x85\0\0\0\x71\0\0\0\xb7\x01\0\0\x30\x03\0\0\x79\
\xa3\xf8\xff\0\0\0\0\x0f\x13\0\0\0\0\0\0\xbf\xa1\0\0\0\0\0\0\x07\x01\0\0\xf0\
\xff\xff\xff\xb7\x02\0\0\x04\0\0\0\x85\0\0\0\x71\0\0\0\x61\xa1\xf0\xff\0\0\0\0\
\x7b\x16\xa0\x04\0\0\0\0\xbf\xa9\0\0\0\0\0\0\x07\x09\0\0\xf8\xff\xff\xff\xbf\
\x91\0\0\0\0\0\0\xb7\x02\0\0\x08\0\0\0\xbf\x83\0\0\0\0\0\0\x85\0\0\0\x71\0\0\0\
\xb7\x01\0\0\x28\0\0\0\x79\xa3\xf8\xff\0\0\0\0\x0f\x13\0\0\0\0\0\0\xbf\x91\0\0\
\0\0\0\0\xb7\x02\0\0\x08\0\0\0\x85\0\0\0\x71\0\0\0\xb7\x01\0\0\x88\0\0\0\x79\
\xa3\xf8\xff\0\0\0\0\x0f\x13\0\0\0\0\0\0\xbf\xa1\0\0\0\0\0\0\x07\x01\0\0\xf0\
\xff\xff\xff\xb7\x02\0\0\x04\0\0\0\x85\0\0\0\x71\0\0\0\x61\xa1\xf0\xff\0\0\0\0\
\x7b\x16\x98\x04\0\0\0\0\xbf\xa9\0\0\0\0\0\0\x07\x09\0\0\xf8\xff\xff\xff\xbf\
\x91\0\0\0\0\0\0\xb7\x02\0\0\x08\0\0\0\xbf\x83\0\0\0\0\0\0\x7b\x8a\xc8\xff\0\0\
\0\0\x85\0\0\0\x71\0\0\0\xbf\x67\0\0\0\0\0\0\xb7\x06\0\0\x08\0\0\0\x79\xa3\xf8\
\xff\0\0\0\0\x0f\x63\0\0\0\0\0\0\xbf\x91\0\0\0\0\0\0\xb7\x02\0\0\x08\0\0\0\x85\
\0\0\0\x71\0\0\0\xb7\x01\0\0\x88\x01\0\0\x79\xa3\xf8\xff\0\0\0\0\x0f\x13\0\0\0\
\0\0\0\xbf\x91\0\0\0\0\0\0\xb7\x02\0\0\x08\0\0\0\x85\0\0\0\x71\0\0\0\xb7\x01\0\
\0\0\x01\0\0\x79\xa3\xf8\xff\0\0\0\0\x0f\x13\0\0\0\0\0\0\xbf\xa1\0\0\0\0\0\0\
\x07\x01\0\0\xf0\xff\xff\xff\xb7\x02\0\0\x04\0\0\0\x85\0\0\0\x71\0\0\0\x61\xa1\
\xf0\xff\0\0\0\0\x7b\x17\x80\x04\0\0\0\0\xbf\xa9\0\0\0\0\0\0\x07\x09\0\0\xf8\
\xff\xff\xff\xbf\x91\0\0\0\0\0\0\xb7\x02\0\0\x08\0\0\0\xbf\x83\0\0\0\0\0\0\x85\
\0\0\0\x71\0\0\0\x79\xa3\xf8\xff\0\0\0\0\x0f\x63\0\0\0\0\0\0\xbf\x91\0\0\0\0\0\
\0\xb7\x02\0\0\x08\0\0\0\x85\0\0\0\x71\0\0\0\xb7\x01\0\0\xa8\x01\0\0\x79\xa3\
\xf8\xff\0\0\0\0\x0f\x13\0\0\0\0\0\0\xbf\xa1\0\0\0\0\0\0\x07\x01\0\0\xf0\xff\
\xff\xff\xb7\x02\0\0\x04\0\0\0\x85\0\0\0\x71\0\0\0\x61\xa1\xf0\xff\0\0\0\0\x7b\
\x17\x88\x04\0\0\0\0\xb7\x01\0\0\x40\0\0\0\x79\xa9\xd8\xff\0\0\0\0\x0f\x19\0\0\
\0\0\0\0\xbf\xa8\0\0\0\0\0\0\x07\x08\0\0\xf0\xff\xff\xff\xbf\x81\0\0\0\0\0\0\
\xb7\x02\0\0\x08\0\0\0\xbf\x93\0\0\0\0\0\0\x85\0\0\0\x71\0\0\0\xb7\x01\0\0\x28\
\0\0\0\x79\xa3\xf0\xff\0\0\0\0\x0f\x13\0\0\0\0\0\0\xb7\x06\0\0\x28\0\0\0\xbf\
\x81\0\0\0\0\0\0\xb7\x02\0\0\x08\0\0\0\x85\0\0\0\x71\0\0\0\xb7\x01\0\0\x40\0\0\
\0\x79\xa3\xf0\xff\0\0\0\0\x0f\x13\0\0\0\0\0\0\xbf\xa1\0\0\0\0\0\0\x07\x01\0\0\
\xf8\xff\xff\xff\xb7\x02\0\0\x08\0\0\0\x85\0\0\0\x71\0\0\0\x79\xa1\xf8\xff\0\0\
\0\0\x63\x17\x3c\x04\0\0\0\0\xbf\xa8\0\0\0\0\0\0\x07\x08\0\0\xf8\xff\xff\xff\
\xbf\x81\0\0\0\0\0\0\xb7\x02\0\0\x08\0\0\0\xbf\x93\0\0\0\0\0\0\x85\0\0\0\x71\0\
\0\0\x79\xa3\xf8\xff\0\0\0\0\x0f\x63\0\0\0\0\0\0\xbf\x81\0\0\0\0\0\0\xb7\x02\0\
\0\x08\0\0\0\x85\0\0\0\x71\0\0\0\xb7\x01\0\0\x04\0\0\0\x79\xa3\xf8\xff\0\0\0\0\
\x0f\x13\0\0\0\0\0\0\xbf\xa1\0\0\0\0\0\0\x07\x01\0\0\xf0\xff\xff\xff\xb7\x02\0\
\0\x04\0\0\0\x85\0\0\0\x71\0\0\0\x61\xa1\xf0\xff\0\0\0\0\x63\x17\x40\x04\0\0\0\
\0\xbf\xa8\0\0\0\0\0\0\x07\x08\0\0\xf8\xff\xff\xff\xbf\x81\0\0\0\0\0\0\xb7\x02\
\0\0\x08\0\0\0\xbf\x93\0\0\0\0\0\0\x85\0\0\0\x71\0\0\0\x79\xa3\xf8\xff\0\0\0\0\
\x0f\x63\0\0\0\0\0\0\xbf\x81\0\0\0\0\0\0\xb7\x02\0\0\x08\0\0\0\x85\0\0\0\x71\0\
\0\0\xb7\x01\0\0\x08\0\0\0\x79\xa3\xf8\xff\0\0\0\0\x0f\x13\0\0\0\0\0\0\xbf\xa1\
\0\0\0\0\0\0\x07\x01\0\0\xf0\xff\xff\xff\xb7\x02\0\0\x04\0\0\0\x85\0\0\0\x71\0\
\0\0\x61\xa1\xf0\xff\0\0\0\0\x63\x17\x44\x04\0\0\0\0\xbf\xa8\0\0\0\0\0\0\x07\
\x08\0\0\xf8\xff\xff\xff\xbf\x81\0\0\0\0\0\0\xb7\x02\0\0\x08\0\0\0\xbf\x93\0\0\
\0\0\0\0\x85\0\0\0\x71\0\0\0\x79\xa3\xf8\xff\0\0\0\0\x0f\x63\0\0\0\0\0\0\xbf\
\x81\0\0\0\0\0\0\xb7\x02\0\0\x08\0\0\0\x85\0\0\0\x71\0\0\0\xb7\x01\0\0\0\0\0\0\
\x79\xa3\xf8\xff\0\0\0\0\x0f\x13\0\0\0\0\0\0\xbf\xa1\0\0\0\0\0\0\x07\x01\0\0\
\xf0\xff\xff\xff\xb7\x02\0\0\x02\0\0\0\x85\0\0\0\x71\0\0\0\x69\xa1\xf0\xff\0\0\
\0\0\x6b\x17\x4c\x04\0\0\0\0\xbf\xa8\0\0\0\0\0\0\x07\x08\0\0\xf0\xff\xff\xff\
\xbf\x81\0\0\0\0\0\0\xb7\x02\0\0\x08\0\0\0\xbf\x93\0\0\0\0\0\0\x85\0\0\0\x71\0\
\0\0\x79\xa3\xf0\xff\0\0\0\0\x0f\x63\0\0\0\0\0\0\xbf\x81\0\0\0\0\0\0\xb7\x02\0\
\0\x08\0\0\0\x85\0\0\0\x71\0\0\0\xb7\x01\0\0\x68\0\0\0\x79\xa3\xf0\xff\0\0\0\0\
\x0f\x13\0\0\0\0\0\0\xbf\xa1\0\0\0\0\0\0\x07\x01\0\0\xf8\xff\xff\xff\xb7\x02\0\
\0\x08\0\0\0\x85\0\0\0\x71\0\0\0\x79\xa1\xf8\xff\0\0\0\0\x7b\x17\x50\x04\0\0\0\
\0\xbf\xa8\0\0\0\0\0\0\x07\x08\0\0\xf0\xff\xff\xff\xbf\x81\0\0\0\0\0\0\xb7\x02\
\0\0\x08\0\0\0\xbf\x93\0\0\0\0\0\0\x85\0\0\0\x71\0\0\0\x79\xa3\xf0\xff\0\0\0\0\
\x0f\x63\0\0\0\0\0\0\xbf\x81\0\0\0\0\0\0\xb7\x02\0\0\x08\0\0\0\x85\0\0\0\x71\0\
\0\0\xb7\x01\0\0\x70\0\0\0\x79\xa3\xf0\xff\0\0\0\0\x0f\x13\0\0\0\0\0\0\xbf\xa1\
\0\0\0\0\0\0\x07\x01\0\0\xf8\xff\xff\xff\xb7\x02\0\0\x08\0\0\0\x85\0\0\0\x71\0\
\0\0\x79\xa1\xf8\xff\0\0\0\0\x7b\x17\x58\x04\0\0\0\0\xbf\xa8\0\0\0\0\0\0\x07\
\x08\0\0\xf0\xff\xff\xff\xbf\x81\0\0\0\0\0\0\xb7\x02\0\0\x08\0\0\0\xbf\x93\0\0\
\0\0\0\0\x85\0\0\0\x71\0\0\0\x79\xa3\xf0\xff\0\0\0\0\x0f\x63\0\0\0\0\0\0\xbf\
\x81\0\0\0\0\0\0\xb7\x02\0\0\x08\0\0\0\x85\0\0\0\x71\0\0\0\xb7\x01\0\0\x78\0\0\
\0\x79\xa3\xf0\xff\0\0\0\0\x0f\x13\0\0\0\0\0\0\xbf\xa1\0\0\0\0\0\0\x07\x01\0\0\
\xf8\xff\xff\xff\xb7\x02\0\0\x08\0\0\0\x85\0\0\0\x71\0\0\0\x79\xa1\xf8\xff\0\0\
\0\0\x7b\x17\x60\x04\0\0\0\0\xbf\xa8\0\0\0\0\0\0\x07\x08\0\0\xf0\xff\xff\xff\
\xbf\x81\0\0\0\0\0\0\xb7\x02\0\0\x08\0\0\0\xbf\x93\0\0\0\0\0\0\x85\0\0\0\x71\0\
\0\0\x79\xa3\xf0\xff\0\0\0\0\x0f\x63\0\0\0\0\0\0\xbf\x81\0\0\0\0\0\0\xb7\x02\0\
\0\x08\0\0\0\x85\0\0\0\x71\0\0\0\xb7\x01\0\0\x80\0\0\0\x79\xa3\xf0\xff\0\0\0\0\
\x0f\x13\0\0\0\0\0\0\xbf\xa1\0\0\0\0\0\0\x07\x01\0\0\xf8\xff\xff\xff\xb7\x02\0\
\0\x08\0\0\0\x85\0\0\0\x71\0\0\0\x79\xa1\xf8\xff\0\0\0\0\x7b\x17\x68\x04\0\0\0\
\0\xbf\xa8\0\0\0\0\0\0\x07\x08\0\0\xf8\xff\xff\xff\xbf\x81\0\0\0\0\0\0\xb7\x02\
\0\0\x08\0\0\0\xbf\x93\0\0\0\0\0\0\x85\0\0\0\x71\0\0\0\x79\xa3\xf8\xff\0\0\0\0\
\x0f\x63\0\0\0\0\0\0\xbf\x81\0\0\0\0\0\0\xb7\x02\0\0\x08\0\0\0\x85\0\0\0\x71\0\
\0\0\xb7\x01\0\0\x28\0\0\0\x79\xa3\xf8\xff\0\0\0\0\x0f\x13\0\0\0\0\0\0\xbf\x81\
\0\0\0\0\0\0\xb7\x02\0\0\x08\0\0\0\x85\0\0\0\x71\0\0\0\xb7\x01\0\0\x10\0\0\0\
\x79\xa3\xf8\xff\0\0\0\0\x0f\x13\0\0\0\0\0\0\xbf\xa1\0\0\0\0\0\0\x07\x01\0\0\
\xf0\xff\xff\xff\xb7\x02\0\0\x04\0\0\0\x85\0\0\0\x71\0\0\0\x18\x01\0\0\0\0\xf0\
\xff\0\0\0\0\0\0\0\0\x61\xa2\xf0\xff\0\0\0\0\xbf\x23\0\0\0\0\0\0\x67\x03\0\0\
\x0c\0\0\0\x5f\x13\0\0\0\0\0\0\xbf\x21\0\0\0\0\0\0\x57\x01\0\0\xff\0\0\0\x77\
\x02\0\0\x0c\0\0\0\x57\x02\0\0\0\xff\x0f\0\x4f\x12\0\0\0\0\0\0\x4f\x32\0\0\0\0\
\0\0\x63\x27\x38\x04\0\0\0\0\xb7\x01\0\0\x68\0\0\0\x79\xa3\xd8\xff\0\0\0\0\x0f\
\x13\0\0\0\0\0\0\xbf\xa1\0\0\0\0\0\0\x07\x01\0\0\xf8\xff\xff\xff\xb7\x02\0\0\
\x08\0\0\0\x85\0\0\0\x71\0\0\0\x79\xa3\xf8\xff\0\0\0\0\x79\xa1\xd0\xff\0\0\0\0\
\x07\x01\0\0\x30\x02\0\0\xb7\x02\0\0\0\x02\0\0\x85\0\0\0\x2d\0\0\0\xbf\xa8\0\0\
\0\0\0\0\x07\x08\0\0\xf8\xff\xff\xff\xbf\x81\0\0\0\0\0\0\xb7\x02\0\0\x08\0\0\0\
\x79\xa3\xc8\xff\0\0\0\0\x85\0\0\0\x71\0\0\0\x79\xa3\xf8\xff\0\0\0\0\xb7\x01\0\
\0\x18\0\0\0\x0f\x13\0\0\0\0\0\0\xbf\x81\0\0\0\0\0\0\x79\xa8\xe8\xff\0\0\0\0\
\xb7\x02\0\0\x08\0\0\0\x85\0\0\0\x71\0\0\0\x79\xa3\xf8\xff\0\0\0\0\xb7\x01\0\0\
\x10\0\0\0\x0f\x13\0\0\0\0\0\0\xbf\xa1\0\0\0\0\0\0\x07\x01\0\0\xf0\xff\xff\xff\
\xb7\x02\0\0\x04\0\0\0\x85\0\0\0\x71\0\0\0\x61\xa1\xf0\xff\0\0\0\0\x7b\x17\x30\
\x04\0\0\0\0\xb7\x09\0\0\x40\0\0\0\x05\0\x06\0\0\0\0\0\x07\x09\0\0\xff\xff\xff\
\xff\xbf\x91\0\0\0\0\0\0\x67\x01\0\0\x20\0\0\0\x77\x01\0\0\x20\0\0\0\xbf\x68\0\
\0\0\0\0\0\x15\x01\x47\0\0\0\0\0\xbf\x83\0\0\0\0\0\0\xb7\x01\0\0\xd8\x05\0\0\
\x0f\x13\0\0\0\0\0\0\xbf\xa1\0\0\0\0\0\0\x07\x01\0\0\xf0\xff\xff\xff\xb7\x02\0\
\0\x08\0\0\0\x85\0\0\0\x71\0\0\0\x79\xa3\xf0\xff\0\0\0\0\xb7\x01\0\0\x08\x06\0\
\0\x0f\x13\0\0\0\0\0\0\xbf\xa1\0\0\0\0\0\0\x07\x01\0\0\xf8\xff\xff\xff\xb7\x02\
\0\0\x08\0\0\0\x85\0\0\0\x71\0\0\0\x79\xa6\xf8\xff\0\0\0\0\x15\x06\x37\0\0\0\0\
\0\xbf\x63\0\0\0\0\0\0\xb7\x01\0\0\xcc\x05\0\0\x0f\x13\0\0\0\0\0\0\xbf\xa1\0\0\
\0\0\0\0\x07\x01\0\0\xf8\xff\xff\xff\xb7\x02\0\0\x04\0\0\0\x85\0\0\0\x71\0\0\0\
\x61\xa1\xf8\xff\0\0\0\0\x15\x01\x2e\0\0\0\0\0\xbf\x83\0\0\0\0\0\0\xb7\x07\0\0\
\xf0\x07\0\0\x0f\x73\0\0\0\0\0\0\x7b\x8a\xe8\xff\0\0\0\0\xbf\xa8\0\0\0\0\0\0\
\x07\x08\0\0\xf8\xff\xff\xff\xbf\x81\0\0\0\0\0\0\xb7\x02\0\0\x08\0\0\0\x85\0\0\
\0\x71\0\0\0\x79\xa3\xf8\xff\0\0\0\0\xb7\x01\0\0\x18\0\0\0\x0f\x13\0\0\0\0\0\0\
\xbf\x81\0\0\0\0\0\0\xb7\x02\0\0\x08\0\0\0\x85\0\0\0\x71\0\0\0\x79\xa3\xf8\xff\
\0\0\0\0\xb7\x01\0\0\x10\0\0\0\x0f\x13\0\0\0\0\0\0\xbf\xa1\0\0\0\0\0\0\x07\x01\
\0\0\xf0\xff\xff\xff\xb7\x02\0\0\x04\0\0\0\x85\0\0\0\x71\0\0\0\xbf\x63\0\0\0\0\
\0\0\x0f\x73\0\0\0\0\0\0\x61\xa7\xf0\xff\0\0\0\0\xbf\xa8\0\0\0\0\0\0\x07\x08\0\
\0\xf8\xff\xff\xff\xbf\x81\0\0\0\0\0\0\xb7\x02\0\0\x08\0\0\0\x85\0\0\0\x71\0\0\
\0\x79\xa3\xf8\xff\0\0\0\0\xb7\x01\0\0\x18\0\0\0\x0f\x13\0\0\0\0\0\0\xbf\x81\0\
\0\0\0\0\0\x79\xa8\xe8\xff\0\0\0\0\xb7\x02\0\0\x08\0\0\0\x85\0\0\0\x71\0\0\0\
\x79\xa3\xf8\xff\0\0\0\0\xb7\x01\0\0\x10\0\0\0\x0f\x13\0\0\0\0\0\0\xbf\xa1\0\0\
\0\0\0\0\x07\x01\0\0\xf0\xff\xff\xff\xb7\x02\0\0\x04\0\0\0\x85\0\0\0\x71\0\0\0\
\x61\xa1\xf0\xff\0\0\0\0\x1d\x17\xb3\xff\0\0\0\0\xb7\x01\0\0\xcc\x05\0\0\x0f\
\x18\0\0\0\0\0\0\xbf\xa1\0\0\0\0\0\0\x07\x01\0\0\xf8\xff\xff\xff\xb7\x02\0\0\
\x04\0\0\0\xbf\x83\0\0\0\0\0\0\x85\0\0\0\x71\0\0\0\x61\xa2\xf8\xff\0\0\0\0\x79\
\xa1\xe0\xff\0\0\0\0\x63\x21\x48\x04\0\0\0\0\xb7\x02\0\0\0\0\0\0\x85\0\0\0\x84\
\0\0\0\xb7\0\0\0\0\0\0\0\x95\0\0\0\0\0\0\0\xb7\x02\0\0\x44\0\0\0\x79\x19\0\0\0\
\0\0\0\xbf\x93\0\0\0\0\0\0\x0f\x23\0\0\0\0\0\0\xbf\xa1\0\0\0\0\0\0\x07\x01\0\0\
\xf8\xff\xff\xff\xb7\x02\0\0\x04\0\0\0\x85\0\0\0\x71\0\0\0\x61\xa1\xf8\xff\0\0\
\0\0\x57\x01\0\0\0\0\x20\0\x55\x01\x0f\x01\0\0\0\0\xb7\x01\0\0\xc8\x05\0\0\xbf\
\x93\0\0\0\0\0\0\x0f\x13\0\0\0\0\0\0\xbf\xa1\0\0\0\0\0\0\x07\x01\0\0\xf8\xff\
\xff\xff\xb7\x02\0\0\x04\0\0\0\x85\0\0\0\x71\0\0\0\xb7\x01\0\0\xcc\x05\0\0\xbf\
\x93\0\0\0\0\0\0\x0f\x13\0\0\0\0\0\0\x61\xa6\xf8\xff\0\0\0\0\xbf\xa1\0\0\0\0\0\
\0\x07\x01\0\0\xf8\xff\xff\xff\xb7\x02\0\0\x04\0\0\0\x85\0\0\0\x71\0\0\0\x61\
\xa1\xf8\xff\0\0\0\0\x5d\x16\xfe\0\0\0\0\0\xb7\x07\0\0\x40\0\0\0\x7b\x9a\xe8\
\xff\0\0\0\0\x05\0\x06\0\0\0\0\0\x07\x07\0\0\xff\xff\xff\xff\xbf\x71\0\0\0\0\0\
\0\x67\x01\0\0\x20\0\0\0\x77\x01\0\0\x20\0\0\0\xbf\x89\0\0\0\0\0\0\x15\x01\x20\
\0\0\0\0\0\xbf\x93\0\0\0\0\0\0\xb7\x01\0\0\xd8\x05\0\0\x0f\x13\0\0\0\0\0\0\xbf\
\xa1\0\0\0\0\0\0\x07\x01\0\0\xf0\xff\xff\xff\xb7\x02\0\0\x08\0\0\0\x85\0\0\0\
\x71\0\0\0\x79\xa3\xf0\xff\0\0\0\0\xb7\x01\0\0\x08\x06\0\0\x0f\x13\0\0\0\0\0\0\
\xbf\xa1\0\0\0\0\0\0\x07\x01\0\0\xf8\xff\xff\xff\xb7\x02\0\0\x08\0\0\0\x85\0\0\
\0\x71\0\0\0\x79\xa8\xf8\xff\0\0\0\0\x15\x08\x10\0\0\0\0\0\xbf\x93\0\0\0\0\0\0\
\xb7\x06\0\0\xa0\x08\0\0\x0f\x63\0\0\0\0\0\0\xbf\xa1\0\0\0\0\0\0\x07\x01\0\0\
\xf8\xff\xff\xff\xb7\x02\0\0\x08\0\0\0\x85\0\0\0\x71\0\0\0\xbf\x83\0\0\0\0\0\0\
\x0f\x63\0\0\0\0\0\0\x79\xa6\xf8\xff\0\0\0\0\xbf\xa1\0\0\0\0\0\0\x07\x01\0\0\
\xf8\xff\xff\xff\xb7\x02\0\0\x08\0\0\0\x85\0\0\0\x71\0\0\0\x79\xa1\xf8\xff\0\0\
\0\0\x1d\x16\xda\xff\0\0\0\0\x79\xa7\xe8\xff\0\0\0\0\x5d\x79\xd3\0\0\0\0\0\xb7\
\x06\0\0\0\0\0\0\x18\x01\0\0\0\0\0\0\0\0\0\0\0\0\0\0\xb7\x02\0\0\xb0\x04\0\0\
\xb7\x03\0\0\0\0\0\0\x85\0\0\0\x83\0\0\0\x15\0\xcc\0\0\0\0\0\x7b\x0a\xd8\xff\0\
\0\0\0\xbf\x02\0\0\0\0\0\0\xb7\x01\0\0\x01\0\0\0\x63\x12\0\0\0\0\0\0\x7b\x2a\
\xe0\xff\0\0\0\0\x63\x62\xa8\x04\0\0\0\0\xb7\x01\0\0\xd8\x05\0\0\xbf\x73\0\0\0\
\0\0\0\x0f\x13\0\0\0\0\0\0\xbf\xa1\0\0\0\0\0\0\x07\x01\0\0\xf0\xff\xff\xff\xb7\
\x02\0\0\x08\0\0\0\x85\0\0\0\x71\0\0\0\xb7\x01\0\0\x08\x06\0\0\x79\xa3\xf0\xff\
\0\0\0\0\x0f\x13\0\0\0\0\0\0\xbf\xa1\0\0\0\0\0\0\x07\x01\0\0\xf8\xff\xff\xff\
\xb7\x02\0\0\x08\0\0\0\x85\0\0\0\x71\0\0\0\xb7\x08\0\0\x40\0\0\0\x79\xa7\xf8\
\xff\0\0\0\0\x05\0\x06\0\0\0\0\0\x07\x08\0\0\xff\xff\xff\xff\xbf\x81\0\0\0\0\0\
\0\x67\x01\0\0\x20\0\0\0\x77\x01\0\0\x20\0\0\0\xbf\x97\0\0\0\0\0\0\x15\x01\x20\
\0\0\0\0\0\xbf\x73\0\0\0\0\0\0\xb7\x01\0\0\xd8\x05\0\0\x0f\x13\0\0\0\0\0\0\xbf\
\xa1\0\0\0\0\0\0\x07\x01\0\0\xf0\xff\xff\xff\xb7\x02\0\0\x08\0\0\0\x85\0\0\0\
\x71\0\0\0\x79\xa3\xf0\xff\0\0\0\0\xb7\x01\0\0\x08\x06\0\0\x0f\x13\0\0\0\0\0\0\
\xbf\xa1\0\0\0\0\0\0\x07\x01\0\0\xf8\xff\xff\xff\xb7\x02\0\0\x08\0\0\0\x85\0\0\
\0\x71\0\0\0\x79\xa9\xf8\xff\0\0\0\0\x15\x09\x10\0\0\0\0\0\xbf\x73\0\0\0\0\0\0\
\xb7\x06\0\0\xa0\x08\0\0\x0f\x63\0\0\0\0\0\0\xbf\xa1\0\0\0\0\0\0\x07\x01\0\0\
\xf8\xff\xff\xff\xb7\x02\0\0\x08\0\0\0\x85\0\0\0\x71\0\0\0\xbf\x93\0\0\0\0\0\0\
\x0f\x63\0\0\0\0\0\0\x79\xa6\xf8\xff\0\0\0\0\xbf\xa1\0\0\0\0\0\0\x07\x01\0\0\
\xf8\xff\xff\xff\xb7\x02\0\0\x08\0\0\0\x85\0\0\0\x71\0\0\0\x79\xa1\xf8\xff\0\0\
\0\0\x1d\x16\xda\xff\0\0\0\0\xb7\x09\0\0\xcc\x05\0\0\xbf\x73\0\0\0\0\0\0\x0f\
\x93\0\0\0\0\0\0\xbf\xa1\0\0\0\0\0\0\x07\x01\0\0\xf8\xff\xff\xff\xb7\x02\0\0\
\x04\0\0\0\x85\0\0\0\x71\0\0\0\x61\xa1\xf8\xff\0\0\0\0\x79\xa6\xe0\xff\0\0\0\0\
\x63\x16\x0c\0\0\0\0\0\xb7\x08\0\0\0\x07\0\0\x0f\x87\0\0\0\0\0\0\xbf\xa1\0\0\0\
\0\0\0\x07\x01\0\0\xf8\xff\xff\xff\xb7\x02\0\0\x08\0\0\0\xbf\x73\0\0\0\0\0\0\
\x85\0\0\0\x71\0\0\0\x79\xa1\xf8\xff\0\0\0\0\x7b\x16\x18\0\0\0\0\0\xb7\x01\0\0\
\x08\x06\0\0\x79\xa7\xe8\xff\0\0\0\0\xbf\x73\0\0\0\0\0\0\x0f\x13\0\0\0\0\0\0\
\xbf\xa1\0\0\0\0\0\0\x07\x01\0\0\xf0\xff\xff\xff\xb7\x02\0\0\x08\0\0\0\x85\0\0\
\0\x71\0\0\0\x79\xa3\xf0\xff\0\0\0\0\x0f\x83\0\0\0\0\0\0\xbf\xa1\0\0\0\0\0\0\
\x07\x01\0\0\xf8\xff\xff\xff\xb7\x02\0\0\x08\0\0\0\x85\0\0\0\x71\0\0\0\x79\xa1\
\xf8\xff\0\0\0\0\x7b\x16\x10\0\0\0\0\0\xbf\x73\0\0\0\0\0\0\x0f\x93\0\0\0\0\0\0\
\xbf\xa1\0\0\0\0\0\0\x07\x01\0\0\xf8\xff\xff\xff\xb7\x02\0\0\x04\0\0\0\x85\0\0\
\0\x71\0\0\0\x61\xa1\xf8\xff\0\0\0\0\x63\x16\x08\0\0\0\0\0\xb7\x01\0\0\x88\x07\
\0\0\xbf\x79\0\0\0\0\0\0\x0f\x19\0\0\0\0\0\0\xbf\xa1\0\0\0\0\0\0\x07\x01\0\0\
\xf8\xff\xff\xff\xb7\x02\0\0\x08\0\0\0\xbf\x93\0\0\0\0\0\0\x85\0\0\0\x71\0\0\0\
\xb7\x01\0\0\x14\0\0\0\x79\xa3\xf8\xff\0\0\0\0\x0f\x13\0\0\0\0\0\0\xbf\xa1\0\0\
\0\0\0\0\x07\x01\0\0\xf0\xff\xff\xff\xb7\x02\0\0\x04\0\0\0\x85\0\0\0\x71\0\0\0\
\x61\xa1\xf0\xff\0\0\0\0\x63\x16\x24\x02\0\0\0\0\xbf\xa1\0\0\0\0\0\0\x07\x01\0\
\0\xf8\xff\xff\xff\xb7\x02\0\0\x08\0\0\0\xbf\x93\0\0\0\0\0\0\x85\0\0\0\x71\0\0\
\0\xb7\x01\0\0\x18\0\0\0\x79\xa3\xf8\xff\0\0\0\0\x0f\x13\0\0\0\0\0\0\xbf\xa1\0\
\0\0\0\0\0\x07\x01\0\0\xf0\xff\xff\xff\xb7\x02\0\0\x04\0\0\0\x85\0\0\0\x71\0\0\
\0\x61\xa1\xf0\xff\0\0\0\0\x63\x16\x28\x02\0\0\0\0\xb7\x01\0\0\x10\x05\0\0\xbf\
\x78\0\0\0\0\0\0\x0f\x18\0\0\0\0\0\0\xbf\xa1\0\0\0\0\0\0\x07\x01\0\0\xf0\xff\
\xff\xff\xb7\x02\0\0\x08\0\0\0\xbf\x83\0\0\0\0\0\0\x85\0\0\0\x71\0\0\0\xb7\x01\
\0\0\x38\x01\0\0\x79\xa3\xf0\xff\0\0\0\0\x0f\x13\0\0\0\0\0\0\xbf\xa1\0\0\0\0\0\
\0\x07\x01\0\0\xf8\xff\xff\xff\xb7\x02\0\0\x08\0\0\0\x85\0\0\0\x71\0\0\0\x79\
\xa9\xf8\xff\0\0\0\0\xbf\xa1\0\0\0\0\0\0\x07\x01\0\0\xf0\xff\xff\xff\xb7\x02\0\
\0\x08\0\0\0\xbf\x83\0\0\0\0\0\0\x85\0\0\0\x71\0\0\0\xb7\x01\0\0\x40\x01\0\0\
\x79\xa3\xf0\xff\0\0\0\0\x0f\x13\0\0\0\0\0\0\xbf\xa1\0\0\0\0\0\0\x07\x01\0\0\
\xf8\xff\xff\xff\xb7\x02\0\0\x08\0\0\0\x85\0\0\0\x71\0\0\0\x79\xa2\xf8\xff\0\0\
\0\0\x1f\x92\0\0\0\0\0\0\xb7\x01\0\0\0\x02\0\0\x2d\x21\x01\0\0\0\0\0\xb7\x02\0\
\0\0\x02\0\0\x63\x26\x20\x02\0\0\0\0\x79\xa1\xd8\xff\0\0\0\0\x07\x01\0\0\x20\0\
\0\0\xbf\x93\0\0\0\0\0\0\x85\0\0\0\x70\0\0\0\x61\x61\x20\x02\0\0\0\0\xbf\x67\0\
\0\0\0\0\0\x55\x01\x02\0\0\x02\0\0\xb7\x01\0\0\0\0\0\0\x73\x17\x1f\x02\0\0\0\0\
\xb7\x01\0\0\xe8\x05\0\0\x79\xa3\xe8\xff\0\0\0\0\x0f\x13\0\0\0\0\0\0\xbf\xa1\0\
\0\0\0\0\0\x07\x01\0\0\xf8\xff\xff\xff\xb7\x02\0\0\x08\0\0\0\x85\0\0\0\x71\0\0\
\0\xb7\x01\0\0\x01\0\0\0\x79\xa6\xf8\xff\0\0\0\0\x15\x06\x0b\0\0\0\0\0\xb7\x01\
\0\0\0\0\0\0\xbf\x63\0\0\0\0\0\0\x0f\x13\0\0\0\0\0\0\xbf\xa1\0\0\0\0\0\0\x07\
\x01\0\0\xf8\xff\xff\xff\xb7\x02\0\0\x08\0\0\0\x85\0\0\0\x71\0\0\0\xb7\x01\0\0\
\x01\0\0\0\x79\xa2\xf8\xff\0\0\0\0\x1d\x26\x01\0\0\0\0\0\xb7\x01\0\0\0\0\0\0\
\x57\x01\0\0\x01\0\0\0\x73\x17\x30\x02\0\0\0\0\xbf\x71\0\0\0\0\0\0\xb7\x02\0\0\
\0\0\0\0\x85\0\0\0\x84\0\0\0\xb7\0\0\0\0\0\0\0\x95\0\0\0\0\0\0\0\x44\x75\x61\
\x6c\x20\x42\x53\x44\x2f\x47\x50\x4c\0\0\0\0\0\0\0\0\0\0\0\0\0\0\0\0\0\0\0\0\
\x9f\xeb\x01\0\x18\0\0\0\0\0\0\0\x28\x41\x01\0\x28\x41\x01\0\x72\xd3\0\0\0\0\0\
\0\0\0\0\x02\x03\0\0\0\x01\0\0\0\0\0\0\x01\x04\0\0\0\x20\0\0\x01\0\0\0\0\0\0\0\
\x03\0\0\0\0\x02\0\0\0\x04\0\0\0\x1b\0\0\0\x05\0\0\0\0\0\0\x01\x04\0\0\0\x20\0\
\0\0\0\0\0\0\0\0\0\x02\x06\0\0\0\0\0\0\0\0\0\0\x03\0\0\0\0\x02\0\0\0\x04\0\0\0\
\0\0\x20\0\0\0\0\0\x02\0\0\x04\x10\0\0\0\x19\0\0\0\x01\0\0\0\0\0\0\0\x1e\0\0\0\
\x05\0\0\0\x40\0\0\0\x2a\0\0\0\0\0\0\x0e\x07\0\0\0\x01\0\0\0\0\0\0\0\0\0\0\x02\
\x0a\0\0\0\x2d\0\0\0\0\0\0\x01\x08\0\0\0\x40\0\0\0\0\0\0\0\x01\0\0\x0d\x02\0\0\
\0\x40\0\0\0\x09\0\0\0\x44\0\0\0\x01\0\0\x0c\x0b\0\0\0\x80\0\0\0\xda\0\0\x84\
\xc0\x1c\0\0\x8c\0\0\0\x0e\0\0\0\0\0\0\0\x98\0\0\0\x12\0\0\0\x80\x01\0\0\xa0\0\
\0\0\x1c\0\0\0\xc0\x01\0\0\xa6\0\0\0\x1d\0\0\0\0\x02\0\0\xac\0\0\0\x12\0\0\0\
\x20\x02\0\0\xb2\0\0\0\x12\0\0\0\x40\x02\0\0\xb9\0\0\0\x02\0\0\0\x60\x02\0\0\
\xc0\0\0\0\x21\0\0\0\x80\x02\0\0\xcb\0\0\0\x12\0\0\0\0\x03\0\0\xcf\0\0\0\x12\0\
\0\0\x20\x03\0\0\xdb\0\0\0\x0f\0\0\0\x40\x03\0\0\xef\0\0\0\x28\0\0\0\x80\x03\0\
\0\xfa\0\0\0\x02\0\0\0\xc0\x03\0\0\x0a\x01\0\0\x02\0\0\0\xe0\x03\0\0\x13\x01\0\
\0\x02\0\0\0\0\x04\0\0\x19\x01\0\0\x02\0\0\0\x20\x04\0\0\x1e\x01\0\0\x02\0\0\0\
\x40\x04\0\0\x2a\x01\0\0\x02\0\0\0\x60\x04\0\0\x36\x01\0\0\x12\0\0\0\x80\x04\0\
\0\x42\x01\0\0\x29\0\0\0\xc0\x04\0\0\x4e\x01\0\0\x2b\0\0\0\0\x06\0\0\x51\x01\0\
\0\x4b\0\0\0\0\x16\0\0\x54\x01\0\0\x4d\0\0\0\x80\x17\0\0\x57\x01\0\0\x2d\0\0\0\
\x80\x1e\0\0\x61\x01\0\0\x0f\0\0\0\x40\x1f\0\0\x6d\x01\0\0\x12\0\0\0\x80\x1f\0\
\0\x7d\x01\0\0\x4a\0\0\0\xc0\x1f\0\0\x8e\x01\0\0\x6f\0\0\0\0\x20\0\0\xa0\x01\0\
\0\x12\0\0\0\x40\x20\0\0\xab\x01\0\0\x12\0\0\0\x60\x20\0\0\xb2\x01\0\0\x02\0\0\
\0\x80\x20\0\0\xc2\x01\0\0\x71\0\0\0\xc0\x20\0\0\xcb\x01\0\0\x74\0\0\0\0\x21\0\
\0\xd9\x01\0\0\x73\0\0\0\x40\x21\0\0\xe3\x01\0\0\x1c\0\0\0\x80\x21\0\0\xf5\x01\
\0\0\x27\0\0\0\xc0\x21\0\0\x08\x02\0\0\x27\0\0\0\xd0\x21\0\0\x18\x02\0\0\x02\0\
\0\0\xe0\x21\0\0\x2e\x02\0\0\x77\0\0\0\0\x22\0\0\x46\x02\0\0\x2f\0\0\0\x40\x22\
\0\0\x55\x02\0\0\x79\0\0\0\xc0\x22\0\0\x66\x02\0\0\x0f\0\0\0\0\x23\0\0\x76\x02\
\0\0\x45\0\0\0\x40\x23\0\0\x88\x02\0\0\x45\0\0\0\x48\x23\0\0\x96\x02\0\0\x02\0\
\0\0\x60\x23\0\0\xa9\x02\0\0\x2f\0\0\0\x80\x23\0\0\xc0\x02\0\0\x02\0\0\0\0\x24\
\0\0\xd3\x02\0\0\x02\0\0\0\x20\x24\0\0\xe2\x02\0\0\x77\0\0\0\x40\x24\0\0\xf5\
\x02\0\0\x7a\0\0\0\x60\x24\0\0\x08\x03\0\0\x2f\0\0\0\x80\x24\0\0\x19\x03\0\0\
\x7c\0\0\0\0\x25\0\0\x24\x03\0\0\x2f\0\0\0\0\x26\0\0\x2a\x03\0\0\x7d\0\0\0\x80\
\x26\0\0\x39\x03\0\0\x2d\0\0\0\xc0\x27\0\0\x4b\x03\0\0\x7e\0\0\0\x80\x28\0\0\
\x4e\x03\0\0\x7e\0\0\0\xc0\x28\0\0\x58\x03\0\0\xc5\0\0\0\0\x29\0\0\x61\x03\0\0\
\xd5\0\0\0\x40\x2a\0\0\x6a\x03\0\0\x02\0\0\0\xe0\x2a\0\0\x75\x03\0\0\x02\0\0\0\
\0\x2b\0\0\x7f\x03\0\0\x02\0\0\0\x20\x2b\0\0\x8b\x03\0\0\x02\0\0\0\x40\x2b\0\0\
\x99\x03\0\0\x0f\0\0\0\x80\x2b\0\0\xa0\x03\0\0\x12\0\0\0\xc0\x2b\0\0\xac\x03\0\
\0\x12\0\0\0\xe0\x2b\0\x01\xc0\x03\0\0\x12\0\0\0\xe1\x2b\0\x01\xda\x03\0\0\x12\
\0\0\0\xe2\x2b\0\x01\xe9\x03\0\0\x12\0\0\0\xe3\x2b\0\x01\0\x04\0\0\x12\0\0\0\0\
\x2c\0\x01\x14\x04\0\0\x12\0\0\0\x01\x2c\0\x01\x1e\x04\0\0\x12\0\0\0\x02\x2c\0\
\x01\x28\x04\0\0\x12\0\0\0\x03\x2c\0\x01\x38\x04\0\0\x12\0\0\0\x04\x2c\0\x01\
\x45\x04\0\0\x12\0\0\0\x05\x2c\0\x01\x59\x04\0\0\x12\0\0\0\x06\x2c\0\x01\x60\
\x04\0\0\x12\0\0\0\x07\x2c\0\x01\x6d\x04\0\0\x12\0\0\0\x08\x2c\0\x01\x79\x04\0\
\0\x12\0\0\0\x09\x2c\0\x01\x84\x04\0\0\x0f\0\0\0\x40\x2c\0\0\x91\x04\0\0\xd7\0\
\0\0\x80\x2c\0\0\x9f\x04\0\0\xe7\0\0\0\x40\x2e\0\0\xa3\x04\0\0\xe7\0\0\0\x60\
\x2e\0\0\xa8\x04\0\0\x0f\0\0\0\x80\x2e\0\0\xb5\x04\0\0\x28\0\0\0\xc0\x2e\0\0\
\xc1\x04\0\0\x28\0\0\0\0\x2f\0\0\xc8\x04\0\0\x2f\0\0\0\x40\x2f\0\0\xd1\x04\0\0\
\x2f\0\0\0\xc0\x2f\0\0\xd9\x04\0\0\x28\0\0\0\x40\x30\0\0\xe6\x04\0\0\x2f\0\0\0\
\x80\x30\0\0\xee\x04\0\0\x2f\0\0\0\0\x31\0\0\xfb\x04\0\0\x9e\0\0\0\x80\x31\0\0\
\x06\x05\0\0\xf2\0\0\0\xc0\x31\0\0\x10\x05\0\0\x2f\0\0\0\xc0\x33\0\0\x1d\x05\0\
\0\x2f\0\0\0\x40\x34\0\0\x29\x05\0\0\xf3\0\0\0\xc0\x34\0\0\x34\x05\0\0\xf4\0\0\
\0\0\x35\0\0\x42\x05\0\0\xf4\0\0\0\x40\x35\0\0\x52\x05\0\0\x1c\0\0\0\x80\x35\0\
\0\x5f\x05\0\0\x31\0\0\0\xc0\x35\0\0\x65\x05\0\0\x31\0\0\0\0\x36\0\0\x6b\x05\0\
\0\x31\0\0\0\x40\x36\0\0\x71\x05\0\0\xf5\0\0\0\x80\x36\0\0\x7e\x05\0\0\x0f\0\0\
\0\x40\x37\0\0\x84\x05\0\0\x0f\0\0\0\x80\x37\0\0\x8b\x05\0\0\x31\0\0\0\xc0\x37\
\0\0\x96\x05\0\0\x31\0\0\0\0\x38\0\0\xa5\x05\0\0\x0f\0\0\0\x40\x38\0\0\xad\x05\
\0\0\x0f\0\0\0\x80\x38\0\0\xb5\x05\0\0\xf6\0\0\0\xc0\x38\0\0\xc5\x05\0\0\xfa\0\
\0\0\x40\x3b\0\0\xda\x05\0\0\xa4\0\0\0\0\x3c\0\0\xe7\x05\0\0\xa4\0\0\0\x40\x3c\
\0\0\xf1\x05\0\0\xa4\0\0\0\x80\x3c\0\0\xf6\x05\0\0\x03\x01\0\0\xc0\x3c\0\0\x0b\
\x06\0\0\x8d\x01\0\0\0\x3d\0\0\x10\x06\0\0\x8e\x01\0\0\x80\x3d\0\0\x1a\x06\0\0\
\x8f\x01\0\0\xc0\x3d\0\0\x22\x06\0\0\x91\x01\0\0\0\x3e\0\0\x2a\x06\0\0\x0f\0\0\
\0\x80\x3e\0\0\x3c\x06\0\0\x0f\0\0\0\xc0\x3e\0\0\x4d\x06\0\0\x92\x01\0\0\0\x3f\
\0\0\x50\x06\0\0\x93\x01\0\0\x40\x3f\0\0\x56\x06\0\0\x94\x01\0\0\x80\x3f\0\0\
\x5e\x06\0\0\x95\x01\0\0\xc0\x3f\0\0\x65\x06\0\0\x96\x01\0\0\0\x40\0\0\x6d\x06\
\0\0\x97\x01\0\0\x40\x40\0\0\x75\x06\0\0\x97\x01\0\0\x80\x40\0\0\x82\x06\0\0\
\x97\x01\0\0\xc0\x40\0\0\x90\x06\0\0\x99\x01\0\0\0\x41\0\0\x98\x06\0\0\x0f\0\0\
\0\xc0\x41\0\0\xa2\x06\0\0\x18\x01\0\0\0\x42\0\0\xae\x06\0\0\x12\0\0\0\x40\x42\
\0\0\xbb\x06\0\0\x67\0\0\0\x80\x42\0\0\xc6\x06\0\0\x9a\x01\0\0\xc0\x42\0\0\xd4\
\x06\0\0\xa0\0\0\0\0\x43\0\0\xdd\x06\0\0\x12\0\0\0\x20\x43\0\0\xe7\x06\0\0\x9b\
\x01\0\0\x40\x43\0\0\xef\x06\0\0\x9d\x01\0\0\xc0\x43\0\0\0\x07\0\0\x31\0\0\0\
\xc0\x44\0\0\x0f\x07\0\0\x31\0\0\0\0\x45\0\0\x1c\x07\0\0\x8d\0\0\0\x40\x45\0\0\
\x27\x07\0\0\x3f\0\0\0\x60\x45\0\0\x2f\x07\0\0\x9e\x01\0\0\x80\x45\0\0\x36\x07\
\0\0\x3a\0\0\0\xc0\x45\0\0\x41\x07\0\0\x28\0\0\0\x40\x46\0\0\x4d\x07\0\0\xa0\
\x01\0\0\x80\x46\0\0\x5b\x07\0\0\x1c\0\0\0\xc0\x46\0\0\x68\x07\0\0\xa1\x01\0\0\
\0\x47\0\0\x71\x07\0\0\xa2\x01\0\0\x40\x47\0\0\x76\x07\0\0\xa3\x01\0\0\x80\x47\
\0\0\x84\x07\0\0\xa4\x01\0\0\xc0\x47\0\0\x95\x07\0\0\xa5\x01\0\0\0\x48\0\0\xa0\
\x07\0\0\xa6\x01\0\0\x40\x48\0\0\xb0\x07\0\0\x0f\0\0\0\x80\x48\0\0\xbf\x07\0\0\
\xa7\x01\0\0\xc0\x48\0\0\xcc\x07\0\0\xa9\x01\0\0\0\x49\0\0\xd1\x07\0\0\x12\0\0\
\0\0\x4b\0\0\xdb\x07\0\0\x31\0\0\0\x40\x4b\0\0\xe9\x07\0\0\x31\0\0\0\x80\x4b\0\
\0\xf6\x07\0\0\x31\0\0\0\xc0\x4b\0\0\x03\x08\0\0\xaa\x01\0\0\0\x4c\0\0\x10\x08\
\0\0\xac\x01\0\0\x40\x4c\0\0\x21\x08\0\0\x02\0\0\0\x60\x4c\0\0\x39\x08\0\0\x02\
\0\0\0\x80\x4c\0\0\x52\x08\0\0\xae\x01\0\0\xc0\x4c\0\0\x5a\x08\0\0\x2f\0\0\0\0\
\x4d\0\0\x62\x08\0\0\xaf\x01\0\0\x80\x4d\0\0\x6e\x08\0\0\xb0\x01\0\0\xc0\x4d\0\
\0\x81\x08\0\0\x2f\0\0\0\0\x4e\0\0\x8f\x08\0\0\xb1\x01\0\0\x80\x4e\0\0\x9e\x08\
\0\0\x92\0\0\0\xc0\x4e\0\0\xaf\x08\0\0\x12\0\0\0\xc0\x4f\0\0\xbb\x08\0\0\xb8\
\x01\0\0\0\x50\0\0\xcb\x08\0\0\x92\0\0\0\x80\x50\0\0\xdc\x08\0\0\x2f\0\0\0\x80\
\x51\0\0\xec\x08\0\0\xb9\x01\0\0\0\x52\0\0\xf1\x08\0\0\x10\0\0\0\x40\x52\0\0\
\xfa\x08\0\0\x0f\0\0\0\x80\x52\0\0\x0a\x09\0\0\xba\x01\0\0\xc0\x52\0\0\0\0\0\0\
\xbc\x01\0\0\x40\x53\0\0\x12\x09\0\0\xbd\x01\0\0\xc0\x53\0\0\x1e\x09\0\0\xbe\
\x01\0\0\0\x54\0\0\x28\x09\0\0\x02\0\0\0\x80\x54\0\0\x33\x09\0\0\x02\0\0\0\xa0\
\x54\0\0\x44\x09\0\0\x0f\0\0\0\xc0\x54\0\0\x56\x09\0\0\x31\0\0\0\0\x55\0\0\x65\
\x09\0\0\x31\0\0\0\x40\x55\0\0\x7c\x09\0\0\x02\0\0\0\x80\x55\0\0\x8b\x09\0\0\
\x02\0\0\0\xa0\x55\0\0\x9a\x09\0\0\xc0\x01\0\0\xc0\x55\0\0\xa4\x09\0\0\x0a\0\0\
\0\0\x56\0\0\xb5\x09\0\0\x1f\0\0\0\x40\x56\0\0\xc3\x09\0\0\x1f\0\0\0\x60\x56\0\
\0\xd7\x09\0\0\x0f\0\0\0\x80\x56\0\0\xdd\x09\0\0\x0f\0\0\0\xc0\x56\0\0\xed\x09\
\0\0\xc1\x01\0\0\0\x57\0\0\xfc\x09\0\0\xc2\x01\0\0\x40\x57\0\0\x02\x0a\0\0\xc3\
\x01\0\0\x80\x57\0\0\x0c\x0a\0\0\x02\0\0\0\x80\x57\0\0\x1f\x0a\0\0\x28\0\0\0\
\xc0\x57\0\0\x2f\x0a\0\0\xc4\x01\0\0\0\x58\0\0\x40\x0a\0\0\xc8\x01\0\0\x40\x59\
\0\0\x4e\x0a\0\0\x1d\0\0\0\x80\x59\0\0\x5d\x0a\0\0\x1c\0\0\0\xc0\x59\0\0\x66\
\x0a\0\0\xc9\x01\0\0\0\x5a\0\0\x72\x0a\0\0\xca\x01\0\0\x40\x5a\0\0\x7a\x0a\0\0\
\x1c\0\0\0\x80\x5a\0\0\x84\x0a\0\0\x32\0\0\0\xc0\x5a\0\0\x8f\x0a\0\0\x31\0\0\0\
\0\x5b\0\0\x98\x0a\0\0\x32\0\0\0\x40\x5b\0\x01\xa1\x0a\0\0\x32\0\0\0\x41\x5b\0\
\x01\xb0\x0a\0\0\x32\0\0\0\x42\x5b\0\x3e\xbf\x0a\0\0\x66\0\0\0\x80\x5b\0\0\xcb\
\x0a\0\0\x02\0\0\0\0\x5c\0\0\xd5\x0a\0\0\xcb\x01\0\0\x40\x5c\0\0\xe9\x0a\0\0\
\x66\0\0\0\x80\x5c\0\0\xf8\x0a\0\0\xcc\x01\0\0\0\x5e\0\0\x8c\0\0\0\x07\0\0\x04\
\x30\0\0\0\xac\0\0\0\x0f\0\0\0\0\0\0\0\xff\x0a\0\0\x0f\0\0\0\x40\0\0\0\x0c\x0b\
\0\0\x10\0\0\0\x80\0\0\0\x13\x0b\0\0\x12\0\0\0\xa0\0\0\0\x1f\x0b\0\0\x13\0\0\0\
\xc0\0\0\0\x2e\x0b\0\0\x12\0\0\0\0\x01\0\0\x3f\x0b\0\0\x13\0\0\0\x40\x01\0\0\
\x53\x0b\0\0\0\0\0\x01\x08\0\0\0\x40\0\0\0\x61\x0b\0\0\0\0\0\x08\x11\0\0\0\x65\
\x0b\0\0\0\0\0\x08\x12\0\0\0\x6b\x0b\0\0\0\0\0\x01\x04\0\0\0\x20\0\0\0\0\0\0\0\
\0\0\0\x02\x14\0\0\0\0\0\0\0\0\0\0\x0a\x15\0\0\0\x78\x0b\0\0\0\0\0\x08\x16\0\0\
\0\0\0\0\0\0\0\0\x02\x17\0\0\0\0\0\0\0\x01\0\0\x0d\x18\0\0\0\0\0\0\0\x19\0\0\0\
\x8a\x0b\0\0\0\0\0\x01\x08\0\0\0\x40\0\0\x01\0\0\0\0\0\0\0\x02\x1a\0\0\0\0\0\0\
\0\0\0\0\x0a\x1b\0\0\0\x8f\x0b\0\0\x15\0\0\x04\xa8\0\0\0\x97\x0b\0\0\x0f\0\0\0\
\0\0\0\0\x9b\x0b\0\0\x0f\0\0\0\x40\0\0\0\x9f\x0b\0\0\x0f\0\0\0\x80\0\0\0\xa3\
\x0b\0\0\x0f\0\0\0\xc0\0\0\0\xa7\x0b\0\0\x0f\0\0\0\0\x01\0\0\xaa\x0b\0\0\x0f\0\
\0\0\x40\x01\0\0\xad\x0b\0\0\x0f\0\0\0\x80\x01\0\0\xb1\x0b\0\0\x0f\0\0\0\xc0\
\x01\0\0\xb5\x0b\0\0\x0f\0\0\0\0\x02\0\0\xb8\x0b\0\0\x0f\0\0\0\x40\x02\0\0\xbb\
\x0b\0\0\x0f\0\0\0\x80\x02\0\0\xbe\x0b\0\0\x0f\0\0\0\xc0\x02\0\0\xc1\x0b\0\0\
\x0f\0\0\0\0\x03\0\0\xc4\x0b\0\0\x0f\0\0\0\x40\x03\0\0\xc7\x0b\0\0\x0f\0\0\0\
\x80\x03\0\0\xca\x0b\0\0\x0f\0\0\0\xc0\x03\0\0\xd2\x0b\0\0\x0f\0\0\0\0\x04\0\0\
\xd5\x0b\0\0\x0f\0\0\0\x40\x04\0\0\xac\0\0\0\x0f\0\0\0\x80\x04\0\0\xd8\x0b\0\0\
\x0f\0\0\0\xc0\x04\0\0\xdb\x0b\0\0\x0f\0\0\0\0\x05\0\0\0\0\0\0\0\0\0\x02\0\0\0\
\0\xde\x0b\0\0\0\0\0\x08\x1e\0\0\0\xe9\x0b\0\0\x01\0\0\x04\x04\0\0\0\xf9\x0b\0\
\0\x1f\0\0\0\0\0\0\0\xfe\x0b\0\0\0\0\0\x08\x20\0\0\0\0\0\0\0\x01\0\0\x04\x04\0\
\0\0\x07\x0c\0\0\x02\0\0\0\0\0\0\0\x0f\x0c\0\0\x04\0\0\x04\x10\0\0\0\x22\x0c\0\
\0\x22\0\0\0\0\0\0\0\0\0\0\0\x24\0\0\0\x40\0\0\0\x28\x0c\0\0\x25\0\0\0\x60\0\0\
\0\x2c\x0c\0\0\x25\0\0\0\x70\0\0\0\x30\x0c\0\0\x01\0\0\x04\x08\0\0\0\x3b\x0c\0\
\0\x23\0\0\0\0\0\0\0\0\0\0\0\0\0\0\x02\x22\0\0\0\0\0\0\0\x02\0\0\x05\x04\0\0\0\
\x40\x0c\0\0\x12\0\0\0\0\0\0\0\x48\x0c\0\0\x1f\0\0\0\0\0\0\0\x50\x0c\0\0\0\0\0\
\x08\x26\0\0\0\x54\x0c\0\0\0\0\0\x08\x27\0\0\0\x5a\x0c\0\0\0\0\0\x01\x02\0\0\0\
\x10\0\0\0\0\0\0\0\0\0\0\x02\x0d\0\0\0\0\0\0\0\0\0\0\x02\x2a\0\0\0\0\0\0\0\0\0\
\0\x0a\xe3\x06\0\0\x69\x0c\0\0\x10\0\0\x04\0\x02\0\0\x76\x0c\0\0\x2c\0\0\0\0\0\
\0\0\x7b\x0c\0\0\x2d\0\0\0\x80\0\0\0\x84\x0c\0\0\x2f\0\0\0\x40\x01\0\0\x13\x01\
\0\0\x12\0\0\0\xc0\x01\0\0\x8f\x0c\0\0\x31\0\0\0\0\x02\0\0\x9a\x0c\0\0\x31\0\0\
\0\x40\x02\0\0\xab\x0c\0\0\x31\0\0\0\x80\x02\0\0\xb4\x0c\0\0\x31\0\0\0\xc0\x02\
\0\0\xca\x0c\0\0\x31\0\0\0\0\x03\0\0\xd8\x0c\0\0\x33\0\0\0\x40\x03\0\0\xe3\x0c\
\0\0\x02\0\0\0\0\x0a\0\0\xc1\x04\0\0\x37\0\0\0\x40\x0a\0\0\xe9\x0c\0\0\x38\0\0\
\0\x80\x0a\0\0\xf0\x0c\0\0\x38\0\0\0\xc0\x0a\0\0\xf5\x0c\0\0\x0f\0\0\0\0\x0b\0\
\0\x05\x0d\0\0\x3c\0\0\0\0\x0c\0\0\x09\x0d\0\0\x02\0\0\x04\x10\0\0\0\x15\x0d\0\
\0\x0f\0\0\0\0\0\0\0\x1c\x0d\0\0\x10\0\0\0\x40\0\0\0\x27\x0d\0\0\x03\0\0\x04\
\x18\0\0\0\x2f\x0d\0\0\x0f\0\0\0\0\0\0\0\x41\x0d\0\0\x2e\0\0\0\x40\0\0\0\x4a\
\x0d\0\0\x2e\0\0\0\x80\0\0\0\0\0\0\0\0\0\0\x02\x2d\0\0\0\x52\x0d\0\0\x02\0\0\
\x04\x10\0\0\0\x3b\x0c\0\0\x30\0\0\0\0\0\0\0\x5c\x0d\0\0\x30\0\0\0\x40\0\0\0\0\
\0\0\0\0\0\0\x02\x2f\0\0\0\x61\x0d\0\0\0\0\0\x08\x32\0\0\0\x65\x0d\0\0\0\0\0\
\x08\x0a\0\0\0\x6b\x0d\0\0\x1b\0\0\x04\xd8\0\0\0\x7c\x0d\0\0\x31\0\0\0\0\0\0\0\
\x87\x0d\0\0\x31\0\0\0\x40\0\0\0\x90\x0d\0\0\x31\0\0\0\x80\0\0\0\x9b\x0d\0\0\
\x31\0\0\0\xc0\0\0\0\xa4\x0d\0\0\x31\0\0\0\0\x01\0\0\xb1\x0d\0\0\x31\0\0\0\x40\
\x01\0\0\xbc\x0d\0\0\x31\0\0\0\x80\x01\0\0\xc8\x0d\0\0\x31\0\0\0\xc0\x01\0\0\
\xd2\x0d\0\0\x34\0\0\0\0\x02\0\0\xe4\x0d\0\0\x31\0\0\0\x40\x02\0\0\xf0\x0d\0\0\
\x31\0\0\0\x80\x02\0\0\xfa\x0d\0\0\x31\0\0\0\xc0\x02\0\0\x03\x0e\0\0\x31\0\0\0\
\0\x03\0\0\x0d\x0e\0\0\x31\0\0\0\x40\x03\0\0\x20\x0e\0\0\x31\0\0\0\x80\x03\0\0\
\x3c\x0e\0\0\x31\0\0\0\xc0\x03\0\0\x59\x0e\0\0\x31\0\0\0\0\x04\0\0\x72\x0e\0\0\
\x31\0\0\0\x40\x04\0\0\x87\x0e\0\0\x31\0\0\0\x80\x04\0\0\x92\x0e\0\0\x31\0\0\0\
\xc0\x04\0\0\xa2\x0e\0\0\x31\0\0\0\0\x05\0\0\xb5\x0e\0\0\x31\0\0\0\x40\x05\0\0\
\xc6\x0e\0\0\x31\0\0\0\x80\x05\0\0\xd8\x0e\0\0\x31\0\0\0\xc0\x05\0\0\xea\x0e\0\
\0\x31\0\0\0\0\x06\0\0\x05\x0f\0\0\x31\0\0\0\x40\x06\0\0\x18\x0f\0\0\x31\0\0\0\
\x80\x06\0\0\x28\x0f\0\0\0\0\0\x08\x35\0\0\0\x2c\x0f\0\0\0\0\0\x08\x36\0\0\0\
\x32\x0f\0\0\0\0\0\x01\x08\0\0\0\x40\0\0\x01\0\0\0\0\0\0\0\x02\x2b\0\0\0\0\0\0\
\0\0\0\0\x02\x39\0\0\0\xe9\x0c\0\0\x23\0\0\x04\0\x02\0\0\x76\x0c\0\0\x2c\0\0\0\
\0\0\0\0\x3c\x0f\0\0\x12\0\0\0\x80\0\0\0\x47\x0f\0\0\x12\0\0\0\xa0\0\0\0\x54\
\x0f\0\0\x12\0\0\0\xc0\0\0\0\x66\x0f\0\0\x31\0\0\0\0\x01\0\0\x71\x0f\0\0\x31\0\
\0\0\x40\x01\0\0\x7e\x0f\0\0\x12\0\0\0\x80\x01\0\0\x8c\x0f\0\0\x31\0\0\0\xc0\
\x01\0\0\x9c\x0f\0\0\x3a\0\0\0\0\x02\0\0\xab\x0f\0\0\x37\0\0\0\x80\x02\0\0\x3b\
\x0c\0\0\x37\0\0\0\xc0\x02\0\0\xb0\x0f\0\0\x37\0\0\0\0\x03\0\0\xb5\x0f\0\0\x37\
\0\0\0\x40\x03\0\0\xba\x0f\0\0\x12\0\0\0\x80\x03\0\0\x05\x0d\0\0\x3c\0\0\0\0\
\x04\0\0\xc9\x0f\0\0\x3e\0\0\0\0\x08\0\0\xd1\x0f\0\0\x0f\0\0\0\0\x0a\0\0\xe5\
\x0f\0\0\x18\0\0\0\x40\x0a\0\0\xef\x0f\0\0\x18\0\0\0\x80\x0a\0\0\x01\x10\0\0\
\x0f\0\0\0\xc0\x0a\0\0\x08\x10\0\0\x31\0\0\0\0\x0b\0\0\x1b\x10\0\0\x37\0\0\0\
\x40\x0b\0\0\x27\x10\0\0\x49\0\0\0\x80\x0b\0\0\x2a\x10\0\0\x02\0\0\0\xc0\x0b\0\
\0\x32\x10\0\0\x2f\0\0\0\0\x0c\0\0\x43\x10\0\0\x4a\0\0\0\x80\x0c\0\0\x46\x10\0\
\0\x02\0\0\0\xc0\x0c\0\0\x4b\x10\0\0\x02\0\0\0\xe0\x0c\0\0\x5b\x10\0\0\x34\0\0\
\0\0\x0d\0\0\x6d\x10\0\0\x31\0\0\0\x40\x0d\0\0\x7d\x10\0\0\x31\0\0\0\x80\x0d\0\
\0\x92\x10\0\0\x31\0\0\0\xc0\x0d\0\0\xac\x10\0\0\x02\0\0\0\0\x0e\0\0\xb6\x10\0\
\0\x02\0\0\0\x20\x0e\0\0\xc5\x10\0\0\x2f\0\0\0\x40\x0e\0\0\xd4\x10\0\0\x02\0\0\
\x04\x10\0\0\0\xe3\x10\0\0\x3b\0\0\0\0\0\0\0\xeb\x10\0\0\x2e\0\0\0\x40\0\0\0\
\xe3\x10\0\0\x01\0\0\x04\x08\0\0\0\x27\x0d\0\0\x2e\0\0\0\0\0\0\0\xf7\x10\0\0\
\x0a\0\0\x04\x80\0\0\0\x01\x11\0\0\x31\0\0\0\0\0\0\0\x12\x11\0\0\x31\0\0\0\x40\
\0\0\0\x1b\x11\0\0\x31\0\0\0\x80\0\0\0\x28\x11\0\0\x10\0\0\0\xc0\0\0\0\x31\x11\
\0\0\x10\0\0\0\xe0\0\0\0\x40\x11\0\0\x0f\0\0\0\0\x01\0\0\x49\x11\0\0\x0f\0\0\0\
\x40\x01\0\0\x56\x11\0\0\x0f\0\0\0\x80\x01\0\0\x5f\x11\0\0\x0f\0\0\0\xc0\x01\0\
\0\x6a\x11\0\0\x3d\0\0\0\0\x02\0\0\x6a\x11\0\0\x02\0\0\x04\x08\0\0\0\x73\x11\0\
\0\x12\0\0\0\0\0\0\0\x7c\x11\0\0\x12\0\0\0\x20\0\0\0\0\0\0\0\x05\0\0\x04\x40\0\
\0\0\x81\x11\0\0\x3f\0\0\0\0\0\0\0\x86\x11\0\0\x02\0\0\0\x20\0\0\0\x40\x11\0\0\
\x0f\0\0\0\x40\0\0\0\x56\x11\0\0\x0f\0\0\0\x80\0\0\0\x49\x11\0\0\x0f\0\0\0\xc0\
\0\0\0\x89\x11\0\0\0\0\0\x08\x40\0\0\0\x98\x11\0\0\x01\0\0\x04\x04\0\0\0\xa5\
\x11\0\0\x41\0\0\0\0\0\0\0\xae\x11\0\0\0\0\0\x08\x42\0\0\0\xbe\x11\0\0\x01\0\0\
\x04\x04\0\0\0\0\0\0\0\x43\0\0\0\0\0\0\0\0\0\0\0\x03\0\0\x05\x04\0\0\0\xc8\x11\
\0\0\x1f\0\0\0\0\0\0\0\0\0\0\0\x44\0\0\0\0\0\0\0\0\0\0\0\x48\0\0\0\0\0\0\0\0\0\
\0\0\x02\0\0\x04\x02\0\0\0\xcc\x11\0\0\x45\0\0\0\0\0\0\0\x90\x06\0\0\x45\0\0\0\
\x08\0\0\0\xd3\x11\0\0\0\0\0\x08\x46\0\0\0\xd6\x11\0\0\0\0\0\x08\x47\0\0\0\xdb\
\x11\0\0\0\0\0\x01\x01\0\0\0\x08\0\0\0\0\0\0\0\x02\0\0\x04\x04\0\0\0\xe9\x11\0\
\0\x25\0\0\0\0\0\0\0\xf8\x11\0\0\x25\0\0\0\x10\0\0\0\0\0\0\0\0\0\0\x02\xe4\x06\
\0\0\0\0\0\0\0\0\0\x02\x57\0\0\0\xfd\x11\0\0\x07\0\0\x04\x30\0\0\0\x0d\x12\0\0\
\x2f\0\0\0\0\0\0\0\x16\x12\0\0\x0f\0\0\0\x80\0\0\0\x1e\x12\0\0\x0f\0\0\0\xc0\0\
\0\0\x2d\x12\0\0\x12\0\0\0\0\x01\0\0\x13\x01\0\0\x27\0\0\0\x20\x01\0\0\x2a\x10\
\0\0\x27\0\0\0\x30\x01\0\0\x38\x12\0\0\x4c\0\0\0\x40\x01\0\0\0\0\0\0\0\0\0\x02\
\x4b\0\0\0\x3d\x12\0\0\x10\0\0\x84\xe0\0\0\0\x27\x0d\0\0\x2d\0\0\0\0\0\0\0\x4d\
\x12\0\0\x31\0\0\0\xc0\0\0\0\x58\x12\0\0\x31\0\0\0\0\x01\0\0\x64\x12\0\0\x31\0\
\0\0\x40\x01\0\0\x6e\x12\0\0\x31\0\0\0\x80\x01\0\0\x74\x12\0\0\x31\0\0\0\xc0\
\x01\0\0\x7f\x12\0\0\x34\0\0\0\0\x02\0\0\x87\x12\0\0\x31\0\0\0\x40\x02\0\0\xac\
\0\0\0\x12\0\0\0\x80\x02\0\0\x90\x12\0\0\x12\0\0\0\xa0\x02\0\x01\x9d\x12\0\0\
\x12\0\0\0\xa1\x02\0\x01\xa8\x12\0\0\x12\0\0\0\xa2\x02\0\x01\xba\x12\0\0\x12\0\
\0\0\xa3\x02\0\x01\xc5\x12\0\0\x4e\0\0\0\xc0\x02\0\0\xce\x12\0\0\x4e\0\0\0\xc0\
\x04\0\0\xdd\x12\0\0\x56\0\0\0\xc0\x06\0\0\xe3\x12\0\0\x08\0\0\x04\x40\0\0\0\
\xeb\x12\0\0\x4f\0\0\0\0\0\0\0\xf0\x12\0\0\x50\0\0\0\0\x01\0\0\xfd\x12\0\0\x51\
\0\0\0\x40\x01\0\0\x06\x13\0\0\x55\0\0\0\x80\x01\0\0\x0b\x13\0\0\x45\0\0\0\xc0\
\x01\0\0\x11\x13\0\0\x45\0\0\0\xc8\x01\0\0\x18\x13\0\0\x45\0\0\0\xd0\x01\0\0\
\x20\x13\0\0\x45\0\0\0\xd8\x01\0\0\x28\x13\0\0\x02\0\0\x04\x20\0\0\0\xeb\x12\0\
\0\x2d\0\0\0\0\0\0\0\x38\x13\0\0\x50\0\0\0\xc0\0\0\0\x40\x13\0\0\0\0\0\x08\x34\
\0\0\0\0\0\0\0\0\0\0\x02\x52\0\0\0\0\0\0\0\x01\0\0\x0d\x53\0\0\0\0\0\0\0\x54\0\
\0\0\x48\x13\0\0\x02\0\0\x06\x04\0\0\0\x58\x13\0\0\0\0\0\0\x6a\x13\0\0\x01\0\0\
\0\0\0\0\0\0\0\0\x02\x4e\0\0\0\0\0\0\0\0\0\0\x02\x0f\x07\0\0\0\0\0\0\0\0\0\x02\
\x4d\0\0\0\x7a\x13\0\0\x0c\0\0\x04\x40\x02\0\0\x85\x13\0\0\x58\0\0\0\0\0\0\0\
\x4e\x01\0\0\x6c\0\0\0\x40\x06\0\0\xe9\x0c\0\0\x6d\0\0\0\x80\x06\0\0\x89\x13\0\
\0\x0f\0\0\0\xc0\x06\0\0\x46\x10\0\0\x02\0\0\0\0\x07\0\0\x40\x11\0\0\x5e\0\0\0\
\0\x08\0\0\x90\x13\0\0\x66\0\0\0\x40\x08\0\0\x94\x13\0\0\x2f\0\0\0\xc0\x08\0\0\
\xc1\x04\0\0\x4a\0\0\0\x40\x09\0\0\x99\x13\0\0\x2f\0\0\0\x80\x09\0\0\xc8\x04\0\
\0\x2f\0\0\0\0\x0a\0\0\xa2\x13\0\0\x6e\0\0\0\x80\x0a\0\0\xb0\x13\0\0\x0d\0\0\
\x04\xc8\0\0\0\xc4\x13\0\0\x59\0\0\0\0\0\0\0\xdb\x0b\0\0\x5a\0\0\0\x40\0\0\0\
\xcb\x13\0\0\x5b\0\0\0\x80\0\0\0\xd1\x04\0\0\x2f\0\0\0\0\x01\0\0\xc8\x04\0\0\
\x2f\0\0\0\x80\x01\0\0\xd2\x13\0\0\x2f\0\0\0\0\x02\0\0\xe1\x13\0\0\x02\0\0\0\
\x80\x02\0\0\xac\0\0\0\x12\0\0\0\xa0\x02\0\0\xe4\x13\0\0\x31\0\0\0\xc0\x02\0\0\
\xee\x13\0\0\x1f\0\0\0\0\x03\0\0\xf9\x13\0\0\x5d\0\0\0\x40\x03\0\0\x06\x14\0\0\
\x65\0\0\0\x40\x04\0\0\xc1\x04\0\0\x6b\0\0\0\0\x06\0\0\0\0\0\0\0\0\0\x02\x50\
\x03\0\0\0\0\0\0\0\0\0\x02\x50\x07\0\0\x14\x14\0\0\x02\0\0\x04\x10\0\0\0\x1f\
\x14\0\0\x0f\0\0\0\0\0\0\0\x30\x14\0\0\x5c\0\0\0\x40\0\0\0\0\0\0\0\0\0\0\x02\
\xe9\x06\0\0\x35\x14\0\0\x03\0\0\x04\x20\0\0\0\x30\x14\0\0\x5e\0\0\0\0\0\0\0\
\x41\x14\0\0\x2f\0\0\0\x40\0\0\0\x47\x14\0\0\x61\0\0\0\xc0\0\0\0\x4c\x14\0\0\0\
\0\0\x08\x5f\0\0\0\x5a\x14\0\0\0\0\0\x08\x60\0\0\0\0\0\0\0\x01\0\0\x04\x08\0\0\
\0\x07\x0c\0\0\x34\0\0\0\0\0\0\0\x65\x14\0\0\0\0\0\x08\x62\0\0\0\0\0\0\0\0\0\0\
\x02\x63\0\0\0\0\0\0\0\x01\0\0\x0d\0\0\0\0\0\0\0\0\x64\0\0\0\0\0\0\0\0\0\0\x02\
\x5d\0\0\0\x71\x14\0\0\x03\0\0\x04\x38\0\0\0\x7a\x14\0\0\x5d\0\0\0\0\0\0\0\x90\
\x13\0\0\x66\0\0\0\0\x01\0\0\x7f\x14\0\0\x6a\0\0\0\x80\x01\0\0\x82\x14\0\0\x02\
\0\0\x04\x10\0\0\0\x3b\x0c\0\0\x67\0\0\0\0\0\0\0\x47\x14\0\0\x68\0\0\0\x40\0\0\
\0\0\0\0\0\0\0\0\x02\x66\0\0\0\0\0\0\0\0\0\0\x02\x69\0\0\0\0\0\0\0\x01\0\0\x0d\
\0\0\0\0\0\0\0\0\x67\0\0\0\0\0\0\0\0\0\0\x02\x64\x03\0\0\0\0\0\0\0\0\0\x02\x58\
\0\0\0\0\0\0\0\0\0\0\x02\x37\0\0\0\0\0\0\0\0\0\0\x02\x38\0\0\0\xa2\x13\0\0\x0f\
\0\0\x04\xd8\0\0\0\x81\x11\0\0\x3f\0\0\0\0\0\0\0\x90\x14\0\0\x50\0\0\0\x40\0\0\
\0\x97\x14\0\0\x31\0\0\0\x80\0\0\0\x7f\x12\0\0\x31\0\0\0\xc0\0\0\0\x9d\x14\0\0\
\x31\0\0\0\0\x01\0\0\xa3\x14\0\0\x34\0\0\0\x40\x01\0\0\x46\x10\0\0\x45\0\0\0\
\x80\x01\0\0\xb6\x14\0\0\x45\0\0\0\x88\x01\0\0\xc4\x14\0\0\x45\0\0\0\x90\x01\0\
\0\xd2\x14\0\0\x4e\0\0\0\xc0\x01\0\0\xdf\x14\0\0\x4e\0\0\0\xc0\x03\0\0\xeb\x14\
\0\0\x2f\0\0\0\xc0\x05\0\0\xfc\x14\0\0\x02\0\0\0\x40\x06\0\0\x07\x15\0\0\x02\0\
\0\0\x60\x06\0\0\x14\x15\0\0\x31\0\0\0\x80\x06\0\0\x23\x15\0\0\x01\0\0\x04\x08\
\0\0\0\x2e\x15\0\0\x70\0\0\0\0\0\0\0\0\0\0\0\0\0\0\x02\xf0\0\0\0\0\0\0\0\0\0\0\
\x02\x72\0\0\0\0\0\0\0\0\0\0\x0a\x73\0\0\0\x34\x15\0\0\0\0\0\x08\x75\0\0\0\0\0\
\0\0\0\0\0\x02\x73\0\0\0\x3e\x15\0\0\x01\0\0\x04\x08\0\0\0\x46\x15\0\0\x76\0\0\
\0\0\0\0\0\0\0\0\0\0\0\0\x03\0\0\0\0\x0f\0\0\0\x04\0\0\0\x01\0\0\0\x4b\x15\0\0\
\x02\0\0\x05\x04\0\0\0\x57\x15\0\0\x78\0\0\0\0\0\0\0\x59\x15\0\0\x10\0\0\0\0\0\
\0\0\0\0\0\0\x04\0\0\x04\x04\0\0\0\x6d\x06\0\0\x45\0\0\0\0\0\0\0\x5b\x15\0\0\
\x45\0\0\0\x08\0\0\0\x63\x15\0\0\x45\0\0\0\x10\0\0\0\x6c\x15\0\0\x45\0\0\0\x18\
\0\0\0\0\0\0\0\0\0\0\x02\xa6\x07\0\0\x74\x15\0\0\0\0\0\x08\x7b\0\0\0\x79\x15\0\
\0\0\0\0\x01\x01\0\0\0\x08\0\0\x04\x19\x03\0\0\x04\0\0\x04\x20\0\0\0\x7f\x15\0\
\0\x0f\0\0\0\0\0\0\0\x86\x15\0\0\x0a\0\0\0\x40\0\0\0\x90\x15\0\0\x0a\0\0\0\x80\
\0\0\0\x9d\x15\0\0\x0a\0\0\0\xc0\0\0\0\xa9\x15\0\0\x03\0\0\x04\x28\0\0\0\x19\
\x01\0\0\x02\0\0\0\0\0\0\0\xb4\x15\0\0\x2f\0\0\0\x40\0\0\0\xbe\x15\0\0\x2f\0\0\
\0\xc0\0\0\0\0\0\0\0\0\0\0\x02\x7f\0\0\0\xc8\x15\0\0\x02\0\0\x04\x08\x04\0\0\0\
\0\0\0\x80\0\0\0\0\0\0\0\xd2\x15\0\0\xc4\0\0\0\x40\x20\0\0\0\0\0\0\x3a\0\0\x04\
\x08\x04\0\0\xdd\x15\0\0\x81\0\0\0\0\0\0\0\xe2\x15\0\0\x3b\0\0\0\x40\0\0\0\xe8\
\x15\0\0\x31\0\0\0\x80\0\0\0\xf8\x15\0\0\x82\0\0\0\xc0\0\0\0\x0a\x16\0\0\x0f\0\
\0\0\0\x01\0\0\x14\x16\0\0\x0f\0\0\0\x40\x01\0\0\x25\x16\0\0\x0f\0\0\0\x80\x01\
\0\0\x36\x16\0\0\x0f\0\0\0\xc0\x01\0\0\x4e\x16\0\0\x0f\0\0\0\0\x02\0\0\x58\x16\
\0\0\x0f\0\0\0\x40\x02\0\0\x67\x16\0\0\xaa\0\0\0\x80\x02\0\0\x6b\x16\0\0\x1f\0\
\0\0\xc0\x02\0\0\x7c\x16\0\0\x1f\0\0\0\xe0\x02\0\0\x85\x16\0\0\x1f\0\0\0\0\x03\
\0\0\x8e\x16\0\0\x5e\0\0\0\x40\x03\0\0\x9d\x16\0\0\x02\0\0\0\x80\x03\0\0\xa7\
\x16\0\0\x8d\0\0\0\xa0\x03\0\0\xb7\x16\0\0\xae\0\0\0\xc0\x03\0\0\xc1\x16\0\0\
\x2f\0\0\0\0\x05\0\0\xc8\x16\0\0\x0f\0\0\0\x80\x05\0\0\xd4\x16\0\0\x0f\0\0\0\
\xc0\x05\0\0\xdf\x16\0\0\x0f\0\0\0\0\x06\0\0\xe8\x16\0\0\x0f\0\0\0\x40\x06\0\0\
\xf2\x16\0\0\x5f\0\0\0\x80\x06\0\0\xfc\x16\0\0\x0f\0\0\0\xc0\x06\0\0\x04\x17\0\
\0\x0f\0\0\0\0\x07\0\0\x0c\x17\0\0\x0f\0\0\0\x40\x07\0\0\x15\x17\0\0\x0f\0\0\0\
\x80\x07\0\0\x1f\x17\0\0\xaf\0\0\0\xc0\x07\0\0\x31\x17\0\0\x8d\0\0\0\xe0\x07\0\
\0\x3a\x17\0\0\x0f\0\0\0\0\x08\0\0\x45\x17\0\0\x0f\0\0\0\x40\x08\0\0\x4e\x17\0\
\0\x0f\0\0\0\x80\x08\0\0\x59\x17\0\0\x0f\0\0\0\xc0\x08\0\0\x62\x17\0\0\x0f\0\0\
\0\0\x09\0\0\x6c\x17\0\0\x0f\0\0\0\x40\x09\0\0\x70\x17\0\0\x0f\0\0\0\x80\x09\0\
\0\x7c\x17\0\0\x0f\0\0\0\xc0\x09\0\0\x86\x17\0\0\x0f\0\0\0\0\x0a\0\0\x8e\x17\0\
\0\x0f\0\0\0\x40\x0a\0\0\x98\x17\0\0\x0f\0\0\0\x80\x0a\0\0\xa0\x17\0\0\xb1\0\0\
\0\xc0\x0a\0\0\x61\x03\0\0\xb2\0\0\0\xc0\x16\0\0\xab\x17\0\0\xb4\0\0\0\xc0\x17\
\0\0\xb2\x17\0\0\xb5\0\0\0\0\x18\0\0\xac\0\0\0\x0f\0\0\0\0\x1c\0\0\xba\x17\0\0\
\xbd\0\0\0\x40\x1c\0\0\xc5\x17\0\0\x8d\0\0\0\x80\x1c\0\0\xd0\x17\0\0\xbe\0\0\0\
\xc0\x1c\0\0\xdc\x17\0\0\xbf\0\0\0\0\x1d\0\0\xe4\x17\0\0\x84\0\0\0\x40\x1d\0\0\
\xed\x17\0\0\xc0\0\0\0\x80\x1d\0\0\x04\x18\0\0\x1f\0\0\0\xc0\x1d\0\0\x16\x18\0\
\0\x7a\0\0\0\xe0\x1d\0\0\x28\x18\0\0\xc1\0\0\0\0\x1e\0\0\x36\x18\0\0\x5d\0\0\0\
\x40\x1e\0\0\x45\x18\0\0\x10\0\0\0\x40\x1f\0\0\x4b\x18\0\0\xc3\0\0\0\x80\x1f\0\
\0\0\0\0\0\0\0\0\x02\xc6\0\0\0\0\0\0\0\0\0\0\x02\x83\0\0\0\0\0\0\0\x05\0\0\x0d\
\x0f\0\0\0\0\0\0\0\x84\0\0\0\0\0\0\0\x0f\0\0\0\0\0\0\0\x0f\0\0\0\0\0\0\0\x0f\0\
\0\0\0\0\0\0\x0f\0\0\0\0\0\0\0\0\0\0\x02\x85\0\0\0\x53\x18\0\0\x15\0\0\x04\xf0\
\0\0\0\x58\x18\0\0\x86\0\0\0\0\0\0\0\x5c\x18\0\0\x87\0\0\0\x80\0\0\0\x63\x18\0\
\0\x8a\0\0\0\x40\x01\0\0\x6b\x18\0\0\x8b\0\0\0\x80\x01\0\0\x70\x18\0\0\x8d\0\0\
\0\xc0\x01\0\0\x77\x18\0\0\x90\0\0\0\xe0\x01\0\0\x84\x18\0\0\x5e\0\0\0\0\x02\0\
\0\x8c\x18\0\0\x12\0\0\0\x40\x02\0\0\x94\x18\0\0\x91\0\0\0\x60\x02\0\0\x9b\x18\
\0\0\x92\0\0\0\x80\x02\0\0\xa6\x18\0\0\x94\0\0\0\x80\x03\0\0\xac\x18\0\0\x96\0\
\0\0\xc0\x03\0\0\xb4\x18\0\0\xa4\0\0\0\xc0\x04\0\0\xbb\x18\0\0\xa6\0\0\0\0\x05\
\0\0\xc0\x18\0\0\x31\0\0\0\0\x06\0\0\xca\x18\0\0\x1c\0\0\0\x40\x06\0\0\xd5\x18\
\0\0\x1c\0\0\0\x80\x06\0\0\xe2\x18\0\0\xa7\0\0\0\xc0\x06\0\0\xe7\x18\0\0\xa8\0\
\0\0\0\x07\0\0\xf1\x18\0\0\xa9\0\0\0\x40\x07\0\0\xfa\x18\0\0\xa9\0\0\0\x60\x07\
\0\0\0\0\0\0\x02\0\0\x05\x10\0\0\0\x03\x19\0\0\x22\0\0\0\0\0\0\0\x0c\x19\0\0\
\x66\0\0\0\0\0\0\0\x17\x19\0\0\x03\0\0\x04\x18\0\0\0\x1c\x19\0\0\x88\0\0\0\0\0\
\0\0\x20\x19\0\0\x89\0\0\0\x40\0\0\0\x27\x19\0\0\x02\0\0\0\x80\0\0\0\0\0\0\0\0\
\0\0\x02\xa7\x03\0\0\0\0\0\0\0\0\0\x02\xa8\x03\0\0\0\0\0\0\0\0\0\x02\xe9\x01\0\
\0\0\0\0\0\0\0\0\x02\x8c\0\0\0\0\0\0\0\0\0\0\x0a\xfa\x01\0\0\x32\x19\0\0\0\0\0\
\x08\x8e\0\0\0\x3d\x19\0\0\x01\0\0\x04\x04\0\0\0\0\0\0\0\x8f\0\0\0\0\0\0\0\0\0\
\0\0\x01\0\0\x05\x04\0\0\0\x46\x19\0\0\x40\0\0\0\0\0\0\0\x4c\x19\0\0\x06\0\0\
\x06\x04\0\0\0\x54\x19\0\0\0\0\0\0\x67\x19\0\0\x01\0\0\0\x77\x19\0\0\x02\0\0\0\
\x88\x19\0\0\x03\0\0\0\x9a\x19\0\0\x04\0\0\0\xaa\x19\0\0\x05\0\0\0\xbd\x19\0\0\
\0\0\0\x08\x12\0\0\0\xc5\x19\0\0\x04\0\0\x04\x20\0\0\0\xcb\x19\0\0\x5e\0\0\0\0\
\0\0\0\xd1\x19\0\0\x3f\0\0\0\x40\0\0\0\xdb\x19\0\0\x93\0\0\0\x60\0\0\0\xdf\x19\
\0\0\x2f\0\0\0\x80\0\0\0\xe9\x19\0\0\x01\0\0\x04\x04\0\0\0\xf8\x11\0\0\x1f\0\0\
\0\0\0\0\0\xff\x19\0\0\0\0\0\x08\x95\0\0\0\x06\x1a\0\0\0\0\0\x08\x36\0\0\0\x16\
\x1a\0\0\x06\0\0\x04\x20\0\0\0\x81\x11\0\0\x97\0\0\0\0\0\0\0\x9f\x04\0\0\x9e\0\
\0\0\x40\0\0\0\x22\x1a\0\0\x9f\0\0\0\x80\0\0\0\x2b\x1a\0\0\xa0\0\0\0\xa0\0\0\0\
\x2f\x1a\0\0\xa0\0\0\0\xc0\0\0\0\x34\x1a\0\0\x02\0\0\0\xe0\0\0\0\x3b\x1a\0\0\0\
\0\0\x08\x98\0\0\0\0\0\0\0\x01\0\0\x04\x08\0\0\0\xa5\x11\0\0\x99\0\0\0\0\0\0\0\
\x44\x1a\0\0\0\0\0\x08\x9a\0\0\0\x52\x1a\0\0\x02\0\0\x04\x08\0\0\0\0\0\0\0\x9b\
\0\0\0\0\0\0\0\xd1\x19\0\0\x41\0\0\0\x20\0\0\0\0\0\0\0\x02\0\0\x05\x04\0\0\0\
\x5a\x1a\0\0\x1f\0\0\0\0\0\0\0\0\0\0\0\x9c\0\0\0\0\0\0\0\0\0\0\0\x02\0\0\x04\
\x04\0\0\0\x5f\x1a\0\0\x45\0\0\0\0\0\0\0\x67\x1a\0\0\x9d\0\0\0\x08\0\0\0\0\0\0\
\0\0\0\0\x03\0\0\0\0\x45\0\0\0\x04\0\0\0\x03\0\0\0\0\0\0\0\0\0\0\x02\xe9\0\0\0\
\x22\x1a\0\0\x05\0\0\x06\x04\0\0\0\x70\x1a\0\0\0\0\0\0\x7c\x1a\0\0\x01\0\0\0\
\x89\x1a\0\0\x02\0\0\0\x96\x1a\0\0\x03\0\0\0\xa2\x1a\0\0\x04\0\0\0\xae\x1a\0\0\
\0\0\0\x08\xa1\0\0\0\0\0\0\0\x01\0\0\x04\x04\0\0\0\xc8\x11\0\0\xa2\0\0\0\0\0\0\
\0\xb5\x1a\0\0\0\0\0\x08\xa3\0\0\0\xbb\x1a\0\0\0\0\0\x08\x12\0\0\0\0\0\0\0\0\0\
\0\x02\xa5\0\0\0\0\0\0\0\0\0\0\x0a\xfb\0\0\0\xcc\x1a\0\0\x06\0\0\x04\x20\0\0\0\
\xda\x1a\0\0\x0f\0\0\0\0\0\0\0\xe0\x1a\0\0\x12\0\0\0\x40\0\0\0\xe5\x1a\0\0\x12\
\0\0\0\x60\0\0\0\xf0\x1a\0\0\x12\0\0\0\x80\0\0\0\xf9\x1a\0\0\x12\0\0\0\xa0\0\0\
\0\x03\x1b\0\0\x94\0\0\0\xc0\0\0\0\0\0\0\0\0\0\0\x02\x6f\0\0\0\0\0\0\0\0\0\0\
\x02\xe8\x01\0\0\x0c\x1b\0\0\0\0\0\x08\x10\0\0\0\0\0\0\0\0\0\0\x02\xab\0\0\0\
\x15\x1b\0\0\0\0\0\x08\xac\0\0\0\0\0\0\0\x01\0\0\x04\x08\0\0\0\x67\x16\0\0\xad\
\0\0\0\0\0\0\0\x1b\x1b\0\0\0\0\0\x08\x0f\0\0\0\x24\x1b\0\0\x05\0\0\x04\x28\0\0\
\0\x31\x1b\0\0\x5e\0\0\0\0\0\0\0\xcb\x19\0\0\x5e\0\0\0\x40\0\0\0\xdb\x19\0\0\
\x93\0\0\0\x80\0\0\0\xd1\x19\0\0\x3f\0\0\0\xa0\0\0\0\xdf\x19\0\0\x2f\0\0\0\xc0\
\0\0\0\x37\x1b\0\0\0\0\0\x08\xb0\0\0\0\x42\x1b\0\0\x01\0\0\x04\x04\0\0\0\x4b\
\x1b\0\0\x12\0\0\0\0\0\0\0\0\0\0\0\0\0\0\x03\0\0\0\0\x0f\0\0\0\x04\0\0\0\x30\0\
\0\0\x54\x1b\0\0\x01\0\0\x04\x20\0\0\0\x31\x1b\0\0\xb3\0\0\0\0\0\0\0\0\0\0\0\0\
\0\0\x03\0\0\0\0\x5e\0\0\0\x04\0\0\0\x04\0\0\0\0\0\0\0\0\0\0\x02\xf9\x06\0\0\
\x60\x1b\0\0\0\0\0\x08\xb6\0\0\0\0\0\0\0\x0b\0\0\x04\x80\0\0\0\x6d\x1b\0\0\x31\
\0\0\0\0\0\0\0\x74\x1b\0\0\x5f\0\0\0\x40\0\0\0\x7c\x1b\0\0\xae\0\0\0\x80\0\0\0\
\x88\x1b\0\0\xb7\0\0\0\xc0\x01\0\0\xac\0\0\0\x27\0\0\0\0\x02\0\0\x81\x11\0\0\
\x92\0\0\0\x40\x02\0\0\x8c\x1b\0\0\x1c\0\0\0\x40\x03\0\0\x91\x1b\0\0\xb8\0\0\0\
\x80\x03\0\0\x9c\x1b\0\0\x1f\0\0\0\xc0\x03\0\0\xaf\x1b\0\0\x25\0\0\0\xe0\x03\0\
\0\xc3\x1b\0\0\xba\0\0\0\xf0\x03\0\0\0\0\0\0\0\0\0\x02\x75\x07\0\0\0\0\0\0\0\0\
\0\x02\xb9\0\0\0\0\0\0\0\0\0\0\x0a\x76\x07\0\0\xd5\x1b\0\0\0\0\0\x08\xbb\0\0\0\
\xd9\x1b\0\0\0\0\0\x08\xbc\0\0\0\xdf\x1b\0\0\0\0\0\x01\x02\0\0\0\x10\0\0\x01\0\
\0\0\0\0\0\0\x02\x77\x07\0\0\0\0\0\0\0\0\0\x02\x78\x07\0\0\0\0\0\0\0\0\0\x02\
\x66\x01\0\0\0\0\0\0\0\0\0\x02\x79\x07\0\0\x28\x18\0\0\x01\0\0\x04\x08\0\0\0\
\xe5\x1b\0\0\xc2\0\0\0\0\0\0\0\0\0\0\0\0\0\0\x02\x7a\x07\0\0\0\0\0\0\x02\0\0\
\x04\x18\0\0\0\x94\x13\0\0\x2f\0\0\0\0\0\0\0\xee\x1b\0\0\x0f\0\0\0\x80\0\0\0\0\
\0\0\0\0\0\0\x03\0\0\0\0\x0f\0\0\0\x04\0\0\0\0\0\0\0\x58\x03\0\0\x02\0\0\x04\
\x28\0\0\0\xf5\x1b\0\0\x31\0\0\0\0\0\0\0\xfc\x1b\0\0\xd4\0\0\0\x40\0\0\0\x01\
\x1c\0\0\x12\0\0\x04\xc0\0\0\0\x10\x1c\0\0\x0f\0\0\0\0\0\0\0\x19\x1c\0\0\x0f\0\
\0\0\x40\0\0\0\x20\x1c\0\0\x81\0\0\0\x80\0\0\0\x28\x1c\0\0\x81\0\0\0\xc0\0\0\0\
\x30\x1c\0\0\x2d\0\0\0\0\x01\0\0\x36\x1c\0\0\x0f\0\0\0\xc0\x01\0\0\x45\x1c\0\0\
\x7e\0\0\0\0\x02\0\0\x4b\x1c\0\0\xc7\0\0\0\x40\x02\0\0\x58\x1c\0\0\x0f\0\0\0\
\x80\x02\0\0\0\0\0\0\xca\0\0\0\xc0\x02\0\0\x61\x1c\0\0\x2f\0\0\0\xc0\x03\0\0\
\x70\x1c\0\0\xcf\0\0\0\x40\x04\0\0\x79\x1c\0\0\xd0\0\0\0\x80\x04\0\0\x80\x1c\0\
\0\x0f\0\0\0\xc0\x04\0\0\x89\x1c\0\0\x84\0\0\0\0\x05\0\0\x91\x1c\0\0\x1c\0\0\0\
\x40\x05\0\0\xa1\x1c\0\0\x5e\0\0\0\x80\x05\0\0\xb5\x1c\0\0\xd2\0\0\0\xc0\x05\0\
\0\xc8\x1c\0\0\0\0\0\x08\xc8\0\0\0\xd1\x1c\0\0\x01\0\0\x04\x08\0\0\0\xd1\x1c\0\
\0\xc9\0\0\0\0\0\0\0\xd8\x1c\0\0\0\0\0\x08\x0f\0\0\0\0\0\0\0\x02\0\0\x05\x20\0\
\0\0\xe4\x1c\0\0\xcb\0\0\0\0\0\0\0\xeb\x1c\0\0\xcc\0\0\0\0\0\0\0\0\0\0\0\x02\0\
\0\x04\x20\0\0\0\x2a\0\0\0\x2d\0\0\0\0\0\0\0\xf5\x1c\0\0\x0f\0\0\0\xc0\0\0\0\0\
\0\0\0\0\0\0\x02\xcd\0\0\0\0\0\0\0\0\0\0\x0a\xce\0\0\0\x05\x1d\0\0\0\0\0\x01\
\x01\0\0\0\x08\0\0\x01\0\0\0\0\0\0\0\x02\x7b\x07\0\0\0\0\0\0\0\0\0\x02\xd1\0\0\
\0\0\0\0\0\0\0\0\x0a\x7c\x07\0\0\xb5\x1c\0\0\x01\0\0\x04\x08\0\0\0\x40\0\0\0\
\xd3\0\0\0\0\0\0\0\0\0\0\0\0\0\0\x02\x7d\x07\0\0\0\0\0\0\0\0\0\x03\0\0\0\0\x81\
\0\0\0\x04\0\0\0\x04\0\0\0\x0a\x1d\0\0\x02\0\0\x04\x14\0\0\0\x18\x1d\0\0\x02\0\
\0\0\0\0\0\0\x31\x1b\0\0\xd6\0\0\0\x20\0\0\0\0\0\0\0\0\0\0\x03\0\0\0\0\x02\0\0\
\0\x04\0\0\0\x04\0\0\0\x91\x04\0\0\x03\0\0\x04\x38\0\0\0\x1f\x1d\0\0\x0f\0\0\0\
\0\0\0\0\x29\x1d\0\0\xd8\0\0\0\x40\0\0\0\0\0\0\0\xdb\0\0\0\x80\0\0\0\0\0\0\0\0\
\0\0\x02\xd9\0\0\0\0\0\0\0\x01\0\0\x0d\x18\0\0\0\0\0\0\0\xda\0\0\0\0\0\0\0\0\0\
\0\x02\xd7\0\0\0\0\0\0\0\x03\0\0\x05\x28\0\0\0\x2c\x1d\0\0\xdc\0\0\0\0\0\0\0\
\x32\x1d\0\0\xde\0\0\0\0\0\0\0\x3c\x1d\0\0\xe5\0\0\0\0\0\0\0\0\0\0\0\x06\0\0\
\x04\x28\0\0\0\x41\x1d\0\0\xdd\0\0\0\0\0\0\0\xc8\x11\0\0\x10\0\0\0\x40\0\0\0\
\xac\0\0\0\x10\0\0\0\x60\0\0\0\x47\x1d\0\0\x10\0\0\0\x80\0\0\0\x4e\x1d\0\0\x31\
\0\0\0\xc0\0\0\0\x53\x1d\0\0\xdd\0\0\0\0\x01\0\0\0\0\0\0\0\0\0\x02\x10\0\0\0\0\
\0\0\0\x04\0\0\x04\x18\0\0\0\x5a\x1d\0\0\xdf\0\0\0\0\0\0\0\x19\0\0\0\xe1\0\0\0\
\x20\0\0\0\0\0\0\0\xe2\0\0\0\x40\0\0\0\x38\x13\0\0\x31\0\0\0\x80\0\0\0\x62\x1d\
\0\0\0\0\0\x08\xe0\0\0\0\x6c\x1d\0\0\0\0\0\x08\x02\0\0\0\x7f\x1d\0\0\x03\0\0\
\x06\x04\0\0\0\x8d\x1d\0\0\0\0\0\0\x95\x1d\0\0\x01\0\0\0\x9f\x1d\0\0\x02\0\0\0\
\0\0\0\0\x02\0\0\x05\x08\0\0\0\xa9\x1d\0\0\xe3\0\0\0\0\0\0\0\xae\x1d\0\0\xe4\0\
\0\0\0\0\0\0\0\0\0\0\0\0\0\x02\xa8\x07\0\0\0\0\0\0\0\0\0\x02\xa9\x07\0\0\0\0\0\
\0\x05\0\0\x04\x20\0\0\0\xba\x1d\0\0\xe6\0\0\0\0\0\0\0\xbf\x1d\0\0\x02\0\0\0\
\x40\0\0\0\xc4\x1d\0\0\x02\0\0\0\x60\0\0\0\xd0\x1d\0\0\x0f\0\0\0\x80\0\0\0\xd7\
\x1d\0\0\x0f\0\0\0\xc0\0\0\0\0\0\0\0\0\0\0\x02\xaa\x07\0\0\xdf\x1d\0\0\0\0\0\
\x08\xe8\0\0\0\xe5\x1d\0\0\0\0\0\x08\x02\0\0\0\x9f\x04\0\0\x08\0\0\x04\x70\0\0\
\0\x31\x1b\0\0\x1d\0\0\0\0\0\0\0\xf4\x1d\0\0\x12\0\0\0\x20\0\0\0\x81\x11\0\0\
\x8d\0\0\0\x40\0\0\0\x24\x03\0\0\xea\0\0\0\x80\0\0\0\xfa\x1d\0\0\x6f\0\0\0\x80\
\x01\0\0\x01\x1e\0\0\xeb\0\0\0\xc0\x01\0\0\x90\x13\0\0\x66\0\0\0\x80\x02\0\0\
\x0c\x1e\0\0\xef\0\0\0\0\x03\0\0\0\0\0\0\0\0\0\x03\0\0\0\0\x6f\0\0\0\x04\0\0\0\
\x04\0\0\0\x14\x1e\0\0\0\0\0\x08\xec\0\0\0\x26\x1e\0\0\x02\0\0\x04\x18\0\0\0\
\x81\x11\0\0\x8d\0\0\0\0\0\0\0\x36\x1e\0\0\x2f\0\0\0\x40\0\0\0\x3b\x1e\0\0\x02\
\0\0\x04\x10\0\0\0\x86\x11\0\0\x02\0\0\0\0\0\0\0\x40\x1e\0\0\xee\0\0\0\x40\0\0\
\0\0\0\0\0\0\0\0\x02\0\x03\0\0\0\0\0\0\0\0\0\x03\0\0\0\0\xed\0\0\0\x04\0\0\0\
\x01\0\0\0\x43\x1e\0\0\x02\0\0\x04\x10\0\0\0\x3b\x0c\0\0\x70\0\0\0\0\0\0\0\x4e\
\x1e\0\0\xf1\0\0\0\x40\0\0\0\0\0\0\0\0\0\0\x02\x70\0\0\0\0\0\0\0\0\0\0\x03\0\0\
\0\0\xf0\0\0\0\x04\0\0\0\x04\0\0\0\0\0\0\0\0\0\0\x02\x79\x01\0\0\0\0\0\0\0\0\0\
\x02\x02\0\0\0\x71\x05\0\0\x03\0\0\x04\x18\0\0\0\x5f\x05\0\0\x31\0\0\0\0\0\0\0\
\x65\x05\0\0\x31\0\0\0\x40\0\0\0\x81\x11\0\0\x3f\0\0\0\x80\0\0\0\xb5\x05\0\0\
\x03\0\0\x04\x50\0\0\0\x54\x1e\0\0\xf9\0\0\0\0\0\0\0\x5a\x1e\0\0\x12\0\0\0\x40\
\x02\0\0\x68\x1e\0\0\x12\0\0\0\x60\x02\0\0\x76\x1e\0\0\x02\0\0\x04\x18\0\0\0\
\x8a\x1e\0\0\x31\0\0\0\0\0\0\0\x92\x1e\0\0\xf8\0\0\0\x40\0\0\0\x99\x1e\0\0\x01\
\0\0\x04\x10\0\0\0\xe3\x10\0\0\x3a\0\0\0\0\0\0\0\0\0\0\0\0\0\0\x03\0\0\0\0\xf7\
\0\0\0\x04\0\0\0\x03\0\0\0\xc5\x05\0\0\x02\0\0\x04\x18\0\0\0\x7a\x14\0\0\x66\0\
\0\0\0\0\0\0\xa9\x1e\0\0\x12\0\0\0\x80\0\0\0\xf1\x05\0\0\x1d\0\0\x04\xc0\0\0\0\
\xa6\0\0\0\x1f\0\0\0\0\0\0\0\xb3\x1e\0\0\x1f\0\0\0\x20\0\0\0\xbf\x1e\0\0\x1c\0\
\0\0\x40\0\0\0\xc8\x1e\0\0\x12\0\0\0\x80\0\0\0\x2b\x1a\0\0\xa0\0\0\0\xa0\0\0\0\
\xce\x1e\0\0\xfc\0\0\0\xc0\0\0\0\xd2\x1e\0\0\xa0\0\0\0\xe0\0\0\0\xd7\x1e\0\0\
\xfc\0\0\0\0\x01\0\0\x2f\x1a\0\0\xa0\0\0\0\x20\x01\0\0\xdc\x1e\0\0\xfc\0\0\0\
\x40\x01\0\0\xe1\x1e\0\0\xa0\0\0\0\x60\x01\0\0\xe7\x1e\0\0\xfc\0\0\0\x80\x01\0\
\0\xed\x1e\0\0\x12\0\0\0\xa0\x01\0\0\xf8\x1e\0\0\0\x01\0\0\xc0\x01\0\0\x08\x1f\
\0\0\0\x01\0\0\0\x02\0\0\x16\x1f\0\0\0\x01\0\0\x40\x02\0\0\x24\x1f\0\0\0\x01\0\
\0\x80\x02\0\0\x2d\x1f\0\0\0\x01\0\0\xc0\x02\0\0\x39\x1f\0\0\x47\0\0\0\0\x03\0\
\0\x45\x1f\0\0\x03\x01\0\0\x40\x03\0\0\x55\x1f\0\0\x03\x01\0\0\x80\x03\0\0\x65\
\x1f\0\0\x03\x01\0\0\xc0\x03\0\0\x74\x1f\0\0\x03\x01\0\0\0\x04\0\0\x5d\x0a\0\0\
\x1c\0\0\0\x40\x04\0\0\x85\x1f\0\0\x65\x01\0\0\x80\x04\0\0\xdc\x17\0\0\xbf\0\0\
\0\xc0\x04\0\0\x8a\x1f\0\0\x87\x01\0\0\0\x05\0\0\x92\x1f\0\0\x8b\x01\0\0\x40\
\x05\0\0\0\0\0\0\x8c\x01\0\0\x80\x05\0\0\x9d\x1f\0\0\0\0\0\x08\xfd\0\0\0\0\0\0\
\0\x01\0\0\x04\x04\0\0\0\xc8\x11\0\0\xfe\0\0\0\0\0\0\0\xa4\x1f\0\0\0\0\0\x08\
\xff\0\0\0\xaa\x1f\0\0\0\0\0\x08\x12\0\0\0\xbb\x1f\0\0\0\0\0\x08\x01\x01\0\0\
\xc8\x1f\0\0\x01\0\0\x04\x08\0\0\0\xda\x1f\0\0\x02\x01\0\0\0\0\0\0\0\0\0\0\0\0\
\0\x03\0\0\0\0\x11\0\0\0\x04\0\0\0\x02\0\0\0\0\0\0\0\0\0\0\x02\x04\x01\0\0\xde\
\x1f\0\0\x12\0\0\x04\xe0\0\0\0\xa6\0\0\0\x1d\0\0\0\0\0\0\0\xe2\x1f\0\0\x05\x01\
\0\0\x20\0\0\0\0\0\0\0\x09\x01\0\0\x40\0\0\0\xe9\x1f\0\0\xae\0\0\0\0\x01\0\0\
\x85\x1f\0\0\x0a\x01\0\0\x40\x02\0\0\x5d\x0a\0\0\x1c\0\0\0\x80\x02\0\0\0\0\0\0\
\x0b\x01\0\0\xc0\x02\0\0\xed\x1f\0\0\x0c\x01\0\0\0\x03\0\0\x2b\x1a\0\0\xa0\0\0\
\0\x40\x03\0\0\xce\x1e\0\0\xfc\0\0\0\x60\x03\0\0\xfa\x1f\0\0\x0d\x01\0\0\x80\
\x03\0\0\xff\x1f\0\0\x27\0\0\0\xa0\x03\0\0\x08\x20\0\0\x27\0\0\0\xb0\x03\0\0\
\x0b\x13\0\0\xbc\0\0\0\xc0\x03\0\0\xac\0\0\0\x0f\0\0\0\0\x04\0\0\0\0\0\0\x0f\
\x01\0\0\x40\x04\0\0\0\0\0\0\x60\x01\0\0\x80\x05\0\0\x10\x20\0\0\x47\x01\0\0\
\xc0\x06\0\0\x1e\x20\0\0\0\0\0\x08\x06\x01\0\0\x2b\x20\0\0\0\0\0\x08\x07\x01\0\
\0\x33\x20\0\0\0\0\0\x08\x08\x01\0\0\x37\x20\0\0\0\0\0\x08\x02\0\0\0\0\0\0\0\
\x02\0\0\x05\x18\0\0\0\x3d\x20\0\0\x2f\0\0\0\0\0\0\0\x4c\x20\0\0\x2d\0\0\0\0\0\
\0\0\0\0\0\0\0\0\0\x02\x65\x07\0\0\0\0\0\0\x02\0\0\x05\x08\0\0\0\x58\x20\0\0\
\x0c\x01\0\0\0\0\0\0\x5f\x20\0\0\x0c\x01\0\0\0\0\0\0\x6a\x20\0\0\0\0\0\x08\x35\
\0\0\0\x73\x20\0\0\0\0\0\x08\x0e\x01\0\0\x7e\x20\0\0\0\0\0\x08\x10\0\0\0\0\0\0\
\0\x02\0\0\x05\x28\0\0\0\x87\x20\0\0\x10\x01\0\0\0\0\0\0\0\0\0\0\x16\x01\0\0\0\
\0\0\0\x91\x20\0\0\x05\0\0\x04\x28\0\0\0\xa3\x20\0\0\x0f\0\0\0\0\0\0\0\0\0\0\0\
\x11\x01\0\0\x40\0\0\0\x19\0\0\0\x14\x01\0\0\x80\0\0\0\xa8\x20\0\0\x15\x01\0\0\
\xc0\0\0\0\xb3\x20\0\0\xcc\0\0\0\0\x01\0\0\0\0\0\0\x02\0\0\x05\x08\0\0\0\0\0\0\
\0\x12\x01\0\0\0\0\0\0\xbf\x20\0\0\x0f\0\0\0\0\0\0\0\0\0\0\0\x02\0\0\x04\x08\0\
\0\0\xc1\x20\0\0\x25\0\0\0\0\0\0\0\xca\x20\0\0\x13\x01\0\0\x10\0\0\0\0\0\0\0\0\
\0\0\x03\0\0\0\0\xce\0\0\0\x04\0\0\0\x06\0\0\0\0\0\0\0\0\0\0\x02\x17\x01\0\0\0\
\0\0\0\0\0\0\x02\x5f\x01\0\0\0\0\0\0\x05\0\0\x04\x28\0\0\0\xa3\x20\0\0\x0f\0\0\
\0\0\0\0\0\xcf\x20\0\0\x0f\0\0\0\x40\0\0\0\x19\0\0\0\x14\x01\0\0\x80\0\0\0\xa8\
\x20\0\0\x15\x01\0\0\xc0\0\0\0\xb3\x20\0\0\x21\x01\0\0\0\x01\0\0\xd8\x20\0\0\
\x15\0\0\x04\xa8\0\0\0\xe1\x20\0\0\xcc\0\0\0\0\0\0\0\xe6\x20\0\0\x18\x01\0\0\
\x40\0\0\0\xac\0\0\0\x12\0\0\0\x80\0\0\0\xf2\x20\0\0\x1b\x01\0\0\xc0\0\0\0\x02\
\x21\0\0\x1d\x01\0\0\0\x01\0\0\x0b\x21\0\0\x26\x01\0\0\x40\x01\0\0\x19\x21\0\0\
\x28\x01\0\0\x80\x01\0\0\x25\x21\0\0\x28\x01\0\0\xc0\x01\0\0\x2c\x21\0\0\x2a\
\x01\0\0\0\x02\0\0\x3b\x21\0\0\x34\x01\0\0\x40\x02\0\0\x46\x21\0\0\x36\x01\0\0\
\x80\x02\0\0\x4d\x21\0\0\x36\x01\0\0\xc0\x02\0\0\x55\x21\0\0\x38\x01\0\0\0\x03\
\0\0\x5e\x21\0\0\x40\x01\0\0\x40\x03\0\0\x63\x21\0\0\x42\x01\0\0\x80\x03\0\0\
\x6f\x21\0\0\x45\x01\0\0\xc0\x03\0\0\x82\x21\0\0\x50\x01\0\0\0\x04\0\0\x8d\x21\
\0\0\x59\x01\0\0\x40\x04\0\0\x99\x21\0\0\x5c\x01\0\0\x80\x04\0\0\xaf\x21\0\0\
\x2f\0\0\0\xc0\x04\0\0\xb4\x21\0\0\x5e\x01\0\0\x40\x05\0\0\xbf\x21\0\0\0\0\0\
\x08\x19\x01\0\0\xc6\x21\0\0\0\0\0\x08\x1a\x01\0\0\xd6\x21\0\0\0\0\0\x08\x0f\0\
\0\0\0\0\0\0\0\0\0\x02\x1c\x01\0\0\0\0\0\0\x01\0\0\x0d\x02\0\0\0\0\0\0\0\xcc\0\
\0\0\0\0\0\0\0\0\0\x02\x1e\x01\0\0\0\0\0\0\x01\0\0\x0d\x02\0\0\0\0\0\0\0\x1f\
\x01\0\0\0\0\0\0\0\0\0\x02\x20\x01\0\0\xe7\x21\0\0\x07\0\0\x04\x58\0\0\0\xfd\
\x21\0\0\xcc\0\0\0\0\0\0\0\xb3\x20\0\0\x21\x01\0\0\x40\0\0\0\x0e\x22\0\0\x22\
\x01\0\0\x80\0\0\0\x30\x14\0\0\x24\x01\0\0\xc0\x01\0\0\x08\x20\0\0\x18\x01\0\0\
\0\x02\0\0\xff\x1f\0\0\x18\x01\0\0\x40\x02\0\0\x58\x20\0\0\x0c\x01\0\0\x80\x02\
\0\0\0\0\0\0\0\0\0\x02\xce\0\0\0\x16\x22\0\0\x02\0\0\x05\x28\0\0\0\x22\x22\0\0\
\x1c\0\0\0\0\0\0\0\x30\x14\0\0\x23\x01\0\0\0\0\0\0\0\0\0\0\0\0\0\x03\0\0\0\0\
\x1c\0\0\0\x04\0\0\0\x05\0\0\0\0\0\0\0\0\0\0\x02\x25\x01\0\0\0\0\0\0\0\0\0\x0a\
\0\0\0\0\0\0\0\0\0\0\0\x02\x27\x01\0\0\0\0\0\0\x01\0\0\x0d\0\0\0\0\0\0\0\0\x1f\
\x01\0\0\0\0\0\0\0\0\0\x02\x29\x01\0\0\0\0\0\0\x02\0\0\x0d\x02\0\0\0\0\0\0\0\
\x03\x01\0\0\0\0\0\0\x1f\x01\0\0\0\0\0\0\0\0\0\x02\x2b\x01\0\0\0\0\0\0\x01\0\0\
\x0d\x02\0\0\0\0\0\0\0\x2c\x01\0\0\0\0\0\0\0\0\0\x02\x2d\x01\0\0\x2c\x22\0\0\
\x04\0\0\x04\x20\0\0\0\x3b\x22\0\0\x2e\x01\0\0\0\0\0\0\x3f\x22\0\0\x24\x01\0\0\
\x40\0\0\0\x48\x22\0\0\x1c\0\0\0\x80\0\0\0\x52\x22\0\0\x12\0\0\0\xc0\0\0\0\0\0\
\0\0\0\0\0\x02\x2f\x01\0\0\0\0\0\0\x02\0\0\x0d\x7a\0\0\0\0\0\0\0\x30\x01\0\0\0\
\0\0\0\x32\x01\0\0\0\0\0\0\0\0\0\x02\x31\x01\0\0\0\0\0\0\0\0\0\x0a\x04\x01\0\0\
\0\0\0\0\0\0\0\x02\x33\x01\0\0\0\0\0\0\0\0\0\x0a\x2d\x01\0\0\0\0\0\0\0\0\0\x02\
\x35\x01\0\0\0\0\0\0\x01\0\0\x0d\0\0\0\0\0\0\0\0\x2c\x01\0\0\0\0\0\0\0\0\0\x02\
\x37\x01\0\0\0\0\0\0\x01\0\0\x0d\0\0\0\0\0\0\0\0\x03\x01\0\0\0\0\0\0\0\0\0\x02\
\x39\x01\0\0\0\0\0\0\x02\0\0\x0d\0\0\0\0\0\0\0\0\x30\x01\0\0\0\0\0\0\x3a\x01\0\
\0\0\0\0\0\0\0\0\x02\x3b\x01\0\0\x5e\x22\0\0\x0c\0\0\x04\x78\0\0\0\x67\x22\0\0\
\x21\x01\0\0\0\0\0\0\xe0\x1a\0\0\x18\x01\0\0\x40\0\0\0\x6b\x22\0\0\x18\x01\0\0\
\x80\0\0\0\x31\x1b\0\0\x18\x01\0\0\xc0\0\0\0\x70\x22\0\0\x18\x01\0\0\0\x01\0\0\
\x7a\x22\0\0\x94\0\0\0\x40\x01\0\0\x80\x22\0\0\x94\0\0\0\x80\x01\0\0\x81\x11\0\
\0\x92\0\0\0\xc0\x01\0\0\x89\x22\0\0\x3c\x01\0\0\xc0\x02\0\0\x8c\x22\0\0\x02\0\
\0\0\0\x03\0\0\x53\x18\0\0\x3e\x01\0\0\x40\x03\0\0\x97\x22\0\0\x1c\0\0\0\x80\
\x03\0\0\0\0\0\0\0\0\0\x02\x3d\x01\0\0\0\0\0\0\0\0\0\x0a\x91\x04\0\0\0\0\0\0\0\
\0\0\x02\x3f\x01\0\0\0\0\0\0\0\0\0\x0a\x85\0\0\0\0\0\0\0\0\0\0\x02\x41\x01\0\0\
\0\0\0\0\x03\0\0\x0d\x18\0\0\0\0\0\0\0\x30\x01\0\0\0\0\0\0\x21\x01\0\0\0\0\0\0\
\x18\x01\0\0\x9f\x22\0\0\0\0\0\x08\x43\x01\0\0\0\0\0\0\0\0\0\x02\x44\x01\0\0\0\
\0\0\0\x02\0\0\x0d\x02\0\0\0\0\0\0\0\x03\x01\0\0\0\0\0\0\x1c\0\0\0\0\0\0\0\0\0\
\0\x02\x46\x01\0\0\0\0\0\0\x01\0\0\x0d\x47\x01\0\0\0\0\0\0\xcc\0\0\0\0\0\0\0\0\
\0\0\x02\x48\x01\0\0\xb3\x22\0\0\x03\0\0\x04\x18\0\0\0\xc3\x22\0\0\x49\x01\0\0\
\0\0\0\0\xde\x1f\0\0\x03\x01\0\0\x40\0\0\0\xc9\x22\0\0\x14\x01\0\0\x80\0\0\0\
\xd1\x22\0\0\0\0\0\x08\x4a\x01\0\0\0\0\0\0\0\0\0\x02\x4b\x01\0\0\0\0\0\0\x04\0\
\0\x0d\x02\0\0\0\0\0\0\0\x03\x01\0\0\0\0\0\0\x4c\x01\0\0\0\0\0\0\x4e\x01\0\0\0\
\0\0\0\x03\x01\0\0\0\0\0\0\0\0\0\x02\x4d\x01\0\0\0\0\0\0\0\0\0\x0a\x17\x01\0\0\
\0\0\0\0\0\0\0\x02\x4f\x01\0\0\0\0\0\0\0\0\0\x0a\x22\x01\0\0\0\0\0\0\0\0\0\x02\
\x51\x01\0\0\0\0\0\0\x02\0\0\x0d\x02\0\0\0\0\0\0\0\x52\x01\0\0\0\0\0\0\x57\x01\
\0\0\0\0\0\0\0\0\0\x02\x53\x01\0\0\0\0\0\0\0\0\0\x0a\x54\x01\0\0\xea\x22\0\0\
\x07\0\0\x84\x30\0\0\0\xde\x1f\0\0\x03\x01\0\0\0\0\0\0\xfd\x22\0\0\xcc\0\0\0\
\x40\0\0\0\x06\x23\0\0\xcc\0\0\0\x80\0\0\0\x10\x23\0\0\x21\x01\0\0\xc0\0\0\0\
\x15\x23\0\0\x11\0\0\0\0\x01\0\0\0\0\0\0\x55\x01\0\0\x20\x01\0\0\x89\x22\0\0\
\x56\x01\0\0\x40\x01\0\x08\0\0\0\0\x02\0\0\x05\x04\0\0\0\x1c\x23\0\0\x11\0\0\0\
\0\0\0\0\x24\x23\0\0\x11\0\0\0\0\0\0\0\x2c\x23\0\0\x04\0\0\x06\x04\0\0\0\x42\
\x23\0\0\0\0\0\0\x56\x23\0\0\x01\0\0\0\x6a\x23\0\0\x02\0\0\0\x7b\x23\0\0\x03\0\
\0\0\0\0\0\0\0\0\0\x02\x58\x01\0\0\x8e\x23\0\0\x06\0\0\x04\x10\0\0\0\xa0\x23\0\
\0\x11\0\0\0\0\0\0\0\xae\x23\0\0\x11\0\0\0\x20\0\0\0\xb7\x23\0\0\x26\0\0\0\x40\
\0\0\0\xc5\x23\0\0\x26\0\0\0\x50\0\0\0\xd2\x23\0\0\x26\0\0\0\x60\0\0\0\xdf\x23\
\0\0\x26\0\0\0\x70\0\0\0\0\0\0\0\0\0\0\x02\x5a\x01\0\0\0\0\0\0\x03\0\0\x0d\x02\
\0\0\0\0\0\0\0\x5b\x01\0\0\0\0\0\0\x24\x01\0\0\0\0\0\0\x1c\0\0\0\0\0\0\0\0\0\0\
\x02\x54\x01\0\0\0\0\0\0\0\0\0\x02\x5d\x01\0\0\0\0\0\0\x03\0\0\x0d\x02\0\0\0\0\
\0\0\0\x5b\x01\0\0\0\0\0\0\x24\x01\0\0\0\0\0\0\x24\x01\0\0\xec\x23\0\0\0\0\0\
\x04\0\0\0\0\xfb\x23\0\0\x03\0\0\x04\x18\0\0\0\x90\x13\0\0\x66\0\0\0\0\0\0\0\
\xa6\0\0\0\x1d\0\0\0\x80\0\0\0\xc9\x0f\0\0\x7a\0\0\0\xa0\0\0\0\0\0\0\0\x02\0\0\
\x05\x28\0\0\0\x0e\x22\0\0\x22\x01\0\0\0\0\0\0\0\0\0\0\x61\x01\0\0\0\0\0\0\0\0\
\0\0\x02\0\0\x04\x20\0\0\0\x03\x24\0\0\x2f\0\0\0\0\0\0\0\x0d\x24\0\0\x62\x01\0\
\0\x80\0\0\0\x12\x24\0\0\x02\0\0\x04\x10\0\0\0\x1e\x24\0\0\x63\x01\0\0\0\0\0\0\
\x23\x24\0\0\x0f\0\0\0\x40\0\0\0\0\0\0\0\0\0\0\x02\x64\x01\0\0\x35\x24\0\0\0\0\
\0\x07\0\0\0\0\0\0\0\0\0\0\0\x02\x5b\x02\0\0\x45\x24\0\0\x12\0\0\x04\x68\x02\0\
\0\x54\x24\0\0\x67\x01\0\0\0\0\0\0\x5c\x24\0\0\x67\x01\0\0\x40\x02\0\0\x64\x24\
\0\0\x67\x01\0\0\x80\x04\0\0\xc1\x04\0\0\xbf\0\0\0\xc0\x06\0\0\xf4\x1d\0\0\x02\
\0\0\0\0\x07\0\0\xcb\x19\0\0\xa0\0\0\0\x20\x07\0\0\x6f\x24\0\0\xfc\0\0\0\x40\
\x07\0\0\x40\x1e\0\0\x6d\x01\0\0\x80\x07\0\0\xac\0\0\0\x0f\0\0\0\x40\x08\0\0\
\x75\x24\0\0\x7a\0\0\0\x80\x08\0\0\x8a\x24\0\0\x2f\0\0\0\xc0\x08\0\0\x9c\x24\0\
\0\x03\x01\0\0\x40\x09\0\0\xb2\x24\0\0\xae\0\0\0\x80\x09\0\0\x7a\x14\0\0\x5d\0\
\0\0\xc0\x0a\0\0\xbe\x24\0\0\x70\x01\0\0\xc0\x0b\0\0\xc2\x24\0\0\x86\x01\0\0\
\xc0\x0e\0\0\x8a\x1f\0\0\x87\x01\0\0\0\x0f\0\0\xca\x24\0\0\x88\x01\0\0\x40\x0f\
\0\0\xd5\x24\0\0\x02\0\0\x04\x48\0\0\0\xe1\x24\0\0\x10\0\0\0\0\0\0\0\0\0\0\0\
\x68\x01\0\0\x40\0\0\0\0\0\0\0\x02\0\0\x05\x40\0\0\0\xec\x24\0\0\x6a\x01\0\0\0\
\0\0\0\0\0\0\0\x6b\x01\0\0\0\0\0\0\xf3\x24\0\0\x03\0\0\x04\x0c\0\0\0\x2e\x15\0\
\0\x10\0\0\0\0\0\0\0\x02\x25\0\0\x10\0\0\0\x20\0\0\0\x31\x1b\0\0\x10\0\0\0\x40\
\0\0\0\0\0\0\0\0\0\0\x03\0\0\0\0\x69\x01\0\0\x04\0\0\0\x05\0\0\0\0\0\0\0\x02\0\
\0\x04\x10\0\0\0\x0e\x25\0\0\x6c\x01\0\0\0\0\0\0\x16\x25\0\0\x6c\x01\0\0\x40\0\
\0\0\0\0\0\0\0\0\0\x02\x69\x01\0\0\x1e\x25\0\0\x04\0\0\x04\x18\0\0\0\x28\x25\0\
\0\x5e\0\0\0\0\0\0\0\x30\x25\0\0\x6e\x01\0\0\x40\0\0\0\x34\x25\0\0\x12\0\0\0\
\x80\0\0\0\x31\x1b\0\0\x1d\0\0\0\xa0\0\0\0\0\0\0\0\0\0\0\x02\x6f\x01\0\0\0\0\0\
\0\0\0\0\x0a\xe8\x06\0\0\x39\x25\0\0\x02\0\0\x04\x60\0\0\0\x47\x25\0\0\x71\x01\
\0\0\0\0\0\0\x4f\x25\0\0\x74\x01\0\0\x40\0\0\0\0\0\0\0\0\0\0\x02\x72\x01\0\0\0\
\0\0\0\x01\0\0\x0d\x02\0\0\0\0\0\0\0\x73\x01\0\0\0\0\0\0\0\0\0\x02\x70\x01\0\0\
\x53\x25\0\0\x02\0\0\x04\x58\0\0\0\x5b\x25\0\0\x75\x01\0\0\0\0\0\0\x1e\x24\0\0\
\x3b\0\0\0\x80\x02\0\0\x62\x25\0\0\x08\0\0\x04\x50\0\0\0\0\0\0\0\x76\x01\0\0\0\
\0\0\0\x73\x25\0\0\xf3\0\0\0\xc0\0\0\0\x81\x25\0\0\x78\x01\0\0\0\x01\0\0\x1e\
\x24\0\0\x83\x01\0\0\x40\x01\0\0\xbe\x24\0\0\x73\x01\0\0\x80\x01\0\0\xc1\x04\0\
\0\x84\x01\0\0\xc0\x01\0\0\xeb\x12\0\0\x85\x01\0\0\0\x02\0\0\xfa\x1d\0\0\x6f\0\
\0\0\x40\x02\0\0\0\0\0\0\x02\0\0\x05\x18\0\0\0\0\0\0\0\x77\x01\0\0\0\0\0\0\x90\
\x13\0\0\x66\0\0\0\0\0\0\0\0\0\0\0\x04\0\0\x04\x18\0\0\0\x8f\x25\0\0\x78\x01\0\
\0\0\0\0\0\x99\x25\0\0\x02\0\0\0\x40\0\0\0\x31\x1b\0\0\x02\0\0\0\x60\0\0\0\x9e\
\x25\0\0\x02\0\0\0\x80\0\0\0\0\0\0\0\0\0\0\x02\x7b\x01\0\0\xa3\x25\0\0\x02\0\0\
\x04\x20\0\0\0\xae\x25\0\0\x12\0\0\0\0\0\0\0\xb3\x25\0\0\x7a\x01\0\0\x40\0\0\0\
\xb8\x25\0\0\x02\0\0\x04\x18\0\0\0\x81\x11\0\0\x3f\0\0\0\0\0\0\0\xc9\x25\0\0\
\x2f\0\0\0\x40\0\0\0\x8f\x25\0\0\x09\0\0\x04\x40\0\0\0\xd3\x25\0\0\xcc\0\0\0\0\
\0\0\0\x30\x14\0\0\x1c\0\0\0\x40\0\0\0\xdc\x25\0\0\x02\0\0\0\x80\0\0\0\xe3\x25\
\0\0\x7c\x01\0\0\xa0\0\0\0\xe8\x25\0\0\x78\x01\0\0\xc0\0\0\0\xee\x25\0\0\x7d\
\x01\0\0\0\x01\0\0\x3c\x1d\0\0\x82\x01\0\0\x40\x01\0\0\xfb\x25\0\0\x1c\0\0\0\
\x80\x01\0\0\x02\x26\0\0\x1c\0\0\0\xc0\x01\0\0\x09\x26\0\0\0\0\0\x08\x27\0\0\0\
\0\0\0\0\0\0\0\x02\x7e\x01\0\0\xee\x25\0\0\0\0\0\x08\x7f\x01\0\0\0\0\0\0\x05\0\
\0\x0d\x02\0\0\0\0\0\0\0\x78\x01\0\0\0\0\0\0\x02\0\0\0\0\0\0\0\x1c\0\0\0\0\0\0\
\0\x80\x01\0\0\0\0\0\0\x81\x01\0\0\0\0\0\0\0\0\0\x02\x18\x01\0\0\0\0\0\0\0\0\0\
\x02\x94\0\0\0\0\0\0\0\0\0\0\x02\x3c\x07\0\0\0\0\0\0\0\0\0\x02\x3d\x07\0\0\0\0\
\0\0\0\0\0\x02\x74\x01\0\0\0\0\0\0\0\0\0\x02\x3e\x07\0\0\0\0\0\0\0\0\0\x02\x75\
\x01\0\0\0\0\0\0\0\0\0\x02\x89\x01\0\0\0\0\0\0\0\0\0\x03\0\0\0\0\x18\0\0\0\x04\
\0\0\0\x10\0\0\0\x8a\x1f\0\0\x05\0\0\x04\xa0\0\0\0\xeb\x12\0\0\xf0\0\0\0\0\0\0\
\0\x40\x1e\0\0\xbf\0\0\0\x80\0\0\0\x2b\x1a\0\0\xa0\0\0\0\xc0\0\0\0\x31\x1b\0\0\
\x1f\0\0\0\xe0\0\0\0\x11\x26\0\0\x8a\x01\0\0\0\x01\0\0\0\0\0\0\0\0\0\x03\0\0\0\
\0\x5e\0\0\0\x04\0\0\0\x10\0\0\0\0\0\0\0\0\0\0\x02\x66\x07\0\0\0\0\0\0\x02\0\0\
\x05\x10\0\0\0\x18\x26\0\0\x02\0\0\0\0\0\0\0\x90\x13\0\0\x66\0\0\0\0\0\0\0\0\0\
\0\0\0\0\0\x03\0\0\0\0\xce\0\0\0\x04\0\0\0\x10\0\0\0\0\0\0\0\0\0\0\x02\xab\x07\
\0\0\x20\x26\0\0\x01\0\0\x04\x08\0\0\0\x29\x26\0\0\x90\x01\0\0\0\0\0\0\0\0\0\0\
\0\0\0\x02\x45\x07\0\0\x33\x26\0\0\x01\0\0\x04\x10\0\0\0\x3c\x26\0\0\x2f\0\0\0\
\0\0\0\0\0\0\0\0\0\0\0\x02\xa2\x07\0\0\0\0\0\0\0\0\0\x02\x46\x07\0\0\0\0\0\0\0\
\0\0\x02\x42\x03\0\0\0\0\0\0\0\0\0\x02\x47\x07\0\0\0\0\0\0\0\0\0\x02\xac\x07\0\
\0\x46\x26\0\0\0\0\0\x08\x98\x01\0\0\0\0\0\0\x01\0\0\x04\x08\0\0\0\x4f\x26\0\0\
\x76\0\0\0\0\0\0\0\x53\x26\0\0\x02\0\0\x04\x18\0\0\0\x94\x13\0\0\x2f\0\0\0\0\0\
\0\0\x5e\x06\0\0\x97\x01\0\0\x80\0\0\0\0\0\0\0\0\0\0\x02\xad\x07\0\0\xe7\x06\0\
\0\x03\0\0\x04\x10\0\0\0\xe3\x25\0\0\x02\0\0\0\0\0\0\0\x5e\x26\0\0\x1f\0\0\0\
\x20\0\0\0\x6b\x26\0\0\x9c\x01\0\0\x40\0\0\0\0\0\0\0\0\0\0\x02\xa7\x07\0\0\x72\
\x26\0\0\x04\0\0\x04\x20\0\0\0\x88\x26\0\0\x21\x01\0\0\0\0\0\0\x91\x26\0\0\x0f\
\0\0\0\x40\0\0\0\x98\x26\0\0\x0f\0\0\0\x80\0\0\0\x9c\x26\0\0\x7a\0\0\0\xc0\0\0\
\0\xa8\x26\0\0\x01\0\0\x04\x08\0\0\0\x3b\x0c\0\0\x9f\x01\0\0\0\0\0\0\0\0\0\0\0\
\0\0\x02\x9e\x01\0\0\0\0\0\0\0\0\0\x02\xae\x07\0\0\0\0\0\0\0\0\0\x02\x99\x07\0\
\0\0\0\0\0\0\0\0\x02\xaf\x07\0\0\0\0\0\0\0\0\0\x02\xb0\x07\0\0\0\0\0\0\0\0\0\
\x02\xcc\x03\0\0\0\0\0\0\0\0\0\x02\x9a\x07\0\0\0\0\0\0\0\0\0\x02\xb1\x07\0\0\0\
\0\0\0\0\0\0\x02\xa8\x01\0\0\xb4\x26\0\0\0\0\0\x08\x74\x07\0\0\xc5\x26\0\0\x08\
\0\0\x04\x40\0\0\0\xd8\x26\0\0\x31\0\0\0\0\0\0\0\xde\x26\0\0\x31\0\0\0\x40\0\0\
\0\xe4\x26\0\0\x31\0\0\0\x80\0\0\0\xea\x26\0\0\x31\0\0\0\xc0\0\0\0\xf0\x26\0\0\
\x31\0\0\0\0\x01\0\0\xf7\x26\0\0\x31\0\0\0\x40\x01\0\0\x02\x27\0\0\x31\0\0\0\
\x80\x01\0\0\x0e\x27\0\0\x31\0\0\0\xc0\x01\0\0\x24\x27\0\0\0\0\0\x08\xab\x01\0\
\0\0\0\0\0\x01\0\0\x04\x08\0\0\0\x46\x15\0\0\x76\0\0\0\0\0\0\0\x2f\x27\0\0\0\0\
\0\x08\xad\x01\0\0\x43\x27\0\0\x01\0\0\x04\x04\0\0\0\x42\x1b\0\0\xaf\0\0\0\0\0\
\0\0\0\0\0\0\0\0\0\x02\x4e\x03\0\0\0\0\0\0\0\0\0\x02\xb2\x07\0\0\0\0\0\0\0\0\0\
\x02\xb3\x07\0\0\0\0\0\0\0\0\0\x02\xb4\x07\0\0\0\0\0\0\0\0\0\x02\xb3\x01\0\0\
\x55\x27\0\0\x1c\0\0\x04\x10\x01\0\0\x68\x27\0\0\xb4\x01\0\0\0\0\0\0\x81\x11\0\
\0\x3f\0\0\0\x40\0\0\0\xc5\x19\0\0\x92\0\0\0\x80\0\0\0\x6c\x27\0\0\x2f\0\0\0\
\x80\x01\0\0\x7c\x27\0\0\xb5\x01\0\0\0\x02\0\0\x8a\x27\0\0\xb5\x01\0\0\x80\x02\
\0\0\x9a\x27\0\0\x2f\0\0\0\0\x03\0\0\xa5\x27\0\0\x2f\0\0\0\x80\x03\0\0\xb3\x27\
\0\0\x2f\0\0\0\0\x04\0\0\xc3\x27\0\0\x02\0\0\0\x80\x04\0\0\xcd\x27\0\0\x02\0\0\
\0\xa0\x04\0\0\xd7\x27\0\0\x02\0\0\0\xc0\x04\0\0\xe1\x27\0\0\x02\0\0\0\xe0\x04\
\0\0\xe9\x27\0\0\x02\0\0\0\0\x05\0\0\xf1\x27\0\0\x02\0\0\0\x20\x05\0\0\0\x28\0\
\0\x02\0\0\0\x40\x05\0\0\x11\x28\0\0\x1d\0\0\0\x60\x05\0\0\x1a\x28\0\0\x28\0\0\
\0\x80\x05\0\0\x4e\x1d\0\0\x31\0\0\0\xc0\x05\0\0\x1f\x28\0\0\x31\0\0\0\0\x06\0\
\0\x29\x28\0\0\x31\0\0\0\x40\x06\0\0\x34\x28\0\0\xb2\x01\0\0\x80\x06\0\0\x3f\
\x28\0\0\x31\0\0\0\xc0\x06\0\0\x4a\x28\0\0\x31\0\0\0\0\x07\0\0\x55\x28\0\0\x02\
\0\0\0\x40\x07\0\0\x5f\x28\0\0\x1c\0\0\0\x80\x07\0\0\x82\x14\0\0\x66\0\0\0\xc0\
\x07\0\0\x6d\x28\0\0\xb6\x01\0\0\x40\x08\0\0\0\0\0\0\0\0\0\x02\xd1\x01\0\0\x78\
\x28\0\0\x02\0\0\x04\x10\0\0\0\x8a\x28\0\0\x3b\0\0\0\0\0\0\0\x7a\x22\0\0\x31\0\
\0\0\x40\0\0\0\x8f\x28\0\0\0\0\0\x08\xb7\x01\0\0\0\0\0\0\x01\0\0\x04\x08\0\0\0\
\x97\x28\0\0\x5e\0\0\0\0\0\0\0\0\0\0\0\0\0\0\x03\0\0\0\0\xb2\x01\0\0\x04\0\0\0\
\x02\0\0\0\0\0\0\0\0\0\0\x02\xb5\x07\0\0\x99\x28\0\0\x03\0\0\x04\x10\0\0\0\xae\
\x28\0\0\xbb\x01\0\0\0\0\0\0\xb3\x28\0\0\x7a\0\0\0\x40\0\0\0\xc2\x28\0\0\x7a\0\
\0\0\x48\0\0\0\xcb\x28\0\0\x01\0\0\x04\x08\0\0\0\x3e\x15\0\0\x75\0\0\0\0\0\0\0\
\0\0\0\0\x02\0\0\x05\x10\0\0\0\xe5\x28\0\0\x1d\0\0\0\0\0\0\0\x90\x13\0\0\x66\0\
\0\0\0\0\0\0\0\0\0\0\0\0\0\x02\x43\x02\0\0\xef\x28\0\0\x03\0\0\x04\x10\0\0\0\
\xf9\x28\0\0\xbf\x01\0\0\0\0\0\0\x91\x26\0\0\x11\0\0\0\x40\0\0\0\xe0\x1a\0\0\
\x11\0\0\0\x60\0\0\0\0\0\0\0\0\0\0\x02\x44\x02\0\0\0\0\0\0\0\0\0\x02\xb6\x07\0\
\0\0\0\0\0\0\0\0\x02\x98\x07\0\0\0\0\0\0\0\0\0\x02\xb7\x07\0\0\x02\x0a\0\0\0\0\
\0\x04\0\0\0\0\xfe\x28\0\0\x04\0\0\x04\x28\0\0\0\x41\x14\0\0\xf0\0\0\0\0\0\0\0\
\x38\x13\0\0\x0f\0\0\0\x80\0\0\0\xfd\x12\0\0\xc5\x01\0\0\xc0\0\0\0\xac\0\0\0\
\x10\0\0\0\0\x01\0\0\0\0\0\0\0\0\0\x02\xc6\x01\0\0\0\0\0\0\x01\0\0\x0d\0\0\0\0\
\0\0\0\0\xc7\x01\0\0\0\0\0\0\0\0\0\x02\xc4\x01\0\0\0\0\0\0\0\0\0\x02\xb8\x07\0\
\0\0\0\0\0\0\0\0\x02\xb3\x05\0\0\0\0\0\0\0\0\0\x02\xb9\x07\0\0\x09\x29\0\0\x01\
\0\0\x04\x08\0\0\0\x2e\x15\0\0\x23\0\0\0\0\0\0\0\x14\x29\0\0\x14\0\0\x84\0\x11\
\0\0\x22\x29\0\0\xce\x01\0\0\0\0\0\0\xd8\x0b\0\0\x0f\0\0\0\xc0\0\0\0\x2c\x29\0\
\0\x27\0\0\0\0\x01\0\0\x2f\x29\0\0\x27\0\0\0\x10\x01\0\0\x32\x29\0\0\x27\0\0\0\
\x20\x01\0\0\x3a\x29\0\0\x27\0\0\0\x30\x01\0\0\x42\x29\0\0\x0f\0\0\0\x40\x01\0\
\0\x49\x29\0\0\x0f\0\0\0\x80\x01\0\0\x50\x29\0\0\x2d\x03\0\0\xc0\x01\0\0\x5b\
\x29\0\0\x0f\0\0\0\xc0\x02\0\0\x67\x29\0\0\x0f\0\0\0\0\x03\0\0\x72\x29\0\0\x0f\
\0\0\0\x40\x03\0\0\x76\x29\0\0\x0f\0\0\0\x80\x03\0\0\x7e\x29\0\0\x0f\0\0\0\xc0\
\x03\0\0\x89\x29\0\0\x2e\x03\0\0\0\x04\0\0\x93\x29\0\0\x0f\0\0\0\x40\x04\0\0\
\x9d\x29\0\0\x12\0\0\0\x80\x04\0\x01\xa7\x29\0\0\x12\0\0\0\x81\x04\0\x01\xba\
\x29\0\0\x10\0\0\0\xa0\x04\0\0\xbf\x29\0\0\x2f\x03\0\0\0\x06\0\0\xc3\x29\0\0\
\x0d\0\0\x84\x08\0\0\0\xcf\x29\0\0\x25\0\0\0\0\0\0\0\xd6\x29\0\0\x25\0\0\0\x10\
\0\0\0\xdc\x29\0\0\x25\0\0\0\x20\0\0\x08\x19\0\0\0\x25\0\0\0\x28\0\0\x04\x59\
\x15\0\0\x25\0\0\0\x2c\0\0\x01\xe2\x29\0\0\x25\0\0\0\x2d\0\0\x02\xe6\x29\0\0\
\x25\0\0\0\x2f\0\0\x01\xe8\x29\0\0\x25\0\0\0\x30\0\0\x04\xef\x29\0\0\x25\0\0\0\
\x34\0\0\x01\xf3\x29\0\0\x25\0\0\0\x35\0\0\x01\xf5\x29\0\0\x25\0\0\0\x36\0\0\
\x01\xf7\x29\0\0\x25\0\0\0\x37\0\0\x01\xf9\x29\0\0\x25\0\0\0\x38\0\0\x08\0\0\0\
\0\0\0\0\x03\0\0\0\0\xcd\x01\0\0\x04\0\0\0\x03\0\0\0\0\0\0\0\0\0\0\x02\xd0\x01\
\0\0\xff\x29\0\0\x49\0\0\x04\xb0\x04\0\0\x0a\x2a\0\0\x2f\0\0\0\0\0\0\0\x16\x2a\
\0\0\x2f\0\0\0\x80\0\0\0\x23\x2a\0\0\x2f\0\0\0\0\x01\0\0\x84\x0c\0\0\x2d\0\0\0\
\x80\x01\0\0\x2f\x2a\0\0\x31\0\0\0\x40\x02\0\0\x3b\x2a\0\0\x2f\0\0\0\x80\x02\0\
\0\x49\x2a\0\0\xf0\0\0\0\0\x03\0\0\x55\x2a\0\0\x2f\0\0\0\x80\x03\0\0\x62\x2a\0\
\0\x02\0\0\0\0\x04\0\0\x6e\x2a\0\0\x02\0\0\0\x20\x04\0\0\x79\x2a\0\0\x02\0\0\0\
\x40\x04\0\0\xd9\x04\0\0\xcf\x01\0\0\x80\x04\0\0\x68\x27\0\0\xb4\x01\0\0\xc0\
\x04\0\0\x84\x2a\0\0\x1c\0\0\0\0\x05\0\0\x0b\x13\0\0\xe2\x02\0\0\x40\x05\0\0\
\x90\x2a\0\0\x12\0\0\0\x60\x05\0\0\x31\x1b\0\0\xe3\x02\0\0\x80\x05\0\0\x9d\x2a\
\0\0\x5f\0\0\0\xc0\x05\0\0\xa9\x2a\0\0\x31\0\0\0\0\x06\0\0\xbc\x2a\0\0\x31\0\0\
\0\x40\x06\0\0\xcf\x2a\0\0\x31\0\0\0\x80\x06\0\0\xd6\x2a\0\0\xe5\x02\0\0\xc0\
\x06\0\0\xdb\x2a\0\0\x25\0\0\0\xc0\x0a\0\0\xe7\x2a\0\0\x25\0\0\0\xd0\x0a\0\0\
\xf6\x2a\0\0\x25\0\0\0\xe0\x0a\0\0\0\x2b\0\0\xea\x02\0\0\0\x0b\0\0\x40\0\0\0\
\xb2\x01\0\0\0\x11\0\0\x11\x28\0\0\x5e\0\0\0\x40\x11\0\0\x03\x2b\0\0\x5f\0\0\0\
\x80\x11\0\0\x1c\x2b\0\0\x5f\0\0\0\xc0\x11\0\0\x35\x2b\0\0\x92\0\0\0\0\x12\0\0\
\x41\x2b\0\0\x2f\0\0\0\0\x13\0\0\xc1\x04\0\0\xcf\x01\0\0\x80\x13\0\0\x4c\x2b\0\
\0\x02\0\0\0\xc0\x13\0\0\xcb\0\0\0\x02\0\0\0\xe0\x13\0\0\x52\x2b\0\0\x2f\0\0\0\
\0\x14\0\0\xcb\x19\0\0\x28\0\0\0\x80\x14\0\0\x5e\x2b\0\0\x92\0\0\0\xc0\x14\0\0\
\x69\x2b\0\0\x1f\0\0\0\xc0\x15\0\0\x2a\0\0\0\xdc\x02\0\0\0\x16\0\0\x74\x2b\0\0\
\x2f\0\0\0\x40\x16\0\0\x7d\x2b\0\0\x0f\0\0\0\xc0\x16\0\0\x89\x2b\0\0\x02\0\0\0\
\0\x17\0\0\x95\x2b\0\0\xeb\0\0\0\x40\x17\0\0\x9b\x2b\0\0\x58\x02\0\0\0\x18\0\0\
\xa2\x2b\0\0\x12\0\0\0\x40\x18\0\0\xb1\x2b\0\0\x12\0\0\0\x60\x18\0\0\xbe\x2b\0\
\0\x12\0\0\0\x80\x18\0\0\xce\x2b\0\0\x12\0\0\0\xa0\x18\0\0\xde\x2b\0\0\x0f\0\0\
\0\xc0\x18\0\0\xeb\x2b\0\0\xfa\x02\0\0\0\x19\0\0\xf7\x2b\0\0\x66\0\0\0\xc0\x19\
\0\0\x04\x2c\0\0\x12\0\0\0\x40\x1a\0\0\x11\x2c\0\0\x1f\0\0\0\x60\x1a\0\0\x1d\
\x2c\0\0\xfe\x02\0\0\x80\x1a\0\0\x2a\x2c\0\0\xff\x02\0\0\x40\x1b\0\0\x3d\x2c\0\
\0\x0f\0\0\0\x80\x1b\0\0\x4e\x2c\0\0\xcf\x01\0\0\xc0\x1b\0\0\x4d\x21\0\0\xc1\
\x02\0\0\0\x1c\0\0\x82\x14\0\0\x66\0\0\0\x40\x1c\0\0\x40\x1e\0\0\xee\0\0\0\xc0\
\x1c\0\0\xe1\x13\0\0\x31\0\0\0\0\x1d\0\0\x58\x2c\0\0\x02\x03\0\0\x40\x1d\0\0\
\x5e\x2c\0\0\x04\x03\0\0\x80\x1d\0\0\x6f\x2c\0\0\x1c\0\0\0\xc0\x1d\0\0\x88\x2c\
\0\0\x04\x03\0\0\0\x1e\0\0\x9e\x2c\0\0\x14\x03\0\0\x40\x1e\0\0\xa3\x2c\0\0\x31\
\0\0\0\x80\x1e\0\0\xae\x2c\0\0\x21\x02\0\0\xc0\x1e\0\0\x6b\x26\0\0\x1b\x03\0\0\
\0\x1f\0\0\xb7\x2c\0\0\x22\x03\0\0\x40\x1f\0\0\x5d\x0a\0\0\x1c\0\0\0\xc0\x24\0\
\0\xc2\x2c\0\0\x2f\0\0\0\0\x25\0\0\x68\x27\0\0\x27\0\0\x04\x28\x01\0\0\x41\x14\
\0\0\x2f\0\0\0\0\0\0\0\xca\x2c\0\0\xd2\x01\0\0\x80\0\0\0\xd1\x2c\0\0\xd3\x01\0\
\0\xc0\0\0\0\xd5\x2c\0\0\xd4\x01\0\0\0\x01\0\0\xe1\x2c\0\0\xd4\x01\0\0\x40\x01\
\0\0\xe1\x20\0\0\xcc\0\0\0\x80\x01\0\0\x19\0\0\0\x02\0\0\0\xc0\x01\0\0\xed\x2c\
\0\0\x02\0\0\0\xe0\x01\0\0\xfa\x2c\0\0\xf4\0\0\0\0\x02\0\0\x0c\x2d\0\0\xb6\x02\
\0\0\x40\x02\0\0\x1c\x2d\0\0\x1f\0\0\0\x80\x02\0\0\x2a\x2d\0\0\x02\0\0\0\xa0\
\x02\0\0\x36\x2d\0\0\x02\0\0\0\xc0\x02\0\0\x4a\x2d\0\0\x12\0\0\0\xe0\x02\0\0\
\x5a\x2d\0\0\xb7\x02\0\0\0\x03\0\0\x65\x2d\0\0\xb7\x02\0\0\x40\x03\0\0\x71\x2d\
\0\0\xb9\x02\0\0\x80\x03\0\0\x7c\x2d\0\0\xbb\x02\0\0\xc0\x03\0\0\x89\x2d\0\0\
\xbb\x02\0\0\0\x04\0\0\x98\x2d\0\0\xbd\x02\0\0\x40\x04\0\0\x9c\x2d\0\0\xbf\x02\
\0\0\x80\x04\0\0\xda\x1a\0\0\xbf\x02\0\0\xc0\x04\0\0\xa0\x2d\0\0\xbf\x02\0\0\0\
\x05\0\0\x5e\x21\0\0\xc1\x02\0\0\x40\x05\0\0\xa5\x2d\0\0\xc3\x02\0\0\x80\x05\0\
\0\xaf\x2d\0\0\xc5\x02\0\0\xc0\x05\0\0\xba\x2d\0\0\xb7\x02\0\0\0\x06\0\0\xc5\
\x2d\0\0\xb9\x02\0\0\x40\x06\0\0\xcf\x2d\0\0\xc7\x02\0\0\x80\x06\0\0\xda\x2d\0\
\0\x4d\x02\0\0\xc0\x06\0\0\xe9\x2d\0\0\xd4\x02\0\0\0\x07\0\0\xf7\x2d\0\0\xd6\
\x02\0\0\x40\x07\0\0\x01\x2e\0\0\xce\x02\0\0\x80\x07\0\0\x0a\x2e\0\0\xd8\x02\0\
\0\xc0\x07\0\0\x17\x2e\0\0\xde\x02\0\0\0\x08\0\0\x2d\x2e\0\0\xc1\x02\0\0\x40\
\x08\0\0\x3f\x2e\0\0\xb9\x02\0\0\x80\x08\0\0\x50\x2e\0\0\xb9\x02\0\0\xc0\x08\0\
\0\x5d\x2e\0\0\xe0\x02\0\0\0\x09\0\0\0\0\0\0\0\0\0\x02\xfb\x01\0\0\0\0\0\0\0\0\
\0\x02\xd1\x03\0\0\0\0\0\0\0\0\0\x02\xd5\x01\0\0\0\0\0\0\0\0\0\x02\xd6\x01\0\0\
\0\0\0\0\0\0\0\x0a\xd7\x01\0\0\x6a\x2e\0\0\x05\0\0\x04\x28\0\0\0\xe1\x20\0\0\
\xcc\0\0\0\0\0\0\0\x7a\x2e\0\0\xd8\x01\0\0\x40\0\0\0\x85\x2e\0\0\xe2\x01\0\0\
\x80\0\0\0\x94\x2e\0\0\xb4\x02\0\0\xc0\0\0\0\x9a\x2e\0\0\xb5\x02\0\0\0\x01\0\0\
\0\0\0\0\0\0\0\x02\xd9\x01\0\0\0\0\0\0\x03\0\0\x0d\x7c\x01\0\0\0\0\0\0\xda\x01\
\0\0\0\0\0\0\xe0\x01\0\0\0\0\0\0\x02\0\0\0\0\0\0\0\0\0\0\x02\xdb\x01\0\0\xa4\
\x2e\0\0\x0c\0\0\x84\x40\0\0\0\xe1\x20\0\0\xcc\0\0\0\0\0\0\0\x41\x14\0\0\x2f\0\
\0\0\x40\0\0\0\xc1\x04\0\0\xda\x01\0\0\xc0\0\0\0\xac\x2e\0\0\xdc\x01\0\0\0\x01\
\0\0\xb1\x2e\0\0\xdd\x01\0\0\x40\x01\0\0\xb7\x2e\0\0\xde\x01\0\0\x80\x01\0\0\
\xba\x2e\0\0\xdf\x01\0\0\xc0\x01\0\0\xbf\x2e\0\0\x12\0\0\0\xe0\x01\0\x01\xd1\
\x2e\0\0\x12\0\0\0\xe1\x01\0\x01\xe0\x2e\0\0\x12\0\0\0\xe2\x01\0\x01\xf6\x2e\0\
\0\x12\0\0\0\xe3\x01\0\x01\x0f\x2f\0\0\x12\0\0\0\xe4\x01\0\x01\0\0\0\0\0\0\0\
\x02\x15\x05\0\0\0\0\0\0\0\0\0\x02\xfb\x06\0\0\0\0\0\0\0\0\0\x02\x51\x03\0\0\
\xba\x2e\0\0\x01\0\0\x04\x04\0\0\0\x11\x28\0\0\x1d\0\0\0\0\0\0\0\0\0\0\0\0\0\0\
\x02\xe1\x01\0\0\x1f\x2f\0\0\x02\0\0\x04\x10\0\0\0\xe1\x20\0\0\xcc\0\0\0\0\0\0\
\0\xe3\x25\0\0\x7c\x01\0\0\x40\0\0\0\0\0\0\0\0\0\0\x02\xe3\x01\0\0\0\0\0\0\x03\
\0\0\x0d\x7c\x01\0\0\0\0\0\0\xda\x01\0\0\0\0\0\0\xe4\x01\0\0\0\0\0\0\x02\0\0\0\
\0\0\0\0\0\0\0\x02\xe5\x01\0\0\x29\x2f\0\0\x07\0\0\x04\x40\0\0\0\xd6\x2a\0\0\
\xe1\x01\0\0\0\0\0\0\xe0\x1a\0\0\x18\x01\0\0\x80\0\0\0\x97\x22\0\0\x1c\0\0\0\
\xc0\0\0\0\xe7\x18\0\0\xe6\x01\0\0\0\x01\0\0\x5e\x21\0\0\xb0\x02\0\0\x40\x01\0\
\0\x37\x2f\0\0\xb0\x02\0\0\x80\x01\0\0\xdd\x15\0\0\xb2\x02\0\0\xc0\x01\0\0\0\0\
\0\0\0\0\0\x02\xe7\x01\0\0\0\0\0\0\x01\0\0\x0d\xa8\0\0\0\0\0\0\0\0\0\0\0\x3d\
\x2f\0\0\x0f\0\0\x04\xc0\0\0\0\x4b\x2f\0\0\x8a\0\0\0\0\0\0\0\x50\x2f\0\0\xac\
\x02\0\0\x40\0\0\0\x58\x2f\0\0\xae\0\0\0\xc0\0\0\0\x68\x2f\0\0\xad\x02\0\0\0\
\x02\0\0\x71\x2f\0\0\x1f\0\0\0\x20\x02\0\0\x81\x2f\0\0\x3a\0\0\0\x40\x02\0\0\
\x88\x2f\0\0\xae\0\0\0\xc0\x02\0\0\x95\x2f\0\0\x0f\0\0\0\0\x04\0\0\x9d\x2f\0\0\
\x0f\0\0\0\x40\x04\0\0\xad\x2f\0\0\xae\x02\0\0\x80\x04\0\0\xac\0\0\0\x0f\0\0\0\
\xc0\x04\0\0\xb3\x2f\0\0\xa9\0\0\0\0\x05\0\0\xba\x2f\0\0\x8d\0\0\0\x20\x05\0\0\
\xc7\x2f\0\0\x2f\0\0\0\x40\x05\0\0\xd5\x18\0\0\x1c\0\0\0\xc0\x05\0\0\xd4\x2f\0\
\0\x32\0\0\x04\x68\x02\0\0\xda\x2f\0\0\x7c\x01\0\0\0\0\0\0\xe1\x2f\0\0\x27\0\0\
\0\x10\0\0\0\xeb\x2f\0\0\xa0\0\0\0\x20\0\0\0\xf1\x2f\0\0\xfc\0\0\0\x40\0\0\0\
\xf7\x2f\0\0\x12\0\0\0\x60\0\0\0\xff\x2f\0\0\xea\x01\0\0\x80\0\0\0\x05\x30\0\0\
\xea\x01\0\0\xc0\0\0\0\x13\x30\0\0\xef\x01\0\0\0\x01\0\0\x18\x30\0\0\xf1\x01\0\
\0\x40\x01\0\0\x1d\x30\0\0\xa8\0\0\0\x80\x01\0\0\x27\x30\0\0\x1c\0\0\0\xc0\x01\
\0\0\x32\x30\0\0\x0f\0\0\0\0\x02\0\0\0\0\0\0\xf2\x01\0\0\x40\x02\0\0\x38\x30\0\
\0\xf4\x01\0\0\x60\x02\0\0\x3f\x30\0\0\x94\0\0\0\x80\x02\0\0\x46\x30\0\0\xf6\
\x01\0\0\xc0\x02\0\0\x4e\x30\0\0\xf6\x01\0\0\x40\x03\0\0\x56\x30\0\0\xf6\x01\0\
\0\xc0\x03\0\0\x5e\x30\0\0\x8d\0\0\0\x40\x04\0\0\x65\x30\0\0\x27\0\0\0\x60\x04\
\0\0\x6d\x30\0\0\x45\0\0\0\x70\x04\0\0\x77\x30\0\0\x45\0\0\0\x78\x04\0\0\x84\
\x30\0\0\xf7\x01\0\0\x80\x04\0\0\x8d\x30\0\0\x0f\0\0\0\xc0\x04\0\0\x95\x30\0\0\
\xae\0\0\0\0\x05\0\0\x9d\x30\0\0\x0f\0\0\0\x40\x06\0\0\xaa\x30\0\0\x0f\0\0\0\
\x80\x06\0\0\xbc\x30\0\0\xf0\0\0\0\xc0\x06\0\0\xc3\x30\0\0\x2f\0\0\0\x40\x07\0\
\0\xcd\x30\0\0\x2f\0\0\0\xc0\x07\0\0\xd3\x30\0\0\x2f\0\0\0\x40\x08\0\0\xdd\x30\
\0\0\x2f\0\0\0\xc0\x08\0\0\0\0\0\0\xf8\x01\0\0\x40\x09\0\0\xe7\x30\0\0\x5f\0\0\
\0\xc0\x09\0\0\xf1\x30\0\0\x5f\0\0\0\0\x0a\0\0\xfc\x30\0\0\x1f\0\0\0\x40\x0a\0\
\0\x04\x31\0\0\x1f\0\0\0\x60\x0a\0\0\x10\x31\0\0\x1f\0\0\0\x80\x0a\0\0\x1d\x31\
\0\0\x1f\0\0\0\xa0\x0a\0\0\0\0\0\0\xf9\x01\0\0\xc0\x0a\0\0\x29\x31\0\0\xa6\x02\
\0\0\0\x0b\0\0\x31\x31\0\0\xe8\x01\0\0\x40\x0b\0\0\x38\x31\0\0\x2f\0\0\0\x40\
\x11\0\0\0\0\0\0\xa7\x02\0\0\xc0\x11\0\0\x42\x31\0\0\x11\0\0\0\0\x12\0\0\x4f\
\x31\0\0\x11\0\0\0\x20\x12\0\0\x5f\x31\0\0\xa9\x02\0\0\x40\x12\0\0\x70\x31\0\0\
\xaa\x02\0\0\x80\x12\0\0\x7d\x31\0\0\xab\x02\0\0\xc0\x12\0\0\x8b\x31\0\0\x1c\0\
\0\0\0\x13\0\0\0\0\0\0\0\0\0\x02\xeb\x01\0\0\x95\x31\0\0\x04\0\0\x04\x20\0\0\0\
\x9f\x31\0\0\x1d\0\0\0\0\0\0\0\xaa\x31\0\0\x66\0\0\0\x40\0\0\0\xb0\x31\0\0\x12\
\0\0\0\xc0\0\0\0\xb8\x31\0\0\xee\x01\0\0\xe0\0\0\0\xc2\x31\0\0\x03\0\0\x04\x08\
\0\0\0\xd2\x31\0\0\xbc\0\0\0\0\0\0\0\xd8\x31\0\0\x27\0\0\0\x10\0\0\0\0\0\0\0\
\xed\x01\0\0\x20\0\0\0\0\0\0\0\x02\0\0\x05\x04\0\0\0\xdf\x31\0\0\xa0\0\0\0\0\0\
\0\0\xe5\x31\0\0\xfc\0\0\0\0\0\0\0\0\0\0\0\0\0\0\x03\0\0\0\0\xec\x01\0\0\x04\0\
\0\0\0\0\0\0\0\0\0\0\0\0\0\x02\xf0\x01\0\0\0\0\0\0\0\0\0\x0a\x56\x04\0\0\0\0\0\
\0\0\0\0\x02\xb7\x03\0\0\0\0\0\0\x02\0\0\x05\x04\0\0\0\xeb\x31\0\0\xf3\x01\0\0\
\0\0\0\0\xf3\x31\0\0\x12\0\0\0\0\0\0\0\0\0\0\0\0\0\0\x0a\x12\0\0\0\xfd\x31\0\0\
\0\0\0\x08\xf5\x01\0\0\x03\x32\0\0\0\0\0\x08\x10\0\0\0\x12\x32\0\0\x02\0\0\x04\
\x10\0\0\0\xd0\x1d\0\0\x0c\x01\0\0\0\0\0\0\xd7\x1d\0\0\x18\0\0\0\x40\0\0\0\x1d\
\x32\0\0\0\0\0\x08\x31\0\0\0\0\0\0\0\x02\0\0\x05\x10\0\0\0\x26\x32\0\0\x6f\0\0\
\0\0\0\0\0\x2f\x32\0\0\x66\0\0\0\0\0\0\0\0\0\0\0\x02\0\0\x05\x08\0\0\0\x35\x32\
\0\0\x8b\0\0\0\0\0\0\0\x3b\x32\0\0\xa4\x02\0\0\0\0\0\0\x46\x32\0\0\x20\0\0\x04\
\0\x01\0\0\xcb\x19\0\0\xd2\x01\0\0\0\0\0\0\x56\x32\0\0\x28\x02\0\0\x40\0\0\0\
\x5e\x21\0\0\x2a\x02\0\0\x80\0\0\0\x37\x2f\0\0\x2f\x02\0\0\xc0\0\0\0\x5d\x32\0\
\0\x31\x02\0\0\0\x01\0\0\x67\x32\0\0\x31\x02\0\0\x40\x01\0\0\x72\x32\0\0\x61\
\x02\0\0\x80\x01\0\0\x79\x32\0\0\x63\x02\0\0\xc0\x01\0\0\x81\x32\0\0\x63\x02\0\
\0\0\x02\0\0\x3c\x1d\0\0\x6a\x02\0\0\x40\x02\0\0\x90\x32\0\0\x73\x02\0\0\x80\
\x02\0\0\x9f\x32\0\0\x73\x02\0\0\xc0\x02\0\0\xdd\x15\0\0\x75\x02\0\0\0\x03\0\0\
\xac\x32\0\0\x0f\0\0\0\x40\x03\0\0\xc1\x32\0\0\x77\x02\0\0\x80\x03\0\0\xc6\x32\
\0\0\x79\x02\0\0\xc0\x03\0\0\xcc\x32\0\0\x77\x02\0\0\0\x04\0\0\xd4\x32\0\0\x7c\
\x02\0\0\x40\x04\0\0\x9b\x2b\0\0\x7e\x02\0\0\x80\x04\0\0\x81\x11\0\0\x80\x02\0\
\0\xc0\x04\0\0\xda\x32\0\0\x90\x02\0\0\0\x05\0\0\xf8\x15\0\0\x82\0\0\0\x40\x05\
\0\0\xe3\x32\0\0\x92\x02\0\0\x80\x05\0\0\xef\x32\0\0\x80\x02\0\0\xc0\x05\0\0\
\xf5\x32\0\0\x94\x02\0\0\0\x06\0\0\x02\x33\0\0\x96\x02\0\0\x40\x06\0\0\x0e\x33\
\0\0\x98\x02\0\0\x80\x06\0\0\x17\x33\0\0\x9c\x02\0\0\xc0\x06\0\0\x21\x33\0\0\
\x9e\x02\0\0\0\x07\0\0\x2d\x33\0\0\xa0\x02\0\0\x40\x07\0\0\x3d\x33\0\0\xa2\x02\
\0\0\x80\x07\0\0\x4e\x33\0\0\x7c\x02\0\0\xc0\x07\0\0\xca\x2c\0\0\x41\0\0\x04\
\x80\x03\0\0\x0b\x13\0\0\xfc\x01\0\0\0\0\0\0\x94\x13\0\0\x2f\0\0\0\x40\0\0\0\
\xe1\x20\0\0\xfd\x01\0\0\xc0\0\0\0\x56\x33\0\0\xfe\x01\0\0\x80\x02\0\0\x5f\x33\
\0\0\xff\x01\0\0\x40\x03\0\0\x65\x33\0\0\x01\x02\0\0\x40\x06\0\0\x73\x33\0\0\
\xcc\0\0\0\x80\x06\0\0\x7b\x33\0\0\xcc\0\0\0\xc0\x06\0\0\x86\x33\0\0\xda\x01\0\
\0\0\x07\0\0\x92\x33\0\0\x02\x02\0\0\x40\x07\0\0\x97\x33\0\0\x04\x02\0\0\x80\
\x07\0\0\x9c\x33\0\0\x12\0\0\0\xc0\x07\0\0\xa5\x33\0\0\x92\0\0\0\0\x08\0\0\xb0\
\x33\0\0\x06\x02\0\0\0\x09\0\0\xb3\x33\0\0\x12\0\0\0\x40\x09\0\0\xba\x33\0\0\
\x12\0\0\0\x60\x09\0\0\xc7\x33\0\0\x02\x02\0\0\x80\x09\0\0\xd0\x33\0\0\x04\x02\
\0\0\xc0\x09\0\0\xd9\x33\0\0\x7a\0\0\0\0\x0a\0\0\xef\x33\0\0\x7a\0\0\0\x08\x0a\
\0\0\x05\x34\0\0\x12\0\0\0\x20\x0a\0\0\x13\x34\0\0\x08\x02\0\0\x40\x0a\0\0\x1b\
\x34\0\0\x09\x02\0\0\x80\x0a\0\0\x20\x34\0\0\x0b\x02\0\0\0\x0c\0\0\x2c\x34\0\0\
\x0b\x02\0\0\x80\x0e\0\0\xae\x28\0\0\x0f\x02\0\0\0\x11\0\0\x38\x34\0\0\x0f\0\0\
\0\xc0\x11\0\0\x3f\x34\0\0\x12\0\0\0\0\x12\0\0\x48\x34\0\0\x2f\0\0\0\x40\x12\0\
\0\x51\x34\0\0\x11\x02\0\0\xc0\x12\0\0\x5b\x34\0\0\x12\x02\0\0\0\x13\0\0\x64\
\x34\0\0\x13\x02\0\0\x40\x13\0\0\x72\x34\0\0\x16\x02\0\0\x40\x14\0\0\x7d\x34\0\
\0\x17\x02\0\0\x80\x14\0\0\x89\x34\0\0\x21\x01\0\0\xc0\x14\0\0\x8e\x34\0\0\x1c\
\0\0\0\0\x15\0\0\x95\x34\0\0\x12\0\0\0\x40\x15\0\0\xa1\x34\0\0\x1c\0\0\0\x80\
\x15\0\0\xb4\x34\0\0\x12\0\0\0\xc0\x15\0\0\xc6\x34\0\0\x12\0\0\0\xe0\x15\0\0\
\xd6\x34\0\0\x18\x02\0\0\0\x16\0\0\xe7\x34\0\0\x12\0\0\0\x40\x16\0\0\xf8\x34\0\
\0\x1b\x02\0\0\x80\x16\0\0\x09\x35\0\0\x12\0\0\0\xc0\x16\0\0\x1c\x35\0\0\x1d\
\x02\0\0\0\x17\0\0\x2b\x35\0\0\x1e\x02\0\0\x40\x17\0\0\x38\x35\0\0\x12\0\0\0\
\x80\x17\0\0\x49\x35\0\0\x12\0\0\0\xa0\x17\0\0\x5f\x35\0\0\x1f\x02\0\0\xc0\x17\
\0\0\x77\x35\0\0\x20\x02\0\0\0\x18\0\0\x84\x35\0\0\x12\0\0\0\x40\x18\0\0\x95\
\x35\0\0\x22\x02\0\0\x80\x18\0\0\xa1\x35\0\0\x12\0\0\0\xc0\x18\0\0\xb1\x35\0\0\
\x12\0\0\0\xe0\x18\0\0\xc6\x35\0\0\x24\x02\0\0\0\x19\0\0\xd7\x35\0\0\x1c\0\0\0\
\x40\x19\0\0\xea\x35\0\0\x12\0\0\0\x80\x19\0\0\xfc\x35\0\0\x24\x02\0\0\xc0\x19\
\0\0\x0d\x36\0\0\x12\0\0\0\0\x1a\0\0\x22\x36\0\0\x02\0\0\0\x20\x1a\0\0\x38\x36\
\0\0\x25\x02\0\0\x40\x1a\0\0\x4a\x36\0\0\x2f\0\0\0\x80\x1a\0\0\x56\x36\0\0\x2f\
\0\0\0\0\x1b\0\0\x62\x36\0\0\x26\x02\0\0\x80\x1b\0\0\xcb\x13\0\0\x1f\0\0\0\xc0\
\x1b\0\0\x67\x36\0\0\x04\0\0\x06\x04\0\0\0\x74\x36\0\0\0\0\0\0\x86\x36\0\0\x01\
\0\0\0\x9a\x36\0\0\x02\0\0\0\xad\x36\0\0\x03\0\0\0\0\0\0\0\0\0\0\x03\0\0\0\0\
\xce\0\0\0\x04\0\0\0\x38\0\0\0\0\0\0\0\0\0\0\x03\0\0\0\0\x47\0\0\0\x04\0\0\0\
\x14\0\0\0\xc3\x36\0\0\x05\0\0\x04\x60\0\0\0\xd2\x36\0\0\xdb\x01\0\0\0\0\0\0\
\xd7\x36\0\0\xd2\x01\0\0\0\x02\0\0\xdb\x36\0\0\xda\x01\0\0\x40\x02\0\0\xe7\x36\
\0\0\0\x02\0\0\x80\x02\0\0\xea\x36\0\0\xf3\0\0\0\xc0\x02\0\0\0\0\0\0\0\0\0\x02\
\x68\x07\0\0\0\0\0\0\0\0\0\x02\x69\x07\0\0\0\0\0\0\0\0\0\x02\x03\x02\0\0\0\0\0\
\0\0\0\0\x0a\x07\x02\0\0\0\0\0\0\0\0\0\x02\x05\x02\0\0\0\0\0\0\0\0\0\x0a\x07\
\x01\0\0\0\0\0\0\0\0\0\x02\x6a\x07\0\0\xfa\x36\0\0\x03\0\0\x04\x0c\0\0\0\x08\
\x37\0\0\x02\0\0\0\0\0\0\0\x15\x37\0\0\x02\0\0\0\x20\0\0\0\x21\x37\0\0\x02\0\0\
\0\x40\0\0\0\0\0\0\0\0\0\0\x02\x24\x07\0\0\0\0\0\0\0\0\0\x02\x0a\x02\0\0\0\0\0\
\0\x01\0\0\x0d\x02\0\0\0\0\0\0\0\0\0\0\0\x32\x37\0\0\x06\0\0\x04\x50\0\0\0\x06\
\x13\0\0\x1c\0\0\0\0\0\0\0\xe0\x1a\0\0\x12\0\0\0\x40\0\0\0\x40\x37\0\0\x12\0\0\
\0\x60\0\0\0\x4a\x37\0\0\x12\0\0\0\x80\0\0\0\x52\x37\0\0\x12\0\0\0\xa0\0\0\0\
\x65\x37\0\0\x0c\x02\0\0\xc0\0\0\0\x69\x37\0\0\x02\0\0\x04\x38\0\0\0\xd7\x36\0\
\0\xd2\x01\0\0\0\0\0\0\xeb\x12\0\0\x0d\x02\0\0\x40\0\0\0\x77\x37\0\0\x01\0\0\
\x04\x30\0\0\0\xeb\x12\0\0\x0e\x02\0\0\0\0\0\0\0\0\0\0\0\0\0\x03\0\0\0\0\x2d\0\
\0\0\x04\0\0\0\x02\0\0\0\x87\x37\0\0\x03\0\0\x04\x18\0\0\0\x99\x37\0\0\x12\0\0\
\0\0\0\0\0\xa2\x37\0\0\xf4\0\0\0\x40\0\0\0\xb0\x37\0\0\x10\x02\0\0\x80\0\0\0\0\
\0\0\0\0\0\0\x02\x25\x07\0\0\0\0\0\0\0\0\0\x02\x26\x07\0\0\0\0\0\0\0\0\0\x02\
\x13\x02\0\0\xbb\x37\0\0\x04\0\0\x04\x20\0\0\0\xc8\x37\0\0\x14\x02\0\0\0\0\0\0\
\xcf\x37\0\0\x12\0\0\0\x40\0\0\0\xda\x37\0\0\x21\x01\0\0\x80\0\0\0\xe1\x37\0\0\
\x21\x01\0\0\xc0\0\0\0\0\0\0\0\0\0\0\x02\x15\x02\0\0\xe9\x37\0\0\0\0\0\x08\x27\
\x07\0\0\0\0\0\0\0\0\0\x02\x28\x07\0\0\0\0\0\0\0\0\0\x02\x29\x07\0\0\0\0\0\0\0\
\0\0\x02\x19\x02\0\0\xf3\x37\0\0\0\0\0\x08\x1a\x02\0\0\0\0\0\0\0\0\0\x0a\x02\0\
\0\0\0\0\0\0\0\0\0\x02\x1c\x02\0\0\0\0\0\0\0\0\0\x02\x2a\x07\0\0\0\0\0\0\0\0\0\
\x02\x2b\x07\0\0\0\0\0\0\0\0\0\x02\x2d\x07\0\0\0\0\0\0\0\0\0\x02\xcc\0\0\0\0\0\
\0\0\0\0\0\x02\x21\x02\0\0\0\0\0\0\0\0\0\x02\x15\x03\0\0\0\0\0\0\0\0\0\x02\x23\
\x02\0\0\0\0\0\0\0\0\0\x02\x73\x07\0\0\0\0\0\0\0\0\0\x02\x0f\0\0\0\0\0\0\0\0\0\
\0\x02\x2e\x07\0\0\0\0\0\0\0\0\0\x02\x27\x02\0\0\0\0\0\0\x01\0\0\x0d\0\0\0\0\0\
\0\0\0\0\0\0\0\0\0\0\0\0\0\0\x02\x29\x02\0\0\0\0\0\0\x03\0\0\x0d\x94\0\0\0\0\0\
\0\0\x84\0\0\0\0\0\0\0\x94\0\0\0\0\0\0\0\x02\0\0\0\0\0\0\0\0\0\0\x02\x2b\x02\0\
\0\0\0\0\0\x04\0\0\x0d\x2c\x02\0\0\0\0\0\0\x84\0\0\0\0\0\0\0\x21\x01\0\0\0\0\0\
\0\x18\x01\0\0\0\0\0\0\x81\x01\0\0\x04\x38\0\0\0\0\0\x08\x2d\x02\0\0\x0c\x38\0\
\0\0\0\0\x08\x2e\x02\0\0\x1d\x38\0\0\0\0\0\x08\x18\0\0\0\0\0\0\0\0\0\0\x02\x30\
\x02\0\0\0\0\0\0\x04\0\0\x0d\x2c\x02\0\0\0\0\0\0\x84\0\0\0\0\0\0\0\xcc\0\0\0\0\
\0\0\0\x18\x01\0\0\0\0\0\0\x81\x01\0\0\0\0\0\0\0\0\0\x02\x32\x02\0\0\0\0\0\0\
\x02\0\0\x0d\x2c\x02\0\0\0\0\0\0\x33\x02\0\0\0\0\0\0\x39\x02\0\0\0\0\0\0\0\0\0\
\x02\x34\x02\0\0\x2d\x38\0\0\x08\0\0\x04\x30\0\0\0\x33\x38\0\0\x84\0\0\0\0\0\0\
\0\x3b\x38\0\0\x94\0\0\0\x40\0\0\0\x42\x38\0\0\x35\x02\0\0\x80\0\0\0\x97\x22\0\
\0\x1c\0\0\0\xc0\0\0\0\x4e\x38\0\0\x02\0\0\0\0\x01\0\0\x57\x38\0\0\x25\0\0\0\
\x20\x01\0\0\x5f\x38\0\0\x25\0\0\0\x30\x01\0\0\0\0\0\0\x37\x02\0\0\x40\x01\0\0\
\0\0\0\0\0\0\0\x02\x36\x02\0\0\0\0\0\0\x03\0\0\x0d\0\0\0\0\0\0\0\0\x33\x02\0\0\
\0\0\0\0\x18\0\0\0\0\0\0\0\x18\0\0\0\0\0\0\0\x02\0\0\x05\x08\0\0\0\x69\x38\0\0\
\x12\0\0\0\0\0\0\0\x73\x38\0\0\x38\x02\0\0\0\0\0\0\0\0\0\0\0\0\0\x02\xee\x06\0\
\0\0\0\0\0\0\0\0\x02\x3a\x02\0\0\x7c\x38\0\0\x07\0\0\x04\x28\0\0\0\x85\x38\0\0\
\x45\0\0\0\0\0\0\0\x8f\x38\0\0\x7a\0\0\0\x08\0\0\0\x97\x38\0\0\x7a\0\0\0\x10\0\
\0\0\xa3\x38\0\0\x18\x01\0\0\x40\0\0\0\x31\x1b\0\0\x18\x01\0\0\x80\0\0\0\0\0\0\
\0\x3b\x02\0\0\xc0\0\0\0\0\0\0\0\x5f\x02\0\0\0\x01\0\0\0\0\0\0\x05\0\0\x05\x08\
\0\0\0\xae\x38\0\0\x3c\x02\0\0\0\0\0\0\xb2\x38\0\0\x3e\x02\0\0\0\0\0\0\xb7\x38\
\0\0\x40\x02\0\0\0\0\0\0\xbc\x38\0\0\x42\x02\0\0\0\0\0\0\xc3\x38\0\0\xbd\x01\0\
\0\0\0\0\0\0\0\0\0\0\0\0\x02\x3d\x02\0\0\0\0\0\0\0\0\0\x0a\xef\x06\0\0\0\0\0\0\
\0\0\0\x02\x3f\x02\0\0\0\0\0\0\0\0\0\x0a\xf0\x06\0\0\0\0\0\0\0\0\0\x02\x41\x02\
\0\0\0\0\0\0\0\0\0\x0a\xf1\x06\0\0\0\0\0\0\0\0\0\x02\xac\x02\0\0\xc8\x38\0\0\
\x13\0\0\x04\xa8\0\0\0\xc5\x19\0\0\x92\0\0\0\0\0\0\0\xd8\x38\0\0\xeb\0\0\0\0\
\x01\0\0\xe0\x38\0\0\xeb\0\0\0\xc0\x01\0\0\x36\x1e\0\0\x12\0\0\0\x80\x02\0\0\
\xf8\x11\0\0\x12\0\0\0\xa0\x02\0\0\xe8\x38\0\0\x12\0\0\0\xc0\x02\0\0\xf2\x38\0\
\0\x12\0\0\0\xe0\x02\0\0\xfc\x38\0\0\x12\0\0\0\0\x03\0\0\x09\x39\0\0\x12\0\0\0\
\x20\x03\0\0\x11\x39\0\0\x12\0\0\0\x40\x03\0\0\x50\x06\0\0\x12\0\0\0\x60\x03\0\
\0\x19\x39\0\0\x12\0\0\0\x80\x03\0\0\x23\x39\0\0\x12\0\0\0\xa0\x03\0\0\x2d\x39\
\0\0\x7a\0\0\0\xc0\x03\0\0\x38\x39\0\0\xbf\x01\0\0\0\x04\0\0\x41\x39\0\0\x58\
\x02\0\0\x40\x04\0\0\x50\x39\0\0\x58\x02\0\0\x80\x04\0\0\x5f\x39\0\0\x5a\x02\0\
\0\xc0\x04\0\0\x85\x1f\0\0\x65\x01\0\0\0\x05\0\0\xf9\x28\0\0\x04\0\0\x04\x40\0\
\0\0\xac\0\0\0\x0f\0\0\0\0\0\0\0\0\0\0\0\x45\x02\0\0\x40\0\0\0\0\0\0\0\x57\x02\
\0\0\x80\x01\0\0\x64\x39\0\0\x1f\0\0\0\xa0\x01\0\0\0\0\0\0\x08\0\0\x05\x28\0\0\
\0\0\0\0\0\x46\x02\0\0\0\0\0\0\0\0\0\0\x47\x02\0\0\0\0\0\0\0\0\0\0\x4a\x02\0\0\
\0\0\0\0\0\0\0\0\x50\x02\0\0\0\0\0\0\0\0\0\0\x51\x02\0\0\0\0\0\0\0\0\0\0\x52\
\x02\0\0\0\0\0\0\0\0\0\0\x55\x02\0\0\0\0\0\0\x82\x14\0\0\x66\0\0\0\0\0\0\0\0\0\
\0\0\x04\0\0\x04\x28\0\0\0\x6e\x39\0\0\x2f\0\0\0\0\0\0\0\x72\x39\0\0\xa8\0\0\0\
\x80\0\0\0\x7a\x22\0\0\x0f\0\0\0\xc0\0\0\0\x97\x22\0\0\x0f\0\0\0\0\x01\0\0\0\0\
\0\0\x05\0\0\x04\x28\0\0\0\x7a\x39\0\0\x0f\0\0\0\0\0\0\0\x83\x39\0\0\x48\x02\0\
\0\x40\0\0\0\x86\x39\0\0\x0f\0\0\0\x80\0\0\0\x96\x39\0\0\x0f\0\0\0\xc0\0\0\0\0\
\0\0\0\x49\x02\0\0\0\x01\0\0\0\0\0\0\0\0\0\x02\xa0\x07\0\0\0\0\0\0\x02\0\0\x05\
\x08\0\0\0\x9f\x39\0\0\x0f\0\0\0\0\0\0\0\xae\x39\0\0\x5e\0\0\0\0\0\0\0\0\0\0\0\
\x04\0\0\x04\x28\0\0\0\0\0\0\0\x4b\x02\0\0\0\0\0\0\xbc\x39\0\0\x4d\x02\0\0\x80\
\0\0\0\xc7\x39\0\0\x1c\0\0\0\xc0\0\0\0\0\0\0\0\x4e\x02\0\0\0\x01\0\0\0\0\0\0\
\x02\0\0\x05\x10\0\0\0\xd0\x39\0\0\x2f\0\0\0\0\0\0\0\0\0\0\0\x4c\x02\0\0\0\0\0\
\0\0\0\0\0\x03\0\0\x04\x10\0\0\0\x3b\x0c\0\0\xbf\x01\0\0\0\0\0\0\xda\x39\0\0\
\x02\0\0\0\x40\0\0\0\xe0\x39\0\0\x02\0\0\0\x60\0\0\0\0\0\0\0\0\0\0\x02\xc9\x02\
\0\0\0\0\0\0\x03\0\0\x05\x08\0\0\0\xe9\x39\0\0\x1c\0\0\0\0\0\0\0\xef\x39\0\0\
\x0f\0\0\0\0\0\0\0\0\0\0\0\x4f\x02\0\0\0\0\0\0\0\0\0\0\x03\0\0\x84\x04\0\0\0\
\xf8\x39\0\0\x12\0\0\0\0\0\0\x10\xfe\x39\0\0\x12\0\0\0\x10\0\0\x0f\x59\x04\0\0\
\x12\0\0\0\x1f\0\0\x01\0\0\0\0\x05\0\0\x04\x18\0\0\0\x06\x3a\0\0\x0f\0\0\0\0\0\
\0\0\x14\x3a\0\0\x47\0\0\0\x40\0\0\0\x22\x3a\0\0\x47\0\0\0\x48\0\0\0\x31\x3a\0\
\0\x1f\0\0\0\x60\0\0\0\x43\x3a\0\0\x12\0\0\0\x80\0\0\0\0\0\0\0\x03\0\0\x04\x20\
\0\0\0\x4f\x3a\0\0\x0f\0\0\0\0\0\0\0\x5f\x3a\0\0\x1f\0\0\0\x40\0\0\0\x75\x3a\0\
\0\x2f\0\0\0\x80\0\0\0\0\0\0\0\x05\0\0\x04\x28\0\0\0\x83\x3a\0\0\x0f\0\0\0\0\0\
\0\0\x8d\x3a\0\0\x53\x02\0\0\x40\0\0\0\x9a\x3a\0\0\x0f\0\0\0\x80\0\0\0\0\0\0\0\
\x54\x02\0\0\xc0\0\0\0\xa4\x3a\0\0\x8d\0\0\0\0\x01\0\0\xa8\x3a\0\0\0\0\0\x08\
\xbf\x01\0\0\0\0\0\0\x02\0\0\x05\x08\0\0\0\xb2\x3a\0\0\x7e\0\0\0\0\0\0\0\xb8\
\x3a\0\0\x1f\0\0\0\0\0\0\0\0\0\0\0\x02\0\0\x04\x10\0\0\0\xc9\x3a\0\0\x56\x02\0\
\0\0\0\0\0\xcf\x3a\0\0\x1c\0\0\0\x40\0\0\0\0\0\0\0\0\0\0\x02\xa1\x07\0\0\0\0\0\
\0\x04\0\0\x05\x04\0\0\0\xe0\x3a\0\0\x1f\0\0\0\0\0\0\0\xea\x3a\0\0\x12\0\0\0\0\
\0\0\0\xf4\x3a\0\0\x12\0\0\0\0\0\0\0\xfb\x3a\0\0\x02\0\0\0\0\0\0\0\0\0\0\0\0\0\
\0\x02\x59\x02\0\0\x01\x3b\0\0\x06\0\0\x04\x30\0\0\0\x0f\x3b\0\0\x97\0\0\0\0\0\
\0\0\xc8\x1e\0\0\x02\0\0\0\x40\0\0\0\x17\x3b\0\0\x02\0\0\0\x60\0\0\0\x1d\x3b\0\
\0\x58\x02\0\0\x80\0\0\0\x25\x3b\0\0\x84\0\0\0\xc0\0\0\0\x2d\x3b\0\0\x66\0\0\0\
\0\x01\0\0\0\0\0\0\0\0\0\x02\xf2\x06\0\0\x34\x3b\0\0\x08\0\0\x04\x88\0\0\0\x40\
\x3b\0\0\x1d\0\0\0\0\0\0\0\x48\x3b\0\0\x5c\x02\0\0\x40\0\0\0\x56\x3b\0\0\x0f\0\
\0\0\x80\x01\0\0\x64\x3b\0\0\x5e\0\0\0\xc0\x01\0\0\x6e\x3b\0\0\xf0\0\0\0\0\x02\
\0\0\x2b\x1a\0\0\xa0\0\0\0\x80\x02\0\0\xe8\x16\0\0\x5e\0\0\0\xc0\x02\0\0\x7b\
\x3b\0\0\x5e\x02\0\0\0\x03\0\0\x85\x3b\0\0\x04\0\0\x04\x28\0\0\0\x81\x11\0\0\
\x3f\0\0\0\0\0\0\0\x31\x1b\0\0\x34\0\0\0\x40\0\0\0\x94\x13\0\0\x2f\0\0\0\x80\0\
\0\0\xef\x39\0\0\x5d\x02\0\0\0\x01\0\0\0\0\0\0\0\0\0\x02\x07\x01\0\0\x94\x3b\0\
\0\x07\0\0\x04\x28\0\0\0\x81\x11\0\0\x3f\0\0\0\0\0\0\0\xa4\x3b\0\0\x02\0\0\0\
\x20\0\0\0\x9d\x14\0\0\x02\0\0\0\x40\0\0\0\xad\x3b\0\0\x02\0\0\0\x60\0\0\0\xb5\
\x3b\0\0\x02\0\0\0\x80\0\0\0\xbc\x3b\0\0\x0f\0\0\0\xc0\0\0\0\xac\0\0\0\x0f\0\0\
\0\0\x01\0\0\0\0\0\0\x03\0\0\x05\x08\0\0\0\xc2\x3b\0\0\x0f\0\0\0\0\0\0\0\0\0\0\
\0\x60\x02\0\0\0\0\0\0\xca\x3b\0\0\x94\0\0\0\0\0\0\0\0\0\0\0\x02\0\0\x04\x08\0\
\0\0\x36\x1e\0\0\x12\0\0\0\0\0\0\0\xd7\x3b\0\0\x12\0\0\0\x20\0\0\0\0\0\0\0\0\0\
\0\x02\x62\x02\0\0\0\0\0\0\x02\0\0\x0d\x02\0\0\0\0\0\0\0\x33\x02\0\0\0\0\0\0\
\x7a\0\0\0\0\0\0\0\0\0\0\x02\x64\x02\0\0\0\0\0\0\x02\0\0\x0d\x02\0\0\0\0\0\0\0\
\x84\0\0\0\0\0\0\0\x65\x02\0\0\0\0\0\0\0\0\0\x02\x66\x02\0\0\xe2\x3b\0\0\x02\0\
\0\x04\x10\0\0\0\xee\x3b\0\0\x67\x02\0\0\0\0\0\0\xf4\x3b\0\0\x94\0\0\0\x40\0\0\
\0\xf8\x3b\0\0\0\0\0\x08\x68\x02\0\0\0\0\0\0\0\0\0\x02\x69\x02\0\0\0\0\0\0\x06\
\0\0\x0d\x02\0\0\0\0\0\0\0\x65\x02\0\0\0\0\0\0\xcc\0\0\0\0\0\0\0\x02\0\0\0\0\0\
\0\0\x94\0\0\0\0\0\0\0\x31\0\0\0\0\0\0\0\x12\0\0\0\0\0\0\0\0\0\0\x02\x6b\x02\0\
\0\0\0\0\0\x02\0\0\x0d\x6c\x02\0\0\0\0\0\0\x84\0\0\0\0\0\0\0\x6d\x02\0\0\x02\
\x3c\0\0\0\0\0\x08\x12\0\0\0\0\0\0\0\0\0\0\x02\x6e\x02\0\0\x0b\x3c\0\0\x02\0\0\
\x04\x10\0\0\0\x1d\x3c\0\0\x6f\x02\0\0\0\0\0\0\x24\x3c\0\0\x6c\x02\0\0\x40\0\0\
\0\x29\x3c\0\0\0\0\0\x08\x70\x02\0\0\0\0\0\0\0\0\0\x02\x71\x02\0\0\0\0\0\0\x03\
\0\0\x0d\0\0\0\0\0\0\0\0\x84\0\0\0\0\0\0\0\x72\x02\0\0\0\0\0\0\x6d\x02\0\0\0\0\
\0\0\0\0\0\x02\xeb\0\0\0\0\0\0\0\0\0\0\x02\x74\x02\0\0\0\0\0\0\x03\0\0\x0d\x18\
\0\0\0\0\0\0\0\x84\0\0\0\0\0\0\0\x12\0\0\0\0\0\0\0\x0f\0\0\0\0\0\0\0\0\0\0\x02\
\x76\x02\0\0\0\0\0\0\x02\0\0\x0d\x02\0\0\0\0\0\0\0\x84\0\0\0\0\0\0\0\x81\0\0\0\
\0\0\0\0\0\0\0\x02\x78\x02\0\0\0\0\0\0\x02\0\0\x0d\x02\0\0\0\0\0\0\0\x8a\0\0\0\
\0\0\0\0\x84\0\0\0\0\0\0\0\0\0\0\x02\x7a\x02\0\0\0\0\0\0\x02\0\0\x0d\x02\0\0\0\
\0\0\0\0\x84\0\0\0\0\0\0\0\x7b\x02\0\0\x39\x3c\0\0\0\0\0\x08\x1c\0\0\0\0\0\0\0\
\0\0\0\x02\x7d\x02\0\0\0\0\0\0\x04\0\0\x0d\x02\0\0\0\0\0\0\0\x84\0\0\0\0\0\0\0\
\x94\0\0\0\0\0\0\0\x94\0\0\0\0\0\0\0\x02\0\0\0\0\0\0\0\0\0\0\x02\x7f\x02\0\0\0\
\0\0\0\x03\0\0\x0d\x02\0\0\0\0\0\0\0\x02\0\0\0\0\0\0\0\x84\0\0\0\0\0\0\0\x02\0\
\0\0\0\0\0\0\0\0\0\x02\x81\x02\0\0\0\0\0\0\x03\0\0\x0d\x02\0\0\0\0\0\0\0\x84\0\
\0\0\0\0\0\0\x02\0\0\0\0\0\0\0\x82\x02\0\0\0\0\0\0\0\0\0\x02\x83\x02\0\0\x44\
\x3c\0\0\x14\0\0\x04\xd8\0\0\0\x4e\x3c\0\0\x82\x02\0\0\0\0\0\0\x59\x3c\0\0\x2f\
\0\0\0\x40\0\0\0\x61\x3c\0\0\xf0\0\0\0\xc0\0\0\0\x69\x3c\0\0\x2f\0\0\0\x40\x01\
\0\0\x7d\x3c\0\0\x2f\0\0\0\xc0\x01\0\0\x8f\x3c\0\0\x7b\x02\0\0\x40\x02\0\0\x98\
\x3c\0\0\x12\0\0\0\x80\x02\0\0\xa1\x3c\0\0\x47\0\0\0\xa0\x02\0\0\xa9\x3c\0\0\
\x12\0\0\0\xc0\x02\0\0\xb0\x3c\0\0\x02\0\0\0\xe0\x02\0\0\xbc\x3c\0\0\xeb\0\0\0\
\0\x03\0\0\xc4\x3c\0\0\x84\0\0\0\xc0\x03\0\0\xcc\x3c\0\0\x94\0\0\0\0\x04\0\0\
\xd5\x3c\0\0\x94\0\0\0\x40\x04\0\0\xdc\x3c\0\0\x58\x02\0\0\x80\x04\0\0\xe6\x3c\
\0\0\x0f\0\0\0\xc0\x04\0\0\xf4\x3c\0\0\x0f\0\0\0\0\x05\0\0\x06\x3d\0\0\x84\x02\
\0\0\x40\x05\0\0\x0d\x3d\0\0\x86\x02\0\0\x80\x05\0\0\x16\x3d\0\0\x88\x02\0\0\
\xc0\x05\0\0\0\0\0\0\0\0\0\x02\x85\x02\0\0\0\0\0\0\0\0\0\x0a\x5a\x07\0\0\0\0\0\
\0\0\0\0\x02\x87\x02\0\0\0\0\0\0\0\0\0\x0a\x5b\x07\0\0\0\0\0\0\x03\0\0\x05\x20\
\0\0\0\x1b\x3d\0\0\x89\x02\0\0\0\0\0\0\x22\x3d\0\0\x8c\x02\0\0\0\0\0\0\x2a\x3d\
\0\0\x8f\x02\0\0\0\0\0\0\x2e\x3d\0\0\x03\0\0\x04\x20\0\0\0\x0b\x13\0\0\x10\0\0\
\0\0\0\0\0\xcb\x19\0\0\x8a\x02\0\0\x40\0\0\0\x94\x13\0\0\x2f\0\0\0\x80\0\0\0\0\
\0\0\0\0\0\0\x02\x8b\x02\0\0\x3c\x3d\0\0\0\0\0\x07\0\0\0\0\x4a\x3d\0\0\x01\0\0\
\x04\x08\0\0\0\xcb\x19\0\0\x8d\x02\0\0\0\0\0\0\0\0\0\0\0\0\0\x02\x8e\x02\0\0\
\x59\x3d\0\0\0\0\0\x07\0\0\0\0\0\0\0\0\x03\0\0\x04\x18\0\0\0\xaf\x21\0\0\x2f\0\
\0\0\0\0\0\0\x0b\x13\0\0\x02\0\0\0\x80\0\0\0\x69\x3d\0\0\x12\0\0\0\xa0\0\0\0\0\
\0\0\0\0\0\0\x02\x91\x02\0\0\0\0\0\0\x06\0\0\x0d\x2c\x02\0\0\0\0\0\0\x84\0\0\0\
\0\0\0\0\xbf\x01\0\0\0\0\0\0\x02\0\0\0\0\0\0\0\x18\x01\0\0\0\0\0\0\x81\x01\0\0\
\0\0\0\0\x02\0\0\0\0\0\0\0\0\0\0\x02\x93\x02\0\0\0\0\0\0\x01\0\0\x0d\x02\0\0\0\
\0\0\0\0\x02\0\0\0\0\0\0\0\0\0\0\x02\x95\x02\0\0\0\0\0\0\x05\0\0\x0d\x2c\x02\0\
\0\0\0\0\0\xbd\x01\0\0\0\0\0\0\x84\0\0\0\0\0\0\0\x81\x01\0\0\0\0\0\0\x18\x01\0\
\0\0\0\0\0\x12\0\0\0\0\0\0\0\0\0\0\x02\x97\x02\0\0\0\0\0\0\x05\0\0\x0d\x2c\x02\
\0\0\0\0\0\0\x84\0\0\0\0\0\0\0\x81\x01\0\0\0\0\0\0\xbd\x01\0\0\0\0\0\0\x18\x01\
\0\0\0\0\0\0\x12\0\0\0\0\0\0\0\0\0\0\x02\x99\x02\0\0\0\0\0\0\x04\0\0\x0d\x02\0\
\0\0\0\0\0\0\x84\0\0\0\0\0\0\0\x18\0\0\0\0\0\0\0\x9a\x02\0\0\0\0\0\0\x9b\x02\0\
\0\0\0\0\0\0\0\0\x02\x82\x02\0\0\0\0\0\0\0\0\0\x02\x1c\0\0\0\0\0\0\0\0\0\0\x02\
\x9d\x02\0\0\0\0\0\0\x04\0\0\x0d\x18\0\0\0\0\0\0\0\x84\0\0\0\0\0\0\0\x02\0\0\0\
\0\0\0\0\x94\0\0\0\0\0\0\0\x94\0\0\0\0\0\0\0\0\0\0\x02\x9f\x02\0\0\0\0\0\0\x02\
\0\0\x0d\0\0\0\0\0\0\0\0\x3a\x01\0\0\0\0\0\0\x84\0\0\0\0\0\0\0\0\0\0\x02\xa1\
\x02\0\0\0\0\0\0\x06\0\0\x0d\x2c\x02\0\0\0\0\0\0\x84\0\0\0\0\0\0\0\x94\0\0\0\0\
\0\0\0\x84\0\0\0\0\0\0\0\x94\0\0\0\0\0\0\0\x18\x01\0\0\0\0\0\0\x12\0\0\0\0\0\0\
\0\0\0\0\x02\xa3\x02\0\0\0\0\0\0\x06\0\0\x0d\x94\0\0\0\0\0\0\0\x84\0\0\0\0\0\0\
\0\x94\0\0\0\0\0\0\0\x84\0\0\0\0\0\0\0\x94\0\0\0\0\0\0\0\x94\0\0\0\0\0\0\0\x12\
\0\0\0\0\0\0\0\0\0\0\x02\xa5\x02\0\0\0\0\0\0\x01\0\0\x0d\0\0\0\0\0\0\0\0\x8a\0\
\0\0\0\0\0\0\0\0\0\x02\xa4\x07\0\0\0\0\0\0\x04\0\0\x05\x08\0\0\0\x72\x3d\0\0\
\xbd\x01\0\0\0\0\0\0\x79\x3d\0\0\xa8\x02\0\0\0\0\0\0\x80\x3d\0\0\x21\x01\0\0\0\
\0\0\0\x87\x3d\0\0\x12\0\0\0\0\0\0\0\0\0\0\0\0\0\0\x02\x59\x07\0\0\0\0\0\0\0\0\
\0\x02\x1a\x04\0\0\0\0\0\0\0\0\0\x02\xa5\x07\0\0\0\0\0\0\0\0\0\x02\x49\x07\0\0\
\xbc\x38\0\0\x03\0\0\x04\x10\0\0\0\x91\x3d\0\0\x8d\0\0\0\0\0\0\0\x99\x3d\0\0\
\xad\x02\0\0\x20\0\0\0\xa2\x3d\0\0\x1c\0\0\0\x40\0\0\0\xaa\x3d\0\0\0\0\0\x08\
\x12\0\0\0\0\0\0\0\0\0\0\x02\xaf\x02\0\0\0\0\0\0\0\0\0\x0a\xed\x06\0\0\0\0\0\0\
\0\0\0\x02\xb1\x02\0\0\0\0\0\0\x06\0\0\x0d\x2c\x02\0\0\0\0\0\0\x84\0\0\0\0\0\0\
\0\xda\x01\0\0\0\0\0\0\xe4\x01\0\0\0\0\0\0\x21\x01\0\0\0\0\0\0\x94\0\0\0\0\0\0\
\0\x18\x01\0\0\0\0\0\0\0\0\0\x02\xb3\x02\0\0\0\0\0\0\x04\0\0\x0d\x02\0\0\0\0\0\
\0\0\x84\0\0\0\0\0\0\0\xda\x01\0\0\0\0\0\0\xe4\x01\0\0\0\0\0\0\x81\0\0\0\0\0\0\
\0\0\0\0\x02\xe0\x01\0\0\0\0\0\0\0\0\0\x02\xe4\x01\0\0\0\0\0\0\0\0\0\x02\x6d\
\x07\0\0\0\0\0\0\0\0\0\x02\xb8\x02\0\0\0\0\0\0\x01\0\0\x0d\0\0\0\0\0\0\0\0\xb4\
\x01\0\0\0\0\0\0\0\0\0\x02\xba\x02\0\0\0\0\0\0\x01\0\0\x0d\x02\0\0\0\0\0\0\0\
\xcf\x01\0\0\0\0\0\0\0\0\0\x02\xbc\x02\0\0\0\0\0\0\x02\0\0\x0d\0\0\0\0\0\0\0\0\
\xcf\x01\0\0\0\0\0\0\x7e\0\0\0\0\0\0\0\0\0\0\x02\xbe\x02\0\0\0\0\0\0\x02\0\0\
\x0d\x02\0\0\0\0\0\0\0\xcf\x01\0\0\0\0\0\0\x02\0\0\0\0\0\0\0\0\0\0\x02\xc0\x02\
\0\0\0\0\0\0\x02\0\0\x0d\0\0\0\0\0\0\0\0\xcf\x01\0\0\0\0\0\0\x02\0\0\0\0\0\0\0\
\0\0\0\x02\xc2\x02\0\0\0\0\0\0\x01\0\0\x0d\0\0\0\0\0\0\0\0\xcf\x01\0\0\0\0\0\0\
\0\0\0\x02\xc4\x02\0\0\0\0\0\0\x02\0\0\x0d\0\0\0\0\0\0\0\0\xb4\x01\0\0\0\0\0\0\
\x12\0\0\0\0\0\0\0\0\0\0\x02\xc6\x02\0\0\0\0\0\0\x01\0\0\x0d\x02\0\0\0\0\0\0\0\
\xb4\x01\0\0\0\0\0\0\0\0\0\x02\xc8\x02\0\0\0\0\0\0\x02\0\0\x0d\0\0\0\0\0\0\0\0\
\xb2\x01\0\0\0\0\0\0\x7a\0\0\0\xb0\x3d\0\0\x19\0\0\x04\xd8\0\0\0\xbb\x3d\0\0\
\xca\x02\0\0\0\0\0\0\xac\0\0\0\xcb\x02\0\0\x40\0\0\0\xc4\x3d\0\0\x0f\0\0\0\x80\
\0\0\0\xe0\x1a\0\0\x12\0\0\0\xc0\0\0\0\xd0\x3d\0\0\x12\0\0\0\xe0\0\0\0\xdc\x3d\
\0\0\xcc\x02\0\0\0\x01\0\0\x91\x26\0\0\x12\0\0\0\x40\x01\0\0\xec\x3d\0\0\x12\0\
\0\0\x60\x01\0\0\xf8\x3d\0\0\xcd\x02\0\0\x80\x01\0\0\xfb\x3d\0\0\xcd\x02\0\0\
\xa0\x01\0\0\xff\x3d\0\0\xcd\x02\0\0\xc0\x01\0\0\x03\x3e\0\0\xad\x02\0\0\xe0\
\x01\0\0\x11\x28\0\0\x02\0\0\0\0\x02\0\0\x0e\x3e\0\0\xce\x02\0\0\x40\x02\0\0\
\xf8\x39\0\0\x12\0\0\0\x80\x02\0\0\x13\x3e\0\0\x12\0\0\0\xa0\x02\0\0\x19\x3e\0\
\0\x12\0\0\0\xc0\x02\0\0\xe1\x20\0\0\xcc\0\0\0\0\x03\0\0\x94\x13\0\0\x2f\0\0\0\
\x40\x03\0\0\xd2\x36\0\0\xdb\x01\0\0\xc0\x03\0\0\x26\x3e\0\0\x0f\0\0\0\xc0\x05\
\0\0\x2d\x3e\0\0\xd0\x02\0\0\0\x06\0\0\x38\x3e\0\0\x12\0\0\0\x40\x06\0\0\x43\
\x3e\0\0\x12\0\0\0\x60\x06\0\0\xeb\x12\0\0\xd3\x02\0\0\x80\x06\0\0\0\0\0\0\0\0\
\0\x02\xec\x06\0\0\x4c\x3e\0\0\0\0\0\x08\x12\0\0\0\x59\x3e\0\0\x03\0\0\x04\x08\
\0\0\0\x6a\x3e\0\0\x10\0\0\0\0\0\0\0\x6c\x3e\0\0\x45\0\0\0\x20\0\0\0\x70\x3e\0\
\0\x45\0\0\0\x28\0\0\0\x74\x3e\0\0\x01\0\0\x04\x04\0\0\0\xbf\x20\0\0\x12\0\0\0\
\0\0\0\0\0\0\0\0\0\0\0\x02\xcf\x02\0\0\0\0\0\0\x01\0\0\x0d\0\0\0\0\0\0\0\0\x1c\
\0\0\0\0\0\0\0\0\0\0\x02\x12\0\0\0\0\0\0\0\0\0\0\x02\xd2\x02\0\0\x8d\x3e\0\0\
\x06\0\0\x04\x40\0\0\0\x9d\x3e\0\0\x8d\0\0\0\0\0\0\0\xa7\x3e\0\0\x0f\0\0\0\x40\
\0\0\0\xb2\x3e\0\0\x2f\0\0\0\x80\0\0\0\xba\x3e\0\0\x5e\0\0\0\0\x01\0\0\xc3\x3e\
\0\0\x5e\0\0\0\x40\x01\0\0\xd1\x3e\0\0\x2f\0\0\0\x80\x01\0\0\0\0\0\0\0\0\0\x03\
\0\0\0\0\xd1\x02\0\0\x04\0\0\0\x01\0\0\0\0\0\0\0\0\0\0\x02\xd5\x02\0\0\0\0\0\0\
\x02\0\0\x0d\0\0\0\0\0\0\0\0\xb2\x01\0\0\0\0\0\0\xb2\x01\0\0\0\0\0\0\0\0\0\x02\
\xd7\x02\0\0\0\0\0\0\x04\0\0\x0d\x1c\0\0\0\0\0\0\0\xcf\x01\0\0\0\0\0\0\x9b\x02\
\0\0\0\0\0\0\x02\0\0\0\0\0\0\0\x7a\0\0\0\0\0\0\0\0\0\0\x02\xd9\x02\0\0\0\0\0\0\
\x03\0\0\x0d\x18\0\0\0\0\0\0\0\xcf\x01\0\0\0\0\0\0\xda\x02\0\0\0\0\0\0\x0f\0\0\
\0\0\0\0\0\0\0\0\x02\xdb\x02\0\0\xd6\x3e\0\0\x07\0\0\x04\x38\0\0\0\xe9\x3e\0\0\
\xcf\x01\0\0\0\0\0\0\x2a\0\0\0\xdc\x02\0\0\x40\0\0\0\xef\x3e\0\0\x0f\0\0\0\x80\
\0\0\0\xe0\x1a\0\0\x0f\0\0\0\xc0\0\0\0\xf6\x3e\0\0\x31\0\0\0\0\x01\0\0\0\0\0\0\
\xdd\x02\0\0\x40\x01\0\0\xf9\x28\0\0\x02\0\0\0\x80\x01\0\0\0\0\0\0\0\0\0\x02\
\xf7\x02\0\0\0\0\0\0\x02\0\0\x05\x08\0\0\0\0\x3f\0\0\x1c\0\0\0\0\0\0\0\x36\x1e\
\0\0\x0f\0\0\0\0\0\0\0\0\0\0\0\0\0\0\x02\xdf\x02\0\0\0\0\0\0\x01\0\0\x0d\x02\0\
\0\0\0\0\0\0\x30\0\0\0\0\0\0\0\0\0\0\x02\xe1\x02\0\0\0\0\0\0\x02\0\0\x0d\x02\0\
\0\0\0\0\0\0\xcf\x01\0\0\0\0\0\0\x31\0\0\0\x05\x3f\0\0\x06\0\0\x06\x04\0\0\0\
\x16\x3f\0\0\xfc\xff\xff\xff\x2c\x3f\0\0\xfd\xff\xff\xff\x42\x3f\0\0\xfe\xff\
\xff\xff\x59\x3f\0\0\xff\xff\xff\xff\x6e\x3f\0\0\0\0\0\0\x88\x3f\0\0\x01\0\0\0\
\xa0\x3f\0\0\0\0\0\x08\xe4\x02\0\0\0\0\0\0\x01\0\0\x04\x08\0\0\0\x97\x28\0\0\
\xb6\x01\0\0\0\0\0\0\xaa\x3f\0\0\x3b\0\0\x84\x80\0\0\0\x19\0\0\0\x11\0\0\0\0\0\
\0\0\xe0\x1a\0\0\x11\0\0\0\x20\0\0\0\xba\x3f\0\0\x32\0\0\0\x40\0\0\0\0\0\0\0\
\xe6\x02\0\0\x80\0\0\0\xc1\x3f\0\0\x32\0\0\0\xc0\0\0\0\xcd\x3f\0\0\x32\0\0\0\0\
\x01\0\0\xd9\x3f\0\0\x32\0\0\0\x40\x01\0\x01\xe2\x3f\0\0\x32\0\0\0\x41\x01\0\
\x01\xea\x3f\0\0\x32\0\0\0\x42\x01\0\x01\xf1\x3f\0\0\x32\0\0\0\x43\x01\0\x01\
\xfb\x3f\0\0\x32\0\0\0\x44\x01\0\x01\x08\x40\0\0\x32\0\0\0\x45\x01\0\x01\x17\
\x40\0\0\x32\0\0\0\x46\x01\0\x01\x22\x40\0\0\x32\0\0\0\x47\x01\0\x01\xdd\x15\0\
\0\x32\0\0\0\x48\x01\0\x01\x0b\x06\0\0\x32\0\0\0\x49\x01\0\x01\x2f\x40\0\0\x32\
\0\0\0\x4a\x01\0\x01\x34\x40\0\0\x32\0\0\0\x4b\x01\0\x01\x41\x40\0\0\x32\0\0\0\
\x4c\x01\0\x01\x1a\x28\0\0\x32\0\0\0\x4d\x01\0\x01\x50\x40\0\0\x32\0\0\0\x4e\
\x01\0\x01\x5a\x40\0\0\x32\0\0\0\x4f\x01\0\x02\x65\x40\0\0\x32\0\0\0\x51\x01\0\
\x01\x6f\x40\0\0\x32\0\0\0\x52\x01\0\x01\x7d\x40\0\0\x32\0\0\0\x53\x01\0\x01\
\x8a\x40\0\0\x32\0\0\0\x54\x01\0\x01\x98\x40\0\0\x32\0\0\0\x55\x01\0\x01\xb1\
\x40\0\0\x32\0\0\0\x56\x01\0\x01\xc8\x40\0\0\x32\0\0\0\x57\x01\0\x01\xce\x40\0\
\0\x32\0\0\0\x58\x01\0\x01\xd8\x40\0\0\x32\0\0\0\x59\x01\0\x01\xe4\x40\0\0\x32\
\0\0\0\x5a\x01\0\x01\xf3\x40\0\0\x32\0\0\0\x5b\x01\0\x01\x02\x41\0\0\x32\0\0\0\
\x5c\x01\0\x01\x0d\x41\0\0\x32\0\0\0\x5d\x01\0\x01\x15\x41\0\0\x32\0\0\0\x5e\
\x01\0\x01\x1f\x41\0\0\x32\0\0\0\x5f\x01\0\x01\xc4\x13\0\0\x32\0\0\0\x60\x01\0\
\x01\x2a\x41\0\0\x32\0\0\0\x61\x01\0\x01\x56\x33\0\0\x32\0\0\0\x62\x01\0\x01\
\x34\x41\0\0\x32\0\0\0\x63\x01\0\x01\x43\x41\0\0\x32\0\0\0\x64\x01\0\x01\x52\
\x41\0\0\x32\0\0\0\x65\x01\0\x01\x5a\x41\0\0\x32\0\0\0\x66\x01\0\x1a\0\0\0\0\
\xe7\x02\0\0\x80\x01\0\0\x67\x41\0\0\x11\0\0\0\xa0\x01\0\0\0\0\0\0\xe8\x02\0\0\
\xc0\x01\0\0\0\0\0\0\xe9\x02\0\0\0\x02\0\0\x6f\x41\0\0\x32\0\0\0\x40\x02\0\0\
\x82\x41\0\0\x32\0\0\0\x80\x02\0\0\x93\x41\0\0\x11\0\0\0\xc0\x02\0\0\x5a\x1d\0\
\0\x08\x01\0\0\xe0\x02\0\0\xa5\x41\0\0\x32\0\0\0\0\x03\0\0\xb6\x41\0\0\x11\0\0\
\0\x40\x03\0\0\xc4\x41\0\0\x26\0\0\0\x60\x03\0\0\xd5\x41\0\0\x26\0\0\0\x70\x03\
\0\0\xe2\x41\0\0\x11\0\0\0\x80\x03\0\0\xf2\x41\0\0\x11\0\0\0\xa0\x03\0\0\xff\
\x41\0\0\x32\0\0\0\xc0\x03\0\0\0\0\0\0\x02\0\0\x05\x08\0\0\0\x08\x42\0\0\x32\0\
\0\0\0\0\0\0\x16\x42\0\0\x32\0\0\0\0\0\0\0\0\0\0\0\x02\0\0\x05\x04\0\0\0\x22\
\x42\0\0\x11\0\0\0\0\0\0\0\x30\x42\0\0\x11\0\0\0\0\0\0\0\0\0\0\0\x04\0\0\x05\
\x08\0\0\0\x41\x42\0\0\x32\0\0\0\0\0\0\0\x49\x42\0\0\x32\0\0\0\0\0\0\0\x55\x42\
\0\0\x32\0\0\0\0\0\0\0\x61\x42\0\0\x32\0\0\0\0\0\0\0\0\0\0\0\x04\0\0\x05\x08\0\
\0\0\x69\x42\0\0\x32\0\0\0\0\0\0\0\x70\x42\0\0\x32\0\0\0\0\0\0\0\x7c\x42\0\0\
\x32\0\0\0\0\0\0\0\x89\x42\0\0\x32\0\0\0\0\0\0\0\x91\x42\0\0\x0c\0\0\x04\xc0\0\
\0\0\0\0\0\0\xeb\x02\0\0\0\0\0\0\x9f\x42\0\0\x28\0\0\0\0\x03\0\0\x1d\x2c\0\0\
\x1c\0\0\0\x40\x03\0\0\x3d\x2c\0\0\x0f\0\0\0\x80\x03\0\0\x0b\x13\0\0\x02\0\0\0\
\xc0\x03\0\0\xa6\x42\0\0\xe3\x02\0\0\0\x04\0\0\x08\x42\0\0\x31\0\0\0\x40\x04\0\
\0\0\0\0\0\xf4\x02\0\0\x80\x04\0\0\xb1\x42\0\0\x31\0\0\0\0\x05\0\0\xc0\x42\0\0\
\x31\0\0\0\x40\x05\0\0\xcb\x42\0\0\x31\0\0\0\x80\x05\0\0\xdb\x42\0\0\x31\0\0\0\
\xc0\x05\0\0\0\0\0\0\x06\0\0\x05\x60\0\0\0\0\0\0\0\xec\x02\0\0\0\0\0\0\0\0\0\0\
\xee\x02\0\0\0\0\0\0\0\0\0\0\xef\x02\0\0\0\0\0\0\0\0\0\0\xf0\x02\0\0\0\0\0\0\0\
\0\0\0\xf1\x02\0\0\0\0\0\0\0\0\0\0\xf3\x02\0\0\0\0\0\0\0\0\0\0\x0a\0\0\x04\x60\
\0\0\0\xba\x3f\0\0\x31\0\0\0\0\0\0\0\xec\x42\0\0\x31\0\0\0\x40\0\0\0\xf5\x42\0\
\0\x0f\0\0\0\x80\0\0\0\x01\x43\0\0\x0f\0\0\0\xc0\0\0\0\x0c\x43\0\0\x02\0\0\0\0\
\x01\0\0\x1d\x43\0\0\x02\0\0\0\x20\x01\0\0\x21\x43\0\0\x02\0\0\0\x40\x01\0\0\
\xac\0\0\0\x02\0\0\0\x60\x01\0\0\x2a\x43\0\0\xed\x02\0\0\x80\x01\0\0\x34\x43\0\
\0\xed\x02\0\0\x40\x02\0\0\x3f\x43\0\0\x04\0\0\x04\x18\0\0\0\xba\x3f\0\0\x31\0\
\0\0\0\0\0\0\x53\x43\0\0\x12\0\0\0\x40\0\0\0\x57\x43\0\0\x02\0\0\0\x60\0\0\0\
\x1d\x43\0\0\x02\0\0\0\x80\0\0\0\0\0\0\0\x01\0\0\x04\x40\0\0\0\xe3\x12\0\0\x4e\
\0\0\0\0\0\0\0\0\0\0\0\x01\0\0\x04\x10\0\0\0\x5d\x43\0\0\x2f\0\0\0\0\0\0\0\0\0\
\0\0\x02\0\0\x04\x10\0\0\0\x65\x43\0\0\x31\0\0\0\0\0\0\0\x6d\x43\0\0\x31\0\0\0\
\x40\0\0\0\0\0\0\0\x02\0\0\x04\x28\0\0\0\x10\x23\0\0\xf2\x02\0\0\0\0\0\0\x72\
\x43\0\0\x2f\0\0\0\xc0\0\0\0\x7a\x43\0\0\x04\0\0\x04\x18\0\0\0\x8d\x43\0\0\x0f\
\0\0\0\0\0\0\0\x95\x43\0\0\x0f\0\0\0\x40\0\0\0\x98\x26\0\0\x45\0\0\0\x80\0\0\0\
\x19\0\0\0\x45\0\0\0\x88\0\0\0\0\0\0\0\x05\0\0\x04\x18\0\0\0\x9a\x43\0\0\x45\0\
\0\0\0\0\0\0\xa5\x43\0\0\x45\0\0\0\x08\0\0\0\xb0\x43\0\0\x25\0\0\0\x10\0\0\0\
\xb8\x43\0\0\x31\0\0\0\x40\0\0\0\xbd\x43\0\0\x31\0\0\0\x80\0\0\0\0\0\0\0\x02\0\
\0\x05\x10\0\0\0\0\0\0\0\xf5\x02\0\0\0\0\0\0\0\0\0\0\xf6\x02\0\0\0\0\0\0\0\0\0\
\0\x02\0\0\x04\x10\0\0\0\xc3\x43\0\0\x31\0\0\0\0\0\0\0\xcf\x43\0\0\xe3\x02\0\0\
\x40\0\0\0\0\0\0\0\x02\0\0\x04\x10\0\0\0\xdb\x43\0\0\x31\0\0\0\0\0\0\0\xe8\x43\
\0\0\x31\0\0\0\x40\0\0\0\xf4\x43\0\0\x21\0\0\x04\xf0\0\0\0\x11\x28\0\0\x1d\0\0\
\0\0\0\0\0\x82\x14\0\0\x66\0\0\0\x40\0\0\0\0\x44\0\0\x02\0\0\0\xc0\0\0\0\x09\
\x44\0\0\x02\0\0\0\xe0\0\0\0\x13\x44\0\0\x02\0\0\0\0\x01\0\0\x3c\x1d\0\0\x1f\0\
\0\0\x20\x01\0\0\x36\x1e\0\0\xb6\x01\0\0\x40\x01\0\0\x1a\x44\0\0\x12\0\0\0\x80\
\x01\0\0\x18\x1d\0\0\xb6\x01\0\0\xc0\x01\0\0\xef\x3e\0\0\xb6\x01\0\0\0\x02\0\0\
\x1f\x44\0\0\xb6\x01\0\0\x40\x02\0\0\x50\x40\0\0\x18\0\0\0\x80\x02\0\0\xb6\x41\
\0\0\x18\0\0\0\xc0\x02\0\0\x24\x44\0\0\x8d\0\0\0\0\x03\0\0\x9a\x27\0\0\x2f\0\0\
\0\x40\x03\0\0\x69\x2b\0\0\x1f\0\0\0\xc0\x03\0\0\x2f\x44\0\0\x0f\0\0\0\0\x04\0\
\0\x3b\x44\0\0\x65\x01\0\0\x40\x04\0\0\x45\x44\0\0\x18\0\0\0\x80\x04\0\0\x4e\
\x44\0\0\x12\0\0\0\xc0\x04\0\0\x57\x44\0\0\x18\0\0\0\0\x05\0\0\x62\x44\0\0\x0f\
\0\0\0\x40\x05\0\0\x6c\x44\0\0\x02\0\0\0\x80\x05\0\0\x79\x44\0\0\x02\0\0\0\xa0\
\x05\0\0\x87\x44\0\0\x1f\0\0\0\xc0\x05\0\0\x96\x44\0\0\x0f\0\0\0\0\x06\0\0\x01\
\x2e\0\0\xce\x02\0\0\x40\x06\0\0\xa6\x44\0\0\x1d\0\0\0\x80\x06\0\0\xb3\x44\0\0\
\x02\0\0\0\xa0\x06\0\0\xc3\x44\0\0\x9b\x02\0\0\xc0\x06\0\0\xcd\x44\0\0\x1c\0\0\
\0\0\x07\0\0\xd6\x44\0\0\xf8\x02\0\0\x40\x07\0\0\xe0\x44\0\0\xf9\x02\0\0\x80\
\x07\0\0\0\0\0\0\0\0\0\x02\x6e\x07\0\0\0\0\0\0\0\0\0\x03\0\0\0\0\x1c\0\0\0\x04\
\0\0\0\0\0\0\0\xeb\x44\0\0\x02\0\0\x04\x18\0\0\0\xeb\x12\0\0\x21\0\0\0\0\0\0\0\
\x47\x14\0\0\xfb\x02\0\0\x80\0\0\0\0\0\0\0\0\0\0\x02\xfc\x02\0\0\0\0\0\0\x01\0\
\0\x0d\0\0\0\0\0\0\0\0\xfd\x02\0\0\0\0\0\0\0\0\0\x02\xfa\x02\0\0\xf4\x44\0\0\
\x03\0\0\x04\x18\0\0\0\x94\x13\0\0\x2f\0\0\0\0\0\0\0\x81\x11\0\0\x3f\0\0\0\x80\
\0\0\0\x0b\x45\0\0\x12\0\0\0\xa0\0\0\0\0\0\0\0\0\0\0\x02\x6f\x07\0\0\x1b\x45\0\
\0\x0c\0\0\x04\x88\0\0\0\x29\x45\0\0\x01\x03\0\0\0\0\0\0\x90\x13\0\0\x66\0\0\0\
\xc0\0\0\0\x2d\x45\0\0\x12\0\0\0\x40\x01\0\0\x3b\x45\0\0\x28\0\0\0\x80\x01\0\0\
\x48\x45\0\0\x4d\x02\0\0\xc0\x01\0\0\xf4\x1d\0\0\x12\0\0\0\0\x02\0\0\xc1\x04\0\
\0\xee\0\0\0\x40\x02\0\0\xdc\x17\0\0\xbf\0\0\0\x80\x02\0\0\x8a\x1f\0\0\x87\x01\
\0\0\xc0\x02\0\0\x53\x45\0\0\x02\0\0\0\0\x03\0\0\x40\x1e\0\0\x6d\x01\0\0\x40\
\x03\0\0\x5a\x45\0\0\x02\0\0\0\0\x04\0\0\x29\x45\0\0\x03\0\0\x04\x18\0\0\0\x6d\
\x45\0\0\xac\x02\0\0\0\0\0\0\x74\x45\0\0\x12\0\0\0\x80\0\0\0\x7d\x45\0\0\x12\0\
\0\0\xa0\0\0\0\0\0\0\0\0\0\0\x02\x03\x03\0\0\0\0\0\0\x01\0\0\x0d\x31\0\0\0\0\0\
\0\0\0\0\0\0\x86\x45\0\0\0\0\0\x08\x05\x03\0\0\0\0\0\0\0\0\0\x02\x06\x03\0\0\0\
\0\0\0\x03\0\0\x0d\0\0\0\0\0\0\0\0\xcf\x01\0\0\0\0\0\0\x07\x03\0\0\0\0\0\0\x13\
\x03\0\0\0\0\0\0\0\0\0\x02\x08\x03\0\0\x9e\x45\0\0\x17\0\0\x04\0\x01\0\0\0\x3f\
\0\0\x31\0\0\0\0\0\0\0\xaf\x45\0\0\x09\x03\0\0\x40\0\0\0\xb3\x45\0\0\x0a\x03\0\
\0\x80\0\0\0\x90\x14\0\0\x31\0\0\0\xc0\0\0\0\x15\x0d\0\0\x0b\x03\0\0\0\x01\0\0\
\xbc\x45\0\0\x31\0\0\0\x40\x01\0\0\xc0\x45\0\0\x0d\x03\0\0\x80\x01\0\0\x19\0\0\
\0\x31\0\0\0\xc0\x01\0\0\xd2\x0b\0\0\x31\0\0\0\0\x02\0\0\xc9\x45\0\0\x0f\x03\0\
\0\x40\x02\0\0\x4e\x1d\0\0\x31\0\0\0\x80\x02\0\0\xe1\x13\0\0\x31\0\0\0\xc0\x02\
\0\0\xd3\x45\0\0\x31\0\0\0\0\x03\0\0\xdd\x45\0\0\x10\x03\0\0\x40\x03\0\0\xe7\
\x45\0\0\x11\x03\0\0\x80\x03\0\0\xf1\x45\0\0\x31\0\0\0\xc0\x03\0\0\xfa\x45\0\0\
\x12\x03\0\0\0\x04\0\0\x04\x46\0\0\x12\x03\0\0\x80\x04\0\0\x0e\x46\0\0\x31\0\0\
\0\0\x05\0\0\x1e\x46\0\0\x31\0\0\0\x40\x05\0\0\xc4\x13\0\0\x31\0\0\0\x80\x05\0\
\0\x28\x46\0\0\x31\0\0\0\xc0\x05\0\0\x37\x46\0\0\x31\0\0\0\0\x06\0\0\0\0\0\0\0\
\0\0\x02\x70\x07\0\0\0\0\0\0\0\0\0\x02\x71\x07\0\0\x46\x46\0\0\x02\0\0\x05\x08\
\0\0\0\xd1\x3e\0\0\x32\0\0\0\0\0\0\0\0\0\0\0\x0c\x03\0\0\0\0\0\0\0\0\0\0\x03\0\
\0\x04\x08\0\0\0\x59\x46\0\0\x11\0\0\0\0\0\0\0\x61\x46\0\0\x26\0\0\0\x20\0\0\0\
\x68\x46\0\0\x26\0\0\0\x30\0\0\0\x6f\x46\0\0\x02\0\0\x05\x08\0\0\0\xc8\x11\0\0\
\x32\0\0\0\0\0\0\0\0\0\0\0\x0e\x03\0\0\0\0\0\0\0\0\0\0\x0a\0\0\x84\x08\0\0\0\
\x81\x46\0\0\x32\0\0\0\0\0\0\x05\x88\x46\0\0\x32\0\0\0\x05\0\0\x0e\x90\x46\0\0\
\x32\0\0\0\x13\0\0\x05\x9a\x46\0\0\x32\0\0\0\x18\0\0\x02\xa3\x46\0\0\x32\0\0\0\
\x1a\0\0\x07\xac\x46\0\0\x32\0\0\0\x21\0\0\x04\xb8\x46\0\0\x32\0\0\0\x25\0\0\
\x01\xc3\x46\0\0\x32\0\0\0\x26\0\0\x02\xce\x46\0\0\x32\0\0\0\x28\0\0\x03\xd6\
\x46\0\0\x32\0\0\0\x2b\0\0\x15\0\0\0\0\x02\0\0\x04\x08\0\0\0\x9f\x04\0\0\x10\0\
\0\0\0\0\0\0\xdf\x46\0\0\x10\0\0\0\x20\0\0\0\0\0\0\0\x02\0\0\x04\x08\0\0\0\xcb\
\0\0\0\x10\0\0\0\0\0\0\0\xe3\x46\0\0\x10\0\0\0\x20\0\0\0\0\0\0\0\0\0\0\x02\x72\
\x07\0\0\xec\x46\0\0\x02\0\0\x04\x10\0\0\0\xf6\x46\0\0\x32\0\0\0\0\0\0\0\xfa\
\x46\0\0\x13\x03\0\0\x40\0\0\0\0\0\0\0\0\0\0\x02\x1b\0\0\0\0\0\0\0\0\0\0\x02\
\x75\x03\0\0\xff\x46\0\0\x0d\0\0\x04\x90\0\0\0\x94\x13\0\0\x2f\0\0\0\0\0\0\0\
\x10\x47\0\0\x16\x03\0\0\x80\0\0\0\0\0\0\0\x17\x03\0\0\xc0\0\0\0\xe9\x3e\0\0\
\x19\x03\0\0\0\x01\0\0\x16\x47\0\0\x21\x01\0\0\x80\x02\0\0\x6b\x26\0\0\x1b\x03\
\0\0\xc0\x02\0\0\0\0\0\0\x1c\x03\0\0\0\x03\0\0\x30\x14\0\0\x1c\0\0\0\x40\x03\0\
\0\xac\0\0\0\x02\0\0\0\x80\x03\0\0\x20\x47\0\0\x02\0\0\0\xa0\x03\0\0\x2e\x47\0\
\0\xa7\0\0\0\xc0\x03\0\0\x3a\x47\0\0\x1d\x03\0\0\0\x04\0\0\x45\x47\0\0\x1e\x03\
\0\0\x40\x04\0\0\0\0\0\0\0\0\0\x02\x2f\x07\0\0\0\0\0\0\x02\0\0\x05\x08\0\0\0\
\xe1\x20\0\0\x21\x01\0\0\0\0\0\0\x4f\x47\0\0\x18\x03\0\0\0\0\0\0\0\0\0\0\0\0\0\
\x02\x2c\x07\0\0\x52\x47\0\0\x04\0\0\x04\x30\0\0\0\xeb\x12\0\0\xf0\0\0\0\0\0\0\
\0\x94\x13\0\0\x2f\0\0\0\x80\0\0\0\x19\0\0\0\x02\0\0\0\0\x01\0\0\x5e\x47\0\0\
\x1a\x03\0\0\x40\x01\0\0\0\0\0\0\0\0\0\x02\x30\x07\0\0\0\0\0\0\0\0\0\x02\x20\
\x03\0\0\0\0\0\0\x02\0\0\x05\x08\0\0\0\xca\x2c\0\0\x1c\0\0\0\0\0\0\0\xcb\x13\0\
\0\x1f\0\0\0\0\0\0\0\0\0\0\0\0\0\0\x02\x73\x03\0\0\0\0\0\0\0\0\0\x02\x1f\x03\0\
\0\0\0\0\0\x02\0\0\x0d\x02\0\0\0\0\0\0\0\x21\x02\0\0\0\0\0\0\xcf\x01\0\0\x64\
\x47\0\0\x02\0\0\x04\x10\0\0\0\x9e\x2c\0\0\x21\x03\0\0\0\0\0\0\x71\x47\0\0\x21\
\x01\0\0\x40\0\0\0\0\0\0\0\0\0\0\x02\x31\x07\0\0\xb7\x2c\0\0\x0b\0\0\x04\xb0\0\
\0\0\x47\x14\0\0\x23\x03\0\0\0\0\0\0\x3b\x0c\0\0\x26\x03\0\0\x40\0\0\0\xac\0\0\
\0\x0f\0\0\0\x80\0\0\0\x97\x22\0\0\x1c\0\0\0\xc0\0\0\0\x7f\x47\0\0\x23\x03\0\0\
\0\x01\0\0\x8a\x47\0\0\x29\x03\0\0\x40\x01\0\0\x95\x47\0\0\x2c\x03\0\0\xc0\x02\
\0\0\x9f\x47\0\0\x29\x03\0\0\0\x03\0\0\xa8\x47\0\0\x0f\0\0\0\x80\x04\0\0\xb3\
\x47\0\0\x0f\0\0\0\xc0\x04\0\0\x94\x13\0\0\x2f\0\0\0\0\x05\0\0\xc3\x47\0\0\0\0\
\0\x08\x24\x03\0\0\0\0\0\0\0\0\0\x02\x25\x03\0\0\0\0\0\0\x04\0\0\x0d\0\0\0\0\0\
\0\0\0\x0f\0\0\0\0\0\0\0\x0f\0\0\0\0\0\0\0\x26\x03\0\0\0\0\0\0\x27\x03\0\0\0\0\
\0\0\0\0\0\x02\x22\x03\0\0\0\0\0\0\0\0\0\x02\x28\x03\0\0\xd1\x47\0\0\x01\0\0\
\x04\xa8\0\0\0\xfa\x46\0\0\x1b\0\0\0\0\0\0\0\xdd\x47\0\0\x03\0\0\x04\x30\0\0\0\
\xed\x47\0\0\x2a\x03\0\0\0\0\0\0\xfa\x47\0\0\x2a\x03\0\0\x40\0\0\0\x06\x48\0\0\
\x92\0\0\0\x80\0\0\0\0\0\0\0\0\0\0\x02\x2b\x03\0\0\x11\x48\0\0\x05\0\0\x04\x30\
\0\0\0\x1d\x48\0\0\x0f\0\0\0\0\0\0\0\x27\x48\0\0\xa7\0\0\0\x40\0\0\0\x31\x1b\0\
\0\x0f\0\0\0\x80\0\0\0\xac\0\0\0\x0f\0\0\0\xc0\0\0\0\x90\x13\0\0\x66\0\0\0\0\
\x01\0\0\0\0\0\0\0\0\0\x02\x29\x03\0\0\0\0\0\0\0\0\0\x03\0\0\0\0\xcf\x01\0\0\
\x04\0\0\0\x04\0\0\0\0\0\0\0\0\0\0\x02\xba\x07\0\0\xbf\x29\0\0\x03\0\0\x04\x40\
\x10\0\0\x21\x43\0\0\x12\0\0\0\0\0\0\0\x2f\x48\0\0\x0f\0\0\0\x40\0\0\0\x0b\x13\
\0\0\x30\x03\0\0\0\x02\0\0\x40\x48\0\0\x05\0\0\x05\0\x10\0\0\x4d\x48\0\0\x31\
\x03\0\0\0\0\0\0\x53\x48\0\0\x33\x03\0\0\0\0\0\0\x5a\x48\0\0\x3b\x03\0\0\0\0\0\
\0\x5f\x48\0\0\x3d\x03\0\0\0\0\0\0\x65\x48\0\0\x41\x03\0\0\0\0\0\0\x6f\x48\0\0\
\x09\0\0\x04\x70\0\0\0\x7b\x48\0\0\x10\0\0\0\0\0\0\0\x7f\x48\0\0\x10\0\0\0\x20\
\0\0\0\x83\x48\0\0\x10\0\0\0\x40\0\0\0\x87\x48\0\0\x10\0\0\0\x60\0\0\0\x8b\x48\
\0\0\x10\0\0\0\x80\0\0\0\x8f\x48\0\0\x10\0\0\0\xa0\0\0\0\x93\x48\0\0\x10\0\0\0\
\xc0\0\0\0\x97\x48\0\0\x32\x03\0\0\xe0\0\0\0\x0c\x0b\0\0\x10\0\0\0\x60\x03\0\0\
\0\0\0\0\0\0\0\x03\0\0\0\0\x10\0\0\0\x04\0\0\0\x14\0\0\0\xa0\x48\0\0\x0b\0\0\
\x04\0\x02\0\0\x7b\x48\0\0\x25\0\0\0\0\0\0\0\x7f\x48\0\0\x25\0\0\0\x10\0\0\0\
\x83\x48\0\0\x25\0\0\0\x20\0\0\0\xad\x48\0\0\x25\0\0\0\x30\0\0\0\0\0\0\0\x34\
\x03\0\0\x40\0\0\0\xb1\x48\0\0\x10\0\0\0\xc0\0\0\0\xb7\x48\0\0\x10\0\0\0\xe0\0\
\0\0\x97\x48\0\0\x37\x03\0\0\0\x01\0\0\xc2\x48\0\0\x38\x03\0\0\0\x05\0\0\xb0\
\x43\0\0\x39\x03\0\0\0\x0d\0\0\0\0\0\0\x3a\x03\0\0\x80\x0e\0\0\0\0\0\0\x02\0\0\
\x05\x10\0\0\0\0\0\0\0\x35\x03\0\0\0\0\0\0\0\0\0\0\x36\x03\0\0\0\0\0\0\0\0\0\0\
\x02\0\0\x04\x10\0\0\0\xcc\x48\0\0\x31\0\0\0\0\0\0\0\xd0\x48\0\0\x31\0\0\0\x40\
\0\0\0\0\0\0\0\x04\0\0\x04\x10\0\0\0\x87\x48\0\0\x10\0\0\0\0\0\0\0\x8b\x48\0\0\
\x10\0\0\0\x20\0\0\0\x8f\x48\0\0\x10\0\0\0\x40\0\0\0\x93\x48\0\0\x10\0\0\0\x60\
\0\0\0\0\0\0\0\0\0\0\x03\0\0\0\0\x10\0\0\0\x04\0\0\0\x20\0\0\0\0\0\0\0\0\0\0\
\x03\0\0\0\0\x10\0\0\0\x04\0\0\0\x40\0\0\0\0\0\0\0\0\0\0\x03\0\0\0\0\x10\0\0\0\
\x04\0\0\0\x0c\0\0\0\0\0\0\0\x02\0\0\x05\x30\0\0\0\xd4\x48\0\0\x39\x03\0\0\0\0\
\0\0\xdd\x48\0\0\x39\x03\0\0\0\0\0\0\xe9\x48\0\0\x10\0\0\x04\x88\0\0\0\x7b\x48\
\0\0\x10\0\0\0\0\0\0\0\x7f\x48\0\0\x10\0\0\0\x20\0\0\0\x83\x48\0\0\x10\0\0\0\
\x40\0\0\0\x87\x48\0\0\x10\0\0\0\x60\0\0\0\x8b\x48\0\0\x10\0\0\0\x80\0\0\0\x8f\
\x48\0\0\x10\0\0\0\xa0\0\0\0\x93\x48\0\0\x10\0\0\0\xc0\0\0\0\x97\x48\0\0\x32\
\x03\0\0\xe0\0\0\0\xf6\x48\0\0\x45\0\0\0\x60\x03\0\0\xfb\x48\0\0\x45\0\0\0\x68\
\x03\0\0\x03\x49\0\0\x45\0\0\0\x70\x03\0\0\x0d\x49\0\0\x45\0\0\0\x78\x03\0\0\
\x17\x49\0\0\x45\0\0\0\x80\x03\0\0\x1a\x49\0\0\x45\0\0\0\x88\x03\0\0\x10\x23\0\
\0\x3c\x03\0\0\xc0\x03\0\0\x21\x49\0\0\x10\0\0\0\0\x04\0\0\0\0\0\0\0\0\0\x02\
\xbb\x07\0\0\x2b\x49\0\0\x03\0\0\x04\x40\x02\0\0\x37\x49\0\0\x33\x03\0\0\0\0\0\
\0\x5b\x25\0\0\x3e\x03\0\0\0\x10\0\0\x3c\x49\0\0\x40\x03\0\0\0\x12\0\0\x50\x49\
\0\0\x03\0\0\x04\x40\0\0\0\x5e\x49\0\0\x31\0\0\0\0\0\0\0\x68\x49\0\0\x31\0\0\0\
\x40\0\0\0\xe3\x46\0\0\x3f\x03\0\0\x80\0\0\0\0\0\0\0\0\0\0\x03\0\0\0\0\x31\0\0\
\0\x04\0\0\0\x06\0\0\0\0\0\0\0\0\0\0\x03\0\0\0\0\x45\0\0\0\x04\0\0\0\0\0\0\0\0\
\0\0\0\0\0\0\x03\0\0\0\0\x45\0\0\0\x04\0\0\0\0\x10\0\0\x56\x06\0\0\x09\0\0\x04\
\x48\0\0\0\x31\x1b\0\0\x1f\0\0\0\0\0\0\0\x2e\x50\0\0\x43\x03\0\0\x40\0\0\0\x35\
\x50\0\0\x44\x03\0\0\x80\0\0\0\x3c\x50\0\0\x45\x03\0\0\xc0\0\0\0\x43\x50\0\0\
\xee\0\0\0\0\x01\0\0\x57\x50\0\0\x46\x03\0\0\x40\x01\0\0\x5e\x50\0\0\x47\x03\0\
\0\x80\x01\0\0\x66\x50\0\0\x47\x03\0\0\xc0\x01\0\0\x7b\x50\0\0\x4a\x03\0\0\0\
\x02\0\0\0\0\0\0\0\0\0\x02\xd6\x06\0\0\0\0\0\0\0\0\0\x02\x92\x03\0\0\0\0\0\0\0\
\0\0\x02\x4b\x03\0\0\0\0\0\0\0\0\0\x02\x53\x04\0\0\0\0\0\0\0\0\0\x02\x48\x03\0\
\0\x85\x50\0\0\x06\0\0\x04\x58\0\0\0\xdc\x17\0\0\xbf\0\0\0\0\0\0\0\x8a\x1f\0\0\
\x87\x01\0\0\x40\0\0\0\x40\x1e\0\0\x6d\x01\0\0\x80\0\0\0\x94\x50\0\0\x49\x03\0\
\0\x40\x01\0\0\x9c\x50\0\0\xbf\x01\0\0\x40\x02\0\0\xa6\x50\0\0\x7a\0\0\0\x80\
\x02\0\0\xb5\x50\0\0\x02\0\0\x04\x20\0\0\0\xc4\x50\0\0\xf6\x01\0\0\0\0\0\0\xce\
\x50\0\0\xf6\x01\0\0\x80\0\0\0\0\0\0\0\0\0\0\x02\x4d\x03\0\0\x22\x51\0\0\x0b\0\
\0\x04\x78\0\0\0\x40\x1e\0\0\x6d\x01\0\0\0\0\0\0\x1e\x24\0\0\x4c\x03\0\0\xc0\0\
\0\0\x94\x13\0\0\x2f\0\0\0\0\x01\0\0\x30\x51\0\0\x8d\0\0\0\x80\x01\0\0\xdc\x17\
\0\0\xbf\0\0\0\xc0\x01\0\0\x8a\x1f\0\0\x87\x01\0\0\0\x02\0\0\x38\x51\0\0\x31\0\
\0\0\x40\x02\0\0\x3c\x1d\0\0\xeb\0\0\0\x80\x02\0\0\xe9\x3e\0\0\x31\0\0\0\x40\
\x03\0\0\x3c\x51\0\0\x12\0\0\0\x80\x03\0\0\x43\x51\0\0\x12\0\0\0\xa0\x03\0\0\0\
\0\0\0\0\0\0\x02\xeb\x06\0\0\xa2\x51\0\0\x04\0\0\x04\x30\0\0\0\x40\x1e\0\0\x6d\
\x01\0\0\0\0\0\0\xdc\x17\0\0\xbf\0\0\0\xc0\0\0\0\x8a\x1f\0\0\x87\x01\0\0\0\x01\
\0\0\xb3\x51\0\0\xae\x01\0\0\x40\x01\0\0\xbd\x51\0\0\x16\0\0\x04\xa8\x01\0\0\
\xc5\x51\0\0\x4f\x03\0\0\0\0\0\0\x11\x28\0\0\x1d\0\0\0\xc0\x01\0\0\xcc\x51\0\0\
\xae\x01\0\0\0\x02\0\0\xd5\x51\0\0\x59\0\0\0\x40\x02\0\0\xde\x51\0\0\x02\0\0\0\
\x80\x02\0\0\x24\x03\0\0\x2f\0\0\0\xc0\x02\0\0\xe7\x51\0\0\x2f\0\0\0\x40\x03\0\
\0\xf0\x51\0\0\x2f\0\0\0\xc0\x03\0\0\xfc\x51\0\0\x2f\0\0\0\x40\x04\0\0\x07\x52\
\0\0\x5d\x03\0\0\xc0\x04\0\0\x13\x52\0\0\x2f\0\0\0\x40\x08\0\0\x22\x52\0\0\x2f\
\0\0\0\xc0\x08\0\0\x36\x52\0\0\xf0\0\0\0\x40\x09\0\0\x3c\x52\0\0\x2f\0\0\0\xc0\
\x09\0\0\x47\x52\0\0\x2f\0\0\0\x40\x0a\0\0\x5b\x52\0\0\x2f\0\0\0\xc0\x0a\0\0\
\x6f\x52\0\0\x2f\0\0\0\x40\x0b\0\0\x77\x52\0\0\x59\0\0\0\xc0\x0b\0\0\x83\x52\0\
\0\x59\0\0\0\0\x0c\0\0\x8f\x52\0\0\xae\x01\0\0\x40\x0c\0\0\x9b\x52\0\0\x7a\0\0\
\0\x80\x0c\0\0\x82\x14\0\0\x66\0\0\0\xc0\x0c\0\0\0\0\0\0\0\0\0\x03\0\0\0\0\x6b\
\0\0\0\x04\0\0\0\x07\0\0\0\xc4\x13\0\0\x26\0\0\x04\x90\x08\0\0\xa0\x52\0\0\x58\
\0\0\0\0\0\0\0\xac\0\0\0\x0f\0\0\0\x40\x06\0\0\xf4\x1d\0\0\x02\0\0\0\x80\x06\0\
\0\xa5\x52\0\0\x02\0\0\0\xa0\x06\0\0\xaf\x52\0\0\x02\0\0\0\xc0\x06\0\0\xbe\x52\
\0\0\x02\0\0\0\xe0\x06\0\0\xd3\x52\0\0\x02\0\0\0\0\x07\0\0\xe3\x52\0\0\x02\0\0\
\0\x20\x07\0\0\xf6\x52\0\0\x02\0\0\0\x40\x07\0\0\x13\x53\0\0\x02\0\0\0\x60\x07\
\0\0\x32\x53\0\0\x02\0\0\0\x80\x07\0\0\x47\x53\0\0\xde\x01\0\0\xc0\x07\0\0\x4a\
\x53\0\0\x5b\x03\0\0\0\x08\0\0\x55\x53\0\0\x5b\x03\0\0\xc0\x09\0\0\x61\x53\0\0\
\x25\0\0\0\x80\x0b\0\0\x71\x53\0\0\x25\0\0\0\x90\x0b\0\0\x81\x53\0\0\x25\0\0\0\
\xa0\x0b\0\0\x95\x53\0\0\x25\0\0\0\xb0\x0b\0\0\xc5\x51\0\0\x4f\x03\0\0\xc0\x0b\
\0\0\x1e\x24\0\0\x5c\x03\0\0\x80\x0d\0\0\xa9\x53\0\0\x2f\0\0\0\xc0\x0d\0\0\xb4\
\x53\0\0\x5d\x03\0\0\x40\x0e\0\0\xbc\x53\0\0\x59\0\0\0\xc0\x11\0\0\xc5\x53\0\0\
\x59\0\0\0\0\x12\0\0\xd2\x53\0\0\x5e\x03\0\0\x40\x12\0\0\xdc\x53\0\0\x2f\0\0\0\
\x80\x12\0\0\xeb\x53\0\0\x5f\x03\0\0\0\x13\0\0\xf6\x53\0\0\x5f\x03\0\0\xc0\x13\
\0\0\x71\x05\0\0\xf5\0\0\0\x80\x14\0\0\xfc\x53\0\0\x2f\0\0\0\x40\x15\0\0\x05\
\x54\0\0\x92\0\0\0\xc0\x15\0\0\x13\x54\0\0\xeb\0\0\0\xc0\x16\0\0\x21\x54\0\0\
\x5d\0\0\0\x80\x17\0\0\x34\x54\0\0\x61\x03\0\0\x80\x18\0\0\x38\x54\0\0\x72\x03\
\0\0\x40\x2d\0\0\x3c\x54\0\0\x1f\0\0\0\xc0\x43\0\0\x4d\x54\0\0\x90\x03\0\0\xe0\
\x43\0\0\x55\x54\0\0\x91\x03\0\0\x80\x44\0\0\x62\x54\0\0\x0d\0\0\x04\x80\0\0\0\
\x31\x1b\0\0\x1f\0\0\0\0\0\0\0\xf4\x3a\0\0\x1f\0\0\0\x20\0\0\0\xc1\x04\0\0\xde\
\x01\0\0\x40\0\0\0\xe1\x20\0\0\xcc\0\0\0\x80\0\0\0\x2a\0\0\0\x2d\0\0\0\xc0\0\0\
\0\x40\x1e\0\0\x24\x01\0\0\x80\x01\0\0\xa3\x20\0\0\x12\0\0\0\xc0\x01\0\0\0\0\0\
\0\x52\x03\0\0\0\x02\0\0\x6e\x54\0\0\x1c\0\0\0\0\x03\0\0\xe1\x13\0\0\x31\0\0\0\
\x40\x03\0\0\xac\0\0\0\x27\0\0\0\x80\x03\0\0\xe3\x25\0\0\x7c\x01\0\0\x90\x03\0\
\0\x73\x54\0\0\x5a\x03\0\0\xc0\x03\0\0\0\0\0\0\x03\0\0\x05\x20\0\0\0\x4f\x25\0\
\0\x53\x03\0\0\0\0\0\0\x79\x54\0\0\x55\x03\0\0\0\0\0\0\xd6\x2a\0\0\x56\x03\0\0\
\0\0\0\0\x81\x54\0\0\x04\0\0\x04\x20\0\0\0\x91\x54\0\0\x0f\0\0\0\0\0\0\0\xc8\
\x04\0\0\x3b\0\0\0\x40\0\0\0\x1e\x24\0\0\x54\x03\0\0\x80\0\0\0\x99\x54\0\0\x0f\
\0\0\0\xc0\0\0\0\0\0\0\0\0\0\0\x02\xe5\x06\0\0\x9d\x54\0\0\x01\0\0\x04\x08\0\0\
\0\xb1\x54\0\0\xde\x01\0\0\0\0\0\0\xbb\x54\0\0\x04\0\0\x04\x20\0\0\0\x30\x25\0\
\0\x57\x03\0\0\0\0\0\0\xc1\x32\0\0\x59\x03\0\0\x40\0\0\0\xe0\x1a\0\0\x94\0\0\0\
\x80\0\0\0\xcc\x54\0\0\xde\x01\0\0\xc0\0\0\0\0\0\0\0\0\0\0\x02\x58\x03\0\0\0\0\
\0\0\0\0\0\x0a\x4a\x07\0\0\0\0\0\0\0\0\0\x02\x4b\x07\0\0\0\0\0\0\0\0\0\x02\x4c\
\x07\0\0\xd8\x54\0\0\x03\0\0\x04\x38\0\0\0\x47\x53\0\0\xde\x01\0\0\0\0\0\0\xe4\
\x54\0\0\x0f\0\0\0\x40\0\0\0\xf0\x54\0\0\xc4\x01\0\0\x80\0\0\0\0\0\0\0\0\0\0\
\x02\x4d\x07\0\0\0\0\0\0\0\0\0\x03\0\0\0\0\x2f\0\0\0\x04\0\0\0\x07\0\0\0\0\0\0\
\0\0\0\0\x02\x4e\x07\0\0\xfd\x54\0\0\x01\0\0\x04\x18\0\0\0\x0e\x55\0\0\x60\x03\
\0\0\0\0\0\0\x16\x55\0\0\x03\0\0\x04\x18\0\0\0\x65\x05\0\0\x31\0\0\0\0\0\0\0\
\x5f\x05\0\0\x31\0\0\0\x40\0\0\0\x9a\x0c\0\0\x0a\0\0\0\x80\0\0\0\x23\x55\0\0\
\x14\0\0\x04\x98\x02\0\0\x2d\x55\0\0\x92\0\0\0\0\0\0\0\x37\x55\0\0\x62\x03\0\0\
\0\x01\0\0\x3c\x55\0\0\x3f\x03\0\0\x40\x01\0\0\x46\x55\0\0\x31\0\0\0\xc0\x02\0\
\0\x56\x55\0\0\x31\0\0\0\0\x03\0\0\x66\x55\0\0\x63\x03\0\0\x40\x03\0\0\x70\x55\
\0\0\x6f\x03\0\0\0\x06\0\0\x05\x0d\0\0\x70\x03\0\0\0\x09\0\0\x76\x55\0\0\x28\0\
\0\0\x80\x0d\0\0\x80\x55\0\0\xc4\x01\0\0\xc0\x0d\0\0\x8b\x55\0\0\xeb\0\0\0\0\
\x0f\0\0\x95\x55\0\0\x1f\0\0\0\xc0\x0f\0\0\xa1\x55\0\0\x92\0\0\0\0\x10\0\0\xae\
\x55\0\0\x2f\0\0\0\0\x11\0\0\xb7\x55\0\0\x71\x03\0\0\x80\x11\0\0\xc3\x55\0\0\
\x10\0\0\0\x40\x12\0\0\xcf\x55\0\0\x31\0\0\0\x80\x12\0\0\xdf\x55\0\0\x3f\x03\0\
\0\xc0\x12\0\0\xed\x55\0\0\x31\0\0\0\x40\x14\0\0\x01\x56\0\0\x31\0\0\0\x80\x14\
\0\0\0\0\0\0\0\0\0\x02\x4f\x07\0\0\x0f\x56\0\0\x04\0\0\x04\x58\0\0\0\x7a\x14\0\
\0\x5d\0\0\0\0\0\0\0\x1c\x56\0\0\xc4\x01\0\0\0\x01\0\0\x7f\x14\0\0\x6a\0\0\0\
\x40\x02\0\0\xcb\0\0\0\x02\0\0\0\x80\x02\0\0\x22\x56\0\0\x15\0\0\x04\x40\x01\0\
\0\x33\x56\0\0\x2f\0\0\0\0\0\0\0\x94\x13\0\0\x2f\0\0\0\x80\0\0\0\xc5\x19\0\0\
\x92\0\0\0\0\x01\0\0\x38\x56\0\0\x02\0\0\0\0\x02\0\0\x43\x56\0\0\x02\0\0\0\x20\
\x02\0\0\x4f\x56\0\0\x1f\0\0\0\x40\x02\0\0\x60\x56\0\0\x65\x03\0\0\x80\x02\0\0\
\x6e\x56\0\0\x2f\0\0\0\xc0\x02\0\0\x7c\x56\0\0\x2f\0\0\0\x40\x03\0\0\x8d\x56\0\
\0\x2f\0\0\0\xc0\x03\0\0\x95\x56\0\0\x66\x03\0\0\x40\x04\0\0\x9d\x56\0\0\x02\0\
\0\0\x80\x04\0\0\xa9\x56\0\0\x02\0\0\0\xa0\x04\0\0\xba\x56\0\0\x67\x03\0\0\xc0\
\x04\0\0\xc8\x56\0\0\x68\x03\0\0\0\x05\0\0\xd0\x56\0\0\x69\x03\0\0\x40\x05\0\0\
\xe1\x20\0\0\x6a\x03\0\0\x80\x05\0\0\x90\x13\0\0\x66\0\0\0\x40\x06\0\0\xac\0\0\
\0\x12\0\0\0\0\x08\0\0\xd7\x56\0\0\x68\x03\0\0\x40\x08\0\0\xe0\x56\0\0\x6e\x03\
\0\0\x80\x08\0\0\0\0\0\0\0\0\0\x02\x01\x07\0\0\0\0\0\0\0\0\0\x02\x02\x07\0\0\0\
\0\0\0\0\0\0\x02\x04\x07\0\0\0\0\0\0\0\0\0\x02\x6b\x03\0\0\0\0\0\0\0\0\0\x02\
\x05\x07\0\0\0\0\0\0\0\0\0\x03\0\0\0\0\xce\0\0\0\x04\0\0\0\x18\0\0\0\xed\x56\0\
\0\x0d\0\0\x04\0\x01\0\0\xfc\x56\0\0\x6c\x03\0\0\0\0\0\0\x7f\x14\0\0\x6a\0\0\0\
\x40\0\0\0\x38\x56\0\0\x02\0\0\0\x80\0\0\0\x43\x56\0\0\x02\0\0\0\xa0\0\0\0\xcb\
\x13\0\0\x02\0\0\0\xc0\0\0\0\x01\x57\0\0\x6d\x03\0\0\xe0\0\0\0\xcd\x27\0\0\x02\
\0\0\0\xe0\x02\0\0\x0e\x57\0\0\x02\0\0\0\0\x03\0\0\x19\x57\0\0\x2f\0\0\0\x40\
\x03\0\0\x28\x57\0\0\x2f\0\0\0\xc0\x03\0\0\x32\x57\0\0\x2f\0\0\0\x40\x04\0\0\
\x3e\x57\0\0\x5d\0\0\0\xc0\x04\0\0\x90\x13\0\0\x66\0\0\0\xc0\x05\0\0\0\0\0\0\0\
\0\0\x02\x03\x07\0\0\0\0\0\0\0\0\0\x03\0\0\0\0\x02\0\0\0\x04\0\0\0\x10\0\0\0\0\
\0\0\0\0\0\0\x03\0\0\0\0\x68\x03\0\0\x04\0\0\0\0\0\0\0\0\0\0\0\0\0\0\x03\0\0\0\
\0\x31\0\0\0\x04\0\0\0\x0c\0\0\0\0\0\0\0\0\0\0\x03\0\0\0\0\x0f\0\0\0\x04\0\0\0\
\x12\0\0\0\0\0\0\0\0\0\0\x03\0\0\0\0\x10\0\0\0\x04\0\0\0\x06\0\0\0\x53\x57\0\0\
\x07\0\0\x04\xd0\x02\0\0\x5e\x57\0\0\x8d\x03\0\0\0\0\0\0\x68\x57\0\0\x8e\x03\0\
\0\xc0\x05\0\0\xac\0\0\0\x8f\x03\0\0\x40\x11\0\0\x6e\x57\0\0\x2f\0\0\0\x40\x14\
\0\0\x77\x57\0\0\x1d\x03\0\0\xc0\x14\0\0\xcb\x13\0\0\x5b\0\0\0\0\x15\0\0\x80\
\x57\0\0\x5d\0\0\0\x80\x15\0\0\x8d\x57\0\0\x02\0\0\x04\x10\0\0\0\x90\x13\0\0\
\x66\0\0\0\0\0\0\0\x9c\x57\0\0\x8c\x03\0\0\x80\0\0\0\xa2\x57\0\0\x02\0\0\x04\
\x18\0\0\0\x9e\x2c\0\0\x14\x03\0\0\0\0\0\0\0\0\0\0\x84\x03\0\0\x40\0\0\0\xb6\
\x57\0\0\x19\0\0\x84\x48\0\0\0\xda\x39\0\0\x25\0\0\0\0\0\0\0\xbf\x57\0\0\x25\0\
\0\0\x10\0\0\x01\xc5\x57\0\0\x25\0\0\0\x11\0\0\x01\xd3\x57\0\0\x25\0\0\0\x12\0\
\0\x01\xe2\x57\0\0\x25\0\0\0\x13\0\0\x01\xec\x57\0\0\x25\0\0\0\x14\0\0\x01\xf7\
\x57\0\0\x25\0\0\0\x15\0\0\x01\xff\x57\0\0\x25\0\0\0\x16\0\0\x01\x07\x58\0\0\
\x25\0\0\0\x17\0\0\x01\x17\x58\0\0\x25\0\0\0\x18\0\0\x01\x29\x58\0\0\x25\0\0\0\
\x19\0\0\x01\x46\x58\0\0\x25\0\0\0\x1a\0\0\x01\x55\x58\0\0\x25\0\0\0\x1b\0\0\
\x01\x19\0\0\0\x76\x03\0\0\x20\0\0\0\x66\x58\0\0\x77\x03\0\0\x40\0\0\0\x98\x26\
\0\0\x10\0\0\0\x60\0\0\0\x7b\x58\0\0\x10\0\0\0\x80\0\0\0\x85\x58\0\0\x78\x03\0\
\0\xa0\0\0\0\x89\x58\0\0\x79\x03\0\0\0\x01\0\0\xf4\x3a\0\0\xf4\0\0\0\x40\x01\0\
\0\x8f\x58\0\0\x7a\x03\0\0\x80\x01\0\0\x98\x58\0\0\x7f\x03\0\0\xc0\x01\0\0\x9c\
\x58\0\0\x80\x03\0\0\0\x02\0\0\xa6\x58\0\0\x82\x03\0\0\x40\x02\0\0\xac\x58\0\0\
\x83\x03\0\0\x40\x02\0\0\xb3\x58\0\0\x20\0\0\x06\x04\0\0\0\xc1\x58\0\0\0\0\0\0\
\xd6\x58\0\0\x01\0\0\0\xf2\x58\0\0\x02\0\0\0\x07\x59\0\0\x03\0\0\0\x1f\x59\0\0\
\x04\0\0\0\x37\x59\0\0\x05\0\0\0\x50\x59\0\0\x06\0\0\0\x62\x59\0\0\x07\0\0\0\
\x7b\x59\0\0\x08\0\0\0\x94\x59\0\0\x09\0\0\0\xae\x59\0\0\x0a\0\0\0\xc3\x59\0\0\
\x0b\0\0\0\xd9\x59\0\0\x0c\0\0\0\xf0\x59\0\0\x0d\0\0\0\x07\x5a\0\0\x0e\0\0\0\
\x1c\x5a\0\0\x0f\0\0\0\x38\x5a\0\0\x10\0\0\0\x4d\x5a\0\0\x11\0\0\0\x6a\x5a\0\0\
\x12\0\0\0\x89\x5a\0\0\x13\0\0\0\xa5\x5a\0\0\x14\0\0\0\xbe\x5a\0\0\x15\0\0\0\
\xd9\x5a\0\0\x16\0\0\0\xf6\x5a\0\0\x17\0\0\0\x12\x5b\0\0\x18\0\0\0\x38\x5b\0\0\
\x19\0\0\0\x55\x5b\0\0\x1a\0\0\0\x6b\x5b\0\0\x1b\0\0\0\x84\x5b\0\0\x1c\0\0\0\
\x96\x5b\0\0\x1d\0\0\0\xa8\x5b\0\0\x1e\0\0\0\xc0\x5b\0\0\x1f\0\0\0\xd6\x5b\0\0\
\x2b\0\0\x06\x04\0\0\0\xe6\x5b\0\0\0\0\0\0\xfe\x5b\0\0\x01\0\0\0\x15\x5c\0\0\
\x02\0\0\0\x31\x5c\0\0\x03\0\0\0\x45\x5c\0\0\x04\0\0\0\x5e\x5c\0\0\x05\0\0\0\
\x78\x5c\0\0\x06\0\0\0\x8a\x5c\0\0\x07\0\0\0\x9d\x5c\0\0\x08\0\0\0\xb3\x5c\0\0\
\x09\0\0\0\xc9\x5c\0\0\x0a\0\0\0\xe2\x5c\0\0\x0b\0\0\0\xfb\x5c\0\0\x0c\0\0\0\
\x16\x5d\0\0\x0d\0\0\0\x31\x5d\0\0\x0e\0\0\0\x49\x5d\0\0\x0f\0\0\0\x61\x5d\0\0\
\x10\0\0\0\x70\x5d\0\0\x11\0\0\0\x83\x5d\0\0\x12\0\0\0\x95\x5d\0\0\x13\0\0\0\
\xad\x5d\0\0\x14\0\0\0\xc5\x5d\0\0\x15\0\0\0\xdb\x5d\0\0\x16\0\0\0\xf1\x5d\0\0\
\x17\0\0\0\x02\x5e\0\0\x18\0\0\0\x13\x5e\0\0\x19\0\0\0\x23\x5e\0\0\x1a\0\0\0\
\x35\x5e\0\0\x1b\0\0\0\x41\x5e\0\0\x1c\0\0\0\x50\x5e\0\0\x1d\0\0\0\x6d\x5e\0\0\
\x1e\0\0\0\x8a\x5e\0\0\x1f\0\0\0\xa7\x5e\0\0\x20\0\0\0\xc4\x5e\0\0\x21\0\0\0\
\xd3\x5e\0\0\x22\0\0\0\xf0\x5e\0\0\x23\0\0\0\xff\x5e\0\0\x24\0\0\0\x0d\x5f\0\0\
\x25\0\0\0\x15\x5f\0\0\x26\0\0\0\x28\x5f\0\0\x27\0\0\0\x40\x5f\0\0\x28\0\0\0\
\x63\x5f\0\0\x29\0\0\0\x72\x5f\0\0\x2a\0\0\0\0\0\0\0\0\0\0\x03\0\0\0\0\x45\0\0\
\0\x04\0\0\0\x08\0\0\0\0\0\0\0\0\0\0\x02\x1b\x07\0\0\0\0\0\0\0\0\0\x02\x7b\x03\
\0\0\0\0\0\0\x02\0\0\x0d\x12\0\0\0\0\0\0\0\x24\x01\0\0\0\0\0\0\x7c\x03\0\0\0\0\
\0\0\0\0\0\x02\x7d\x03\0\0\0\0\0\0\0\0\0\x0a\x7e\x03\0\0\x88\x5f\0\0\x05\0\0\
\x84\x08\0\0\0\x91\x5f\0\0\x46\0\0\0\0\0\0\0\x96\x5f\0\0\x46\0\0\0\x08\0\0\x04\
\x9e\x5f\0\0\x46\0\0\0\x0c\0\0\x04\xa6\x5f\0\0\xbb\0\0\0\x10\0\0\0\xaa\x5f\0\0\
\x08\x01\0\0\x20\0\0\0\0\0\0\0\0\0\0\x02\x1c\x07\0\0\0\0\0\0\0\0\0\x02\x23\x07\
\0\0\xae\x5f\0\0\x04\0\0\x04\x08\0\0\0\x91\x5f\0\0\x26\0\0\0\0\0\0\0\xba\x5f\0\
\0\x46\0\0\0\x10\0\0\0\xbd\x5f\0\0\x46\0\0\0\x18\0\0\0\xc0\x5f\0\0\x11\0\0\0\
\x20\0\0\0\0\0\0\0\0\0\0\x03\0\0\0\0\x81\x03\0\0\x04\0\0\0\0\0\0\0\0\0\0\0\0\0\
\0\x03\0\0\0\0\x7e\x03\0\0\x04\0\0\0\0\0\0\0\0\0\0\0\x02\0\0\x05\x10\0\0\0\xc2\
\x5f\0\0\x8b\x03\0\0\0\0\0\0\xa3\x2c\0\0\x31\0\0\0\0\0\0\0\0\0\0\0\0\0\0\x02\
\x86\x03\0\0\xd1\x5f\0\0\x07\0\0\x04\x68\0\0\0\0\0\0\0\x87\x03\0\0\0\0\0\0\xe4\
\x5f\0\0\x89\x03\0\0\x40\0\0\0\xde\x1f\0\0\x8a\x03\0\0\x80\0\0\0\xe8\x5f\0\0\
\x2f\0\0\0\0\x01\0\0\xf1\x5f\0\0\x2f\0\0\0\x80\x01\0\0\xeb\x12\0\0\x2d\0\0\0\0\
\x02\0\0\x90\x13\0\0\x66\0\0\0\xc0\x02\0\0\0\0\0\0\x02\0\0\x05\x08\0\0\0\x67\
\x22\0\0\x88\x03\0\0\0\0\0\0\xf9\x5f\0\0\x1c\0\0\0\0\0\0\0\0\0\0\0\0\0\0\x02\
\x6b\x07\0\0\0\0\0\0\0\0\0\x02\x6c\x07\0\0\x04\x60\0\0\x02\0\0\x04\x10\0\0\0\
\x1b\x60\0\0\x32\0\0\0\0\0\0\0\x2b\x60\0\0\x11\0\0\0\x40\0\0\0\0\0\0\0\0\0\0\
\x03\0\0\0\0\x85\x03\0\0\x04\0\0\0\x02\0\0\0\0\0\0\0\0\0\0\x03\0\0\0\0\x74\x03\
\0\0\x04\0\0\0\0\0\0\0\0\0\0\0\0\0\0\x03\0\0\0\0\x1d\x03\0\0\x04\0\0\0\x17\0\0\
\0\0\0\0\0\0\0\0\x03\0\0\0\0\x2f\0\0\0\x04\0\0\0\x17\0\0\0\0\0\0\0\0\0\0\x03\0\
\0\0\0\x10\0\0\0\x04\0\0\0\x17\0\0\0\x37\x60\0\0\x04\0\0\x04\x10\0\0\0\x4c\x60\
\0\0\x7a\0\0\0\0\0\0\0\x53\x60\0\0\x02\0\0\0\x20\0\0\0\x5c\x60\0\0\x02\0\0\0\
\x40\0\0\0\x72\x60\0\0\x02\0\0\0\x60\0\0\0\0\0\0\0\0\0\0\x03\0\0\0\0\x31\0\0\0\
\x04\0\0\0\0\0\0\0\xc6\x60\0\0\x19\0\0\x04\x38\x03\0\0\xd4\x60\0\0\xa1\x03\0\0\
\0\0\0\0\xd8\x60\0\0\xd6\0\0\0\x40\x14\0\0\xe1\x60\0\0\x02\0\0\0\xc0\x14\0\0\
\xeb\x60\0\0\x12\0\0\0\xe0\x14\0\0\xf6\x60\0\0\x12\0\0\0\0\x15\0\0\x01\x61\0\0\
\x12\0\0\0\x20\x15\0\0\x0c\x61\0\0\x1f\0\0\0\x40\x15\0\0\x16\x61\0\0\x1f\0\0\0\
\x60\x15\0\0\x1f\x61\0\0\x18\x01\0\0\x80\x15\0\0\x2a\x61\0\0\x18\x01\0\0\xc0\
\x15\0\0\x35\x61\0\0\x0f\0\0\0\0\x16\0\0\x3d\x61\0\0\x02\0\0\0\x40\x16\0\0\x48\
\x61\0\0\x02\0\0\0\x60\x16\0\0\x58\x61\0\0\xa2\x03\0\0\x80\x16\0\0\x61\x61\0\0\
\x88\0\0\0\x40\x17\0\0\x68\x61\0\0\x12\0\0\0\x80\x17\0\0\x78\x61\0\0\x12\0\0\0\
\xa0\x17\0\0\x86\x61\0\0\x12\0\0\0\xc0\x17\0\0\x91\x61\0\0\x12\0\0\0\xe0\x17\0\
\0\xa0\x61\0\0\x12\0\0\0\0\x18\0\0\xaf\x61\0\0\x12\0\0\0\x20\x18\0\0\xdc\x17\0\
\0\xbf\0\0\0\x40\x18\0\0\x8a\x1f\0\0\x87\x01\0\0\x80\x18\0\0\xc2\x61\0\0\x22\0\
\0\0\xc0\x18\0\0\x40\x1e\0\0\x6d\x01\0\0\0\x19\0\0\xcc\x61\0\0\x07\0\0\x04\xd8\
\0\0\0\xd4\x61\0\0\x02\0\0\0\0\0\0\0\x38\x51\0\0\x27\0\0\0\x20\0\0\0\xdb\x61\0\
\0\xae\0\0\0\x40\0\0\0\xe1\x61\0\0\x01\x03\0\0\x80\x01\0\0\xea\x61\0\0\x02\0\0\
\0\x40\x02\0\0\xf2\x61\0\0\x02\0\0\0\x60\x02\0\0\xfb\x61\0\0\x94\x03\0\0\x80\
\x02\0\0\x02\x62\0\0\x09\0\0\x04\x88\0\0\0\x0d\x62\0\0\x95\x03\0\0\0\0\0\0\x11\
\x62\0\0\x12\0\0\0\x40\0\0\0\x19\x62\0\0\x12\0\0\0\x60\0\0\0\xe6\x29\0\0\x96\
\x03\0\0\x80\0\0\0\x23\x62\0\0\x7a\0\0\0\xc0\x01\0\0\x2a\x62\0\0\x5d\0\0\0\0\
\x02\0\0\xc5\x19\0\0\x92\0\0\0\0\x03\0\0\x81\x11\0\0\x8d\0\0\0\0\x04\0\0\x33\
\x62\0\0\x1f\0\0\0\x20\x04\0\0\0\0\0\0\0\0\0\x02\xe7\x06\0\0\x3a\x62\0\0\x0a\0\
\0\x04\x28\0\0\0\x4c\x62\0\0\x25\0\0\0\0\0\0\0\x11\x62\0\0\x25\0\0\0\x10\0\0\0\
\x57\x62\0\0\x25\0\0\0\x20\0\0\0\x62\x62\0\0\x25\0\0\0\x30\0\0\0\x6e\x62\0\0\
\x12\0\0\0\x40\0\0\0\x77\x62\0\0\x25\0\0\0\x60\0\0\0\x80\x62\0\0\x7a\0\0\0\x70\
\0\0\0\x94\x62\0\0\x97\x03\0\0\x80\0\0\0\x9b\x62\0\0\x9a\x03\0\0\xc0\0\0\0\xa6\
\x62\0\0\x9b\x03\0\0\0\x01\0\0\xb0\x62\0\0\0\0\0\x08\x98\x03\0\0\0\0\0\0\0\0\0\
\x02\x99\x03\0\0\0\0\0\0\x03\0\0\x0d\x10\0\0\0\0\0\0\0\x24\x01\0\0\0\0\0\0\x10\
\0\0\0\0\0\0\0\x10\0\0\0\xbd\x62\0\0\0\0\0\x08\x98\x03\0\0\xce\x62\0\0\0\0\0\
\x08\x9c\x03\0\0\0\0\0\0\0\0\0\x02\x9d\x03\0\0\0\0\0\0\x02\0\0\x0d\x02\0\0\0\0\
\0\0\0\x9e\x03\0\0\0\0\0\0\x24\x01\0\0\0\0\0\0\0\0\0\x02\x9f\x03\0\0\xde\x62\0\
\0\x02\0\0\x04\x10\0\0\0\xf5\x62\0\0\xa0\x03\0\0\0\0\0\0\xde\x1f\0\0\x24\x01\0\
\0\x40\0\0\0\0\0\0\0\0\0\0\x02\x94\x03\0\0\0\0\0\0\0\0\0\x03\0\0\0\0\x93\x03\0\
\0\x04\0\0\0\x03\0\0\0\xf8\x62\0\0\x03\0\0\x04\x18\0\0\0\x07\x63\0\0\xa3\x03\0\
\0\0\0\0\0\x3b\x0c\0\0\xa6\x03\0\0\x40\0\0\0\x15\x63\0\0\x02\0\0\0\x80\0\0\0\
\x1e\x63\0\0\0\0\0\x08\xa4\x03\0\0\0\0\0\0\0\0\0\x02\xa5\x03\0\0\0\0\0\0\x03\0\
\0\x0d\x02\0\0\0\0\0\0\0\xa6\x03\0\0\0\0\0\0\x0f\0\0\0\0\0\0\0\x1c\0\0\0\0\0\0\
\0\0\0\0\x02\xa2\x03\0\0\x2c\x63\0\0\x04\0\0\x04\x20\0\0\0\x35\x63\0\0\x89\0\0\
\0\0\0\0\0\x3e\x63\0\0\xf1\x01\0\0\x40\0\0\0\x45\x63\0\0\x02\0\0\0\x80\0\0\0\
\x4f\x63\0\0\xbf\0\0\0\xc0\0\0\0\x20\x19\0\0\x10\0\0\x04\xc0\0\0\0\x5a\x63\0\0\
\x12\0\0\0\0\0\0\0\x62\x63\0\0\xac\x01\0\0\x20\0\0\0\x68\x63\0\0\xa9\x03\0\0\
\x40\0\0\0\x6f\x63\0\0\x89\0\0\0\xc0\0\0\0\x78\x63\0\0\xac\x03\0\0\0\x01\0\0\
\x7f\x63\0\0\x8a\0\0\0\x80\x01\0\0\x87\x63\0\0\xb1\x03\0\0\xc0\x01\0\0\x8f\x63\
\0\0\xb2\x03\0\0\xc0\x02\0\0\x99\x63\0\0\xb5\x03\0\0\0\x03\0\0\x9e\x63\0\0\xf1\
\x01\0\0\x40\x03\0\0\xa3\x63\0\0\x0f\0\0\0\x80\x03\0\0\xaa\x63\0\0\x1c\0\0\0\
\xc0\x03\0\0\0\0\0\0\x51\x04\0\0\0\x04\0\0\xb3\x63\0\0\x2f\0\0\0\x80\x04\0\0\
\xbb\x63\0\0\x2f\0\0\0\0\x05\0\0\xc5\x63\0\0\x52\x04\0\0\x80\x05\0\0\xc9\x63\0\
\0\x02\0\0\x04\x10\0\0\0\x3b\x0c\0\0\xaa\x03\0\0\0\0\0\0\x4e\x1e\0\0\xab\x03\0\
\0\x40\0\0\0\0\0\0\0\0\0\0\x02\xa9\x03\0\0\0\0\0\0\0\0\0\x02\xaa\x03\0\0\xd7\
\x63\0\0\x02\0\0\x04\x10\0\0\0\0\0\0\0\xad\x03\0\0\0\0\0\0\xe1\x20\0\0\xaf\x03\
\0\0\x40\0\0\0\0\0\0\0\x02\0\0\x05\x08\0\0\0\0\0\0\0\xae\x03\0\0\0\0\0\0\xdc\
\x63\0\0\x31\0\0\0\0\0\0\0\0\0\0\0\x02\0\0\x04\x08\0\0\0\xa3\x20\0\0\x10\0\0\0\
\0\0\0\0\x98\x26\0\0\x10\0\0\0\x20\0\0\0\0\0\0\0\0\0\0\x02\xb0\x03\0\0\0\0\0\0\
\0\0\0\x0a\x47\0\0\0\0\0\0\0\0\0\0\x03\0\0\0\0\x47\0\0\0\x04\0\0\0\x20\0\0\0\
\xe5\x63\0\0\x01\0\0\x04\x08\0\0\0\0\0\0\0\xb3\x03\0\0\0\0\0\0\0\0\0\0\x02\0\0\
\x05\x08\0\0\0\xed\x63\0\0\x32\0\0\0\0\0\0\0\0\0\0\0\xb4\x03\0\0\0\0\0\0\0\0\0\
\0\x02\0\0\x04\x08\0\0\0\x81\x11\0\0\x8d\0\0\0\0\0\0\0\x31\x1b\0\0\x02\0\0\0\
\x20\0\0\0\0\0\0\0\0\0\0\x02\xb6\x03\0\0\0\0\0\0\0\0\0\x0a\x25\x04\0\0\xf8\x63\
\0\0\x41\0\0\x04\x80\x05\0\0\x04\x64\0\0\x2f\0\0\0\0\0\0\0\x0b\x64\0\0\xf4\x01\
\0\0\x80\0\0\0\x11\x64\0\0\x47\0\0\0\xa0\0\0\0\x22\x64\0\0\x0f\0\0\0\xc0\0\0\0\
\x2e\x64\0\0\x94\0\0\0\0\x01\0\0\x39\x64\0\0\xb8\x03\0\0\x40\x01\0\0\x40\x64\0\
\0\xb9\x03\0\0\x80\x01\0\0\x45\x64\0\0\xbb\x03\0\0\xc0\x01\0\0\x4b\x64\0\0\xbd\
\x03\0\0\0\x02\0\0\x52\x64\0\0\xbf\x03\0\0\x40\x02\0\0\x5e\x64\0\0\x0f\0\0\0\
\x80\x02\0\0\x66\x64\0\0\x0f\0\0\0\xc0\x02\0\0\x6f\x64\0\0\x0f\0\0\0\0\x03\0\0\
\x77\x64\0\0\x89\0\0\0\x40\x03\0\0\x7e\x64\0\0\xae\0\0\0\x80\x03\0\0\x87\x64\0\
\0\x02\0\0\0\xc0\x04\0\0\x8f\x64\0\0\x1f\0\0\0\xe0\x04\0\0\x98\x64\0\0\x1c\0\0\
\0\0\x05\0\0\xa3\x64\0\0\xc1\x03\0\0\x40\x05\0\0\xab\x64\0\0\xc4\x03\0\0\x80\
\x05\0\0\xb1\x64\0\0\xc6\x03\0\0\xc0\x05\0\0\xbf\x64\0\0\xc7\x03\0\0\0\x06\0\0\
\xc5\x64\0\0\xc9\x03\0\0\x40\x06\0\0\xd0\x64\0\0\x26\0\0\0\x80\x06\0\0\xe1\x64\
\0\0\xca\x03\0\0\xc0\x06\0\0\xe9\x64\0\0\x2f\0\0\0\0\x07\0\0\xf2\x64\0\0\xcb\
\x03\0\0\x80\x07\0\0\xf9\x64\0\0\xa4\x01\0\0\xc0\x07\0\0\xff\x64\0\0\xf9\x03\0\
\0\0\x08\0\0\x05\x65\0\0\xf0\0\0\0\x40\x08\0\0\x11\x65\0\0\x12\0\0\0\xc0\x08\0\
\0\x1f\x65\0\0\xfb\x03\0\0\0\x09\0\0\x27\x65\0\0\x15\x04\0\0\xc0\x12\0\0\x31\
\x65\0\0\x1c\0\0\0\xc0\x1c\0\0\x3b\x65\0\0\x10\0\0\0\0\x1d\0\0\x47\x65\0\0\x0c\
\x01\0\0\x40\x1d\0\0\x52\x65\0\0\x0c\x01\0\0\x80\x1d\0\0\x5d\x65\0\0\x11\0\0\0\
\xc0\x1d\0\0\x6d\x65\0\0\xa9\x02\0\0\0\x1e\0\0\x7e\x65\0\0\x21\x04\0\0\x40\x1e\
\0\0\x83\x65\0\0\x22\x04\0\0\x40\x1f\0\0\x8a\x65\0\0\x12\0\0\0\xc0\x1f\0\0\x96\
\x65\0\0\x91\0\0\0\xe0\x1f\0\0\x9d\x65\0\0\x92\0\0\0\0\x20\0\0\xb0\x65\0\0\xcc\
\0\0\0\0\x21\0\0\xba\x65\0\0\xb5\x03\0\0\x40\x21\0\0\xc1\x65\0\0\x02\0\0\0\x80\
\x21\0\0\xd3\x65\0\0\x46\x04\0\0\xc0\x21\0\0\xdc\x65\0\0\x5e\0\0\0\x80\x23\0\0\
\xeb\x65\0\0\x5e\0\0\0\xc0\x23\0\0\x01\x66\0\0\x02\0\0\0\0\x24\0\0\x14\x66\0\0\
\xa9\0\0\0\x20\x24\0\0\x1d\x66\0\0\x6a\0\0\0\x40\x24\0\0\x2b\x66\0\0\x6f\0\0\0\
\x80\x24\0\0\x32\x66\0\0\xbf\0\0\0\xc0\x24\0\0\x3c\x66\0\0\x4f\x04\0\0\0\x25\0\
\0\x49\x66\0\0\x4f\x04\0\0\x40\x25\0\0\x90\x13\0\0\x66\0\0\0\x80\x25\0\0\xf9\
\x13\0\0\x5d\0\0\0\0\x26\0\0\x55\x66\0\0\x92\0\0\0\0\x27\0\0\x61\x66\0\0\x02\0\
\0\0\0\x28\0\0\x6f\x66\0\0\x8d\0\0\0\0\x2a\0\0\x81\x66\0\0\x2f\0\0\0\x40\x2a\0\
\0\x8a\x66\0\0\x8d\0\0\0\xc0\x2a\0\0\x9e\x66\0\0\x2f\0\0\0\0\x2b\0\0\0\0\0\0\0\
\0\0\x02\xf4\x06\0\0\0\0\0\0\0\0\0\x02\xba\x03\0\0\0\0\0\0\0\0\0\x0a\x92\x07\0\
\0\0\0\0\0\0\0\0\x02\xbc\x03\0\0\0\0\0\0\0\0\0\x0a\x93\x07\0\0\0\0\0\0\0\0\0\
\x02\xbe\x03\0\0\0\0\0\0\0\0\0\x0a\x94\x07\0\0\0\0\0\0\0\0\0\x02\xc0\x03\0\0\0\
\0\0\0\0\0\0\x0a\x95\x07\0\0\0\0\0\0\0\0\0\x02\xc2\x03\0\0\0\0\0\0\0\0\0\x02\
\xc3\x03\0\0\0\0\0\0\0\0\0\x0a\x96\x07\0\0\0\0\0\0\0\0\0\x02\xc5\x03\0\0\0\0\0\
\0\0\0\0\x0a\x97\x07\0\0\0\0\0\0\0\0\0\x02\x9b\x07\0\0\0\0\0\0\0\0\0\x02\xc8\
\x03\0\0\0\0\0\0\0\0\0\x0a\x9c\x07\0\0\0\0\0\0\0\0\0\x02\x9d\x07\0\0\xaa\x66\0\
\0\x01\0\0\x04\x08\0\0\0\x2e\x15\0\0\xaa\x03\0\0\0\0\0\0\0\0\0\0\0\0\0\x02\xea\
\x06\0\0\x84\x07\0\0\x13\0\0\x04\x60\x03\0\0\xe1\x13\0\0\x31\0\0\0\0\0\0\0\x27\
\x0d\0\0\x2d\0\0\0\x40\0\0\0\xb8\x66\0\0\x2f\0\0\0\0\x01\0\0\xf0\x1a\0\0\x0f\0\
\0\0\x80\x01\0\0\xc1\x66\0\0\x0f\0\0\0\xc0\x01\0\0\xcb\x13\0\0\xdf\x01\0\0\0\
\x02\0\0\xed\x2c\0\0\x12\0\0\0\x20\x02\0\0\xca\x66\0\0\x12\0\0\0\x40\x02\0\0\
\xd4\x66\0\0\x12\0\0\0\x60\x02\0\0\xde\x66\0\0\x12\0\0\0\x80\x02\0\0\xec\x66\0\
\0\x5e\0\0\0\xc0\x02\0\0\0\x67\0\0\xcd\x03\0\0\0\x03\0\0\x03\x67\0\0\x2f\0\0\0\
\xc0\x15\0\0\x0b\x67\0\0\xeb\0\0\0\x40\x16\0\0\xd1\x2c\0\0\xd3\x01\0\0\0\x17\0\
\0\x14\x67\0\0\xf8\x03\0\0\x40\x17\0\0\xcb\x19\0\0\xd3\x01\0\0\x40\x19\0\0\x1d\
\x67\0\0\xc4\x01\0\0\x80\x19\0\0\x32\x67\0\0\x89\0\0\0\xc0\x1a\0\0\x3c\x67\0\0\
\x1b\0\0\x04\x58\x02\0\0\x4a\x67\0\0\xa4\x01\0\0\0\0\0\0\x0b\x13\0\0\x0f\0\0\0\
\x40\0\0\0\x4e\x67\0\0\x0f\0\0\0\x80\0\0\0\x5d\x67\0\0\x2f\0\0\0\xc0\0\0\0\x65\
\x67\0\0\x2f\0\0\0\x40\x01\0\0\x6a\x67\0\0\x2f\0\0\0\xc0\x01\0\0\x74\x67\0\0\
\x2f\0\0\0\x40\x02\0\0\x9d\x3e\0\0\x8d\0\0\0\xc0\x02\0\0\x81\x67\0\0\x1f\0\0\0\
\xe0\x02\0\0\x92\x67\0\0\xce\x03\0\0\0\x03\0\0\x97\x67\0\0\x0f\0\0\0\0\x08\0\0\
\xa1\x67\0\0\x0f\0\0\0\x40\x08\0\0\xaf\x67\0\0\x0f\0\0\0\x80\x08\0\0\xbd\x67\0\
\0\x0f\0\0\0\xc0\x08\0\0\xcb\x67\0\0\x0f\0\0\0\0\x09\0\0\xdb\x67\0\0\x0f\0\0\0\
\x40\x09\0\0\xef\x67\0\0\x0f\0\0\0\x80\x09\0\0\xff\x67\0\0\x0f\0\0\0\xc0\x09\0\
\0\x18\x68\0\0\xcf\x03\0\0\0\x0a\0\0\x24\x68\0\0\x02\0\0\0\x80\x0b\0\0\x33\x68\
\0\0\xd0\x03\0\0\xa0\x0b\0\0\x44\x68\0\0\x8d\0\0\0\xc0\x0b\0\0\x4e\x68\0\0\x2f\
\0\0\0\0\x0c\0\0\x58\x68\0\0\x63\x03\0\0\x80\x0c\0\0\x5e\x68\0\0\x63\x03\0\0\
\x40\x0f\0\0\x67\x68\0\0\x0f\0\0\0\0\x12\0\0\x73\x68\0\0\x2f\0\0\0\x40\x12\0\0\
\0\0\0\0\0\0\0\x03\0\0\0\0\x5c\x02\0\0\x04\0\0\0\x04\0\0\0\x7c\x68\0\0\x03\0\0\
\x04\x30\0\0\0\x18\x1d\0\0\x5c\x02\0\0\0\0\0\0\x90\x14\0\0\x12\0\0\0\x40\x01\0\
\0\x81\x11\0\0\x3f\0\0\0\x60\x01\0\0\x8f\x68\0\0\x09\0\0\x06\x04\0\0\0\x99\x68\
\0\0\0\0\0\0\xae\x68\0\0\x01\0\0\0\xbf\x68\0\0\x02\0\0\0\xce\x68\0\0\x03\0\0\0\
\xe1\x68\0\0\x04\0\0\0\xf8\x68\0\0\x05\0\0\0\x10\x69\0\0\x06\0\0\0\x28\x69\0\0\
\x07\0\0\0\x40\x69\0\0\x08\0\0\0\x4e\x69\0\0\x2d\0\0\x84\xe8\x02\0\0\xd2\x36\0\
\0\xdb\x01\0\0\0\0\0\0\xc1\x04\0\0\xd3\x01\0\0\0\x02\0\0\xe6\x29\0\0\xd2\x03\0\
\0\x40\x02\0\0\x55\x69\0\0\xcc\0\0\0\x80\x02\0\0\x19\0\0\0\xd3\x03\0\0\xc0\x02\
\0\0\x5f\x69\0\0\xd5\x03\0\0\0\x03\0\0\x63\x69\0\0\xd6\x03\0\0\x40\x03\0\0\x6a\
\x69\0\0\x1c\0\0\0\x80\x03\0\0\x78\x69\0\0\x1c\0\0\0\xc0\x03\0\0\xc5\x19\0\0\
\x92\0\0\0\0\x04\0\0\x84\x69\0\0\xd7\x03\0\0\0\x05\0\0\x8a\x69\0\0\xd9\x03\0\0\
\xc0\x06\0\0\x90\x69\0\0\xe4\x03\0\0\x40\x10\0\0\x9a\x69\0\0\xe5\x03\0\0\x80\
\x10\0\0\xa5\x69\0\0\xe6\x03\0\0\xc0\x10\0\0\xaa\x69\0\0\x3f\0\0\0\0\x11\0\0\
\xb3\x69\0\0\x2f\0\0\0\x40\x11\0\0\xbc\x69\0\0\xe7\x03\0\0\xc0\x11\0\0\xc4\x69\
\0\0\xe9\x03\0\0\0\x12\0\0\xcd\x69\0\0\x31\0\0\0\x40\x12\0\0\xdf\x69\0\0\x31\0\
\0\0\x80\x12\0\0\xed\x69\0\0\xea\x03\0\0\xc0\x12\0\0\xfb\x69\0\0\xec\x03\0\0\0\
\x13\0\0\x05\x6a\0\0\x2f\0\0\0\x40\x13\0\0\x0f\x6a\0\0\xed\x03\0\0\xc0\x13\0\0\
\x1e\x6a\0\0\xee\x03\0\0\0\x14\0\0\x27\x6a\0\0\xef\x03\0\0\0\x14\0\0\x2f\x6a\0\
\0\xf0\x03\0\0\x40\x14\0\0\x36\x6a\0\0\xf4\x01\0\0\x80\x14\0\0\xe1\x13\0\0\x10\
\0\0\0\xa0\x14\0\0\x3b\x6a\0\0\x8d\0\0\0\xc0\x14\0\0\x47\x6a\0\0\x2f\0\0\0\0\
\x15\0\0\x10\x47\0\0\xf1\x03\0\0\x80\x15\0\0\x53\x6a\0\0\xd4\x01\0\0\xc0\x15\0\
\0\xcc\x32\0\0\xf2\x03\0\0\0\x16\0\0\x5a\x6a\0\0\xf4\x03\0\0\x40\x16\0\0\x66\
\x6a\0\0\xf5\x03\0\0\x80\x16\0\0\x6c\x6a\0\0\xf6\x03\0\0\xc0\x16\0\0\x7e\x6a\0\
\0\xf7\x03\0\0\0\x17\0\0\x88\x6a\0\0\x7a\0\0\0\x20\x17\0\x01\x9a\x6a\0\0\x7a\0\
\0\0\x21\x17\0\x01\xab\x6a\0\0\x7a\0\0\0\x22\x17\0\x01\xb3\x6a\0\0\x7a\0\0\0\
\x23\x17\0\x01\xc2\x6a\0\0\x7a\0\0\0\x24\x17\0\x01\xcf\x6a\0\0\x7a\0\0\0\x25\
\x17\0\x01\0\0\0\0\0\0\0\x02\x06\x07\0\0\0\0\0\0\0\0\0\x02\xd4\x03\0\0\0\0\0\0\
\0\0\0\x0a\x0c\x07\0\0\0\0\0\0\0\0\0\x02\x08\x07\0\0\0\0\0\0\0\0\0\x02\x07\x07\
\0\0\xd9\x6a\0\0\x04\0\0\x04\x38\0\0\0\xe8\x6a\0\0\x2f\0\0\0\0\0\0\0\xf2\x6a\0\
\0\x2f\0\0\0\x80\0\0\0\xfc\x6a\0\0\x2f\0\0\0\0\x01\0\0\x0c\x0b\0\0\xd8\x03\0\0\
\x80\x01\0\0\x07\x6b\0\0\x04\0\0\x06\x04\0\0\0\x14\x6b\0\0\0\0\0\0\x25\x6b\0\0\
\x01\0\0\0\x34\x6b\0\0\x02\0\0\0\x48\x6b\0\0\x03\0\0\0\x59\x6b\0\0\x34\0\0\x84\
\x30\x01\0\0\x65\x6b\0\0\xda\x03\0\0\0\0\0\0\x71\x6b\0\0\x12\0\0\0\x20\0\0\x01\
\x7c\x6b\0\0\x12\0\0\0\x21\0\0\x01\x8a\x6b\0\0\x7a\0\0\0\x22\0\0\x01\x96\x6b\0\
\0\x7a\0\0\0\x23\0\0\x01\xa2\x6b\0\0\x7a\0\0\0\x24\0\0\x01\xaf\x6b\0\0\x7a\0\0\
\0\x25\0\0\x01\xc2\x6b\0\0\x7a\0\0\0\x26\0\0\x01\xd4\x6b\0\0\x7a\0\0\0\x27\0\0\
\x01\xda\x6b\0\0\x7a\0\0\0\x28\0\0\x01\xe5\x6b\0\0\x7a\0\0\0\x29\0\0\x01\xf5\
\x6b\0\0\x10\0\0\0\x40\0\0\0\x81\x11\0\0\x8d\0\0\0\x60\0\0\0\x41\x14\0\0\x2f\0\
\0\0\x80\0\0\0\xa3\x25\0\0\x79\x01\0\0\0\x01\0\0\xef\x3e\0\0\xdc\x03\0\0\0\x02\
\0\0\x02\x6c\0\0\x7a\0\0\0\x40\x02\0\x01\x0e\x6c\0\0\x7a\0\0\0\x41\x02\0\x01\
\x16\x6c\0\0\x7a\0\0\0\x42\x02\0\x01\x26\x6c\0\0\x12\0\0\0\x43\x02\0\x01\x32\
\x6c\0\0\x12\0\0\0\x44\x02\0\x01\x42\x6c\0\0\x4e\0\0\0\x80\x02\0\0\x50\x6c\0\0\
\x31\0\0\0\x80\x04\0\0\x7a\x14\0\0\x5d\0\0\0\xc0\x04\0\0\x5e\x6c\0\0\xeb\0\0\0\
\xc0\x05\0\0\x69\x6c\0\0\xdd\x03\0\0\x80\x06\0\0\x71\x6c\0\0\x1f\0\0\0\xc0\x06\
\0\0\x9d\x2a\0\0\x1f\0\0\0\xe0\x06\0\0\x7d\x6c\0\0\x12\0\0\0\0\x07\0\x03\x8b\
\x6c\0\0\x12\0\0\0\x03\x07\0\x01\x9d\x6c\0\0\x12\0\0\0\x04\x07\0\x01\xad\x6c\0\
\0\x12\0\0\0\x05\x07\0\x01\xbd\x6c\0\0\x12\0\0\0\x06\x07\0\x01\xd0\x6c\0\0\x12\
\0\0\0\x07\x07\0\x01\xdd\x6c\0\0\x7a\0\0\0\x08\x07\0\x01\xed\x6c\0\0\x12\0\0\0\
\x09\x07\0\x01\xfa\x6c\0\0\x12\0\0\0\x0a\x07\0\x01\x03\x6d\0\0\x12\0\0\0\x0b\
\x07\0\x01\x13\x6d\0\0\x12\0\0\0\x0c\x07\0\x01\x26\x6d\0\0\x12\0\0\0\x0d\x07\0\
\x01\x34\x6d\0\0\x12\0\0\0\x20\x07\0\0\x40\x6d\0\0\xde\x03\0\0\x40\x07\0\0\x48\
\x6d\0\0\xdf\x03\0\0\x60\x07\0\0\x57\x6d\0\0\x02\0\0\0\x80\x07\0\0\x65\x6d\0\0\
\x02\0\0\0\xa0\x07\0\0\x77\x6d\0\0\x31\0\0\0\xc0\x07\0\0\x81\x6d\0\0\x31\0\0\0\
\0\x08\0\0\x8d\x6d\0\0\x31\0\0\0\x40\x08\0\0\x9c\x6d\0\0\x31\0\0\0\x80\x08\0\0\
\xb1\x6d\0\0\xe0\x03\0\0\xc0\x08\0\0\xbd\x6d\0\0\xe1\x03\0\0\0\x09\0\0\xd3\x6d\
\0\0\xe3\x03\0\0\x40\x09\0\0\xd7\x6d\0\0\0\0\0\x08\xdb\x03\0\0\xe4\x6d\0\0\x01\
\0\0\x04\x04\0\0\0\xe9\x3e\0\0\x02\0\0\0\0\0\0\0\0\0\0\0\0\0\0\x02\x0d\x07\0\0\
\0\0\0\0\0\0\0\x02\x0e\x07\0\0\xef\x6d\0\0\x05\0\0\x06\x04\0\0\0\xfb\x6d\0\0\0\
\0\0\0\x08\x6e\0\0\x01\0\0\0\x15\x6e\0\0\x02\0\0\0\x25\x6e\0\0\x03\0\0\0\x39\
\x6e\0\0\x04\0\0\0\x48\x6e\0\0\x04\0\0\x06\x04\0\0\0\x53\x6e\0\0\0\0\0\0\x5e\
\x6e\0\0\x01\0\0\0\x6b\x6e\0\0\x02\0\0\0\x79\x6e\0\0\x03\0\0\0\0\0\0\0\0\0\0\
\x02\xf5\x06\0\0\0\0\0\0\0\0\0\x02\xe2\x03\0\0\0\0\0\0\x02\0\0\x0d\0\0\0\0\0\0\
\0\0\xd3\x01\0\0\0\0\0\0\x07\x01\0\0\0\0\0\0\0\0\0\x02\xf6\x06\0\0\0\0\0\0\0\0\
\0\x02\x10\x07\0\0\0\0\0\0\0\0\0\x02\xf7\x06\0\0\0\0\0\0\0\0\0\x02\x11\x07\0\0\
\0\0\0\0\0\0\0\x02\xe8\x03\0\0\0\0\0\0\0\0\0\x0a\x12\x07\0\0\0\0\0\0\0\0\0\x02\
\x31\0\0\0\0\0\0\0\0\0\0\x02\xeb\x03\0\0\0\0\0\0\0\0\0\x0a\x13\x07\0\0\0\0\0\0\
\0\0\0\x02\x14\x07\0\0\0\0\0\0\0\0\0\x02\x15\x07\0\0\x88\x6e\0\0\0\0\0\x04\0\0\
\0\0\0\0\0\0\0\0\0\x02\x0b\x07\0\0\0\0\0\0\0\0\0\x02\xf3\x06\0\0\0\0\0\0\0\0\0\
\x02\xf8\x06\0\0\0\0\0\0\0\0\0\x02\xf3\x03\0\0\0\0\0\0\x01\0\0\x0d\0\0\0\0\0\0\
\0\0\xd3\x01\0\0\0\0\0\0\0\0\0\x02\x0a\x07\0\0\0\0\0\0\0\0\0\x02\x16\x07\0\0\0\
\0\0\0\0\0\0\x02\x17\x07\0\0\x95\x6e\0\0\x04\0\0\x06\x04\0\0\0\xa6\x6e\0\0\0\0\
\0\0\xc5\x6e\0\0\x01\0\0\0\xde\x6e\0\0\x02\0\0\0\xeb\x6e\0\0\x03\0\0\0\0\0\0\0\
\0\0\0\x03\0\0\0\0\xce\0\0\0\x04\0\0\0\x40\0\0\0\0\0\0\0\0\0\0\x02\xfa\x03\0\0\
\xfc\x6e\0\0\0\0\0\x07\0\0\0\0\x05\x6f\0\0\x05\0\0\x04\x38\x01\0\0\xac\0\0\0\
\x12\0\0\0\0\0\0\0\x10\x6f\0\0\xae\0\0\0\x40\0\0\0\x50\x06\0\0\xfc\x03\0\0\x80\
\x01\0\0\x10\x23\0\0\0\x04\0\0\x40\x02\0\0\x30\x25\0\0\x14\x04\0\0\0\x09\0\0\0\
\0\0\0\0\0\0\x03\0\0\0\0\x8a\0\0\0\x04\0\0\0\x03\0\0\0\x19\x6f\0\0\x09\0\0\x04\
\x48\0\0\0\x24\x6f\0\0\xfe\x03\0\0\0\0\0\0\x2f\x6f\0\0\x02\0\0\0\x40\0\0\0\x3a\
\x6f\0\0\x2f\0\0\0\x80\0\0\0\x49\x6f\0\0\x0f\0\0\0\0\x01\0\0\x53\x6f\0\0\x12\0\
\0\0\x40\x01\0\0\x5e\x6f\0\0\x12\0\0\0\x60\x01\0\0\x69\x6f\0\0\xff\x03\0\0\x80\
\x01\0\0\x7b\x6f\0\0\xff\x03\0\0\xc0\x01\0\0\x8d\x6f\0\0\x1c\0\0\0\0\x02\0\0\0\
\0\0\0\0\0\0\x02\x9e\x07\0\0\x96\x6f\0\0\0\0\0\x08\x36\0\0\0\0\0\0\0\0\0\0\x03\
\0\0\0\0\xfd\x03\0\0\x04\0\0\0\x03\0\0\0\0\0\0\0\0\0\0\x02\x02\x04\0\0\0\0\0\0\
\0\0\0\x0a\x03\x04\0\0\x9e\x6f\0\0\x08\0\0\x04\x40\0\0\0\xaf\x6f\0\0\x04\x04\0\
\0\0\0\0\0\xc0\x6f\0\0\x04\x04\0\0\x40\0\0\0\xcf\x6f\0\0\x04\x04\0\0\x80\0\0\0\
\xdf\x6f\0\0\x04\x04\0\0\xc0\0\0\0\xee\x6f\0\0\x06\x04\0\0\0\x01\0\0\xf9\x6f\0\
\0\x06\x04\0\0\x40\x01\0\0\x06\x70\0\0\x06\x04\0\0\x80\x01\0\0\x14\x70\0\0\x11\
\x04\0\0\xc0\x01\0\0\0\0\0\0\0\0\0\x02\x05\x04\0\0\0\0\0\0\x02\0\0\x0d\x02\0\0\
\0\0\0\0\0\xf1\x01\0\0\0\0\0\0\x02\0\0\0\0\0\0\0\0\0\0\x02\x07\x04\0\0\0\0\0\0\
\x01\0\0\x0d\x02\0\0\0\0\0\0\0\x08\x04\0\0\0\0\0\0\0\0\0\x02\x09\x04\0\0\x20\
\x70\0\0\x0c\0\0\x04\xd0\0\0\0\x26\x70\0\0\xf0\0\0\0\0\0\0\0\x2e\x70\0\0\x2f\0\
\0\0\x80\0\0\0\x37\x70\0\0\x2f\0\0\0\0\x01\0\0\x3f\x70\0\0\x2f\0\0\0\x80\x01\0\
\0\x48\x70\0\0\x92\0\0\0\0\x02\0\0\x50\x70\0\0\x8d\0\0\0\0\x03\0\0\x5c\x70\0\0\
\x1f\0\0\0\x20\x03\0\0\x65\x70\0\0\xf1\x01\0\0\x40\x03\0\0\x6b\x70\0\0\x0a\x04\
\0\0\x80\x03\0\0\x71\x70\0\0\x94\0\0\0\xc0\x03\0\0\x78\x70\0\0\x0f\0\0\0\0\x04\
\0\0\x81\x70\0\0\x10\x04\0\0\x40\x04\0\0\x88\x70\0\0\x02\0\0\x04\x08\0\0\0\0\0\
\0\0\x0b\x04\0\0\0\0\0\0\x19\0\0\0\x0f\x04\0\0\x20\0\0\0\0\0\0\0\x03\0\0\x05\
\x04\0\0\0\x2b\x1a\0\0\xa0\0\0\0\0\0\0\0\xce\x1e\0\0\xfc\0\0\0\0\0\0\0\x8d\x70\
\0\0\x0c\x04\0\0\0\0\0\0\x94\x70\0\0\0\0\0\x08\x0d\x04\0\0\0\0\0\0\x01\0\0\x04\
\x04\0\0\0\xc8\x11\0\0\x0e\x04\0\0\0\0\0\0\x9e\x70\0\0\0\0\0\x08\xa3\0\0\0\xa7\
\x70\0\0\x03\0\0\x06\x04\0\0\0\xb2\x70\0\0\0\0\0\0\xbb\x70\0\0\x01\0\0\0\xc4\
\x70\0\0\x02\0\0\0\xcd\x70\0\0\x09\0\0\x04\x48\0\0\0\xd7\x70\0\0\xff\x03\0\0\0\
\0\0\0\xe6\x70\0\0\xff\x03\0\0\x40\0\0\0\xf5\x70\0\0\xff\x03\0\0\x80\0\0\0\x02\
\x71\0\0\xff\x03\0\0\xc0\0\0\0\x0f\x71\0\0\xff\x03\0\0\0\x01\0\0\x1e\x71\0\0\
\xff\x03\0\0\x40\x01\0\0\x2d\x71\0\0\xff\x03\0\0\x80\x01\0\0\x3b\x71\0\0\x0c\
\x01\0\0\xc0\x01\0\0\x45\x71\0\0\x0c\x01\0\0\0\x02\0\0\0\0\0\0\0\0\0\x02\x12\
\x04\0\0\0\0\0\0\x02\0\0\x0d\x02\0\0\0\0\0\0\0\xf1\x01\0\0\0\0\0\0\x13\x04\0\0\
\0\0\0\0\0\0\0\x02\x0a\x04\0\0\0\0\0\0\0\0\0\x03\0\0\0\0\x01\x04\0\0\x04\0\0\0\
\x03\0\0\0\x4f\x71\0\0\x03\0\0\x04\x40\x01\0\0\x59\x04\0\0\x02\0\0\0\0\0\0\0\
\x5a\x71\0\0\xeb\0\0\0\x40\0\0\0\x68\x71\0\0\x19\x04\0\0\0\x01\0\0\x6f\x71\0\0\
\x05\0\0\x04\x60\0\0\0\x83\x71\0\0\x17\x04\0\0\0\0\0\0\x87\x71\0\0\xd0\x02\0\0\
\x80\x01\0\0\x92\x71\0\0\x18\x04\0\0\xc0\x01\0\0\x99\x71\0\0\xeb\0\0\0\0\x02\0\
\0\xa1\x71\0\0\x1f\0\0\0\xc0\x02\0\0\xa7\x71\0\0\x04\0\0\x04\x30\0\0\0\xb0\x71\
\0\0\x02\0\0\0\0\0\0\0\xb9\x71\0\0\x02\0\0\0\x20\0\0\0\xc2\x71\0\0\xeb\0\0\0\
\x40\0\0\0\xca\x71\0\0\x66\0\0\0\0\x01\0\0\xd2\x71\0\0\x01\0\0\x04\x08\0\0\0\
\x1a\x28\0\0\x28\0\0\0\0\0\0\0\0\0\0\0\0\0\0\x03\0\0\0\0\x16\x04\0\0\x04\0\0\0\
\x03\0\0\0\xda\x71\0\0\x06\0\0\x04\x20\0\0\0\x81\x11\0\0\x8d\0\0\0\0\0\0\0\x19\
\0\0\0\x27\0\0\0\x20\0\0\0\xac\0\0\0\x27\0\0\0\x30\0\0\0\xf2\x71\0\0\x1b\x04\0\
\0\x40\0\0\0\0\0\0\0\x1e\x04\0\0\x80\0\0\0\x94\x13\0\0\x6f\0\0\0\xc0\0\0\0\xf7\
\x71\0\0\0\0\0\x08\x1c\x04\0\0\0\0\0\0\x01\0\0\x04\x08\0\0\0\xc8\x11\0\0\x1d\
\x04\0\0\0\0\0\0\0\0\0\0\0\0\0\x03\0\0\0\0\x02\0\0\0\x04\0\0\0\x02\0\0\0\0\0\0\
\0\x02\0\0\x05\x08\0\0\0\x07\x72\0\0\x1f\x04\0\0\0\0\0\0\x0b\x72\0\0\xa9\x02\0\
\0\0\0\0\0\0\0\0\0\0\0\0\x02\x20\x04\0\0\x18\x72\0\0\0\0\0\x08\xa9\x02\0\0\0\0\
\0\0\0\0\0\x03\0\0\0\0\xce\0\0\0\x04\0\0\0\x20\0\0\0\x29\x72\0\0\0\0\0\x08\x23\
\x04\0\0\0\0\0\0\x01\0\0\x04\x10\0\0\0\x57\x15\0\0\x24\x04\0\0\0\0\0\0\0\0\0\0\
\0\0\0\x03\0\0\0\0\x46\0\0\0\x04\0\0\0\x10\0\0\0\x30\x72\0\0\x0d\0\0\x04\x80\0\
\0\0\x42\x72\0\0\x26\x04\0\0\0\0\0\0\x4f\x72\0\0\x26\x04\0\0\x40\0\0\0\x68\x63\
\0\0\x28\x04\0\0\x80\0\0\0\x61\x72\0\0\x2d\x04\0\0\xc0\0\0\0\x6b\x72\0\0\x31\
\x04\0\0\0\x01\0\0\x74\x72\0\0\x33\x04\0\0\x40\x01\0\0\x7b\x72\0\0\x35\x04\0\0\
\x80\x01\0\0\x85\x72\0\0\x35\x04\0\0\xc0\x01\0\0\x8d\x72\0\0\x37\x04\0\0\0\x02\
\0\0\x94\x72\0\0\x39\x04\0\0\x40\x02\0\0\x9c\x72\0\0\x3b\x04\0\0\x80\x02\0\0\
\xa8\x72\0\0\x3e\x04\0\0\xc0\x02\0\0\xb1\x72\0\0\x42\x04\0\0\0\x03\0\0\0\0\0\0\
\0\0\0\x02\x27\x04\0\0\0\0\0\0\x02\0\0\x0d\x02\0\0\0\0\0\0\0\x89\0\0\0\0\0\0\0\
\x12\0\0\0\0\0\0\0\0\0\0\x02\x29\x04\0\0\0\0\0\0\x02\0\0\x0d\x02\0\0\0\0\0\0\0\
\x2a\x04\0\0\0\0\0\0\x2c\x04\0\0\0\0\0\0\0\0\0\x02\x2b\x04\0\0\0\0\0\0\0\0\0\
\x0a\xa8\x03\0\0\0\0\0\0\0\0\0\x02\xac\x03\0\0\0\0\0\0\0\0\0\x02\x2e\x04\0\0\0\
\0\0\0\x04\0\0\x0d\x02\0\0\0\0\0\0\0\x2a\x04\0\0\0\0\0\0\x12\0\0\0\0\0\0\0\xcc\
\0\0\0\0\0\0\0\x2f\x04\0\0\0\0\0\0\0\0\0\x02\x30\x04\0\0\0\0\0\0\0\0\0\x0a\xac\
\x03\0\0\0\0\0\0\0\0\0\x02\x32\x04\0\0\0\0\0\0\x01\0\0\x0d\x02\0\0\0\0\0\0\0\
\x2a\x04\0\0\0\0\0\0\0\0\0\x02\x34\x04\0\0\0\0\0\0\x01\0\0\x0d\x02\0\0\0\0\0\0\
\0\x89\0\0\0\0\0\0\0\0\0\0\x02\x36\x04\0\0\0\0\0\0\x01\0\0\x0d\0\0\0\0\0\0\0\0\
\x89\0\0\0\0\0\0\0\0\0\0\x02\x38\x04\0\0\0\0\0\0\x02\0\0\x0d\0\0\0\0\0\0\0\0\
\x89\0\0\0\0\0\0\0\x8a\0\0\0\0\0\0\0\0\0\0\x02\x3a\x04\0\0\0\0\0\0\x03\0\0\x0d\
\x21\x01\0\0\0\0\0\0\x89\0\0\0\0\0\0\0\x21\x01\0\0\0\0\0\0\x02\0\0\0\0\0\0\0\0\
\0\0\x02\x3c\x04\0\0\0\0\0\0\x01\0\0\x0d\x88\0\0\0\0\0\0\0\x3d\x04\0\0\0\0\0\0\
\0\0\0\x02\x87\0\0\0\0\0\0\0\0\0\0\x02\x3f\x04\0\0\0\0\0\0\x02\0\0\x0d\x02\0\0\
\0\0\0\0\0\x40\x04\0\0\0\0\0\0\x7a\0\0\0\0\0\0\0\0\0\0\x02\x41\x04\0\0\0\0\0\0\
\0\0\0\x0a\x87\0\0\0\0\0\0\0\0\0\0\x02\x43\x04\0\0\0\0\0\0\x02\0\0\x0d\x89\0\0\
\0\0\0\0\0\x89\0\0\0\0\0\0\0\x44\x04\0\0\0\0\0\0\0\0\0\x02\x45\x04\0\0\0\0\0\0\
\0\0\0\x0a\xe9\x01\0\0\xb8\x72\0\0\x07\0\0\x04\x38\0\0\0\xc1\x72\0\0\x47\x04\0\
\0\0\0\0\0\xcf\x72\0\0\x47\x04\0\0\x40\0\0\0\xdc\x72\0\0\x18\0\0\0\x80\0\0\0\
\xe2\x72\0\0\x02\0\0\0\xc0\0\0\0\xac\0\0\0\x12\0\0\0\xe0\0\0\0\x94\x13\0\0\x2f\
\0\0\0\0\x01\0\0\xe8\x72\0\0\x4e\x04\0\0\x80\x01\0\0\0\0\0\0\0\0\0\x02\x48\x04\
\0\0\0\0\0\0\x02\0\0\x0d\x0f\0\0\0\0\0\0\0\x49\x04\0\0\0\0\0\0\x4a\x04\0\0\0\0\
\0\0\0\0\0\x02\x46\x04\0\0\0\0\0\0\0\0\0\x02\x4b\x04\0\0\xf4\x72\0\0\x05\0\0\
\x04\x20\0\0\0\x68\x2f\0\0\xad\x02\0\0\0\0\0\0\x03\x73\0\0\x02\0\0\0\x20\0\0\0\
\x07\x73\0\0\x0f\0\0\0\x40\0\0\0\x12\x73\0\0\x0f\0\0\0\x80\0\0\0\x1d\x73\0\0\
\x4c\x04\0\0\xc0\0\0\0\0\0\0\0\0\0\0\x02\x4d\x04\0\0\x23\x73\0\0\0\0\0\x07\0\0\
\0\0\0\0\0\0\0\0\0\x02\x5e\0\0\0\x2e\x73\0\0\x01\0\0\x04\x08\0\0\0\xeb\x12\0\0\
\x50\x04\0\0\0\0\0\0\0\0\0\0\0\0\0\x02\x9f\x07\0\0\0\0\0\0\x02\0\0\x05\x10\0\0\
\0\x37\x73\0\0\x2f\0\0\0\0\0\0\0\x3d\x73\0\0\x72\x02\0\0\0\0\0\0\0\0\0\0\x03\0\
\0\x05\x10\0\0\0\x44\x73\0\0\xf0\0\0\0\0\0\0\0\x4c\x73\0\0\xa9\x03\0\0\0\0\0\0\
\x5d\x73\0\0\x66\0\0\0\0\0\0\0\xae\x73\0\0\x2b\0\0\x04\0\x0d\0\0\xb2\x73\0\0\
\x1d\0\0\0\0\0\0\0\xba\x73\0\0\x8d\0\0\0\x20\0\0\0\xc9\x73\0\0\x12\0\0\0\x40\0\
\0\0\xd9\x73\0\0\x12\0\0\0\x60\0\0\0\xe6\x73\0\0\x02\0\0\0\x80\0\0\0\xee\x73\0\
\0\x8d\0\0\0\xa0\0\0\0\xf8\x73\0\0\x1f\0\0\0\xc0\0\0\0\x94\x13\0\0\x2f\0\0\0\0\
\x01\0\0\x03\x74\0\0\x2f\0\0\0\x80\x01\0\0\x0d\x74\0\0\x22\0\0\0\0\x02\0\0\x1a\
\x74\0\0\x15\x01\0\0\x40\x02\0\0\xdc\x17\0\0\xbf\0\0\0\x80\x02\0\0\x8a\x1f\0\0\
\x87\x01\0\0\xc0\x02\0\0\x25\x74\0\0\x01\x03\0\0\0\x03\0\0\x40\x1e\0\0\x6d\x01\
\0\0\xc0\x03\0\0\x2f\x74\0\0\x2f\0\0\0\x80\x04\0\0\x3d\x74\0\0\x54\x04\0\0\0\
\x05\0\0\x46\x74\0\0\x54\x04\0\0\x40\x05\0\0\xc2\x24\0\0\x70\x01\0\0\x80\x05\0\
\0\x54\x74\0\0\x9f\x04\0\0\x80\x08\0\0\x59\x74\0\0\x9f\x04\0\0\xc0\x08\0\0\x63\
\x74\0\0\xb8\x05\0\0\0\x09\0\0\x6f\x74\0\0\xa7\0\0\0\x40\x09\0\0\x7d\x74\0\0\
\xa7\0\0\0\x80\x09\0\0\x8c\x74\0\0\xb9\x05\0\0\xc0\x09\0\0\x99\x74\0\0\x10\0\0\
\0\0\x0a\0\0\xa2\x74\0\0\xc6\x04\0\0\x40\x0a\0\0\xaf\x74\0\0\x2f\0\0\0\x80\x0a\
\0\0\xb9\x74\0\0\xba\x05\0\0\0\x0b\0\0\xbe\x74\0\0\xbc\x05\0\0\0\x0c\0\0\xc2\
\x74\0\0\xc9\x05\0\0\x40\x0f\0\0\xc9\x74\0\0\xca\x05\0\0\x80\x10\0\0\xcd\x74\0\
\0\xcb\x05\0\0\0\x11\0\0\xd5\x74\0\0\xcd\x05\0\0\0\x14\0\0\xda\x74\0\0\xfd\x05\
\0\0\0\x28\0\0\xdf\x74\0\0\xa1\x06\0\0\0\x3e\0\0\xe2\x74\0\0\xbf\x06\0\0\x80\
\x44\0\0\xe5\x74\0\0\xc0\x04\0\0\xc0\x48\0\0\xf3\x74\0\0\xcb\x06\0\0\x80\x49\0\
\0\x38\x54\0\0\xcc\x06\0\0\xc0\x49\0\0\xf7\x74\0\0\xd0\x06\0\0\0\x4c\0\0\xfc\
\x74\0\0\x31\0\0\0\0\x66\0\0\x07\x75\0\0\x9f\x04\0\0\x40\x66\0\0\0\0\0\0\0\0\0\
\x02\x55\x04\0\0\x11\x75\0\0\x19\0\0\x04\xb0\0\0\0\xd4\x61\0\0\x1f\0\0\0\0\0\0\
\0\xcb\x13\0\0\x1d\0\0\0\x20\0\0\0\x20\x75\0\0\x2f\0\0\0\x40\0\0\0\x2c\x75\0\0\
\x8d\0\0\0\xc0\0\0\0\x3c\x75\0\0\xf3\0\0\0\0\x01\0\0\x52\x75\0\0\xef\x01\0\0\
\x40\x01\0\0\0\0\0\0\x8d\x04\0\0\x80\x01\0\0\x5c\x75\0\0\xb5\x03\0\0\xc0\x01\0\
\0\0\0\0\0\x90\x04\0\0\0\x02\0\0\x37\x2f\0\0\x9a\x04\0\0\x40\x02\0\0\x30\x14\0\
\0\x1c\0\0\0\x80\x02\0\0\x66\x75\0\0\x12\0\0\0\xc0\x02\0\0\x71\x75\0\0\x12\0\0\
\0\xe0\x02\0\0\x79\x75\0\0\x9d\x04\0\0\0\x03\0\0\x2b\x1a\0\0\xa0\0\0\0\x20\x03\
\0\0\xce\x1e\0\0\xfc\0\0\0\x40\x03\0\0\xe0\x1a\0\0\x94\0\0\0\x80\x03\0\0\xc1\
\x04\0\0\x54\x04\0\0\xc0\x03\0\0\x7f\x75\0\0\x3b\0\0\0\0\x04\0\0\x86\x75\0\0\
\x2d\0\0\0\x40\x04\0\0\xe1\x20\0\0\x21\x01\0\0\0\x05\0\0\xe3\x25\0\0\x7c\x01\0\
\0\x40\x05\0\0\xac\0\0\0\x45\0\0\0\x50\x05\0\0\x92\x75\0\0\x45\0\0\0\x58\x05\0\
\0\x9a\x75\0\0\x9e\x04\0\0\x60\x05\0\0\xa6\x75\0\0\x17\0\0\x04\xc0\0\0\0\xb7\
\x75\0\0\x57\x04\0\0\0\0\0\0\xbe\x75\0\0\x59\x04\0\0\x40\0\0\0\xc7\x75\0\0\x5d\
\x04\0\0\x80\0\0\0\xd2\x75\0\0\x5f\x04\0\0\xc0\0\0\0\xda\x75\0\0\x61\x04\0\0\0\
\x01\0\0\xe3\x75\0\0\x63\x04\0\0\x40\x01\0\0\xaf\x21\0\0\x65\x04\0\0\x80\x01\0\
\0\xea\x75\0\0\x67\x04\0\0\xc0\x01\0\0\x79\x54\0\0\x69\x04\0\0\0\x02\0\0\xf1\
\x75\0\0\x6b\x04\0\0\x40\x02\0\0\xf7\x75\0\0\x67\x04\0\0\x80\x02\0\0\xfd\x75\0\
\0\x6d\x04\0\0\xc0\x02\0\0\x03\x76\0\0\x6f\x04\0\0\0\x03\0\0\x0a\x76\0\0\x71\
\x04\0\0\x40\x03\0\0\x12\x76\0\0\x75\x04\0\0\x80\x03\0\0\x1a\x76\0\0\x79\x04\0\
\0\xc0\x03\0\0\x24\x76\0\0\x7b\x04\0\0\0\x04\0\0\x2b\x76\0\0\x80\x04\0\0\x40\
\x04\0\0\x37\x76\0\0\x83\x04\0\0\x80\x04\0\0\x43\x76\0\0\x6b\x04\0\0\xc0\x04\0\
\0\x4b\x76\0\0\x85\x04\0\0\0\x05\0\0\x53\x76\0\0\x87\x04\0\0\x40\x05\0\0\x60\
\x76\0\0\x8b\x04\0\0\x80\x05\0\0\0\0\0\0\0\0\0\x02\x58\x04\0\0\0\0\0\0\x03\0\0\
\x0d\x89\0\0\0\0\0\0\0\x8a\0\0\0\0\0\0\0\x89\0\0\0\0\0\0\0\x12\0\0\0\0\0\0\0\0\
\0\0\x02\x5a\x04\0\0\0\0\0\0\x03\0\0\x0d\xcc\0\0\0\0\0\0\0\x89\0\0\0\0\0\0\0\
\x8a\0\0\0\0\0\0\0\x5b\x04\0\0\0\0\0\0\0\0\0\x02\x5c\x04\0\0\x6d\x76\0\0\x02\0\
\0\x04\x10\0\0\0\x29\x1d\0\0\xce\x02\0\0\0\0\0\0\x7a\x76\0\0\x1c\0\0\0\x40\0\0\
\0\0\0\0\0\0\0\0\x02\x5e\x04\0\0\0\0\0\0\x03\0\0\x0d\x02\0\0\0\0\0\0\0\xbf\0\0\
\0\0\0\0\0\x8a\0\0\0\0\0\0\0\x02\0\0\0\0\0\0\0\0\0\0\x02\x60\x04\0\0\0\0\0\0\
\x03\0\0\x0d\xea\x01\0\0\0\0\0\0\x8a\0\0\0\0\0\0\0\x02\0\0\0\0\0\0\0\x7a\0\0\0\
\0\0\0\0\0\0\0\x02\x62\x04\0\0\0\0\0\0\x03\0\0\x0d\x02\0\0\0\0\0\0\0\x89\0\0\0\
\0\0\0\0\x21\x01\0\0\0\0\0\0\x02\0\0\0\0\0\0\0\0\0\0\x02\x64\x04\0\0\0\0\0\0\
\x05\0\0\x0d\x02\0\0\0\0\0\0\0\xbf\0\0\0\0\0\0\0\x8a\0\0\0\0\0\0\0\x89\0\0\0\0\
\0\0\0\x7c\x01\0\0\0\0\0\0\x7a\0\0\0\0\0\0\0\0\0\0\x02\x66\x04\0\0\0\0\0\0\x03\
\0\0\x0d\x02\0\0\0\0\0\0\0\x89\0\0\0\0\0\0\0\x8a\0\0\0\0\0\0\0\x89\0\0\0\0\0\0\
\0\0\0\0\x02\x68\x04\0\0\0\0\0\0\x02\0\0\x0d\x02\0\0\0\0\0\0\0\x8a\0\0\0\0\0\0\
\0\x89\0\0\0\0\0\0\0\0\0\0\x02\x6a\x04\0\0\0\0\0\0\x04\0\0\x0d\x02\0\0\0\0\0\0\
\0\xbf\0\0\0\0\0\0\0\x8a\0\0\0\0\0\0\0\x89\0\0\0\0\0\0\0\xcc\0\0\0\0\0\0\0\0\0\
\0\x02\x6c\x04\0\0\0\0\0\0\x04\0\0\x0d\x02\0\0\0\0\0\0\0\xbf\0\0\0\0\0\0\0\x8a\
\0\0\0\0\0\0\0\x89\0\0\0\0\0\0\0\x7c\x01\0\0\0\0\0\0\0\0\0\x02\x6e\x04\0\0\0\0\
\0\0\x05\0\0\x0d\x02\0\0\0\0\0\0\0\xbf\0\0\0\0\0\0\0\x8a\0\0\0\0\0\0\0\x89\0\0\
\0\0\0\0\0\x7c\x01\0\0\0\0\0\0\xf4\x01\0\0\0\0\0\0\0\0\0\x02\x70\x04\0\0\0\0\0\
\0\x06\0\0\x0d\x02\0\0\0\0\0\0\0\xbf\0\0\0\0\0\0\0\x8a\0\0\0\0\0\0\0\x89\0\0\0\
\0\0\0\0\x8a\0\0\0\0\0\0\0\x89\0\0\0\0\0\0\0\x12\0\0\0\0\0\0\0\0\0\0\x02\x72\
\x04\0\0\0\0\0\0\x03\0\0\x0d\x02\0\0\0\0\0\0\0\xbf\0\0\0\0\0\0\0\x89\0\0\0\0\0\
\0\0\x73\x04\0\0\0\0\0\0\0\0\0\x02\x74\x04\0\0\x73\x54\0\0\x09\0\0\x04\x50\0\0\
\0\x7e\x76\0\0\x12\0\0\0\0\0\0\0\x87\x76\0\0\x7c\x01\0\0\x20\0\0\0\x8f\x76\0\0\
\xa0\0\0\0\x40\0\0\0\x96\x76\0\0\xfc\0\0\0\x60\0\0\0\x9d\x76\0\0\x94\0\0\0\x80\
\0\0\0\xa5\x76\0\0\xf6\x01\0\0\xc0\0\0\0\xae\x76\0\0\xf6\x01\0\0\x40\x01\0\0\
\xb7\x76\0\0\xf6\x01\0\0\xc0\x01\0\0\xc0\x76\0\0\x84\0\0\0\x40\x02\0\0\0\0\0\0\
\0\0\0\x02\x76\x04\0\0\0\0\0\0\x05\0\0\x0d\x02\0\0\0\0\0\0\0\xbf\0\0\0\0\0\0\0\
\x40\x04\0\0\0\0\0\0\x77\x04\0\0\0\0\0\0\x10\0\0\0\0\0\0\0\x12\0\0\0\0\0\0\0\0\
\0\0\x02\x78\x04\0\0\xc8\x76\0\0\x12\0\0\x04\x90\0\0\0\xce\x76\0\0\x10\0\0\0\0\
\0\0\0\xe3\x25\0\0\x7c\x01\0\0\x20\0\0\0\x79\x75\0\0\x12\0\0\0\x40\0\0\0\xda\
\x76\0\0\x0e\x01\0\0\x60\0\0\0\xe2\x76\0\0\x31\0\0\0\x80\0\0\0\xed\x76\0\0\x31\
\0\0\0\xc0\0\0\0\xfd\x76\0\0\x31\0\0\0\0\x01\0\0\xd1\x2c\0\0\xf4\x01\0\0\x40\
\x01\0\0\x01\x77\0\0\xf4\x01\0\0\x60\x01\0\0\x2b\x1a\0\0\xa0\0\0\0\x80\x01\0\0\
\xce\x1e\0\0\xfc\0\0\0\xa0\x01\0\0\xe0\x1a\0\0\x94\0\0\0\xc0\x01\0\0\x06\x77\0\
\0\xf6\x01\0\0\0\x02\0\0\x0c\x77\0\0\xf6\x01\0\0\x80\x02\0\0\x12\x77\0\0\xf6\
\x01\0\0\0\x03\0\0\x18\x77\0\0\xf6\x01\0\0\x80\x03\0\0\x1e\x77\0\0\x31\0\0\0\0\
\x04\0\0\x25\x77\0\0\x31\0\0\0\x40\x04\0\0\0\0\0\0\0\0\0\x02\x7a\x04\0\0\0\0\0\
\0\x03\0\0\x0d\x2c\x02\0\0\0\0\0\0\x89\0\0\0\0\0\0\0\x21\x01\0\0\0\0\0\0\x18\
\x01\0\0\0\0\0\0\0\0\0\x02\x7c\x04\0\0\0\0\0\0\x04\0\0\x0d\x02\0\0\0\0\0\0\0\
\x8a\0\0\0\0\0\0\0\x7d\x04\0\0\0\0\0\0\x31\0\0\0\0\0\0\0\x31\0\0\0\0\0\0\0\0\0\
\0\x02\x7e\x04\0\0\x2c\x77\0\0\x04\0\0\x04\x18\0\0\0\x3f\x77\0\0\x12\0\0\0\0\0\
\0\0\x48\x77\0\0\x12\0\0\0\x20\0\0\0\x5a\x77\0\0\x12\0\0\0\x40\0\0\0\x69\x77\0\
\0\x7f\x04\0\0\x80\0\0\0\0\0\0\0\0\0\0\x02\xa3\x07\0\0\0\0\0\0\0\0\0\x02\x81\
\x04\0\0\0\0\0\0\x03\0\0\x0d\x02\0\0\0\0\0\0\0\x8a\0\0\0\0\0\0\0\x82\x04\0\0\0\
\0\0\0\x02\0\0\0\0\0\0\0\0\0\0\x02\xf6\x01\0\0\0\0\0\0\0\0\0\x02\x84\x04\0\0\0\
\0\0\0\x05\0\0\x0d\x02\0\0\0\0\0\0\0\x8a\0\0\0\0\0\0\0\x89\0\0\0\0\0\0\0\x84\0\
\0\0\0\0\0\0\x12\0\0\0\0\0\0\0\x7c\x01\0\0\0\0\0\0\0\0\0\x02\x86\x04\0\0\0\0\0\
\0\x04\0\0\x0d\x02\0\0\0\0\0\0\0\xbf\0\0\0\0\0\0\0\x8a\0\0\0\0\0\0\0\xea\x01\0\
\0\0\0\0\0\x02\0\0\0\0\0\0\0\0\0\0\x02\x88\x04\0\0\0\0\0\0\x03\0\0\x0d\x02\0\0\
\0\0\0\0\0\xbf\0\0\0\0\0\0\0\x89\0\0\0\0\0\0\0\x89\x04\0\0\0\0\0\0\0\0\0\x02\
\x8a\x04\0\0\x7a\x77\0\0\x08\0\0\x84\x1c\0\0\0\xac\0\0\0\x10\0\0\0\0\0\0\0\x83\
\x77\0\0\x10\0\0\0\x20\0\0\0\x8e\x77\0\0\x10\0\0\0\x40\0\0\0\x9a\x77\0\0\x10\0\
\0\0\x60\0\0\0\xa7\x77\0\0\x10\0\0\0\x80\0\0\0\xb2\x77\0\0\x10\0\0\0\xa0\0\0\0\
\xc1\x77\0\0\x7a\0\0\0\xc0\0\0\x01\xcd\x77\0\0\x7a\0\0\0\xc1\0\0\x01\0\0\0\0\0\
\0\0\x02\x8c\x04\0\0\0\0\0\0\x02\0\0\x0d\x02\0\0\0\0\0\0\0\x89\0\0\0\0\0\0\0\
\x89\x04\0\0\0\0\0\0\x02\0\0\x05\x08\0\0\0\xd7\x77\0\0\x8e\x04\0\0\0\0\0\0\xe0\
\x77\0\0\x8b\0\0\0\0\0\0\0\0\0\0\0\0\0\0\x02\x8f\x04\0\0\0\0\0\0\0\0\0\x0a\xe6\
\x06\0\0\0\0\0\0\x02\0\0\x05\x08\0\0\0\xed\x77\0\0\x3c\x01\0\0\0\0\0\0\xf5\x77\
\0\0\x98\x04\0\0\0\0\0\0\x01\x78\0\0\x04\0\0\x04\x20\0\0\0\xda\x1a\0\0\x92\x04\
\0\0\0\0\0\0\xa0\x2d\0\0\x94\x04\0\0\x40\0\0\0\x3b\x0c\0\0\x96\x04\0\0\x80\0\0\
\0\x10\x78\0\0\x98\x04\0\0\xc0\0\0\0\0\0\0\0\0\0\0\x02\x93\x04\0\0\0\0\0\0\x02\
\0\0\x0d\x1c\0\0\0\0\0\0\0\x3a\x01\0\0\0\0\0\0\x81\x01\0\0\0\0\0\0\0\0\0\x02\
\x95\x04\0\0\0\0\0\0\x02\0\0\x0d\0\0\0\0\0\0\0\0\x3a\x01\0\0\0\0\0\0\x1c\0\0\0\
\0\0\0\0\0\0\0\x02\x97\x04\0\0\0\0\0\0\x03\0\0\x0d\x1c\0\0\0\0\0\0\0\x3a\x01\0\
\0\0\0\0\0\x1c\0\0\0\0\0\0\0\x81\x01\0\0\0\0\0\0\0\0\0\x02\x99\x04\0\0\0\0\0\0\
\x02\0\0\x0d\x02\0\0\0\0\0\0\0\x3a\x01\0\0\0\0\0\0\x1c\0\0\0\x15\x78\0\0\0\0\0\
\x08\x9b\x04\0\0\0\0\0\0\0\0\0\x02\x9c\x04\0\0\0\0\0\0\x03\0\0\x0d\x02\0\0\0\0\
\0\0\0\x84\0\0\0\0\0\0\0\x21\x01\0\0\0\0\0\0\x18\x01\0\0\x22\x78\0\0\0\0\0\x08\
\x10\0\0\0\0\0\0\0\0\0\0\x03\0\0\0\0\xce\0\0\0\x04\0\0\0\0\0\0\0\0\0\0\0\0\0\0\
\x02\xa0\x04\0\0\x2a\x78\0\0\x5c\0\0\x84\x10\x03\0\0\x2f\x78\0\0\xa1\x04\0\0\0\
\0\0\0\x3b\x78\0\0\xbe\x04\0\0\x40\x04\0\0\x43\x78\0\0\x1f\0\0\0\x40\x05\0\0\
\x4c\x78\0\0\x02\0\0\0\x60\x05\0\0\x58\x78\0\0\xc0\x04\0\0\x80\x05\0\0\x67\x78\
\0\0\xc1\x04\0\0\x40\x06\0\0\x77\x78\0\0\xc0\x04\0\0\x80\x06\0\0\x88\x78\0\0\
\xd9\x04\0\0\x40\x07\0\0\x93\x78\0\0\x02\0\0\0\0\x08\0\0\xa4\x78\0\0\x12\0\0\0\
\x20\x08\0\0\xaf\x78\0\0\x12\0\0\0\x40\x08\0\0\xba\x78\0\0\x02\0\0\0\x60\x08\0\
\0\xc4\x78\0\0\xda\x04\0\0\x80\x08\0\0\0\0\0\0\xdb\x04\0\0\xc0\x08\0\0\xce\x78\
\0\0\xec\x04\0\0\0\x09\0\0\xd8\x78\0\0\xed\x04\0\0\x80\x09\0\0\xe2\x78\0\0\x02\
\0\0\0\xc0\x09\0\0\xf4\x78\0\0\x10\0\0\0\xe0\x09\0\0\x05\x79\0\0\xed\x04\0\0\0\
\x0a\0\0\x12\x79\0\0\x1f\0\0\0\x40\x0a\0\0\x20\x79\0\0\x02\0\0\0\x60\x0a\0\0\
\x2a\x79\0\0\x02\0\0\0\x80\x0a\0\0\x39\x79\0\0\x1d\0\0\0\xa0\x0a\0\0\x47\x79\0\
\0\x0f\0\0\0\xc0\x0a\0\0\0\0\0\0\x6a\x05\0\0\0\x0b\0\0\x54\x79\0\0\xc1\x04\0\0\
\x40\x0b\0\0\x64\x79\0\0\xc0\x04\0\0\x80\x0b\0\0\x73\x79\0\0\x08\x01\0\0\x40\
\x0c\0\0\x7f\x79\0\0\x02\0\0\0\x60\x0c\0\0\x90\x79\0\0\x11\0\0\0\x80\x0c\0\0\
\xa7\x79\0\0\x10\0\0\0\xa0\x0c\0\0\xb8\x79\0\0\x18\0\0\0\xc0\x0c\0\0\xc4\x79\0\
\0\xc4\x01\0\0\0\x0d\0\0\xcd\x79\0\0\x11\0\0\0\x40\x0e\0\0\xd9\x79\0\0\x11\0\0\
\0\x60\x0e\0\0\xe1\x79\0\0\x0f\0\0\0\x80\x0e\0\0\xf0\x79\0\0\x0f\0\0\0\xc0\x0e\
\0\0\x03\x7a\0\0\xbe\x01\0\0\0\x0f\0\0\x0b\x7a\0\0\xf5\x04\0\0\x80\x0f\0\0\x19\
\x7a\0\0\xf5\x04\0\0\xc0\x0f\0\0\x29\x7a\0\0\xf5\x04\0\0\0\x10\0\0\x3e\x7a\0\0\
\x02\0\0\0\x40\x10\0\0\x4a\x7a\0\0\x12\0\0\0\x60\x10\0\0\x5a\x7a\0\0\xad\x02\0\
\0\x80\x10\0\0\x68\x7a\0\0\x11\0\0\0\xa0\x10\0\0\x72\x7a\0\0\x45\0\0\0\xc0\x10\
\0\x01\x7d\x7a\0\0\x45\0\0\0\xc1\x10\0\x01\x8a\x7a\0\0\x45\0\0\0\xc2\x10\0\x01\
\x99\x7a\0\0\x45\0\0\0\xc3\x10\0\x01\xa8\x7a\0\0\x45\0\0\0\xc4\x10\0\x04\xb5\
\x7a\0\0\x45\0\0\0\xc8\x10\0\0\xc5\x7a\0\0\x25\0\0\0\xd0\x10\0\0\xcd\x7a\0\0\
\x25\0\0\0\xe0\x10\0\0\xd9\x7a\0\0\x25\0\0\0\xf0\x10\0\0\xe9\x7a\0\0\x0f\0\0\0\
\0\x11\0\0\xf7\x7a\0\0\xae\x04\0\0\x40\x11\0\0\x07\x7b\0\0\x97\0\0\0\x80\x11\0\
\0\x18\x7b\0\0\x02\0\0\0\xc0\x11\0\0\x1f\x7b\0\0\x02\0\0\0\xe0\x11\0\0\x2b\x7b\
\0\0\x10\0\0\0\0\x12\0\0\x3a\x7b\0\0\x10\0\0\0\x20\x12\0\0\x4d\x7b\0\0\xa0\0\0\
\0\x40\x12\0\0\x54\x7b\0\0\x45\0\0\0\x60\x12\0\0\x68\x7b\0\0\x25\0\0\0\x70\x12\
\0\0\x7c\x7b\0\0\x8d\0\0\0\x80\x12\0\0\x89\x7b\0\0\x9e\0\0\0\xc0\x12\0\0\x95\
\x7b\0\0\xa4\0\0\0\0\x13\0\0\xa2\x7b\0\0\x18\0\0\0\x40\x13\0\0\xae\x7b\0\0\x50\
\0\0\0\x80\x13\0\0\xb7\x7b\0\0\x25\0\0\0\xc0\x13\0\0\xc2\x7b\0\0\x02\0\0\0\xe0\
\x13\0\0\xce\x7b\0\0\x45\0\0\0\0\x14\0\0\xda\x7b\0\0\x1f\0\0\0\x20\x14\0\0\xe3\
\x7b\0\0\x1f\0\0\0\x40\x14\0\0\xec\x7b\0\0\x45\0\0\0\x60\x14\0\0\xf7\x7b\0\0\
\x45\0\0\0\x68\x14\0\x01\x0f\x7c\0\0\x45\0\0\0\x69\x14\0\x01\x27\x7c\0\0\x45\0\
\0\0\x6a\x14\0\x06\x38\x7c\0\0\xb0\x05\0\0\x80\x14\0\0\x42\x7c\0\0\x1c\0\0\0\
\xc0\x14\0\0\x4f\x7c\0\0\x1c\0\0\0\0\x15\0\0\x5b\x7c\0\0\xb1\x05\0\0\x40\x15\0\
\0\x68\x7c\0\0\x4c\x04\0\0\xc0\x15\0\0\x71\x7c\0\0\x7d\x05\0\0\0\x16\0\0\x81\
\x7c\0\0\x7d\x05\0\0\x40\x16\0\0\x8f\x7c\0\0\x7d\x05\0\0\x80\x16\0\0\x9e\x7c\0\
\0\x7d\x05\0\0\xc0\x16\0\0\xae\x7c\0\0\x93\x05\0\0\0\x17\0\0\xbd\x7c\0\0\x7d\
\x05\0\0\x40\x17\0\0\xc9\x7c\0\0\xb2\x05\0\0\x80\x17\0\0\xd9\x7c\0\0\xc9\x01\0\
\0\xc0\x17\0\0\xe8\x7c\0\0\x66\0\0\0\0\x18\0\0\xef\x7c\0\0\x19\0\0\x84\x88\0\0\
\0\0\0\0\0\xa2\x04\0\0\0\0\0\0\0\0\0\0\xa6\x04\0\0\x40\0\0\0\0\0\0\0\xa8\x04\0\
\0\x60\0\0\0\xfb\x7c\0\0\x27\0\0\0\x80\0\0\0\x06\x7d\0\0\xac\x04\0\0\x90\0\0\0\
\x10\x7d\0\0\x47\0\0\0\x98\0\0\x04\x1a\x7d\0\0\x47\0\0\0\x9c\0\0\x01\x28\x7d\0\
\0\x47\0\0\0\x9d\0\0\x01\x35\x7d\0\0\x47\0\0\0\x9e\0\0\x01\x44\x7d\0\0\x02\0\0\
\0\xa0\0\0\0\0\0\0\0\xad\x04\0\0\xc0\0\0\0\x55\x7d\0\0\xae\x04\0\0\x40\x01\0\0\
\x5e\x7d\0\0\xaf\x04\0\0\x80\x01\0\0\x66\x7d\0\0\xb1\x04\0\0\xc0\x01\0\0\x73\
\x7d\0\0\xb1\x04\0\0\x40\x02\0\0\x84\x7d\0\0\x5f\0\0\0\xc0\x02\0\0\0\0\0\0\xb5\
\x04\0\0\0\x03\0\0\x8f\x7d\0\0\xb7\x04\0\0\x40\x03\0\0\0\0\0\0\xb8\x04\0\0\x40\
\x03\0\0\xa2\x7d\0\0\x27\0\0\0\xc0\x03\0\0\xb7\x7d\0\0\x27\0\0\0\xd0\x03\0\0\0\
\0\0\0\xbc\x04\0\0\xe0\x03\0\0\xcc\x7d\0\0\x1d\0\0\0\0\x04\0\0\xd7\x7d\0\0\xb7\
\x04\0\0\x20\x04\0\0\0\0\0\0\xbd\x04\0\0\x20\x04\0\0\0\0\0\0\x02\0\0\x05\x08\0\
\0\0\xe8\x7d\0\0\xa3\x04\0\0\0\0\0\0\0\0\0\0\xa4\x04\0\0\0\0\0\0\xf5\x7d\0\0\0\
\0\0\x08\x32\0\0\0\0\0\0\0\x02\0\0\x04\x08\0\0\0\0\x7e\0\0\xa5\x04\0\0\0\0\0\0\
\x0a\x7e\0\0\xa5\x04\0\0\x20\0\0\0\x18\x7e\0\0\0\0\0\x08\x11\0\0\0\0\0\0\0\x02\
\0\0\x05\x04\0\0\0\x1f\x7e\0\0\x12\0\0\0\0\0\0\0\x28\x7e\0\0\xa7\x04\0\0\0\0\0\
\0\0\0\0\0\0\0\0\x03\0\0\0\0\x26\0\0\0\x04\0\0\0\x02\0\0\0\0\0\0\0\x02\0\0\x05\
\x04\0\0\0\x36\x7e\0\0\xa9\x04\0\0\0\0\0\0\0\0\0\0\xaa\x04\0\0\0\0\0\0\x43\x7e\
\0\0\0\0\0\x08\x11\0\0\0\0\0\0\0\x02\0\0\x04\x04\0\0\0\x4e\x7e\0\0\xab\x04\0\0\
\0\0\0\0\x58\x7e\0\0\x26\0\0\0\x10\0\0\0\x60\x7e\0\0\0\0\0\x08\x26\0\0\0\0\0\0\
\0\0\0\0\x09\x47\0\0\0\0\0\0\0\x02\0\0\x05\x10\0\0\0\x67\x7e\0\0\xf0\0\0\0\0\0\
\0\0\x75\x7e\0\0\xf0\0\0\0\0\0\0\0\0\0\0\0\0\0\0\x02\x6b\x05\0\0\x87\x7e\0\0\0\
\0\0\x08\xb0\x04\0\0\0\0\0\0\x01\0\0\x04\x08\0\0\0\xae\x73\0\0\x46\x03\0\0\0\0\
\0\0\x96\x7e\0\0\x01\0\0\x04\x10\0\0\0\x9f\x7e\0\0\xb2\x04\0\0\0\0\0\0\0\0\0\0\
\x03\0\0\x05\x10\0\0\0\xa5\x7e\0\0\x24\x04\0\0\0\0\0\0\xae\x7e\0\0\xb3\x04\0\0\
\0\0\0\0\xb8\x7e\0\0\xb4\x04\0\0\0\0\0\0\0\0\0\0\0\0\0\x03\0\0\0\0\xab\x04\0\0\
\x04\0\0\0\x08\0\0\0\0\0\0\0\0\0\0\x03\0\0\0\0\xa5\x04\0\0\x04\0\0\0\x04\0\0\0\
\0\0\0\0\x03\0\0\x05\x08\0\0\0\xc2\x7e\0\0\x0f\0\0\0\0\0\0\0\xcc\x7e\0\0\x9f\
\x04\0\0\0\0\0\0\xd9\x7e\0\0\xb6\x04\0\0\0\0\0\0\0\0\0\0\0\0\0\x02\xce\x05\0\0\
\0\0\0\0\0\0\0\x03\0\0\0\0\x02\0\0\0\x04\0\0\0\0\0\0\0\0\0\0\0\x02\0\0\x05\x10\
\0\0\0\xe3\x7e\0\0\xf0\0\0\0\0\0\0\0\xec\x7e\0\0\xb9\x04\0\0\0\0\0\0\xfb\x7e\0\
\0\x02\0\0\x04\x10\0\0\0\x3b\x0c\0\0\xba\x04\0\0\0\0\0\0\x4e\x1e\0\0\xbb\x04\0\
\0\x40\0\0\0\0\0\0\0\0\0\0\x02\xb9\x04\0\0\0\0\0\0\0\0\0\x02\xba\x04\0\0\0\0\0\
\0\x03\0\0\x05\x04\0\0\0\x0c\x7f\0\0\x02\0\0\0\0\0\0\0\x1d\x7f\0\0\x10\0\0\0\0\
\0\0\0\x29\x7f\0\0\x10\0\0\0\0\0\0\0\0\0\0\0\x03\0\0\x05\x04\0\0\0\x38\x7f\0\0\
\x10\0\0\0\0\0\0\0\x43\x7f\0\0\x10\0\0\0\0\0\0\0\x54\x7f\0\0\x10\0\0\0\0\0\0\0\
\x63\x7f\0\0\0\0\0\x08\xbf\x04\0\0\0\0\0\0\x03\0\0\x04\x20\0\0\0\x71\x7f\0\0\
\x8d\0\0\0\0\0\0\0\x77\x7f\0\0\x02\0\0\0\x20\0\0\0\x7f\x14\0\0\xeb\0\0\0\x40\0\
\0\0\x7d\x7f\0\0\x04\0\0\x04\x18\0\0\0\x3b\x0c\0\0\xc1\x04\0\0\0\0\0\0\x5c\x0d\
\0\0\xc1\x04\0\0\x40\0\0\0\x8a\x7f\0\0\x11\0\0\0\x80\0\0\0\x81\x11\0\0\x8d\0\0\
\0\xa0\0\0\0\0\0\0\0\0\0\0\x02\xc2\x04\0\0\x8f\x7f\0\0\x4c\0\0\x84\xe0\0\0\0\0\
\0\0\0\xc3\x04\0\0\0\0\0\0\0\0\0\0\xc7\x04\0\0\xc0\0\0\0\0\0\0\0\xc8\x04\0\0\0\
\x01\0\0\x97\x7f\0\0\xc9\x04\0\0\x40\x01\0\0\0\0\0\0\xca\x04\0\0\xc0\x02\0\0\
\x9a\x7f\0\0\x0f\0\0\0\x40\x03\0\0\x98\x26\0\0\x12\0\0\0\x80\x03\0\0\xa0\x7f\0\
\0\x12\0\0\0\xa0\x03\0\0\xa9\x7f\0\0\x26\0\0\0\xc0\x03\0\0\xb1\x7f\0\0\x26\0\0\
\0\xd0\x03\0\0\xb9\x7f\0\0\x26\0\0\0\xe0\x03\0\0\xc7\x7f\0\0\xce\x04\0\0\xf0\
\x03\0\0\xd7\x7f\0\0\x46\0\0\0\xf0\x03\0\x01\xde\x7f\0\0\x46\0\0\0\xf1\x03\0\
\x01\xe4\x7f\0\0\x46\0\0\0\xf2\x03\0\x02\xeb\x7f\0\0\x46\0\0\0\xf4\x03\0\x01\
\xf2\x7f\0\0\x46\0\0\0\xf5\x03\0\x01\xfc\x7f\0\0\x46\0\0\0\xf6\x03\0\x01\x07\
\x80\0\0\x46\0\0\0\xf7\x03\0\x01\x12\x80\0\0\x46\0\0\0\xf8\x03\0\0\x24\x80\0\0\
\xcf\x04\0\0\0\x04\0\0\x32\x80\0\0\xce\x04\0\0\0\x04\0\0\x44\x80\0\0\x46\0\0\0\
\0\x04\0\x03\x4d\x80\0\0\x46\0\0\0\x03\x04\0\x01\x57\x80\0\0\x46\0\0\0\x04\x04\
\0\x01\x60\x80\0\0\x46\0\0\0\x05\x04\0\x02\x6a\x80\0\0\x46\0\0\0\x07\x04\0\x01\
\x73\x80\0\0\x46\0\0\0\x08\x04\0\x01\x7b\x80\0\0\x46\0\0\0\x09\x04\0\x01\x83\
\x80\0\0\x46\0\0\0\x0a\x04\0\x01\x94\x80\0\0\x46\0\0\0\x0b\x04\0\x01\x9f\x80\0\
\0\x46\0\0\0\x0c\x04\0\x01\xa6\x80\0\0\x46\0\0\0\x0d\x04\0\x01\xb4\x80\0\0\x46\
\0\0\0\x0e\x04\0\x01\xc3\x80\0\0\x46\0\0\0\x0f\x04\0\x01\xce\x80\0\0\xce\x04\0\
\0\x10\x04\0\0\xe8\x80\0\0\x46\0\0\0\x10\x04\0\x01\xf5\x80\0\0\x46\0\0\0\x11\
\x04\0\x01\x06\x81\0\0\x46\0\0\0\x12\x04\0\x02\x11\x81\0\0\x46\0\0\0\x14\x04\0\
\x01\x1f\x81\0\0\x46\0\0\0\x15\x04\0\x01\x33\x81\0\0\x46\0\0\0\x16\x04\0\x02\
\x42\x81\0\0\x46\0\0\0\x18\x04\0\x01\x50\x81\0\0\x46\0\0\0\x19\x04\0\x01\x64\
\x81\0\0\x46\0\0\0\x1a\x04\0\x01\x74\x81\0\0\x46\0\0\0\x1b\x04\0\x01\x85\x81\0\
\0\x46\0\0\0\x1c\x04\0\x01\x93\x81\0\0\x46\0\0\0\x1d\x04\0\x01\x9e\x81\0\0\x46\
\0\0\0\x1e\x04\0\x01\xa7\x81\0\0\x46\0\0\0\x1f\x04\0\x01\xb4\x81\0\0\x26\0\0\0\
\x20\x04\0\0\0\0\0\0\xd0\x04\0\0\x40\x04\0\0\x15\x63\0\0\x11\0\0\0\x60\x04\0\0\
\xbd\x81\0\0\x02\0\0\0\x80\x04\0\0\xa3\x20\0\0\x11\0\0\0\xa0\x04\0\0\xc5\x81\0\
\0\xab\x04\0\0\xc0\x04\0\0\xd0\x81\0\0\x26\0\0\0\xd0\x04\0\0\0\0\0\0\xd3\x04\0\
\0\xe0\x04\0\0\xd9\x81\0\0\x11\0\0\0\0\x05\0\0\0\0\0\0\xd4\x04\0\0\x20\x05\0\0\
\0\0\0\0\xd5\x04\0\0\x40\x05\0\0\xe1\x81\0\0\x26\0\0\0\x50\x05\0\0\xf8\x81\0\0\
\x26\0\0\0\x60\x05\0\0\x0d\x82\0\0\x26\0\0\0\x70\x05\0\0\x1e\x82\0\0\xab\x04\0\
\0\x80\x05\0\0\x27\x82\0\0\x26\0\0\0\x90\x05\0\0\x38\x82\0\0\x26\0\0\0\xa0\x05\
\0\0\x47\x82\0\0\x26\0\0\0\xb0\x05\0\0\x52\x82\0\0\xcf\x04\0\0\xc0\x05\0\0\xf8\
\x11\0\0\xd6\x04\0\0\xc0\x05\0\0\x5e\x82\0\0\xd6\x04\0\0\xe0\x05\0\0\x36\x1e\0\
\0\xd7\x04\0\0\0\x06\0\0\x30\x14\0\0\xd7\x04\0\0\x40\x06\0\0\x62\x82\0\0\x12\0\
\0\0\x80\x06\0\0\x6b\x82\0\0\x1d\0\0\0\xa0\x06\0\0\x71\x82\0\0\xd8\x04\0\0\xc0\
\x06\0\0\0\0\0\0\x03\0\0\x05\x18\0\0\0\0\0\0\0\xc4\x04\0\0\0\0\0\0\x7c\x82\0\0\
\x2d\0\0\0\0\0\0\0\x94\x13\0\0\x2f\0\0\0\0\0\0\0\0\0\0\0\x03\0\0\x04\x18\0\0\0\
\x3b\x0c\0\0\xc1\x04\0\0\0\0\0\0\x5c\x0d\0\0\xc1\x04\0\0\x40\0\0\0\0\0\0\0\xc5\
\x04\0\0\x80\0\0\0\0\0\0\0\x02\0\0\x05\x08\0\0\0\xd1\x2c\0\0\xc6\x04\0\0\0\0\0\
\0\x83\x82\0\0\x0f\0\0\0\0\0\0\0\0\0\0\0\0\0\0\x02\xef\x04\0\0\0\0\0\0\x02\0\0\
\x05\x08\0\0\0\x8f\x82\0\0\x9f\x04\0\0\0\0\0\0\x92\x82\0\0\x02\0\0\0\0\0\0\0\0\
\0\0\0\x02\0\0\x05\x08\0\0\0\xcf\x2a\0\0\x50\0\0\0\0\0\0\0\xa3\x82\0\0\x31\0\0\
\0\0\0\0\0\0\0\0\0\0\0\0\x03\0\0\0\0\xce\0\0\0\x04\0\0\0\x30\0\0\0\0\0\0\0\x03\
\0\0\x05\x10\0\0\0\0\0\0\0\xcb\x04\0\0\0\0\0\0\xb1\x82\0\0\x2f\0\0\0\0\0\0\0\
\xc4\x82\0\0\x0f\0\0\0\0\0\0\0\0\0\0\0\x02\0\0\x04\x10\0\0\0\xce\x82\0\0\x0f\0\
\0\0\0\0\0\0\xda\x82\0\0\xcc\x04\0\0\x40\0\0\0\0\0\0\0\0\0\0\x02\xcd\x04\0\0\0\
\0\0\0\x01\0\0\x0d\0\0\0\0\0\0\0\0\xc1\x04\0\0\0\0\0\0\0\0\0\x03\0\0\0\0\x46\0\
\0\0\x04\0\0\0\0\0\0\0\0\0\0\0\0\0\0\x03\0\0\0\0\x11\0\0\0\x04\0\0\0\0\0\0\0\0\
\0\0\0\x02\0\0\x05\x04\0\0\0\xe5\x82\0\0\xd1\x04\0\0\0\0\0\0\0\0\0\0\xd2\x04\0\
\0\0\0\0\0\xea\x82\0\0\0\0\0\x08\x11\0\0\0\0\0\0\0\x02\0\0\x04\x04\0\0\0\xf1\
\x82\0\0\x26\0\0\0\0\0\0\0\xfc\x82\0\0\x26\0\0\0\x10\0\0\0\0\0\0\0\x02\0\0\x05\
\x04\0\0\0\x08\x83\0\0\x12\0\0\0\0\0\0\0\x10\x83\0\0\x12\0\0\0\0\0\0\0\0\0\0\0\
\x02\0\0\x05\x04\0\0\0\x1b\x83\0\0\x11\0\0\0\0\0\0\0\x20\x83\0\0\x11\0\0\0\0\0\
\0\0\0\0\0\0\x02\0\0\x05\x02\0\0\0\x32\x83\0\0\xab\x04\0\0\0\0\0\0\x41\x83\0\0\
\x46\0\0\0\0\0\0\0\x4f\x83\0\0\0\0\0\x08\x12\0\0\0\0\0\0\0\0\0\0\x02\x47\0\0\0\
\0\0\0\0\0\0\0\x02\x5c\x07\0\0\0\0\0\0\x04\0\0\x04\x18\0\0\0\x5e\x83\0\0\x1f\0\
\0\0\0\0\0\0\x98\x26\0\0\x02\0\0\0\x20\0\0\0\x36\x1e\0\0\xc1\x04\0\0\x40\0\0\0\
\xf8\x11\0\0\xc1\x04\0\0\x80\0\0\0\0\0\0\0\0\0\0\x02\x64\x07\0\0\0\0\0\0\x02\0\
\0\x05\x08\0\0\0\x69\x83\0\0\xdc\x04\0\0\0\0\0\0\x6f\x83\0\0\xdc\x04\0\0\0\0\0\
\0\0\0\0\0\0\0\0\x02\xdd\x04\0\0\x79\x83\0\0\x04\0\0\x04\x40\0\0\0\xb3\x25\0\0\
\xeb\0\0\0\0\0\0\0\x83\x83\0\0\x58\x02\0\0\xc0\0\0\0\xac\0\0\0\x0f\0\0\0\0\x01\
\0\0\x90\x13\0\0\x66\0\0\0\x40\x01\0\0\0\0\0\0\0\0\0\x02\xdf\x04\0\0\x8f\x83\0\
\0\x1b\0\0\x04\x20\x03\0\0\x9b\x83\0\0\xaf\x04\0\0\0\0\0\0\xa2\x83\0\0\xf0\0\0\
\0\x40\0\0\0\xa8\x83\0\0\xf0\0\0\0\xc0\0\0\0\x81\x11\0\0\x97\0\0\0\x40\x01\0\0\
\xcb\x13\0\0\x1d\0\0\0\x80\x01\0\0\xf4\x3b\0\0\x10\0\0\0\xa0\x01\0\0\x1c\x56\0\
\0\xc4\x01\0\0\xc0\x01\0\0\xae\x83\0\0\x1f\0\0\0\0\x03\0\0\x15\x63\0\0\x10\0\0\
\0\x20\x03\0\0\x7a\x22\0\0\x10\0\0\0\x40\x03\0\0\xb4\x83\0\0\x10\0\0\0\x60\x03\
\0\0\x1b\x83\0\0\xe0\x04\0\0\x80\x03\0\0\x88\x26\0\0\xe1\x04\0\0\xc0\x03\0\0\
\xba\x83\0\0\xe4\x04\0\0\x80\x05\0\0\xbe\x83\0\0\xe5\x04\0\0\x80\x07\0\0\xc5\
\x83\0\0\xe6\x04\0\0\x80\x08\0\0\xca\x83\0\0\xe7\x04\0\0\x40\x09\0\0\xcf\x83\0\
\0\x7a\0\0\0\x80\x0b\0\0\x19\0\0\0\x45\0\0\0\x88\x0b\0\0\xde\x83\0\0\x45\0\0\0\
\x90\x0b\0\0\xac\0\0\0\x45\0\0\0\x98\x0b\0\0\xe5\x83\0\0\x45\0\0\0\xa0\x0b\0\0\
\xed\x83\0\0\x25\0\0\0\xb0\x0b\0\0\x5d\x0a\0\0\xe8\x04\0\0\xc0\x0b\0\0\xf4\x83\
\0\0\xeb\x04\0\0\0\x0c\0\0\xfd\x83\0\0\xf0\0\0\0\0\x18\0\0\x90\x13\0\0\x66\0\0\
\0\x80\x18\0\0\x10\x84\0\0\x02\0\0\x04\x08\0\0\0\x1a\x84\0\0\x11\0\0\0\0\0\0\0\
\x6a\x3e\0\0\x11\0\0\0\x20\0\0\0\x1c\x84\0\0\x0c\0\0\x04\x38\0\0\0\x2a\x84\0\0\
\xe2\x04\0\0\0\0\0\0\x30\x84\0\0\xe2\x04\0\0\x80\0\0\0\x36\x84\0\0\xab\x04\0\0\
\0\x01\0\0\x3c\x84\0\0\xab\x04\0\0\x10\x01\0\0\x47\x84\0\0\xab\x04\0\0\x20\x01\
\0\0\x4d\x84\0\0\xab\x04\0\0\x30\x01\0\0\xed\x83\0\0\x26\0\0\0\x40\x01\0\0\x58\
\x84\0\0\x46\0\0\0\x50\x01\0\0\x64\x84\0\0\x46\0\0\0\x58\x01\0\0\x70\x84\0\0\
\x46\0\0\0\x60\x01\0\0\xe6\x73\0\0\x02\0\0\0\x80\x01\0\0\x85\x1f\0\0\xa3\0\0\0\
\xa0\x01\0\0\x76\x84\0\0\0\0\0\x08\xe3\x04\0\0\0\0\0\0\x03\0\0\x05\x10\0\0\0\
\x85\x84\0\0\xa5\x04\0\0\0\0\0\0\x88\x84\0\0\xb4\x04\0\0\0\0\0\0\x8b\x84\0\0\
\xb1\x04\0\0\0\0\0\0\x8f\x84\0\0\x08\0\0\x04\x40\0\0\0\xa1\x84\0\0\x32\0\0\0\0\
\0\0\0\xb1\x84\0\0\x32\0\0\0\x40\0\0\0\xc1\x84\0\0\x32\0\0\0\x80\0\0\0\xd3\x84\
\0\0\x32\0\0\0\xc0\0\0\0\xe5\x84\0\0\x32\0\0\0\0\x01\0\0\xfe\x84\0\0\x32\0\0\0\
\x40\x01\0\0\x17\x85\0\0\x32\0\0\0\x80\x01\0\0\x30\x85\0\0\x32\0\0\0\xc0\x01\0\
\0\x49\x85\0\0\x04\0\0\x04\x20\0\0\0\x5b\x85\0\0\x32\0\0\0\0\0\0\0\x61\x85\0\0\
\x32\0\0\0\x40\0\0\0\x69\x85\0\0\x32\0\0\0\x80\0\0\0\x72\x85\0\0\x32\0\0\0\xc0\
\0\0\0\x7b\x85\0\0\x02\0\0\x04\x18\0\0\0\x92\x85\0\0\x2f\0\0\0\0\0\0\0\x9b\x52\
\0\0\x45\0\0\0\x80\0\0\0\x96\x85\0\0\x03\0\0\x04\x48\0\0\0\xa8\x85\0\0\xc0\x04\
\0\0\0\0\0\0\xb3\x85\0\0\xc4\x01\0\0\xc0\0\0\0\x16\x12\0\0\x0f\0\0\0\0\x02\0\0\
\0\0\0\0\0\0\0\x02\x39\x07\0\0\xbe\x85\0\0\x0b\0\0\x04\x40\0\0\0\xe1\x13\0\0\
\xea\x04\0\0\0\0\0\0\x30\x84\0\0\xe2\x04\0\0\xc0\0\0\0\xc8\x85\0\0\x27\0\0\0\
\x40\x01\0\0\xd5\x85\0\0\x10\0\0\0\x60\x01\0\0\xe3\x25\0\0\x45\0\0\0\x80\x01\0\
\0\xdb\x85\0\0\x45\0\0\0\x88\x01\0\0\xe1\x85\0\0\x45\0\0\0\x90\x01\0\0\xea\x85\
\0\0\x45\0\0\0\x98\x01\0\0\xf2\x85\0\0\x10\0\0\0\xa0\x01\0\0\xf9\x85\0\0\x10\0\
\0\0\xc0\x01\0\0\0\x86\0\0\x10\0\0\0\xe0\x01\0\0\x07\x86\0\0\x03\0\0\x04\x18\0\
\0\0\x2a\x84\0\0\xe2\x04\0\0\0\0\0\0\x0f\x86\0\0\xa5\x04\0\0\x80\0\0\0\x70\x84\
\0\0\x46\0\0\0\xa0\0\0\0\0\0\0\0\0\0\0\x03\0\0\0\0\xe9\x04\0\0\x04\0\0\0\x06\0\
\0\0\0\0\0\0\0\0\0\x03\0\0\0\0\xde\x04\0\0\x04\0\0\0\x02\0\0\0\0\0\0\0\0\0\0\
\x02\xee\x04\0\0\x13\x86\0\0\x13\0\0\x04\x70\0\0\0\xd1\x2c\0\0\xc6\x04\0\0\0\0\
\0\0\x30\x25\0\0\x63\x05\0\0\x40\0\0\0\x1d\x86\0\0\x0f\0\0\0\x80\0\0\0\x38\x13\
\0\0\x0f\0\0\0\xc0\0\0\0\xf7\x74\0\0\x64\x05\0\0\0\x01\0\0\x26\x86\0\0\x65\x05\
\0\0\x40\x01\0\0\x2c\x86\0\0\x67\x05\0\0\x80\x01\0\0\xac\0\0\0\x27\0\0\0\xc0\
\x01\0\0\x33\x86\0\0\xbc\0\0\0\xd0\x01\0\0\x3c\x86\0\0\x27\0\0\0\xe0\x01\0\0\
\x47\x86\0\0\x27\0\0\0\xf0\x01\0\0\x53\x86\0\0\x1f\0\0\0\0\x02\0\0\x5c\x86\0\0\
\x02\0\0\0\x20\x02\0\0\x62\x86\0\0\x0f\0\0\0\x40\x02\0\0\x6a\x86\0\0\x69\x05\0\
\0\x80\x02\0\0\x82\x14\0\0\x66\0\0\0\xc0\x02\0\0\x73\x86\0\0\xbc\0\0\0\x40\x03\
\0\0\x79\x86\0\0\xbc\0\0\0\x50\x03\0\0\x7f\x86\0\0\x11\0\0\0\x60\x03\0\0\x88\
\x86\0\0\x84\0\0\x84\xc0\x08\0\0\xe1\x20\0\0\x8d\x01\0\0\0\0\0\0\x93\x86\0\0\
\xf0\x04\0\0\x80\0\0\0\x9d\x86\0\0\xf1\x04\0\0\xc0\0\0\0\xa5\x86\0\0\x0f\0\0\0\
\0\x01\0\0\xad\x86\0\0\x0f\0\0\0\x40\x01\0\0\xb7\x86\0\0\x0f\0\0\0\x80\x01\0\0\
\x0b\x13\0\0\x0f\0\0\0\xc0\x01\0\0\xc1\x86\0\0\x2f\0\0\0\0\x02\0\0\xca\x86\0\0\
\x2f\0\0\0\x80\x02\0\0\xd4\x86\0\0\x2f\0\0\0\0\x03\0\0\xdf\x86\0\0\x2f\0\0\0\
\x80\x03\0\0\xea\x86\0\0\x2f\0\0\0\0\x04\0\0\xf4\x86\0\0\x2f\0\0\0\x80\x04\0\0\
\x03\x87\0\0\xf2\x04\0\0\0\x05\0\0\xac\0\0\0\x12\0\0\0\0\x06\0\0\x0c\x87\0\0\
\x12\0\0\0\x20\x06\0\0\x17\x87\0\0\xf3\x04\0\0\x40\x06\0\0\xe6\x73\0\0\x02\0\0\
\0\x80\x06\0\0\x22\x87\0\0\x27\0\0\0\xa0\x06\0\0\x29\x87\0\0\x27\0\0\0\xb0\x06\
\0\0\x39\x87\0\0\x12\0\0\0\xc0\x06\0\0\x3d\x87\0\0\x27\0\0\0\xe0\x06\0\0\x4d\
\x87\0\0\x27\0\0\0\xf0\x06\0\0\x5d\x87\0\0\xf5\x04\0\0\0\x07\0\0\x66\x87\0\0\
\xf5\x04\0\0\x40\x07\0\0\x72\x87\0\0\xf5\x04\0\0\x80\x07\0\0\x82\x87\0\0\xf5\
\x04\0\0\xc0\x07\0\0\x90\x87\0\0\xf5\x04\0\0\0\x08\0\0\xa0\x87\0\0\xf5\x04\0\0\
\x40\x08\0\0\xae\x87\0\0\xf5\x04\0\0\x80\x08\0\0\xc3\x87\0\0\x12\0\0\0\xc0\x08\
\0\0\xcb\x87\0\0\x12\0\0\0\xe0\x08\0\0\x19\0\0\0\x27\0\0\0\0\x09\0\0\xd3\x87\0\
\0\x47\0\0\0\x10\x09\0\0\xe2\x87\0\0\x47\0\0\0\x18\x09\0\0\x6f\x24\0\0\x02\0\0\
\0\x20\x09\0\0\x89\x58\0\0\xf6\x04\0\0\x40\x09\0\0\xf3\x87\0\0\x5e\0\0\0\0\x0f\
\0\0\xfe\x87\0\0\x5e\0\0\0\x40\x0f\0\0\x09\x88\0\0\x5e\0\0\0\x80\x0f\0\0\x16\
\x88\0\0\x1f\0\0\0\xc0\x0f\0\0\x27\x88\0\0\x1f\0\0\0\xe0\x0f\0\0\x3a\x88\0\0\
\x0e\x05\0\0\0\x10\0\0\x46\x88\0\0\x10\x05\0\0\x40\x10\0\0\x50\x88\0\0\x12\x05\
\0\0\x80\x10\0\0\x5b\x88\0\0\x47\0\0\0\xc0\x10\0\0\x65\x88\0\0\x47\0\0\0\xc8\
\x10\0\0\x6f\x88\0\0\x47\0\0\0\xd0\x10\0\0\x77\x88\0\0\x47\0\0\0\xd8\x10\0\0\
\x7b\x88\0\0\xb1\x03\0\0\xe0\x10\0\0\x85\x88\0\0\x47\0\0\0\xe0\x11\0\0\x96\x88\
\0\0\x47\0\0\0\xe8\x11\0\0\x9f\x88\0\0\x47\0\0\0\xf0\x11\0\0\xab\x88\0\0\x47\0\
\0\0\xf8\x11\0\0\xb7\x88\0\0\x27\0\0\0\0\x12\0\0\xc6\x88\0\0\x27\0\0\0\x10\x12\
\0\0\xcd\x88\0\0\x27\0\0\0\x20\x12\0\0\xd6\x88\0\0\x27\0\0\0\x30\x12\0\0\xdd\
\x88\0\0\x8d\0\0\0\x40\x12\0\0\xec\x88\0\0\x02\0\0\0\x60\x12\0\0\xf0\x88\0\0\
\x14\x05\0\0\x80\x12\0\0\xf3\x88\0\0\x14\x05\0\0\x80\x13\0\0\xf6\x88\0\0\x14\
\x05\0\0\x80\x14\0\0\0\x89\0\0\xdc\x01\0\0\x80\x15\0\0\x0c\x89\0\0\x12\0\0\0\
\xc0\x15\0\0\x18\x89\0\0\x12\0\0\0\xe0\x15\0\0\x21\x89\0\0\x7a\0\0\0\0\x16\0\0\
\x2c\x89\0\0\x18\x05\0\0\x40\x16\0\0\x36\x89\0\0\x19\x05\0\0\x80\x16\0\0\x3d\
\x89\0\0\x1a\x05\0\0\xc0\x16\0\0\x45\x89\0\0\x1b\x05\0\0\0\x17\0\0\x53\x89\0\0\
\x1c\x05\0\0\x40\x17\0\0\x62\x89\0\0\xd7\x04\0\0\x80\x17\0\0\x6b\x89\0\0\x1d\
\x05\0\0\xc0\x17\0\0\x6f\x89\0\0\x12\0\0\0\0\x18\0\0\x7d\x89\0\0\x12\0\0\0\x20\
\x18\0\0\x90\x89\0\0\x14\x03\0\0\x40\x18\0\0\x99\x89\0\0\x0f\0\0\0\x80\x18\0\0\
\xab\x89\0\0\x02\0\0\0\xc0\x18\0\0\xc0\x89\0\0\x1e\x05\0\0\0\x19\0\0\xcb\x89\0\
\0\x1c\0\0\0\x40\x19\0\0\xdb\x89\0\0\x24\x05\0\0\x80\x19\0\0\xe9\x89\0\0\x25\
\x05\0\0\xc0\x19\0\0\xf7\x89\0\0\x26\x05\0\0\0\x1a\0\0\x08\x8a\0\0\xb1\x03\0\0\
\x40\x1a\0\0\x12\x8a\0\0\x27\x05\0\0\x40\x1b\0\0\x1e\x8a\0\0\xf0\0\0\0\x80\x1b\
\0\0\x2a\x8a\0\0\x25\x05\0\0\0\x1c\0\0\x2e\x8a\0\0\x12\0\0\0\x40\x1c\0\0\x3c\
\x8a\0\0\x12\0\0\0\x60\x1c\0\0\x4f\x8a\0\0\x29\x05\0\0\x80\x1c\0\0\x55\x8a\0\0\
\x12\0\0\0\xc0\x1c\0\0\x62\x8a\0\0\x8d\0\0\0\xe0\x1c\0\0\x71\x8a\0\0\x3a\x05\0\
\0\0\x1d\0\0\x7b\x8a\0\0\x41\x05\0\0\x40\x1d\0\0\x84\x8a\0\0\x24\x05\0\0\xc0\
\x1d\0\0\x91\x8a\0\0\x47\x05\0\0\0\x1e\0\0\x9c\x8a\0\0\xc4\x01\0\0\0\x22\0\0\
\xab\x8a\0\0\x02\0\0\0\x40\x23\0\0\xba\x8a\0\0\x10\0\0\0\x60\x23\0\0\xcc\x8a\0\
\0\x2f\0\0\0\x80\x23\0\0\xd6\x8a\0\0\xf4\0\0\0\0\x24\0\0\xe2\x8a\0\0\x2f\0\0\0\
\x40\x24\0\0\xf2\x8a\0\0\x48\x05\0\0\xc0\x24\0\x08\xfc\x8a\0\0\x7a\0\0\0\xc8\
\x24\0\0\x06\x8b\0\0\x49\x05\0\0\xd0\x24\0\x10\x16\x8b\0\0\x7a\0\0\0\xe0\x24\0\
\0\x28\x8b\0\0\x4a\x05\0\0\0\x25\0\0\x38\x8b\0\0\xaf\x04\0\0\x40\x25\0\0\x3f\
\x8b\0\0\x1c\0\0\0\x80\x25\0\0\x47\x8b\0\0\x4c\x05\0\0\xc0\x25\0\0\0\0\0\0\x4d\
\x05\0\0\0\x26\0\0\xd1\x2c\0\0\xd1\x03\0\0\x40\x26\0\0\x54\x8b\0\0\x52\x05\0\0\
\x80\x3d\0\0\x61\x8b\0\0\xd5\x01\0\0\x80\x3e\0\0\x76\x8b\0\0\x53\x05\0\0\xc0\
\x3e\0\0\x84\x8b\0\0\x12\0\0\0\0\x3f\0\0\x91\x8b\0\0\x25\0\0\0\x20\x3f\0\0\x9e\
\x8b\0\0\xba\0\0\0\x30\x3f\0\0\xa5\x8b\0\0\x56\x05\0\0\x40\x3f\0\0\xaf\x8b\0\0\
\x57\x05\0\0\x40\x41\0\0\xbb\x8b\0\0\x58\x05\0\0\xc0\x41\0\0\xc2\x8b\0\0\x59\
\x05\0\0\0\x42\0\0\xca\x8b\0\0\x5b\x05\0\0\x40\x42\0\0\xdc\x8b\0\0\x5b\x05\0\0\
\x80\x42\0\0\xee\x8b\0\0\x7a\0\0\0\xc0\x42\0\0\xf9\x8b\0\0\x12\0\0\0\xc8\x42\0\
\x01\x05\x8c\0\0\x12\0\0\0\xc9\x42\0\x01\x0e\x8c\0\0\x2f\0\0\0\0\x43\0\0\x20\
\x8c\0\0\x5c\x05\0\0\x80\x43\0\0\x34\x8c\0\0\x5e\x05\0\0\xc0\x43\0\0\x43\x8c\0\
\0\x62\x05\0\0\0\x44\0\0\0\0\0\0\0\0\0\x02\xfc\x06\0\0\0\0\0\0\0\0\0\x02\xfd\
\x06\0\0\0\0\0\0\x02\0\0\x04\x20\0\0\0\x4d\x8c\0\0\x2f\0\0\0\0\0\0\0\x53\x8c\0\
\0\x2f\0\0\0\x80\0\0\0\0\0\0\0\0\0\0\x02\xf4\x04\0\0\0\0\0\0\0\0\0\x0a\xfe\x06\
\0\0\x59\x8c\0\0\0\0\0\x08\x31\0\0\0\x6b\x8c\0\0\x17\0\0\x04\xb8\0\0\0\0\0\0\0\
\xf7\x04\0\0\0\0\0\0\0\0\0\0\xf8\x04\0\0\x40\0\0\0\0\0\0\0\xf9\x04\0\0\x80\0\0\
\0\0\0\0\0\xfa\x04\0\0\xc0\0\0\0\0\0\0\0\xfb\x04\0\0\0\x01\0\0\0\0\0\0\xfc\x04\
\0\0\x40\x01\0\0\0\0\0\0\xfd\x04\0\0\x80\x01\0\0\0\0\0\0\xfe\x04\0\0\xc0\x01\0\
\0\0\0\0\0\xff\x04\0\0\0\x02\0\0\0\0\0\0\0\x05\0\0\x40\x02\0\0\0\0\0\0\x01\x05\
\0\0\x80\x02\0\0\0\0\0\0\x02\x05\0\0\xc0\x02\0\0\0\0\0\0\x03\x05\0\0\0\x03\0\0\
\0\0\0\0\x04\x05\0\0\x40\x03\0\0\0\0\0\0\x05\x05\0\0\x80\x03\0\0\0\0\0\0\x06\
\x05\0\0\xc0\x03\0\0\0\0\0\0\x07\x05\0\0\0\x04\0\0\0\0\0\0\x08\x05\0\0\x40\x04\
\0\0\0\0\0\0\x09\x05\0\0\x80\x04\0\0\0\0\0\0\x0a\x05\0\0\xc0\x04\0\0\0\0\0\0\
\x0b\x05\0\0\0\x05\0\0\0\0\0\0\x0c\x05\0\0\x40\x05\0\0\0\0\0\0\x0d\x05\0\0\x80\
\x05\0\0\0\0\0\0\x02\0\0\x05\x08\0\0\0\x7c\x8c\0\0\x0f\0\0\0\0\0\0\0\x87\x8c\0\
\0\x5e\0\0\0\0\0\0\0\0\0\0\0\x02\0\0\x05\x08\0\0\0\x94\x8c\0\0\x0f\0\0\0\0\0\0\
\0\x9f\x8c\0\0\x5e\0\0\0\0\0\0\0\0\0\0\0\x02\0\0\x05\x08\0\0\0\xac\x8c\0\0\x0f\
\0\0\0\0\0\0\0\xb5\x8c\0\0\x5e\0\0\0\0\0\0\0\0\0\0\0\x02\0\0\x05\x08\0\0\0\xc0\
\x8c\0\0\x0f\0\0\0\0\0\0\0\xc9\x8c\0\0\x5e\0\0\0\0\0\0\0\0\0\0\0\x02\0\0\x05\
\x08\0\0\0\xd4\x8c\0\0\x0f\0\0\0\0\0\0\0\xde\x8c\0\0\x5e\0\0\0\0\0\0\0\0\0\0\0\
\x02\0\0\x05\x08\0\0\0\xea\x8c\0\0\x0f\0\0\0\0\0\0\0\xf4\x8c\0\0\x5e\0\0\0\0\0\
\0\0\0\0\0\0\x02\0\0\x05\x08\0\0\0\xf3\x87\0\0\x0f\0\0\0\0\0\0\0\0\x8d\0\0\x5e\
\0\0\0\0\0\0\0\0\0\0\0\x02\0\0\x05\x08\0\0\0\xfe\x87\0\0\x0f\0\0\0\0\0\0\0\x0d\
\x8d\0\0\x5e\0\0\0\0\0\0\0\0\0\0\0\x02\0\0\x05\x08\0\0\0\x1a\x8d\0\0\x0f\0\0\0\
\0\0\0\0\x24\x8d\0\0\x5e\0\0\0\0\0\0\0\0\0\0\0\x02\0\0\x05\x08\0\0\0\x30\x8d\0\
\0\x0f\0\0\0\0\0\0\0\x3b\x8d\0\0\x5e\0\0\0\0\0\0\0\0\0\0\0\x02\0\0\x05\x08\0\0\
\0\x48\x8d\0\0\x0f\0\0\0\0\0\0\0\x59\x8d\0\0\x5e\0\0\0\0\0\0\0\0\0\0\0\x02\0\0\
\x05\x08\0\0\0\x6c\x8d\0\0\x0f\0\0\0\0\0\0\0\x7b\x8d\0\0\x5e\0\0\0\0\0\0\0\0\0\
\0\0\x02\0\0\x05\x08\0\0\0\x8c\x8d\0\0\x0f\0\0\0\0\0\0\0\x9a\x8d\0\0\x5e\0\0\0\
\0\0\0\0\0\0\0\0\x02\0\0\x05\x08\0\0\0\xaa\x8d\0\0\x0f\0\0\0\0\0\0\0\xba\x8d\0\
\0\x5e\0\0\0\0\0\0\0\0\0\0\0\x02\0\0\x05\x08\0\0\0\xcc\x8d\0\0\x0f\0\0\0\0\0\0\
\0\xdb\x8d\0\0\x5e\0\0\0\0\0\0\0\0\0\0\0\x02\0\0\x05\x08\0\0\0\xec\x8d\0\0\x0f\
\0\0\0\0\0\0\0\xfd\x8d\0\0\x5e\0\0\0\0\0\0\0\0\0\0\0\x02\0\0\x05\x08\0\0\0\x10\
\x8e\0\0\x0f\0\0\0\0\0\0\0\x22\x8e\0\0\x5e\0\0\0\0\0\0\0\0\0\0\0\x02\0\0\x05\
\x08\0\0\0\x36\x8e\0\0\x0f\0\0\0\0\0\0\0\x48\x8e\0\0\x5e\0\0\0\0\0\0\0\0\0\0\0\
\x02\0\0\x05\x08\0\0\0\x5c\x8e\0\0\x0f\0\0\0\0\0\0\0\x6b\x8e\0\0\x5e\0\0\0\0\0\
\0\0\0\0\0\0\x02\0\0\x05\x08\0\0\0\x7c\x8e\0\0\x0f\0\0\0\0\0\0\0\x90\x8e\0\0\
\x5e\0\0\0\0\0\0\0\0\0\0\0\x02\0\0\x05\x08\0\0\0\xa6\x8e\0\0\x0f\0\0\0\0\0\0\0\
\xb7\x8e\0\0\x5e\0\0\0\0\0\0\0\0\0\0\0\x02\0\0\x05\x08\0\0\0\xca\x8e\0\0\x0f\0\
\0\0\0\0\0\0\xd8\x8e\0\0\x5e\0\0\0\0\0\0\0\0\0\0\0\x02\0\0\x05\x08\0\0\0\xe8\
\x8e\0\0\x0f\0\0\0\0\0\0\0\xf6\x8e\0\0\x5e\0\0\0\0\0\0\0\0\0\0\0\0\0\0\x02\x0f\
\x05\0\0\0\0\0\0\0\0\0\x0a\x33\x07\0\0\0\0\0\0\0\0\0\x02\x11\x05\0\0\0\0\0\0\0\
\0\0\x0a\x34\x07\0\0\0\0\0\0\0\0\0\x02\x13\x05\0\0\0\0\0\0\0\0\0\x0a\x41\x07\0\
\0\x06\x8f\0\0\x03\0\0\x04\x20\0\0\0\x94\x13\0\0\x2f\0\0\0\0\0\0\0\x31\x1b\0\0\
\x02\0\0\0\x80\0\0\0\x8a\x28\0\0\x3b\0\0\0\xc0\0\0\0\xac\x2e\0\0\x04\0\0\x04\
\x60\0\0\0\x94\x13\0\0\x2f\0\0\0\0\0\0\0\x9d\x3e\0\0\x8d\0\0\0\x80\0\0\0\xd2\
\x36\0\0\xdb\x01\0\0\xc0\0\0\0\x1a\x8f\0\0\x16\x05\0\0\xc0\x02\0\0\0\0\0\0\0\0\
\0\x02\x17\x05\0\0\0\0\0\0\0\0\0\x0a\xfa\x06\0\0\0\0\0\0\0\0\0\x02\x42\x07\0\0\
\0\0\0\0\0\0\0\x02\x32\x07\0\0\0\0\0\0\0\0\0\x02\x43\x06\0\0\0\0\0\0\0\0\0\x02\
\x43\x07\0\0\0\0\0\0\0\0\0\x02\x48\x07\0\0\0\0\0\0\0\0\0\x02\x1d\x07\0\0\0\0\0\
\0\0\0\0\x02\x1f\x05\0\0\x25\x8f\0\0\0\0\0\x08\x20\x05\0\0\0\0\0\0\x01\0\0\x0d\
\x21\x05\0\0\0\0\0\0\x23\x05\0\0\x37\x8f\0\0\0\0\0\x08\x22\x05\0\0\x4b\x8f\0\0\
\x04\0\0\x06\x04\0\0\0\x5d\x8f\0\0\0\0\0\0\x71\x8f\0\0\x01\0\0\0\x84\x8f\0\0\
\x02\0\0\0\x95\x8f\0\0\x03\0\0\0\0\0\0\0\0\0\0\x02\xc1\x04\0\0\0\0\0\0\0\0\0\
\x02\x42\x05\0\0\0\0\0\0\0\0\0\x02\x28\x05\0\0\0\0\0\0\0\0\0\x02\xb5\x06\0\0\0\
\0\0\0\0\0\0\x02\x53\x07\0\0\xa5\x8f\0\0\x0c\0\0\x04\x40\x01\0\0\xd1\x2c\0\0\
\xc6\x04\0\0\0\0\0\0\x4f\x8a\0\0\x29\x05\0\0\x40\0\0\0\xb2\x8f\0\0\x29\x05\0\0\
\x80\0\0\0\xd2\x36\0\0\xdb\x01\0\0\xc0\0\0\0\xc1\x8f\0\0\x0f\0\0\0\xc0\x02\0\0\
\xcc\x8f\0\0\x0f\0\0\0\0\x03\0\0\xda\x8f\0\0\xc6\x04\0\0\x40\x03\0\0\xe1\x8f\0\
\0\x8d\0\0\0\0\x04\0\0\xec\x8f\0\0\x02\0\0\0\x20\x04\0\0\xfc\x8f\0\0\x0f\0\0\0\
\x40\x04\0\0\x0b\x13\0\0\x0f\0\0\0\x80\x04\0\0\x08\x90\0\0\x39\x05\0\0\0\x06\0\
\0\0\0\0\0\0\0\0\x02\x2a\x05\0\0\x0c\x90\0\0\x1b\0\0\x04\x40\x01\0\0\x12\x90\0\
\0\x2b\x05\0\0\0\0\0\0\x1a\x90\0\0\x2d\x05\0\0\x40\0\0\0\xac\0\0\0\x12\0\0\0\
\x80\0\0\0\x22\x90\0\0\x10\0\0\0\xa0\0\0\0\x30\x25\0\0\x2f\x05\0\0\xc0\0\0\0\
\x28\x90\0\0\x31\x05\0\0\0\x01\0\0\xa3\x20\0\0\xf0\0\0\0\x40\x01\0\0\x2d\x90\0\
\0\x10\0\0\0\xc0\x01\0\0\xc1\x04\0\0\x10\0\0\0\xe0\x01\0\0\x34\x90\0\0\x25\x05\
\0\0\0\x02\0\0\x3e\x90\0\0\x32\x05\0\0\x40\x02\0\0\x47\x90\0\0\x33\x05\0\0\x80\
\x02\0\0\x52\x90\0\0\x34\x05\0\0\xc0\x02\0\0\x5d\x90\0\0\x02\0\0\0\0\x03\0\0\
\xcb\x13\0\0\x1d\0\0\0\x20\x03\0\0\x61\x90\0\0\xc0\x04\0\0\0\x04\0\0\x69\x90\0\
\0\x35\x05\0\0\xc0\x04\0\0\x6b\x90\0\0\x36\x05\0\0\x80\x05\0\0\x72\x90\0\0\xaf\
\0\0\0\0\x06\0\0\x7a\x90\0\0\x37\x05\0\0\x20\x06\0\0\x0b\x13\0\0\x0f\0\0\0\xc0\
\x06\0\0\x81\x90\0\0\x29\x05\0\0\0\x07\0\0\x8c\x90\0\0\xc0\x04\0\0\x40\x07\0\0\
\x98\x90\0\0\x8d\0\0\0\0\x08\0\0\xa1\x90\0\0\x8d\0\0\0\x20\x08\0\0\x90\x13\0\0\
\x66\0\0\0\x40\x08\0\0\xa9\x90\0\0\x38\x05\0\0\0\x0a\0\0\0\0\0\0\0\0\0\x02\x2c\
\x05\0\0\0\0\0\0\x03\0\0\x0d\x02\0\0\0\0\0\0\0\xc1\x04\0\0\0\0\0\0\x29\x05\0\0\
\0\0\0\0\x23\x05\0\0\0\0\0\0\0\0\0\x02\x2e\x05\0\0\0\0\0\0\x01\0\0\x0d\xc1\x04\
\0\0\0\0\0\0\x29\x05\0\0\0\0\0\0\0\0\0\x02\x30\x05\0\0\0\0\0\0\0\0\0\x0a\x20\
\x07\0\0\0\0\0\0\0\0\0\x02\x51\x07\0\0\0\0\0\0\0\0\0\x02\x52\x07\0\0\0\0\0\0\0\
\0\0\x02\x45\x05\0\0\0\0\0\0\0\0\0\x02\x37\x05\0\0\xb2\x90\0\0\x04\0\0\x04\x18\
\0\0\0\x36\x1e\0\0\xc1\x04\0\0\0\0\0\0\xf8\x11\0\0\xc1\x04\0\0\x40\0\0\0\x8a\
\x7f\0\0\x11\0\0\0\x80\0\0\0\x81\x11\0\0\x8d\0\0\0\xa0\0\0\0\xc1\x90\0\0\x02\0\
\0\x04\x10\0\0\0\x5b\x85\0\0\x32\0\0\0\0\0\0\0\x61\x85\0\0\x32\0\0\0\x40\0\0\0\
\xd9\x90\0\0\x05\0\0\x04\x14\0\0\0\x8a\x7f\0\0\x11\0\0\0\0\0\0\0\xea\x90\0\0\
\x11\0\0\0\x20\0\0\0\xf2\x90\0\0\x11\0\0\0\x40\0\0\0\xf8\x90\0\0\x11\0\0\0\x60\
\0\0\0\x01\x91\0\0\x11\0\0\0\x80\0\0\0\0\0\0\0\0\0\0\x03\0\0\0\0\x18\0\0\0\x04\
\0\0\0\0\0\0\0\x08\x90\0\0\x0d\0\0\x04\x80\0\0\0\x0c\x91\0\0\x12\0\0\0\0\0\0\0\
\x17\x91\0\0\x12\0\0\0\x20\0\0\0\x21\x91\0\0\x12\0\0\0\x40\0\0\0\x22\x90\0\0\
\x12\0\0\0\0\x02\0\0\x2e\x91\0\0\x12\0\0\0\x20\x02\0\0\x3c\x91\0\0\x12\0\0\0\
\x40\x02\0\0\x49\x91\0\0\x12\0\0\0\x60\x02\0\0\x59\x91\0\0\x12\0\0\0\x80\x02\0\
\0\x6b\x91\0\0\x12\0\0\0\xa0\x02\0\0\x78\x91\0\0\x0f\0\0\0\xc0\x02\0\0\x89\x91\
\0\0\x12\0\0\0\0\x03\0\0\x93\x91\0\0\x12\0\0\0\x20\x03\0\0\x9d\x91\0\0\x12\0\0\
\0\x40\x03\0\0\0\0\0\0\0\0\0\x02\x54\x07\0\0\0\0\0\0\0\0\0\x02\x3c\x05\0\0\xad\
\x91\0\0\x04\0\0\x04\x18\0\0\0\x90\x13\0\0\x66\0\0\0\0\0\0\0\xba\x91\0\0\x12\0\
\0\0\x80\0\0\0\x9e\x8b\0\0\xba\0\0\0\xa0\0\0\0\xc1\x91\0\0\x40\x05\0\0\xc0\0\0\
\0\0\0\0\0\0\0\0\x02\x3e\x05\0\0\xca\x91\0\0\x04\0\0\x04\x18\0\0\0\x98\x26\0\0\
\x12\0\0\0\0\0\0\0\xd2\x91\0\0\x12\0\0\0\x20\0\0\0\x90\x13\0\0\x66\0\0\0\x40\0\
\0\0\xdc\x91\0\0\x3f\x05\0\0\xc0\0\0\0\0\0\0\0\0\0\0\x03\0\0\0\0\x25\0\0\0\x04\
\0\0\0\0\0\0\0\0\0\0\0\0\0\0\x03\0\0\0\0\x3d\x05\0\0\x04\0\0\0\0\0\0\0\0\0\0\0\
\0\0\0\x03\0\0\0\0\x3b\x05\0\0\x04\0\0\0\x02\0\0\0\xe3\x91\0\0\x05\0\0\x04\x30\
\0\0\0\xee\x91\0\0\x43\x05\0\0\0\0\0\0\xa1\x71\0\0\x44\x05\0\0\x40\0\0\0\x47\
\x90\0\0\x33\x05\0\0\x80\0\0\0\x52\x90\0\0\x34\x05\0\0\xc0\0\0\0\x90\x13\0\0\
\x66\0\0\0\0\x01\0\0\0\0\0\0\0\0\0\x02\x1e\x07\0\0\0\0\0\0\0\0\0\x02\x1f\x07\0\
\0\xfa\x91\0\0\x02\0\0\x04\x10\0\0\0\x6b\x90\0\0\x36\x05\0\0\0\0\0\0\x0f\x92\0\
\0\x46\x05\0\0\x80\0\0\0\x15\x92\0\0\0\0\0\x04\0\0\0\0\0\0\0\0\0\0\0\x03\0\0\0\
\0\x6f\0\0\0\x04\0\0\0\x10\0\0\0\0\0\0\0\x06\0\0\x06\x04\0\0\0\x24\x92\0\0\0\0\
\0\0\x39\x92\0\0\x01\0\0\0\x4b\x92\0\0\x02\0\0\0\x60\x92\0\0\x03\0\0\0\x74\x92\
\0\0\x04\0\0\0\x84\x92\0\0\x05\0\0\0\0\0\0\0\x02\0\0\x06\x04\0\0\0\x91\x92\0\0\
\0\0\0\0\xa7\x92\0\0\x01\0\0\0\0\0\0\0\0\0\0\x02\x4b\x05\0\0\0\0\0\0\x01\0\0\
\x0d\0\0\0\0\0\0\0\0\xc6\x04\0\0\xbe\x92\0\0\x02\0\0\x06\x04\0\0\0\xd2\x92\0\0\
\0\0\0\0\xdf\x92\0\0\x01\0\0\0\0\0\0\0\x03\0\0\x05\x08\0\0\0\xeb\x92\0\0\x4e\
\x05\0\0\0\0\0\0\xf2\x92\0\0\x4f\x05\0\0\0\0\0\0\xf9\x92\0\0\x50\x05\0\0\0\0\0\
\0\0\0\0\0\0\0\0\x02\x55\x07\0\0\0\0\0\0\0\0\0\x02\x56\x07\0\0\0\0\0\0\0\0\0\
\x02\x51\x05\0\0\0\x93\0\0\0\0\0\x07\0\0\0\0\0\0\0\0\0\0\0\x03\0\0\0\0\xd5\x01\
\0\0\x04\0\0\0\x04\0\0\0\0\0\0\0\0\0\0\x02\x54\x05\0\0\0\0\0\0\0\0\0\x0a\x57\
\x07\0\0\x0c\x93\0\0\x02\0\0\x04\x04\0\0\0\x31\x1b\0\0\x25\0\0\0\0\0\0\0\x91\
\x26\0\0\x25\0\0\0\x10\0\0\0\0\0\0\0\0\0\0\x03\0\0\0\0\x55\x05\0\0\x04\0\0\0\
\x10\0\0\0\0\0\0\0\0\0\0\x03\0\0\0\0\x45\0\0\0\x04\0\0\0\x10\0\0\0\0\0\0\0\0\0\
\0\x02\x58\x07\0\0\0\0\0\0\0\0\0\x02\x5a\x05\0\0\xc2\x8b\0\0\0\0\0\x07\0\0\0\0\
\0\0\0\0\0\0\0\x02\x5e\x01\0\0\0\0\0\0\0\0\0\x02\x5d\x05\0\0\0\0\0\0\0\0\0\x0a\
\x21\x07\0\0\0\0\0\0\0\0\0\x02\x5f\x05\0\0\x34\x8c\0\0\0\0\0\x07\0\0\0\0\x1a\
\x93\0\0\x02\0\0\x04\x10\0\0\0\x9e\x2c\0\0\x14\x03\0\0\0\0\0\0\xaf\x21\0\0\x61\
\x05\0\0\x40\0\0\0\0\0\0\0\0\0\0\x02\x22\x07\0\0\0\0\0\0\0\0\0\x03\0\0\0\0\x60\
\x05\0\0\x04\0\0\0\x03\0\0\0\0\0\0\0\0\0\0\x02\xfe\x05\0\0\0\0\0\0\0\0\0\x02\
\x38\x07\0\0\0\0\0\0\0\0\0\x02\x66\x05\0\0\0\0\0\0\x01\0\0\x0d\x02\0\0\0\0\0\0\
\0\xc1\x04\0\0\0\0\0\0\0\0\0\x02\x68\x05\0\0\0\0\0\0\x03\0\0\x0d\x02\0\0\0\0\0\
\0\0\x46\x03\0\0\0\0\0\0\x9f\x04\0\0\0\0\0\0\xc1\x04\0\0\0\0\0\0\0\0\0\x02\x38\
\x06\0\0\0\0\0\0\x02\0\0\x05\x08\0\0\0\x29\x93\0\0\xc1\x04\0\0\0\0\0\0\x36\x93\
\0\0\x3b\0\0\0\0\0\0\0\x70\x84\0\0\x36\0\0\x04\xb0\x01\0\0\x44\x93\0\0\x6c\x05\
\0\0\0\0\0\0\x4a\x93\0\0\x6e\x05\0\0\x40\0\0\0\x56\x93\0\0\x6e\x05\0\0\x80\0\0\
\0\x5e\x93\0\0\x75\x05\0\0\xc0\0\0\0\x69\x93\0\0\x77\x05\0\0\0\x01\0\0\x70\x93\
\0\0\x79\x05\0\0\x40\x01\0\0\x1b\x34\0\0\x7b\x05\0\0\x80\x01\0\0\x4d\x21\0\0\
\x7d\x05\0\0\xc0\x01\0\0\x76\x93\0\0\x7f\x05\0\0\0\x02\0\0\x7f\x93\0\0\x81\x05\
\0\0\x40\x02\0\0\x8a\x93\0\0\x86\x05\0\0\x80\x02\0\0\x95\x93\0\0\x7f\x05\0\0\
\xc0\x02\0\0\x9f\x32\0\0\x88\x05\0\0\0\x03\0\0\x9f\x93\0\0\x8a\x05\0\0\x40\x03\
\0\0\xa7\x93\0\0\x8f\x05\0\0\x80\x03\0\0\xda\x32\0\0\x91\x05\0\0\xc0\x03\0\0\
\xaf\x93\0\0\x6e\x05\0\0\0\x04\0\0\xb4\x93\0\0\x6e\x05\0\0\x40\x04\0\0\xbd\x93\
\0\0\x93\x05\0\0\x80\x04\0\0\xc9\x93\0\0\x95\x05\0\0\xc0\x04\0\0\xdf\x93\0\0\
\x7d\x05\0\0\0\x05\0\0\xa3\x20\0\0\x7b\x05\0\0\x40\x05\0\0\xea\x93\0\0\x7d\x05\
\0\0\x80\x05\0\0\xf1\x93\0\0\x7d\x05\0\0\xc0\x05\0\0\xf8\x93\0\0\x97\x05\0\0\0\
\x06\0\0\x01\x94\0\0\x99\x05\0\0\x40\x06\0\0\x16\x94\0\0\x12\0\0\0\x80\x06\0\0\
\x20\x94\0\0\xa0\x05\0\0\xc0\x06\0\0\x33\x94\0\0\xa4\x05\0\0\0\x07\0\0\x44\x94\
\0\0\x7d\x05\0\0\x40\x07\0\0\x5a\x94\0\0\x7d\x05\0\0\x80\x07\0\0\x70\x94\0\0\
\x4e\x04\0\0\xc0\x07\0\0\x81\x94\0\0\xa6\x05\0\0\0\x08\0\0\x93\x94\0\0\x24\x02\
\0\0\x40\x08\0\0\xa3\x94\0\0\xa7\x05\0\0\x80\x08\0\0\xae\x94\0\0\xf4\0\0\0\xc0\
\x08\0\0\xba\x94\0\0\xf4\0\0\0\0\x09\0\0\xc6\x94\0\0\x10\0\0\0\x40\x09\0\0\xd9\
\x94\0\0\x10\0\0\0\x60\x09\0\0\xec\x94\0\0\x02\0\0\0\x80\x09\0\0\xf7\x94\0\0\
\x7a\0\0\0\xa0\x09\0\0\x03\x95\0\0\x4d\x02\0\0\xc0\x09\0\0\x08\x95\0\0\x12\0\0\
\0\0\x0a\0\0\x11\x95\0\0\xcb\x02\0\0\x20\x0a\0\0\x38\x3e\0\0\x12\0\0\0\x40\x0a\
\0\0\x43\x3e\0\0\x12\0\0\0\x60\x0a\0\0\x1c\x95\0\0\xd0\x02\0\0\x80\x0a\0\0\x29\
\x95\0\0\xa8\x05\0\0\xc0\x0a\0\0\x32\x95\0\0\xa9\x05\0\0\0\x0b\0\0\x3c\x95\0\0\
\xaa\x05\0\0\x40\x0b\0\0\xcb\x19\0\0\xd2\x01\0\0\x80\x0b\0\0\xe1\x20\0\0\x21\
\x04\0\0\xc0\x0b\0\0\xeb\x12\0\0\x2f\0\0\0\xc0\x0c\0\0\x3e\x95\0\0\x75\x05\0\0\
\x40\x0d\0\0\0\0\0\0\0\0\0\x02\x6d\x05\0\0\0\0\0\0\x02\0\0\x0d\0\0\0\0\0\0\0\0\
\x9f\x04\0\0\0\0\0\0\x18\0\0\0\0\0\0\0\0\0\0\x02\x6f\x05\0\0\0\0\0\0\x03\0\0\
\x0d\x02\0\0\0\0\0\0\0\x9f\x04\0\0\0\0\0\0\x70\x05\0\0\0\0\0\0\x02\0\0\0\0\0\0\
\0\0\0\0\x02\x71\x05\0\0\x4b\x95\0\0\x02\0\0\x04\x10\0\0\0\x54\x95\0\0\x72\x05\
\0\0\0\0\0\0\x5e\x95\0\0\x74\x05\0\0\x10\0\0\0\x66\x95\0\0\0\0\0\x08\x73\x05\0\
\0\x72\x95\0\0\0\0\0\x08\x27\0\0\0\0\0\0\0\0\0\0\x03\0\0\0\0\xce\0\0\0\x04\0\0\
\0\x0e\0\0\0\0\0\0\0\0\0\0\x02\x76\x05\0\0\0\0\0\0\x02\0\0\x0d\x02\0\0\0\0\0\0\
\0\x9f\x04\0\0\0\0\0\0\x02\0\0\0\0\0\0\0\0\0\0\x02\x78\x05\0\0\0\0\0\0\x04\0\0\
\x0d\x9f\x04\0\0\0\0\0\0\x9f\x04\0\0\0\0\0\0\x02\0\0\0\0\0\0\0\xf4\0\0\0\0\0\0\
\0\x7a\0\0\0\0\0\0\0\0\0\0\x02\x7a\x05\0\0\0\0\0\0\x03\0\0\x0d\x02\0\0\0\0\0\0\
\0\x9f\x04\0\0\0\0\0\0\x02\0\0\0\0\0\0\0\x0f\0\0\0\0\0\0\0\0\0\0\x02\x7c\x05\0\
\0\0\0\0\0\x01\0\0\x0d\x02\0\0\0\0\0\0\0\x9f\x04\0\0\0\0\0\0\0\0\0\x02\x7e\x05\
\0\0\0\0\0\0\x01\0\0\x0d\0\0\0\0\0\0\0\0\x9f\x04\0\0\0\0\0\0\0\0\0\x02\x80\x05\
\0\0\0\0\0\0\x02\0\0\x0d\0\0\0\0\0\0\0\0\x9f\x04\0\0\0\0\0\0\x02\0\0\0\0\0\0\0\
\0\0\0\x02\x82\x05\0\0\0\0\0\0\x05\0\0\x0d\x02\0\0\0\0\0\0\0\x9f\x04\0\0\0\0\0\
\0\x02\0\0\0\0\0\0\0\x02\0\0\0\0\0\0\0\x83\x05\0\0\0\0\0\0\x12\0\0\0\x87\x95\0\
\0\0\0\0\x08\x84\x05\0\0\0\0\0\0\x02\0\0\x84\x10\0\0\0\0\0\0\0\x85\x05\0\0\0\0\
\0\0\x91\x95\0\0\x7a\0\0\0\x40\0\0\x01\0\0\0\0\x02\0\0\x05\x08\0\0\0\x9b\x95\0\
\0\x1c\0\0\0\0\0\0\0\x85\x1f\0\0\x1c\0\0\0\0\0\0\0\0\0\0\0\0\0\0\x02\x87\x05\0\
\0\0\0\0\0\x05\0\0\x0d\x02\0\0\0\0\0\0\0\x9f\x04\0\0\0\0\0\0\x02\0\0\0\0\0\0\0\
\x02\0\0\0\0\0\0\0\x21\x01\0\0\0\0\0\0\xf4\0\0\0\0\0\0\0\0\0\0\x02\x89\x05\0\0\
\0\0\0\0\x03\0\0\x0d\x02\0\0\0\0\0\0\0\x9f\x04\0\0\0\0\0\0\x12\0\0\0\0\0\0\0\
\x0f\0\0\0\0\0\0\0\0\0\0\x02\x8b\x05\0\0\0\0\0\0\x03\0\0\x0d\x02\0\0\0\0\0\0\0\
\x9f\x04\0\0\0\0\0\0\x8c\x05\0\0\0\0\0\0\x18\x01\0\0\0\0\0\0\0\0\0\x02\x8d\x05\
\0\0\xa2\x95\0\0\x08\0\0\x84\x60\0\0\0\xa9\x95\0\0\x1c\0\0\0\0\0\0\0\xb2\x95\0\
\0\x02\0\0\0\x40\0\0\0\xbe\x95\0\0\x3a\x02\0\0\x80\0\0\0\0\0\0\0\x8e\x05\0\0\
\xc0\x01\0\0\xc7\x95\0\0\x7a\0\0\0\0\x02\0\x01\xdb\x95\0\0\x19\x01\0\0\x40\x02\
\0\0\xea\x95\0\0\x12\0\0\0\x80\x02\0\0\xf4\x95\0\0\x33\x02\0\0\xc0\x02\0\0\0\0\
\0\0\x02\0\0\x05\x08\0\0\0\xfd\x95\0\0\x1c\0\0\0\0\0\0\0\x09\x96\0\0\x1c\0\0\0\
\0\0\0\0\0\0\0\0\0\0\0\x02\x90\x05\0\0\0\0\0\0\x06\0\0\x0d\x02\0\0\0\0\0\0\0\
\x9f\x04\0\0\0\0\0\0\x8c\x05\0\0\0\0\0\0\x18\x01\0\0\0\0\0\0\x02\0\0\0\0\0\0\0\
\x02\0\0\0\0\0\0\0\xf4\0\0\0\0\0\0\0\0\0\0\x02\x92\x05\0\0\0\0\0\0\x05\0\0\x0d\
\x02\0\0\0\0\0\0\0\x9f\x04\0\0\0\0\0\0\xbf\x01\0\0\0\0\0\0\x02\0\0\0\0\0\0\0\
\x18\x01\0\0\0\0\0\0\x02\0\0\0\0\0\0\0\0\0\0\x02\x94\x05\0\0\0\0\0\0\x02\0\0\
\x0d\x02\0\0\0\0\0\0\0\x9f\x04\0\0\0\0\0\0\xc1\x04\0\0\0\0\0\0\0\0\0\x02\x96\
\x05\0\0\0\0\0\0\x02\0\0\x0d\x7a\0\0\0\0\0\0\0\x02\0\0\0\0\0\0\0\x02\0\0\0\0\0\
\0\0\0\0\0\x02\x98\x05\0\0\0\0\0\0\x02\0\0\x0d\x02\0\0\0\0\0\0\0\x9f\x04\0\0\0\
\0\0\0\x27\0\0\0\0\0\0\0\0\0\0\x02\x9a\x05\0\0\0\0\0\0\x03\0\0\x0d\x02\0\0\0\0\
\0\0\0\x9f\x04\0\0\0\0\0\0\x9b\x05\0\0\0\0\0\0\x7a\0\0\0\0\0\0\0\0\0\0\x02\x9c\
\x05\0\0\x1a\x96\0\0\x1a\0\0\x04\x58\x01\0\0\x8f\x82\0\0\x9f\x04\0\0\0\0\0\0\
\x23\x96\0\0\x9f\x04\0\0\x40\0\0\0\x2c\x96\0\0\x10\0\0\0\x80\0\0\0\x38\x96\0\0\
\x10\0\0\0\xa0\0\0\0\x43\x96\0\0\x10\0\0\0\xc0\0\0\0\x48\x96\0\0\x7a\0\0\0\xe0\
\0\0\0\x56\x96\0\0\x9d\x05\0\0\0\x01\0\0\x68\x57\0\0\x9e\x05\0\0\x40\x01\0\0\
\x5b\x96\0\0\xc0\x04\0\0\x40\x02\0\0\x67\x96\0\0\x2f\0\0\0\0\x03\0\0\x73\x96\0\
\0\x8d\0\0\0\x80\x03\0\0\x0b\x13\0\0\x0f\0\0\0\xc0\x03\0\0\xaf\x21\0\0\x2f\0\0\
\0\0\x04\0\0\x80\x96\0\0\x8d\0\0\0\x80\x04\0\0\xcb\x13\0\0\x1d\0\0\0\xa0\x04\0\
\0\x8a\x96\0\0\x7d\x05\0\0\xc0\x04\0\0\x97\x96\0\0\x7d\x05\0\0\0\x05\0\0\xa5\
\x96\0\0\x6c\x05\0\0\x40\x05\0\0\xb1\x96\0\0\x7d\x05\0\0\x80\x05\0\0\xc3\x96\0\
\0\x7d\x05\0\0\xc0\x05\0\0\x01\x94\0\0\x99\x05\0\0\0\x06\0\0\xd4\x96\0\0\xae\
\x04\0\0\x40\x06\0\0\xdd\x96\0\0\x92\0\0\0\x80\x06\0\0\xe8\x96\0\0\x9f\x05\0\0\
\x80\x07\0\0\x7a\x14\0\0\x5d\0\0\0\0\x08\0\0\xf3\x96\0\0\x65\0\0\0\0\x09\0\0\0\
\0\0\0\0\0\0\x02\x5d\x07\0\0\xf9\x96\0\0\x04\0\0\x04\x20\0\0\0\x08\x97\0\0\x14\
\x03\0\0\0\0\0\0\x13\x97\0\0\x14\x03\0\0\x40\0\0\0\x21\x97\0\0\x14\x03\0\0\x80\
\0\0\0\x30\x97\0\0\x14\x03\0\0\xc0\0\0\0\x3c\x97\0\0\x03\0\0\x04\x10\0\0\0\x50\
\x97\0\0\xc1\x04\0\0\0\0\0\0\x98\x26\0\0\x10\0\0\0\x40\0\0\0\xa6\x5f\0\0\x10\0\
\0\0\x60\0\0\0\0\0\0\0\0\0\0\x02\xa1\x05\0\0\0\0\0\0\x02\0\0\x0d\x7a\0\0\0\0\0\
\0\0\xa2\x05\0\0\0\0\0\0\x02\0\0\0\0\0\0\0\0\0\0\x02\xa3\x05\0\0\0\0\0\0\0\0\0\
\x0a\xa0\x04\0\0\0\0\0\0\0\0\0\x02\xa5\x05\0\0\0\0\0\0\x01\0\0\x0d\x7a\0\0\0\0\
\0\0\0\x9f\x04\0\0\0\0\0\0\0\0\0\x02\x5c\x02\0\0\0\0\0\0\0\0\0\x02\x18\0\0\0\0\
\0\0\0\0\0\0\x02\x5e\x07\0\0\0\0\0\0\0\0\0\x02\x5f\x07\0\0\0\0\0\0\x04\0\0\x05\
\x08\0\0\0\x54\x97\0\0\xab\x05\0\0\0\0\0\0\x5d\x97\0\0\xac\x05\0\0\0\0\0\0\x67\
\x97\0\0\xad\x05\0\0\0\0\0\0\x70\x97\0\0\xae\x05\0\0\0\0\0\0\0\0\0\0\0\0\0\x02\
\xd0\x05\0\0\0\0\0\0\0\0\0\x02\x62\x07\0\0\0\0\0\0\0\0\0\x02\x63\x07\0\0\0\0\0\
\0\0\0\0\x02\xaf\x05\0\0\x79\x97\0\0\0\0\0\x07\0\0\0\0\0\0\0\0\0\0\0\x02\x44\
\x07\0\0\x86\x97\0\0\x02\0\0\x04\x10\0\0\0\xc4\x13\0\0\x59\0\0\0\0\0\0\0\x97\
\x97\0\0\x10\0\0\0\x40\0\0\0\0\0\0\0\0\0\0\x02\x67\x07\0\0\x9f\x97\0\0\x05\0\0\
\x04\xa8\0\0\0\xb1\x97\0\0\xb7\x05\0\0\0\0\0\0\x94\x13\0\0\x6f\0\0\0\0\x04\0\0\
\xcb\x19\0\0\x1c\0\0\0\x40\x04\0\0\x90\x13\0\0\x66\0\0\0\x80\x04\0\0\x81\x11\0\
\0\x3f\0\0\0\0\x05\0\0\0\0\0\0\0\0\0\x02\xb5\x05\0\0\xb7\x97\0\0\x02\0\0\x04\
\x08\0\0\0\xce\x97\0\0\xb6\x05\0\0\0\0\0\0\x30\x14\0\0\x40\x03\0\0\x40\0\0\0\0\
\0\0\0\0\0\0\x02\x09\x07\0\0\0\0\0\0\0\0\0\x03\0\0\0\0\xb4\x05\0\0\x04\0\0\0\
\x10\0\0\0\0\0\0\0\0\0\0\x02\x7e\x07\0\0\xd3\x97\0\0\x01\0\0\x04\x08\0\0\0\x36\
\x1e\0\0\xa6\x03\0\0\0\0\0\0\xe5\x97\0\0\x05\0\0\x04\x20\0\0\0\xf0\x97\0\0\x86\
\x01\0\0\0\0\0\0\xfb\x97\0\0\x02\0\0\0\x40\0\0\0\x0c\x98\0\0\x02\0\0\0\x60\0\0\
\0\x24\x98\0\0\xf4\0\0\0\x80\0\0\0\x2f\x98\0\0\xbb\x05\0\0\xc0\0\0\0\0\0\0\0\0\
\0\0\x02\x7f\x07\0\0\x3a\x98\0\0\x0d\0\0\x04\x68\0\0\0\x44\x98\0\0\xbd\x05\0\0\
\0\0\0\0\x52\x98\0\0\xbd\x05\0\0\x40\0\0\0\x62\x98\0\0\xc0\x05\0\0\x80\0\0\0\
\x71\x98\0\0\xc1\x05\0\0\xc0\0\0\0\x80\x98\0\0\xc2\x05\0\0\0\x01\0\0\x8f\x98\0\
\0\xc2\x05\0\0\x40\x01\0\0\x9d\x98\0\0\xc2\x05\0\0\x80\x01\0\0\xb0\x98\0\0\xc2\
\x05\0\0\xc0\x01\0\0\xc2\x98\0\0\xc5\x05\0\0\0\x02\0\0\xd2\x98\0\0\xc6\x05\0\0\
\x40\x02\0\0\xe5\x98\0\0\xc7\x05\0\0\x80\x02\0\0\xf7\x98\0\0\xc8\x05\0\0\xc0\
\x02\0\0\x0c\x99\0\0\x54\x04\0\0\0\x03\0\0\0\0\0\0\0\0\0\x02\xbe\x05\0\0\x1e\
\x99\0\0\x02\0\0\x04\x28\x01\0\0\x2a\x99\0\0\xbf\x05\0\0\0\0\0\0\x0f\x92\0\0\
\x46\x05\0\0\x40\x09\0\0\0\0\0\0\0\0\0\x03\0\0\0\0\x31\0\0\0\x04\0\0\0\x25\0\0\
\0\0\0\0\0\0\0\0\x02\x80\x07\0\0\0\0\0\0\0\0\0\x02\x81\x07\0\0\0\0\0\0\0\0\0\
\x02\xc3\x05\0\0\x2f\x99\0\0\x01\0\0\x04\x50\0\0\0\x2a\x99\0\0\xc4\x05\0\0\0\0\
\0\0\0\0\0\0\0\0\0\x03\0\0\0\0\x0f\0\0\0\x04\0\0\0\x0a\0\0\0\0\0\0\0\0\0\0\x02\
\x82\x07\0\0\0\0\0\0\0\0\0\x02\x83\x07\0\0\0\0\0\0\0\0\0\x02\x84\x07\0\0\0\0\0\
\0\0\0\0\x02\x85\x07\0\0\x37\x99\0\0\x02\0\0\x04\x28\0\0\0\x44\x99\0\0\x92\0\0\
\0\0\0\0\0\x50\x99\0\0\x6f\0\0\0\0\x01\0\0\x57\x99\0\0\x02\0\0\x04\x10\0\0\0\
\x62\x99\0\0\x02\0\0\0\0\0\0\0\x78\x99\0\0\x86\x01\0\0\x40\0\0\0\x7c\x99\0\0\
\x05\0\0\x04\x48\0\0\0\xe3\x10\0\0\x3b\0\0\0\0\0\0\0\x8a\x99\0\0\xa7\0\0\0\x40\
\0\0\0\x38\x51\0\0\x12\0\0\0\x80\0\0\0\x92\x99\0\0\x10\0\0\0\xa0\0\0\0\xa4\x99\
\0\0\xcc\x05\0\0\xc0\0\0\0\xb3\x99\0\0\x02\0\0\x04\x30\0\0\0\xdb\x61\0\0\xae\0\
\0\0\0\0\0\0\x36\x1e\0\0\xa6\x03\0\0\x40\x01\0\0\xca\x99\0\0\x83\0\0\x04\x80\
\x02\0\0\xd5\x99\0\0\xce\x05\0\0\0\0\0\0\xe3\x99\0\0\x86\x01\0\0\x80\x02\0\0\
\xec\x99\0\0\x86\x01\0\0\xc0\x02\0\0\xf6\x99\0\0\x86\x01\0\0\0\x03\0\0\xff\x99\
\0\0\x86\x01\0\0\x40\x03\0\0\x09\x9a\0\0\x86\x01\0\0\x80\x03\0\0\x13\x9a\0\0\
\xd9\x05\0\0\xc0\x03\0\0\x1f\x9a\0\0\xd9\x05\0\0\0\x04\0\0\x2c\x9a\0\0\xdc\x05\
\0\0\x40\x04\0\0\x35\x9a\0\0\x92\0\0\0\x80\x04\0\0\xaf\x74\0\0\xdd\x05\0\0\x80\
\x05\0\0\x3e\x9a\0\0\xde\x05\0\0\xc0\x05\0\0\x47\x9a\0\0\xde\x05\0\0\0\x06\0\0\
\x53\x9a\0\0\x12\0\0\0\x40\x06\0\0\x6f\x9a\0\0\x7a\0\0\0\x60\x06\0\0\x84\x9a\0\
\0\x7a\0\0\0\x68\x06\0\0\xa0\x9a\0\0\x7a\0\0\0\x70\x06\0\0\xb5\x9a\0\0\xa7\0\0\
\0\x80\x06\0\0\xc4\x9a\0\0\x9f\x04\0\0\xc0\x06\0\0\xca\x9a\0\0\xe0\x05\0\0\0\
\x07\0\0\xd2\x9a\0\0\x9f\x04\0\0\x40\x07\0\0\xe1\x9a\0\0\xe1\x05\0\0\x80\x07\0\
\0\xe7\x9a\0\0\xe2\x05\0\0\xc0\x07\0\0\xed\x9a\0\0\x45\0\0\0\0\x08\0\0\x09\x9b\
\0\0\x45\0\0\0\x08\x08\0\0\x27\x9b\0\0\x45\0\0\0\x10\x08\0\0\x4a\x9b\0\0\x45\0\
\0\0\x18\x08\0\0\x73\x9b\0\0\x45\0\0\0\x20\x08\0\0\x99\x9b\0\0\x02\0\0\0\x40\
\x08\0\0\xaf\x9b\0\0\x02\0\0\0\x60\x08\0\0\xc4\x9b\0\0\xe3\x05\0\0\x80\x08\0\0\
\xd3\x9b\0\0\x45\0\0\0\x20\x09\0\0\xe2\x9b\0\0\x45\0\0\0\x28\x09\0\0\xfa\x9b\0\
\0\x45\0\0\0\x30\x09\0\0\x10\x9c\0\0\x45\0\0\0\x38\x09\0\0\x27\x9c\0\0\x45\0\0\
\0\x40\x09\0\0\x3e\x9c\0\0\x45\0\0\0\x48\x09\0\0\x5c\x9c\0\0\x45\0\0\0\x50\x09\
\0\0\x74\x9c\0\0\x45\0\0\0\x58\x09\0\0\x8d\x9c\0\0\x45\0\0\0\x60\x09\0\0\x9f\
\x9c\0\0\x45\0\0\0\x68\x09\0\0\xb5\x9c\0\0\x45\0\0\0\x70\x09\0\0\xcc\x9c\0\0\
\x45\0\0\0\x78\x09\0\0\xe3\x9c\0\0\x45\0\0\0\x80\x09\0\0\xfe\x9c\0\0\x45\0\0\0\
\x88\x09\0\0\x14\x9d\0\0\x45\0\0\0\x90\x09\0\0\x2d\x9d\0\0\x02\0\0\0\xa0\x09\0\
\0\x4a\x9d\0\0\x45\0\0\0\xc0\x09\0\0\x61\x9d\0\0\x02\0\0\0\xe0\x09\0\0\x7c\x9d\
\0\0\x02\0\0\0\0\x0a\0\0\x90\x9d\0\0\x02\0\0\0\x20\x0a\0\0\xa7\x9d\0\0\x02\0\0\
\0\x40\x0a\0\0\xc2\x9d\0\0\x10\0\0\0\x60\x0a\0\0\xdc\x9d\0\0\x02\0\0\0\x80\x0a\
\0\0\xf6\x9d\0\0\x02\0\0\0\xa0\x0a\0\0\x11\x9e\0\0\x45\0\0\0\xc0\x0a\0\0\x2d\
\x9e\0\0\x45\0\0\0\xc8\x0a\0\0\x44\x9e\0\0\x45\0\0\0\xd0\x0a\0\0\x5e\x9e\0\0\
\x45\0\0\0\xd8\x0a\0\0\x74\x9e\0\0\x45\0\0\0\xe0\x0a\0\0\x8b\x9e\0\0\x02\0\0\0\
\0\x0b\0\0\xa1\x9e\0\0\x45\0\0\0\x20\x0b\0\0\xb5\x9e\0\0\x45\0\0\0\x28\x0b\0\0\
\xc9\x9e\0\0\x45\0\0\0\x30\x0b\0\0\xe3\x9e\0\0\x45\0\0\0\x38\x0b\0\0\xf7\x9e\0\
\0\x02\0\0\0\x40\x0b\0\0\x0e\x9f\0\0\x12\0\0\0\x60\x0b\0\0\x27\x9f\0\0\x45\0\0\
\0\x80\x0b\0\0\x37\x9f\0\0\x45\0\0\0\x88\x0b\0\0\x51\x9f\0\0\x45\0\0\0\x90\x0b\
\0\0\x67\x9f\0\0\x45\0\0\0\x98\x0b\0\0\x80\x9f\0\0\x45\0\0\0\xa0\x0b\0\0\x94\
\x9f\0\0\x45\0\0\0\xa8\x0b\0\0\xb4\x9f\0\0\x45\0\0\0\xb0\x0b\0\0\xd5\x9f\0\0\
\x45\0\0\0\xb8\x0b\0\0\xf1\x9f\0\0\x45\0\0\0\xc0\x0b\0\0\x03\xa0\0\0\x45\0\0\0\
\xc8\x0b\0\0\x16\xa0\0\0\x45\0\0\0\xd0\x0b\0\0\x33\xa0\0\0\x45\0\0\0\xd8\x0b\0\
\0\x43\xa0\0\0\x02\0\0\0\xe0\x0b\0\0\x5d\xa0\0\0\x02\0\0\0\0\x0c\0\0\x76\xa0\0\
\0\x45\0\0\0\x20\x0c\0\0\x87\xa0\0\0\x45\0\0\0\x28\x0c\0\0\x9a\xa0\0\0\x45\0\0\
\0\x30\x0c\0\0\xaa\xa0\0\0\x45\0\0\0\x38\x0c\0\0\xc4\xa0\0\0\x45\0\0\0\x40\x0c\
\0\0\xe8\xa0\0\0\x45\0\0\0\x48\x0c\0\0\x03\xa1\0\0\x45\0\0\0\x50\x0c\0\0\x1e\
\xa1\0\0\x45\0\0\0\x58\x0c\0\0\x43\xa1\0\0\x02\0\0\0\x60\x0c\0\0\x61\xa1\0\0\
\x02\0\0\0\x80\x0c\0\0\x80\xa1\0\0\x02\0\0\0\xa0\x0c\0\0\x98\xa1\0\0\x45\0\0\0\
\xc0\x0c\0\0\xb0\xa1\0\0\x45\0\0\0\xc8\x0c\0\0\xc7\xa1\0\0\x45\0\0\0\xd0\x0c\0\
\0\xde\xa1\0\0\x45\0\0\0\xd8\x0c\0\0\xf6\xa1\0\0\x02\0\0\0\xe0\x0c\0\0\x13\xa2\
\0\0\x02\0\0\0\0\x0d\0\0\x2e\xa2\0\0\x02\0\0\0\x20\x0d\0\0\x49\xa2\0\0\xe6\x05\
\0\0\x40\x0d\0\0\x59\xa2\0\0\xe6\x05\0\0\xa0\x0d\0\0\x69\xa2\0\0\x0f\0\0\0\0\
\x0e\0\0\x87\xa2\0\0\x0f\0\0\0\x40\x0e\0\0\xa5\xa2\0\0\x02\0\0\0\x80\x0e\0\0\
\xbc\xa2\0\0\x02\0\0\0\xa0\x0e\0\0\xd0\xa2\0\0\xe7\x05\0\0\xc0\x0e\0\0\xe7\xa2\
\0\0\xe9\x05\0\0\0\x0f\0\0\xf8\xa2\0\0\x12\0\0\0\x40\x0f\0\0\x1e\xa3\0\0\x1f\0\
\0\0\x60\x0f\0\0\x37\xa3\0\0\x0f\0\0\0\x80\x0f\0\0\x50\xa3\0\0\x02\0\0\0\xc0\
\x0f\0\0\x64\xa3\0\0\x02\0\0\0\xe0\x0f\0\0\x78\xa3\0\0\x45\0\0\0\0\x10\0\0\x99\
\xa3\0\0\x45\0\0\0\x08\x10\0\0\xb1\xa3\0\0\x02\0\0\0\x20\x10\0\0\xcd\xa3\0\0\
\x02\0\0\0\x40\x10\0\0\xe1\xa3\0\0\x02\0\0\0\x60\x10\0\0\xf1\xa3\0\0\xea\x05\0\
\0\x80\x10\0\0\x02\xa4\0\0\x1f\0\0\0\0\x11\0\0\x11\xa4\0\0\x24\x02\0\0\x40\x11\
\0\0\x2d\xa4\0\0\x02\0\0\0\x80\x11\0\0\x41\xa4\0\0\xec\x05\0\0\xc0\x11\0\0\x45\
\xa4\0\0\x10\0\0\0\0\x12\0\0\x66\xa4\0\0\x45\0\0\0\x20\x12\0\0\x85\xa4\0\0\x45\
\0\0\0\x28\x12\0\0\xa6\xa4\0\0\xed\x05\0\0\x40\x12\0\0\xb3\xa4\0\0\x12\0\0\0\
\x80\x12\0\0\xbb\xa4\0\0\xed\x05\0\0\xc0\x12\0\0\xcd\xa4\0\0\x12\0\0\0\0\x13\0\
\0\xd6\xa4\0\0\x1f\0\0\0\x20\x13\0\0\xdf\xa4\0\0\xfa\x05\0\0\x40\x13\0\0\xe9\
\xa4\0\0\x04\0\0\x04\x50\0\0\0\x01\xa5\0\0\x1f\0\0\0\0\0\0\0\x0a\xa5\0\0\xcf\
\x05\0\0\x20\0\0\0\x54\x97\0\0\xab\x05\0\0\0\x02\0\0\x11\xa5\0\0\x02\0\0\0\x40\
\x02\0\0\0\0\0\0\0\0\0\x03\0\0\0\0\xce\0\0\0\x04\0\0\0\x3c\0\0\0\x27\xa5\0\0\
\x0a\0\0\x04\x40\x02\0\0\x35\xa5\0\0\xd1\x05\0\0\0\0\0\0\x3b\xa5\0\0\xd2\x05\0\
\0\x40\0\0\0\x47\xa5\0\0\x12\0\0\0\x80\0\0\0\x52\xa5\0\0\x12\0\0\0\xa0\0\0\0\
\x63\xa5\0\0\x4d\x02\0\0\xc0\0\0\0\x76\xa5\0\0\xd3\x05\0\0\0\x01\0\0\x7c\xa5\0\
\0\x12\0\0\0\x40\x01\0\0\x87\xa5\0\0\x12\0\0\0\x60\x01\0\0\x93\xa5\0\0\xd4\x05\
\0\0\x80\x01\0\0\x9a\xa5\0\0\xd8\x05\0\0\0\x02\0\0\0\0\0\0\0\0\0\x02\x60\x07\0\
\0\0\0\0\0\0\0\0\x02\x8d\0\0\0\0\0\0\0\0\0\0\x02\x61\x07\0\0\0\0\0\0\0\0\0\x02\
\xd5\x05\0\0\xa9\xa5\0\0\x03\0\0\x04\x10\0\0\0\x81\x11\0\0\x8d\0\0\0\0\0\0\0\
\x31\x1b\0\0\x12\0\0\0\x20\0\0\0\0\0\0\0\xd6\x05\0\0\x40\0\0\0\0\0\0\0\x02\0\0\
\x05\x08\0\0\0\x36\x1e\0\0\x6f\0\0\0\0\0\0\0\xc0\xa5\0\0\xd7\x05\0\0\0\0\0\0\
\xcb\xa5\0\0\x01\0\0\x04\x08\0\0\0\x2e\x15\0\0\xba\x04\0\0\0\0\0\0\0\0\0\0\0\0\
\0\x03\0\0\0\0\xd5\x05\0\0\x04\0\0\0\x20\0\0\0\0\0\0\0\0\0\0\x02\xda\x05\0\0\
\xdc\xa5\0\0\x03\0\0\x04\x90\0\0\0\xe9\xa5\0\0\x1c\0\0\0\0\0\0\0\x30\x14\0\0\
\xdb\x05\0\0\x40\0\0\0\x0b\x13\0\0\x76\0\0\0\x40\x04\0\0\0\0\0\0\0\0\0\x03\0\0\
\0\0\x02\0\0\0\x04\0\0\0\x20\0\0\0\0\0\0\0\0\0\0\x02\x86\x07\0\0\0\0\0\0\0\0\0\
\x02\x69\x06\0\0\0\0\0\0\0\0\0\x02\xdf\x05\0\0\xf0\xa5\0\0\x06\0\0\x04\x30\0\0\
\0\xfa\xa5\0\0\xf0\0\0\0\0\0\0\0\x03\xa6\0\0\x10\0\0\0\x80\0\0\0\x09\xa6\0\0\
\x02\0\0\0\xa0\0\0\0\x90\x13\0\0\x66\0\0\0\xc0\0\0\0\x18\xa6\0\0\x24\x02\0\0\
\x40\x01\0\0\x20\xa6\0\0\xc4\0\0\0\x80\x01\0\0\0\0\0\0\0\0\0\x02\x9f\x04\0\0\0\
\0\0\0\0\0\0\x02\x26\x06\0\0\0\0\0\0\0\0\0\x02\x27\x06\0\0\x27\xa6\0\0\x03\0\0\
\x04\x14\0\0\0\x81\x11\0\0\xe4\x05\0\0\0\0\0\0\x33\xa6\0\0\x1d\x04\0\0\x40\0\0\
\0\x39\xa6\0\0\x7a\0\0\0\x80\0\0\0\x40\xa6\0\0\0\0\0\x08\xe5\x05\0\0\0\0\0\0\
\x02\0\0\x04\x08\0\0\0\x42\x1b\0\0\xac\x01\0\0\0\0\0\0\x81\x11\0\0\x8d\0\0\0\
\x20\0\0\0\0\0\0\0\0\0\0\x03\0\0\0\0\x02\0\0\0\x04\0\0\0\x03\0\0\0\0\0\0\0\0\0\
\0\x02\xe8\x05\0\0\0\0\0\0\0\0\0\x0a\x88\x07\0\0\0\0\0\0\0\0\0\x02\x89\x07\0\0\
\xf1\xa3\0\0\x02\0\0\x04\x10\0\0\0\x81\x11\0\0\xe4\x05\0\0\0\0\0\0\x33\xa6\0\0\
\xeb\x05\0\0\x40\0\0\0\0\0\0\0\0\0\0\x03\0\0\0\0\xfc\0\0\0\x04\0\0\0\x02\0\0\0\
\0\0\0\0\0\0\0\x02\x8a\x07\0\0\0\0\0\0\0\0\0\x02\xee\x05\0\0\x4a\xa6\0\0\x06\0\
\0\x04\x40\0\0\0\xed\x83\0\0\x02\0\0\0\0\0\0\0\x94\x13\0\0\x2f\0\0\0\x40\0\0\0\
\x5b\xa6\0\0\xef\x05\0\0\xc0\0\0\0\x68\xa6\0\0\xf1\x05\0\0\0\x01\0\0\xcb\x19\0\
\0\xd2\x01\0\0\x40\x01\0\0\x90\x13\0\0\x66\0\0\0\x80\x01\0\0\0\0\0\0\0\0\0\x02\
\xf0\x05\0\0\0\0\0\0\x01\0\0\x0d\x12\0\0\0\0\0\0\0\x46\x03\0\0\0\0\0\0\0\0\0\
\x02\xf2\x05\0\0\0\0\0\0\x03\0\0\x0d\x02\0\0\0\0\0\0\0\x46\x03\0\0\0\0\0\0\xa6\
\x03\0\0\0\0\0\0\xf3\x05\0\0\0\0\0\0\0\0\0\x02\xf4\x05\0\0\x71\xa6\0\0\x05\0\0\
\x04\x30\0\0\0\x81\xa6\0\0\xcc\0\0\0\0\0\0\0\x86\xa6\0\0\xf5\x05\0\0\x40\0\0\0\
\xab\x01\0\0\xf7\x05\0\0\x80\0\0\0\x8f\xa6\0\0\xf9\x05\0\0\xc0\0\0\0\x96\xa6\0\
\0\x45\0\0\0\x60\x01\0\0\0\0\0\0\0\0\0\x02\xf6\x05\0\0\0\0\0\0\0\0\0\x0a\x8b\
\x06\0\0\0\0\0\0\0\0\0\x02\xf8\x05\0\0\0\0\0\0\0\0\0\x0a\x96\x06\0\0\0\0\0\0\0\
\0\0\x03\0\0\0\0\x45\0\0\0\x04\0\0\0\x14\0\0\0\xa1\xa6\0\0\0\0\0\x08\xfb\x05\0\
\0\0\0\0\0\x01\0\0\x04\x10\0\0\0\xde\x1f\0\0\xfc\x05\0\0\0\0\0\0\0\0\0\0\0\0\0\
\x03\0\0\0\0\x31\0\0\0\x04\0\0\0\x02\0\0\0\xaf\xa6\0\0\x25\0\0\x04\xc0\x02\0\0\
\xba\xa6\0\0\xfe\x05\0\0\0\0\0\0\xe9\xa5\0\0\x21\x06\0\0\0\x06\0\0\x13\x9a\0\0\
\x23\x06\0\0\xc0\x0b\0\0\x1f\x9a\0\0\x23\x06\0\0\0\x0c\0\0\xe1\x9a\0\0\xe1\x05\
\0\0\x40\x0c\0\0\xe7\x9a\0\0\xe2\x05\0\0\x80\x0c\0\0\xc6\xa6\0\0\x29\x06\0\0\
\xc0\x0c\0\0\xd6\xa6\0\0\x2a\x06\0\0\0\x0d\0\0\xe5\xa6\0\0\x2b\x06\0\0\x40\x0d\
\0\0\xef\xa6\0\0\xc4\x01\0\0\x80\x0d\0\0\xb5\x9a\0\0\xa7\0\0\0\xc0\x0e\0\0\xfd\
\xa6\0\0\x2c\x06\0\0\0\x0f\0\0\x0b\xa7\0\0\x2f\0\0\0\x40\x0f\0\0\x18\xa7\0\0\
\x97\0\0\0\xc0\x0f\0\0\x29\xa7\0\0\x8d\0\0\0\0\x10\0\0\x36\xa7\0\0\x1f\0\0\0\
\x20\x10\0\0\x47\xa7\0\0\x0f\0\0\0\x40\x10\0\0\x56\xa7\0\0\x47\0\0\0\x80\x10\0\
\0\x69\xa7\0\0\x7a\0\0\0\x88\x10\0\0\x7f\xa7\0\0\x12\0\0\0\xa0\x10\0\0\x9c\xa7\
\0\0\x2a\x06\0\0\xc0\x10\0\0\xaf\xa7\0\0\x2a\x06\0\0\0\x11\0\0\xc2\xa7\0\0\x2c\
\x06\0\0\x40\x11\0\0\xd1\xa7\0\0\xdd\x05\0\0\x80\x11\0\0\xca\x9a\0\0\xe0\x05\0\
\0\xc0\x11\0\0\xe0\xa7\0\0\x9f\x04\0\0\0\x12\0\0\xe9\xa7\0\0\x9f\x04\0\0\x40\
\x12\0\0\xf0\xa7\0\0\x9f\x04\0\0\x80\x12\0\0\xd2\x9a\0\0\x9f\x04\0\0\xc0\x12\0\
\0\x02\xa4\0\0\x1f\0\0\0\0\x13\0\0\xf8\xa7\0\0\x1f\0\0\0\x20\x13\0\0\x04\xa8\0\
\0\x9e\x06\0\0\x40\x13\0\0\xa6\xa4\0\0\xed\x05\0\0\x80\x13\0\0\x0e\xa8\0\0\xed\
\x05\0\0\xc0\x13\0\0\xcd\xa4\0\0\x12\0\0\0\0\x14\0\0\x21\xa8\0\0\x9f\x06\0\0\
\x40\x14\0\0\x32\xa8\0\0\xa0\x06\0\0\xc0\x14\0\0\x3d\xa8\0\0\x12\0\0\x04\xc0\0\
\0\0\xed\x83\0\0\x27\0\0\0\0\0\0\0\x45\xa8\0\0\x12\0\0\0\x20\0\0\0\x4f\xa8\0\0\
\xff\x05\0\0\x40\0\0\0\xc3\x22\0\0\x01\x06\0\0\x80\0\0\0\x52\xa8\0\0\x03\x06\0\
\0\xc0\0\0\0\x39\x87\0\0\x03\x06\0\0\0\x01\0\0\x61\xa8\0\0\x07\x06\0\0\x40\x01\
\0\0\x4d\x21\0\0\x09\x06\0\0\x80\x01\0\0\x6d\xa8\0\0\x0b\x06\0\0\xc0\x01\0\0\
\x74\xa8\0\0\x0d\x06\0\0\0\x02\0\0\x84\xa8\0\0\xcc\x04\0\0\x40\x02\0\0\x91\xa8\
\0\0\x0f\x06\0\0\x80\x02\0\0\x9d\xa8\0\0\x11\x06\0\0\xc0\x02\0\0\xa6\xa8\0\0\
\x67\x05\0\0\0\x03\0\0\xb0\xa8\0\0\x13\x06\0\0\x40\x03\0\0\xbd\xa8\0\0\x1f\x06\
\0\0\x80\x03\0\0\xcb\xa8\0\0\x4d\x02\0\0\xc0\x03\0\0\xd7\xa8\0\0\x5c\x02\0\0\0\
\x04\0\0\0\0\0\0\0\0\0\x02\0\x06\0\0\0\0\0\0\x01\0\0\x0d\x02\0\0\0\0\0\0\0\x63\
\x05\0\0\0\0\0\0\0\0\0\x02\x02\x06\0\0\0\0\0\0\x02\0\0\x0d\xed\x04\0\0\0\0\0\0\
\xed\x04\0\0\0\0\0\0\x11\0\0\0\0\0\0\0\0\0\0\x02\x04\x06\0\0\0\0\0\0\x01\0\0\
\x0d\x12\0\0\0\0\0\0\0\x05\x06\0\0\0\0\0\0\0\0\0\x02\x06\x06\0\0\0\0\0\0\0\0\0\
\x0a\xee\x04\0\0\0\0\0\0\0\0\0\x02\x08\x06\0\0\0\0\0\0\x02\0\0\x0d\xdd\0\0\0\0\
\0\0\0\xed\x04\0\0\0\0\0\0\x0f\0\0\0\0\0\0\0\0\0\0\x02\x0a\x06\0\0\0\0\0\0\x01\
\0\0\x0d\0\0\0\0\0\0\0\0\xed\x04\0\0\0\0\0\0\0\0\0\x02\x0c\x06\0\0\0\0\0\0\x03\
\0\0\x0d\0\0\0\0\0\0\0\0\xed\x04\0\0\0\0\0\0\xc6\x04\0\0\0\0\0\0\x02\0\0\0\0\0\
\0\0\0\0\0\x02\x0e\x06\0\0\0\0\0\0\x01\0\0\x0d\xed\x04\0\0\0\0\0\0\xed\x04\0\0\
\0\0\0\0\0\0\0\x02\x10\x06\0\0\0\0\0\0\x05\0\0\x0d\0\0\0\0\0\0\0\0\xed\x04\0\0\
\0\0\0\0\x9f\x04\0\0\0\0\0\0\xc1\x04\0\0\0\0\0\0\x10\0\0\0\0\0\0\0\x7a\0\0\0\0\
\0\0\0\0\0\0\x02\x12\x06\0\0\0\0\0\0\x03\0\0\x0d\0\0\0\0\0\0\0\0\xed\x04\0\0\0\
\0\0\0\x9f\x04\0\0\0\0\0\0\xc1\x04\0\0\0\0\0\0\0\0\0\x02\x14\x06\0\0\0\0\0\0\
\x03\0\0\x0d\x15\x06\0\0\0\0\0\0\x05\x06\0\0\0\0\0\0\xc1\x04\0\0\0\0\0\0\x24\
\x01\0\0\0\0\0\0\0\0\0\x02\x16\x06\0\0\xe5\xa8\0\0\x1a\0\0\x04\x60\x01\0\0\x3b\
\x0c\0\0\x15\x06\0\0\0\0\0\0\x0d\x62\0\0\x17\x06\0\0\x40\0\0\0\xef\xa8\0\0\x18\
\x06\0\0\x80\0\0\0\xf5\xa8\0\0\x0f\0\0\0\xc0\0\0\0\xff\xa8\0\0\x0f\0\0\0\0\x01\
\0\0\x81\x11\0\0\x97\0\0\0\x40\x01\0\0\xcb\x13\0\0\x1d\0\0\0\x80\x01\0\0\x07\
\xa9\0\0\x12\0\0\0\xa0\x01\0\0\x1b\xa9\0\0\xc0\x04\0\0\xc0\x01\0\0\x1c\x56\0\0\
\xc4\x01\0\0\x80\x02\0\0\x99\x25\0\0\x0f\0\0\0\xc0\x03\0\0\x25\xa9\0\0\x1f\0\0\
\0\0\x04\0\0\xac\0\0\0\x46\0\0\0\x20\x04\0\0\x2c\xa9\0\0\x46\0\0\0\x28\x04\0\0\
\x19\0\0\0\x46\0\0\0\x30\x04\0\0\x9b\x52\0\0\x46\0\0\0\x38\x04\0\0\x1e\x82\0\0\
\x45\0\0\0\x40\x04\0\0\x36\xa9\0\0\xe4\x05\0\0\x60\x04\0\0\x3e\xa9\0\0\xb1\x03\
\0\0\xc0\x04\0\0\x41\xa9\0\0\x19\x06\0\0\xc0\x05\0\0\x2c\x86\0\0\x1b\x06\0\0\
\x40\x09\0\0\x30\x25\0\0\x1d\x06\0\0\x80\x09\0\0\x44\xa9\0\0\x2f\0\0\0\xc0\x09\
\0\0\x90\x13\0\0\x66\0\0\0\x40\x0a\0\0\xd1\x2c\0\0\xc6\x04\0\0\xc0\x0a\0\0\x4c\
\xa9\0\0\x40\x03\0\0\0\x0b\0\0\0\0\0\0\0\0\0\x02\x4d\x06\0\0\0\0\0\0\0\0\0\x02\
\x4a\x06\0\0\x58\xa9\0\0\x03\0\0\x04\x70\0\0\0\x61\xa9\0\0\x12\0\0\0\0\0\0\0\
\x68\xa9\0\0\xe4\x05\0\0\x20\0\0\0\x70\xa9\0\0\x1a\x06\0\0\x80\0\0\0\0\0\0\0\0\
\0\0\x03\0\0\0\0\x0f\0\0\0\x04\0\0\0\x0c\0\0\0\0\0\0\0\0\0\0\x02\x1c\x06\0\0\0\
\0\0\0\x02\0\0\x0d\x02\0\0\0\0\0\0\0\x15\x06\0\0\0\0\0\0\xc1\x04\0\0\0\0\0\0\0\
\0\0\x02\x1e\x06\0\0\0\0\0\0\0\0\0\x0a\x1a\x07\0\0\0\0\0\0\0\0\0\x02\x20\x06\0\
\0\0\0\0\0\x02\0\0\x0d\0\0\0\0\0\0\0\0\x05\x06\0\0\0\0\0\0\x24\x01\0\0\x78\xa9\
\0\0\x28\0\0\x04\xb8\0\0\0\x8a\xa9\0\0\x86\x01\0\0\0\0\0\0\xff\x99\0\0\x86\x01\
\0\0\x40\0\0\0\x8e\xa9\0\0\x86\x01\0\0\x80\0\0\0\xec\x99\0\0\x86\x01\0\0\xc0\0\
\0\0\x97\xa9\0\0\x86\x01\0\0\0\x01\0\0\xa1\xa9\0\0\x02\0\0\0\x40\x01\0\0\xad\
\xa9\0\0\x02\0\0\0\x60\x01\0\0\xbd\xa9\0\0\x02\0\0\0\x80\x01\0\0\xd4\xa9\0\0\
\x02\0\0\0\xa0\x01\0\0\xe6\xa9\0\0\x02\0\0\0\xc0\x01\0\0\xf9\xa9\0\0\x02\0\0\0\
\xe0\x01\0\0\x0e\xaa\0\0\x02\0\0\0\0\x02\0\0\x21\xaa\0\0\x02\0\0\0\x20\x02\0\0\
\x33\xaa\0\0\x10\0\0\0\x40\x02\0\0\x49\xaa\0\0\x45\0\0\0\x60\x02\0\0\x5f\xaa\0\
\0\x45\0\0\0\x68\x02\0\0\x6a\xaa\0\0\x45\0\0\0\x70\x02\0\0\x80\xaa\0\0\x45\0\0\
\0\x78\x02\0\0\x90\xaa\0\0\x02\0\0\0\x80\x02\0\0\x9c\xaa\0\0\x45\0\0\0\xa0\x02\
\0\0\xb3\xaa\0\0\x45\0\0\0\xa8\x02\0\0\xd0\xaa\0\0\x45\0\0\0\xb0\x02\0\0\xeb\
\xaa\0\0\x22\x06\0\0\xc0\x02\0\0\xfb\xaa\0\0\x24\x02\0\0\xc0\x03\0\0\x0f\xab\0\
\0\x45\0\0\0\0\x04\0\0\x26\xab\0\0\x45\0\0\0\x08\x04\0\0\x37\xab\0\0\x45\0\0\0\
\x10\x04\0\0\x46\xab\0\0\x45\0\0\0\x18\x04\0\0\x5d\xab\0\0\x02\0\0\0\x20\x04\0\
\0\x6b\xab\0\0\x02\0\0\0\x40\x04\0\0\x77\xab\0\0\x02\0\0\0\x60\x04\0\0\x89\xab\
\0\0\x02\0\0\0\x80\x04\0\0\x9a\xab\0\0\x02\0\0\0\xa0\x04\0\0\xab\xab\0\0\x02\0\
\0\0\xc0\x04\0\0\xbc\xab\0\0\x02\0\0\0\xe0\x04\0\0\xcd\xab\0\0\x02\0\0\0\0\x05\
\0\0\xdc\xab\0\0\x10\0\0\0\x20\x05\0\0\xe5\xab\0\0\x31\0\0\0\x40\x05\0\0\xf3\
\xab\0\0\x7a\0\0\0\x80\x05\0\0\x0b\xac\0\0\x45\0\0\0\x88\x05\0\0\0\0\0\0\0\0\0\
\x03\0\0\0\0\x0f\0\0\0\x04\0\0\0\x04\0\0\0\0\0\0\0\0\0\0\x02\x24\x06\0\0\x25\
\xac\0\0\x36\0\0\x04\xf0\0\0\0\x32\xac\0\0\x08\x01\0\0\0\0\0\0\x3d\xac\0\0\x08\
\x01\0\0\x20\0\0\0\x47\xac\0\0\x08\x01\0\0\x40\0\0\0\x4c\xac\0\0\x08\x01\0\0\
\x60\0\0\0\x56\xac\0\0\x08\x01\0\0\x80\0\0\0\x67\xac\0\0\x08\x01\0\0\xa0\0\0\0\
\x70\xac\0\0\x08\x01\0\0\xc0\0\0\0\x7e\xac\0\0\x08\x01\0\0\xe0\0\0\0\x8b\xac\0\
\0\x08\x01\0\0\0\x01\0\0\xa0\xac\0\0\x08\x01\0\0\x20\x01\0\0\xb9\xac\0\0\x08\
\x01\0\0\x40\x01\0\0\xcb\xac\0\0\x08\x01\0\0\x60\x01\0\0\xdd\xac\0\0\x08\x01\0\
\0\x80\x01\0\0\xff\xac\0\0\x08\x01\0\0\xa0\x01\0\0\x21\xad\0\0\x08\x01\0\0\xc0\
\x01\0\0\x2e\xad\0\0\x08\x01\0\0\xe0\x01\0\0\x3d\xad\0\0\x08\x01\0\0\0\x02\0\0\
\x4f\xad\0\0\x08\x01\0\0\x20\x02\0\0\x5f\xad\0\0\x08\x01\0\0\x40\x02\0\0\x71\
\xad\0\0\x08\x01\0\0\x60\x02\0\0\x7f\xad\0\0\x08\x01\0\0\x80\x02\0\0\x90\xad\0\
\0\x11\0\0\0\xa0\x02\0\0\xa1\xad\0\0\x08\x01\0\0\xc0\x02\0\0\xb9\xad\0\0\x08\
\x01\0\0\xe0\x02\0\0\xc9\xad\0\0\x08\x01\0\0\0\x03\0\0\xe5\xad\0\0\x08\x01\0\0\
\x20\x03\0\0\xf8\xad\0\0\x08\x01\0\0\x40\x03\0\0\x0b\xae\0\0\x08\x01\0\0\x60\
\x03\0\0\x26\xae\0\0\x08\x01\0\0\x80\x03\0\0\x41\xae\0\0\x08\x01\0\0\xa0\x03\0\
\0\x54\xae\0\0\x08\x01\0\0\xc0\x03\0\0\x5e\xae\0\0\x08\x01\0\0\xe0\x03\0\0\x72\
\xae\0\0\x08\x01\0\0\0\x04\0\0\x87\xae\0\0\x08\x01\0\0\x20\x04\0\0\x94\xae\0\0\
\x08\x01\0\0\x40\x04\0\0\xb1\xae\0\0\x08\x01\0\0\x60\x04\0\0\xbc\xae\0\0\x08\
\x01\0\0\x80\x04\0\0\xc8\xae\0\0\x08\x01\0\0\xa0\x04\0\0\xd5\xae\0\0\x08\x01\0\
\0\xc0\x04\0\0\xe9\xae\0\0\x08\x01\0\0\xe0\x04\0\0\xf7\xae\0\0\x08\x01\0\0\0\
\x05\0\0\x0b\xaf\0\0\x25\x06\0\0\x20\x05\0\0\x19\xaf\0\0\x08\x01\0\0\xc0\x05\0\
\0\x2c\xaf\0\0\x08\x01\0\0\xe0\x05\0\0\x3e\xaf\0\0\x08\x01\0\0\0\x06\0\0\x4b\
\xaf\0\0\x11\0\0\0\x20\x06\0\0\x58\xaf\0\0\x11\0\0\0\x40\x06\0\0\x66\xaf\0\0\
\x08\x01\0\0\x60\x06\0\0\x75\xaf\0\0\x08\x01\0\0\x80\x06\0\0\x82\xaf\0\0\x08\
\x01\0\0\xa0\x06\0\0\xdc\xab\0\0\x11\0\0\0\xc0\x06\0\0\xe5\xab\0\0\x11\0\0\0\
\xe0\x06\0\0\x92\xaf\0\0\x46\0\0\0\0\x07\0\0\xa0\xaf\0\0\x86\x01\0\0\x40\x07\0\
\0\xae\xaf\0\0\x02\0\0\x04\x14\0\0\0\xc1\xaf\0\0\x7a\0\0\0\0\0\0\0\xcd\xaf\0\0\
\xb1\x04\0\0\x20\0\0\0\xd4\xaf\0\0\x03\0\0\x04\x18\0\0\0\xe3\x10\0\0\x3b\0\0\0\
\0\0\0\0\x81\x11\0\0\xe4\x05\0\0\x40\0\0\0\x70\x55\0\0\x02\0\0\0\x80\0\0\0\xe7\
\x9a\0\0\x0b\0\0\x04\x40\x01\0\0\xe3\xaf\0\0\x18\0\0\0\0\0\0\0\xef\xaf\0\0\x18\
\0\0\0\x40\0\0\0\x16\x12\0\0\x02\0\0\0\x80\0\0\0\xfa\xaf\0\0\x02\0\0\0\xa0\0\0\
\0\x03\xb0\0\0\x28\x06\0\0\xc0\0\0\0\xae\x73\0\0\x46\x03\0\0\0\x01\0\0\x9b\x52\
\0\0\x7a\0\0\0\x40\x01\0\0\x02\x62\0\0\x94\x03\0\0\0\x02\0\0\x05\xb0\0\0\x5e\0\
\0\0\0\x08\0\0\xf9\x13\0\0\x5d\0\0\0\x40\x08\0\0\x09\xb0\0\0\x22\0\0\0\x40\x09\
\0\0\0\0\0\0\0\0\0\x02\x87\x07\0\0\0\0\0\0\0\0\0\x02\x2e\x06\0\0\0\0\0\0\0\0\0\
\x02\x2d\x06\0\0\0\0\0\0\0\0\0\x02\x8b\x07\0\0\0\0\0\0\0\0\0\x02\x2f\x06\0\0\
\x13\xb0\0\0\x0b\0\0\x04\xe8\0\0\0\x2c\x0c\0\0\xee\x04\0\0\0\0\0\0\x6b\x22\0\0\
\x29\x06\0\0\x80\x03\0\0\x1c\xb0\0\0\x02\0\0\0\xc0\x03\0\0\x23\xb0\0\0\x34\x06\
\0\0\xe0\x03\0\0\x2c\xb0\0\0\x34\x06\0\0\x80\x04\0\0\x35\xb0\0\0\xb1\x04\0\0\
\x20\x05\0\0\x42\xb0\0\0\x1a\x05\0\0\xc0\x05\0\0\x4c\xb0\0\0\x10\0\0\0\0\x06\0\
\0\x57\xb0\0\0\x2f\0\0\0\x40\x06\0\0\x65\xb0\0\0\x3e\x06\0\0\xc0\x06\0\0\x78\
\xb0\0\0\x27\0\0\0\0\x07\0\0\x8a\xb0\0\0\x1a\0\0\x84\xa8\0\0\0\x94\xb0\0\0\x2c\
\x06\0\0\0\0\0\0\x9f\xb0\0\0\x29\x06\0\0\x40\0\0\0\xa9\xb0\0\0\x31\x06\0\0\x80\
\0\0\0\0\0\0\0\x32\x06\0\0\xc0\0\0\0\xb3\xb0\0\0\x12\0\0\0\x40\x01\0\0\xc2\xb0\
\0\0\x1d\0\0\0\x60\x01\0\0\x38\x13\0\0\x0f\0\0\0\x80\x01\0\0\xcb\xb0\0\0\x33\
\x06\0\0\xc0\x01\0\0\xd8\xb0\0\0\x34\x06\0\0\0\x02\0\0\xe1\xb0\0\0\x10\0\0\0\
\xa0\x02\0\0\xec\xb0\0\0\x34\x06\0\0\xc0\x02\0\0\xf5\xb0\0\0\x34\x06\0\0\x60\
\x03\0\0\x02\xb1\0\0\x10\0\0\0\0\x04\0\0\x0e\xb1\0\0\x45\0\0\0\x20\x04\0\0\x1c\
\xb1\0\0\x45\0\0\0\x28\x04\0\0\x26\xb1\0\0\x45\0\0\0\x30\x04\0\0\x2e\xb1\0\0\
\x45\0\0\0\x38\x04\0\0\x33\xb1\0\0\x45\0\0\0\x40\x04\0\0\x42\xb1\0\0\x45\0\0\0\
\x48\x04\0\x01\x4f\xb1\0\0\x45\0\0\0\x49\x04\0\x01\x5b\xb1\0\0\x45\0\0\0\x4a\
\x04\0\x01\x68\xb1\0\0\x45\0\0\0\x4b\x04\0\x01\x78\xb1\0\0\x45\0\0\0\x4c\x04\0\
\x04\x90\x13\0\0\x66\0\0\0\x80\x04\0\0\x7f\xb1\0\0\x35\x06\0\0\0\x05\0\0\x82\
\xb1\0\0\x42\x06\0\0\x40\x05\0\0\x94\xb0\0\0\x07\0\0\x04\x78\0\0\0\x8a\xb1\0\0\
\xf0\0\0\0\0\0\0\0\x94\xb1\0\0\x10\0\0\0\x80\0\0\0\x9b\xb1\0\0\x8d\0\0\0\xa0\0\
\0\0\xa4\xb1\0\0\x30\x06\0\0\xc0\0\0\0\xad\xb1\0\0\x26\x06\0\0\xc0\x02\0\0\xac\
\0\0\0\x12\0\0\0\x80\x03\0\0\xb3\xa4\0\0\x12\0\0\0\xa0\x03\0\0\xa9\xb0\0\0\x09\
\0\0\x04\x40\0\0\0\xc1\x04\0\0\x31\x06\0\0\0\0\0\0\xb7\xb1\0\0\x31\x06\0\0\x40\
\0\0\0\xbc\xb1\0\0\x31\x06\0\0\x80\0\0\0\xc2\xb1\0\0\x29\x06\0\0\xc0\0\0\0\xc7\
\xb1\0\0\x26\0\0\0\0\x01\0\0\xce\xb1\0\0\x26\0\0\0\x10\x01\0\0\xd7\xb1\0\0\x02\
\0\0\0\x20\x01\0\0\xe1\xb1\0\0\x29\x06\0\0\x40\x01\0\0\x90\x13\0\0\x66\0\0\0\
\x80\x01\0\0\0\0\0\0\0\0\0\x02\x30\x06\0\0\0\0\0\0\x02\0\0\x05\x10\0\0\0\xe8\
\xb1\0\0\x2f\0\0\0\0\0\0\0\xf6\xb1\0\0\x2f\0\0\0\0\0\0\0\0\0\0\0\0\0\0\x02\x36\
\x07\0\0\xfe\xb1\0\0\x02\0\0\x04\x14\0\0\0\0\x3f\0\0\xb1\x04\0\0\0\0\0\0\x05\
\xb2\0\0\x02\0\0\0\x80\0\0\0\0\0\0\0\0\0\0\x02\x37\x07\0\0\x82\xb1\0\0\x04\0\0\
\x04\x60\0\0\0\x0a\xb2\0\0\x37\x06\0\0\0\0\0\0\x14\xb2\0\0\x0f\0\0\0\x40\x02\0\
\0\x1f\xb2\0\0\x40\x06\0\0\x80\x02\0\0\x29\xb2\0\0\x41\x06\0\0\xc0\x02\0\0\x3f\
\xb2\0\0\x0d\0\0\x04\x48\0\0\0\x4d\xb2\0\0\xc6\x04\0\0\0\0\0\0\x55\xb2\0\0\x02\
\0\0\0\x40\0\0\0\x5d\xb2\0\0\x47\0\0\0\x60\0\0\0\x67\xb2\0\0\x45\0\0\0\x68\0\0\
\0\x72\xb2\0\0\x45\0\0\0\x70\0\0\0\x80\xb2\0\0\x47\0\0\0\x78\0\0\0\x8a\xb2\0\0\
\x69\x05\0\0\x80\0\0\0\x97\xb2\0\0\x39\x06\0\0\xc0\0\0\0\x9e\xb2\0\0\x02\0\0\0\
\x40\x01\0\0\xa9\xb2\0\0\x1f\0\0\0\x60\x01\0\0\xb9\xb2\0\0\x3a\x06\0\0\x80\x01\
\0\0\xcd\xb2\0\0\x3b\x06\0\0\xc0\x01\0\0\xdb\xb2\0\0\x3f\x06\0\0\0\x02\0\0\xea\
\xb2\0\0\x08\0\0\x04\x30\0\0\0\x19\0\0\0\x26\0\0\0\0\0\0\0\xac\0\0\0\x26\0\0\0\
\x10\0\0\0\xf9\xb2\0\0\x26\0\0\0\x20\0\0\0\xcb\x13\0\0\x1f\0\0\0\x40\0\0\0\x02\
\xb3\0\0\x67\x05\0\0\x80\0\0\0\x0e\xb3\0\0\x65\x05\0\0\xc0\0\0\0\x90\x13\0\0\
\x66\0\0\0\0\x01\0\0\x30\x14\0\0\xce\x04\0\0\x80\x01\0\0\0\0\0\0\x02\0\0\x05\
\x10\0\0\0\xd5\x74\0\0\xa5\x04\0\0\0\0\0\0\xda\x74\0\0\xb1\x04\0\0\0\0\0\0\0\0\
\0\0\0\0\0\x02\x3b\x06\0\0\0\0\0\0\0\0\0\x02\x3c\x06\0\0\x19\xb3\0\0\x0d\0\0\
\x84\xb0\0\0\0\x2c\x0c\0\0\xee\x04\0\0\0\0\0\0\xd6\xa4\0\0\x02\0\0\0\x80\x03\0\
\0\x20\xb3\0\0\x12\0\0\0\xa0\x03\0\0\x29\xb3\0\0\x26\0\0\0\xc0\x03\0\0\x31\xb3\
\0\0\x46\0\0\0\xd0\x03\0\0\x3d\xb3\0\0\x46\0\0\0\xd8\x03\0\0\x4d\xb3\0\0\x02\0\
\0\0\xe0\x03\0\0\x54\xb3\0\0\x45\0\0\0\0\x04\0\0\0\0\0\0\x3d\x06\0\0\x20\x04\0\
\0\x61\xb3\0\0\x10\0\0\0\xa0\x04\0\x01\x6f\xb3\0\0\x10\0\0\0\xa1\x04\0\x1f\x77\
\xb3\0\0\x2f\0\0\0\xc0\x04\0\0\x83\xb3\0\0\x3e\x06\0\0\x40\x05\0\0\0\0\0\0\x02\
\0\0\x05\x10\0\0\0\x94\xb3\0\0\xa5\x04\0\0\0\0\0\0\x9b\xb3\0\0\xb1\x04\0\0\0\0\
\0\0\0\0\0\0\0\0\0\x02\x68\x06\0\0\0\0\0\0\0\0\0\x02\x3a\x07\0\0\0\0\0\0\0\0\0\
\x02\x2a\x06\0\0\0\0\0\0\0\0\0\x02\x3b\x07\0\0\0\0\0\0\0\0\0\x03\0\0\0\0\x36\
\x06\0\0\x04\0\0\0\0\0\0\0\xa2\xb3\0\0\x27\0\0\x04\x08\x04\0\0\xd1\x2c\0\0\xc6\
\x04\0\0\0\0\0\0\xac\xb3\0\0\x2f\0\0\0\x40\0\0\0\xb6\xb3\0\0\x44\x06\0\0\xc0\0\
\0\0\xbe\xb3\0\0\x44\x06\0\0\0\x01\0\0\xc6\xb3\0\0\x47\0\0\0\x40\x01\0\0\xcd\
\xb3\0\0\x47\0\0\0\x48\x01\0\0\xdb\xb3\0\0\x47\0\0\0\x50\x01\0\0\xe8\xb3\0\0\
\x47\0\0\0\x58\x01\0\0\xf5\xb3\0\0\x0f\0\0\0\x80\x01\0\0\0\xb4\0\0\x0f\0\0\0\
\xc0\x01\0\0\x06\xb4\0\0\x0f\0\0\0\0\x02\0\0\x0d\xb4\0\0\x0f\0\0\0\x40\x02\0\0\
\x19\xb4\0\0\x63\x03\0\0\x80\x02\0\0\x24\xb4\0\0\x63\x03\0\0\x40\x05\0\0\x30\
\xb4\0\0\x63\x03\0\0\0\x08\0\0\x3c\xb4\0\0\x63\x03\0\0\xc0\x0a\0\0\x4a\xb4\0\0\
\x63\x03\0\0\x80\x0d\0\0\x59\xb4\0\0\xc0\x04\0\0\x40\x10\0\0\x68\xb4\0\0\xc0\
\x04\0\0\0\x11\0\0\x78\xb4\0\0\x8d\0\0\0\xc0\x11\0\0\x86\xb4\0\0\x8d\0\0\0\xe0\
\x11\0\0\x95\xb4\0\0\x92\0\0\0\0\x12\0\0\x9d\xb4\0\0\x49\x06\0\0\0\x13\0\0\x81\
\x11\0\0\x97\0\0\0\x40\x13\0\0\xcb\x13\0\0\x1d\0\0\0\x80\x13\0\0\xa5\xb4\0\0\
\x11\0\0\0\xa0\x13\0\0\x9b\x52\0\0\x02\0\0\0\xc0\x13\0\0\xae\xb4\0\0\x10\0\0\0\
\xe0\x13\0\0\xbc\xb4\0\0\x2f\0\0\0\0\x14\0\0\xca\xb4\0\0\xb1\x04\0\0\x80\x14\0\
\0\xd0\xb4\0\0\x18\x06\0\0\0\x15\0\0\xd9\xb4\0\0\x24\x06\0\0\x40\x15\0\0\x89\
\x58\0\0\x65\x06\0\0\xc0\x1c\0\0\xdd\xb4\0\0\xc4\x01\0\0\xc0\x1d\0\0\xe6\xb4\0\
\0\x08\x01\0\0\0\x1f\0\0\xf2\xb4\0\0\x46\0\0\0\x20\x1f\0\0\xcf\x2a\0\0\x0f\0\0\
\0\x40\x1f\0\0\x90\x13\0\0\x66\0\0\0\x80\x1f\0\0\xfc\xb4\0\0\x12\0\0\0\0\x20\0\
\0\0\0\0\0\0\0\0\x02\x45\x06\0\0\x03\xb5\0\0\x0f\0\0\x04\xd0\0\0\0\x0d\xb5\0\0\
\xb1\x04\0\0\0\0\0\0\x16\xb5\0\0\x1a\x05\0\0\x80\0\0\0\x3b\x0c\0\0\x44\x06\0\0\
\xc0\0\0\0\x1b\xb5\0\0\x46\x06\0\0\0\x01\0\0\x27\xb5\0\0\x46\x06\0\0\x40\x01\0\
\0\x30\xb5\0\0\x12\0\0\0\x80\x01\0\0\x3b\xb5\0\0\x47\0\0\0\xa0\x01\0\0\x47\xb5\
\0\0\x48\x06\0\0\xc0\x01\0\0\x53\xb5\0\0\x63\x03\0\0\x40\x02\0\0\x5c\xb5\0\0\
\x12\0\0\0\0\x05\0\0\x66\xb5\0\0\x02\0\0\0\x20\x05\0\0\x70\xb5\0\0\x1d\0\0\0\
\x40\x05\0\0\x7b\xb5\0\0\x0f\0\0\0\x80\x05\0\0\x86\xb5\0\0\x0f\0\0\0\xc0\x05\0\
\0\x90\x13\0\0\x66\0\0\0\0\x06\0\0\0\0\0\0\0\0\0\x02\x47\x06\0\0\x91\xb5\0\0\
\x07\0\0\x04\x40\0\0\0\x9d\xb5\0\0\x46\x06\0\0\0\0\0\0\xa5\xb5\0\0\xb1\x04\0\0\
\x40\0\0\0\xad\xb5\0\0\x48\x06\0\0\xc0\0\0\0\xb6\xb5\0\0\x47\0\0\0\x40\x01\0\0\
\xc0\xb5\0\0\x47\0\0\0\x48\x01\0\0\xc9\xb5\0\0\x47\0\0\0\x50\x01\0\0\x90\x13\0\
\0\x66\0\0\0\x80\x01\0\0\0\0\0\0\0\0\0\x03\0\0\0\0\x0f\0\0\0\x04\0\0\0\x02\0\0\
\0\0\0\0\0\0\0\0\x02\x35\x07\0\0\xd4\xb5\0\0\x0c\0\0\x04\x90\0\0\0\xae\x73\0\0\
\xaf\x04\0\0\0\0\0\0\xd1\x2c\0\0\xc6\x04\0\0\x40\0\0\0\x94\x13\0\0\x2f\0\0\0\
\x80\0\0\0\xe0\xb5\0\0\x4b\x06\0\0\0\x01\0\0\x0d\x62\0\0\x17\x06\0\0\x40\x01\0\
\0\xec\xb5\0\0\x1c\0\0\0\x80\x01\0\0\x9b\x52\0\0\x02\0\0\0\xc0\x01\0\0\xcb\x13\
\0\0\x1d\0\0\0\xe0\x01\0\0\x82\x14\0\0\x66\0\0\0\0\x02\0\0\xf9\xb5\0\0\x02\0\0\
\0\x80\x02\0\0\x30\x14\0\0\x64\x06\0\0\xa0\x02\0\0\x08\xb6\0\0\x76\0\0\0\x40\
\x04\0\0\0\0\0\0\0\0\0\x02\x4c\x06\0\0\0\0\0\0\x01\0\0\x0d\x02\0\0\0\0\0\0\0\
\x15\x06\0\0\x13\xb6\0\0\x1f\0\0\x04\xe8\x01\0\0\xed\x83\0\0\x02\0\0\0\0\0\0\0\
\x1f\xb6\0\0\x12\0\0\0\x20\0\0\0\x11\x62\0\0\x12\0\0\0\x40\0\0\0\x1e\x82\0\0\
\xab\x04\0\0\x60\0\0\0\xa3\x20\0\0\x4e\x06\0\0\x80\0\0\0\x2a\xb6\0\0\x53\x06\0\
\0\xc0\0\0\0\x31\xb6\0\0\x4b\x06\0\0\0\x01\0\0\x3d\xb6\0\0\x57\x06\0\0\x40\x01\
\0\0\x4a\xb6\0\0\x5b\x06\0\0\x80\x01\0\0\x56\xb6\0\0\xcc\x04\0\0\xc0\x01\0\0\
\x61\xb6\0\0\x5d\x06\0\0\0\x02\0\0\x6e\xb6\0\0\x5f\x06\0\0\x40\x02\0\0\xe1\x13\
\0\0\x21\x01\0\0\x80\x02\0\0\xef\xa8\0\0\x4a\x06\0\0\xc0\x02\0\0\x78\xb6\0\0\
\x2f\0\0\0\x40\x07\0\0\x83\xb6\0\0\x02\0\0\0\xc0\x07\0\0\x8f\xb6\0\0\x02\0\0\0\
\xe0\x07\0\0\x9a\xb6\0\0\x02\0\0\0\0\x08\0\0\xa5\xb6\0\0\x02\0\0\0\x20\x08\0\0\
\xb0\xb6\0\0\x0f\0\0\0\x40\x08\0\0\xbb\xb6\0\0\x63\x03\0\0\x80\x08\0\0\xc3\xb6\
\0\0\xc4\x01\0\0\x40\x0b\0\0\xcf\xb6\0\0\xc0\x04\0\0\x80\x0c\0\0\xdb\xb6\0\0\
\x1f\0\0\0\x40\x0d\0\0\xe3\xb6\0\0\x1f\0\0\0\x60\x0d\0\0\x44\xa9\0\0\x2f\0\0\0\
\x80\x0d\0\0\x81\x11\0\0\x97\0\0\0\0\x0e\0\0\xee\xb6\0\0\x0f\0\0\0\x40\x0e\0\0\
\x89\x58\0\0\x61\x06\0\0\x80\x0e\0\0\xf8\xb6\0\0\x62\x06\0\0\xc0\x0e\0\0\xfc\
\xb6\0\0\x63\x06\0\0\0\x0f\0\0\0\0\0\0\0\0\0\x02\x4f\x06\0\0\0\0\0\0\x03\0\0\
\x0d\x11\0\0\0\0\0\0\0\x24\x01\0\0\0\0\0\0\x50\x06\0\0\0\0\0\0\x52\x06\0\0\0\0\
\0\0\0\0\0\x02\x51\x06\0\0\0\0\0\0\0\0\0\x0a\xef\x04\0\0\0\0\0\0\0\0\0\x02\x11\
\0\0\0\0\0\0\0\0\0\0\x02\x54\x06\0\0\0\0\0\0\x02\0\0\x0d\x7a\0\0\0\0\0\0\0\x55\
\x06\0\0\0\0\0\0\x24\x01\0\0\0\0\0\0\0\0\0\x02\x56\x06\0\0\0\0\0\0\0\0\0\x0a\
\x16\x06\0\0\0\0\0\0\0\0\0\x02\x58\x06\0\0\0\0\0\0\x01\0\0\x0d\x02\0\0\0\0\0\0\
\0\x59\x06\0\0\0\0\0\0\0\0\0\x02\x5a\x06\0\0\x0a\xb7\0\0\x06\0\0\x04\x20\0\0\0\
\x3b\x0c\0\0\x59\x06\0\0\0\0\0\0\xae\x73\0\0\xaf\x04\0\0\x40\0\0\0\xd1\x2c\0\0\
\xc6\x04\0\0\x80\0\0\0\xac\0\0\0\x45\0\0\0\xc0\0\0\0\x1e\x82\0\0\x45\0\0\0\xc8\
\0\0\0\xde\x1f\0\0\x40\x03\0\0\xd0\0\0\0\0\0\0\0\0\0\0\x02\x5c\x06\0\0\0\0\0\0\
\x01\0\0\x0d\0\0\0\0\0\0\0\0\x59\x06\0\0\0\0\0\0\0\0\0\x02\x5e\x06\0\0\0\0\0\0\
\x01\0\0\x0d\x02\0\0\0\0\0\0\0\x24\x01\0\0\0\0\0\0\0\0\0\x02\x60\x06\0\0\0\0\0\
\0\x02\0\0\x0d\x7a\0\0\0\0\0\0\0\x50\x06\0\0\0\0\0\0\xf3\x05\0\0\0\0\0\0\0\0\0\
\x02\x18\x07\0\0\0\0\0\0\0\0\0\x02\x19\x07\0\0\0\0\0\0\0\0\0\x02\x59\x06\0\0\0\
\0\0\0\0\0\0\x03\0\0\0\0\x02\0\0\0\x04\0\0\0\x0d\0\0\0\x17\xb7\0\0\x04\0\0\x04\
\x20\0\0\0\x11\x75\0\0\x54\x04\0\0\0\0\0\0\xda\x74\0\0\xbd\x05\0\0\x40\0\0\0\
\x24\xb7\0\0\x66\x06\0\0\x80\0\0\0\x2e\xb7\0\0\x67\x06\0\0\xc0\0\0\0\0\0\0\0\0\
\0\0\x02\x3f\x07\0\0\0\0\0\0\0\0\0\x02\x40\x07\0\0\x3b\xb7\0\0\x02\0\0\x04\x18\
\0\0\0\x81\x11\0\0\x8d\0\0\0\0\0\0\0\x36\x1e\0\0\x2f\0\0\0\x40\0\0\0\x49\xb7\0\
\0\x16\0\0\x04\xb8\0\0\0\xed\x83\0\0\x02\0\0\0\0\0\0\0\x94\x13\0\0\x2f\0\0\0\
\x40\0\0\0\x57\xb7\0\0\x02\0\0\0\xc0\0\0\0\x61\xb7\0\0\x02\0\0\0\xe0\0\0\0\x6b\
\xb7\0\0\x02\0\0\0\0\x01\0\0\x7c\xb7\0\0\x02\0\0\0\x20\x01\0\0\x8a\xb7\0\0\x12\
\0\0\0\x40\x01\0\0\xde\x83\0\0\x6a\x06\0\0\x80\x01\0\0\x98\xb7\0\0\x81\x06\0\0\
\xc0\x01\0\0\xa1\xb7\0\0\x83\x06\0\0\0\x02\0\0\xa7\xb7\0\0\x85\x06\0\0\x40\x02\
\0\0\xb1\xb7\0\0\x8c\x06\0\0\x80\x02\0\0\xb8\xb7\0\0\x8e\x06\0\0\xc0\x02\0\0\
\xc0\xb7\0\0\x90\x06\0\0\0\x03\0\0\xc5\xb7\0\0\x92\x06\0\0\x40\x03\0\0\xd3\xb7\
\0\0\x94\x06\0\0\x80\x03\0\0\xdf\xb7\0\0\x02\0\0\0\xc0\x03\0\0\xab\x01\0\0\xf7\
\x05\0\0\0\x04\0\0\xe7\xb7\0\0\x2f\0\0\0\x40\x04\0\0\xcb\x19\0\0\xd2\x01\0\0\
\xc0\x04\0\0\xf2\xb7\0\0\x46\x03\0\0\0\x05\0\0\x90\x13\0\0\x66\0\0\0\x40\x05\0\
\0\0\0\0\0\0\0\0\x02\x6b\x06\0\0\0\0\0\0\x04\0\0\x0d\x02\0\0\0\0\0\0\0\x6c\x06\
\0\0\0\0\0\0\x71\x06\0\0\0\0\0\0\x02\0\0\0\0\0\0\0\x7f\x06\0\0\0\0\0\0\0\0\0\
\x02\x6d\x06\0\0\xfa\xb7\0\0\x19\0\0\x04\x98\0\0\0\x94\x13\0\0\x2f\0\0\0\0\0\0\
\0\x03\xb8\0\0\x02\0\0\0\x80\0\0\0\x0c\xb8\0\0\x02\0\0\0\xa0\0\0\0\x1b\x83\0\0\
\x10\0\0\0\xc0\0\0\0\x15\xb8\0\0\x10\0\0\0\xe0\0\0\0\xac\0\0\0\x10\0\0\0\0\x01\
\0\0\x1f\xb8\0\0\x10\0\0\0\x20\x01\0\0\xde\x83\0\0\x45\0\0\0\x40\x01\0\0\x25\
\xb8\0\0\x45\0\0\0\x48\x01\0\0\x70\x84\0\0\x45\0\0\0\x50\x01\0\0\x2c\xb8\0\0\
\x45\0\0\0\x58\x01\0\0\x9f\x42\0\0\x10\0\0\0\x60\x01\0\0\x35\xb8\0\0\x6e\x06\0\
\0\x80\x01\0\0\x3c\xb8\0\0\x6c\x06\0\0\xc0\x01\0\0\x44\xb8\0\0\x46\x03\0\0\0\
\x02\0\0\xcb\x13\0\0\x1d\0\0\0\x40\x02\0\0\x4b\xb8\0\0\x10\0\0\0\x60\x02\0\0\
\x50\xb8\0\0\x02\0\0\0\x80\x02\0\0\x61\xb8\0\0\x02\0\0\0\xa0\x02\0\0\x74\xb8\0\
\0\x8d\x01\0\0\xc0\x02\0\0\x7c\xb8\0\0\x8d\x01\0\0\x40\x03\0\0\x84\xb8\0\0\x6f\
\x06\0\0\xc0\x03\0\0\x8e\xb8\0\0\x70\x06\0\0\0\x04\0\0\x9a\xb8\0\0\x70\x06\0\0\
\x20\x04\0\0\x90\x13\0\0\x66\0\0\0\x40\x04\0\0\xa6\xb8\0\0\0\0\0\x08\x32\0\0\0\
\xad\xb8\0\0\x02\0\0\x04\x08\0\0\0\xda\x1a\0\0\xa0\0\0\0\0\0\0\0\x5e\x82\0\0\
\xa0\0\0\0\x20\0\0\0\xbc\xb8\0\0\x02\0\0\x04\x04\0\0\0\xda\x1a\0\0\x26\0\0\0\0\
\0\0\0\x5e\x82\0\0\x26\0\0\0\x10\0\0\0\0\0\0\0\0\0\0\x02\x72\x06\0\0\xd0\xb8\0\
\0\x01\0\0\x04\x58\0\0\0\xd6\xb8\0\0\x73\x06\0\0\0\0\0\0\0\0\0\0\x04\0\0\x05\
\x58\0\0\0\xd8\xb8\0\0\x74\x06\0\0\0\0\0\0\xe4\xb8\0\0\x76\x06\0\0\0\0\0\0\xe8\
\xb8\0\0\x7d\x06\0\0\0\0\0\0\xec\xb8\0\0\x7e\x06\0\0\0\0\0\0\xef\xb8\0\0\x0b\0\
\0\x04\x28\0\0\0\xfc\xb8\0\0\x02\0\0\0\0\0\0\0\x07\xb9\0\0\x02\0\0\0\x20\0\0\0\
\x12\xb9\0\0\x11\0\0\0\x40\0\0\0\x1e\xb9\0\0\x46\0\0\0\x60\0\0\0\x29\xb9\0\0\
\x46\0\0\0\x68\0\0\0\x36\xb9\0\0\x46\0\0\0\x70\0\0\0\x43\xb9\0\0\x46\0\0\0\x78\
\0\0\0\x50\xb9\0\0\x11\0\0\0\x80\0\0\0\x5d\xb9\0\0\xa0\0\0\0\xa0\0\0\0\x68\xb9\
\0\0\x75\x06\0\0\xc0\0\0\0\x77\xb9\0\0\x11\0\0\0\0\x01\0\0\x8d\xb9\0\0\x01\0\0\
\x04\x08\0\0\0\x35\xb8\0\0\x6e\x06\0\0\0\0\0\0\x9a\xb9\0\0\x04\0\0\x04\x38\0\0\
\0\xd8\xb8\0\0\x74\x06\0\0\0\0\0\0\x30\x84\0\0\xa5\x04\0\0\x40\x01\0\0\x2a\x84\
\0\0\xa5\x04\0\0\x60\x01\0\0\xa1\xb9\0\0\x77\x06\0\0\x80\x01\0\0\xa5\xb9\0\0\
\x05\0\0\x05\x04\0\0\0\xaf\xb9\0\0\x78\x06\0\0\0\0\0\0\xb5\xb9\0\0\x79\x06\0\0\
\0\0\0\0\xbb\xb9\0\0\x7a\x06\0\0\0\0\0\0\xc3\xb9\0\0\xa5\x04\0\0\0\0\0\0\xcb\
\xb9\0\0\x7c\x06\0\0\0\0\0\0\0\0\0\0\x02\0\0\x04\x04\0\0\0\x36\x84\0\0\xab\x04\
\0\0\0\0\0\0\x47\x84\0\0\xab\x04\0\0\x10\0\0\0\0\0\0\0\x02\0\0\x04\x02\0\0\0\
\x19\0\0\0\x46\0\0\0\0\0\0\0\x91\x5f\0\0\x46\0\0\0\x08\0\0\0\0\0\0\0\x02\0\0\
\x04\x04\0\0\0\x36\x84\0\0\x7b\x06\0\0\0\0\0\0\x47\x84\0\0\x7b\x06\0\0\x10\0\0\
\0\xcf\xb9\0\0\0\0\0\x08\x26\0\0\0\0\0\0\0\x01\0\0\x04\x01\0\0\0\x19\0\0\0\x46\
\0\0\0\0\0\0\0\xd6\xb9\0\0\x06\0\0\x04\x58\0\0\0\xd8\xb8\0\0\x74\x06\0\0\0\0\0\
\0\x2a\x84\0\0\xb1\x04\0\0\x40\x01\0\0\x30\x84\0\0\xb1\x04\0\0\xc0\x01\0\0\xdd\
\xb9\0\0\xa5\x04\0\0\x40\x02\0\0\xa1\xb9\0\0\x77\x06\0\0\x60\x02\0\0\xe7\xb9\0\
\0\x11\0\0\0\x80\x02\0\0\xef\xb9\0\0\x04\0\0\x04\x30\0\0\0\xd8\xb8\0\0\x74\x06\
\0\0\0\0\0\0\x2a\x84\0\0\x7b\x06\0\0\x40\x01\0\0\x30\x84\0\0\x7b\x06\0\0\x50\
\x01\0\0\xa1\xb9\0\0\x77\x06\0\0\x60\x01\0\0\0\0\0\0\0\0\0\x02\x80\x06\0\0\xf7\
\xb9\0\0\x06\0\0\x04\x28\0\0\0\x06\xba\0\0\x1c\0\0\0\0\0\0\0\x11\xba\0\0\x24\
\x01\0\0\x40\0\0\0\x1d\xba\0\0\x1c\0\0\0\x80\0\0\0\x24\xba\0\0\x6c\x06\0\0\xc0\
\0\0\0\x1f\xb8\0\0\x10\0\0\0\0\x01\0\0\xac\0\0\0\x02\0\0\0\x20\x01\0\0\0\0\0\0\
\0\0\0\x02\x82\x06\0\0\0\0\0\0\x03\0\0\x0d\x7a\0\0\0\0\0\0\0\x6c\x06\0\0\0\0\0\
\0\x02\0\0\0\0\0\0\0\x7f\x06\0\0\0\0\0\0\0\0\0\x02\x84\x06\0\0\0\0\0\0\x03\0\0\
\x0d\x02\0\0\0\0\0\0\0\x6c\x06\0\0\0\0\0\0\x71\x06\0\0\0\0\0\0\x02\0\0\0\0\0\0\
\0\0\0\0\x02\x86\x06\0\0\0\0\0\0\x05\0\0\x0d\x02\0\0\0\0\0\0\0\x6c\x06\0\0\0\0\
\0\0\xc1\x04\0\0\0\0\0\0\x87\x06\0\0\0\0\0\0\x89\x06\0\0\0\0\0\0\xf3\x05\0\0\0\
\0\0\0\0\0\0\x02\x88\x06\0\0\x29\xba\0\0\x09\0\0\x04\x0c\0\0\0\xed\x83\0\0\x46\
\0\0\0\0\0\0\0\x36\xba\0\0\x46\0\0\0\x08\0\0\0\x3e\xba\0\0\x46\0\0\0\x10\0\0\0\
\x46\xba\0\0\x46\0\0\0\x18\0\0\0\x1f\xb8\0\0\x46\0\0\0\x20\0\0\0\x4a\xba\0\0\
\x46\0\0\0\x28\0\0\0\x4f\xba\0\0\x46\0\0\0\x30\0\0\0\xde\x83\0\0\x46\0\0\0\x38\
\0\0\0\xac\0\0\0\x11\0\0\0\x40\0\0\0\0\0\0\0\0\0\0\x02\x8a\x06\0\0\0\0\0\0\0\0\
\0\x02\x8b\x06\0\0\x54\xba\0\0\x02\0\0\x04\x04\0\0\0\x5b\xba\0\0\x26\0\0\0\0\0\
\0\0\x63\xba\0\0\x26\0\0\0\x10\0\0\0\0\0\0\0\0\0\0\x02\x8d\x06\0\0\0\0\0\0\x01\
\0\0\x0d\x02\0\0\0\0\0\0\0\x6c\x06\0\0\0\0\0\0\0\0\0\x02\x8f\x06\0\0\0\0\0\0\
\x03\0\0\x0d\x02\0\0\0\0\0\0\0\x6c\x06\0\0\0\0\0\0\x87\x06\0\0\0\0\0\0\x89\x06\
\0\0\0\0\0\0\0\0\0\x02\x91\x06\0\0\0\0\0\0\x03\0\0\x0d\x02\0\0\0\0\0\0\0\x6c\
\x06\0\0\0\0\0\0\xc1\x04\0\0\0\0\0\0\x87\x06\0\0\0\0\0\0\0\0\0\x02\x93\x06\0\0\
\0\0\0\0\x01\0\0\x0d\x18\x01\0\0\0\0\0\0\x6c\x06\0\0\0\0\0\0\0\0\0\x02\x95\x06\
\0\0\0\0\0\0\x01\0\0\x0d\0\0\0\0\0\0\0\0\xdd\x05\0\0\x6c\xba\0\0\x04\0\0\x04\
\x10\0\0\0\x19\0\0\0\x45\0\0\0\0\0\0\0\x77\xba\0\0\x45\0\0\0\x08\0\0\0\x98\x26\
\0\0\x25\0\0\0\x10\0\0\0\0\0\0\0\x97\x06\0\0\x40\0\0\0\0\0\0\0\x09\0\0\x05\x08\
\0\0\0\x87\xba\0\0\x98\x06\0\0\0\0\0\0\x95\x43\0\0\x98\x06\0\0\0\0\0\0\x98\xba\
\0\0\xcc\0\0\0\0\0\0\0\xa7\xba\0\0\xf7\x05\0\0\0\0\0\0\x33\xa6\0\0\x99\x06\0\0\
\0\0\0\0\xb5\xba\0\0\x9a\x06\0\0\0\0\0\0\0\0\0\0\x9b\x06\0\0\0\0\0\0\xc2\xba\0\
\0\x9c\x06\0\0\0\0\0\0\xcb\xba\0\0\x25\0\0\0\0\0\0\0\0\0\0\0\0\0\0\x0a\x10\0\0\
\0\0\0\0\0\0\0\0\x02\xff\x06\0\0\0\0\0\0\0\0\0\x02\0\x07\0\0\0\0\0\0\x02\0\0\
\x04\x04\0\0\0\xff\x3d\0\0\xba\0\0\0\0\0\0\0\xfb\x3d\0\0\xba\0\0\0\x10\0\0\0\0\
\0\0\0\0\0\0\x02\x9d\x06\0\0\0\0\0\0\x02\0\0\x0d\x02\0\0\0\0\0\0\0\xf5\x05\0\0\
\0\0\0\0\xf3\x05\0\0\0\0\0\0\0\0\0\x02\x8c\x07\0\0\0\0\0\0\x03\0\0\x04\x10\0\0\
\0\x36\x1e\0\0\x6f\0\0\0\0\0\0\0\x81\x11\0\0\x8d\0\0\0\x40\0\0\0\x38\x51\0\0\
\x10\0\0\0\x60\0\0\0\0\0\0\0\0\0\0\x02\x8d\x07\0\0\xdd\xba\0\0\x07\0\0\x04\xd0\
\0\0\0\xe6\xba\0\0\x54\x04\0\0\0\0\0\0\xf5\xba\0\0\xb4\x06\0\0\x40\0\0\0\0\xbb\
\0\0\x86\x01\0\0\x80\x03\0\0\x12\xbb\0\0\xbe\x06\0\0\xc0\x03\0\0\x1d\xbb\0\0\
\xbe\x06\0\0\0\x05\0\0\x28\xbb\0\0\x12\0\0\0\x40\x06\0\0\x3a\xbb\0\0\x12\0\0\0\
\x60\x06\0\0\0\0\0\0\0\0\0\x02\xa3\x06\0\0\0\0\0\0\0\0\0\x0a\xa4\x06\0\0\x4c\
\xbb\0\0\x04\0\0\x04\x20\0\0\0\xe1\x20\0\0\x21\x01\0\0\0\0\0\0\x19\0\0\0\xa5\
\x06\0\0\x40\0\0\0\x56\xbb\0\0\xa6\x06\0\0\x80\0\0\0\x5c\xbb\0\0\xd2\x01\0\0\
\xc0\0\0\0\x5f\xbb\0\0\x03\0\0\x06\x04\0\0\0\x6b\xbb\0\0\0\0\0\0\x7b\xbb\0\0\
\x01\0\0\0\x8c\xbb\0\0\x02\0\0\0\0\0\0\0\0\0\0\x02\xa7\x06\0\0\x9c\xbb\0\0\0\0\
\0\x08\xa8\x06\0\0\0\0\0\0\x08\0\0\x0d\0\0\0\0\0\0\0\0\x46\x03\0\0\0\0\0\0\xa9\
\x06\0\0\0\0\0\0\x12\0\0\0\0\0\0\0\xaa\x06\0\0\0\0\0\0\x50\x06\0\0\0\0\0\0\x50\
\x06\0\0\0\0\0\0\xac\x06\0\0\0\0\0\0\xcc\0\0\0\xa5\xbb\0\0\0\0\0\x08\x45\0\0\0\
\0\0\0\0\0\0\0\x02\xab\x06\0\0\0\0\0\0\0\0\0\x0a\xc2\x04\0\0\0\0\0\0\0\0\0\x02\
\xad\x06\0\0\0\0\0\0\0\0\0\x0a\xae\x06\0\0\xae\xbb\0\0\x02\0\0\x04\x10\0\0\0\
\x19\0\0\0\xa9\x06\0\0\0\0\0\0\xd6\xb8\0\0\xaf\x06\0\0\x20\0\0\0\0\0\0\0\x02\0\
\0\x05\x0c\0\0\0\xb9\xbb\0\0\xb0\x06\0\0\0\0\0\0\xbe\xbb\0\0\xb3\x06\0\0\0\0\0\
\0\0\0\0\0\x04\0\0\x04\x0c\0\0\0\xc2\xbb\0\0\xb1\x06\0\0\0\0\0\0\x6f\x24\0\0\
\xb2\x06\0\0\x20\0\0\0\xcb\xbb\0\0\xb2\x06\0\0\x30\0\0\0\xac\0\0\0\xb2\x06\0\0\
\x40\0\0\0\xd6\xbb\0\0\0\0\0\x08\x10\0\0\0\xe0\xbb\0\0\0\0\0\x08\x25\0\0\0\0\0\
\0\0\x02\0\0\x04\x02\0\0\0\xf4\x1d\0\0\xa9\x06\0\0\0\0\0\0\xea\xbb\0\0\xa9\x06\
\0\0\x08\0\0\0\0\0\0\0\0\0\0\x03\0\0\0\0\xa2\x06\0\0\x04\0\0\0\x0d\0\0\0\xf3\
\xbb\0\0\x02\0\0\x04\x08\0\0\0\x03\xbc\0\0\x25\0\0\0\0\0\0\0\x14\xbc\0\0\xbd\
\x06\0\0\x40\0\0\0\x1a\xbc\0\0\x02\0\0\x04\x10\0\0\0\x28\xbc\0\0\xb7\x06\0\0\0\
\0\0\0\x6e\x54\0\0\x1c\0\0\0\x40\0\0\0\0\0\0\0\0\0\0\x02\xb8\x06\0\0\x2d\xbc\0\
\0\0\0\0\x08\xb9\x06\0\0\0\0\0\0\x03\0\0\x0d\x12\0\0\0\0\0\0\0\x1c\0\0\0\0\0\0\
\0\xc1\x04\0\0\0\0\0\0\xba\x06\0\0\0\0\0\0\0\0\0\x02\xbb\x06\0\0\0\0\0\0\0\0\0\
\x0a\xbc\x06\0\0\x37\xbc\0\0\x07\0\0\x04\x30\0\0\0\x28\xbc\0\0\x45\0\0\0\0\0\0\
\0\x45\xbc\0\0\x45\0\0\0\x08\0\0\0\x48\xbc\0\0\xc6\x04\0\0\x40\0\0\0\x4b\xbc\0\
\0\xc6\x04\0\0\x80\0\0\0\x8f\x82\0\0\x9f\x04\0\0\xc0\0\0\0\xae\x73\0\0\x46\x03\
\0\0\0\x01\0\0\x4f\xbc\0\0\x67\x05\0\0\x40\x01\0\0\0\0\0\0\0\0\0\x03\0\0\0\0\
\xb6\x06\0\0\x04\0\0\0\0\0\0\0\0\0\0\0\0\0\0\x03\0\0\0\0\x26\x05\0\0\x04\0\0\0\
\x05\0\0\0\x54\xbc\0\0\x0b\0\0\x04\x88\0\0\0\x5d\xbc\0\0\x7a\0\0\0\0\0\0\0\x72\
\xbc\0\0\x45\0\0\0\x08\0\0\0\x85\xbc\0\0\x45\0\0\0\x10\0\0\0\x93\xbc\0\0\x45\0\
\0\0\x18\0\0\0\x9f\xbc\0\0\x45\0\0\0\x20\0\0\0\xb9\xbc\0\0\x45\0\0\0\x28\0\0\0\
\xc7\xbc\0\0\x45\0\0\0\x30\0\0\0\xd7\xbc\0\0\xc0\x06\0\0\x40\0\0\0\x92\x67\0\0\
\xc1\x06\0\0\x80\0\0\0\xe2\xbc\0\0\xc2\x06\0\0\xc0\0\0\0\xf8\xbc\0\0\xc3\x06\0\
\0\0\x01\0\0\0\0\0\0\0\0\0\x02\x8e\x07\0\0\0\0\0\0\0\0\0\x02\x8f\x07\0\0\0\0\0\
\0\0\0\0\x02\x90\x07\0\0\x04\xbd\0\0\x06\0\0\x04\x68\0\0\0\x0e\xbd\0\0\xc4\x06\
\0\0\0\0\0\0\x16\xbd\0\0\xc5\x06\0\0\x20\0\0\0\x1a\xbd\0\0\xc7\x06\0\0\0\x02\0\
\0\x1e\xbd\0\0\xc9\x06\0\0\x40\x02\0\0\x23\xbd\0\0\xc9\x06\0\0\x60\x02\0\0\x2a\
\xbd\0\0\xca\x06\0\0\x80\x02\0\0\x2e\xbd\0\0\x01\0\0\x04\x04\0\0\0\x16\x12\0\0\
\x12\0\0\0\0\0\0\0\x3d\xbd\0\0\x05\0\0\x04\x3c\0\0\0\x48\xbd\0\0\xc6\x06\0\0\0\
\0\0\0\x51\xbd\0\0\x45\0\0\0\xc0\x01\0\0\x5b\xbd\0\0\x45\0\0\0\xc8\x01\0\0\x6a\
\xbd\0\0\x45\0\0\0\xd0\x01\0\0\x7a\xbd\0\0\x45\0\0\0\xd8\x01\0\0\0\0\0\0\0\0\0\
\x03\0\0\0\0\x12\0\0\0\x04\0\0\0\x0e\0\0\0\x91\xbd\0\0\x01\0\0\x04\x08\0\0\0\
\x48\xbd\0\0\xc8\x06\0\0\0\0\0\0\0\0\0\0\0\0\0\x03\0\0\0\0\x12\0\0\0\x04\0\0\0\
\x02\0\0\0\x9c\xbd\0\0\x01\0\0\x04\x04\0\0\0\x16\x12\0\0\x12\0\0\0\0\0\0\0\xa8\
\xbd\0\0\x02\0\0\x04\x18\0\0\0\xb3\xbd\0\0\x2f\0\0\0\0\0\0\0\x48\xbd\0\0\xc8\
\x06\0\0\x80\0\0\0\0\0\0\0\0\0\0\x02\x91\x07\0\0\xbf\xbd\0\0\x03\0\0\x04\x40\0\
\0\0\xc9\xbd\0\0\xcd\x06\0\0\0\0\0\0\x68\x57\0\0\xce\x06\0\0\x80\0\0\0\x84\x69\
\0\0\xcf\x06\0\0\0\x01\0\0\0\0\0\0\0\0\0\x03\0\0\0\0\x1d\x03\0\0\x04\0\0\0\x02\
\0\0\0\0\0\0\0\0\0\0\x03\0\0\0\0\x14\x03\0\0\x04\0\0\0\x02\0\0\0\0\0\0\0\0\0\0\
\x03\0\0\0\0\x2f\0\0\0\x04\0\0\0\x02\0\0\0\xd3\xbd\0\0\x20\0\0\x04\x40\x03\0\0\
\xde\xbd\0\0\x2f\0\0\0\0\0\0\0\xe8\xbd\0\0\xa7\0\0\0\x80\0\0\0\xf4\xbd\0\0\xa7\
\0\0\0\xc0\0\0\0\0\xbe\0\0\xa7\0\0\0\0\x01\0\0\x0c\xbe\0\0\xa7\0\0\0\x40\x01\0\
\0\x18\xbe\0\0\x12\0\0\0\x80\x01\0\0\x24\xbe\0\0\x12\0\0\0\xa0\x01\0\0\x2e\xbe\
\0\0\x5d\0\0\0\xc0\x01\0\0\x3e\xbe\0\0\x2f\0\0\0\xc0\x02\0\0\x49\xbe\0\0\xa7\0\
\0\0\x40\x03\0\0\x56\xbe\0\0\x12\0\0\0\x80\x03\0\0\x67\xbe\0\0\xd1\x06\0\0\xc0\
\x03\0\0\x76\xbe\0\0\xd3\x06\0\0\x80\x04\0\0\x83\xbe\0\0\xd4\x06\0\0\0\x06\0\0\
\x90\xbe\0\0\x5d\0\0\0\xc0\x06\0\0\xa1\xbe\0\0\xd5\x06\0\0\xc0\x07\0\0\xb0\xbe\
\0\0\x2f\0\0\0\x40\x09\0\0\xbd\xbe\0\0\x9f\x04\0\0\xc0\x09\0\0\xc2\xbe\0\0\x9f\
\x04\0\0\0\x0a\0\0\xcd\xbe\0\0\x10\0\0\0\x40\x0a\0\0\xe1\xbe\0\0\x10\0\0\0\x60\
\x0a\0\0\xf6\xbe\0\0\x02\0\0\0\x80\x0a\0\0\x09\xbf\0\0\x10\0\0\0\xa0\x0a\0\0\
\x1c\xbf\0\0\x9d\0\0\0\xc0\x0a\0\0\xf0\x97\0\0\x86\x01\0\0\0\x0b\0\0\x2b\xbf\0\
\0\xfe\x05\0\0\0\x0c\0\0\x39\xbf\0\0\xfe\x05\0\0\0\x12\0\0\x47\xbf\0\0\x8d\0\0\
\0\0\x18\0\0\x57\xbf\0\0\xac\x01\0\0\x20\x18\0\0\x72\xbf\0\0\xac\x01\0\0\x40\
\x18\0\0\x8e\xbf\0\0\x8d\0\0\0\x60\x18\0\0\x9f\xbf\0\0\x92\0\0\0\x80\x18\0\0\0\
\0\0\0\0\0\0\x03\0\0\0\0\x6f\0\0\0\x04\0\0\0\x03\0\0\0\xae\xbf\0\0\x06\0\0\x04\
\x10\0\0\0\x1f\xb8\0\0\xa7\0\0\0\0\0\0\0\xbf\xbf\0\0\x12\0\0\0\x40\0\0\0\xc5\
\xbf\0\0\x45\0\0\0\x60\0\0\0\xcc\xbf\0\0\x45\0\0\0\x68\0\0\0\xd3\xbf\0\0\x45\0\
\0\0\x70\0\0\0\xda\xbf\0\0\x45\0\0\0\x78\0\0\0\0\0\0\0\0\0\0\x03\0\0\0\0\xd2\
\x06\0\0\x04\0\0\0\x03\0\0\0\0\0\0\0\0\0\0\x03\0\0\0\0\x12\0\0\0\x04\0\0\0\x06\
\0\0\0\xe1\xbf\0\0\x06\0\0\x04\x30\0\0\0\x7a\x14\0\0\x5d\0\0\0\0\0\0\0\x81\x11\
\0\0\xe4\x05\0\0\0\x01\0\0\xf5\xbf\0\0\x45\0\0\0\x40\x01\0\0\xfc\xbf\0\0\x45\0\
\0\0\x48\x01\0\0\x03\xc0\0\0\x45\0\0\0\x50\x01\0\0\x0a\xc0\0\0\x45\0\0\0\x58\
\x01\0\0\x66\xc0\0\0\x04\0\0\x04\xb0\x01\0\0\xe1\x20\0\0\xd7\x06\0\0\0\0\0\0\
\xdc\x17\0\0\xbf\0\0\0\x40\x0c\0\0\x8a\x1f\0\0\x87\x01\0\0\x80\x0c\0\0\x40\x1e\
\0\0\x6d\x01\0\0\xc0\x0c\0\0\x74\xc0\0\0\x06\0\0\x04\x86\x01\0\0\x80\xc0\0\0\
\xd8\x06\0\0\0\0\0\0\x88\xc0\0\0\xd8\x06\0\0\x08\x02\0\0\xcc\x32\0\0\xd8\x06\0\
\0\x10\x04\0\0\x73\x33\0\0\xd8\x06\0\0\x18\x06\0\0\x91\xc0\0\0\xd8\x06\0\0\x20\
\x08\0\0\x99\xc0\0\0\xd8\x06\0\0\x28\x0a\0\0\0\0\0\0\0\0\0\x03\0\0\0\0\xce\0\0\
\0\x04\0\0\0\x41\0\0\0\xf0\xc0\0\0\x1a\0\0\x84\xa0\x01\0\0\xfd\xc0\0\0\x81\0\0\
\0\0\0\0\0\x01\xc1\0\0\x0f\0\0\0\x40\0\0\0\x4b\x03\0\0\x7e\0\0\0\x80\0\0\0\xe6\
\x29\0\0\x0f\0\0\0\xc0\0\0\0\x0b\xc1\0\0\x0f\0\0\0\0\x01\0\0\x12\xc1\0\0\x12\0\
\0\0\x40\x01\0\x01\x1e\xc1\0\0\x12\0\0\0\x41\x01\0\x01\x2b\xc1\0\0\x12\0\0\0\
\x42\x01\0\x01\x36\xc1\0\0\x12\0\0\0\x43\x01\0\x01\x49\xc1\0\0\x84\0\0\0\x80\
\x01\0\0\x54\xc1\0\0\x84\0\0\0\xc0\x01\0\0\x53\x18\0\0\x84\0\0\0\0\x02\0\0\xf1\
\x05\0\0\xda\x06\0\0\x40\x02\0\0\x60\xc1\0\0\x02\0\0\0\x80\x02\0\0\x67\xc1\0\0\
\x12\0\0\0\xa0\x02\0\0\x71\xc1\0\0\x02\0\0\0\xc0\x02\0\0\x76\xc1\0\0\x02\0\0\0\
\xe0\x02\0\0\x7b\xc1\0\0\xcc\0\0\0\0\x03\0\0\x84\xc1\0\0\xcc\0\0\0\x40\x03\0\0\
\x8b\xc1\0\0\xcc\0\0\0\x80\x03\0\0\x92\xc1\0\0\x12\0\0\0\xc0\x03\0\0\x9f\xc1\0\
\0\x02\0\0\0\xe0\x03\0\0\xa6\xc1\0\0\x0f\0\0\0\0\x04\0\0\xad\xc1\0\0\x0f\0\0\0\
\x40\x04\0\0\xb2\xc1\0\0\xdb\x06\0\0\x80\x04\0\0\x67\x22\0\0\xdc\x06\0\0\0\x05\
\0\0\0\0\0\0\0\0\0\x02\xfb\0\0\0\xbd\xc1\0\0\x02\0\0\x04\x10\0\0\0\xc4\xc1\0\0\
\x1a\x01\0\0\0\0\0\0\xcd\xc1\0\0\x1a\x01\0\0\x40\0\0\0\0\0\0\0\0\0\0\x03\0\0\0\
\0\xce\0\0\0\x04\0\0\0\0\x01\0\0\0\0\0\0\x01\0\0\x0d\x02\0\0\0\x40\0\0\0\x09\0\
\0\0\x05\xc7\0\0\x01\0\0\x0c\xdd\x06\0\0\0\0\0\0\0\0\0\x03\0\0\0\0\xcd\0\0\0\
\x04\0\0\0\x0d\0\0\0\xb4\xc8\0\0\0\0\0\x0e\xdf\x06\0\0\x01\0\0\0\xbc\xc8\0\0\
\x01\0\0\x0f\0\0\0\0\x08\0\0\0\0\0\0\0\x10\0\0\0\xc2\xc8\0\0\x01\0\0\x0f\0\0\0\
\0\xe0\x06\0\0\0\0\0\0\x0d\0\0\0\x42\x01\0\0\0\0\0\x07\0\0\0\0\x27\x10\0\0\0\0\
\0\x07\0\0\0\0\xca\xc8\0\0\0\0\0\x07\0\0\0\0\xd7\x77\0\0\0\0\0\x07\0\0\0\0\xd6\
\xc8\0\0\0\0\0\x07\0\0\0\0\xe3\xc8\0\0\0\0\0\x07\0\0\0\0\xf6\xc8\0\0\0\0\0\x07\
\0\0\0\0\x06\xc9\0\0\0\0\0\x07\0\0\0\0\x13\xc9\0\0\0\0\0\x07\0\0\0\0\x19\xc9\0\
\0\0\0\0\x07\0\0\0\0\x28\xc9\0\0\0\0\0\x07\0\0\0\0\x41\xc9\0\0\0\0\0\x07\0\0\0\
\0\x51\xc9\0\0\0\0\0\x07\0\0\0\0\xb2\x38\0\0\0\0\0\x07\0\0\0\0\x57\xc9\0\0\0\0\
\0\x07\0\0\0\0\x5f\xc9\0\0\0\0\0\x07\0\0\0\0\x6b\xc9\0\0\0\0\0\x07\0\0\0\0\x79\
\xc9\0\0\0\0\0\x07\0\0\0\0\x8a\xc9\0\0\0\0\0\x07\0\0\0\0\x99\xc9\0\0\0\0\0\x07\
\0\0\0\0\xa4\xc9\0\0\0\0\0\x07\0\0\0\0\x10\x47\0\0\0\0\0\x07\0\0\0\0\xaf\xc9\0\
\0\0\0\0\x07\0\0\0\0\xbc\xc9\0\0\0\0\0\x07\0\0\0\0\xcc\xc9\0\0\0\0\0\x07\0\0\0\
\0\xd6\xc9\0\0\0\0\0\x07\0\0\0\0\xe7\xc9\0\0\0\0\0\x07\0\0\0\0\xf3\xc9\0\0\0\0\
\0\x07\0\0\0\0\x02\xca\0\0\0\0\0\x07\0\0\0\0\x1b\xca\0\0\0\0\0\x07\0\0\0\0\x3b\
\xca\0\0\0\0\0\x07\0\0\0\0\x46\xca\0\0\0\0\0\x07\0\0\0\0\x4d\xca\0\0\0\0\0\x07\
\0\0\0\0\x59\xca\0\0\0\0\0\x07\0\0\0\0\x69\xca\0\0\0\0\0\x07\0\0\0\0\x73\xca\0\
\0\0\0\0\x07\0\0\0\0\x82\xca\0\0\0\0\0\x07\0\0\0\0\x90\xca\0\0\0\0\0\x07\0\0\0\
\0\x99\xca\0\0\0\0\0\x07\0\0\0\0\x5a\x6a\0\0\0\0\0\x07\0\0\0\0\xaf\xca\0\0\0\0\
\0\x07\0\0\0\0\xbb\xca\0\0\0\0\0\x07\0\0\0\0\xc7\xca\0\0\0\0\0\x07\0\0\0\0\xd5\
\xca\0\0\0\0\0\x07\0\0\0\0\xde\xca\0\0\0\0\0\x07\0\0\0\0\xf1\xca\0\0\0\0\0\x07\
\0\0\0\0\xff\xca\0\0\0\0\0\x07\0\0\0\0\x0c\xcb\0\0\0\0\0\x07\0\0\0\0\x18\xcb\0\
\0\0\0\0\x07\0\0\0\0\x27\xcb\0\0\0\0\0\x07\0\0\0\0\x3d\xcb\0\0\0\0\0\x07\0\0\0\
\0\x48\xcb\0\0\0\0\0\x07\0\0\0\0\x52\xcb\0\0\0\0\0\x07\0\0\0\0\x6b\xcb\0\0\0\0\
\0\x07\0\0\0\0\x7c\xcb\0\0\0\0\0\x07\0\0\0\0\x8d\xcb\0\0\0\0\0\x07\0\0\0\0\x97\
\xcb\0\0\0\0\0\x07\0\0\0\0\xa6\xcb\0\0\0\0\0\x07\0\0\0\0\xb3\xcb\0\0\0\0\0\x07\
\0\0\0\0\xc3\xcb\0\0\0\0\0\x07\0\0\0\0\xcd\xcb\0\0\0\0\0\x07\0\0\0\0\xd7\xcb\0\
\0\0\0\0\x07\0\0\0\0\x20\x8c\0\0\0\0\0\x07\0\0\0\0\xe1\xcb\0\0\0\0\0\x07\0\0\0\
\0\xee\xcb\0\0\0\0\0\x07\0\0\0\0\xfe\xcb\0\0\0\0\0\x07\0\0\0\0\x14\xcc\0\0\0\0\
\0\x07\0\0\0\0\x1e\xcc\0\0\0\0\0\x07\0\0\0\0\x28\xcc\0\0\0\0\0\x07\0\0\0\0\x32\
\xcc\0\0\0\0\0\x07\0\0\0\0\x44\xcc\0\0\0\0\0\x07\0\0\0\0\x57\xcc\0\0\0\0\0\x07\
\0\0\0\0\x63\xcc\0\0\0\0\0\x07\0\0\0\0\x75\xcc\0\0\0\0\0\x07\0\0\0\0\x80\xcc\0\
\0\0\0\0\x07\0\0\0\0\x8b\xcc\0\0\0\0\0\x07\0\0\0\0\x9c\xcc\0\0\0\0\0\x07\0\0\0\
\0\xae\xcc\0\0\0\0\0\x07\0\0\0\0\xc4\xcc\0\0\0\0\0\x07\0\0\0\0\xcf\xcc\0\0\0\0\
\0\x07\0\0\0\0\x3a\x88\0\0\0\0\0\x07\0\0\0\0\x46\x88\0\0\0\0\0\x07\0\0\0\0\xd9\
\xcc\0\0\0\0\0\x07\0\0\0\0\xe3\xcc\0\0\0\0\0\x07\0\0\0\0\xcd\x74\0\0\0\0\0\x07\
\0\0\0\0\xef\xcc\0\0\0\0\0\x07\0\0\0\0\xfa\xcc\0\0\0\0\0\x07\0\0\0\0\x07\xcd\0\
\0\0\0\0\x07\0\0\0\0\x18\xcd\0\0\0\0\0\x07\0\0\0\0\x2d\xcd\0\0\0\0\0\x07\0\0\0\
\0\x3c\xcd\0\0\0\0\0\x07\0\0\0\0\x4b\xcd\0\0\0\0\0\x07\0\0\0\0\x54\xcd\0\0\0\0\
\0\x07\0\0\0\0\x66\xcd\0\0\0\0\0\x07\0\0\0\0\x50\x88\0\0\0\0\0\x07\0\0\0\0\x2c\
\x89\0\0\0\0\0\x07\0\0\0\0\x7b\xcd\0\0\0\0\0\x07\0\0\0\0\x88\xcd\0\0\0\0\0\x07\
\0\0\0\0\x8f\xcd\0\0\0\0\0\x07\0\0\0\0\x9d\xcd\0\0\0\0\0\x07\0\0\0\0\xaa\xcd\0\
\0\0\0\0\x07\0\0\0\0\xb8\xcd\0\0\0\0\0\x07\0\0\0\0\xc1\xcd\0\0\0\0\0\x07\0\0\0\
\0\xcf\xcd\0\0\0\0\0\x07\0\0\0\0\xda\xcd\0\0\0\0\0\x07\0\0\0\0\xeb\xcd\0\0\0\0\
\0\x07\0\0\0\0\xf9\xcd\0\0\0\0\0\x07\0\0\0\0\x05\xce\0\0\0\0\0\x07\0\0\0\0\x16\
\xce\0\0\0\0\0\x07\0\0\0\0\x24\xce\0\0\0\0\0\x07\0\0\0\0\x32\xce\0\0\0\0\0\x07\
\0\0\0\0\x43\xce\0\0\0\0\0\x07\0\0\0\0\x56\xce\0\0\0\0\0\x07\0\0\0\0\x5f\xce\0\
\0\0\0\0\x07\0\0\0\0\x72\xce\0\0\0\0\0\x07\0\0\0\0\x7e\xce\0\0\0\0\0\x07\0\0\0\
\0\x76\x8b\0\0\0\0\0\x07\0\0\0\0\x8f\xce\0\0\0\0\0\x07\0\0\0\0\x9a\xce\0\0\0\0\
\0\x07\0\0\0\0\x9f\xce\0\0\0\0\0\x07\0\0\0\0\xb4\xce\0\0\0\0\0\x07\0\0\0\0\xcc\
\xce\0\0\0\0\0\x07\0\0\0\0\xd4\xce\0\0\0\0\0\x07\0\0\0\0\xdb\xce\0\0\0\0\0\x07\
\0\0\0\0\xec\xce\0\0\0\0\0\x07\0\0\0\0\xfe\xce\0\0\0\0\0\x07\0\0\0\0\x10\xcf\0\
\0\0\0\0\x07\0\0\0\0\x5d\x97\0\0\0\0\0\x07\0\0\0\0\x25\xcf\0\0\0\0\0\x07\0\0\0\
\0\xc4\x78\0\0\0\0\0\x07\0\0\0\0\x32\xcf\0\0\0\0\0\x07\0\0\0\0\x92\x1f\0\0\0\0\
\0\x07\0\0\0\0\x3b\xcf\0\0\0\0\0\x07\0\0\0\0\x4a\xcf\0\0\0\0\0\x07\0\0\0\0\x5d\
\xcf\0\0\0\0\0\x07\0\0\0\0\x6e\xcf\0\0\0\0\0\x07\0\0\0\0\x7b\xcf\0\0\0\0\0\x07\
\0\0\0\0\x8e\xcf\0\0\0\0\0\x07\0\0\0\0\xa5\xcf\0\0\0\0\0\x07\0\0\0\0\xb6\xcf\0\
\0\0\0\0\x07\0\0\0\0\xcb\xcf\0\0\0\0\0\x07\0\0\0\0\xe2\xcf\0\0\0\0\0\x07\0\0\0\
\0\xf2\xcf\0\0\0\0\0\x07\0\0\0\0\x04\xd0\0\0\0\0\0\x07\0\0\0\0\x19\xd0\0\0\0\0\
\0\x07\0\0\0\0\x28\xd0\0\0\0\0\0\x07\0\0\0\0\x37\xd0\0\0\0\0\0\x07\0\0\0\0\x91\
\x1b\0\0\0\0\0\x07\0\0\0\0\xba\x17\0\0\0\0\0\x07\0\0\0\0\x42\xd0\0\0\0\0\0\x07\
\0\0\0\0\x4f\xd0\0\0\0\0\0\x07\0\0\0\0\xe5\x1b\0\0\0\0\0\x07\0\0\0\0\x70\x1c\0\
\0\0\0\0\x07\0\0\0\0\x6a\xd0\0\0\0\0\0\x07\0\0\0\0\x7f\xd0\0\0\0\0\0\x07\0\0\0\
\0\x63\x74\0\0\0\0\0\x07\0\0\0\0\x2f\x98\0\0\0\0\0\x07\0\0\0\0\x8f\xd0\0\0\0\0\
\0\x07\0\0\0\0\x97\xd0\0\0\0\0\0\x07\0\0\0\0\xa1\xd0\0\0\0\0\0\x07\0\0\0\0\xaa\
\xd0\0\0\0\0\0\x07\0\0\0\0\xb6\xd0\0\0\0\0\0\x07\0\0\0\0\xc1\xd0\0\0\0\0\0\x07\
\0\0\0\0\xcf\xd0\0\0\0\0\0\x07\0\0\0\0\xdb\xd0\0\0\0\0\0\x07\0\0\0\0\xe6\xd0\0\
\0\0\0\0\x07\0\0\0\0\xf9\xd0\0\0\0\0\0\x07\0\0\0\0\x0e\xd1\0\0\0\0\0\x07\0\0\0\
\0\x17\xd1\0\0\0\0\0\x07\0\0\0\0\x26\xd1\0\0\0\0\0\x07\0\0\0\0\x37\xd1\0\0\0\0\
\0\x07\0\0\0\0\x49\xd1\0\0\0\0\0\x07\0\0\0\0\x51\xd1\0\0\0\0\0\x07\0\0\0\0\x63\
\xd1\0\0\0\0\0\x07\0\0\0\0\x78\xd1\0\0\0\0\0\x07\0\0\0\0\x84\xd1\0\0\0\0\0\x07\
\0\0\0\0\x95\xd1\0\0\0\0\0\x07\0\0\0\0\xa6\xd1\0\0\0\0\0\x07\0\0\0\0\xb3\xd1\0\
\0\0\0\0\x07\0\0\0\0\xc5\xd1\0\0\0\0\0\x07\0\0\0\0\xd3\xd1\0\0\0\0\0\x07\0\0\0\
\0\xe6\xd1\0\0\0\0\0\x07\0\0\0\0\x68\x07\0\0\0\0\0\x07\0\0\0\0\x95\x07\0\0\0\0\
\0\x07\0\0\0\0\xf4\xd1\0\0\0\0\0\x07\0\0\0\0\x04\xd2\0\0\0\0\0\x07\0\0\0\0\x18\
\xd2\0\0\0\0\0\x07\0\0\0\0\x24\xd2\0\0\0\0\0\x07\0\0\0\0\x36\xd2\0\0\0\0\0\x07\
\0\0\0\0\x44\xd2\0\0\0\0\0\x07\0\0\0\0\x4e\xd2\0\0\0\0\0\x07\0\0\0\0\x5a\xd2\0\
\0\0\0\0\x07\0\0\0\0\x64\xd2\0\0\0\0\0\x07\0\0\0\0\x72\xd2\0\0\0\0\0\x07\0\0\0\
\0\x84\xd2\0\0\0\0\0\x07\0\0\0\0\x91\xd2\0\0\0\0\0\x07\0\0\0\0\x9a\xd2\0\0\0\0\
\0\x07\0\0\0\0\xa9\xd2\0\0\0\0\0\x07\0\0\0\0\xbb\xd2\0\0\0\0\0\x07\0\0\0\0\xca\
\xd2\0\0\0\0\0\x07\0\0\0\0\x10\x06\0\0\0\0\0\x07\0\0\0\0\xd1\xd2\0\0\0\0\0\x07\
\0\0\0\0\xc6\x06\0\0\0\0\0\x07\0\0\0\0\xe0\xd2\0\0\0\0\0\x07\0\0\0\0\xf0\xd2\0\
\0\0\0\0\x07\0\0\0\0\x76\x07\0\0\0\0\0\x07\0\0\0\0\xa0\x07\0\0\0\0\0\x07\0\0\0\
\0\xf9\xd2\0\0\0\0\0\x07\0\0\0\0\x0a\xd3\0\0\0\0\0\x07\0\0\0\0\x22\xd3\0\0\0\0\
\0\x07\0\0\0\0\xec\x08\0\0\0\0\0\x07\0\0\0\0\x31\xd3\0\0\0\0\0\x07\0\0\0\0\x42\
\xd3\0\0\0\0\0\x07\0\0\0\0\x4e\xd3\0\0\0\0\0\x07\0\0\0\0\x58\xd3\0\0\0\0\0\x07\
\0\0\0\0\x89\x29\0\0\0\0\0\x07\0\0\0\0\x64\xd3\0\0\0\0\0\x07\0\0\0\0\0\x69\x6e\
\x74\0\x5f\x5f\x41\x52\x52\x41\x59\x5f\x53\x49\x5a\x45\x5f\x54\x59\x50\x45\x5f\
\x5f\0\x74\x79\x70\x65\0\x6d\x61\x78\x5f\x65\x6e\x74\x72\x69\x65\x73\0\x72\x62\
\0\x75\x6e\x73\x69\x67\x6e\x65\x64\x20\x6c\x6f\x6e\x67\x20\x6c\x6f\x6e\x67\0\
\x63\x74\x78\0\x68\x61\x6e\x64\x6c\x65\x5f\x73\x63\x68\x65\x64\x5f\x70\x72\x6f\
\x63\x65\x73\x73\x5f\x65\x78\x65\x63\0\x72\x61\x77\x5f\x74\x72\x61\x63\x65\x70\
\x6f\x69\x6e\x74\x2f\x73\x63\x68\x65\x64\x5f\x70\x72\x6f\x63\x65\x73\x73\x5f\
\x65\x78\x65\x63\0\x74\x61\x73\x6b\x5f\x73\x74\x72\x75\x63\x74\0\x74\x68\x72\
\x65\x61\x64\x5f\x69\x6e\x66\x6f\0\x5f\x5f\x73\x74\x61\x74\x65\0\x73\x74\x61\
\x63\x6b\0\x75\x73\x61\x67\x65\0\x66\x6c\x61\x67\x73\0\x70\x74\x72\x61\x63\x65\
\0\x6f\x6e\x5f\x63\x70\x75\0\x77\x61\x6b\x65\x5f\x65\x6e\x74\x72\x79\0\x63\x70\
\x75\0\x77\x61\x6b\x65\x65\x5f\x66\x6c\x69\x70\x73\0\x77\x61\x6b\x65\x65\x5f\
\x66\x6c\x69\x70\x5f\x64\x65\x63\x61\x79\x5f\x74\x73\0\x6c\x61\x73\x74\x5f\x77\
\x61\x6b\x65\x65\0\x72\x65\x63\x65\x6e\x74\x5f\x75\x73\x65\x64\x5f\x63\x70\x75\
\0\x77\x61\x6b\x65\x5f\x63\x70\x75\0\x6f\x6e\x5f\x72\x71\0\x70\x72\x69\x6f\0\
\x73\x74\x61\x74\x69\x63\x5f\x70\x72\x69\x6f\0\x6e\x6f\x72\x6d\x61\x6c\x5f\x70\
\x72\x69\x6f\0\x72\x74\x5f\x70\x72\x69\x6f\x72\x69\x74\x79\0\x73\x63\x68\x65\
\x64\x5f\x63\x6c\x61\x73\x73\0\x73\x65\0\x72\x74\0\x64\x6c\0\x63\x6f\x72\x65\
\x5f\x6e\x6f\x64\x65\0\x63\x6f\x72\x65\x5f\x63\x6f\x6f\x6b\x69\x65\0\x63\x6f\
\x72\x65\x5f\x6f\x63\x63\x75\x70\x61\x74\x69\x6f\x6e\0\x73\x63\x68\x65\x64\x5f\
\x74\x61\x73\x6b\x5f\x67\x72\x6f\x75\x70\0\x70\x72\x65\x65\x6d\x70\x74\x5f\x6e\
\x6f\x74\x69\x66\x69\x65\x72\x73\0\x62\x74\x72\x61\x63\x65\x5f\x73\x65\x71\0\
\x70\x6f\x6c\x69\x63\x79\0\x6e\x72\x5f\x63\x70\x75\x73\x5f\x61\x6c\x6c\x6f\x77\
\x65\x64\0\x63\x70\x75\x73\x5f\x70\x74\x72\0\x75\x73\x65\x72\x5f\x63\x70\x75\
\x73\x5f\x70\x74\x72\0\x63\x70\x75\x73\x5f\x6d\x61\x73\x6b\0\x6d\x69\x67\x72\
\x61\x74\x69\x6f\x6e\x5f\x70\x65\x6e\x64\x69\x6e\x67\0\x6d\x69\x67\x72\x61\x74\
\x69\x6f\x6e\x5f\x64\x69\x73\x61\x62\x6c\x65\x64\0\x6d\x69\x67\x72\x61\x74\x69\
\x6f\x6e\x5f\x66\x6c\x61\x67\x73\0\x72\x63\x75\x5f\x72\x65\x61\x64\x5f\x6c\x6f\
\x63\x6b\x5f\x6e\x65\x73\x74\x69\x6e\x67\0\x72\x63\x75\x5f\x72\x65\x61\x64\x5f\
\x75\x6e\x6c\x6f\x63\x6b\x5f\x73\x70\x65\x63\x69\x61\x6c\0\x72\x63\x75\x5f\x6e\
\x6f\x64\x65\x5f\x65\x6e\x74\x72\x79\0\x72\x63\x75\x5f\x62\x6c\x6f\x63\x6b\x65\
\x64\x5f\x6e\x6f\x64\x65\0\x72\x63\x75\x5f\x74\x61\x73\x6b\x73\x5f\x6e\x76\x63\
\x73\x77\0\x72\x63\x75\x5f\x74\x61\x73\x6b\x73\x5f\x68\x6f\x6c\x64\x6f\x75\x74\
\0\x72\x63\x75\x5f\x74\x61\x73\x6b\x73\x5f\x69\x64\x78\0\x72\x63\x75\x5f\x74\
\x61\x73\x6b\x73\x5f\x69\x64\x6c\x65\x5f\x63\x70\x75\0\x72\x63\x75\x5f\x74\x61\
\x73\x6b\x73\x5f\x68\x6f\x6c\x64\x6f\x75\x74\x5f\x6c\x69\x73\x74\0\x74\x72\x63\
\x5f\x72\x65\x61\x64\x65\x72\x5f\x6e\x65\x73\x74\x69\x6e\x67\0\x74\x72\x63\x5f\
\x69\x70\x69\x5f\x74\x6f\x5f\x63\x70\x75\0\x74\x72\x63\x5f\x72\x65\x61\x64\x65\
\x72\x5f\x73\x70\x65\x63\x69\x61\x6c\0\x74\x72\x63\x5f\x72\x65\x61\x64\x65\x72\
\x5f\x63\x68\x65\x63\x6b\x65\x64\0\x74\x72\x63\x5f\x68\x6f\x6c\x64\x6f\x75\x74\
\x5f\x6c\x69\x73\x74\0\x73\x63\x68\x65\x64\x5f\x69\x6e\x66\x6f\0\x74\x61\x73\
\x6b\x73\0\x70\x75\x73\x68\x61\x62\x6c\x65\x5f\x74\x61\x73\x6b\x73\0\x70\x75\
\x73\x68\x61\x62\x6c\x65\x5f\x64\x6c\x5f\x74\x61\x73\x6b\x73\0\x6d\x6d\0\x61\
\x63\x74\x69\x76\x65\x5f\x6d\x6d\0\x76\x6d\x61\x63\x61\x63\x68\x65\0\x72\x73\
\x73\x5f\x73\x74\x61\x74\0\x65\x78\x69\x74\x5f\x73\x74\x61\x74\x65\0\x65\x78\
\x69\x74\x5f\x63\x6f\x64\x65\0\x65\x78\x69\x74\x5f\x73\x69\x67\x6e\x61\x6c\0\
\x70\x64\x65\x61\x74\x68\x5f\x73\x69\x67\x6e\x61\x6c\0\x6a\x6f\x62\x63\x74\x6c\
\0\x70\x65\x72\x73\x6f\x6e\x61\x6c\x69\x74\x79\0\x73\x63\x68\x65\x64\x5f\x72\
\x65\x73\x65\x74\x5f\x6f\x6e\x5f\x66\x6f\x72\x6b\0\x73\x63\x68\x65\x64\x5f\x63\
\x6f\x6e\x74\x72\x69\x62\x75\x74\x65\x73\x5f\x74\x6f\x5f\x6c\x6f\x61\x64\0\x73\
\x63\x68\x65\x64\x5f\x6d\x69\x67\x72\x61\x74\x65\x64\0\x73\x63\x68\x65\x64\x5f\
\x70\x73\x69\x5f\x77\x61\x6b\x65\x5f\x72\x65\x71\x75\x65\x75\x65\0\x73\x63\x68\
\x65\x64\x5f\x72\x65\x6d\x6f\x74\x65\x5f\x77\x61\x6b\x65\x75\x70\0\x69\x6e\x5f\
\x65\x78\x65\x63\x76\x65\0\x69\x6e\x5f\x69\x6f\x77\x61\x69\x74\0\x72\x65\x73\
\x74\x6f\x72\x65\x5f\x73\x69\x67\x6d\x61\x73\x6b\0\x69\x6e\x5f\x6c\x72\x75\x5f\
\x66\x61\x75\x6c\x74\0\x6e\x6f\x5f\x63\x67\x72\x6f\x75\x70\x5f\x6d\x69\x67\x72\
\x61\x74\x69\x6f\x6e\0\x66\x72\x6f\x7a\x65\x6e\0\x75\x73\x65\x5f\x6d\x65\x6d\
\x64\x65\x6c\x61\x79\0\x69\x6e\x5f\x6d\x65\x6d\x73\x74\x61\x6c\x6c\0\x69\x6e\
\x5f\x65\x76\x65\x6e\x74\x66\x64\0\x61\x74\x6f\x6d\x69\x63\x5f\x66\x6c\x61\x67\
\x73\0\x72\x65\x73\x74\x61\x72\x74\x5f\x62\x6c\x6f\x63\x6b\0\x70\x69\x64\0\x74\
\x67\x69\x64\0\x73\x74\x61\x63\x6b\x5f\x63\x61\x6e\x61\x72\x79\0\x72\x65\x61\
\x6c\x5f\x70\x61\x72\x65\x6e\x74\0\x70\x61\x72\x65\x6e\x74\0\x63\x68\x69\x6c\
\x64\x72\x65\x6e\0\x73\x69\x62\x6c\x69\x6e\x67\0\x67\x72\x6f\x75\x70\x5f\x6c\
\x65\x61\x64\x65\x72\0\x70\x74\x72\x61\x63\x65\x64\0\x70\x74\x72\x61\x63\x65\
\x5f\x65\x6e\x74\x72\x79\0\x74\x68\x72\x65\x61\x64\x5f\x70\x69\x64\0\x70\x69\
\x64\x5f\x6c\x69\x6e\x6b\x73\0\x74\x68\x72\x65\x61\x64\x5f\x67\x72\x6f\x75\x70\
\0\x74\x68\x72\x65\x61\x64\x5f\x6e\x6f\x64\x65\0\x76\x66\x6f\x72\x6b\x5f\x64\
\x6f\x6e\x65\0\x73\x65\x74\x5f\x63\x68\x69\x6c\x64\x5f\x74\x69\x64\0\x63\x6c\
\x65\x61\x72\x5f\x63\x68\x69\x6c\x64\x5f\x74\x69\x64\0\x70\x66\x5f\x69\x6f\x5f\
\x77\x6f\x72\x6b\x65\x72\0\x75\x74\x69\x6d\x65\0\x73\x74\x69\x6d\x65\0\x67\x74\
\x69\x6d\x65\0\x70\x72\x65\x76\x5f\x63\x70\x75\x74\x69\x6d\x65\0\x6e\x76\x63\
\x73\x77\0\x6e\x69\x76\x63\x73\x77\0\x73\x74\x61\x72\x74\x5f\x74\x69\x6d\x65\0\
\x73\x74\x61\x72\x74\x5f\x62\x6f\x6f\x74\x74\x69\x6d\x65\0\x6d\x69\x6e\x5f\x66\
\x6c\x74\0\x6d\x61\x6a\x5f\x66\x6c\x74\0\x70\x6f\x73\x69\x78\x5f\x63\x70\x75\
\x74\x69\x6d\x65\x72\x73\0\x70\x6f\x73\x69\x78\x5f\x63\x70\x75\x74\x69\x6d\x65\
\x72\x73\x5f\x77\x6f\x72\x6b\0\x70\x74\x72\x61\x63\x65\x72\x5f\x63\x72\x65\x64\
\0\x72\x65\x61\x6c\x5f\x63\x72\x65\x64\0\x63\x72\x65\x64\0\x63\x61\x63\x68\x65\
\x64\x5f\x72\x65\x71\x75\x65\x73\x74\x65\x64\x5f\x6b\x65\x79\0\x63\x6f\x6d\x6d\
\0\x6e\x61\x6d\x65\x69\x64\x61\x74\x61\0\x73\x79\x73\x76\x73\x65\x6d\0\x73\x79\
\x73\x76\x73\x68\x6d\0\x6c\x61\x73\x74\x5f\x73\x77\x69\x74\x63\x68\x5f\x63\x6f\
\x75\x6e\x74\0\x6c\x61\x73\x74\x5f\x73\x77\x69\x74\x63\x68\x5f\x74\x69\x6d\x65\
\0\x66\x73\0\x66\x69\x6c\x65\x73\0\x6e\x73\x70\x72\x6f\x78\x79\0\x73\x69\x67\
\x6e\x61\x6c\0\x73\x69\x67\x68\x61\x6e\x64\0\x62\x6c\x6f\x63\x6b\x65\x64\0\x72\
\x65\x61\x6c\x5f\x62\x6c\x6f\x63\x6b\x65\x64\0\x73\x61\x76\x65\x64\x5f\x73\x69\
\x67\x6d\x61\x73\x6b\0\x70\x65\x6e\x64\x69\x6e\x67\0\x73\x61\x73\x5f\x73\x73\
\x5f\x73\x70\0\x73\x61\x73\x5f\x73\x73\x5f\x73\x69\x7a\x65\0\x73\x61\x73\x5f\
\x73\x73\x5f\x66\x6c\x61\x67\x73\0\x74\x61\x73\x6b\x5f\x77\x6f\x72\x6b\x73\0\
\x61\x75\x64\x69\x74\x5f\x63\x6f\x6e\x74\x65\x78\x74\0\x6c\x6f\x67\x69\x6e\x75\
\x69\x64\0\x73\x65\x73\x73\x69\x6f\x6e\x69\x64\0\x73\x65\x63\x63\x6f\x6d\x70\0\
\x73\x79\x73\x63\x61\x6c\x6c\x5f\x64\x69\x73\x70\x61\x74\x63\x68\0\x70\x61\x72\
\x65\x6e\x74\x5f\x65\x78\x65\x63\x5f\x69\x64\0\x73\x65\x6c\x66\x5f\x65\x78\x65\
\x63\x5f\x69\x64\0\x61\x6c\x6c\x6f\x63\x5f\x6c\x6f\x63\x6b\0\x70\x69\x5f\x6c\
\x6f\x63\x6b\0\x77\x61\x6b\x65\x5f\x71\0\x70\x69\x5f\x77\x61\x69\x74\x65\x72\
\x73\0\x70\x69\x5f\x74\x6f\x70\x5f\x74\x61\x73\x6b\0\x70\x69\x5f\x62\x6c\x6f\
\x63\x6b\x65\x64\x5f\x6f\x6e\0\x6a\x6f\x75\x72\x6e\x61\x6c\x5f\x69\x6e\x66\x6f\
\0\x62\x69\x6f\x5f\x6c\x69\x73\x74\0\x70\x6c\x75\x67\0\x72\x65\x63\x6c\x61\x69\
\x6d\x5f\x73\x74\x61\x74\x65\0\x62\x61\x63\x6b\x69\x6e\x67\x5f\x64\x65\x76\x5f\
\x69\x6e\x66\x6f\0\x69\x6f\x5f\x63\x6f\x6e\x74\x65\x78\x74\0\x63\x61\x70\x74\
\x75\x72\x65\x5f\x63\x6f\x6e\x74\x72\x6f\x6c\0\x70\x74\x72\x61\x63\x65\x5f\x6d\
\x65\x73\x73\x61\x67\x65\0\x6c\x61\x73\x74\x5f\x73\x69\x67\x69\x6e\x66\x6f\0\
\x69\x6f\x61\x63\0\x70\x73\x69\x5f\x66\x6c\x61\x67\x73\0\x61\x63\x63\x74\x5f\
\x72\x73\x73\x5f\x6d\x65\x6d\x31\0\x61\x63\x63\x74\x5f\x76\x6d\x5f\x6d\x65\x6d\
\x31\0\x61\x63\x63\x74\x5f\x74\x69\x6d\x65\x78\x70\x64\0\x6d\x65\x6d\x73\x5f\
\x61\x6c\x6c\x6f\x77\x65\x64\0\x6d\x65\x6d\x73\x5f\x61\x6c\x6c\x6f\x77\x65\x64\
\x5f\x73\x65\x71\0\x63\x70\x75\x73\x65\x74\x5f\x6d\x65\x6d\x5f\x73\x70\x72\x65\
\x61\x64\x5f\x72\x6f\x74\x6f\x72\0\x63\x70\x75\x73\x65\x74\x5f\x73\x6c\x61\x62\
\x5f\x73\x70\x72\x65\x61\x64\x5f\x72\x6f\x74\x6f\x72\0\x63\x67\x72\x6f\x75\x70\
\x73\0\x63\x67\x5f\x6c\x69\x73\x74\0\x72\x6f\x62\x75\x73\x74\x5f\x6c\x69\x73\
\x74\0\x63\x6f\x6d\x70\x61\x74\x5f\x72\x6f\x62\x75\x73\x74\x5f\x6c\x69\x73\x74\
\0\x70\x69\x5f\x73\x74\x61\x74\x65\x5f\x6c\x69\x73\x74\0\x70\x69\x5f\x73\x74\
\x61\x74\x65\x5f\x63\x61\x63\x68\x65\0\x66\x75\x74\x65\x78\x5f\x65\x78\x69\x74\
\x5f\x6d\x75\x74\x65\x78\0\x66\x75\x74\x65\x78\x5f\x73\x74\x61\x74\x65\0\x70\
\x65\x72\x66\x5f\x65\x76\x65\x6e\x74\x5f\x63\x74\x78\x70\0\x70\x65\x72\x66\x5f\
\x65\x76\x65\x6e\x74\x5f\x6d\x75\x74\x65\x78\0\x70\x65\x72\x66\x5f\x65\x76\x65\
\x6e\x74\x5f\x6c\x69\x73\x74\0\x72\x73\x65\x71\0\x72\x73\x65\x71\x5f\x73\x69\
\x67\0\x72\x73\x65\x71\x5f\x65\x76\x65\x6e\x74\x5f\x6d\x61\x73\x6b\0\x74\x6c\
\x62\x5f\x75\x62\x63\0\x73\x70\x6c\x69\x63\x65\x5f\x70\x69\x70\x65\0\x74\x61\
\x73\x6b\x5f\x66\x72\x61\x67\0\x6e\x72\x5f\x64\x69\x72\x74\x69\x65\x64\0\x6e\
\x72\x5f\x64\x69\x72\x74\x69\x65\x64\x5f\x70\x61\x75\x73\x65\0\x64\x69\x72\x74\
\x79\x5f\x70\x61\x75\x73\x65\x64\x5f\x77\x68\x65\x6e\0\x74\x69\x6d\x65\x72\x5f\
\x73\x6c\x61\x63\x6b\x5f\x6e\x73\0\x64\x65\x66\x61\x75\x6c\x74\x5f\x74\x69\x6d\
\x65\x72\x5f\x73\x6c\x61\x63\x6b\x5f\x6e\x73\0\x63\x75\x72\x72\x5f\x72\x65\x74\
\x5f\x73\x74\x61\x63\x6b\0\x63\x75\x72\x72\x5f\x72\x65\x74\x5f\x64\x65\x70\x74\
\x68\0\x72\x65\x74\x5f\x73\x74\x61\x63\x6b\0\x66\x74\x72\x61\x63\x65\x5f\x74\
\x69\x6d\x65\x73\x74\x61\x6d\x70\0\x74\x72\x61\x63\x65\x5f\x6f\x76\x65\x72\x72\
\x75\x6e\0\x74\x72\x61\x63\x69\x6e\x67\x5f\x67\x72\x61\x70\x68\x5f\x70\x61\x75\
\x73\x65\0\x74\x72\x61\x63\x65\0\x74\x72\x61\x63\x65\x5f\x72\x65\x63\x75\x72\
\x73\x69\x6f\x6e\0\x74\x68\x72\x6f\x74\x74\x6c\x65\x5f\x71\x75\x65\x75\x65\0\
\x75\x74\x61\x73\x6b\0\x6b\x6d\x61\x70\x5f\x63\x74\x72\x6c\0\x70\x61\x67\x65\
\x66\x61\x75\x6c\x74\x5f\x64\x69\x73\x61\x62\x6c\x65\x64\0\x6f\x6f\x6d\x5f\x72\
\x65\x61\x70\x65\x72\x5f\x6c\x69\x73\x74\0\x6f\x6f\x6d\x5f\x72\x65\x61\x70\x65\
\x72\x5f\x74\x69\x6d\x65\x72\0\x73\x74\x61\x63\x6b\x5f\x76\x6d\x5f\x61\x72\x65\
\x61\0\x73\x74\x61\x63\x6b\x5f\x72\x65\x66\x63\x6f\x75\x6e\x74\0\x73\x65\x63\
\x75\x72\x69\x74\x79\0\x62\x70\x66\x5f\x73\x74\x6f\x72\x61\x67\x65\0\x62\x70\
\x66\x5f\x63\x74\x78\0\x6d\x63\x65\x5f\x76\x61\x64\x64\x72\0\x6d\x63\x65\x5f\
\x6b\x66\x6c\x61\x67\x73\0\x6d\x63\x65\x5f\x61\x64\x64\x72\0\x6d\x63\x65\x5f\
\x72\x69\x70\x76\0\x6d\x63\x65\x5f\x77\x68\x6f\x6c\x65\x5f\x70\x61\x67\x65\0\
\x5f\x5f\x6d\x63\x65\x5f\x72\x65\x73\x65\x72\x76\x65\x64\0\x6d\x63\x65\x5f\x6b\
\x69\x6c\x6c\x5f\x6d\x65\0\x6d\x63\x65\x5f\x63\x6f\x75\x6e\x74\0\x6b\x72\x65\
\x74\x70\x72\x6f\x62\x65\x5f\x69\x6e\x73\x74\x61\x6e\x63\x65\x73\0\x6c\x31\x64\
\x5f\x66\x6c\x75\x73\x68\x5f\x6b\x69\x6c\x6c\0\x74\x68\x72\x65\x61\x64\0\x73\
\x79\x73\x63\x61\x6c\x6c\x5f\x77\x6f\x72\x6b\0\x73\x74\x61\x74\x75\x73\0\x6e\
\x72\x5f\x73\x79\x73\x63\x61\x6c\x6c\x73\0\x73\x79\x73\x5f\x63\x61\x6c\x6c\x5f\
\x74\x61\x62\x6c\x65\0\x69\x61\x33\x32\x5f\x6e\x72\x5f\x73\x79\x73\x63\x61\x6c\
\x6c\x73\0\x69\x61\x33\x32\x5f\x73\x79\x73\x5f\x63\x61\x6c\x6c\x5f\x74\x61\x62\
\x6c\x65\0\x75\x6e\x73\x69\x67\x6e\x65\x64\x20\x6c\x6f\x6e\x67\0\x75\x33\x32\0\
\x5f\x5f\x75\x33\x32\0\x75\x6e\x73\x69\x67\x6e\x65\x64\x20\x69\x6e\x74\0\x74\
\x69\x5f\x73\x79\x73\x5f\x63\x61\x6c\x6c\x5f\x70\x74\x72\x5f\x74\0\x6c\x6f\x6e\
\x67\0\x70\x74\x5f\x72\x65\x67\x73\0\x72\x31\x35\0\x72\x31\x34\0\x72\x31\x33\0\
\x72\x31\x32\0\x62\x70\0\x62\x78\0\x72\x31\x31\0\x72\x31\x30\0\x72\x39\0\x72\
\x38\0\x61\x78\0\x63\x78\0\x64\x78\0\x73\x69\0\x64\x69\0\x6f\x72\x69\x67\x5f\
\x61\x78\0\x69\x70\0\x63\x73\0\x73\x70\0\x73\x73\0\x72\x65\x66\x63\x6f\x75\x6e\
\x74\x5f\x74\0\x72\x65\x66\x63\x6f\x75\x6e\x74\x5f\x73\x74\x72\x75\x63\x74\0\
\x72\x65\x66\x73\0\x61\x74\x6f\x6d\x69\x63\x5f\x74\0\x63\x6f\x75\x6e\x74\x65\
\x72\0\x5f\x5f\x63\x61\x6c\x6c\x5f\x73\x69\x6e\x67\x6c\x65\x5f\x6e\x6f\x64\x65\
\0\x6c\x6c\x69\x73\x74\0\x73\x72\x63\0\x64\x73\x74\0\x6c\x6c\x69\x73\x74\x5f\
\x6e\x6f\x64\x65\0\x6e\x65\x78\x74\0\x75\x5f\x66\x6c\x61\x67\x73\0\x61\x5f\x66\
\x6c\x61\x67\x73\0\x75\x31\x36\0\x5f\x5f\x75\x31\x36\0\x75\x6e\x73\x69\x67\x6e\
\x65\x64\x20\x73\x68\x6f\x72\x74\0\x73\x63\x68\x65\x64\x5f\x65\x6e\x74\x69\x74\
\x79\0\x6c\x6f\x61\x64\0\x72\x75\x6e\x5f\x6e\x6f\x64\x65\0\x67\x72\x6f\x75\x70\
\x5f\x6e\x6f\x64\x65\0\x65\x78\x65\x63\x5f\x73\x74\x61\x72\x74\0\x73\x75\x6d\
\x5f\x65\x78\x65\x63\x5f\x72\x75\x6e\x74\x69\x6d\x65\0\x76\x72\x75\x6e\x74\x69\
\x6d\x65\0\x70\x72\x65\x76\x5f\x73\x75\x6d\x5f\x65\x78\x65\x63\x5f\x72\x75\x6e\
\x74\x69\x6d\x65\0\x6e\x72\x5f\x6d\x69\x67\x72\x61\x74\x69\x6f\x6e\x73\0\x73\
\x74\x61\x74\x69\x73\x74\x69\x63\x73\0\x64\x65\x70\x74\x68\0\x63\x66\x73\x5f\
\x72\x71\0\x6d\x79\x5f\x71\0\x72\x75\x6e\x6e\x61\x62\x6c\x65\x5f\x77\x65\x69\
\x67\x68\x74\0\x61\x76\x67\0\x6c\x6f\x61\x64\x5f\x77\x65\x69\x67\x68\x74\0\x77\
\x65\x69\x67\x68\x74\0\x69\x6e\x76\x5f\x77\x65\x69\x67\x68\x74\0\x72\x62\x5f\
\x6e\x6f\x64\x65\0\x5f\x5f\x72\x62\x5f\x70\x61\x72\x65\x6e\x74\x5f\x63\x6f\x6c\
\x6f\x72\0\x72\x62\x5f\x72\x69\x67\x68\x74\0\x72\x62\x5f\x6c\x65\x66\x74\0\x6c\
\x69\x73\x74\x5f\x68\x65\x61\x64\0\x70\x72\x65\x76\0\x75\x36\x34\0\x5f\x5f\x75\
\x36\x34\0\x73\x63\x68\x65\x64\x5f\x73\x74\x61\x74\x69\x73\x74\x69\x63\x73\0\
\x77\x61\x69\x74\x5f\x73\x74\x61\x72\x74\0\x77\x61\x69\x74\x5f\x6d\x61\x78\0\
\x77\x61\x69\x74\x5f\x63\x6f\x75\x6e\x74\0\x77\x61\x69\x74\x5f\x73\x75\x6d\0\
\x69\x6f\x77\x61\x69\x74\x5f\x63\x6f\x75\x6e\x74\0\x69\x6f\x77\x61\x69\x74\x5f\
\x73\x75\x6d\0\x73\x6c\x65\x65\x70\x5f\x73\x74\x61\x72\x74\0\x73\x6c\x65\x65\
\x70\x5f\x6d\x61\x78\0\x73\x75\x6d\x5f\x73\x6c\x65\x65\x70\x5f\x72\x75\x6e\x74\
\x69\x6d\x65\0\x62\x6c\x6f\x63\x6b\x5f\x73\x74\x61\x72\x74\0\x62\x6c\x6f\x63\
\x6b\x5f\x6d\x61\x78\0\x65\x78\x65\x63\x5f\x6d\x61\x78\0\x73\x6c\x69\x63\x65\
\x5f\x6d\x61\x78\0\x6e\x72\x5f\x6d\x69\x67\x72\x61\x74\x69\x6f\x6e\x73\x5f\x63\
\x6f\x6c\x64\0\x6e\x72\x5f\x66\x61\x69\x6c\x65\x64\x5f\x6d\x69\x67\x72\x61\x74\
\x69\x6f\x6e\x73\x5f\x61\x66\x66\x69\x6e\x65\0\x6e\x72\x5f\x66\x61\x69\x6c\x65\
\x64\x5f\x6d\x69\x67\x72\x61\x74\x69\x6f\x6e\x73\x5f\x72\x75\x6e\x6e\x69\x6e\
\x67\0\x6e\x72\x5f\x66\x61\x69\x6c\x65\x64\x5f\x6d\x69\x67\x72\x61\x74\x69\x6f\
\x6e\x73\x5f\x68\x6f\x74\0\x6e\x72\x5f\x66\x6f\x72\x63\x65\x64\x5f\x6d\x69\x67\
\x72\x61\x74\x69\x6f\x6e\x73\0\x6e\x72\x5f\x77\x61\x6b\x65\x75\x70\x73\0\x6e\
\x72\x5f\x77\x61\x6b\x65\x75\x70\x73\x5f\x73\x79\x6e\x63\0\x6e\x72\x5f\x77\x61\
\x6b\x65\x75\x70\x73\x5f\x6d\x69\x67\x72\x61\x74\x65\0\x6e\x72\x5f\x77\x61\x6b\
\x65\x75\x70\x73\x5f\x6c\x6f\x63\x61\x6c\0\x6e\x72\x5f\x77\x61\x6b\x65\x75\x70\
\x73\x5f\x72\x65\x6d\x6f\x74\x65\0\x6e\x72\x5f\x77\x61\x6b\x65\x75\x70\x73\x5f\
\x61\x66\x66\x69\x6e\x65\0\x6e\x72\x5f\x77\x61\x6b\x65\x75\x70\x73\x5f\x61\x66\
\x66\x69\x6e\x65\x5f\x61\x74\x74\x65\x6d\x70\x74\x73\0\x6e\x72\x5f\x77\x61\x6b\
\x65\x75\x70\x73\x5f\x70\x61\x73\x73\x69\x76\x65\0\x6e\x72\x5f\x77\x61\x6b\x65\
\x75\x70\x73\x5f\x69\x64\x6c\x65\0\x73\x36\x34\0\x5f\x5f\x73\x36\x34\0\x6c\x6f\
\x6e\x67\x20\x6c\x6f\x6e\x67\0\x6e\x72\x5f\x72\x75\x6e\x6e\x69\x6e\x67\0\x68\
\x5f\x6e\x72\x5f\x72\x75\x6e\x6e\x69\x6e\x67\0\x69\x64\x6c\x65\x5f\x68\x5f\x6e\
\x72\x5f\x72\x75\x6e\x6e\x69\x6e\x67\0\x65\x78\x65\x63\x5f\x63\x6c\x6f\x63\x6b\
\0\x6d\x69\x6e\x5f\x76\x72\x75\x6e\x74\x69\x6d\x65\0\x66\x6f\x72\x63\x65\x69\
\x64\x6c\x65\x5f\x73\x65\x71\0\x6d\x69\x6e\x5f\x76\x72\x75\x6e\x74\x69\x6d\x65\
\x5f\x66\x69\0\x74\x61\x73\x6b\x73\x5f\x74\x69\x6d\x65\x6c\x69\x6e\x65\0\x63\
\x75\x72\x72\0\x6c\x61\x73\x74\0\x73\x6b\x69\x70\0\x6e\x72\x5f\x73\x70\x72\x65\
\x61\x64\x5f\x6f\x76\x65\x72\0\x72\x65\x6d\x6f\x76\x65\x64\0\x74\x67\x5f\x6c\
\x6f\x61\x64\x5f\x61\x76\x67\x5f\x63\x6f\x6e\x74\x72\x69\x62\0\x70\x72\x6f\x70\
\x61\x67\x61\x74\x65\0\x70\x72\x6f\x70\x5f\x72\x75\x6e\x6e\x61\x62\x6c\x65\x5f\
\x73\x75\x6d\0\x68\x5f\x6c\x6f\x61\x64\0\x6c\x61\x73\x74\x5f\x68\x5f\x6c\x6f\
\x61\x64\x5f\x75\x70\x64\x61\x74\x65\0\x68\x5f\x6c\x6f\x61\x64\x5f\x6e\x65\x78\
\x74\0\x72\x71\0\x6f\x6e\x5f\x6c\x69\x73\x74\0\x6c\x65\x61\x66\x5f\x63\x66\x73\
\x5f\x72\x71\x5f\x6c\x69\x73\x74\0\x74\x67\0\x69\x64\x6c\x65\0\x72\x75\x6e\x74\
\x69\x6d\x65\x5f\x65\x6e\x61\x62\x6c\x65\x64\0\x72\x75\x6e\x74\x69\x6d\x65\x5f\
\x72\x65\x6d\x61\x69\x6e\x69\x6e\x67\0\x74\x68\x72\x6f\x74\x74\x6c\x65\x64\x5f\
\x63\x6c\x6f\x63\x6b\0\x74\x68\x72\x6f\x74\x74\x6c\x65\x64\x5f\x63\x6c\x6f\x63\
\x6b\x5f\x70\x65\x6c\x74\0\x74\x68\x72\x6f\x74\x74\x6c\x65\x64\x5f\x63\x6c\x6f\
\x63\x6b\x5f\x70\x65\x6c\x74\x5f\x74\x69\x6d\x65\0\x74\x68\x72\x6f\x74\x74\x6c\
\x65\x64\0\x74\x68\x72\x6f\x74\x74\x6c\x65\x5f\x63\x6f\x75\x6e\x74\0\x74\x68\
\x72\x6f\x74\x74\x6c\x65\x64\x5f\x6c\x69\x73\x74\0\x72\x62\x5f\x72\x6f\x6f\x74\
\x5f\x63\x61\x63\x68\x65\x64\0\x72\x62\x5f\x72\x6f\x6f\x74\0\x72\x62\x5f\x6c\
\x65\x66\x74\x6d\x6f\x73\x74\0\x73\x63\x68\x65\x64\x5f\x61\x76\x67\0\x6c\x61\
\x73\x74\x5f\x75\x70\x64\x61\x74\x65\x5f\x74\x69\x6d\x65\0\x6c\x6f\x61\x64\x5f\
\x73\x75\x6d\0\x72\x75\x6e\x6e\x61\x62\x6c\x65\x5f\x73\x75\x6d\0\x75\x74\x69\
\x6c\x5f\x73\x75\x6d\0\x70\x65\x72\x69\x6f\x64\x5f\x63\x6f\x6e\x74\x72\x69\x62\
\0\x6c\x6f\x61\x64\x5f\x61\x76\x67\0\x72\x75\x6e\x6e\x61\x62\x6c\x65\x5f\x61\
\x76\x67\0\x75\x74\x69\x6c\x5f\x61\x76\x67\0\x75\x74\x69\x6c\x5f\x67\x75\x65\
\x73\x74\0\x75\x74\x69\x6c\x5f\x65\x73\x74\0\x65\x6e\x71\x75\x65\x75\x65\x64\0\
\x65\x77\x6d\x61\0\x6c\x6f\x63\x6b\0\x6e\x72\0\x72\x61\x77\x5f\x73\x70\x69\x6e\
\x6c\x6f\x63\x6b\x5f\x74\0\x72\x61\x77\x5f\x73\x70\x69\x6e\x6c\x6f\x63\x6b\0\
\x72\x61\x77\x5f\x6c\x6f\x63\x6b\0\x61\x72\x63\x68\x5f\x73\x70\x69\x6e\x6c\x6f\
\x63\x6b\x5f\x74\0\x71\x73\x70\x69\x6e\x6c\x6f\x63\x6b\0\x76\x61\x6c\0\x6c\x6f\
\x63\x6b\x65\x64\0\x75\x38\0\x5f\x5f\x75\x38\0\x75\x6e\x73\x69\x67\x6e\x65\x64\
\x20\x63\x68\x61\x72\0\x6c\x6f\x63\x6b\x65\x64\x5f\x70\x65\x6e\x64\x69\x6e\x67\
\0\x74\x61\x69\x6c\0\x73\x63\x68\x65\x64\x5f\x72\x74\x5f\x65\x6e\x74\x69\x74\
\x79\0\x72\x75\x6e\x5f\x6c\x69\x73\x74\0\x74\x69\x6d\x65\x6f\x75\x74\0\x77\x61\
\x74\x63\x68\x64\x6f\x67\x5f\x73\x74\x61\x6d\x70\0\x74\x69\x6d\x65\x5f\x73\x6c\
\x69\x63\x65\0\x62\x61\x63\x6b\0\x73\x63\x68\x65\x64\x5f\x64\x6c\x5f\x65\x6e\
\x74\x69\x74\x79\0\x64\x6c\x5f\x72\x75\x6e\x74\x69\x6d\x65\0\x64\x6c\x5f\x64\
\x65\x61\x64\x6c\x69\x6e\x65\0\x64\x6c\x5f\x70\x65\x72\x69\x6f\x64\0\x64\x6c\
\x5f\x62\x77\0\x64\x6c\x5f\x64\x65\x6e\x73\x69\x74\x79\0\x72\x75\x6e\x74\x69\
\x6d\x65\0\x64\x65\x61\x64\x6c\x69\x6e\x65\0\x64\x6c\x5f\x74\x68\x72\x6f\x74\
\x74\x6c\x65\x64\0\x64\x6c\x5f\x79\x69\x65\x6c\x64\x65\x64\0\x64\x6c\x5f\x6e\
\x6f\x6e\x5f\x63\x6f\x6e\x74\x65\x6e\x64\x69\x6e\x67\0\x64\x6c\x5f\x6f\x76\x65\
\x72\x72\x75\x6e\0\x64\x6c\x5f\x74\x69\x6d\x65\x72\0\x69\x6e\x61\x63\x74\x69\
\x76\x65\x5f\x74\x69\x6d\x65\x72\0\x70\x69\x5f\x73\x65\0\x68\x72\x74\x69\x6d\
\x65\x72\0\x6e\x6f\x64\x65\0\x5f\x73\x6f\x66\x74\x65\x78\x70\x69\x72\x65\x73\0\
\x66\x75\x6e\x63\x74\x69\x6f\x6e\0\x62\x61\x73\x65\0\x73\x74\x61\x74\x65\0\x69\
\x73\x5f\x72\x65\x6c\0\x69\x73\x5f\x73\x6f\x66\x74\0\x69\x73\x5f\x68\x61\x72\
\x64\0\x74\x69\x6d\x65\x72\x71\x75\x65\x75\x65\x5f\x6e\x6f\x64\x65\0\x65\x78\
\x70\x69\x72\x65\x73\0\x6b\x74\x69\x6d\x65\x5f\x74\0\x68\x72\x74\x69\x6d\x65\
\x72\x5f\x72\x65\x73\x74\x61\x72\x74\0\x48\x52\x54\x49\x4d\x45\x52\x5f\x4e\x4f\
\x52\x45\x53\x54\x41\x52\x54\0\x48\x52\x54\x49\x4d\x45\x52\x5f\x52\x45\x53\x54\
\x41\x52\x54\0\x74\x61\x73\x6b\x5f\x67\x72\x6f\x75\x70\0\x63\x73\x73\0\x73\x68\
\x61\x72\x65\x73\0\x72\x63\x75\0\x6c\x69\x73\x74\0\x73\x69\x62\x6c\x69\x6e\x67\
\x73\0\x63\x66\x73\x5f\x62\x61\x6e\x64\x77\x69\x64\x74\x68\0\x63\x67\x72\x6f\
\x75\x70\x5f\x73\x75\x62\x73\x79\x73\x5f\x73\x74\x61\x74\x65\0\x63\x67\x72\x6f\
\x75\x70\0\x72\x65\x66\x63\x6e\x74\0\x72\x73\x74\x61\x74\x5f\x63\x73\x73\x5f\
\x6e\x6f\x64\x65\0\x69\x64\0\x73\x65\x72\x69\x61\x6c\x5f\x6e\x72\0\x6f\x6e\x6c\
\x69\x6e\x65\x5f\x63\x6e\x74\0\x64\x65\x73\x74\x72\x6f\x79\x5f\x77\x6f\x72\x6b\
\0\x64\x65\x73\x74\x72\x6f\x79\x5f\x72\x77\x6f\x72\x6b\0\x70\x65\x72\x63\x70\
\x75\x5f\x72\x65\x66\0\x70\x65\x72\x63\x70\x75\x5f\x63\x6f\x75\x6e\x74\x5f\x70\
\x74\x72\0\x64\x61\x74\x61\0\x77\x6f\x72\x6b\x5f\x73\x74\x72\x75\x63\x74\0\x65\
\x6e\x74\x72\x79\0\x66\x75\x6e\x63\0\x61\x74\x6f\x6d\x69\x63\x5f\x6c\x6f\x6e\
\x67\x5f\x74\0\x61\x74\x6f\x6d\x69\x63\x36\x34\x5f\x74\0\x77\x6f\x72\x6b\x5f\
\x66\x75\x6e\x63\x5f\x74\0\x72\x63\x75\x5f\x77\x6f\x72\x6b\0\x77\x6f\x72\x6b\0\
\x77\x71\0\x63\x61\x6c\x6c\x62\x61\x63\x6b\x5f\x68\x65\x61\x64\0\x70\x65\x72\
\x69\x6f\x64\0\x71\x75\x6f\x74\x61\0\x62\x75\x72\x73\x74\0\x68\x69\x65\x72\x61\
\x72\x63\x68\x69\x63\x61\x6c\x5f\x71\x75\x6f\x74\x61\0\x70\x65\x72\x69\x6f\x64\
\x5f\x61\x63\x74\x69\x76\x65\0\x73\x6c\x61\x63\x6b\x5f\x73\x74\x61\x72\x74\x65\
\x64\0\x70\x65\x72\x69\x6f\x64\x5f\x74\x69\x6d\x65\x72\0\x73\x6c\x61\x63\x6b\
\x5f\x74\x69\x6d\x65\x72\0\x74\x68\x72\x6f\x74\x74\x6c\x65\x64\x5f\x63\x66\x73\
\x5f\x72\x71\0\x6e\x72\x5f\x70\x65\x72\x69\x6f\x64\x73\0\x6e\x72\x5f\x74\x68\
\x72\x6f\x74\x74\x6c\x65\x64\0\x74\x68\x72\x6f\x74\x74\x6c\x65\x64\x5f\x74\x69\
\x6d\x65\0\x68\x6c\x69\x73\x74\x5f\x68\x65\x61\x64\0\x66\x69\x72\x73\x74\0\x63\
\x70\x75\x6d\x61\x73\x6b\x5f\x74\0\x63\x70\x75\x6d\x61\x73\x6b\0\x62\x69\x74\
\x73\0\x72\x63\x75\x5f\x73\x70\x65\x63\x69\x61\x6c\0\x62\0\x73\0\x6e\x65\x65\
\x64\x5f\x71\x73\0\x65\x78\x70\x5f\x68\x69\x6e\x74\0\x6e\x65\x65\x64\x5f\x6d\
\x62\0\x62\x6f\x6f\x6c\0\x5f\x42\x6f\x6f\x6c\0\x70\x63\x6f\x75\x6e\x74\0\x72\
\x75\x6e\x5f\x64\x65\x6c\x61\x79\0\x6c\x61\x73\x74\x5f\x61\x72\x72\x69\x76\x61\
\x6c\0\x6c\x61\x73\x74\x5f\x71\x75\x65\x75\x65\x64\0\x70\x6c\x69\x73\x74\x5f\
\x6e\x6f\x64\x65\0\x70\x72\x69\x6f\x5f\x6c\x69\x73\x74\0\x6e\x6f\x64\x65\x5f\
\x6c\x69\x73\x74\0\x6d\x6d\x5f\x73\x74\x72\x75\x63\x74\0\x63\x70\x75\x5f\x62\
\x69\x74\x6d\x61\x70\0\x6d\x6d\x61\x70\0\x6d\x6d\x5f\x72\x62\0\x76\x6d\x61\x63\
\x61\x63\x68\x65\x5f\x73\x65\x71\x6e\x75\x6d\0\x67\x65\x74\x5f\x75\x6e\x6d\x61\
\x70\x70\x65\x64\x5f\x61\x72\x65\x61\0\x6d\x6d\x61\x70\x5f\x62\x61\x73\x65\0\
\x6d\x6d\x61\x70\x5f\x6c\x65\x67\x61\x63\x79\x5f\x62\x61\x73\x65\0\x6d\x6d\x61\
\x70\x5f\x63\x6f\x6d\x70\x61\x74\x5f\x62\x61\x73\x65\0\x6d\x6d\x61\x70\x5f\x63\
\x6f\x6d\x70\x61\x74\x5f\x6c\x65\x67\x61\x63\x79\x5f\x62\x61\x73\x65\0\x74\x61\
\x73\x6b\x5f\x73\x69\x7a\x65\0\x68\x69\x67\x68\x65\x73\x74\x5f\x76\x6d\x5f\x65\
\x6e\x64\0\x70\x67\x64\0\x6d\x65\x6d\x62\x61\x72\x72\x69\x65\x72\x5f\x73\x74\
\x61\x74\x65\0\x6d\x6d\x5f\x75\x73\x65\x72\x73\0\x6d\x6d\x5f\x63\x6f\x75\x6e\
\x74\0\x70\x67\x74\x61\x62\x6c\x65\x73\x5f\x62\x79\x74\x65\x73\0\x6d\x61\x70\
\x5f\x63\x6f\x75\x6e\x74\0\x70\x61\x67\x65\x5f\x74\x61\x62\x6c\x65\x5f\x6c\x6f\
\x63\x6b\0\x6d\x6d\x61\x70\x5f\x6c\x6f\x63\x6b\0\x6d\x6d\x6c\x69\x73\x74\0\x68\
\x69\x77\x61\x74\x65\x72\x5f\x72\x73\x73\0\x68\x69\x77\x61\x74\x65\x72\x5f\x76\
\x6d\0\x74\x6f\x74\x61\x6c\x5f\x76\x6d\0\x6c\x6f\x63\x6b\x65\x64\x5f\x76\x6d\0\
\x70\x69\x6e\x6e\x65\x64\x5f\x76\x6d\0\x64\x61\x74\x61\x5f\x76\x6d\0\x65\x78\
\x65\x63\x5f\x76\x6d\0\x73\x74\x61\x63\x6b\x5f\x76\x6d\0\x64\x65\x66\x5f\x66\
\x6c\x61\x67\x73\0\x77\x72\x69\x74\x65\x5f\x70\x72\x6f\x74\x65\x63\x74\x5f\x73\
\x65\x71\0\x61\x72\x67\x5f\x6c\x6f\x63\x6b\0\x73\x74\x61\x72\x74\x5f\x63\x6f\
\x64\x65\0\x65\x6e\x64\x5f\x63\x6f\x64\x65\0\x73\x74\x61\x72\x74\x5f\x64\x61\
\x74\x61\0\x65\x6e\x64\x5f\x64\x61\x74\x61\0\x73\x74\x61\x72\x74\x5f\x62\x72\
\x6b\0\x62\x72\x6b\0\x73\x74\x61\x72\x74\x5f\x73\x74\x61\x63\x6b\0\x61\x72\x67\
\x5f\x73\x74\x61\x72\x74\0\x61\x72\x67\x5f\x65\x6e\x64\0\x65\x6e\x76\x5f\x73\
\x74\x61\x72\x74\0\x65\x6e\x76\x5f\x65\x6e\x64\0\x73\x61\x76\x65\x64\x5f\x61\
\x75\x78\x76\0\x62\x69\x6e\x66\x6d\x74\0\x63\x6f\x6e\x74\x65\x78\x74\0\x63\x6f\
\x72\x65\x5f\x73\x74\x61\x74\x65\0\x69\x6f\x63\x74\x78\x5f\x6c\x6f\x63\x6b\0\
\x69\x6f\x63\x74\x78\x5f\x74\x61\x62\x6c\x65\0\x75\x73\x65\x72\x5f\x6e\x73\0\
\x65\x78\x65\x5f\x66\x69\x6c\x65\0\x6e\x6f\x74\x69\x66\x69\x65\x72\x5f\x73\x75\
\x62\x73\x63\x72\x69\x70\x74\x69\x6f\x6e\x73\0\x74\x6c\x62\x5f\x66\x6c\x75\x73\
\x68\x5f\x70\x65\x6e\x64\x69\x6e\x67\0\x74\x6c\x62\x5f\x66\x6c\x75\x73\x68\x5f\
\x62\x61\x74\x63\x68\x65\x64\0\x75\x70\x72\x6f\x62\x65\x73\x5f\x73\x74\x61\x74\
\x65\0\x61\x73\x79\x6e\x63\x5f\x70\x75\x74\x5f\x77\x6f\x72\x6b\0\x70\x61\x73\
\x69\x64\0\x6c\x72\x75\x5f\x67\x65\x6e\0\x66\x69\x6c\x65\0\x66\x5f\x75\0\x66\
\x5f\x70\x61\x74\x68\0\x66\x5f\x69\x6e\x6f\x64\x65\0\x66\x5f\x6f\x70\0\x66\x5f\
\x6c\x6f\x63\x6b\0\x66\x5f\x77\x72\x69\x74\x65\x5f\x68\x69\x6e\x74\0\x66\x5f\
\x63\x6f\x75\x6e\x74\0\x66\x5f\x66\x6c\x61\x67\x73\0\x66\x5f\x6d\x6f\x64\x65\0\
\x66\x5f\x70\x6f\x73\x5f\x6c\x6f\x63\x6b\0\x66\x5f\x70\x6f\x73\0\x66\x5f\x6f\
\x77\x6e\x65\x72\0\x66\x5f\x63\x72\x65\x64\0\x66\x5f\x72\x61\0\x66\x5f\x76\x65\
\x72\x73\x69\x6f\x6e\0\x66\x5f\x73\x65\x63\x75\x72\x69\x74\x79\0\x70\x72\x69\
\x76\x61\x74\x65\x5f\x64\x61\x74\x61\0\x66\x5f\x65\x70\0\x66\x5f\x6d\x61\x70\
\x70\x69\x6e\x67\0\x66\x5f\x77\x62\x5f\x65\x72\x72\0\x66\x5f\x73\x62\x5f\x65\
\x72\x72\0\x66\x75\x5f\x6c\x6c\x69\x73\x74\0\x66\x75\x5f\x72\x63\x75\x68\x65\
\x61\x64\0\x70\x61\x74\x68\0\x6d\x6e\x74\0\x64\x65\x6e\x74\x72\x79\0\x6c\x69\
\x6e\x6b\x5f\x63\x6f\x75\x6e\x74\0\x73\x70\x69\x6e\x6c\x6f\x63\x6b\x5f\x74\0\
\x73\x70\x69\x6e\x6c\x6f\x63\x6b\0\x72\x6c\x6f\x63\x6b\0\x72\x77\x5f\x68\x69\
\x6e\x74\0\x57\x52\x49\x54\x45\x5f\x4c\x49\x46\x45\x5f\x4e\x4f\x54\x5f\x53\x45\
\x54\0\x57\x52\x49\x54\x45\x5f\x4c\x49\x46\x45\x5f\x4e\x4f\x4e\x45\0\x57\x52\
\x49\x54\x45\x5f\x4c\x49\x46\x45\x5f\x53\x48\x4f\x52\x54\0\x57\x52\x49\x54\x45\
\x5f\x4c\x49\x46\x45\x5f\x4d\x45\x44\x49\x55\x4d\0\x57\x52\x49\x54\x45\x5f\x4c\
\x49\x46\x45\x5f\x4c\x4f\x4e\x47\0\x57\x52\x49\x54\x45\x5f\x4c\x49\x46\x45\x5f\
\x45\x58\x54\x52\x45\x4d\x45\0\x66\x6d\x6f\x64\x65\x5f\x74\0\x6d\x75\x74\x65\
\x78\0\x6f\x77\x6e\x65\x72\0\x77\x61\x69\x74\x5f\x6c\x6f\x63\x6b\0\x6f\x73\x71\
\0\x77\x61\x69\x74\x5f\x6c\x69\x73\x74\0\x6f\x70\x74\x69\x6d\x69\x73\x74\x69\
\x63\x5f\x73\x70\x69\x6e\x5f\x71\x75\x65\x75\x65\0\x6c\x6f\x66\x66\x5f\x74\0\
\x5f\x5f\x6b\x65\x72\x6e\x65\x6c\x5f\x6c\x6f\x66\x66\x5f\x74\0\x66\x6f\x77\x6e\
\x5f\x73\x74\x72\x75\x63\x74\0\x70\x69\x64\x5f\x74\x79\x70\x65\0\x75\x69\x64\0\
\x65\x75\x69\x64\0\x73\x69\x67\x6e\x75\x6d\0\x72\x77\x6c\x6f\x63\x6b\x5f\x74\0\
\x61\x72\x63\x68\x5f\x72\x77\x6c\x6f\x63\x6b\x5f\x74\0\x71\x72\x77\x6c\x6f\x63\
\x6b\0\x63\x6e\x74\x73\0\x77\x6c\x6f\x63\x6b\x65\x64\0\x5f\x5f\x6c\x73\x74\x61\
\x74\x65\0\x50\x49\x44\x54\x59\x50\x45\x5f\x50\x49\x44\0\x50\x49\x44\x54\x59\
\x50\x45\x5f\x54\x47\x49\x44\0\x50\x49\x44\x54\x59\x50\x45\x5f\x50\x47\x49\x44\
\0\x50\x49\x44\x54\x59\x50\x45\x5f\x53\x49\x44\0\x50\x49\x44\x54\x59\x50\x45\
\x5f\x4d\x41\x58\0\x6b\x75\x69\x64\x5f\x74\0\x75\x69\x64\x5f\x74\0\x5f\x5f\x6b\
\x65\x72\x6e\x65\x6c\x5f\x75\x69\x64\x33\x32\x5f\x74\0\x66\x69\x6c\x65\x5f\x72\
\x61\x5f\x73\x74\x61\x74\x65\0\x73\x74\x61\x72\x74\0\x73\x69\x7a\x65\0\x61\x73\
\x79\x6e\x63\x5f\x73\x69\x7a\x65\0\x72\x61\x5f\x70\x61\x67\x65\x73\0\x6d\x6d\
\x61\x70\x5f\x6d\x69\x73\x73\0\x70\x72\x65\x76\x5f\x70\x6f\x73\0\x65\x72\x72\
\x73\x65\x71\x5f\x74\0\x70\x67\x64\x5f\x74\0\x70\x67\x64\x76\x61\x6c\x5f\x74\0\
\x72\x77\x5f\x73\x65\x6d\x61\x70\x68\x6f\x72\x65\0\x63\x6f\x75\x6e\x74\0\x73\
\x65\x71\x63\x6f\x75\x6e\x74\x5f\x74\0\x73\x65\x71\x63\x6f\x75\x6e\x74\0\x73\
\x65\x71\x75\x65\x6e\x63\x65\0\x6d\x6d\x5f\x72\x73\x73\x5f\x73\x74\x61\x74\0\
\x6d\x6d\x5f\x63\x6f\x6e\x74\x65\x78\x74\x5f\x74\0\x63\x74\x78\x5f\x69\x64\0\
\x74\x6c\x62\x5f\x67\x65\x6e\0\x6c\x64\x74\x5f\x75\x73\x72\x5f\x73\x65\x6d\0\
\x6c\x64\x74\0\x76\x64\x73\x6f\0\x76\x64\x73\x6f\x5f\x69\x6d\x61\x67\x65\0\x70\
\x65\x72\x66\x5f\x72\x64\x70\x6d\x63\x5f\x61\x6c\x6c\x6f\x77\x65\x64\0\x70\x6b\
\x65\x79\x5f\x61\x6c\x6c\x6f\x63\x61\x74\x69\x6f\x6e\x5f\x6d\x61\x70\0\x65\x78\
\x65\x63\x75\x74\x65\x5f\x6f\x6e\x6c\x79\x5f\x70\x6b\x65\x79\0\x73\x31\x36\0\
\x5f\x5f\x73\x31\x36\0\x73\x68\x6f\x72\x74\0\x78\x6f\x6c\x5f\x61\x72\x65\x61\0\
\x62\x69\x74\x6d\x61\x70\0\x73\x65\x71\x6e\x75\x6d\0\x76\x6d\x61\x73\0\x76\x6d\
\x5f\x61\x72\x65\x61\x5f\x73\x74\x72\x75\x63\x74\0\x76\x6d\x5f\x73\x74\x61\x72\
\x74\0\x76\x6d\x5f\x65\x6e\x64\0\x76\x6d\x5f\x6e\x65\x78\x74\0\x76\x6d\x5f\x70\
\x72\x65\x76\0\x76\x6d\x5f\x72\x62\0\x72\x62\x5f\x73\x75\x62\x74\x72\x65\x65\
\x5f\x67\x61\x70\0\x76\x6d\x5f\x6d\x6d\0\x76\x6d\x5f\x70\x61\x67\x65\x5f\x70\
\x72\x6f\x74\0\x76\x6d\x5f\x66\x6c\x61\x67\x73\0\x61\x6e\x6f\x6e\x5f\x76\x6d\
\x61\x5f\x63\x68\x61\x69\x6e\0\x61\x6e\x6f\x6e\x5f\x76\x6d\x61\0\x76\x6d\x5f\
\x6f\x70\x73\0\x76\x6d\x5f\x70\x67\x6f\x66\x66\0\x76\x6d\x5f\x66\x69\x6c\x65\0\
\x76\x6d\x5f\x70\x72\x69\x76\x61\x74\x65\x5f\x64\x61\x74\x61\0\x73\x77\x61\x70\
\x5f\x72\x65\x61\x64\x61\x68\x65\x61\x64\x5f\x69\x6e\x66\x6f\0\x76\x6d\x5f\x75\
\x73\x65\x72\x66\x61\x75\x6c\x74\x66\x64\x5f\x63\x74\x78\0\x70\x67\x70\x72\x6f\
\x74\x5f\x74\0\x70\x67\x70\x72\x6f\x74\0\x70\x67\x70\x72\x6f\x74\x76\x61\x6c\
\x5f\x74\0\x73\x68\x61\x72\x65\x64\0\x61\x6e\x6f\x6e\x5f\x6e\x61\x6d\x65\0\x72\
\x62\x5f\x73\x75\x62\x74\x72\x65\x65\x5f\x6c\x61\x73\x74\0\x63\x68\x61\x72\0\
\x74\x61\x73\x6b\x5f\x72\x73\x73\x5f\x73\x74\x61\x74\0\x65\x76\x65\x6e\x74\x73\
\0\x61\x72\x63\x68\x5f\x64\x61\x74\x61\0\x66\x6e\0\x66\x75\x74\x65\x78\0\x6e\
\x61\x6e\x6f\x73\x6c\x65\x65\x70\0\x70\x6f\x6c\x6c\0\x75\x61\x64\x64\x72\0\x62\
\x69\x74\x73\x65\x74\0\x74\x69\x6d\x65\0\x75\x61\x64\x64\x72\x32\0\x63\x6c\x6f\
\x63\x6b\x69\x64\0\x63\x6c\x6f\x63\x6b\x69\x64\x5f\x74\0\x5f\x5f\x6b\x65\x72\
\x6e\x65\x6c\x5f\x63\x6c\x6f\x63\x6b\x69\x64\x5f\x74\0\x74\x69\x6d\x65\x73\x70\
\x65\x63\x5f\x74\x79\x70\x65\0\x54\x54\x5f\x4e\x4f\x4e\x45\0\x54\x54\x5f\x4e\
\x41\x54\x49\x56\x45\0\x54\x54\x5f\x43\x4f\x4d\x50\x41\x54\0\x72\x6d\x74\x70\0\
\x63\x6f\x6d\x70\x61\x74\x5f\x72\x6d\x74\x70\0\x75\x66\x64\x73\0\x6e\x66\x64\
\x73\0\x68\x61\x73\x5f\x74\x69\x6d\x65\x6f\x75\x74\0\x74\x76\x5f\x73\x65\x63\0\
\x74\x76\x5f\x6e\x73\x65\x63\0\x70\x69\x64\x5f\x74\0\x5f\x5f\x6b\x65\x72\x6e\
\x65\x6c\x5f\x70\x69\x64\x5f\x74\0\x6c\x65\x76\x65\x6c\0\x69\x6e\x6f\x64\x65\
\x73\0\x77\x61\x69\x74\x5f\x70\x69\x64\x66\x64\0\x6e\x75\x6d\x62\x65\x72\x73\0\
\x77\x61\x69\x74\x5f\x71\x75\x65\x75\x65\x5f\x68\x65\x61\x64\x5f\x74\0\x77\x61\
\x69\x74\x5f\x71\x75\x65\x75\x65\x5f\x68\x65\x61\x64\0\x68\x65\x61\x64\0\x75\
\x70\x69\x64\0\x6e\x73\0\x68\x6c\x69\x73\x74\x5f\x6e\x6f\x64\x65\0\x70\x70\x72\
\x65\x76\0\x62\x61\x73\x65\x73\0\x74\x69\x6d\x65\x72\x73\x5f\x61\x63\x74\x69\
\x76\x65\0\x65\x78\x70\x69\x72\x79\x5f\x61\x63\x74\x69\x76\x65\0\x70\x6f\x73\
\x69\x78\x5f\x63\x70\x75\x74\x69\x6d\x65\x72\x5f\x62\x61\x73\x65\0\x6e\x65\x78\
\x74\x65\x76\x74\0\x74\x71\x68\x65\x61\x64\0\x74\x69\x6d\x65\x72\x71\x75\x65\
\x75\x65\x5f\x68\x65\x61\x64\0\x73\x63\x68\x65\x64\x75\x6c\x65\x64\0\x73\x75\
\x62\x73\x63\x72\x69\x62\x65\x72\x73\0\x70\x75\x74\x5f\x61\x64\x64\x72\0\x6d\
\x61\x67\x69\x63\0\x67\x69\x64\0\x73\x75\x69\x64\0\x73\x67\x69\x64\0\x65\x67\
\x69\x64\0\x66\x73\x75\x69\x64\0\x66\x73\x67\x69\x64\0\x73\x65\x63\x75\x72\x65\
\x62\x69\x74\x73\0\x63\x61\x70\x5f\x69\x6e\x68\x65\x72\x69\x74\x61\x62\x6c\x65\
\0\x63\x61\x70\x5f\x70\x65\x72\x6d\x69\x74\x74\x65\x64\0\x63\x61\x70\x5f\x65\
\x66\x66\x65\x63\x74\x69\x76\x65\0\x63\x61\x70\x5f\x62\x73\x65\x74\0\x63\x61\
\x70\x5f\x61\x6d\x62\x69\x65\x6e\x74\0\x6a\x69\x74\x5f\x6b\x65\x79\x72\x69\x6e\
\x67\0\x73\x65\x73\x73\x69\x6f\x6e\x5f\x6b\x65\x79\x72\x69\x6e\x67\0\x70\x72\
\x6f\x63\x65\x73\x73\x5f\x6b\x65\x79\x72\x69\x6e\x67\0\x74\x68\x72\x65\x61\x64\
\x5f\x6b\x65\x79\x72\x69\x6e\x67\0\x72\x65\x71\x75\x65\x73\x74\x5f\x6b\x65\x79\
\x5f\x61\x75\x74\x68\0\x75\x73\x65\x72\0\x75\x63\x6f\x75\x6e\x74\x73\0\x67\x72\
\x6f\x75\x70\x5f\x69\x6e\x66\x6f\0\x6b\x67\x69\x64\x5f\x74\0\x67\x69\x64\x5f\
\x74\0\x5f\x5f\x6b\x65\x72\x6e\x65\x6c\x5f\x67\x69\x64\x33\x32\x5f\x74\0\x6b\
\x65\x72\x6e\x65\x6c\x5f\x63\x61\x70\x5f\x74\0\x6b\x65\x72\x6e\x65\x6c\x5f\x63\
\x61\x70\x5f\x73\x74\x72\x75\x63\x74\0\x63\x61\x70\0\x6b\x65\x79\0\x73\x65\x72\
\x69\x61\x6c\0\x73\x65\x6d\0\x6c\x61\x73\x74\x5f\x75\x73\x65\x64\x5f\x61\x74\0\
\x70\x65\x72\x6d\0\x71\x75\x6f\x74\x61\x6c\x65\x6e\0\x64\x61\x74\x61\x6c\x65\
\x6e\0\x72\x65\x73\x74\x72\x69\x63\x74\x5f\x6c\x69\x6e\x6b\0\x6b\x65\x79\x5f\
\x73\x65\x72\x69\x61\x6c\x5f\x74\0\x69\x6e\x74\x33\x32\x5f\x74\0\x73\x33\x32\0\
\x5f\x5f\x73\x33\x32\0\x67\x72\x61\x76\x65\x79\x61\x72\x64\x5f\x6c\x69\x6e\x6b\
\0\x73\x65\x72\x69\x61\x6c\x5f\x6e\x6f\x64\x65\0\x65\x78\x70\x69\x72\x79\0\x72\
\x65\x76\x6f\x6b\x65\x64\x5f\x61\x74\0\x74\x69\x6d\x65\x36\x34\x5f\x74\0\x6b\
\x65\x79\x5f\x70\x65\x72\x6d\x5f\x74\0\x75\x69\x6e\x74\x33\x32\x5f\x74\0\x69\
\x6e\x64\x65\x78\x5f\x6b\x65\x79\0\x6b\x65\x79\x72\x69\x6e\x67\x5f\x69\x6e\x64\
\x65\x78\x5f\x6b\x65\x79\0\x68\x61\x73\x68\0\x64\x6f\x6d\x61\x69\x6e\x5f\x74\
\x61\x67\0\x64\x65\x73\x63\x72\x69\x70\x74\x69\x6f\x6e\0\x78\0\x64\x65\x73\x63\
\x5f\x6c\x65\x6e\0\x64\x65\x73\x63\0\x6c\x65\x6e\x5f\x64\x65\x73\x63\0\x6b\x65\
\x79\x5f\x74\x79\x70\x65\0\x6e\x61\x6d\x65\0\x64\x65\x66\x5f\x64\x61\x74\x61\
\x6c\x65\x6e\0\x76\x65\x74\x5f\x64\x65\x73\x63\x72\x69\x70\x74\x69\x6f\x6e\0\
\x70\x72\x65\x70\x61\x72\x73\x65\0\x66\x72\x65\x65\x5f\x70\x72\x65\x70\x61\x72\
\x73\x65\0\x69\x6e\x73\x74\x61\x6e\x74\x69\x61\x74\x65\0\x75\x70\x64\x61\x74\
\x65\0\x6d\x61\x74\x63\x68\x5f\x70\x72\x65\x70\x61\x72\x73\x65\0\x6d\x61\x74\
\x63\x68\x5f\x66\x72\x65\x65\0\x72\x65\x76\x6f\x6b\x65\0\x64\x65\x73\x74\x72\
\x6f\x79\0\x64\x65\x73\x63\x72\x69\x62\x65\0\x72\x65\x61\x64\0\x72\x65\x71\x75\
\x65\x73\x74\x5f\x6b\x65\x79\0\x6c\x6f\x6f\x6b\x75\x70\x5f\x72\x65\x73\x74\x72\
\x69\x63\x74\x69\x6f\x6e\0\x61\x73\x79\x6d\x5f\x71\x75\x65\x72\x79\0\x61\x73\
\x79\x6d\x5f\x65\x64\x73\x5f\x6f\x70\0\x61\x73\x79\x6d\x5f\x76\x65\x72\x69\x66\
\x79\x5f\x73\x69\x67\x6e\x61\x74\x75\x72\x65\0\x6c\x69\x6e\x6b\0\x6c\x6f\x63\
\x6b\x5f\x63\x6c\x61\x73\x73\0\x73\x69\x7a\x65\x5f\x74\0\x5f\x5f\x6b\x65\x72\
\x6e\x65\x6c\x5f\x73\x69\x7a\x65\x5f\x74\0\x5f\x5f\x6b\x65\x72\x6e\x65\x6c\x5f\
\x75\x6c\x6f\x6e\x67\x5f\x74\0\x6b\x65\x79\x5f\x70\x72\x65\x70\x61\x72\x73\x65\
\x64\x5f\x70\x61\x79\x6c\x6f\x61\x64\0\x6f\x72\x69\x67\x5f\x64\x65\x73\x63\x72\
\x69\x70\x74\x69\x6f\x6e\0\x70\x61\x79\x6c\x6f\x61\x64\0\x6b\x65\x79\x5f\x70\
\x61\x79\x6c\x6f\x61\x64\0\x72\x63\x75\x5f\x64\x61\x74\x61\x30\0\x6b\x65\x79\
\x5f\x6d\x61\x74\x63\x68\x5f\x64\x61\x74\x61\0\x63\x6d\x70\0\x72\x61\x77\x5f\
\x64\x61\x74\x61\0\x70\x72\x65\x70\x61\x72\x73\x65\x64\0\x6c\x6f\x6f\x6b\x75\
\x70\x5f\x74\x79\x70\x65\0\x73\x65\x71\x5f\x66\x69\x6c\x65\0\x62\x75\x66\0\x66\
\x72\x6f\x6d\0\x70\x61\x64\x5f\x75\x6e\x74\x69\x6c\0\x69\x6e\x64\x65\x78\0\x72\
\x65\x61\x64\x5f\x70\x6f\x73\0\x6f\x70\0\x70\x6f\x6c\x6c\x5f\x65\x76\x65\x6e\
\x74\0\x70\x72\x69\x76\x61\x74\x65\0\x72\x65\x71\x75\x65\x73\x74\x5f\x6b\x65\
\x79\x5f\x61\x63\x74\x6f\x72\x5f\x74\0\x6b\x65\x79\x5f\x72\x65\x73\x74\x72\x69\
\x63\x74\x69\x6f\x6e\0\x63\x68\x65\x63\x6b\0\x6b\x65\x79\x74\x79\x70\x65\0\x6b\
\x65\x79\x5f\x72\x65\x73\x74\x72\x69\x63\x74\x5f\x6c\x69\x6e\x6b\x5f\x66\x75\
\x6e\x63\x5f\x74\0\x6b\x65\x72\x6e\x65\x6c\x5f\x70\x6b\x65\x79\x5f\x70\x61\x72\
\x61\x6d\x73\0\x65\x6e\x63\x6f\x64\x69\x6e\x67\0\x68\x61\x73\x68\x5f\x61\x6c\
\x67\x6f\0\x69\x6e\x66\x6f\0\x69\x6e\x5f\x6c\x65\x6e\0\x6f\x75\x74\x5f\x6c\x65\
\x6e\0\x69\x6e\x32\x5f\x6c\x65\x6e\0\x6b\x65\x72\x6e\x65\x6c\x5f\x70\x6b\x65\
\x79\x5f\x6f\x70\x65\x72\x61\x74\x69\x6f\x6e\0\x6b\x65\x72\x6e\x65\x6c\x5f\x70\
\x6b\x65\x79\x5f\x65\x6e\x63\x72\x79\x70\x74\0\x6b\x65\x72\x6e\x65\x6c\x5f\x70\
\x6b\x65\x79\x5f\x64\x65\x63\x72\x79\x70\x74\0\x6b\x65\x72\x6e\x65\x6c\x5f\x70\
\x6b\x65\x79\x5f\x73\x69\x67\x6e\0\x6b\x65\x72\x6e\x65\x6c\x5f\x70\x6b\x65\x79\
\x5f\x76\x65\x72\x69\x66\x79\0\x6b\x65\x72\x6e\x65\x6c\x5f\x70\x6b\x65\x79\x5f\
\x71\x75\x65\x72\x79\0\x73\x75\x70\x70\x6f\x72\x74\x65\x64\x5f\x6f\x70\x73\0\
\x6b\x65\x79\x5f\x73\x69\x7a\x65\0\x6d\x61\x78\x5f\x64\x61\x74\x61\x5f\x73\x69\
\x7a\x65\0\x6d\x61\x78\x5f\x73\x69\x67\x5f\x73\x69\x7a\x65\0\x6d\x61\x78\x5f\
\x65\x6e\x63\x5f\x73\x69\x7a\x65\0\x6d\x61\x78\x5f\x64\x65\x63\x5f\x73\x69\x7a\
\x65\0\x6c\x6f\x63\x6b\x5f\x63\x6c\x61\x73\x73\x5f\x6b\x65\x79\0\x6b\x65\x79\
\x5f\x74\x61\x67\0\x6e\x61\x6d\x65\x5f\x6c\x69\x6e\x6b\0\x6b\x65\x79\x73\0\x61\
\x73\x73\x6f\x63\x5f\x61\x72\x72\x61\x79\0\x72\x6f\x6f\x74\0\x6e\x72\x5f\x6c\
\x65\x61\x76\x65\x73\x5f\x6f\x6e\x5f\x74\x72\x65\x65\0\x61\x73\x73\x6f\x63\x5f\
\x61\x72\x72\x61\x79\x5f\x70\x74\x72\0\x75\x73\x65\x72\x5f\x6e\x61\x6d\x65\x73\
\x70\x61\x63\x65\0\x75\x69\x64\x5f\x6d\x61\x70\0\x67\x69\x64\x5f\x6d\x61\x70\0\
\x70\x72\x6f\x6a\x69\x64\x5f\x6d\x61\x70\0\x67\x72\x6f\x75\x70\0\x70\x61\x72\
\x65\x6e\x74\x5f\x63\x6f\x75\x6c\x64\x5f\x73\x65\x74\x66\x63\x61\x70\0\x6b\x65\
\x79\x72\x69\x6e\x67\x5f\x6e\x61\x6d\x65\x5f\x6c\x69\x73\x74\0\x75\x73\x65\x72\
\x5f\x6b\x65\x79\x72\x69\x6e\x67\x5f\x72\x65\x67\x69\x73\x74\x65\x72\0\x6b\x65\
\x79\x72\x69\x6e\x67\x5f\x73\x65\x6d\0\x73\x65\x74\0\x73\x79\x73\x63\x74\x6c\
\x73\0\x75\x63\x6f\x75\x6e\x74\x5f\x6d\x61\x78\0\x75\x69\x64\x5f\x67\x69\x64\
\x5f\x6d\x61\x70\0\x6e\x72\x5f\x65\x78\x74\x65\x6e\x74\x73\0\x65\x78\x74\x65\
\x6e\x74\0\x75\x69\x64\x5f\x67\x69\x64\x5f\x65\x78\x74\x65\x6e\x74\0\x6c\x6f\
\x77\x65\x72\x5f\x66\x69\x72\x73\x74\0\x66\x6f\x72\x77\x61\x72\x64\0\x72\x65\
\x76\x65\x72\x73\x65\0\x6e\x73\x5f\x63\x6f\x6d\x6d\x6f\x6e\0\x73\x74\x61\x73\
\x68\x65\x64\0\x6f\x70\x73\0\x69\x6e\x75\x6d\0\x63\x74\x6c\x5f\x74\x61\x62\x6c\
\x65\x5f\x73\x65\x74\0\x69\x73\x5f\x73\x65\x65\x6e\0\x64\x69\x72\0\x63\x74\x6c\
\x5f\x64\x69\x72\0\x68\x65\x61\x64\x65\x72\0\x63\x74\x6c\x5f\x74\x61\x62\x6c\
\x65\x5f\x68\x65\x61\x64\x65\x72\0\x75\x6e\x72\x65\x67\x69\x73\x74\x65\x72\x69\
\x6e\x67\0\x63\x74\x6c\x5f\x74\x61\x62\x6c\x65\x5f\x61\x72\x67\0\x63\x74\x6c\
\x5f\x74\x61\x62\x6c\x65\0\x75\x73\x65\x64\0\x6e\x72\x65\x67\0\x63\x6f\x6d\x70\
\x6c\x65\x74\x69\x6f\x6e\0\x64\x6f\x6e\x65\0\x77\x61\x69\x74\0\x73\x77\x61\x69\
\x74\x5f\x71\x75\x65\x75\x65\x5f\x68\x65\x61\x64\0\x74\x61\x73\x6b\x5f\x6c\x69\
\x73\x74\0\x70\x72\x6f\x63\x6e\x61\x6d\x65\0\x6d\x61\x78\x6c\x65\x6e\0\x6d\x6f\
\x64\x65\0\x63\x68\x69\x6c\x64\0\x70\x72\x6f\x63\x5f\x68\x61\x6e\x64\x6c\x65\
\x72\0\x65\x78\x74\x72\x61\x31\0\x65\x78\x74\x72\x61\x32\0\x75\x6d\x6f\x64\x65\
\x5f\x74\0\x75\x63\x6f\x75\x6e\x74\0\x6e\x6f\x6e\x5f\x72\x63\x75\0\x73\x79\x73\
\x76\x5f\x73\x65\x6d\0\x75\x6e\x64\x6f\x5f\x6c\x69\x73\x74\0\x73\x79\x73\x76\
\x5f\x73\x68\x6d\0\x73\x68\x6d\x5f\x63\x6c\x69\x73\x74\0\x73\x69\x67\x73\x65\
\x74\x5f\x74\0\x73\x69\x67\0\x73\x69\x67\x70\x65\x6e\x64\x69\x6e\x67\0\x66\x69\
\x6c\x74\x65\x72\x5f\x63\x6f\x75\x6e\x74\0\x66\x69\x6c\x74\x65\x72\0\x73\x79\
\x73\x63\x61\x6c\x6c\x5f\x75\x73\x65\x72\x5f\x64\x69\x73\x70\x61\x74\x63\x68\0\
\x73\x65\x6c\x65\x63\x74\x6f\x72\0\x6f\x66\x66\x73\x65\x74\0\x6c\x65\x6e\0\x6f\
\x6e\x5f\x64\x69\x73\x70\x61\x74\x63\x68\0\x77\x61\x6b\x65\x5f\x71\x5f\x6e\x6f\
\x64\x65\0\x6b\x65\x72\x6e\x65\x6c\x5f\x73\x69\x67\x69\x6e\x66\x6f\x5f\x74\0\
\x74\x61\x73\x6b\x5f\x69\x6f\x5f\x61\x63\x63\x6f\x75\x6e\x74\x69\x6e\x67\0\x72\
\x63\x68\x61\x72\0\x77\x63\x68\x61\x72\0\x73\x79\x73\x63\x72\0\x73\x79\x73\x63\
\x77\0\x73\x79\x73\x63\x66\x73\0\x72\x65\x61\x64\x5f\x62\x79\x74\x65\x73\0\x77\
\x72\x69\x74\x65\x5f\x62\x79\x74\x65\x73\0\x63\x61\x6e\x63\x65\x6c\x6c\x65\x64\
\x5f\x77\x72\x69\x74\x65\x5f\x62\x79\x74\x65\x73\0\x6e\x6f\x64\x65\x6d\x61\x73\
\x6b\x5f\x74\0\x73\x65\x71\x63\x6f\x75\x6e\x74\x5f\x73\x70\x69\x6e\x6c\x6f\x63\
\x6b\x5f\x74\0\x73\x65\x71\x63\x6f\x75\x6e\x74\x5f\x73\x70\x69\x6e\x6c\x6f\x63\
\x6b\0\x70\x65\x72\x66\x5f\x65\x76\x65\x6e\x74\x5f\x63\x6f\x6e\x74\x65\x78\x74\
\0\x70\x6d\x75\0\x61\x63\x74\x69\x76\x65\x5f\x63\x74\x78\x5f\x6c\x69\x73\x74\0\
\x70\x69\x6e\x6e\x65\x64\x5f\x67\x72\x6f\x75\x70\x73\0\x66\x6c\x65\x78\x69\x62\
\x6c\x65\x5f\x67\x72\x6f\x75\x70\x73\0\x65\x76\x65\x6e\x74\x5f\x6c\x69\x73\x74\
\0\x70\x69\x6e\x6e\x65\x64\x5f\x61\x63\x74\x69\x76\x65\0\x66\x6c\x65\x78\x69\
\x62\x6c\x65\x5f\x61\x63\x74\x69\x76\x65\0\x6e\x72\x5f\x65\x76\x65\x6e\x74\x73\
\0\x6e\x72\x5f\x61\x63\x74\x69\x76\x65\0\x69\x73\x5f\x61\x63\x74\x69\x76\x65\0\
\x6e\x72\x5f\x73\x74\x61\x74\0\x6e\x72\x5f\x66\x72\x65\x71\0\x72\x6f\x74\x61\
\x74\x65\x5f\x64\x69\x73\x61\x62\x6c\x65\0\x72\x6f\x74\x61\x74\x65\x5f\x6e\x65\
\x63\x65\x73\x73\x61\x72\x79\0\x72\x65\x66\x63\x6f\x75\x6e\x74\0\x74\x61\x73\
\x6b\0\x74\x69\x6d\x65\x73\x74\x61\x6d\x70\0\x74\x69\x6d\x65\x6f\x66\x66\x73\
\x65\x74\0\x70\x61\x72\x65\x6e\x74\x5f\x63\x74\x78\0\x70\x61\x72\x65\x6e\x74\
\x5f\x67\x65\x6e\0\x67\x65\x6e\x65\x72\x61\x74\x69\x6f\x6e\0\x70\x69\x6e\x5f\
\x63\x6f\x75\x6e\x74\0\x74\x61\x73\x6b\x5f\x63\x74\x78\x5f\x64\x61\x74\x61\0\
\x6e\x72\x5f\x70\x65\x6e\x64\x69\x6e\x67\0\x70\x65\x72\x66\x5f\x65\x76\x65\x6e\
\x74\x5f\x67\x72\x6f\x75\x70\x73\0\x74\x72\x65\x65\0\x6c\x6f\x63\x61\x6c\x5f\
\x74\0\x61\0\x74\x6c\x62\x66\x6c\x75\x73\x68\x5f\x75\x6e\x6d\x61\x70\x5f\x62\
\x61\x74\x63\x68\0\x61\x72\x63\x68\0\x66\x6c\x75\x73\x68\x5f\x72\x65\x71\x75\
\x69\x72\x65\x64\0\x77\x72\x69\x74\x61\x62\x6c\x65\0\x61\x72\x63\x68\x5f\x74\
\x6c\x62\x66\x6c\x75\x73\x68\x5f\x75\x6e\x6d\x61\x70\x5f\x62\x61\x74\x63\x68\0\
\x72\x63\x75\x5f\x75\x73\x65\x72\x73\0\x70\x61\x67\x65\x5f\x66\x72\x61\x67\0\
\x70\x61\x67\x65\0\x74\x69\x6d\x65\x72\x5f\x6c\x69\x73\x74\0\x6c\x6c\x69\x73\
\x74\x5f\x68\x65\x61\x64\0\x74\x68\x72\x65\x61\x64\x5f\x73\x74\x72\x75\x63\x74\
\0\x74\x6c\x73\x5f\x61\x72\x72\x61\x79\0\x65\x73\0\x64\x73\0\x66\x73\x69\x6e\
\x64\x65\x78\0\x67\x73\x69\x6e\x64\x65\x78\0\x66\x73\x62\x61\x73\x65\0\x67\x73\
\x62\x61\x73\x65\0\x70\x74\x72\x61\x63\x65\x5f\x62\x70\x73\0\x76\x69\x72\x74\
\x75\x61\x6c\x5f\x64\x72\x36\0\x70\x74\x72\x61\x63\x65\x5f\x64\x72\x37\0\x63\
\x72\x32\0\x74\x72\x61\x70\x5f\x6e\x72\0\x65\x72\x72\x6f\x72\x5f\x63\x6f\x64\
\x65\0\x69\x6f\x5f\x62\x69\x74\x6d\x61\x70\0\x69\x6f\x70\x6c\x5f\x65\x6d\x75\
\x6c\0\x69\x6f\x70\x6c\x5f\x77\x61\x72\x6e\0\x73\x69\x67\x5f\x6f\x6e\x5f\x75\
\x61\x63\x63\x65\x73\x73\x5f\x65\x72\x72\0\x70\x6b\x72\x75\0\x66\x70\x75\0\x64\
\x65\x73\x63\x5f\x73\x74\x72\x75\x63\x74\0\x6c\x69\x6d\x69\x74\x30\0\x62\x61\
\x73\x65\x30\0\x62\x61\x73\x65\x31\0\x64\x70\x6c\0\x70\0\x6c\x69\x6d\x69\x74\
\x31\0\x61\x76\x6c\0\x6c\0\x64\0\x67\0\x62\x61\x73\x65\x32\0\x70\x65\x72\x66\
\x5f\x65\x76\x65\x6e\x74\0\x65\x76\x65\x6e\x74\x5f\x65\x6e\x74\x72\x79\0\x73\
\x69\x62\x6c\x69\x6e\x67\x5f\x6c\x69\x73\x74\0\x61\x63\x74\x69\x76\x65\x5f\x6c\
\x69\x73\x74\0\x67\x72\x6f\x75\x70\x5f\x69\x6e\x64\x65\x78\0\x6d\x69\x67\x72\
\x61\x74\x65\x5f\x65\x6e\x74\x72\x79\0\x68\x6c\x69\x73\x74\x5f\x65\x6e\x74\x72\
\x79\0\x61\x63\x74\x69\x76\x65\x5f\x65\x6e\x74\x72\x79\0\x6e\x72\x5f\x73\x69\
\x62\x6c\x69\x6e\x67\x73\0\x65\x76\x65\x6e\x74\x5f\x63\x61\x70\x73\0\x67\x72\
\x6f\x75\x70\x5f\x63\x61\x70\x73\0\x70\x6d\x75\x5f\x70\x72\x69\x76\x61\x74\x65\
\0\x61\x74\x74\x61\x63\x68\x5f\x73\x74\x61\x74\x65\0\x63\x68\x69\x6c\x64\x5f\
\x63\x6f\x75\x6e\x74\0\x74\x6f\x74\x61\x6c\x5f\x74\x69\x6d\x65\x5f\x65\x6e\x61\
\x62\x6c\x65\x64\0\x74\x6f\x74\x61\x6c\x5f\x74\x69\x6d\x65\x5f\x72\x75\x6e\x6e\
\x69\x6e\x67\0\x74\x73\x74\x61\x6d\x70\0\x61\x74\x74\x72\0\x68\x65\x61\x64\x65\
\x72\x5f\x73\x69\x7a\x65\0\x69\x64\x5f\x68\x65\x61\x64\x65\x72\x5f\x73\x69\x7a\
\x65\0\x72\x65\x61\x64\x5f\x73\x69\x7a\x65\0\x68\x77\0\x63\x68\x69\x6c\x64\x5f\
\x74\x6f\x74\x61\x6c\x5f\x74\x69\x6d\x65\x5f\x65\x6e\x61\x62\x6c\x65\x64\0\x63\
\x68\x69\x6c\x64\x5f\x74\x6f\x74\x61\x6c\x5f\x74\x69\x6d\x65\x5f\x72\x75\x6e\
\x6e\x69\x6e\x67\0\x63\x68\x69\x6c\x64\x5f\x6d\x75\x74\x65\x78\0\x63\x68\x69\
\x6c\x64\x5f\x6c\x69\x73\x74\0\x6f\x6e\x63\x70\x75\0\x6f\x77\x6e\x65\x72\x5f\
\x65\x6e\x74\x72\x79\0\x6d\x6d\x61\x70\x5f\x6d\x75\x74\x65\x78\0\x6d\x6d\x61\
\x70\x5f\x63\x6f\x75\x6e\x74\0\x72\x62\x5f\x65\x6e\x74\x72\x79\0\x72\x63\x75\
\x5f\x62\x61\x74\x63\x68\x65\x73\0\x72\x63\x75\x5f\x70\x65\x6e\x64\x69\x6e\x67\
\0\x77\x61\x69\x74\x71\0\x66\x61\x73\x79\x6e\x63\0\x70\x65\x6e\x64\x69\x6e\x67\
\x5f\x77\x61\x6b\x65\x75\x70\0\x70\x65\x6e\x64\x69\x6e\x67\x5f\x6b\x69\x6c\x6c\
\0\x70\x65\x6e\x64\x69\x6e\x67\x5f\x64\x69\x73\x61\x62\x6c\x65\0\x70\x65\x6e\
\x64\x69\x6e\x67\x5f\x73\x69\x67\x74\x72\x61\x70\0\x70\x65\x6e\x64\x69\x6e\x67\
\x5f\x61\x64\x64\x72\0\x70\x65\x6e\x64\x69\x6e\x67\x5f\x69\x72\x71\0\x70\x65\
\x6e\x64\x69\x6e\x67\x5f\x74\x61\x73\x6b\0\x70\x65\x6e\x64\x69\x6e\x67\x5f\x77\
\x6f\x72\x6b\0\x65\x76\x65\x6e\x74\x5f\x6c\x69\x6d\x69\x74\0\x61\x64\x64\x72\
\x5f\x66\x69\x6c\x74\x65\x72\x73\0\x61\x64\x64\x72\x5f\x66\x69\x6c\x74\x65\x72\
\x5f\x72\x61\x6e\x67\x65\x73\0\x61\x64\x64\x72\x5f\x66\x69\x6c\x74\x65\x72\x73\
\x5f\x67\x65\x6e\0\x61\x75\x78\x5f\x65\x76\x65\x6e\x74\0\x63\x6c\x6f\x63\x6b\0\
\x6f\x76\x65\x72\x66\x6c\x6f\x77\x5f\x68\x61\x6e\x64\x6c\x65\x72\0\x6f\x76\x65\
\x72\x66\x6c\x6f\x77\x5f\x68\x61\x6e\x64\x6c\x65\x72\x5f\x63\x6f\x6e\x74\x65\
\x78\x74\0\x6f\x72\x69\x67\x5f\x6f\x76\x65\x72\x66\x6c\x6f\x77\x5f\x68\x61\x6e\
\x64\x6c\x65\x72\0\x70\x72\x6f\x67\0\x62\x70\x66\x5f\x63\x6f\x6f\x6b\x69\x65\0\
\x74\x70\x5f\x65\x76\x65\x6e\x74\0\x66\x74\x72\x61\x63\x65\x5f\x6f\x70\x73\0\
\x73\x62\x5f\x6c\x69\x73\x74\0\x6d\x6f\x64\x75\x6c\x65\0\x64\x65\x76\0\x61\x74\
\x74\x72\x5f\x67\x72\x6f\x75\x70\x73\0\x61\x74\x74\x72\x5f\x75\x70\x64\x61\x74\
\x65\0\x63\x61\x70\x61\x62\x69\x6c\x69\x74\x69\x65\x73\0\x70\x6d\x75\x5f\x64\
\x69\x73\x61\x62\x6c\x65\x5f\x63\x6f\x75\x6e\x74\0\x70\x6d\x75\x5f\x63\x70\x75\
\x5f\x63\x6f\x6e\x74\x65\x78\x74\0\x65\x78\x63\x6c\x75\x73\x69\x76\x65\x5f\x63\
\x6e\x74\0\x74\x61\x73\x6b\x5f\x63\x74\x78\x5f\x6e\x72\0\x68\x72\x74\x69\x6d\
\x65\x72\x5f\x69\x6e\x74\x65\x72\x76\x61\x6c\x5f\x6d\x73\0\x6e\x72\x5f\x61\x64\
\x64\x72\x5f\x66\x69\x6c\x74\x65\x72\x73\0\x70\x6d\x75\x5f\x65\x6e\x61\x62\x6c\
\x65\0\x70\x6d\x75\x5f\x64\x69\x73\x61\x62\x6c\x65\0\x65\x76\x65\x6e\x74\x5f\
\x69\x6e\x69\x74\0\x65\x76\x65\x6e\x74\x5f\x6d\x61\x70\x70\x65\x64\0\x65\x76\
\x65\x6e\x74\x5f\x75\x6e\x6d\x61\x70\x70\x65\x64\0\x61\x64\x64\0\x64\x65\x6c\0\
\x73\x74\x6f\x70\0\x73\x74\x61\x72\x74\x5f\x74\x78\x6e\0\x63\x6f\x6d\x6d\x69\
\x74\x5f\x74\x78\x6e\0\x63\x61\x6e\x63\x65\x6c\x5f\x74\x78\x6e\0\x65\x76\x65\
\x6e\x74\x5f\x69\x64\x78\0\x73\x63\x68\x65\x64\x5f\x74\x61\x73\x6b\0\x74\x61\
\x73\x6b\x5f\x63\x74\x78\x5f\x63\x61\x63\x68\x65\0\x73\x77\x61\x70\x5f\x74\x61\
\x73\x6b\x5f\x63\x74\x78\0\x73\x65\x74\x75\x70\x5f\x61\x75\x78\0\x66\x72\x65\
\x65\x5f\x61\x75\x78\0\x73\x6e\x61\x70\x73\x68\x6f\x74\x5f\x61\x75\x78\0\x61\
\x64\x64\x72\x5f\x66\x69\x6c\x74\x65\x72\x73\x5f\x76\x61\x6c\x69\x64\x61\x74\
\x65\0\x61\x64\x64\x72\x5f\x66\x69\x6c\x74\x65\x72\x73\x5f\x73\x79\x6e\x63\0\
\x61\x75\x78\x5f\x6f\x75\x74\x70\x75\x74\x5f\x6d\x61\x74\x63\x68\0\x66\x69\x6c\
\x74\x65\x72\x5f\x6d\x61\x74\x63\x68\0\x63\x68\x65\x63\x6b\x5f\x70\x65\x72\x69\
\x6f\x64\0\x61\x74\x74\x72\x69\x62\x75\x74\x65\x5f\x67\x72\x6f\x75\x70\0\x69\
\x73\x5f\x76\x69\x73\x69\x62\x6c\x65\0\x69\x73\x5f\x62\x69\x6e\x5f\x76\x69\x73\
\x69\x62\x6c\x65\0\x61\x74\x74\x72\x73\0\x62\x69\x6e\x5f\x61\x74\x74\x72\x73\0\
\x6b\x6f\x62\x6a\x65\x63\x74\0\x6b\x73\x65\x74\0\x6b\x74\x79\x70\x65\0\x73\x64\
\0\x6b\x72\x65\x66\0\x73\x74\x61\x74\x65\x5f\x69\x6e\x69\x74\x69\x61\x6c\x69\
\x7a\x65\x64\0\x73\x74\x61\x74\x65\x5f\x69\x6e\x5f\x73\x79\x73\x66\x73\0\x73\
\x74\x61\x74\x65\x5f\x61\x64\x64\x5f\x75\x65\x76\x65\x6e\x74\x5f\x73\x65\x6e\
\x74\0\x73\x74\x61\x74\x65\x5f\x72\x65\x6d\x6f\x76\x65\x5f\x75\x65\x76\x65\x6e\
\x74\x5f\x73\x65\x6e\x74\0\x75\x65\x76\x65\x6e\x74\x5f\x73\x75\x70\x70\x72\x65\
\x73\x73\0\x61\x74\x74\x72\x69\x62\x75\x74\x65\0\x62\x69\x6e\x5f\x61\x74\x74\
\x72\x69\x62\x75\x74\x65\0\x77\x72\x69\x74\x65\0\x61\x64\x64\x72\x65\x73\x73\
\x5f\x73\x70\x61\x63\x65\0\x68\x6f\x73\x74\0\x69\x5f\x70\x61\x67\x65\x73\0\x69\
\x6e\x76\x61\x6c\x69\x64\x61\x74\x65\x5f\x6c\x6f\x63\x6b\0\x67\x66\x70\x5f\x6d\
\x61\x73\x6b\0\x69\x5f\x6d\x6d\x61\x70\x5f\x77\x72\x69\x74\x61\x62\x6c\x65\0\
\x69\x5f\x6d\x6d\x61\x70\0\x69\x5f\x6d\x6d\x61\x70\x5f\x72\x77\x73\x65\x6d\0\
\x6e\x72\x70\x61\x67\x65\x73\0\x77\x72\x69\x74\x65\x62\x61\x63\x6b\x5f\x69\x6e\
\x64\x65\x78\0\x61\x5f\x6f\x70\x73\0\x77\x62\x5f\x65\x72\x72\0\x70\x72\x69\x76\
\x61\x74\x65\x5f\x6c\x6f\x63\x6b\0\x70\x72\x69\x76\x61\x74\x65\x5f\x6c\x69\x73\
\x74\0\x69\x6e\x6f\x64\x65\0\x69\x5f\x6d\x6f\x64\x65\0\x69\x5f\x6f\x70\x66\x6c\
\x61\x67\x73\0\x69\x5f\x75\x69\x64\0\x69\x5f\x67\x69\x64\0\x69\x5f\x66\x6c\x61\
\x67\x73\0\x69\x5f\x61\x63\x6c\0\x69\x5f\x64\x65\x66\x61\x75\x6c\x74\x5f\x61\
\x63\x6c\0\x69\x5f\x6f\x70\0\x69\x5f\x73\x62\0\x69\x5f\x6d\x61\x70\x70\x69\x6e\
\x67\0\x69\x5f\x73\x65\x63\x75\x72\x69\x74\x79\0\x69\x5f\x69\x6e\x6f\0\x69\x5f\
\x72\x64\x65\x76\0\x69\x5f\x73\x69\x7a\x65\0\x69\x5f\x61\x74\x69\x6d\x65\0\x69\
\x5f\x6d\x74\x69\x6d\x65\0\x69\x5f\x63\x74\x69\x6d\x65\0\x69\x5f\x6c\x6f\x63\
\x6b\0\x69\x5f\x62\x79\x74\x65\x73\0\x69\x5f\x62\x6c\x6b\x62\x69\x74\x73\0\x69\
\x5f\x77\x72\x69\x74\x65\x5f\x68\x69\x6e\x74\0\x69\x5f\x62\x6c\x6f\x63\x6b\x73\
\0\x69\x5f\x73\x74\x61\x74\x65\0\x69\x5f\x72\x77\x73\x65\x6d\0\x64\x69\x72\x74\
\x69\x65\x64\x5f\x77\x68\x65\x6e\0\x64\x69\x72\x74\x69\x65\x64\x5f\x74\x69\x6d\
\x65\x5f\x77\x68\x65\x6e\0\x69\x5f\x68\x61\x73\x68\0\x69\x5f\x69\x6f\x5f\x6c\
\x69\x73\x74\0\x69\x5f\x6c\x72\x75\0\x69\x5f\x73\x62\x5f\x6c\x69\x73\x74\0\x69\
\x5f\x77\x62\x5f\x6c\x69\x73\x74\0\x69\x5f\x76\x65\x72\x73\x69\x6f\x6e\0\x69\
\x5f\x73\x65\x71\x75\x65\x6e\x63\x65\0\x69\x5f\x63\x6f\x75\x6e\x74\0\x69\x5f\
\x64\x69\x6f\x5f\x63\x6f\x75\x6e\x74\0\x69\x5f\x77\x72\x69\x74\x65\x63\x6f\x75\
\x6e\x74\0\x69\x5f\x72\x65\x61\x64\x63\x6f\x75\x6e\x74\0\x69\x5f\x66\x6c\x63\
\x74\x78\0\x69\x5f\x64\x61\x74\x61\0\x69\x5f\x64\x65\x76\x69\x63\x65\x73\0\x69\
\x5f\x67\x65\x6e\x65\x72\x61\x74\x69\x6f\x6e\0\x69\x5f\x66\x73\x6e\x6f\x74\x69\
\x66\x79\x5f\x6d\x61\x73\x6b\0\x69\x5f\x66\x73\x6e\x6f\x74\x69\x66\x79\x5f\x6d\
\x61\x72\x6b\x73\0\x69\x5f\x63\x72\x79\x70\x74\x5f\x69\x6e\x66\x6f\0\x69\x5f\
\x76\x65\x72\x69\x74\x79\x5f\x69\x6e\x66\x6f\0\x69\x5f\x70\x72\x69\x76\x61\x74\
\x65\0\x70\x6f\x73\x69\x78\x5f\x61\x63\x6c\0\x61\x5f\x72\x65\x66\x63\x6f\x75\
\x6e\x74\0\x61\x5f\x72\x63\x75\0\x61\x5f\x63\x6f\x75\x6e\x74\0\x61\x5f\x65\x6e\
\x74\x72\x69\x65\x73\0\x70\x6f\x73\x69\x78\x5f\x61\x63\x6c\x5f\x65\x6e\x74\x72\
\x79\0\x65\x5f\x74\x61\x67\0\x65\x5f\x70\x65\x72\x6d\0\x65\x5f\x75\x69\x64\0\
\x65\x5f\x67\x69\x64\0\x69\x5f\x6e\x6c\x69\x6e\x6b\0\x5f\x5f\x69\x5f\x6e\x6c\
\x69\x6e\x6b\0\x64\x65\x76\x5f\x74\0\x5f\x5f\x6b\x65\x72\x6e\x65\x6c\x5f\x64\
\x65\x76\x5f\x74\0\x74\x69\x6d\x65\x73\x70\x65\x63\x36\x34\0\x62\x6c\x6b\x63\
\x6e\x74\x5f\x74\0\x69\x5f\x64\x65\x6e\x74\x72\x79\0\x69\x5f\x72\x63\x75\0\x69\
\x5f\x66\x6f\x70\0\x66\x72\x65\x65\x5f\x69\x6e\x6f\x64\x65\0\x66\x69\x6c\x65\
\x5f\x6f\x70\x65\x72\x61\x74\x69\x6f\x6e\x73\0\x6c\x6c\x73\x65\x65\x6b\0\x72\
\x65\x61\x64\x5f\x69\x74\x65\x72\0\x77\x72\x69\x74\x65\x5f\x69\x74\x65\x72\0\
\x69\x6f\x70\x6f\x6c\x6c\0\x69\x74\x65\x72\x61\x74\x65\0\x69\x74\x65\x72\x61\
\x74\x65\x5f\x73\x68\x61\x72\x65\x64\0\x75\x6e\x6c\x6f\x63\x6b\x65\x64\x5f\x69\
\x6f\x63\x74\x6c\0\x63\x6f\x6d\x70\x61\x74\x5f\x69\x6f\x63\x74\x6c\0\x6d\x6d\
\x61\x70\x5f\x73\x75\x70\x70\x6f\x72\x74\x65\x64\x5f\x66\x6c\x61\x67\x73\0\x6f\
\x70\x65\x6e\0\x66\x6c\x75\x73\x68\0\x72\x65\x6c\x65\x61\x73\x65\0\x66\x73\x79\
\x6e\x63\0\x73\x65\x6e\x64\x70\x61\x67\x65\0\x63\x68\x65\x63\x6b\x5f\x66\x6c\
\x61\x67\x73\0\x66\x6c\x6f\x63\x6b\0\x73\x70\x6c\x69\x63\x65\x5f\x77\x72\x69\
\x74\x65\0\x73\x70\x6c\x69\x63\x65\x5f\x72\x65\x61\x64\0\x73\x65\x74\x6c\x65\
\x61\x73\x65\0\x66\x61\x6c\x6c\x6f\x63\x61\x74\x65\0\x73\x68\x6f\x77\x5f\x66\
\x64\x69\x6e\x66\x6f\0\x63\x6f\x70\x79\x5f\x66\x69\x6c\x65\x5f\x72\x61\x6e\x67\
\x65\0\x72\x65\x6d\x61\x70\x5f\x66\x69\x6c\x65\x5f\x72\x61\x6e\x67\x65\0\x66\
\x61\x64\x76\x69\x73\x65\0\x62\x75\x69\x6c\x64\x5f\x69\x64\0\x6d\x6b\x6f\x62\
\x6a\0\x6d\x6f\x64\x69\x6e\x66\x6f\x5f\x61\x74\x74\x72\x73\0\x76\x65\x72\x73\
\x69\x6f\x6e\0\x73\x72\x63\x76\x65\x72\x73\x69\x6f\x6e\0\x68\x6f\x6c\x64\x65\
\x72\x73\x5f\x64\x69\x72\0\x73\x79\x6d\x73\0\x63\x72\x63\x73\0\x6e\x75\x6d\x5f\
\x73\x79\x6d\x73\0\x70\x61\x72\x61\x6d\x5f\x6c\x6f\x63\x6b\0\x6b\x70\0\x6e\x75\
\x6d\x5f\x6b\x70\0\x6e\x75\x6d\x5f\x67\x70\x6c\x5f\x73\x79\x6d\x73\0\x67\x70\
\x6c\x5f\x73\x79\x6d\x73\0\x67\x70\x6c\x5f\x63\x72\x63\x73\0\x75\x73\x69\x6e\
\x67\x5f\x67\x70\x6c\x6f\x6e\x6c\x79\x5f\x73\x79\x6d\x62\x6f\x6c\x73\0\x61\x73\
\x79\x6e\x63\x5f\x70\x72\x6f\x62\x65\x5f\x72\x65\x71\x75\x65\x73\x74\x65\x64\0\
\x6e\x75\x6d\x5f\x65\x78\x65\x6e\x74\x72\x69\x65\x73\0\x65\x78\x74\x61\x62\x6c\
\x65\0\x69\x6e\x69\x74\0\x63\x6f\x72\x65\x5f\x6c\x61\x79\x6f\x75\x74\0\x69\x6e\
\x69\x74\x5f\x6c\x61\x79\x6f\x75\x74\0\x74\x61\x69\x6e\x74\x73\0\x6e\x75\x6d\
\x5f\x62\x75\x67\x73\0\x62\x75\x67\x5f\x6c\x69\x73\x74\0\x62\x75\x67\x5f\x74\
\x61\x62\x6c\x65\0\x6b\x61\x6c\x6c\x73\x79\x6d\x73\0\x63\x6f\x72\x65\x5f\x6b\
\x61\x6c\x6c\x73\x79\x6d\x73\0\x73\x65\x63\x74\x5f\x61\x74\x74\x72\x73\0\x6e\
\x6f\x74\x65\x73\x5f\x61\x74\x74\x72\x73\0\x61\x72\x67\x73\0\x70\x65\x72\x63\
\x70\x75\0\x70\x65\x72\x63\x70\x75\x5f\x73\x69\x7a\x65\0\x6e\x6f\x69\x6e\x73\
\x74\x72\x5f\x74\x65\x78\x74\x5f\x73\x74\x61\x72\x74\0\x6e\x6f\x69\x6e\x73\x74\
\x72\x5f\x74\x65\x78\x74\x5f\x73\x69\x7a\x65\0\x6e\x75\x6d\x5f\x74\x72\x61\x63\
\x65\x70\x6f\x69\x6e\x74\x73\0\x74\x72\x61\x63\x65\x70\x6f\x69\x6e\x74\x73\x5f\
\x70\x74\x72\x73\0\x6e\x75\x6d\x5f\x73\x72\x63\x75\x5f\x73\x74\x72\x75\x63\x74\
\x73\0\x73\x72\x63\x75\x5f\x73\x74\x72\x75\x63\x74\x5f\x70\x74\x72\x73\0\x6e\
\x75\x6d\x5f\x62\x70\x66\x5f\x72\x61\x77\x5f\x65\x76\x65\x6e\x74\x73\0\x62\x70\
\x66\x5f\x72\x61\x77\x5f\x65\x76\x65\x6e\x74\x73\0\x6a\x75\x6d\x70\x5f\x65\x6e\
\x74\x72\x69\x65\x73\0\x6e\x75\x6d\x5f\x6a\x75\x6d\x70\x5f\x65\x6e\x74\x72\x69\
\x65\x73\0\x6e\x75\x6d\x5f\x74\x72\x61\x63\x65\x5f\x62\x70\x72\x69\x6e\x74\x6b\
\x5f\x66\x6d\x74\0\x74\x72\x61\x63\x65\x5f\x62\x70\x72\x69\x6e\x74\x6b\x5f\x66\
\x6d\x74\x5f\x73\x74\x61\x72\x74\0\x74\x72\x61\x63\x65\x5f\x65\x76\x65\x6e\x74\
\x73\0\x6e\x75\x6d\x5f\x74\x72\x61\x63\x65\x5f\x65\x76\x65\x6e\x74\x73\0\x74\
\x72\x61\x63\x65\x5f\x65\x76\x61\x6c\x73\0\x6e\x75\x6d\x5f\x74\x72\x61\x63\x65\
\x5f\x65\x76\x61\x6c\x73\0\x6e\x75\x6d\x5f\x66\x74\x72\x61\x63\x65\x5f\x63\x61\
\x6c\x6c\x73\x69\x74\x65\x73\0\x66\x74\x72\x61\x63\x65\x5f\x63\x61\x6c\x6c\x73\
\x69\x74\x65\x73\0\x6b\x70\x72\x6f\x62\x65\x73\x5f\x74\x65\x78\x74\x5f\x73\x74\
\x61\x72\x74\0\x6b\x70\x72\x6f\x62\x65\x73\x5f\x74\x65\x78\x74\x5f\x73\x69\x7a\
\x65\0\x6b\x70\x72\x6f\x62\x65\x5f\x62\x6c\x61\x63\x6b\x6c\x69\x73\x74\0\x6e\
\x75\x6d\x5f\x6b\x70\x72\x6f\x62\x65\x5f\x62\x6c\x61\x63\x6b\x6c\x69\x73\x74\0\
\x6e\x75\x6d\x5f\x73\x74\x61\x74\x69\x63\x5f\x63\x61\x6c\x6c\x5f\x73\x69\x74\
\x65\x73\0\x73\x74\x61\x74\x69\x63\x5f\x63\x61\x6c\x6c\x5f\x73\x69\x74\x65\x73\
\0\x73\x6f\x75\x72\x63\x65\x5f\x6c\x69\x73\x74\0\x74\x61\x72\x67\x65\x74\x5f\
\x6c\x69\x73\x74\0\x65\x78\x69\x74\0\x6d\x6f\x64\x75\x6c\x65\x5f\x73\x74\x61\
\x74\x65\0\x4d\x4f\x44\x55\x4c\x45\x5f\x53\x54\x41\x54\x45\x5f\x4c\x49\x56\x45\
\0\x4d\x4f\x44\x55\x4c\x45\x5f\x53\x54\x41\x54\x45\x5f\x43\x4f\x4d\x49\x4e\x47\
\0\x4d\x4f\x44\x55\x4c\x45\x5f\x53\x54\x41\x54\x45\x5f\x47\x4f\x49\x4e\x47\0\
\x4d\x4f\x44\x55\x4c\x45\x5f\x53\x54\x41\x54\x45\x5f\x55\x4e\x46\x4f\x52\x4d\
\x45\x44\0\x6d\x6f\x64\x75\x6c\x65\x5f\x6b\x6f\x62\x6a\x65\x63\x74\0\x6b\x6f\
\x62\x6a\0\x6d\x6f\x64\0\x64\x72\x69\x76\x65\x72\x73\x5f\x64\x69\x72\0\x6d\x70\
\0\x6b\x6f\x62\x6a\x5f\x63\x6f\x6d\x70\x6c\x65\x74\x69\x6f\x6e\0\x6b\x65\x72\
\x6e\x65\x6c\x5f\x73\x79\x6d\x62\x6f\x6c\0\x76\x61\x6c\x75\x65\x5f\x6f\x66\x66\
\x73\x65\x74\0\x6e\x61\x6d\x65\x5f\x6f\x66\x66\x73\x65\x74\0\x6e\x61\x6d\x65\
\x73\x70\x61\x63\x65\x5f\x6f\x66\x66\x73\x65\x74\0\x6d\x6f\x64\x75\x6c\x65\x5f\
\x6c\x61\x79\x6f\x75\x74\0\x74\x65\x78\x74\x5f\x73\x69\x7a\x65\0\x72\x6f\x5f\
\x73\x69\x7a\x65\0\x72\x6f\x5f\x61\x66\x74\x65\x72\x5f\x69\x6e\x69\x74\x5f\x73\
\x69\x7a\x65\0\x6d\x74\x6e\0\x6d\x6f\x64\x5f\x74\x72\x65\x65\x5f\x6e\x6f\x64\
\x65\0\x6c\x61\x74\x63\x68\x5f\x74\x72\x65\x65\x5f\x6e\x6f\x64\x65\0\x6d\x6f\
\x64\x5f\x61\x72\x63\x68\x5f\x73\x70\x65\x63\x69\x66\x69\x63\0\x6e\x75\x6d\x5f\
\x6f\x72\x63\x73\0\x6f\x72\x63\x5f\x75\x6e\x77\x69\x6e\x64\x5f\x69\x70\0\x6f\
\x72\x63\x5f\x75\x6e\x77\x69\x6e\x64\0\x6d\x6f\x64\x5f\x6b\x61\x6c\x6c\x73\x79\
\x6d\x73\0\x73\x79\x6d\x74\x61\x62\0\x6e\x75\x6d\x5f\x73\x79\x6d\x74\x61\x62\0\
\x73\x74\x72\x74\x61\x62\0\x74\x79\x70\x65\x74\x61\x62\0\x45\x6c\x66\x36\x34\
\x5f\x53\x79\x6d\0\x74\x72\x61\x63\x65\x70\x6f\x69\x6e\x74\x5f\x70\x74\x72\x5f\
\x74\0\x73\x73\x69\x7a\x65\x5f\x74\0\x5f\x5f\x6b\x65\x72\x6e\x65\x6c\x5f\x73\
\x73\x69\x7a\x65\x5f\x74\0\x5f\x5f\x6b\x65\x72\x6e\x65\x6c\x5f\x6c\x6f\x6e\x67\
\x5f\x74\0\x6b\x69\x6f\x63\x62\0\x6b\x69\x5f\x66\x69\x6c\x70\0\x6b\x69\x5f\x70\
\x6f\x73\0\x6b\x69\x5f\x63\x6f\x6d\x70\x6c\x65\x74\x65\0\x6b\x69\x5f\x66\x6c\
\x61\x67\x73\0\x6b\x69\x5f\x68\x69\x6e\x74\0\x6b\x69\x5f\x69\x6f\x70\x72\x69\
\x6f\0\x6b\x69\x5f\x63\x6f\x6f\x6b\x69\x65\0\x6b\x69\x5f\x77\x61\x69\x74\x71\0\
\x69\x6f\x76\x5f\x69\x74\x65\x72\0\x69\x74\x65\x72\x5f\x74\x79\x70\x65\0\x6e\
\x6f\x66\x61\x75\x6c\x74\0\x64\x61\x74\x61\x5f\x73\x6f\x75\x72\x63\x65\0\x69\
\x6f\x76\x5f\x6f\x66\x66\x73\x65\x74\0\x69\x6f\x76\0\x6b\x76\x65\x63\0\x62\x76\
\x65\x63\0\x78\x61\x72\x72\x61\x79\0\x70\x69\x70\x65\0\x70\x69\x70\x65\x5f\x69\
\x6e\x6f\x64\x65\x5f\x69\x6e\x66\x6f\0\x72\x64\x5f\x77\x61\x69\x74\0\x77\x72\
\x5f\x77\x61\x69\x74\0\x6d\x61\x78\x5f\x75\x73\x61\x67\x65\0\x72\x69\x6e\x67\
\x5f\x73\x69\x7a\x65\0\x6e\x72\x5f\x61\x63\x63\x6f\x75\x6e\x74\x65\x64\0\x72\
\x65\x61\x64\x65\x72\x73\0\x77\x72\x69\x74\x65\x72\x73\0\x72\x5f\x63\x6f\x75\
\x6e\x74\x65\x72\0\x77\x5f\x63\x6f\x75\x6e\x74\x65\x72\0\x70\x6f\x6c\x6c\x5f\
\x75\x73\x61\x67\x65\0\x74\x6d\x70\x5f\x70\x61\x67\x65\0\x66\x61\x73\x79\x6e\
\x63\x5f\x72\x65\x61\x64\x65\x72\x73\0\x66\x61\x73\x79\x6e\x63\x5f\x77\x72\x69\
\x74\x65\x72\x73\0\x62\x75\x66\x73\0\x5f\x72\x65\x66\x63\x6f\x75\x6e\x74\0\x6c\
\x72\x75\0\x6d\x61\x70\x70\x69\x6e\x67\0\x70\x70\x5f\x6d\x61\x67\x69\x63\0\x70\
\x70\0\x5f\x70\x70\x5f\x6d\x61\x70\x70\x69\x6e\x67\x5f\x70\x61\x64\0\x64\x6d\
\x61\x5f\x61\x64\x64\x72\0\x64\x6d\x61\x5f\x61\x64\x64\x72\x5f\x75\x70\x70\x65\
\x72\0\x70\x70\x5f\x66\x72\x61\x67\x5f\x63\x6f\x75\x6e\x74\0\x73\x6c\x61\x62\
\x5f\x63\x61\x63\x68\x65\0\x66\x72\x65\x65\x6c\x69\x73\x74\0\x73\x6c\x61\x62\
\x5f\x6c\x69\x73\x74\0\x70\x61\x67\x65\x73\0\x70\x6f\x62\x6a\x65\x63\x74\x73\0\
\x73\x5f\x6d\x65\x6d\0\x63\x6f\x75\x6e\x74\x65\x72\x73\0\x69\x6e\x75\x73\x65\0\
\x6f\x62\x6a\x65\x63\x74\x73\0\x63\x6f\x6d\x70\x6f\x75\x6e\x64\x5f\x68\x65\x61\
\x64\0\x63\x6f\x6d\x70\x6f\x75\x6e\x64\x5f\x64\x74\x6f\x72\0\x63\x6f\x6d\x70\
\x6f\x75\x6e\x64\x5f\x6f\x72\x64\x65\x72\0\x63\x6f\x6d\x70\x6f\x75\x6e\x64\x5f\
\x6d\x61\x70\x63\x6f\x75\x6e\x74\0\x63\x6f\x6d\x70\x6f\x75\x6e\x64\x5f\x6e\x72\
\0\x5f\x63\x6f\x6d\x70\x6f\x75\x6e\x64\x5f\x70\x61\x64\x5f\x31\0\x68\x70\x61\
\x67\x65\x5f\x70\x69\x6e\x6e\x65\x64\x5f\x72\x65\x66\x63\x6f\x75\x6e\x74\0\x64\
\x65\x66\x65\x72\x72\x65\x64\x5f\x6c\x69\x73\x74\0\x5f\x70\x74\x5f\x70\x61\x64\
\x5f\x31\0\x70\x6d\x64\x5f\x68\x75\x67\x65\x5f\x70\x74\x65\0\x5f\x70\x74\x5f\
\x70\x61\x64\x5f\x32\0\x70\x74\x6c\0\x70\x67\x74\x61\x62\x6c\x65\x5f\x74\0\x70\
\x74\x5f\x6d\x6d\0\x70\x74\x5f\x66\x72\x61\x67\x5f\x72\x65\x66\x63\x6f\x75\x6e\
\x74\0\x70\x67\x6d\x61\x70\0\x7a\x6f\x6e\x65\x5f\x64\x65\x76\x69\x63\x65\x5f\
\x64\x61\x74\x61\0\x5f\x6d\x61\x70\x63\x6f\x75\x6e\x74\0\x70\x61\x67\x65\x5f\
\x74\x79\x70\x65\0\x61\x63\x74\x69\x76\x65\0\x75\x6e\x69\x74\x73\0\x66\x61\x73\
\x79\x6e\x63\x5f\x73\x74\x72\x75\x63\x74\0\x66\x61\x5f\x6c\x6f\x63\x6b\0\x66\
\x61\x5f\x66\x64\0\x66\x61\x5f\x6e\x65\x78\x74\0\x66\x61\x5f\x66\x69\x6c\x65\0\
\x66\x61\x5f\x72\x63\x75\0\x75\x73\x65\x72\x5f\x73\x74\x72\x75\x63\x74\0\x5f\
\x5f\x63\x6f\x75\x6e\x74\0\x65\x70\x6f\x6c\x6c\x5f\x77\x61\x74\x63\x68\x65\x73\
\0\x75\x6e\x69\x78\x5f\x69\x6e\x66\x6c\x69\x67\x68\x74\0\x70\x69\x70\x65\x5f\
\x62\x75\x66\x73\0\x75\x69\x64\x68\x61\x73\x68\x5f\x6e\x6f\x64\x65\0\x72\x61\
\x74\x65\x6c\x69\x6d\x69\x74\0\x70\x65\x72\x63\x70\x75\x5f\x63\x6f\x75\x6e\x74\
\x65\x72\0\x72\x61\x74\x65\x6c\x69\x6d\x69\x74\x5f\x73\x74\x61\x74\x65\0\x69\
\x6e\x74\x65\x72\x76\x61\x6c\0\x70\x72\x69\x6e\x74\x65\x64\0\x6d\x69\x73\x73\
\x65\x64\0\x62\x65\x67\x69\x6e\0\x6e\x72\x5f\x73\x65\x67\x73\0\x78\x61\x72\x72\
\x61\x79\x5f\x73\x74\x61\x72\x74\0\x73\x74\x61\x72\x74\x5f\x68\x65\x61\x64\0\
\x64\x69\x72\x5f\x63\x6f\x6e\x74\x65\x78\x74\0\x61\x63\x74\x6f\x72\0\x70\x6f\
\x73\0\x66\x69\x6c\x6c\x64\x69\x72\x5f\x74\0\x5f\x5f\x70\x6f\x6c\x6c\x5f\x74\0\
\x70\x6f\x6c\x6c\x5f\x74\x61\x62\x6c\x65\x5f\x73\x74\x72\x75\x63\x74\0\x5f\x71\
\x70\x72\x6f\x63\0\x5f\x6b\x65\x79\0\x70\x6f\x6c\x6c\x5f\x71\x75\x65\x75\x65\
\x5f\x70\x72\x6f\x63\0\x66\x6c\x5f\x6f\x77\x6e\x65\x72\x5f\x74\0\x66\x69\x6c\
\x65\x5f\x6c\x6f\x63\x6b\0\x66\x6c\x5f\x62\x6c\x6f\x63\x6b\x65\x72\0\x66\x6c\
\x5f\x6c\x69\x73\x74\0\x66\x6c\x5f\x6c\x69\x6e\x6b\0\x66\x6c\x5f\x62\x6c\x6f\
\x63\x6b\x65\x64\x5f\x72\x65\x71\x75\x65\x73\x74\x73\0\x66\x6c\x5f\x62\x6c\x6f\
\x63\x6b\x65\x64\x5f\x6d\x65\x6d\x62\x65\x72\0\x66\x6c\x5f\x6f\x77\x6e\x65\x72\
\0\x66\x6c\x5f\x66\x6c\x61\x67\x73\0\x66\x6c\x5f\x74\x79\x70\x65\0\x66\x6c\x5f\
\x70\x69\x64\0\x66\x6c\x5f\x6c\x69\x6e\x6b\x5f\x63\x70\x75\0\x66\x6c\x5f\x77\
\x61\x69\x74\0\x66\x6c\x5f\x66\x69\x6c\x65\0\x66\x6c\x5f\x73\x74\x61\x72\x74\0\
\x66\x6c\x5f\x65\x6e\x64\0\x66\x6c\x5f\x66\x61\x73\x79\x6e\x63\0\x66\x6c\x5f\
\x62\x72\x65\x61\x6b\x5f\x74\x69\x6d\x65\0\x66\x6c\x5f\x64\x6f\x77\x6e\x67\x72\
\x61\x64\x65\x5f\x74\x69\x6d\x65\0\x66\x6c\x5f\x6f\x70\x73\0\x66\x6c\x5f\x6c\
\x6d\x6f\x70\x73\0\x66\x6c\x5f\x75\0\x6e\x66\x73\x5f\x66\x6c\0\x6e\x66\x73\x34\
\x5f\x66\x6c\0\x61\x66\x73\0\x6e\x66\x73\x5f\x6c\x6f\x63\x6b\x5f\x69\x6e\x66\
\x6f\0\x6e\x6c\x6d\x5f\x6c\x6f\x63\x6b\x6f\x77\x6e\x65\x72\0\x6e\x66\x73\x34\
\x5f\x6c\x6f\x63\x6b\x5f\x69\x6e\x66\x6f\0\x6e\x66\x73\x34\x5f\x6c\x6f\x63\x6b\
\x5f\x73\x74\x61\x74\x65\0\x64\x65\x62\x75\x67\x5f\x69\x64\0\x69\x5f\x70\x69\
\x70\x65\0\x69\x5f\x63\x64\x65\x76\0\x69\x5f\x6c\x69\x6e\x6b\0\x69\x5f\x64\x69\
\x72\x5f\x73\x65\x71\0\x78\x61\x5f\x6c\x6f\x63\x6b\0\x78\x61\x5f\x66\x6c\x61\
\x67\x73\0\x78\x61\x5f\x68\x65\x61\x64\0\x67\x66\x70\x5f\x74\0\x6b\x6d\x65\x6d\
\x5f\x63\x61\x63\x68\x65\0\x63\x70\x75\x5f\x73\x6c\x61\x62\0\x6d\x69\x6e\x5f\
\x70\x61\x72\x74\x69\x61\x6c\0\x6f\x62\x6a\x65\x63\x74\x5f\x73\x69\x7a\x65\0\
\x72\x65\x63\x69\x70\x72\x6f\x63\x61\x6c\x5f\x73\x69\x7a\x65\0\x63\x70\x75\x5f\
\x70\x61\x72\x74\x69\x61\x6c\0\x6f\x6f\0\x6d\x61\x78\0\x6d\x69\x6e\0\x61\x6c\
\x6c\x6f\x63\x66\x6c\x61\x67\x73\0\x63\x74\x6f\x72\0\x61\x6c\x69\x67\x6e\0\x72\
\x65\x64\x5f\x6c\x65\x66\x74\x5f\x70\x61\x64\0\x72\x61\x6e\x64\x6f\x6d\0\x72\
\x61\x6e\x64\x6f\x6d\x5f\x73\x65\x71\0\x75\x73\x65\x72\x6f\x66\x66\x73\x65\x74\
\0\x75\x73\x65\x72\x73\x69\x7a\x65\0\x73\x6c\x61\x62\x5f\x66\x6c\x61\x67\x73\
\x5f\x74\0\x72\x65\x63\x69\x70\x72\x6f\x63\x61\x6c\x5f\x76\x61\x6c\x75\x65\0\
\x6d\0\x73\x68\x31\0\x73\x68\x32\0\x6b\x6d\x65\x6d\x5f\x63\x61\x63\x68\x65\x5f\
\x6f\x72\x64\x65\x72\x5f\x6f\x62\x6a\x65\x63\x74\x73\0\x6b\x6d\x65\x6d\x5f\x63\
\x61\x63\x68\x65\x5f\x6e\x6f\x64\x65\0\x6c\x69\x73\x74\x5f\x6c\x6f\x63\x6b\0\
\x6e\x72\x5f\x70\x61\x72\x74\x69\x61\x6c\0\x70\x61\x72\x74\x69\x61\x6c\0\x6e\
\x72\x5f\x73\x6c\x61\x62\x73\0\x74\x6f\x74\x61\x6c\x5f\x6f\x62\x6a\x65\x63\x74\
\x73\0\x66\x75\x6c\x6c\0\x70\x65\x72\x66\x5f\x6f\x75\x74\x70\x75\x74\x5f\x68\
\x61\x6e\x64\x6c\x65\0\x65\x76\x65\x6e\x74\0\x77\x61\x6b\x65\x75\x70\0\x61\x75\
\x78\x5f\x66\x6c\x61\x67\x73\0\x61\x64\x64\x72\0\x70\x65\x72\x66\x5f\x65\x76\
\x65\x6e\x74\x5f\x73\x74\x61\x74\x65\0\x50\x45\x52\x46\x5f\x45\x56\x45\x4e\x54\
\x5f\x53\x54\x41\x54\x45\x5f\x44\x45\x41\x44\0\x50\x45\x52\x46\x5f\x45\x56\x45\
\x4e\x54\x5f\x53\x54\x41\x54\x45\x5f\x45\x58\x49\x54\0\x50\x45\x52\x46\x5f\x45\
\x56\x45\x4e\x54\x5f\x53\x54\x41\x54\x45\x5f\x45\x52\x52\x4f\x52\0\x50\x45\x52\
\x46\x5f\x45\x56\x45\x4e\x54\x5f\x53\x54\x41\x54\x45\x5f\x4f\x46\x46\0\x50\x45\
\x52\x46\x5f\x45\x56\x45\x4e\x54\x5f\x53\x54\x41\x54\x45\x5f\x49\x4e\x41\x43\
\x54\x49\x56\x45\0\x50\x45\x52\x46\x5f\x45\x56\x45\x4e\x54\x5f\x53\x54\x41\x54\
\x45\x5f\x41\x43\x54\x49\x56\x45\0\x6c\x6f\x63\x61\x6c\x36\x34\x5f\x74\0\x70\
\x65\x72\x66\x5f\x65\x76\x65\x6e\x74\x5f\x61\x74\x74\x72\0\x63\x6f\x6e\x66\x69\
\x67\0\x73\x61\x6d\x70\x6c\x65\x5f\x74\x79\x70\x65\0\x72\x65\x61\x64\x5f\x66\
\x6f\x72\x6d\x61\x74\0\x64\x69\x73\x61\x62\x6c\x65\x64\0\x69\x6e\x68\x65\x72\
\x69\x74\0\x70\x69\x6e\x6e\x65\x64\0\x65\x78\x63\x6c\x75\x73\x69\x76\x65\0\x65\
\x78\x63\x6c\x75\x64\x65\x5f\x75\x73\x65\x72\0\x65\x78\x63\x6c\x75\x64\x65\x5f\
\x6b\x65\x72\x6e\x65\x6c\0\x65\x78\x63\x6c\x75\x64\x65\x5f\x68\x76\0\x65\x78\
\x63\x6c\x75\x64\x65\x5f\x69\x64\x6c\x65\0\x66\x72\x65\x71\0\x69\x6e\x68\x65\
\x72\x69\x74\x5f\x73\x74\x61\x74\0\x65\x6e\x61\x62\x6c\x65\x5f\x6f\x6e\x5f\x65\
\x78\x65\x63\0\x77\x61\x74\x65\x72\x6d\x61\x72\x6b\0\x70\x72\x65\x63\x69\x73\
\x65\x5f\x69\x70\0\x6d\x6d\x61\x70\x5f\x64\x61\x74\x61\0\x73\x61\x6d\x70\x6c\
\x65\x5f\x69\x64\x5f\x61\x6c\x6c\0\x65\x78\x63\x6c\x75\x64\x65\x5f\x68\x6f\x73\
\x74\0\x65\x78\x63\x6c\x75\x64\x65\x5f\x67\x75\x65\x73\x74\0\x65\x78\x63\x6c\
\x75\x64\x65\x5f\x63\x61\x6c\x6c\x63\x68\x61\x69\x6e\x5f\x6b\x65\x72\x6e\x65\
\x6c\0\x65\x78\x63\x6c\x75\x64\x65\x5f\x63\x61\x6c\x6c\x63\x68\x61\x69\x6e\x5f\
\x75\x73\x65\x72\0\x6d\x6d\x61\x70\x32\0\x63\x6f\x6d\x6d\x5f\x65\x78\x65\x63\0\
\x75\x73\x65\x5f\x63\x6c\x6f\x63\x6b\x69\x64\0\x63\x6f\x6e\x74\x65\x78\x74\x5f\
\x73\x77\x69\x74\x63\x68\0\x77\x72\x69\x74\x65\x5f\x62\x61\x63\x6b\x77\x61\x72\
\x64\0\x6e\x61\x6d\x65\x73\x70\x61\x63\x65\x73\0\x6b\x73\x79\x6d\x62\x6f\x6c\0\
\x62\x70\x66\x5f\x65\x76\x65\x6e\x74\0\x61\x75\x78\x5f\x6f\x75\x74\x70\x75\x74\
\0\x74\x65\x78\x74\x5f\x70\x6f\x6b\x65\0\x69\x6e\x68\x65\x72\x69\x74\x5f\x74\
\x68\x72\x65\x61\x64\0\x72\x65\x6d\x6f\x76\x65\x5f\x6f\x6e\x5f\x65\x78\x65\x63\
\0\x73\x69\x67\x74\x72\x61\x70\0\x5f\x5f\x72\x65\x73\x65\x72\x76\x65\x64\x5f\
\x31\0\x62\x70\x5f\x74\x79\x70\x65\0\x62\x72\x61\x6e\x63\x68\x5f\x73\x61\x6d\
\x70\x6c\x65\x5f\x74\x79\x70\x65\0\x73\x61\x6d\x70\x6c\x65\x5f\x72\x65\x67\x73\
\x5f\x75\x73\x65\x72\0\x73\x61\x6d\x70\x6c\x65\x5f\x73\x74\x61\x63\x6b\x5f\x75\
\x73\x65\x72\0\x73\x61\x6d\x70\x6c\x65\x5f\x72\x65\x67\x73\x5f\x69\x6e\x74\x72\
\0\x61\x75\x78\x5f\x77\x61\x74\x65\x72\x6d\x61\x72\x6b\0\x73\x61\x6d\x70\x6c\
\x65\x5f\x6d\x61\x78\x5f\x73\x74\x61\x63\x6b\0\x5f\x5f\x72\x65\x73\x65\x72\x76\
\x65\x64\x5f\x32\0\x61\x75\x78\x5f\x73\x61\x6d\x70\x6c\x65\x5f\x73\x69\x7a\x65\
\0\x5f\x5f\x72\x65\x73\x65\x72\x76\x65\x64\x5f\x33\0\x73\x69\x67\x5f\x64\x61\
\x74\x61\0\x73\x61\x6d\x70\x6c\x65\x5f\x70\x65\x72\x69\x6f\x64\0\x73\x61\x6d\
\x70\x6c\x65\x5f\x66\x72\x65\x71\0\x77\x61\x6b\x65\x75\x70\x5f\x65\x76\x65\x6e\
\x74\x73\0\x77\x61\x6b\x65\x75\x70\x5f\x77\x61\x74\x65\x72\x6d\x61\x72\x6b\0\
\x62\x70\x5f\x61\x64\x64\x72\0\x6b\x70\x72\x6f\x62\x65\x5f\x66\x75\x6e\x63\0\
\x75\x70\x72\x6f\x62\x65\x5f\x70\x61\x74\x68\0\x63\x6f\x6e\x66\x69\x67\x31\0\
\x62\x70\x5f\x6c\x65\x6e\0\x6b\x70\x72\x6f\x62\x65\x5f\x61\x64\x64\x72\0\x70\
\x72\x6f\x62\x65\x5f\x6f\x66\x66\x73\x65\x74\0\x63\x6f\x6e\x66\x69\x67\x32\0\
\x68\x77\x5f\x70\x65\x72\x66\x5f\x65\x76\x65\x6e\x74\0\x74\x61\x72\x67\x65\x74\
\0\x70\x72\x65\x76\x5f\x63\x6f\x75\x6e\x74\0\x69\x6e\x74\x65\x72\x72\x75\x70\
\x74\x73\x5f\x73\x65\x71\0\x69\x6e\x74\x65\x72\x72\x75\x70\x74\x73\0\x66\x72\
\x65\x71\x5f\x74\x69\x6d\x65\x5f\x73\x74\x61\x6d\x70\0\x66\x72\x65\x71\x5f\x63\
\x6f\x75\x6e\x74\x5f\x73\x74\x61\x6d\x70\0\x6c\x61\x73\x74\x5f\x74\x61\x67\0\
\x63\x6f\x6e\x66\x69\x67\x5f\x62\x61\x73\x65\0\x65\x76\x65\x6e\x74\x5f\x62\x61\
\x73\x65\0\x65\x76\x65\x6e\x74\x5f\x62\x61\x73\x65\x5f\x72\x64\x70\x6d\x63\0\
\x69\x64\x78\0\x6c\x61\x73\x74\x5f\x63\x70\x75\0\x65\x78\x74\x72\x61\x5f\x72\
\x65\x67\0\x62\x72\x61\x6e\x63\x68\x5f\x72\x65\x67\0\x68\x77\x5f\x70\x65\x72\
\x66\x5f\x65\x76\x65\x6e\x74\x5f\x65\x78\x74\x72\x61\0\x72\x65\x67\0\x61\x6c\
\x6c\x6f\x63\0\x74\x70\x5f\x6c\x69\x73\x74\0\x70\x77\x72\x5f\x61\x63\x63\0\x70\
\x74\x73\x63\0\x62\x70\x5f\x6c\x69\x73\x74\0\x61\x72\x63\x68\x5f\x68\x77\x5f\
\x62\x72\x65\x61\x6b\x70\x6f\x69\x6e\x74\0\x61\x64\x64\x72\x65\x73\x73\0\x6d\
\x61\x73\x6b\0\x69\x6f\x6d\x6d\x75\x5f\x62\x61\x6e\x6b\0\x69\x6f\x6d\x6d\x75\
\x5f\x63\x6e\x74\x72\0\x70\x61\x64\x64\x69\x6e\x67\0\x63\x6f\x6e\x66\0\x63\x6f\
\x6e\x66\x31\0\x6c\x61\x73\x74\x5f\x70\x65\x72\x69\x6f\x64\0\x70\x65\x72\x69\
\x6f\x64\x5f\x6c\x65\x66\x74\0\x73\x61\x76\x65\x64\x5f\x6d\x65\x74\x72\x69\x63\
\0\x73\x61\x76\x65\x64\x5f\x73\x6c\x6f\x74\x73\0\x70\x65\x72\x66\x5f\x62\x75\
\x66\x66\x65\x72\0\x6e\x72\x5f\x70\x61\x67\x65\x73\0\x6f\x76\x65\x72\x77\x72\
\x69\x74\x65\0\x70\x61\x75\x73\x65\x64\0\x6e\x65\x73\x74\0\x6c\x6f\x73\x74\0\
\x65\x76\x65\x6e\x74\x5f\x6c\x6f\x63\x6b\0\x6d\x6d\x61\x70\x5f\x6c\x6f\x63\x6b\
\x65\x64\0\x6d\x6d\x61\x70\x5f\x75\x73\x65\x72\0\x61\x75\x78\x5f\x68\x65\x61\
\x64\0\x61\x75\x78\x5f\x6e\x65\x73\x74\0\x61\x75\x78\x5f\x77\x61\x6b\x65\x75\
\x70\0\x61\x75\x78\x5f\x70\x67\x6f\x66\x66\0\x61\x75\x78\x5f\x6e\x72\x5f\x70\
\x61\x67\x65\x73\0\x61\x75\x78\x5f\x6f\x76\x65\x72\x77\x72\x69\x74\x65\0\x61\
\x75\x78\x5f\x6d\x6d\x61\x70\x5f\x63\x6f\x75\x6e\x74\0\x61\x75\x78\x5f\x6d\x6d\
\x61\x70\x5f\x6c\x6f\x63\x6b\x65\x64\0\x61\x75\x78\x5f\x72\x65\x66\x63\x6f\x75\
\x6e\x74\0\x61\x75\x78\x5f\x69\x6e\x5f\x73\x61\x6d\x70\x6c\x69\x6e\x67\0\x61\
\x75\x78\x5f\x70\x61\x67\x65\x73\0\x61\x75\x78\x5f\x70\x72\x69\x76\0\x75\x73\
\x65\x72\x5f\x70\x61\x67\x65\0\x64\x61\x74\x61\x5f\x70\x61\x67\x65\x73\0\x69\
\x72\x71\x5f\x77\x6f\x72\x6b\0\x70\x65\x72\x66\x5f\x61\x64\x64\x72\x5f\x66\x69\
\x6c\x74\x65\x72\x73\x5f\x68\x65\x61\x64\0\x6e\x72\x5f\x66\x69\x6c\x65\x5f\x66\
\x69\x6c\x74\x65\x72\x73\0\x70\x69\x64\x5f\x6e\x61\x6d\x65\x73\x70\x61\x63\x65\
\0\x69\x64\x72\0\x70\x69\x64\x5f\x61\x6c\x6c\x6f\x63\x61\x74\x65\x64\0\x63\x68\
\x69\x6c\x64\x5f\x72\x65\x61\x70\x65\x72\0\x70\x69\x64\x5f\x63\x61\x63\x68\x65\
\x70\0\x72\x65\x62\x6f\x6f\x74\0\x6d\x65\x6d\x66\x64\x5f\x6e\x6f\x65\x78\x65\
\x63\x5f\x73\x63\x6f\x70\x65\0\x69\x64\x72\x5f\x72\x74\0\x69\x64\x72\x5f\x62\
\x61\x73\x65\0\x69\x64\x72\x5f\x6e\x65\x78\x74\0\x70\x65\x72\x66\x5f\x6f\x76\
\x65\x72\x66\x6c\x6f\x77\x5f\x68\x61\x6e\x64\x6c\x65\x72\x5f\x74\0\x70\x65\x72\
\x66\x5f\x73\x61\x6d\x70\x6c\x65\x5f\x64\x61\x74\x61\0\x72\x61\x77\0\x62\x72\
\x5f\x73\x74\x61\x63\x6b\0\x74\x78\x6e\0\x64\x61\x74\x61\x5f\x73\x72\x63\0\x74\
\x69\x64\x5f\x65\x6e\x74\x72\x79\0\x73\x74\x72\x65\x61\x6d\x5f\x69\x64\0\x63\
\x70\x75\x5f\x65\x6e\x74\x72\x79\0\x63\x61\x6c\x6c\x63\x68\x61\x69\x6e\0\x61\
\x75\x78\x5f\x73\x69\x7a\x65\0\x72\x65\x67\x73\x5f\x75\x73\x65\x72\0\x72\x65\
\x67\x73\x5f\x69\x6e\x74\x72\0\x73\x74\x61\x63\x6b\x5f\x75\x73\x65\x72\x5f\x73\
\x69\x7a\x65\0\x70\x68\x79\x73\x5f\x61\x64\x64\x72\0\x64\x61\x74\x61\x5f\x70\
\x61\x67\x65\x5f\x73\x69\x7a\x65\0\x63\x6f\x64\x65\x5f\x70\x61\x67\x65\x5f\x73\
\x69\x7a\x65\0\x70\x65\x72\x66\x5f\x73\x61\x6d\x70\x6c\x65\x5f\x77\x65\x69\x67\
\x68\x74\0\x76\x61\x72\x31\x5f\x64\x77\0\x76\x61\x72\x32\x5f\x77\0\x76\x61\x72\
\x33\x5f\x77\0\x70\x65\x72\x66\x5f\x6d\x65\x6d\x5f\x64\x61\x74\x61\x5f\x73\x72\
\x63\0\x6d\x65\x6d\x5f\x6f\x70\0\x6d\x65\x6d\x5f\x6c\x76\x6c\0\x6d\x65\x6d\x5f\
\x73\x6e\x6f\x6f\x70\0\x6d\x65\x6d\x5f\x6c\x6f\x63\x6b\0\x6d\x65\x6d\x5f\x64\
\x74\x6c\x62\0\x6d\x65\x6d\x5f\x6c\x76\x6c\x5f\x6e\x75\x6d\0\x6d\x65\x6d\x5f\
\x72\x65\x6d\x6f\x74\x65\0\x6d\x65\x6d\x5f\x73\x6e\x6f\x6f\x70\x78\0\x6d\x65\
\x6d\x5f\x62\x6c\x6b\0\x6d\x65\x6d\x5f\x72\x73\x76\x64\0\x74\x69\x64\0\x72\x65\
\x73\x65\x72\x76\x65\x64\0\x70\x65\x72\x66\x5f\x72\x65\x67\x73\0\x61\x62\x69\0\
\x72\x65\x67\x73\0\x74\x72\x61\x63\x65\x5f\x65\x76\x65\x6e\x74\x5f\x63\x61\x6c\
\x6c\0\x63\x6c\x61\x73\x73\0\x70\x72\x69\x6e\x74\x5f\x66\x6d\x74\0\x70\x65\x72\
\x66\x5f\x72\x65\x66\x63\x6f\x75\x6e\x74\0\x70\x65\x72\x66\x5f\x65\x76\x65\x6e\
\x74\x73\0\x70\x72\x6f\x67\x5f\x61\x72\x72\x61\x79\0\x70\x65\x72\x66\x5f\x70\
\x65\x72\x6d\0\x74\x70\0\x74\x72\x61\x63\x65\x5f\x65\x76\x65\x6e\x74\0\x66\x75\
\x6e\x63\x73\0\x65\x76\x65\x6e\x74\x5f\x66\x69\x6c\x74\x65\x72\0\x66\x69\x6c\
\x74\x65\x72\x5f\x73\x74\x72\x69\x6e\x67\0\x73\x61\x76\x65\x64\x5f\x66\x75\x6e\
\x63\0\x6c\x6f\x63\x61\x6c\x5f\x68\x61\x73\x68\0\x66\x75\x6e\x63\x5f\x68\x61\
\x73\x68\0\x6f\x6c\x64\x5f\x68\x61\x73\x68\0\x74\x72\x61\x6d\x70\x6f\x6c\x69\
\x6e\x65\0\x74\x72\x61\x6d\x70\x6f\x6c\x69\x6e\x65\x5f\x73\x69\x7a\x65\0\x66\
\x74\x72\x61\x63\x65\x5f\x66\x75\x6e\x63\x5f\x74\0\x66\x74\x72\x61\x63\x65\x5f\
\x72\x65\x67\x73\0\x66\x74\x72\x61\x63\x65\x5f\x6f\x70\x73\x5f\x68\x61\x73\x68\
\0\x6e\x6f\x74\x72\x61\x63\x65\x5f\x68\x61\x73\x68\0\x66\x69\x6c\x74\x65\x72\
\x5f\x68\x61\x73\x68\0\x72\x65\x67\x65\x78\x5f\x6c\x6f\x63\x6b\0\x66\x74\x72\
\x61\x63\x65\x5f\x68\x61\x73\x68\0\x73\x69\x7a\x65\x5f\x62\x69\x74\x73\0\x62\
\x75\x63\x6b\x65\x74\x73\0\x61\x76\x78\x35\x31\x32\x5f\x74\x69\x6d\x65\x73\x74\
\x61\x6d\x70\0\x66\x70\x72\x65\x67\x73\x5f\x73\x74\x61\x74\x65\0\x66\x73\x61\
\x76\x65\0\x66\x78\x73\x61\x76\x65\0\x73\x6f\x66\x74\0\x78\x73\x61\x76\x65\0\
\x5f\x5f\x70\x61\x64\x64\x69\x6e\x67\0\x66\x72\x65\x67\x73\x5f\x73\x74\x61\x74\
\x65\0\x63\x77\x64\0\x73\x77\x64\0\x74\x77\x64\0\x66\x69\x70\0\x66\x63\x73\0\
\x66\x6f\x6f\0\x66\x6f\x73\0\x73\x74\x5f\x73\x70\x61\x63\x65\0\x66\x78\x72\x65\
\x67\x73\x5f\x73\x74\x61\x74\x65\0\x66\x6f\x70\0\x6d\x78\x63\x73\x72\0\x6d\x78\
\x63\x73\x72\x5f\x6d\x61\x73\x6b\0\x78\x6d\x6d\x5f\x73\x70\x61\x63\x65\0\x72\
\x69\x70\0\x72\x64\x70\0\x70\x61\x64\x64\x69\x6e\x67\x31\0\x73\x77\x5f\x72\x65\
\x73\x65\x72\x76\x65\x64\0\x73\x77\x72\x65\x67\x73\x5f\x73\x74\x61\x74\x65\0\
\x66\x74\x6f\x70\0\x63\x68\x61\x6e\x67\x65\x64\0\x6c\x6f\x6f\x6b\x61\x68\x65\
\x61\x64\0\x6e\x6f\x5f\x75\x70\x64\x61\x74\x65\0\x72\x6d\0\x61\x6c\x69\x6d\x69\
\x74\0\x65\x6e\x74\x72\x79\x5f\x65\x69\x70\0\x78\x72\x65\x67\x73\x5f\x73\x74\
\x61\x74\x65\0\x69\x33\x38\x37\0\x65\x78\x74\x65\x6e\x64\x65\x64\x5f\x73\x74\
\x61\x74\x65\x5f\x61\x72\x65\x61\0\x78\x73\x74\x61\x74\x65\x5f\x68\x65\x61\x64\
\x65\x72\0\x78\x66\x65\x61\x74\x75\x72\x65\x73\0\x78\x63\x6f\x6d\x70\x5f\x62\
\x76\0\x30\x3a\x34\0\x2f\x62\x75\x69\x6c\x64\x2f\x61\x6d\x64\x36\x34\x2d\x67\
\x65\x6e\x65\x72\x69\x63\x2f\x76\x61\x72\x2f\x63\x61\x63\x68\x65\x2f\x70\x6f\
\x72\x74\x61\x67\x65\x2f\x63\x68\x72\x6f\x6d\x65\x6f\x73\x2d\x62\x61\x73\x65\
\x2f\x73\x65\x63\x61\x67\x65\x6e\x74\x64\x2f\x6f\x75\x74\x2f\x44\x65\x66\x61\
\x75\x6c\x74\x2f\x2e\x2e\x2f\x2e\x2e\x2f\x2e\x2e\x2f\x2e\x2e\x2f\x2e\x2e\x2f\
\x2e\x2e\x2f\x2e\x2e\x2f\x74\x6d\x70\x2f\x70\x6f\x72\x74\x61\x67\x65\x2f\x63\
\x68\x72\x6f\x6d\x65\x6f\x73\x2d\x62\x61\x73\x65\x2f\x73\x65\x63\x61\x67\x65\
\x6e\x74\x64\x2d\x39\x39\x39\x39\x2f\x77\x6f\x72\x6b\x2f\x73\x65\x63\x61\x67\
\x65\x6e\x74\x64\x2d\x39\x39\x39\x39\x2f\x70\x6c\x61\x74\x66\x6f\x72\x6d\x32\
\x2f\x73\x65\x63\x61\x67\x65\x6e\x74\x64\x2f\x62\x70\x66\x2f\x70\x72\x6f\x63\
\x65\x73\x73\x5f\x62\x70\x66\x2e\x63\0\x69\x6e\x74\x20\x42\x50\x46\x5f\x50\x52\
\x4f\x47\x28\x68\x61\x6e\x64\x6c\x65\x5f\x73\x63\x68\x65\x64\x5f\x70\x72\x6f\
\x63\x65\x73\x73\x5f\x65\x78\x65\x63\x2c\0\x20\x20\x72\x65\x74\x75\x72\x6e\x20\
\x28\x42\x50\x46\x5f\x43\x4f\x52\x45\x5f\x52\x45\x41\x44\x28\x74\x2c\x20\x66\
\x6c\x61\x67\x73\x29\x20\x26\x20\x30\x78\x30\x30\x32\x30\x30\x30\x30\x30\x29\
\x3b\0\x20\x20\x69\x66\x20\x28\x69\x73\x5f\x6b\x74\x68\x72\x65\x61\x64\x28\x63\
\x75\x72\x72\x65\x6e\x74\x29\x29\x20\x7b\0\x20\x20\x20\x20\x20\x20\x28\x73\x74\
\x72\x75\x63\x74\x20\x63\x72\x6f\x73\x5f\x65\x76\x65\x6e\x74\x2a\x29\x28\x62\
\x70\x66\x5f\x72\x69\x6e\x67\x62\x75\x66\x5f\x72\x65\x73\x65\x72\x76\x65\x28\
\x26\x72\x62\x2c\x20\x73\x69\x7a\x65\x6f\x66\x28\x2a\x65\x76\x65\x6e\x74\x29\
\x2c\x20\x30\x29\x29\x3b\0\x20\x20\x69\x66\x20\x28\x65\x76\x65\x6e\x74\x20\x3d\
\x3d\x20\x4e\x55\x4c\x4c\x29\x20\x7b\0\x20\x20\x65\x76\x65\x6e\x74\x2d\x3e\x64\
\x61\x74\x61\x2e\x70\x72\x6f\x63\x65\x73\x73\x5f\x65\x76\x65\x6e\x74\x2e\x74\
\x79\x70\x65\x20\x3d\x20\x6b\x50\x72\x6f\x63\x65\x73\x73\x53\x74\x61\x72\x74\
\x45\x76\x65\x6e\x74\x3b\0\x20\x20\x65\x76\x65\x6e\x74\x2d\x3e\x74\x79\x70\x65\
\x20\x3d\x20\x6b\x50\x72\x6f\x63\x65\x73\x73\x45\x76\x65\x6e\x74\x3b\0\x30\x3a\
\x38\x34\0\x20\x20\x20\x20\x20\x20\x6e\x6f\x72\x6d\x61\x6c\x69\x7a\x65\x5f\x74\
\x6f\x5f\x6c\x61\x73\x74\x5f\x65\x78\x65\x63\x28\x42\x50\x46\x5f\x43\x4f\x52\
\x45\x5f\x52\x45\x41\x44\x28\x74\x2c\x20\x72\x65\x61\x6c\x5f\x70\x61\x72\x65\
\x6e\x74\x2c\x20\x67\x72\x6f\x75\x70\x5f\x6c\x65\x61\x64\x65\x72\x29\x29\x3b\0\
\x30\x3a\x38\x38\0\x20\x20\x66\x6f\x72\x20\x28\x69\x6e\x74\x20\x69\x20\x3d\x20\
\x30\x3b\x20\x69\x20\x3c\x20\x36\x34\x3b\x20\x2b\x2b\x69\x29\x20\x7b\0\x20\x20\
\x20\x20\x73\x74\x72\x75\x63\x74\x20\x74\x61\x73\x6b\x5f\x73\x74\x72\x75\x63\
\x74\x2a\x20\x70\x61\x72\x65\x6e\x74\x20\x3d\x20\x42\x50\x46\x5f\x43\x4f\x52\
\x45\x5f\x52\x45\x41\x44\x28\x72\x65\x74\x2c\x20\x72\x65\x61\x6c\x5f\x70\x61\
\x72\x65\x6e\x74\x2c\x20\x67\x72\x6f\x75\x70\x5f\x6c\x65\x61\x64\x65\x72\x29\
\x3b\0\x20\x20\x20\x20\x69\x66\x20\x28\x28\x21\x70\x61\x72\x65\x6e\x74\x29\x20\
\x7c\x7c\x20\x28\x42\x50\x46\x5f\x43\x4f\x52\x45\x5f\x52\x45\x41\x44\x28\x72\
\x65\x74\x2c\x20\x73\x65\x6c\x66\x5f\x65\x78\x65\x63\x5f\x69\x64\x29\x20\x21\
\x3d\0\x30\x3a\x31\x34\x30\0\x20\x20\x20\x20\x20\x20\x20\x20\x20\x20\x20\x20\
\x20\x20\x20\x20\x20\x20\x20\x20\x20\x20\x42\x50\x46\x5f\x43\x4f\x52\x45\x5f\
\x52\x45\x41\x44\x28\x70\x61\x72\x65\x6e\x74\x2c\x20\x73\x65\x6c\x66\x5f\x65\
\x78\x65\x63\x5f\x69\x64\x29\x29\x29\x20\x7b\0\x30\x3a\x38\x32\0\x20\x20\x74\
\x61\x73\x6b\x5f\x69\x6e\x66\x6f\x2d\x3e\x70\x70\x69\x64\x20\x3d\x20\x42\x50\
\x46\x5f\x43\x4f\x52\x45\x5f\x52\x45\x41\x44\x28\x70\x61\x72\x65\x6e\x74\x2c\
\x20\x74\x67\x69\x64\x29\x3b\0\x30\x3a\x31\x30\x36\0\x20\x20\x74\x61\x73\x6b\
\x5f\x69\x6e\x66\x6f\x2d\x3e\x70\x61\x72\x65\x6e\x74\x5f\x73\x74\x61\x72\x74\
\x5f\x74\x69\x6d\x65\x20\x3d\x20\x42\x50\x46\x5f\x43\x4f\x52\x45\x5f\x52\x45\
\x41\x44\x28\x70\x61\x72\x65\x6e\x74\x2c\x20\x73\x74\x61\x72\x74\x5f\x62\x6f\
\x6f\x74\x74\x69\x6d\x65\x29\x3b\0\x20\x20\x74\x61\x73\x6b\x5f\x69\x6e\x66\x6f\
\x2d\x3e\x73\x74\x61\x72\x74\x5f\x74\x69\x6d\x65\x20\x3d\x20\x42\x50\x46\x5f\
\x43\x4f\x52\x45\x5f\x52\x45\x41\x44\x28\x74\x2c\x20\x67\x72\x6f\x75\x70\x5f\
\x6c\x65\x61\x64\x65\x72\x2c\x20\x73\x74\x61\x72\x74\x5f\x62\x6f\x6f\x74\x74\
\x69\x6d\x65\x29\x3b\0\x20\x20\x74\x61\x73\x6b\x5f\x69\x6e\x66\x6f\x2d\x3e\x70\
\x69\x64\x20\x3d\x20\x42\x50\x46\x5f\x43\x4f\x52\x45\x5f\x52\x45\x41\x44\x28\
\x74\x2c\x20\x74\x67\x69\x64\x29\x3b\0\x30\x3a\x31\x31\x32\0\x20\x20\x74\x61\
\x73\x6b\x5f\x69\x6e\x66\x6f\x2d\x3e\x75\x69\x64\x20\x3d\x20\x42\x50\x46\x5f\
\x43\x4f\x52\x45\x5f\x52\x45\x41\x44\x28\x74\x2c\x20\x72\x65\x61\x6c\x5f\x63\
\x72\x65\x64\x2c\x20\x75\x69\x64\x2e\x76\x61\x6c\x29\x3b\0\x30\x3a\x34\x3a\x30\
\0\x20\x20\x74\x61\x73\x6b\x5f\x69\x6e\x66\x6f\x2d\x3e\x67\x69\x64\x20\x3d\x20\
\x42\x50\x46\x5f\x43\x4f\x52\x45\x5f\x52\x45\x41\x44\x28\x74\x2c\x20\x72\x65\
\x61\x6c\x5f\x63\x72\x65\x64\x2c\x20\x67\x69\x64\x2e\x76\x61\x6c\x29\x3b\0\x30\
\x3a\x35\x3a\x30\0\x30\x3a\x35\x35\0\x20\x20\x63\x6f\x6e\x73\x74\x20\x75\x69\
\x6e\x74\x70\x74\x72\x5f\x74\x20\x61\x72\x67\x5f\x73\x74\x61\x72\x74\x20\x3d\
\x20\x28\x75\x69\x6e\x74\x70\x74\x72\x5f\x74\x29\x42\x50\x46\x5f\x43\x4f\x52\
\x45\x5f\x52\x45\x41\x44\x28\x74\x2c\x20\x6d\x6d\x2c\x20\x61\x72\x67\x5f\x73\
\x74\x61\x72\x74\x29\x3b\0\x30\x3a\x30\x3a\x33\x37\0\x20\x20\x63\x6f\x6e\x73\
\x74\x20\x75\x69\x6e\x74\x70\x74\x72\x5f\x74\x20\x61\x72\x67\x5f\x65\x6e\x64\
\x20\x3d\x20\x28\x75\x69\x6e\x74\x70\x74\x72\x5f\x74\x29\x42\x50\x46\x5f\x43\
\x4f\x52\x45\x5f\x52\x45\x41\x44\x28\x74\x2c\x20\x6d\x6d\x2c\x20\x61\x72\x67\
\x5f\x65\x6e\x64\x29\x3b\0\x30\x3a\x30\x3a\x33\x38\0\x20\x20\x69\x66\x20\x28\
\x28\x61\x72\x67\x5f\x65\x6e\x64\x20\x2d\x20\x61\x72\x67\x5f\x73\x74\x61\x72\
\x74\x29\x20\x3e\x20\x73\x69\x7a\x65\x6f\x66\x28\x74\x61\x73\x6b\x5f\x69\x6e\
\x66\x6f\x2d\x3e\x63\x6f\x6d\x6d\x61\x6e\x64\x6c\x69\x6e\x65\x29\x29\x20\x7b\0\
\x20\x20\x62\x70\x66\x5f\x70\x72\x6f\x62\x65\x5f\x72\x65\x61\x64\x5f\x75\x73\
\x65\x72\x28\x74\x61\x73\x6b\x5f\x69\x6e\x66\x6f\x2d\x3e\x63\x6f\x6d\x6d\x61\
\x6e\x64\x6c\x69\x6e\x65\x2c\x20\x74\x61\x73\x6b\x5f\x69\x6e\x66\x6f\x2d\x3e\
\x63\x6f\x6d\x6d\x61\x6e\x64\x6c\x69\x6e\x65\x5f\x6c\x65\x6e\x2c\0\x20\x20\x69\
\x66\x20\x28\x74\x61\x73\x6b\x5f\x69\x6e\x66\x6f\x2d\x3e\x63\x6f\x6d\x6d\x61\
\x6e\x64\x6c\x69\x6e\x65\x5f\x6c\x65\x6e\x20\x3d\x3d\x20\x73\x69\x7a\x65\x6f\
\x66\x28\x74\x61\x73\x6b\x5f\x69\x6e\x66\x6f\x2d\x3e\x63\x6f\x6d\x6d\x61\x6e\
\x64\x6c\x69\x6e\x65\x29\x29\x20\x7b\0\x20\x20\x20\x20\x74\x61\x73\x6b\x5f\x69\
\x6e\x66\x6f\x2d\x3e\x63\x6f\x6d\x6d\x61\x6e\x64\x6c\x69\x6e\x65\x5b\x74\x61\
\x73\x6b\x5f\x69\x6e\x66\x6f\x2d\x3e\x63\x6f\x6d\x6d\x61\x6e\x64\x6c\x69\x6e\
\x65\x5f\x6c\x65\x6e\x20\x2d\x20\x31\x5d\x20\x3d\x20\x27\x5c\x30\x27\x3b\0\x30\
\x3a\x31\x32\x33\0\x20\x20\x6e\x73\x5f\x69\x6e\x66\x6f\x2d\x3e\x70\x69\x64\x5f\
\x6e\x73\x20\x3d\x20\x42\x50\x46\x5f\x43\x4f\x52\x45\x5f\x52\x45\x41\x44\x28\
\x74\x2c\x20\x6e\x73\x70\x72\x6f\x78\x79\x2c\x20\x70\x69\x64\x5f\x6e\x73\x5f\
\x66\x6f\x72\x5f\x63\x68\x69\x6c\x64\x72\x65\x6e\x2c\x20\x6e\x73\x2e\x69\x6e\
\x75\x6d\x29\x3b\0\x75\x74\x73\x5f\x6e\x73\0\x69\x70\x63\x5f\x6e\x73\0\x6d\x6e\
\x74\x5f\x6e\x73\0\x70\x69\x64\x5f\x6e\x73\x5f\x66\x6f\x72\x5f\x63\x68\x69\x6c\
\x64\x72\x65\x6e\0\x6e\x65\x74\x5f\x6e\x73\0\x74\x69\x6d\x65\x5f\x6e\x73\0\x74\
\x69\x6d\x65\x5f\x6e\x73\x5f\x66\x6f\x72\x5f\x63\x68\x69\x6c\x64\x72\x65\x6e\0\
\x63\x67\x72\x6f\x75\x70\x5f\x6e\x73\0\x74\x69\x6d\x65\x5f\x6e\x61\x6d\x65\x73\
\x70\x61\x63\x65\0\x6f\x66\x66\x73\x65\x74\x73\0\x76\x76\x61\x72\x5f\x70\x61\
\x67\x65\0\x66\x72\x6f\x7a\x65\x6e\x5f\x6f\x66\x66\x73\x65\x74\x73\0\x74\x69\
\x6d\x65\x6e\x73\x5f\x6f\x66\x66\x73\x65\x74\x73\0\x6d\x6f\x6e\x6f\x74\x6f\x6e\
\x69\x63\0\x62\x6f\x6f\x74\x74\x69\x6d\x65\0\x30\x3a\x31\x30\x3a\x32\0\x20\x20\
\x6e\x73\x5f\x69\x6e\x66\x6f\x2d\x3e\x6d\x6e\x74\x5f\x6e\x73\x20\x3d\x20\x42\
\x50\x46\x5f\x43\x4f\x52\x45\x5f\x52\x45\x41\x44\x28\x74\x2c\x20\x6e\x73\x70\
\x72\x6f\x78\x79\x2c\x20\x6d\x6e\x74\x5f\x6e\x73\x2c\x20\x6e\x73\x2e\x69\x6e\
\x75\x6d\x29\x3b\0\x30\x3a\x33\0\x6d\x6e\x74\x5f\x6e\x61\x6d\x65\x73\x70\x61\
\x63\x65\0\x6e\x73\x5f\x6c\x6f\x63\x6b\0\x73\x65\x71\0\x6d\x6f\x75\x6e\x74\x73\
\0\x70\x65\x6e\x64\x69\x6e\x67\x5f\x6d\x6f\x75\x6e\x74\x73\0\x30\x3a\x30\x3a\
\x32\0\x20\x20\x6e\x73\x5f\x69\x6e\x66\x6f\x2d\x3e\x63\x67\x72\x6f\x75\x70\x5f\
\x6e\x73\x20\x3d\x20\x42\x50\x46\x5f\x43\x4f\x52\x45\x5f\x52\x45\x41\x44\x28\
\x74\x2c\x20\x6e\x73\x70\x72\x6f\x78\x79\x2c\x20\x63\x67\x72\x6f\x75\x70\x5f\
\x6e\x73\x2c\x20\x6e\x73\x2e\x69\x6e\x75\x6d\x29\x3b\0\x30\x3a\x38\0\x63\x67\
\x72\x6f\x75\x70\x5f\x6e\x61\x6d\x65\x73\x70\x61\x63\x65\0\x72\x6f\x6f\x74\x5f\
\x63\x73\x65\x74\0\x63\x73\x73\x5f\x73\x65\x74\0\x73\x75\x62\x73\x79\x73\0\x64\
\x6f\x6d\x5f\x63\x73\x65\x74\0\x64\x66\x6c\x5f\x63\x67\x72\x70\0\x6e\x72\x5f\
\x74\x61\x73\x6b\x73\0\x6d\x67\x5f\x74\x61\x73\x6b\x73\0\x64\x79\x69\x6e\x67\
\x5f\x74\x61\x73\x6b\x73\0\x74\x61\x73\x6b\x5f\x69\x74\x65\x72\x73\0\x65\x5f\
\x63\x73\x65\x74\x5f\x6e\x6f\x64\x65\0\x74\x68\x72\x65\x61\x64\x65\x64\x5f\x63\
\x73\x65\x74\x73\0\x74\x68\x72\x65\x61\x64\x65\x64\x5f\x63\x73\x65\x74\x73\x5f\
\x6e\x6f\x64\x65\0\x68\x6c\x69\x73\x74\0\x63\x67\x72\x70\x5f\x6c\x69\x6e\x6b\
\x73\0\x6d\x67\x5f\x73\x72\x63\x5f\x70\x72\x65\x6c\x6f\x61\x64\x5f\x6e\x6f\x64\
\x65\0\x6d\x67\x5f\x64\x73\x74\x5f\x70\x72\x65\x6c\x6f\x61\x64\x5f\x6e\x6f\x64\
\x65\0\x6d\x67\x5f\x6e\x6f\x64\x65\0\x6d\x67\x5f\x73\x72\x63\x5f\x63\x67\x72\
\x70\0\x6d\x67\x5f\x64\x73\x74\x5f\x63\x67\x72\x70\0\x6d\x67\x5f\x64\x73\x74\
\x5f\x63\x73\x65\x74\0\x64\x65\x61\x64\0\x73\x65\x6c\x66\0\x6d\x61\x78\x5f\x64\
\x65\x70\x74\x68\0\x6e\x72\x5f\x64\x65\x73\x63\x65\x6e\x64\x61\x6e\x74\x73\0\
\x6e\x72\x5f\x64\x79\x69\x6e\x67\x5f\x64\x65\x73\x63\x65\x6e\x64\x61\x6e\x74\
\x73\0\x6d\x61\x78\x5f\x64\x65\x73\x63\x65\x6e\x64\x61\x6e\x74\x73\0\x6e\x72\
\x5f\x70\x6f\x70\x75\x6c\x61\x74\x65\x64\x5f\x63\x73\x65\x74\x73\0\x6e\x72\x5f\
\x70\x6f\x70\x75\x6c\x61\x74\x65\x64\x5f\x64\x6f\x6d\x61\x69\x6e\x5f\x63\x68\
\x69\x6c\x64\x72\x65\x6e\0\x6e\x72\x5f\x70\x6f\x70\x75\x6c\x61\x74\x65\x64\x5f\
\x74\x68\x72\x65\x61\x64\x65\x64\x5f\x63\x68\x69\x6c\x64\x72\x65\x6e\0\x6e\x72\
\x5f\x74\x68\x72\x65\x61\x64\x65\x64\x5f\x63\x68\x69\x6c\x64\x72\x65\x6e\0\x6b\
\x6e\0\x70\x72\x6f\x63\x73\x5f\x66\x69\x6c\x65\0\x65\x76\x65\x6e\x74\x73\x5f\
\x66\x69\x6c\x65\0\x73\x75\x62\x74\x72\x65\x65\x5f\x63\x6f\x6e\x74\x72\x6f\x6c\
\0\x73\x75\x62\x74\x72\x65\x65\x5f\x73\x73\x5f\x6d\x61\x73\x6b\0\x6f\x6c\x64\
\x5f\x73\x75\x62\x74\x72\x65\x65\x5f\x63\x6f\x6e\x74\x72\x6f\x6c\0\x6f\x6c\x64\
\x5f\x73\x75\x62\x74\x72\x65\x65\x5f\x73\x73\x5f\x6d\x61\x73\x6b\0\x63\x73\x65\
\x74\x5f\x6c\x69\x6e\x6b\x73\0\x65\x5f\x63\x73\x65\x74\x73\0\x64\x6f\x6d\x5f\
\x63\x67\x72\x70\0\x6f\x6c\x64\x5f\x64\x6f\x6d\x5f\x63\x67\x72\x70\0\x72\x73\
\x74\x61\x74\x5f\x63\x70\x75\0\x72\x73\x74\x61\x74\x5f\x63\x73\x73\x5f\x6c\x69\
\x73\x74\0\x6c\x61\x73\x74\x5f\x62\x73\x74\x61\x74\0\x62\x73\x74\x61\x74\0\x70\
\x69\x64\x6c\x69\x73\x74\x73\0\x70\x69\x64\x6c\x69\x73\x74\x5f\x6d\x75\x74\x65\
\x78\0\x6f\x66\x66\x6c\x69\x6e\x65\x5f\x77\x61\x69\x74\x71\0\x72\x65\x6c\x65\
\x61\x73\x65\x5f\x61\x67\x65\x6e\x74\x5f\x77\x6f\x72\x6b\0\x70\x73\x69\0\x62\
\x70\x66\0\x63\x6f\x6e\x67\x65\x73\x74\x69\x6f\x6e\x5f\x63\x6f\x75\x6e\x74\0\
\x66\x72\x65\x65\x7a\x65\x72\0\x61\x6e\x63\x65\x73\x74\x6f\x72\x5f\x69\x64\x73\
\0\x6b\x65\x72\x6e\x66\x73\x5f\x6e\x6f\x64\x65\0\x70\x72\x69\x76\0\x69\x61\x74\
\x74\x72\0\x73\x79\x6d\x6c\x69\x6e\x6b\0\x6b\x65\x72\x6e\x66\x73\x5f\x65\x6c\
\x65\x6d\x5f\x64\x69\x72\0\x73\x75\x62\x64\x69\x72\x73\0\x72\x65\x76\0\x6b\x65\
\x72\x6e\x66\x73\x5f\x65\x6c\x65\x6d\x5f\x73\x79\x6d\x6c\x69\x6e\x6b\0\x74\x61\
\x72\x67\x65\x74\x5f\x6b\x6e\0\x6b\x65\x72\x6e\x66\x73\x5f\x65\x6c\x65\x6d\x5f\
\x61\x74\x74\x72\0\x6e\x6f\x74\x69\x66\x79\x5f\x6e\x65\x78\x74\0\x63\x67\x72\
\x6f\x75\x70\x5f\x66\x69\x6c\x65\0\x6e\x6f\x74\x69\x66\x69\x65\x64\x5f\x61\x74\
\0\x6e\x6f\x74\x69\x66\x79\x5f\x74\x69\x6d\x65\x72\0\x63\x67\x72\x6f\x75\x70\
\x5f\x62\x61\x73\x65\x5f\x73\x74\x61\x74\0\x63\x70\x75\x74\x69\x6d\x65\0\x74\
\x61\x73\x6b\x5f\x63\x70\x75\x74\x69\x6d\x65\0\x70\x73\x69\x5f\x67\x72\x6f\x75\
\x70\0\x61\x76\x67\x73\x5f\x6c\x6f\x63\x6b\0\x70\x63\x70\x75\0\x61\x76\x67\x5f\
\x74\x6f\x74\x61\x6c\0\x61\x76\x67\x5f\x6c\x61\x73\x74\x5f\x75\x70\x64\x61\x74\
\x65\0\x61\x76\x67\x5f\x6e\x65\x78\x74\x5f\x75\x70\x64\x61\x74\x65\0\x61\x76\
\x67\x73\x5f\x77\x6f\x72\x6b\0\x74\x6f\x74\x61\x6c\0\x70\x6f\x6c\x6c\x5f\x74\
\x61\x73\x6b\0\x70\x6f\x6c\x6c\x5f\x74\x69\x6d\x65\x72\0\x70\x6f\x6c\x6c\x5f\
\x77\x61\x69\x74\0\x70\x6f\x6c\x6c\x5f\x77\x61\x6b\x65\x75\x70\0\x74\x72\x69\
\x67\x67\x65\x72\x5f\x6c\x6f\x63\x6b\0\x74\x72\x69\x67\x67\x65\x72\x73\0\x6e\
\x72\x5f\x74\x72\x69\x67\x67\x65\x72\x73\0\x70\x6f\x6c\x6c\x5f\x73\x74\x61\x74\
\x65\x73\0\x70\x6f\x6c\x6c\x5f\x6d\x69\x6e\x5f\x70\x65\x72\x69\x6f\x64\0\x70\
\x6f\x6c\x6c\x69\x6e\x67\x5f\x74\x6f\x74\x61\x6c\0\x70\x6f\x6c\x6c\x69\x6e\x67\
\x5f\x6e\x65\x78\x74\x5f\x75\x70\x64\x61\x74\x65\0\x70\x6f\x6c\x6c\x69\x6e\x67\
\x5f\x75\x6e\x74\x69\x6c\0\x64\x65\x6c\x61\x79\x65\x64\x5f\x77\x6f\x72\x6b\0\
\x74\x69\x6d\x65\x72\0\x77\x6f\x72\x6b\x71\x75\x65\x75\x65\x5f\x73\x74\x72\x75\
\x63\x74\0\x70\x77\x71\x73\0\x77\x6f\x72\x6b\x5f\x63\x6f\x6c\x6f\x72\0\x66\x6c\
\x75\x73\x68\x5f\x63\x6f\x6c\x6f\x72\0\x6e\x72\x5f\x70\x77\x71\x73\x5f\x74\x6f\
\x5f\x66\x6c\x75\x73\x68\0\x66\x69\x72\x73\x74\x5f\x66\x6c\x75\x73\x68\x65\x72\
\0\x66\x6c\x75\x73\x68\x65\x72\x5f\x71\x75\x65\x75\x65\0\x66\x6c\x75\x73\x68\
\x65\x72\x5f\x6f\x76\x65\x72\x66\x6c\x6f\x77\0\x6d\x61\x79\x64\x61\x79\x73\0\
\x72\x65\x73\x63\x75\x65\x72\0\x6e\x72\x5f\x64\x72\x61\x69\x6e\x65\x72\x73\0\
\x73\x61\x76\x65\x64\x5f\x6d\x61\x78\x5f\x61\x63\x74\x69\x76\x65\0\x75\x6e\x62\
\x6f\x75\x6e\x64\x5f\x61\x74\x74\x72\x73\0\x64\x66\x6c\x5f\x70\x77\x71\0\x77\
\x71\x5f\x64\x65\x76\0\x63\x70\x75\x5f\x70\x77\x71\x73\0\x6e\x75\x6d\x61\x5f\
\x70\x77\x71\x5f\x74\x62\x6c\0\x70\x6f\x6f\x6c\x5f\x77\x6f\x72\x6b\x71\x75\x65\
\x75\x65\0\x70\x6f\x6f\x6c\0\x6e\x72\x5f\x69\x6e\x5f\x66\x6c\x69\x67\x68\x74\0\
\x6d\x61\x78\x5f\x61\x63\x74\x69\x76\x65\0\x69\x6e\x61\x63\x74\x69\x76\x65\x5f\
\x77\x6f\x72\x6b\x73\0\x70\x77\x71\x73\x5f\x6e\x6f\x64\x65\0\x6d\x61\x79\x64\
\x61\x79\x5f\x6e\x6f\x64\x65\0\x75\x6e\x62\x6f\x75\x6e\x64\x5f\x72\x65\x6c\x65\
\x61\x73\x65\x5f\x77\x6f\x72\x6b\0\x63\x67\x72\x6f\x75\x70\x5f\x62\x70\x66\0\
\x65\x66\x66\x65\x63\x74\x69\x76\x65\0\x70\x72\x6f\x67\x73\0\x73\x74\x6f\x72\
\x61\x67\x65\x73\0\x69\x6e\x61\x63\x74\x69\x76\x65\0\x72\x65\x6c\x65\x61\x73\
\x65\x5f\x77\x6f\x72\x6b\0\x62\x70\x66\x5f\x70\x72\x6f\x67\x5f\x61\x72\x72\x61\
\x79\0\x69\x74\x65\x6d\x73\0\x62\x70\x66\x5f\x70\x72\x6f\x67\x5f\x61\x72\x72\
\x61\x79\x5f\x69\x74\x65\x6d\0\x62\x70\x66\x5f\x70\x72\x6f\x67\0\x6a\x69\x74\
\x65\x64\0\x6a\x69\x74\x5f\x72\x65\x71\x75\x65\x73\x74\x65\x64\0\x67\x70\x6c\
\x5f\x63\x6f\x6d\x70\x61\x74\x69\x62\x6c\x65\0\x63\x62\x5f\x61\x63\x63\x65\x73\
\x73\0\x64\x73\x74\x5f\x6e\x65\x65\x64\x65\x64\0\x62\x6c\x69\x6e\x64\x65\x64\0\
\x69\x73\x5f\x66\x75\x6e\x63\0\x6b\x70\x72\x6f\x62\x65\x5f\x6f\x76\x65\x72\x72\
\x69\x64\x65\0\x68\x61\x73\x5f\x63\x61\x6c\x6c\x63\x68\x61\x69\x6e\x5f\x62\x75\
\x66\0\x65\x6e\x66\x6f\x72\x63\x65\x5f\x65\x78\x70\x65\x63\x74\x65\x64\x5f\x61\
\x74\x74\x61\x63\x68\x5f\x74\x79\x70\x65\0\x63\x61\x6c\x6c\x5f\x67\x65\x74\x5f\
\x73\x74\x61\x63\x6b\0\x63\x61\x6c\x6c\x5f\x67\x65\x74\x5f\x66\x75\x6e\x63\x5f\
\x69\x70\0\x65\x78\x70\x65\x63\x74\x65\x64\x5f\x61\x74\x74\x61\x63\x68\x5f\x74\
\x79\x70\x65\0\x6a\x69\x74\x65\x64\x5f\x6c\x65\x6e\0\x74\x61\x67\0\x73\x74\x61\
\x74\x73\0\x62\x70\x66\x5f\x66\x75\x6e\x63\0\x61\x75\x78\0\x6f\x72\x69\x67\x5f\
\x70\x72\x6f\x67\0\x69\x6e\x73\x6e\x73\0\x69\x6e\x73\x6e\x73\x69\0\x62\x70\x66\
\x5f\x70\x72\x6f\x67\x5f\x74\x79\x70\x65\0\x42\x50\x46\x5f\x50\x52\x4f\x47\x5f\
\x54\x59\x50\x45\x5f\x55\x4e\x53\x50\x45\x43\0\x42\x50\x46\x5f\x50\x52\x4f\x47\
\x5f\x54\x59\x50\x45\x5f\x53\x4f\x43\x4b\x45\x54\x5f\x46\x49\x4c\x54\x45\x52\0\
\x42\x50\x46\x5f\x50\x52\x4f\x47\x5f\x54\x59\x50\x45\x5f\x4b\x50\x52\x4f\x42\
\x45\0\x42\x50\x46\x5f\x50\x52\x4f\x47\x5f\x54\x59\x50\x45\x5f\x53\x43\x48\x45\
\x44\x5f\x43\x4c\x53\0\x42\x50\x46\x5f\x50\x52\x4f\x47\x5f\x54\x59\x50\x45\x5f\
\x53\x43\x48\x45\x44\x5f\x41\x43\x54\0\x42\x50\x46\x5f\x50\x52\x4f\x47\x5f\x54\
\x59\x50\x45\x5f\x54\x52\x41\x43\x45\x50\x4f\x49\x4e\x54\0\x42\x50\x46\x5f\x50\
\x52\x4f\x47\x5f\x54\x59\x50\x45\x5f\x58\x44\x50\0\x42\x50\x46\x5f\x50\x52\x4f\
\x47\x5f\x54\x59\x50\x45\x5f\x50\x45\x52\x46\x5f\x45\x56\x45\x4e\x54\0\x42\x50\
\x46\x5f\x50\x52\x4f\x47\x5f\x54\x59\x50\x45\x5f\x43\x47\x52\x4f\x55\x50\x5f\
\x53\x4b\x42\0\x42\x50\x46\x5f\x50\x52\x4f\x47\x5f\x54\x59\x50\x45\x5f\x43\x47\
\x52\x4f\x55\x50\x5f\x53\x4f\x43\x4b\0\x42\x50\x46\x5f\x50\x52\x4f\x47\x5f\x54\
\x59\x50\x45\x5f\x4c\x57\x54\x5f\x49\x4e\0\x42\x50\x46\x5f\x50\x52\x4f\x47\x5f\
\x54\x59\x50\x45\x5f\x4c\x57\x54\x5f\x4f\x55\x54\0\x42\x50\x46\x5f\x50\x52\x4f\
\x47\x5f\x54\x59\x50\x45\x5f\x4c\x57\x54\x5f\x58\x4d\x49\x54\0\x42\x50\x46\x5f\
\x50\x52\x4f\x47\x5f\x54\x59\x50\x45\x5f\x53\x4f\x43\x4b\x5f\x4f\x50\x53\0\x42\
\x50\x46\x5f\x50\x52\x4f\x47\x5f\x54\x59\x50\x45\x5f\x53\x4b\x5f\x53\x4b\x42\0\
\x42\x50\x46\x5f\x50\x52\x4f\x47\x5f\x54\x59\x50\x45\x5f\x43\x47\x52\x4f\x55\
\x50\x5f\x44\x45\x56\x49\x43\x45\0\x42\x50\x46\x5f\x50\x52\x4f\x47\x5f\x54\x59\
\x50\x45\x5f\x53\x4b\x5f\x4d\x53\x47\0\x42\x50\x46\x5f\x50\x52\x4f\x47\x5f\x54\
\x59\x50\x45\x5f\x52\x41\x57\x5f\x54\x52\x41\x43\x45\x50\x4f\x49\x4e\x54\0\x42\
\x50\x46\x5f\x50\x52\x4f\x47\x5f\x54\x59\x50\x45\x5f\x43\x47\x52\x4f\x55\x50\
\x5f\x53\x4f\x43\x4b\x5f\x41\x44\x44\x52\0\x42\x50\x46\x5f\x50\x52\x4f\x47\x5f\
\x54\x59\x50\x45\x5f\x4c\x57\x54\x5f\x53\x45\x47\x36\x4c\x4f\x43\x41\x4c\0\x42\
\x50\x46\x5f\x50\x52\x4f\x47\x5f\x54\x59\x50\x45\x5f\x4c\x49\x52\x43\x5f\x4d\
\x4f\x44\x45\x32\0\x42\x50\x46\x5f\x50\x52\x4f\x47\x5f\x54\x59\x50\x45\x5f\x53\
\x4b\x5f\x52\x45\x55\x53\x45\x50\x4f\x52\x54\0\x42\x50\x46\x5f\x50\x52\x4f\x47\
\x5f\x54\x59\x50\x45\x5f\x46\x4c\x4f\x57\x5f\x44\x49\x53\x53\x45\x43\x54\x4f\
\x52\0\x42\x50\x46\x5f\x50\x52\x4f\x47\x5f\x54\x59\x50\x45\x5f\x43\x47\x52\x4f\
\x55\x50\x5f\x53\x59\x53\x43\x54\x4c\0\x42\x50\x46\x5f\x50\x52\x4f\x47\x5f\x54\
\x59\x50\x45\x5f\x52\x41\x57\x5f\x54\x52\x41\x43\x45\x50\x4f\x49\x4e\x54\x5f\
\x57\x52\x49\x54\x41\x42\x4c\x45\0\x42\x50\x46\x5f\x50\x52\x4f\x47\x5f\x54\x59\
\x50\x45\x5f\x43\x47\x52\x4f\x55\x50\x5f\x53\x4f\x43\x4b\x4f\x50\x54\0\x42\x50\
\x46\x5f\x50\x52\x4f\x47\x5f\x54\x59\x50\x45\x5f\x54\x52\x41\x43\x49\x4e\x47\0\
\x42\x50\x46\x5f\x50\x52\x4f\x47\x5f\x54\x59\x50\x45\x5f\x53\x54\x52\x55\x43\
\x54\x5f\x4f\x50\x53\0\x42\x50\x46\x5f\x50\x52\x4f\x47\x5f\x54\x59\x50\x45\x5f\
\x45\x58\x54\0\x42\x50\x46\x5f\x50\x52\x4f\x47\x5f\x54\x59\x50\x45\x5f\x4c\x53\
\x4d\0\x42\x50\x46\x5f\x50\x52\x4f\x47\x5f\x54\x59\x50\x45\x5f\x53\x4b\x5f\x4c\
\x4f\x4f\x4b\x55\x50\0\x42\x50\x46\x5f\x50\x52\x4f\x47\x5f\x54\x59\x50\x45\x5f\
\x53\x59\x53\x43\x41\x4c\x4c\0\x62\x70\x66\x5f\x61\x74\x74\x61\x63\x68\x5f\x74\
\x79\x70\x65\0\x42\x50\x46\x5f\x43\x47\x52\x4f\x55\x50\x5f\x49\x4e\x45\x54\x5f\
\x49\x4e\x47\x52\x45\x53\x53\0\x42\x50\x46\x5f\x43\x47\x52\x4f\x55\x50\x5f\x49\
\x4e\x45\x54\x5f\x45\x47\x52\x45\x53\x53\0\x42\x50\x46\x5f\x43\x47\x52\x4f\x55\
\x50\x5f\x49\x4e\x45\x54\x5f\x53\x4f\x43\x4b\x5f\x43\x52\x45\x41\x54\x45\0\x42\
\x50\x46\x5f\x43\x47\x52\x4f\x55\x50\x5f\x53\x4f\x43\x4b\x5f\x4f\x50\x53\0\x42\
\x50\x46\x5f\x53\x4b\x5f\x53\x4b\x42\x5f\x53\x54\x52\x45\x41\x4d\x5f\x50\x41\
\x52\x53\x45\x52\0\x42\x50\x46\x5f\x53\x4b\x5f\x53\x4b\x42\x5f\x53\x54\x52\x45\
\x41\x4d\x5f\x56\x45\x52\x44\x49\x43\x54\0\x42\x50\x46\x5f\x43\x47\x52\x4f\x55\
\x50\x5f\x44\x45\x56\x49\x43\x45\0\x42\x50\x46\x5f\x53\x4b\x5f\x4d\x53\x47\x5f\
\x56\x45\x52\x44\x49\x43\x54\0\x42\x50\x46\x5f\x43\x47\x52\x4f\x55\x50\x5f\x49\
\x4e\x45\x54\x34\x5f\x42\x49\x4e\x44\0\x42\x50\x46\x5f\x43\x47\x52\x4f\x55\x50\
\x5f\x49\x4e\x45\x54\x36\x5f\x42\x49\x4e\x44\0\x42\x50\x46\x5f\x43\x47\x52\x4f\
\x55\x50\x5f\x49\x4e\x45\x54\x34\x5f\x43\x4f\x4e\x4e\x45\x43\x54\0\x42\x50\x46\
\x5f\x43\x47\x52\x4f\x55\x50\x5f\x49\x4e\x45\x54\x36\x5f\x43\x4f\x4e\x4e\x45\
\x43\x54\0\x42\x50\x46\x5f\x43\x47\x52\x4f\x55\x50\x5f\x49\x4e\x45\x54\x34\x5f\
\x50\x4f\x53\x54\x5f\x42\x49\x4e\x44\0\x42\x50\x46\x5f\x43\x47\x52\x4f\x55\x50\
\x5f\x49\x4e\x45\x54\x36\x5f\x50\x4f\x53\x54\x5f\x42\x49\x4e\x44\0\x42\x50\x46\
\x5f\x43\x47\x52\x4f\x55\x50\x5f\x55\x44\x50\x34\x5f\x53\x45\x4e\x44\x4d\x53\
\x47\0\x42\x50\x46\x5f\x43\x47\x52\x4f\x55\x50\x5f\x55\x44\x50\x36\x5f\x53\x45\
\x4e\x44\x4d\x53\x47\0\x42\x50\x46\x5f\x4c\x49\x52\x43\x5f\x4d\x4f\x44\x45\x32\
\0\x42\x50\x46\x5f\x46\x4c\x4f\x57\x5f\x44\x49\x53\x53\x45\x43\x54\x4f\x52\0\
\x42\x50\x46\x5f\x43\x47\x52\x4f\x55\x50\x5f\x53\x59\x53\x43\x54\x4c\0\x42\x50\
\x46\x5f\x43\x47\x52\x4f\x55\x50\x5f\x55\x44\x50\x34\x5f\x52\x45\x43\x56\x4d\
\x53\x47\0\x42\x50\x46\x5f\x43\x47\x52\x4f\x55\x50\x5f\x55\x44\x50\x36\x5f\x52\
\x45\x43\x56\x4d\x53\x47\0\x42\x50\x46\x5f\x43\x47\x52\x4f\x55\x50\x5f\x47\x45\
\x54\x53\x4f\x43\x4b\x4f\x50\x54\0\x42\x50\x46\x5f\x43\x47\x52\x4f\x55\x50\x5f\
\x53\x45\x54\x53\x4f\x43\x4b\x4f\x50\x54\0\x42\x50\x46\x5f\x54\x52\x41\x43\x45\
\x5f\x52\x41\x57\x5f\x54\x50\0\x42\x50\x46\x5f\x54\x52\x41\x43\x45\x5f\x46\x45\
\x4e\x54\x52\x59\0\x42\x50\x46\x5f\x54\x52\x41\x43\x45\x5f\x46\x45\x58\x49\x54\
\0\x42\x50\x46\x5f\x4d\x4f\x44\x49\x46\x59\x5f\x52\x45\x54\x55\x52\x4e\0\x42\
\x50\x46\x5f\x4c\x53\x4d\x5f\x4d\x41\x43\0\x42\x50\x46\x5f\x54\x52\x41\x43\x45\
\x5f\x49\x54\x45\x52\0\x42\x50\x46\x5f\x43\x47\x52\x4f\x55\x50\x5f\x49\x4e\x45\
\x54\x34\x5f\x47\x45\x54\x50\x45\x45\x52\x4e\x41\x4d\x45\0\x42\x50\x46\x5f\x43\
\x47\x52\x4f\x55\x50\x5f\x49\x4e\x45\x54\x36\x5f\x47\x45\x54\x50\x45\x45\x52\
\x4e\x41\x4d\x45\0\x42\x50\x46\x5f\x43\x47\x52\x4f\x55\x50\x5f\x49\x4e\x45\x54\
\x34\x5f\x47\x45\x54\x53\x4f\x43\x4b\x4e\x41\x4d\x45\0\x42\x50\x46\x5f\x43\x47\
\x52\x4f\x55\x50\x5f\x49\x4e\x45\x54\x36\x5f\x47\x45\x54\x53\x4f\x43\x4b\x4e\
\x41\x4d\x45\0\x42\x50\x46\x5f\x58\x44\x50\x5f\x44\x45\x56\x4d\x41\x50\0\x42\
\x50\x46\x5f\x43\x47\x52\x4f\x55\x50\x5f\x49\x4e\x45\x54\x5f\x53\x4f\x43\x4b\
\x5f\x52\x45\x4c\x45\x41\x53\x45\0\x42\x50\x46\x5f\x58\x44\x50\x5f\x43\x50\x55\
\x4d\x41\x50\0\x42\x50\x46\x5f\x53\x4b\x5f\x4c\x4f\x4f\x4b\x55\x50\0\x42\x50\
\x46\x5f\x58\x44\x50\0\x42\x50\x46\x5f\x53\x4b\x5f\x53\x4b\x42\x5f\x56\x45\x52\
\x44\x49\x43\x54\0\x42\x50\x46\x5f\x53\x4b\x5f\x52\x45\x55\x53\x45\x50\x4f\x52\
\x54\x5f\x53\x45\x4c\x45\x43\x54\0\x42\x50\x46\x5f\x53\x4b\x5f\x52\x45\x55\x53\
\x45\x50\x4f\x52\x54\x5f\x53\x45\x4c\x45\x43\x54\x5f\x4f\x52\x5f\x4d\x49\x47\
\x52\x41\x54\x45\0\x42\x50\x46\x5f\x50\x45\x52\x46\x5f\x45\x56\x45\x4e\x54\0\
\x5f\x5f\x4d\x41\x58\x5f\x42\x50\x46\x5f\x41\x54\x54\x41\x43\x48\x5f\x54\x59\
\x50\x45\0\x62\x70\x66\x5f\x69\x6e\x73\x6e\0\x63\x6f\x64\x65\0\x64\x73\x74\x5f\
\x72\x65\x67\0\x73\x72\x63\x5f\x72\x65\x67\0\x6f\x66\x66\0\x69\x6d\x6d\0\x73\
\x6f\x63\x6b\x5f\x66\x69\x6c\x74\x65\x72\0\x6a\x74\0\x6a\x66\0\x6b\0\x63\x67\
\x72\x6f\x75\x70\x5f\x73\x74\x6f\x72\x61\x67\x65\0\x62\x70\x66\x5f\x63\x67\x72\
\x6f\x75\x70\x5f\x73\x74\x6f\x72\x61\x67\x65\0\x6d\x61\x70\0\x6c\x69\x73\x74\
\x5f\x6d\x61\x70\0\x6c\x69\x73\x74\x5f\x63\x67\0\x70\x65\x72\x63\x70\x75\x5f\
\x62\x75\x66\0\x62\x70\x66\x5f\x63\x67\x72\x6f\x75\x70\x5f\x73\x74\x6f\x72\x61\
\x67\x65\x5f\x6b\x65\x79\0\x63\x67\x72\x6f\x75\x70\x5f\x69\x6e\x6f\x64\x65\x5f\
\x69\x64\0\x61\x74\x74\x61\x63\x68\x5f\x74\x79\x70\x65\0\x63\x67\x72\x6f\x75\
\x70\x5f\x66\x72\x65\x65\x7a\x65\x72\x5f\x73\x74\x61\x74\x65\0\x66\x72\x65\x65\
\x7a\x65\0\x65\x5f\x66\x72\x65\x65\x7a\x65\0\x6e\x72\x5f\x66\x72\x6f\x7a\x65\
\x6e\x5f\x64\x65\x73\x63\x65\x6e\x64\x61\x6e\x74\x73\0\x6e\x72\x5f\x66\x72\x6f\
\x7a\x65\x6e\x5f\x74\x61\x73\x6b\x73\0\x20\x20\x6e\x73\x5f\x69\x6e\x66\x6f\x2d\
\x3e\x69\x70\x63\x5f\x6e\x73\x20\x3d\x20\x42\x50\x46\x5f\x43\x4f\x52\x45\x5f\
\x52\x45\x41\x44\x28\x74\x2c\x20\x6e\x73\x70\x72\x6f\x78\x79\x2c\x20\x69\x70\
\x63\x5f\x6e\x73\x2c\x20\x6e\x73\x2e\x69\x6e\x75\x6d\x29\x3b\0\x30\x3a\x32\0\
\x69\x70\x63\x5f\x6e\x61\x6d\x65\x73\x70\x61\x63\x65\0\x69\x64\x73\0\x73\x65\
\x6d\x5f\x63\x74\x6c\x73\0\x75\x73\x65\x64\x5f\x73\x65\x6d\x73\0\x6d\x73\x67\
\x5f\x63\x74\x6c\x6d\x61\x78\0\x6d\x73\x67\x5f\x63\x74\x6c\x6d\x6e\x62\0\x6d\
\x73\x67\x5f\x63\x74\x6c\x6d\x6e\x69\0\x6d\x73\x67\x5f\x62\x79\x74\x65\x73\0\
\x6d\x73\x67\x5f\x68\x64\x72\x73\0\x73\x68\x6d\x5f\x63\x74\x6c\x6d\x61\x78\0\
\x73\x68\x6d\x5f\x63\x74\x6c\x61\x6c\x6c\0\x73\x68\x6d\x5f\x74\x6f\x74\0\x73\
\x68\x6d\x5f\x63\x74\x6c\x6d\x6e\x69\0\x73\x68\x6d\x5f\x72\x6d\x69\x64\x5f\x66\
\x6f\x72\x63\x65\x64\0\x69\x70\x63\x6e\x73\x5f\x6e\x62\0\x6d\x71\x5f\x6d\x6e\
\x74\0\x6d\x71\x5f\x71\x75\x65\x75\x65\x73\x5f\x63\x6f\x75\x6e\x74\0\x6d\x71\
\x5f\x71\x75\x65\x75\x65\x73\x5f\x6d\x61\x78\0\x6d\x71\x5f\x6d\x73\x67\x5f\x6d\
\x61\x78\0\x6d\x71\x5f\x6d\x73\x67\x73\x69\x7a\x65\x5f\x6d\x61\x78\0\x6d\x71\
\x5f\x6d\x73\x67\x5f\x64\x65\x66\x61\x75\x6c\x74\0\x6d\x71\x5f\x6d\x73\x67\x73\
\x69\x7a\x65\x5f\x64\x65\x66\x61\x75\x6c\x74\0\x6d\x6e\x74\x5f\x6c\x6c\x69\x73\
\x74\0\x69\x70\x63\x5f\x69\x64\x73\0\x69\x6e\x5f\x75\x73\x65\0\x72\x77\x73\x65\
\x6d\0\x69\x70\x63\x73\x5f\x69\x64\x72\0\x6d\x61\x78\x5f\x69\x64\x78\0\x6c\x61\
\x73\x74\x5f\x69\x64\x78\0\x6b\x65\x79\x5f\x68\x74\0\x72\x68\x61\x73\x68\x74\
\x61\x62\x6c\x65\0\x74\x62\x6c\0\x6b\x65\x79\x5f\x6c\x65\x6e\0\x6d\x61\x78\x5f\
\x65\x6c\x65\x6d\x73\0\x72\x68\x6c\x69\x73\x74\0\x72\x75\x6e\x5f\x77\x6f\x72\
\x6b\0\x6e\x65\x6c\x65\x6d\x73\0\x72\x68\x61\x73\x68\x74\x61\x62\x6c\x65\x5f\
\x70\x61\x72\x61\x6d\x73\0\x6e\x65\x6c\x65\x6d\x5f\x68\x69\x6e\x74\0\x6b\x65\
\x79\x5f\x6f\x66\x66\x73\x65\x74\0\x68\x65\x61\x64\x5f\x6f\x66\x66\x73\x65\x74\
\0\x6d\x61\x78\x5f\x73\x69\x7a\x65\0\x6d\x69\x6e\x5f\x73\x69\x7a\x65\0\x61\x75\
\x74\x6f\x6d\x61\x74\x69\x63\x5f\x73\x68\x72\x69\x6e\x6b\x69\x6e\x67\0\x68\x61\
\x73\x68\x66\x6e\0\x6f\x62\x6a\x5f\x68\x61\x73\x68\x66\x6e\0\x6f\x62\x6a\x5f\
\x63\x6d\x70\x66\x6e\0\x72\x68\x74\x5f\x68\x61\x73\x68\x66\x6e\x5f\x74\0\x72\
\x68\x74\x5f\x6f\x62\x6a\x5f\x68\x61\x73\x68\x66\x6e\x5f\x74\0\x72\x68\x74\x5f\
\x6f\x62\x6a\x5f\x63\x6d\x70\x66\x6e\x5f\x74\0\x72\x68\x61\x73\x68\x74\x61\x62\
\x6c\x65\x5f\x63\x6f\x6d\x70\x61\x72\x65\x5f\x61\x72\x67\0\x68\x74\0\x6e\x6f\
\x74\x69\x66\x69\x65\x72\x5f\x62\x6c\x6f\x63\x6b\0\x6e\x6f\x74\x69\x66\x69\x65\
\x72\x5f\x63\x61\x6c\x6c\0\x70\x72\x69\x6f\x72\x69\x74\x79\0\x6e\x6f\x74\x69\
\x66\x69\x65\x72\x5f\x66\x6e\x5f\x74\0\x76\x66\x73\x6d\x6f\x75\x6e\x74\0\x6d\
\x6e\x74\x5f\x72\x6f\x6f\x74\0\x6d\x6e\x74\x5f\x73\x62\0\x6d\x6e\x74\x5f\x66\
\x6c\x61\x67\x73\0\x6d\x6e\x74\x5f\x75\x73\x65\x72\x6e\x73\0\x64\x5f\x66\x6c\
\x61\x67\x73\0\x64\x5f\x73\x65\x71\0\x64\x5f\x68\x61\x73\x68\0\x64\x5f\x70\x61\
\x72\x65\x6e\x74\0\x64\x5f\x6e\x61\x6d\x65\0\x64\x5f\x69\x6e\x6f\x64\x65\0\x64\
\x5f\x69\x6e\x61\x6d\x65\0\x64\x5f\x6c\x6f\x63\x6b\x72\x65\x66\0\x64\x5f\x6f\
\x70\0\x64\x5f\x73\x62\0\x64\x5f\x74\x69\x6d\x65\0\x64\x5f\x66\x73\x64\x61\x74\
\x61\0\x64\x5f\x63\x68\x69\x6c\x64\0\x64\x5f\x73\x75\x62\x64\x69\x72\x73\0\x64\
\x5f\x75\0\x68\x6c\x69\x73\x74\x5f\x62\x6c\x5f\x6e\x6f\x64\x65\0\x71\x73\x74\
\x72\0\x68\x61\x73\x68\x5f\x6c\x65\x6e\0\x6c\x6f\x63\x6b\x72\x65\x66\0\x6c\x6f\
\x63\x6b\x5f\x63\x6f\x75\x6e\x74\0\x73\x75\x70\x65\x72\x5f\x62\x6c\x6f\x63\x6b\
\0\x73\x5f\x6c\x69\x73\x74\0\x73\x5f\x64\x65\x76\0\x73\x5f\x62\x6c\x6f\x63\x6b\
\x73\x69\x7a\x65\x5f\x62\x69\x74\x73\0\x73\x5f\x62\x6c\x6f\x63\x6b\x73\x69\x7a\
\x65\0\x73\x5f\x6d\x61\x78\x62\x79\x74\x65\x73\0\x73\x5f\x74\x79\x70\x65\0\x73\
\x5f\x6f\x70\0\x64\x71\x5f\x6f\x70\0\x73\x5f\x71\x63\x6f\x70\0\x73\x5f\x65\x78\
\x70\x6f\x72\x74\x5f\x6f\x70\0\x73\x5f\x66\x6c\x61\x67\x73\0\x73\x5f\x69\x66\
\x6c\x61\x67\x73\0\x73\x5f\x6d\x61\x67\x69\x63\0\x73\x5f\x72\x6f\x6f\x74\0\x73\
\x5f\x75\x6d\x6f\x75\x6e\x74\0\x73\x5f\x63\x6f\x75\x6e\x74\0\x73\x5f\x61\x63\
\x74\x69\x76\x65\0\x73\x5f\x73\x65\x63\x75\x72\x69\x74\x79\0\x73\x5f\x78\x61\
\x74\x74\x72\0\x73\x5f\x63\x6f\x70\0\x73\x5f\x6d\x61\x73\x74\x65\x72\x5f\x6b\
\x65\x79\x73\0\x73\x5f\x76\x6f\x70\0\x73\x5f\x65\x6e\x63\x6f\x64\x69\x6e\x67\0\
\x73\x5f\x65\x6e\x63\x6f\x64\x69\x6e\x67\x5f\x66\x6c\x61\x67\x73\0\x73\x5f\x72\
\x6f\x6f\x74\x73\0\x73\x5f\x6d\x6f\x75\x6e\x74\x73\0\x73\x5f\x62\x64\x65\x76\0\
\x73\x5f\x62\x64\x69\0\x73\x5f\x6d\x74\x64\0\x73\x5f\x69\x6e\x73\x74\x61\x6e\
\x63\x65\x73\0\x73\x5f\x71\x75\x6f\x74\x61\x5f\x74\x79\x70\x65\x73\0\x73\x5f\
\x64\x71\x75\x6f\x74\0\x73\x5f\x77\x72\x69\x74\x65\x72\x73\0\x73\x5f\x66\x73\
\x5f\x69\x6e\x66\x6f\0\x73\x5f\x74\x69\x6d\x65\x5f\x67\x72\x61\x6e\0\x73\x5f\
\x74\x69\x6d\x65\x5f\x6d\x69\x6e\0\x73\x5f\x74\x69\x6d\x65\x5f\x6d\x61\x78\0\
\x73\x5f\x66\x73\x6e\x6f\x74\x69\x66\x79\x5f\x6d\x61\x73\x6b\0\x73\x5f\x66\x73\
\x6e\x6f\x74\x69\x66\x79\x5f\x6d\x61\x72\x6b\x73\0\x73\x5f\x69\x64\0\x73\x5f\
\x75\x75\x69\x64\0\x73\x5f\x6d\x61\x78\x5f\x6c\x69\x6e\x6b\x73\0\x73\x5f\x6d\
\x6f\x64\x65\0\x73\x5f\x76\x66\x73\x5f\x72\x65\x6e\x61\x6d\x65\x5f\x6d\x75\x74\
\x65\x78\0\x73\x5f\x73\x75\x62\x74\x79\x70\x65\0\x73\x5f\x64\x5f\x6f\x70\0\x63\
\x6c\x65\x61\x6e\x63\x61\x63\x68\x65\x5f\x70\x6f\x6f\x6c\x69\x64\0\x73\x5f\x73\
\x68\x72\x69\x6e\x6b\0\x73\x5f\x72\x65\x6d\x6f\x76\x65\x5f\x63\x6f\x75\x6e\x74\
\0\x73\x5f\x66\x73\x6e\x6f\x74\x69\x66\x79\x5f\x63\x6f\x6e\x6e\x65\x63\x74\x6f\
\x72\x73\0\x73\x5f\x72\x65\x61\x64\x6f\x6e\x6c\x79\x5f\x72\x65\x6d\x6f\x75\x6e\
\x74\0\x73\x5f\x77\x62\x5f\x65\x72\x72\0\x73\x5f\x64\x69\x6f\x5f\x64\x6f\x6e\
\x65\x5f\x77\x71\0\x73\x5f\x70\x69\x6e\x73\0\x73\x5f\x75\x73\x65\x72\x5f\x6e\
\x73\0\x73\x5f\x64\x65\x6e\x74\x72\x79\x5f\x6c\x72\x75\0\x73\x5f\x69\x6e\x6f\
\x64\x65\x5f\x6c\x72\x75\0\x73\x5f\x73\x79\x6e\x63\x5f\x6c\x6f\x63\x6b\0\x73\
\x5f\x73\x74\x61\x63\x6b\x5f\x64\x65\x70\x74\x68\0\x73\x5f\x69\x6e\x6f\x64\x65\
\x5f\x6c\x69\x73\x74\x5f\x6c\x6f\x63\x6b\0\x73\x5f\x69\x6e\x6f\x64\x65\x73\0\
\x73\x5f\x69\x6e\x6f\x64\x65\x5f\x77\x62\x6c\x69\x73\x74\x5f\x6c\x6f\x63\x6b\0\
\x73\x5f\x69\x6e\x6f\x64\x65\x73\x5f\x77\x62\0\x68\x6c\x69\x73\x74\x5f\x62\x6c\
\x5f\x68\x65\x61\x64\0\x62\x64\x69\x5f\x6c\x69\x73\x74\0\x69\x6f\x5f\x70\x61\
\x67\x65\x73\0\x6d\x69\x6e\x5f\x72\x61\x74\x69\x6f\0\x6d\x61\x78\x5f\x72\x61\
\x74\x69\x6f\0\x6d\x61\x78\x5f\x70\x72\x6f\x70\x5f\x66\x72\x61\x63\0\x74\x6f\
\x74\x5f\x77\x72\x69\x74\x65\x5f\x62\x61\x6e\x64\x77\x69\x64\x74\x68\0\x77\x62\
\0\x77\x62\x5f\x6c\x69\x73\x74\0\x77\x62\x5f\x77\x61\x69\x74\x71\0\x64\x65\x76\
\x5f\x6e\x61\x6d\x65\0\x6c\x61\x70\x74\x6f\x70\x5f\x6d\x6f\x64\x65\x5f\x77\x62\
\x5f\x74\x69\x6d\x65\x72\0\x64\x65\x62\x75\x67\x5f\x64\x69\x72\0\x62\x64\x69\
\x5f\x77\x72\x69\x74\x65\x62\x61\x63\x6b\0\x62\x64\x69\0\x6c\x61\x73\x74\x5f\
\x6f\x6c\x64\x5f\x66\x6c\x75\x73\x68\0\x62\x5f\x64\x69\x72\x74\x79\0\x62\x5f\
\x69\x6f\0\x62\x5f\x6d\x6f\x72\x65\x5f\x69\x6f\0\x62\x5f\x64\x69\x72\x74\x79\
\x5f\x74\x69\x6d\x65\0\x77\x72\x69\x74\x65\x62\x61\x63\x6b\x5f\x69\x6e\x6f\x64\
\x65\x73\0\x73\x74\x61\x74\0\x63\x6f\x6e\x67\x65\x73\x74\x65\x64\0\x62\x77\x5f\
\x74\x69\x6d\x65\x5f\x73\x74\x61\x6d\x70\0\x64\x69\x72\x74\x69\x65\x64\x5f\x73\
\x74\x61\x6d\x70\0\x77\x72\x69\x74\x74\x65\x6e\x5f\x73\x74\x61\x6d\x70\0\x77\
\x72\x69\x74\x65\x5f\x62\x61\x6e\x64\x77\x69\x64\x74\x68\0\x61\x76\x67\x5f\x77\
\x72\x69\x74\x65\x5f\x62\x61\x6e\x64\x77\x69\x64\x74\x68\0\x64\x69\x72\x74\x79\
\x5f\x72\x61\x74\x65\x6c\x69\x6d\x69\x74\0\x62\x61\x6c\x61\x6e\x63\x65\x64\x5f\
\x64\x69\x72\x74\x79\x5f\x72\x61\x74\x65\x6c\x69\x6d\x69\x74\0\x63\x6f\x6d\x70\
\x6c\x65\x74\x69\x6f\x6e\x73\0\x64\x69\x72\x74\x79\x5f\x65\x78\x63\x65\x65\x64\
\x65\x64\0\x73\x74\x61\x72\x74\x5f\x61\x6c\x6c\x5f\x72\x65\x61\x73\x6f\x6e\0\
\x77\x6f\x72\x6b\x5f\x6c\x6f\x63\x6b\0\x77\x6f\x72\x6b\x5f\x6c\x69\x73\x74\0\
\x64\x77\x6f\x72\x6b\0\x62\x77\x5f\x64\x77\x6f\x72\x6b\0\x64\x69\x72\x74\x79\
\x5f\x73\x6c\x65\x65\x70\0\x62\x64\x69\x5f\x6e\x6f\x64\x65\0\x66\x70\x72\x6f\
\x70\x5f\x6c\x6f\x63\x61\x6c\x5f\x70\x65\x72\x63\x70\x75\0\x77\x62\x5f\x72\x65\
\x61\x73\x6f\x6e\0\x57\x42\x5f\x52\x45\x41\x53\x4f\x4e\x5f\x42\x41\x43\x4b\x47\
\x52\x4f\x55\x4e\x44\0\x57\x42\x5f\x52\x45\x41\x53\x4f\x4e\x5f\x56\x4d\x53\x43\
\x41\x4e\0\x57\x42\x5f\x52\x45\x41\x53\x4f\x4e\x5f\x53\x59\x4e\x43\0\x57\x42\
\x5f\x52\x45\x41\x53\x4f\x4e\x5f\x50\x45\x52\x49\x4f\x44\x49\x43\0\x57\x42\x5f\
\x52\x45\x41\x53\x4f\x4e\x5f\x4c\x41\x50\x54\x4f\x50\x5f\x54\x49\x4d\x45\x52\0\
\x57\x42\x5f\x52\x45\x41\x53\x4f\x4e\x5f\x46\x53\x5f\x46\x52\x45\x45\x5f\x53\
\x50\x41\x43\x45\0\x57\x42\x5f\x52\x45\x41\x53\x4f\x4e\x5f\x46\x4f\x52\x4b\x45\
\x52\x5f\x54\x48\x52\x45\x41\x44\0\x57\x42\x5f\x52\x45\x41\x53\x4f\x4e\x5f\x46\
\x4f\x52\x45\x49\x47\x4e\x5f\x46\x4c\x55\x53\x48\0\x57\x42\x5f\x52\x45\x41\x53\
\x4f\x4e\x5f\x4d\x41\x58\0\x64\x65\x76\x69\x63\x65\0\x69\x6e\x69\x74\x5f\x6e\
\x61\x6d\x65\0\x62\x75\x73\0\x64\x72\x69\x76\x65\x72\0\x70\x6c\x61\x74\x66\x6f\
\x72\x6d\x5f\x64\x61\x74\x61\0\x64\x72\x69\x76\x65\x72\x5f\x64\x61\x74\x61\0\
\x6c\x69\x6e\x6b\x73\0\x70\x6f\x77\x65\x72\0\x70\x6d\x5f\x64\x6f\x6d\x61\x69\
\x6e\0\x6d\x73\x69\x5f\x64\x6f\x6d\x61\x69\x6e\0\x70\x69\x6e\x73\0\x6d\x73\x69\
\x5f\x6c\x6f\x63\x6b\0\x6d\x73\x69\x5f\x6c\x69\x73\x74\0\x64\x6d\x61\x5f\x6f\
\x70\x73\0\x64\x6d\x61\x5f\x6d\x61\x73\x6b\0\x63\x6f\x68\x65\x72\x65\x6e\x74\
\x5f\x64\x6d\x61\x5f\x6d\x61\x73\x6b\0\x62\x75\x73\x5f\x64\x6d\x61\x5f\x6c\x69\
\x6d\x69\x74\0\x64\x6d\x61\x5f\x72\x61\x6e\x67\x65\x5f\x6d\x61\x70\0\x64\x6d\
\x61\x5f\x70\x61\x72\x6d\x73\0\x64\x6d\x61\x5f\x70\x6f\x6f\x6c\x73\0\x64\x6d\
\x61\x5f\x69\x6f\x5f\x74\x6c\x62\x5f\x6d\x65\x6d\0\x61\x72\x63\x68\x64\x61\x74\
\x61\0\x6f\x66\x5f\x6e\x6f\x64\x65\0\x66\x77\x6e\x6f\x64\x65\0\x64\x65\x76\x74\
\0\x64\x65\x76\x72\x65\x73\x5f\x6c\x6f\x63\x6b\0\x64\x65\x76\x72\x65\x73\x5f\
\x68\x65\x61\x64\0\x67\x72\x6f\x75\x70\x73\0\x69\x6f\x6d\x6d\x75\x5f\x67\x72\
\x6f\x75\x70\0\x69\x6f\x6d\x6d\x75\0\x70\x68\x79\x73\x69\x63\x61\x6c\x5f\x6c\
\x6f\x63\x61\x74\x69\x6f\x6e\0\x72\x65\x6d\x6f\x76\x61\x62\x6c\x65\0\x63\x6f\
\x72\x65\x64\x75\x6d\x70\x5f\x64\x69\x73\x61\x62\x6c\x65\x64\0\x6f\x66\x66\x6c\
\x69\x6e\x65\x5f\x64\x69\x73\x61\x62\x6c\x65\x64\0\x6f\x66\x66\x6c\x69\x6e\x65\
\0\x6f\x66\x5f\x6e\x6f\x64\x65\x5f\x72\x65\x75\x73\x65\x64\0\x73\x74\x61\x74\
\x65\x5f\x73\x79\x6e\x63\x65\x64\0\x63\x61\x6e\x5f\x6d\x61\x74\x63\x68\0\x64\
\x65\x76\x5f\x6c\x69\x6e\x6b\x73\x5f\x69\x6e\x66\x6f\0\x73\x75\x70\x70\x6c\x69\
\x65\x72\x73\0\x63\x6f\x6e\x73\x75\x6d\x65\x72\x73\0\x64\x65\x66\x65\x72\x5f\
\x73\x79\x6e\x63\0\x64\x6c\x5f\x64\x65\x76\x5f\x73\x74\x61\x74\x65\0\x44\x4c\
\x5f\x44\x45\x56\x5f\x4e\x4f\x5f\x44\x52\x49\x56\x45\x52\0\x44\x4c\x5f\x44\x45\
\x56\x5f\x50\x52\x4f\x42\x49\x4e\x47\0\x44\x4c\x5f\x44\x45\x56\x5f\x44\x52\x49\
\x56\x45\x52\x5f\x42\x4f\x55\x4e\x44\0\x44\x4c\x5f\x44\x45\x56\x5f\x55\x4e\x42\
\x49\x4e\x44\x49\x4e\x47\0\x64\x65\x76\x5f\x70\x6d\x5f\x69\x6e\x66\x6f\0\x70\
\x6f\x77\x65\x72\x5f\x73\x74\x61\x74\x65\0\x63\x61\x6e\x5f\x77\x61\x6b\x65\x75\
\x70\0\x61\x73\x79\x6e\x63\x5f\x73\x75\x73\x70\x65\x6e\x64\0\x69\x6e\x5f\x64\
\x70\x6d\x5f\x6c\x69\x73\x74\0\x69\x73\x5f\x70\x72\x65\x70\x61\x72\x65\x64\0\
\x69\x73\x5f\x73\x75\x73\x70\x65\x6e\x64\x65\x64\0\x69\x73\x5f\x6e\x6f\x69\x72\
\x71\x5f\x73\x75\x73\x70\x65\x6e\x64\x65\x64\0\x69\x73\x5f\x6c\x61\x74\x65\x5f\
\x73\x75\x73\x70\x65\x6e\x64\x65\x64\0\x6e\x6f\x5f\x70\x6d\0\x65\x61\x72\x6c\
\x79\x5f\x69\x6e\x69\x74\0\x64\x69\x72\x65\x63\x74\x5f\x63\x6f\x6d\x70\x6c\x65\
\x74\x65\0\x64\x72\x69\x76\x65\x72\x5f\x66\x6c\x61\x67\x73\0\x77\x61\x6b\x65\
\x75\x70\x5f\x70\x61\x74\x68\0\x73\x79\x73\x63\x6f\x72\x65\0\x6e\x6f\x5f\x70\
\x6d\x5f\x63\x61\x6c\x6c\x62\x61\x63\x6b\x73\0\x6d\x75\x73\x74\x5f\x72\x65\x73\
\x75\x6d\x65\0\x6d\x61\x79\x5f\x73\x6b\x69\x70\x5f\x72\x65\x73\x75\x6d\x65\0\
\x73\x75\x73\x70\x65\x6e\x64\x5f\x74\x69\x6d\x65\x72\0\x74\x69\x6d\x65\x72\x5f\
\x65\x78\x70\x69\x72\x65\x73\0\x77\x61\x69\x74\x5f\x71\x75\x65\x75\x65\0\x77\
\x61\x6b\x65\x69\x72\x71\0\x75\x73\x61\x67\x65\x5f\x63\x6f\x75\x6e\x74\0\x64\
\x69\x73\x61\x62\x6c\x65\x5f\x64\x65\x70\x74\x68\0\x69\x64\x6c\x65\x5f\x6e\x6f\
\x74\x69\x66\x69\x63\x61\x74\x69\x6f\x6e\0\x72\x65\x71\x75\x65\x73\x74\x5f\x70\
\x65\x6e\x64\x69\x6e\x67\0\x64\x65\x66\x65\x72\x72\x65\x64\x5f\x72\x65\x73\x75\
\x6d\x65\0\x6e\x65\x65\x64\x73\x5f\x66\x6f\x72\x63\x65\x5f\x72\x65\x73\x75\x6d\
\x65\0\x72\x75\x6e\x74\x69\x6d\x65\x5f\x61\x75\x74\x6f\0\x69\x67\x6e\x6f\x72\
\x65\x5f\x63\x68\x69\x6c\x64\x72\x65\x6e\0\x6e\x6f\x5f\x63\x61\x6c\x6c\x62\x61\
\x63\x6b\x73\0\x69\x72\x71\x5f\x73\x61\x66\x65\0\x75\x73\x65\x5f\x61\x75\x74\
\x6f\x73\x75\x73\x70\x65\x6e\x64\0\x74\x69\x6d\x65\x72\x5f\x61\x75\x74\x6f\x73\
\x75\x73\x70\x65\x6e\x64\x73\0\x6d\x65\x6d\x61\x6c\x6c\x6f\x63\x5f\x6e\x6f\x69\
\x6f\0\x6c\x69\x6e\x6b\x73\x5f\x63\x6f\x75\x6e\x74\0\x72\x65\x71\x75\x65\x73\
\x74\0\x72\x75\x6e\x74\x69\x6d\x65\x5f\x73\x74\x61\x74\x75\x73\0\x72\x75\x6e\
\x74\x69\x6d\x65\x5f\x65\x72\x72\x6f\x72\0\x61\x75\x74\x6f\x73\x75\x73\x70\x65\
\x6e\x64\x5f\x64\x65\x6c\x61\x79\0\x6c\x61\x73\x74\x5f\x62\x75\x73\x79\0\x61\
\x63\x74\x69\x76\x65\x5f\x74\x69\x6d\x65\0\x73\x75\x73\x70\x65\x6e\x64\x65\x64\
\x5f\x74\x69\x6d\x65\0\x61\x63\x63\x6f\x75\x6e\x74\x69\x6e\x67\x5f\x74\x69\x6d\
\x65\x73\x74\x61\x6d\x70\0\x73\x75\x62\x73\x79\x73\x5f\x64\x61\x74\x61\0\x73\
\x65\x74\x5f\x6c\x61\x74\x65\x6e\x63\x79\x5f\x74\x6f\x6c\x65\x72\x61\x6e\x63\
\x65\0\x71\x6f\x73\0\x70\x6d\x5f\x6d\x65\x73\x73\x61\x67\x65\x5f\x74\0\x70\x6d\
\x5f\x6d\x65\x73\x73\x61\x67\x65\0\x72\x70\x6d\x5f\x72\x65\x71\x75\x65\x73\x74\
\0\x52\x50\x4d\x5f\x52\x45\x51\x5f\x4e\x4f\x4e\x45\0\x52\x50\x4d\x5f\x52\x45\
\x51\x5f\x49\x44\x4c\x45\0\x52\x50\x4d\x5f\x52\x45\x51\x5f\x53\x55\x53\x50\x45\
\x4e\x44\0\x52\x50\x4d\x5f\x52\x45\x51\x5f\x41\x55\x54\x4f\x53\x55\x53\x50\x45\
\x4e\x44\0\x52\x50\x4d\x5f\x52\x45\x51\x5f\x52\x45\x53\x55\x4d\x45\0\x72\x70\
\x6d\x5f\x73\x74\x61\x74\x75\x73\0\x52\x50\x4d\x5f\x41\x43\x54\x49\x56\x45\0\
\x52\x50\x4d\x5f\x52\x45\x53\x55\x4d\x49\x4e\x47\0\x52\x50\x4d\x5f\x53\x55\x53\
\x50\x45\x4e\x44\x45\x44\0\x52\x50\x4d\x5f\x53\x55\x53\x50\x45\x4e\x44\x49\x4e\
\x47\0\x64\x65\x76\x5f\x61\x72\x63\x68\x64\x61\x74\x61\0\x64\x65\x76\x69\x63\
\x65\x5f\x72\x65\x6d\x6f\x76\x61\x62\x6c\x65\0\x44\x45\x56\x49\x43\x45\x5f\x52\
\x45\x4d\x4f\x56\x41\x42\x4c\x45\x5f\x4e\x4f\x54\x5f\x53\x55\x50\x50\x4f\x52\
\x54\x45\x44\0\x44\x45\x56\x49\x43\x45\x5f\x52\x45\x4d\x4f\x56\x41\x42\x4c\x45\
\x5f\x55\x4e\x4b\x4e\x4f\x57\x4e\0\x44\x45\x56\x49\x43\x45\x5f\x46\x49\x58\x45\
\x44\0\x44\x45\x56\x49\x43\x45\x5f\x52\x45\x4d\x4f\x56\x41\x42\x4c\x45\0\x6d\
\x74\x64\x5f\x69\x6e\x66\x6f\0\x71\x75\x6f\x74\x61\x5f\x69\x6e\x66\x6f\0\x64\
\x71\x69\x6f\x5f\x73\x65\x6d\0\x6d\x65\x6d\x5f\x64\x71\x69\x6e\x66\x6f\0\x64\
\x71\x69\x5f\x66\x6f\x72\x6d\x61\x74\0\x64\x71\x69\x5f\x66\x6d\x74\x5f\x69\x64\
\0\x64\x71\x69\x5f\x64\x69\x72\x74\x79\x5f\x6c\x69\x73\x74\0\x64\x71\x69\x5f\
\x66\x6c\x61\x67\x73\0\x64\x71\x69\x5f\x62\x67\x72\x61\x63\x65\0\x64\x71\x69\
\x5f\x69\x67\x72\x61\x63\x65\0\x64\x71\x69\x5f\x6d\x61\x78\x5f\x73\x70\x63\x5f\
\x6c\x69\x6d\x69\x74\0\x64\x71\x69\x5f\x6d\x61\x78\x5f\x69\x6e\x6f\x5f\x6c\x69\
\x6d\x69\x74\0\x64\x71\x69\x5f\x70\x72\x69\x76\0\x71\x73\x69\x7a\x65\x5f\x74\0\
\x71\x75\x6f\x74\x61\x5f\x66\x6f\x72\x6d\x61\x74\x5f\x6f\x70\x73\0\x63\x68\x65\
\x63\x6b\x5f\x71\x75\x6f\x74\x61\x5f\x66\x69\x6c\x65\0\x72\x65\x61\x64\x5f\x66\
\x69\x6c\x65\x5f\x69\x6e\x66\x6f\0\x77\x72\x69\x74\x65\x5f\x66\x69\x6c\x65\x5f\
\x69\x6e\x66\x6f\0\x66\x72\x65\x65\x5f\x66\x69\x6c\x65\x5f\x69\x6e\x66\x6f\0\
\x72\x65\x61\x64\x5f\x64\x71\x62\x6c\x6b\0\x63\x6f\x6d\x6d\x69\x74\x5f\x64\x71\
\x62\x6c\x6b\0\x72\x65\x6c\x65\x61\x73\x65\x5f\x64\x71\x62\x6c\x6b\0\x67\x65\
\x74\x5f\x6e\x65\x78\x74\x5f\x69\x64\0\x64\x71\x75\x6f\x74\0\x64\x71\x5f\x68\
\x61\x73\x68\0\x64\x71\x5f\x69\x6e\x75\x73\x65\0\x64\x71\x5f\x66\x72\x65\x65\0\
\x64\x71\x5f\x64\x69\x72\x74\x79\0\x64\x71\x5f\x6c\x6f\x63\x6b\0\x64\x71\x5f\
\x64\x71\x62\x5f\x6c\x6f\x63\x6b\0\x64\x71\x5f\x63\x6f\x75\x6e\x74\0\x64\x71\
\x5f\x73\x62\0\x64\x71\x5f\x69\x64\0\x64\x71\x5f\x6f\x66\x66\0\x64\x71\x5f\x66\
\x6c\x61\x67\x73\0\x64\x71\x5f\x64\x71\x62\0\x6b\x71\x69\x64\0\x70\x72\x6f\x6a\
\x69\x64\0\x6b\x70\x72\x6f\x6a\x69\x64\x5f\x74\0\x70\x72\x6f\x6a\x69\x64\x5f\
\x74\0\x71\x75\x6f\x74\x61\x5f\x74\x79\x70\x65\0\x55\x53\x52\x51\x55\x4f\x54\
\x41\0\x47\x52\x50\x51\x55\x4f\x54\x41\0\x50\x52\x4a\x51\x55\x4f\x54\x41\0\x6d\
\x65\x6d\x5f\x64\x71\x62\x6c\x6b\0\x64\x71\x62\x5f\x62\x68\x61\x72\x64\x6c\x69\
\x6d\x69\x74\0\x64\x71\x62\x5f\x62\x73\x6f\x66\x74\x6c\x69\x6d\x69\x74\0\x64\
\x71\x62\x5f\x63\x75\x72\x73\x70\x61\x63\x65\0\x64\x71\x62\x5f\x72\x73\x76\x73\
\x70\x61\x63\x65\0\x64\x71\x62\x5f\x69\x68\x61\x72\x64\x6c\x69\x6d\x69\x74\0\
\x64\x71\x62\x5f\x69\x73\x6f\x66\x74\x6c\x69\x6d\x69\x74\0\x64\x71\x62\x5f\x63\
\x75\x72\x69\x6e\x6f\x64\x65\x73\0\x64\x71\x62\x5f\x62\x74\x69\x6d\x65\0\x64\
\x71\x62\x5f\x69\x74\x69\x6d\x65\0\x73\x62\x5f\x77\x72\x69\x74\x65\x72\x73\0\
\x77\x61\x69\x74\x5f\x75\x6e\x66\x72\x6f\x7a\x65\x6e\0\x72\x77\x5f\x73\x65\x6d\
\0\x70\x65\x72\x63\x70\x75\x5f\x72\x77\x5f\x73\x65\x6d\x61\x70\x68\x6f\x72\x65\
\0\x72\x73\x73\0\x72\x65\x61\x64\x5f\x63\x6f\x75\x6e\x74\0\x77\x72\x69\x74\x65\
\x72\0\x77\x61\x69\x74\x65\x72\x73\0\x62\x6c\x6f\x63\x6b\0\x72\x63\x75\x5f\x73\
\x79\x6e\x63\0\x67\x70\x5f\x73\x74\x61\x74\x65\0\x67\x70\x5f\x63\x6f\x75\x6e\
\x74\0\x67\x70\x5f\x77\x61\x69\x74\0\x63\x62\x5f\x68\x65\x61\x64\0\x72\x63\x75\
\x77\x61\x69\x74\0\x66\x73\x6e\x6f\x74\x69\x66\x79\x5f\x6d\x61\x72\x6b\x5f\x63\
\x6f\x6e\x6e\x65\x63\x74\x6f\x72\0\x66\x73\x69\x64\0\x5f\x5f\x6b\x65\x72\x6e\
\x65\x6c\x5f\x66\x73\x69\x64\x5f\x74\0\x6f\x62\x6a\0\x64\x65\x73\x74\x72\x6f\
\x79\x5f\x6e\x65\x78\x74\0\x66\x73\x6e\x6f\x74\x69\x66\x79\x5f\x63\x6f\x6e\x6e\
\x70\x5f\x74\0\x75\x75\x69\x64\x5f\x74\0\x64\x65\x6e\x74\x72\x79\x5f\x6f\x70\
\x65\x72\x61\x74\x69\x6f\x6e\x73\0\x64\x5f\x72\x65\x76\x61\x6c\x69\x64\x61\x74\
\x65\0\x64\x5f\x77\x65\x61\x6b\x5f\x72\x65\x76\x61\x6c\x69\x64\x61\x74\x65\0\
\x64\x5f\x63\x6f\x6d\x70\x61\x72\x65\0\x64\x5f\x64\x65\x6c\x65\x74\x65\0\x64\
\x5f\x69\x6e\x69\x74\0\x64\x5f\x72\x65\x6c\x65\x61\x73\x65\0\x64\x5f\x70\x72\
\x75\x6e\x65\0\x64\x5f\x69\x70\x75\x74\0\x64\x5f\x64\x6e\x61\x6d\x65\0\x64\x5f\
\x61\x75\x74\x6f\x6d\x6f\x75\x6e\x74\0\x64\x5f\x6d\x61\x6e\x61\x67\x65\0\x64\
\x5f\x72\x65\x61\x6c\0\x73\x68\x72\x69\x6e\x6b\x65\x72\0\x63\x6f\x75\x6e\x74\
\x5f\x6f\x62\x6a\x65\x63\x74\x73\0\x73\x63\x61\x6e\x5f\x6f\x62\x6a\x65\x63\x74\
\x73\0\x62\x61\x74\x63\x68\0\x73\x65\x65\x6b\x73\0\x6e\x72\x5f\x64\x65\x66\x65\
\x72\x72\x65\x64\0\x73\x68\x72\x69\x6e\x6b\x5f\x63\x6f\x6e\x74\x72\x6f\x6c\0\
\x6e\x69\x64\0\x6e\x72\x5f\x74\x6f\x5f\x73\x63\x61\x6e\0\x6e\x72\x5f\x73\x63\
\x61\x6e\x6e\x65\x64\0\x6d\x65\x6d\x63\x67\0\x6d\x65\x6d\x5f\x63\x67\x72\x6f\
\x75\x70\0\x6c\x69\x73\x74\x5f\x6c\x72\x75\0\x64\x5f\x6c\x72\x75\0\x64\x5f\x77\
\x61\x69\x74\0\x64\x5f\x61\x6c\x69\x61\x73\0\x64\x5f\x69\x6e\x5f\x6c\x6f\x6f\
\x6b\x75\x70\x5f\x68\x61\x73\x68\0\x64\x5f\x72\x63\x75\0\x30\x3a\x32\x34\x3a\
\x32\0\x20\x20\x6e\x73\x5f\x69\x6e\x66\x6f\x2d\x3e\x6e\x65\x74\x5f\x6e\x73\x20\
\x3d\x20\x42\x50\x46\x5f\x43\x4f\x52\x45\x5f\x52\x45\x41\x44\x28\x74\x2c\x20\
\x6e\x73\x70\x72\x6f\x78\x79\x2c\x20\x6e\x65\x74\x5f\x6e\x73\x2c\x20\x6e\x73\
\x2e\x69\x6e\x75\x6d\x29\x3b\0\x30\x3a\x35\0\x6e\x65\x74\0\x70\x61\x73\x73\x69\
\x76\x65\0\x72\x75\x6c\x65\x73\x5f\x6d\x6f\x64\x5f\x6c\x6f\x63\x6b\0\x64\x65\
\x76\x5f\x75\x6e\x72\x65\x67\x5f\x63\x6f\x75\x6e\x74\0\x64\x65\x76\x5f\x62\x61\
\x73\x65\x5f\x73\x65\x71\0\x69\x66\x69\x6e\x64\x65\x78\0\x6e\x73\x69\x64\x5f\
\x6c\x6f\x63\x6b\0\x66\x6e\x68\x65\x5f\x67\x65\x6e\x69\x64\0\x65\x78\x69\x74\
\x5f\x6c\x69\x73\x74\0\x63\x6c\x65\x61\x6e\x75\x70\x5f\x6c\x69\x73\x74\0\x6b\
\x65\x79\x5f\x64\x6f\x6d\x61\x69\x6e\0\x6e\x65\x74\x6e\x73\x5f\x69\x64\x73\0\
\x64\x65\x76\x5f\x62\x61\x73\x65\x5f\x68\x65\x61\x64\0\x70\x72\x6f\x63\x5f\x6e\
\x65\x74\0\x70\x72\x6f\x63\x5f\x6e\x65\x74\x5f\x73\x74\x61\x74\0\x72\x74\x6e\
\x6c\0\x67\x65\x6e\x6c\x5f\x73\x6f\x63\x6b\0\x75\x65\x76\x65\x6e\x74\x5f\x73\
\x6f\x63\x6b\0\x64\x65\x76\x5f\x6e\x61\x6d\x65\x5f\x68\x65\x61\x64\0\x64\x65\
\x76\x5f\x69\x6e\x64\x65\x78\x5f\x68\x65\x61\x64\0\x6e\x65\x74\x64\x65\x76\x5f\
\x63\x68\x61\x69\x6e\0\x68\x61\x73\x68\x5f\x6d\x69\x78\0\x6c\x6f\x6f\x70\x62\
\x61\x63\x6b\x5f\x64\x65\x76\0\x72\x75\x6c\x65\x73\x5f\x6f\x70\x73\0\x63\x6f\
\x72\x65\0\x6d\x69\x62\0\x70\x61\x63\x6b\x65\x74\0\x75\x6e\x78\0\x6e\x65\x78\
\x74\x68\x6f\x70\0\x69\x70\x76\x34\0\x69\x70\x76\x36\0\x6e\x66\0\x63\x74\0\x77\
\x65\x78\x74\x5f\x6e\x6c\x65\x76\x65\x6e\x74\x73\0\x67\x65\x6e\0\x78\x66\x72\
\x6d\0\x6e\x65\x74\x5f\x63\x6f\x6f\x6b\x69\x65\0\x64\x69\x61\x67\x5f\x6e\x6c\
\x73\x6b\0\x70\x72\x6f\x63\x5f\x64\x69\x72\x5f\x65\x6e\x74\x72\x79\0\x70\x64\
\x65\x5f\x6f\x70\x65\x6e\x65\x72\x73\0\x70\x64\x65\x5f\x75\x6e\x6c\x6f\x61\x64\
\x5f\x6c\x6f\x63\x6b\0\x70\x64\x65\x5f\x75\x6e\x6c\x6f\x61\x64\x5f\x63\x6f\x6d\
\x70\x6c\x65\x74\x69\x6f\x6e\0\x70\x72\x6f\x63\x5f\x69\x6f\x70\x73\0\x70\x72\
\x6f\x63\x5f\x64\x6f\x70\x73\0\x73\x74\x61\x74\x65\x5f\x73\x69\x7a\x65\0\x6c\
\x6f\x77\x5f\x69\x6e\x6f\0\x6e\x6c\x69\x6e\x6b\0\x73\x75\x62\x64\x69\x72\0\x73\
\x75\x62\x64\x69\x72\x5f\x6e\x6f\x64\x65\0\x6e\x61\x6d\x65\x6c\x65\x6e\0\x69\
\x6e\x6c\x69\x6e\x65\x5f\x6e\x61\x6d\x65\0\x69\x6e\x6f\x64\x65\x5f\x6f\x70\x65\
\x72\x61\x74\x69\x6f\x6e\x73\0\x6c\x6f\x6f\x6b\x75\x70\0\x67\x65\x74\x5f\x6c\
\x69\x6e\x6b\0\x70\x65\x72\x6d\x69\x73\x73\x69\x6f\x6e\0\x67\x65\x74\x5f\x61\
\x63\x6c\0\x72\x65\x61\x64\x6c\x69\x6e\x6b\0\x63\x72\x65\x61\x74\x65\0\x75\x6e\
\x6c\x69\x6e\x6b\0\x6d\x6b\x64\x69\x72\0\x72\x6d\x64\x69\x72\0\x6d\x6b\x6e\x6f\
\x64\0\x72\x65\x6e\x61\x6d\x65\0\x73\x65\x74\x61\x74\x74\x72\0\x67\x65\x74\x61\
\x74\x74\x72\0\x6c\x69\x73\x74\x78\x61\x74\x74\x72\0\x66\x69\x65\x6d\x61\x70\0\
\x75\x70\x64\x61\x74\x65\x5f\x74\x69\x6d\x65\0\x61\x74\x6f\x6d\x69\x63\x5f\x6f\
\x70\x65\x6e\0\x74\x6d\x70\x66\x69\x6c\x65\0\x73\x65\x74\x5f\x61\x63\x6c\0\x66\
\x69\x6c\x65\x61\x74\x74\x72\x5f\x73\x65\x74\0\x66\x69\x6c\x65\x61\x74\x74\x72\
\x5f\x67\x65\x74\0\x64\x65\x6c\x61\x79\x65\x64\x5f\x63\x61\x6c\x6c\0\x61\x72\
\x67\0\x69\x61\x5f\x76\x61\x6c\x69\x64\0\x69\x61\x5f\x6d\x6f\x64\x65\0\x69\x61\
\x5f\x75\x69\x64\0\x69\x61\x5f\x67\x69\x64\0\x69\x61\x5f\x73\x69\x7a\x65\0\x69\
\x61\x5f\x61\x74\x69\x6d\x65\0\x69\x61\x5f\x6d\x74\x69\x6d\x65\0\x69\x61\x5f\
\x63\x74\x69\x6d\x65\0\x69\x61\x5f\x66\x69\x6c\x65\0\x6b\x73\x74\x61\x74\0\x72\
\x65\x73\x75\x6c\x74\x5f\x6d\x61\x73\x6b\0\x62\x6c\x6b\x73\x69\x7a\x65\0\x61\
\x74\x74\x72\x69\x62\x75\x74\x65\x73\0\x61\x74\x74\x72\x69\x62\x75\x74\x65\x73\
\x5f\x6d\x61\x73\x6b\0\x69\x6e\x6f\0\x72\x64\x65\x76\0\x61\x74\x69\x6d\x65\0\
\x6d\x74\x69\x6d\x65\0\x63\x74\x69\x6d\x65\0\x62\x74\x69\x6d\x65\0\x62\x6c\x6f\
\x63\x6b\x73\0\x6d\x6e\x74\x5f\x69\x64\0\x66\x69\x65\x6d\x61\x70\x5f\x65\x78\
\x74\x65\x6e\x74\x5f\x69\x6e\x66\x6f\0\x66\x69\x5f\x66\x6c\x61\x67\x73\0\x66\
\x69\x5f\x65\x78\x74\x65\x6e\x74\x73\x5f\x6d\x61\x70\x70\x65\x64\0\x66\x69\x5f\
\x65\x78\x74\x65\x6e\x74\x73\x5f\x6d\x61\x78\0\x66\x69\x5f\x65\x78\x74\x65\x6e\
\x74\x73\x5f\x73\x74\x61\x72\x74\0\x66\x69\x6c\x65\x61\x74\x74\x72\0\x66\x73\
\x78\x5f\x78\x66\x6c\x61\x67\x73\0\x66\x73\x78\x5f\x65\x78\x74\x73\x69\x7a\x65\
\0\x66\x73\x78\x5f\x6e\x65\x78\x74\x65\x6e\x74\x73\0\x66\x73\x78\x5f\x70\x72\
\x6f\x6a\x69\x64\0\x66\x73\x78\x5f\x63\x6f\x77\x65\x78\x74\x73\x69\x7a\x65\0\
\x66\x6c\x61\x67\x73\x5f\x76\x61\x6c\x69\x64\0\x66\x73\x78\x5f\x76\x61\x6c\x69\
\x64\0\x70\x72\x6f\x63\x5f\x6f\x70\x73\0\x70\x72\x6f\x63\x5f\x64\x69\x72\x5f\
\x6f\x70\x73\0\x73\x65\x71\x5f\x6f\x70\x73\0\x73\x69\x6e\x67\x6c\x65\x5f\x73\
\x68\x6f\x77\0\x73\x65\x71\x5f\x6f\x70\x65\x72\x61\x74\x69\x6f\x6e\x73\0\x73\
\x68\x6f\x77\0\x70\x72\x6f\x63\x5f\x77\x72\x69\x74\x65\x5f\x74\0\x6e\x6c\x69\
\x6e\x6b\x5f\x74\0\x73\x6f\x63\x6b\0\x5f\x5f\x73\x6b\x5f\x63\x6f\x6d\x6d\x6f\
\x6e\0\x73\x6b\x5f\x6c\x6f\x63\x6b\0\x73\x6b\x5f\x64\x72\x6f\x70\x73\0\x73\x6b\
\x5f\x72\x63\x76\x6c\x6f\x77\x61\x74\0\x73\x6b\x5f\x65\x72\x72\x6f\x72\x5f\x71\
\x75\x65\x75\x65\0\x73\x6b\x5f\x72\x78\x5f\x73\x6b\x62\x5f\x63\x61\x63\x68\x65\
\0\x73\x6b\x5f\x72\x65\x63\x65\x69\x76\x65\x5f\x71\x75\x65\x75\x65\0\x73\x6b\
\x5f\x62\x61\x63\x6b\x6c\x6f\x67\0\x73\x6b\x5f\x66\x6f\x72\x77\x61\x72\x64\x5f\
\x61\x6c\x6c\x6f\x63\0\x73\x6b\x5f\x6c\x6c\x5f\x75\x73\x65\x63\0\x73\x6b\x5f\
\x6e\x61\x70\x69\x5f\x69\x64\0\x73\x6b\x5f\x72\x63\x76\x62\x75\x66\0\x73\x6b\
\x5f\x66\x69\x6c\x74\x65\x72\0\x73\x6b\x5f\x70\x6f\x6c\x69\x63\x79\0\x73\x6b\
\x5f\x72\x78\x5f\x64\x73\x74\0\x73\x6b\x5f\x72\x78\x5f\x64\x73\x74\x5f\x69\x66\
\x69\x6e\x64\x65\x78\0\x73\x6b\x5f\x72\x78\x5f\x64\x73\x74\x5f\x63\x6f\x6f\x6b\
\x69\x65\0\x73\x6b\x5f\x64\x73\x74\x5f\x63\x61\x63\x68\x65\0\x73\x6b\x5f\x6f\
\x6d\x65\x6d\x5f\x61\x6c\x6c\x6f\x63\0\x73\x6b\x5f\x73\x6e\x64\x62\x75\x66\0\
\x73\x6b\x5f\x77\x6d\x65\x6d\x5f\x71\x75\x65\x75\x65\x64\0\x73\x6b\x5f\x77\x6d\
\x65\x6d\x5f\x61\x6c\x6c\x6f\x63\0\x73\x6b\x5f\x74\x73\x71\x5f\x66\x6c\x61\x67\
\x73\0\x73\x6b\x5f\x74\x78\x5f\x73\x6b\x62\x5f\x63\x61\x63\x68\x65\0\x73\x6b\
\x5f\x77\x72\x69\x74\x65\x5f\x71\x75\x65\x75\x65\0\x73\x6b\x5f\x70\x65\x65\x6b\
\x5f\x6f\x66\x66\0\x73\x6b\x5f\x77\x72\x69\x74\x65\x5f\x70\x65\x6e\x64\x69\x6e\
\x67\0\x73\x6b\x5f\x64\x73\x74\x5f\x70\x65\x6e\x64\x69\x6e\x67\x5f\x63\x6f\x6e\
\x66\x69\x72\x6d\0\x73\x6b\x5f\x70\x61\x63\x69\x6e\x67\x5f\x73\x74\x61\x74\x75\
\x73\0\x73\x6b\x5f\x73\x6e\x64\x74\x69\x6d\x65\x6f\0\x73\x6b\x5f\x74\x69\x6d\
\x65\x72\0\x73\x6b\x5f\x70\x72\x69\x6f\x72\x69\x74\x79\0\x73\x6b\x5f\x6d\x61\
\x72\x6b\0\x73\x6b\x5f\x70\x61\x63\x69\x6e\x67\x5f\x72\x61\x74\x65\0\x73\x6b\
\x5f\x6d\x61\x78\x5f\x70\x61\x63\x69\x6e\x67\x5f\x72\x61\x74\x65\0\x73\x6b\x5f\
\x66\x72\x61\x67\0\x73\x6b\x5f\x72\x6f\x75\x74\x65\x5f\x63\x61\x70\x73\0\x73\
\x6b\x5f\x72\x6f\x75\x74\x65\x5f\x6e\x6f\x63\x61\x70\x73\0\x73\x6b\x5f\x72\x6f\
\x75\x74\x65\x5f\x66\x6f\x72\x63\x65\x64\x5f\x63\x61\x70\x73\0\x73\x6b\x5f\x67\
\x73\x6f\x5f\x74\x79\x70\x65\0\x73\x6b\x5f\x67\x73\x6f\x5f\x6d\x61\x78\x5f\x73\
\x69\x7a\x65\0\x73\x6b\x5f\x61\x6c\x6c\x6f\x63\x61\x74\x69\x6f\x6e\0\x73\x6b\
\x5f\x74\x78\x68\x61\x73\x68\0\x73\x6b\x5f\x70\x61\x64\x64\x69\x6e\x67\0\x73\
\x6b\x5f\x6b\x65\x72\x6e\x5f\x73\x6f\x63\x6b\0\x73\x6b\x5f\x6e\x6f\x5f\x63\x68\
\x65\x63\x6b\x5f\x74\x78\0\x73\x6b\x5f\x6e\x6f\x5f\x63\x68\x65\x63\x6b\x5f\x72\
\x78\0\x73\x6b\x5f\x75\x73\x65\x72\x6c\x6f\x63\x6b\x73\0\x73\x6b\x5f\x70\x61\
\x63\x69\x6e\x67\x5f\x73\x68\x69\x66\x74\0\x73\x6b\x5f\x74\x79\x70\x65\0\x73\
\x6b\x5f\x70\x72\x6f\x74\x6f\x63\x6f\x6c\0\x73\x6b\x5f\x67\x73\x6f\x5f\x6d\x61\
\x78\x5f\x73\x65\x67\x73\0\x73\x6b\x5f\x6c\x69\x6e\x67\x65\x72\x74\x69\x6d\x65\
\0\x73\x6b\x5f\x70\x72\x6f\x74\x5f\x63\x72\x65\x61\x74\x6f\x72\0\x73\x6b\x5f\
\x63\x61\x6c\x6c\x62\x61\x63\x6b\x5f\x6c\x6f\x63\x6b\0\x73\x6b\x5f\x65\x72\x72\
\0\x73\x6b\x5f\x65\x72\x72\x5f\x73\x6f\x66\x74\0\x73\x6b\x5f\x61\x63\x6b\x5f\
\x62\x61\x63\x6b\x6c\x6f\x67\0\x73\x6b\x5f\x6d\x61\x78\x5f\x61\x63\x6b\x5f\x62\
\x61\x63\x6b\x6c\x6f\x67\0\x73\x6b\x5f\x75\x69\x64\0\x73\x6b\x5f\x70\x72\x65\
\x66\x65\x72\x5f\x62\x75\x73\x79\x5f\x70\x6f\x6c\x6c\0\x73\x6b\x5f\x62\x75\x73\
\x79\x5f\x70\x6f\x6c\x6c\x5f\x62\x75\x64\x67\x65\x74\0\x73\x6b\x5f\x70\x65\x65\
\x72\x5f\x6c\x6f\x63\x6b\0\x73\x6b\x5f\x70\x65\x65\x72\x5f\x70\x69\x64\0\x73\
\x6b\x5f\x70\x65\x65\x72\x5f\x63\x72\x65\x64\0\x73\x6b\x5f\x72\x63\x76\x74\x69\
\x6d\x65\x6f\0\x73\x6b\x5f\x73\x74\x61\x6d\x70\0\x73\x6b\x5f\x74\x73\x66\x6c\
\x61\x67\x73\0\x73\x6b\x5f\x62\x69\x6e\x64\x5f\x70\x68\x63\0\x73\x6b\x5f\x73\
\x68\x75\x74\x64\x6f\x77\x6e\0\x73\x6b\x5f\x74\x73\x6b\x65\x79\0\x73\x6b\x5f\
\x7a\x63\x6b\x65\x79\0\x73\x6b\x5f\x63\x6c\x6f\x63\x6b\x69\x64\0\x73\x6b\x5f\
\x74\x78\x74\x69\x6d\x65\x5f\x64\x65\x61\x64\x6c\x69\x6e\x65\x5f\x6d\x6f\x64\
\x65\0\x73\x6b\x5f\x74\x78\x74\x69\x6d\x65\x5f\x72\x65\x70\x6f\x72\x74\x5f\x65\
\x72\x72\x6f\x72\x73\0\x73\x6b\x5f\x74\x78\x74\x69\x6d\x65\x5f\x75\x6e\x75\x73\
\x65\x64\0\x73\x6b\x5f\x73\x6f\x63\x6b\x65\x74\0\x73\x6b\x5f\x75\x73\x65\x72\
\x5f\x64\x61\x74\x61\0\x73\x6b\x5f\x73\x65\x63\x75\x72\x69\x74\x79\0\x73\x6b\
\x5f\x63\x67\x72\x70\x5f\x64\x61\x74\x61\0\x73\x6b\x5f\x6d\x65\x6d\x63\x67\0\
\x73\x6b\x5f\x73\x74\x61\x74\x65\x5f\x63\x68\x61\x6e\x67\x65\0\x73\x6b\x5f\x64\
\x61\x74\x61\x5f\x72\x65\x61\x64\x79\0\x73\x6b\x5f\x77\x72\x69\x74\x65\x5f\x73\
\x70\x61\x63\x65\0\x73\x6b\x5f\x65\x72\x72\x6f\x72\x5f\x72\x65\x70\x6f\x72\x74\
\0\x73\x6b\x5f\x62\x61\x63\x6b\x6c\x6f\x67\x5f\x72\x63\x76\0\x73\x6b\x5f\x64\
\x65\x73\x74\x72\x75\x63\x74\0\x73\x6b\x5f\x72\x65\x75\x73\x65\x70\x6f\x72\x74\
\x5f\x63\x62\0\x73\x6b\x5f\x62\x70\x66\x5f\x73\x74\x6f\x72\x61\x67\x65\0\x73\
\x6b\x5f\x72\x63\x75\0\x73\x6f\x63\x6b\x5f\x63\x6f\x6d\x6d\x6f\x6e\0\x73\x6b\
\x63\x5f\x66\x61\x6d\x69\x6c\x79\0\x73\x6b\x63\x5f\x73\x74\x61\x74\x65\0\x73\
\x6b\x63\x5f\x72\x65\x75\x73\x65\0\x73\x6b\x63\x5f\x72\x65\x75\x73\x65\x70\x6f\
\x72\x74\0\x73\x6b\x63\x5f\x69\x70\x76\x36\x6f\x6e\x6c\x79\0\x73\x6b\x63\x5f\
\x6e\x65\x74\x5f\x72\x65\x66\x63\x6e\x74\0\x73\x6b\x63\x5f\x62\x6f\x75\x6e\x64\
\x5f\x64\x65\x76\x5f\x69\x66\0\x73\x6b\x63\x5f\x70\x72\x6f\x74\0\x73\x6b\x63\
\x5f\x6e\x65\x74\0\x73\x6b\x63\x5f\x76\x36\x5f\x64\x61\x64\x64\x72\0\x73\x6b\
\x63\x5f\x76\x36\x5f\x72\x63\x76\x5f\x73\x61\x64\x64\x72\0\x73\x6b\x63\x5f\x63\
\x6f\x6f\x6b\x69\x65\0\x73\x6b\x63\x5f\x64\x6f\x6e\x74\x63\x6f\x70\x79\x5f\x62\
\x65\x67\x69\x6e\0\x73\x6b\x63\x5f\x74\x78\x5f\x71\x75\x65\x75\x65\x5f\x6d\x61\
\x70\x70\x69\x6e\x67\0\x73\x6b\x63\x5f\x72\x78\x5f\x71\x75\x65\x75\x65\x5f\x6d\
\x61\x70\x70\x69\x6e\x67\0\x73\x6b\x63\x5f\x72\x65\x66\x63\x6e\x74\0\x73\x6b\
\x63\x5f\x64\x6f\x6e\x74\x63\x6f\x70\x79\x5f\x65\x6e\x64\0\x73\x6b\x63\x5f\x61\
\x64\x64\x72\x70\x61\x69\x72\0\x5f\x5f\x61\x64\x64\x72\x70\x61\x69\x72\0\x73\
\x6b\x63\x5f\x64\x61\x64\x64\x72\0\x73\x6b\x63\x5f\x72\x63\x76\x5f\x73\x61\x64\
\x64\x72\0\x5f\x5f\x62\x65\x33\x32\0\x73\x6b\x63\x5f\x68\x61\x73\x68\0\x73\x6b\
\x63\x5f\x75\x31\x36\x68\x61\x73\x68\x65\x73\0\x73\x6b\x63\x5f\x70\x6f\x72\x74\
\x70\x61\x69\x72\0\x5f\x5f\x70\x6f\x72\x74\x70\x61\x69\x72\0\x73\x6b\x63\x5f\
\x64\x70\x6f\x72\x74\0\x73\x6b\x63\x5f\x6e\x75\x6d\0\x5f\x5f\x62\x65\x31\x36\0\
\x73\x6b\x63\x5f\x62\x69\x6e\x64\x5f\x6e\x6f\x64\x65\0\x73\x6b\x63\x5f\x70\x6f\
\x72\x74\x61\x64\x64\x72\x5f\x6e\x6f\x64\x65\0\x70\x6f\x73\x73\x69\x62\x6c\x65\
\x5f\x6e\x65\x74\x5f\x74\0\x69\x6e\x36\x5f\x61\x64\x64\x72\0\x69\x6e\x36\x5f\
\x75\0\x75\x36\x5f\x61\x64\x64\x72\x38\0\x75\x36\x5f\x61\x64\x64\x72\x31\x36\0\
\x75\x36\x5f\x61\x64\x64\x72\x33\x32\0\x73\x6b\x63\x5f\x66\x6c\x61\x67\x73\0\
\x73\x6b\x63\x5f\x6c\x69\x73\x74\x65\x6e\x65\x72\0\x73\x6b\x63\x5f\x74\x77\x5f\
\x64\x72\0\x73\x6b\x63\x5f\x6e\x6f\x64\x65\0\x73\x6b\x63\x5f\x6e\x75\x6c\x6c\
\x73\x5f\x6e\x6f\x64\x65\0\x68\x6c\x69\x73\x74\x5f\x6e\x75\x6c\x6c\x73\x5f\x6e\
\x6f\x64\x65\0\x73\x6b\x63\x5f\x69\x6e\x63\x6f\x6d\x69\x6e\x67\x5f\x63\x70\x75\
\0\x73\x6b\x63\x5f\x72\x63\x76\x5f\x77\x6e\x64\0\x73\x6b\x63\x5f\x74\x77\x5f\
\x72\x63\x76\x5f\x6e\x78\x74\0\x73\x6b\x63\x5f\x72\x78\x68\x61\x73\x68\0\x73\
\x6b\x63\x5f\x77\x69\x6e\x64\x6f\x77\x5f\x63\x6c\x61\x6d\x70\0\x73\x6b\x63\x5f\
\x74\x77\x5f\x73\x6e\x64\x5f\x6e\x78\x74\0\x73\x6f\x63\x6b\x65\x74\x5f\x6c\x6f\
\x63\x6b\x5f\x74\0\x73\x6c\x6f\x63\x6b\0\x6f\x77\x6e\x65\x64\0\x73\x6b\x5f\x62\
\x75\x66\x66\x5f\x68\x65\x61\x64\0\x71\x6c\x65\x6e\0\x73\x6b\x5f\x62\x75\x66\
\x66\0\x63\x62\0\x5f\x6e\x66\x63\x74\0\x64\x61\x74\x61\x5f\x6c\x65\x6e\0\x6d\
\x61\x63\x5f\x6c\x65\x6e\0\x68\x64\x72\x5f\x6c\x65\x6e\0\x71\x75\x65\x75\x65\
\x5f\x6d\x61\x70\x70\x69\x6e\x67\0\x5f\x5f\x63\x6c\x6f\x6e\x65\x64\x5f\x6f\x66\
\x66\x73\x65\x74\0\x63\x6c\x6f\x6e\x65\x64\0\x6e\x6f\x68\x64\x72\0\x66\x63\x6c\
\x6f\x6e\x65\0\x70\x65\x65\x6b\x65\x64\0\x68\x65\x61\x64\x5f\x66\x72\x61\x67\0\
\x70\x66\x6d\x65\x6d\x61\x6c\x6c\x6f\x63\0\x70\x70\x5f\x72\x65\x63\x79\x63\x6c\
\x65\0\x61\x63\x74\x69\x76\x65\x5f\x65\x78\x74\x65\x6e\x73\x69\x6f\x6e\x73\0\
\x68\x65\x61\x64\x65\x72\x73\x5f\x73\x74\x61\x72\x74\0\x5f\x5f\x70\x6b\x74\x5f\
\x74\x79\x70\x65\x5f\x6f\x66\x66\x73\x65\x74\0\x70\x6b\x74\x5f\x74\x79\x70\x65\
\0\x69\x67\x6e\x6f\x72\x65\x5f\x64\x66\0\x6e\x66\x5f\x74\x72\x61\x63\x65\0\x69\
\x70\x5f\x73\x75\x6d\x6d\x65\x64\0\x6f\x6f\x6f\x5f\x6f\x6b\x61\x79\0\x6c\x34\
\x5f\x68\x61\x73\x68\0\x73\x77\x5f\x68\x61\x73\x68\0\x77\x69\x66\x69\x5f\x61\
\x63\x6b\x65\x64\x5f\x76\x61\x6c\x69\x64\0\x77\x69\x66\x69\x5f\x61\x63\x6b\x65\
\x64\0\x6e\x6f\x5f\x66\x63\x73\0\x65\x6e\x63\x61\x70\x73\x75\x6c\x61\x74\x69\
\x6f\x6e\0\x65\x6e\x63\x61\x70\x5f\x68\x64\x72\x5f\x63\x73\x75\x6d\0\x63\x73\
\x75\x6d\x5f\x76\x61\x6c\x69\x64\0\x5f\x5f\x70\x6b\x74\x5f\x76\x6c\x61\x6e\x5f\
\x70\x72\x65\x73\x65\x6e\x74\x5f\x6f\x66\x66\x73\x65\x74\0\x76\x6c\x61\x6e\x5f\
\x70\x72\x65\x73\x65\x6e\x74\0\x63\x73\x75\x6d\x5f\x63\x6f\x6d\x70\x6c\x65\x74\
\x65\x5f\x73\x77\0\x63\x73\x75\x6d\x5f\x6c\x65\x76\x65\x6c\0\x63\x73\x75\x6d\
\x5f\x6e\x6f\x74\x5f\x69\x6e\x65\x74\0\x64\x73\x74\x5f\x70\x65\x6e\x64\x69\x6e\
\x67\x5f\x63\x6f\x6e\x66\x69\x72\x6d\0\x6e\x64\x69\x73\x63\x5f\x6e\x6f\x64\x65\
\x74\x79\x70\x65\0\x69\x70\x76\x73\x5f\x70\x72\x6f\x70\x65\x72\x74\x79\0\x69\
\x6e\x6e\x65\x72\x5f\x70\x72\x6f\x74\x6f\x63\x6f\x6c\x5f\x74\x79\x70\x65\0\x72\
\x65\x6d\x63\x73\x75\x6d\x5f\x6f\x66\x66\x6c\x6f\x61\x64\0\x74\x63\x5f\x73\x6b\
\x69\x70\x5f\x63\x6c\x61\x73\x73\x69\x66\x79\0\x74\x63\x5f\x61\x74\x5f\x69\x6e\
\x67\x72\x65\x73\x73\0\x72\x65\x64\x69\x72\x65\x63\x74\x65\x64\0\x73\x6c\x6f\
\x77\x5f\x67\x72\x6f\0\x73\x63\x6d\x5f\x69\x6f\x5f\x75\x72\x69\x6e\x67\0\x74\
\x63\x5f\x69\x6e\x64\x65\x78\0\x73\x6b\x62\x5f\x69\x69\x66\0\x76\x6c\x61\x6e\
\x5f\x70\x72\x6f\x74\x6f\0\x76\x6c\x61\x6e\x5f\x74\x63\x69\0\x73\x65\x63\x6d\
\x61\x72\x6b\0\x69\x6e\x6e\x65\x72\x5f\x74\x72\x61\x6e\x73\x70\x6f\x72\x74\x5f\
\x68\x65\x61\x64\x65\x72\0\x69\x6e\x6e\x65\x72\x5f\x6e\x65\x74\x77\x6f\x72\x6b\
\x5f\x68\x65\x61\x64\x65\x72\0\x69\x6e\x6e\x65\x72\x5f\x6d\x61\x63\x5f\x68\x65\
\x61\x64\x65\x72\0\x70\x72\x6f\x74\x6f\x63\x6f\x6c\0\x74\x72\x61\x6e\x73\x70\
\x6f\x72\x74\x5f\x68\x65\x61\x64\x65\x72\0\x6e\x65\x74\x77\x6f\x72\x6b\x5f\x68\
\x65\x61\x64\x65\x72\0\x6d\x61\x63\x5f\x68\x65\x61\x64\x65\x72\0\x68\x65\x61\
\x64\x65\x72\x73\x5f\x65\x6e\x64\0\x65\x6e\x64\0\x74\x72\x75\x65\x73\x69\x7a\
\x65\0\x75\x73\x65\x72\x73\0\x65\x78\x74\x65\x6e\x73\x69\x6f\x6e\x73\0\x72\x62\
\x6e\x6f\x64\x65\0\x64\x65\x76\x5f\x73\x63\x72\x61\x74\x63\x68\0\x73\x6b\0\x69\
\x70\x5f\x64\x65\x66\x72\x61\x67\x5f\x6f\x66\x66\x73\x65\x74\0\x73\x6b\x62\x5f\
\x6d\x73\x74\x61\x6d\x70\x5f\x6e\x73\0\x74\x63\x70\x5f\x74\x73\x6f\x72\x74\x65\
\x64\x5f\x61\x6e\x63\x68\x6f\x72\0\x5f\x73\x6b\x5f\x72\x65\x64\x69\x72\0\x5f\
\x73\x6b\x62\x5f\x72\x65\x66\x64\x73\x74\0\x64\x65\x73\x74\x72\x75\x63\x74\x6f\
\x72\0\x63\x73\x75\x6d\0\x5f\x5f\x77\x73\x75\x6d\0\x63\x73\x75\x6d\x5f\x73\x74\
\x61\x72\x74\0\x63\x73\x75\x6d\x5f\x6f\x66\x66\x73\x65\x74\0\x6e\x61\x70\x69\
\x5f\x69\x64\0\x73\x65\x6e\x64\x65\x72\x5f\x63\x70\x75\0\x6d\x61\x72\x6b\0\x72\
\x65\x73\x65\x72\x76\x65\x64\x5f\x74\x61\x69\x6c\x72\x6f\x6f\x6d\0\x69\x6e\x6e\
\x65\x72\x5f\x70\x72\x6f\x74\x6f\x63\x6f\x6c\0\x69\x6e\x6e\x65\x72\x5f\x69\x70\
\x70\x72\x6f\x74\x6f\0\x73\x6b\x5f\x62\x75\x66\x66\x5f\x64\x61\x74\x61\x5f\x74\
\0\x72\x6d\x65\x6d\x5f\x61\x6c\x6c\x6f\x63\0\x73\x6b\x5f\x77\x71\0\x73\x6b\x5f\
\x77\x71\x5f\x72\x61\x77\0\x73\x6f\x63\x6b\x65\x74\x5f\x77\x71\0\x66\x61\x73\
\x79\x6e\x63\x5f\x6c\x69\x73\x74\0\x78\x66\x72\x6d\x5f\x70\x6f\x6c\x69\x63\x79\
\0\x78\x70\x5f\x6e\x65\x74\0\x62\x79\x64\x73\x74\0\x62\x79\x69\x64\x78\0\x67\
\x65\x6e\x69\x64\0\x69\x66\x5f\x69\x64\0\x6c\x66\x74\0\x63\x75\x72\x6c\x66\x74\
\0\x77\x61\x6c\x6b\0\x70\x6f\x6c\x71\0\x62\x79\x64\x73\x74\x5f\x72\x65\x69\x6e\
\x73\x65\x72\x74\0\x61\x63\x74\x69\x6f\x6e\0\x78\x66\x72\x6d\x5f\x6e\x72\0\x66\
\x61\x6d\x69\x6c\x79\0\x78\x66\x72\x6d\x5f\x76\x65\x63\0\x62\x79\x64\x73\x74\
\x5f\x69\x6e\x65\x78\x61\x63\x74\x5f\x6c\x69\x73\x74\0\x78\x66\x72\x6d\x5f\x6d\
\x61\x72\x6b\0\x76\0\x78\x66\x72\x6d\x5f\x73\x65\x6c\x65\x63\x74\x6f\x72\0\x64\
\x61\x64\x64\x72\0\x73\x61\x64\x64\x72\0\x64\x70\x6f\x72\x74\0\x64\x70\x6f\x72\
\x74\x5f\x6d\x61\x73\x6b\0\x73\x70\x6f\x72\x74\0\x73\x70\x6f\x72\x74\x5f\x6d\
\x61\x73\x6b\0\x70\x72\x65\x66\x69\x78\x6c\x65\x6e\x5f\x64\0\x70\x72\x65\x66\
\x69\x78\x6c\x65\x6e\x5f\x73\0\x70\x72\x6f\x74\x6f\0\x78\x66\x72\x6d\x5f\x61\
\x64\x64\x72\x65\x73\x73\x5f\x74\0\x61\x34\0\x61\x36\0\x69\x6e\x36\0\x78\x66\
\x72\x6d\x5f\x6c\x69\x66\x65\x74\x69\x6d\x65\x5f\x63\x66\x67\0\x73\x6f\x66\x74\
\x5f\x62\x79\x74\x65\x5f\x6c\x69\x6d\x69\x74\0\x68\x61\x72\x64\x5f\x62\x79\x74\
\x65\x5f\x6c\x69\x6d\x69\x74\0\x73\x6f\x66\x74\x5f\x70\x61\x63\x6b\x65\x74\x5f\
\x6c\x69\x6d\x69\x74\0\x68\x61\x72\x64\x5f\x70\x61\x63\x6b\x65\x74\x5f\x6c\x69\
\x6d\x69\x74\0\x73\x6f\x66\x74\x5f\x61\x64\x64\x5f\x65\x78\x70\x69\x72\x65\x73\
\x5f\x73\x65\x63\x6f\x6e\x64\x73\0\x68\x61\x72\x64\x5f\x61\x64\x64\x5f\x65\x78\
\x70\x69\x72\x65\x73\x5f\x73\x65\x63\x6f\x6e\x64\x73\0\x73\x6f\x66\x74\x5f\x75\
\x73\x65\x5f\x65\x78\x70\x69\x72\x65\x73\x5f\x73\x65\x63\x6f\x6e\x64\x73\0\x68\
\x61\x72\x64\x5f\x75\x73\x65\x5f\x65\x78\x70\x69\x72\x65\x73\x5f\x73\x65\x63\
\x6f\x6e\x64\x73\0\x78\x66\x72\x6d\x5f\x6c\x69\x66\x65\x74\x69\x6d\x65\x5f\x63\
\x75\x72\0\x62\x79\x74\x65\x73\0\x70\x61\x63\x6b\x65\x74\x73\0\x61\x64\x64\x5f\
\x74\x69\x6d\x65\0\x75\x73\x65\x5f\x74\x69\x6d\x65\0\x78\x66\x72\x6d\x5f\x70\
\x6f\x6c\x69\x63\x79\x5f\x77\x61\x6c\x6b\x5f\x65\x6e\x74\x72\x79\0\x61\x6c\x6c\
\0\x78\x66\x72\x6d\x5f\x70\x6f\x6c\x69\x63\x79\x5f\x71\x75\x65\x75\x65\0\x68\
\x6f\x6c\x64\x5f\x71\x75\x65\x75\x65\0\x68\x6f\x6c\x64\x5f\x74\x69\x6d\x65\x72\
\0\x78\x66\x72\x6d\x5f\x74\x6d\x70\x6c\0\x65\x6e\x63\x61\x70\x5f\x66\x61\x6d\
\x69\x6c\x79\0\x72\x65\x71\x69\x64\0\x73\x68\x61\x72\x65\0\x6f\x70\x74\x69\x6f\
\x6e\x61\x6c\0\x61\x6c\x6c\x61\x6c\x67\x73\0\x61\x61\x6c\x67\x6f\x73\0\x65\x61\
\x6c\x67\x6f\x73\0\x63\x61\x6c\x67\x6f\x73\0\x78\x66\x72\x6d\x5f\x69\x64\0\x73\
\x70\x69\0\x64\x73\x74\x5f\x65\x6e\x74\x72\x79\0\x5f\x6d\x65\x74\x72\x69\x63\
\x73\0\x69\x6e\x70\x75\x74\0\x6f\x75\x74\x70\x75\x74\0\x6f\x62\x73\x6f\x6c\x65\
\x74\x65\0\x68\x65\x61\x64\x65\x72\x5f\x6c\x65\x6e\0\x74\x72\x61\x69\x6c\x65\
\x72\x5f\x6c\x65\x6e\0\x5f\x5f\x72\x65\x66\x63\x6e\x74\0\x5f\x5f\x75\x73\x65\0\
\x6c\x61\x73\x74\x75\x73\x65\0\x6c\x77\x74\x73\x74\x61\x74\x65\0\x65\x72\x72\
\x6f\x72\0\x5f\x5f\x70\x61\x64\0\x74\x63\x6c\x61\x73\x73\x69\x64\0\x6e\x65\x74\
\x5f\x64\x65\x76\x69\x63\x65\0\x6e\x61\x6d\x65\x5f\x6e\x6f\x64\x65\0\x69\x66\
\x61\x6c\x69\x61\x73\0\x6d\x65\x6d\x5f\x65\x6e\x64\0\x6d\x65\x6d\x5f\x73\x74\
\x61\x72\x74\0\x62\x61\x73\x65\x5f\x61\x64\x64\x72\0\x64\x65\x76\x5f\x6c\x69\
\x73\x74\0\x6e\x61\x70\x69\x5f\x6c\x69\x73\x74\0\x75\x6e\x72\x65\x67\x5f\x6c\
\x69\x73\x74\0\x63\x6c\x6f\x73\x65\x5f\x6c\x69\x73\x74\0\x70\x74\x79\x70\x65\
\x5f\x61\x6c\x6c\0\x70\x74\x79\x70\x65\x5f\x73\x70\x65\x63\x69\x66\x69\x63\0\
\x61\x64\x6a\x5f\x6c\x69\x73\x74\0\x70\x72\x69\x76\x5f\x66\x6c\x61\x67\x73\0\
\x6e\x65\x74\x64\x65\x76\x5f\x6f\x70\x73\0\x67\x66\x6c\x61\x67\x73\0\x68\x61\
\x72\x64\x5f\x68\x65\x61\x64\x65\x72\x5f\x6c\x65\x6e\0\x6d\x74\x75\0\x6e\x65\
\x65\x64\x65\x64\x5f\x68\x65\x61\x64\x72\x6f\x6f\x6d\0\x6e\x65\x65\x64\x65\x64\
\x5f\x74\x61\x69\x6c\x72\x6f\x6f\x6d\0\x66\x65\x61\x74\x75\x72\x65\x73\0\x68\
\x77\x5f\x66\x65\x61\x74\x75\x72\x65\x73\0\x77\x61\x6e\x74\x65\x64\x5f\x66\x65\
\x61\x74\x75\x72\x65\x73\0\x76\x6c\x61\x6e\x5f\x66\x65\x61\x74\x75\x72\x65\x73\
\0\x68\x77\x5f\x65\x6e\x63\x5f\x66\x65\x61\x74\x75\x72\x65\x73\0\x6d\x70\x6c\
\x73\x5f\x66\x65\x61\x74\x75\x72\x65\x73\0\x67\x73\x6f\x5f\x70\x61\x72\x74\x69\
\x61\x6c\x5f\x66\x65\x61\x74\x75\x72\x65\x73\0\x6d\x69\x6e\x5f\x6d\x74\x75\0\
\x6d\x61\x78\x5f\x6d\x74\x75\0\x6d\x69\x6e\x5f\x68\x65\x61\x64\x65\x72\x5f\x6c\
\x65\x6e\0\x6e\x61\x6d\x65\x5f\x61\x73\x73\x69\x67\x6e\x5f\x74\x79\x70\x65\0\
\x72\x78\x5f\x64\x72\x6f\x70\x70\x65\x64\0\x74\x78\x5f\x64\x72\x6f\x70\x70\x65\
\x64\0\x72\x78\x5f\x6e\x6f\x68\x61\x6e\x64\x6c\x65\x72\0\x63\x61\x72\x72\x69\
\x65\x72\x5f\x75\x70\x5f\x63\x6f\x75\x6e\x74\0\x63\x61\x72\x72\x69\x65\x72\x5f\
\x64\x6f\x77\x6e\x5f\x63\x6f\x75\x6e\x74\0\x65\x74\x68\x74\x6f\x6f\x6c\x5f\x6f\
\x70\x73\0\x6e\x64\x69\x73\x63\x5f\x6f\x70\x73\0\x68\x65\x61\x64\x65\x72\x5f\
\x6f\x70\x73\0\x6f\x70\x65\x72\x73\x74\x61\x74\x65\0\x6c\x69\x6e\x6b\x5f\x6d\
\x6f\x64\x65\0\x69\x66\x5f\x70\x6f\x72\x74\0\x64\x6d\x61\0\x70\x65\x72\x6d\x5f\
\x61\x64\x64\x72\0\x61\x64\x64\x72\x5f\x61\x73\x73\x69\x67\x6e\x5f\x74\x79\x70\
\x65\0\x61\x64\x64\x72\x5f\x6c\x65\x6e\0\x75\x70\x70\x65\x72\x5f\x6c\x65\x76\
\x65\x6c\0\x6c\x6f\x77\x65\x72\x5f\x6c\x65\x76\x65\x6c\0\x6e\x65\x69\x67\x68\
\x5f\x70\x72\x69\x76\x5f\x6c\x65\x6e\0\x64\x65\x76\x5f\x69\x64\0\x64\x65\x76\
\x5f\x70\x6f\x72\x74\0\x70\x61\x64\x64\x65\x64\0\x61\x64\x64\x72\x5f\x6c\x69\
\x73\x74\x5f\x6c\x6f\x63\x6b\0\x69\x72\x71\0\x75\x63\0\x6d\x63\0\x64\x65\x76\
\x5f\x61\x64\x64\x72\x73\0\x71\x75\x65\x75\x65\x73\x5f\x6b\x73\x65\x74\0\x70\
\x72\x6f\x6d\x69\x73\x63\x75\x69\x74\x79\0\x61\x6c\x6c\x6d\x75\x6c\x74\x69\0\
\x75\x63\x5f\x70\x72\x6f\x6d\x69\x73\x63\0\x76\x6c\x61\x6e\x5f\x69\x6e\x66\x6f\
\0\x69\x70\x5f\x70\x74\x72\0\x69\x70\x36\x5f\x70\x74\x72\0\x69\x65\x65\x65\x38\
\x30\x32\x31\x31\x5f\x70\x74\x72\0\x69\x65\x65\x65\x38\x30\x32\x31\x35\x34\x5f\
\x70\x74\x72\0\x64\x65\x76\x5f\x61\x64\x64\x72\0\x5f\x72\x78\0\x6e\x75\x6d\x5f\
\x72\x78\x5f\x71\x75\x65\x75\x65\x73\0\x72\x65\x61\x6c\x5f\x6e\x75\x6d\x5f\x72\
\x78\x5f\x71\x75\x65\x75\x65\x73\0\x78\x64\x70\x5f\x70\x72\x6f\x67\0\x67\x72\
\x6f\x5f\x66\x6c\x75\x73\x68\x5f\x74\x69\x6d\x65\x6f\x75\x74\0\x6e\x61\x70\x69\
\x5f\x64\x65\x66\x65\x72\x5f\x68\x61\x72\x64\x5f\x69\x72\x71\x73\0\x72\x78\x5f\
\x68\x61\x6e\x64\x6c\x65\x72\0\x72\x78\x5f\x68\x61\x6e\x64\x6c\x65\x72\x5f\x64\
\x61\x74\x61\0\x6d\x69\x6e\x69\x71\x5f\x69\x6e\x67\x72\x65\x73\x73\0\x69\x6e\
\x67\x72\x65\x73\x73\x5f\x71\x75\x65\x75\x65\0\x6e\x66\x5f\x68\x6f\x6f\x6b\x73\
\x5f\x69\x6e\x67\x72\x65\x73\x73\0\x62\x72\x6f\x61\x64\x63\x61\x73\x74\0\x72\
\x78\x5f\x63\x70\x75\x5f\x72\x6d\x61\x70\0\x69\x6e\x64\x65\x78\x5f\x68\x6c\x69\
\x73\x74\0\x5f\x74\x78\0\x6e\x75\x6d\x5f\x74\x78\x5f\x71\x75\x65\x75\x65\x73\0\
\x72\x65\x61\x6c\x5f\x6e\x75\x6d\x5f\x74\x78\x5f\x71\x75\x65\x75\x65\x73\0\x71\
\x64\x69\x73\x63\0\x74\x78\x5f\x71\x75\x65\x75\x65\x5f\x6c\x65\x6e\0\x74\x78\
\x5f\x67\x6c\x6f\x62\x61\x6c\x5f\x6c\x6f\x63\x6b\0\x78\x64\x70\x5f\x62\x75\x6c\
\x6b\x71\0\x78\x70\x73\x5f\x6d\x61\x70\x73\0\x6d\x69\x6e\x69\x71\x5f\x65\x67\
\x72\x65\x73\x73\0\x71\x64\x69\x73\x63\x5f\x68\x61\x73\x68\0\x77\x61\x74\x63\
\x68\x64\x6f\x67\x5f\x74\x69\x6d\x65\x72\0\x77\x61\x74\x63\x68\x64\x6f\x67\x5f\
\x74\x69\x6d\x65\x6f\0\x70\x72\x6f\x74\x6f\x5f\x64\x6f\x77\x6e\x5f\x72\x65\x61\
\x73\x6f\x6e\0\x74\x6f\x64\x6f\x5f\x6c\x69\x73\x74\0\x70\x63\x70\x75\x5f\x72\
\x65\x66\x63\x6e\x74\0\x6c\x69\x6e\x6b\x5f\x77\x61\x74\x63\x68\x5f\x6c\x69\x73\
\x74\0\x72\x65\x67\x5f\x73\x74\x61\x74\x65\0\x64\x69\x73\x6d\x61\x6e\x74\x6c\
\x65\0\x72\x74\x6e\x6c\x5f\x6c\x69\x6e\x6b\x5f\x73\x74\x61\x74\x65\0\x6e\x65\
\x65\x64\x73\x5f\x66\x72\x65\x65\x5f\x6e\x65\x74\x64\x65\x76\0\x70\x72\x69\x76\
\x5f\x64\x65\x73\x74\x72\x75\x63\x74\x6f\x72\0\x6e\x64\x5f\x6e\x65\x74\0\x6d\
\x6c\x5f\x70\x72\x69\x76\0\x6d\x6c\x5f\x70\x72\x69\x76\x5f\x74\x79\x70\x65\0\
\x73\x79\x73\x66\x73\x5f\x67\x72\x6f\x75\x70\x73\0\x73\x79\x73\x66\x73\x5f\x72\
\x78\x5f\x71\x75\x65\x75\x65\x5f\x67\x72\x6f\x75\x70\0\x72\x74\x6e\x6c\x5f\x6c\
\x69\x6e\x6b\x5f\x6f\x70\x73\0\x67\x73\x6f\x5f\x6d\x61\x78\x5f\x73\x69\x7a\x65\
\0\x67\x73\x6f\x5f\x6d\x61\x78\x5f\x73\x65\x67\x73\0\x6e\x75\x6d\x5f\x74\x63\0\
\x74\x63\x5f\x74\x6f\x5f\x74\x78\x71\0\x70\x72\x69\x6f\x5f\x74\x63\x5f\x6d\x61\
\x70\0\x70\x68\x79\x64\x65\x76\0\x73\x66\x70\x5f\x62\x75\x73\0\x71\x64\x69\x73\
\x63\x5f\x74\x78\x5f\x62\x75\x73\x79\x6c\x6f\x63\x6b\0\x71\x64\x69\x73\x63\x5f\
\x72\x75\x6e\x6e\x69\x6e\x67\x5f\x6b\x65\x79\0\x70\x72\x6f\x74\x6f\x5f\x64\x6f\
\x77\x6e\0\x77\x6f\x6c\x5f\x65\x6e\x61\x62\x6c\x65\x64\0\x74\x68\x72\x65\x61\
\x64\x65\x64\0\x6e\x65\x74\x5f\x6e\x6f\x74\x69\x66\x69\x65\x72\x5f\x6c\x69\x73\
\x74\0\x75\x64\x70\x5f\x74\x75\x6e\x6e\x65\x6c\x5f\x6e\x69\x63\x5f\x69\x6e\x66\
\x6f\0\x75\x64\x70\x5f\x74\x75\x6e\x6e\x65\x6c\x5f\x6e\x69\x63\0\x78\x64\x70\
\x5f\x73\x74\x61\x74\x65\0\x75\x70\x70\x65\x72\0\x6c\x6f\x77\x65\x72\0\x6e\x65\
\x74\x64\x65\x76\x5f\x66\x65\x61\x74\x75\x72\x65\x73\x5f\x74\0\x6e\x65\x74\x5f\
\x64\x65\x76\x69\x63\x65\x5f\x73\x74\x61\x74\x73\0\x72\x78\x5f\x70\x61\x63\x6b\
\x65\x74\x73\0\x5f\x5f\x72\x78\x5f\x70\x61\x63\x6b\x65\x74\x73\0\x74\x78\x5f\
\x70\x61\x63\x6b\x65\x74\x73\0\x5f\x5f\x74\x78\x5f\x70\x61\x63\x6b\x65\x74\x73\
\0\x72\x78\x5f\x62\x79\x74\x65\x73\0\x5f\x5f\x72\x78\x5f\x62\x79\x74\x65\x73\0\
\x74\x78\x5f\x62\x79\x74\x65\x73\0\x5f\x5f\x74\x78\x5f\x62\x79\x74\x65\x73\0\
\x72\x78\x5f\x65\x72\x72\x6f\x72\x73\0\x5f\x5f\x72\x78\x5f\x65\x72\x72\x6f\x72\
\x73\0\x74\x78\x5f\x65\x72\x72\x6f\x72\x73\0\x5f\x5f\x74\x78\x5f\x65\x72\x72\
\x6f\x72\x73\0\x5f\x5f\x72\x78\x5f\x64\x72\x6f\x70\x70\x65\x64\0\x5f\x5f\x74\
\x78\x5f\x64\x72\x6f\x70\x70\x65\x64\0\x6d\x75\x6c\x74\x69\x63\x61\x73\x74\0\
\x5f\x5f\x6d\x75\x6c\x74\x69\x63\x61\x73\x74\0\x63\x6f\x6c\x6c\x69\x73\x69\x6f\
\x6e\x73\0\x5f\x5f\x63\x6f\x6c\x6c\x69\x73\x69\x6f\x6e\x73\0\x72\x78\x5f\x6c\
\x65\x6e\x67\x74\x68\x5f\x65\x72\x72\x6f\x72\x73\0\x5f\x5f\x72\x78\x5f\x6c\x65\
\x6e\x67\x74\x68\x5f\x65\x72\x72\x6f\x72\x73\0\x72\x78\x5f\x6f\x76\x65\x72\x5f\
\x65\x72\x72\x6f\x72\x73\0\x5f\x5f\x72\x78\x5f\x6f\x76\x65\x72\x5f\x65\x72\x72\
\x6f\x72\x73\0\x72\x78\x5f\x63\x72\x63\x5f\x65\x72\x72\x6f\x72\x73\0\x5f\x5f\
\x72\x78\x5f\x63\x72\x63\x5f\x65\x72\x72\x6f\x72\x73\0\x72\x78\x5f\x66\x72\x61\
\x6d\x65\x5f\x65\x72\x72\x6f\x72\x73\0\x5f\x5f\x72\x78\x5f\x66\x72\x61\x6d\x65\
\x5f\x65\x72\x72\x6f\x72\x73\0\x72\x78\x5f\x66\x69\x66\x6f\x5f\x65\x72\x72\x6f\
\x72\x73\0\x5f\x5f\x72\x78\x5f\x66\x69\x66\x6f\x5f\x65\x72\x72\x6f\x72\x73\0\
\x72\x78\x5f\x6d\x69\x73\x73\x65\x64\x5f\x65\x72\x72\x6f\x72\x73\0\x5f\x5f\x72\
\x78\x5f\x6d\x69\x73\x73\x65\x64\x5f\x65\x72\x72\x6f\x72\x73\0\x74\x78\x5f\x61\
\x62\x6f\x72\x74\x65\x64\x5f\x65\x72\x72\x6f\x72\x73\0\x5f\x5f\x74\x78\x5f\x61\
\x62\x6f\x72\x74\x65\x64\x5f\x65\x72\x72\x6f\x72\x73\0\x74\x78\x5f\x63\x61\x72\
\x72\x69\x65\x72\x5f\x65\x72\x72\x6f\x72\x73\0\x5f\x5f\x74\x78\x5f\x63\x61\x72\
\x72\x69\x65\x72\x5f\x65\x72\x72\x6f\x72\x73\0\x74\x78\x5f\x66\x69\x66\x6f\x5f\
\x65\x72\x72\x6f\x72\x73\0\x5f\x5f\x74\x78\x5f\x66\x69\x66\x6f\x5f\x65\x72\x72\
\x6f\x72\x73\0\x74\x78\x5f\x68\x65\x61\x72\x74\x62\x65\x61\x74\x5f\x65\x72\x72\
\x6f\x72\x73\0\x5f\x5f\x74\x78\x5f\x68\x65\x61\x72\x74\x62\x65\x61\x74\x5f\x65\
\x72\x72\x6f\x72\x73\0\x74\x78\x5f\x77\x69\x6e\x64\x6f\x77\x5f\x65\x72\x72\x6f\
\x72\x73\0\x5f\x5f\x74\x78\x5f\x77\x69\x6e\x64\x6f\x77\x5f\x65\x72\x72\x6f\x72\
\x73\0\x72\x78\x5f\x63\x6f\x6d\x70\x72\x65\x73\x73\x65\x64\0\x5f\x5f\x72\x78\
\x5f\x63\x6f\x6d\x70\x72\x65\x73\x73\x65\x64\0\x74\x78\x5f\x63\x6f\x6d\x70\x72\
\x65\x73\x73\x65\x64\0\x5f\x5f\x74\x78\x5f\x63\x6f\x6d\x70\x72\x65\x73\x73\x65\
\x64\0\x6e\x65\x74\x64\x65\x76\x5f\x68\x77\x5f\x61\x64\x64\x72\x5f\x6c\x69\x73\
\x74\0\x75\x65\x76\x65\x6e\x74\x5f\x6f\x70\x73\0\x72\x78\x5f\x68\x61\x6e\x64\
\x6c\x65\x72\x5f\x66\x75\x6e\x63\x5f\x74\0\x72\x78\x5f\x68\x61\x6e\x64\x6c\x65\
\x72\x5f\x72\x65\x73\x75\x6c\x74\x5f\x74\0\x72\x78\x5f\x68\x61\x6e\x64\x6c\x65\
\x72\x5f\x72\x65\x73\x75\x6c\x74\0\x52\x58\x5f\x48\x41\x4e\x44\x4c\x45\x52\x5f\
\x43\x4f\x4e\x53\x55\x4d\x45\x44\0\x52\x58\x5f\x48\x41\x4e\x44\x4c\x45\x52\x5f\
\x41\x4e\x4f\x54\x48\x45\x52\0\x52\x58\x5f\x48\x41\x4e\x44\x4c\x45\x52\x5f\x45\
\x58\x41\x43\x54\0\x52\x58\x5f\x48\x41\x4e\x44\x4c\x45\x52\x5f\x50\x41\x53\x53\
\0\x6e\x65\x74\x64\x65\x76\x5f\x71\x75\x65\x75\x65\0\x71\x64\x69\x73\x63\x5f\
\x73\x6c\x65\x65\x70\x69\x6e\x67\0\x74\x78\x5f\x6d\x61\x78\x72\x61\x74\x65\0\
\x74\x72\x61\x6e\x73\x5f\x74\x69\x6d\x65\x6f\x75\x74\0\x73\x62\x5f\x64\x65\x76\
\0\x5f\x78\x6d\x69\x74\x5f\x6c\x6f\x63\x6b\0\x78\x6d\x69\x74\x5f\x6c\x6f\x63\
\x6b\x5f\x6f\x77\x6e\x65\x72\0\x74\x72\x61\x6e\x73\x5f\x73\x74\x61\x72\x74\0\
\x64\x71\x6c\0\x51\x64\x69\x73\x63\0\x65\x6e\x71\x75\x65\x75\x65\0\x64\x65\x71\
\x75\x65\x75\x65\0\x6c\x69\x6d\x69\x74\0\x73\x74\x61\x62\0\x68\x61\x6e\x64\x6c\
\x65\0\x64\x65\x76\x5f\x71\x75\x65\x75\x65\0\x72\x61\x74\x65\x5f\x65\x73\x74\0\
\x63\x70\x75\x5f\x62\x73\x74\x61\x74\x73\0\x63\x70\x75\x5f\x71\x73\x74\x61\x74\
\x73\0\x70\x61\x64\0\x67\x73\x6f\x5f\x73\x6b\x62\0\x71\0\x62\x73\x74\x61\x74\
\x73\0\x72\x75\x6e\x6e\x69\x6e\x67\0\x71\x73\x74\x61\x74\x73\0\x6e\x65\x78\x74\
\x5f\x73\x63\x68\x65\x64\0\x73\x6b\x62\x5f\x62\x61\x64\x5f\x74\x78\x71\0\x62\
\x75\x73\x79\x6c\x6f\x63\x6b\0\x73\x65\x71\x6c\x6f\x63\x6b\0\x70\x72\x69\x76\
\x64\x61\x74\x61\0\x71\x64\x69\x73\x63\x5f\x73\x6b\x62\x5f\x68\x65\x61\x64\0\
\x67\x6e\x65\x74\x5f\x73\x74\x61\x74\x73\x5f\x62\x61\x73\x69\x63\x5f\x70\x61\
\x63\x6b\x65\x64\0\x67\x6e\x65\x74\x5f\x73\x74\x61\x74\x73\x5f\x71\x75\x65\x75\
\x65\0\x62\x61\x63\x6b\x6c\x6f\x67\0\x64\x72\x6f\x70\x73\0\x72\x65\x71\x75\x65\
\x75\x65\x73\0\x6f\x76\x65\x72\x6c\x69\x6d\x69\x74\x73\0\x6e\x75\x6d\x5f\x71\
\x75\x65\x75\x65\x64\0\x61\x64\x6a\x5f\x6c\x69\x6d\x69\x74\0\x6c\x61\x73\x74\
\x5f\x6f\x62\x6a\x5f\x63\x6e\x74\0\x6e\x75\x6d\x5f\x63\x6f\x6d\x70\x6c\x65\x74\
\x65\x64\0\x70\x72\x65\x76\x5f\x6f\x76\x6c\x69\x6d\x69\x74\0\x70\x72\x65\x76\
\x5f\x6e\x75\x6d\x5f\x71\x75\x65\x75\x65\x64\0\x70\x72\x65\x76\x5f\x6c\x61\x73\
\x74\x5f\x6f\x62\x6a\x5f\x63\x6e\x74\0\x6c\x6f\x77\x65\x73\x74\x5f\x73\x6c\x61\
\x63\x6b\0\x73\x6c\x61\x63\x6b\x5f\x73\x74\x61\x72\x74\x5f\x74\x69\x6d\x65\0\
\x6d\x61\x78\x5f\x6c\x69\x6d\x69\x74\0\x6d\x69\x6e\x5f\x6c\x69\x6d\x69\x74\0\
\x73\x6c\x61\x63\x6b\x5f\x68\x6f\x6c\x64\x5f\x74\x69\x6d\x65\0\x78\x70\x73\x5f\
\x64\x65\x76\x5f\x6d\x61\x70\x73\0\x6e\x72\x5f\x69\x64\x73\0\x61\x74\x74\x72\
\x5f\x6d\x61\x70\0\x78\x70\x73\x5f\x6d\x61\x70\0\x61\x6c\x6c\x6f\x63\x5f\x6c\
\x65\x6e\0\x71\x75\x65\x75\x65\x73\0\x6d\x69\x6e\x69\x5f\x51\x64\x69\x73\x63\0\
\x66\x69\x6c\x74\x65\x72\x5f\x6c\x69\x73\x74\0\x67\x6e\x65\x74\x5f\x73\x74\x61\
\x74\x73\x5f\x62\x61\x73\x69\x63\x5f\x63\x70\x75\0\x73\x79\x6e\x63\x70\0\x75\
\x36\x34\x5f\x73\x74\x61\x74\x73\x5f\x73\x79\x6e\x63\0\x4e\x45\x54\x52\x45\x47\
\x5f\x55\x4e\x49\x4e\x49\x54\x49\x41\x4c\x49\x5a\x45\x44\0\x4e\x45\x54\x52\x45\
\x47\x5f\x52\x45\x47\x49\x53\x54\x45\x52\x45\x44\0\x4e\x45\x54\x52\x45\x47\x5f\
\x55\x4e\x52\x45\x47\x49\x53\x54\x45\x52\x49\x4e\x47\0\x4e\x45\x54\x52\x45\x47\
\x5f\x55\x4e\x52\x45\x47\x49\x53\x54\x45\x52\x45\x44\0\x4e\x45\x54\x52\x45\x47\
\x5f\x52\x45\x4c\x45\x41\x53\x45\x44\0\x4e\x45\x54\x52\x45\x47\x5f\x44\x55\x4d\
\x4d\x59\0\x52\x54\x4e\x4c\x5f\x4c\x49\x4e\x4b\x5f\x49\x4e\x49\x54\x49\x41\x4c\
\x49\x5a\x45\x44\0\x52\x54\x4e\x4c\x5f\x4c\x49\x4e\x4b\x5f\x49\x4e\x49\x54\x49\
\x41\x4c\x49\x5a\x49\x4e\x47\0\x6e\x65\x74\x64\x65\x76\x5f\x6d\x6c\x5f\x70\x72\
\x69\x76\x5f\x74\x79\x70\x65\0\x4d\x4c\x5f\x50\x52\x49\x56\x5f\x4e\x4f\x4e\x45\
\0\x4d\x4c\x5f\x50\x52\x49\x56\x5f\x43\x41\x4e\0\x6c\x73\x74\x61\x74\x73\0\x74\
\x73\x74\x61\x74\x73\0\x64\x73\x74\x61\x74\x73\0\x70\x63\x70\x75\x5f\x64\x73\
\x74\x61\x74\x73\0\x6e\x65\x74\x64\x65\x76\x5f\x74\x63\x5f\x74\x78\x71\0\x62\
\x70\x66\x5f\x78\x64\x70\x5f\x65\x6e\x74\x69\x74\x79\0\x73\x6b\x5f\x73\x65\x6e\
\x64\x5f\x68\x65\x61\x64\0\x74\x63\x70\x5f\x72\x74\x78\x5f\x71\x75\x65\x75\x65\
\0\x63\x6c\x6f\x73\x65\0\x70\x72\x65\x5f\x63\x6f\x6e\x6e\x65\x63\x74\0\x63\x6f\
\x6e\x6e\x65\x63\x74\0\x64\x69\x73\x63\x6f\x6e\x6e\x65\x63\x74\0\x61\x63\x63\
\x65\x70\x74\0\x69\x6f\x63\x74\x6c\0\x73\x68\x75\x74\x64\x6f\x77\x6e\0\x73\x65\
\x74\x73\x6f\x63\x6b\x6f\x70\x74\0\x67\x65\x74\x73\x6f\x63\x6b\x6f\x70\x74\0\
\x6b\x65\x65\x70\x61\x6c\x69\x76\x65\0\x73\x65\x6e\x64\x6d\x73\x67\0\x72\x65\
\x63\x76\x6d\x73\x67\0\x62\x69\x6e\x64\0\x62\x69\x6e\x64\x5f\x61\x64\x64\0\x62\
\x61\x63\x6b\x6c\x6f\x67\x5f\x72\x63\x76\0\x62\x70\x66\x5f\x62\x79\x70\x61\x73\
\x73\x5f\x67\x65\x74\x73\x6f\x63\x6b\x6f\x70\x74\0\x72\x65\x6c\x65\x61\x73\x65\
\x5f\x63\x62\0\x75\x6e\x68\x61\x73\x68\0\x72\x65\x68\x61\x73\x68\0\x67\x65\x74\
\x5f\x70\x6f\x72\x74\0\x70\x73\x6f\x63\x6b\x5f\x75\x70\x64\x61\x74\x65\x5f\x73\
\x6b\x5f\x70\x72\x6f\x74\0\x69\x6e\x75\x73\x65\x5f\x69\x64\x78\0\x73\x74\x72\
\x65\x61\x6d\x5f\x6d\x65\x6d\x6f\x72\x79\x5f\x66\x72\x65\x65\0\x73\x6f\x63\x6b\
\x5f\x69\x73\x5f\x72\x65\x61\x64\x61\x62\x6c\x65\0\x65\x6e\x74\x65\x72\x5f\x6d\
\x65\x6d\x6f\x72\x79\x5f\x70\x72\x65\x73\x73\x75\x72\x65\0\x6c\x65\x61\x76\x65\
\x5f\x6d\x65\x6d\x6f\x72\x79\x5f\x70\x72\x65\x73\x73\x75\x72\x65\0\x6d\x65\x6d\
\x6f\x72\x79\x5f\x61\x6c\x6c\x6f\x63\x61\x74\x65\x64\0\x73\x6f\x63\x6b\x65\x74\
\x73\x5f\x61\x6c\x6c\x6f\x63\x61\x74\x65\x64\0\x6d\x65\x6d\x6f\x72\x79\x5f\x70\
\x72\x65\x73\x73\x75\x72\x65\0\x73\x79\x73\x63\x74\x6c\x5f\x6d\x65\x6d\0\x73\
\x79\x73\x63\x74\x6c\x5f\x77\x6d\x65\x6d\0\x73\x79\x73\x63\x74\x6c\x5f\x72\x6d\
\x65\x6d\0\x73\x79\x73\x63\x74\x6c\x5f\x77\x6d\x65\x6d\x5f\x6f\x66\x66\x73\x65\
\x74\0\x73\x79\x73\x63\x74\x6c\x5f\x72\x6d\x65\x6d\x5f\x6f\x66\x66\x73\x65\x74\
\0\x6d\x61\x78\x5f\x68\x65\x61\x64\x65\x72\0\x6e\x6f\x5f\x61\x75\x74\x6f\x62\
\x69\x6e\x64\0\x73\x6c\x61\x62\0\x6f\x62\x6a\x5f\x73\x69\x7a\x65\0\x73\x6c\x61\
\x62\x5f\x66\x6c\x61\x67\x73\0\x6f\x72\x70\x68\x61\x6e\x5f\x63\x6f\x75\x6e\x74\
\0\x72\x73\x6b\x5f\x70\x72\x6f\x74\0\x74\x77\x73\x6b\x5f\x70\x72\x6f\x74\0\x68\
\0\x64\x69\x61\x67\x5f\x64\x65\x73\x74\x72\x6f\x79\0\x73\x6f\x63\x6b\x61\x64\
\x64\x72\0\x73\x61\x5f\x66\x61\x6d\x69\x6c\x79\0\x73\x61\x5f\x64\x61\x74\x61\0\
\x73\x61\x5f\x66\x61\x6d\x69\x6c\x79\x5f\x74\0\x5f\x5f\x6b\x65\x72\x6e\x65\x6c\
\x5f\x73\x61\x5f\x66\x61\x6d\x69\x6c\x79\x5f\x74\0\x73\x6f\x63\x6b\x70\x74\x72\
\x5f\x74\0\x69\x73\x5f\x6b\x65\x72\x6e\x65\x6c\0\x6b\x65\x72\x6e\x65\x6c\0\x6d\
\x73\x67\x68\x64\x72\0\x6d\x73\x67\x5f\x6e\x61\x6d\x65\0\x6d\x73\x67\x5f\x6e\
\x61\x6d\x65\x6c\x65\x6e\0\x6d\x73\x67\x5f\x69\x74\x65\x72\0\x6d\x73\x67\x5f\
\x63\x6f\x6e\x74\x72\x6f\x6c\x5f\x69\x73\x5f\x75\x73\x65\x72\0\x6d\x73\x67\x5f\
\x63\x6f\x6e\x74\x72\x6f\x6c\x6c\x65\x6e\0\x6d\x73\x67\x5f\x66\x6c\x61\x67\x73\
\0\x6d\x73\x67\x5f\x69\x6f\x63\x62\0\x6d\x73\x67\x5f\x63\x6f\x6e\x74\x72\x6f\
\x6c\0\x6d\x73\x67\x5f\x63\x6f\x6e\x74\x72\x6f\x6c\x5f\x75\x73\x65\x72\0\x73\
\x6b\x5f\x70\x73\x6f\x63\x6b\0\x73\x6b\x5f\x72\x65\x64\x69\x72\0\x61\x70\x70\
\x6c\x79\x5f\x62\x79\x74\x65\x73\0\x63\x6f\x72\x6b\x5f\x62\x79\x74\x65\x73\0\
\x65\x76\x61\x6c\0\x72\x65\x64\x69\x72\x5f\x69\x6e\x67\x72\x65\x73\x73\0\x63\
\x6f\x72\x6b\0\x69\x6e\x67\x72\x65\x73\x73\x5f\x73\x6b\x62\0\x69\x6e\x67\x72\
\x65\x73\x73\x5f\x6d\x73\x67\0\x69\x6e\x67\x72\x65\x73\x73\x5f\x6c\x6f\x63\x6b\
\0\x6c\x69\x6e\x6b\x5f\x6c\x6f\x63\x6b\0\x73\x61\x76\x65\x64\x5f\x75\x6e\x68\
\x61\x73\x68\0\x73\x61\x76\x65\x64\x5f\x64\x65\x73\x74\x72\x6f\x79\0\x73\x61\
\x76\x65\x64\x5f\x63\x6c\x6f\x73\x65\0\x73\x61\x76\x65\x64\x5f\x77\x72\x69\x74\
\x65\x5f\x73\x70\x61\x63\x65\0\x73\x61\x76\x65\x64\x5f\x64\x61\x74\x61\x5f\x72\
\x65\x61\x64\x79\0\x73\x6b\x5f\x70\x72\x6f\x74\x6f\0\x77\x6f\x72\x6b\x5f\x6d\
\x75\x74\x65\x78\0\x77\x6f\x72\x6b\x5f\x73\x74\x61\x74\x65\0\x72\x77\x6f\x72\
\x6b\0\x73\x6b\x5f\x70\x73\x6f\x63\x6b\x5f\x70\x72\x6f\x67\x73\0\x6d\x73\x67\
\x5f\x70\x61\x72\x73\x65\x72\0\x73\x74\x72\x65\x61\x6d\x5f\x70\x61\x72\x73\x65\
\x72\0\x73\x74\x72\x65\x61\x6d\x5f\x76\x65\x72\x64\x69\x63\x74\0\x73\x6b\x62\
\x5f\x76\x65\x72\x64\x69\x63\x74\0\x73\x6b\x5f\x70\x73\x6f\x63\x6b\x5f\x77\x6f\
\x72\x6b\x5f\x73\x74\x61\x74\x65\0\x73\x6b\x62\0\x68\x61\x73\x68\x69\x6e\x66\
\x6f\0\x75\x64\x70\x5f\x74\x61\x62\x6c\x65\0\x72\x61\x77\x5f\x68\x61\x73\x68\0\
\x73\x6d\x63\x5f\x68\x61\x73\x68\0\x73\x6d\x63\x5f\x68\x61\x73\x68\x69\x6e\x66\
\x6f\0\x73\x6f\x63\x6b\x5f\x63\x67\x72\x6f\x75\x70\x5f\x64\x61\x74\x61\0\x63\
\x6c\x61\x73\x73\x69\x64\0\x62\x70\x66\x5f\x6c\x6f\x63\x61\x6c\x5f\x73\x74\x6f\
\x72\x61\x67\x65\0\x63\x61\x63\x68\x65\0\x62\x70\x66\x5f\x6c\x6f\x63\x61\x6c\
\x5f\x73\x74\x6f\x72\x61\x67\x65\x5f\x64\x61\x74\x61\0\x73\x6d\x61\x70\0\x72\
\x61\x77\x5f\x6e\x6f\x74\x69\x66\x69\x65\x72\x5f\x68\x65\x61\x64\0\x6e\x65\x74\
\x6e\x73\x5f\x63\x6f\x72\x65\0\x73\x79\x73\x63\x74\x6c\x5f\x68\x64\x72\0\x73\
\x79\x73\x63\x74\x6c\x5f\x73\x6f\x6d\x61\x78\x63\x6f\x6e\x6e\0\x73\x79\x73\x63\
\x74\x6c\x5f\x61\x6e\x64\x72\x6f\x69\x64\x5f\x70\x61\x72\x61\x6e\x6f\x69\x64\0\
\x73\x6f\x63\x6b\x5f\x69\x6e\x75\x73\x65\0\x70\x72\x6f\x74\x5f\x69\x6e\x75\x73\
\x65\0\x6e\x65\x74\x6e\x73\x5f\x6d\x69\x62\0\x69\x70\x5f\x73\x74\x61\x74\x69\
\x73\x74\x69\x63\x73\0\x69\x70\x76\x36\x5f\x73\x74\x61\x74\x69\x73\x74\x69\x63\
\x73\0\x74\x63\x70\x5f\x73\x74\x61\x74\x69\x73\x74\x69\x63\x73\0\x6e\x65\x74\
\x5f\x73\x74\x61\x74\x69\x73\x74\x69\x63\x73\0\x75\x64\x70\x5f\x73\x74\x61\x74\
\x69\x73\x74\x69\x63\x73\0\x75\x64\x70\x5f\x73\x74\x61\x74\x73\x5f\x69\x6e\x36\
\0\x75\x64\x70\x6c\x69\x74\x65\x5f\x73\x74\x61\x74\x69\x73\x74\x69\x63\x73\0\
\x75\x64\x70\x6c\x69\x74\x65\x5f\x73\x74\x61\x74\x73\x5f\x69\x6e\x36\0\x69\x63\
\x6d\x70\x5f\x73\x74\x61\x74\x69\x73\x74\x69\x63\x73\0\x69\x63\x6d\x70\x6d\x73\
\x67\x5f\x73\x74\x61\x74\x69\x73\x74\x69\x63\x73\0\x69\x63\x6d\x70\x76\x36\x5f\
\x73\x74\x61\x74\x69\x73\x74\x69\x63\x73\0\x69\x63\x6d\x70\x76\x36\x6d\x73\x67\
\x5f\x73\x74\x61\x74\x69\x73\x74\x69\x63\x73\0\x70\x72\x6f\x63\x5f\x6e\x65\x74\
\x5f\x64\x65\x76\x73\x6e\x6d\x70\x36\0\x69\x70\x73\x74\x61\x74\x73\x5f\x6d\x69\
\x62\0\x6d\x69\x62\x73\0\x75\x64\x70\x5f\x6d\x69\x62\0\x6e\x65\x74\x6e\x73\x5f\
\x70\x61\x63\x6b\x65\x74\0\x73\x6b\x6c\x69\x73\x74\x5f\x6c\x6f\x63\x6b\0\x73\
\x6b\x6c\x69\x73\x74\0\x6e\x65\x74\x6e\x73\x5f\x75\x6e\x69\x78\0\x73\x79\x73\
\x63\x74\x6c\x5f\x6d\x61\x78\x5f\x64\x67\x72\x61\x6d\x5f\x71\x6c\x65\x6e\0\x63\
\x74\x6c\0\x6e\x65\x74\x6e\x73\x5f\x6e\x65\x78\x74\x68\x6f\x70\0\x64\x65\x76\
\x68\x61\x73\x68\0\x6c\x61\x73\x74\x5f\x69\x64\x5f\x61\x6c\x6c\x6f\x63\x61\x74\
\x65\x64\0\x6e\x6f\x74\x69\x66\x69\x65\x72\x5f\x63\x68\x61\x69\x6e\0\x62\x6c\
\x6f\x63\x6b\x69\x6e\x67\x5f\x6e\x6f\x74\x69\x66\x69\x65\x72\x5f\x68\x65\x61\
\x64\0\x6e\x65\x74\x6e\x73\x5f\x69\x70\x76\x34\0\x74\x63\x70\x5f\x64\x65\x61\
\x74\x68\x5f\x72\x6f\x77\0\x66\x6f\x72\x77\x5f\x68\x64\x72\0\x66\x72\x61\x67\
\x73\x5f\x68\x64\x72\0\x69\x70\x76\x34\x5f\x68\x64\x72\0\x72\x6f\x75\x74\x65\
\x5f\x68\x64\x72\0\x78\x66\x72\x6d\x34\x5f\x68\x64\x72\0\x64\x65\x76\x63\x6f\
\x6e\x66\x5f\x61\x6c\x6c\0\x64\x65\x76\x63\x6f\x6e\x66\x5f\x64\x66\x6c\x74\0\
\x72\x61\x5f\x63\x68\x61\x69\x6e\0\x72\x61\x5f\x6d\x75\x74\x65\x78\0\x66\x69\
\x62\x5f\x6d\x61\x69\x6e\0\x66\x69\x62\x5f\x64\x65\x66\x61\x75\x6c\x74\0\x66\
\x69\x62\x5f\x72\x75\x6c\x65\x73\x5f\x72\x65\x71\x75\x69\x72\x65\x5f\x66\x6c\
\x64\x69\x73\x73\x65\x63\x74\0\x66\x69\x62\x5f\x68\x61\x73\x5f\x63\x75\x73\x74\
\x6f\x6d\x5f\x72\x75\x6c\x65\x73\0\x66\x69\x62\x5f\x68\x61\x73\x5f\x63\x75\x73\
\x74\x6f\x6d\x5f\x6c\x6f\x63\x61\x6c\x5f\x72\x6f\x75\x74\x65\x73\0\x66\x69\x62\
\x5f\x6f\x66\x66\x6c\x6f\x61\x64\x5f\x64\x69\x73\x61\x62\x6c\x65\x64\0\x66\x69\
\x62\x5f\x74\x61\x62\x6c\x65\x5f\x68\x61\x73\x68\0\x66\x69\x62\x6e\x6c\0\x69\
\x63\x6d\x70\x5f\x73\x6b\0\x6d\x63\x5f\x61\x75\x74\x6f\x6a\x6f\x69\x6e\x5f\x73\
\x6b\0\x70\x65\x65\x72\x73\0\x66\x71\x64\x69\x72\0\x73\x79\x73\x63\x74\x6c\x5f\
\x69\x63\x6d\x70\x5f\x65\x63\x68\x6f\x5f\x69\x67\x6e\x6f\x72\x65\x5f\x61\x6c\
\x6c\0\x73\x79\x73\x63\x74\x6c\x5f\x69\x63\x6d\x70\x5f\x65\x63\x68\x6f\x5f\x65\
\x6e\x61\x62\x6c\x65\x5f\x70\x72\x6f\x62\x65\0\x73\x79\x73\x63\x74\x6c\x5f\x69\
\x63\x6d\x70\x5f\x65\x63\x68\x6f\x5f\x69\x67\x6e\x6f\x72\x65\x5f\x62\x72\x6f\
\x61\x64\x63\x61\x73\x74\x73\0\x73\x79\x73\x63\x74\x6c\x5f\x69\x63\x6d\x70\x5f\
\x69\x67\x6e\x6f\x72\x65\x5f\x62\x6f\x67\x75\x73\x5f\x65\x72\x72\x6f\x72\x5f\
\x72\x65\x73\x70\x6f\x6e\x73\x65\x73\0\x73\x79\x73\x63\x74\x6c\x5f\x69\x63\x6d\
\x70\x5f\x65\x72\x72\x6f\x72\x73\x5f\x75\x73\x65\x5f\x69\x6e\x62\x6f\x75\x6e\
\x64\x5f\x69\x66\x61\x64\x64\x72\0\x73\x79\x73\x63\x74\x6c\x5f\x69\x63\x6d\x70\
\x5f\x72\x61\x74\x65\x6c\x69\x6d\x69\x74\0\x73\x79\x73\x63\x74\x6c\x5f\x69\x63\
\x6d\x70\x5f\x72\x61\x74\x65\x6d\x61\x73\x6b\0\x69\x70\x5f\x6c\x6f\x63\x61\x6c\
\x5f\x70\x6f\x72\x74\x73\0\x73\x79\x73\x63\x74\x6c\x5f\x74\x63\x70\x5f\x65\x63\
\x6e\0\x73\x79\x73\x63\x74\x6c\x5f\x74\x63\x70\x5f\x65\x63\x6e\x5f\x66\x61\x6c\
\x6c\x62\x61\x63\x6b\0\x73\x79\x73\x63\x74\x6c\x5f\x69\x70\x5f\x64\x65\x66\x61\
\x75\x6c\x74\x5f\x74\x74\x6c\0\x73\x79\x73\x63\x74\x6c\x5f\x69\x70\x5f\x6e\x6f\
\x5f\x70\x6d\x74\x75\x5f\x64\x69\x73\x63\0\x73\x79\x73\x63\x74\x6c\x5f\x69\x70\
\x5f\x66\x77\x64\x5f\x75\x73\x65\x5f\x70\x6d\x74\x75\0\x73\x79\x73\x63\x74\x6c\
\x5f\x69\x70\x5f\x66\x77\x64\x5f\x75\x70\x64\x61\x74\x65\x5f\x70\x72\x69\x6f\
\x72\x69\x74\x79\0\x73\x79\x73\x63\x74\x6c\x5f\x69\x70\x5f\x6e\x6f\x6e\x6c\x6f\
\x63\x61\x6c\x5f\x62\x69\x6e\x64\0\x73\x79\x73\x63\x74\x6c\x5f\x69\x70\x5f\x61\
\x75\x74\x6f\x62\x69\x6e\x64\x5f\x72\x65\x75\x73\x65\0\x73\x79\x73\x63\x74\x6c\
\x5f\x69\x70\x5f\x64\x79\x6e\x61\x64\x64\x72\0\x73\x79\x73\x63\x74\x6c\x5f\x69\
\x70\x5f\x65\x61\x72\x6c\x79\x5f\x64\x65\x6d\x75\x78\0\x73\x79\x73\x63\x74\x6c\
\x5f\x74\x63\x70\x5f\x65\x61\x72\x6c\x79\x5f\x64\x65\x6d\x75\x78\0\x73\x79\x73\
\x63\x74\x6c\x5f\x75\x64\x70\x5f\x65\x61\x72\x6c\x79\x5f\x64\x65\x6d\x75\x78\0\
\x73\x79\x73\x63\x74\x6c\x5f\x6e\x65\x78\x74\x68\x6f\x70\x5f\x63\x6f\x6d\x70\
\x61\x74\x5f\x6d\x6f\x64\x65\0\x73\x79\x73\x63\x74\x6c\x5f\x66\x77\x6d\x61\x72\
\x6b\x5f\x72\x65\x66\x6c\x65\x63\x74\0\x73\x79\x73\x63\x74\x6c\x5f\x74\x63\x70\
\x5f\x66\x77\x6d\x61\x72\x6b\x5f\x61\x63\x63\x65\x70\x74\0\x73\x79\x73\x63\x74\
\x6c\x5f\x74\x63\x70\x5f\x64\x65\x66\x61\x75\x6c\x74\x5f\x69\x6e\x69\x74\x5f\
\x72\x77\x6e\x64\0\x73\x79\x73\x63\x74\x6c\x5f\x74\x63\x70\x5f\x6d\x74\x75\x5f\
\x70\x72\x6f\x62\x69\x6e\x67\0\x73\x79\x73\x63\x74\x6c\x5f\x74\x63\x70\x5f\x6d\
\x74\x75\x5f\x70\x72\x6f\x62\x65\x5f\x66\x6c\x6f\x6f\x72\0\x73\x79\x73\x63\x74\
\x6c\x5f\x74\x63\x70\x5f\x62\x61\x73\x65\x5f\x6d\x73\x73\0\x73\x79\x73\x63\x74\
\x6c\x5f\x74\x63\x70\x5f\x6d\x69\x6e\x5f\x73\x6e\x64\x5f\x6d\x73\x73\0\x73\x79\
\x73\x63\x74\x6c\x5f\x74\x63\x70\x5f\x70\x72\x6f\x62\x65\x5f\x74\x68\x72\x65\
\x73\x68\x6f\x6c\x64\0\x73\x79\x73\x63\x74\x6c\x5f\x74\x63\x70\x5f\x70\x72\x6f\
\x62\x65\x5f\x69\x6e\x74\x65\x72\x76\x61\x6c\0\x73\x79\x73\x63\x74\x6c\x5f\x74\
\x63\x70\x5f\x6b\x65\x65\x70\x61\x6c\x69\x76\x65\x5f\x74\x69\x6d\x65\0\x73\x79\
\x73\x63\x74\x6c\x5f\x74\x63\x70\x5f\x6b\x65\x65\x70\x61\x6c\x69\x76\x65\x5f\
\x69\x6e\x74\x76\x6c\0\x73\x79\x73\x63\x74\x6c\x5f\x74\x63\x70\x5f\x6b\x65\x65\
\x70\x61\x6c\x69\x76\x65\x5f\x70\x72\x6f\x62\x65\x73\0\x73\x79\x73\x63\x74\x6c\
\x5f\x74\x63\x70\x5f\x73\x79\x6e\x5f\x72\x65\x74\x72\x69\x65\x73\0\x73\x79\x73\
\x63\x74\x6c\x5f\x74\x63\x70\x5f\x73\x79\x6e\x61\x63\x6b\x5f\x72\x65\x74\x72\
\x69\x65\x73\0\x73\x79\x73\x63\x74\x6c\x5f\x74\x63\x70\x5f\x73\x79\x6e\x63\x6f\
\x6f\x6b\x69\x65\x73\0\x73\x79\x73\x63\x74\x6c\x5f\x74\x63\x70\x5f\x6d\x69\x67\
\x72\x61\x74\x65\x5f\x72\x65\x71\0\x73\x79\x73\x63\x74\x6c\x5f\x74\x63\x70\x5f\
\x72\x65\x6f\x72\x64\x65\x72\x69\x6e\x67\0\x73\x79\x73\x63\x74\x6c\x5f\x74\x63\
\x70\x5f\x72\x65\x74\x72\x69\x65\x73\x31\0\x73\x79\x73\x63\x74\x6c\x5f\x74\x63\
\x70\x5f\x72\x65\x74\x72\x69\x65\x73\x32\0\x73\x79\x73\x63\x74\x6c\x5f\x74\x63\
\x70\x5f\x6f\x72\x70\x68\x61\x6e\x5f\x72\x65\x74\x72\x69\x65\x73\0\x73\x79\x73\
\x63\x74\x6c\x5f\x74\x63\x70\x5f\x74\x77\x5f\x72\x65\x75\x73\x65\0\x73\x79\x73\
\x63\x74\x6c\x5f\x74\x63\x70\x5f\x66\x69\x6e\x5f\x74\x69\x6d\x65\x6f\x75\x74\0\
\x73\x79\x73\x63\x74\x6c\x5f\x74\x63\x70\x5f\x6e\x6f\x74\x73\x65\x6e\x74\x5f\
\x6c\x6f\x77\x61\x74\0\x73\x79\x73\x63\x74\x6c\x5f\x74\x63\x70\x5f\x73\x61\x63\
\x6b\0\x73\x79\x73\x63\x74\x6c\x5f\x74\x63\x70\x5f\x77\x69\x6e\x64\x6f\x77\x5f\
\x73\x63\x61\x6c\x69\x6e\x67\0\x73\x79\x73\x63\x74\x6c\x5f\x74\x63\x70\x5f\x74\
\x69\x6d\x65\x73\x74\x61\x6d\x70\x73\0\x73\x79\x73\x63\x74\x6c\x5f\x74\x63\x70\
\x5f\x65\x61\x72\x6c\x79\x5f\x72\x65\x74\x72\x61\x6e\x73\0\x73\x79\x73\x63\x74\
\x6c\x5f\x74\x63\x70\x5f\x72\x65\x63\x6f\x76\x65\x72\x79\0\x73\x79\x73\x63\x74\
\x6c\x5f\x74\x63\x70\x5f\x74\x68\x69\x6e\x5f\x6c\x69\x6e\x65\x61\x72\x5f\x74\
\x69\x6d\x65\x6f\x75\x74\x73\0\x73\x79\x73\x63\x74\x6c\x5f\x74\x63\x70\x5f\x73\
\x6c\x6f\x77\x5f\x73\x74\x61\x72\x74\x5f\x61\x66\x74\x65\x72\x5f\x69\x64\x6c\
\x65\0\x73\x79\x73\x63\x74\x6c\x5f\x74\x63\x70\x5f\x72\x65\x74\x72\x61\x6e\x73\
\x5f\x63\x6f\x6c\x6c\x61\x70\x73\x65\0\x73\x79\x73\x63\x74\x6c\x5f\x74\x63\x70\
\x5f\x73\x74\x64\x75\x72\x67\0\x73\x79\x73\x63\x74\x6c\x5f\x74\x63\x70\x5f\x72\
\x66\x63\x31\x33\x33\x37\0\x73\x79\x73\x63\x74\x6c\x5f\x74\x63\x70\x5f\x61\x62\
\x6f\x72\x74\x5f\x6f\x6e\x5f\x6f\x76\x65\x72\x66\x6c\x6f\x77\0\x73\x79\x73\x63\
\x74\x6c\x5f\x74\x63\x70\x5f\x66\x61\x63\x6b\0\x73\x79\x73\x63\x74\x6c\x5f\x74\
\x63\x70\x5f\x6d\x61\x78\x5f\x72\x65\x6f\x72\x64\x65\x72\x69\x6e\x67\0\x73\x79\
\x73\x63\x74\x6c\x5f\x74\x63\x70\x5f\x61\x64\x76\x5f\x77\x69\x6e\x5f\x73\x63\
\x61\x6c\x65\0\x73\x79\x73\x63\x74\x6c\x5f\x74\x63\x70\x5f\x64\x73\x61\x63\x6b\
\0\x73\x79\x73\x63\x74\x6c\x5f\x74\x63\x70\x5f\x61\x70\x70\x5f\x77\x69\x6e\0\
\x73\x79\x73\x63\x74\x6c\x5f\x74\x63\x70\x5f\x66\x72\x74\x6f\0\x73\x79\x73\x63\
\x74\x6c\x5f\x74\x63\x70\x5f\x6e\x6f\x6d\x65\x74\x72\x69\x63\x73\x5f\x73\x61\
\x76\x65\0\x73\x79\x73\x63\x74\x6c\x5f\x74\x63\x70\x5f\x6e\x6f\x5f\x73\x73\x74\
\x68\x72\x65\x73\x68\x5f\x6d\x65\x74\x72\x69\x63\x73\x5f\x73\x61\x76\x65\0\x73\
\x79\x73\x63\x74\x6c\x5f\x74\x63\x70\x5f\x6d\x6f\x64\x65\x72\x61\x74\x65\x5f\
\x72\x63\x76\x62\x75\x66\0\x73\x79\x73\x63\x74\x6c\x5f\x74\x63\x70\x5f\x74\x73\
\x6f\x5f\x77\x69\x6e\x5f\x64\x69\x76\x69\x73\x6f\x72\0\x73\x79\x73\x63\x74\x6c\
\x5f\x74\x63\x70\x5f\x77\x6f\x72\x6b\x61\x72\x6f\x75\x6e\x64\x5f\x73\x69\x67\
\x6e\x65\x64\x5f\x77\x69\x6e\x64\x6f\x77\x73\0\x73\x79\x73\x63\x74\x6c\x5f\x74\
\x63\x70\x5f\x6c\x69\x6d\x69\x74\x5f\x6f\x75\x74\x70\x75\x74\x5f\x62\x79\x74\
\x65\x73\0\x73\x79\x73\x63\x74\x6c\x5f\x74\x63\x70\x5f\x63\x68\x61\x6c\x6c\x65\
\x6e\x67\x65\x5f\x61\x63\x6b\x5f\x6c\x69\x6d\x69\x74\0\x73\x79\x73\x63\x74\x6c\
\x5f\x74\x63\x70\x5f\x6d\x69\x6e\x5f\x72\x74\x74\x5f\x77\x6c\x65\x6e\0\x73\x79\
\x73\x63\x74\x6c\x5f\x74\x63\x70\x5f\x6d\x69\x6e\x5f\x74\x73\x6f\x5f\x73\x65\
\x67\x73\0\x73\x79\x73\x63\x74\x6c\x5f\x74\x63\x70\x5f\x61\x75\x74\x6f\x63\x6f\
\x72\x6b\x69\x6e\x67\0\x73\x79\x73\x63\x74\x6c\x5f\x74\x63\x70\x5f\x72\x65\x66\
\x6c\x65\x63\x74\x5f\x74\x6f\x73\0\x73\x79\x73\x63\x74\x6c\x5f\x74\x63\x70\x5f\
\x63\x6f\x6d\x70\x5f\x73\x61\x63\x6b\x5f\x6e\x72\0\x73\x79\x73\x63\x74\x6c\x5f\
\x74\x63\x70\x5f\x69\x6e\x76\x61\x6c\x69\x64\x5f\x72\x61\x74\x65\x6c\x69\x6d\
\x69\x74\0\x73\x79\x73\x63\x74\x6c\x5f\x74\x63\x70\x5f\x70\x61\x63\x69\x6e\x67\
\x5f\x73\x73\x5f\x72\x61\x74\x69\x6f\0\x73\x79\x73\x63\x74\x6c\x5f\x74\x63\x70\
\x5f\x70\x61\x63\x69\x6e\x67\x5f\x63\x61\x5f\x72\x61\x74\x69\x6f\0\x73\x79\x73\
\x63\x74\x6c\x5f\x74\x63\x70\x5f\x77\x6d\x65\x6d\0\x73\x79\x73\x63\x74\x6c\x5f\
\x74\x63\x70\x5f\x72\x6d\x65\x6d\0\x73\x79\x73\x63\x74\x6c\x5f\x74\x63\x70\x5f\
\x63\x6f\x6d\x70\x5f\x73\x61\x63\x6b\x5f\x64\x65\x6c\x61\x79\x5f\x6e\x73\0\x73\
\x79\x73\x63\x74\x6c\x5f\x74\x63\x70\x5f\x63\x6f\x6d\x70\x5f\x73\x61\x63\x6b\
\x5f\x73\x6c\x61\x63\x6b\x5f\x6e\x73\0\x73\x79\x73\x63\x74\x6c\x5f\x6d\x61\x78\
\x5f\x73\x79\x6e\x5f\x62\x61\x63\x6b\x6c\x6f\x67\0\x73\x79\x73\x63\x74\x6c\x5f\
\x74\x63\x70\x5f\x66\x61\x73\x74\x6f\x70\x65\x6e\0\x74\x63\x70\x5f\x63\x6f\x6e\
\x67\x65\x73\x74\x69\x6f\x6e\x5f\x63\x6f\x6e\x74\x72\x6f\x6c\0\x74\x63\x70\x5f\
\x66\x61\x73\x74\x6f\x70\x65\x6e\x5f\x63\x74\x78\0\x73\x79\x73\x63\x74\x6c\x5f\
\x74\x63\x70\x5f\x66\x61\x73\x74\x6f\x70\x65\x6e\x5f\x62\x6c\x61\x63\x6b\x68\
\x6f\x6c\x65\x5f\x74\x69\x6d\x65\x6f\x75\x74\0\x74\x66\x6f\x5f\x61\x63\x74\x69\
\x76\x65\x5f\x64\x69\x73\x61\x62\x6c\x65\x5f\x74\x69\x6d\x65\x73\0\x74\x66\x6f\
\x5f\x61\x63\x74\x69\x76\x65\x5f\x64\x69\x73\x61\x62\x6c\x65\x5f\x73\x74\x61\
\x6d\x70\0\x73\x79\x73\x63\x74\x6c\x5f\x75\x64\x70\x5f\x77\x6d\x65\x6d\x5f\x6d\
\x69\x6e\0\x73\x79\x73\x63\x74\x6c\x5f\x75\x64\x70\x5f\x72\x6d\x65\x6d\x5f\x6d\
\x69\x6e\0\x73\x79\x73\x63\x74\x6c\x5f\x66\x69\x62\x5f\x6e\x6f\x74\x69\x66\x79\
\x5f\x6f\x6e\x5f\x66\x6c\x61\x67\x5f\x63\x68\x61\x6e\x67\x65\0\x73\x79\x73\x63\
\x74\x6c\x5f\x69\x67\x6d\x70\x5f\x6c\x6c\x6d\x5f\x72\x65\x70\x6f\x72\x74\x73\0\
\x73\x79\x73\x63\x74\x6c\x5f\x69\x67\x6d\x70\x5f\x6d\x61\x78\x5f\x6d\x65\x6d\
\x62\x65\x72\x73\x68\x69\x70\x73\0\x73\x79\x73\x63\x74\x6c\x5f\x69\x67\x6d\x70\
\x5f\x6d\x61\x78\x5f\x6d\x73\x66\0\x73\x79\x73\x63\x74\x6c\x5f\x69\x67\x6d\x70\
\x5f\x71\x72\x76\0\x70\x69\x6e\x67\x5f\x67\x72\x6f\x75\x70\x5f\x72\x61\x6e\x67\
\x65\0\x64\x65\x76\x5f\x61\x64\x64\x72\x5f\x67\x65\x6e\x69\x64\0\x73\x79\x73\
\x63\x74\x6c\x5f\x6c\x6f\x63\x61\x6c\x5f\x72\x65\x73\x65\x72\x76\x65\x64\x5f\
\x70\x6f\x72\x74\x73\0\x73\x79\x73\x63\x74\x6c\x5f\x69\x70\x5f\x70\x72\x6f\x74\
\x5f\x73\x6f\x63\x6b\0\x6d\x72\x74\0\x73\x79\x73\x63\x74\x6c\x5f\x66\x69\x62\
\x5f\x6d\x75\x6c\x74\x69\x70\x61\x74\x68\x5f\x68\x61\x73\x68\x5f\x66\x69\x65\
\x6c\x64\x73\0\x73\x79\x73\x63\x74\x6c\x5f\x66\x69\x62\x5f\x6d\x75\x6c\x74\x69\
\x70\x61\x74\x68\x5f\x75\x73\x65\x5f\x6e\x65\x69\x67\x68\0\x73\x79\x73\x63\x74\
\x6c\x5f\x66\x69\x62\x5f\x6d\x75\x6c\x74\x69\x70\x61\x74\x68\x5f\x68\x61\x73\
\x68\x5f\x70\x6f\x6c\x69\x63\x79\0\x6e\x6f\x74\x69\x66\x69\x65\x72\x5f\x6f\x70\
\x73\0\x66\x69\x62\x5f\x73\x65\x71\0\x69\x70\x6d\x72\x5f\x6e\x6f\x74\x69\x66\
\x69\x65\x72\x5f\x6f\x70\x73\0\x69\x70\x6d\x72\x5f\x73\x65\x71\0\x72\x74\x5f\
\x67\x65\x6e\x69\x64\0\x69\x70\x5f\x69\x64\x5f\x6b\x65\x79\0\x69\x6e\x65\x74\
\x5f\x74\x69\x6d\x65\x77\x61\x69\x74\x5f\x64\x65\x61\x74\x68\x5f\x72\x6f\x77\0\
\x74\x77\x5f\x63\x6f\x75\x6e\x74\0\x74\x77\x5f\x70\x61\x64\0\x73\x79\x73\x63\
\x74\x6c\x5f\x6d\x61\x78\x5f\x74\x77\x5f\x62\x75\x63\x6b\x65\x74\x73\0\x69\x6e\
\x65\x74\x5f\x68\x61\x73\x68\x69\x6e\x66\x6f\0\x65\x68\x61\x73\x68\0\x65\x68\
\x61\x73\x68\x5f\x6c\x6f\x63\x6b\x73\0\x65\x68\x61\x73\x68\x5f\x6d\x61\x73\x6b\
\0\x65\x68\x61\x73\x68\x5f\x6c\x6f\x63\x6b\x73\x5f\x6d\x61\x73\x6b\0\x62\x69\
\x6e\x64\x5f\x62\x75\x63\x6b\x65\x74\x5f\x63\x61\x63\x68\x65\x70\0\x62\x68\x61\
\x73\x68\0\x62\x68\x61\x73\x68\x5f\x73\x69\x7a\x65\0\x6c\x68\x61\x73\x68\x32\
\x5f\x6d\x61\x73\x6b\0\x6c\x68\x61\x73\x68\x32\0\x6c\x69\x73\x74\x65\x6e\x69\
\x6e\x67\x5f\x68\x61\x73\x68\0\x69\x6e\x65\x74\x5f\x6c\x69\x73\x74\x65\x6e\x5f\
\x68\x61\x73\x68\x62\x75\x63\x6b\x65\x74\0\x6e\x75\x6c\x6c\x73\x5f\x68\x65\x61\
\x64\0\x68\x6c\x69\x73\x74\x5f\x6e\x75\x6c\x6c\x73\x5f\x68\x65\x61\x64\0\x69\
\x70\x76\x34\x5f\x64\x65\x76\x63\x6f\x6e\x66\0\x73\x79\x73\x63\x74\x6c\0\x66\
\x69\x62\x5f\x74\x61\x62\x6c\x65\0\x74\x62\x5f\x68\x6c\x69\x73\x74\0\x74\x62\
\x5f\x69\x64\0\x74\x62\x5f\x6e\x75\x6d\x5f\x64\x65\x66\x61\x75\x6c\x74\0\x74\
\x62\x5f\x64\x61\x74\x61\0\x5f\x5f\x64\x61\x74\x61\0\x6c\x6f\x63\x61\x6c\x5f\
\x70\x6f\x72\x74\x73\0\x72\x61\x6e\x67\x65\0\x77\x61\x72\x6e\x65\x64\0\x73\x65\
\x71\x6c\x6f\x63\x6b\x5f\x74\0\x66\x69\x62\x5f\x6e\x6f\x74\x69\x66\x69\x65\x72\
\x5f\x6f\x70\x73\0\x66\x69\x62\x5f\x73\x65\x71\x5f\x72\x65\x61\x64\0\x66\x69\
\x62\x5f\x64\x75\x6d\x70\0\x6e\x65\x74\x6c\x69\x6e\x6b\x5f\x65\x78\x74\x5f\x61\
\x63\x6b\0\x5f\x6d\x73\x67\0\x62\x61\x64\x5f\x61\x74\x74\x72\0\x63\x6f\x6f\x6b\
\x69\x65\0\x63\x6f\x6f\x6b\x69\x65\x5f\x6c\x65\x6e\0\x73\x69\x70\x68\x61\x73\
\x68\x5f\x6b\x65\x79\x5f\x74\0\x6e\x65\x74\x6e\x73\x5f\x69\x70\x76\x36\0\x69\
\x70\x36\x5f\x64\x73\x74\x5f\x6f\x70\x73\0\x66\x69\x62\x36\x5f\x6e\x75\x6c\x6c\
\x5f\x65\x6e\x74\x72\x79\0\x69\x70\x36\x5f\x6e\x75\x6c\x6c\x5f\x65\x6e\x74\x72\
\x79\0\x72\x74\x36\x5f\x73\x74\x61\x74\x73\0\x69\x70\x36\x5f\x66\x69\x62\x5f\
\x74\x69\x6d\x65\x72\0\x66\x69\x62\x36\x5f\x6d\x61\x69\x6e\x5f\x74\x62\x6c\0\
\x66\x69\x62\x36\x5f\x77\x61\x6c\x6b\x65\x72\x73\0\x66\x69\x62\x36\x5f\x77\x61\
\x6c\x6b\x65\x72\x5f\x6c\x6f\x63\x6b\0\x66\x69\x62\x36\x5f\x67\x63\x5f\x6c\x6f\
\x63\x6b\0\x69\x70\x36\x5f\x72\x74\x5f\x67\x63\x5f\x65\x78\x70\x69\x72\x65\0\
\x69\x70\x36\x5f\x72\x74\x5f\x6c\x61\x73\x74\x5f\x67\x63\0\x66\x6c\x6f\x77\x6c\
\x61\x62\x65\x6c\x5f\x68\x61\x73\x5f\x65\x78\x63\x6c\0\x66\x69\x62\x36\x5f\x68\
\x61\x73\x5f\x63\x75\x73\x74\x6f\x6d\x5f\x72\x75\x6c\x65\x73\0\x66\x69\x62\x36\
\x5f\x72\x75\x6c\x65\x73\x5f\x72\x65\x71\x75\x69\x72\x65\x5f\x66\x6c\x64\x69\
\x73\x73\x65\x63\x74\0\x69\x70\x36\x5f\x70\x72\x6f\x68\x69\x62\x69\x74\x5f\x65\
\x6e\x74\x72\x79\0\x69\x70\x36\x5f\x62\x6c\x6b\x5f\x68\x6f\x6c\x65\x5f\x65\x6e\
\x74\x72\x79\0\x66\x69\x62\x36\x5f\x6c\x6f\x63\x61\x6c\x5f\x74\x62\x6c\0\x66\
\x69\x62\x36\x5f\x72\x75\x6c\x65\x73\x5f\x6f\x70\x73\0\x6e\x64\x69\x73\x63\x5f\
\x73\x6b\0\x74\x63\x70\x5f\x73\x6b\0\x69\x67\x6d\x70\x5f\x73\x6b\0\x66\x69\x62\
\x36\x5f\x73\x65\x72\x6e\x75\x6d\0\x73\x65\x67\x36\x5f\x64\x61\x74\x61\0\x69\
\x70\x36\x6d\x72\x5f\x6e\x6f\x74\x69\x66\x69\x65\x72\x5f\x6f\x70\x73\0\x69\x70\
\x36\x61\x64\x64\x72\x6c\x62\x6c\x5f\x74\x61\x62\x6c\x65\0\x69\x6f\x61\x6d\x36\
\x5f\x64\x61\x74\x61\0\x64\x73\x74\x5f\x6f\x70\x73\0\x67\x63\x5f\x74\x68\x72\
\x65\x73\x68\0\x67\x63\0\x64\x65\x66\x61\x75\x6c\x74\x5f\x61\x64\x76\x6d\x73\
\x73\0\x63\x6f\x77\x5f\x6d\x65\x74\x72\x69\x63\x73\0\x69\x66\x64\x6f\x77\x6e\0\
\x6e\x65\x67\x61\x74\x69\x76\x65\x5f\x61\x64\x76\x69\x63\x65\0\x6c\x69\x6e\x6b\
\x5f\x66\x61\x69\x6c\x75\x72\x65\0\x75\x70\x64\x61\x74\x65\x5f\x70\x6d\x74\x75\
\0\x72\x65\x64\x69\x72\x65\x63\x74\0\x6c\x6f\x63\x61\x6c\x5f\x6f\x75\x74\0\x6e\
\x65\x69\x67\x68\x5f\x6c\x6f\x6f\x6b\x75\x70\0\x63\x6f\x6e\x66\x69\x72\x6d\x5f\
\x6e\x65\x69\x67\x68\0\x6b\x6d\x65\x6d\x5f\x63\x61\x63\x68\x65\x70\0\x70\x63\
\x70\x75\x63\x5f\x65\x6e\x74\x72\x69\x65\x73\0\x6e\x65\x69\x67\x68\x62\x6f\x75\
\x72\0\x70\x61\x72\x6d\x73\0\x63\x6f\x6e\x66\x69\x72\x6d\x65\x64\0\x75\x70\x64\
\x61\x74\x65\x64\0\x61\x72\x70\x5f\x71\x75\x65\x75\x65\x5f\x6c\x65\x6e\x5f\x62\
\x79\x74\x65\x73\0\x61\x72\x70\x5f\x71\x75\x65\x75\x65\0\x70\x72\x6f\x62\x65\
\x73\0\x6e\x75\x64\x5f\x73\x74\x61\x74\x65\0\x68\x61\x5f\x6c\x6f\x63\x6b\0\x68\
\x61\0\x68\x68\0\x67\x63\x5f\x6c\x69\x73\x74\0\x70\x72\x69\x6d\x61\x72\x79\x5f\
\x6b\x65\x79\0\x68\x68\x5f\x63\x61\x63\x68\x65\0\x68\x68\x5f\x6c\x65\x6e\0\x68\
\x68\x5f\x6c\x6f\x63\x6b\0\x68\x68\x5f\x64\x61\x74\x61\0\x6e\x65\x74\x6e\x73\
\x5f\x73\x79\x73\x63\x74\x6c\x5f\x69\x70\x76\x36\0\x68\x64\x72\0\x69\x63\x6d\
\x70\x5f\x68\x64\x72\0\x78\x66\x72\x6d\x36\x5f\x68\x64\x72\0\x66\x6c\x75\x73\
\x68\x5f\x64\x65\x6c\x61\x79\0\x69\x70\x36\x5f\x72\x74\x5f\x6d\x61\x78\x5f\x73\
\x69\x7a\x65\0\x69\x70\x36\x5f\x72\x74\x5f\x67\x63\x5f\x6d\x69\x6e\x5f\x69\x6e\
\x74\x65\x72\x76\x61\x6c\0\x69\x70\x36\x5f\x72\x74\x5f\x67\x63\x5f\x74\x69\x6d\
\x65\x6f\x75\x74\0\x69\x70\x36\x5f\x72\x74\x5f\x67\x63\x5f\x69\x6e\x74\x65\x72\
\x76\x61\x6c\0\x69\x70\x36\x5f\x72\x74\x5f\x67\x63\x5f\x65\x6c\x61\x73\x74\x69\
\x63\x69\x74\x79\0\x69\x70\x36\x5f\x72\x74\x5f\x6d\x74\x75\x5f\x65\x78\x70\x69\
\x72\x65\x73\0\x69\x70\x36\x5f\x72\x74\x5f\x6d\x69\x6e\x5f\x61\x64\x76\x6d\x73\
\x73\0\x6d\x75\x6c\x74\x69\x70\x61\x74\x68\x5f\x68\x61\x73\x68\x5f\x66\x69\x65\
\x6c\x64\x73\0\x6d\x75\x6c\x74\x69\x70\x61\x74\x68\x5f\x68\x61\x73\x68\x5f\x70\
\x6f\x6c\x69\x63\x79\0\x62\x69\x6e\x64\x76\x36\x6f\x6e\x6c\x79\0\x66\x6c\x6f\
\x77\x6c\x61\x62\x65\x6c\x5f\x63\x6f\x6e\x73\x69\x73\x74\x65\x6e\x63\x79\0\x61\
\x75\x74\x6f\x5f\x66\x6c\x6f\x77\x6c\x61\x62\x65\x6c\x73\0\x69\x63\x6d\x70\x76\
\x36\x5f\x74\x69\x6d\x65\0\x69\x63\x6d\x70\x76\x36\x5f\x65\x63\x68\x6f\x5f\x69\
\x67\x6e\x6f\x72\x65\x5f\x61\x6c\x6c\0\x69\x63\x6d\x70\x76\x36\x5f\x65\x63\x68\
\x6f\x5f\x69\x67\x6e\x6f\x72\x65\x5f\x6d\x75\x6c\x74\x69\x63\x61\x73\x74\0\x69\
\x63\x6d\x70\x76\x36\x5f\x65\x63\x68\x6f\x5f\x69\x67\x6e\x6f\x72\x65\x5f\x61\
\x6e\x79\x63\x61\x73\x74\0\x69\x63\x6d\x70\x76\x36\x5f\x72\x61\x74\x65\x6d\x61\
\x73\x6b\0\x69\x63\x6d\x70\x76\x36\x5f\x72\x61\x74\x65\x6d\x61\x73\x6b\x5f\x70\
\x74\x72\0\x61\x6e\x79\x63\x61\x73\x74\x5f\x73\x72\x63\x5f\x65\x63\x68\x6f\x5f\
\x72\x65\x70\x6c\x79\0\x69\x70\x5f\x6e\x6f\x6e\x6c\x6f\x63\x61\x6c\x5f\x62\x69\
\x6e\x64\0\x66\x77\x6d\x61\x72\x6b\x5f\x72\x65\x66\x6c\x65\x63\x74\0\x66\x6c\
\x6f\x77\x6c\x61\x62\x65\x6c\x5f\x73\x74\x61\x74\x65\x5f\x72\x61\x6e\x67\x65\
\x73\0\x69\x64\x67\x65\x6e\x5f\x72\x65\x74\x72\x69\x65\x73\0\x69\x64\x67\x65\
\x6e\x5f\x64\x65\x6c\x61\x79\0\x66\x6c\x6f\x77\x6c\x61\x62\x65\x6c\x5f\x72\x65\
\x66\x6c\x65\x63\x74\0\x6d\x61\x78\x5f\x64\x73\x74\x5f\x6f\x70\x74\x73\x5f\x63\
\x6e\x74\0\x6d\x61\x78\x5f\x68\x62\x68\x5f\x6f\x70\x74\x73\x5f\x63\x6e\x74\0\
\x6d\x61\x78\x5f\x64\x73\x74\x5f\x6f\x70\x74\x73\x5f\x6c\x65\x6e\0\x6d\x61\x78\
\x5f\x68\x62\x68\x5f\x6f\x70\x74\x73\x5f\x6c\x65\x6e\0\x73\x65\x67\x36\x5f\x66\
\x6c\x6f\x77\x6c\x61\x62\x65\x6c\0\x69\x6f\x61\x6d\x36\x5f\x69\x64\0\x69\x6f\
\x61\x6d\x36\x5f\x69\x64\x5f\x77\x69\x64\x65\0\x73\x6b\x69\x70\x5f\x6e\x6f\x74\
\x69\x66\x79\x5f\x6f\x6e\x5f\x64\x65\x76\x5f\x64\x6f\x77\x6e\0\x66\x69\x62\x5f\
\x6e\x6f\x74\x69\x66\x79\x5f\x6f\x6e\x5f\x66\x6c\x61\x67\x5f\x63\x68\x61\x6e\
\x67\x65\0\x69\x70\x76\x36\x5f\x64\x65\x76\x63\x6f\x6e\x66\0\x66\x6f\x72\x77\
\x61\x72\x64\x69\x6e\x67\0\x68\x6f\x70\x5f\x6c\x69\x6d\x69\x74\0\x6d\x74\x75\
\x36\0\x61\x63\x63\x65\x70\x74\x5f\x72\x61\0\x61\x63\x63\x65\x70\x74\x5f\x72\
\x65\x64\x69\x72\x65\x63\x74\x73\0\x61\x75\x74\x6f\x63\x6f\x6e\x66\0\x64\x61\
\x64\x5f\x74\x72\x61\x6e\x73\x6d\x69\x74\x73\0\x72\x74\x72\x5f\x73\x6f\x6c\x69\
\x63\x69\x74\x73\0\x72\x74\x72\x5f\x73\x6f\x6c\x69\x63\x69\x74\x5f\x69\x6e\x74\
\x65\x72\x76\x61\x6c\0\x72\x74\x72\x5f\x73\x6f\x6c\x69\x63\x69\x74\x5f\x6d\x61\
\x78\x5f\x69\x6e\x74\x65\x72\x76\x61\x6c\0\x72\x74\x72\x5f\x73\x6f\x6c\x69\x63\
\x69\x74\x5f\x64\x65\x6c\x61\x79\0\x66\x6f\x72\x63\x65\x5f\x6d\x6c\x64\x5f\x76\
\x65\x72\x73\x69\x6f\x6e\0\x6d\x6c\x64\x76\x31\x5f\x75\x6e\x73\x6f\x6c\x69\x63\
\x69\x74\x65\x64\x5f\x72\x65\x70\x6f\x72\x74\x5f\x69\x6e\x74\x65\x72\x76\x61\
\x6c\0\x6d\x6c\x64\x76\x32\x5f\x75\x6e\x73\x6f\x6c\x69\x63\x69\x74\x65\x64\x5f\
\x72\x65\x70\x6f\x72\x74\x5f\x69\x6e\x74\x65\x72\x76\x61\x6c\0\x75\x73\x65\x5f\
\x74\x65\x6d\x70\x61\x64\x64\x72\0\x74\x65\x6d\x70\x5f\x76\x61\x6c\x69\x64\x5f\
\x6c\x66\x74\0\x74\x65\x6d\x70\x5f\x70\x72\x65\x66\x65\x72\x65\x64\x5f\x6c\x66\
\x74\0\x72\x65\x67\x65\x6e\x5f\x6d\x61\x78\x5f\x72\x65\x74\x72\x79\0\x6d\x61\
\x78\x5f\x64\x65\x73\x79\x6e\x63\x5f\x66\x61\x63\x74\x6f\x72\0\x6d\x61\x78\x5f\
\x61\x64\x64\x72\x65\x73\x73\x65\x73\0\x61\x63\x63\x65\x70\x74\x5f\x72\x61\x5f\
\x64\x65\x66\x72\x74\x72\0\x72\x61\x5f\x64\x65\x66\x72\x74\x72\x5f\x6d\x65\x74\
\x72\x69\x63\0\x61\x63\x63\x65\x70\x74\x5f\x72\x61\x5f\x6d\x69\x6e\x5f\x68\x6f\
\x70\x5f\x6c\x69\x6d\x69\x74\0\x61\x63\x63\x65\x70\x74\x5f\x72\x61\x5f\x70\x69\
\x6e\x66\x6f\0\x69\x67\x6e\x6f\x72\x65\x5f\x72\x6f\x75\x74\x65\x73\x5f\x77\x69\
\x74\x68\x5f\x6c\x69\x6e\x6b\x64\x6f\x77\x6e\0\x61\x63\x63\x65\x70\x74\x5f\x72\
\x61\x5f\x72\x74\x72\x5f\x70\x72\x65\x66\0\x72\x74\x72\x5f\x70\x72\x6f\x62\x65\
\x5f\x69\x6e\x74\x65\x72\x76\x61\x6c\0\x61\x63\x63\x65\x70\x74\x5f\x72\x61\x5f\
\x72\x74\x5f\x69\x6e\x66\x6f\x5f\x6d\x69\x6e\x5f\x70\x6c\x65\x6e\0\x61\x63\x63\
\x65\x70\x74\x5f\x72\x61\x5f\x72\x74\x5f\x69\x6e\x66\x6f\x5f\x6d\x61\x78\x5f\
\x70\x6c\x65\x6e\0\x61\x63\x63\x65\x70\x74\x5f\x72\x61\x5f\x72\x74\x5f\x74\x61\
\x62\x6c\x65\0\x70\x72\x6f\x78\x79\x5f\x6e\x64\x70\0\x61\x63\x63\x65\x70\x74\
\x5f\x73\x6f\x75\x72\x63\x65\x5f\x72\x6f\x75\x74\x65\0\x61\x63\x63\x65\x70\x74\
\x5f\x72\x61\x5f\x66\x72\x6f\x6d\x5f\x6c\x6f\x63\x61\x6c\0\x64\x69\x73\x61\x62\
\x6c\x65\x5f\x69\x70\x76\x36\0\x64\x72\x6f\x70\x5f\x75\x6e\x69\x63\x61\x73\x74\
\x5f\x69\x6e\x5f\x6c\x32\x5f\x6d\x75\x6c\x74\x69\x63\x61\x73\x74\0\x61\x63\x63\
\x65\x70\x74\x5f\x64\x61\x64\0\x66\x6f\x72\x63\x65\x5f\x74\x6c\x6c\x61\x6f\0\
\x6e\x64\x69\x73\x63\x5f\x6e\x6f\x74\x69\x66\x79\0\x73\x75\x70\x70\x72\x65\x73\
\x73\x5f\x66\x72\x61\x67\x5f\x6e\x64\x69\x73\x63\0\x61\x63\x63\x65\x70\x74\x5f\
\x72\x61\x5f\x6d\x74\x75\0\x64\x72\x6f\x70\x5f\x75\x6e\x73\x6f\x6c\x69\x63\x69\
\x74\x65\x64\x5f\x6e\x61\0\x73\x74\x61\x62\x6c\x65\x5f\x73\x65\x63\x72\x65\x74\
\0\x75\x73\x65\x5f\x6f\x69\x66\x5f\x61\x64\x64\x72\x73\x5f\x6f\x6e\x6c\x79\0\
\x6b\x65\x65\x70\x5f\x61\x64\x64\x72\x5f\x6f\x6e\x5f\x64\x6f\x77\x6e\0\x73\x65\
\x67\x36\x5f\x65\x6e\x61\x62\x6c\x65\x64\0\x65\x6e\x68\x61\x6e\x63\x65\x64\x5f\
\x64\x61\x64\0\x61\x64\x64\x72\x5f\x67\x65\x6e\x5f\x6d\x6f\x64\x65\0\x64\x69\
\x73\x61\x62\x6c\x65\x5f\x70\x6f\x6c\x69\x63\x79\0\x6e\x64\x69\x73\x63\x5f\x74\
\x63\x6c\x61\x73\x73\0\x72\x70\x6c\x5f\x73\x65\x67\x5f\x65\x6e\x61\x62\x6c\x65\
\x64\0\x69\x6f\x61\x6d\x36\x5f\x65\x6e\x61\x62\x6c\x65\x64\0\x73\x79\x73\x63\
\x74\x6c\x5f\x68\x65\x61\x64\x65\x72\0\x69\x70\x76\x36\x5f\x73\x74\x61\x62\x6c\
\x65\x5f\x73\x65\x63\x72\x65\x74\0\x69\x6e\x69\x74\x69\x61\x6c\x69\x7a\x65\x64\
\0\x73\x65\x63\x72\x65\x74\0\x69\x6e\x65\x74\x5f\x70\x65\x65\x72\x5f\x62\x61\
\x73\x65\0\x68\x69\x67\x68\x5f\x74\x68\x72\x65\x73\x68\0\x6c\x6f\x77\x5f\x74\
\x68\x72\x65\x73\x68\0\x6d\x61\x78\x5f\x64\x69\x73\x74\0\x66\0\x6d\x65\x6d\0\
\x66\x72\x65\x65\x5f\x6c\x69\x73\x74\0\x72\x74\x36\x5f\x69\x6e\x66\x6f\0\x73\
\x65\x72\x6e\x75\x6d\0\x72\x74\x36\x69\x5f\x64\x73\x74\0\x72\x74\x36\x69\x5f\
\x73\x72\x63\0\x72\x74\x36\x69\x5f\x67\x61\x74\x65\x77\x61\x79\0\x72\x74\x36\
\x69\x5f\x69\x64\x65\x76\0\x72\x74\x36\x69\x5f\x66\x6c\x61\x67\x73\0\x72\x74\
\x36\x69\x5f\x75\x6e\x63\x61\x63\x68\x65\x64\0\x72\x74\x36\x69\x5f\x75\x6e\x63\
\x61\x63\x68\x65\x64\x5f\x6c\x69\x73\x74\0\x72\x74\x36\x69\x5f\x6e\x66\x68\x65\
\x61\x64\x65\x72\x5f\x6c\x65\x6e\0\x66\x69\x62\x36\x5f\x69\x6e\x66\x6f\0\x66\
\x69\x62\x36\x5f\x74\x61\x62\x6c\x65\0\x66\x69\x62\x36\x5f\x6e\x65\x78\x74\0\
\x66\x69\x62\x36\x5f\x6e\x6f\x64\x65\0\x66\x69\x62\x36\x5f\x6e\x73\x69\x62\x6c\
\x69\x6e\x67\x73\0\x66\x69\x62\x36\x5f\x72\x65\x66\0\x66\x69\x62\x36\x5f\x6d\
\x65\x74\x72\x69\x63\x73\0\x66\x69\x62\x36\x5f\x64\x73\x74\0\x66\x69\x62\x36\
\x5f\x66\x6c\x61\x67\x73\0\x66\x69\x62\x36\x5f\x73\x72\x63\0\x66\x69\x62\x36\
\x5f\x70\x72\x65\x66\x73\x72\x63\0\x66\x69\x62\x36\x5f\x6d\x65\x74\x72\x69\x63\
\0\x66\x69\x62\x36\x5f\x70\x72\x6f\x74\x6f\x63\x6f\x6c\0\x66\x69\x62\x36\x5f\
\x74\x79\x70\x65\0\x6f\x66\x66\x6c\x6f\x61\x64\0\x74\x72\x61\x70\0\x6f\x66\x66\
\x6c\x6f\x61\x64\x5f\x66\x61\x69\x6c\x65\x64\0\x73\x68\x6f\x75\x6c\x64\x5f\x66\
\x6c\x75\x73\x68\0\x64\x73\x74\x5f\x6e\x6f\x63\x6f\x75\x6e\x74\0\x64\x73\x74\
\x5f\x6e\x6f\x70\x6f\x6c\x69\x63\x79\0\x66\x69\x62\x36\x5f\x64\x65\x73\x74\x72\
\x6f\x79\x69\x6e\x67\0\x75\x6e\x75\x73\x65\x64\0\x6e\x68\0\x66\x69\x62\x36\x5f\
\x6e\x68\0\x74\x62\x36\x5f\x68\x6c\x69\x73\x74\0\x74\x62\x36\x5f\x69\x64\0\x74\
\x62\x36\x5f\x6c\x6f\x63\x6b\0\x74\x62\x36\x5f\x72\x6f\x6f\x74\0\x74\x62\x36\
\x5f\x70\x65\x65\x72\x73\0\x6c\x65\x66\x74\0\x72\x69\x67\x68\x74\0\x6c\x65\x61\
\x66\0\x66\x6e\x5f\x62\x69\x74\0\x66\x6e\x5f\x66\x6c\x61\x67\x73\0\x66\x6e\x5f\
\x73\x65\x72\x6e\x75\x6d\0\x72\x72\x5f\x70\x74\x72\0\x66\x69\x62\x36\x5f\x73\
\x69\x62\x6c\x69\x6e\x67\x73\0\x6e\x68\x5f\x6c\x69\x73\x74\0\x72\x74\x36\x6b\
\x65\x79\0\x70\x6c\x65\x6e\0\x6e\x68\x5f\x63\x6f\x6d\x6d\x6f\x6e\0\x6c\x61\x73\
\x74\x5f\x70\x72\x6f\x62\x65\0\x72\x74\x36\x69\x5f\x70\x63\x70\x75\0\x72\x74\
\x36\x69\x5f\x65\x78\x63\x65\x70\x74\x69\x6f\x6e\x5f\x62\x75\x63\x6b\x65\x74\0\
\x66\x69\x62\x5f\x6e\x68\x5f\x63\x6f\x6d\x6d\x6f\x6e\0\x6e\x68\x63\x5f\x64\x65\
\x76\0\x6e\x68\x63\x5f\x6f\x69\x66\0\x6e\x68\x63\x5f\x73\x63\x6f\x70\x65\0\x6e\
\x68\x63\x5f\x66\x61\x6d\x69\x6c\x79\0\x6e\x68\x63\x5f\x67\x77\x5f\x66\x61\x6d\
\x69\x6c\x79\0\x6e\x68\x63\x5f\x66\x6c\x61\x67\x73\0\x6e\x68\x63\x5f\x6c\x77\
\x74\x73\x74\x61\x74\x65\0\x6e\x68\x63\x5f\x67\x77\0\x6e\x68\x63\x5f\x77\x65\
\x69\x67\x68\x74\0\x6e\x68\x63\x5f\x75\x70\x70\x65\x72\x5f\x62\x6f\x75\x6e\x64\
\0\x6e\x68\x63\x5f\x70\x63\x70\x75\x5f\x72\x74\x68\x5f\x6f\x75\x74\x70\x75\x74\
\0\x6e\x68\x63\x5f\x72\x74\x68\x5f\x69\x6e\x70\x75\x74\0\x6e\x68\x63\x5f\x65\
\x78\x63\x65\x70\x74\x69\x6f\x6e\x73\0\x6c\x77\x74\x75\x6e\x6e\x65\x6c\x5f\x73\
\x74\x61\x74\x65\0\x68\x65\x61\x64\x72\x6f\x6f\x6d\0\x6f\x72\x69\x67\x5f\x6f\
\x75\x74\x70\x75\x74\0\x6f\x72\x69\x67\x5f\x69\x6e\x70\x75\x74\0\x72\x74\x61\
\x62\x6c\x65\0\x72\x74\x5f\x66\x6c\x61\x67\x73\0\x72\x74\x5f\x74\x79\x70\x65\0\
\x72\x74\x5f\x69\x73\x5f\x69\x6e\x70\x75\x74\0\x72\x74\x5f\x75\x73\x65\x73\x5f\
\x67\x61\x74\x65\x77\x61\x79\0\x72\x74\x5f\x69\x69\x66\0\x72\x74\x5f\x67\x77\
\x5f\x66\x61\x6d\x69\x6c\x79\0\x72\x74\x5f\x6d\x74\x75\x5f\x6c\x6f\x63\x6b\x65\
\x64\0\x72\x74\x5f\x70\x6d\x74\x75\0\x72\x74\x5f\x75\x6e\x63\x61\x63\x68\x65\
\x64\0\x72\x74\x5f\x75\x6e\x63\x61\x63\x68\x65\x64\x5f\x6c\x69\x73\x74\0\x72\
\x74\x5f\x67\x77\x34\0\x72\x74\x5f\x67\x77\x36\0\x69\x6e\x65\x74\x36\x5f\x64\
\x65\x76\0\x61\x64\x64\x72\x5f\x6c\x69\x73\x74\0\x6d\x63\x5f\x6c\x69\x73\x74\0\
\x6d\x63\x5f\x74\x6f\x6d\x62\0\x6d\x63\x5f\x71\x72\x76\0\x6d\x63\x5f\x67\x71\
\x5f\x72\x75\x6e\x6e\x69\x6e\x67\0\x6d\x63\x5f\x69\x66\x63\x5f\x63\x6f\x75\x6e\
\x74\0\x6d\x63\x5f\x64\x61\x64\x5f\x63\x6f\x75\x6e\x74\0\x6d\x63\x5f\x76\x31\
\x5f\x73\x65\x65\x6e\0\x6d\x63\x5f\x71\x69\0\x6d\x63\x5f\x71\x72\x69\0\x6d\x63\
\x5f\x6d\x61\x78\x64\x65\x6c\x61\x79\0\x6d\x63\x5f\x67\x71\x5f\x77\x6f\x72\x6b\
\0\x6d\x63\x5f\x69\x66\x63\x5f\x77\x6f\x72\x6b\0\x6d\x63\x5f\x64\x61\x64\x5f\
\x77\x6f\x72\x6b\0\x6d\x63\x5f\x71\x75\x65\x72\x79\x5f\x77\x6f\x72\x6b\0\x6d\
\x63\x5f\x72\x65\x70\x6f\x72\x74\x5f\x77\x6f\x72\x6b\0\x6d\x63\x5f\x71\x75\x65\
\x72\x79\x5f\x71\x75\x65\x75\x65\0\x6d\x63\x5f\x72\x65\x70\x6f\x72\x74\x5f\x71\
\x75\x65\x75\x65\0\x6d\x63\x5f\x71\x75\x65\x72\x79\x5f\x6c\x6f\x63\x6b\0\x6d\
\x63\x5f\x72\x65\x70\x6f\x72\x74\x5f\x6c\x6f\x63\x6b\0\x6d\x63\x5f\x6c\x6f\x63\
\x6b\0\x61\x63\x5f\x6c\x69\x73\x74\0\x69\x66\x5f\x66\x6c\x61\x67\x73\0\x64\x65\
\x73\x79\x6e\x63\x5f\x66\x61\x63\x74\x6f\x72\0\x74\x65\x6d\x70\x61\x64\x64\x72\
\x5f\x6c\x69\x73\x74\0\x74\x6f\x6b\x65\x6e\0\x6e\x64\x5f\x70\x61\x72\x6d\x73\0\
\x63\x6e\x66\0\x72\x73\x5f\x74\x69\x6d\x65\x72\0\x72\x73\x5f\x69\x6e\x74\x65\
\x72\x76\x61\x6c\0\x72\x73\x5f\x70\x72\x6f\x62\x65\x73\0\x72\x61\x5f\x6d\x74\
\x75\0\x69\x66\x6d\x63\x61\x64\x64\x72\x36\0\x6d\x63\x61\x5f\x61\x64\x64\x72\0\
\x69\x64\x65\x76\0\x6d\x63\x61\x5f\x73\x6f\x75\x72\x63\x65\x73\0\x6d\x63\x61\
\x5f\x74\x6f\x6d\x62\0\x6d\x63\x61\x5f\x73\x66\x6d\x6f\x64\x65\0\x6d\x63\x61\
\x5f\x63\x72\x63\x6f\x75\x6e\x74\0\x6d\x63\x61\x5f\x73\x66\x63\x6f\x75\x6e\x74\
\0\x6d\x63\x61\x5f\x77\x6f\x72\x6b\0\x6d\x63\x61\x5f\x66\x6c\x61\x67\x73\0\x6d\
\x63\x61\x5f\x75\x73\x65\x72\x73\0\x6d\x63\x61\x5f\x72\x65\x66\x63\x6e\x74\0\
\x6d\x63\x61\x5f\x63\x73\x74\x61\x6d\x70\0\x6d\x63\x61\x5f\x74\x73\x74\x61\x6d\
\x70\0\x69\x70\x36\x5f\x73\x66\x5f\x6c\x69\x73\x74\0\x73\x66\x5f\x6e\x65\x78\
\x74\0\x73\x66\x5f\x61\x64\x64\x72\0\x73\x66\x5f\x63\x6f\x75\x6e\x74\0\x73\x66\
\x5f\x67\x73\x72\x65\x73\x70\0\x73\x66\x5f\x6f\x6c\x64\x69\x6e\0\x73\x66\x5f\
\x63\x72\x63\x6f\x75\x6e\x74\0\x6e\x65\x69\x67\x68\x5f\x70\x61\x72\x6d\x73\0\
\x6e\x65\x69\x67\x68\x5f\x73\x65\x74\x75\x70\0\x73\x79\x73\x63\x74\x6c\x5f\x74\
\x61\x62\x6c\x65\0\x72\x65\x61\x63\x68\x61\x62\x6c\x65\x5f\x74\x69\x6d\x65\0\
\x64\x61\x74\x61\x5f\x73\x74\x61\x74\x65\0\x6e\x65\x69\x67\x68\x5f\x74\x61\x62\
\x6c\x65\0\x65\x6e\x74\x72\x79\x5f\x73\x69\x7a\x65\0\x6b\x65\x79\x5f\x65\x71\0\
\x63\x6f\x6e\x73\x74\x72\x75\x63\x74\x6f\x72\0\x70\x63\x6f\x6e\x73\x74\x72\x75\
\x63\x74\x6f\x72\0\x70\x64\x65\x73\x74\x72\x75\x63\x74\x6f\x72\0\x70\x72\x6f\
\x78\x79\x5f\x72\x65\x64\x6f\0\x69\x73\x5f\x6d\x75\x6c\x74\x69\x63\x61\x73\x74\
\0\x61\x6c\x6c\x6f\x77\x5f\x61\x64\x64\0\x70\x61\x72\x6d\x73\x5f\x6c\x69\x73\
\x74\0\x67\x63\x5f\x69\x6e\x74\x65\x72\x76\x61\x6c\0\x67\x63\x5f\x74\x68\x72\
\x65\x73\x68\x31\0\x67\x63\x5f\x74\x68\x72\x65\x73\x68\x32\0\x67\x63\x5f\x74\
\x68\x72\x65\x73\x68\x33\0\x6c\x61\x73\x74\x5f\x66\x6c\x75\x73\x68\0\x67\x63\
\x5f\x77\x6f\x72\x6b\0\x70\x72\x6f\x78\x79\x5f\x74\x69\x6d\x65\x72\0\x70\x72\
\x6f\x78\x79\x5f\x71\x75\x65\x75\x65\0\x65\x6e\x74\x72\x69\x65\x73\0\x67\x63\
\x5f\x65\x6e\x74\x72\x69\x65\x73\0\x6c\x61\x73\x74\x5f\x72\x61\x6e\x64\0\x6e\
\x68\x74\0\x70\x68\x61\x73\x68\x5f\x62\x75\x63\x6b\x65\x74\x73\0\x70\x6e\x65\
\x69\x67\x68\x5f\x65\x6e\x74\x72\x79\0\x69\x70\x76\x36\x5f\x64\x65\x76\x73\x74\
\x61\x74\0\x69\x63\x6d\x70\x76\x36\x64\x65\x76\0\x69\x63\x6d\x70\x76\x36\x6d\
\x73\x67\x64\x65\x76\0\x75\x6e\x63\x61\x63\x68\x65\x64\x5f\x6c\x69\x73\x74\0\
\x66\x69\x62\x5f\x72\x75\x6c\x65\x73\x5f\x6f\x70\x73\0\x72\x75\x6c\x65\x5f\x73\
\x69\x7a\x65\0\x61\x64\x64\x72\x5f\x73\x69\x7a\x65\0\x75\x6e\x72\x65\x73\x6f\
\x6c\x76\x65\x64\x5f\x72\x75\x6c\x65\x73\0\x6e\x72\x5f\x67\x6f\x74\x6f\x5f\x72\
\x75\x6c\x65\x73\0\x66\x69\x62\x5f\x72\x75\x6c\x65\x73\x5f\x73\x65\x71\0\x73\
\x75\x70\x70\x72\x65\x73\x73\0\x6d\x61\x74\x63\x68\0\x63\x6f\x6e\x66\x69\x67\
\x75\x72\x65\0\x64\x65\x6c\x65\x74\x65\0\x63\x6f\x6d\x70\x61\x72\x65\0\x66\x69\
\x6c\x6c\0\x6e\x6c\x6d\x73\x67\x5f\x70\x61\x79\x6c\x6f\x61\x64\0\x66\x6c\x75\
\x73\x68\x5f\x63\x61\x63\x68\x65\0\x6e\x6c\x67\x72\x6f\x75\x70\0\x72\x75\x6c\
\x65\x73\x5f\x6c\x69\x73\x74\0\x66\x72\x6f\x5f\x6e\x65\x74\0\x66\x69\x62\x5f\
\x72\x75\x6c\x65\0\x69\x69\x66\x69\x6e\x64\x65\x78\0\x6f\x69\x66\x69\x6e\x64\
\x65\x78\0\x6d\x61\x72\x6b\x5f\x6d\x61\x73\x6b\0\x74\x61\x62\x6c\x65\0\x6c\x33\
\x6d\x64\x65\x76\0\x69\x70\x5f\x70\x72\x6f\x74\x6f\0\x74\x75\x6e\x5f\x69\x64\0\
\x63\x74\x61\x72\x67\x65\x74\0\x66\x72\x5f\x6e\x65\x74\0\x70\x72\x65\x66\0\x73\
\x75\x70\x70\x72\x65\x73\x73\x5f\x69\x66\x67\x72\x6f\x75\x70\0\x73\x75\x70\x70\
\x72\x65\x73\x73\x5f\x70\x72\x65\x66\x69\x78\x6c\x65\x6e\0\x69\x69\x66\x6e\x61\
\x6d\x65\0\x6f\x69\x66\x6e\x61\x6d\x65\0\x75\x69\x64\x5f\x72\x61\x6e\x67\x65\0\
\x73\x70\x6f\x72\x74\x5f\x72\x61\x6e\x67\x65\0\x64\x70\x6f\x72\x74\x5f\x72\x61\
\x6e\x67\x65\0\x5f\x5f\x62\x65\x36\x34\0\x66\x69\x62\x5f\x6b\x75\x69\x64\x5f\
\x72\x61\x6e\x67\x65\0\x66\x69\x62\x5f\x72\x75\x6c\x65\x5f\x70\x6f\x72\x74\x5f\
\x72\x61\x6e\x67\x65\0\x66\x6c\x6f\x77\x69\0\x75\0\x5f\x5f\x66\x6c\x5f\x63\x6f\
\x6d\x6d\x6f\x6e\0\x69\x70\x34\0\x69\x70\x36\0\x64\x6e\0\x66\x6c\x6f\x77\x69\
\x5f\x63\x6f\x6d\x6d\x6f\x6e\0\x66\x6c\x6f\x77\x69\x63\x5f\x6f\x69\x66\0\x66\
\x6c\x6f\x77\x69\x63\x5f\x69\x69\x66\0\x66\x6c\x6f\x77\x69\x63\x5f\x6d\x61\x72\
\x6b\0\x66\x6c\x6f\x77\x69\x63\x5f\x74\x6f\x73\0\x66\x6c\x6f\x77\x69\x63\x5f\
\x73\x63\x6f\x70\x65\0\x66\x6c\x6f\x77\x69\x63\x5f\x70\x72\x6f\x74\x6f\0\x66\
\x6c\x6f\x77\x69\x63\x5f\x66\x6c\x61\x67\x73\0\x66\x6c\x6f\x77\x69\x63\x5f\x73\
\x65\x63\x69\x64\0\x66\x6c\x6f\x77\x69\x63\x5f\x75\x69\x64\0\x66\x6c\x6f\x77\
\x69\x63\x5f\x74\x75\x6e\x5f\x6b\x65\x79\0\x66\x6c\x6f\x77\x69\x63\x5f\x6d\x75\
\x6c\x74\x69\x70\x61\x74\x68\x5f\x68\x61\x73\x68\0\x66\x6c\x6f\x77\x69\x5f\x74\
\x75\x6e\x6e\x65\x6c\0\x66\x6c\x6f\x77\x69\x34\0\x75\x6c\x69\0\x66\x6c\x6f\x77\
\x69\x5f\x75\x6c\x69\0\x70\x6f\x72\x74\x73\0\x69\x63\x6d\x70\x74\0\x64\x6e\x70\
\x6f\x72\x74\x73\0\x67\x72\x65\x5f\x6b\x65\x79\0\x6d\x68\x74\0\x5f\x5f\x6c\x65\
\x31\x36\0\x66\x6c\x6f\x77\x69\x36\0\x66\x6c\x6f\x77\x6c\x61\x62\x65\x6c\0\x6d\
\x70\x5f\x68\x61\x73\x68\0\x66\x6c\x6f\x77\x69\x64\x6e\0\x66\x69\x62\x5f\x6c\
\x6f\x6f\x6b\x75\x70\x5f\x61\x72\x67\0\x6c\x6f\x6f\x6b\x75\x70\x5f\x70\x74\x72\
\0\x6c\x6f\x6f\x6b\x75\x70\x5f\x64\x61\x74\x61\0\x72\x65\x73\x75\x6c\x74\0\x72\
\x75\x6c\x65\0\x66\x69\x62\x5f\x72\x75\x6c\x65\x5f\x68\x64\x72\0\x64\x73\x74\
\x5f\x6c\x65\x6e\0\x73\x72\x63\x5f\x6c\x65\x6e\0\x74\x6f\x73\0\x72\x65\x73\x31\
\0\x72\x65\x73\x32\0\x6e\x6c\x61\x74\x74\x72\0\x6e\x6c\x61\x5f\x6c\x65\x6e\0\
\x6e\x6c\x61\x5f\x74\x79\x70\x65\0\x6e\x6c\x61\x5f\x70\x6f\x6c\x69\x63\x79\0\
\x76\x61\x6c\x69\x64\x61\x74\x69\x6f\x6e\x5f\x74\x79\x70\x65\0\x62\x69\x74\x66\
\x69\x65\x6c\x64\x33\x32\x5f\x76\x61\x6c\x69\x64\0\x72\x65\x6a\x65\x63\x74\x5f\
\x6d\x65\x73\x73\x61\x67\x65\0\x6e\x65\x73\x74\x65\x64\x5f\x70\x6f\x6c\x69\x63\
\x79\0\x72\x61\x6e\x67\x65\x5f\x73\x69\x67\x6e\x65\x64\0\x76\x61\x6c\x69\x64\
\x61\x74\x65\0\x73\x74\x72\x69\x63\x74\x5f\x73\x74\x61\x72\x74\x5f\x74\x79\x70\
\x65\0\x6e\x65\x74\x6e\x73\x5f\x6e\x66\0\x70\x72\x6f\x63\x5f\x6e\x65\x74\x66\
\x69\x6c\x74\x65\x72\0\x6e\x66\x5f\x6c\x6f\x67\x67\x65\x72\x73\0\x6e\x66\x5f\
\x6c\x6f\x67\x5f\x64\x69\x72\x5f\x68\x65\x61\x64\x65\x72\0\x68\x6f\x6f\x6b\x73\
\x5f\x69\x70\x76\x34\0\x68\x6f\x6f\x6b\x73\x5f\x69\x70\x76\x36\0\x64\x65\x66\
\x72\x61\x67\x5f\x69\x70\x76\x34\x5f\x75\x73\x65\x72\x73\0\x64\x65\x66\x72\x61\
\x67\x5f\x69\x70\x76\x36\x5f\x75\x73\x65\x72\x73\0\x6e\x66\x5f\x6c\x6f\x67\x67\
\x65\x72\0\x6c\x6f\x67\x66\x6e\0\x6d\x65\0\x6e\x66\x5f\x6c\x6f\x67\x5f\x74\x79\
\x70\x65\0\x4e\x46\x5f\x4c\x4f\x47\x5f\x54\x59\x50\x45\x5f\x4c\x4f\x47\0\x4e\
\x46\x5f\x4c\x4f\x47\x5f\x54\x59\x50\x45\x5f\x55\x4c\x4f\x47\0\x4e\x46\x5f\x4c\
\x4f\x47\x5f\x54\x59\x50\x45\x5f\x4d\x41\x58\0\x6e\x66\x5f\x6c\x6f\x67\x66\x6e\
\0\x75\x5f\x69\x6e\x74\x38\x5f\x74\0\x6e\x66\x5f\x6c\x6f\x67\x69\x6e\x66\x6f\0\
\x75\x6c\x6f\x67\0\x6c\x6f\x67\0\x63\x6f\x70\x79\x5f\x6c\x65\x6e\0\x71\x74\x68\
\x72\x65\x73\x68\x6f\x6c\x64\0\x75\x5f\x69\x6e\x74\x33\x32\x5f\x74\0\x75\x5f\
\x69\x6e\x74\x31\x36\x5f\x74\0\x6c\x6f\x67\x66\x6c\x61\x67\x73\0\x6e\x66\x5f\
\x68\x6f\x6f\x6b\x5f\x65\x6e\x74\x72\x69\x65\x73\0\x6e\x75\x6d\x5f\x68\x6f\x6f\
\x6b\x5f\x65\x6e\x74\x72\x69\x65\x73\0\x68\x6f\x6f\x6b\x73\0\x6e\x66\x5f\x68\
\x6f\x6f\x6b\x5f\x65\x6e\x74\x72\x79\0\x68\x6f\x6f\x6b\0\x6e\x66\x5f\x68\x6f\
\x6f\x6b\x66\x6e\0\x6e\x66\x5f\x68\x6f\x6f\x6b\x5f\x73\x74\x61\x74\x65\0\x70\
\x66\0\x69\x6e\0\x6f\x75\x74\0\x6f\x6b\x66\x6e\0\x6e\x65\x74\x6e\x73\x5f\x63\
\x74\0\x65\x63\x61\x63\x68\x65\x5f\x64\x77\x6f\x72\x6b\x5f\x70\x65\x6e\x64\x69\
\x6e\x67\0\x73\x79\x73\x63\x74\x6c\x5f\x6c\x6f\x67\x5f\x69\x6e\x76\x61\x6c\x69\
\x64\0\x73\x79\x73\x63\x74\x6c\x5f\x65\x76\x65\x6e\x74\x73\0\x73\x79\x73\x63\
\x74\x6c\x5f\x61\x63\x63\x74\0\x73\x79\x73\x63\x74\x6c\x5f\x61\x75\x74\x6f\x5f\
\x61\x73\x73\x69\x67\x6e\x5f\x68\x65\x6c\x70\x65\x72\0\x73\x79\x73\x63\x74\x6c\
\x5f\x74\x73\x74\x61\x6d\x70\0\x73\x79\x73\x63\x74\x6c\x5f\x63\x68\x65\x63\x6b\
\x73\x75\x6d\0\x70\x63\x70\x75\x5f\x6c\x69\x73\x74\x73\0\x6e\x66\x5f\x63\x6f\
\x6e\x6e\x74\x72\x61\x63\x6b\x5f\x65\x76\x65\x6e\x74\x5f\x63\x62\0\x6e\x66\x5f\
\x63\x74\x5f\x70\x72\x6f\x74\x6f\0\x6e\x66\x5f\x69\x70\x5f\x6e\x65\x74\0\x67\
\x65\x6e\x65\x72\x69\x63\0\x74\x63\x70\0\x75\x64\x70\0\x69\x63\x6d\x70\0\x69\
\x63\x6d\x70\x76\x36\0\x67\x72\x65\0\x6e\x66\x5f\x67\x65\x6e\x65\x72\x69\x63\
\x5f\x6e\x65\x74\0\x6e\x66\x5f\x74\x63\x70\x5f\x6e\x65\x74\0\x74\x69\x6d\x65\
\x6f\x75\x74\x73\0\x74\x63\x70\x5f\x6c\x6f\x6f\x73\x65\0\x74\x63\x70\x5f\x62\
\x65\x5f\x6c\x69\x62\x65\x72\x61\x6c\0\x74\x63\x70\x5f\x6d\x61\x78\x5f\x72\x65\
\x74\x72\x61\x6e\x73\0\x74\x63\x70\x5f\x69\x67\x6e\x6f\x72\x65\x5f\x69\x6e\x76\
\x61\x6c\x69\x64\x5f\x72\x73\x74\0\x6e\x66\x5f\x75\x64\x70\x5f\x6e\x65\x74\0\
\x6e\x66\x5f\x69\x63\x6d\x70\x5f\x6e\x65\x74\0\x6e\x66\x5f\x67\x72\x65\x5f\x6e\
\x65\x74\0\x6b\x65\x79\x6d\x61\x70\x5f\x6c\x69\x73\x74\0\x6e\x65\x74\x6e\x73\
\x5f\x62\x70\x66\0\x72\x75\x6e\x5f\x61\x72\x72\x61\x79\0\x6e\x65\x74\x6e\x73\
\x5f\x78\x66\x72\x6d\0\x73\x74\x61\x74\x65\x5f\x61\x6c\x6c\0\x73\x74\x61\x74\
\x65\x5f\x62\x79\x64\x73\x74\0\x73\x74\x61\x74\x65\x5f\x62\x79\x73\x72\x63\0\
\x73\x74\x61\x74\x65\x5f\x62\x79\x73\x70\x69\0\x73\x74\x61\x74\x65\x5f\x62\x79\
\x73\x65\x71\0\x73\x74\x61\x74\x65\x5f\x68\x6d\x61\x73\x6b\0\x73\x74\x61\x74\
\x65\x5f\x6e\x75\x6d\0\x73\x74\x61\x74\x65\x5f\x68\x61\x73\x68\x5f\x77\x6f\x72\
\x6b\0\x70\x6f\x6c\x69\x63\x79\x5f\x61\x6c\x6c\0\x70\x6f\x6c\x69\x63\x79\x5f\
\x62\x79\x69\x64\x78\0\x70\x6f\x6c\x69\x63\x79\x5f\x69\x64\x78\x5f\x68\x6d\x61\
\x73\x6b\0\x70\x6f\x6c\x69\x63\x79\x5f\x69\x6e\x65\x78\x61\x63\x74\0\x70\x6f\
\x6c\x69\x63\x79\x5f\x62\x79\x64\x73\x74\0\x70\x6f\x6c\x69\x63\x79\x5f\x63\x6f\
\x75\x6e\x74\0\x70\x6f\x6c\x69\x63\x79\x5f\x68\x61\x73\x68\x5f\x77\x6f\x72\x6b\
\0\x70\x6f\x6c\x69\x63\x79\x5f\x68\x74\x68\x72\x65\x73\x68\0\x69\x6e\x65\x78\
\x61\x63\x74\x5f\x62\x69\x6e\x73\0\x6e\x6c\x73\x6b\0\x6e\x6c\x73\x6b\x5f\x73\
\x74\x61\x73\x68\0\x73\x79\x73\x63\x74\x6c\x5f\x61\x65\x76\x65\x6e\x74\x5f\x65\
\x74\x69\x6d\x65\0\x73\x79\x73\x63\x74\x6c\x5f\x61\x65\x76\x65\x6e\x74\x5f\x72\
\x73\x65\x71\x74\x68\0\x73\x79\x73\x63\x74\x6c\x5f\x6c\x61\x72\x76\x61\x6c\x5f\
\x64\x72\x6f\x70\0\x73\x79\x73\x63\x74\x6c\x5f\x61\x63\x71\x5f\x65\x78\x70\x69\
\x72\x65\x73\0\x70\x6f\x6c\x69\x63\x79\x5f\x64\x65\x66\x61\x75\x6c\x74\0\x78\
\x66\x72\x6d\x34\x5f\x64\x73\x74\x5f\x6f\x70\x73\0\x78\x66\x72\x6d\x36\x5f\x64\
\x73\x74\x5f\x6f\x70\x73\0\x78\x66\x72\x6d\x5f\x73\x74\x61\x74\x65\x5f\x6c\x6f\
\x63\x6b\0\x78\x66\x72\x6d\x5f\x73\x74\x61\x74\x65\x5f\x68\x61\x73\x68\x5f\x67\
\x65\x6e\x65\x72\x61\x74\x69\x6f\x6e\0\x78\x66\x72\x6d\x5f\x70\x6f\x6c\x69\x63\
\x79\x5f\x68\x61\x73\x68\x5f\x67\x65\x6e\x65\x72\x61\x74\x69\x6f\x6e\0\x78\x66\
\x72\x6d\x5f\x70\x6f\x6c\x69\x63\x79\x5f\x6c\x6f\x63\x6b\0\x78\x66\x72\x6d\x5f\
\x63\x66\x67\x5f\x6d\x75\x74\x65\x78\0\x78\x66\x72\x6d\x5f\x70\x6f\x6c\x69\x63\
\x79\x5f\x68\x61\x73\x68\0\x68\x6d\x61\x73\x6b\0\x64\x62\x69\x74\x73\x34\0\x73\
\x62\x69\x74\x73\x34\0\x64\x62\x69\x74\x73\x36\0\x73\x62\x69\x74\x73\x36\0\x78\
\x66\x72\x6d\x5f\x70\x6f\x6c\x69\x63\x79\x5f\x68\x74\x68\x72\x65\x73\x68\0\x6c\
\x62\x69\x74\x73\x34\0\x72\x62\x69\x74\x73\x34\0\x6c\x62\x69\x74\x73\x36\0\x72\
\x62\x69\x74\x73\x36\0\x30\x3a\x31\x34\x3a\x32\0\x20\x20\x6e\x73\x5f\x69\x6e\
\x66\x6f\x2d\x3e\x75\x73\x65\x72\x5f\x6e\x73\x20\x3d\x20\x42\x50\x46\x5f\x43\
\x4f\x52\x45\x5f\x52\x45\x41\x44\x28\x74\x2c\x20\x6e\x73\x70\x72\x6f\x78\x79\
\x2c\x20\x75\x74\x73\x5f\x6e\x73\x2c\x20\x75\x73\x65\x72\x5f\x6e\x73\x2c\x20\
\x6e\x73\x2e\x69\x6e\x75\x6d\x29\x3b\0\x30\x3a\x31\0\x75\x74\x73\x5f\x6e\x61\
\x6d\x65\x73\x70\x61\x63\x65\0\x6e\x65\x77\x5f\x75\x74\x73\x6e\x61\x6d\x65\0\
\x73\x79\x73\x6e\x61\x6d\x65\0\x6e\x6f\x64\x65\x6e\x61\x6d\x65\0\x6d\x61\x63\
\x68\x69\x6e\x65\0\x64\x6f\x6d\x61\x69\x6e\x6e\x61\x6d\x65\0\x30\x3a\x37\x3a\
\x32\0\x20\x20\x6e\x73\x5f\x69\x6e\x66\x6f\x2d\x3e\x75\x74\x73\x5f\x6e\x73\x20\
\x3d\x20\x42\x50\x46\x5f\x43\x4f\x52\x45\x5f\x52\x45\x41\x44\x28\x74\x2c\x20\
\x6e\x73\x70\x72\x6f\x78\x79\x2c\x20\x75\x74\x73\x5f\x6e\x73\x2c\x20\x6e\x73\
\x2e\x69\x6e\x75\x6d\x29\x3b\0\x30\x3a\x33\x3a\x32\0\x6c\x69\x6e\x75\x78\x5f\
\x62\x69\x6e\x70\x72\x6d\0\x76\x6d\x61\0\x76\x6d\x61\x5f\x70\x61\x67\x65\x73\0\
\x61\x72\x67\x6d\x69\x6e\0\x68\x61\x76\x65\x5f\x65\x78\x65\x63\x66\x64\0\x65\
\x78\x65\x63\x66\x64\x5f\x63\x72\x65\x64\x73\0\x73\x65\x63\x75\x72\x65\x65\x78\
\x65\x63\0\x70\x6f\x69\x6e\x74\x5f\x6f\x66\x5f\x6e\x6f\x5f\x72\x65\x74\x75\x72\
\x6e\0\x65\x78\x65\x63\x75\x74\x61\x62\x6c\x65\0\x69\x6e\x74\x65\x72\x70\x72\
\x65\x74\x65\x72\0\x75\x6e\x73\x61\x66\x65\0\x70\x65\x72\x5f\x63\x6c\x65\x61\
\x72\0\x61\x72\x67\x63\0\x65\x6e\x76\x63\0\x66\x69\x6c\x65\x6e\x61\x6d\x65\0\
\x69\x6e\x74\x65\x72\x70\0\x66\x64\x70\x61\x74\x68\0\x69\x6e\x74\x65\x72\x70\
\x5f\x66\x6c\x61\x67\x73\0\x65\x78\x65\x63\x66\x64\0\x6c\x6f\x61\x64\x65\x72\0\
\x65\x78\x65\x63\0\x72\x6c\x69\x6d\x5f\x73\x74\x61\x63\x6b\0\x72\x6c\x69\x6d\
\x69\x74\0\x72\x6c\x69\x6d\x5f\x63\x75\x72\0\x72\x6c\x69\x6d\x5f\x6d\x61\x78\0\
\x30\x3a\x31\x31\0\x20\x20\x69\x6d\x61\x67\x65\x5f\x69\x6e\x66\x6f\x2d\x3e\x69\
\x6e\x6f\x64\x65\x20\x3d\x20\x42\x50\x46\x5f\x43\x4f\x52\x45\x5f\x52\x45\x41\
\x44\x28\x62\x70\x72\x6d\x2c\x20\x66\x69\x6c\x65\x2c\x20\x66\x5f\x69\x6e\x6f\
\x64\x65\x2c\x20\x69\x5f\x69\x6e\x6f\x29\x3b\0\x20\x20\x69\x6d\x61\x67\x65\x5f\
\x69\x6e\x66\x6f\x2d\x3e\x75\x69\x64\x20\x3d\x20\x42\x50\x46\x5f\x43\x4f\x52\
\x45\x5f\x52\x45\x41\x44\x28\x62\x70\x72\x6d\x2c\x20\x66\x69\x6c\x65\x2c\x20\
\x66\x5f\x69\x6e\x6f\x64\x65\x2c\x20\x69\x5f\x75\x69\x64\x2e\x76\x61\x6c\x29\
\x3b\0\x30\x3a\x32\x3a\x30\0\x20\x20\x69\x6d\x61\x67\x65\x5f\x69\x6e\x66\x6f\
\x2d\x3e\x67\x69\x64\x20\x3d\x20\x42\x50\x46\x5f\x43\x4f\x52\x45\x5f\x52\x45\
\x41\x44\x28\x62\x70\x72\x6d\x2c\x20\x66\x69\x6c\x65\x2c\x20\x66\x5f\x69\x6e\
\x6f\x64\x65\x2c\x20\x69\x5f\x67\x69\x64\x2e\x76\x61\x6c\x29\x3b\0\x30\x3a\x33\
\x3a\x30\0\x20\x20\x69\x6d\x61\x67\x65\x5f\x69\x6e\x66\x6f\x2d\x3e\x6d\x6f\x64\
\x65\x20\x3d\x20\x42\x50\x46\x5f\x43\x4f\x52\x45\x5f\x52\x45\x41\x44\x28\x62\
\x70\x72\x6d\x2c\x20\x66\x69\x6c\x65\x2c\x20\x66\x5f\x69\x6e\x6f\x64\x65\x2c\
\x20\x69\x5f\x6d\x6f\x64\x65\x29\x3b\0\x30\x3a\x30\0\x20\x20\x69\x6d\x61\x67\
\x65\x5f\x69\x6e\x66\x6f\x2d\x3e\x6d\x74\x69\x6d\x65\x2e\x74\x76\x5f\x73\x65\
\x63\x20\x3d\x20\x42\x50\x46\x5f\x43\x4f\x52\x45\x5f\x52\x45\x41\x44\x28\x62\
\x70\x72\x6d\x2c\x20\x66\x69\x6c\x65\x2c\x20\x66\x5f\x69\x6e\x6f\x64\x65\x2c\
\x20\x69\x5f\x6d\x74\x69\x6d\x65\x2e\x74\x76\x5f\x73\x65\x63\x29\x3b\0\x30\x3a\
\x31\x36\x3a\x30\0\x20\x20\x20\x20\x20\x20\x42\x50\x46\x5f\x43\x4f\x52\x45\x5f\
\x52\x45\x41\x44\x28\x62\x70\x72\x6d\x2c\x20\x66\x69\x6c\x65\x2c\x20\x66\x5f\
\x69\x6e\x6f\x64\x65\x2c\x20\x69\x5f\x6d\x74\x69\x6d\x65\x2e\x74\x76\x5f\x6e\
\x73\x65\x63\x29\x3b\0\x30\x3a\x31\x36\x3a\x31\0\x20\x20\x69\x6d\x61\x67\x65\
\x5f\x69\x6e\x66\x6f\x2d\x3e\x6d\x74\x69\x6d\x65\x2e\x74\x76\x5f\x6e\x73\x65\
\x63\x20\x3d\0\x20\x20\x69\x6d\x61\x67\x65\x5f\x69\x6e\x66\x6f\x2d\x3e\x63\x74\
\x69\x6d\x65\x2e\x74\x76\x5f\x73\x65\x63\x20\x3d\x20\x42\x50\x46\x5f\x43\x4f\
\x52\x45\x5f\x52\x45\x41\x44\x28\x62\x70\x72\x6d\x2c\x20\x66\x69\x6c\x65\x2c\
\x20\x66\x5f\x69\x6e\x6f\x64\x65\x2c\x20\x69\x5f\x63\x74\x69\x6d\x65\x2e\x74\
\x76\x5f\x73\x65\x63\x29\x3b\0\x30\x3a\x31\x37\x3a\x30\0\x20\x20\x20\x20\x20\
\x20\x42\x50\x46\x5f\x43\x4f\x52\x45\x5f\x52\x45\x41\x44\x28\x62\x70\x72\x6d\
\x2c\x20\x66\x69\x6c\x65\x2c\x20\x66\x5f\x69\x6e\x6f\x64\x65\x2c\x20\x69\x5f\
\x63\x74\x69\x6d\x65\x2e\x74\x76\x5f\x6e\x73\x65\x63\x29\x3b\0\x30\x3a\x31\x37\
\x3a\x31\0\x20\x20\x69\x6d\x61\x67\x65\x5f\x69\x6e\x66\x6f\x2d\x3e\x63\x74\x69\
\x6d\x65\x2e\x74\x76\x5f\x6e\x73\x65\x63\x20\x3d\0\x20\x20\x64\x65\x76\x5f\x74\
\x20\x64\x65\x76\x20\x3d\x20\x42\x50\x46\x5f\x43\x4f\x52\x45\x5f\x52\x45\x41\
\x44\x28\x62\x70\x72\x6d\x2c\x20\x66\x69\x6c\x65\x2c\x20\x66\x5f\x69\x6e\x6f\
\x64\x65\x2c\x20\x69\x5f\x73\x62\x2c\x20\x73\x5f\x64\x65\x76\x29\x3b\0\x20\x20\
\x20\x20\x20\x20\x28\x6d\x69\x6e\x6f\x72\x20\x26\x20\x30\x78\x66\x66\x29\x20\
\x7c\x20\x28\x6d\x61\x6a\x6f\x72\x20\x3c\x3c\x20\x38\x29\x20\x7c\x20\x28\x28\
\x6d\x69\x6e\x6f\x72\x20\x26\x20\x7e\x30\x78\x66\x66\x29\x20\x3c\x3c\x20\x31\
\x32\x29\x3b\0\x20\x20\x69\x6d\x61\x67\x65\x5f\x69\x6e\x66\x6f\x2d\x3e\x69\x6e\
\x6f\x64\x65\x5f\x64\x65\x76\x69\x63\x65\x5f\x69\x64\x20\x3d\0\x30\x3a\x31\x38\
\0\x20\x20\x63\x6f\x6e\x73\x74\x20\x63\x68\x61\x72\x2a\x20\x69\x6e\x74\x65\x72\
\x70\x5f\x73\x74\x61\x72\x74\x20\x3d\x20\x42\x50\x46\x5f\x43\x4f\x52\x45\x5f\
\x52\x45\x41\x44\x28\x62\x70\x72\x6d\x2c\x20\x69\x6e\x74\x65\x72\x70\x29\x3b\0\
\x20\x20\x66\x69\x6c\x6c\x5f\x69\x6d\x61\x67\x65\x5f\x69\x6e\x66\x6f\x28\x26\
\x70\x2d\x3e\x69\x6d\x61\x67\x65\x5f\x69\x6e\x66\x6f\x2c\x20\x62\x70\x72\x6d\
\x2c\x20\x63\x75\x72\x72\x65\x6e\x74\x29\x3b\0\x20\x20\x62\x70\x66\x5f\x70\x72\
\x6f\x62\x65\x5f\x72\x65\x61\x64\x5f\x73\x74\x72\x28\x69\x6d\x61\x67\x65\x5f\
\x69\x6e\x66\x6f\x2d\x3e\x70\x61\x74\x68\x6e\x61\x6d\x65\x2c\x20\x73\x69\x7a\
\x65\x6f\x66\x28\x69\x6d\x61\x67\x65\x5f\x69\x6e\x66\x6f\x2d\x3e\x70\x61\x74\
\x68\x6e\x61\x6d\x65\x29\x2c\0\x20\x20\x69\x6d\x61\x67\x65\x5f\x69\x6e\x66\x6f\
\x2d\x3e\x6d\x6e\x74\x5f\x6e\x73\x20\x3d\x20\x42\x50\x46\x5f\x43\x4f\x52\x45\
\x5f\x52\x45\x41\x44\x28\x74\x2c\x20\x6e\x73\x70\x72\x6f\x78\x79\x2c\x20\x6d\
\x6e\x74\x5f\x6e\x73\x2c\x20\x6e\x73\x2e\x69\x6e\x75\x6d\x29\x3b\0\x20\x20\x20\
\x20\x69\x66\x20\x28\x28\x21\x70\x61\x72\x65\x6e\x74\x29\x20\x7c\x7c\x20\x28\
\x42\x50\x46\x5f\x43\x4f\x52\x45\x5f\x52\x45\x41\x44\x28\x70\x61\x72\x65\x6e\
\x74\x2c\x20\x74\x67\x69\x64\x29\x20\x3d\x3d\x20\x30\x29\x20\x7c\x7c\0\x20\x20\
\x20\x20\x20\x20\x20\x20\x28\x42\x50\x46\x5f\x43\x4f\x52\x45\x5f\x52\x45\x41\
\x44\x28\x72\x65\x74\x2c\x20\x6e\x73\x70\x72\x6f\x78\x79\x2c\x20\x6d\x6e\x74\
\x5f\x6e\x73\x2c\x20\x6e\x73\x2e\x69\x6e\x75\x6d\x29\x20\x21\x3d\0\x20\x20\x20\
\x20\x20\x20\x20\x20\x20\x42\x50\x46\x5f\x43\x4f\x52\x45\x5f\x52\x45\x41\x44\
\x28\x70\x61\x72\x65\x6e\x74\x2c\x20\x6e\x73\x70\x72\x6f\x78\x79\x2c\x20\x6d\
\x6e\x74\x5f\x6e\x73\x2c\x20\x6e\x73\x2e\x69\x6e\x75\x6d\x29\x29\x29\x20\x7b\0\
\x20\x20\x69\x6d\x61\x67\x65\x5f\x69\x6e\x66\x6f\x2d\x3e\x70\x69\x64\x5f\x66\
\x6f\x72\x5f\x73\x65\x74\x6e\x73\x20\x3d\x20\x42\x50\x46\x5f\x43\x4f\x52\x45\
\x5f\x52\x45\x41\x44\x28\x6e\x2c\x20\x74\x67\x69\x64\x29\x3b\0\x20\x20\x62\x70\
\x66\x5f\x72\x69\x6e\x67\x62\x75\x66\x5f\x73\x75\x62\x6d\x69\x74\x28\x65\x76\
\x65\x6e\x74\x2c\x20\x30\x29\x3b\0\x68\x61\x6e\x64\x6c\x65\x5f\x73\x63\x68\x65\
\x64\x5f\x70\x72\x6f\x63\x65\x73\x73\x5f\x65\x78\x69\x74\0\x72\x61\x77\x5f\x74\
\x72\x61\x63\x65\x70\x6f\x69\x6e\x74\x2f\x73\x63\x68\x65\x64\x5f\x70\x72\x6f\
\x63\x65\x73\x73\x5f\x65\x78\x69\x74\0\x69\x6e\x74\x20\x42\x50\x46\x5f\x50\x52\
\x4f\x47\x28\x68\x61\x6e\x64\x6c\x65\x5f\x73\x63\x68\x65\x64\x5f\x70\x72\x6f\
\x63\x65\x73\x73\x5f\x65\x78\x69\x74\x2c\x20\x73\x74\x72\x75\x63\x74\x20\x74\
\x61\x73\x6b\x5f\x73\x74\x72\x75\x63\x74\x2a\x20\x63\x75\x72\x72\x65\x6e\x74\
\x29\x20\x7b\0\x30\x3a\x38\x31\0\x20\x20\x69\x66\x20\x28\x28\x42\x50\x46\x5f\
\x43\x4f\x52\x45\x5f\x52\x45\x41\x44\x28\x63\x75\x72\x72\x65\x6e\x74\x2c\x20\
\x70\x69\x64\x29\x20\x21\x3d\x20\x42\x50\x46\x5f\x43\x4f\x52\x45\x5f\x52\x45\
\x41\x44\x28\x63\x75\x72\x72\x65\x6e\x74\x2c\x20\x74\x67\x69\x64\x29\x29\x20\
\x7c\x7c\0\x20\x20\x65\x76\x65\x6e\x74\x2d\x3e\x64\x61\x74\x61\x2e\x70\x72\x6f\
\x63\x65\x73\x73\x5f\x65\x76\x65\x6e\x74\x2e\x74\x79\x70\x65\x20\x3d\x20\x6b\
\x50\x72\x6f\x63\x65\x73\x73\x45\x78\x69\x74\x45\x76\x65\x6e\x74\x3b\0\x30\x3a\
\x38\x36\x3a\x30\0\x20\x20\x73\x74\x72\x75\x63\x74\x20\x6c\x69\x73\x74\x5f\x68\
\x65\x61\x64\x2a\x20\x66\x69\x72\x73\x74\x5f\x63\x68\x69\x6c\x64\x20\x3d\x20\
\x42\x50\x46\x5f\x43\x4f\x52\x45\x5f\x52\x45\x41\x44\x28\x63\x75\x72\x72\x65\
\x6e\x74\x2c\x20\x63\x68\x69\x6c\x64\x72\x65\x6e\x2e\x6e\x65\x78\x74\x29\x3b\0\
\x20\x20\x20\x20\x20\x20\x28\x21\x66\x69\x72\x73\x74\x5f\x63\x68\x69\x6c\x64\
\x20\x7c\x7c\x20\x28\x66\x69\x72\x73\x74\x5f\x63\x68\x69\x6c\x64\x20\x3d\x3d\
\x20\x42\x50\x46\x5f\x43\x4f\x52\x45\x5f\x52\x45\x41\x44\x28\x66\x69\x72\x73\
\x74\x5f\x63\x68\x69\x6c\x64\x2c\x20\x6e\x65\x78\x74\x29\x29\x29\x3b\0\x20\x20\
\x70\x2d\x3e\x69\x73\x5f\x6c\x65\x61\x66\x20\x3d\0\x4c\x49\x43\x45\x4e\x53\x45\
\0\x2e\x6d\x61\x70\x73\0\x6c\x69\x63\x65\x6e\x73\x65\0\x6b\x65\x72\x6e\x66\x73\
\x5f\x72\x6f\x6f\x74\0\x62\x75\x63\x6b\x65\x74\x5f\x74\x61\x62\x6c\x65\0\x70\
\x72\x6f\x63\x5f\x6e\x73\x5f\x6f\x70\x65\x72\x61\x74\x69\x6f\x6e\x73\0\x70\x65\
\x72\x63\x70\x75\x5f\x72\x65\x66\x5f\x64\x61\x74\x61\0\x62\x6c\x6f\x63\x6b\x5f\
\x64\x65\x76\x69\x63\x65\0\x6d\x6f\x75\x6e\x74\0\x6b\x6d\x65\x6d\x5f\x63\x61\
\x63\x68\x65\x5f\x63\x70\x75\0\x61\x64\x64\x72\x65\x73\x73\x5f\x73\x70\x61\x63\
\x65\x5f\x6f\x70\x65\x72\x61\x74\x69\x6f\x6e\x73\0\x77\x61\x69\x74\x5f\x70\x61\
\x67\x65\x5f\x71\x75\x65\x75\x65\0\x69\x6f\x76\x65\x63\0\x62\x69\x6f\x5f\x76\
\x65\x63\0\x70\x69\x70\x65\x5f\x62\x75\x66\x66\x65\x72\0\x66\x77\x6e\x6f\x64\
\x65\x5f\x68\x61\x6e\x64\x6c\x65\0\x66\x69\x6c\x65\x5f\x73\x79\x73\x74\x65\x6d\
\x5f\x74\x79\x70\x65\0\x70\x6d\x5f\x73\x75\x62\x73\x79\x73\x5f\x64\x61\x74\x61\
\0\x64\x65\x76\x5f\x70\x6d\x5f\x71\x6f\x73\0\x69\x72\x71\x5f\x64\x6f\x6d\x61\
\x69\x6e\0\x6c\x69\x6e\x75\x78\x5f\x62\x69\x6e\x66\x6d\x74\0\x6b\x73\x65\x74\
\x5f\x75\x65\x76\x65\x6e\x74\x5f\x6f\x70\x73\0\x6b\x6f\x62\x6a\x5f\x74\x79\x70\
\x65\0\x6e\x65\x74\x64\x65\x76\x5f\x6e\x61\x6d\x65\x5f\x6e\x6f\x64\x65\0\x64\
\x65\x76\x5f\x69\x66\x61\x6c\x69\x61\x73\0\x6e\x65\x74\x5f\x64\x65\x76\x69\x63\
\x65\x5f\x6f\x70\x73\0\x6e\x65\x74\x6c\x69\x6e\x6b\x5f\x72\x61\x6e\x67\x65\x5f\
\x76\x61\x6c\x69\x64\x61\x74\x69\x6f\x6e\0\x6e\x65\x74\x6c\x69\x6e\x6b\x5f\x72\
\x61\x6e\x67\x65\x5f\x76\x61\x6c\x69\x64\x61\x74\x69\x6f\x6e\x5f\x73\x69\x67\
\x6e\x65\x64\0\x77\x71\x5f\x66\x6c\x75\x73\x68\x65\x72\0\x77\x6f\x72\x6b\x65\
\x72\0\x77\x6f\x72\x6b\x65\x72\x5f\x70\x6f\x6f\x6c\0\x77\x6f\x72\x6b\x71\x75\
\x65\x75\x65\x5f\x61\x74\x74\x72\x73\0\x77\x71\x5f\x64\x65\x76\x69\x63\x65\0\
\x64\x65\x76\x69\x63\x65\x5f\x70\x72\x69\x76\x61\x74\x65\0\x64\x65\x76\x69\x63\
\x65\x5f\x64\x72\x69\x76\x65\x72\0\x62\x75\x73\x5f\x74\x79\x70\x65\0\x62\x70\
\x66\x5f\x6c\x6f\x63\x61\x6c\x5f\x73\x74\x6f\x72\x61\x67\x65\x5f\x6d\x61\x70\0\
\x64\x65\x76\x69\x63\x65\x5f\x6e\x6f\x64\x65\0\x64\x65\x76\x69\x63\x65\x5f\x74\
\x79\x70\x65\0\x77\x61\x6b\x65\x75\x70\x5f\x73\x6f\x75\x72\x63\x65\0\x77\x61\
\x6b\x65\x5f\x69\x72\x71\0\x68\x72\x74\x69\x6d\x65\x72\x5f\x63\x6c\x6f\x63\x6b\
\x5f\x62\x61\x73\x65\0\x64\x65\x76\x5f\x70\x6d\x5f\x64\x6f\x6d\x61\x69\x6e\0\
\x64\x65\x76\x5f\x70\x69\x6e\x5f\x69\x6e\x66\x6f\0\x64\x6d\x61\x5f\x6d\x61\x70\
\x5f\x6f\x70\x73\0\x62\x75\x73\x5f\x64\x6d\x61\x5f\x72\x65\x67\x69\x6f\x6e\0\
\x64\x65\x76\x69\x63\x65\x5f\x64\x6d\x61\x5f\x70\x61\x72\x61\x6d\x65\x74\x65\
\x72\x73\0\x69\x6f\x5f\x74\x6c\x62\x5f\x6d\x65\x6d\0\x64\x65\x76\x5f\x69\x6f\
\x6d\x6d\x75\0\x64\x65\x76\x69\x63\x65\x5f\x70\x68\x79\x73\x69\x63\x61\x6c\x5f\
\x6c\x6f\x63\x61\x74\x69\x6f\x6e\0\x6e\x65\x69\x67\x68\x5f\x73\x74\x61\x74\x69\
\x73\x74\x69\x63\x73\0\x6e\x65\x69\x67\x68\x5f\x68\x61\x73\x68\x5f\x74\x61\x62\
\x6c\x65\0\x6e\x65\x69\x67\x68\x5f\x6f\x70\x73\0\x62\x70\x66\x5f\x70\x72\x6f\
\x67\x5f\x73\x74\x61\x74\x73\0\x62\x70\x66\x5f\x70\x72\x6f\x67\x5f\x61\x75\x78\
\0\x6e\x65\x74\x64\x65\x76\x5f\x72\x78\x5f\x71\x75\x65\x75\x65\0\x74\x63\x66\
\x5f\x70\x72\x6f\x74\x6f\0\x74\x63\x66\x5f\x62\x6c\x6f\x63\x6b\0\x51\x64\x69\
\x73\x63\x5f\x6f\x70\x73\0\x62\x70\x66\x5f\x78\x64\x70\x5f\x6c\x69\x6e\x6b\0\
\x73\x6f\x63\x6b\x5f\x66\x70\x72\x6f\x67\x5f\x6b\x65\x72\x6e\0\x65\x78\x63\x65\
\x70\x74\x69\x6f\x6e\x5f\x74\x61\x62\x6c\x65\x5f\x65\x6e\x74\x72\x79\0\x6f\x72\
\x63\x5f\x65\x6e\x74\x72\x79\0\x62\x75\x67\x5f\x65\x6e\x74\x72\x79\0\x65\x6c\
\x66\x36\x34\x5f\x73\x79\x6d\0\x6d\x6f\x64\x75\x6c\x65\x5f\x73\x65\x63\x74\x5f\
\x61\x74\x74\x72\x73\0\x6d\x6f\x64\x75\x6c\x65\x5f\x6e\x6f\x74\x65\x73\x5f\x61\
\x74\x74\x72\x73\0\x73\x72\x63\x75\x5f\x73\x74\x72\x75\x63\x74\0\x62\x70\x66\
\x5f\x72\x61\x77\x5f\x65\x76\x65\x6e\x74\x5f\x6d\x61\x70\0\x74\x72\x61\x63\x65\
\x70\x6f\x69\x6e\x74\0\x6a\x75\x6d\x70\x5f\x65\x6e\x74\x72\x79\0\x73\x74\x61\
\x74\x69\x63\x5f\x63\x61\x6c\x6c\x5f\x73\x69\x74\x65\0\x74\x72\x61\x63\x65\x5f\
\x65\x76\x65\x6e\x74\x5f\x63\x6c\x61\x73\x73\0\x74\x72\x61\x63\x65\x5f\x65\x76\
\x65\x6e\x74\x5f\x66\x75\x6e\x63\x74\x69\x6f\x6e\x73\0\x70\x72\x6f\x67\x5f\x65\
\x6e\x74\x72\x79\0\x69\x6e\x5f\x64\x65\x76\x69\x63\x65\0\x69\x66\x61\x63\x61\
\x64\x64\x72\x36\0\x64\x73\x74\x5f\x6d\x65\x74\x72\x69\x63\x73\0\x78\x66\x72\
\x6d\x5f\x73\x74\x61\x74\x65\0\x78\x66\x72\x6d\x5f\x73\x65\x63\x5f\x63\x74\x78\
\0\x66\x6e\x68\x65\x5f\x68\x61\x73\x68\x5f\x62\x75\x63\x6b\x65\x74\0\x72\x74\
\x36\x5f\x65\x78\x63\x65\x70\x74\x69\x6f\x6e\x5f\x62\x75\x63\x6b\x65\x74\0\x63\
\x74\x6c\x5f\x74\x61\x62\x6c\x65\x5f\x70\x6f\x6c\x6c\0\x63\x74\x6c\x5f\x74\x61\
\x62\x6c\x65\x5f\x72\x6f\x6f\x74\0\x63\x74\x6c\x5f\x6e\x6f\x64\x65\0\x69\x63\
\x6d\x70\x76\x36\x5f\x6d\x69\x62\x5f\x64\x65\x76\x69\x63\x65\0\x69\x63\x6d\x70\
\x76\x36\x6d\x73\x67\x5f\x6d\x69\x62\x5f\x64\x65\x76\x69\x63\x65\0\x77\x69\x72\
\x65\x6c\x65\x73\x73\x5f\x64\x65\x76\0\x73\x6f\x63\x6b\x65\x74\0\x73\x65\x6d\
\x5f\x75\x6e\x64\x6f\x5f\x6c\x69\x73\x74\0\x66\x69\x6c\x65\x73\x5f\x73\x74\x72\
\x75\x63\x74\0\x73\x69\x67\x6e\x61\x6c\x5f\x73\x74\x72\x75\x63\x74\0\x77\x70\
\x61\x6e\x5f\x64\x65\x76\0\x66\x73\x76\x65\x72\x69\x74\x79\x5f\x69\x6e\x66\x6f\
\0\x6b\x65\x72\x6e\x66\x73\x5f\x6f\x70\x73\0\x6b\x65\x72\x6e\x66\x73\x5f\x6f\
\x70\x65\x6e\x5f\x6e\x6f\x64\x65\0\x6b\x65\x72\x6e\x66\x73\x5f\x69\x61\x74\x74\
\x72\x73\0\x63\x67\x72\x6f\x75\x70\x5f\x72\x6f\x6f\x74\0\x63\x67\x72\x6f\x75\
\x70\x5f\x72\x73\x74\x61\x74\x5f\x63\x70\x75\0\x70\x73\x69\x5f\x67\x72\x6f\x75\
\x70\x5f\x63\x70\x75\0\x63\x67\x72\x6f\x75\x70\x5f\x73\x75\x62\x73\x79\x73\0\
\x71\x64\x69\x73\x63\x5f\x73\x69\x7a\x65\x5f\x74\x61\x62\x6c\x65\0\x6e\x65\x74\
\x5f\x72\x61\x74\x65\x5f\x65\x73\x74\x69\x6d\x61\x74\x6f\x72\0\x63\x70\x75\x5f\
\x72\x6d\x61\x70\0\x78\x64\x70\x5f\x64\x65\x76\x5f\x62\x75\x6c\x6b\x5f\x71\x75\
\x65\x75\x65\0\x70\x63\x70\x75\x5f\x6c\x73\x74\x61\x74\x73\0\x70\x63\x70\x75\
\x5f\x73\x77\x5f\x6e\x65\x74\x73\x74\x61\x74\x73\0\x70\x68\x79\x5f\x64\x65\x76\
\x69\x63\x65\0\x63\x64\x65\x76\0\x66\x69\x6c\x65\x5f\x6c\x6f\x63\x6b\x5f\x6f\
\x70\x65\x72\x61\x74\x69\x6f\x6e\x73\0\x6c\x6f\x63\x6b\x5f\x6d\x61\x6e\x61\x67\
\x65\x72\x5f\x6f\x70\x65\x72\x61\x74\x69\x6f\x6e\x73\0\x73\x6b\x62\x5f\x65\x78\
\x74\0\x73\x6b\x5f\x6d\x73\x67\0\x72\x65\x71\x75\x65\x73\x74\x5f\x73\x6f\x63\
\x6b\x5f\x6f\x70\x73\0\x74\x69\x6d\x65\x77\x61\x69\x74\x5f\x73\x6f\x63\x6b\x5f\
\x6f\x70\x73\0\x69\x6e\x65\x74\x5f\x65\x68\x61\x73\x68\x5f\x62\x75\x63\x6b\x65\
\x74\0\x69\x6e\x65\x74\x5f\x62\x69\x6e\x64\x5f\x68\x61\x73\x68\x62\x75\x63\x6b\
\x65\x74\0\x72\x61\x77\x5f\x68\x61\x73\x68\x69\x6e\x66\x6f\0\x6b\x65\x79\x5f\
\x75\x73\x65\x72\0\x73\x6f\x63\x6b\x5f\x72\x65\x75\x73\x65\x70\x6f\x72\x74\0\
\x6d\x6f\x64\x75\x6c\x65\x5f\x70\x61\x72\x61\x6d\x5f\x61\x74\x74\x72\x73\0\x6d\
\x6f\x64\x75\x6c\x65\x5f\x61\x74\x74\x72\x69\x62\x75\x74\x65\0\x6b\x65\x72\x6e\
\x65\x6c\x5f\x70\x61\x72\x61\x6d\0\x62\x70\x66\x5f\x73\x74\x6f\x72\x61\x67\x65\
\x5f\x62\x75\x66\x66\x65\x72\0\x62\x70\x66\x5f\x63\x67\x72\x6f\x75\x70\x5f\x73\
\x74\x6f\x72\x61\x67\x65\x5f\x6d\x61\x70\0\x70\x65\x72\x66\x5f\x63\x70\x75\x5f\
\x63\x6f\x6e\x74\x65\x78\x74\0\x70\x65\x72\x66\x5f\x65\x76\x65\x6e\x74\x5f\x6d\
\x6d\x61\x70\x5f\x70\x61\x67\x65\0\x70\x65\x72\x66\x5f\x61\x64\x64\x72\x5f\x66\
\x69\x6c\x74\x65\x72\x5f\x72\x61\x6e\x67\x65\0\x70\x65\x72\x66\x5f\x72\x61\x77\
\x5f\x72\x65\x63\x6f\x72\x64\0\x70\x65\x72\x66\x5f\x62\x72\x61\x6e\x63\x68\x5f\
\x73\x74\x61\x63\x6b\0\x70\x65\x72\x66\x5f\x63\x61\x6c\x6c\x63\x68\x61\x69\x6e\
\x5f\x65\x6e\x74\x72\x79\0\x74\x72\x61\x63\x65\x5f\x65\x76\x61\x6c\x5f\x6d\x61\
\x70\0\x6b\x65\x72\x6e\x65\x6c\x5f\x73\x69\x67\x69\x6e\x66\x6f\0\x6c\x64\x74\
\x5f\x73\x74\x72\x75\x63\x74\0\x6b\x69\x6f\x63\x74\x78\x5f\x74\x61\x62\x6c\x65\
\0\x6d\x6d\x75\x5f\x6e\x6f\x74\x69\x66\x69\x65\x72\x5f\x73\x75\x62\x73\x63\x72\
\x69\x70\x74\x69\x6f\x6e\x73\0\x76\x6d\x5f\x6f\x70\x65\x72\x61\x74\x69\x6f\x6e\
\x73\x5f\x73\x74\x72\x75\x63\x74\0\x75\x73\x65\x72\x66\x61\x75\x6c\x74\x66\x64\
\x5f\x63\x74\x78\0\x74\x63\x70\x5f\x6d\x69\x62\0\x6c\x69\x6e\x75\x78\x5f\x6d\
\x69\x62\0\x69\x63\x6d\x70\x5f\x6d\x69\x62\0\x69\x63\x6d\x70\x6d\x73\x67\x5f\
\x6d\x69\x62\0\x69\x63\x6d\x70\x76\x36\x5f\x6d\x69\x62\0\x69\x63\x6d\x70\x76\
\x36\x6d\x73\x67\x5f\x6d\x69\x62\0\x69\x70\x5f\x72\x61\x5f\x63\x68\x61\x69\x6e\
\0\x69\x6e\x65\x74\x5f\x66\x72\x61\x67\x73\0\x74\x63\x70\x5f\x63\x6f\x6e\x67\
\x65\x73\x74\x69\x6f\x6e\x5f\x6f\x70\x73\0\x74\x63\x70\x5f\x66\x61\x73\x74\x6f\
\x70\x65\x6e\x5f\x63\x6f\x6e\x74\x65\x78\x74\0\x6d\x72\x5f\x74\x61\x62\x6c\x65\
\0\x72\x74\x36\x5f\x73\x74\x61\x74\x69\x73\x74\x69\x63\x73\0\x73\x65\x67\x36\
\x5f\x70\x65\x72\x6e\x65\x74\x5f\x64\x61\x74\x61\0\x69\x6f\x61\x6d\x36\x5f\x70\
\x65\x72\x6e\x65\x74\x5f\x64\x61\x74\x61\0\x63\x74\x5f\x70\x63\x70\x75\0\x69\
\x70\x5f\x63\x6f\x6e\x6e\x74\x72\x61\x63\x6b\x5f\x73\x74\x61\x74\0\x6e\x66\x5f\
\x63\x74\x5f\x65\x76\x65\x6e\x74\x5f\x6e\x6f\x74\x69\x66\x69\x65\x72\0\x6e\x65\
\x74\x5f\x67\x65\x6e\x65\x72\x69\x63\0\x73\x75\x70\x65\x72\x5f\x6f\x70\x65\x72\
\x61\x74\x69\x6f\x6e\x73\0\x64\x71\x75\x6f\x74\x5f\x6f\x70\x65\x72\x61\x74\x69\
\x6f\x6e\x73\0\x71\x75\x6f\x74\x61\x63\x74\x6c\x5f\x6f\x70\x73\0\x65\x78\x70\
\x6f\x72\x74\x5f\x6f\x70\x65\x72\x61\x74\x69\x6f\x6e\x73\0\x78\x61\x74\x74\x72\
\x5f\x68\x61\x6e\x64\x6c\x65\x72\0\x66\x73\x63\x72\x79\x70\x74\x5f\x6f\x70\x65\
\x72\x61\x74\x69\x6f\x6e\x73\0\x72\x65\x71\x75\x65\x73\x74\x5f\x71\x75\x65\x75\
\x65\0\x66\x73\x63\x72\x79\x70\x74\x5f\x6b\x65\x79\x72\x69\x6e\x67\0\x66\x73\
\x76\x65\x72\x69\x74\x79\x5f\x6f\x70\x65\x72\x61\x74\x69\x6f\x6e\x73\0\x75\x6e\
\x69\x63\x6f\x64\x65\x5f\x6d\x61\x70\0\x71\x75\x6f\x74\x61\x5f\x66\x6f\x72\x6d\
\x61\x74\x5f\x74\x79\x70\x65\0\x6c\x69\x73\x74\x5f\x6c\x72\x75\x5f\x6e\x6f\x64\
\x65\0\x70\x61\x67\x65\x5f\x70\x6f\x6f\x6c\0\x64\x65\x76\x5f\x70\x61\x67\x65\
\x6d\x61\x70\0\x66\x73\x5f\x73\x74\x72\x75\x63\x74\0\x66\x69\x65\x6d\x61\x70\
\x5f\x65\x78\x74\x65\x6e\x74\0\x66\x69\x6c\x65\x5f\x6c\x6f\x63\x6b\x5f\x63\x6f\
\x6e\x74\x65\x78\x74\0\x66\x73\x63\x72\x79\x70\x74\x5f\x69\x6e\x66\x6f\0\x72\
\x63\x75\x5f\x6e\x6f\x64\x65\0\x73\x65\x63\x63\x6f\x6d\x70\x5f\x66\x69\x6c\x74\
\x65\x72\0\x5f\x5f\x6b\x65\x72\x6e\x65\x6c\x5f\x74\x69\x6d\x65\x73\x70\x65\x63\
\0\x6f\x6c\x64\x5f\x74\x69\x6d\x65\x73\x70\x65\x63\x33\x32\0\x70\x6f\x6c\x6c\
\x66\x64\0\x73\x69\x67\x68\x61\x6e\x64\x5f\x73\x74\x72\x75\x63\x74\0\x72\x74\
\x5f\x6d\x75\x74\x65\x78\x5f\x77\x61\x69\x74\x65\x72\0\x62\x6c\x6b\x5f\x70\x6c\
\x75\x67\0\x72\x6f\x62\x75\x73\x74\x5f\x6c\x69\x73\x74\x5f\x68\x65\x61\x64\0\
\x63\x6f\x6d\x70\x61\x74\x5f\x72\x6f\x62\x75\x73\x74\x5f\x6c\x69\x73\x74\x5f\
\x68\x65\x61\x64\0\x66\x75\x74\x65\x78\x5f\x70\x69\x5f\x73\x74\x61\x74\x65\0\
\x66\x74\x72\x61\x63\x65\x5f\x72\x65\x74\x5f\x73\x74\x61\x63\x6b\0\x75\x70\x72\
\x6f\x62\x65\x5f\x74\x61\x73\x6b\0\x76\x6d\x5f\x73\x74\x72\x75\x63\x74\0\x62\
\x70\x66\x5f\x72\x75\x6e\x5f\x63\x74\x78\0\x6d\x61\x74\x68\x5f\x65\x6d\x75\x5f\
\x69\x6e\x66\x6f\0\0\0\x9f\xeb\x01\0\x20\0\0\0\0\0\0\0\x24\0\0\0\x24\0\0\0\xf4\
\x14\0\0\x18\x15\0\0\xe4\x04\0\0\x08\0\0\0\x5e\0\0\0\x01\0\0\0\0\0\0\0\x0c\0\0\
\0\x1f\xc7\0\0\x01\0\0\0\0\0\0\0\xde\x06\0\0\x10\0\0\0\x5e\0\0\0\xdd\0\0\0\0\0\
\0\0\x75\x49\0\0\x38\x4a\0\0\0\x50\x02\0\x08\0\0\0\x75\x49\0\0\x38\x4a\0\0\x05\
\x50\x02\0\x30\0\0\0\x75\x49\0\0\0\0\0\0\0\0\0\0\x38\0\0\0\x75\x49\0\0\x60\x4a\
\0\0\x0b\x68\0\0\x48\0\0\0\x75\x49\0\0\x60\x4a\0\0\x0b\x68\0\0\x50\0\0\0\x75\
\x49\0\0\x60\x4a\0\0\x23\x68\0\0\x58\0\0\0\x75\x49\0\0\x91\x4a\0\0\x07\x60\x02\
\0\x68\0\0\0\x75\x49\0\0\xae\x4a\0\0\x1c\x74\x02\0\x90\0\0\0\x75\x49\0\0\xf7\
\x4a\0\0\x07\x78\x02\0\xa8\0\0\0\x75\x49\0\0\0\0\0\0\0\0\0\0\xb0\0\0\0\x75\x49\
\0\0\x0e\x4b\0\0\x22\x88\x02\0\xc0\0\0\0\x75\x49\0\0\x45\x4b\0\0\x0f\x84\x02\0\
\xf0\0\0\0\x75\x49\0\0\0\0\0\0\0\0\0\0\xf8\0\0\0\x75\x49\0\0\x69\x4b\0\0\x1e\
\xc0\x01\0\x28\x01\0\0\x75\x49\0\0\0\0\0\0\0\0\0\0\x30\x01\0\0\x75\x49\0\0\x69\
\x4b\0\0\x1e\xc0\x01\0\x48\x01\0\0\x75\x49\0\0\x69\x4b\0\0\x1e\xc0\x01\0\x58\
\x01\0\0\x75\x49\0\0\xb9\x4b\0\0\x15\x88\x01\0\x80\x01\0\0\x75\x49\0\0\xb9\x4b\
\0\0\x03\x88\x01\0\xa8\x01\0\0\x75\x49\0\0\0\0\0\0\0\0\0\0\xb0\x01\0\0\x75\x49\
\0\0\xda\x4b\0\0\x22\x8c\x01\0\xe0\x01\0\0\x75\x49\0\0\0\0\0\0\0\0\0\0\xe8\x01\
\0\0\x75\x49\0\0\xda\x4b\0\0\x22\x8c\x01\0\xf8\x01\0\0\x75\x49\0\0\xda\x4b\0\0\
\x22\x8c\x01\0\0\x02\0\0\x75\x49\0\0\x2a\x4c\0\0\x13\x90\x01\0\x28\x02\0\0\x75\
\x49\0\0\0\0\0\0\0\0\0\0\x30\x02\0\0\x75\x49\0\0\x2a\x4c\0\0\x17\x90\x01\0\x50\
\x02\0\0\x75\x49\0\0\x2a\x4c\0\0\x17\x90\x01\0\x60\x02\0\0\x75\x49\0\0\0\0\0\0\
\0\0\0\0\x68\x02\0\0\x75\x49\0\0\x6a\x4c\0\0\x17\x94\x01\0\x78\x02\0\0\x75\x49\
\0\0\x6a\x4c\0\0\x17\x94\x01\0\x80\x02\0\0\x75\x49\0\0\x2a\x4c\0\0\x09\x90\x01\
\0\xa8\x02\0\0\x75\x49\0\0\0\0\0\0\0\0\0\0\xb0\x02\0\0\x75\x49\0\0\xad\x4c\0\0\
\x15\xc4\x01\0\xc0\x02\0\0\x75\x49\0\0\xad\x4c\0\0\x15\xc4\x01\0\xd0\x02\0\0\
\x75\x49\0\0\xad\x4c\0\0\x13\xc4\x01\0\xf0\x02\0\0\x75\x49\0\0\0\0\0\0\0\0\0\0\
\xf8\x02\0\0\x75\x49\0\0\xe4\x4c\0\0\x22\xc8\x01\0\x18\x03\0\0\x75\x49\0\0\xe4\
\x4c\0\0\x22\xc8\x01\0\x20\x03\0\0\x75\x49\0\0\xe4\x4c\0\0\x20\xc8\x01\0\x50\
\x03\0\0\x75\x49\0\0\0\0\0\0\0\0\0\0\x58\x03\0\0\x75\x49\0\0\x2c\x4d\0\0\x1b\
\xcc\x01\0\x80\x03\0\0\x75\x49\0\0\0\0\0\0\0\0\0\0\x88\x03\0\0\x75\x49\0\0\x2c\
\x4d\0\0\x1b\xcc\x01\0\x98\x03\0\0\x75\x49\0\0\x2c\x4d\0\0\x1b\xcc\x01\0\xa0\
\x03\0\0\x75\x49\0\0\x2c\x4d\0\0\x19\xcc\x01\0\xc0\x03\0\0\x75\x49\0\0\0\0\0\0\
\0\0\0\0\xc8\x03\0\0\x75\x49\0\0\x76\x4d\0\0\x14\xd0\x01\0\xd8\x03\0\0\x75\x49\
\0\0\x76\x4d\0\0\x14\xd0\x01\0\xe0\x03\0\0\x75\x49\0\0\x76\x4d\0\0\x12\xd0\x01\
\0\x08\x04\0\0\x75\x49\0\0\0\0\0\0\0\0\0\0\x10\x04\0\0\x75\x49\0\0\xa7\x4d\0\0\
\x14\xd8\x01\0\x48\x04\0\0\x75\x49\0\0\0\0\0\0\0\0\0\0\x50\x04\0\0\x75\x49\0\0\
\xa7\x4d\0\0\x14\xd8\x01\0\x60\x04\0\0\x75\x49\0\0\xa7\x4d\0\0\x14\xd8\x01\0\
\x68\x04\0\0\x75\x49\0\0\xa7\x4d\0\0\x12\xd8\x01\0\x78\x04\0\0\x75\x49\0\0\0\0\
\0\0\0\0\0\0\x80\x04\0\0\x75\x49\0\0\xe6\x4d\0\0\x14\xdc\x01\0\xb8\x04\0\0\x75\
\x49\0\0\0\0\0\0\0\0\0\0\xc0\x04\0\0\x75\x49\0\0\xe6\x4d\0\0\x14\xdc\x01\0\xd0\
\x04\0\0\x75\x49\0\0\xe6\x4d\0\0\x14\xdc\x01\0\xd8\x04\0\0\x75\x49\0\0\xe6\x4d\
\0\0\x12\xdc\x01\0\xf8\x04\0\0\x75\x49\0\0\0\0\0\0\0\0\0\0\0\x05\0\0\x75\x49\0\
\0\x2a\x4e\0\0\x2a\xe8\x01\0\x38\x05\0\0\x75\x49\0\0\0\0\0\0\0\0\0\0\x40\x05\0\
\0\x75\x49\0\0\x2a\x4e\0\0\x2a\xe8\x01\0\x50\x05\0\0\x75\x49\0\0\x2a\x4e\0\0\
\x2a\xe8\x01\0\x60\x05\0\0\x75\x49\0\0\0\0\0\0\0\0\0\0\x68\x05\0\0\x75\x49\0\0\
\x7b\x4e\0\0\x28\xec\x01\0\xa0\x05\0\0\x75\x49\0\0\0\0\0\0\0\0\0\0\xa8\x05\0\0\
\x75\x49\0\0\x7b\x4e\0\0\x28\xec\x01\0\xb8\x05\0\0\x75\x49\0\0\x7b\x4e\0\0\x28\
\xec\x01\0\xc0\x05\0\0\x75\x49\0\0\xc8\x4e\0\0\x10\xf0\x01\0\xd0\x05\0\0\x75\
\x49\0\0\xc8\x4e\0\0\x07\xf0\x01\0\xe0\x05\0\0\x75\x49\0\0\0\0\0\0\0\0\0\0\xe8\
\x05\0\0\x75\x49\0\0\x08\x4f\0\0\x22\x04\x02\0\xf8\x05\0\0\x75\x49\0\0\x08\x4f\
\0\0\x03\x04\x02\0\x08\x06\0\0\x75\x49\0\0\x52\x4f\0\0\x12\x0c\x02\0\x10\x06\0\
\0\x75\x49\0\0\x52\x4f\0\0\x07\x0c\x02\0\x20\x06\0\0\x75\x49\0\0\x98\x4f\0\0\
\x3c\x10\x02\0\x48\x06\0\0\x75\x49\0\0\0\0\0\0\0\0\0\0\x50\x06\0\0\x75\x49\0\0\
\xe1\x4f\0\0\x15\x7c\0\0\xc0\x06\0\0\x75\x49\0\0\0\0\0\0\0\0\0\0\xc8\x06\0\0\
\x75\x49\0\0\xe1\x4f\0\0\x15\x7c\0\0\xd8\x06\0\0\x75\x49\0\0\xe1\x4f\0\0\x15\
\x7c\0\0\xe0\x06\0\0\x75\x49\0\0\xe1\x4f\0\0\x13\x7c\0\0\xf0\x06\0\0\x75\x49\0\
\0\0\0\0\0\0\0\0\0\xf8\x06\0\0\x75\x49\0\0\xde\x50\0\0\x15\x80\0\0\x68\x07\0\0\
\x75\x49\0\0\0\0\0\0\0\0\0\0\x70\x07\0\0\x75\x49\0\0\xde\x50\0\0\x15\x80\0\0\
\x80\x07\0\0\x75\x49\0\0\xde\x50\0\0\x15\x80\0\0\x88\x07\0\0\x75\x49\0\0\xde\
\x50\0\0\x13\x80\0\0\x98\x07\0\0\x75\x49\0\0\0\0\0\0\0\0\0\0\xa0\x07\0\0\x75\
\x49\0\0\x58\x51\0\0\x18\x84\0\0\x10\x08\0\0\x75\x49\0\0\0\0\0\0\0\0\0\0\x18\
\x08\0\0\x75\x49\0\0\x58\x51\0\0\x18\x84\0\0\x28\x08\0\0\x75\x49\0\0\x58\x51\0\
\0\x18\x84\0\0\x30\x08\0\0\x75\x49\0\0\x58\x51\0\0\x16\x84\0\0\x40\x08\0\0\x75\
\x49\0\0\0\0\0\0\0\0\0\0\x48\x08\0\0\x75\x49\0\0\x82\x60\0\0\x15\x88\0\0\xb8\
\x08\0\0\x75\x49\0\0\0\0\0\0\0\0\0\0\xc0\x08\0\0\x75\x49\0\0\x82\x60\0\0\x15\
\x88\0\0\xd0\x08\0\0\x75\x49\0\0\x82\x60\0\0\x15\x88\0\0\xd8\x08\0\0\x75\x49\0\
\0\x82\x60\0\0\x13\x88\0\0\xe8\x08\0\0\x75\x49\0\0\0\0\0\0\0\0\0\0\xf0\x08\0\0\
\x75\x49\0\0\x6a\x73\0\0\x15\x8c\0\0\x60\x09\0\0\x75\x49\0\0\0\0\0\0\0\0\0\0\
\x68\x09\0\0\x75\x49\0\0\x6a\x73\0\0\x15\x8c\0\0\x78\x09\0\0\x75\x49\0\0\x6a\
\x73\0\0\x15\x8c\0\0\x80\x09\0\0\x75\x49\0\0\x6a\x73\0\0\x13\x8c\0\0\x90\x09\0\
\0\x75\x49\0\0\0\0\0\0\0\0\0\0\x98\x09\0\0\x75\x49\0\0\x18\xc0\0\0\x16\x90\0\0\
\x48\x0a\0\0\x75\x49\0\0\0\0\0\0\0\0\0\0\x50\x0a\0\0\x75\x49\0\0\x18\xc0\0\0\
\x16\x90\0\0\x60\x0a\0\0\x75\x49\0\0\x18\xc0\0\0\x16\x90\0\0\x68\x0a\0\0\x75\
\x49\0\0\x18\xc0\0\0\x14\x90\0\0\x78\x0a\0\0\x75\x49\0\0\0\0\0\0\0\0\0\0\x80\
\x0a\0\0\x75\x49\0\0\xaa\xc0\0\0\x15\x94\0\0\xe8\x0a\0\0\x75\x49\0\0\0\0\0\0\0\
\0\0\0\xf0\x0a\0\0\x75\x49\0\0\xaa\xc0\0\0\x15\x94\0\0\0\x0b\0\0\x75\x49\0\0\
\xaa\xc0\0\0\x15\x94\0\0\x08\x0b\0\0\x75\x49\0\0\xaa\xc0\0\0\x13\x94\0\0\x30\
\x0b\0\0\x75\x49\0\0\0\0\0\0\0\0\0\0\x38\x0b\0\0\x75\x49\0\0\xdb\xc1\0\0\x17\
\xf8\0\0\xb0\x0b\0\0\x75\x49\0\0\0\0\0\0\0\0\0\0\xb8\x0b\0\0\x75\x49\0\0\xdb\
\xc1\0\0\x17\xf8\0\0\xc8\x0b\0\0\x75\x49\0\0\xdb\xc1\0\0\x17\xf8\0\0\xd0\x0b\0\
\0\x75\x49\0\0\xdb\xc1\0\0\x15\xf8\0\0\xe0\x0b\0\0\x75\x49\0\0\0\0\0\0\0\0\0\0\
\xe8\x0b\0\0\x75\x49\0\0\x1c\xc2\0\0\x15\xfc\0\0\x50\x0c\0\0\x75\x49\0\0\0\0\0\
\0\0\0\0\0\x58\x0c\0\0\x75\x49\0\0\x1c\xc2\0\0\x15\xfc\0\0\x68\x0c\0\0\x75\x49\
\0\0\x1c\xc2\0\0\x15\xfc\0\0\x70\x0c\0\0\x75\x49\0\0\x1c\xc2\0\0\x13\xfc\0\0\
\x80\x0c\0\0\x75\x49\0\0\0\0\0\0\0\0\0\0\x88\x0c\0\0\x75\x49\0\0\x65\xc2\0\0\
\x15\0\x01\0\xf0\x0c\0\0\x75\x49\0\0\0\0\0\0\0\0\0\0\xf8\x0c\0\0\x75\x49\0\0\
\x65\xc2\0\0\x15\0\x01\0\x08\x0d\0\0\x75\x49\0\0\x65\xc2\0\0\x15\0\x01\0\x10\
\x0d\0\0\x75\x49\0\0\x65\xc2\0\0\x13\0\x01\0\x20\x0d\0\0\x75\x49\0\0\0\0\0\0\0\
\0\0\0\x28\x0d\0\0\x75\x49\0\0\xae\xc2\0\0\x16\x04\x01\0\x90\x0d\0\0\x75\x49\0\
\0\0\0\0\0\0\0\0\0\x98\x0d\0\0\x75\x49\0\0\xae\xc2\0\0\x16\x04\x01\0\xa8\x0d\0\
\0\x75\x49\0\0\xae\xc2\0\0\x16\x04\x01\0\xb0\x0d\0\0\x75\x49\0\0\xae\xc2\0\0\
\x14\x04\x01\0\xc0\x0d\0\0\x75\x49\0\0\0\0\0\0\0\0\0\0\xc8\x0d\0\0\x75\x49\0\0\
\xf3\xc2\0\0\x1e\x08\x01\0\x30\x0e\0\0\x75\x49\0\0\0\0\0\0\0\0\0\0\x38\x0e\0\0\
\x75\x49\0\0\xf3\xc2\0\0\x1e\x08\x01\0\x48\x0e\0\0\x75\x49\0\0\xf3\xc2\0\0\x1e\
\x08\x01\0\x50\x0e\0\0\x75\x49\0\0\xf3\xc2\0\0\x1c\x08\x01\0\x60\x0e\0\0\x75\
\x49\0\0\0\0\0\0\0\0\0\0\x68\x0e\0\0\x75\x49\0\0\x4b\xc3\0\0\x07\x10\x01\0\xd0\
\x0e\0\0\x75\x49\0\0\0\0\0\0\0\0\0\0\xd8\x0e\0\0\x75\x49\0\0\x4b\xc3\0\0\x07\
\x10\x01\0\xe8\x0e\0\0\x75\x49\0\0\x4b\xc3\0\0\x07\x10\x01\0\xf0\x0e\0\0\x75\
\x49\0\0\x8d\xc3\0\0\x1d\x0c\x01\0\0\x0f\0\0\x75\x49\0\0\0\0\0\0\0\0\0\0\x08\
\x0f\0\0\x75\x49\0\0\xab\xc3\0\0\x1e\x14\x01\0\x70\x0f\0\0\x75\x49\0\0\0\0\0\0\
\0\0\0\0\x78\x0f\0\0\x75\x49\0\0\xab\xc3\0\0\x1e\x14\x01\0\x88\x0f\0\0\x75\x49\
\0\0\xab\xc3\0\0\x1e\x14\x01\0\x90\x0f\0\0\x75\x49\0\0\xab\xc3\0\0\x1c\x14\x01\
\0\xa0\x0f\0\0\x75\x49\0\0\0\0\0\0\0\0\0\0\xa8\x0f\0\0\x75\x49\0\0\x03\xc4\0\0\
\x07\x1c\x01\0\x10\x10\0\0\x75\x49\0\0\0\0\0\0\0\0\0\0\x18\x10\0\0\x75\x49\0\0\
\x03\xc4\0\0\x07\x1c\x01\0\x28\x10\0\0\x75\x49\0\0\x03\xc4\0\0\x07\x1c\x01\0\
\x30\x10\0\0\x75\x49\0\0\x45\xc4\0\0\x1d\x18\x01\0\x40\x10\0\0\x75\x49\0\0\0\0\
\0\0\0\0\0\0\x48\x10\0\0\x75\x49\0\0\x63\xc4\0\0\x0f\x24\x01\0\xe0\x10\0\0\x75\
\x49\0\0\0\0\0\0\0\0\0\0\xe8\x10\0\0\x75\x49\0\0\x63\xc4\0\0\x0f\x24\x01\0\x08\
\x11\0\0\x75\x49\0\0\x63\xc4\0\0\x0f\x24\x01\0\x10\x11\0\0\x75\x49\0\0\xa2\xc4\
\0\0\x38\x34\x01\0\x28\x11\0\0\x75\x49\0\0\xa2\xc4\0\0\x0e\x34\x01\0\x38\x11\0\
\0\x75\x49\0\0\xa2\xc4\0\0\x1f\x34\x01\0\x48\x11\0\0\x75\x49\0\0\xa2\xc4\0\0\
\x16\x34\x01\0\x50\x11\0\0\x75\x49\0\0\xa2\xc4\0\0\x25\x34\x01\0\x58\x11\0\0\
\x75\x49\0\0\xe1\xc4\0\0\x1f\x30\x01\0\x80\x11\0\0\x75\x49\0\0\0\0\0\0\0\0\0\0\
\x88\x11\0\0\x75\x49\0\0\x06\xc5\0\0\x1e\x44\x01\0\x98\x11\0\0\x75\x49\0\0\x06\
\xc5\0\0\x1e\x44\x01\0\xa8\x11\0\0\x75\x49\0\0\x40\xc5\0\0\x17\xa0\x02\0\xb0\
\x11\0\0\x75\x49\0\0\x72\xc5\0\0\x03\x48\x01\0\xc8\x11\0\0\x75\x49\0\0\0\0\0\0\
\0\0\0\0\xd0\x11\0\0\x75\x49\0\0\xbb\xc5\0\0\x18\x58\x01\0\x48\x12\0\0\x75\x49\
\0\0\0\0\0\0\0\0\0\0\x50\x12\0\0\x75\x49\0\0\xbb\xc5\0\0\x18\x58\x01\0\x60\x12\
\0\0\x75\x49\0\0\xbb\xc5\0\0\x18\x58\x01\0\x68\x12\0\0\x75\x49\0\0\xbb\xc5\0\0\
\x16\x58\x01\0\x80\x12\0\0\x75\x49\0\0\xb9\x4b\0\0\x15\xb4\0\0\xa8\x12\0\0\x75\
\x49\0\0\xb9\x4b\0\0\x03\xb4\0\0\xd0\x12\0\0\x75\x49\0\0\0\0\0\0\0\0\0\0\xd8\
\x12\0\0\x75\x49\0\0\xda\x4b\0\0\x22\xb8\0\0\x08\x13\0\0\x75\x49\0\0\0\0\0\0\0\
\0\0\0\x10\x13\0\0\x75\x49\0\0\xda\x4b\0\0\x22\xb8\0\0\x20\x13\0\0\x75\x49\0\0\
\xda\x4b\0\0\x22\xb8\0\0\x28\x13\0\0\x75\x49\0\0\xfe\xc5\0\0\x13\xbc\0\0\x50\
\x13\0\0\x75\x49\0\0\0\0\0\0\0\0\0\0\x58\x13\0\0\x75\x49\0\0\xfe\xc5\0\0\x17\
\xbc\0\0\x68\x13\0\0\x75\x49\0\0\xfe\xc5\0\0\x17\xbc\0\0\x70\x13\0\0\x75\x49\0\
\0\xfe\xc5\0\0\x39\xbc\0\0\xa0\x13\0\0\x75\x49\0\0\0\0\0\0\0\0\0\0\xa8\x13\0\0\
\x75\x49\0\0\x39\xc6\0\0\x0a\xc0\0\0\x10\x14\0\0\x75\x49\0\0\0\0\0\0\0\0\0\0\
\x18\x14\0\0\x75\x49\0\0\x39\xc6\0\0\x0a\xc0\0\0\x38\x14\0\0\x75\x49\0\0\x39\
\xc6\0\0\x0a\xc0\0\0\x48\x14\0\0\x75\x49\0\0\0\0\0\0\0\0\0\0\x50\x14\0\0\x75\
\x49\0\0\x72\xc6\0\0\x0a\xc4\0\0\xc0\x14\0\0\x75\x49\0\0\0\0\0\0\0\0\0\0\xc8\
\x14\0\0\x75\x49\0\0\x72\xc6\0\0\x0a\xc4\0\0\xd8\x14\0\0\x75\x49\0\0\x72\xc6\0\
\0\x0a\xc4\0\0\xe0\x14\0\0\x75\x49\0\0\xfe\xc5\0\0\x09\xbc\0\0\0\x15\0\0\x75\
\x49\0\0\0\0\0\0\0\0\0\0\x08\x15\0\0\x75\x49\0\0\xaf\xc6\0\0\x1f\x68\x01\0\x20\
\x15\0\0\x75\x49\0\0\xaf\xc6\0\0\x1f\x68\x01\0\x30\x15\0\0\x75\x49\0\0\xaf\xc6\
\0\0\x1d\x68\x01\0\x38\x15\0\0\x75\x49\0\0\xe5\xc6\0\0\x03\xac\x02\0\x48\x15\0\
\0\x75\x49\0\0\x38\x4a\0\0\x05\x50\x02\0\x1f\xc7\0\0\x71\0\0\0\0\0\0\0\x75\x49\
\0\0\x41\xc7\0\0\0\xd0\x02\0\x08\0\0\0\x75\x49\0\0\x41\xc7\0\0\x05\xd0\x02\0\
\x28\0\0\0\x75\x49\0\0\0\0\0\0\0\0\0\0\x30\0\0\0\x75\x49\0\0\x60\x4a\0\0\x0b\
\x68\0\0\x40\0\0\0\x75\x49\0\0\x60\x4a\0\0\x0b\x68\0\0\x48\0\0\0\x75\x49\0\0\
\x60\x4a\0\0\x23\x68\0\0\x50\0\0\0\x75\x49\0\0\x91\x4a\0\0\x07\xd4\x02\0\x78\0\
\0\0\x75\x49\0\0\0\0\0\0\0\0\0\0\x80\0\0\0\x75\x49\0\0\x8d\xc7\0\0\x08\xe0\x02\
\0\xa8\0\0\0\x75\x49\0\0\x8d\xc7\0\0\x08\xe0\x02\0\xb8\0\0\0\x75\x49\0\0\0\0\0\
\0\0\0\0\0\xc0\0\0\0\x75\x49\0\0\x8d\xc7\0\0\x27\xe0\x02\0\xd0\0\0\0\x75\x49\0\
\0\x8d\xc7\0\0\x27\xe0\x02\0\xd8\0\0\0\x75\x49\0\0\x8d\xc7\0\0\x45\xe0\x02\0\
\xf8\0\0\0\x75\x49\0\0\xb9\x4b\0\0\x15\x88\x01\0\x20\x01\0\0\x75\x49\0\0\xb9\
\x4b\0\0\x03\x88\x01\0\x48\x01\0\0\x75\x49\0\0\0\0\0\0\0\0\0\0\x50\x01\0\0\x75\
\x49\0\0\xda\x4b\0\0\x22\x8c\x01\0\x80\x01\0\0\x75\x49\0\0\0\0\0\0\0\0\0\0\x88\
\x01\0\0\x75\x49\0\0\xda\x4b\0\0\x22\x8c\x01\0\x98\x01\0\0\x75\x49\0\0\xda\x4b\
\0\0\x22\x8c\x01\0\xa0\x01\0\0\x75\x49\0\0\x2a\x4c\0\0\x13\x90\x01\0\xc8\x01\0\
\0\x75\x49\0\0\0\0\0\0\0\0\0\0\xd0\x01\0\0\x75\x49\0\0\x2a\x4c\0\0\x17\x90\x01\
\0\xf0\x01\0\0\x75\x49\0\0\x2a\x4c\0\0\x17\x90\x01\0\0\x02\0\0\x75\x49\0\0\0\0\
\0\0\0\0\0\0\x08\x02\0\0\x75\x49\0\0\x6a\x4c\0\0\x17\x94\x01\0\x18\x02\0\0\x75\
\x49\0\0\x6a\x4c\0\0\x17\x94\x01\0\x20\x02\0\0\x75\x49\0\0\x2a\x4c\0\0\x09\x90\
\x01\0\x30\x02\0\0\x75\x49\0\0\x8d\xc7\0\0\x07\xe0\x02\0\x40\x02\0\0\x75\x49\0\
\0\xae\x4a\0\0\x1c\0\x03\0\x68\x02\0\0\x75\x49\0\0\xf7\x4a\0\0\x07\x04\x03\0\
\x88\x02\0\0\x75\x49\0\0\xd4\xc7\0\0\x22\x14\x03\0\x98\x02\0\0\x75\x49\0\0\x45\
\x4b\0\0\x0f\x10\x03\0\xc0\x02\0\0\x75\x49\0\0\xd4\xc7\0\0\x22\x14\x03\0\xc8\
\x02\0\0\x75\x49\0\0\x69\x4b\0\0\x1e\xc0\x01\0\xf8\x02\0\0\x75\x49\0\0\xd4\xc7\
\0\0\x22\x14\x03\0\0\x03\0\0\x75\x49\0\0\x69\x4b\0\0\x1e\xc0\x01\0\x18\x03\0\0\
\x75\x49\0\0\x69\x4b\0\0\x1e\xc0\x01\0\x28\x03\0\0\x75\x49\0\0\xb9\x4b\0\0\x15\
\x88\x01\0\x50\x03\0\0\x75\x49\0\0\xb9\x4b\0\0\x03\x88\x01\0\x78\x03\0\0\x75\
\x49\0\0\0\0\0\0\0\0\0\0\x80\x03\0\0\x75\x49\0\0\xda\x4b\0\0\x22\x8c\x01\0\xb0\
\x03\0\0\x75\x49\0\0\0\0\0\0\0\0\0\0\xb8\x03\0\0\x75\x49\0\0\xda\x4b\0\0\x22\
\x8c\x01\0\xc8\x03\0\0\x75\x49\0\0\xda\x4b\0\0\x22\x8c\x01\0\xd0\x03\0\0\x75\
\x49\0\0\x2a\x4c\0\0\x13\x90\x01\0\xf8\x03\0\0\x75\x49\0\0\0\0\0\0\0\0\0\0\0\
\x04\0\0\x75\x49\0\0\x2a\x4c\0\0\x17\x90\x01\0\x20\x04\0\0\x75\x49\0\0\x2a\x4c\
\0\0\x17\x90\x01\0\x30\x04\0\0\x75\x49\0\0\0\0\0\0\0\0\0\0\x38\x04\0\0\x75\x49\
\0\0\x6a\x4c\0\0\x17\x94\x01\0\x48\x04\0\0\x75\x49\0\0\x6a\x4c\0\0\x17\x94\x01\
\0\x50\x04\0\0\x75\x49\0\0\x2a\x4c\0\0\x09\x90\x01\0\x78\x04\0\0\x75\x49\0\0\0\
\0\0\0\0\0\0\0\x80\x04\0\0\x75\x49\0\0\xad\x4c\0\0\x15\xc4\x01\0\x90\x04\0\0\
\x75\x49\0\0\xad\x4c\0\0\x15\xc4\x01\0\xa0\x04\0\0\x75\x49\0\0\xad\x4c\0\0\x13\
\xc4\x01\0\xc0\x04\0\0\x75\x49\0\0\0\0\0\0\0\0\0\0\xc8\x04\0\0\x75\x49\0\0\xe4\
\x4c\0\0\x22\xc8\x01\0\xe0\x04\0\0\x75\x49\0\0\xe4\x4c\0\0\x22\xc8\x01\0\xe8\
\x04\0\0\x75\x49\0\0\xe4\x4c\0\0\x20\xc8\x01\0\x18\x05\0\0\x75\x49\0\0\0\0\0\0\
\0\0\0\0\x20\x05\0\0\x75\x49\0\0\x2c\x4d\0\0\x1b\xcc\x01\0\x48\x05\0\0\x75\x49\
\0\0\0\0\0\0\0\0\0\0\x50\x05\0\0\x75\x49\0\0\x2c\x4d\0\0\x1b\xcc\x01\0\x60\x05\
\0\0\x75\x49\0\0\x2c\x4d\0\0\x1b\xcc\x01\0\x68\x05\0\0\x75\x49\0\0\x2c\x4d\0\0\
\x19\xcc\x01\0\x88\x05\0\0\x75\x49\0\0\0\0\0\0\0\0\0\0\x90\x05\0\0\x75\x49\0\0\
\x76\x4d\0\0\x14\xd0\x01\0\xa0\x05\0\0\x75\x49\0\0\x76\x4d\0\0\x14\xd0\x01\0\
\xa8\x05\0\0\x75\x49\0\0\x76\x4d\0\0\x12\xd0\x01\0\xd0\x05\0\0\x75\x49\0\0\0\0\
\0\0\0\0\0\0\xd8\x05\0\0\x75\x49\0\0\xa7\x4d\0\0\x14\xd8\x01\0\x10\x06\0\0\x75\
\x49\0\0\0\0\0\0\0\0\0\0\x18\x06\0\0\x75\x49\0\0\xa7\x4d\0\0\x14\xd8\x01\0\x28\
\x06\0\0\x75\x49\0\0\xa7\x4d\0\0\x14\xd8\x01\0\x30\x06\0\0\x75\x49\0\0\xa7\x4d\
\0\0\x12\xd8\x01\0\x40\x06\0\0\x75\x49\0\0\0\0\0\0\0\0\0\0\x48\x06\0\0\x75\x49\
\0\0\xe6\x4d\0\0\x14\xdc\x01\0\x80\x06\0\0\x75\x49\0\0\0\0\0\0\0\0\0\0\x88\x06\
\0\0\x75\x49\0\0\xe6\x4d\0\0\x14\xdc\x01\0\x98\x06\0\0\x75\x49\0\0\xe6\x4d\0\0\
\x14\xdc\x01\0\xa0\x06\0\0\x75\x49\0\0\xe6\x4d\0\0\x12\xdc\x01\0\xc8\x06\0\0\
\x75\x49\0\0\0\0\0\0\0\0\0\0\xd0\x06\0\0\x75\x49\0\0\x2a\x4e\0\0\x2a\xe8\x01\0\
\x08\x07\0\0\x75\x49\0\0\0\0\0\0\0\0\0\0\x10\x07\0\0\x75\x49\0\0\x2a\x4e\0\0\
\x2a\xe8\x01\0\x20\x07\0\0\x75\x49\0\0\x2a\x4e\0\0\x2a\xe8\x01\0\x30\x07\0\0\
\x75\x49\0\0\0\0\0\0\0\0\0\0\x38\x07\0\0\x75\x49\0\0\x7b\x4e\0\0\x28\xec\x01\0\
\x70\x07\0\0\x75\x49\0\0\0\0\0\0\0\0\0\0\x78\x07\0\0\x75\x49\0\0\x7b\x4e\0\0\
\x28\xec\x01\0\x88\x07\0\0\x75\x49\0\0\x7b\x4e\0\0\x28\xec\x01\0\x90\x07\0\0\
\x75\x49\0\0\xc8\x4e\0\0\x10\xf0\x01\0\xa0\x07\0\0\x75\x49\0\0\xc8\x4e\0\0\x07\
\xf0\x01\0\xb0\x07\0\0\x75\x49\0\0\0\0\0\0\0\0\0\0\xc0\x07\0\0\x75\x49\0\0\x08\
\x4f\0\0\x22\x04\x02\0\xc8\x07\0\0\x75\x49\0\0\x08\x4f\0\0\x03\x04\x02\0\xd8\
\x07\0\0\x75\x49\0\0\x52\x4f\0\0\x12\x0c\x02\0\xe8\x07\0\0\x75\x49\0\0\x52\x4f\
\0\0\x07\x0c\x02\0\xf8\x07\0\0\x75\x49\0\0\x98\x4f\0\0\x3c\x10\x02\0\x20\x08\0\
\0\x75\x49\0\0\0\0\0\0\0\0\0\0\x28\x08\0\0\x75\x49\0\0\x11\xc8\0\0\x23\x44\x03\
\0\x40\x08\0\0\x75\x49\0\0\x11\xc8\0\0\x23\x44\x03\0\x48\x08\0\0\x75\x49\0\0\
\x5a\xc8\0\0\x15\x4c\x03\0\x70\x08\0\0\x75\x49\0\0\0\0\0\0\0\0\0\0\x78\x08\0\0\
\x75\x49\0\0\x5a\xc8\0\0\x28\x4c\x03\0\x90\x08\0\0\x75\x49\0\0\x5a\xc8\0\0\x28\
\x4c\x03\0\x98\x08\0\0\x75\x49\0\0\x5a\xc8\0\0\x25\x4c\x03\0\xa8\x08\0\0\x75\
\x49\0\0\xa5\xc8\0\0\x0e\x48\x03\0\xb8\x08\0\0\x75\x49\0\0\xe5\xc6\0\0\x03\x54\
\x03\0\xd0\x08\0\0\x75\x49\0\0\x41\xc7\0\0\x05\xd0\x02\0\x10\0\0\0\x5e\0\0\0\
\x37\0\0\0\0\0\0\0\x0d\0\0\0\x71\x49\0\0\0\0\0\0\xc8\0\0\0\x0d\0\0\0\x64\x4b\0\
\0\0\0\0\0\x08\x01\0\0\x0d\0\0\0\xb4\x4b\0\0\0\0\0\0\x90\x01\0\0\x0d\0\0\0\x64\
\x4b\0\0\0\0\0\0\xc8\x01\0\0\x0d\0\0\0\xb4\x4b\0\0\0\0\0\0\x10\x02\0\0\x0d\0\0\
\0\x64\x4c\0\0\0\0\0\0\x88\x02\0\0\x0d\0\0\0\xa8\x4c\0\0\0\0\0\0\xd8\x02\0\0\
\x0d\0\0\0\xde\x4c\0\0\0\0\0\0\x28\x03\0\0\x0d\0\0\0\xb4\x4b\0\0\0\0\0\0\xe8\
\x03\0\0\x0d\0\0\0\xa1\x4d\0\0\0\0\0\0\x28\x04\0\0\xfb\0\0\0\xe0\x4d\0\0\0\0\0\
\0\x98\x04\0\0\xfb\0\0\0\x1f\x4e\0\0\0\0\0\0\xe0\x04\0\0\x0d\0\0\0\x25\x4e\0\0\
\0\0\0\0\x18\x05\0\0\x7f\0\0\0\x74\x4e\0\0\0\0\0\0\x80\x05\0\0\x7f\0\0\0\xc1\
\x4e\0\0\0\0\0\0\x28\x06\0\0\x0d\0\0\0\xdb\x4f\0\0\0\0\0\0\x70\x06\0\0\x42\x03\
\0\0\x71\x49\0\0\0\0\0\0\xa0\x06\0\0\0\x03\0\0\xd7\x50\0\0\0\0\0\0\x18\x07\0\0\
\x42\x03\0\0\x1e\x51\0\0\0\0\0\0\x48\x07\0\0\x4b\x03\0\0\x52\x51\0\0\0\0\0\0\
\xc0\x07\0\0\x42\x03\0\0\x9e\x51\0\0\0\0\0\0\xf0\x07\0\0\x4d\x03\0\0\x52\x51\0\
\0\0\0\0\0\x68\x08\0\0\x42\x03\0\0\xc2\x60\0\0\0\0\0\0\x98\x08\0\0\x92\x03\0\0\
\x63\x73\0\0\0\0\0\0\x10\x09\0\0\x42\x03\0\0\xaa\x73\0\0\0\0\0\0\x40\x09\0\0\
\x53\x04\0\0\x11\xc0\0\0\0\0\0\0\xc8\x09\0\0\x42\x03\0\0\x62\xc0\0\0\0\0\0\0\
\xf8\x09\0\0\xd6\x06\0\0\x62\xc0\0\0\0\0\0\0\x28\x0a\0\0\x66\x01\0\0\xa4\xc0\0\
\0\0\0\0\0\xc8\x0a\0\0\xd6\x06\0\0\xea\xc0\0\0\0\0\0\0\x10\x0b\0\0\xd9\x06\0\0\
\xd6\xc1\0\0\0\0\0\0\x58\x0b\0\0\x85\0\0\0\xc2\x60\0\0\0\0\0\0\x70\x0b\0\0\x85\
\0\0\0\xc2\x60\0\0\0\0\0\0\x90\x0b\0\0\xe9\x01\0\0\xd6\xc1\0\0\0\0\0\0\x30\x0c\
\0\0\xe9\x01\0\0\x5f\xc2\0\0\0\0\0\0\xd0\x0c\0\0\xe9\x01\0\0\xa8\xc2\0\0\0\0\0\
\0\x70\x0d\0\0\xe9\x01\0\0\xef\xc2\0\0\0\0\0\0\x10\x0e\0\0\xe9\x01\0\0\x44\xc3\
\0\0\0\0\0\0\xb0\x0e\0\0\xe9\x01\0\0\x86\xc3\0\0\0\0\0\0\x50\x0f\0\0\xe9\x01\0\
\0\xfc\xc3\0\0\0\0\0\0\xf0\x0f\0\0\xe9\x01\0\0\x3e\xc4\0\0\0\0\0\0\x90\x10\0\0\
\xe9\x01\0\0\x9e\x51\0\0\0\0\0\0\xc0\x10\0\0\xb7\x03\0\0\x62\xc0\0\0\0\0\0\0\
\x60\x11\0\0\xd9\x06\0\0\x01\xc5\0\0\0\0\0\0\xf8\x11\0\0\x42\x03\0\0\x1e\x51\0\
\0\0\0\0\0\x30\x12\0\0\x4b\x03\0\0\x52\x51\0\0\0\0\0\0\xb8\x12\0\0\x0d\0\0\0\
\x64\x4b\0\0\0\0\0\0\xf0\x12\0\0\x0d\0\0\0\xb4\x4b\0\0\0\0\0\0\x38\x13\0\0\x0d\
\0\0\0\xa8\x4c\0\0\0\0\0\0\x80\x13\0\0\x0d\0\0\0\xdb\x4f\0\0\0\0\0\0\xc8\x13\0\
\0\x42\x03\0\0\x1e\x51\0\0\0\0\0\0\xf8\x13\0\0\x4b\x03\0\0\x52\x51\0\0\0\0\0\0\
\x70\x14\0\0\x42\x03\0\0\x1e\x51\0\0\0\0\0\0\xa8\x14\0\0\x4b\x03\0\0\x52\x51\0\
\0\0\0\0\0\xe8\x14\0\0\x0d\0\0\0\xa8\x4c\0\0\0\0\0\0\x1f\xc7\0\0\x16\0\0\0\0\0\
\0\0\x0d\0\0\0\x71\x49\0\0\0\0\0\0\x58\0\0\0\x0d\0\0\0\x88\xc7\0\0\0\0\0\0\x90\
\0\0\0\x0d\0\0\0\xa8\x4c\0\0\0\0\0\0\x30\x01\0\0\x0d\0\0\0\x64\x4b\0\0\0\0\0\0\
\x68\x01\0\0\x0d\0\0\0\xb4\x4b\0\0\0\0\0\0\xb0\x01\0\0\x0d\0\0\0\x64\x4c\0\0\0\
\0\0\0\xa0\x02\0\0\x0d\0\0\0\x64\x4b\0\0\0\0\0\0\xd8\x02\0\0\x0d\0\0\0\xb4\x4b\
\0\0\0\0\0\0\x60\x03\0\0\x0d\0\0\0\x64\x4b\0\0\0\0\0\0\x98\x03\0\0\x0d\0\0\0\
\xb4\x4b\0\0\0\0\0\0\xe0\x03\0\0\x0d\0\0\0\x64\x4c\0\0\0\0\0\0\x58\x04\0\0\x0d\
\0\0\0\xa8\x4c\0\0\0\0\0\0\xa8\x04\0\0\x0d\0\0\0\xde\x4c\0\0\0\0\0\0\xf0\x04\0\
\0\x0d\0\0\0\xb4\x4b\0\0\0\0\0\0\xb0\x05\0\0\x0d\0\0\0\xa1\x4d\0\0\0\0\0\0\xf0\
\x05\0\0\xfb\0\0\0\xe0\x4d\0\0\0\0\0\0\x60\x06\0\0\xfb\0\0\0\x1f\x4e\0\0\0\0\0\
\0\xa8\x06\0\0\x0d\0\0\0\x25\x4e\0\0\0\0\0\0\xe8\x06\0\0\x7f\0\0\0\x74\x4e\0\0\
\0\0\0\0\x50\x07\0\0\x7f\0\0\0\xc1\x4e\0\0\0\0\0\0\0\x08\0\0\x0d\0\0\0\x0a\xc8\
\0\0\0\0\0\0\x50\x08\0\0\x2f\0\0\0\xef\xc2\0\0\0\0\0\0\0\0\0\0\0\0\0\0\0\0\0\0\
\0\0\0\0\0\0\0\0\0\0\0\0\0\0\0\0\x03\0\x03\0\0\0\0\0\0\0\0\0\0\0\0\0\0\0\0\0\0\
\x01\0\0\0\0\x03\0\x48\x15\0\0\0\0\0\0\0\0\0\0\0\0\0\0\x17\x01\0\0\0\0\x03\0\
\x88\x01\0\0\0\0\0\0\0\0\0\0\0\0\0\0\x2d\x01\0\0\0\0\x03\0\x58\x01\0\0\0\0\0\0\
\0\0\0\0\0\0\0\0\xf1\0\0\0\0\0\x03\0\x88\x02\0\0\0\0\0\0\0\0\0\0\0\0\0\0\xe3\0\
\0\0\0\0\x03\0\xe0\x05\0\0\0\0\0\0\0\0\0\0\0\0\0\0\x5c\x01\0\0\0\0\x03\0\x28\
\x06\0\0\0\0\0\0\0\0\0\0\0\0\0\0\x3c\x01\0\0\0\0\x03\0\xb0\x12\0\0\0\0\0\0\0\0\
\0\0\0\0\0\0\x44\x01\0\0\0\0\x03\0\x80\x12\0\0\0\0\0\0\0\0\0\0\0\0\0\0\x08\x01\
\0\0\0\0\x03\0\xe8\x14\0\0\0\0\0\0\0\0\0\0\0\0\0\0\0\0\0\0\x03\0\x05\0\0\0\0\0\
\0\0\0\0\0\0\0\0\0\0\0\0\x4c\x01\0\0\0\0\x05\0\xd0\x08\0\0\0\0\0\0\0\0\0\0\0\0\
\0\0\x10\x01\0\0\0\0\x05\0\x28\x01\0\0\0\0\0\0\0\0\0\0\0\0\0\0\x26\x01\0\0\0\0\
\x05\0\xf8\0\0\0\0\0\0\0\0\0\0\0\0\0\0\0\xea\0\0\0\0\0\x05\0\x28\x02\0\0\0\0\0\
\0\0\0\0\0\0\0\0\0\x54\x01\0\0\0\0\x05\0\x58\x03\0\0\0\0\0\0\0\0\0\0\0\0\0\0\
\xd4\0\0\0\0\0\x05\0\x28\x03\0\0\0\0\0\0\0\0\0\0\0\0\0\0\x34\x01\0\0\0\0\x05\0\
\x58\x04\0\0\0\0\0\0\0\0\0\0\0\0\0\0\x1e\x01\0\0\0\0\x05\0\xb0\x07\0\0\0\0\0\0\
\0\0\0\0\0\0\0\0\xf8\0\0\0\0\0\x05\0\0\x08\0\0\0\0\0\0\0\0\0\0\0\0\0\0\xdb\0\0\
\0\0\0\x05\0\xa8\x08\0\0\0\0\0\0\0\0\0\0\0\0\0\0\x70\0\0\0\x12\0\x03\0\0\0\0\0\
\0\0\0\0\x58\x15\0\0\0\0\0\0\xb0\0\0\0\x11\0\x08\0\0\0\0\0\0\0\0\0\x10\0\0\0\0\
\0\0\0\x14\0\0\0\x12\0\x05\0\0\0\0\0\0\0\0\0\xe0\x08\0\0\0\0\0\0\xcc\0\0\0\x11\
\0\x07\0\0\0\0\0\0\0\0\0\x0d\0\0\0\0\0\0\0\x68\0\0\0\0\0\0\0\x01\0\0\0\x17\0\0\
\0\x40\x02\0\0\0\0\0\0\x01\0\0\0\x17\0\0\0\xf4\x36\x01\0\0\0\0\0\x04\0\0\0\x17\
\0\0\0\x0c\x37\x01\0\0\0\0\0\x03\0\0\0\x19\0\0\0\x2c\0\0\0\0\0\0\0\x04\0\0\0\
\x01\0\0\0\x3c\0\0\0\0\0\0\0\x04\0\0\0\x0b\0\0\0\x50\0\0\0\0\0\0\0\x04\0\0\0\
\x01\0\0\0\x60\0\0\0\0\0\0\0\x04\0\0\0\x01\0\0\0\x70\0\0\0\0\0\0\0\x04\0\0\0\
\x01\0\0\0\x80\0\0\0\0\0\0\0\x04\0\0\0\x01\0\0\0\x90\0\0\0\0\0\0\0\x04\0\0\0\
\x01\0\0\0\xa0\0\0\0\0\0\0\0\x04\0\0\0\x01\0\0\0\xb0\0\0\0\0\0\0\0\x04\0\0\0\
\x01\0\0\0\xc0\0\0\0\0\0\0\0\x04\0\0\0\x01\0\0\0\xd0\0\0\0\0\0\0\0\x04\0\0\0\
\x01\0\0\0\xe0\0\0\0\0\0\0\0\x04\0\0\0\x01\0\0\0\xf0\0\0\0\0\0\0\0\x04\0\0\0\
\x01\0\0\0\0\x01\0\0\0\0\0\0\x04\0\0\0\x01\0\0\0\x10\x01\0\0\0\0\0\0\x04\0\0\0\
\x01\0\0\0\x20\x01\0\0\0\0\0\0\x04\0\0\0\x01\0\0\0\x30\x01\0\0\0\0\0\0\x04\0\0\
\0\x01\0\0\0\x40\x01\0\0\0\0\0\0\x04\0\0\0\x01\0\0\0\x50\x01\0\0\0\0\0\0\x04\0\
\0\0\x01\0\0\0\x60\x01\0\0\0\0\0\0\x04\0\0\0\x01\0\0\0\x70\x01\0\0\0\0\0\0\x04\
\0\0\0\x01\0\0\0\x80\x01\0\0\0\0\0\0\x04\0\0\0\x01\0\0\0\x90\x01\0\0\0\0\0\0\
\x04\0\0\0\x01\0\0\0\xa0\x01\0\0\0\0\0\0\x04\0\0\0\x01\0\0\0\xb0\x01\0\0\0\0\0\
\0\x04\0\0\0\x01\0\0\0\xc0\x01\0\0\0\0\0\0\x04\0\0\0\x01\0\0\0\xd0\x01\0\0\0\0\
\0\0\x04\0\0\0\x01\0\0\0\xe0\x01\0\0\0\0\0\0\x04\0\0\0\x01\0\0\0\xf0\x01\0\0\0\
\0\0\0\x04\0\0\0\x01\0\0\0\0\x02\0\0\0\0\0\0\x04\0\0\0\x01\0\0\0\x10\x02\0\0\0\
\0\0\0\x04\0\0\0\x01\0\0\0\x20\x02\0\0\0\0\0\0\x04\0\0\0\x01\0\0\0\x30\x02\0\0\
\0\0\0\0\x04\0\0\0\x01\0\0\0\x40\x02\0\0\0\0\0\0\x04\0\0\0\x01\0\0\0\x50\x02\0\
\0\0\0\0\0\x04\0\0\0\x01\0\0\0\x60\x02\0\0\0\0\0\0\x04\0\0\0\x01\0\0\0\x70\x02\
\0\0\0\0\0\0\x04\0\0\0\x01\0\0\0\x80\x02\0\0\0\0\0\0\x04\0\0\0\x01\0\0\0\x90\
\x02\0\0\0\0\0\0\x04\0\0\0\x01\0\0\0\xa0\x02\0\0\0\0\0\0\x04\0\0\0\x01\0\0\0\
\xb0\x02\0\0\0\0\0\0\x04\0\0\0\x01\0\0\0\xc0\x02\0\0\0\0\0\0\x04\0\0\0\x01\0\0\
\0\xd0\x02\0\0\0\0\0\0\x04\0\0\0\x01\0\0\0\xe0\x02\0\0\0\0\0\0\x04\0\0\0\x01\0\
\0\0\xf0\x02\0\0\0\0\0\0\x04\0\0\0\x01\0\0\0\0\x03\0\0\0\0\0\0\x04\0\0\0\x01\0\
\0\0\x10\x03\0\0\0\0\0\0\x04\0\0\0\x01\0\0\0\x20\x03\0\0\0\0\0\0\x04\0\0\0\x01\
\0\0\0\x30\x03\0\0\0\0\0\0\x04\0\0\0\x01\0\0\0\x40\x03\0\0\0\0\0\0\x04\0\0\0\
\x01\0\0\0\x50\x03\0\0\0\0\0\0\x04\0\0\0\x01\0\0\0\x60\x03\0\0\0\0\0\0\x04\0\0\
\0\x01\0\0\0\x70\x03\0\0\0\0\0\0\x04\0\0\0\x01\0\0\0\x80\x03\0\0\0\0\0\0\x04\0\
\0\0\x01\0\0\0\x90\x03\0\0\0\0\0\0\x04\0\0\0\x01\0\0\0\xa0\x03\0\0\0\0\0\0\x04\
\0\0\0\x01\0\0\0\xb0\x03\0\0\0\0\0\0\x04\0\0\0\x01\0\0\0\xc0\x03\0\0\0\0\0\0\
\x04\0\0\0\x01\0\0\0\xd0\x03\0\0\0\0\0\0\x04\0\0\0\x01\0\0\0\xe0\x03\0\0\0\0\0\
\0\x04\0\0\0\x01\0\0\0\xf0\x03\0\0\0\0\0\0\x04\0\0\0\x01\0\0\0\0\x04\0\0\0\0\0\
\0\x04\0\0\0\x01\0\0\0\x10\x04\0\0\0\0\0\0\x04\0\0\0\x01\0\0\0\x20\x04\0\0\0\0\
\0\0\x04\0\0\0\x01\0\0\0\x30\x04\0\0\0\0\0\0\x04\0\0\0\x01\0\0\0\x40\x04\0\0\0\
\0\0\0\x04\0\0\0\x01\0\0\0\x50\x04\0\0\0\0\0\0\x04\0\0\0\x01\0\0\0\x60\x04\0\0\
\0\0\0\0\x04\0\0\0\x01\0\0\0\x70\x04\0\0\0\0\0\0\x04\0\0\0\x01\0\0\0\x80\x04\0\
\0\0\0\0\0\x04\0\0\0\x01\0\0\0\x90\x04\0\0\0\0\0\0\x04\0\0\0\x01\0\0\0\xa0\x04\
\0\0\0\0\0\0\x04\0\0\0\x01\0\0\0\xb0\x04\0\0\0\0\0\0\x04\0\0\0\x01\0\0\0\xc0\
\x04\0\0\0\0\0\0\x04\0\0\0\x01\0\0\0\xd0\x04\0\0\0\0\0\0\x04\0\0\0\x01\0\0\0\
\xe0\x04\0\0\0\0\0\0\x04\0\0\0\x01\0\0\0\xf0\x04\0\0\0\0\0\0\x04\0\0\0\x01\0\0\
\0\0\x05\0\0\0\0\0\0\x04\0\0\0\x01\0\0\0\x10\x05\0\0\0\0\0\0\x04\0\0\0\x01\0\0\
\0\x20\x05\0\0\0\0\0\0\x04\0\0\0\x01\0\0\0\x30\x05\0\0\0\0\0\0\x04\0\0\0\x01\0\
\0\0\x40\x05\0\0\0\0\0\0\x04\0\0\0\x01\0\0\0\x50\x05\0\0\0\0\0\0\x04\0\0\0\x01\
\0\0\0\x60\x05\0\0\0\0\0\0\x04\0\0\0\x01\0\0\0\x70\x05\0\0\0\0\0\0\x04\0\0\0\
\x01\0\0\0\x80\x05\0\0\0\0\0\0\x04\0\0\0\x01\0\0\0\x90\x05\0\0\0\0\0\0\x04\0\0\
\0\x01\0\0\0\xa0\x05\0\0\0\0\0\0\x04\0\0\0\x01\0\0\0\xb0\x05\0\0\0\0\0\0\x04\0\
\0\0\x01\0\0\0\xc0\x05\0\0\0\0\0\0\x04\0\0\0\x01\0\0\0\xd0\x05\0\0\0\0\0\0\x04\
\0\0\0\x01\0\0\0\xe0\x05\0\0\0\0\0\0\x04\0\0\0\x01\0\0\0\xf0\x05\0\0\0\0\0\0\
\x04\0\0\0\x01\0\0\0\0\x06\0\0\0\0\0\0\x04\0\0\0\x01\0\0\0\x10\x06\0\0\0\0\0\0\
\x04\0\0\0\x01\0\0\0\x20\x06\0\0\0\0\0\0\x04\0\0\0\x01\0\0\0\x30\x06\0\0\0\0\0\
\0\x04\0\0\0\x01\0\0\0\x40\x06\0\0\0\0\0\0\x04\0\0\0\x01\0\0\0\x50\x06\0\0\0\0\
\0\0\x04\0\0\0\x01\0\0\0\x60\x06\0\0\0\0\0\0\x04\0\0\0\x01\0\0\0\x70\x06\0\0\0\
\0\0\0\x04\0\0\0\x01\0\0\0\x80\x06\0\0\0\0\0\0\x04\0\0\0\x01\0\0\0\x90\x06\0\0\
\0\0\0\0\x04\0\0\0\x01\0\0\0\xa0\x06\0\0\0\0\0\0\x04\0\0\0\x01\0\0\0\xb0\x06\0\
\0\0\0\0\0\x04\0\0\0\x01\0\0\0\xc0\x06\0\0\0\0\0\0\x04\0\0\0\x01\0\0\0\xd0\x06\
\0\0\0\0\0\0\x04\0\0\0\x01\0\0\0\xe0\x06\0\0\0\0\0\0\x04\0\0\0\x01\0\0\0\xf0\
\x06\0\0\0\0\0\0\x04\0\0\0\x01\0\0\0\0\x07\0\0\0\0\0\0\x04\0\0\0\x01\0\0\0\x10\
\x07\0\0\0\0\0\0\x04\0\0\0\x01\0\0\0\x20\x07\0\0\0\0\0\0\x04\0\0\0\x01\0\0\0\
\x30\x07\0\0\0\0\0\0\x04\0\0\0\x01\0\0\0\x40\x07\0\0\0\0\0\0\x04\0\0\0\x01\0\0\
\0\x50\x07\0\0\0\0\0\0\x04\0\0\0\x01\0\0\0\x60\x07\0\0\0\0\0\0\x04\0\0\0\x01\0\
\0\0\x70\x07\0\0\0\0\0\0\x04\0\0\0\x01\0\0\0\x80\x07\0\0\0\0\0\0\x04\0\0\0\x01\
\0\0\0\x90\x07\0\0\0\0\0\0\x04\0\0\0\x01\0\0\0\xa0\x07\0\0\0\0\0\0\x04\0\0\0\
\x01\0\0\0\xb0\x07\0\0\0\0\0\0\x04\0\0\0\x01\0\0\0\xc0\x07\0\0\0\0\0\0\x04\0\0\
\0\x01\0\0\0\xd0\x07\0\0\0\0\0\0\x04\0\0\0\x01\0\0\0\xe0\x07\0\0\0\0\0\0\x04\0\
\0\0\x01\0\0\0\xf0\x07\0\0\0\0\0\0\x04\0\0\0\x01\0\0\0\0\x08\0\0\0\0\0\0\x04\0\
\0\0\x01\0\0\0\x10\x08\0\0\0\0\0\0\x04\0\0\0\x01\0\0\0\x20\x08\0\0\0\0\0\0\x04\
\0\0\0\x01\0\0\0\x30\x08\0\0\0\0\0\0\x04\0\0\0\x01\0\0\0\x40\x08\0\0\0\0\0\0\
\x04\0\0\0\x01\0\0\0\x50\x08\0\0\0\0\0\0\x04\0\0\0\x01\0\0\0\x60\x08\0\0\0\0\0\
\0\x04\0\0\0\x01\0\0\0\x70\x08\0\0\0\0\0\0\x04\0\0\0\x01\0\0\0\x80\x08\0\0\0\0\
\0\0\x04\0\0\0\x01\0\0\0\x90\x08\0\0\0\0\0\0\x04\0\0\0\x01\0\0\0\xa0\x08\0\0\0\
\0\0\0\x04\0\0\0\x01\0\0\0\xb0\x08\0\0\0\0\0\0\x04\0\0\0\x01\0\0\0\xc0\x08\0\0\
\0\0\0\0\x04\0\0\0\x01\0\0\0\xd0\x08\0\0\0\0\0\0\x04\0\0\0\x01\0\0\0\xe0\x08\0\
\0\0\0\0\0\x04\0\0\0\x01\0\0\0\xf0\x08\0\0\0\0\0\0\x04\0\0\0\x01\0\0\0\0\x09\0\
\0\0\0\0\0\x04\0\0\0\x01\0\0\0\x10\x09\0\0\0\0\0\0\x04\0\0\0\x01\0\0\0\x20\x09\
\0\0\0\0\0\0\x04\0\0\0\x01\0\0\0\x30\x09\0\0\0\0\0\0\x04\0\0\0\x01\0\0\0\x40\
\x09\0\0\0\0\0\0\x04\0\0\0\x01\0\0\0\x50\x09\0\0\0\0\0\0\x04\0\0\0\x01\0\0\0\
\x60\x09\0\0\0\0\0\0\x04\0\0\0\x01\0\0\0\x70\x09\0\0\0\0\0\0\x04\0\0\0\x01\0\0\
\0\x80\x09\0\0\0\0\0\0\x04\0\0\0\x01\0\0\0\x90\x09\0\0\0\0\0\0\x04\0\0\0\x01\0\
\0\0\xa0\x09\0\0\0\0\0\0\x04\0\0\0\x01\0\0\0\xb0\x09\0\0\0\0\0\0\x04\0\0\0\x01\
\0\0\0\xc0\x09\0\0\0\0\0\0\x04\0\0\0\x01\0\0\0\xd0\x09\0\0\0\0\0\0\x04\0\0\0\
\x01\0\0\0\xe0\x09\0\0\0\0\0\0\x04\0\0\0\x01\0\0\0\xf0\x09\0\0\0\0\0\0\x04\0\0\
\0\x01\0\0\0\0\x0a\0\0\0\0\0\0\x04\0\0\0\x01\0\0\0\x10\x0a\0\0\0\0\0\0\x04\0\0\
\0\x01\0\0\0\x20\x0a\0\0\0\0\0\0\x04\0\0\0\x01\0\0\0\x30\x0a\0\0\0\0\0\0\x04\0\
\0\0\x01\0\0\0\x40\x0a\0\0\0\0\0\0\x04\0\0\0\x01\0\0\0\x50\x0a\0\0\0\0\0\0\x04\
\0\0\0\x01\0\0\0\x60\x0a\0\0\0\0\0\0\x04\0\0\0\x01\0\0\0\x70\x0a\0\0\0\0\0\0\
\x04\0\0\0\x01\0\0\0\x80\x0a\0\0\0\0\0\0\x04\0\0\0\x01\0\0\0\x90\x0a\0\0\0\0\0\
\0\x04\0\0\0\x01\0\0\0\xa0\x0a\0\0\0\0\0\0\x04\0\0\0\x01\0\0\0\xb0\x0a\0\0\0\0\
\0\0\x04\0\0\0\x01\0\0\0\xc0\x0a\0\0\0\0\0\0\x04\0\0\0\x01\0\0\0\xd0\x0a\0\0\0\
\0\0\0\x04\0\0\0\x01\0\0\0\xe0\x0a\0\0\0\0\0\0\x04\0\0\0\x01\0\0\0\xf0\x0a\0\0\
\0\0\0\0\x04\0\0\0\x01\0\0\0\0\x0b\0\0\0\0\0\0\x04\0\0\0\x01\0\0\0\x10\x0b\0\0\
\0\0\0\0\x04\0\0\0\x01\0\0\0\x20\x0b\0\0\0\0\0\0\x04\0\0\0\x01\0\0\0\x30\x0b\0\
\0\0\0\0\0\x04\0\0\0\x01\0\0\0\x40\x0b\0\0\0\0\0\0\x04\0\0\0\x01\0\0\0\x50\x0b\
\0\0\0\0\0\0\x04\0\0\0\x01\0\0\0\x60\x0b\0\0\0\0\0\0\x04\0\0\0\x01\0\0\0\x70\
\x0b\0\0\0\0\0\0\x04\0\0\0\x01\0\0\0\x80\x0b\0\0\0\0\0\0\x04\0\0\0\x01\0\0\0\
\x90\x0b\0\0\0\0\0\0\x04\0\0\0\x01\0\0\0\xa0\x0b\0\0\0\0\0\0\x04\0\0\0\x01\0\0\
\0\xb0\x0b\0\0\0\0\0\0\x04\0\0\0\x01\0\0\0\xc0\x0b\0\0\0\0\0\0\x04\0\0\0\x01\0\
\0\0\xd0\x0b\0\0\0\0\0\0\x04\0\0\0\x01\0\0\0\xe0\x0b\0\0\0\0\0\0\x04\0\0\0\x01\
\0\0\0\xf0\x0b\0\0\0\0\0\0\x04\0\0\0\x01\0\0\0\0\x0c\0\0\0\0\0\0\x04\0\0\0\x01\
\0\0\0\x10\x0c\0\0\0\0\0\0\x04\0\0\0\x01\0\0\0\x20\x0c\0\0\0\0\0\0\x04\0\0\0\
\x01\0\0\0\x30\x0c\0\0\0\0\0\0\x04\0\0\0\x01\0\0\0\x40\x0c\0\0\0\0\0\0\x04\0\0\
\0\x01\0\0\0\x50\x0c\0\0\0\0\0\0\x04\0\0\0\x01\0\0\0\x60\x0c\0\0\0\0\0\0\x04\0\
\0\0\x01\0\0\0\x70\x0c\0\0\0\0\0\0\x04\0\0\0\x01\0\0\0\x80\x0c\0\0\0\0\0\0\x04\
\0\0\0\x01\0\0\0\x90\x0c\0\0\0\0\0\0\x04\0\0\0\x01\0\0\0\xa0\x0c\0\0\0\0\0\0\
\x04\0\0\0\x01\0\0\0\xb0\x0c\0\0\0\0\0\0\x04\0\0\0\x01\0\0\0\xc0\x0c\0\0\0\0\0\
\0\x04\0\0\0\x01\0\0\0\xd0\x0c\0\0\0\0\0\0\x04\0\0\0\x01\0\0\0\xe0\x0c\0\0\0\0\
\0\0\x04\0\0\0\x01\0\0\0\xf0\x0c\0\0\0\0\0\0\x04\0\0\0\x01\0\0\0\0\x0d\0\0\0\0\
\0\0\x04\0\0\0\x01\0\0\0\x10\x0d\0\0\0\0\0\0\x04\0\0\0\x01\0\0\0\x20\x0d\0\0\0\
\0\0\0\x04\0\0\0\x01\0\0\0\x30\x0d\0\0\0\0\0\0\x04\0\0\0\x01\0\0\0\x40\x0d\0\0\
\0\0\0\0\x04\0\0\0\x01\0\0\0\x50\x0d\0\0\0\0\0\0\x04\0\0\0\x01\0\0\0\x60\x0d\0\
\0\0\0\0\0\x04\0\0\0\x01\0\0\0\x70\x0d\0\0\0\0\0\0\x04\0\0\0\x01\0\0\0\x80\x0d\
\0\0\0\0\0\0\x04\0\0\0\x01\0\0\0\x90\x0d\0\0\0\0\0\0\x04\0\0\0\x01\0\0\0\xa0\
\x0d\0\0\0\0\0\0\x04\0\0\0\x01\0\0\0\xb0\x0d\0\0\0\0\0\0\x04\0\0\0\x01\0\0\0\
\xc0\x0d\0\0\0\0\0\0\x04\0\0\0\x01\0\0\0\xd0\x0d\0\0\0\0\0\0\x04\0\0\0\x01\0\0\
\0\xe0\x0d\0\0\0\0\0\0\x04\0\0\0\x01\0\0\0\xf0\x0d\0\0\0\0\0\0\x04\0\0\0\x01\0\
\0\0\0\x0e\0\0\0\0\0\0\x04\0\0\0\x01\0\0\0\x10\x0e\0\0\0\0\0\0\x04\0\0\0\x01\0\
\0\0\x28\x0e\0\0\0\0\0\0\x04\0\0\0\x0b\0\0\0\x38\x0e\0\0\0\0\0\0\x04\0\0\0\x0b\
\0\0\0\x48\x0e\0\0\0\0\0\0\x04\0\0\0\x0b\0\0\0\x58\x0e\0\0\0\0\0\0\x04\0\0\0\
\x0b\0\0\0\x68\x0e\0\0\0\0\0\0\x04\0\0\0\x0b\0\0\0\x78\x0e\0\0\0\0\0\0\x04\0\0\
\0\x0b\0\0\0\x88\x0e\0\0\0\0\0\0\x04\0\0\0\x0b\0\0\0\x98\x0e\0\0\0\0\0\0\x04\0\
\0\0\x0b\0\0\0\xa8\x0e\0\0\0\0\0\0\x04\0\0\0\x0b\0\0\0\xb8\x0e\0\0\0\0\0\0\x04\
\0\0\0\x0b\0\0\0\xc8\x0e\0\0\0\0\0\0\x04\0\0\0\x0b\0\0\0\xd8\x0e\0\0\0\0\0\0\
\x04\0\0\0\x0b\0\0\0\xe8\x0e\0\0\0\0\0\0\x04\0\0\0\x0b\0\0\0\xf8\x0e\0\0\0\0\0\
\0\x04\0\0\0\x0b\0\0\0\x08\x0f\0\0\0\0\0\0\x04\0\0\0\x0b\0\0\0\x18\x0f\0\0\0\0\
\0\0\x04\0\0\0\x0b\0\0\0\x28\x0f\0\0\0\0\0\0\x04\0\0\0\x0b\0\0\0\x38\x0f\0\0\0\
\0\0\0\x04\0\0\0\x0b\0\0\0\x48\x0f\0\0\0\0\0\0\x04\0\0\0\x0b\0\0\0\x58\x0f\0\0\
\0\0\0\0\x04\0\0\0\x0b\0\0\0\x68\x0f\0\0\0\0\0\0\x04\0\0\0\x0b\0\0\0\x78\x0f\0\
\0\0\0\0\0\x04\0\0\0\x0b\0\0\0\x88\x0f\0\0\0\0\0\0\x04\0\0\0\x0b\0\0\0\x98\x0f\
\0\0\0\0\0\0\x04\0\0\0\x0b\0\0\0\xa8\x0f\0\0\0\0\0\0\x04\0\0\0\x0b\0\0\0\xb8\
\x0f\0\0\0\0\0\0\x04\0\0\0\x0b\0\0\0\xc8\x0f\0\0\0\0\0\0\x04\0\0\0\x0b\0\0\0\
\xd8\x0f\0\0\0\0\0\0\x04\0\0\0\x0b\0\0\0\xe8\x0f\0\0\0\0\0\0\x04\0\0\0\x0b\0\0\
\0\xf8\x0f\0\0\0\0\0\0\x04\0\0\0\x0b\0\0\0\x08\x10\0\0\0\0\0\0\x04\0\0\0\x0b\0\
\0\0\x18\x10\0\0\0\0\0\0\x04\0\0\0\x0b\0\0\0\x28\x10\0\0\0\0\0\0\x04\0\0\0\x0b\
\0\0\0\x38\x10\0\0\0\0\0\0\x04\0\0\0\x0b\0\0\0\x48\x10\0\0\0\0\0\0\x04\0\0\0\
\x0b\0\0\0\x58\x10\0\0\0\0\0\0\x04\0\0\0\x0b\0\0\0\x68\x10\0\0\0\0\0\0\x04\0\0\
\0\x0b\0\0\0\x78\x10\0\0\0\0\0\0\x04\0\0\0\x0b\0\0\0\x88\x10\0\0\0\0\0\0\x04\0\
\0\0\x0b\0\0\0\x98\x10\0\0\0\0\0\0\x04\0\0\0\x0b\0\0\0\xa8\x10\0\0\0\0\0\0\x04\
\0\0\0\x0b\0\0\0\xb8\x10\0\0\0\0\0\0\x04\0\0\0\x0b\0\0\0\xc8\x10\0\0\0\0\0\0\
\x04\0\0\0\x0b\0\0\0\xd8\x10\0\0\0\0\0\0\x04\0\0\0\x0b\0\0\0\xe8\x10\0\0\0\0\0\
\0\x04\0\0\0\x0b\0\0\0\xf8\x10\0\0\0\0\0\0\x04\0\0\0\x0b\0\0\0\x08\x11\0\0\0\0\
\0\0\x04\0\0\0\x0b\0\0\0\x18\x11\0\0\0\0\0\0\x04\0\0\0\x0b\0\0\0\x28\x11\0\0\0\
\0\0\0\x04\0\0\0\x0b\0\0\0\x38\x11\0\0\0\0\0\0\x04\0\0\0\x0b\0\0\0\x48\x11\0\0\
\0\0\0\0\x04\0\0\0\x0b\0\0\0\x58\x11\0\0\0\0\0\0\x04\0\0\0\x0b\0\0\0\x68\x11\0\
\0\0\0\0\0\x04\0\0\0\x0b\0\0\0\x78\x11\0\0\0\0\0\0\x04\0\0\0\x0b\0\0\0\x88\x11\
\0\0\0\0\0\0\x04\0\0\0\x0b\0\0\0\x98\x11\0\0\0\0\0\0\x04\0\0\0\x0b\0\0\0\xa8\
\x11\0\0\0\0\0\0\x04\0\0\0\x0b\0\0\0\xb8\x11\0\0\0\0\0\0\x04\0\0\0\x0b\0\0\0\
\xc8\x11\0\0\0\0\0\0\x04\0\0\0\x0b\0\0\0\xd8\x11\0\0\0\0\0\0\x04\0\0\0\x0b\0\0\
\0\xe8\x11\0\0\0\0\0\0\x04\0\0\0\x0b\0\0\0\xf8\x11\0\0\0\0\0\0\x04\0\0\0\x0b\0\
\0\0\x08\x12\0\0\0\0\0\0\x04\0\0\0\x0b\0\0\0\x18\x12\0\0\0\0\0\0\x04\0\0\0\x0b\
\0\0\0\x28\x12\0\0\0\0\0\0\x04\0\0\0\x0b\0\0\0\x38\x12\0\0\0\0\0\0\x04\0\0\0\
\x0b\0\0\0\x48\x12\0\0\0\0\0\0\x04\0\0\0\x0b\0\0\0\x58\x12\0\0\0\0\0\0\x04\0\0\
\0\x0b\0\0\0\x68\x12\0\0\0\0\0\0\x04\0\0\0\x0b\0\0\0\x78\x12\0\0\0\0\0\0\x04\0\
\0\0\x0b\0\0\0\x88\x12\0\0\0\0\0\0\x04\0\0\0\x0b\0\0\0\x98\x12\0\0\0\0\0\0\x04\
\0\0\0\x0b\0\0\0\xa8\x12\0\0\0\0\0\0\x04\0\0\0\x0b\0\0\0\xb8\x12\0\0\0\0\0\0\
\x04\0\0\0\x0b\0\0\0\xc8\x12\0\0\0\0\0\0\x04\0\0\0\x0b\0\0\0\xd8\x12\0\0\0\0\0\
\0\x04\0\0\0\x0b\0\0\0\xe8\x12\0\0\0\0\0\0\x04\0\0\0\x0b\0\0\0\xf8\x12\0\0\0\0\
\0\0\x04\0\0\0\x0b\0\0\0\x08\x13\0\0\0\0\0\0\x04\0\0\0\x0b\0\0\0\x18\x13\0\0\0\
\0\0\0\x04\0\0\0\x0b\0\0\0\x28\x13\0\0\0\0\0\0\x04\0\0\0\x0b\0\0\0\x38\x13\0\0\
\0\0\0\0\x04\0\0\0\x0b\0\0\0\x48\x13\0\0\0\0\0\0\x04\0\0\0\x0b\0\0\0\x58\x13\0\
\0\0\0\0\0\x04\0\0\0\x0b\0\0\0\x68\x13\0\0\0\0\0\0\x04\0\0\0\x0b\0\0\0\x78\x13\
\0\0\0\0\0\0\x04\0\0\0\x0b\0\0\0\x88\x13\0\0\0\0\0\0\x04\0\0\0\x0b\0\0\0\x98\
\x13\0\0\0\0\0\0\x04\0\0\0\x0b\0\0\0\xa8\x13\0\0\0\0\0\0\x04\0\0\0\x0b\0\0\0\
\xb8\x13\0\0\0\0\0\0\x04\0\0\0\x0b\0\0\0\xc8\x13\0\0\0\0\0\0\x04\0\0\0\x0b\0\0\
\0\xd8\x13\0\0\0\0\0\0\x04\0\0\0\x0b\0\0\0\xe8\x13\0\0\0\0\0\0\x04\0\0\0\x0b\0\
\0\0\xf8\x13\0\0\0\0\0\0\x04\0\0\0\x0b\0\0\0\x08\x14\0\0\0\0\0\0\x04\0\0\0\x0b\
\0\0\0\x18\x14\0\0\0\0\0\0\x04\0\0\0\x0b\0\0\0\x28\x14\0\0\0\0\0\0\x04\0\0\0\
\x0b\0\0\0\x38\x14\0\0\0\0\0\0\x04\0\0\0\x0b\0\0\0\x48\x14\0\0\0\0\0\0\x04\0\0\
\0\x0b\0\0\0\x58\x14\0\0\0\0\0\0\x04\0\0\0\x0b\0\0\0\x68\x14\0\0\0\0\0\0\x04\0\
\0\0\x0b\0\0\0\x78\x14\0\0\0\0\0\0\x04\0\0\0\x0b\0\0\0\x88\x14\0\0\0\0\0\0\x04\
\0\0\0\x0b\0\0\0\x98\x14\0\0\0\0\0\0\x04\0\0\0\x0b\0\0\0\xa8\x14\0\0\0\0\0\0\
\x04\0\0\0\x0b\0\0\0\xb8\x14\0\0\0\0\0\0\x04\0\0\0\x0b\0\0\0\xc8\x14\0\0\0\0\0\
\0\x04\0\0\0\x0b\0\0\0\xd8\x14\0\0\0\0\0\0\x04\0\0\0\x0b\0\0\0\xe8\x14\0\0\0\0\
\0\0\x04\0\0\0\x0b\0\0\0\xf8\x14\0\0\0\0\0\0\x04\0\0\0\x0b\0\0\0\x08\x15\0\0\0\
\0\0\0\x04\0\0\0\x0b\0\0\0\x18\x15\0\0\0\0\0\0\x04\0\0\0\x0b\0\0\0\x28\x15\0\0\
\0\0\0\0\x04\0\0\0\x0b\0\0\0\x44\x15\0\0\0\0\0\0\x04\0\0\0\x01\0\0\0\x54\x15\0\
\0\0\0\0\0\x04\0\0\0\x01\0\0\0\x64\x15\0\0\0\0\0\0\x04\0\0\0\x01\0\0\0\x74\x15\
\0\0\0\0\0\0\x04\0\0\0\x01\0\0\0\x84\x15\0\0\0\0\0\0\x04\0\0\0\x01\0\0\0\x94\
\x15\0\0\0\0\0\0\x04\0\0\0\x01\0\0\0\xa4\x15\0\0\0\0\0\0\x04\0\0\0\x01\0\0\0\
\xb4\x15\0\0\0\0\0\0\x04\0\0\0\x01\0\0\0\xc4\x15\0\0\0\0\0\0\x04\0\0\0\x01\0\0\
\0\xd4\x15\0\0\0\0\0\0\x04\0\0\0\x01\0\0\0\xe4\x15\0\0\0\0\0\0\x04\0\0\0\x01\0\
\0\0\xf4\x15\0\0\0\0\0\0\x04\0\0\0\x01\0\0\0\x04\x16\0\0\0\0\0\0\x04\0\0\0\x01\
\0\0\0\x14\x16\0\0\0\0\0\0\x04\0\0\0\x01\0\0\0\x24\x16\0\0\0\0\0\0\x04\0\0\0\
\x01\0\0\0\x34\x16\0\0\0\0\0\0\x04\0\0\0\x01\0\0\0\x44\x16\0\0\0\0\0\0\x04\0\0\
\0\x01\0\0\0\x54\x16\0\0\0\0\0\0\x04\0\0\0\x01\0\0\0\x64\x16\0\0\0\0\0\0\x04\0\
\0\0\x01\0\0\0\x74\x16\0\0\0\0\0\0\x04\0\0\0\x01\0\0\0\x84\x16\0\0\0\0\0\0\x04\
\0\0\0\x01\0\0\0\x94\x16\0\0\0\0\0\0\x04\0\0\0\x01\0\0\0\xa4\x16\0\0\0\0\0\0\
\x04\0\0\0\x01\0\0\0\xb4\x16\0\0\0\0\0\0\x04\0\0\0\x01\0\0\0\xc4\x16\0\0\0\0\0\
\0\x04\0\0\0\x01\0\0\0\xd4\x16\0\0\0\0\0\0\x04\0\0\0\x01\0\0\0\xe4\x16\0\0\0\0\
\0\0\x04\0\0\0\x01\0\0\0\xf4\x16\0\0\0\0\0\0\x04\0\0\0\x01\0\0\0\x04\x17\0\0\0\
\0\0\0\x04\0\0\0\x01\0\0\0\x14\x17\0\0\0\0\0\0\x04\0\0\0\x01\0\0\0\x24\x17\0\0\
\0\0\0\0\x04\0\0\0\x01\0\0\0\x34\x17\0\0\0\0\0\0\x04\0\0\0\x01\0\0\0\x44\x17\0\
\0\0\0\0\0\x04\0\0\0\x01\0\0\0\x54\x17\0\0\0\0\0\0\x04\0\0\0\x01\0\0\0\x64\x17\
\0\0\0\0\0\0\x04\0\0\0\x01\0\0\0\x74\x17\0\0\0\0\0\0\x04\0\0\0\x01\0\0\0\x84\
\x17\0\0\0\0\0\0\x04\0\0\0\x01\0\0\0\x94\x17\0\0\0\0\0\0\x04\0\0\0\x01\0\0\0\
\xa4\x17\0\0\0\0\0\0\x04\0\0\0\x01\0\0\0\xb4\x17\0\0\0\0\0\0\x04\0\0\0\x01\0\0\
\0\xc4\x17\0\0\0\0\0\0\x04\0\0\0\x01\0\0\0\xd4\x17\0\0\0\0\0\0\x04\0\0\0\x01\0\
\0\0\xe4\x17\0\0\0\0\0\0\x04\0\0\0\x01\0\0\0\xf4\x17\0\0\0\0\0\0\x04\0\0\0\x01\
\0\0\0\x04\x18\0\0\0\0\0\0\x04\0\0\0\x01\0\0\0\x14\x18\0\0\0\0\0\0\x04\0\0\0\
\x01\0\0\0\x24\x18\0\0\0\0\0\0\x04\0\0\0\x01\0\0\0\x34\x18\0\0\0\0\0\0\x04\0\0\
\0\x01\0\0\0\x44\x18\0\0\0\0\0\0\x04\0\0\0\x01\0\0\0\x54\x18\0\0\0\0\0\0\x04\0\
\0\0\x01\0\0\0\x64\x18\0\0\0\0\0\0\x04\0\0\0\x01\0\0\0\x74\x18\0\0\0\0\0\0\x04\
\0\0\0\x01\0\0\0\x84\x18\0\0\0\0\0\0\x04\0\0\0\x01\0\0\0\x94\x18\0\0\0\0\0\0\
\x04\0\0\0\x01\0\0\0\xa4\x18\0\0\0\0\0\0\x04\0\0\0\x01\0\0\0\xbc\x18\0\0\0\0\0\
\0\x04\0\0\0\x0b\0\0\0\xcc\x18\0\0\0\0\0\0\x04\0\0\0\x0b\0\0\0\xdc\x18\0\0\0\0\
\0\0\x04\0\0\0\x0b\0\0\0\xec\x18\0\0\0\0\0\0\x04\0\0\0\x0b\0\0\0\xfc\x18\0\0\0\
\0\0\0\x04\0\0\0\x0b\0\0\0\x0c\x19\0\0\0\0\0\0\x04\0\0\0\x0b\0\0\0\x1c\x19\0\0\
\0\0\0\0\x04\0\0\0\x0b\0\0\0\x2c\x19\0\0\0\0\0\0\x04\0\0\0\x0b\0\0\0\x3c\x19\0\
\0\0\0\0\0\x04\0\0\0\x0b\0\0\0\x4c\x19\0\0\0\0\0\0\x04\0\0\0\x0b\0\0\0\x5c\x19\
\0\0\0\0\0\0\x04\0\0\0\x0b\0\0\0\x6c\x19\0\0\0\0\0\0\x04\0\0\0\x0b\0\0\0\x7c\
\x19\0\0\0\0\0\0\x04\0\0\0\x0b\0\0\0\x8c\x19\0\0\0\0\0\0\x04\0\0\0\x0b\0\0\0\
\x9c\x19\0\0\0\0\0\0\x04\0\0\0\x0b\0\0\0\xac\x19\0\0\0\0\0\0\x04\0\0\0\x0b\0\0\
\0\xbc\x19\0\0\0\0\0\0\x04\0\0\0\x0b\0\0\0\xcc\x19\0\0\0\0\0\0\x04\0\0\0\x0b\0\
\0\0\xdc\x19\0\0\0\0\0\0\x04\0\0\0\x0b\0\0\0\xec\x19\0\0\0\0\0\0\x04\0\0\0\x0b\
\0\0\0\xfc\x19\0\0\0\0\0\0\x04\0\0\0\x0b\0\0\0\x0c\x1a\0\0\0\0\0\0\x04\0\0\0\
\x0b\0\0\0\x20\x22\x23\x21\0\x2e\x74\x65\x78\x74\0\x2e\x72\x65\x6c\x2e\x42\x54\
\x46\x2e\x65\x78\x74\0\x68\x61\x6e\x64\x6c\x65\x5f\x73\x63\x68\x65\x64\x5f\x70\
\x72\x6f\x63\x65\x73\x73\x5f\x65\x78\x69\x74\0\x2e\x72\x65\x6c\x72\x61\x77\x5f\
\x74\x72\x61\x63\x65\x70\x6f\x69\x6e\x74\x2f\x73\x63\x68\x65\x64\x5f\x70\x72\
\x6f\x63\x65\x73\x73\x5f\x65\x78\x69\x74\0\x2e\x6d\x61\x70\x73\0\x2e\x6c\x6c\
\x76\x6d\x5f\x61\x64\x64\x72\x73\x69\x67\0\x6c\x69\x63\x65\x6e\x73\x65\0\x68\
\x61\x6e\x64\x6c\x65\x5f\x73\x63\x68\x65\x64\x5f\x70\x72\x6f\x63\x65\x73\x73\
\x5f\x65\x78\x65\x63\0\x2e\x72\x65\x6c\x72\x61\x77\x5f\x74\x72\x61\x63\x65\x70\
\x6f\x69\x6e\x74\x2f\x73\x63\x68\x65\x64\x5f\x70\x72\x6f\x63\x65\x73\x73\x5f\
\x65\x78\x65\x63\0\x72\x62\0\x2e\x73\x74\x72\x74\x61\x62\0\x2e\x73\x79\x6d\x74\
\x61\x62\0\x2e\x72\x65\x6c\x2e\x42\x54\x46\0\x4c\x49\x43\x45\x4e\x53\x45\0\x4c\
\x42\x42\x31\x5f\x39\0\x4c\x42\x42\x31\x5f\x31\x39\0\x4c\x42\x42\x30\x5f\x38\0\
\x4c\x42\x42\x31\x5f\x36\0\x4c\x42\x42\x30\x5f\x36\0\x4c\x42\x42\x31\x5f\x31\
\x36\0\x4c\x42\x42\x30\x5f\x31\x36\0\x4c\x42\x42\x30\x5f\x31\x35\0\x4c\x42\x42\
\x31\x5f\x34\0\x4c\x42\x42\x30\x5f\x34\0\x4c\x42\x42\x31\x5f\x31\x34\0\x4c\x42\
\x42\x31\x5f\x33\0\x4c\x42\x42\x30\x5f\x33\0\x4c\x42\x42\x31\x5f\x31\x32\0\x4c\
\x42\x42\x30\x5f\x31\x32\0\x4c\x42\x42\x30\x5f\x31\x31\0\x4c\x42\x42\x31\x5f\
\x32\x30\0\x4c\x42\x42\x31\x5f\x31\x30\0\x4c\x42\x42\x30\x5f\x31\x30\0\0\0\0\0\
\0\0\0\0\0\0\0\0\0\0\0\0\0\0\0\0\0\0\0\0\0\0\0\0\0\0\0\0\0\0\0\0\0\0\0\0\0\0\0\
\0\0\0\0\0\0\0\0\0\0\0\0\0\0\0\0\0\0\0\0\0\xb3\0\0\0\x03\0\0\0\0\0\0\0\0\0\0\0\
\0\0\0\0\0\0\0\0\xec\x69\x02\0\0\0\0\0\x64\x01\0\0\0\0\0\0\0\0\0\0\0\0\0\0\x01\
\0\0\0\0\0\0\0\0\0\0\0\0\0\0\0\x01\0\0\0\x01\0\0\0\x06\0\0\0\0\0\0\0\0\0\0\0\0\
\0\0\0\x40\0\0\0\0\0\0\0\0\0\0\0\0\0\0\0\0\0\0\0\0\0\0\0\x04\0\0\0\0\0\0\0\0\0\
\0\0\0\0\0\0\x8e\0\0\0\x01\0\0\0\x06\0\0\0\0\0\0\0\0\0\0\0\0\0\0\0\x40\0\0\0\0\
\0\0\0\x58\x15\0\0\0\0\0\0\0\0\0\0\0\0\0\0\x08\0\0\0\0\0\0\0\0\0\0\0\0\0\0\0\
\x8a\0\0\0\x09\0\0\0\x40\0\0\0\0\0\0\0\0\0\0\0\0\0\0\0\xd8\x4f\x02\0\0\0\0\0\
\x10\0\0\0\0\0\0\0\x0e\0\0\0\x03\0\0\0\x08\0\0\0\0\0\0\0\x10\0\0\0\0\0\0\0\x32\
\0\0\0\x01\0\0\0\x06\0\0\0\0\0\0\0\0\0\0\0\0\0\0\0\x98\x15\0\0\0\0\0\0\xe0\x08\
\0\0\0\0\0\0\0\0\0\0\0\0\0\0\x08\0\0\0\0\0\0\0\0\0\0\0\0\0\0\0\x2e\0\0\0\x09\0\
\0\0\x40\0\0\0\0\0\0\0\0\0\0\0\0\0\0\0\xe8\x4f\x02\0\0\0\0\0\x10\0\0\0\0\0\0\0\
\x0e\0\0\0\x05\0\0\0\x08\0\0\0\0\0\0\0\x10\0\0\0\0\0\0\0\x68\0\0\0\x01\0\0\0\
\x02\0\0\0\0\0\0\0\0\0\0\0\0\0\0\0\x78\x1e\0\0\0\0\0\0\x0d\0\0\0\0\0\0\0\0\0\0\
\0\0\0\0\0\x01\0\0\0\0\0\0\0\0\0\0\0\0\0\0\0\x54\0\0\0\x01\0\0\0\x03\0\0\0\0\0\
\0\0\0\0\0\0\0\0\0\0\x88\x1e\0\0\0\0\0\0\x10\0\0\0\0\0\0\0\0\0\0\0\0\0\0\0\x08\
\0\0\0\0\0\0\0\0\0\0\0\0\0\0\0\xc7\0\0\0\x01\0\0\0\0\0\0\0\0\0\0\0\0\0\0\0\0\0\
\0\0\x98\x1e\0\0\0\0\0\0\xb2\x14\x02\0\0\0\0\0\0\0\0\0\0\0\0\0\x04\0\0\0\0\0\0\
\0\0\0\0\0\0\0\0\0\xc3\0\0\0\x09\0\0\0\x40\0\0\0\0\0\0\0\0\0\0\0\0\0\0\0\xf8\
\x4f\x02\0\0\0\0\0\x20\0\0\0\0\0\0\0\x0e\0\0\0\x09\0\0\0\x08\0\0\0\0\0\0\0\x10\
\0\0\0\0\0\0\0\x0b\0\0\0\x01\0\0\0\0\0\0\0\0\0\0\0\0\0\0\0\0\0\0\0\x4c\x33\x02\
\0\0\0\0\0\x1c\x1a\0\0\0\0\0\0\0\0\0\0\0\0\0\0\x04\0\0\0\0\0\0\0\0\0\0\0\0\0\0\
\0\x07\0\0\0\x09\0\0\0\x40\0\0\0\0\0\0\0\0\0\0\0\0\0\0\0\x18\x50\x02\0\0\0\0\0\
\xd0\x19\0\0\0\0\0\0\x0e\0\0\0\x0b\0\0\0\x08\0\0\0\0\0\0\0\x10\0\0\0\0\0\0\0\
\x5a\0\0\0\x03\x4c\xff\x6f\0\0\0\x80\0\0\0\0\0\0\0\0\0\0\0\0\xe8\x69\x02\0\0\0\
\0\0\x04\0\0\0\0\0\0\0\0\0\0\0\0\0\0\0\x01\0\0\0\0\0\0\0\0\0\0\0\0\0\0\0\xbb\0\
\0\0\x02\0\0\0\0\0\0\0\0\0\0\0\0\0\0\0\0\0\0\0\x68\x4d\x02\0\0\0\0\0\x70\x02\0\
\0\0\0\0\0\x01\0\0\0\x16\0\0\0\x08\0\0\0\0\0\0\0\x18\0\0\0\0\0\0\0";
}

#ifdef __cplusplus
struct process_bpf *process_bpf::open(const struct bpf_object_open_opts *opts) { return process_bpf__open_opts(opts); }
struct process_bpf *process_bpf::open_and_load() { return process_bpf__open_and_load(); }
int process_bpf::load(struct process_bpf *skel) { return process_bpf__load(skel); }
int process_bpf::attach(struct process_bpf *skel) { return process_bpf__attach(skel); }
void process_bpf::detach(struct process_bpf *skel) { process_bpf__detach(skel); }
void process_bpf::destroy(struct process_bpf *skel) { process_bpf__destroy(skel); }
const void *process_bpf::elf_bytes(size_t *sz) { return process_bpf__elf_bytes(sz); }
#endif /* __cplusplus */

__attribute__((unused)) static void
process_bpf__assert(struct process_bpf *s __attribute__((unused)))
{
#ifdef __cplusplus
#define _Static_assert static_assert
#endif
#ifdef __cplusplus
#undef _Static_assert
#endif
}

#endif /* __PROCESS_BPF_SKEL_H__ */
