/* SPDX-License-Identifier: (LGPL-2.1 OR BSD-2-Clause) */

/* THIS FILE IS AUTOGENERATED BY BPFTOOL! */
#ifndef __NETWORK_BPF_SKEL_H__
#define __NETWORK_BPF_SKEL_H__

#include <errno.h>
#include <stdlib.h>
#include <bpf/libbpf.h>

struct network_bpf {
	struct bpf_object_skeleton *skeleton;
	struct bpf_object *obj;
	struct {
		struct bpf_map *rb;
		struct bpf_map *cros_network_flow_map;
		struct bpf_map *cros_allocated_tuples;
		struct bpf_map *process_map;
		struct bpf_map *heap_cros_network_common_map;
		struct bpf_map *rodata;
	} maps;
	struct {
		struct bpf_program *cros_handle_inet_listen;
		struct bpf_program *cros_handle_inet_sendmsg_exit;
		struct bpf_program *cros_handle_inet_recvmsg_exit;
		struct bpf_program *cros_handle_inet_accept_exit;
		struct bpf_program *cros_handle_inet_stream_connect_exit;
		struct bpf_program *cros_handle_inet_release_enter;
	} progs;
	struct {
		struct bpf_link *cros_handle_inet_listen;
		struct bpf_link *cros_handle_inet_sendmsg_exit;
		struct bpf_link *cros_handle_inet_recvmsg_exit;
		struct bpf_link *cros_handle_inet_accept_exit;
		struct bpf_link *cros_handle_inet_stream_connect_exit;
		struct bpf_link *cros_handle_inet_release_enter;
	} links;

#ifdef __cplusplus
	static inline struct network_bpf *open(const struct bpf_object_open_opts *opts = nullptr);
	static inline struct network_bpf *open_and_load();
	static inline int load(struct network_bpf *skel);
	static inline int attach(struct network_bpf *skel);
	static inline void detach(struct network_bpf *skel);
	static inline void destroy(struct network_bpf *skel);
	static inline const void *elf_bytes(size_t *sz);
#endif /* __cplusplus */
};

static void
network_bpf__destroy(struct network_bpf *obj)
{
	if (!obj)
		return;
	if (obj->skeleton)
		bpf_object__destroy_skeleton(obj->skeleton);
	free(obj);
}

static inline int
network_bpf__create_skeleton(struct network_bpf *obj);

static inline struct network_bpf *
network_bpf__open_opts(const struct bpf_object_open_opts *opts)
{
	struct network_bpf *obj;
	int err;

	obj = (struct network_bpf *)calloc(1, sizeof(*obj));
	if (!obj) {
		errno = ENOMEM;
		return NULL;
	}

	err = network_bpf__create_skeleton(obj);
	if (err)
		goto err_out;

	err = bpf_object__open_skeleton(obj->skeleton, opts);
	if (err)
		goto err_out;

	return obj;
err_out:
	network_bpf__destroy(obj);
	errno = -err;
	return NULL;
}

static inline struct network_bpf *
network_bpf__open(void)
{
	return network_bpf__open_opts(NULL);
}

static inline int
network_bpf__load(struct network_bpf *obj)
{
	return bpf_object__load_skeleton(obj->skeleton);
}

static inline struct network_bpf *
network_bpf__open_and_load(void)
{
	struct network_bpf *obj;
	int err;

	obj = network_bpf__open();
	if (!obj)
		return NULL;
	err = network_bpf__load(obj);
	if (err) {
		network_bpf__destroy(obj);
		errno = -err;
		return NULL;
	}
	return obj;
}

static inline int
network_bpf__attach(struct network_bpf *obj)
{
	return bpf_object__attach_skeleton(obj->skeleton);
}

static inline void
network_bpf__detach(struct network_bpf *obj)
{
	bpf_object__detach_skeleton(obj->skeleton);
}

static inline const void *network_bpf__elf_bytes(size_t *sz);

static inline int
network_bpf__create_skeleton(struct network_bpf *obj)
{
	struct bpf_object_skeleton *s;
	int err;

	s = (struct bpf_object_skeleton *)calloc(1, sizeof(*s));
	if (!s)	{
		err = -ENOMEM;
		goto err;
	}

	s->sz = sizeof(*s);
	s->name = "network_bpf";
	s->obj = &obj->obj;

	/* maps */
	s->map_cnt = 6;
	s->map_skel_sz = sizeof(*s->maps);
	s->maps = (struct bpf_map_skeleton *)calloc(s->map_cnt, s->map_skel_sz);
	if (!s->maps) {
		err = -ENOMEM;
		goto err;
	}

	s->maps[0].name = "rb";
	s->maps[0].map = &obj->maps.rb;

	s->maps[1].name = "cros_network_flow_map";
	s->maps[1].map = &obj->maps.cros_network_flow_map;

	s->maps[2].name = "cros_allocated_tuples";
	s->maps[2].map = &obj->maps.cros_allocated_tuples;

	s->maps[3].name = "process_map";
	s->maps[3].map = &obj->maps.process_map;

	s->maps[4].name = "heap_cros_network_common_map";
	s->maps[4].map = &obj->maps.heap_cros_network_common_map;

	s->maps[5].name = "network_.rodata";
	s->maps[5].map = &obj->maps.rodata;

	/* programs */
	s->prog_cnt = 6;
	s->prog_skel_sz = sizeof(*s->progs);
	s->progs = (struct bpf_prog_skeleton *)calloc(s->prog_cnt, s->prog_skel_sz);
	if (!s->progs) {
		err = -ENOMEM;
		goto err;
	}

	s->progs[0].name = "cros_handle_inet_listen";
	s->progs[0].prog = &obj->progs.cros_handle_inet_listen;
	s->progs[0].link = &obj->links.cros_handle_inet_listen;

	s->progs[1].name = "cros_handle_inet_sendmsg_exit";
	s->progs[1].prog = &obj->progs.cros_handle_inet_sendmsg_exit;
	s->progs[1].link = &obj->links.cros_handle_inet_sendmsg_exit;

	s->progs[2].name = "cros_handle_inet_recvmsg_exit";
	s->progs[2].prog = &obj->progs.cros_handle_inet_recvmsg_exit;
	s->progs[2].link = &obj->links.cros_handle_inet_recvmsg_exit;

	s->progs[3].name = "cros_handle_inet_accept_exit";
	s->progs[3].prog = &obj->progs.cros_handle_inet_accept_exit;
	s->progs[3].link = &obj->links.cros_handle_inet_accept_exit;

	s->progs[4].name = "cros_handle_inet_stream_connect_exit";
	s->progs[4].prog = &obj->progs.cros_handle_inet_stream_connect_exit;
	s->progs[4].link = &obj->links.cros_handle_inet_stream_connect_exit;

	s->progs[5].name = "cros_handle_inet_release_enter";
	s->progs[5].prog = &obj->progs.cros_handle_inet_release_enter;
	s->progs[5].link = &obj->links.cros_handle_inet_release_enter;

	s->data = (void *)network_bpf__elf_bytes(&s->data_sz);

	obj->skeleton = s;
	return 0;
err:
	bpf_object__destroy_skeleton(s);
	return err;
}

static inline const void *network_bpf__elf_bytes(size_t *sz)
{
	*sz = 113504;
	return (const void *)"\
\x7f\x45\x4c\x46\x02\x01\x01\0\0\0\0\0\0\0\0\0\x01\0\xf7\0\x01\0\0\0\0\0\0\0\0\
\0\0\0\0\0\0\0\0\0\0\0\x60\xb5\x01\0\0\0\0\0\0\0\0\0\x40\0\0\0\0\0\x40\0\x18\0\
\x01\0\x15\x04\x04\0\0\0\0\0\x79\x21\x38\0\0\0\0\0\x5d\x41\x02\0\0\0\0\0\xb7\
\x01\0\0\x01\0\0\0\x73\x13\x0c\0\0\0\0\0\xb7\0\0\0\0\0\0\0\x95\0\0\0\0\0\0\0\
\x79\x12\x10\0\0\0\0\0\x67\x02\0\0\x20\0\0\0\x77\x02\0\0\x20\0\0\0\x55\x02\x3f\
\x01\0\0\0\0\x79\x17\0\0\0\0\0\0\x85\0\0\0\x23\0\0\0\xb7\x01\0\0\x44\0\0\0\x0f\
\x10\0\0\0\0\0\0\xbf\xa1\0\0\0\0\0\0\x07\x01\0\0\x78\xff\xff\xff\xb7\x02\0\0\
\x04\0\0\0\xbf\x03\0\0\0\0\0\0\x85\0\0\0\x71\0\0\0\x61\xa1\x78\xff\0\0\0\0\x57\
\x01\0\0\0\0\x20\0\x55\x01\x33\x01\0\0\0\0\x18\x01\0\0\0\0\0\0\0\0\0\0\0\0\0\0\
\xb7\x02\0\0\xb0\x04\0\0\xb7\x03\0\0\0\0\0\0\x85\0\0\0\x83\0\0\0\x15\0\x2d\x01\
\0\0\0\0\x7b\x0a\x40\xfe\0\0\0\0\xbf\x06\0\0\0\0\0\0\xb7\x01\0\0\x18\0\0\0\xbf\
\x79\0\0\0\0\0\0\x0f\x19\0\0\0\0\0\0\xbf\xa1\0\0\0\0\0\0\x07\x01\0\0\x78\xff\
\xff\xff\xb7\x02\0\0\x08\0\0\0\xbf\x93\0\0\0\0\0\0\x85\0\0\0\x71\0\0\0\x79\xa1\
\x78\xff\0\0\0\0\x7b\x1a\x48\xfe\0\0\0\0\xb7\x01\0\0\x01\0\0\0\x63\x16\0\0\0\0\
\0\0\x63\x16\xa8\x04\0\0\0\0\x85\0\0\0\x23\0\0\0\x7b\x0a\x58\xfe\0\0\0\0\xbf\
\xa1\0\0\0\0\0\0\x07\x01\0\0\x78\xff\xff\xff\xb7\x02\0\0\x08\0\0\0\xbf\x93\0\0\
\0\0\0\0\x85\0\0\0\x71\0\0\0\xb7\x01\0\0\x04\0\0\0\x7b\x7a\x50\xfe\0\0\0\0\xbf\
\x73\0\0\0\0\0\0\x0f\x13\0\0\0\0\0\0\x79\xa9\x78\xff\0\0\0\0\xbf\xa1\0\0\0\0\0\
\0\x07\x01\0\0\x78\xff\xff\xff\xb7\x02\0\0\x02\0\0\0\x85\0\0\0\x71\0\0\0\xb7\
\x01\0\0\0\0\0\0\xbf\x93\0\0\0\0\0\0\x0f\x13\0\0\0\0\0\0\x69\xa8\x78\xff\0\0\0\
\0\xbf\xa7\0\0\0\0\0\0\x07\x07\0\0\x78\xff\xff\xff\xbf\x71\0\0\0\0\0\0\xb7\x02\
\0\0\x88\0\0\0\x85\0\0\0\x71\0\0\0\x69\x77\x10\0\0\0\0\0\x7b\x6a\x60\xfe\0\0\0\
\0\x63\x76\x0c\0\0\0\0\0\xb7\x01\0\0\x24\x02\0\0\x0f\x19\0\0\0\0\0\0\xbf\xa1\0\
\0\0\0\0\0\x07\x01\0\0\xf0\xfe\xff\xff\xb7\x02\0\0\x02\0\0\0\xbf\x93\0\0\0\0\0\
\0\x85\0\0\0\x71\0\0\0\x67\x08\0\0\x30\0\0\0\xc7\x08\0\0\x30\0\0\0\x69\xa1\xf0\
\xfe\0\0\0\0\x65\x01\x04\0\x05\0\0\0\x15\x01\x0e\0\0\0\0\0\xb7\x02\0\0\x01\0\0\
\0\x15\x01\x17\0\x01\0\0\0\x05\0\x02\0\0\0\0\0\x15\x01\x08\0\x06\0\0\0\x15\x01\
\x11\0\x11\0\0\0\xb7\x01\0\0\x3a\0\0\0\x15\x08\x01\0\x3a\0\0\0\xb7\x01\0\0\xfc\
\0\0\0\xb7\x02\0\0\xfb\0\0\0\x15\x08\x0f\0\x03\0\0\0\xbf\x12\0\0\0\0\0\0\x05\0\
\x0d\0\0\0\0\0\xb7\x02\0\0\x06\0\0\0\x05\0\x0b\0\0\0\0\0\x15\x07\x01\0\x0a\0\0\
\0\x55\x07\x08\0\x02\0\0\0\xb7\x02\0\0\x06\0\0\0\x15\x08\x07\0\x01\0\0\0\x67\
\x08\0\0\x20\0\0\0\x77\x08\0\0\x20\0\0\0\x15\x08\xe3\0\x03\0\0\0\x55\x08\x02\0\
\x02\0\0\0\xb7\x02\0\0\x11\0\0\0\x05\0\x01\0\0\0\0\0\xb7\x02\0\0\xfc\0\0\0\x79\
\xa1\x60\xfe\0\0\0\0\x63\x21\x10\0\0\0\0\0\xb7\x01\0\0\xd8\x05\0\0\x79\xa3\x58\
\xfe\0\0\0\0\x0f\x13\0\0\0\0\0\0\xbf\xa1\0\0\0\0\0\0\x07\x01\0\0\x68\xfe\xff\
\xff\xb7\x02\0\0\x08\0\0\0\x85\0\0\0\x71\0\0\0\xb7\x01\0\0\x08\x06\0\0\x79\xa3\
\x68\xfe\0\0\0\0\x0f\x13\0\0\0\0\0\0\xbf\xa1\0\0\0\0\0\0\x07\x01\0\0\xf0\xfe\
\xff\xff\xb7\x02\0\0\x08\0\0\0\x85\0\0\0\x71\0\0\0\xb7\x06\0\0\x40\0\0\0\x79\
\xa8\xf0\xfe\0\0\0\0\x05\0\x06\0\0\0\0\0\x07\x06\0\0\xff\xff\xff\xff\xbf\x61\0\
\0\0\0\0\0\x67\x01\0\0\x20\0\0\0\x77\x01\0\0\x20\0\0\0\xbf\x98\0\0\0\0\0\0\x15\
\x01\x20\0\0\0\0\0\xbf\x83\0\0\0\0\0\0\xb7\x01\0\0\xd8\x05\0\0\x0f\x13\0\0\0\0\
\0\0\xbf\xa1\0\0\0\0\0\0\x07\x01\0\0\x68\xfe\xff\xff\xb7\x02\0\0\x08\0\0\0\x85\
\0\0\0\x71\0\0\0\x79\xa3\x68\xfe\0\0\0\0\xb7\x01\0\0\x08\x06\0\0\x0f\x13\0\0\0\
\0\0\0\xbf\xa1\0\0\0\0\0\0\x07\x01\0\0\xf0\xfe\xff\xff\xb7\x02\0\0\x08\0\0\0\
\x85\0\0\0\x71\0\0\0\x79\xa9\xf0\xfe\0\0\0\0\x15\x09\x10\0\0\0\0\0\xbf\x83\0\0\
\0\0\0\0\xb7\x07\0\0\xa0\x08\0\0\x0f\x73\0\0\0\0\0\0\xbf\xa1\0\0\0\0\0\0\x07\
\x01\0\0\xf0\xfe\xff\xff\xb7\x02\0\0\x08\0\0\0\x85\0\0\0\x71\0\0\0\xbf\x93\0\0\
\0\0\0\0\x0f\x73\0\0\0\0\0\0\x79\xa7\xf0\xfe\0\0\0\0\xbf\xa1\0\0\0\0\0\0\x07\
\x01\0\0\xf0\xfe\xff\xff\xb7\x02\0\0\x08\0\0\0\x85\0\0\0\x71\0\0\0\x79\xa1\xf0\
\xfe\0\0\0\0\x1d\x17\xda\xff\0\0\0\0\xb7\x09\0\0\xcc\x05\0\0\xbf\x83\0\0\0\0\0\
\0\x0f\x93\0\0\0\0\0\0\xbf\xa1\0\0\0\0\0\0\x07\x01\0\0\xf0\xfe\xff\xff\xb7\x02\
\0\0\x04\0\0\0\x85\0\0\0\x71\0\0\0\x61\xa1\xf0\xfe\0\0\0\0\x79\xa4\x60\xfe\0\0\
\0\0\x63\x14\x1c\0\0\0\0\0\xb7\x07\0\0\0\x07\0\0\x0f\x78\0\0\0\0\0\0\xbf\xa1\0\
\0\0\0\0\0\x07\x01\0\0\xf0\xfe\xff\xff\xb7\x02\0\0\x08\0\0\0\xbf\x83\0\0\0\0\0\
\0\xbf\x48\0\0\0\0\0\0\x85\0\0\0\x71\0\0\0\x79\xa1\xf0\xfe\0\0\0\0\x7b\x18\x28\
\0\0\0\0\0\xb7\x01\0\0\x08\x06\0\0\x79\xa6\x58\xfe\0\0\0\0\xbf\x63\0\0\0\0\0\0\
\x0f\x13\0\0\0\0\0\0\xbf\xa1\0\0\0\0\0\0\x07\x01\0\0\x68\xfe\xff\xff\xb7\x02\0\
\0\x08\0\0\0\x85\0\0\0\x71\0\0\0\x79\xa3\x68\xfe\0\0\0\0\x0f\x73\0\0\0\0\0\0\
\xbf\xa1\0\0\0\0\0\0\x07\x01\0\0\xf0\xfe\xff\xff\xb7\x02\0\0\x08\0\0\0\x85\0\0\
\0\x71\0\0\0\x79\xa1\xf0\xfe\0\0\0\0\x7b\x18\x20\0\0\0\0\0\xbf\x63\0\0\0\0\0\0\
\x0f\x93\0\0\0\0\0\0\xbf\xa1\0\0\0\0\0\0\x07\x01\0\0\xf0\xfe\xff\xff\xb7\x02\0\
\0\x04\0\0\0\x85\0\0\0\x71\0\0\0\x61\xa1\xf0\xfe\0\0\0\0\x63\x18\x18\0\0\0\0\0\
\xb7\x01\0\0\x88\x07\0\0\xbf\x69\0\0\0\0\0\0\x0f\x19\0\0\0\0\0\0\xbf\xa1\0\0\0\
\0\0\0\x07\x01\0\0\xf0\xfe\xff\xff\xb7\x02\0\0\x08\0\0\0\xbf\x93\0\0\0\0\0\0\
\x85\0\0\0\x71\0\0\0\xb7\x01\0\0\x14\0\0\0\x79\xa3\xf0\xfe\0\0\0\0\x0f\x13\0\0\
\0\0\0\0\xbf\xa1\0\0\0\0\0\0\x07\x01\0\0\x68\xfe\xff\xff\xb7\x02\0\0\x04\0\0\0\
\x85\0\0\0\x71\0\0\0\x61\xa1\x68\xfe\0\0\0\0\x63\x18\x34\x02\0\0\0\0\xbf\xa1\0\
\0\0\0\0\0\x07\x01\0\0\xf0\xfe\xff\xff\xb7\x02\0\0\x08\0\0\0\xbf\x93\0\0\0\0\0\
\0\x85\0\0\0\x71\0\0\0\xb7\x01\0\0\x18\0\0\0\x79\xa3\xf0\xfe\0\0\0\0\x0f\x13\0\
\0\0\0\0\0\xbf\xa1\0\0\0\0\0\0\x07\x01\0\0\x68\xfe\xff\xff\xb7\x02\0\0\x04\0\0\
\0\x85\0\0\0\x71\0\0\0\x61\xa1\x68\xfe\0\0\0\0\x63\x18\x38\x02\0\0\0\0\xb7\x01\
\0\0\x10\x05\0\0\x0f\x16\0\0\0\0\0\0\xbf\xa1\0\0\0\0\0\0\x07\x01\0\0\x68\xfe\
\xff\xff\xb7\x02\0\0\x08\0\0\0\xbf\x63\0\0\0\0\0\0\x85\0\0\0\x71\0\0\0\xb7\x01\
\0\0\x38\x01\0\0\x79\xa3\x68\xfe\0\0\0\0\x0f\x13\0\0\0\0\0\0\xbf\xa1\0\0\0\0\0\
\0\x07\x01\0\0\xf0\xfe\xff\xff\xb7\x02\0\0\x08\0\0\0\x85\0\0\0\x71\0\0\0\x79\
\xa9\xf0\xfe\0\0\0\0\xbf\xa1\0\0\0\0\0\0\x07\x01\0\0\x68\xfe\xff\xff\xb7\x02\0\
\0\x08\0\0\0\xbf\x63\0\0\0\0\0\0\x85\0\0\0\x71\0\0\0\xb7\x01\0\0\x40\x01\0\0\
\x79\xa3\x68\xfe\0\0\0\0\x0f\x13\0\0\0\0\0\0\xbf\xa1\0\0\0\0\0\0\x07\x01\0\0\
\xf0\xfe\xff\xff\xb7\x02\0\0\x08\0\0\0\x85\0\0\0\x71\0\0\0\x79\xa2\xf0\xfe\0\0\
\0\0\x1f\x92\0\0\0\0\0\0\xb7\x01\0\0\0\x02\0\0\x2d\x21\x01\0\0\0\0\0\xb7\x02\0\
\0\0\x02\0\0\x63\x28\x30\x02\0\0\0\0\x79\xa1\x40\xfe\0\0\0\0\x07\x01\0\0\x30\0\
\0\0\xbf\x93\0\0\0\0\0\0\x85\0\0\0\x70\0\0\0\x61\x81\x30\x02\0\0\0\0\x79\xa3\
\x50\xfe\0\0\0\0\x55\x01\x02\0\0\x02\0\0\xb7\x01\0\0\0\0\0\0\x73\x18\x2f\x02\0\
\0\0\0\xb7\x01\0\0\x04\0\0\0\x0f\x13\0\0\0\0\0\0\xbf\xa1\0\0\0\0\0\0\x07\x01\0\
\0\x78\xff\xff\xff\xb7\x02\0\0\x02\0\0\0\x85\0\0\0\x71\0\0\0\x69\xa1\x78\xff\0\
\0\0\0\x73\x18\x40\x02\0\0\0\0\xb7\x01\0\0\0\0\0\0\x79\xa6\x48\xfe\0\0\0\0\x0f\
\x16\0\0\0\0\0\0\xbf\xa7\0\0\0\0\0\0\x07\x07\0\0\x78\xff\xff\xff\xbf\x71\0\0\0\
\0\0\0\xb7\x02\0\0\x88\0\0\0\xbf\x63\0\0\0\0\0\0\x85\0\0\0\x71\0\0\0\x69\x71\
\x0e\0\0\0\0\0\x63\x18\x44\x02\0\0\0\0\xbf\xa7\0\0\0\0\0\0\x07\x07\0\0\xf0\xfe\
\xff\xff\xbf\x71\0\0\0\0\0\0\xb7\x02\0\0\x88\0\0\0\xbf\x63\0\0\0\0\0\0\x85\0\0\
\0\x71\0\0\0\x61\x71\x04\0\0\0\0\0\x63\x18\x48\x02\0\0\0\0\xbf\xa7\0\0\0\0\0\0\
\x07\x07\0\0\x68\xfe\xff\xff\xbf\x71\0\0\0\0\0\0\xb7\x02\0\0\x88\0\0\0\xbf\x63\
\0\0\0\0\0\0\x85\0\0\0\x71\0\0\0\xb7\x01\0\0\x48\0\0\0\xbf\x72\0\0\0\0\0\0\x0f\
\x12\0\0\0\0\0\0\x61\x21\x0c\0\0\0\0\0\x61\x23\x08\0\0\0\0\0\x61\x22\x04\0\0\0\
\0\0\x61\x74\x48\0\0\0\0\0\x63\x48\x4c\x02\0\0\0\0\x63\x28\x50\x02\0\0\0\0\x63\
\x38\x54\x02\0\0\0\0\x63\x18\x58\x02\0\0\0\0\xbf\x81\0\0\0\0\0\0\xb7\x02\0\0\0\
\0\0\0\x85\0\0\0\x84\0\0\0\xb7\0\0\0\0\0\0\0\x95\0\0\0\0\0\0\0\xb7\x02\0\0\xfb\
\0\0\0\x05\0\x1f\xff\0\0\0\0\x79\x13\x18\0\0\0\0\0\xbf\x32\0\0\0\0\0\0\x67\x02\
\0\0\x20\0\0\0\xc7\x02\0\0\x20\0\0\0\xb7\x09\0\0\x01\0\0\0\x6d\x29\x79\0\0\0\0\
\0\x7b\x3a\x70\xfe\0\0\0\0\x79\x16\0\0\0\0\0\0\xb7\x01\0\0\0\0\0\0\x7b\x1a\xa8\
\xfe\0\0\0\0\x7b\x1a\xa0\xfe\0\0\0\0\x7b\x1a\x98\xfe\0\0\0\0\x7b\x1a\x90\xfe\0\
\0\0\0\x7b\x1a\x88\xfe\0\0\0\0\x7b\x1a\x80\xfe\0\0\0\0\x7b\x6a\xb0\xfe\0\0\0\0\
\xb7\x01\0\0\x18\0\0\0\xbf\x67\0\0\0\0\0\0\x0f\x17\0\0\0\0\0\0\xbf\xa1\0\0\0\0\
\0\0\x07\x01\0\0\xd8\xff\xff\xff\xb7\x02\0\0\x08\0\0\0\xbf\x73\0\0\0\0\0\0\x85\
\0\0\0\x71\0\0\0\xb7\x01\0\0\0\0\0\0\x79\xa3\xd8\xff\0\0\0\0\x0f\x13\0\0\0\0\0\
\0\xbf\xa8\0\0\0\0\0\0\x07\x08\0\0\xb8\xfe\xff\xff\xbf\x81\0\0\0\0\0\0\xb7\x02\
\0\0\x88\0\0\0\x85\0\0\0\x71\0\0\0\x69\x88\x10\0\0\0\0\0\x63\x8a\x78\xfe\0\0\0\
\0\xb7\x01\0\0\x04\0\0\0\x0f\x16\0\0\0\0\0\0\xbf\xa1\0\0\0\0\0\0\x07\x01\0\0\
\xd8\xff\xff\xff\xb7\x02\0\0\x02\0\0\0\xbf\x63\0\0\0\0\0\0\x85\0\0\0\x71\0\0\0\
\x69\xa6\xd8\xff\0\0\0\0\xbf\xa1\0\0\0\0\0\0\x07\x01\0\0\xd8\xff\xff\xff\xb7\
\x02\0\0\x08\0\0\0\xbf\x73\0\0\0\0\0\0\x85\0\0\0\x71\0\0\0\xb7\x01\0\0\x24\x02\
\0\0\x79\xa3\xd8\xff\0\0\0\0\x0f\x13\0\0\0\0\0\0\xbf\xa1\0\0\0\0\0\0\x07\x01\0\
\0\xf8\xff\xff\xff\xb7\x02\0\0\x02\0\0\0\x85\0\0\0\x71\0\0\0\x67\x06\0\0\x30\0\
\0\0\xc7\x06\0\0\x30\0\0\0\x69\xa1\xf8\xff\0\0\0\0\x65\x01\x03\0\x05\0\0\0\x15\
\x01\x0d\0\0\0\0\0\x15\x01\x17\0\x01\0\0\0\x05\0\x02\0\0\0\0\0\x15\x01\x08\0\
\x06\0\0\0\x15\x01\x11\0\x11\0\0\0\xb7\x01\0\0\x3a\0\0\0\x15\x06\x01\0\x3a\0\0\
\0\xb7\x01\0\0\xfc\0\0\0\xb7\x09\0\0\xfb\0\0\0\x15\x06\x0f\0\x03\0\0\0\xbf\x19\
\0\0\0\0\0\0\x05\0\x0d\0\0\0\0\0\xb7\x09\0\0\x06\0\0\0\x05\0\x0b\0\0\0\0\0\x15\
\x08\x01\0\x0a\0\0\0\x55\x08\x08\0\x02\0\0\0\xb7\x09\0\0\x06\0\0\0\x15\x06\x07\
\0\x01\0\0\0\x67\x06\0\0\x20\0\0\0\x77\x06\0\0\x20\0\0\0\x15\x06\xe8\x01\x03\0\
\0\0\x55\x06\x02\0\x02\0\0\0\xb7\x09\0\0\x11\0\0\0\x05\0\x01\0\0\0\0\0\xb7\x09\
\0\0\xfc\0\0\0\x63\x9a\x7c\xfe\0\0\0\0\x15\x08\x08\0\x0a\0\0\0\x55\x08\x19\0\
\x02\0\0\0\xbf\xa1\0\0\0\0\0\0\x07\x01\0\0\xb8\xfe\xff\xff\x61\x12\0\0\0\0\0\0\
\x63\x2a\x98\xfe\0\0\0\0\x61\x11\x04\0\0\0\0\0\x63\x1a\x80\xfe\0\0\0\0\x05\0\
\x12\0\0\0\0\0\xbf\xa1\0\0\0\0\0\0\x07\x01\0\0\x80\xfe\xff\xff\xb7\x02\0\0\x48\
\0\0\0\xbf\xa3\0\0\0\0\0\0\x07\x03\0\0\xb8\xfe\xff\xff\xbf\x34\0\0\0\0\0\0\x0f\
\x24\0\0\0\0\0\0\x79\x32\x48\0\0\0\0\0\x79\x44\x08\0\0\0\0\0\x7b\x41\x08\0\0\0\
\0\0\x7b\x21\0\0\0\0\0\0\xb7\x01\0\0\x38\0\0\0\xbf\x32\0\0\0\0\0\0\x0f\x12\0\0\
\0\0\0\0\x79\x31\x38\0\0\0\0\0\x7b\x1a\x98\xfe\0\0\0\0\x79\x21\x08\0\0\0\0\0\
\x7b\x1a\xa0\xfe\0\0\0\0\xbf\xa1\0\0\0\0\0\0\x07\x01\0\0\xb8\xfe\xff\xff\x69\
\x12\x0c\0\0\0\0\0\x6b\x2a\xa8\xfe\0\0\0\0\x69\x11\x0e\0\0\0\0\0\x6b\x1a\x90\
\xfe\0\0\0\0\xbf\xa2\0\0\0\0\0\0\x07\x02\0\0\x78\xfe\xff\xff\x18\x01\0\0\0\0\0\
\0\0\0\0\0\0\0\0\0\x85\0\0\0\x01\0\0\0\x15\0\x06\0\0\0\0\0\x61\x01\x04\0\0\0\0\
\0\x79\xa2\x70\xfe\0\0\0\0\x0f\x21\0\0\0\0\0\0\x63\x10\x04\0\0\0\0\0\xb7\0\0\0\
\0\0\0\0\x95\0\0\0\0\0\0\0\xb7\x07\0\0\0\0\0\0\x63\x7a\xec\xff\0\0\0\0\x79\xa1\
\x70\xfe\0\0\0\0\x63\x1a\xdc\xff\0\0\0\0\xb7\x01\0\0\x02\0\0\0\x63\x1a\xd8\xff\
\0\0\0\0\x7b\x7a\xe0\xff\0\0\0\0\xbf\xa2\0\0\0\0\0\0\x07\x02\0\0\x78\xfe\xff\
\xff\xbf\xa3\0\0\0\0\0\0\x07\x03\0\0\xd8\xff\xff\xff\x18\x01\0\0\0\0\0\0\0\0\0\
\0\0\0\0\0\xb7\x04\0\0\0\0\0\0\x85\0\0\0\x02\0\0\0\xbf\xa2\0\0\0\0\0\0\x07\x02\
\0\0\xec\xff\xff\xff\x18\x01\0\0\0\0\0\0\0\0\0\0\0\0\0\0\x85\0\0\0\x01\0\0\0\
\x15\0\xe9\xff\0\0\0\0\x7b\x0a\x60\xfe\0\0\0\0\xbf\x06\0\0\0\0\0\0\x7b\x76\x38\
\x02\0\0\0\0\x7b\x76\x30\x02\0\0\0\0\x7b\x76\x28\x02\0\0\0\0\x7b\x76\x20\x02\0\
\0\0\0\x7b\x76\x18\x02\0\0\0\0\x7b\x76\x10\x02\0\0\0\0\x7b\x76\x08\x02\0\0\0\0\
\x7b\x76\0\x02\0\0\0\0\x7b\x76\xf8\x01\0\0\0\0\x7b\x76\xf0\x01\0\0\0\0\x7b\x76\
\xe8\x01\0\0\0\0\x7b\x76\xe0\x01\0\0\0\0\x7b\x76\xd8\x01\0\0\0\0\x7b\x76\xd0\
\x01\0\0\0\0\x7b\x76\xc8\x01\0\0\0\0\x7b\x76\xc0\x01\0\0\0\0\x7b\x76\xb8\x01\0\
\0\0\0\x7b\x76\xb0\x01\0\0\0\0\x7b\x76\xa8\x01\0\0\0\0\x7b\x76\xa0\x01\0\0\0\0\
\x7b\x76\x98\x01\0\0\0\0\x7b\x76\x90\x01\0\0\0\0\x7b\x76\x88\x01\0\0\0\0\x7b\
\x76\x80\x01\0\0\0\0\x7b\x76\x78\x01\0\0\0\0\x7b\x76\x70\x01\0\0\0\0\x7b\x76\
\x68\x01\0\0\0\0\x7b\x76\x60\x01\0\0\0\0\x7b\x76\x58\x01\0\0\0\0\x7b\x76\x50\
\x01\0\0\0\0\x7b\x76\x48\x01\0\0\0\0\x7b\x76\x40\x01\0\0\0\0\x7b\x76\x38\x01\0\
\0\0\0\x7b\x76\x30\x01\0\0\0\0\x7b\x76\x28\x01\0\0\0\0\x7b\x76\x20\x01\0\0\0\0\
\x7b\x76\x18\x01\0\0\0\0\x7b\x76\x10\x01\0\0\0\0\x7b\x76\x08\x01\0\0\0\0\x7b\
\x76\0\x01\0\0\0\0\x7b\x76\xf8\0\0\0\0\0\x7b\x76\xf0\0\0\0\0\0\x7b\x76\xe8\0\0\
\0\0\0\x7b\x76\xe0\0\0\0\0\0\x7b\x76\xd8\0\0\0\0\0\x7b\x76\xd0\0\0\0\0\0\x7b\
\x76\xc8\0\0\0\0\0\x7b\x76\xc0\0\0\0\0\0\x7b\x76\xb8\0\0\0\0\0\x7b\x76\xb0\0\0\
\0\0\0\x7b\x76\xa8\0\0\0\0\0\x7b\x76\xa0\0\0\0\0\0\x7b\x76\x98\0\0\0\0\0\x7b\
\x76\x90\0\0\0\0\0\x7b\x76\x88\0\0\0\0\0\x7b\x76\x80\0\0\0\0\0\x7b\x76\x78\0\0\
\0\0\0\x7b\x76\x70\0\0\0\0\0\x7b\x76\x68\0\0\0\0\0\x7b\x76\x60\0\0\0\0\0\x7b\
\x76\x58\0\0\0\0\0\x7b\x76\x50\0\0\0\0\0\x7b\x76\x48\0\0\0\0\0\x7b\x76\x40\0\0\
\0\0\0\x7b\x76\x38\0\0\0\0\0\x7b\x76\x30\0\0\0\0\0\x7b\x76\x28\0\0\0\0\0\x7b\
\x76\x20\0\0\0\0\0\x7b\x76\x18\0\0\0\0\0\x7b\x76\x10\0\0\0\0\0\x7b\x76\x08\0\0\
\0\0\0\x7b\x76\0\0\0\0\0\0\x79\xa7\xb0\xfe\0\0\0\0\x85\0\0\0\x23\0\0\0\x7b\x0a\
\x70\xfe\0\0\0\0\xb7\x01\0\0\x18\0\0\0\xbf\x73\0\0\0\0\0\0\x0f\x13\0\0\0\0\0\0\
\xbf\xa1\0\0\0\0\0\0\x07\x01\0\0\xb8\xfe\xff\xff\xb7\x02\0\0\x08\0\0\0\x85\0\0\
\0\x71\0\0\0\xb7\x01\0\0\x04\0\0\0\x0f\x17\0\0\0\0\0\0\x79\xa9\xb8\xfe\0\0\0\0\
\xbf\xa1\0\0\0\0\0\0\x07\x01\0\0\xb8\xfe\xff\xff\xb7\x02\0\0\x02\0\0\0\xbf\x73\
\0\0\0\0\0\0\x85\0\0\0\x71\0\0\0\xb7\x01\0\0\0\0\0\0\xbf\x93\0\0\0\0\0\0\x0f\
\x13\0\0\0\0\0\0\x69\xa8\xb8\xfe\0\0\0\0\xbf\xa7\0\0\0\0\0\0\x07\x07\0\0\xb8\
\xfe\xff\xff\xbf\x71\0\0\0\0\0\0\xb7\x02\0\0\x88\0\0\0\x85\0\0\0\x71\0\0\0\x69\
\x77\x10\0\0\0\0\0\x63\x76\x04\0\0\0\0\0\xb7\x01\0\0\x24\x02\0\0\x0f\x19\0\0\0\
\0\0\0\xbf\xa1\0\0\0\0\0\0\x07\x01\0\0\xf8\xff\xff\xff\xb7\x02\0\0\x02\0\0\0\
\xbf\x93\0\0\0\0\0\0\x85\0\0\0\x71\0\0\0\x67\x08\0\0\x30\0\0\0\xc7\x08\0\0\x30\
\0\0\0\x69\xa2\xf8\xff\0\0\0\0\x65\x02\x04\0\x05\0\0\0\x15\x02\x0e\0\0\0\0\0\
\xb7\x01\0\0\x01\0\0\0\x15\x02\x17\0\x01\0\0\0\x05\0\x02\0\0\0\0\0\x15\x02\x08\
\0\x06\0\0\0\x15\x02\x11\0\x11\0\0\0\xb7\x02\0\0\x3a\0\0\0\x15\x08\x01\0\x3a\0\
\0\0\xb7\x02\0\0\xfc\0\0\0\xb7\x01\0\0\xfb\0\0\0\x15\x08\x0f\0\x03\0\0\0\xbf\
\x21\0\0\0\0\0\0\x05\0\x0d\0\0\0\0\0\xb7\x01\0\0\x06\0\0\0\x05\0\x0b\0\0\0\0\0\
\x15\x07\x01\0\x0a\0\0\0\x55\x07\x08\0\x02\0\0\0\xb7\x01\0\0\x06\0\0\0\x15\x08\
\x07\0\x01\0\0\0\x67\x08\0\0\x20\0\0\0\x77\x08\0\0\x20\0\0\0\x15\x08\x1b\x01\
\x03\0\0\0\x55\x08\x02\0\x02\0\0\0\xb7\x01\0\0\x11\0\0\0\x05\0\x01\0\0\0\0\0\
\xb7\x01\0\0\xfc\0\0\0\xbf\xa2\0\0\0\0\0\0\x07\x02\0\0\xb0\xfe\xff\xff\x7b\x2a\
\x58\xfe\0\0\0\0\x7b\x6a\x68\xfe\0\0\0\0\x63\x16\x08\0\0\0\0\0\xb7\x01\0\0\xd8\
\x05\0\0\x79\xa3\x70\xfe\0\0\0\0\x0f\x13\0\0\0\0\0\0\xbf\xa1\0\0\0\0\0\0\x07\
\x01\0\0\xf0\xff\xff\xff\xb7\x02\0\0\x08\0\0\0\x85\0\0\0\x71\0\0\0\xb7\x01\0\0\
\x08\x06\0\0\x79\xa3\xf0\xff\0\0\0\0\x0f\x13\0\0\0\0\0\0\xbf\xa1\0\0\0\0\0\0\
\x07\x01\0\0\xf8\xff\xff\xff\xb7\x02\0\0\x08\0\0\0\x85\0\0\0\x71\0\0\0\xb7\x07\
\0\0\x40\0\0\0\x79\xa8\xf8\xff\0\0\0\0\x05\0\x06\0\0\0\0\0\x07\x07\0\0\xff\xff\
\xff\xff\xbf\x71\0\0\0\0\0\0\x67\x01\0\0\x20\0\0\0\x77\x01\0\0\x20\0\0\0\xbf\
\x98\0\0\0\0\0\0\x15\x01\x20\0\0\0\0\0\xbf\x83\0\0\0\0\0\0\xb7\x01\0\0\xd8\x05\
\0\0\x0f\x13\0\0\0\0\0\0\xbf\xa1\0\0\0\0\0\0\x07\x01\0\0\xf0\xff\xff\xff\xb7\
\x02\0\0\x08\0\0\0\x85\0\0\0\x71\0\0\0\x79\xa3\xf0\xff\0\0\0\0\xb7\x01\0\0\x08\
\x06\0\0\x0f\x13\0\0\0\0\0\0\xbf\xa1\0\0\0\0\0\0\x07\x01\0\0\xf8\xff\xff\xff\
\xb7\x02\0\0\x08\0\0\0\x85\0\0\0\x71\0\0\0\x79\xa9\xf8\xff\0\0\0\0\x15\x09\x10\
\0\0\0\0\0\xbf\x83\0\0\0\0\0\0\xb7\x06\0\0\xa0\x08\0\0\x0f\x63\0\0\0\0\0\0\xbf\
\xa1\0\0\0\0\0\0\x07\x01\0\0\xf8\xff\xff\xff\xb7\x02\0\0\x08\0\0\0\x85\0\0\0\
\x71\0\0\0\xbf\x93\0\0\0\0\0\0\x0f\x63\0\0\0\0\0\0\x79\xa6\xf8\xff\0\0\0\0\xbf\
\xa1\0\0\0\0\0\0\x07\x01\0\0\xf8\xff\xff\xff\xb7\x02\0\0\x08\0\0\0\x85\0\0\0\
\x71\0\0\0\x79\xa1\xf8\xff\0\0\0\0\x1d\x16\xda\xff\0\0\0\0\xb7\x07\0\0\xcc\x05\
\0\0\xbf\x83\0\0\0\0\0\0\x0f\x73\0\0\0\0\0\0\xbf\xa1\0\0\0\0\0\0\x07\x01\0\0\
\xf8\xff\xff\xff\xb7\x02\0\0\x04\0\0\0\x85\0\0\0\x71\0\0\0\x61\xa1\xf8\xff\0\0\
\0\0\x79\xa6\x68\xfe\0\0\0\0\x63\x16\x14\0\0\0\0\0\xb7\x09\0\0\0\x07\0\0\x0f\
\x98\0\0\0\0\0\0\xbf\xa1\0\0\0\0\0\0\x07\x01\0\0\xf8\xff\xff\xff\xb7\x02\0\0\
\x08\0\0\0\xbf\x83\0\0\0\0\0\0\x85\0\0\0\x71\0\0\0\x79\xa1\xf8\xff\0\0\0\0\x7b\
\x16\x20\0\0\0\0\0\xb7\x01\0\0\x08\x06\0\0\x79\xa8\x70\xfe\0\0\0\0\xbf\x83\0\0\
\0\0\0\0\x0f\x13\0\0\0\0\0\0\xbf\xa1\0\0\0\0\0\0\x07\x01\0\0\xf0\xff\xff\xff\
\xb7\x02\0\0\x08\0\0\0\x85\0\0\0\x71\0\0\0\x79\xa3\xf0\xff\0\0\0\0\x0f\x93\0\0\
\0\0\0\0\xbf\xa1\0\0\0\0\0\0\x07\x01\0\0\xf8\xff\xff\xff\xb7\x02\0\0\x08\0\0\0\
\x85\0\0\0\x71\0\0\0\x79\xa1\xf8\xff\0\0\0\0\x7b\x16\x18\0\0\0\0\0\xbf\x83\0\0\
\0\0\0\0\x0f\x73\0\0\0\0\0\0\xbf\xa1\0\0\0\0\0\0\x07\x01\0\0\xf8\xff\xff\xff\
\xb7\x02\0\0\x04\0\0\0\x85\0\0\0\x71\0\0\0\x61\xa1\xf8\xff\0\0\0\0\x63\x16\x10\
\0\0\0\0\0\xb7\x01\0\0\x88\x07\0\0\xbf\x89\0\0\0\0\0\0\x0f\x19\0\0\0\0\0\0\xbf\
\xa1\0\0\0\0\0\0\x07\x01\0\0\xf8\xff\xff\xff\xb7\x02\0\0\x08\0\0\0\xbf\x93\0\0\
\0\0\0\0\x85\0\0\0\x71\0\0\0\xb7\x01\0\0\x14\0\0\0\x79\xa3\xf8\xff\0\0\0\0\x0f\
\x13\0\0\0\0\0\0\xbf\xa1\0\0\0\0\0\0\x07\x01\0\0\xf0\xff\xff\xff\xb7\x02\0\0\
\x04\0\0\0\x85\0\0\0\x71\0\0\0\x61\xa1\xf0\xff\0\0\0\0\x63\x16\x2c\x02\0\0\0\0\
\xbf\xa1\0\0\0\0\0\0\x07\x01\0\0\xf8\xff\xff\xff\xb7\x02\0\0\x08\0\0\0\xbf\x93\
\0\0\0\0\0\0\x85\0\0\0\x71\0\0\0\xb7\x01\0\0\x18\0\0\0\x79\xa3\xf8\xff\0\0\0\0\
\x0f\x13\0\0\0\0\0\0\xbf\xa1\0\0\0\0\0\0\x07\x01\0\0\xf0\xff\xff\xff\xb7\x02\0\
\0\x04\0\0\0\x85\0\0\0\x71\0\0\0\x61\xa1\xf0\xff\0\0\0\0\x63\x16\x30\x02\0\0\0\
\0\xb7\x01\0\0\x10\x05\0\0\x0f\x18\0\0\0\0\0\0\xbf\xa1\0\0\0\0\0\0\x07\x01\0\0\
\xf0\xff\xff\xff\xb7\x02\0\0\x08\0\0\0\xbf\x83\0\0\0\0\0\0\x85\0\0\0\x71\0\0\0\
\xb7\x01\0\0\x38\x01\0\0\x79\xa3\xf0\xff\0\0\0\0\x0f\x13\0\0\0\0\0\0\xbf\xa1\0\
\0\0\0\0\0\x07\x01\0\0\xf8\xff\xff\xff\xb7\x02\0\0\x08\0\0\0\x85\0\0\0\x71\0\0\
\0\x79\xa9\xf8\xff\0\0\0\0\xbf\xa1\0\0\0\0\0\0\x07\x01\0\0\xf0\xff\xff\xff\xb7\
\x02\0\0\x08\0\0\0\xbf\x83\0\0\0\0\0\0\x85\0\0\0\x71\0\0\0\xb7\x01\0\0\x40\x01\
\0\0\x79\xa3\xf0\xff\0\0\0\0\x0f\x13\0\0\0\0\0\0\xbf\xa1\0\0\0\0\0\0\x07\x01\0\
\0\xf8\xff\xff\xff\xb7\x02\0\0\x08\0\0\0\x85\0\0\0\x71\0\0\0\x79\xa2\xf8\xff\0\
\0\0\0\x1f\x92\0\0\0\0\0\0\xb7\x01\0\0\0\x02\0\0\x2d\x21\x01\0\0\0\0\0\xb7\x02\
\0\0\0\x02\0\0\x63\x26\x28\x02\0\0\0\0\x79\xa1\x60\xfe\0\0\0\0\x07\x01\0\0\x28\
\0\0\0\xbf\x93\0\0\0\0\0\0\x85\0\0\0\x70\0\0\0\x61\x61\x28\x02\0\0\0\0\x55\x01\
\x02\0\0\x02\0\0\xb7\x01\0\0\0\0\0\0\x73\x16\x27\x02\0\0\0\0\xb7\x08\0\0\0\0\0\
\0\x73\x86\x38\x02\0\0\0\0\xb7\x07\0\0\x01\0\0\0\x18\x01\0\0\0\0\0\0\0\0\0\0\0\
\0\0\0\x79\xa9\x58\xfe\0\0\0\0\xbf\x92\0\0\0\0\0\0\xbf\x63\0\0\0\0\0\0\xb7\x04\
\0\0\x01\0\0\0\x85\0\0\0\x02\0\0\0\x18\x01\0\0\0\0\0\0\0\0\0\0\0\0\0\0\xbf\x92\
\0\0\0\0\0\0\x85\0\0\0\x01\0\0\0\x15\0\x17\0\0\0\0\0\x71\x01\0\0\0\0\0\0\x25\
\x01\x9d\xfe\x04\0\0\0\xbf\x12\0\0\0\0\0\0\x27\x02\0\0\x38\0\0\0\xbf\x03\0\0\0\
\0\0\0\x0f\x23\0\0\0\0\0\0\x79\xa2\x78\xfe\0\0\0\0\x79\xa4\x80\xfe\0\0\0\0\x79\
\xa5\x88\xfe\0\0\0\0\x79\xa6\x90\xfe\0\0\0\0\x79\xa7\x98\xfe\0\0\0\0\x79\xa8\
\xa0\xfe\0\0\0\0\x79\xa9\xa8\xfe\0\0\0\0\x7b\x93\x38\0\0\0\0\0\x7b\x83\x30\0\0\
\0\0\0\x7b\x73\x28\0\0\0\0\0\x7b\x63\x20\0\0\0\0\0\x7b\x53\x18\0\0\0\0\0\x7b\
\x43\x10\0\0\0\0\0\x7b\x23\x08\0\0\0\0\0\x07\x01\0\0\x01\0\0\0\x73\x10\0\0\0\0\
\0\0\x05\0\x88\xfe\0\0\0\0\x7b\x8a\xd0\xff\0\0\0\0\x7b\x8a\xc8\xff\0\0\0\0\x7b\
\x8a\xc0\xff\0\0\0\0\x7b\x8a\xb8\xff\0\0\0\0\x7b\x8a\xb0\xff\0\0\0\0\x7b\x8a\
\xa8\xff\0\0\0\0\x7b\x8a\xa0\xff\0\0\0\0\x7b\x8a\x98\xff\0\0\0\0\x7b\x8a\x90\
\xff\0\0\0\0\x7b\x8a\x88\xff\0\0\0\0\x7b\x8a\x80\xff\0\0\0\0\x7b\x8a\x78\xff\0\
\0\0\0\x7b\x8a\x70\xff\0\0\0\0\x7b\x8a\x68\xff\0\0\0\0\x7b\x8a\x60\xff\0\0\0\0\
\x7b\x8a\x58\xff\0\0\0\0\x7b\x8a\x50\xff\0\0\0\0\x7b\x8a\x48\xff\0\0\0\0\x7b\
\x8a\x40\xff\0\0\0\0\x7b\x8a\x38\xff\0\0\0\0\x7b\x8a\x30\xff\0\0\0\0\x7b\x8a\
\x28\xff\0\0\0\0\x7b\x8a\x20\xff\0\0\0\0\x7b\x8a\x18\xff\0\0\0\0\x7b\x8a\x10\
\xff\0\0\0\0\x7b\x8a\x08\xff\0\0\0\0\x7b\x8a\0\xff\0\0\0\0\x7b\x8a\xf8\xfe\0\0\
\0\0\x7b\x8a\xf0\xfe\0\0\0\0\x7b\x8a\xe8\xfe\0\0\0\0\x7b\x8a\xe0\xfe\0\0\0\0\
\x7b\x8a\xd8\xfe\0\0\0\0\x7b\x8a\xd0\xfe\0\0\0\0\x7b\x8a\xc8\xfe\0\0\0\0\x7b\
\x8a\xc0\xfe\0\0\0\0\x7b\x8a\xb8\xfe\0\0\0\0\x79\xa1\xa8\xfe\0\0\0\0\x7b\x1a\
\xf0\xfe\0\0\0\0\x79\xa1\xa0\xfe\0\0\0\0\x7b\x1a\xe8\xfe\0\0\0\0\x79\xa1\x98\
\xfe\0\0\0\0\x7b\x1a\xe0\xfe\0\0\0\0\x79\xa1\x90\xfe\0\0\0\0\x7b\x1a\xd8\xfe\0\
\0\0\0\x79\xa1\x88\xfe\0\0\0\0\x7b\x1a\xd0\xfe\0\0\0\0\x79\xa1\x80\xfe\0\0\0\0\
\x7b\x1a\xc8\xfe\0\0\0\0\x79\xa1\x78\xfe\0\0\0\0\x7b\x1a\xc0\xfe\0\0\0\0\x73\
\x7a\xb8\xfe\0\0\0\0\xbf\xa3\0\0\0\0\0\0\x07\x03\0\0\xb8\xfe\xff\xff\x18\x01\0\
\0\0\0\0\0\0\0\0\0\0\0\0\0\xbf\x92\0\0\0\0\0\0\xb7\x04\0\0\x01\0\0\0\x85\0\0\0\
\x02\0\0\0\x15\0\x4d\xfe\0\0\0\0\x18\x01\0\0\0\0\0\0\0\0\0\0\0\0\0\0\xb7\x02\0\
\0\x56\0\0\0\x85\0\0\0\x06\0\0\0\x05\0\x48\xfe\0\0\0\0\xb7\x09\0\0\xfb\0\0\0\
\x05\0\x1a\xfe\0\0\0\0\xb7\x01\0\0\xfb\0\0\0\x05\0\xe7\xfe\0\0\0\0\x79\x13\x20\
\0\0\0\0\0\xbf\x32\0\0\0\0\0\0\x67\x02\0\0\x20\0\0\0\xc7\x02\0\0\x20\0\0\0\xb7\
\x09\0\0\x01\0\0\0\x6d\x29\x79\0\0\0\0\0\x7b\x3a\x70\xfe\0\0\0\0\x79\x16\0\0\0\
\0\0\0\xb7\x01\0\0\0\0\0\0\x7b\x1a\xa8\xfe\0\0\0\0\x7b\x1a\xa0\xfe\0\0\0\0\x7b\
\x1a\x98\xfe\0\0\0\0\x7b\x1a\x90\xfe\0\0\0\0\x7b\x1a\x88\xfe\0\0\0\0\x7b\x1a\
\x80\xfe\0\0\0\0\x7b\x6a\xb0\xfe\0\0\0\0\xb7\x01\0\0\x18\0\0\0\xbf\x67\0\0\0\0\
\0\0\x0f\x17\0\0\0\0\0\0\xbf\xa1\0\0\0\0\0\0\x07\x01\0\0\xd8\xff\xff\xff\xb7\
\x02\0\0\x08\0\0\0\xbf\x73\0\0\0\0\0\0\x85\0\0\0\x71\0\0\0\xb7\x01\0\0\0\0\0\0\
\x79\xa3\xd8\xff\0\0\0\0\x0f\x13\0\0\0\0\0\0\xbf\xa8\0\0\0\0\0\0\x07\x08\0\0\
\xb8\xfe\xff\xff\xbf\x81\0\0\0\0\0\0\xb7\x02\0\0\x88\0\0\0\x85\0\0\0\x71\0\0\0\
\x69\x88\x10\0\0\0\0\0\x63\x8a\x78\xfe\0\0\0\0\xb7\x01\0\0\x04\0\0\0\x0f\x16\0\
\0\0\0\0\0\xbf\xa1\0\0\0\0\0\0\x07\x01\0\0\xd8\xff\xff\xff\xb7\x02\0\0\x02\0\0\
\0\xbf\x63\0\0\0\0\0\0\x85\0\0\0\x71\0\0\0\x69\xa6\xd8\xff\0\0\0\0\xbf\xa1\0\0\
\0\0\0\0\x07\x01\0\0\xd8\xff\xff\xff\xb7\x02\0\0\x08\0\0\0\xbf\x73\0\0\0\0\0\0\
\x85\0\0\0\x71\0\0\0\xb7\x01\0\0\x24\x02\0\0\x79\xa3\xd8\xff\0\0\0\0\x0f\x13\0\
\0\0\0\0\0\xbf\xa1\0\0\0\0\0\0\x07\x01\0\0\xf8\xff\xff\xff\xb7\x02\0\0\x02\0\0\
\0\x85\0\0\0\x71\0\0\0\x67\x06\0\0\x30\0\0\0\xc7\x06\0\0\x30\0\0\0\x69\xa1\xf8\
\xff\0\0\0\0\x65\x01\x03\0\x05\0\0\0\x15\x01\x0d\0\0\0\0\0\x15\x01\x17\0\x01\0\
\0\0\x05\0\x02\0\0\0\0\0\x15\x01\x08\0\x06\0\0\0\x15\x01\x11\0\x11\0\0\0\xb7\
\x01\0\0\x3a\0\0\0\x15\x06\x01\0\x3a\0\0\0\xb7\x01\0\0\xfc\0\0\0\xb7\x09\0\0\
\xfb\0\0\0\x15\x06\x0f\0\x03\0\0\0\xbf\x19\0\0\0\0\0\0\x05\0\x0d\0\0\0\0\0\xb7\
\x09\0\0\x06\0\0\0\x05\0\x0b\0\0\0\0\0\x15\x08\x01\0\x0a\0\0\0\x55\x08\x08\0\
\x02\0\0\0\xb7\x09\0\0\x06\0\0\0\x15\x06\x07\0\x01\0\0\0\x67\x06\0\0\x20\0\0\0\
\x77\x06\0\0\x20\0\0\0\x15\x06\xe8\x01\x03\0\0\0\x55\x06\x02\0\x02\0\0\0\xb7\
\x09\0\0\x11\0\0\0\x05\0\x01\0\0\0\0\0\xb7\x09\0\0\xfc\0\0\0\x63\x9a\x7c\xfe\0\
\0\0\0\x15\x08\x08\0\x0a\0\0\0\x55\x08\x19\0\x02\0\0\0\xbf\xa1\0\0\0\0\0\0\x07\
\x01\0\0\xb8\xfe\xff\xff\x61\x12\0\0\0\0\0\0\x63\x2a\x98\xfe\0\0\0\0\x61\x11\
\x04\0\0\0\0\0\x63\x1a\x80\xfe\0\0\0\0\x05\0\x12\0\0\0\0\0\xbf\xa1\0\0\0\0\0\0\
\x07\x01\0\0\x80\xfe\xff\xff\xb7\x02\0\0\x48\0\0\0\xbf\xa3\0\0\0\0\0\0\x07\x03\
\0\0\xb8\xfe\xff\xff\xbf\x34\0\0\0\0\0\0\x0f\x24\0\0\0\0\0\0\x79\x32\x48\0\0\0\
\0\0\x79\x44\x08\0\0\0\0\0\x7b\x41\x08\0\0\0\0\0\x7b\x21\0\0\0\0\0\0\xb7\x01\0\
\0\x38\0\0\0\xbf\x32\0\0\0\0\0\0\x0f\x12\0\0\0\0\0\0\x79\x31\x38\0\0\0\0\0\x7b\
\x1a\x98\xfe\0\0\0\0\x79\x21\x08\0\0\0\0\0\x7b\x1a\xa0\xfe\0\0\0\0\xbf\xa1\0\0\
\0\0\0\0\x07\x01\0\0\xb8\xfe\xff\xff\x69\x12\x0c\0\0\0\0\0\x6b\x2a\xa8\xfe\0\0\
\0\0\x69\x11\x0e\0\0\0\0\0\x6b\x1a\x90\xfe\0\0\0\0\xbf\xa2\0\0\0\0\0\0\x07\x02\
\0\0\x78\xfe\xff\xff\x18\x01\0\0\0\0\0\0\0\0\0\0\0\0\0\0\x85\0\0\0\x01\0\0\0\
\x15\0\x06\0\0\0\0\0\x61\x01\x08\0\0\0\0\0\x79\xa2\x70\xfe\0\0\0\0\x0f\x21\0\0\
\0\0\0\0\x63\x10\x08\0\0\0\0\0\xb7\0\0\0\0\0\0\0\x95\0\0\0\0\0\0\0\xb7\x07\0\0\
\0\0\0\0\x63\x7a\xec\xff\0\0\0\0\xb7\x01\0\0\x02\0\0\0\x7b\x1a\xd8\xff\0\0\0\0\
\x7b\x7a\xe0\xff\0\0\0\0\x79\xa1\x70\xfe\0\0\0\0\x63\x1a\xe0\xff\0\0\0\0\xbf\
\xa2\0\0\0\0\0\0\x07\x02\0\0\x78\xfe\xff\xff\xbf\xa3\0\0\0\0\0\0\x07\x03\0\0\
\xd8\xff\xff\xff\x18\x01\0\0\0\0\0\0\0\0\0\0\0\0\0\0\xb7\x04\0\0\0\0\0\0\x85\0\
\0\0\x02\0\0\0\xbf\xa2\0\0\0\0\0\0\x07\x02\0\0\xec\xff\xff\xff\x18\x01\0\0\0\0\
\0\0\0\0\0\0\0\0\0\0\x85\0\0\0\x01\0\0\0\x15\0\xe9\xff\0\0\0\0\x7b\x0a\x60\xfe\
\0\0\0\0\xbf\x06\0\0\0\0\0\0\x7b\x76\x38\x02\0\0\0\0\x7b\x76\x30\x02\0\0\0\0\
\x7b\x76\x28\x02\0\0\0\0\x7b\x76\x20\x02\0\0\0\0\x7b\x76\x18\x02\0\0\0\0\x7b\
\x76\x10\x02\0\0\0\0\x7b\x76\x08\x02\0\0\0\0\x7b\x76\0\x02\0\0\0\0\x7b\x76\xf8\
\x01\0\0\0\0\x7b\x76\xf0\x01\0\0\0\0\x7b\x76\xe8\x01\0\0\0\0\x7b\x76\xe0\x01\0\
\0\0\0\x7b\x76\xd8\x01\0\0\0\0\x7b\x76\xd0\x01\0\0\0\0\x7b\x76\xc8\x01\0\0\0\0\
\x7b\x76\xc0\x01\0\0\0\0\x7b\x76\xb8\x01\0\0\0\0\x7b\x76\xb0\x01\0\0\0\0\x7b\
\x76\xa8\x01\0\0\0\0\x7b\x76\xa0\x01\0\0\0\0\x7b\x76\x98\x01\0\0\0\0\x7b\x76\
\x90\x01\0\0\0\0\x7b\x76\x88\x01\0\0\0\0\x7b\x76\x80\x01\0\0\0\0\x7b\x76\x78\
\x01\0\0\0\0\x7b\x76\x70\x01\0\0\0\0\x7b\x76\x68\x01\0\0\0\0\x7b\x76\x60\x01\0\
\0\0\0\x7b\x76\x58\x01\0\0\0\0\x7b\x76\x50\x01\0\0\0\0\x7b\x76\x48\x01\0\0\0\0\
\x7b\x76\x40\x01\0\0\0\0\x7b\x76\x38\x01\0\0\0\0\x7b\x76\x30\x01\0\0\0\0\x7b\
\x76\x28\x01\0\0\0\0\x7b\x76\x20\x01\0\0\0\0\x7b\x76\x18\x01\0\0\0\0\x7b\x76\
\x10\x01\0\0\0\0\x7b\x76\x08\x01\0\0\0\0\x7b\x76\0\x01\0\0\0\0\x7b\x76\xf8\0\0\
\0\0\0\x7b\x76\xf0\0\0\0\0\0\x7b\x76\xe8\0\0\0\0\0\x7b\x76\xe0\0\0\0\0\0\x7b\
\x76\xd8\0\0\0\0\0\x7b\x76\xd0\0\0\0\0\0\x7b\x76\xc8\0\0\0\0\0\x7b\x76\xc0\0\0\
\0\0\0\x7b\x76\xb8\0\0\0\0\0\x7b\x76\xb0\0\0\0\0\0\x7b\x76\xa8\0\0\0\0\0\x7b\
\x76\xa0\0\0\0\0\0\x7b\x76\x98\0\0\0\0\0\x7b\x76\x90\0\0\0\0\0\x7b\x76\x88\0\0\
\0\0\0\x7b\x76\x80\0\0\0\0\0\x7b\x76\x78\0\0\0\0\0\x7b\x76\x70\0\0\0\0\0\x7b\
\x76\x68\0\0\0\0\0\x7b\x76\x60\0\0\0\0\0\x7b\x76\x58\0\0\0\0\0\x7b\x76\x50\0\0\
\0\0\0\x7b\x76\x48\0\0\0\0\0\x7b\x76\x40\0\0\0\0\0\x7b\x76\x38\0\0\0\0\0\x7b\
\x76\x30\0\0\0\0\0\x7b\x76\x28\0\0\0\0\0\x7b\x76\x20\0\0\0\0\0\x7b\x76\x18\0\0\
\0\0\0\x7b\x76\x10\0\0\0\0\0\x7b\x76\x08\0\0\0\0\0\x7b\x76\0\0\0\0\0\0\x79\xa7\
\xb0\xfe\0\0\0\0\x85\0\0\0\x23\0\0\0\x7b\x0a\x70\xfe\0\0\0\0\xb7\x01\0\0\x18\0\
\0\0\xbf\x73\0\0\0\0\0\0\x0f\x13\0\0\0\0\0\0\xbf\xa1\0\0\0\0\0\0\x07\x01\0\0\
\xb8\xfe\xff\xff\xb7\x02\0\0\x08\0\0\0\x85\0\0\0\x71\0\0\0\xb7\x01\0\0\x04\0\0\
\0\x0f\x17\0\0\0\0\0\0\x79\xa9\xb8\xfe\0\0\0\0\xbf\xa1\0\0\0\0\0\0\x07\x01\0\0\
\xb8\xfe\xff\xff\xb7\x02\0\0\x02\0\0\0\xbf\x73\0\0\0\0\0\0\x85\0\0\0\x71\0\0\0\
\xb7\x01\0\0\0\0\0\0\xbf\x93\0\0\0\0\0\0\x0f\x13\0\0\0\0\0\0\x69\xa8\xb8\xfe\0\
\0\0\0\xbf\xa7\0\0\0\0\0\0\x07\x07\0\0\xb8\xfe\xff\xff\xbf\x71\0\0\0\0\0\0\xb7\
\x02\0\0\x88\0\0\0\x85\0\0\0\x71\0\0\0\x69\x77\x10\0\0\0\0\0\x63\x76\x04\0\0\0\
\0\0\xb7\x01\0\0\x24\x02\0\0\x0f\x19\0\0\0\0\0\0\xbf\xa1\0\0\0\0\0\0\x07\x01\0\
\0\xf8\xff\xff\xff\xb7\x02\0\0\x02\0\0\0\xbf\x93\0\0\0\0\0\0\x85\0\0\0\x71\0\0\
\0\x67\x08\0\0\x30\0\0\0\xc7\x08\0\0\x30\0\0\0\x69\xa2\xf8\xff\0\0\0\0\x65\x02\
\x04\0\x05\0\0\0\x15\x02\x0e\0\0\0\0\0\xb7\x01\0\0\x01\0\0\0\x15\x02\x17\0\x01\
\0\0\0\x05\0\x02\0\0\0\0\0\x15\x02\x08\0\x06\0\0\0\x15\x02\x11\0\x11\0\0\0\xb7\
\x02\0\0\x3a\0\0\0\x15\x08\x01\0\x3a\0\0\0\xb7\x02\0\0\xfc\0\0\0\xb7\x01\0\0\
\xfb\0\0\0\x15\x08\x0f\0\x03\0\0\0\xbf\x21\0\0\0\0\0\0\x05\0\x0d\0\0\0\0\0\xb7\
\x01\0\0\x06\0\0\0\x05\0\x0b\0\0\0\0\0\x15\x07\x01\0\x0a\0\0\0\x55\x07\x08\0\
\x02\0\0\0\xb7\x01\0\0\x06\0\0\0\x15\x08\x07\0\x01\0\0\0\x67\x08\0\0\x20\0\0\0\
\x77\x08\0\0\x20\0\0\0\x15\x08\x1b\x01\x03\0\0\0\x55\x08\x02\0\x02\0\0\0\xb7\
\x01\0\0\x11\0\0\0\x05\0\x01\0\0\0\0\0\xb7\x01\0\0\xfc\0\0\0\xbf\xa2\0\0\0\0\0\
\0\x07\x02\0\0\xb0\xfe\xff\xff\x7b\x2a\x58\xfe\0\0\0\0\x7b\x6a\x68\xfe\0\0\0\0\
\x63\x16\x08\0\0\0\0\0\xb7\x01\0\0\xd8\x05\0\0\x79\xa3\x70\xfe\0\0\0\0\x0f\x13\
\0\0\0\0\0\0\xbf\xa1\0\0\0\0\0\0\x07\x01\0\0\xf0\xff\xff\xff\xb7\x02\0\0\x08\0\
\0\0\x85\0\0\0\x71\0\0\0\xb7\x01\0\0\x08\x06\0\0\x79\xa3\xf0\xff\0\0\0\0\x0f\
\x13\0\0\0\0\0\0\xbf\xa1\0\0\0\0\0\0\x07\x01\0\0\xf8\xff\xff\xff\xb7\x02\0\0\
\x08\0\0\0\x85\0\0\0\x71\0\0\0\xb7\x07\0\0\x40\0\0\0\x79\xa8\xf8\xff\0\0\0\0\
\x05\0\x06\0\0\0\0\0\x07\x07\0\0\xff\xff\xff\xff\xbf\x71\0\0\0\0\0\0\x67\x01\0\
\0\x20\0\0\0\x77\x01\0\0\x20\0\0\0\xbf\x98\0\0\0\0\0\0\x15\x01\x20\0\0\0\0\0\
\xbf\x83\0\0\0\0\0\0\xb7\x01\0\0\xd8\x05\0\0\x0f\x13\0\0\0\0\0\0\xbf\xa1\0\0\0\
\0\0\0\x07\x01\0\0\xf0\xff\xff\xff\xb7\x02\0\0\x08\0\0\0\x85\0\0\0\x71\0\0\0\
\x79\xa3\xf0\xff\0\0\0\0\xb7\x01\0\0\x08\x06\0\0\x0f\x13\0\0\0\0\0\0\xbf\xa1\0\
\0\0\0\0\0\x07\x01\0\0\xf8\xff\xff\xff\xb7\x02\0\0\x08\0\0\0\x85\0\0\0\x71\0\0\
\0\x79\xa9\xf8\xff\0\0\0\0\x15\x09\x10\0\0\0\0\0\xbf\x83\0\0\0\0\0\0\xb7\x06\0\
\0\xa0\x08\0\0\x0f\x63\0\0\0\0\0\0\xbf\xa1\0\0\0\0\0\0\x07\x01\0\0\xf8\xff\xff\
\xff\xb7\x02\0\0\x08\0\0\0\x85\0\0\0\x71\0\0\0\xbf\x93\0\0\0\0\0\0\x0f\x63\0\0\
\0\0\0\0\x79\xa6\xf8\xff\0\0\0\0\xbf\xa1\0\0\0\0\0\0\x07\x01\0\0\xf8\xff\xff\
\xff\xb7\x02\0\0\x08\0\0\0\x85\0\0\0\x71\0\0\0\x79\xa1\xf8\xff\0\0\0\0\x1d\x16\
\xda\xff\0\0\0\0\xb7\x07\0\0\xcc\x05\0\0\xbf\x83\0\0\0\0\0\0\x0f\x73\0\0\0\0\0\
\0\xbf\xa1\0\0\0\0\0\0\x07\x01\0\0\xf8\xff\xff\xff\xb7\x02\0\0\x04\0\0\0\x85\0\
\0\0\x71\0\0\0\x61\xa1\xf8\xff\0\0\0\0\x79\xa6\x68\xfe\0\0\0\0\x63\x16\x14\0\0\
\0\0\0\xb7\x09\0\0\0\x07\0\0\x0f\x98\0\0\0\0\0\0\xbf\xa1\0\0\0\0\0\0\x07\x01\0\
\0\xf8\xff\xff\xff\xb7\x02\0\0\x08\0\0\0\xbf\x83\0\0\0\0\0\0\x85\0\0\0\x71\0\0\
\0\x79\xa1\xf8\xff\0\0\0\0\x7b\x16\x20\0\0\0\0\0\xb7\x01\0\0\x08\x06\0\0\x79\
\xa8\x70\xfe\0\0\0\0\xbf\x83\0\0\0\0\0\0\x0f\x13\0\0\0\0\0\0\xbf\xa1\0\0\0\0\0\
\0\x07\x01\0\0\xf0\xff\xff\xff\xb7\x02\0\0\x08\0\0\0\x85\0\0\0\x71\0\0\0\x79\
\xa3\xf0\xff\0\0\0\0\x0f\x93\0\0\0\0\0\0\xbf\xa1\0\0\0\0\0\0\x07\x01\0\0\xf8\
\xff\xff\xff\xb7\x02\0\0\x08\0\0\0\x85\0\0\0\x71\0\0\0\x79\xa1\xf8\xff\0\0\0\0\
\x7b\x16\x18\0\0\0\0\0\xbf\x83\0\0\0\0\0\0\x0f\x73\0\0\0\0\0\0\xbf\xa1\0\0\0\0\
\0\0\x07\x01\0\0\xf8\xff\xff\xff\xb7\x02\0\0\x04\0\0\0\x85\0\0\0\x71\0\0\0\x61\
\xa1\xf8\xff\0\0\0\0\x63\x16\x10\0\0\0\0\0\xb7\x01\0\0\x88\x07\0\0\xbf\x89\0\0\
\0\0\0\0\x0f\x19\0\0\0\0\0\0\xbf\xa1\0\0\0\0\0\0\x07\x01\0\0\xf8\xff\xff\xff\
\xb7\x02\0\0\x08\0\0\0\xbf\x93\0\0\0\0\0\0\x85\0\0\0\x71\0\0\0\xb7\x01\0\0\x14\
\0\0\0\x79\xa3\xf8\xff\0\0\0\0\x0f\x13\0\0\0\0\0\0\xbf\xa1\0\0\0\0\0\0\x07\x01\
\0\0\xf0\xff\xff\xff\xb7\x02\0\0\x04\0\0\0\x85\0\0\0\x71\0\0\0\x61\xa1\xf0\xff\
\0\0\0\0\x63\x16\x2c\x02\0\0\0\0\xbf\xa1\0\0\0\0\0\0\x07\x01\0\0\xf8\xff\xff\
\xff\xb7\x02\0\0\x08\0\0\0\xbf\x93\0\0\0\0\0\0\x85\0\0\0\x71\0\0\0\xb7\x01\0\0\
\x18\0\0\0\x79\xa3\xf8\xff\0\0\0\0\x0f\x13\0\0\0\0\0\0\xbf\xa1\0\0\0\0\0\0\x07\
\x01\0\0\xf0\xff\xff\xff\xb7\x02\0\0\x04\0\0\0\x85\0\0\0\x71\0\0\0\x61\xa1\xf0\
\xff\0\0\0\0\x63\x16\x30\x02\0\0\0\0\xb7\x01\0\0\x10\x05\0\0\x0f\x18\0\0\0\0\0\
\0\xbf\xa1\0\0\0\0\0\0\x07\x01\0\0\xf0\xff\xff\xff\xb7\x02\0\0\x08\0\0\0\xbf\
\x83\0\0\0\0\0\0\x85\0\0\0\x71\0\0\0\xb7\x01\0\0\x38\x01\0\0\x79\xa3\xf0\xff\0\
\0\0\0\x0f\x13\0\0\0\0\0\0\xbf\xa1\0\0\0\0\0\0\x07\x01\0\0\xf8\xff\xff\xff\xb7\
\x02\0\0\x08\0\0\0\x85\0\0\0\x71\0\0\0\x79\xa9\xf8\xff\0\0\0\0\xbf\xa1\0\0\0\0\
\0\0\x07\x01\0\0\xf0\xff\xff\xff\xb7\x02\0\0\x08\0\0\0\xbf\x83\0\0\0\0\0\0\x85\
\0\0\0\x71\0\0\0\xb7\x01\0\0\x40\x01\0\0\x79\xa3\xf0\xff\0\0\0\0\x0f\x13\0\0\0\
\0\0\0\xbf\xa1\0\0\0\0\0\0\x07\x01\0\0\xf8\xff\xff\xff\xb7\x02\0\0\x08\0\0\0\
\x85\0\0\0\x71\0\0\0\x79\xa2\xf8\xff\0\0\0\0\x1f\x92\0\0\0\0\0\0\xb7\x01\0\0\0\
\x02\0\0\x2d\x21\x01\0\0\0\0\0\xb7\x02\0\0\0\x02\0\0\x63\x26\x28\x02\0\0\0\0\
\x79\xa1\x60\xfe\0\0\0\0\x07\x01\0\0\x28\0\0\0\xbf\x93\0\0\0\0\0\0\x85\0\0\0\
\x70\0\0\0\x61\x61\x28\x02\0\0\0\0\x55\x01\x02\0\0\x02\0\0\xb7\x01\0\0\0\0\0\0\
\x73\x16\x27\x02\0\0\0\0\xb7\x08\0\0\0\0\0\0\x73\x86\x38\x02\0\0\0\0\xb7\x07\0\
\0\x01\0\0\0\x18\x01\0\0\0\0\0\0\0\0\0\0\0\0\0\0\x79\xa9\x58\xfe\0\0\0\0\xbf\
\x92\0\0\0\0\0\0\xbf\x63\0\0\0\0\0\0\xb7\x04\0\0\x01\0\0\0\x85\0\0\0\x02\0\0\0\
\x18\x01\0\0\0\0\0\0\0\0\0\0\0\0\0\0\xbf\x92\0\0\0\0\0\0\x85\0\0\0\x01\0\0\0\
\x15\0\x17\0\0\0\0\0\x71\x01\0\0\0\0\0\0\x25\x01\x9d\xfe\x04\0\0\0\xbf\x12\0\0\
\0\0\0\0\x27\x02\0\0\x38\0\0\0\xbf\x03\0\0\0\0\0\0\x0f\x23\0\0\0\0\0\0\x79\xa2\
\x78\xfe\0\0\0\0\x79\xa4\x80\xfe\0\0\0\0\x79\xa5\x88\xfe\0\0\0\0\x79\xa6\x90\
\xfe\0\0\0\0\x79\xa7\x98\xfe\0\0\0\0\x79\xa8\xa0\xfe\0\0\0\0\x79\xa9\xa8\xfe\0\
\0\0\0\x7b\x93\x38\0\0\0\0\0\x7b\x83\x30\0\0\0\0\0\x7b\x73\x28\0\0\0\0\0\x7b\
\x63\x20\0\0\0\0\0\x7b\x53\x18\0\0\0\0\0\x7b\x43\x10\0\0\0\0\0\x7b\x23\x08\0\0\
\0\0\0\x07\x01\0\0\x01\0\0\0\x73\x10\0\0\0\0\0\0\x05\0\x88\xfe\0\0\0\0\x7b\x8a\
\xd0\xff\0\0\0\0\x7b\x8a\xc8\xff\0\0\0\0\x7b\x8a\xc0\xff\0\0\0\0\x7b\x8a\xb8\
\xff\0\0\0\0\x7b\x8a\xb0\xff\0\0\0\0\x7b\x8a\xa8\xff\0\0\0\0\x7b\x8a\xa0\xff\0\
\0\0\0\x7b\x8a\x98\xff\0\0\0\0\x7b\x8a\x90\xff\0\0\0\0\x7b\x8a\x88\xff\0\0\0\0\
\x7b\x8a\x80\xff\0\0\0\0\x7b\x8a\x78\xff\0\0\0\0\x7b\x8a\x70\xff\0\0\0\0\x7b\
\x8a\x68\xff\0\0\0\0\x7b\x8a\x60\xff\0\0\0\0\x7b\x8a\x58\xff\0\0\0\0\x7b\x8a\
\x50\xff\0\0\0\0\x7b\x8a\x48\xff\0\0\0\0\x7b\x8a\x40\xff\0\0\0\0\x7b\x8a\x38\
\xff\0\0\0\0\x7b\x8a\x30\xff\0\0\0\0\x7b\x8a\x28\xff\0\0\0\0\x7b\x8a\x20\xff\0\
\0\0\0\x7b\x8a\x18\xff\0\0\0\0\x7b\x8a\x10\xff\0\0\0\0\x7b\x8a\x08\xff\0\0\0\0\
\x7b\x8a\0\xff\0\0\0\0\x7b\x8a\xf8\xfe\0\0\0\0\x7b\x8a\xf0\xfe\0\0\0\0\x7b\x8a\
\xe8\xfe\0\0\0\0\x7b\x8a\xe0\xfe\0\0\0\0\x7b\x8a\xd8\xfe\0\0\0\0\x7b\x8a\xd0\
\xfe\0\0\0\0\x7b\x8a\xc8\xfe\0\0\0\0\x7b\x8a\xc0\xfe\0\0\0\0\x7b\x8a\xb8\xfe\0\
\0\0\0\x79\xa1\xa8\xfe\0\0\0\0\x7b\x1a\xf0\xfe\0\0\0\0\x79\xa1\xa0\xfe\0\0\0\0\
\x7b\x1a\xe8\xfe\0\0\0\0\x79\xa1\x98\xfe\0\0\0\0\x7b\x1a\xe0\xfe\0\0\0\0\x79\
\xa1\x90\xfe\0\0\0\0\x7b\x1a\xd8\xfe\0\0\0\0\x79\xa1\x88\xfe\0\0\0\0\x7b\x1a\
\xd0\xfe\0\0\0\0\x79\xa1\x80\xfe\0\0\0\0\x7b\x1a\xc8\xfe\0\0\0\0\x79\xa1\x78\
\xfe\0\0\0\0\x7b\x1a\xc0\xfe\0\0\0\0\x73\x7a\xb8\xfe\0\0\0\0\xbf\xa3\0\0\0\0\0\
\0\x07\x03\0\0\xb8\xfe\xff\xff\x18\x01\0\0\0\0\0\0\0\0\0\0\0\0\0\0\xbf\x92\0\0\
\0\0\0\0\xb7\x04\0\0\x01\0\0\0\x85\0\0\0\x02\0\0\0\x15\0\x4d\xfe\0\0\0\0\x18\
\x01\0\0\0\0\0\0\0\0\0\0\0\0\0\0\xb7\x02\0\0\x56\0\0\0\x85\0\0\0\x06\0\0\0\x05\
\0\x48\xfe\0\0\0\0\xb7\x09\0\0\xfb\0\0\0\x05\0\x1a\xfe\0\0\0\0\xb7\x01\0\0\xfb\
\0\0\0\x05\0\xe7\xfe\0\0\0\0\x79\x19\x20\0\0\0\0\0\xbf\x93\0\0\0\0\0\0\x67\x03\
\0\0\x20\0\0\0\xc7\x03\0\0\x20\0\0\0\xb7\x02\0\0\0\0\0\0\x6d\x32\x78\0\0\0\0\0\
\x79\x16\x08\0\0\0\0\0\x7b\x2a\xa8\xfe\0\0\0\0\x7b\x2a\xa0\xfe\0\0\0\0\x7b\x2a\
\x98\xfe\0\0\0\0\x7b\x2a\x90\xfe\0\0\0\0\x7b\x2a\x88\xfe\0\0\0\0\x7b\x2a\x80\
\xfe\0\0\0\0\x7b\x6a\xb0\xfe\0\0\0\0\xb7\x01\0\0\x18\0\0\0\xbf\x67\0\0\0\0\0\0\
\x0f\x17\0\0\0\0\0\0\xbf\xa1\0\0\0\0\0\0\x07\x01\0\0\xd8\xff\xff\xff\xb7\x02\0\
\0\x08\0\0\0\xbf\x73\0\0\0\0\0\0\x85\0\0\0\x71\0\0\0\xb7\x01\0\0\0\0\0\0\x79\
\xa3\xd8\xff\0\0\0\0\x0f\x13\0\0\0\0\0\0\xbf\xa8\0\0\0\0\0\0\x07\x08\0\0\xb8\
\xfe\xff\xff\xbf\x81\0\0\0\0\0\0\xb7\x02\0\0\x88\0\0\0\x85\0\0\0\x71\0\0\0\x69\
\x88\x10\0\0\0\0\0\x63\x8a\x78\xfe\0\0\0\0\xb7\x01\0\0\x04\0\0\0\x0f\x16\0\0\0\
\0\0\0\xbf\xa1\0\0\0\0\0\0\x07\x01\0\0\xd8\xff\xff\xff\xb7\x02\0\0\x02\0\0\0\
\xbf\x63\0\0\0\0\0\0\x85\0\0\0\x71\0\0\0\x69\xa6\xd8\xff\0\0\0\0\xbf\xa1\0\0\0\
\0\0\0\x07\x01\0\0\xd8\xff\xff\xff\xb7\x02\0\0\x08\0\0\0\xbf\x73\0\0\0\0\0\0\
\x85\0\0\0\x71\0\0\0\xb7\x01\0\0\x24\x02\0\0\x79\xa3\xd8\xff\0\0\0\0\x0f\x13\0\
\0\0\0\0\0\xbf\xa1\0\0\0\0\0\0\x07\x01\0\0\xf8\xff\xff\xff\xb7\x02\0\0\x02\0\0\
\0\x85\0\0\0\x71\0\0\0\x67\x06\0\0\x30\0\0\0\xc7\x06\0\0\x30\0\0\0\x69\xa2\xf8\
\xff\0\0\0\0\x65\x02\x04\0\x05\0\0\0\x15\x02\x0e\0\0\0\0\0\xb7\x01\0\0\x01\0\0\
\0\x15\x02\x17\0\x01\0\0\0\x05\0\x02\0\0\0\0\0\x15\x02\x08\0\x06\0\0\0\x15\x02\
\x11\0\x11\0\0\0\xb7\x02\0\0\x3a\0\0\0\x15\x06\x01\0\x3a\0\0\0\xb7\x02\0\0\xfc\
\0\0\0\xb7\x01\0\0\xfb\0\0\0\x15\x06\x0f\0\x03\0\0\0\xbf\x21\0\0\0\0\0\0\x05\0\
\x0d\0\0\0\0\0\xb7\x01\0\0\x06\0\0\0\x05\0\x0b\0\0\0\0\0\x15\x08\x01\0\x0a\0\0\
\0\x55\x08\x08\0\x02\0\0\0\xb7\x01\0\0\x06\0\0\0\x15\x06\x07\0\x01\0\0\0\x67\
\x06\0\0\x20\0\0\0\x77\x06\0\0\x20\0\0\0\x15\x06\xe5\x01\x03\0\0\0\x55\x06\x02\
\0\x02\0\0\0\xb7\x01\0\0\x11\0\0\0\x05\0\x01\0\0\0\0\0\xb7\x01\0\0\xfc\0\0\0\
\x63\x1a\x7c\xfe\0\0\0\0\x15\x08\x08\0\x0a\0\0\0\x55\x08\x19\0\x02\0\0\0\xbf\
\xa1\0\0\0\0\0\0\x07\x01\0\0\xb8\xfe\xff\xff\x61\x12\0\0\0\0\0\0\x63\x2a\x98\
\xfe\0\0\0\0\x61\x11\x04\0\0\0\0\0\x63\x1a\x80\xfe\0\0\0\0\x05\0\x12\0\0\0\0\0\
\xbf\xa1\0\0\0\0\0\0\x07\x01\0\0\x80\xfe\xff\xff\xb7\x02\0\0\x48\0\0\0\xbf\xa3\
\0\0\0\0\0\0\x07\x03\0\0\xb8\xfe\xff\xff\xbf\x34\0\0\0\0\0\0\x0f\x24\0\0\0\0\0\
\0\x79\x32\x48\0\0\0\0\0\x79\x44\x08\0\0\0\0\0\x7b\x41\x08\0\0\0\0\0\x7b\x21\0\
\0\0\0\0\0\xb7\x01\0\0\x38\0\0\0\xbf\x32\0\0\0\0\0\0\x0f\x12\0\0\0\0\0\0\x79\
\x31\x38\0\0\0\0\0\x7b\x1a\x98\xfe\0\0\0\0\x79\x21\x08\0\0\0\0\0\x7b\x1a\xa0\
\xfe\0\0\0\0\xbf\xa1\0\0\0\0\0\0\x07\x01\0\0\xb8\xfe\xff\xff\x69\x12\x0c\0\0\0\
\0\0\x6b\x2a\xa8\xfe\0\0\0\0\x69\x11\x0e\0\0\0\0\0\x6b\x1a\x90\xfe\0\0\0\0\xbf\
\xa2\0\0\0\0\0\0\x07\x02\0\0\x78\xfe\xff\xff\x18\x01\0\0\0\0\0\0\0\0\0\0\0\0\0\
\0\x85\0\0\0\x01\0\0\0\x15\0\x06\0\0\0\0\0\x18\x01\0\0\x56\0\0\0\0\0\0\0\0\0\0\
\0\xb7\x02\0\0\x47\0\0\0\x85\0\0\0\x06\0\0\0\xb7\0\0\0\0\0\0\0\x95\0\0\0\0\0\0\
\0\xb7\x07\0\0\0\0\0\0\x63\x7a\xec\xff\0\0\0\0\x7b\x7a\xe0\xff\0\0\0\0\x63\x9a\
\xe0\xff\0\0\0\0\x7b\x7a\xd8\xff\0\0\0\0\xbf\xa2\0\0\0\0\0\0\x07\x02\0\0\x78\
\xfe\xff\xff\xbf\xa3\0\0\0\0\0\0\x07\x03\0\0\xd8\xff\xff\xff\x18\x01\0\0\0\0\0\
\0\0\0\0\0\0\0\0\0\xb7\x04\0\0\0\0\0\0\x85\0\0\0\x02\0\0\0\xbf\xa2\0\0\0\0\0\0\
\x07\x02\0\0\xec\xff\xff\xff\x18\x01\0\0\0\0\0\0\0\0\0\0\0\0\0\0\x85\0\0\0\x01\
\0\0\0\x15\0\xeb\xff\0\0\0\0\x7b\x0a\x60\xfe\0\0\0\0\xbf\x06\0\0\0\0\0\0\x7b\
\x76\x38\x02\0\0\0\0\x7b\x76\x30\x02\0\0\0\0\x7b\x76\x28\x02\0\0\0\0\x7b\x76\
\x20\x02\0\0\0\0\x7b\x76\x18\x02\0\0\0\0\x7b\x76\x10\x02\0\0\0\0\x7b\x76\x08\
\x02\0\0\0\0\x7b\x76\0\x02\0\0\0\0\x7b\x76\xf8\x01\0\0\0\0\x7b\x76\xf0\x01\0\0\
\0\0\x7b\x76\xe8\x01\0\0\0\0\x7b\x76\xe0\x01\0\0\0\0\x7b\x76\xd8\x01\0\0\0\0\
\x7b\x76\xd0\x01\0\0\0\0\x7b\x76\xc8\x01\0\0\0\0\x7b\x76\xc0\x01\0\0\0\0\x7b\
\x76\xb8\x01\0\0\0\0\x7b\x76\xb0\x01\0\0\0\0\x7b\x76\xa8\x01\0\0\0\0\x7b\x76\
\xa0\x01\0\0\0\0\x7b\x76\x98\x01\0\0\0\0\x7b\x76\x90\x01\0\0\0\0\x7b\x76\x88\
\x01\0\0\0\0\x7b\x76\x80\x01\0\0\0\0\x7b\x76\x78\x01\0\0\0\0\x7b\x76\x70\x01\0\
\0\0\0\x7b\x76\x68\x01\0\0\0\0\x7b\x76\x60\x01\0\0\0\0\x7b\x76\x58\x01\0\0\0\0\
\x7b\x76\x50\x01\0\0\0\0\x7b\x76\x48\x01\0\0\0\0\x7b\x76\x40\x01\0\0\0\0\x7b\
\x76\x38\x01\0\0\0\0\x7b\x76\x30\x01\0\0\0\0\x7b\x76\x28\x01\0\0\0\0\x7b\x76\
\x20\x01\0\0\0\0\x7b\x76\x18\x01\0\0\0\0\x7b\x76\x10\x01\0\0\0\0\x7b\x76\x08\
\x01\0\0\0\0\x7b\x76\0\x01\0\0\0\0\x7b\x76\xf8\0\0\0\0\0\x7b\x76\xf0\0\0\0\0\0\
\x7b\x76\xe8\0\0\0\0\0\x7b\x76\xe0\0\0\0\0\0\x7b\x76\xd8\0\0\0\0\0\x7b\x76\xd0\
\0\0\0\0\0\x7b\x76\xc8\0\0\0\0\0\x7b\x76\xc0\0\0\0\0\0\x7b\x76\xb8\0\0\0\0\0\
\x7b\x76\xb0\0\0\0\0\0\x7b\x76\xa8\0\0\0\0\0\x7b\x76\xa0\0\0\0\0\0\x7b\x76\x98\
\0\0\0\0\0\x7b\x76\x90\0\0\0\0\0\x7b\x76\x88\0\0\0\0\0\x7b\x76\x80\0\0\0\0\0\
\x7b\x76\x78\0\0\0\0\0\x7b\x76\x70\0\0\0\0\0\x7b\x76\x68\0\0\0\0\0\x7b\x76\x60\
\0\0\0\0\0\x7b\x76\x58\0\0\0\0\0\x7b\x76\x50\0\0\0\0\0\x7b\x76\x48\0\0\0\0\0\
\x7b\x76\x40\0\0\0\0\0\x7b\x76\x38\0\0\0\0\0\x7b\x76\x30\0\0\0\0\0\x7b\x76\x28\
\0\0\0\0\0\x7b\x76\x20\0\0\0\0\0\x7b\x76\x18\0\0\0\0\0\x7b\x76\x10\0\0\0\0\0\
\x7b\x76\x08\0\0\0\0\0\x7b\x76\0\0\0\0\0\0\x79\xa7\xb0\xfe\0\0\0\0\x85\0\0\0\
\x23\0\0\0\x7b\x0a\x70\xfe\0\0\0\0\xb7\x01\0\0\x18\0\0\0\xbf\x73\0\0\0\0\0\0\
\x0f\x13\0\0\0\0\0\0\xbf\xa1\0\0\0\0\0\0\x07\x01\0\0\xb8\xfe\xff\xff\xb7\x02\0\
\0\x08\0\0\0\x85\0\0\0\x71\0\0\0\xb7\x01\0\0\x04\0\0\0\x0f\x17\0\0\0\0\0\0\x79\
\xa9\xb8\xfe\0\0\0\0\xbf\xa1\0\0\0\0\0\0\x07\x01\0\0\xb8\xfe\xff\xff\xb7\x02\0\
\0\x02\0\0\0\xbf\x73\0\0\0\0\0\0\x85\0\0\0\x71\0\0\0\xb7\x01\0\0\0\0\0\0\xbf\
\x93\0\0\0\0\0\0\x0f\x13\0\0\0\0\0\0\x69\xa8\xb8\xfe\0\0\0\0\xbf\xa7\0\0\0\0\0\
\0\x07\x07\0\0\xb8\xfe\xff\xff\xbf\x71\0\0\0\0\0\0\xb7\x02\0\0\x88\0\0\0\x85\0\
\0\0\x71\0\0\0\x69\x77\x10\0\0\0\0\0\x63\x76\x04\0\0\0\0\0\xb7\x01\0\0\x24\x02\
\0\0\x0f\x19\0\0\0\0\0\0\xbf\xa1\0\0\0\0\0\0\x07\x01\0\0\xf8\xff\xff\xff\xb7\
\x02\0\0\x02\0\0\0\xbf\x93\0\0\0\0\0\0\x85\0\0\0\x71\0\0\0\x67\x08\0\0\x30\0\0\
\0\xc7\x08\0\0\x30\0\0\0\x69\xa2\xf8\xff\0\0\0\0\x65\x02\x04\0\x05\0\0\0\x15\
\x02\x0e\0\0\0\0\0\xb7\x01\0\0\x01\0\0\0\x15\x02\x17\0\x01\0\0\0\x05\0\x02\0\0\
\0\0\0\x15\x02\x08\0\x06\0\0\0\x15\x02\x11\0\x11\0\0\0\xb7\x02\0\0\x3a\0\0\0\
\x15\x08\x01\0\x3a\0\0\0\xb7\x02\0\0\xfc\0\0\0\xb7\x01\0\0\xfb\0\0\0\x15\x08\
\x0f\0\x03\0\0\0\xbf\x21\0\0\0\0\0\0\x05\0\x0d\0\0\0\0\0\xb7\x01\0\0\x06\0\0\0\
\x05\0\x0b\0\0\0\0\0\x15\x07\x01\0\x0a\0\0\0\x55\x07\x08\0\x02\0\0\0\xb7\x01\0\
\0\x06\0\0\0\x15\x08\x07\0\x01\0\0\0\x67\x08\0\0\x20\0\0\0\x77\x08\0\0\x20\0\0\
\0\x15\x08\x1a\x01\x03\0\0\0\x55\x08\x02\0\x02\0\0\0\xb7\x01\0\0\x11\0\0\0\x05\
\0\x01\0\0\0\0\0\xb7\x01\0\0\xfc\0\0\0\xbf\xa2\0\0\0\0\0\0\x07\x02\0\0\xb0\xfe\
\xff\xff\x7b\x2a\x58\xfe\0\0\0\0\x7b\x6a\x68\xfe\0\0\0\0\x63\x16\x08\0\0\0\0\0\
\xb7\x01\0\0\xd8\x05\0\0\x79\xa3\x70\xfe\0\0\0\0\x0f\x13\0\0\0\0\0\0\xbf\xa1\0\
\0\0\0\0\0\x07\x01\0\0\xf0\xff\xff\xff\xb7\x02\0\0\x08\0\0\0\x85\0\0\0\x71\0\0\
\0\xb7\x01\0\0\x08\x06\0\0\x79\xa3\xf0\xff\0\0\0\0\x0f\x13\0\0\0\0\0\0\xbf\xa1\
\0\0\0\0\0\0\x07\x01\0\0\xf8\xff\xff\xff\xb7\x02\0\0\x08\0\0\0\x85\0\0\0\x71\0\
\0\0\xb7\x07\0\0\x40\0\0\0\x79\xa8\xf8\xff\0\0\0\0\x05\0\x06\0\0\0\0\0\x07\x07\
\0\0\xff\xff\xff\xff\xbf\x71\0\0\0\0\0\0\x67\x01\0\0\x20\0\0\0\x77\x01\0\0\x20\
\0\0\0\xbf\x98\0\0\0\0\0\0\x15\x01\x20\0\0\0\0\0\xbf\x83\0\0\0\0\0\0\xb7\x01\0\
\0\xd8\x05\0\0\x0f\x13\0\0\0\0\0\0\xbf\xa1\0\0\0\0\0\0\x07\x01\0\0\xf0\xff\xff\
\xff\xb7\x02\0\0\x08\0\0\0\x85\0\0\0\x71\0\0\0\x79\xa3\xf0\xff\0\0\0\0\xb7\x01\
\0\0\x08\x06\0\0\x0f\x13\0\0\0\0\0\0\xbf\xa1\0\0\0\0\0\0\x07\x01\0\0\xf8\xff\
\xff\xff\xb7\x02\0\0\x08\0\0\0\x85\0\0\0\x71\0\0\0\x79\xa9\xf8\xff\0\0\0\0\x15\
\x09\x10\0\0\0\0\0\xbf\x83\0\0\0\0\0\0\xb7\x06\0\0\xa0\x08\0\0\x0f\x63\0\0\0\0\
\0\0\xbf\xa1\0\0\0\0\0\0\x07\x01\0\0\xf8\xff\xff\xff\xb7\x02\0\0\x08\0\0\0\x85\
\0\0\0\x71\0\0\0\xbf\x93\0\0\0\0\0\0\x0f\x63\0\0\0\0\0\0\x79\xa6\xf8\xff\0\0\0\
\0\xbf\xa1\0\0\0\0\0\0\x07\x01\0\0\xf8\xff\xff\xff\xb7\x02\0\0\x08\0\0\0\x85\0\
\0\0\x71\0\0\0\x79\xa1\xf8\xff\0\0\0\0\x1d\x16\xda\xff\0\0\0\0\xb7\x07\0\0\xcc\
\x05\0\0\xbf\x83\0\0\0\0\0\0\x0f\x73\0\0\0\0\0\0\xbf\xa1\0\0\0\0\0\0\x07\x01\0\
\0\xf8\xff\xff\xff\xb7\x02\0\0\x04\0\0\0\x85\0\0\0\x71\0\0\0\x61\xa1\xf8\xff\0\
\0\0\0\x79\xa6\x68\xfe\0\0\0\0\x63\x16\x14\0\0\0\0\0\xb7\x09\0\0\0\x07\0\0\x0f\
\x98\0\0\0\0\0\0\xbf\xa1\0\0\0\0\0\0\x07\x01\0\0\xf8\xff\xff\xff\xb7\x02\0\0\
\x08\0\0\0\xbf\x83\0\0\0\0\0\0\x85\0\0\0\x71\0\0\0\x79\xa1\xf8\xff\0\0\0\0\x7b\
\x16\x20\0\0\0\0\0\xb7\x01\0\0\x08\x06\0\0\x79\xa8\x70\xfe\0\0\0\0\xbf\x83\0\0\
\0\0\0\0\x0f\x13\0\0\0\0\0\0\xbf\xa1\0\0\0\0\0\0\x07\x01\0\0\xf0\xff\xff\xff\
\xb7\x02\0\0\x08\0\0\0\x85\0\0\0\x71\0\0\0\x79\xa3\xf0\xff\0\0\0\0\x0f\x93\0\0\
\0\0\0\0\xbf\xa1\0\0\0\0\0\0\x07\x01\0\0\xf8\xff\xff\xff\xb7\x02\0\0\x08\0\0\0\
\x85\0\0\0\x71\0\0\0\x79\xa1\xf8\xff\0\0\0\0\x7b\x16\x18\0\0\0\0\0\xbf\x83\0\0\
\0\0\0\0\x0f\x73\0\0\0\0\0\0\xbf\xa1\0\0\0\0\0\0\x07\x01\0\0\xf8\xff\xff\xff\
\xb7\x02\0\0\x04\0\0\0\x85\0\0\0\x71\0\0\0\x61\xa1\xf8\xff\0\0\0\0\x63\x16\x10\
\0\0\0\0\0\xb7\x01\0\0\x88\x07\0\0\xbf\x89\0\0\0\0\0\0\x0f\x19\0\0\0\0\0\0\xbf\
\xa1\0\0\0\0\0\0\x07\x01\0\0\xf8\xff\xff\xff\xb7\x02\0\0\x08\0\0\0\xbf\x93\0\0\
\0\0\0\0\x85\0\0\0\x71\0\0\0\xb7\x01\0\0\x14\0\0\0\x79\xa3\xf8\xff\0\0\0\0\x0f\
\x13\0\0\0\0\0\0\xbf\xa1\0\0\0\0\0\0\x07\x01\0\0\xf0\xff\xff\xff\xb7\x02\0\0\
\x04\0\0\0\x85\0\0\0\x71\0\0\0\x61\xa1\xf0\xff\0\0\0\0\x63\x16\x2c\x02\0\0\0\0\
\xbf\xa1\0\0\0\0\0\0\x07\x01\0\0\xf8\xff\xff\xff\xb7\x02\0\0\x08\0\0\0\xbf\x93\
\0\0\0\0\0\0\x85\0\0\0\x71\0\0\0\xb7\x01\0\0\x18\0\0\0\x79\xa3\xf8\xff\0\0\0\0\
\x0f\x13\0\0\0\0\0\0\xbf\xa1\0\0\0\0\0\0\x07\x01\0\0\xf0\xff\xff\xff\xb7\x02\0\
\0\x04\0\0\0\x85\0\0\0\x71\0\0\0\x61\xa1\xf0\xff\0\0\0\0\x63\x16\x30\x02\0\0\0\
\0\xb7\x01\0\0\x10\x05\0\0\x0f\x18\0\0\0\0\0\0\xbf\xa1\0\0\0\0\0\0\x07\x01\0\0\
\xf0\xff\xff\xff\xb7\x02\0\0\x08\0\0\0\xbf\x83\0\0\0\0\0\0\x85\0\0\0\x71\0\0\0\
\xb7\x01\0\0\x38\x01\0\0\x79\xa3\xf0\xff\0\0\0\0\x0f\x13\0\0\0\0\0\0\xbf\xa1\0\
\0\0\0\0\0\x07\x01\0\0\xf8\xff\xff\xff\xb7\x02\0\0\x08\0\0\0\x85\0\0\0\x71\0\0\
\0\x79\xa9\xf8\xff\0\0\0\0\xbf\xa1\0\0\0\0\0\0\x07\x01\0\0\xf0\xff\xff\xff\xb7\
\x02\0\0\x08\0\0\0\xbf\x83\0\0\0\0\0\0\x85\0\0\0\x71\0\0\0\xb7\x01\0\0\x40\x01\
\0\0\x79\xa3\xf0\xff\0\0\0\0\x0f\x13\0\0\0\0\0\0\xbf\xa1\0\0\0\0\0\0\x07\x01\0\
\0\xf8\xff\xff\xff\xb7\x02\0\0\x08\0\0\0\x85\0\0\0\x71\0\0\0\x79\xa2\xf8\xff\0\
\0\0\0\x1f\x92\0\0\0\0\0\0\xb7\x01\0\0\0\x02\0\0\x2d\x21\x01\0\0\0\0\0\xb7\x02\
\0\0\0\x02\0\0\x63\x26\x28\x02\0\0\0\0\x79\xa1\x60\xfe\0\0\0\0\x07\x01\0\0\x28\
\0\0\0\xbf\x93\0\0\0\0\0\0\x85\0\0\0\x70\0\0\0\x61\x61\x28\x02\0\0\0\0\x55\x01\
\x02\0\0\x02\0\0\xb7\x01\0\0\0\0\0\0\x73\x16\x27\x02\0\0\0\0\xb7\x08\0\0\0\0\0\
\0\x73\x86\x38\x02\0\0\0\0\xb7\x07\0\0\x01\0\0\0\x18\x01\0\0\0\0\0\0\0\0\0\0\0\
\0\0\0\x79\xa9\x58\xfe\0\0\0\0\xbf\x92\0\0\0\0\0\0\xbf\x63\0\0\0\0\0\0\xb7\x04\
\0\0\x01\0\0\0\x85\0\0\0\x02\0\0\0\x18\x01\0\0\0\0\0\0\0\0\0\0\0\0\0\0\xbf\x92\
\0\0\0\0\0\0\x85\0\0\0\x01\0\0\0\x15\0\x17\0\0\0\0\0\x71\x01\0\0\0\0\0\0\x25\
\x01\x9f\xfe\x04\0\0\0\xbf\x12\0\0\0\0\0\0\x27\x02\0\0\x38\0\0\0\xbf\x03\0\0\0\
\0\0\0\x0f\x23\0\0\0\0\0\0\x79\xa2\x78\xfe\0\0\0\0\x79\xa4\x80\xfe\0\0\0\0\x79\
\xa5\x88\xfe\0\0\0\0\x79\xa6\x90\xfe\0\0\0\0\x79\xa7\x98\xfe\0\0\0\0\x79\xa8\
\xa0\xfe\0\0\0\0\x79\xa9\xa8\xfe\0\0\0\0\x7b\x93\x38\0\0\0\0\0\x7b\x83\x30\0\0\
\0\0\0\x7b\x73\x28\0\0\0\0\0\x7b\x63\x20\0\0\0\0\0\x7b\x53\x18\0\0\0\0\0\x7b\
\x43\x10\0\0\0\0\0\x7b\x23\x08\0\0\0\0\0\x07\x01\0\0\x01\0\0\0\x73\x10\0\0\0\0\
\0\0\x05\0\x8a\xfe\0\0\0\0\x7b\x8a\xd0\xff\0\0\0\0\x7b\x8a\xc8\xff\0\0\0\0\x7b\
\x8a\xc0\xff\0\0\0\0\x7b\x8a\xb8\xff\0\0\0\0\x7b\x8a\xb0\xff\0\0\0\0\x7b\x8a\
\xa8\xff\0\0\0\0\x7b\x8a\xa0\xff\0\0\0\0\x7b\x8a\x98\xff\0\0\0\0\x7b\x8a\x90\
\xff\0\0\0\0\x7b\x8a\x88\xff\0\0\0\0\x7b\x8a\x80\xff\0\0\0\0\x7b\x8a\x78\xff\0\
\0\0\0\x7b\x8a\x70\xff\0\0\0\0\x7b\x8a\x68\xff\0\0\0\0\x7b\x8a\x60\xff\0\0\0\0\
\x7b\x8a\x58\xff\0\0\0\0\x7b\x8a\x50\xff\0\0\0\0\x7b\x8a\x48\xff\0\0\0\0\x7b\
\x8a\x40\xff\0\0\0\0\x7b\x8a\x38\xff\0\0\0\0\x7b\x8a\x30\xff\0\0\0\0\x7b\x8a\
\x28\xff\0\0\0\0\x7b\x8a\x20\xff\0\0\0\0\x7b\x8a\x18\xff\0\0\0\0\x7b\x8a\x10\
\xff\0\0\0\0\x7b\x8a\x08\xff\0\0\0\0\x7b\x8a\0\xff\0\0\0\0\x7b\x8a\xf8\xfe\0\0\
\0\0\x7b\x8a\xf0\xfe\0\0\0\0\x7b\x8a\xe8\xfe\0\0\0\0\x7b\x8a\xe0\xfe\0\0\0\0\
\x7b\x8a\xd8\xfe\0\0\0\0\x7b\x8a\xd0\xfe\0\0\0\0\x7b\x8a\xc8\xfe\0\0\0\0\x7b\
\x8a\xc0\xfe\0\0\0\0\x7b\x8a\xb8\xfe\0\0\0\0\x79\xa1\xa8\xfe\0\0\0\0\x7b\x1a\
\xf0\xfe\0\0\0\0\x79\xa1\xa0\xfe\0\0\0\0\x7b\x1a\xe8\xfe\0\0\0\0\x79\xa1\x98\
\xfe\0\0\0\0\x7b\x1a\xe0\xfe\0\0\0\0\x79\xa1\x90\xfe\0\0\0\0\x7b\x1a\xd8\xfe\0\
\0\0\0\x79\xa1\x88\xfe\0\0\0\0\x7b\x1a\xd0\xfe\0\0\0\0\x79\xa1\x80\xfe\0\0\0\0\
\x7b\x1a\xc8\xfe\0\0\0\0\x79\xa1\x78\xfe\0\0\0\0\x7b\x1a\xc0\xfe\0\0\0\0\x73\
\x7a\xb8\xfe\0\0\0\0\xbf\xa3\0\0\0\0\0\0\x07\x03\0\0\xb8\xfe\xff\xff\x18\x01\0\
\0\0\0\0\0\0\0\0\0\0\0\0\0\xbf\x92\0\0\0\0\0\0\xb7\x04\0\0\x01\0\0\0\x85\0\0\0\
\x02\0\0\0\x15\0\x4f\xfe\0\0\0\0\x18\x01\0\0\0\0\0\0\0\0\0\0\0\0\0\0\xb7\x02\0\
\0\x56\0\0\0\x05\0\x4a\xfe\0\0\0\0\xb7\x01\0\0\xfb\0\0\0\x05\0\x1d\xfe\0\0\0\0\
\xb7\x01\0\0\xfb\0\0\0\x05\0\xe8\xfe\0\0\0\0\x79\x19\x28\0\0\0\0\0\xbf\x93\0\0\
\0\0\0\0\x67\x03\0\0\x20\0\0\0\xc7\x03\0\0\x20\0\0\0\xb7\x02\0\0\0\0\0\0\x6d\
\x32\x76\0\0\0\0\0\x79\x16\0\0\0\0\0\0\x7b\x2a\xa8\xfe\0\0\0\0\x7b\x2a\xa0\xfe\
\0\0\0\0\x7b\x2a\x98\xfe\0\0\0\0\x7b\x2a\x90\xfe\0\0\0\0\x7b\x2a\x88\xfe\0\0\0\
\0\x7b\x2a\x80\xfe\0\0\0\0\x7b\x6a\xb0\xfe\0\0\0\0\xb7\x01\0\0\x18\0\0\0\xbf\
\x67\0\0\0\0\0\0\x0f\x17\0\0\0\0\0\0\xbf\xa1\0\0\0\0\0\0\x07\x01\0\0\xd8\xff\
\xff\xff\xb7\x02\0\0\x08\0\0\0\xbf\x73\0\0\0\0\0\0\x85\0\0\0\x71\0\0\0\xb7\x01\
\0\0\0\0\0\0\x79\xa3\xd8\xff\0\0\0\0\x0f\x13\0\0\0\0\0\0\xbf\xa8\0\0\0\0\0\0\
\x07\x08\0\0\xb8\xfe\xff\xff\xbf\x81\0\0\0\0\0\0\xb7\x02\0\0\x88\0\0\0\x85\0\0\
\0\x71\0\0\0\x69\x88\x10\0\0\0\0\0\x63\x8a\x78\xfe\0\0\0\0\xb7\x01\0\0\x04\0\0\
\0\x0f\x16\0\0\0\0\0\0\xbf\xa1\0\0\0\0\0\0\x07\x01\0\0\xd8\xff\xff\xff\xb7\x02\
\0\0\x02\0\0\0\xbf\x63\0\0\0\0\0\0\x85\0\0\0\x71\0\0\0\x69\xa6\xd8\xff\0\0\0\0\
\xbf\xa1\0\0\0\0\0\0\x07\x01\0\0\xd8\xff\xff\xff\xb7\x02\0\0\x08\0\0\0\xbf\x73\
\0\0\0\0\0\0\x85\0\0\0\x71\0\0\0\xb7\x01\0\0\x24\x02\0\0\x79\xa3\xd8\xff\0\0\0\
\0\x0f\x13\0\0\0\0\0\0\xbf\xa1\0\0\0\0\0\0\x07\x01\0\0\xf8\xff\xff\xff\xb7\x02\
\0\0\x02\0\0\0\x85\0\0\0\x71\0\0\0\x67\x06\0\0\x30\0\0\0\xc7\x06\0\0\x30\0\0\0\
\x69\xa2\xf8\xff\0\0\0\0\x65\x02\x04\0\x05\0\0\0\x15\x02\x0e\0\0\0\0\0\xb7\x01\
\0\0\x01\0\0\0\x15\x02\x17\0\x01\0\0\0\x05\0\x02\0\0\0\0\0\x15\x02\x08\0\x06\0\
\0\0\x15\x02\x11\0\x11\0\0\0\xb7\x02\0\0\x3a\0\0\0\x15\x06\x01\0\x3a\0\0\0\xb7\
\x02\0\0\xfc\0\0\0\xb7\x01\0\0\xfb\0\0\0\x15\x06\x0f\0\x03\0\0\0\xbf\x21\0\0\0\
\0\0\0\x05\0\x0d\0\0\0\0\0\xb7\x01\0\0\x06\0\0\0\x05\0\x0b\0\0\0\0\0\x15\x08\
\x01\0\x0a\0\0\0\x55\x08\x08\0\x02\0\0\0\xb7\x01\0\0\x06\0\0\0\x15\x06\x07\0\
\x01\0\0\0\x67\x06\0\0\x20\0\0\0\x77\x06\0\0\x20\0\0\0\x15\x06\xe5\x01\x03\0\0\
\0\x55\x06\x02\0\x02\0\0\0\xb7\x01\0\0\x11\0\0\0\x05\0\x01\0\0\0\0\0\xb7\x01\0\
\0\xfc\0\0\0\x63\x1a\x7c\xfe\0\0\0\0\x15\x08\x08\0\x0a\0\0\0\x55\x08\x19\0\x02\
\0\0\0\xbf\xa1\0\0\0\0\0\0\x07\x01\0\0\xb8\xfe\xff\xff\x61\x12\0\0\0\0\0\0\x63\
\x2a\x98\xfe\0\0\0\0\x61\x11\x04\0\0\0\0\0\x63\x1a\x80\xfe\0\0\0\0\x05\0\x12\0\
\0\0\0\0\xbf\xa1\0\0\0\0\0\0\x07\x01\0\0\x80\xfe\xff\xff\xb7\x02\0\0\x48\0\0\0\
\xbf\xa3\0\0\0\0\0\0\x07\x03\0\0\xb8\xfe\xff\xff\xbf\x34\0\0\0\0\0\0\x0f\x24\0\
\0\0\0\0\0\x79\x32\x48\0\0\0\0\0\x79\x44\x08\0\0\0\0\0\x7b\x41\x08\0\0\0\0\0\
\x7b\x21\0\0\0\0\0\0\xb7\x01\0\0\x38\0\0\0\xbf\x32\0\0\0\0\0\0\x0f\x12\0\0\0\0\
\0\0\x79\x31\x38\0\0\0\0\0\x7b\x1a\x98\xfe\0\0\0\0\x79\x21\x08\0\0\0\0\0\x7b\
\x1a\xa0\xfe\0\0\0\0\xbf\xa1\0\0\0\0\0\0\x07\x01\0\0\xb8\xfe\xff\xff\x69\x12\
\x0c\0\0\0\0\0\x6b\x2a\xa8\xfe\0\0\0\0\x69\x11\x0e\0\0\0\0\0\x6b\x1a\x90\xfe\0\
\0\0\0\xbf\xa2\0\0\0\0\0\0\x07\x02\0\0\x78\xfe\xff\xff\x18\x01\0\0\0\0\0\0\0\0\
\0\0\0\0\0\0\x85\0\0\0\x01\0\0\0\x15\0\x04\0\0\0\0\0\xb7\x01\0\0\x01\0\0\0\x63\
\x10\0\0\0\0\0\0\xb7\0\0\0\0\0\0\0\x95\0\0\0\0\0\0\0\xb7\x07\0\0\0\0\0\0\x63\
\x7a\xec\xff\0\0\0\0\xb7\x01\0\0\x01\0\0\0\x7b\x1a\xd8\xff\0\0\0\0\x7b\x7a\xe0\
\xff\0\0\0\0\x63\x9a\xe0\xff\0\0\0\0\xbf\xa2\0\0\0\0\0\0\x07\x02\0\0\x78\xfe\
\xff\xff\xbf\xa3\0\0\0\0\0\0\x07\x03\0\0\xd8\xff\xff\xff\x18\x01\0\0\0\0\0\0\0\
\0\0\0\0\0\0\0\xb7\x04\0\0\0\0\0\0\x85\0\0\0\x02\0\0\0\xbf\xa2\0\0\0\0\0\0\x07\
\x02\0\0\xec\xff\xff\xff\x18\x01\0\0\0\0\0\0\0\0\0\0\0\0\0\0\x85\0\0\0\x01\0\0\
\0\x15\0\xea\xff\0\0\0\0\x7b\x0a\x60\xfe\0\0\0\0\xbf\x06\0\0\0\0\0\0\x7b\x76\
\x38\x02\0\0\0\0\x7b\x76\x30\x02\0\0\0\0\x7b\x76\x28\x02\0\0\0\0\x7b\x76\x20\
\x02\0\0\0\0\x7b\x76\x18\x02\0\0\0\0\x7b\x76\x10\x02\0\0\0\0\x7b\x76\x08\x02\0\
\0\0\0\x7b\x76\0\x02\0\0\0\0\x7b\x76\xf8\x01\0\0\0\0\x7b\x76\xf0\x01\0\0\0\0\
\x7b\x76\xe8\x01\0\0\0\0\x7b\x76\xe0\x01\0\0\0\0\x7b\x76\xd8\x01\0\0\0\0\x7b\
\x76\xd0\x01\0\0\0\0\x7b\x76\xc8\x01\0\0\0\0\x7b\x76\xc0\x01\0\0\0\0\x7b\x76\
\xb8\x01\0\0\0\0\x7b\x76\xb0\x01\0\0\0\0\x7b\x76\xa8\x01\0\0\0\0\x7b\x76\xa0\
\x01\0\0\0\0\x7b\x76\x98\x01\0\0\0\0\x7b\x76\x90\x01\0\0\0\0\x7b\x76\x88\x01\0\
\0\0\0\x7b\x76\x80\x01\0\0\0\0\x7b\x76\x78\x01\0\0\0\0\x7b\x76\x70\x01\0\0\0\0\
\x7b\x76\x68\x01\0\0\0\0\x7b\x76\x60\x01\0\0\0\0\x7b\x76\x58\x01\0\0\0\0\x7b\
\x76\x50\x01\0\0\0\0\x7b\x76\x48\x01\0\0\0\0\x7b\x76\x40\x01\0\0\0\0\x7b\x76\
\x38\x01\0\0\0\0\x7b\x76\x30\x01\0\0\0\0\x7b\x76\x28\x01\0\0\0\0\x7b\x76\x20\
\x01\0\0\0\0\x7b\x76\x18\x01\0\0\0\0\x7b\x76\x10\x01\0\0\0\0\x7b\x76\x08\x01\0\
\0\0\0\x7b\x76\0\x01\0\0\0\0\x7b\x76\xf8\0\0\0\0\0\x7b\x76\xf0\0\0\0\0\0\x7b\
\x76\xe8\0\0\0\0\0\x7b\x76\xe0\0\0\0\0\0\x7b\x76\xd8\0\0\0\0\0\x7b\x76\xd0\0\0\
\0\0\0\x7b\x76\xc8\0\0\0\0\0\x7b\x76\xc0\0\0\0\0\0\x7b\x76\xb8\0\0\0\0\0\x7b\
\x76\xb0\0\0\0\0\0\x7b\x76\xa8\0\0\0\0\0\x7b\x76\xa0\0\0\0\0\0\x7b\x76\x98\0\0\
\0\0\0\x7b\x76\x90\0\0\0\0\0\x7b\x76\x88\0\0\0\0\0\x7b\x76\x80\0\0\0\0\0\x7b\
\x76\x78\0\0\0\0\0\x7b\x76\x70\0\0\0\0\0\x7b\x76\x68\0\0\0\0\0\x7b\x76\x60\0\0\
\0\0\0\x7b\x76\x58\0\0\0\0\0\x7b\x76\x50\0\0\0\0\0\x7b\x76\x48\0\0\0\0\0\x7b\
\x76\x40\0\0\0\0\0\x7b\x76\x38\0\0\0\0\0\x7b\x76\x30\0\0\0\0\0\x7b\x76\x28\0\0\
\0\0\0\x7b\x76\x20\0\0\0\0\0\x7b\x76\x18\0\0\0\0\0\x7b\x76\x10\0\0\0\0\0\x7b\
\x76\x08\0\0\0\0\0\x7b\x76\0\0\0\0\0\0\x79\xa7\xb0\xfe\0\0\0\0\x85\0\0\0\x23\0\
\0\0\x7b\x0a\x70\xfe\0\0\0\0\xb7\x01\0\0\x18\0\0\0\xbf\x73\0\0\0\0\0\0\x0f\x13\
\0\0\0\0\0\0\xbf\xa1\0\0\0\0\0\0\x07\x01\0\0\xb8\xfe\xff\xff\xb7\x02\0\0\x08\0\
\0\0\x85\0\0\0\x71\0\0\0\xb7\x01\0\0\x04\0\0\0\x0f\x17\0\0\0\0\0\0\x79\xa9\xb8\
\xfe\0\0\0\0\xbf\xa1\0\0\0\0\0\0\x07\x01\0\0\xb8\xfe\xff\xff\xb7\x02\0\0\x02\0\
\0\0\xbf\x73\0\0\0\0\0\0\x85\0\0\0\x71\0\0\0\xb7\x01\0\0\0\0\0\0\xbf\x93\0\0\0\
\0\0\0\x0f\x13\0\0\0\0\0\0\x69\xa8\xb8\xfe\0\0\0\0\xbf\xa7\0\0\0\0\0\0\x07\x07\
\0\0\xb8\xfe\xff\xff\xbf\x71\0\0\0\0\0\0\xb7\x02\0\0\x88\0\0\0\x85\0\0\0\x71\0\
\0\0\x69\x77\x10\0\0\0\0\0\x63\x76\x04\0\0\0\0\0\xb7\x01\0\0\x24\x02\0\0\x0f\
\x19\0\0\0\0\0\0\xbf\xa1\0\0\0\0\0\0\x07\x01\0\0\xf8\xff\xff\xff\xb7\x02\0\0\
\x02\0\0\0\xbf\x93\0\0\0\0\0\0\x85\0\0\0\x71\0\0\0\x67\x08\0\0\x30\0\0\0\xc7\
\x08\0\0\x30\0\0\0\x69\xa1\xf8\xff\0\0\0\0\x65\x01\x04\0\x05\0\0\0\x15\x01\x0e\
\0\0\0\0\0\xb7\x02\0\0\x01\0\0\0\x15\x01\x17\0\x01\0\0\0\x05\0\x02\0\0\0\0\0\
\x15\x01\x08\0\x06\0\0\0\x15\x01\x11\0\x11\0\0\0\xb7\x01\0\0\x3a\0\0\0\x15\x08\
\x01\0\x3a\0\0\0\xb7\x01\0\0\xfc\0\0\0\xb7\x02\0\0\xfb\0\0\0\x15\x08\x0f\0\x03\
\0\0\0\xbf\x12\0\0\0\0\0\0\x05\0\x0d\0\0\0\0\0\xb7\x02\0\0\x06\0\0\0\x05\0\x0b\
\0\0\0\0\0\x15\x07\x01\0\x0a\0\0\0\x55\x07\x08\0\x02\0\0\0\xb7\x02\0\0\x06\0\0\
\0\x15\x08\x07\0\x01\0\0\0\x67\x08\0\0\x20\0\0\0\x77\x08\0\0\x20\0\0\0\x15\x08\
\x1b\x01\x03\0\0\0\x55\x08\x02\0\x02\0\0\0\xb7\x02\0\0\x11\0\0\0\x05\0\x01\0\0\
\0\0\0\xb7\x02\0\0\xfc\0\0\0\xbf\xa1\0\0\0\0\0\0\x07\x01\0\0\xb0\xfe\xff\xff\
\x7b\x1a\x58\xfe\0\0\0\0\x7b\x6a\x68\xfe\0\0\0\0\x63\x26\x08\0\0\0\0\0\xb7\x01\
\0\0\xd8\x05\0\0\x79\xa3\x70\xfe\0\0\0\0\x0f\x13\0\0\0\0\0\0\xbf\xa1\0\0\0\0\0\
\0\x07\x01\0\0\xf0\xff\xff\xff\xb7\x02\0\0\x08\0\0\0\x85\0\0\0\x71\0\0\0\xb7\
\x01\0\0\x08\x06\0\0\x79\xa3\xf0\xff\0\0\0\0\x0f\x13\0\0\0\0\0\0\xbf\xa1\0\0\0\
\0\0\0\x07\x01\0\0\xf8\xff\xff\xff\xb7\x02\0\0\x08\0\0\0\x85\0\0\0\x71\0\0\0\
\xb7\x07\0\0\x40\0\0\0\x79\xa8\xf8\xff\0\0\0\0\x05\0\x06\0\0\0\0\0\x07\x07\0\0\
\xff\xff\xff\xff\xbf\x71\0\0\0\0\0\0\x67\x01\0\0\x20\0\0\0\x77\x01\0\0\x20\0\0\
\0\xbf\x98\0\0\0\0\0\0\x15\x01\x20\0\0\0\0\0\xbf\x83\0\0\0\0\0\0\xb7\x01\0\0\
\xd8\x05\0\0\x0f\x13\0\0\0\0\0\0\xbf\xa1\0\0\0\0\0\0\x07\x01\0\0\xf0\xff\xff\
\xff\xb7\x02\0\0\x08\0\0\0\x85\0\0\0\x71\0\0\0\x79\xa3\xf0\xff\0\0\0\0\xb7\x01\
\0\0\x08\x06\0\0\x0f\x13\0\0\0\0\0\0\xbf\xa1\0\0\0\0\0\0\x07\x01\0\0\xf8\xff\
\xff\xff\xb7\x02\0\0\x08\0\0\0\x85\0\0\0\x71\0\0\0\x79\xa9\xf8\xff\0\0\0\0\x15\
\x09\x10\0\0\0\0\0\xbf\x83\0\0\0\0\0\0\xb7\x06\0\0\xa0\x08\0\0\x0f\x63\0\0\0\0\
\0\0\xbf\xa1\0\0\0\0\0\0\x07\x01\0\0\xf8\xff\xff\xff\xb7\x02\0\0\x08\0\0\0\x85\
\0\0\0\x71\0\0\0\xbf\x93\0\0\0\0\0\0\x0f\x63\0\0\0\0\0\0\x79\xa6\xf8\xff\0\0\0\
\0\xbf\xa1\0\0\0\0\0\0\x07\x01\0\0\xf8\xff\xff\xff\xb7\x02\0\0\x08\0\0\0\x85\0\
\0\0\x71\0\0\0\x79\xa1\xf8\xff\0\0\0\0\x1d\x16\xda\xff\0\0\0\0\xb7\x07\0\0\xcc\
\x05\0\0\xbf\x83\0\0\0\0\0\0\x0f\x73\0\0\0\0\0\0\xbf\xa1\0\0\0\0\0\0\x07\x01\0\
\0\xf8\xff\xff\xff\xb7\x02\0\0\x04\0\0\0\x85\0\0\0\x71\0\0\0\x61\xa1\xf8\xff\0\
\0\0\0\x79\xa6\x68\xfe\0\0\0\0\x63\x16\x14\0\0\0\0\0\xb7\x09\0\0\0\x07\0\0\x0f\
\x98\0\0\0\0\0\0\xbf\xa1\0\0\0\0\0\0\x07\x01\0\0\xf8\xff\xff\xff\xb7\x02\0\0\
\x08\0\0\0\xbf\x83\0\0\0\0\0\0\x85\0\0\0\x71\0\0\0\x79\xa1\xf8\xff\0\0\0\0\x7b\
\x16\x20\0\0\0\0\0\xb7\x01\0\0\x08\x06\0\0\x79\xa8\x70\xfe\0\0\0\0\xbf\x83\0\0\
\0\0\0\0\x0f\x13\0\0\0\0\0\0\xbf\xa1\0\0\0\0\0\0\x07\x01\0\0\xf0\xff\xff\xff\
\xb7\x02\0\0\x08\0\0\0\x85\0\0\0\x71\0\0\0\x79\xa3\xf0\xff\0\0\0\0\x0f\x93\0\0\
\0\0\0\0\xbf\xa1\0\0\0\0\0\0\x07\x01\0\0\xf8\xff\xff\xff\xb7\x02\0\0\x08\0\0\0\
\x85\0\0\0\x71\0\0\0\x79\xa1\xf8\xff\0\0\0\0\x7b\x16\x18\0\0\0\0\0\xbf\x83\0\0\
\0\0\0\0\x0f\x73\0\0\0\0\0\0\xbf\xa1\0\0\0\0\0\0\x07\x01\0\0\xf8\xff\xff\xff\
\xb7\x02\0\0\x04\0\0\0\x85\0\0\0\x71\0\0\0\x61\xa1\xf8\xff\0\0\0\0\x63\x16\x10\
\0\0\0\0\0\xb7\x01\0\0\x88\x07\0\0\xbf\x89\0\0\0\0\0\0\x0f\x19\0\0\0\0\0\0\xbf\
\xa1\0\0\0\0\0\0\x07\x01\0\0\xf8\xff\xff\xff\xb7\x02\0\0\x08\0\0\0\xbf\x93\0\0\
\0\0\0\0\x85\0\0\0\x71\0\0\0\xb7\x01\0\0\x14\0\0\0\x79\xa3\xf8\xff\0\0\0\0\x0f\
\x13\0\0\0\0\0\0\xbf\xa1\0\0\0\0\0\0\x07\x01\0\0\xf0\xff\xff\xff\xb7\x02\0\0\
\x04\0\0\0\x85\0\0\0\x71\0\0\0\x61\xa1\xf0\xff\0\0\0\0\x63\x16\x2c\x02\0\0\0\0\
\xbf\xa1\0\0\0\0\0\0\x07\x01\0\0\xf8\xff\xff\xff\xb7\x02\0\0\x08\0\0\0\xbf\x93\
\0\0\0\0\0\0\x85\0\0\0\x71\0\0\0\xb7\x01\0\0\x18\0\0\0\x79\xa3\xf8\xff\0\0\0\0\
\x0f\x13\0\0\0\0\0\0\xbf\xa1\0\0\0\0\0\0\x07\x01\0\0\xf0\xff\xff\xff\xb7\x02\0\
\0\x04\0\0\0\x85\0\0\0\x71\0\0\0\x61\xa1\xf0\xff\0\0\0\0\x63\x16\x30\x02\0\0\0\
\0\xb7\x01\0\0\x10\x05\0\0\x0f\x18\0\0\0\0\0\0\xbf\xa1\0\0\0\0\0\0\x07\x01\0\0\
\xf0\xff\xff\xff\xb7\x02\0\0\x08\0\0\0\xbf\x83\0\0\0\0\0\0\x85\0\0\0\x71\0\0\0\
\xb7\x01\0\0\x38\x01\0\0\x79\xa3\xf0\xff\0\0\0\0\x0f\x13\0\0\0\0\0\0\xbf\xa1\0\
\0\0\0\0\0\x07\x01\0\0\xf8\xff\xff\xff\xb7\x02\0\0\x08\0\0\0\x85\0\0\0\x71\0\0\
\0\x79\xa9\xf8\xff\0\0\0\0\xbf\xa1\0\0\0\0\0\0\x07\x01\0\0\xf0\xff\xff\xff\xb7\
\x02\0\0\x08\0\0\0\xbf\x83\0\0\0\0\0\0\x85\0\0\0\x71\0\0\0\xb7\x01\0\0\x40\x01\
\0\0\x79\xa3\xf0\xff\0\0\0\0\x0f\x13\0\0\0\0\0\0\xbf\xa1\0\0\0\0\0\0\x07\x01\0\
\0\xf8\xff\xff\xff\xb7\x02\0\0\x08\0\0\0\x85\0\0\0\x71\0\0\0\x79\xa2\xf8\xff\0\
\0\0\0\x1f\x92\0\0\0\0\0\0\xb7\x01\0\0\0\x02\0\0\x2d\x21\x01\0\0\0\0\0\xb7\x02\
\0\0\0\x02\0\0\x63\x26\x28\x02\0\0\0\0\x79\xa1\x60\xfe\0\0\0\0\x07\x01\0\0\x28\
\0\0\0\xbf\x93\0\0\0\0\0\0\x85\0\0\0\x70\0\0\0\x61\x61\x28\x02\0\0\0\0\x55\x01\
\x02\0\0\x02\0\0\xb7\x01\0\0\0\0\0\0\x73\x16\x27\x02\0\0\0\0\xb7\x08\0\0\0\0\0\
\0\x73\x86\x38\x02\0\0\0\0\xb7\x07\0\0\x01\0\0\0\x18\x01\0\0\0\0\0\0\0\0\0\0\0\
\0\0\0\x79\xa9\x58\xfe\0\0\0\0\xbf\x92\0\0\0\0\0\0\xbf\x63\0\0\0\0\0\0\xb7\x04\
\0\0\x01\0\0\0\x85\0\0\0\x02\0\0\0\x18\x01\0\0\0\0\0\0\0\0\0\0\0\0\0\0\xbf\x92\
\0\0\0\0\0\0\x85\0\0\0\x01\0\0\0\x15\0\x17\0\0\0\0\0\x71\x01\0\0\0\0\0\0\x25\
\x01\x9e\xfe\x04\0\0\0\xbf\x12\0\0\0\0\0\0\x27\x02\0\0\x38\0\0\0\xbf\x03\0\0\0\
\0\0\0\x0f\x23\0\0\0\0\0\0\x79\xa2\x78\xfe\0\0\0\0\x79\xa4\x80\xfe\0\0\0\0\x79\
\xa5\x88\xfe\0\0\0\0\x79\xa6\x90\xfe\0\0\0\0\x79\xa7\x98\xfe\0\0\0\0\x79\xa8\
\xa0\xfe\0\0\0\0\x79\xa9\xa8\xfe\0\0\0\0\x7b\x93\x38\0\0\0\0\0\x7b\x83\x30\0\0\
\0\0\0\x7b\x73\x28\0\0\0\0\0\x7b\x63\x20\0\0\0\0\0\x7b\x53\x18\0\0\0\0\0\x7b\
\x43\x10\0\0\0\0\0\x7b\x23\x08\0\0\0\0\0\x07\x01\0\0\x01\0\0\0\x73\x10\0\0\0\0\
\0\0\x05\0\x89\xfe\0\0\0\0\x7b\x8a\xd0\xff\0\0\0\0\x7b\x8a\xc8\xff\0\0\0\0\x7b\
\x8a\xc0\xff\0\0\0\0\x7b\x8a\xb8\xff\0\0\0\0\x7b\x8a\xb0\xff\0\0\0\0\x7b\x8a\
\xa8\xff\0\0\0\0\x7b\x8a\xa0\xff\0\0\0\0\x7b\x8a\x98\xff\0\0\0\0\x7b\x8a\x90\
\xff\0\0\0\0\x7b\x8a\x88\xff\0\0\0\0\x7b\x8a\x80\xff\0\0\0\0\x7b\x8a\x78\xff\0\
\0\0\0\x7b\x8a\x70\xff\0\0\0\0\x7b\x8a\x68\xff\0\0\0\0\x7b\x8a\x60\xff\0\0\0\0\
\x7b\x8a\x58\xff\0\0\0\0\x7b\x8a\x50\xff\0\0\0\0\x7b\x8a\x48\xff\0\0\0\0\x7b\
\x8a\x40\xff\0\0\0\0\x7b\x8a\x38\xff\0\0\0\0\x7b\x8a\x30\xff\0\0\0\0\x7b\x8a\
\x28\xff\0\0\0\0\x7b\x8a\x20\xff\0\0\0\0\x7b\x8a\x18\xff\0\0\0\0\x7b\x8a\x10\
\xff\0\0\0\0\x7b\x8a\x08\xff\0\0\0\0\x7b\x8a\0\xff\0\0\0\0\x7b\x8a\xf8\xfe\0\0\
\0\0\x7b\x8a\xf0\xfe\0\0\0\0\x7b\x8a\xe8\xfe\0\0\0\0\x7b\x8a\xe0\xfe\0\0\0\0\
\x7b\x8a\xd8\xfe\0\0\0\0\x7b\x8a\xd0\xfe\0\0\0\0\x7b\x8a\xc8\xfe\0\0\0\0\x7b\
\x8a\xc0\xfe\0\0\0\0\x7b\x8a\xb8\xfe\0\0\0\0\x79\xa1\xa8\xfe\0\0\0\0\x7b\x1a\
\xf0\xfe\0\0\0\0\x79\xa1\xa0\xfe\0\0\0\0\x7b\x1a\xe8\xfe\0\0\0\0\x79\xa1\x98\
\xfe\0\0\0\0\x7b\x1a\xe0\xfe\0\0\0\0\x79\xa1\x90\xfe\0\0\0\0\x7b\x1a\xd8\xfe\0\
\0\0\0\x79\xa1\x88\xfe\0\0\0\0\x7b\x1a\xd0\xfe\0\0\0\0\x79\xa1\x80\xfe\0\0\0\0\
\x7b\x1a\xc8\xfe\0\0\0\0\x79\xa1\x78\xfe\0\0\0\0\x7b\x1a\xc0\xfe\0\0\0\0\x73\
\x7a\xb8\xfe\0\0\0\0\xbf\xa3\0\0\0\0\0\0\x07\x03\0\0\xb8\xfe\xff\xff\x18\x01\0\
\0\0\0\0\0\0\0\0\0\0\0\0\0\xbf\x92\0\0\0\0\0\0\xb7\x04\0\0\x01\0\0\0\x85\0\0\0\
\x02\0\0\0\x15\0\x4e\xfe\0\0\0\0\x18\x01\0\0\0\0\0\0\0\0\0\0\0\0\0\0\xb7\x02\0\
\0\x56\0\0\0\x85\0\0\0\x06\0\0\0\x05\0\x49\xfe\0\0\0\0\xb7\x01\0\0\xfb\0\0\0\
\x05\0\x1d\xfe\0\0\0\0\xb7\x02\0\0\xfb\0\0\0\x05\0\xe7\xfe\0\0\0\0\x79\x11\0\0\
\0\0\0\0\x7b\x1a\xf8\xff\0\0\0\0\xbf\xa2\0\0\0\0\0\0\x07\x02\0\0\xf8\xff\xff\
\xff\x18\x01\0\0\0\0\0\0\0\0\0\0\0\0\0\0\x85\0\0\0\x01\0\0\0\xbf\x06\0\0\0\0\0\
\0\x79\xa1\xf8\xff\0\0\0\0\x7b\x1a\xf0\xff\0\0\0\0\x15\x06\x03\0\0\0\0\0\x71\
\x62\0\0\0\0\0\0\xb7\x03\0\0\x06\0\0\0\x2d\x23\x09\0\0\0\0\0\xbf\xa3\0\0\0\0\0\
\0\x07\x03\0\0\xf0\xff\xff\xff\x18\x01\0\0\0\0\0\0\0\0\0\0\0\0\0\0\x18\x02\0\0\
\0\0\0\0\0\0\0\0\0\0\0\0\xb7\x04\0\0\0\0\0\0\x85\0\0\0\xa4\0\0\0\x05\0\x8d\0\0\
\0\0\0\x7b\x1a\xe8\xff\0\0\0\0\x79\x61\x08\0\0\0\0\0\x7b\x1a\xb0\xff\0\0\0\0\
\x79\x61\x10\0\0\0\0\0\x7b\x1a\xb8\xff\0\0\0\0\x79\x61\x18\0\0\0\0\0\x7b\x1a\
\xc0\xff\0\0\0\0\x79\x61\x20\0\0\0\0\0\x7b\x1a\xc8\xff\0\0\0\0\x79\x61\x28\0\0\
\0\0\0\x7b\x1a\xd0\xff\0\0\0\0\x79\x61\x30\0\0\0\0\0\x7b\x1a\xd8\xff\0\0\0\0\
\x79\x61\x38\0\0\0\0\0\x7b\x1a\xe0\xff\0\0\0\0\xbf\xa2\0\0\0\0\0\0\x07\x02\0\0\
\xb0\xff\xff\xff\x18\x01\0\0\0\0\0\0\0\0\0\0\0\0\0\0\x85\0\0\0\x01\0\0\0\x55\0\
\x05\0\0\0\0\0\x18\x01\0\0\x9d\0\0\0\0\0\0\0\0\0\0\0\xb7\x02\0\0\x30\0\0\0\x85\
\0\0\0\x06\0\0\0\x05\0\x02\0\0\0\0\0\xb7\x01\0\0\x01\0\0\0\x73\x10\x0c\0\0\0\0\
\0\x79\x61\x70\0\0\0\0\0\x7b\x1a\xe0\xff\0\0\0\0\x79\x61\x68\0\0\0\0\0\x7b\x1a\
\xd8\xff\0\0\0\0\x79\x61\x60\0\0\0\0\0\x7b\x1a\xd0\xff\0\0\0\0\x79\x61\x58\0\0\
\0\0\0\x7b\x1a\xc8\xff\0\0\0\0\x79\x61\x50\0\0\0\0\0\x7b\x1a\xc0\xff\0\0\0\0\
\x79\x61\x48\0\0\0\0\0\x7b\x1a\xb8\xff\0\0\0\0\x79\x61\x40\0\0\0\0\0\x7b\x1a\
\xb0\xff\0\0\0\0\xbf\xa2\0\0\0\0\0\0\x07\x02\0\0\xb0\xff\xff\xff\x18\x01\0\0\0\
\0\0\0\0\0\0\0\0\0\0\0\x85\0\0\0\x01\0\0\0\x15\0\x03\0\0\0\0\0\xb7\x01\0\0\x01\
\0\0\0\x73\x10\x0c\0\0\0\0\0\x05\0\x04\0\0\0\0\0\x18\x01\0\0\x9d\0\0\0\0\0\0\0\
\0\0\0\0\xb7\x02\0\0\x30\0\0\0\x85\0\0\0\x06\0\0\0\x79\x61\xa8\0\0\0\0\0\x7b\
\x1a\xe0\xff\0\0\0\0\x79\x61\xa0\0\0\0\0\0\x7b\x1a\xd8\xff\0\0\0\0\x79\x61\x98\
\0\0\0\0\0\x7b\x1a\xd0\xff\0\0\0\0\x79\x61\x90\0\0\0\0\0\x7b\x1a\xc8\xff\0\0\0\
\0\x79\x61\x88\0\0\0\0\0\x7b\x1a\xc0\xff\0\0\0\0\x79\x61\x80\0\0\0\0\0\x7b\x1a\
\xb8\xff\0\0\0\0\x79\x61\x78\0\0\0\0\0\x7b\x1a\xb0\xff\0\0\0\0\xbf\xa2\0\0\0\0\
\0\0\x07\x02\0\0\xb0\xff\xff\xff\x18\x01\0\0\0\0\0\0\0\0\0\0\0\0\0\0\x85\0\0\0\
\x01\0\0\0\x15\0\x03\0\0\0\0\0\xb7\x01\0\0\x01\0\0\0\x73\x10\x0c\0\0\0\0\0\x05\
\0\x04\0\0\0\0\0\x18\x01\0\0\x9d\0\0\0\0\0\0\0\0\0\0\0\xb7\x02\0\0\x30\0\0\0\
\x85\0\0\0\x06\0\0\0\x79\x61\xe0\0\0\0\0\0\x7b\x1a\xe0\xff\0\0\0\0\x79\x61\xd8\
\0\0\0\0\0\x7b\x1a\xd8\xff\0\0\0\0\x79\x61\xd0\0\0\0\0\0\x7b\x1a\xd0\xff\0\0\0\
\0\x79\x61\xc8\0\0\0\0\0\x7b\x1a\xc8\xff\0\0\0\0\x79\x61\xc0\0\0\0\0\0\x7b\x1a\
\xc0\xff\0\0\0\0\x79\x61\xb8\0\0\0\0\0\x7b\x1a\xb8\xff\0\0\0\0\x79\x61\xb0\0\0\
\0\0\0\x7b\x1a\xb0\xff\0\0\0\0\xbf\xa2\0\0\0\0\0\0\x07\x02\0\0\xb0\xff\xff\xff\
\x18\x01\0\0\0\0\0\0\0\0\0\0\0\0\0\0\x85\0\0\0\x01\0\0\0\x15\0\x03\0\0\0\0\0\
\xb7\x01\0\0\x01\0\0\0\x73\x10\x0c\0\0\0\0\0\x05\0\x04\0\0\0\0\0\x18\x01\0\0\
\x9d\0\0\0\0\0\0\0\0\0\0\0\xb7\x02\0\0\x30\0\0\0\x85\0\0\0\x06\0\0\0\x79\x61\
\x18\x01\0\0\0\0\x7b\x1a\xe0\xff\0\0\0\0\x79\x61\x10\x01\0\0\0\0\x7b\x1a\xd8\
\xff\0\0\0\0\x79\x61\x08\x01\0\0\0\0\x7b\x1a\xd0\xff\0\0\0\0\x79\x61\0\x01\0\0\
\0\0\x7b\x1a\xc8\xff\0\0\0\0\x79\x61\xf8\0\0\0\0\0\x7b\x1a\xc0\xff\0\0\0\0\x79\
\x61\xf0\0\0\0\0\0\x7b\x1a\xb8\xff\0\0\0\0\x79\x61\xe8\0\0\0\0\0\x7b\x1a\xb0\
\xff\0\0\0\0\xbf\xa2\0\0\0\0\0\0\x07\x02\0\0\xb0\xff\xff\xff\x18\x01\0\0\0\0\0\
\0\0\0\0\0\0\0\0\0\x85\0\0\0\x01\0\0\0\x15\0\x03\0\0\0\0\0\xb7\x01\0\0\x01\0\0\
\0\x73\x10\x0c\0\0\0\0\0\x05\0\x04\0\0\0\0\0\x18\x01\0\0\x9d\0\0\0\0\0\0\0\0\0\
\0\0\xb7\x02\0\0\x30\0\0\0\x85\0\0\0\x06\0\0\0\xbf\xa2\0\0\0\0\0\0\x07\x02\0\0\
\xf8\xff\xff\xff\x18\x01\0\0\0\0\0\0\0\0\0\0\0\0\0\0\x85\0\0\0\x03\0\0\0\xb7\0\
\0\0\0\0\0\0\x95\0\0\0\0\0\0\0\x44\x75\x61\x6c\x20\x42\x53\x44\x2f\x47\x50\x4c\
\0\0\0\0\0\0\0\0\0\0\0\0\0\0\0\0\0\0\0\0\0\0\0\0\0\0\0\0\0\0\0\0\0\0\0\0\0\0\0\
\0\0\0\0\0\0\0\0\0\0\0\0\0\0\0\0\0\0\0\0\0\0\0\0\0\0\0\0\0\0\0\0\0\0\0\0\0\0\0\
\0\0\0\0\0\0\0\0\0\0\0\0\0\0\0\0\0\0\0\0\0\0\0\0\0\0\0\0\0\0\0\0\0\0\0\0\0\0\0\
\0\0\0\0\0\0\0\0\0\0\0\0\0\0\0\0\0\0\0\0\0\0\0\0\0\0\0\0\0\0\0\x45\x72\x72\x6f\
\x72\x3a\x20\x55\x6e\x61\x62\x6c\x65\x20\x74\x6f\x20\x69\x6e\x73\x65\x72\x74\
\x20\x61\x20\x6e\x65\x77\x20\x74\x75\x70\x6c\x65\x20\x66\x6f\x72\x20\x61\x20\
\x73\x6f\x63\x6b\x65\x74\x20\x69\x6e\x20\x74\x68\x65\x20\x74\x75\x70\x6c\x65\
\x20\x67\x61\x72\x62\x61\x67\x65\x20\x63\x6f\x6c\x6c\x65\x63\x74\x69\x6f\x6e\
\x20\x6c\x69\x73\x74\0\x63\x72\x6f\x73\x5f\x6e\x65\x74\x77\x6f\x72\x6b\x5f\x61\
\x63\x63\x65\x70\x74\x5f\x65\x78\x69\x74\x20\x65\x6e\x63\x6f\x75\x6e\x74\x65\
\x72\x65\x64\x20\x61\x20\x73\x6f\x63\x6b\x65\x74\x20\x77\x69\x74\x68\x20\x65\
\x78\x69\x73\x74\x69\x6e\x67\x20\x66\x6c\x6f\x77\x20\x65\x6e\x74\x72\x79\0\x46\
\x61\x69\x6c\x65\x64\x20\x74\x6f\x20\x6d\x61\x72\x6b\x20\x61\x6e\x20\x65\x6e\
\x74\x72\x79\x20\x66\x6f\x72\x20\x67\x61\x72\x62\x61\x67\x65\x20\x63\x6f\x6c\
\x6c\x65\x63\x74\x69\x6f\x6e\x2e\0\0\0\0\x9f\xeb\x01\0\x18\0\0\0\0\0\0\0\x10\
\x6a\0\0\x10\x6a\0\0\xb2\x5e\0\0\0\0\0\0\0\0\0\x02\x03\0\0\0\x01\0\0\0\0\0\0\
\x01\x04\0\0\0\x20\0\0\x01\0\0\0\0\0\0\0\x03\0\0\0\0\x02\0\0\0\x04\0\0\0\x1b\0\
\0\0\x05\0\0\0\0\0\0\x01\x04\0\0\0\x20\0\0\0\0\0\0\0\0\0\0\x02\x06\0\0\0\0\0\0\
\0\0\0\0\x03\0\0\0\0\x02\0\0\0\x04\0\0\0\0\0\x20\0\0\0\0\0\x02\0\0\x04\x10\0\0\
\0\x19\0\0\0\x01\0\0\0\0\0\0\0\x1e\0\0\0\x05\0\0\0\x40\0\0\0\x2a\0\0\0\0\0\0\
\x0e\x07\0\0\0\x01\0\0\0\0\0\0\0\0\0\0\x02\x0a\0\0\0\0\0\0\0\0\0\0\x03\0\0\0\0\
\x02\0\0\0\x04\0\0\0\x09\0\0\0\0\0\0\0\0\0\0\x02\x0c\0\0\0\0\0\0\0\0\0\0\x03\0\
\0\0\0\x02\0\0\0\x04\0\0\0\0\x08\0\0\0\0\0\0\0\0\0\x02\x0e\0\0\0\x2d\0\0\0\x02\
\0\0\x04\x40\0\0\0\x3f\0\0\0\x0f\0\0\0\0\0\0\0\x4a\0\0\0\x20\0\0\0\xc0\x01\0\0\
\x4f\0\0\0\x06\0\0\x04\x38\0\0\0\x64\0\0\0\x10\0\0\0\0\0\0\0\x6b\0\0\0\x11\0\0\
\0\x20\0\0\0\x74\0\0\0\x12\0\0\0\x40\0\0\0\x80\0\0\0\x1c\0\0\0\xc0\0\0\0\x8c\0\
\0\0\x12\0\0\0\0\x01\0\0\x96\0\0\0\x1c\0\0\0\x80\x01\0\0\xa0\0\0\0\x02\0\0\x06\
\x04\0\0\0\xb4\0\0\0\x02\0\0\0\xc8\0\0\0\x0a\0\0\0\xdd\0\0\0\x06\0\0\x06\x04\0\
\0\0\xf3\0\0\0\x06\0\0\0\x05\x01\0\0\x11\0\0\0\x17\x01\0\0\x01\0\0\0\x2a\x01\0\
\0\x3a\0\0\0\x3e\x01\0\0\xfb\0\0\0\x50\x01\0\0\xfc\0\0\0\x66\x01\0\0\x02\0\0\
\x05\x10\0\0\0\x73\x01\0\0\x13\0\0\0\0\0\0\0\x79\x01\0\0\x1b\0\0\0\0\0\0\0\x7f\
\x01\0\0\0\0\0\x08\x14\0\0\0\x88\x01\0\0\0\0\0\x08\x15\0\0\0\x8c\x01\0\0\0\0\0\
\x08\x16\0\0\0\x92\x01\0\0\0\0\0\x01\x04\0\0\0\x20\0\0\0\x9f\x01\0\0\0\0\0\x08\
\x18\0\0\0\xa7\x01\0\0\0\0\0\x08\x19\0\0\0\xaa\x01\0\0\0\0\0\x08\x1a\0\0\0\xaf\
\x01\0\0\0\0\0\x01\x01\0\0\0\x08\0\0\0\0\0\0\0\0\0\0\x03\0\0\0\0\x17\0\0\0\x04\
\0\0\0\x10\0\0\0\xbd\x01\0\0\0\0\0\x08\x1d\0\0\0\xc6\x01\0\0\0\0\0\x08\x1e\0\0\
\0\xca\x01\0\0\0\0\0\x08\x1f\0\0\0\xd0\x01\0\0\0\0\0\x01\x02\0\0\0\x10\0\0\0\
\xdf\x01\0\0\0\0\0\x08\x21\0\0\0\xe8\x01\0\0\0\0\0\x08\x22\0\0\0\xec\x01\0\0\0\
\0\0\x08\x23\0\0\0\xf2\x01\0\0\0\0\0\x01\x08\0\0\0\x40\0\0\0\0\0\0\0\0\0\0\x02\
\x25\0\0\0\x05\x02\0\0\x04\0\0\x04\x10\0\0\0\x19\x02\0\0\x26\0\0\0\0\0\0\0\x23\
\x02\0\0\x13\0\0\0\x20\0\0\0\x2c\x02\0\0\x13\0\0\0\x40\0\0\0\x35\x02\0\0\x27\0\
\0\0\x60\0\0\0\x48\x02\0\0\x03\0\0\x06\x04\0\0\0\x66\x02\0\0\0\0\0\0\x7f\x02\0\
\0\x01\0\0\0\x99\x02\0\0\x02\0\0\0\xb7\x02\0\0\0\0\0\x08\x28\0\0\0\xbc\x02\0\0\
\0\0\0\x01\x01\0\0\0\x08\0\0\x04\0\0\0\0\x04\0\0\x04\x20\0\0\0\x19\0\0\0\x09\0\
\0\0\0\0\0\0\x1e\0\0\0\x0b\0\0\0\x40\0\0\0\xc2\x02\0\0\x0d\0\0\0\x80\0\0\0\xc6\
\x02\0\0\x24\0\0\0\xc0\0\0\0\xcc\x02\0\0\0\0\0\x0e\x29\0\0\0\x01\0\0\0\0\0\0\0\
\0\0\0\x02\x2c\0\0\0\0\0\0\0\0\0\0\x03\0\0\0\0\x02\0\0\0\x04\0\0\0\x64\0\0\0\0\
\0\0\0\0\0\0\x02\x2e\0\0\0\0\0\0\0\0\0\0\x02\x2f\0\0\0\x4a\0\0\0\x5d\0\0\x84\
\x18\x03\0\0\xe2\x02\0\0\x30\0\0\0\0\0\0\0\xee\x02\0\0\x5c\0\0\0\x40\x04\0\0\
\xf6\x02\0\0\x59\0\0\0\x40\x05\0\0\xff\x02\0\0\x02\0\0\0\x60\x05\0\0\x0b\x03\0\
\0\x6b\0\0\0\x80\x05\0\0\x1a\x03\0\0\x6c\0\0\0\x40\x06\0\0\x2a\x03\0\0\x6b\0\0\
\0\x80\x06\0\0\x3b\x03\0\0\x6d\0\0\0\x40\x07\0\0\x46\x03\0\0\x02\0\0\0\0\x08\0\
\0\x57\x03\0\0\x16\0\0\0\x20\x08\0\0\x62\x03\0\0\x16\0\0\0\x40\x08\0\0\x6d\x03\
\0\0\x02\0\0\0\x60\x08\0\0\x77\x03\0\0\x02\0\0\0\x80\x08\0\0\x87\x03\0\0\x6e\0\
\0\0\xc0\x08\0\0\0\0\0\0\x6f\0\0\0\0\x09\0\0\x91\x03\0\0\x8f\0\0\0\x40\x09\0\0\
\x9b\x03\0\0\x90\0\0\0\xc0\x09\0\0\xa5\x03\0\0\x02\0\0\0\0\x0a\0\0\xb7\x03\0\0\
\x14\0\0\0\x20\x0a\0\0\xc8\x03\0\0\x90\0\0\0\x40\x0a\0\0\xd5\x03\0\0\x59\0\0\0\
\x80\x0a\0\0\xe3\x03\0\0\x02\0\0\0\xa0\x0a\0\0\xed\x03\0\0\x02\0\0\0\xc0\x0a\0\
\0\xfc\x03\0\0\x57\0\0\0\xe0\x0a\0\0\x0a\x04\0\0\x4f\0\0\0\0\x0b\0\0\0\0\0\0\
\x91\0\0\0\x40\x0b\0\0\x17\x04\0\0\x6c\0\0\0\x80\x0b\0\0\x27\x04\0\0\x6b\0\0\0\
\xc0\x0b\0\0\x36\x04\0\0\x94\0\0\0\x80\x0c\0\0\x42\x04\0\0\x02\0\0\0\xa0\x0c\0\
\0\x53\x04\0\0\x15\0\0\0\xc0\x0c\0\0\x6a\x04\0\0\x14\0\0\0\xe0\x0c\0\0\x7b\x04\
\0\0\x95\0\0\0\0\x0d\0\0\x87\x04\0\0\x7a\0\0\0\x40\x0d\0\0\x90\x04\0\0\x15\0\0\
\0\x80\x0e\0\0\x9c\x04\0\0\x15\0\0\0\xa0\x0e\0\0\xa4\x04\0\0\x4f\0\0\0\xc0\x0e\
\0\0\xb3\x04\0\0\x4f\0\0\0\0\x0f\0\0\xc6\x04\0\0\x96\0\0\0\x40\x0f\0\0\xce\x04\
\0\0\x98\0\0\0\xc0\x0f\0\0\xdc\x04\0\0\x98\0\0\0\0\x10\0\0\xec\x04\0\0\x98\0\0\
\0\x40\x10\0\0\x01\x05\0\0\x02\0\0\0\x80\x10\0\0\x0d\x05\0\0\x16\0\0\0\xa0\x10\
\0\0\x1d\x05\0\0\x99\0\0\0\xc0\x10\0\0\x2b\x05\0\0\x15\0\0\0\xe0\x10\0\0\x35\
\x05\0\0\x18\0\0\0\0\x11\0\x01\x40\x05\0\0\x18\0\0\0\x01\x11\0\x01\x4d\x05\0\0\
\x18\0\0\0\x02\x11\0\x01\x5c\x05\0\0\x18\0\0\0\x03\x11\0\x01\x6b\x05\0\0\x18\0\
\0\0\x04\x11\0\x04\x78\x05\0\0\x18\0\0\0\x08\x11\0\0\x88\x05\0\0\x1d\0\0\0\x10\
\x11\0\0\x90\x05\0\0\x1d\0\0\0\x20\x11\0\0\x9c\x05\0\0\x1d\0\0\0\x30\x11\0\0\
\xac\x05\0\0\x4f\0\0\0\x40\x11\0\0\xba\x05\0\0\x40\0\0\0\x80\x11\0\0\xca\x05\0\
\0\x73\0\0\0\xc0\x11\0\0\xdb\x05\0\0\x02\0\0\0\0\x12\0\0\xe2\x05\0\0\x02\0\0\0\
\x20\x12\0\0\xee\x05\0\0\x14\0\0\0\x40\x12\0\0\xfd\x05\0\0\x14\0\0\0\x60\x12\0\
\0\x10\x06\0\0\x9a\0\0\0\x80\x12\0\0\x17\x06\0\0\x18\0\0\0\xa0\x12\0\0\x2b\x06\
\0\0\x1d\0\0\0\xb0\x12\0\0\x3f\x06\0\0\x5e\0\0\0\xc0\x12\0\0\x4c\x06\0\0\x9d\0\
\0\0\0\x13\0\0\x58\x06\0\0\x9e\0\0\0\x40\x13\0\0\x65\x06\0\0\x95\0\0\0\x80\x13\
\0\0\x71\x06\0\0\xa0\0\0\0\xc0\x13\0\0\x7a\x06\0\0\x1d\0\0\0\0\x14\0\0\x85\x06\
\0\0\x02\0\0\0\x20\x14\0\0\x91\x06\0\0\x18\0\0\0\x40\x14\0\0\x9d\x06\0\0\x59\0\
\0\0\x60\x14\0\0\xa6\x06\0\0\x59\0\0\0\x80\x14\0\0\xaf\x06\0\0\x18\0\0\0\xa0\
\x14\0\0\xba\x06\0\0\x18\0\0\0\xa8\x14\0\x01\xd2\x06\0\0\x18\0\0\0\xa9\x14\0\
\x01\xea\x06\0\0\x18\0\0\0\xaa\x14\0\x06\xfb\x06\0\0\xa1\0\0\0\xc0\x14\0\0\x05\
\x07\0\0\xa2\0\0\0\0\x15\0\0\x12\x07\0\0\xa2\0\0\0\x40\x15\0\0\x1e\x07\0\0\xa3\
\0\0\0\x80\x15\0\0\x2b\x07\0\0\xa5\0\0\0\0\x16\0\0\x34\x07\0\0\xa7\0\0\0\x40\
\x16\0\0\x44\x07\0\0\xa7\0\0\0\x80\x16\0\0\x52\x07\0\0\xa7\0\0\0\xc0\x16\0\0\
\x61\x07\0\0\xa7\0\0\0\0\x17\0\0\x71\x07\0\0\xa9\0\0\0\x40\x17\0\0\x80\x07\0\0\
\xa7\0\0\0\x80\x17\0\0\x8c\x07\0\0\xc4\0\0\0\xc0\x17\0\0\x9c\x07\0\0\xc5\0\0\0\
\0\x18\0\0\xab\x07\0\0\x8b\0\0\0\x40\x18\0\0\xb2\x07\0\0\x19\0\0\x84\x88\0\0\0\
\0\0\0\0\x31\0\0\0\0\0\0\0\0\0\0\0\x35\0\0\0\x40\0\0\0\0\0\0\0\x37\0\0\0\x60\0\
\0\0\xbe\x07\0\0\x1f\0\0\0\x80\0\0\0\xc9\x07\0\0\x3b\0\0\0\x90\0\0\0\xd3\x07\0\
\0\x1a\0\0\0\x98\0\0\x04\xdd\x07\0\0\x1a\0\0\0\x9c\0\0\x01\xeb\x07\0\0\x1a\0\0\
\0\x9d\0\0\x01\xf8\x07\0\0\x1a\0\0\0\x9e\0\0\x01\x07\x08\0\0\x02\0\0\0\xa0\0\0\
\0\0\0\0\0\x3c\0\0\0\xc0\0\0\0\x18\x08\0\0\x40\0\0\0\x40\x01\0\0\x21\x08\0\0\
\x41\0\0\0\x80\x01\0\0\x29\x08\0\0\x44\0\0\0\xc0\x01\0\0\x36\x08\0\0\x44\0\0\0\
\x40\x02\0\0\x47\x08\0\0\x49\0\0\0\xc0\x02\0\0\0\0\0\0\x4e\0\0\0\0\x03\0\0\x52\
\x08\0\0\x51\0\0\0\x40\x03\0\0\0\0\0\0\x52\0\0\0\x40\x03\0\0\x65\x08\0\0\x1f\0\
\0\0\xc0\x03\0\0\x7a\x08\0\0\x1f\0\0\0\xd0\x03\0\0\0\0\0\0\x56\0\0\0\xe0\x03\0\
\0\x8f\x08\0\0\x57\0\0\0\0\x04\0\0\x9a\x08\0\0\x51\0\0\0\x20\x04\0\0\0\0\0\0\
\x5b\0\0\0\x20\x04\0\0\0\0\0\0\x02\0\0\x05\x08\0\0\0\xab\x08\0\0\x32\0\0\0\0\0\
\0\0\0\0\0\0\x33\0\0\0\0\0\0\0\xb8\x08\0\0\0\0\0\x08\x22\0\0\0\0\0\0\0\x02\0\0\
\x04\x08\0\0\0\xc3\x08\0\0\x34\0\0\0\0\0\0\0\xcd\x08\0\0\x34\0\0\0\x20\0\0\0\
\xdb\x08\0\0\0\0\0\x08\x15\0\0\0\0\0\0\0\x02\0\0\x05\x04\0\0\0\xe2\x08\0\0\x16\
\0\0\0\0\0\0\0\xeb\x08\0\0\x36\0\0\0\0\0\0\0\0\0\0\0\0\0\0\x03\0\0\0\0\x1e\0\0\
\0\x04\0\0\0\x02\0\0\0\0\0\0\0\x02\0\0\x05\x04\0\0\0\xf9\x08\0\0\x38\0\0\0\0\0\
\0\0\0\0\0\0\x39\0\0\0\0\0\0\0\x06\x09\0\0\0\0\0\x08\x15\0\0\0\0\0\0\0\x02\0\0\
\x04\x04\0\0\0\x11\x09\0\0\x3a\0\0\0\0\0\0\0\x1b\x09\0\0\x1e\0\0\0\x10\0\0\0\
\x23\x09\0\0\0\0\0\x08\x1e\0\0\0\0\0\0\0\0\0\0\x09\x1a\0\0\0\0\0\0\0\x02\0\0\
\x05\x10\0\0\0\x2a\x09\0\0\x3d\0\0\0\0\0\0\0\x38\x09\0\0\x3d\0\0\0\0\0\0\0\x4a\
\x09\0\0\x02\0\0\x04\x10\0\0\0\x55\x09\0\0\x3e\0\0\0\0\0\0\0\x5a\x09\0\0\x3f\0\
\0\0\x40\0\0\0\0\0\0\0\0\0\0\x02\x3d\0\0\0\0\0\0\0\0\0\0\x02\x3e\0\0\0\0\0\0\0\
\0\0\0\x02\x41\x02\0\0\x60\x09\0\0\0\0\0\x08\x42\0\0\0\0\0\0\0\x01\0\0\x04\x08\
\0\0\0\x6f\x09\0\0\x43\0\0\0\0\0\0\0\0\0\0\0\0\0\0\x02\x53\x02\0\0\x73\x09\0\0\
\x01\0\0\x04\x10\0\0\0\x7c\x09\0\0\x45\0\0\0\0\0\0\0\0\0\0\0\x03\0\0\x05\x10\0\
\0\0\x82\x09\0\0\x46\0\0\0\0\0\0\0\x8b\x09\0\0\x47\0\0\0\0\0\0\0\x95\x09\0\0\
\x48\0\0\0\0\0\0\0\0\0\0\0\0\0\0\x03\0\0\0\0\x19\0\0\0\x04\0\0\0\x10\0\0\0\0\0\
\0\0\0\0\0\x03\0\0\0\0\x3a\0\0\0\x04\0\0\0\x08\0\0\0\0\0\0\0\0\0\0\x03\0\0\0\0\
\x34\0\0\0\x04\0\0\0\x04\0\0\0\x9f\x09\0\0\0\0\0\x08\x4a\0\0\0\0\0\0\0\x01\0\0\
\x04\x08\0\0\0\xaa\x09\0\0\x4b\0\0\0\0\0\0\0\xb2\x09\0\0\0\0\0\x08\x4c\0\0\0\
\xb6\x09\0\0\0\0\0\x08\x4d\0\0\0\xbc\x09\0\0\0\0\0\x01\x08\0\0\0\x40\0\0\x01\0\
\0\0\0\x03\0\0\x05\x08\0\0\0\xc6\x09\0\0\x4f\0\0\0\0\0\0\0\xd0\x09\0\0\x2e\0\0\
\0\0\0\0\0\xdd\x09\0\0\x50\0\0\0\0\0\0\0\xe7\x09\0\0\0\0\0\x01\x08\0\0\0\x40\0\
\0\0\0\0\0\0\0\0\0\x02\x5b\x02\0\0\0\0\0\0\0\0\0\x03\0\0\0\0\x02\0\0\0\x04\0\0\
\0\0\0\0\0\0\0\0\0\x02\0\0\x05\x10\0\0\0\xf5\x09\0\0\x3d\0\0\0\0\0\0\0\xfe\x09\
\0\0\x53\0\0\0\0\0\0\0\x0d\x0a\0\0\x02\0\0\x04\x10\0\0\0\x55\x09\0\0\x54\0\0\0\
\0\0\0\0\x5a\x09\0\0\x55\0\0\0\x40\0\0\0\0\0\0\0\0\0\0\x02\x53\0\0\0\0\0\0\0\0\
\0\0\x02\x54\0\0\0\0\0\0\0\x03\0\0\x05\x04\0\0\0\x1e\x0a\0\0\x02\0\0\0\0\0\0\0\
\x2f\x0a\0\0\x14\0\0\0\0\0\0\0\x3b\x0a\0\0\x14\0\0\0\0\0\0\0\x4a\x0a\0\0\0\0\0\
\x08\x58\0\0\0\x55\x0a\0\0\x01\0\0\x04\x04\0\0\0\x65\x0a\0\0\x59\0\0\0\0\0\0\0\
\x6a\x0a\0\0\0\0\0\x08\x5a\0\0\0\0\0\0\0\x01\0\0\x04\x04\0\0\0\xaa\x09\0\0\x02\
\0\0\0\0\0\0\0\0\0\0\0\x03\0\0\x05\x04\0\0\0\x73\x0a\0\0\x14\0\0\0\0\0\0\0\x7e\
\x0a\0\0\x14\0\0\0\0\0\0\0\x8f\x0a\0\0\x14\0\0\0\0\0\0\0\x9e\x0a\0\0\0\0\0\x08\
\x5d\0\0\0\0\0\0\0\x03\0\0\x04\x20\0\0\0\xac\x0a\0\0\x5e\0\0\0\0\0\0\0\xb2\x0a\
\0\0\x02\0\0\0\x20\0\0\0\xb8\x0a\0\0\x67\0\0\0\x40\0\0\0\xbb\x0a\0\0\0\0\0\x08\
\x5f\0\0\0\xc6\x0a\0\0\x01\0\0\x04\x04\0\0\0\0\0\0\0\x60\0\0\0\0\0\0\0\0\0\0\0\
\x01\0\0\x05\x04\0\0\0\xcf\x0a\0\0\x61\0\0\0\0\0\0\0\xd5\x0a\0\0\x01\0\0\x04\
\x04\0\0\0\xe2\x0a\0\0\x62\0\0\0\0\0\0\0\xeb\x0a\0\0\0\0\0\x08\x63\0\0\0\xfb\
\x0a\0\0\x01\0\0\x04\x04\0\0\0\0\0\0\0\x64\0\0\0\0\0\0\0\0\0\0\0\x03\0\0\x05\
\x04\0\0\0\x05\x0b\0\0\x59\0\0\0\0\0\0\0\0\0\0\0\x65\0\0\0\0\0\0\0\0\0\0\0\x66\
\0\0\0\0\0\0\0\0\0\0\0\x02\0\0\x04\x02\0\0\0\x09\x0b\0\0\x18\0\0\0\0\0\0\0\x10\
\x0b\0\0\x18\0\0\0\x08\0\0\0\0\0\0\0\x02\0\0\x04\x04\0\0\0\x18\x0b\0\0\x1d\0\0\
\0\0\0\0\0\x27\x0b\0\0\x1d\0\0\0\x10\0\0\0\x2c\x0b\0\0\0\0\0\x08\x68\0\0\0\x3e\
\x0b\0\0\x02\0\0\x04\x18\0\0\0\x4e\x0b\0\0\x5e\0\0\0\0\0\0\0\x53\x0b\0\0\x69\0\
\0\0\x40\0\0\0\x58\x0b\0\0\x02\0\0\x04\x10\0\0\0\x55\x09\0\0\x6a\0\0\0\0\0\0\0\
\x62\x0b\0\0\x6a\0\0\0\x40\0\0\0\0\0\0\0\0\0\0\x02\x69\0\0\0\x67\x0b\0\0\x04\0\
\0\x04\x18\0\0\0\x55\x09\0\0\x6c\0\0\0\0\0\0\0\x62\x0b\0\0\x6c\0\0\0\x40\0\0\0\
\x74\x0b\0\0\x15\0\0\0\x80\0\0\0\x4e\x0b\0\0\x5e\0\0\0\xa0\0\0\0\0\0\0\0\0\0\0\
\x02\xab\0\0\0\0\0\0\0\x04\0\0\x04\x18\0\0\0\x79\x0b\0\0\x59\0\0\0\0\0\0\0\x84\
\x0b\0\0\x02\0\0\0\x20\0\0\0\x53\x0b\0\0\x6c\0\0\0\x40\0\0\0\x27\x0b\0\0\x6c\0\
\0\0\x80\0\0\0\0\0\0\0\0\0\0\x02\x96\x02\0\0\0\0\0\0\x02\0\0\x05\x08\0\0\0\x88\
\x0b\0\0\x70\0\0\0\0\0\0\0\x8e\x0b\0\0\x70\0\0\0\0\0\0\0\0\0\0\0\0\0\0\x02\xf1\
\x01\0\0\0\0\0\0\0\0\0\x02\x72\0\0\0\x98\x0b\0\0\x1b\0\0\x04\x20\x03\0\0\xa4\
\x0b\0\0\x41\0\0\0\0\0\0\0\xab\x0b\0\0\x3d\0\0\0\x40\0\0\0\xb1\x0b\0\0\x3d\0\0\
\0\xc0\0\0\0\x4e\x0b\0\0\x73\0\0\0\x40\x01\0\0\xb7\x0b\0\0\x57\0\0\0\x80\x01\0\
\0\xbe\x0b\0\0\x14\0\0\0\xa0\x01\0\0\xc2\x0b\0\0\x7a\0\0\0\xc0\x01\0\0\xc8\x0b\
\0\0\x59\0\0\0\0\x03\0\0\xce\x0b\0\0\x14\0\0\0\x20\x03\0\0\xd7\x0b\0\0\x14\0\0\
\0\x40\x03\0\0\xdd\x0b\0\0\x14\0\0\0\x60\x03\0\0\xe3\x0b\0\0\x7e\0\0\0\x80\x03\
\0\0\xe8\x0b\0\0\x7f\0\0\0\xc0\x03\0\0\xf1\x0b\0\0\x83\0\0\0\x80\x05\0\0\xf5\
\x0b\0\0\x84\0\0\0\x80\x07\0\0\xfc\x0b\0\0\x85\0\0\0\x80\x08\0\0\x01\x0c\0\0\
\x86\0\0\0\x40\x09\0\0\x06\x0c\0\0\x27\0\0\0\x80\x0b\0\0\x19\0\0\0\x18\0\0\0\
\x88\x0b\0\0\x15\x0c\0\0\x18\0\0\0\x90\x0b\0\0\x1c\x0c\0\0\x18\0\0\0\x98\x0b\0\
\0\x22\x0c\0\0\x18\0\0\0\xa0\x0b\0\0\x64\0\0\0\x1d\0\0\0\xb0\x0b\0\0\x2a\x0c\0\
\0\x87\0\0\0\xc0\x0b\0\0\x33\x0c\0\0\x8a\0\0\0\0\x0c\0\0\x3c\x0c\0\0\x3d\0\0\0\
\0\x18\0\0\x4f\x0c\0\0\x8b\0\0\0\x80\x18\0\0\x53\x0c\0\0\0\0\0\x08\x74\0\0\0\0\
\0\0\0\x01\0\0\x04\x08\0\0\0\xe2\x0a\0\0\x75\0\0\0\0\0\0\0\x5c\x0c\0\0\0\0\0\
\x08\x76\0\0\0\x6a\x0c\0\0\x02\0\0\x04\x08\0\0\0\0\0\0\0\x77\0\0\0\0\0\0\0\x72\
\x0c\0\0\x62\0\0\0\x20\0\0\0\0\0\0\0\x02\0\0\x05\x04\0\0\0\x7c\x0c\0\0\x59\0\0\
\0\0\0\0\0\0\0\0\0\x78\0\0\0\0\0\0\0\0\0\0\0\x02\0\0\x04\x04\0\0\0\x81\x0c\0\0\
\x18\0\0\0\0\0\0\0\x89\x0c\0\0\x79\0\0\0\x08\0\0\0\0\0\0\0\0\0\0\x03\0\0\0\0\
\x18\0\0\0\x04\0\0\0\x03\0\0\0\x92\x0c\0\0\x04\0\0\x04\x28\0\0\0\x9d\x0c\0\0\
\x3d\0\0\0\0\0\0\0\xa3\x0c\0\0\x4f\0\0\0\x80\0\0\0\xab\x0c\0\0\x7b\0\0\0\xc0\0\
\0\0\x1c\x0c\0\0\x14\0\0\0\0\x01\0\0\0\0\0\0\0\0\0\x02\x7c\0\0\0\0\0\0\0\x01\0\
\0\x0d\0\0\0\0\0\0\0\0\x7d\0\0\0\0\0\0\0\0\0\0\x02\x7a\0\0\0\xb4\x0c\0\0\x02\0\
\0\x04\x08\0\0\0\xbe\x0c\0\0\x15\0\0\0\0\0\0\0\xc0\x0c\0\0\x15\0\0\0\x20\0\0\0\
\xc2\x0c\0\0\x0c\0\0\x04\x38\0\0\0\xd0\x0c\0\0\x80\0\0\0\0\0\0\0\xd6\x0c\0\0\
\x80\0\0\0\x80\0\0\0\xdc\x0c\0\0\x3a\0\0\0\0\x01\0\0\xe2\x0c\0\0\x3a\0\0\0\x10\
\x01\0\0\xed\x0c\0\0\x3a\0\0\0\x20\x01\0\0\xf3\x0c\0\0\x3a\0\0\0\x30\x01\0\0\
\x64\0\0\0\x1e\0\0\0\x40\x01\0\0\xfe\x0c\0\0\x19\0\0\0\x50\x01\0\0\x0a\x0d\0\0\
\x19\0\0\0\x58\x01\0\0\x16\x0d\0\0\x19\0\0\0\x60\x01\0\0\x1c\x0d\0\0\x02\0\0\0\
\x80\x01\0\0\x24\x0d\0\0\x82\0\0\0\xa0\x01\0\0\x29\x0d\0\0\0\0\0\x08\x81\0\0\0\
\0\0\0\0\x03\0\0\x05\x10\0\0\0\x38\x0d\0\0\x34\0\0\0\0\0\0\0\x3b\x0d\0\0\x48\0\
\0\0\0\0\0\0\x3e\x0d\0\0\x44\0\0\0\0\0\0\0\x42\x0d\0\0\0\0\0\x08\x16\0\0\0\x53\
\x0d\0\0\x08\0\0\x04\x40\0\0\0\x65\x0d\0\0\x22\0\0\0\0\0\0\0\x75\x0d\0\0\x22\0\
\0\0\x40\0\0\0\x85\x0d\0\0\x22\0\0\0\x80\0\0\0\x97\x0d\0\0\x22\0\0\0\xc0\0\0\0\
\xa9\x0d\0\0\x22\0\0\0\0\x01\0\0\xc2\x0d\0\0\x22\0\0\0\x40\x01\0\0\xdb\x0d\0\0\
\x22\0\0\0\x80\x01\0\0\xf4\x0d\0\0\x22\0\0\0\xc0\x01\0\0\x0d\x0e\0\0\x04\0\0\
\x04\x20\0\0\0\x1f\x0e\0\0\x22\0\0\0\0\0\0\0\x25\x0e\0\0\x22\0\0\0\x40\0\0\0\
\x2d\x0e\0\0\x22\0\0\0\x80\0\0\0\x36\x0e\0\0\x22\0\0\0\xc0\0\0\0\x3f\x0e\0\0\
\x02\0\0\x04\x18\0\0\0\x56\x0e\0\0\x69\0\0\0\0\0\0\0\x5a\x0e\0\0\x18\0\0\0\x80\
\0\0\0\x5f\x0e\0\0\x03\0\0\x04\x48\0\0\0\x71\x0e\0\0\x6b\0\0\0\0\0\0\0\x7c\x0e\
\0\0\x7a\0\0\0\xc0\0\0\0\x87\x0e\0\0\x4f\0\0\0\0\x02\0\0\0\0\0\0\0\0\0\x02\x5d\
\x02\0\0\x8f\x0e\0\0\x0b\0\0\x04\x40\0\0\0\x99\x0e\0\0\x89\0\0\0\0\0\0\0\xd6\
\x0c\0\0\x80\0\0\0\xc0\0\0\0\x9c\x0e\0\0\x1f\0\0\0\x40\x01\0\0\xa9\x0e\0\0\x14\
\0\0\0\x60\x01\0\0\xaf\x0e\0\0\x18\0\0\0\x80\x01\0\0\xb4\x0e\0\0\x18\0\0\0\x88\
\x01\0\0\xba\x0e\0\0\x18\0\0\0\x90\x01\0\0\xc3\x0e\0\0\x18\0\0\0\x98\x01\0\0\
\xcb\x0e\0\0\x14\0\0\0\xa0\x01\0\0\xd2\x0e\0\0\x14\0\0\0\xc0\x01\0\0\xd9\x0e\0\
\0\x14\0\0\0\xe0\x01\0\0\xe0\x0e\0\0\x03\0\0\x04\x18\0\0\0\xd0\x0c\0\0\x80\0\0\
\0\0\0\0\0\xe8\x0e\0\0\x34\0\0\0\x80\0\0\0\x16\x0d\0\0\x19\0\0\0\xa0\0\0\0\0\0\
\0\0\0\0\0\x03\0\0\0\0\x88\0\0\0\x04\0\0\0\x06\0\0\0\xec\x0e\0\0\x02\0\0\x04\
\x10\0\0\0\x55\x09\0\0\x8c\0\0\0\0\0\0\0\xfa\x0e\0\0\x8d\0\0\0\x40\0\0\0\0\0\0\
\0\0\0\0\x02\x8b\0\0\0\0\0\0\0\0\0\0\x02\x8e\0\0\0\0\0\0\0\x01\0\0\x0d\0\0\0\0\
\0\0\0\0\x8c\0\0\0\0\0\0\0\0\0\0\x03\0\0\0\0\x71\0\0\0\x04\0\0\0\x02\0\0\0\0\0\
\0\0\0\0\0\x02\x5c\x02\0\0\0\0\0\0\x02\0\0\x05\x08\0\0\0\xff\x0e\0\0\x6c\0\0\0\
\0\0\0\0\x0c\x0f\0\0\x92\0\0\0\0\0\0\0\x1a\x0f\0\0\x01\0\0\x04\x08\0\0\0\x22\
\x0f\0\0\x93\0\0\0\0\0\0\0\0\0\0\0\0\0\0\x02\xb0\0\0\0\x2a\x0f\0\0\0\0\0\x08\
\x02\0\0\0\x30\x0f\0\0\0\0\0\x01\x08\0\0\0\x40\0\0\x01\x35\x0f\0\0\x03\0\0\x04\
\x10\0\0\0\x3f\x0f\0\0\x97\0\0\0\0\0\0\0\x44\x0f\0\0\x15\0\0\0\x40\0\0\0\x4b\
\x0f\0\0\x15\0\0\0\x60\0\0\0\0\0\0\0\0\0\0\x02\x43\x02\0\0\x50\x0f\0\0\0\0\0\
\x08\x21\0\0\0\x62\x0f\0\0\0\0\0\x08\x16\0\0\0\x68\x0f\0\0\0\0\0\x08\x9b\0\0\0\
\0\0\0\0\x01\0\0\x04\x04\0\0\0\x05\x0b\0\0\x9c\0\0\0\0\0\0\0\x6f\x0f\0\0\0\0\0\
\x08\x82\0\0\0\0\0\0\0\0\0\0\x02\x73\x02\0\0\0\0\0\0\0\0\0\x02\x9f\0\0\0\0\0\0\
\0\0\0\0\x0a\x44\x01\0\0\x75\x0f\0\0\0\0\0\x08\x4b\0\0\0\0\0\0\0\0\0\0\x02\xeb\
\x01\0\0\0\0\0\0\0\0\0\x02\0\0\0\0\x7d\x0f\0\0\x02\0\0\x04\x10\0\0\0\x8e\x0f\0\
\0\xa4\0\0\0\0\0\0\0\x95\x0f\0\0\x14\0\0\0\x40\0\0\0\0\0\0\0\0\0\0\x02\x51\x02\
\0\0\0\0\0\0\0\0\0\x02\xa6\0\0\0\x9d\x0f\0\0\0\0\0\x07\0\0\0\0\0\0\0\0\0\0\0\
\x02\xa8\0\0\0\0\0\0\0\x01\0\0\x0d\0\0\0\0\0\0\0\0\x2e\0\0\0\0\0\0\0\0\0\0\x02\
\xaa\0\0\0\0\0\0\0\x02\0\0\x0d\x02\0\0\0\0\0\0\0\x2e\0\0\0\0\0\0\0\x6c\0\0\0\
\xa8\x0f\0\0\x4c\0\0\x84\xe0\0\0\0\0\0\0\0\xac\0\0\0\0\0\0\0\0\0\0\0\xb1\0\0\0\
\xc0\0\0\0\0\0\0\0\xb2\0\0\0\0\x01\0\0\xb0\x0f\0\0\xb4\0\0\0\x40\x01\0\0\0\0\0\
\0\xb5\0\0\0\xc0\x02\0\0\xb3\x0f\0\0\x4f\0\0\0\x40\x03\0\0\x84\x0b\0\0\x16\0\0\
\0\x80\x03\0\0\xb9\x0f\0\0\x16\0\0\0\xa0\x03\0\0\xc2\x0f\0\0\x1e\0\0\0\xc0\x03\
\0\0\xca\x0f\0\0\x1e\0\0\0\xd0\x03\0\0\xd2\x0f\0\0\x1e\0\0\0\xe0\x03\0\0\xe0\
\x0f\0\0\xb9\0\0\0\xf0\x03\0\0\xf0\x0f\0\0\x19\0\0\0\xf0\x03\0\x01\xf7\x0f\0\0\
\x19\0\0\0\xf1\x03\0\x01\xfd\x0f\0\0\x19\0\0\0\xf2\x03\0\x02\x04\x10\0\0\x19\0\
\0\0\xf4\x03\0\x01\x0b\x10\0\0\x19\0\0\0\xf5\x03\0\x01\x15\x10\0\0\x19\0\0\0\
\xf6\x03\0\x01\x20\x10\0\0\x19\0\0\0\xf7\x03\0\x01\x2b\x10\0\0\x19\0\0\0\xf8\
\x03\0\0\x3d\x10\0\0\xba\0\0\0\0\x04\0\0\x4b\x10\0\0\xb9\0\0\0\0\x04\0\0\x5d\
\x10\0\0\x19\0\0\0\0\x04\0\x03\x66\x10\0\0\x19\0\0\0\x03\x04\0\x01\x70\x10\0\0\
\x19\0\0\0\x04\x04\0\x01\x79\x10\0\0\x19\0\0\0\x05\x04\0\x02\x83\x10\0\0\x19\0\
\0\0\x07\x04\0\x01\x8c\x10\0\0\x19\0\0\0\x08\x04\0\x01\x94\x10\0\0\x19\0\0\0\
\x09\x04\0\x01\x9c\x10\0\0\x19\0\0\0\x0a\x04\0\x01\xad\x10\0\0\x19\0\0\0\x0b\
\x04\0\x01\xb8\x10\0\0\x19\0\0\0\x0c\x04\0\x01\xbf\x10\0\0\x19\0\0\0\x0d\x04\0\
\x01\xcd\x10\0\0\x19\0\0\0\x0e\x04\0\x01\xdc\x10\0\0\x19\0\0\0\x0f\x04\0\x01\
\xe7\x10\0\0\xb9\0\0\0\x10\x04\0\0\x01\x11\0\0\x19\0\0\0\x10\x04\0\x01\x0e\x11\
\0\0\x19\0\0\0\x11\x04\0\x01\x1f\x11\0\0\x19\0\0\0\x12\x04\0\x02\x2a\x11\0\0\
\x19\0\0\0\x14\x04\0\x01\x38\x11\0\0\x19\0\0\0\x15\x04\0\x01\x4c\x11\0\0\x19\0\
\0\0\x16\x04\0\x02\x5b\x11\0\0\x19\0\0\0\x18\x04\0\x01\x69\x11\0\0\x19\0\0\0\
\x19\x04\0\x01\x7d\x11\0\0\x19\0\0\0\x1a\x04\0\x01\x8d\x11\0\0\x19\0\0\0\x1b\
\x04\0\x01\x9e\x11\0\0\x19\0\0\0\x1c\x04\0\x01\xac\x11\0\0\x19\0\0\0\x1d\x04\0\
\x01\xb7\x11\0\0\x19\0\0\0\x1e\x04\0\x01\xc0\x11\0\0\x19\0\0\0\x1f\x04\0\x01\
\xcd\x11\0\0\x1e\0\0\0\x20\x04\0\0\0\0\0\0\xbb\0\0\0\x40\x04\0\0\xce\x0b\0\0\
\x15\0\0\0\x60\x04\0\0\xd6\x11\0\0\x02\0\0\0\x80\x04\0\0\xde\x11\0\0\x15\0\0\0\
\xa0\x04\0\0\xe3\x11\0\0\x3a\0\0\0\xc0\x04\0\0\xee\x11\0\0\x1e\0\0\0\xd0\x04\0\
\0\0\0\0\0\xbe\0\0\0\xe0\x04\0\0\xf7\x11\0\0\x15\0\0\0\0\x05\0\0\0\0\0\0\xbf\0\
\0\0\x20\x05\0\0\0\0\0\0\xc0\0\0\0\x40\x05\0\0\xff\x11\0\0\x1e\0\0\0\x50\x05\0\
\0\x16\x12\0\0\x1e\0\0\0\x60\x05\0\0\x2b\x12\0\0\x1e\0\0\0\x70\x05\0\0\x6b\0\0\
\0\x3a\0\0\0\x80\x05\0\0\x3c\x12\0\0\x1e\0\0\0\x90\x05\0\0\x4d\x12\0\0\x1e\0\0\
\0\xa0\x05\0\0\x5c\x12\0\0\x1e\0\0\0\xb0\x05\0\0\x67\x12\0\0\xba\0\0\0\xc0\x05\
\0\0\x27\x0b\0\0\xc1\0\0\0\xc0\x05\0\0\x73\x12\0\0\xc1\0\0\0\xe0\x05\0\0\x53\
\x0b\0\0\xc2\0\0\0\0\x06\0\0\x77\x12\0\0\xc2\0\0\0\x40\x06\0\0\x7c\x12\0\0\x16\
\0\0\0\x80\x06\0\0\x85\x12\0\0\x57\0\0\0\xa0\x06\0\0\x8b\x12\0\0\xc3\0\0\0\xc0\
\x06\0\0\0\0\0\0\x03\0\0\x05\x18\0\0\0\0\0\0\0\xad\0\0\0\0\0\0\0\x96\x12\0\0\
\xb0\0\0\0\0\0\0\0\x9d\x12\0\0\x69\0\0\0\0\0\0\0\0\0\0\0\x03\0\0\x04\x18\0\0\0\
\x55\x09\0\0\x6c\0\0\0\0\0\0\0\x62\x0b\0\0\x6c\0\0\0\x40\0\0\0\0\0\0\0\xae\0\0\
\0\x80\0\0\0\0\0\0\0\x02\0\0\x05\x08\0\0\0\xa2\x12\0\0\xaf\0\0\0\0\0\0\0\xa6\
\x12\0\0\x4f\0\0\0\0\0\0\0\0\0\0\0\0\0\0\x02\x55\x02\0\0\x22\x0f\0\0\x03\0\0\
\x04\x18\0\0\0\xb2\x12\0\0\x4f\0\0\0\0\0\0\0\xc4\x12\0\0\x93\0\0\0\x40\0\0\0\
\xcd\x12\0\0\x93\0\0\0\x80\0\0\0\0\0\0\0\x02\0\0\x05\x08\0\0\0\xd5\x12\0\0\x2e\
\0\0\0\0\0\0\0\xd8\x12\0\0\x02\0\0\0\0\0\0\0\0\0\0\0\x02\0\0\x05\x08\0\0\0\xe9\
\x12\0\0\xa0\0\0\0\0\0\0\0\xf0\x12\0\0\x21\0\0\0\0\0\0\0\xfe\x12\0\0\0\0\0\x01\
\x01\0\0\0\x08\0\0\x01\0\0\0\0\0\0\0\x03\0\0\0\0\xb3\0\0\0\x04\0\0\0\x30\0\0\0\
\0\0\0\0\x03\0\0\x05\x10\0\0\0\0\0\0\0\xb6\0\0\0\0\0\0\0\x03\x13\0\0\x69\0\0\0\
\0\0\0\0\x16\x13\0\0\x4f\0\0\0\0\0\0\0\0\0\0\0\x02\0\0\x04\x10\0\0\0\x20\x13\0\
\0\x4f\0\0\0\0\0\0\0\x2c\x13\0\0\xb7\0\0\0\x40\0\0\0\0\0\0\0\0\0\0\x02\xb8\0\0\
\0\0\0\0\0\x01\0\0\x0d\0\0\0\0\0\0\0\0\x6c\0\0\0\0\0\0\0\0\0\0\x03\0\0\0\0\x19\
\0\0\0\x04\0\0\0\0\0\0\0\0\0\0\0\0\0\0\x03\0\0\0\0\x15\0\0\0\x04\0\0\0\0\0\0\0\
\0\0\0\0\x02\0\0\x05\x04\0\0\0\x37\x13\0\0\xbc\0\0\0\0\0\0\0\0\0\0\0\xbd\0\0\0\
\0\0\0\0\x3c\x13\0\0\0\0\0\x08\x15\0\0\0\0\0\0\0\x02\0\0\x04\x04\0\0\0\x43\x13\
\0\0\x1e\0\0\0\0\0\0\0\x4e\x13\0\0\x1e\0\0\0\x10\0\0\0\0\0\0\0\x02\0\0\x05\x04\
\0\0\0\x5a\x13\0\0\x16\0\0\0\0\0\0\0\x62\x13\0\0\x16\0\0\0\0\0\0\0\0\0\0\0\x02\
\0\0\x05\x04\0\0\0\xe3\x0b\0\0\x15\0\0\0\0\0\0\0\x6d\x13\0\0\x15\0\0\0\0\0\0\0\
\0\0\0\0\x02\0\0\x05\x02\0\0\0\x7f\x13\0\0\x3a\0\0\0\0\0\0\0\x8e\x13\0\0\x19\0\
\0\0\0\0\0\0\x9c\x13\0\0\0\0\0\x08\x16\0\0\0\0\0\0\0\0\0\0\x02\x1a\0\0\0\0\0\0\
\0\0\0\0\x02\x5a\x02\0\0\0\0\0\0\0\0\0\x02\x97\x02\0\0\0\0\0\0\0\0\0\x02\x59\
\x02\0\0\0\0\0\0\0\0\0\x02\xc7\0\0\0\xab\x13\0\0\x02\0\0\x04\x20\x01\0\0\xbb\
\x13\0\0\x17\0\0\0\0\0\0\0\x9d\x12\0\0\xc8\0\0\0\x40\0\0\0\0\0\0\0\0\0\0\x03\0\
\0\0\0\x0f\0\0\0\x04\0\0\0\x05\0\0\0\0\0\0\0\x04\0\0\x04\x20\0\0\0\x19\0\0\0\
\x09\0\0\0\0\0\0\0\x1e\0\0\0\x2b\0\0\0\x40\0\0\0\xc2\x02\0\0\x2d\0\0\0\x80\0\0\
\0\xc6\x02\0\0\xc6\0\0\0\xc0\0\0\0\xc7\x13\0\0\0\0\0\x0e\xc9\0\0\0\x01\0\0\0\0\
\0\0\0\0\0\0\x02\xcc\0\0\0\0\0\0\0\0\0\0\x03\0\0\0\0\x02\0\0\0\x04\0\0\0\0\x04\
\0\0\0\0\0\0\0\0\0\x02\x20\0\0\0\0\0\0\0\0\0\0\x02\xcf\0\0\0\xdd\x13\0\0\x02\0\
\0\x04\x40\x02\0\0\xfc\x13\0\0\xd0\0\0\0\0\0\0\0\x35\x02\0\0\x27\0\0\0\xc0\x11\
\0\0\x03\x14\0\0\x04\0\0\x04\x38\x02\0\0\x17\x14\0\0\x02\0\0\0\0\0\0\0\x64\0\0\
\0\x10\0\0\0\x20\0\0\0\x6b\0\0\0\x11\0\0\0\x40\0\0\0\x1e\x14\0\0\xd1\0\0\0\x80\
\0\0\0\x26\x14\0\0\x08\0\0\x04\x28\x02\0\0\x3d\x14\0\0\x13\0\0\0\0\0\0\0\x41\
\x14\0\0\x13\0\0\0\x20\0\0\0\x46\x14\0\0\xd2\0\0\0\x40\0\0\0\x51\x14\0\0\xd2\0\
\0\0\x80\0\0\0\x63\x14\0\0\xd3\0\0\0\xc0\0\0\0\x6f\x14\0\0\x13\0\0\0\xc0\x10\0\
\0\x7f\x14\0\0\x13\0\0\0\xe0\x10\0\0\x83\x14\0\0\x13\0\0\0\0\x11\0\0\x87\x14\0\
\0\0\0\0\x08\x20\0\0\0\0\0\0\0\0\0\0\x03\0\0\0\0\xb3\0\0\0\x04\0\0\0\0\x02\0\0\
\0\0\0\0\x04\0\0\x04\x20\0\0\0\x19\0\0\0\x09\0\0\0\0\0\0\0\x1e\0\0\0\xcb\0\0\0\
\x40\0\0\0\xc2\x02\0\0\xcd\0\0\0\x80\0\0\0\xc6\x02\0\0\xce\0\0\0\xc0\0\0\0\x91\
\x14\0\0\0\0\0\x0e\xd4\0\0\0\x01\0\0\0\0\0\0\0\0\0\0\x02\xd7\0\0\0\0\0\0\0\0\0\
\0\x03\0\0\0\0\x02\0\0\0\x04\0\0\0\x06\0\0\0\0\0\0\0\0\0\0\x02\xd9\0\0\0\0\0\0\
\0\0\0\0\x03\0\0\0\0\x02\0\0\0\x04\0\0\0\x04\0\0\0\0\0\0\0\0\0\0\x02\xdb\0\0\0\
\0\0\0\0\0\0\0\x03\0\0\0\0\x02\0\0\0\x04\0\0\0\x40\x02\0\0\0\0\0\0\0\0\0\x02\
\xdd\0\0\0\0\0\0\0\0\0\0\x03\0\0\0\0\x02\0\0\0\x04\0\0\0\x01\0\0\0\0\0\0\0\x04\
\0\0\x04\x20\0\0\0\x19\0\0\0\xd6\0\0\0\0\0\0\0\x9d\x14\0\0\xd8\0\0\0\x40\0\0\0\
\xa6\x14\0\0\xda\0\0\0\x80\0\0\0\x1e\0\0\0\xdc\0\0\0\xc0\0\0\0\xb1\x14\0\0\0\0\
\0\x0e\xde\0\0\0\x01\0\0\0\0\0\0\0\0\0\0\x02\x23\0\0\0\0\0\0\0\x01\0\0\x0d\x02\
\0\0\0\xce\x14\0\0\xe0\0\0\0\xd2\x14\0\0\x01\0\0\x0c\xe1\0\0\0\x50\x16\0\0\xda\
\0\0\x84\xc0\x1c\0\0\x5c\x16\0\0\xe4\0\0\0\0\0\0\0\x68\x16\0\0\x16\0\0\0\x80\
\x01\0\0\x70\x16\0\0\xa2\0\0\0\xc0\x01\0\0\x76\x16\0\0\x57\0\0\0\0\x02\0\0\x1c\
\x0c\0\0\x16\0\0\0\x20\x02\0\0\x7c\x16\0\0\x16\0\0\0\x40\x02\0\0\x83\x16\0\0\
\x02\0\0\0\x60\x02\0\0\x8a\x16\0\0\xed\0\0\0\x80\x02\0\0\x95\x16\0\0\x16\0\0\0\
\0\x03\0\0\x99\x16\0\0\x16\0\0\0\x20\x03\0\0\xa5\x16\0\0\x4f\0\0\0\x40\x03\0\0\
\xb9\x16\0\0\xf1\0\0\0\x80\x03\0\0\xc4\x16\0\0\x02\0\0\0\xc0\x03\0\0\xd4\x16\0\
\0\x02\0\0\0\xe0\x03\0\0\xdd\x16\0\0\x02\0\0\0\0\x04\0\0\xe3\x16\0\0\x02\0\0\0\
\x20\x04\0\0\xe8\x16\0\0\x02\0\0\0\x40\x04\0\0\xf4\x16\0\0\x02\0\0\0\x60\x04\0\
\0\0\x17\0\0\x16\0\0\0\x80\x04\0\0\x0c\x17\0\0\xf2\0\0\0\xc0\x04\0\0\x18\x17\0\
\0\xf4\0\0\0\0\x06\0\0\x1b\x17\0\0\xfb\0\0\0\0\x16\0\0\x1e\x17\0\0\xfd\0\0\0\
\x80\x17\0\0\x21\x17\0\0\xb0\0\0\0\x80\x1e\0\0\x2b\x17\0\0\x4f\0\0\0\x40\x1f\0\
\0\x37\x17\0\0\x16\0\0\0\x80\x1f\0\0\x47\x17\0\0\x06\x01\0\0\xc0\x1f\0\0\x58\
\x17\0\0\x07\x01\0\0\0\x20\0\0\x6a\x17\0\0\x16\0\0\0\x40\x20\0\0\x75\x17\0\0\
\x16\0\0\0\x60\x20\0\0\x7c\x17\0\0\x02\0\0\0\x80\x20\0\0\x8c\x17\0\0\x08\x01\0\
\0\xc0\x20\0\0\x95\x17\0\0\x0b\x01\0\0\0\x21\0\0\xa3\x17\0\0\x0a\x01\0\0\x40\
\x21\0\0\xad\x17\0\0\xa2\0\0\0\x80\x21\0\0\xbf\x17\0\0\x1f\0\0\0\xc0\x21\0\0\
\xd2\x17\0\0\x1f\0\0\0\xd0\x21\0\0\xe2\x17\0\0\x02\0\0\0\xe0\x21\0\0\xf8\x17\0\
\0\x0e\x01\0\0\0\x22\0\0\x10\x18\0\0\x69\0\0\0\x40\x22\0\0\x1f\x18\0\0\x10\x01\
\0\0\xc0\x22\0\0\x30\x18\0\0\x4f\0\0\0\0\x23\0\0\x40\x18\0\0\x18\0\0\0\x40\x23\
\0\0\x52\x18\0\0\x18\0\0\0\x48\x23\0\0\x60\x18\0\0\x02\0\0\0\x60\x23\0\0\x73\
\x18\0\0\x69\0\0\0\x80\x23\0\0\x8a\x18\0\0\x02\0\0\0\0\x24\0\0\x9d\x18\0\0\x02\
\0\0\0\x20\x24\0\0\xac\x18\0\0\x0e\x01\0\0\x40\x24\0\0\xbf\x18\0\0\x27\0\0\0\
\x60\x24\0\0\xd2\x18\0\0\x69\0\0\0\x80\x24\0\0\xe3\x18\0\0\x11\x01\0\0\0\x25\0\
\0\xee\x18\0\0\x69\0\0\0\0\x26\0\0\xf4\x18\0\0\x12\x01\0\0\x80\x26\0\0\x03\x19\
\0\0\xb0\0\0\0\xc0\x27\0\0\x15\x19\0\0\x13\x01\0\0\x80\x28\0\0\x18\x19\0\0\x13\
\x01\0\0\xc0\x28\0\0\x22\x19\0\0\x14\x01\0\0\0\x29\0\0\x2b\x19\0\0\x26\x01\0\0\
\x40\x2a\0\0\x34\x19\0\0\x02\0\0\0\xe0\x2a\0\0\x3f\x19\0\0\x02\0\0\0\0\x2b\0\0\
\x49\x19\0\0\x02\0\0\0\x20\x2b\0\0\x55\x19\0\0\x02\0\0\0\x40\x2b\0\0\x63\x19\0\
\0\x4f\0\0\0\x80\x2b\0\0\x6a\x19\0\0\x16\0\0\0\xc0\x2b\0\0\x76\x19\0\0\x16\0\0\
\0\xe0\x2b\0\x01\x8a\x19\0\0\x16\0\0\0\xe1\x2b\0\x01\xa4\x19\0\0\x16\0\0\0\xe2\
\x2b\0\x01\xb3\x19\0\0\x16\0\0\0\xe3\x2b\0\x01\xca\x19\0\0\x16\0\0\0\0\x2c\0\
\x01\xde\x19\0\0\x16\0\0\0\x01\x2c\0\x01\xe8\x19\0\0\x16\0\0\0\x02\x2c\0\x01\
\xf2\x19\0\0\x16\0\0\0\x03\x2c\0\x01\x02\x1a\0\0\x16\0\0\0\x04\x2c\0\x01\x0f\
\x1a\0\0\x16\0\0\0\x05\x2c\0\x01\x23\x1a\0\0\x16\0\0\0\x06\x2c\0\x01\x2a\x1a\0\
\0\x16\0\0\0\x07\x2c\0\x01\x37\x1a\0\0\x16\0\0\0\x08\x2c\0\x01\x43\x1a\0\0\x16\
\0\0\0\x09\x2c\0\x01\x4e\x1a\0\0\x4f\0\0\0\x40\x2c\0\0\x5b\x1a\0\0\x27\x01\0\0\
\x80\x2c\0\0\x3d\x14\0\0\x37\x01\0\0\x40\x2e\0\0\x69\x1a\0\0\x37\x01\0\0\x60\
\x2e\0\0\x6e\x1a\0\0\x4f\0\0\0\x80\x2e\0\0\x7b\x1a\0\0\xf1\0\0\0\xc0\x2e\0\0\
\x87\x1a\0\0\xf1\0\0\0\0\x2f\0\0\x8e\x1a\0\0\x69\0\0\0\x40\x2f\0\0\x97\x1a\0\0\
\x69\0\0\0\xc0\x2f\0\0\x9f\x1a\0\0\xf1\0\0\0\x40\x30\0\0\xac\x1a\0\0\x69\0\0\0\
\x80\x30\0\0\xb4\x1a\0\0\x69\0\0\0\0\x31\0\0\xc1\x1a\0\0\x9d\0\0\0\x80\x31\0\0\
\xcc\x1a\0\0\x39\x01\0\0\xc0\x31\0\0\xd6\x1a\0\0\x69\0\0\0\xc0\x33\0\0\xe3\x1a\
\0\0\x69\0\0\0\x40\x34\0\0\xef\x1a\0\0\x3a\x01\0\0\xc0\x34\0\0\xfa\x1a\0\0\x3b\
\x01\0\0\0\x35\0\0\x08\x1b\0\0\x3b\x01\0\0\x40\x35\0\0\x18\x1b\0\0\xa2\0\0\0\
\x80\x35\0\0\x25\x1b\0\0\x21\0\0\0\xc0\x35\0\0\x2b\x1b\0\0\x21\0\0\0\0\x36\0\0\
\x31\x1b\0\0\x21\0\0\0\x40\x36\0\0\x37\x1b\0\0\x3c\x01\0\0\x80\x36\0\0\x44\x1b\
\0\0\x4f\0\0\0\x40\x37\0\0\x4a\x1b\0\0\x4f\0\0\0\x80\x37\0\0\x46\x14\0\0\x21\0\
\0\0\xc0\x37\0\0\x51\x1b\0\0\x21\0\0\0\0\x38\0\0\x60\x1b\0\0\x4f\0\0\0\x40\x38\
\0\0\x68\x1b\0\0\x4f\0\0\0\x80\x38\0\0\x70\x1b\0\0\x3e\x01\0\0\xc0\x38\0\0\x80\
\x1b\0\0\x43\x01\0\0\x40\x3b\0\0\x95\x1b\0\0\x9e\0\0\0\0\x3c\0\0\xa2\x1b\0\0\
\x9e\0\0\0\x40\x3c\0\0\xac\x1b\0\0\x9e\0\0\0\x80\x3c\0\0\xb1\x1b\0\0\x4c\x01\0\
\0\xc0\x3c\0\0\xc6\x1b\0\0\x52\x01\0\0\0\x3d\0\0\xcb\x1b\0\0\x53\x01\0\0\x80\
\x3d\0\0\xd5\x1b\0\0\x54\x01\0\0\xc0\x3d\0\0\xdd\x1b\0\0\x56\x01\0\0\0\x3e\0\0\
\xe5\x1b\0\0\x4f\0\0\0\x80\x3e\0\0\xf7\x1b\0\0\x4f\0\0\0\xc0\x3e\0\0\x08\x1c\0\
\0\x57\x01\0\0\0\x3f\0\0\x0b\x1c\0\0\x58\x01\0\0\x40\x3f\0\0\x11\x1c\0\0\x59\
\x01\0\0\x80\x3f\0\0\x19\x1c\0\0\x5a\x01\0\0\xc0\x3f\0\0\x20\x1c\0\0\x5b\x01\0\
\0\0\x40\0\0\x28\x1c\0\0\x5c\x01\0\0\x40\x40\0\0\x30\x1c\0\0\x5c\x01\0\0\x80\
\x40\0\0\x3d\x1c\0\0\x5c\x01\0\0\xc0\x40\0\0\x10\x0b\0\0\x5e\x01\0\0\0\x41\0\0\
\x4b\x1c\0\0\x4f\0\0\0\xc0\x41\0\0\x55\x1c\0\0\x5f\x01\0\0\0\x42\0\0\x61\x1c\0\
\0\x16\0\0\0\x40\x42\0\0\x6e\x1c\0\0\x8c\0\0\0\x80\x42\0\0\x79\x1c\0\0\x62\x01\
\0\0\xc0\x42\0\0\x87\x1c\0\0\x9a\0\0\0\0\x43\0\0\x90\x1c\0\0\x16\0\0\0\x20\x43\
\0\0\x9a\x1c\0\0\x63\x01\0\0\x40\x43\0\0\xa2\x1c\0\0\x65\x01\0\0\xc0\x43\0\0\
\xb3\x1c\0\0\x21\0\0\0\xc0\x44\0\0\xc2\x1c\0\0\x21\0\0\0\0\x45\0\0\xcf\x1c\0\0\
\x5e\0\0\0\x40\x45\0\0\xda\x1c\0\0\x3d\x01\0\0\x60\x45\0\0\xe2\x1c\0\0\x67\x01\
\0\0\x80\x45\0\0\xe9\x1c\0\0\x41\x01\0\0\xc0\x45\0\0\xf4\x1c\0\0\xf1\0\0\0\x40\
\x46\0\0\0\x1d\0\0\x69\x01\0\0\x80\x46\0\0\x0e\x1d\0\0\xa2\0\0\0\xc0\x46\0\0\
\x1b\x1d\0\0\x6a\x01\0\0\0\x47\0\0\x24\x1d\0\0\x6b\x01\0\0\x40\x47\0\0\x29\x1d\
\0\0\x6c\x01\0\0\x80\x47\0\0\x37\x1d\0\0\x6d\x01\0\0\xc0\x47\0\0\x48\x1d\0\0\
\x6e\x01\0\0\0\x48\0\0\x53\x1d\0\0\x6f\x01\0\0\x40\x48\0\0\x63\x1d\0\0\x4f\0\0\
\0\x80\x48\0\0\x72\x1d\0\0\x70\x01\0\0\xc0\x48\0\0\x7f\x1d\0\0\x72\x01\0\0\0\
\x49\0\0\x84\x1d\0\0\x16\0\0\0\0\x4b\0\0\x8e\x1d\0\0\x21\0\0\0\x40\x4b\0\0\x9c\
\x1d\0\0\x21\0\0\0\x80\x4b\0\0\xa9\x1d\0\0\x21\0\0\0\xc0\x4b\0\0\xb6\x1d\0\0\
\x73\x01\0\0\0\x4c\0\0\xc3\x1d\0\0\x75\x01\0\0\x40\x4c\0\0\xd4\x1d\0\0\x02\0\0\
\0\x60\x4c\0\0\xec\x1d\0\0\x02\0\0\0\x80\x4c\0\0\x05\x1e\0\0\x79\x01\0\0\xc0\
\x4c\0\0\x0d\x1e\0\0\x69\0\0\0\0\x4d\0\0\x15\x1e\0\0\x7a\x01\0\0\x80\x4d\0\0\
\x21\x1e\0\0\x7b\x01\0\0\xc0\x4d\0\0\x34\x1e\0\0\x69\0\0\0\0\x4e\0\0\x42\x1e\0\
\0\x7c\x01\0\0\x80\x4e\0\0\x51\x1e\0\0\x7d\x01\0\0\xc0\x4e\0\0\x62\x1e\0\0\x16\
\0\0\0\xc0\x4f\0\0\x6e\x1e\0\0\x85\x01\0\0\0\x50\0\0\x7e\x1e\0\0\x7d\x01\0\0\
\x80\x50\0\0\x8f\x1e\0\0\x69\0\0\0\x80\x51\0\0\x9f\x1e\0\0\x86\x01\0\0\0\x52\0\
\0\xa4\x1e\0\0\x14\0\0\0\x40\x52\0\0\xad\x1e\0\0\x4f\0\0\0\x80\x52\0\0\xbd\x1e\
\0\0\x87\x01\0\0\xc0\x52\0\0\0\0\0\0\x89\x01\0\0\x40\x53\0\0\xc5\x1e\0\0\x8a\
\x01\0\0\xc0\x53\0\0\xd1\x1e\0\0\x96\0\0\0\0\x54\0\0\xdb\x1e\0\0\x02\0\0\0\x80\
\x54\0\0\xe6\x1e\0\0\x02\0\0\0\xa0\x54\0\0\xf7\x1e\0\0\x4f\0\0\0\xc0\x54\0\0\
\x09\x1f\0\0\x21\0\0\0\0\x55\0\0\x18\x1f\0\0\x21\0\0\0\x40\x55\0\0\x2f\x1f\0\0\
\x02\0\0\0\x80\x55\0\0\x3e\x1f\0\0\x02\0\0\0\xa0\x55\0\0\x4d\x1f\0\0\x8b\x01\0\
\0\xc0\x55\0\0\x57\x1f\0\0\x23\0\0\0\0\x56\0\0\x68\x1f\0\0\x59\0\0\0\x40\x56\0\
\0\x76\x1f\0\0\x59\0\0\0\x60\x56\0\0\x8a\x1f\0\0\x4f\0\0\0\x80\x56\0\0\x90\x1f\
\0\0\x4f\0\0\0\xc0\x56\0\0\xa0\x1f\0\0\x8c\x01\0\0\0\x57\0\0\xaf\x1f\0\0\x8d\
\x01\0\0\x40\x57\0\0\xb5\x1f\0\0\x8e\x01\0\0\x80\x57\0\0\xbf\x1f\0\0\x02\0\0\0\
\x80\x57\0\0\xd2\x1f\0\0\xf1\0\0\0\xc0\x57\0\0\xe2\x1f\0\0\x7a\0\0\0\0\x58\0\0\
\xf3\x1f\0\0\x8f\x01\0\0\x40\x59\0\0\x01\x20\0\0\x57\0\0\0\x80\x59\0\0\x2a\x0c\
\0\0\xa2\0\0\0\xc0\x59\0\0\x10\x20\0\0\xc5\0\0\0\0\x5a\0\0\x1c\x20\0\0\x90\x01\
\0\0\x40\x5a\0\0\x24\x20\0\0\xa2\0\0\0\x80\x5a\0\0\x2e\x20\0\0\x22\0\0\0\xc0\
\x5a\0\0\x39\x20\0\0\x21\0\0\0\0\x5b\0\0\x42\x20\0\0\x22\0\0\0\x40\x5b\0\x01\
\x4b\x20\0\0\x22\0\0\0\x41\x5b\0\x01\x5a\x20\0\0\x22\0\0\0\x42\x5b\0\x3e\x69\
\x20\0\0\x8b\0\0\0\x80\x5b\0\0\x75\x20\0\0\x02\0\0\0\0\x5c\0\0\x7f\x20\0\0\x91\
\x01\0\0\x40\x5c\0\0\x93\x20\0\0\x8b\0\0\0\x80\x5c\0\0\xa2\x20\0\0\x92\x01\0\0\
\0\x5e\0\0\x5c\x16\0\0\x07\0\0\x04\x30\0\0\0\x1c\x0c\0\0\x4f\0\0\0\0\0\0\0\xa9\
\x20\0\0\x4f\0\0\0\x40\0\0\0\xb6\x20\0\0\x14\0\0\0\x80\0\0\0\xbd\x20\0\0\x16\0\
\0\0\xa0\0\0\0\xc9\x20\0\0\xe5\0\0\0\xc0\0\0\0\xd8\x20\0\0\x16\0\0\0\0\x01\0\0\
\xe9\x20\0\0\xe5\0\0\0\x40\x01\0\0\0\0\0\0\0\0\0\x02\xe6\0\0\0\0\0\0\0\0\0\0\
\x0a\xe7\0\0\0\xfd\x20\0\0\0\0\0\x08\xe8\0\0\0\0\0\0\0\0\0\0\x02\xe9\0\0\0\0\0\
\0\0\x01\0\0\x0d\x95\0\0\0\0\0\0\0\xea\0\0\0\0\0\0\0\0\0\0\x02\xeb\0\0\0\0\0\0\
\0\0\0\0\x0a\xec\0\0\0\x0f\x21\0\0\x15\0\0\x04\xa8\0\0\0\x17\x21\0\0\x4f\0\0\0\
\0\0\0\0\x1b\x21\0\0\x4f\0\0\0\x40\0\0\0\x1f\x21\0\0\x4f\0\0\0\x80\0\0\0\x23\
\x21\0\0\x4f\0\0\0\xc0\0\0\0\x27\x21\0\0\x4f\0\0\0\0\x01\0\0\x2a\x21\0\0\x4f\0\
\0\0\x40\x01\0\0\x2d\x21\0\0\x4f\0\0\0\x80\x01\0\0\x31\x21\0\0\x4f\0\0\0\xc0\
\x01\0\0\x35\x21\0\0\x4f\0\0\0\0\x02\0\0\x38\x21\0\0\x4f\0\0\0\x40\x02\0\0\x3b\
\x21\0\0\x4f\0\0\0\x80\x02\0\0\x3e\x21\0\0\x4f\0\0\0\xc0\x02\0\0\x41\x21\0\0\
\x4f\0\0\0\0\x03\0\0\x44\x21\0\0\x4f\0\0\0\x40\x03\0\0\x47\x21\0\0\x4f\0\0\0\
\x80\x03\0\0\x4a\x21\0\0\x4f\0\0\0\xc0\x03\0\0\x52\x21\0\0\x4f\0\0\0\0\x04\0\0\
\x55\x21\0\0\x4f\0\0\0\x40\x04\0\0\x1c\x0c\0\0\x4f\0\0\0\x80\x04\0\0\x58\x21\0\
\0\x4f\0\0\0\xc0\x04\0\0\x5b\x21\0\0\x4f\0\0\0\0\x05\0\0\x5e\x21\0\0\x04\0\0\
\x04\x10\0\0\0\x71\x21\0\0\xee\0\0\0\0\0\0\0\0\0\0\0\xf0\0\0\0\x40\0\0\0\x77\
\x21\0\0\x1d\0\0\0\x60\0\0\0\x7b\x21\0\0\x1d\0\0\0\x70\0\0\0\x7f\x21\0\0\x01\0\
\0\x04\x08\0\0\0\x55\x09\0\0\xef\0\0\0\0\0\0\0\0\0\0\0\0\0\0\x02\xee\0\0\0\0\0\
\0\0\x02\0\0\x05\x04\0\0\0\x8a\x21\0\0\x16\0\0\0\0\0\0\0\x92\x21\0\0\x59\0\0\0\
\0\0\0\0\0\0\0\0\0\0\0\x02\xe3\0\0\0\0\0\0\0\0\0\0\x02\xf3\0\0\0\0\0\0\0\0\0\0\
\x0a\x49\x02\0\0\x9a\x21\0\0\x10\0\0\x04\0\x02\0\0\xa7\x21\0\0\xf5\0\0\0\0\0\0\
\0\xac\x21\0\0\xb0\0\0\0\x80\0\0\0\xb5\x21\0\0\x69\0\0\0\x40\x01\0\0\xdd\x16\0\
\0\x16\0\0\0\xc0\x01\0\0\xc0\x21\0\0\x21\0\0\0\0\x02\0\0\xcb\x21\0\0\x21\0\0\0\
\x40\x02\0\0\xdc\x21\0\0\x21\0\0\0\x80\x02\0\0\xe5\x21\0\0\x21\0\0\0\xc0\x02\0\
\0\xfb\x21\0\0\x21\0\0\0\0\x03\0\0\x09\x22\0\0\xf6\0\0\0\x40\x03\0\0\x14\x22\0\
\0\x02\0\0\0\0\x0a\0\0\x87\x1a\0\0\xf7\0\0\0\x40\x0a\0\0\x1a\x22\0\0\xf8\0\0\0\
\x80\x0a\0\0\x21\x22\0\0\xf8\0\0\0\xc0\x0a\0\0\x26\x22\0\0\x4f\0\0\0\0\x0b\0\0\
\x36\x22\0\0\xf9\0\0\0\0\x0c\0\0\x3a\x22\0\0\x02\0\0\x04\x10\0\0\0\x46\x22\0\0\
\x4f\0\0\0\0\0\0\0\x4d\x22\0\0\x14\0\0\0\x40\0\0\0\x58\x22\0\0\x1b\0\0\x04\xd8\
\0\0\0\x69\x22\0\0\x21\0\0\0\0\0\0\0\x74\x22\0\0\x21\0\0\0\x40\0\0\0\x7d\x22\0\
\0\x21\0\0\0\x80\0\0\0\x88\x22\0\0\x21\0\0\0\xc0\0\0\0\x91\x22\0\0\x21\0\0\0\0\
\x01\0\0\x9e\x22\0\0\x21\0\0\0\x40\x01\0\0\xa9\x22\0\0\x21\0\0\0\x80\x01\0\0\
\xb5\x22\0\0\x21\0\0\0\xc0\x01\0\0\xbf\x22\0\0\x4b\0\0\0\0\x02\0\0\xd1\x22\0\0\
\x21\0\0\0\x40\x02\0\0\xdd\x22\0\0\x21\0\0\0\x80\x02\0\0\xe7\x22\0\0\x21\0\0\0\
\xc0\x02\0\0\xf0\x22\0\0\x21\0\0\0\0\x03\0\0\xfa\x22\0\0\x21\0\0\0\x40\x03\0\0\
\x0d\x23\0\0\x21\0\0\0\x80\x03\0\0\x29\x23\0\0\x21\0\0\0\xc0\x03\0\0\x46\x23\0\
\0\x21\0\0\0\0\x04\0\0\x5f\x23\0\0\x21\0\0\0\x40\x04\0\0\x74\x23\0\0\x21\0\0\0\
\x80\x04\0\0\x7f\x23\0\0\x21\0\0\0\xc0\x04\0\0\x8f\x23\0\0\x21\0\0\0\0\x05\0\0\
\xa2\x23\0\0\x21\0\0\0\x40\x05\0\0\xb3\x23\0\0\x21\0\0\0\x80\x05\0\0\xc5\x23\0\
\0\x21\0\0\0\xc0\x05\0\0\xd7\x23\0\0\x21\0\0\0\0\x06\0\0\xf2\x23\0\0\x21\0\0\0\
\x40\x06\0\0\x05\x24\0\0\x21\0\0\0\x80\x06\0\0\0\0\0\0\0\0\0\x02\xf4\0\0\0\0\0\
\0\0\0\0\0\x02\x4a\x02\0\0\x15\x24\0\0\x0a\0\0\x04\x80\0\0\0\x1f\x24\0\0\x21\0\
\0\0\0\0\0\0\x30\x24\0\0\x21\0\0\0\x40\0\0\0\x39\x24\0\0\x21\0\0\0\x80\0\0\0\
\x46\x24\0\0\x14\0\0\0\xc0\0\0\0\x4f\x24\0\0\x14\0\0\0\xe0\0\0\0\x5e\x24\0\0\
\x4f\0\0\0\0\x01\0\0\x67\x24\0\0\x4f\0\0\0\x40\x01\0\0\x74\x24\0\0\x4f\0\0\0\
\x80\x01\0\0\x7d\x24\0\0\x4f\0\0\0\xc0\x01\0\0\x88\x24\0\0\xfa\0\0\0\0\x02\0\0\
\x88\x24\0\0\x02\0\0\x04\x08\0\0\0\x91\x24\0\0\x16\0\0\0\0\0\0\0\x9a\x24\0\0\
\x16\0\0\0\x20\0\0\0\x9f\x24\0\0\x07\0\0\x04\x30\0\0\0\xaf\x24\0\0\x69\0\0\0\0\
\0\0\0\x87\x0e\0\0\x4f\0\0\0\x80\0\0\0\xb8\x24\0\0\x4f\0\0\0\xc0\0\0\0\xc7\x24\
\0\0\x16\0\0\0\0\x01\0\0\xdd\x16\0\0\x1f\0\0\0\x20\x01\0\0\xd2\x24\0\0\x1f\0\0\
\0\x30\x01\0\0\xda\x24\0\0\xfc\0\0\0\x40\x01\0\0\0\0\0\0\0\0\0\x02\xfb\0\0\0\
\xdf\x24\0\0\x10\0\0\x84\xe0\0\0\0\x22\x0f\0\0\xb0\0\0\0\0\0\0\0\xef\x24\0\0\
\x21\0\0\0\xc0\0\0\0\xfa\x24\0\0\x21\0\0\0\0\x01\0\0\x06\x25\0\0\x21\0\0\0\x40\
\x01\0\0\x10\x25\0\0\x21\0\0\0\x80\x01\0\0\x16\x25\0\0\x21\0\0\0\xc0\x01\0\0\
\x21\x25\0\0\x4b\0\0\0\0\x02\0\0\x29\x25\0\0\x21\0\0\0\x40\x02\0\0\x1c\x0c\0\0\
\x16\0\0\0\x80\x02\0\0\x32\x25\0\0\x16\0\0\0\xa0\x02\0\x01\x3f\x25\0\0\x16\0\0\
\0\xa1\x02\0\x01\x4a\x25\0\0\x16\0\0\0\xa2\x02\0\x01\x5c\x25\0\0\x16\0\0\0\xa3\
\x02\0\x01\x67\x25\0\0\xfe\0\0\0\xc0\x02\0\0\x70\x25\0\0\xfe\0\0\0\xc0\x04\0\0\
\x7f\x25\0\0\x05\x01\0\0\xc0\x06\0\0\x85\x25\0\0\x08\0\0\x04\x40\0\0\0\x8d\x25\
\0\0\xff\0\0\0\0\0\0\0\x92\x25\0\0\xa0\0\0\0\0\x01\0\0\xab\x0c\0\0\0\x01\0\0\
\x40\x01\0\0\x9f\x25\0\0\x04\x01\0\0\x80\x01\0\0\xa4\x25\0\0\x18\0\0\0\xc0\x01\
\0\0\xaa\x25\0\0\x18\0\0\0\xc8\x01\0\0\xb1\x25\0\0\x18\0\0\0\xd0\x01\0\0\xb9\
\x25\0\0\x18\0\0\0\xd8\x01\0\0\xc1\x25\0\0\x02\0\0\x04\x20\0\0\0\x8d\x25\0\0\
\xb0\0\0\0\0\0\0\0\xa3\x0c\0\0\xa0\0\0\0\xc0\0\0\0\0\0\0\0\0\0\0\x02\x01\x01\0\
\0\0\0\0\0\x01\0\0\x0d\x02\x01\0\0\0\0\0\0\x03\x01\0\0\xd1\x25\0\0\x02\0\0\x06\
\x04\0\0\0\xe1\x25\0\0\0\0\0\0\xf3\x25\0\0\x01\0\0\0\0\0\0\0\0\0\0\x02\xfe\0\0\
\0\0\0\0\0\0\0\0\x02\x4d\x02\0\0\0\0\0\0\0\0\0\x02\xfd\0\0\0\0\0\0\0\0\0\0\x02\
\x50\x02\0\0\x03\x26\0\0\x01\0\0\x04\x08\0\0\0\x0e\x26\0\0\x3e\0\0\0\0\0\0\0\0\
\0\0\0\0\0\0\x02\x09\x01\0\0\0\0\0\0\0\0\0\x0a\x0a\x01\0\0\x14\x26\0\0\0\0\0\
\x08\x0c\x01\0\0\0\0\0\0\0\0\0\x02\x0a\x01\0\0\x1e\x26\0\0\x01\0\0\x04\x08\0\0\
\0\x26\x26\0\0\x0d\x01\0\0\0\0\0\0\0\0\0\0\0\0\0\x03\0\0\0\0\x4f\0\0\0\x04\0\0\
\0\x01\0\0\0\x2b\x26\0\0\x02\0\0\x05\x04\0\0\0\x37\x26\0\0\x0f\x01\0\0\0\0\0\0\
\x39\x26\0\0\x14\0\0\0\0\0\0\0\0\0\0\0\x04\0\0\x04\x04\0\0\0\x28\x1c\0\0\x18\0\
\0\0\0\0\0\0\x3b\x26\0\0\x18\0\0\0\x08\0\0\0\x43\x26\0\0\x18\0\0\0\x10\0\0\0\
\x4c\x26\0\0\x18\0\0\0\x18\0\0\0\0\0\0\0\0\0\0\x02\x6e\x02\0\0\xe3\x18\0\0\x04\
\0\0\x04\x20\0\0\0\x54\x26\0\0\x4f\0\0\0\0\0\0\0\x5b\x26\0\0\x23\0\0\0\x40\0\0\
\0\x65\x26\0\0\x23\0\0\0\x80\0\0\0\x72\x26\0\0\x23\0\0\0\xc0\0\0\0\x7e\x26\0\0\
\x03\0\0\x04\x28\0\0\0\xe3\x16\0\0\x02\0\0\0\0\0\0\0\x89\x26\0\0\x69\0\0\0\x40\
\0\0\0\x93\x26\0\0\x69\0\0\0\xc0\0\0\0\0\0\0\0\0\0\0\x02\xf2\x01\0\0\x22\x19\0\
\0\x02\0\0\x04\x28\0\0\0\x9d\x26\0\0\x21\0\0\0\0\0\0\0\xa4\x26\0\0\x25\x01\0\0\
\x40\0\0\0\0\0\0\0\0\0\0\x02\x16\x01\0\0\xa9\x26\0\0\x12\0\0\x04\xc0\0\0\0\xb8\
\x26\0\0\x4f\0\0\0\0\0\0\0\xc1\x26\0\0\x4f\0\0\0\x40\0\0\0\xc8\x26\0\0\x15\x01\
\0\0\x80\0\0\0\xd0\x26\0\0\x15\x01\0\0\xc0\0\0\0\xd8\x26\0\0\xb0\0\0\0\0\x01\0\
\0\xde\x26\0\0\x4f\0\0\0\xc0\x01\0\0\xed\x26\0\0\x13\x01\0\0\0\x02\0\0\xf3\x26\
\0\0\x17\x01\0\0\x40\x02\0\0\0\x27\0\0\x4f\0\0\0\x80\x02\0\0\0\0\0\0\x1a\x01\0\
\0\xc0\x02\0\0\x09\x27\0\0\x69\0\0\0\xc0\x03\0\0\x18\x27\0\0\x1e\x01\0\0\x40\
\x04\0\0\x21\x27\0\0\x1f\x01\0\0\x80\x04\0\0\x28\x27\0\0\x4f\0\0\0\xc0\x04\0\0\
\x31\x27\0\0\x21\x01\0\0\0\x05\0\0\x39\x27\0\0\xa2\0\0\0\x40\x05\0\0\x49\x27\0\
\0\x22\x01\0\0\x80\x05\0\0\x5d\x27\0\0\x23\x01\0\0\xc0\x05\0\0\x70\x27\0\0\0\0\
\0\x08\x18\x01\0\0\x79\x27\0\0\x01\0\0\x04\x08\0\0\0\x79\x27\0\0\x19\x01\0\0\0\
\0\0\0\x80\x27\0\0\0\0\0\x08\x4f\0\0\0\0\0\0\0\x02\0\0\x05\x20\0\0\0\x8c\x27\0\
\0\x1b\x01\0\0\0\0\0\0\x93\x27\0\0\x1c\x01\0\0\0\0\0\0\0\0\0\0\x02\0\0\x04\x20\
\0\0\0\x2a\0\0\0\xb0\0\0\0\0\0\0\0\x9d\x27\0\0\x4f\0\0\0\xc0\0\0\0\0\0\0\0\0\0\
\0\x02\x1d\x01\0\0\0\0\0\0\0\0\0\x0a\xb3\0\0\0\0\0\0\0\0\0\0\x02\x68\x02\0\0\0\
\0\0\0\0\0\0\x02\x20\x01\0\0\0\0\0\0\0\0\0\x0a\x4b\x02\0\0\0\0\0\0\0\0\0\x02\
\xf6\x01\0\0\xad\x27\0\0\0\0\0\x08\x49\0\0\0\x5d\x27\0\0\x01\0\0\x04\x08\0\0\0\
\xce\x14\0\0\x24\x01\0\0\0\0\0\0\0\0\0\0\0\0\0\x02\x69\x02\0\0\0\0\0\0\0\0\0\
\x03\0\0\0\0\x15\x01\0\0\x04\0\0\0\x04\0\0\0\xbb\x27\0\0\x02\0\0\x04\x14\0\0\0\
\xc9\x27\0\0\x02\0\0\0\0\0\0\0\xd0\x27\0\0\xd9\0\0\0\x20\0\0\0\x5b\x1a\0\0\x03\
\0\0\x04\x38\0\0\0\xd6\x27\0\0\x4f\0\0\0\0\0\0\0\xe0\x27\0\0\x28\x01\0\0\x40\0\
\0\0\0\0\0\0\x2b\x01\0\0\x80\0\0\0\0\0\0\0\0\0\0\x02\x29\x01\0\0\0\0\0\0\x01\0\
\0\x0d\x95\0\0\0\0\0\0\0\x2a\x01\0\0\0\0\0\0\0\0\0\x02\x27\x01\0\0\0\0\0\0\x03\
\0\0\x05\x28\0\0\0\xe3\x27\0\0\x2c\x01\0\0\0\0\0\0\xe9\x27\0\0\x2e\x01\0\0\0\0\
\0\0\xf3\x27\0\0\x35\x01\0\0\0\0\0\0\0\0\0\0\x06\0\0\x04\x28\0\0\0\xf8\x27\0\0\
\x2d\x01\0\0\0\0\0\0\x05\x0b\0\0\x14\0\0\0\x40\0\0\0\x1c\x0c\0\0\x14\0\0\0\x60\
\0\0\0\xfe\x27\0\0\x14\0\0\0\x80\0\0\0\x05\x28\0\0\x21\0\0\0\xc0\0\0\0\x0a\x28\
\0\0\x2d\x01\0\0\0\x01\0\0\0\0\0\0\0\0\0\x02\x14\0\0\0\0\0\0\0\x04\0\0\x04\x18\
\0\0\0\x11\x28\0\0\x2f\x01\0\0\0\0\0\0\x19\0\0\0\x31\x01\0\0\x20\0\0\0\0\0\0\0\
\x32\x01\0\0\x40\0\0\0\xa3\x0c\0\0\x21\0\0\0\x80\0\0\0\x19\x28\0\0\0\0\0\x08\
\x30\x01\0\0\x23\x28\0\0\0\0\0\x08\x02\0\0\0\x36\x28\0\0\x03\0\0\x06\x04\0\0\0\
\x44\x28\0\0\0\0\0\0\x4c\x28\0\0\x01\0\0\0\x56\x28\0\0\x02\0\0\0\0\0\0\0\x02\0\
\0\x05\x08\0\0\0\x60\x28\0\0\x33\x01\0\0\0\0\0\0\x65\x28\0\0\x34\x01\0\0\0\0\0\
\0\0\0\0\0\0\0\0\x02\x70\x02\0\0\0\0\0\0\0\0\0\x02\x71\x02\0\0\0\0\0\0\x05\0\0\
\x04\x20\0\0\0\x71\x28\0\0\x36\x01\0\0\0\0\0\0\x76\x28\0\0\x02\0\0\0\x40\0\0\0\
\x7b\x28\0\0\x02\0\0\0\x60\0\0\0\x87\x28\0\0\x4f\0\0\0\x80\0\0\0\x8e\x28\0\0\
\x4f\0\0\0\xc0\0\0\0\0\0\0\0\0\0\0\x02\x72\x02\0\0\x96\x28\0\0\0\0\0\x08\x38\
\x01\0\0\x9c\x28\0\0\0\0\0\x08\x02\0\0\0\0\0\0\0\0\0\0\x03\0\0\0\0\x3d\0\0\0\
\x04\0\0\0\x04\0\0\0\0\0\0\0\0\0\0\x02\x52\x02\0\0\0\0\0\0\0\0\0\x02\x02\0\0\0\
\x37\x1b\0\0\x03\0\0\x04\x18\0\0\0\x25\x1b\0\0\x21\0\0\0\0\0\0\0\x2b\x1b\0\0\
\x21\0\0\0\x40\0\0\0\x4e\x0b\0\0\x3d\x01\0\0\x80\0\0\0\xab\x28\0\0\0\0\0\x08\
\x61\0\0\0\x70\x1b\0\0\x03\0\0\x04\x50\0\0\0\xba\x28\0\0\x42\x01\0\0\0\0\0\0\
\xc0\x28\0\0\x16\0\0\0\x40\x02\0\0\xce\x28\0\0\x16\0\0\0\x60\x02\0\0\xdc\x28\0\
\0\x02\0\0\x04\x18\0\0\0\xf0\x28\0\0\x21\0\0\0\0\0\0\0\xf8\x28\0\0\x40\x01\0\0\
\x40\0\0\0\xff\x28\0\0\x01\0\0\x04\x10\0\0\0\x1a\x0f\0\0\x41\x01\0\0\0\0\0\0\
\x0f\x29\0\0\x02\0\0\x04\x10\0\0\0\x1a\x0f\0\0\x92\0\0\0\0\0\0\0\x1e\x29\0\0\
\x93\0\0\0\x40\0\0\0\0\0\0\0\0\0\0\x03\0\0\0\0\x3f\x01\0\0\x04\0\0\0\x03\0\0\0\
\x80\x1b\0\0\x02\0\0\x04\x18\0\0\0\x2a\x29\0\0\x8b\0\0\0\0\0\0\0\x2f\x29\0\0\
\x16\0\0\0\x80\0\0\0\xac\x1b\0\0\x1d\0\0\x04\xc0\0\0\0\x76\x16\0\0\x59\0\0\0\0\
\0\0\0\x39\x29\0\0\x59\0\0\0\x20\0\0\0\x45\x29\0\0\xa2\0\0\0\x40\0\0\0\x4e\x29\
\0\0\x16\0\0\0\x80\0\0\0\x7f\x14\0\0\x9a\0\0\0\xa0\0\0\0\x83\x14\0\0\x45\x01\0\
\0\xc0\0\0\0\x54\x29\0\0\x9a\0\0\0\xe0\0\0\0\x59\x29\0\0\x45\x01\0\0\0\x01\0\0\
\x5e\x29\0\0\x9a\0\0\0\x20\x01\0\0\x63\x29\0\0\x45\x01\0\0\x40\x01\0\0\x68\x29\
\0\0\x9a\0\0\0\x60\x01\0\0\x6e\x29\0\0\x45\x01\0\0\x80\x01\0\0\x74\x29\0\0\x16\
\0\0\0\xa0\x01\0\0\x7f\x29\0\0\x49\x01\0\0\xc0\x01\0\0\x8f\x29\0\0\x49\x01\0\0\
\0\x02\0\0\x9d\x29\0\0\x49\x01\0\0\x40\x02\0\0\xab\x29\0\0\x49\x01\0\0\x80\x02\
\0\0\xb4\x29\0\0\x49\x01\0\0\xc0\x02\0\0\xc0\x29\0\0\x1a\0\0\0\0\x03\0\0\xcc\
\x29\0\0\x4c\x01\0\0\x40\x03\0\0\xdc\x29\0\0\x4c\x01\0\0\x80\x03\0\0\xec\x29\0\
\0\x4c\x01\0\0\xc0\x03\0\0\xfb\x29\0\0\x4c\x01\0\0\0\x04\0\0\x2a\x0c\0\0\xa2\0\
\0\0\x40\x04\0\0\x24\x0d\0\0\x4d\x01\0\0\x80\x04\0\0\x0c\x2a\0\0\x4e\x01\0\0\
\xc0\x04\0\0\x14\x2a\0\0\x4f\x01\0\0\0\x05\0\0\x1c\x2a\0\0\x50\x01\0\0\x40\x05\
\0\0\0\0\0\0\x51\x01\0\0\x80\x05\0\0\x27\x2a\0\0\0\0\0\x08\x46\x01\0\0\0\0\0\0\
\x01\0\0\x04\x04\0\0\0\x05\x0b\0\0\x47\x01\0\0\0\0\0\0\x2e\x2a\0\0\0\0\0\x08\
\x48\x01\0\0\x34\x2a\0\0\0\0\0\x08\x16\0\0\0\x45\x2a\0\0\0\0\0\x08\x4a\x01\0\0\
\x52\x2a\0\0\x01\0\0\x04\x08\0\0\0\x64\x2a\0\0\x4b\x01\0\0\0\0\0\0\0\0\0\0\0\0\
\0\x03\0\0\0\0\x15\0\0\0\x04\0\0\0\x02\0\0\0\0\0\0\0\0\0\0\x02\x4c\x02\0\0\0\0\
\0\0\0\0\0\x02\x4e\x02\0\0\0\0\0\0\0\0\0\x02\x4f\x02\0\0\0\0\0\0\0\0\0\x02\x54\
\x02\0\0\0\0\0\0\0\0\0\x02\x61\x02\0\0\0\0\0\0\x02\0\0\x05\x10\0\0\0\x68\x2a\0\
\0\x02\0\0\0\0\0\0\0\x4f\x0c\0\0\x8b\0\0\0\0\0\0\0\0\0\0\0\0\0\0\x03\0\0\0\0\
\xb3\0\0\0\x04\0\0\0\x10\0\0\0\0\0\0\0\0\0\0\x02\x75\x02\0\0\x70\x2a\0\0\x01\0\
\0\x04\x08\0\0\0\x79\x2a\0\0\x55\x01\0\0\0\0\0\0\0\0\0\0\0\0\0\x02\x76\x02\0\0\
\x83\x2a\0\0\x01\0\0\x04\x10\0\0\0\x8c\x2a\0\0\x69\0\0\0\0\0\0\0\0\0\0\0\0\0\0\
\x02\x77\x02\0\0\0\0\0\0\0\0\0\x02\x78\x02\0\0\0\0\0\0\0\0\0\x02\x79\x02\0\0\0\
\0\0\0\0\0\0\x02\x7a\x02\0\0\0\0\0\0\0\0\0\x02\x7b\x02\0\0\x96\x2a\0\0\0\0\0\
\x08\x5d\x01\0\0\0\0\0\0\x01\0\0\x04\x08\0\0\0\x9f\x2a\0\0\x0d\x01\0\0\0\0\0\0\
\xa3\x2a\0\0\x02\0\0\x04\x18\0\0\0\x9d\x12\0\0\x69\0\0\0\0\0\0\0\x19\x1c\0\0\
\x5c\x01\0\0\x80\0\0\0\xae\x2a\0\0\0\0\0\x08\x60\x01\0\0\xb5\x2a\0\0\0\0\0\x08\
\x61\x01\0\0\xc5\x2a\0\0\0\0\0\x08\x4f\0\0\0\0\0\0\0\0\0\0\x02\x7c\x02\0\0\x9a\
\x1c\0\0\x03\0\0\x04\x10\0\0\0\xaf\x0e\0\0\x02\0\0\0\0\0\0\0\xd6\x2a\0\0\x59\0\
\0\0\x20\0\0\0\xe3\x2a\0\0\x64\x01\0\0\x40\0\0\0\0\0\0\0\0\0\0\x02\x6f\x02\0\0\
\xea\x2a\0\0\x04\0\0\x04\x20\0\0\0\xe8\x0b\0\0\x66\x01\0\0\0\0\0\0\x44\x0f\0\0\
\x4f\0\0\0\x40\0\0\0\x84\x0b\0\0\x4f\0\0\0\x80\0\0\0\0\x2b\0\0\x27\0\0\0\xc0\0\
\0\0\0\0\0\0\0\0\0\x02\xb3\0\0\0\x0c\x2b\0\0\x01\0\0\x04\x08\0\0\0\x55\x09\0\0\
\x68\x01\0\0\0\0\0\0\0\0\0\0\0\0\0\x02\x67\x01\0\0\0\0\0\0\0\0\0\x02\x7d\x02\0\
\0\0\0\0\0\0\0\0\x02\x7e\x02\0\0\0\0\0\0\0\0\0\x02\x82\x02\0\0\0\0\0\0\0\0\0\
\x02\x83\x02\0\0\0\0\0\0\0\0\0\x02\x81\x02\0\0\0\0\0\0\0\0\0\x02\x80\x02\0\0\0\
\0\0\0\0\0\0\x02\x84\x02\0\0\0\0\0\0\0\0\0\x02\x71\x01\0\0\x18\x2b\0\0\0\0\0\
\x08\x85\x02\0\0\x29\x2b\0\0\x08\0\0\x04\x40\0\0\0\x3c\x2b\0\0\x21\0\0\0\0\0\0\
\0\x42\x2b\0\0\x21\0\0\0\x40\0\0\0\x48\x2b\0\0\x21\0\0\0\x80\0\0\0\x4e\x2b\0\0\
\x21\0\0\0\xc0\0\0\0\x54\x2b\0\0\x21\0\0\0\0\x01\0\0\x5b\x2b\0\0\x21\0\0\0\x40\
\x01\0\0\x66\x2b\0\0\x21\0\0\0\x80\x01\0\0\x72\x2b\0\0\x21\0\0\0\xc0\x01\0\0\
\x88\x2b\0\0\0\0\0\x08\x74\x01\0\0\0\0\0\0\x01\0\0\x04\x08\0\0\0\x26\x26\0\0\
\x0d\x01\0\0\0\0\0\0\x93\x2b\0\0\0\0\0\x08\x76\x01\0\0\xa7\x2b\0\0\x01\0\0\x04\
\x04\0\0\0\xb9\x2b\0\0\x77\x01\0\0\0\0\0\0\xc2\x2b\0\0\0\0\0\x08\x78\x01\0\0\
\xb9\x2b\0\0\x01\0\0\x04\x04\0\0\0\xcd\x2b\0\0\x16\0\0\0\0\0\0\0\0\0\0\0\0\0\0\
\x02\x6d\x02\0\0\0\0\0\0\0\0\0\x02\x86\x02\0\0\0\0\0\0\0\0\0\x02\x87\x02\0\0\0\
\0\0\0\0\0\0\x02\x88\x02\0\0\xd6\x2b\0\0\x04\0\0\x04\x20\0\0\0\xdc\x2b\0\0\x22\
\x01\0\0\0\0\0\0\x72\x0c\0\0\x3d\x01\0\0\x40\0\0\0\xe2\x2b\0\0\x7e\x01\0\0\x60\
\0\0\0\xe6\x2b\0\0\x69\0\0\0\x80\0\0\0\xf0\x2b\0\0\x01\0\0\x04\x04\0\0\0\x27\
\x0b\0\0\x59\0\0\0\0\0\0\0\0\0\0\0\0\0\0\x02\x80\x01\0\0\x06\x2c\0\0\x1c\0\0\
\x04\x10\x01\0\0\x19\x2c\0\0\x81\x01\0\0\0\0\0\0\x4e\x0b\0\0\x3d\x01\0\0\x40\0\
\0\0\xd6\x2b\0\0\x7d\x01\0\0\x80\0\0\0\x1d\x2c\0\0\x69\0\0\0\x80\x01\0\0\x2d\
\x2c\0\0\x82\x01\0\0\0\x02\0\0\x3b\x2c\0\0\x82\x01\0\0\x80\x02\0\0\x4b\x2c\0\0\
\x69\0\0\0\0\x03\0\0\x56\x2c\0\0\x69\0\0\0\x80\x03\0\0\x64\x2c\0\0\x69\0\0\0\0\
\x04\0\0\x74\x2c\0\0\x02\0\0\0\x80\x04\0\0\x7e\x2c\0\0\x02\0\0\0\xa0\x04\0\0\
\x88\x2c\0\0\x02\0\0\0\xc0\x04\0\0\x92\x2c\0\0\x02\0\0\0\xe0\x04\0\0\x9a\x2c\0\
\0\x02\0\0\0\0\x05\0\0\xa2\x2c\0\0\x02\0\0\0\x20\x05\0\0\xb1\x2c\0\0\x02\0\0\0\
\x40\x05\0\0\xc2\x2c\0\0\x57\0\0\0\x60\x05\0\0\xcb\x2c\0\0\xf1\0\0\0\x80\x05\0\
\0\x05\x28\0\0\x21\0\0\0\xc0\x05\0\0\xd0\x2c\0\0\x21\0\0\0\0\x06\0\0\xda\x2c\0\
\0\x21\0\0\0\x40\x06\0\0\xe5\x2c\0\0\x7f\x01\0\0\x80\x06\0\0\xf0\x2c\0\0\x21\0\
\0\0\xc0\x06\0\0\xfb\x2c\0\0\x21\0\0\0\0\x07\0\0\x06\x2d\0\0\x02\0\0\0\x40\x07\
\0\0\x10\x2d\0\0\xa2\0\0\0\x80\x07\0\0\xec\x0e\0\0\x8b\0\0\0\xc0\x07\0\0\x1e\
\x2d\0\0\x83\x01\0\0\x40\x08\0\0\0\0\0\0\0\0\0\x02\x89\x02\0\0\x29\x2d\0\0\x02\
\0\0\x04\x10\0\0\0\x3b\x2d\0\0\x92\0\0\0\0\0\0\0\xd7\x0b\0\0\x21\0\0\0\x40\0\0\
\0\x40\x2d\0\0\0\0\0\x08\x84\x01\0\0\0\0\0\0\x01\0\0\x04\x08\0\0\0\x48\x2d\0\0\
\x22\x01\0\0\0\0\0\0\0\0\0\0\0\0\0\x03\0\0\0\0\x7f\x01\0\0\x04\0\0\0\x02\0\0\0\
\0\0\0\0\0\0\0\x02\x92\x02\0\0\x4a\x2d\0\0\x03\0\0\x04\x10\0\0\0\x5f\x2d\0\0\
\x88\x01\0\0\0\0\0\0\x64\x2d\0\0\x27\0\0\0\x40\0\0\0\x73\x2d\0\0\x27\0\0\0\x48\
\0\0\0\x7c\x2d\0\0\x01\0\0\x04\x08\0\0\0\x1e\x26\0\0\x0c\x01\0\0\0\0\0\0\0\0\0\
\0\x02\0\0\x05\x10\0\0\0\x96\x2d\0\0\x57\0\0\0\0\0\0\0\x4f\x0c\0\0\x8b\0\0\0\0\
\0\0\0\0\0\0\0\0\0\0\x02\x6b\x02\0\0\0\0\0\0\0\0\0\x02\x93\x02\0\0\0\0\0\0\0\0\
\0\x02\x7f\x02\0\0\0\0\0\0\0\0\0\x02\x94\x02\0\0\xb5\x1f\0\0\0\0\0\x04\0\0\0\0\
\0\0\0\0\0\0\0\x02\x95\x02\0\0\0\0\0\0\0\0\0\x02\x5e\x02\0\0\xa0\x2d\0\0\x01\0\
\0\x04\x08\0\0\0\x0e\x26\0\0\xef\0\0\0\0\0\0\0\xab\x2d\0\0\x14\0\0\x84\0\x11\0\
\0\xb9\x2d\0\0\x94\x01\0\0\0\0\0\0\x58\x21\0\0\x4f\0\0\0\xc0\0\0\0\xc3\x2d\0\0\
\x1f\0\0\0\0\x01\0\0\xc6\x2d\0\0\x1f\0\0\0\x10\x01\0\0\xc9\x2d\0\0\x1f\0\0\0\
\x20\x01\0\0\xd1\x2d\0\0\x1f\0\0\0\x30\x01\0\0\xd9\x2d\0\0\x4f\0\0\0\x40\x01\0\
\0\xe0\x2d\0\0\x4f\0\0\0\x80\x01\0\0\xe7\x2d\0\0\xd6\x01\0\0\xc0\x01\0\0\xf2\
\x2d\0\0\x4f\0\0\0\xc0\x02\0\0\xfe\x2d\0\0\x4f\0\0\0\0\x03\0\0\x09\x2e\0\0\x4f\
\0\0\0\x40\x03\0\0\x0d\x2e\0\0\x4f\0\0\0\x80\x03\0\0\x15\x2e\0\0\x4f\0\0\0\xc0\
\x03\0\0\x20\x2e\0\0\xd7\x01\0\0\0\x04\0\0\x2a\x2e\0\0\x4f\0\0\0\x40\x04\0\0\
\x34\x2e\0\0\x16\0\0\0\x80\x04\0\x01\x3e\x2e\0\0\x16\0\0\0\x81\x04\0\x01\x51\
\x2e\0\0\x14\0\0\0\xa0\x04\0\0\x56\x2e\0\0\xd8\x01\0\0\0\x06\0\0\x5a\x2e\0\0\
\x0d\0\0\x84\x08\0\0\0\x66\x2e\0\0\x1d\0\0\0\0\0\0\0\x6d\x2e\0\0\x1d\0\0\0\x10\
\0\0\0\x73\x2e\0\0\x1d\0\0\0\x20\0\0\x08\x19\0\0\0\x1d\0\0\0\x28\0\0\x04\x39\
\x26\0\0\x1d\0\0\0\x2c\0\0\x01\x79\x2e\0\0\x1d\0\0\0\x2d\0\0\x02\x7d\x2e\0\0\
\x1d\0\0\0\x2f\0\0\x01\x7f\x2e\0\0\x1d\0\0\0\x30\0\0\x04\x86\x2e\0\0\x1d\0\0\0\
\x34\0\0\x01\x8a\x2e\0\0\x1d\0\0\0\x35\0\0\x01\x8c\x2e\0\0\x1d\0\0\0\x36\0\0\
\x01\x8e\x2e\0\0\x1d\0\0\0\x37\0\0\x01\x90\x2e\0\0\x1d\0\0\0\x38\0\0\x08\0\0\0\
\0\0\0\0\x03\0\0\0\0\x93\x01\0\0\x04\0\0\0\x03\0\0\0\0\0\0\0\0\0\0\x02\x96\x01\
\0\0\x96\x2e\0\0\x49\0\0\x04\xb0\x04\0\0\xa1\x2e\0\0\x69\0\0\0\0\0\0\0\xad\x2e\
\0\0\x69\0\0\0\x80\0\0\0\xba\x2e\0\0\x69\0\0\0\0\x01\0\0\xb5\x21\0\0\xb0\0\0\0\
\x80\x01\0\0\xc6\x2e\0\0\x21\0\0\0\x40\x02\0\0\xd2\x2e\0\0\x69\0\0\0\x80\x02\0\
\0\xe0\x2e\0\0\x3d\0\0\0\0\x03\0\0\xec\x2e\0\0\x69\0\0\0\x80\x03\0\0\xf9\x2e\0\
\0\x02\0\0\0\0\x04\0\0\x05\x2f\0\0\x02\0\0\0\x20\x04\0\0\x10\x2f\0\0\x02\0\0\0\
\x40\x04\0\0\x9f\x1a\0\0\x95\x01\0\0\x80\x04\0\0\x19\x2c\0\0\x81\x01\0\0\xc0\
\x04\0\0\x1b\x2f\0\0\xa2\0\0\0\0\x05\0\0\xa4\x25\0\0\x97\x01\0\0\x40\x05\0\0\
\x27\x2f\0\0\x16\0\0\0\x60\x05\0\0\xd0\x27\0\0\x98\x01\0\0\x80\x05\0\0\x34\x2f\
\0\0\x49\0\0\0\xc0\x05\0\0\x40\x2f\0\0\x21\0\0\0\0\x06\0\0\x53\x2f\0\0\x21\0\0\
\0\x40\x06\0\0\xe9\x12\0\0\x21\0\0\0\x80\x06\0\0\x66\x2f\0\0\x9a\x01\0\0\xc0\
\x06\0\0\x6b\x2f\0\0\x1d\0\0\0\xc0\x0a\0\0\x77\x2f\0\0\x1d\0\0\0\xd0\x0a\0\0\
\x86\x2f\0\0\x1d\0\0\0\xe0\x0a\0\0\x90\x2f\0\0\x9f\x01\0\0\0\x0b\0\0\xce\x14\0\
\0\x7f\x01\0\0\0\x11\0\0\xc2\x2c\0\0\x22\x01\0\0\x40\x11\0\0\x93\x2f\0\0\x49\0\
\0\0\x80\x11\0\0\xac\x2f\0\0\x49\0\0\0\xc0\x11\0\0\xc5\x2f\0\0\x7d\x01\0\0\0\
\x12\0\0\xd1\x2f\0\0\x69\0\0\0\0\x13\0\0\x87\x1a\0\0\x95\x01\0\0\x80\x13\0\0\
\xdc\x2f\0\0\x02\0\0\0\xc0\x13\0\0\x95\x16\0\0\x02\0\0\0\xe0\x13\0\0\xe2\x2f\0\
\0\x69\0\0\0\0\x14\0\0\xdc\x2b\0\0\xf1\0\0\0\x80\x14\0\0\xee\x2f\0\0\x7d\x01\0\
\0\xc0\x14\0\0\xf9\x2f\0\0\x59\0\0\0\xc0\x15\0\0\x2a\0\0\0\xac\x01\0\0\0\x16\0\
\0\x04\x30\0\0\x69\0\0\0\x40\x16\0\0\x0d\x30\0\0\x4f\0\0\0\xc0\x16\0\0\x19\x30\
\0\0\x02\0\0\0\0\x17\0\0\x25\x30\0\0\x67\0\0\0\x40\x17\0\0\x2b\x30\0\0\xad\x01\
\0\0\0\x18\0\0\x32\x30\0\0\x16\0\0\0\x40\x18\0\0\x41\x30\0\0\x16\0\0\0\x60\x18\
\0\0\x4e\x30\0\0\x16\0\0\0\x80\x18\0\0\x5e\x30\0\0\x16\0\0\0\xa0\x18\0\0\x6e\
\x30\0\0\x4f\0\0\0\xc0\x18\0\0\x7b\x30\0\0\xae\x01\0\0\0\x19\0\0\x87\x30\0\0\
\x8b\0\0\0\xc0\x19\0\0\x94\x30\0\0\x16\0\0\0\x40\x1a\0\0\xa1\x30\0\0\x59\0\0\0\
\x60\x1a\0\0\xad\x30\0\0\xb2\x01\0\0\x80\x1a\0\0\xba\x30\0\0\xb3\x01\0\0\x40\
\x1b\0\0\xcd\x30\0\0\x4f\0\0\0\x80\x1b\0\0\xde\x30\0\0\x95\x01\0\0\xc0\x1b\0\0\
\xe8\x30\0\0\xb4\x01\0\0\0\x1c\0\0\xec\x0e\0\0\x8b\0\0\0\x40\x1c\0\0\xf0\x30\0\
\0\xb6\x01\0\0\xc0\x1c\0\0\x99\x0e\0\0\x21\0\0\0\0\x1d\0\0\xf3\x30\0\0\xb7\x01\
\0\0\x40\x1d\0\0\xf9\x30\0\0\xb9\x01\0\0\x80\x1d\0\0\x0a\x31\0\0\xa2\0\0\0\xc0\
\x1d\0\0\x23\x31\0\0\xb9\x01\0\0\0\x1e\0\0\x39\x31\0\0\xc9\x01\0\0\x40\x1e\0\0\
\x3e\x31\0\0\x21\0\0\0\x80\x1e\0\0\x49\x31\0\0\xca\x01\0\0\xc0\x1e\0\0\xe3\x2a\
\0\0\xcb\x01\0\0\0\x1f\0\0\x52\x31\0\0\xcc\x01\0\0\x40\x1f\0\0\x2a\x0c\0\0\xa2\
\0\0\0\xc0\x24\0\0\x5d\x31\0\0\x69\0\0\0\0\x25\0\0\x65\x31\0\0\x06\0\0\x06\x04\
\0\0\0\x76\x31\0\0\xfc\xff\xff\xff\x8c\x31\0\0\xfd\xff\xff\xff\xa2\x31\0\0\xfe\
\xff\xff\xff\xb9\x31\0\0\xff\xff\xff\xff\xce\x31\0\0\0\0\0\0\xe8\x31\0\0\x01\0\
\0\0\0\x32\0\0\0\0\0\x08\x99\x01\0\0\0\0\0\0\x01\0\0\x04\x08\0\0\0\x48\x2d\0\0\
\x83\x01\0\0\0\0\0\0\x0a\x32\0\0\x3b\0\0\x84\x80\0\0\0\x19\0\0\0\x15\0\0\0\0\0\
\0\0\x4b\x0f\0\0\x15\0\0\0\x20\0\0\0\x1a\x32\0\0\x22\0\0\0\x40\0\0\0\0\0\0\0\
\x9b\x01\0\0\x80\0\0\0\x21\x32\0\0\x22\0\0\0\xc0\0\0\0\x2d\x32\0\0\x22\0\0\0\0\
\x01\0\0\x39\x32\0\0\x22\0\0\0\x40\x01\0\x01\x42\x32\0\0\x22\0\0\0\x41\x01\0\
\x01\x4a\x32\0\0\x22\0\0\0\x42\x01\0\x01\x51\x32\0\0\x22\0\0\0\x43\x01\0\x01\
\x5b\x32\0\0\x22\0\0\0\x44\x01\0\x01\x68\x32\0\0\x22\0\0\0\x45\x01\0\x01\x77\
\x32\0\0\x22\0\0\0\x46\x01\0\x01\x82\x32\0\0\x22\0\0\0\x47\x01\0\x01\x8f\x32\0\
\0\x22\0\0\0\x48\x01\0\x01\xc6\x1b\0\0\x22\0\0\0\x49\x01\0\x01\x94\x32\0\0\x22\
\0\0\0\x4a\x01\0\x01\x99\x32\0\0\x22\0\0\0\x4b\x01\0\x01\xa6\x32\0\0\x22\0\0\0\
\x4c\x01\0\x01\xcb\x2c\0\0\x22\0\0\0\x4d\x01\0\x01\xb5\x32\0\0\x22\0\0\0\x4e\
\x01\0\x01\xbf\x32\0\0\x22\0\0\0\x4f\x01\0\x02\xca\x32\0\0\x22\0\0\0\x51\x01\0\
\x01\xd4\x32\0\0\x22\0\0\0\x52\x01\0\x01\xe2\x32\0\0\x22\0\0\0\x53\x01\0\x01\
\xef\x32\0\0\x22\0\0\0\x54\x01\0\x01\xfd\x32\0\0\x22\0\0\0\x55\x01\0\x01\x16\
\x33\0\0\x22\0\0\0\x56\x01\0\x01\x2d\x33\0\0\x22\0\0\0\x57\x01\0\x01\x33\x33\0\
\0\x22\0\0\0\x58\x01\0\x01\x3d\x33\0\0\x22\0\0\0\x59\x01\0\x01\x49\x33\0\0\x22\
\0\0\0\x5a\x01\0\x01\x58\x33\0\0\x22\0\0\0\x5b\x01\0\x01\x67\x33\0\0\x22\0\0\0\
\x5c\x01\0\x01\x72\x33\0\0\x22\0\0\0\x5d\x01\0\x01\x7a\x33\0\0\x22\0\0\0\x5e\
\x01\0\x01\x84\x33\0\0\x22\0\0\0\x5f\x01\0\x01\x8e\x0f\0\0\x22\0\0\0\x60\x01\0\
\x01\x8f\x33\0\0\x22\0\0\0\x61\x01\0\x01\x99\x33\0\0\x22\0\0\0\x62\x01\0\x01\
\xa2\x33\0\0\x22\0\0\0\x63\x01\0\x01\xb1\x33\0\0\x22\0\0\0\x64\x01\0\x01\xc0\
\x33\0\0\x22\0\0\0\x65\x01\0\x01\xc8\x33\0\0\x22\0\0\0\x66\x01\0\x1a\0\0\0\0\
\x9c\x01\0\0\x80\x01\0\0\xd5\x33\0\0\x15\0\0\0\xa0\x01\0\0\0\0\0\0\x9d\x01\0\0\
\xc0\x01\0\0\0\0\0\0\x9e\x01\0\0\0\x02\0\0\xdd\x33\0\0\x22\0\0\0\x40\x02\0\0\
\xf0\x33\0\0\x22\0\0\0\x80\x02\0\0\x01\x34\0\0\x15\0\0\0\xc0\x02\0\0\x11\x28\0\
\0\x94\0\0\0\xe0\x02\0\0\x13\x34\0\0\x22\0\0\0\0\x03\0\0\x24\x34\0\0\x15\0\0\0\
\x40\x03\0\0\x32\x34\0\0\x1e\0\0\0\x60\x03\0\0\x43\x34\0\0\x1e\0\0\0\x70\x03\0\
\0\x50\x34\0\0\x15\0\0\0\x80\x03\0\0\x60\x34\0\0\x15\0\0\0\xa0\x03\0\0\x6d\x34\
\0\0\x22\0\0\0\xc0\x03\0\0\0\0\0\0\x02\0\0\x05\x08\0\0\0\x76\x34\0\0\x22\0\0\0\
\0\0\0\0\x84\x34\0\0\x22\0\0\0\0\0\0\0\0\0\0\0\x02\0\0\x05\x04\0\0\0\x90\x34\0\
\0\x15\0\0\0\0\0\0\0\x9e\x34\0\0\x15\0\0\0\0\0\0\0\0\0\0\0\x04\0\0\x05\x08\0\0\
\0\xaf\x34\0\0\x22\0\0\0\0\0\0\0\xb7\x34\0\0\x22\0\0\0\0\0\0\0\xc3\x34\0\0\x22\
\0\0\0\0\0\0\0\xcf\x34\0\0\x22\0\0\0\0\0\0\0\0\0\0\0\x04\0\0\x05\x08\0\0\0\xd7\
\x34\0\0\x22\0\0\0\0\0\0\0\xde\x34\0\0\x22\0\0\0\0\0\0\0\xea\x34\0\0\x22\0\0\0\
\0\0\0\0\xf7\x34\0\0\x22\0\0\0\0\0\0\0\xff\x34\0\0\x0c\0\0\x04\xc0\0\0\0\0\0\0\
\0\xa0\x01\0\0\0\0\0\0\x0d\x35\0\0\xf1\0\0\0\0\x03\0\0\xad\x30\0\0\xa2\0\0\0\
\x40\x03\0\0\xcd\x30\0\0\x4f\0\0\0\x80\x03\0\0\xa4\x25\0\0\x02\0\0\0\xc0\x03\0\
\0\x14\x35\0\0\x98\x01\0\0\0\x04\0\0\x76\x34\0\0\x21\0\0\0\x40\x04\0\0\0\0\0\0\
\xa9\x01\0\0\x80\x04\0\0\x1f\x35\0\0\x21\0\0\0\0\x05\0\0\x2e\x35\0\0\x21\0\0\0\
\x40\x05\0\0\x39\x35\0\0\x21\0\0\0\x80\x05\0\0\x49\x35\0\0\x21\0\0\0\xc0\x05\0\
\0\0\0\0\0\x06\0\0\x05\x60\0\0\0\0\0\0\0\xa1\x01\0\0\0\0\0\0\0\0\0\0\xa3\x01\0\
\0\0\0\0\0\0\0\0\0\xa4\x01\0\0\0\0\0\0\0\0\0\0\xa5\x01\0\0\0\0\0\0\0\0\0\0\xa6\
\x01\0\0\0\0\0\0\0\0\0\0\xa8\x01\0\0\0\0\0\0\0\0\0\0\x0a\0\0\x04\x60\0\0\0\x1a\
\x32\0\0\x21\0\0\0\0\0\0\0\x5a\x35\0\0\x21\0\0\0\x40\0\0\0\x63\x35\0\0\x4f\0\0\
\0\x80\0\0\0\x6f\x35\0\0\x4f\0\0\0\xc0\0\0\0\x7a\x35\0\0\x02\0\0\0\0\x01\0\0\
\x8b\x35\0\0\x02\0\0\0\x20\x01\0\0\x8f\x35\0\0\x02\0\0\0\x40\x01\0\0\x1c\x0c\0\
\0\x02\0\0\0\x60\x01\0\0\x98\x35\0\0\xa2\x01\0\0\x80\x01\0\0\xa2\x35\0\0\xa2\
\x01\0\0\x40\x02\0\0\xad\x35\0\0\x04\0\0\x04\x18\0\0\0\x1a\x32\0\0\x21\0\0\0\0\
\0\0\0\xc1\x35\0\0\x16\0\0\0\x40\0\0\0\xc5\x35\0\0\x02\0\0\0\x60\0\0\0\x8b\x35\
\0\0\x02\0\0\0\x80\0\0\0\0\0\0\0\x01\0\0\x04\x40\0\0\0\x85\x25\0\0\xfe\0\0\0\0\
\0\0\0\0\0\0\0\x01\0\0\x04\x10\0\0\0\xcb\x35\0\0\x69\0\0\0\0\0\0\0\0\0\0\0\x02\
\0\0\x04\x10\0\0\0\xd3\x35\0\0\x21\0\0\0\0\0\0\0\xdb\x35\0\0\x21\0\0\0\x40\0\0\
\0\0\0\0\0\x02\0\0\x04\x28\0\0\0\xe0\x35\0\0\xa7\x01\0\0\0\0\0\0\xe5\x35\0\0\
\x69\0\0\0\xc0\0\0\0\xed\x35\0\0\x04\0\0\x04\x18\0\0\0\0\x36\0\0\x4f\0\0\0\0\0\
\0\0\x08\x36\0\0\x4f\0\0\0\x40\0\0\0\x84\x0b\0\0\x18\0\0\0\x80\0\0\0\x19\0\0\0\
\x18\0\0\0\x88\0\0\0\0\0\0\0\x05\0\0\x04\x18\0\0\0\x0d\x36\0\0\x18\0\0\0\0\0\0\
\0\x18\x36\0\0\x18\0\0\0\x08\0\0\0\x23\x36\0\0\x1d\0\0\0\x10\0\0\0\x2b\x36\0\0\
\x21\0\0\0\x40\0\0\0\x30\x36\0\0\x21\0\0\0\x80\0\0\0\0\0\0\0\x02\0\0\x05\x10\0\
\0\0\0\0\0\0\xaa\x01\0\0\0\0\0\0\0\0\0\0\xab\x01\0\0\0\0\0\0\0\0\0\0\x02\0\0\
\x04\x10\0\0\0\x36\x36\0\0\x21\0\0\0\0\0\0\0\x42\x36\0\0\x98\x01\0\0\x40\0\0\0\
\0\0\0\0\x02\0\0\x04\x10\0\0\0\x4e\x36\0\0\x21\0\0\0\0\0\0\0\x5b\x36\0\0\x21\0\
\0\0\x40\0\0\0\0\0\0\0\0\0\0\x02\x8b\x02\0\0\0\0\0\0\0\0\0\x02\x6c\x02\0\0\x67\
\x36\0\0\x02\0\0\x04\x18\0\0\0\x8d\x25\0\0\xed\0\0\0\0\0\0\0\xfa\x0e\0\0\xaf\
\x01\0\0\x80\0\0\0\0\0\0\0\0\0\0\x02\xb0\x01\0\0\0\0\0\0\x01\0\0\x0d\0\0\0\0\0\
\0\0\0\xb1\x01\0\0\0\0\0\0\0\0\0\x02\xae\x01\0\0\x70\x36\0\0\x03\0\0\x04\x18\0\
\0\0\x9d\x12\0\0\x69\0\0\0\0\0\0\0\x4e\x0b\0\0\x3d\x01\0\0\x80\0\0\0\x87\x36\0\
\0\x16\0\0\0\xa0\0\0\0\0\0\0\0\0\0\0\x02\x8c\x02\0\0\0\0\0\0\0\0\0\x02\xb5\x01\
\0\0\0\0\0\0\x01\0\0\x0d\0\0\0\0\0\0\0\0\x95\x01\0\0\0\0\0\0\0\0\0\x02\x74\x02\
\0\0\0\0\0\0\0\0\0\x02\xb8\x01\0\0\0\0\0\0\x01\0\0\x0d\x21\0\0\0\0\0\0\0\0\0\0\
\0\x97\x36\0\0\0\0\0\x08\xba\x01\0\0\0\0\0\0\0\0\0\x02\xbb\x01\0\0\0\0\0\0\x03\
\0\0\x0d\0\0\0\0\0\0\0\0\x95\x01\0\0\0\0\0\0\xbc\x01\0\0\0\0\0\0\xc8\x01\0\0\0\
\0\0\0\0\0\0\x02\xbd\x01\0\0\xaf\x36\0\0\x17\0\0\x04\0\x01\0\0\xc0\x36\0\0\x21\
\0\0\0\0\0\0\0\xc5\x36\0\0\xbe\x01\0\0\x40\0\0\0\xc9\x36\0\0\xbf\x01\0\0\x80\0\
\0\0\xd2\x36\0\0\x21\0\0\0\xc0\0\0\0\x46\x22\0\0\xc0\x01\0\0\0\x01\0\0\xd9\x36\
\0\0\x21\0\0\0\x40\x01\0\0\xdd\x36\0\0\xc2\x01\0\0\x80\x01\0\0\x19\0\0\0\x21\0\
\0\0\xc0\x01\0\0\x52\x21\0\0\x21\0\0\0\0\x02\0\0\xe6\x36\0\0\xc4\x01\0\0\x40\
\x02\0\0\x05\x28\0\0\x21\0\0\0\x80\x02\0\0\x99\x0e\0\0\x21\0\0\0\xc0\x02\0\0\
\xf0\x36\0\0\x21\0\0\0\0\x03\0\0\xfa\x36\0\0\xc5\x01\0\0\x40\x03\0\0\x04\x37\0\
\0\xc6\x01\0\0\x80\x03\0\0\x0e\x37\0\0\x21\0\0\0\xc0\x03\0\0\x17\x37\0\0\xc7\
\x01\0\0\0\x04\0\0\x21\x37\0\0\xc7\x01\0\0\x80\x04\0\0\x2b\x37\0\0\x21\0\0\0\0\
\x05\0\0\x3b\x37\0\0\x21\0\0\0\x40\x05\0\0\x8e\x0f\0\0\x21\0\0\0\x80\x05\0\0\
\x45\x37\0\0\x21\0\0\0\xc0\x05\0\0\x54\x37\0\0\x21\0\0\0\0\x06\0\0\0\0\0\0\0\0\
\0\x02\x8d\x02\0\0\0\0\0\0\0\0\0\x02\x8e\x02\0\0\x63\x37\0\0\x02\0\0\x05\x08\0\
\0\0\x76\x37\0\0\x22\0\0\0\0\0\0\0\0\0\0\0\xc1\x01\0\0\0\0\0\0\0\0\0\0\x03\0\0\
\x04\x08\0\0\0\x7b\x37\0\0\x15\0\0\0\0\0\0\0\x83\x37\0\0\x1e\0\0\0\x20\0\0\0\
\x8a\x37\0\0\x1e\0\0\0\x30\0\0\0\x91\x37\0\0\x02\0\0\x05\x08\0\0\0\x05\x0b\0\0\
\x22\0\0\0\0\0\0\0\0\0\0\0\xc3\x01\0\0\0\0\0\0\0\0\0\0\x0a\0\0\x84\x08\0\0\0\
\xa3\x37\0\0\x22\0\0\0\0\0\0\x05\xaa\x37\0\0\x22\0\0\0\x05\0\0\x0e\xb2\x37\0\0\
\x22\0\0\0\x13\0\0\x05\xbc\x37\0\0\x22\0\0\0\x18\0\0\x02\xc5\x37\0\0\x22\0\0\0\
\x1a\0\0\x07\xce\x37\0\0\x22\0\0\0\x21\0\0\x04\xda\x37\0\0\x22\0\0\0\x25\0\0\
\x01\xe5\x37\0\0\x22\0\0\0\x26\0\0\x02\xf0\x37\0\0\x22\0\0\0\x28\0\0\x03\xf8\
\x37\0\0\x22\0\0\0\x2b\0\0\x15\0\0\0\0\x02\0\0\x04\x08\0\0\0\x3d\x14\0\0\x14\0\
\0\0\0\0\0\0\x01\x38\0\0\x14\0\0\0\x20\0\0\0\0\0\0\0\x02\0\0\x04\x08\0\0\0\x95\
\x16\0\0\x14\0\0\0\0\0\0\0\x05\x38\0\0\x14\0\0\0\x20\0\0\0\0\0\0\0\0\0\0\x02\
\x8f\x02\0\0\x0e\x38\0\0\x02\0\0\x04\x10\0\0\0\x18\x38\0\0\x22\0\0\0\0\0\0\0\
\x1c\x38\0\0\xc8\x01\0\0\x40\0\0\0\0\0\0\0\0\0\0\x02\xec\0\0\0\0\0\0\0\0\0\0\
\x02\x56\x02\0\0\0\0\0\0\0\0\0\x02\x8a\x02\0\0\0\0\0\0\0\0\0\x02\x90\x02\0\0\
\x52\x31\0\0\x0b\0\0\x04\xb0\0\0\0\xfa\x0e\0\0\xcd\x01\0\0\0\0\0\0\x55\x09\0\0\
\xd0\x01\0\0\x40\0\0\0\x1c\x0c\0\0\x4f\0\0\0\x80\0\0\0\x21\x38\0\0\xa2\0\0\0\
\xc0\0\0\0\x29\x38\0\0\xcd\x01\0\0\0\x01\0\0\x34\x38\0\0\xd3\x01\0\0\x40\x01\0\
\0\x3f\x38\0\0\xd5\x01\0\0\xc0\x02\0\0\x49\x38\0\0\xd3\x01\0\0\0\x03\0\0\x52\
\x38\0\0\x4f\0\0\0\x80\x04\0\0\x5d\x38\0\0\x4f\0\0\0\xc0\x04\0\0\x9d\x12\0\0\
\x69\0\0\0\0\x05\0\0\x6d\x38\0\0\0\0\0\x08\xce\x01\0\0\0\0\0\0\0\0\0\x02\xcf\
\x01\0\0\0\0\0\0\x04\0\0\x0d\0\0\0\0\0\0\0\0\x4f\0\0\0\0\0\0\0\x4f\0\0\0\0\0\0\
\0\xd0\x01\0\0\0\0\0\0\xd1\x01\0\0\0\0\0\0\0\0\0\x02\xcc\x01\0\0\0\0\0\0\0\0\0\
\x02\xd2\x01\0\0\x7b\x38\0\0\x01\0\0\x04\xa8\0\0\0\x1c\x38\0\0\xec\0\0\0\0\0\0\
\0\x87\x38\0\0\x03\0\0\x04\x30\0\0\0\x97\x38\0\0\xd4\x01\0\0\0\0\0\0\xa4\x38\0\
\0\xd4\x01\0\0\x40\0\0\0\xb0\x38\0\0\x7d\x01\0\0\x80\0\0\0\0\0\0\0\0\0\0\x02\
\x91\x02\0\0\0\0\0\0\0\0\0\x02\xd3\x01\0\0\0\0\0\0\0\0\0\x03\0\0\0\0\x95\x01\0\
\0\x04\0\0\0\x04\0\0\0\0\0\0\0\0\0\0\x02\x5f\x02\0\0\x56\x2e\0\0\x03\0\0\x04\
\x40\x10\0\0\x8f\x35\0\0\x16\0\0\0\0\0\0\0\xbb\x38\0\0\x4f\0\0\0\x40\0\0\0\xa4\
\x25\0\0\xd9\x01\0\0\0\x02\0\0\xcc\x38\0\0\x05\0\0\x05\0\x10\0\0\xd9\x38\0\0\
\xda\x01\0\0\0\0\0\0\xdf\x38\0\0\xdc\x01\0\0\0\0\0\0\xe6\x38\0\0\xe4\x01\0\0\0\
\0\0\0\xeb\x38\0\0\xe6\x01\0\0\0\0\0\0\xf1\x38\0\0\xea\x01\0\0\0\0\0\0\xfb\x38\
\0\0\x09\0\0\x04\x70\0\0\0\x07\x39\0\0\x14\0\0\0\0\0\0\0\x0b\x39\0\0\x14\0\0\0\
\x20\0\0\0\x0f\x39\0\0\x14\0\0\0\x40\0\0\0\x13\x39\0\0\x14\0\0\0\x60\0\0\0\x17\
\x39\0\0\x14\0\0\0\x80\0\0\0\x1b\x39\0\0\x14\0\0\0\xa0\0\0\0\x1f\x39\0\0\x14\0\
\0\0\xc0\0\0\0\x23\x39\0\0\xdb\x01\0\0\xe0\0\0\0\xb6\x20\0\0\x14\0\0\0\x60\x03\
\0\0\0\0\0\0\0\0\0\x03\0\0\0\0\x14\0\0\0\x04\0\0\0\x14\0\0\0\x2c\x39\0\0\x0b\0\
\0\x04\0\x02\0\0\x07\x39\0\0\x1d\0\0\0\0\0\0\0\x0b\x39\0\0\x1d\0\0\0\x10\0\0\0\
\x0f\x39\0\0\x1d\0\0\0\x20\0\0\0\x39\x39\0\0\x1d\0\0\0\x30\0\0\0\0\0\0\0\xdd\
\x01\0\0\x40\0\0\0\x3d\x39\0\0\x14\0\0\0\xc0\0\0\0\x43\x39\0\0\x14\0\0\0\xe0\0\
\0\0\x23\x39\0\0\xe0\x01\0\0\0\x01\0\0\x4e\x39\0\0\xe1\x01\0\0\0\x05\0\0\x23\
\x36\0\0\xe2\x01\0\0\0\x0d\0\0\0\0\0\0\xe3\x01\0\0\x80\x0e\0\0\0\0\0\0\x02\0\0\
\x05\x10\0\0\0\0\0\0\0\xde\x01\0\0\0\0\0\0\0\0\0\0\xdf\x01\0\0\0\0\0\0\0\0\0\0\
\x02\0\0\x04\x10\0\0\0\x58\x39\0\0\x21\0\0\0\0\0\0\0\x5c\x39\0\0\x21\0\0\0\x40\
\0\0\0\0\0\0\0\x04\0\0\x04\x10\0\0\0\x13\x39\0\0\x14\0\0\0\0\0\0\0\x17\x39\0\0\
\x14\0\0\0\x20\0\0\0\x1b\x39\0\0\x14\0\0\0\x40\0\0\0\x1f\x39\0\0\x14\0\0\0\x60\
\0\0\0\0\0\0\0\0\0\0\x03\0\0\0\0\x14\0\0\0\x04\0\0\0\x20\0\0\0\0\0\0\0\0\0\0\
\x03\0\0\0\0\x14\0\0\0\x04\0\0\0\x40\0\0\0\0\0\0\0\0\0\0\x03\0\0\0\0\x14\0\0\0\
\x04\0\0\0\x0c\0\0\0\0\0\0\0\x02\0\0\x05\x30\0\0\0\x60\x39\0\0\xe2\x01\0\0\0\0\
\0\0\x69\x39\0\0\xe2\x01\0\0\0\0\0\0\x75\x39\0\0\x10\0\0\x04\x88\0\0\0\x07\x39\
\0\0\x14\0\0\0\0\0\0\0\x0b\x39\0\0\x14\0\0\0\x20\0\0\0\x0f\x39\0\0\x14\0\0\0\
\x40\0\0\0\x13\x39\0\0\x14\0\0\0\x60\0\0\0\x17\x39\0\0\x14\0\0\0\x80\0\0\0\x1b\
\x39\0\0\x14\0\0\0\xa0\0\0\0\x1f\x39\0\0\x14\0\0\0\xc0\0\0\0\x23\x39\0\0\xdb\
\x01\0\0\xe0\0\0\0\x82\x39\0\0\x18\0\0\0\x60\x03\0\0\x87\x39\0\0\x18\0\0\0\x68\
\x03\0\0\x8f\x39\0\0\x18\0\0\0\x70\x03\0\0\x99\x39\0\0\x18\0\0\0\x78\x03\0\0\
\xa3\x39\0\0\x18\0\0\0\x80\x03\0\0\xa6\x39\0\0\x18\0\0\0\x88\x03\0\0\xe0\x35\0\
\0\xe5\x01\0\0\xc0\x03\0\0\xad\x39\0\0\x14\0\0\0\0\x04\0\0\0\0\0\0\0\0\0\x02\
\x60\x02\0\0\xb7\x39\0\0\x03\0\0\x04\x40\x02\0\0\xc3\x39\0\0\xdc\x01\0\0\0\0\0\
\0\xc8\x39\0\0\xe7\x01\0\0\0\x10\0\0\xcf\x39\0\0\xe9\x01\0\0\0\x12\0\0\xe3\x39\
\0\0\x03\0\0\x04\x40\0\0\0\xf1\x39\0\0\x21\0\0\0\0\0\0\0\xfb\x39\0\0\x21\0\0\0\
\x40\0\0\0\x05\x38\0\0\xe8\x01\0\0\x80\0\0\0\0\0\0\0\0\0\0\x03\0\0\0\0\x21\0\0\
\0\x04\0\0\0\x06\0\0\0\0\0\0\0\0\0\0\x03\0\0\0\0\x18\0\0\0\x04\0\0\0\0\0\0\0\0\
\0\0\0\0\0\0\x03\0\0\0\0\x18\0\0\0\x04\0\0\0\0\x10\0\0\x26\x3b\0\0\x07\0\0\x04\
\x80\0\0\0\xa4\x25\0\0\xec\x01\0\0\0\0\0\0\x19\0\0\0\xee\x01\0\0\x20\0\0\0\x1c\
\x0c\0\0\x4f\0\0\0\x40\0\0\0\x2d\x3b\0\0\x21\x01\0\0\x80\0\0\0\xd5\x12\0\0\x2e\
\0\0\0\xc0\0\0\0\x32\x3b\0\0\xef\x01\0\0\0\x01\0\0\xb8\x0a\0\0\xf1\x01\0\0\0\
\x02\0\0\x36\x3b\0\0\0\0\0\x08\xed\x01\0\0\0\0\0\0\x05\0\0\x06\x04\0\0\0\x43\
\x3b\0\0\0\0\0\0\x4b\x3b\0\0\x01\0\0\0\x5a\x3b\0\0\x02\0\0\0\x68\x3b\0\0\x03\0\
\0\0\x75\x3b\0\0\x04\0\0\0\x86\x3b\0\0\0\0\0\x01\x02\0\0\0\x10\0\0\x01\0\0\0\0\
\0\0\0\x02\xf0\x01\0\0\0\0\0\0\0\0\0\x0a\x6a\x02\0\0\x8c\x3b\0\0\x04\0\0\x04\
\x40\0\0\0\x96\x3b\0\0\x67\0\0\0\0\0\0\0\x9b\x3b\0\0\xad\x01\0\0\xc0\0\0\0\x1c\
\x0c\0\0\x4f\0\0\0\0\x01\0\0\x4f\x0c\0\0\x8b\0\0\0\x40\x01\0\0\x56\x41\0\0\x02\
\0\0\x04\x08\x04\0\0\0\0\0\0\xf3\x01\0\0\0\0\0\0\x60\x41\0\0\x23\x02\0\0\x40\
\x20\0\0\0\0\0\0\x3a\0\0\x04\x08\x04\0\0\x8f\x32\0\0\x15\x01\0\0\0\0\0\0\x6b\
\x41\0\0\x92\0\0\0\x40\0\0\0\x71\x41\0\0\x21\0\0\0\x80\0\0\0\x81\x41\0\0\xf4\
\x01\0\0\xc0\0\0\0\x93\x41\0\0\x4f\0\0\0\0\x01\0\0\x9d\x41\0\0\x4f\0\0\0\x40\
\x01\0\0\xae\x41\0\0\x4f\0\0\0\x80\x01\0\0\xbf\x41\0\0\x4f\0\0\0\xc0\x01\0\0\
\xd7\x41\0\0\x4f\0\0\0\0\x02\0\0\xe1\x41\0\0\x4f\0\0\0\x40\x02\0\0\xf0\x41\0\0\
\x08\x02\0\0\x80\x02\0\0\xf4\x41\0\0\x59\0\0\0\xc0\x02\0\0\x05\x42\0\0\x59\0\0\
\0\xe0\x02\0\0\x0e\x42\0\0\x59\0\0\0\0\x03\0\0\x17\x42\0\0\x22\x01\0\0\x40\x03\
\0\0\x26\x42\0\0\x02\0\0\0\x80\x03\0\0\x30\x42\0\0\x5e\0\0\0\xa0\x03\0\0\x40\
\x42\0\0\x0c\x02\0\0\xc0\x03\0\0\x4a\x42\0\0\x69\0\0\0\0\x05\0\0\x51\x42\0\0\
\x4f\0\0\0\x80\x05\0\0\x5d\x42\0\0\x4f\0\0\0\xc0\x05\0\0\x68\x42\0\0\x4f\0\0\0\
\0\x06\0\0\x71\x42\0\0\x4f\0\0\0\x40\x06\0\0\x7b\x42\0\0\x49\0\0\0\x80\x06\0\0\
\x85\x42\0\0\x4f\0\0\0\xc0\x06\0\0\x8d\x42\0\0\x4f\0\0\0\0\x07\0\0\x95\x42\0\0\
\x4f\0\0\0\x40\x07\0\0\x9e\x42\0\0\x4f\0\0\0\x80\x07\0\0\xa8\x42\0\0\x77\x01\0\
\0\xc0\x07\0\0\xba\x42\0\0\x5e\0\0\0\xe0\x07\0\0\xc3\x42\0\0\x4f\0\0\0\0\x08\0\
\0\xce\x42\0\0\x4f\0\0\0\x40\x08\0\0\xd7\x42\0\0\x4f\0\0\0\x80\x08\0\0\xe2\x42\
\0\0\x4f\0\0\0\xc0\x08\0\0\xeb\x42\0\0\x4f\0\0\0\0\x09\0\0\xf5\x42\0\0\x4f\0\0\
\0\x40\x09\0\0\xf9\x42\0\0\x4f\0\0\0\x80\x09\0\0\x05\x43\0\0\x4f\0\0\0\xc0\x09\
\0\0\x0f\x43\0\0\x4f\0\0\0\0\x0a\0\0\x17\x43\0\0\x4f\0\0\0\x40\x0a\0\0\x21\x43\
\0\0\x4f\0\0\0\x80\x0a\0\0\x29\x43\0\0\x0d\x02\0\0\xc0\x0a\0\0\x2b\x19\0\0\x0e\
\x02\0\0\xc0\x16\0\0\x34\x43\0\0\x10\x02\0\0\xc0\x17\0\0\x3b\x43\0\0\x11\x02\0\
\0\0\x18\0\0\x1c\x0c\0\0\x4f\0\0\0\0\x1c\0\0\x43\x43\0\0\x18\x02\0\0\x40\x1c\0\
\0\x4e\x43\0\0\x5e\0\0\0\x80\x1c\0\0\x59\x43\0\0\x19\x02\0\0\xc0\x1c\0\0\x0c\
\x2a\0\0\x4e\x01\0\0\0\x1d\0\0\x65\x43\0\0\x21\x01\0\0\x40\x1d\0\0\x6e\x43\0\0\
\x1a\x02\0\0\x80\x1d\0\0\x85\x43\0\0\x59\0\0\0\xc0\x1d\0\0\x97\x43\0\0\x27\0\0\
\0\xe0\x1d\0\0\xa9\x43\0\0\x1b\x02\0\0\0\x1e\0\0\xb7\x43\0\0\x1d\x02\0\0\x40\
\x1e\0\0\xc6\x43\0\0\x14\0\0\0\x40\x1f\0\0\xcc\x43\0\0\x22\x02\0\0\x80\x1f\0\0\
\0\0\0\0\0\0\0\x02\xf5\x01\0\0\0\0\0\0\x05\0\0\x0d\x4f\0\0\0\0\0\0\0\x21\x01\0\
\0\0\0\0\0\x4f\0\0\0\0\0\0\0\x4f\0\0\0\0\0\0\0\x4f\0\0\0\0\0\0\0\x4f\0\0\0\x2d\
\x3b\0\0\x15\0\0\x04\xf0\0\0\0\xd4\x43\0\0\xf7\x01\0\0\0\0\0\0\xd8\x43\0\0\xf8\
\x01\0\0\x80\0\0\0\xdf\x43\0\0\xfb\x01\0\0\x40\x01\0\0\xe7\x43\0\0\xfc\x01\0\0\
\x80\x01\0\0\xec\x43\0\0\x5e\0\0\0\xc0\x01\0\0\xf3\x43\0\0\xfe\x01\0\0\xe0\x01\
\0\0\0\x44\0\0\x22\x01\0\0\0\x02\0\0\x08\x44\0\0\x16\0\0\0\x40\x02\0\0\x10\x44\
\0\0\xff\x01\0\0\x60\x02\0\0\x17\x44\0\0\x7d\x01\0\0\x80\x02\0\0\x22\x44\0\0\0\
\x02\0\0\x80\x03\0\0\x28\x44\0\0\x02\x02\0\0\xc0\x03\0\0\x30\x44\0\0\x9e\0\0\0\
\xc0\x04\0\0\x37\x44\0\0\x04\x02\0\0\0\x05\0\0\x3c\x44\0\0\x21\0\0\0\0\x06\0\0\
\x46\x44\0\0\xa2\0\0\0\x40\x06\0\0\x51\x44\0\0\xa2\0\0\0\x80\x06\0\0\x5e\x44\0\
\0\x05\x02\0\0\xc0\x06\0\0\x63\x44\0\0\x06\x02\0\0\0\x07\0\0\x6d\x44\0\0\x07\
\x02\0\0\x40\x07\0\0\x76\x44\0\0\x07\x02\0\0\x60\x07\0\0\0\0\0\0\x02\0\0\x05\
\x10\0\0\0\x7f\x44\0\0\xee\0\0\0\0\0\0\0\x88\x44\0\0\x8b\0\0\0\0\0\0\0\x93\x44\
\0\0\x03\0\0\x04\x18\0\0\0\x98\x44\0\0\xf9\x01\0\0\0\0\0\0\x9c\x44\0\0\xfa\x01\
\0\0\x40\0\0\0\xa3\x44\0\0\x02\0\0\0\x80\0\0\0\0\0\0\0\0\0\0\x02\x42\x02\0\0\0\
\0\0\0\0\0\0\x02\x46\x02\0\0\0\0\0\0\0\0\0\x02\x45\x02\0\0\0\0\0\0\0\0\0\x02\
\xfd\x01\0\0\0\0\0\0\0\0\0\x0a\x48\x02\0\0\xae\x44\0\0\x06\0\0\x06\x04\0\0\0\
\xb6\x44\0\0\0\0\0\0\xc9\x44\0\0\x01\0\0\0\xd9\x44\0\0\x02\0\0\0\xea\x44\0\0\
\x03\0\0\0\xfc\x44\0\0\x04\0\0\0\x0c\x45\0\0\x05\0\0\0\x1f\x45\0\0\0\0\0\x08\
\x16\0\0\0\x27\x45\0\0\0\0\0\x08\x01\x02\0\0\x2e\x45\0\0\0\0\0\x08\x4d\0\0\0\
\x3e\x45\0\0\x06\0\0\x04\x20\0\0\0\x4e\x0b\0\0\x73\0\0\0\0\0\0\0\x3d\x14\0\0\
\x9d\0\0\0\x40\0\0\0\x4a\x45\0\0\x03\x02\0\0\x80\0\0\0\x7f\x14\0\0\x9a\0\0\0\
\xa0\0\0\0\x5e\x29\0\0\x9a\0\0\0\xc0\0\0\0\x53\x45\0\0\x02\0\0\0\xe0\0\0\0\x4a\
\x45\0\0\x05\0\0\x06\x04\0\0\0\x5a\x45\0\0\0\0\0\0\x66\x45\0\0\x01\0\0\0\x73\
\x45\0\0\x02\0\0\0\x80\x45\0\0\x03\0\0\0\x8c\x45\0\0\x04\0\0\0\x98\x45\0\0\x06\
\0\0\x04\x20\0\0\0\xa6\x45\0\0\x4f\0\0\0\0\0\0\0\x4b\x0f\0\0\x16\0\0\0\x40\0\0\
\0\xac\x45\0\0\x16\0\0\0\x60\0\0\0\xb7\x45\0\0\x16\0\0\0\x80\0\0\0\xc0\x45\0\0\
\x16\0\0\0\xa0\0\0\0\xca\x45\0\0\0\x02\0\0\xc0\0\0\0\0\0\0\0\0\0\0\x02\x07\x01\
\0\0\0\0\0\0\0\0\0\x02\x44\x02\0\0\xd3\x45\0\0\0\0\0\x08\x14\0\0\0\0\0\0\0\0\0\
\0\x02\x09\x02\0\0\xdc\x45\0\0\0\0\0\x08\x0a\x02\0\0\0\0\0\0\x01\0\0\x04\x08\0\
\0\0\xf0\x41\0\0\x0b\x02\0\0\0\0\0\0\xe2\x45\0\0\0\0\0\x08\x4f\0\0\0\xeb\x45\0\
\0\x05\0\0\x04\x28\0\0\0\xd0\x27\0\0\x22\x01\0\0\0\0\0\0\xdc\x2b\0\0\x22\x01\0\
\0\x40\0\0\0\xe2\x2b\0\0\x7e\x01\0\0\x80\0\0\0\x72\x0c\0\0\x3d\x01\0\0\xa0\0\0\
\0\xe6\x2b\0\0\x69\0\0\0\xc0\0\0\0\0\0\0\0\0\0\0\x03\0\0\0\0\x4f\0\0\0\x04\0\0\
\0\x30\0\0\0\xf8\x45\0\0\x01\0\0\x04\x20\0\0\0\xd0\x27\0\0\x0f\x02\0\0\0\0\0\0\
\0\0\0\0\0\0\0\x03\0\0\0\0\x22\x01\0\0\x04\0\0\0\x04\0\0\0\0\0\0\0\0\0\0\x02\
\x47\x02\0\0\x04\x46\0\0\0\0\0\x08\x12\x02\0\0\0\0\0\0\x0b\0\0\x04\x80\0\0\0\
\x11\x46\0\0\x21\0\0\0\0\0\0\0\x18\x46\0\0\x49\0\0\0\x40\0\0\0\x20\x46\0\0\x0c\
\x02\0\0\x80\0\0\0\x2c\x46\0\0\x13\x02\0\0\xc0\x01\0\0\x1c\x0c\0\0\x1f\0\0\0\0\
\x02\0\0\x4e\x0b\0\0\x7d\x01\0\0\x40\x02\0\0\x30\x46\0\0\xa2\0\0\0\x40\x03\0\0\
\x35\x46\0\0\x14\x02\0\0\x80\x03\0\0\x40\x46\0\0\x59\0\0\0\xc0\x03\0\0\x53\x46\
\0\0\x1d\0\0\0\xe0\x03\0\0\x67\x46\0\0\x16\x02\0\0\xf0\x03\0\0\0\0\0\0\0\0\0\
\x02\x62\x02\0\0\0\0\0\0\0\0\0\x02\x15\x02\0\0\0\0\0\0\0\0\0\x0a\x63\x02\0\0\
\x79\x46\0\0\0\0\0\x08\x17\x02\0\0\x7d\x46\0\0\0\0\0\x08\xee\x01\0\0\0\0\0\0\0\
\0\0\x02\x64\x02\0\0\0\0\0\0\0\0\0\x02\x65\x02\0\0\0\0\0\0\0\0\0\x02\x66\x02\0\
\0\xa9\x43\0\0\x01\0\0\x04\x08\0\0\0\x83\x46\0\0\x1c\x02\0\0\0\0\0\0\0\0\0\0\0\
\0\0\x02\x67\x02\0\0\x8c\x46\0\0\x03\0\0\x04\x20\0\0\0\x77\x12\0\0\x22\x01\0\0\
\0\0\0\0\x9d\x0c\0\0\x69\0\0\0\x40\0\0\0\xfa\x0e\0\0\x1e\x02\0\0\xc0\0\0\0\x98\
\x46\0\0\0\0\0\x08\x1f\x02\0\0\0\0\0\0\0\0\0\x02\x20\x02\0\0\0\0\0\0\x01\0\0\
\x0d\0\0\0\0\0\0\0\0\x21\x02\0\0\0\0\0\0\0\0\0\x02\x1d\x02\0\0\0\0\0\0\x02\0\0\
\x04\x18\0\0\0\x9d\x12\0\0\x69\0\0\0\0\0\0\0\xa4\x46\0\0\x4f\0\0\0\x80\0\0\0\0\
\0\0\0\0\0\0\x03\0\0\0\0\x4f\0\0\0\x04\0\0\0\0\0\0\0\0\0\0\0\x01\0\0\x0d\x02\0\
\0\0\xce\x14\0\0\xe0\0\0\0\x4c\x49\0\0\x01\0\0\x0c\x24\x02\0\0\0\0\0\0\x01\0\0\
\x0d\x02\0\0\0\xce\x14\0\0\xe0\0\0\0\x81\x51\0\0\x01\0\0\x0c\x26\x02\0\0\0\0\0\
\0\x01\0\0\x0d\x02\0\0\0\xce\x14\0\0\xe0\0\0\0\x42\x52\0\0\x01\0\0\x0c\x28\x02\
\0\0\0\0\0\0\x01\0\0\x0d\x02\0\0\0\xce\x14\0\0\xe0\0\0\0\x38\x53\0\0\x01\0\0\
\x0c\x2a\x02\0\0\0\0\0\0\x01\0\0\x0d\x02\0\0\0\xce\x14\0\0\xe0\0\0\0\x06\x54\0\
\0\x01\0\0\x0c\x2c\x02\0\0\0\0\0\0\0\0\0\x02\x2f\x02\0\0\xc2\x56\0\0\x18\0\0\
\x04\0\x01\0\0\x32\x3b\0\0\x30\x02\0\0\0\0\0\0\xca\x56\0\0\x2e\x02\0\0\x40\0\0\
\0\x2a\x0c\0\0\xa2\0\0\0\x80\0\0\0\xd9\x56\0\0\x32\x02\0\0\xc0\0\0\0\x9d\x14\0\
\0\x14\0\0\0\xe0\0\0\0\xa6\x14\0\0\x14\0\0\0\0\x01\0\0\x1e\0\0\0\x14\0\0\0\x20\
\x01\0\0\xe2\x56\0\0\x14\0\0\0\x40\x01\0\0\xec\x56\0\0\x02\0\0\0\x60\x01\0\0\
\xfa\x56\0\0\x02\0\0\0\x80\x01\0\0\x99\x0e\0\0\x14\0\0\0\xa0\x01\0\0\x04\x57\0\
\0\x02\0\0\0\xc0\x01\0\0\x0e\x57\0\0\x14\0\0\0\xe0\x01\0\0\x1e\x57\0\0\x14\0\0\
\0\0\x02\0\0\x30\x57\0\0\x33\x02\0\0\x40\x02\0\0\x34\x57\0\0\x52\x01\0\0\x80\
\x02\0\0\x39\x57\0\0\x14\0\0\0\0\x03\0\0\x53\x57\0\0\x27\0\0\0\x20\x03\0\0\x23\
\x1a\0\0\x27\0\0\0\x28\x03\0\0\xb7\x0b\0\0\x49\0\0\0\0\x04\0\0\x62\x57\0\0\x49\
\0\0\0\x40\x04\0\0\x2a\x29\0\0\x1d\x02\0\0\x80\x04\0\0\x6a\x57\0\0\x7d\x01\0\0\
\x80\x05\0\0\x77\x57\0\0\x49\0\0\0\x80\x06\0\0\0\0\0\0\0\0\0\x02\x31\x02\0\0\0\
\0\0\0\0\0\0\x0a\x58\x02\0\0\x80\x57\0\0\x1e\0\0\x06\x04\0\0\0\x8d\x57\0\0\0\0\
\0\0\xa1\x57\0\0\x01\0\0\0\xb3\x57\0\0\x02\0\0\0\xc6\x57\0\0\x03\0\0\0\xde\x57\
\0\0\x04\0\0\0\xfc\x57\0\0\x05\0\0\0\x15\x58\0\0\x06\0\0\0\x2f\x58\0\0\x07\0\0\
\0\x48\x58\0\0\x08\0\0\0\x62\x58\0\0\x09\0\0\0\x78\x58\0\0\x0a\0\0\0\x95\x58\0\
\0\x0b\0\0\0\xab\x58\0\0\x0c\0\0\0\xc6\x58\0\0\x0d\0\0\0\xe0\x58\0\0\x0e\0\0\0\
\xf4\x58\0\0\x0f\0\0\0\x09\x59\0\0\x10\0\0\0\x1d\x59\0\0\x11\0\0\0\x31\x59\0\0\
\x12\0\0\0\x47\x59\0\0\x13\0\0\0\x63\x59\0\0\x14\0\0\0\x84\x59\0\0\x15\0\0\0\
\xa7\x59\0\0\x16\0\0\0\xba\x59\0\0\x17\0\0\0\xcd\x59\0\0\x18\0\0\0\xe5\x59\0\0\
\x19\0\0\0\xfe\x59\0\0\x1a\0\0\0\x16\x5a\0\0\x1b\0\0\0\x2b\x5a\0\0\x1c\0\0\0\
\x46\x5a\0\0\x1d\0\0\0\0\0\0\0\0\0\0\x02\x57\x02\0\0\0\0\0\0\x04\0\0\x0d\x02\0\
\0\0\x60\x5a\0\0\x2e\x02\0\0\xc2\x02\0\0\x0d\0\0\0\x05\x0b\0\0\x24\0\0\0\x77\
\x12\0\0\xa1\0\0\0\x64\x5a\0\0\0\0\0\x0c\x34\x02\0\0\0\0\0\0\0\0\0\x03\0\0\0\0\
\x1d\x01\0\0\x04\0\0\0\x0d\0\0\0\xe3\x5a\0\0\0\0\0\x0e\x36\x02\0\0\x01\0\0\0\0\
\0\0\0\0\0\0\x03\0\0\0\0\x1d\x01\0\0\x04\0\0\0\x56\0\0\0\xeb\x5a\0\0\0\0\0\x0e\
\x38\x02\0\0\0\0\0\0\0\0\0\0\0\0\0\x03\0\0\0\0\x1d\x01\0\0\x04\0\0\0\x47\0\0\0\
\x07\x5b\0\0\0\0\0\x0e\x3a\x02\0\0\0\0\0\0\0\0\0\0\0\0\0\x03\0\0\0\0\x1d\x01\0\
\0\x04\0\0\0\x30\0\0\0\x30\x5b\0\0\0\0\0\x0e\x3c\x02\0\0\0\0\0\0\x5b\x5b\0\0\
\x05\0\0\x0f\0\0\0\0\x08\0\0\0\0\0\0\0\x10\0\0\0\x2a\0\0\0\0\0\0\0\x20\0\0\0\
\xca\0\0\0\0\0\0\0\x20\0\0\0\xd5\0\0\0\0\0\0\0\x20\0\0\0\xdf\0\0\0\0\0\0\0\x20\
\0\0\0\x61\x5b\0\0\x03\0\0\x0f\0\0\0\0\x39\x02\0\0\0\0\0\0\x56\0\0\0\x3b\x02\0\
\0\x56\0\0\0\x47\0\0\0\x3d\x02\0\0\x9d\0\0\0\x30\0\0\0\x69\x5b\0\0\x01\0\0\x0f\
\0\0\0\0\x37\x02\0\0\0\0\0\0\x0d\0\0\0\x16\x0d\0\0\0\0\0\x07\0\0\0\0\x71\x5b\0\
\0\0\0\0\x07\0\0\0\0\x3f\x0f\0\0\0\0\0\x07\0\0\0\0\x7a\x5b\0\0\0\0\0\x07\0\0\0\
\0\x88\x5b\0\0\0\0\0\x07\0\0\0\0\x9c\x44\0\0\0\0\0\x07\0\0\0\0\x8e\x5b\0\0\0\0\
\0\x07\0\0\0\0\x9b\x5b\0\0\0\0\0\x07\0\0\0\0\x0c\x17\0\0\0\0\0\x07\0\0\0\0\x1a\
\x22\0\0\0\0\0\x07\0\0\0\0\xab\x5b\0\0\0\0\0\x07\0\0\0\0\xc2\x02\0\0\0\0\0\x07\
\0\0\0\0\xc0\x5b\0\0\0\0\0\x07\0\0\0\0\xd3\x5b\0\0\0\0\0\x07\0\0\0\0\xdf\x5b\0\
\0\0\0\0\x07\0\0\0\0\xee\x5b\0\0\0\0\0\x07\0\0\0\0\x8e\x0f\0\0\0\0\0\x07\0\0\0\
\0\xf9\x5b\0\0\0\0\0\x07\0\0\0\0\x6f\x09\0\0\0\0\0\x07\0\0\0\0\x14\x2a\0\0\0\0\
\0\x07\0\0\0\0\x04\x5c\0\0\0\0\0\x07\0\0\0\0\x0f\x5c\0\0\0\0\0\x07\0\0\0\0\x30\
\x57\0\0\0\0\0\x07\0\0\0\0\x18\x5c\0\0\0\0\0\x07\0\0\0\0\x24\x5c\0\0\0\0\0\x07\
\0\0\0\0\x36\x5c\0\0\0\0\0\x07\0\0\0\0\x3e\x5c\0\0\0\0\0\x07\0\0\0\0\x56\x5c\0\
\0\0\0\0\x07\0\0\0\0\x60\x5c\0\0\0\0\0\x07\0\0\0\0\x6d\x5c\0\0\0\0\0\x07\0\0\0\
\0\x20\x2e\0\0\0\0\0\x07\0\0\0\0\x79\x5c\0\0\0\0\0\x07\0\0\0\0\x1c\x2a\0\0\0\0\
\0\x07\0\0\0\0\x87\x5c\0\0\0\0\0\x07\0\0\0\0\x35\x46\0\0\0\0\0\x07\0\0\0\0\x43\
\x43\0\0\0\0\0\x07\0\0\0\0\x92\x5c\0\0\0\0\0\x07\0\0\0\0\x9f\x5c\0\0\0\0\0\x07\
\0\0\0\0\x83\x46\0\0\0\0\0\x07\0\0\0\0\x18\x27\0\0\0\0\0\x07\0\0\0\0\xba\x5c\0\
\0\0\0\0\x07\0\0\0\0\xca\x5c\0\0\0\0\0\x07\0\0\0\0\xd4\x5c\0\0\0\0\0\x07\0\0\0\
\0\xe4\x5c\0\0\0\0\0\x07\0\0\0\0\xf2\x5c\0\0\0\0\0\x07\0\0\0\0\xfa\x5c\0\0\0\0\
\0\x07\0\0\0\0\x03\x5d\0\0\0\0\0\x07\0\0\0\0\x12\x5d\0\0\0\0\0\x07\0\0\0\0\x24\
\x5d\0\0\0\0\0\x07\0\0\0\0\x33\x5d\0\0\0\0\0\x07\0\0\0\0\x3d\x14\0\0\0\0\0\x07\
\0\0\0\0\x3a\x5d\0\0\0\0\0\x07\0\0\0\0\xcb\x1b\0\0\0\0\0\x07\0\0\0\0\x48\x5d\0\
\0\0\0\0\x07\0\0\0\0\x56\x5d\0\0\0\0\0\x07\0\0\0\0\x60\x5d\0\0\0\0\0\x07\0\0\0\
\0\x11\x1c\0\0\0\0\0\x07\0\0\0\0\x6d\x5d\0\0\0\0\0\x07\0\0\0\0\x7b\x5d\0\0\0\0\
\0\x07\0\0\0\0\x79\x1c\0\0\0\0\0\x07\0\0\0\0\x8a\x5d\0\0\0\0\0\x07\0\0\0\0\x1b\
\x1d\0\0\0\0\0\x07\0\0\0\0\x9a\x5d\0\0\0\0\0\x07\0\0\0\0\x48\x1d\0\0\0\0\0\x07\
\0\0\0\0\x37\x1d\0\0\0\0\0\x07\0\0\0\0\xa8\x5d\0\0\0\0\0\x07\0\0\0\0\x29\x1d\0\
\0\0\0\0\x07\0\0\0\0\x53\x1d\0\0\0\0\0\x07\0\0\0\0\xb1\x5d\0\0\0\0\0\x07\0\0\0\
\0\xc0\x5d\0\0\0\0\0\x07\0\0\0\0\xd1\x5d\0\0\0\0\0\x07\0\0\0\0\xe9\x5d\0\0\0\0\
\0\x07\0\0\0\0\x19\x2c\0\0\0\0\0\x07\0\0\0\0\xf8\x5d\0\0\0\0\0\x07\0\0\0\0\x09\
\x5e\0\0\0\0\0\x07\0\0\0\0\x15\x5e\0\0\0\0\0\x07\0\0\0\0\x2c\x5e\0\0\0\0\0\x07\
\0\0\0\0\x3c\x5e\0\0\0\0\0\x07\0\0\0\0\x4e\x5e\0\0\0\0\0\x07\0\0\0\0\x63\x5e\0\
\0\0\0\0\x07\0\0\0\0\x70\x5e\0\0\0\0\0\x07\0\0\0\0\x9f\x1e\0\0\0\0\0\x07\0\0\0\
\0\x7c\x5e\0\0\0\0\0\x07\0\0\0\0\x8d\x5e\0\0\0\0\0\x07\0\0\0\0\x99\x5e\0\0\0\0\
\0\x07\0\0\0\0\x87\x03\0\0\0\0\0\x07\0\0\0\0\xa3\x5e\0\0\0\0\0\x07\0\0\0\0\0\
\x69\x6e\x74\0\x5f\x5f\x41\x52\x52\x41\x59\x5f\x53\x49\x5a\x45\x5f\x54\x59\x50\
\x45\x5f\x5f\0\x74\x79\x70\x65\0\x6d\x61\x78\x5f\x65\x6e\x74\x72\x69\x65\x73\0\
\x72\x62\0\x63\x72\x6f\x73\x5f\x66\x6c\x6f\x77\x5f\x6d\x61\x70\x5f\x6b\x65\x79\
\0\x66\x69\x76\x65\x5f\x74\x75\x70\x6c\x65\0\x73\x6f\x63\x6b\0\x63\x72\x6f\x73\
\x5f\x6e\x65\x74\x77\x6f\x72\x6b\x5f\x35\x5f\x74\x75\x70\x6c\x65\0\x66\x61\x6d\
\x69\x6c\x79\0\x70\x72\x6f\x74\x6f\x63\x6f\x6c\0\x73\x6f\x75\x72\x63\x65\x5f\
\x61\x64\x64\x72\0\x73\x6f\x75\x72\x63\x65\x5f\x70\x6f\x72\x74\0\x64\x65\x73\
\x74\x5f\x61\x64\x64\x72\0\x64\x65\x73\x74\x5f\x70\x6f\x72\x74\0\x63\x72\x6f\
\x73\x5f\x6e\x65\x74\x77\x6f\x72\x6b\x5f\x66\x61\x6d\x69\x6c\x79\0\x43\x52\x4f\
\x53\x5f\x46\x41\x4d\x49\x4c\x59\x5f\x41\x46\x5f\x49\x4e\x45\x54\0\x43\x52\x4f\
\x53\x5f\x46\x41\x4d\x49\x4c\x59\x5f\x41\x46\x5f\x49\x4e\x45\x54\x36\0\x63\x72\
\x6f\x73\x5f\x6e\x65\x74\x77\x6f\x72\x6b\x5f\x70\x72\x6f\x74\x6f\x63\x6f\x6c\0\
\x43\x52\x4f\x53\x5f\x50\x52\x4f\x54\x4f\x43\x4f\x4c\x5f\x54\x43\x50\0\x43\x52\
\x4f\x53\x5f\x50\x52\x4f\x54\x4f\x43\x4f\x4c\x5f\x55\x44\x50\0\x43\x52\x4f\x53\
\x5f\x50\x52\x4f\x54\x4f\x43\x4f\x4c\x5f\x49\x43\x4d\x50\0\x43\x52\x4f\x53\x5f\
\x50\x52\x4f\x54\x4f\x43\x4f\x4c\x5f\x49\x43\x4d\x50\x36\0\x43\x52\x4f\x53\x5f\
\x50\x52\x4f\x54\x4f\x43\x4f\x4c\x5f\x52\x41\x57\0\x43\x52\x4f\x53\x5f\x50\x52\
\x4f\x54\x4f\x43\x4f\x4c\x5f\x55\x4e\x4b\x4e\x4f\x57\x4e\0\x63\x72\x6f\x73\x5f\
\x69\x70\x5f\x61\x64\x64\x72\0\x61\x64\x64\x72\x34\0\x61\x64\x64\x72\x36\0\x75\
\x69\x6e\x74\x33\x32\x5f\x74\0\x75\x33\x32\0\x5f\x5f\x75\x33\x32\0\x75\x6e\x73\
\x69\x67\x6e\x65\x64\x20\x69\x6e\x74\0\x75\x69\x6e\x74\x38\x5f\x74\0\x75\x38\0\
\x5f\x5f\x75\x38\0\x75\x6e\x73\x69\x67\x6e\x65\x64\x20\x63\x68\x61\x72\0\x75\
\x69\x6e\x74\x31\x36\x5f\x74\0\x75\x31\x36\0\x5f\x5f\x75\x31\x36\0\x75\x6e\x73\
\x69\x67\x6e\x65\x64\x20\x73\x68\x6f\x72\x74\0\x75\x69\x6e\x74\x36\x34\x5f\x74\
\0\x75\x36\x34\0\x5f\x5f\x75\x36\x34\0\x75\x6e\x73\x69\x67\x6e\x65\x64\x20\x6c\
\x6f\x6e\x67\x20\x6c\x6f\x6e\x67\0\x63\x72\x6f\x73\x5f\x66\x6c\x6f\x77\x5f\x6d\
\x61\x70\x5f\x76\x61\x6c\x75\x65\0\x64\x69\x72\x65\x63\x74\x69\x6f\x6e\0\x74\
\x78\x5f\x62\x79\x74\x65\x73\0\x72\x78\x5f\x62\x79\x74\x65\x73\0\x67\x61\x72\
\x62\x61\x67\x65\x5f\x63\x6f\x6c\x6c\x65\x63\x74\x5f\x6d\x65\0\x63\x72\x6f\x73\
\x5f\x6e\x65\x74\x77\x6f\x72\x6b\x5f\x73\x6f\x63\x6b\x65\x74\x5f\x64\x69\x72\
\x65\x63\x74\x69\x6f\x6e\0\x43\x52\x4f\x53\x5f\x53\x4f\x43\x4b\x45\x54\x5f\x44\
\x49\x52\x45\x43\x54\x49\x4f\x4e\x5f\x49\x4e\0\x43\x52\x4f\x53\x5f\x53\x4f\x43\
\x4b\x45\x54\x5f\x44\x49\x52\x45\x43\x54\x49\x4f\x4e\x5f\x4f\x55\x54\0\x43\x52\
\x4f\x53\x5f\x53\x4f\x43\x4b\x45\x54\x5f\x44\x49\x52\x45\x43\x54\x49\x4f\x4e\
\x5f\x55\x4e\x4b\x4e\x4f\x57\x4e\0\x62\x6f\x6f\x6c\0\x5f\x42\x6f\x6f\x6c\0\x6b\
\x65\x79\0\x76\x61\x6c\x75\x65\0\x63\x72\x6f\x73\x5f\x6e\x65\x74\x77\x6f\x72\
\x6b\x5f\x66\x6c\x6f\x77\x5f\x6d\x61\x70\0\x5f\x5f\x73\x6b\x5f\x63\x6f\x6d\x6d\
\x6f\x6e\0\x73\x6b\x5f\x6c\x6f\x63\x6b\0\x73\x6b\x5f\x64\x72\x6f\x70\x73\0\x73\
\x6b\x5f\x72\x63\x76\x6c\x6f\x77\x61\x74\0\x73\x6b\x5f\x65\x72\x72\x6f\x72\x5f\
\x71\x75\x65\x75\x65\0\x73\x6b\x5f\x72\x78\x5f\x73\x6b\x62\x5f\x63\x61\x63\x68\
\x65\0\x73\x6b\x5f\x72\x65\x63\x65\x69\x76\x65\x5f\x71\x75\x65\x75\x65\0\x73\
\x6b\x5f\x62\x61\x63\x6b\x6c\x6f\x67\0\x73\x6b\x5f\x66\x6f\x72\x77\x61\x72\x64\
\x5f\x61\x6c\x6c\x6f\x63\0\x73\x6b\x5f\x6c\x6c\x5f\x75\x73\x65\x63\0\x73\x6b\
\x5f\x6e\x61\x70\x69\x5f\x69\x64\0\x73\x6b\x5f\x72\x63\x76\x62\x75\x66\0\x73\
\x6b\x5f\x77\x61\x69\x74\x5f\x70\x65\x6e\x64\x69\x6e\x67\0\x73\x6b\x5f\x66\x69\
\x6c\x74\x65\x72\0\x73\x6b\x5f\x70\x6f\x6c\x69\x63\x79\0\x73\x6b\x5f\x72\x78\
\x5f\x64\x73\x74\0\x73\x6b\x5f\x72\x78\x5f\x64\x73\x74\x5f\x69\x66\x69\x6e\x64\
\x65\x78\0\x73\x6b\x5f\x72\x78\x5f\x64\x73\x74\x5f\x63\x6f\x6f\x6b\x69\x65\0\
\x73\x6b\x5f\x64\x73\x74\x5f\x63\x61\x63\x68\x65\0\x73\x6b\x5f\x6f\x6d\x65\x6d\
\x5f\x61\x6c\x6c\x6f\x63\0\x73\x6b\x5f\x73\x6e\x64\x62\x75\x66\0\x73\x6b\x5f\
\x77\x6d\x65\x6d\x5f\x71\x75\x65\x75\x65\x64\0\x73\x6b\x5f\x77\x6d\x65\x6d\x5f\
\x61\x6c\x6c\x6f\x63\0\x73\x6b\x5f\x74\x73\x71\x5f\x66\x6c\x61\x67\x73\0\x73\
\x6b\x5f\x74\x78\x5f\x73\x6b\x62\x5f\x63\x61\x63\x68\x65\0\x73\x6b\x5f\x77\x72\
\x69\x74\x65\x5f\x71\x75\x65\x75\x65\0\x73\x6b\x5f\x70\x65\x65\x6b\x5f\x6f\x66\
\x66\0\x73\x6b\x5f\x77\x72\x69\x74\x65\x5f\x70\x65\x6e\x64\x69\x6e\x67\0\x73\
\x6b\x5f\x64\x73\x74\x5f\x70\x65\x6e\x64\x69\x6e\x67\x5f\x63\x6f\x6e\x66\x69\
\x72\x6d\0\x73\x6b\x5f\x70\x61\x63\x69\x6e\x67\x5f\x73\x74\x61\x74\x75\x73\0\
\x73\x6b\x5f\x73\x6e\x64\x74\x69\x6d\x65\x6f\0\x73\x6b\x5f\x74\x69\x6d\x65\x72\
\0\x73\x6b\x5f\x70\x72\x69\x6f\x72\x69\x74\x79\0\x73\x6b\x5f\x6d\x61\x72\x6b\0\
\x73\x6b\x5f\x70\x61\x63\x69\x6e\x67\x5f\x72\x61\x74\x65\0\x73\x6b\x5f\x6d\x61\
\x78\x5f\x70\x61\x63\x69\x6e\x67\x5f\x72\x61\x74\x65\0\x73\x6b\x5f\x66\x72\x61\
\x67\0\x73\x6b\x5f\x72\x6f\x75\x74\x65\x5f\x63\x61\x70\x73\0\x73\x6b\x5f\x72\
\x6f\x75\x74\x65\x5f\x6e\x6f\x63\x61\x70\x73\0\x73\x6b\x5f\x72\x6f\x75\x74\x65\
\x5f\x66\x6f\x72\x63\x65\x64\x5f\x63\x61\x70\x73\0\x73\x6b\x5f\x67\x73\x6f\x5f\
\x74\x79\x70\x65\0\x73\x6b\x5f\x67\x73\x6f\x5f\x6d\x61\x78\x5f\x73\x69\x7a\x65\
\0\x73\x6b\x5f\x61\x6c\x6c\x6f\x63\x61\x74\x69\x6f\x6e\0\x73\x6b\x5f\x74\x78\
\x68\x61\x73\x68\0\x73\x6b\x5f\x70\x61\x64\x64\x69\x6e\x67\0\x73\x6b\x5f\x6b\
\x65\x72\x6e\x5f\x73\x6f\x63\x6b\0\x73\x6b\x5f\x6e\x6f\x5f\x63\x68\x65\x63\x6b\
\x5f\x74\x78\0\x73\x6b\x5f\x6e\x6f\x5f\x63\x68\x65\x63\x6b\x5f\x72\x78\0\x73\
\x6b\x5f\x75\x73\x65\x72\x6c\x6f\x63\x6b\x73\0\x73\x6b\x5f\x70\x61\x63\x69\x6e\
\x67\x5f\x73\x68\x69\x66\x74\0\x73\x6b\x5f\x74\x79\x70\x65\0\x73\x6b\x5f\x70\
\x72\x6f\x74\x6f\x63\x6f\x6c\0\x73\x6b\x5f\x67\x73\x6f\x5f\x6d\x61\x78\x5f\x73\
\x65\x67\x73\0\x73\x6b\x5f\x6c\x69\x6e\x67\x65\x72\x74\x69\x6d\x65\0\x73\x6b\
\x5f\x70\x72\x6f\x74\x5f\x63\x72\x65\x61\x74\x6f\x72\0\x73\x6b\x5f\x63\x61\x6c\
\x6c\x62\x61\x63\x6b\x5f\x6c\x6f\x63\x6b\0\x73\x6b\x5f\x65\x72\x72\0\x73\x6b\
\x5f\x65\x72\x72\x5f\x73\x6f\x66\x74\0\x73\x6b\x5f\x61\x63\x6b\x5f\x62\x61\x63\
\x6b\x6c\x6f\x67\0\x73\x6b\x5f\x6d\x61\x78\x5f\x61\x63\x6b\x5f\x62\x61\x63\x6b\
\x6c\x6f\x67\0\x73\x6b\x5f\x75\x69\x64\0\x73\x6b\x5f\x70\x72\x65\x66\x65\x72\
\x5f\x62\x75\x73\x79\x5f\x70\x6f\x6c\x6c\0\x73\x6b\x5f\x62\x75\x73\x79\x5f\x70\
\x6f\x6c\x6c\x5f\x62\x75\x64\x67\x65\x74\0\x73\x6b\x5f\x70\x65\x65\x72\x5f\x6c\
\x6f\x63\x6b\0\x73\x6b\x5f\x70\x65\x65\x72\x5f\x70\x69\x64\0\x73\x6b\x5f\x70\
\x65\x65\x72\x5f\x63\x72\x65\x64\0\x73\x6b\x5f\x72\x63\x76\x74\x69\x6d\x65\x6f\
\0\x73\x6b\x5f\x73\x74\x61\x6d\x70\0\x73\x6b\x5f\x74\x73\x66\x6c\x61\x67\x73\0\
\x73\x6b\x5f\x62\x69\x6e\x64\x5f\x70\x68\x63\0\x73\x6b\x5f\x73\x68\x75\x74\x64\
\x6f\x77\x6e\0\x73\x6b\x5f\x74\x73\x6b\x65\x79\0\x73\x6b\x5f\x7a\x63\x6b\x65\
\x79\0\x73\x6b\x5f\x63\x6c\x6f\x63\x6b\x69\x64\0\x73\x6b\x5f\x74\x78\x74\x69\
\x6d\x65\x5f\x64\x65\x61\x64\x6c\x69\x6e\x65\x5f\x6d\x6f\x64\x65\0\x73\x6b\x5f\
\x74\x78\x74\x69\x6d\x65\x5f\x72\x65\x70\x6f\x72\x74\x5f\x65\x72\x72\x6f\x72\
\x73\0\x73\x6b\x5f\x74\x78\x74\x69\x6d\x65\x5f\x75\x6e\x75\x73\x65\x64\0\x73\
\x6b\x5f\x73\x6f\x63\x6b\x65\x74\0\x73\x6b\x5f\x75\x73\x65\x72\x5f\x64\x61\x74\
\x61\0\x73\x6b\x5f\x73\x65\x63\x75\x72\x69\x74\x79\0\x73\x6b\x5f\x63\x67\x72\
\x70\x5f\x64\x61\x74\x61\0\x73\x6b\x5f\x6d\x65\x6d\x63\x67\0\x73\x6b\x5f\x73\
\x74\x61\x74\x65\x5f\x63\x68\x61\x6e\x67\x65\0\x73\x6b\x5f\x64\x61\x74\x61\x5f\
\x72\x65\x61\x64\x79\0\x73\x6b\x5f\x77\x72\x69\x74\x65\x5f\x73\x70\x61\x63\x65\
\0\x73\x6b\x5f\x65\x72\x72\x6f\x72\x5f\x72\x65\x70\x6f\x72\x74\0\x73\x6b\x5f\
\x62\x61\x63\x6b\x6c\x6f\x67\x5f\x72\x63\x76\0\x73\x6b\x5f\x64\x65\x73\x74\x72\
\x75\x63\x74\0\x73\x6b\x5f\x72\x65\x75\x73\x65\x70\x6f\x72\x74\x5f\x63\x62\0\
\x73\x6b\x5f\x62\x70\x66\x5f\x73\x74\x6f\x72\x61\x67\x65\0\x73\x6b\x5f\x72\x63\
\x75\0\x73\x6f\x63\x6b\x5f\x63\x6f\x6d\x6d\x6f\x6e\0\x73\x6b\x63\x5f\x66\x61\
\x6d\x69\x6c\x79\0\x73\x6b\x63\x5f\x73\x74\x61\x74\x65\0\x73\x6b\x63\x5f\x72\
\x65\x75\x73\x65\0\x73\x6b\x63\x5f\x72\x65\x75\x73\x65\x70\x6f\x72\x74\0\x73\
\x6b\x63\x5f\x69\x70\x76\x36\x6f\x6e\x6c\x79\0\x73\x6b\x63\x5f\x6e\x65\x74\x5f\
\x72\x65\x66\x63\x6e\x74\0\x73\x6b\x63\x5f\x62\x6f\x75\x6e\x64\x5f\x64\x65\x76\
\x5f\x69\x66\0\x73\x6b\x63\x5f\x70\x72\x6f\x74\0\x73\x6b\x63\x5f\x6e\x65\x74\0\
\x73\x6b\x63\x5f\x76\x36\x5f\x64\x61\x64\x64\x72\0\x73\x6b\x63\x5f\x76\x36\x5f\
\x72\x63\x76\x5f\x73\x61\x64\x64\x72\0\x73\x6b\x63\x5f\x63\x6f\x6f\x6b\x69\x65\
\0\x73\x6b\x63\x5f\x64\x6f\x6e\x74\x63\x6f\x70\x79\x5f\x62\x65\x67\x69\x6e\0\
\x73\x6b\x63\x5f\x74\x78\x5f\x71\x75\x65\x75\x65\x5f\x6d\x61\x70\x70\x69\x6e\
\x67\0\x73\x6b\x63\x5f\x72\x78\x5f\x71\x75\x65\x75\x65\x5f\x6d\x61\x70\x70\x69\
\x6e\x67\0\x73\x6b\x63\x5f\x72\x65\x66\x63\x6e\x74\0\x73\x6b\x63\x5f\x64\x6f\
\x6e\x74\x63\x6f\x70\x79\x5f\x65\x6e\x64\0\x73\x6b\x63\x5f\x61\x64\x64\x72\x70\
\x61\x69\x72\0\x5f\x5f\x61\x64\x64\x72\x70\x61\x69\x72\0\x73\x6b\x63\x5f\x64\
\x61\x64\x64\x72\0\x73\x6b\x63\x5f\x72\x63\x76\x5f\x73\x61\x64\x64\x72\0\x5f\
\x5f\x62\x65\x33\x32\0\x73\x6b\x63\x5f\x68\x61\x73\x68\0\x73\x6b\x63\x5f\x75\
\x31\x36\x68\x61\x73\x68\x65\x73\0\x73\x6b\x63\x5f\x70\x6f\x72\x74\x70\x61\x69\
\x72\0\x5f\x5f\x70\x6f\x72\x74\x70\x61\x69\x72\0\x73\x6b\x63\x5f\x64\x70\x6f\
\x72\x74\0\x73\x6b\x63\x5f\x6e\x75\x6d\0\x5f\x5f\x62\x65\x31\x36\0\x73\x6b\x63\
\x5f\x62\x69\x6e\x64\x5f\x6e\x6f\x64\x65\0\x73\x6b\x63\x5f\x70\x6f\x72\x74\x61\
\x64\x64\x72\x5f\x6e\x6f\x64\x65\0\x68\x6c\x69\x73\x74\x5f\x6e\x6f\x64\x65\0\
\x6e\x65\x78\x74\0\x70\x70\x72\x65\x76\0\x70\x6f\x73\x73\x69\x62\x6c\x65\x5f\
\x6e\x65\x74\x5f\x74\0\x6e\x65\x74\0\x69\x6e\x36\x5f\x61\x64\x64\x72\0\x69\x6e\
\x36\x5f\x75\0\x75\x36\x5f\x61\x64\x64\x72\x38\0\x75\x36\x5f\x61\x64\x64\x72\
\x31\x36\0\x75\x36\x5f\x61\x64\x64\x72\x33\x32\0\x61\x74\x6f\x6d\x69\x63\x36\
\x34\x5f\x74\0\x63\x6f\x75\x6e\x74\x65\x72\0\x73\x36\x34\0\x5f\x5f\x73\x36\x34\
\0\x6c\x6f\x6e\x67\x20\x6c\x6f\x6e\x67\0\x73\x6b\x63\x5f\x66\x6c\x61\x67\x73\0\
\x73\x6b\x63\x5f\x6c\x69\x73\x74\x65\x6e\x65\x72\0\x73\x6b\x63\x5f\x74\x77\x5f\
\x64\x72\0\x75\x6e\x73\x69\x67\x6e\x65\x64\x20\x6c\x6f\x6e\x67\0\x73\x6b\x63\
\x5f\x6e\x6f\x64\x65\0\x73\x6b\x63\x5f\x6e\x75\x6c\x6c\x73\x5f\x6e\x6f\x64\x65\
\0\x68\x6c\x69\x73\x74\x5f\x6e\x75\x6c\x6c\x73\x5f\x6e\x6f\x64\x65\0\x73\x6b\
\x63\x5f\x69\x6e\x63\x6f\x6d\x69\x6e\x67\x5f\x63\x70\x75\0\x73\x6b\x63\x5f\x72\
\x63\x76\x5f\x77\x6e\x64\0\x73\x6b\x63\x5f\x74\x77\x5f\x72\x63\x76\x5f\x6e\x78\
\x74\0\x72\x65\x66\x63\x6f\x75\x6e\x74\x5f\x74\0\x72\x65\x66\x63\x6f\x75\x6e\
\x74\x5f\x73\x74\x72\x75\x63\x74\0\x72\x65\x66\x73\0\x61\x74\x6f\x6d\x69\x63\
\x5f\x74\0\x73\x6b\x63\x5f\x72\x78\x68\x61\x73\x68\0\x73\x6b\x63\x5f\x77\x69\
\x6e\x64\x6f\x77\x5f\x63\x6c\x61\x6d\x70\0\x73\x6b\x63\x5f\x74\x77\x5f\x73\x6e\
\x64\x5f\x6e\x78\x74\0\x73\x6f\x63\x6b\x65\x74\x5f\x6c\x6f\x63\x6b\x5f\x74\0\
\x73\x6c\x6f\x63\x6b\0\x6f\x77\x6e\x65\x64\0\x77\x71\0\x73\x70\x69\x6e\x6c\x6f\
\x63\x6b\x5f\x74\0\x73\x70\x69\x6e\x6c\x6f\x63\x6b\0\x72\x6c\x6f\x63\x6b\0\x72\
\x61\x77\x5f\x73\x70\x69\x6e\x6c\x6f\x63\x6b\0\x72\x61\x77\x5f\x6c\x6f\x63\x6b\
\0\x61\x72\x63\x68\x5f\x73\x70\x69\x6e\x6c\x6f\x63\x6b\x5f\x74\0\x71\x73\x70\
\x69\x6e\x6c\x6f\x63\x6b\0\x76\x61\x6c\0\x6c\x6f\x63\x6b\x65\x64\0\x70\x65\x6e\
\x64\x69\x6e\x67\0\x6c\x6f\x63\x6b\x65\x64\x5f\x70\x65\x6e\x64\x69\x6e\x67\0\
\x74\x61\x69\x6c\0\x77\x61\x69\x74\x5f\x71\x75\x65\x75\x65\x5f\x68\x65\x61\x64\
\x5f\x74\0\x77\x61\x69\x74\x5f\x71\x75\x65\x75\x65\x5f\x68\x65\x61\x64\0\x6c\
\x6f\x63\x6b\0\x68\x65\x61\x64\0\x6c\x69\x73\x74\x5f\x68\x65\x61\x64\0\x70\x72\
\x65\x76\0\x73\x6b\x5f\x62\x75\x66\x66\x5f\x68\x65\x61\x64\0\x71\x6c\x65\x6e\0\
\x72\x6d\x65\x6d\x5f\x61\x6c\x6c\x6f\x63\0\x6c\x65\x6e\0\x73\x6b\x5f\x77\x71\0\
\x73\x6b\x5f\x77\x71\x5f\x72\x61\x77\0\x78\x66\x72\x6d\x5f\x70\x6f\x6c\x69\x63\
\x79\0\x78\x70\x5f\x6e\x65\x74\0\x62\x79\x64\x73\x74\0\x62\x79\x69\x64\x78\0\
\x72\x65\x66\x63\x6e\x74\0\x70\x6f\x73\0\x74\x69\x6d\x65\x72\0\x67\x65\x6e\x69\
\x64\0\x70\x72\x69\x6f\x72\x69\x74\x79\0\x69\x6e\x64\x65\x78\0\x69\x66\x5f\x69\
\x64\0\x6d\x61\x72\x6b\0\x73\x65\x6c\x65\x63\x74\x6f\x72\0\x6c\x66\x74\0\x63\
\x75\x72\x6c\x66\x74\0\x77\x61\x6c\x6b\0\x70\x6f\x6c\x71\0\x62\x79\x64\x73\x74\
\x5f\x72\x65\x69\x6e\x73\x65\x72\x74\0\x61\x63\x74\x69\x6f\x6e\0\x66\x6c\x61\
\x67\x73\0\x78\x66\x72\x6d\x5f\x6e\x72\0\x73\x65\x63\x75\x72\x69\x74\x79\0\x78\
\x66\x72\x6d\x5f\x76\x65\x63\0\x62\x79\x64\x73\x74\x5f\x69\x6e\x65\x78\x61\x63\
\x74\x5f\x6c\x69\x73\x74\0\x72\x63\x75\0\x72\x77\x6c\x6f\x63\x6b\x5f\x74\0\x61\
\x72\x63\x68\x5f\x72\x77\x6c\x6f\x63\x6b\x5f\x74\0\x71\x72\x77\x6c\x6f\x63\x6b\
\0\x77\x61\x69\x74\x5f\x6c\x6f\x63\x6b\0\x63\x6e\x74\x73\0\x77\x6c\x6f\x63\x6b\
\x65\x64\0\x5f\x5f\x6c\x73\x74\x61\x74\x65\0\x74\x69\x6d\x65\x72\x5f\x6c\x69\
\x73\x74\0\x65\x6e\x74\x72\x79\0\x65\x78\x70\x69\x72\x65\x73\0\x66\x75\x6e\x63\
\x74\x69\x6f\x6e\0\x78\x66\x72\x6d\x5f\x6d\x61\x72\x6b\0\x76\0\x6d\0\x78\x66\
\x72\x6d\x5f\x73\x65\x6c\x65\x63\x74\x6f\x72\0\x64\x61\x64\x64\x72\0\x73\x61\
\x64\x64\x72\0\x64\x70\x6f\x72\x74\0\x64\x70\x6f\x72\x74\x5f\x6d\x61\x73\x6b\0\
\x73\x70\x6f\x72\x74\0\x73\x70\x6f\x72\x74\x5f\x6d\x61\x73\x6b\0\x70\x72\x65\
\x66\x69\x78\x6c\x65\x6e\x5f\x64\0\x70\x72\x65\x66\x69\x78\x6c\x65\x6e\x5f\x73\
\0\x70\x72\x6f\x74\x6f\0\x69\x66\x69\x6e\x64\x65\x78\0\x75\x73\x65\x72\0\x78\
\x66\x72\x6d\x5f\x61\x64\x64\x72\x65\x73\x73\x5f\x74\0\x61\x34\0\x61\x36\0\x69\
\x6e\x36\0\x5f\x5f\x6b\x65\x72\x6e\x65\x6c\x5f\x75\x69\x64\x33\x32\x5f\x74\0\
\x78\x66\x72\x6d\x5f\x6c\x69\x66\x65\x74\x69\x6d\x65\x5f\x63\x66\x67\0\x73\x6f\
\x66\x74\x5f\x62\x79\x74\x65\x5f\x6c\x69\x6d\x69\x74\0\x68\x61\x72\x64\x5f\x62\
\x79\x74\x65\x5f\x6c\x69\x6d\x69\x74\0\x73\x6f\x66\x74\x5f\x70\x61\x63\x6b\x65\
\x74\x5f\x6c\x69\x6d\x69\x74\0\x68\x61\x72\x64\x5f\x70\x61\x63\x6b\x65\x74\x5f\
\x6c\x69\x6d\x69\x74\0\x73\x6f\x66\x74\x5f\x61\x64\x64\x5f\x65\x78\x70\x69\x72\
\x65\x73\x5f\x73\x65\x63\x6f\x6e\x64\x73\0\x68\x61\x72\x64\x5f\x61\x64\x64\x5f\
\x65\x78\x70\x69\x72\x65\x73\x5f\x73\x65\x63\x6f\x6e\x64\x73\0\x73\x6f\x66\x74\
\x5f\x75\x73\x65\x5f\x65\x78\x70\x69\x72\x65\x73\x5f\x73\x65\x63\x6f\x6e\x64\
\x73\0\x68\x61\x72\x64\x5f\x75\x73\x65\x5f\x65\x78\x70\x69\x72\x65\x73\x5f\x73\
\x65\x63\x6f\x6e\x64\x73\0\x78\x66\x72\x6d\x5f\x6c\x69\x66\x65\x74\x69\x6d\x65\
\x5f\x63\x75\x72\0\x62\x79\x74\x65\x73\0\x70\x61\x63\x6b\x65\x74\x73\0\x61\x64\
\x64\x5f\x74\x69\x6d\x65\0\x75\x73\x65\x5f\x74\x69\x6d\x65\0\x78\x66\x72\x6d\
\x5f\x70\x6f\x6c\x69\x63\x79\x5f\x77\x61\x6c\x6b\x5f\x65\x6e\x74\x72\x79\0\x61\
\x6c\x6c\0\x64\x65\x61\x64\0\x78\x66\x72\x6d\x5f\x70\x6f\x6c\x69\x63\x79\x5f\
\x71\x75\x65\x75\x65\0\x68\x6f\x6c\x64\x5f\x71\x75\x65\x75\x65\0\x68\x6f\x6c\
\x64\x5f\x74\x69\x6d\x65\x72\0\x74\x69\x6d\x65\x6f\x75\x74\0\x78\x66\x72\x6d\
\x5f\x74\x6d\x70\x6c\0\x69\x64\0\x65\x6e\x63\x61\x70\x5f\x66\x61\x6d\x69\x6c\
\x79\0\x72\x65\x71\x69\x64\0\x6d\x6f\x64\x65\0\x73\x68\x61\x72\x65\0\x6f\x70\
\x74\x69\x6f\x6e\x61\x6c\0\x61\x6c\x6c\x61\x6c\x67\x73\0\x61\x61\x6c\x67\x6f\
\x73\0\x65\x61\x6c\x67\x6f\x73\0\x63\x61\x6c\x67\x6f\x73\0\x78\x66\x72\x6d\x5f\
\x69\x64\0\x73\x70\x69\0\x63\x61\x6c\x6c\x62\x61\x63\x6b\x5f\x68\x65\x61\x64\0\
\x66\x75\x6e\x63\0\x73\x6b\x5f\x73\x65\x6e\x64\x5f\x68\x65\x61\x64\0\x74\x63\
\x70\x5f\x72\x74\x78\x5f\x71\x75\x65\x75\x65\0\x72\x62\x5f\x72\x6f\x6f\x74\0\
\x72\x62\x5f\x6e\x6f\x64\x65\0\x5f\x5f\x73\x33\x32\0\x6c\x6f\x6e\x67\0\x70\x61\
\x67\x65\x5f\x66\x72\x61\x67\0\x70\x61\x67\x65\0\x6f\x66\x66\x73\x65\x74\0\x73\
\x69\x7a\x65\0\x6e\x65\x74\x64\x65\x76\x5f\x66\x65\x61\x74\x75\x72\x65\x73\x5f\
\x74\0\x67\x66\x70\x5f\x74\0\x6b\x75\x69\x64\x5f\x74\0\x75\x69\x64\x5f\x74\0\
\x6b\x74\x69\x6d\x65\x5f\x74\0\x73\x6f\x63\x6b\x5f\x63\x67\x72\x6f\x75\x70\x5f\
\x64\x61\x74\x61\0\x63\x67\x72\x6f\x75\x70\0\x63\x6c\x61\x73\x73\x69\x64\0\x6d\
\x65\x6d\x5f\x63\x67\x72\x6f\x75\x70\0\x73\x6b\x5f\x62\x75\x66\x66\0\x63\x62\0\
\x5f\x6e\x66\x63\x74\0\x64\x61\x74\x61\x5f\x6c\x65\x6e\0\x6d\x61\x63\x5f\x6c\
\x65\x6e\0\x68\x64\x72\x5f\x6c\x65\x6e\0\x71\x75\x65\x75\x65\x5f\x6d\x61\x70\
\x70\x69\x6e\x67\0\x5f\x5f\x63\x6c\x6f\x6e\x65\x64\x5f\x6f\x66\x66\x73\x65\x74\
\0\x63\x6c\x6f\x6e\x65\x64\0\x6e\x6f\x68\x64\x72\0\x66\x63\x6c\x6f\x6e\x65\0\
\x70\x65\x65\x6b\x65\x64\0\x68\x65\x61\x64\x5f\x66\x72\x61\x67\0\x70\x66\x6d\
\x65\x6d\x61\x6c\x6c\x6f\x63\0\x70\x70\x5f\x72\x65\x63\x79\x63\x6c\x65\0\x61\
\x63\x74\x69\x76\x65\x5f\x65\x78\x74\x65\x6e\x73\x69\x6f\x6e\x73\0\x68\x65\x61\
\x64\x65\x72\x73\x5f\x73\x74\x61\x72\x74\0\x5f\x5f\x70\x6b\x74\x5f\x74\x79\x70\
\x65\x5f\x6f\x66\x66\x73\x65\x74\0\x70\x6b\x74\x5f\x74\x79\x70\x65\0\x69\x67\
\x6e\x6f\x72\x65\x5f\x64\x66\0\x6e\x66\x5f\x74\x72\x61\x63\x65\0\x69\x70\x5f\
\x73\x75\x6d\x6d\x65\x64\0\x6f\x6f\x6f\x5f\x6f\x6b\x61\x79\0\x6c\x34\x5f\x68\
\x61\x73\x68\0\x73\x77\x5f\x68\x61\x73\x68\0\x77\x69\x66\x69\x5f\x61\x63\x6b\
\x65\x64\x5f\x76\x61\x6c\x69\x64\0\x77\x69\x66\x69\x5f\x61\x63\x6b\x65\x64\0\
\x6e\x6f\x5f\x66\x63\x73\0\x65\x6e\x63\x61\x70\x73\x75\x6c\x61\x74\x69\x6f\x6e\
\0\x65\x6e\x63\x61\x70\x5f\x68\x64\x72\x5f\x63\x73\x75\x6d\0\x63\x73\x75\x6d\
\x5f\x76\x61\x6c\x69\x64\0\x5f\x5f\x70\x6b\x74\x5f\x76\x6c\x61\x6e\x5f\x70\x72\
\x65\x73\x65\x6e\x74\x5f\x6f\x66\x66\x73\x65\x74\0\x76\x6c\x61\x6e\x5f\x70\x72\
\x65\x73\x65\x6e\x74\0\x63\x73\x75\x6d\x5f\x63\x6f\x6d\x70\x6c\x65\x74\x65\x5f\
\x73\x77\0\x63\x73\x75\x6d\x5f\x6c\x65\x76\x65\x6c\0\x63\x73\x75\x6d\x5f\x6e\
\x6f\x74\x5f\x69\x6e\x65\x74\0\x64\x73\x74\x5f\x70\x65\x6e\x64\x69\x6e\x67\x5f\
\x63\x6f\x6e\x66\x69\x72\x6d\0\x6e\x64\x69\x73\x63\x5f\x6e\x6f\x64\x65\x74\x79\
\x70\x65\0\x69\x70\x76\x73\x5f\x70\x72\x6f\x70\x65\x72\x74\x79\0\x69\x6e\x6e\
\x65\x72\x5f\x70\x72\x6f\x74\x6f\x63\x6f\x6c\x5f\x74\x79\x70\x65\0\x72\x65\x6d\
\x63\x73\x75\x6d\x5f\x6f\x66\x66\x6c\x6f\x61\x64\0\x74\x63\x5f\x73\x6b\x69\x70\
\x5f\x63\x6c\x61\x73\x73\x69\x66\x79\0\x74\x63\x5f\x61\x74\x5f\x69\x6e\x67\x72\
\x65\x73\x73\0\x72\x65\x64\x69\x72\x65\x63\x74\x65\x64\0\x73\x6c\x6f\x77\x5f\
\x67\x72\x6f\0\x73\x63\x6d\x5f\x69\x6f\x5f\x75\x72\x69\x6e\x67\0\x74\x63\x5f\
\x69\x6e\x64\x65\x78\0\x73\x6b\x62\x5f\x69\x69\x66\0\x68\x61\x73\x68\0\x76\x6c\
\x61\x6e\x5f\x70\x72\x6f\x74\x6f\0\x76\x6c\x61\x6e\x5f\x74\x63\x69\0\x73\x65\
\x63\x6d\x61\x72\x6b\0\x69\x6e\x6e\x65\x72\x5f\x74\x72\x61\x6e\x73\x70\x6f\x72\
\x74\x5f\x68\x65\x61\x64\x65\x72\0\x69\x6e\x6e\x65\x72\x5f\x6e\x65\x74\x77\x6f\
\x72\x6b\x5f\x68\x65\x61\x64\x65\x72\0\x69\x6e\x6e\x65\x72\x5f\x6d\x61\x63\x5f\
\x68\x65\x61\x64\x65\x72\0\x74\x72\x61\x6e\x73\x70\x6f\x72\x74\x5f\x68\x65\x61\
\x64\x65\x72\0\x6e\x65\x74\x77\x6f\x72\x6b\x5f\x68\x65\x61\x64\x65\x72\0\x6d\
\x61\x63\x5f\x68\x65\x61\x64\x65\x72\0\x68\x65\x61\x64\x65\x72\x73\x5f\x65\x6e\
\x64\0\x65\x6e\x64\0\x64\x61\x74\x61\0\x74\x72\x75\x65\x73\x69\x7a\x65\0\x75\
\x73\x65\x72\x73\0\x65\x78\x74\x65\x6e\x73\x69\x6f\x6e\x73\0\x72\x62\x6e\x6f\
\x64\x65\0\x6c\x69\x73\x74\0\x64\x65\x76\0\x64\x65\x76\x5f\x73\x63\x72\x61\x74\
\x63\x68\0\x5f\x5f\x72\x62\x5f\x70\x61\x72\x65\x6e\x74\x5f\x63\x6f\x6c\x6f\x72\
\0\x72\x62\x5f\x72\x69\x67\x68\x74\0\x72\x62\x5f\x6c\x65\x66\x74\0\x73\x6b\0\
\x69\x70\x5f\x64\x65\x66\x72\x61\x67\x5f\x6f\x66\x66\x73\x65\x74\0\x74\x73\x74\
\x61\x6d\x70\0\x73\x6b\x62\x5f\x6d\x73\x74\x61\x6d\x70\x5f\x6e\x73\0\x63\x68\
\x61\x72\0\x74\x63\x70\x5f\x74\x73\x6f\x72\x74\x65\x64\x5f\x61\x6e\x63\x68\x6f\
\x72\0\x5f\x73\x6b\x5f\x72\x65\x64\x69\x72\0\x5f\x73\x6b\x62\x5f\x72\x65\x66\
\x64\x73\x74\0\x64\x65\x73\x74\x72\x75\x63\x74\x6f\x72\0\x63\x73\x75\x6d\0\x5f\
\x5f\x77\x73\x75\x6d\0\x63\x73\x75\x6d\x5f\x73\x74\x61\x72\x74\0\x63\x73\x75\
\x6d\x5f\x6f\x66\x66\x73\x65\x74\0\x6e\x61\x70\x69\x5f\x69\x64\0\x73\x65\x6e\
\x64\x65\x72\x5f\x63\x70\x75\0\x72\x65\x73\x65\x72\x76\x65\x64\x5f\x74\x61\x69\
\x6c\x72\x6f\x6f\x6d\0\x69\x6e\x6e\x65\x72\x5f\x70\x72\x6f\x74\x6f\x63\x6f\x6c\
\0\x69\x6e\x6e\x65\x72\x5f\x69\x70\x70\x72\x6f\x74\x6f\0\x73\x6b\x5f\x62\x75\
\x66\x66\x5f\x64\x61\x74\x61\x5f\x74\0\x63\x72\x6f\x73\x5f\x74\x75\x70\x6c\x65\
\x5f\x6c\x69\x73\x74\0\x77\x72\x69\x74\x65\x5f\x69\x6e\x64\x65\x78\0\x63\x72\
\x6f\x73\x5f\x61\x6c\x6c\x6f\x63\x61\x74\x65\x64\x5f\x74\x75\x70\x6c\x65\x73\0\
\x63\x72\x6f\x73\x5f\x73\x6f\x63\x6b\x5f\x74\x6f\x5f\x70\x72\x6f\x63\x65\x73\
\x73\x5f\x6d\x61\x70\x5f\x76\x61\x6c\x75\x65\0\x63\x6f\x6d\x6d\x6f\x6e\0\x63\
\x72\x6f\x73\x5f\x6e\x65\x74\x77\x6f\x72\x6b\x5f\x63\x6f\x6d\x6d\x6f\x6e\0\x64\
\x65\x76\x5f\x69\x66\0\x70\x72\x6f\x63\x65\x73\x73\0\x63\x72\x6f\x73\x5f\x70\
\x72\x6f\x63\x65\x73\x73\x5f\x74\x61\x73\x6b\x5f\x69\x6e\x66\x6f\0\x70\x69\x64\
\0\x70\x70\x69\x64\0\x73\x74\x61\x72\x74\x5f\x74\x69\x6d\x65\0\x70\x61\x72\x65\
\x6e\x74\x5f\x73\x74\x61\x72\x74\x5f\x74\x69\x6d\x65\0\x63\x6f\x6d\x6d\x61\x6e\
\x64\x6c\x69\x6e\x65\0\x63\x6f\x6d\x6d\x61\x6e\x64\x6c\x69\x6e\x65\x5f\x6c\x65\
\x6e\0\x75\x69\x64\0\x67\x69\x64\0\x74\x69\x6d\x65\x5f\x6e\x73\x5f\x74\0\x70\
\x72\x6f\x63\x65\x73\x73\x5f\x6d\x61\x70\0\x6b\x65\x79\x5f\x73\x69\x7a\x65\0\
\x76\x61\x6c\x75\x65\x5f\x73\x69\x7a\x65\0\x68\x65\x61\x70\x5f\x63\x72\x6f\x73\
\x5f\x6e\x65\x74\x77\x6f\x72\x6b\x5f\x63\x6f\x6d\x6d\x6f\x6e\x5f\x6d\x61\x70\0\
\x63\x74\x78\0\x63\x72\x6f\x73\x5f\x68\x61\x6e\x64\x6c\x65\x5f\x69\x6e\x65\x74\
\x5f\x6c\x69\x73\x74\x65\x6e\0\x72\x61\x77\x5f\x74\x72\x61\x63\x65\x70\x6f\x69\
\x6e\x74\x2f\x63\x72\x6f\x73\x5f\x69\x6e\x65\x74\x5f\x6c\x69\x73\x74\x65\x6e\
\x5f\x65\x78\x69\x74\0\x2f\x62\x75\x69\x6c\x64\x2f\x61\x6d\x64\x36\x34\x2d\x67\
\x65\x6e\x65\x72\x69\x63\x2f\x76\x61\x72\x2f\x63\x61\x63\x68\x65\x2f\x70\x6f\
\x72\x74\x61\x67\x65\x2f\x63\x68\x72\x6f\x6d\x65\x6f\x73\x2d\x62\x61\x73\x65\
\x2f\x73\x65\x63\x61\x67\x65\x6e\x74\x64\x2f\x6f\x75\x74\x2f\x44\x65\x66\x61\
\x75\x6c\x74\x2f\x2e\x2e\x2f\x2e\x2e\x2f\x2e\x2e\x2f\x2e\x2e\x2f\x2e\x2e\x2f\
\x2e\x2e\x2f\x2e\x2e\x2f\x74\x6d\x70\x2f\x70\x6f\x72\x74\x61\x67\x65\x2f\x63\
\x68\x72\x6f\x6d\x65\x6f\x73\x2d\x62\x61\x73\x65\x2f\x73\x65\x63\x61\x67\x65\
\x6e\x74\x64\x2d\x39\x39\x39\x39\x2f\x77\x6f\x72\x6b\x2f\x73\x65\x63\x61\x67\
\x65\x6e\x74\x64\x2d\x39\x39\x39\x39\x2f\x70\x6c\x61\x74\x66\x6f\x72\x6d\x32\
\x2f\x73\x65\x63\x61\x67\x65\x6e\x74\x64\x2f\x62\x70\x66\x2f\x6e\x65\x74\x77\
\x6f\x72\x6b\x5f\x62\x70\x66\x2e\x63\0\x69\x6e\x74\x20\x42\x50\x46\x5f\x50\x52\
\x4f\x47\x28\x63\x72\x6f\x73\x5f\x68\x61\x6e\x64\x6c\x65\x5f\x69\x6e\x65\x74\
\x5f\x6c\x69\x73\x74\x65\x6e\x2c\0\x20\x20\x69\x66\x20\x28\x72\x76\x20\x21\x3d\
\x20\x30\x29\x20\x7b\0\x20\x20\x73\x74\x72\x75\x63\x74\x20\x74\x61\x73\x6b\x5f\
\x73\x74\x72\x75\x63\x74\x2a\x20\x74\x20\x3d\x20\x28\x73\x74\x72\x75\x63\x74\
\x20\x74\x61\x73\x6b\x5f\x73\x74\x72\x75\x63\x74\x2a\x29\x62\x70\x66\x5f\x67\
\x65\x74\x5f\x63\x75\x72\x72\x65\x6e\x74\x5f\x74\x61\x73\x6b\x28\x29\x3b\0\x74\
\x61\x73\x6b\x5f\x73\x74\x72\x75\x63\x74\0\x74\x68\x72\x65\x61\x64\x5f\x69\x6e\
\x66\x6f\0\x5f\x5f\x73\x74\x61\x74\x65\0\x73\x74\x61\x63\x6b\0\x75\x73\x61\x67\
\x65\0\x70\x74\x72\x61\x63\x65\0\x6f\x6e\x5f\x63\x70\x75\0\x77\x61\x6b\x65\x5f\
\x65\x6e\x74\x72\x79\0\x63\x70\x75\0\x77\x61\x6b\x65\x65\x5f\x66\x6c\x69\x70\
\x73\0\x77\x61\x6b\x65\x65\x5f\x66\x6c\x69\x70\x5f\x64\x65\x63\x61\x79\x5f\x74\
\x73\0\x6c\x61\x73\x74\x5f\x77\x61\x6b\x65\x65\0\x72\x65\x63\x65\x6e\x74\x5f\
\x75\x73\x65\x64\x5f\x63\x70\x75\0\x77\x61\x6b\x65\x5f\x63\x70\x75\0\x6f\x6e\
\x5f\x72\x71\0\x70\x72\x69\x6f\0\x73\x74\x61\x74\x69\x63\x5f\x70\x72\x69\x6f\0\
\x6e\x6f\x72\x6d\x61\x6c\x5f\x70\x72\x69\x6f\0\x72\x74\x5f\x70\x72\x69\x6f\x72\
\x69\x74\x79\0\x73\x63\x68\x65\x64\x5f\x63\x6c\x61\x73\x73\0\x73\x65\0\x72\x74\
\0\x64\x6c\0\x63\x6f\x72\x65\x5f\x6e\x6f\x64\x65\0\x63\x6f\x72\x65\x5f\x63\x6f\
\x6f\x6b\x69\x65\0\x63\x6f\x72\x65\x5f\x6f\x63\x63\x75\x70\x61\x74\x69\x6f\x6e\
\0\x73\x63\x68\x65\x64\x5f\x74\x61\x73\x6b\x5f\x67\x72\x6f\x75\x70\0\x70\x72\
\x65\x65\x6d\x70\x74\x5f\x6e\x6f\x74\x69\x66\x69\x65\x72\x73\0\x62\x74\x72\x61\
\x63\x65\x5f\x73\x65\x71\0\x70\x6f\x6c\x69\x63\x79\0\x6e\x72\x5f\x63\x70\x75\
\x73\x5f\x61\x6c\x6c\x6f\x77\x65\x64\0\x63\x70\x75\x73\x5f\x70\x74\x72\0\x75\
\x73\x65\x72\x5f\x63\x70\x75\x73\x5f\x70\x74\x72\0\x63\x70\x75\x73\x5f\x6d\x61\
\x73\x6b\0\x6d\x69\x67\x72\x61\x74\x69\x6f\x6e\x5f\x70\x65\x6e\x64\x69\x6e\x67\
\0\x6d\x69\x67\x72\x61\x74\x69\x6f\x6e\x5f\x64\x69\x73\x61\x62\x6c\x65\x64\0\
\x6d\x69\x67\x72\x61\x74\x69\x6f\x6e\x5f\x66\x6c\x61\x67\x73\0\x72\x63\x75\x5f\
\x72\x65\x61\x64\x5f\x6c\x6f\x63\x6b\x5f\x6e\x65\x73\x74\x69\x6e\x67\0\x72\x63\
\x75\x5f\x72\x65\x61\x64\x5f\x75\x6e\x6c\x6f\x63\x6b\x5f\x73\x70\x65\x63\x69\
\x61\x6c\0\x72\x63\x75\x5f\x6e\x6f\x64\x65\x5f\x65\x6e\x74\x72\x79\0\x72\x63\
\x75\x5f\x62\x6c\x6f\x63\x6b\x65\x64\x5f\x6e\x6f\x64\x65\0\x72\x63\x75\x5f\x74\
\x61\x73\x6b\x73\x5f\x6e\x76\x63\x73\x77\0\x72\x63\x75\x5f\x74\x61\x73\x6b\x73\
\x5f\x68\x6f\x6c\x64\x6f\x75\x74\0\x72\x63\x75\x5f\x74\x61\x73\x6b\x73\x5f\x69\
\x64\x78\0\x72\x63\x75\x5f\x74\x61\x73\x6b\x73\x5f\x69\x64\x6c\x65\x5f\x63\x70\
\x75\0\x72\x63\x75\x5f\x74\x61\x73\x6b\x73\x5f\x68\x6f\x6c\x64\x6f\x75\x74\x5f\
\x6c\x69\x73\x74\0\x74\x72\x63\x5f\x72\x65\x61\x64\x65\x72\x5f\x6e\x65\x73\x74\
\x69\x6e\x67\0\x74\x72\x63\x5f\x69\x70\x69\x5f\x74\x6f\x5f\x63\x70\x75\0\x74\
\x72\x63\x5f\x72\x65\x61\x64\x65\x72\x5f\x73\x70\x65\x63\x69\x61\x6c\0\x74\x72\
\x63\x5f\x72\x65\x61\x64\x65\x72\x5f\x63\x68\x65\x63\x6b\x65\x64\0\x74\x72\x63\
\x5f\x68\x6f\x6c\x64\x6f\x75\x74\x5f\x6c\x69\x73\x74\0\x73\x63\x68\x65\x64\x5f\
\x69\x6e\x66\x6f\0\x74\x61\x73\x6b\x73\0\x70\x75\x73\x68\x61\x62\x6c\x65\x5f\
\x74\x61\x73\x6b\x73\0\x70\x75\x73\x68\x61\x62\x6c\x65\x5f\x64\x6c\x5f\x74\x61\
\x73\x6b\x73\0\x6d\x6d\0\x61\x63\x74\x69\x76\x65\x5f\x6d\x6d\0\x76\x6d\x61\x63\
\x61\x63\x68\x65\0\x72\x73\x73\x5f\x73\x74\x61\x74\0\x65\x78\x69\x74\x5f\x73\
\x74\x61\x74\x65\0\x65\x78\x69\x74\x5f\x63\x6f\x64\x65\0\x65\x78\x69\x74\x5f\
\x73\x69\x67\x6e\x61\x6c\0\x70\x64\x65\x61\x74\x68\x5f\x73\x69\x67\x6e\x61\x6c\
\0\x6a\x6f\x62\x63\x74\x6c\0\x70\x65\x72\x73\x6f\x6e\x61\x6c\x69\x74\x79\0\x73\
\x63\x68\x65\x64\x5f\x72\x65\x73\x65\x74\x5f\x6f\x6e\x5f\x66\x6f\x72\x6b\0\x73\
\x63\x68\x65\x64\x5f\x63\x6f\x6e\x74\x72\x69\x62\x75\x74\x65\x73\x5f\x74\x6f\
\x5f\x6c\x6f\x61\x64\0\x73\x63\x68\x65\x64\x5f\x6d\x69\x67\x72\x61\x74\x65\x64\
\0\x73\x63\x68\x65\x64\x5f\x70\x73\x69\x5f\x77\x61\x6b\x65\x5f\x72\x65\x71\x75\
\x65\x75\x65\0\x73\x63\x68\x65\x64\x5f\x72\x65\x6d\x6f\x74\x65\x5f\x77\x61\x6b\
\x65\x75\x70\0\x69\x6e\x5f\x65\x78\x65\x63\x76\x65\0\x69\x6e\x5f\x69\x6f\x77\
\x61\x69\x74\0\x72\x65\x73\x74\x6f\x72\x65\x5f\x73\x69\x67\x6d\x61\x73\x6b\0\
\x69\x6e\x5f\x6c\x72\x75\x5f\x66\x61\x75\x6c\x74\0\x6e\x6f\x5f\x63\x67\x72\x6f\
\x75\x70\x5f\x6d\x69\x67\x72\x61\x74\x69\x6f\x6e\0\x66\x72\x6f\x7a\x65\x6e\0\
\x75\x73\x65\x5f\x6d\x65\x6d\x64\x65\x6c\x61\x79\0\x69\x6e\x5f\x6d\x65\x6d\x73\
\x74\x61\x6c\x6c\0\x69\x6e\x5f\x65\x76\x65\x6e\x74\x66\x64\0\x61\x74\x6f\x6d\
\x69\x63\x5f\x66\x6c\x61\x67\x73\0\x72\x65\x73\x74\x61\x72\x74\x5f\x62\x6c\x6f\
\x63\x6b\0\x74\x67\x69\x64\0\x73\x74\x61\x63\x6b\x5f\x63\x61\x6e\x61\x72\x79\0\
\x72\x65\x61\x6c\x5f\x70\x61\x72\x65\x6e\x74\0\x70\x61\x72\x65\x6e\x74\0\x63\
\x68\x69\x6c\x64\x72\x65\x6e\0\x73\x69\x62\x6c\x69\x6e\x67\0\x67\x72\x6f\x75\
\x70\x5f\x6c\x65\x61\x64\x65\x72\0\x70\x74\x72\x61\x63\x65\x64\0\x70\x74\x72\
\x61\x63\x65\x5f\x65\x6e\x74\x72\x79\0\x74\x68\x72\x65\x61\x64\x5f\x70\x69\x64\
\0\x70\x69\x64\x5f\x6c\x69\x6e\x6b\x73\0\x74\x68\x72\x65\x61\x64\x5f\x67\x72\
\x6f\x75\x70\0\x74\x68\x72\x65\x61\x64\x5f\x6e\x6f\x64\x65\0\x76\x66\x6f\x72\
\x6b\x5f\x64\x6f\x6e\x65\0\x73\x65\x74\x5f\x63\x68\x69\x6c\x64\x5f\x74\x69\x64\
\0\x63\x6c\x65\x61\x72\x5f\x63\x68\x69\x6c\x64\x5f\x74\x69\x64\0\x70\x66\x5f\
\x69\x6f\x5f\x77\x6f\x72\x6b\x65\x72\0\x75\x74\x69\x6d\x65\0\x73\x74\x69\x6d\
\x65\0\x67\x74\x69\x6d\x65\0\x70\x72\x65\x76\x5f\x63\x70\x75\x74\x69\x6d\x65\0\
\x6e\x76\x63\x73\x77\0\x6e\x69\x76\x63\x73\x77\0\x73\x74\x61\x72\x74\x5f\x62\
\x6f\x6f\x74\x74\x69\x6d\x65\0\x6d\x69\x6e\x5f\x66\x6c\x74\0\x6d\x61\x6a\x5f\
\x66\x6c\x74\0\x70\x6f\x73\x69\x78\x5f\x63\x70\x75\x74\x69\x6d\x65\x72\x73\0\
\x70\x6f\x73\x69\x78\x5f\x63\x70\x75\x74\x69\x6d\x65\x72\x73\x5f\x77\x6f\x72\
\x6b\0\x70\x74\x72\x61\x63\x65\x72\x5f\x63\x72\x65\x64\0\x72\x65\x61\x6c\x5f\
\x63\x72\x65\x64\0\x63\x72\x65\x64\0\x63\x61\x63\x68\x65\x64\x5f\x72\x65\x71\
\x75\x65\x73\x74\x65\x64\x5f\x6b\x65\x79\0\x63\x6f\x6d\x6d\0\x6e\x61\x6d\x65\
\x69\x64\x61\x74\x61\0\x73\x79\x73\x76\x73\x65\x6d\0\x73\x79\x73\x76\x73\x68\
\x6d\0\x6c\x61\x73\x74\x5f\x73\x77\x69\x74\x63\x68\x5f\x63\x6f\x75\x6e\x74\0\
\x6c\x61\x73\x74\x5f\x73\x77\x69\x74\x63\x68\x5f\x74\x69\x6d\x65\0\x66\x73\0\
\x66\x69\x6c\x65\x73\0\x6e\x73\x70\x72\x6f\x78\x79\0\x73\x69\x67\x6e\x61\x6c\0\
\x73\x69\x67\x68\x61\x6e\x64\0\x62\x6c\x6f\x63\x6b\x65\x64\0\x72\x65\x61\x6c\
\x5f\x62\x6c\x6f\x63\x6b\x65\x64\0\x73\x61\x76\x65\x64\x5f\x73\x69\x67\x6d\x61\
\x73\x6b\0\x73\x61\x73\x5f\x73\x73\x5f\x73\x70\0\x73\x61\x73\x5f\x73\x73\x5f\
\x73\x69\x7a\x65\0\x73\x61\x73\x5f\x73\x73\x5f\x66\x6c\x61\x67\x73\0\x74\x61\
\x73\x6b\x5f\x77\x6f\x72\x6b\x73\0\x61\x75\x64\x69\x74\x5f\x63\x6f\x6e\x74\x65\
\x78\x74\0\x6c\x6f\x67\x69\x6e\x75\x69\x64\0\x73\x65\x73\x73\x69\x6f\x6e\x69\
\x64\0\x73\x65\x63\x63\x6f\x6d\x70\0\x73\x79\x73\x63\x61\x6c\x6c\x5f\x64\x69\
\x73\x70\x61\x74\x63\x68\0\x70\x61\x72\x65\x6e\x74\x5f\x65\x78\x65\x63\x5f\x69\
\x64\0\x73\x65\x6c\x66\x5f\x65\x78\x65\x63\x5f\x69\x64\0\x61\x6c\x6c\x6f\x63\
\x5f\x6c\x6f\x63\x6b\0\x70\x69\x5f\x6c\x6f\x63\x6b\0\x77\x61\x6b\x65\x5f\x71\0\
\x70\x69\x5f\x77\x61\x69\x74\x65\x72\x73\0\x70\x69\x5f\x74\x6f\x70\x5f\x74\x61\
\x73\x6b\0\x70\x69\x5f\x62\x6c\x6f\x63\x6b\x65\x64\x5f\x6f\x6e\0\x6a\x6f\x75\
\x72\x6e\x61\x6c\x5f\x69\x6e\x66\x6f\0\x62\x69\x6f\x5f\x6c\x69\x73\x74\0\x70\
\x6c\x75\x67\0\x72\x65\x63\x6c\x61\x69\x6d\x5f\x73\x74\x61\x74\x65\0\x62\x61\
\x63\x6b\x69\x6e\x67\x5f\x64\x65\x76\x5f\x69\x6e\x66\x6f\0\x69\x6f\x5f\x63\x6f\
\x6e\x74\x65\x78\x74\0\x63\x61\x70\x74\x75\x72\x65\x5f\x63\x6f\x6e\x74\x72\x6f\
\x6c\0\x70\x74\x72\x61\x63\x65\x5f\x6d\x65\x73\x73\x61\x67\x65\0\x6c\x61\x73\
\x74\x5f\x73\x69\x67\x69\x6e\x66\x6f\0\x69\x6f\x61\x63\0\x70\x73\x69\x5f\x66\
\x6c\x61\x67\x73\0\x61\x63\x63\x74\x5f\x72\x73\x73\x5f\x6d\x65\x6d\x31\0\x61\
\x63\x63\x74\x5f\x76\x6d\x5f\x6d\x65\x6d\x31\0\x61\x63\x63\x74\x5f\x74\x69\x6d\
\x65\x78\x70\x64\0\x6d\x65\x6d\x73\x5f\x61\x6c\x6c\x6f\x77\x65\x64\0\x6d\x65\
\x6d\x73\x5f\x61\x6c\x6c\x6f\x77\x65\x64\x5f\x73\x65\x71\0\x63\x70\x75\x73\x65\
\x74\x5f\x6d\x65\x6d\x5f\x73\x70\x72\x65\x61\x64\x5f\x72\x6f\x74\x6f\x72\0\x63\
\x70\x75\x73\x65\x74\x5f\x73\x6c\x61\x62\x5f\x73\x70\x72\x65\x61\x64\x5f\x72\
\x6f\x74\x6f\x72\0\x63\x67\x72\x6f\x75\x70\x73\0\x63\x67\x5f\x6c\x69\x73\x74\0\
\x72\x6f\x62\x75\x73\x74\x5f\x6c\x69\x73\x74\0\x63\x6f\x6d\x70\x61\x74\x5f\x72\
\x6f\x62\x75\x73\x74\x5f\x6c\x69\x73\x74\0\x70\x69\x5f\x73\x74\x61\x74\x65\x5f\
\x6c\x69\x73\x74\0\x70\x69\x5f\x73\x74\x61\x74\x65\x5f\x63\x61\x63\x68\x65\0\
\x66\x75\x74\x65\x78\x5f\x65\x78\x69\x74\x5f\x6d\x75\x74\x65\x78\0\x66\x75\x74\
\x65\x78\x5f\x73\x74\x61\x74\x65\0\x70\x65\x72\x66\x5f\x65\x76\x65\x6e\x74\x5f\
\x63\x74\x78\x70\0\x70\x65\x72\x66\x5f\x65\x76\x65\x6e\x74\x5f\x6d\x75\x74\x65\
\x78\0\x70\x65\x72\x66\x5f\x65\x76\x65\x6e\x74\x5f\x6c\x69\x73\x74\0\x72\x73\
\x65\x71\0\x72\x73\x65\x71\x5f\x73\x69\x67\0\x72\x73\x65\x71\x5f\x65\x76\x65\
\x6e\x74\x5f\x6d\x61\x73\x6b\0\x74\x6c\x62\x5f\x75\x62\x63\0\x73\x70\x6c\x69\
\x63\x65\x5f\x70\x69\x70\x65\0\x74\x61\x73\x6b\x5f\x66\x72\x61\x67\0\x6e\x72\
\x5f\x64\x69\x72\x74\x69\x65\x64\0\x6e\x72\x5f\x64\x69\x72\x74\x69\x65\x64\x5f\
\x70\x61\x75\x73\x65\0\x64\x69\x72\x74\x79\x5f\x70\x61\x75\x73\x65\x64\x5f\x77\
\x68\x65\x6e\0\x74\x69\x6d\x65\x72\x5f\x73\x6c\x61\x63\x6b\x5f\x6e\x73\0\x64\
\x65\x66\x61\x75\x6c\x74\x5f\x74\x69\x6d\x65\x72\x5f\x73\x6c\x61\x63\x6b\x5f\
\x6e\x73\0\x63\x75\x72\x72\x5f\x72\x65\x74\x5f\x73\x74\x61\x63\x6b\0\x63\x75\
\x72\x72\x5f\x72\x65\x74\x5f\x64\x65\x70\x74\x68\0\x72\x65\x74\x5f\x73\x74\x61\
\x63\x6b\0\x66\x74\x72\x61\x63\x65\x5f\x74\x69\x6d\x65\x73\x74\x61\x6d\x70\0\
\x74\x72\x61\x63\x65\x5f\x6f\x76\x65\x72\x72\x75\x6e\0\x74\x72\x61\x63\x69\x6e\
\x67\x5f\x67\x72\x61\x70\x68\x5f\x70\x61\x75\x73\x65\0\x74\x72\x61\x63\x65\0\
\x74\x72\x61\x63\x65\x5f\x72\x65\x63\x75\x72\x73\x69\x6f\x6e\0\x74\x68\x72\x6f\
\x74\x74\x6c\x65\x5f\x71\x75\x65\x75\x65\0\x75\x74\x61\x73\x6b\0\x6b\x6d\x61\
\x70\x5f\x63\x74\x72\x6c\0\x70\x61\x67\x65\x66\x61\x75\x6c\x74\x5f\x64\x69\x73\
\x61\x62\x6c\x65\x64\0\x6f\x6f\x6d\x5f\x72\x65\x61\x70\x65\x72\x5f\x6c\x69\x73\
\x74\0\x6f\x6f\x6d\x5f\x72\x65\x61\x70\x65\x72\x5f\x74\x69\x6d\x65\x72\0\x73\
\x74\x61\x63\x6b\x5f\x76\x6d\x5f\x61\x72\x65\x61\0\x73\x74\x61\x63\x6b\x5f\x72\
\x65\x66\x63\x6f\x75\x6e\x74\0\x62\x70\x66\x5f\x73\x74\x6f\x72\x61\x67\x65\0\
\x62\x70\x66\x5f\x63\x74\x78\0\x6d\x63\x65\x5f\x76\x61\x64\x64\x72\0\x6d\x63\
\x65\x5f\x6b\x66\x6c\x61\x67\x73\0\x6d\x63\x65\x5f\x61\x64\x64\x72\0\x6d\x63\
\x65\x5f\x72\x69\x70\x76\0\x6d\x63\x65\x5f\x77\x68\x6f\x6c\x65\x5f\x70\x61\x67\
\x65\0\x5f\x5f\x6d\x63\x65\x5f\x72\x65\x73\x65\x72\x76\x65\x64\0\x6d\x63\x65\
\x5f\x6b\x69\x6c\x6c\x5f\x6d\x65\0\x6d\x63\x65\x5f\x63\x6f\x75\x6e\x74\0\x6b\
\x72\x65\x74\x70\x72\x6f\x62\x65\x5f\x69\x6e\x73\x74\x61\x6e\x63\x65\x73\0\x6c\
\x31\x64\x5f\x66\x6c\x75\x73\x68\x5f\x6b\x69\x6c\x6c\0\x74\x68\x72\x65\x61\x64\
\0\x73\x79\x73\x63\x61\x6c\x6c\x5f\x77\x6f\x72\x6b\0\x73\x74\x61\x74\x75\x73\0\
\x6e\x72\x5f\x73\x79\x73\x63\x61\x6c\x6c\x73\0\x73\x79\x73\x5f\x63\x61\x6c\x6c\
\x5f\x74\x61\x62\x6c\x65\0\x69\x61\x33\x32\x5f\x6e\x72\x5f\x73\x79\x73\x63\x61\
\x6c\x6c\x73\0\x69\x61\x33\x32\x5f\x73\x79\x73\x5f\x63\x61\x6c\x6c\x5f\x74\x61\
\x62\x6c\x65\0\x74\x69\x5f\x73\x79\x73\x5f\x63\x61\x6c\x6c\x5f\x70\x74\x72\x5f\
\x74\0\x70\x74\x5f\x72\x65\x67\x73\0\x72\x31\x35\0\x72\x31\x34\0\x72\x31\x33\0\
\x72\x31\x32\0\x62\x70\0\x62\x78\0\x72\x31\x31\0\x72\x31\x30\0\x72\x39\0\x72\
\x38\0\x61\x78\0\x63\x78\0\x64\x78\0\x73\x69\0\x64\x69\0\x6f\x72\x69\x67\x5f\
\x61\x78\0\x69\x70\0\x63\x73\0\x73\x70\0\x73\x73\0\x5f\x5f\x63\x61\x6c\x6c\x5f\
\x73\x69\x6e\x67\x6c\x65\x5f\x6e\x6f\x64\x65\0\x6c\x6c\x69\x73\x74\0\x73\x72\
\x63\0\x64\x73\x74\0\x6c\x6c\x69\x73\x74\x5f\x6e\x6f\x64\x65\0\x75\x5f\x66\x6c\
\x61\x67\x73\0\x61\x5f\x66\x6c\x61\x67\x73\0\x73\x63\x68\x65\x64\x5f\x65\x6e\
\x74\x69\x74\x79\0\x6c\x6f\x61\x64\0\x72\x75\x6e\x5f\x6e\x6f\x64\x65\0\x67\x72\
\x6f\x75\x70\x5f\x6e\x6f\x64\x65\0\x65\x78\x65\x63\x5f\x73\x74\x61\x72\x74\0\
\x73\x75\x6d\x5f\x65\x78\x65\x63\x5f\x72\x75\x6e\x74\x69\x6d\x65\0\x76\x72\x75\
\x6e\x74\x69\x6d\x65\0\x70\x72\x65\x76\x5f\x73\x75\x6d\x5f\x65\x78\x65\x63\x5f\
\x72\x75\x6e\x74\x69\x6d\x65\0\x6e\x72\x5f\x6d\x69\x67\x72\x61\x74\x69\x6f\x6e\
\x73\0\x73\x74\x61\x74\x69\x73\x74\x69\x63\x73\0\x64\x65\x70\x74\x68\0\x63\x66\
\x73\x5f\x72\x71\0\x6d\x79\x5f\x71\0\x72\x75\x6e\x6e\x61\x62\x6c\x65\x5f\x77\
\x65\x69\x67\x68\x74\0\x61\x76\x67\0\x6c\x6f\x61\x64\x5f\x77\x65\x69\x67\x68\
\x74\0\x77\x65\x69\x67\x68\x74\0\x69\x6e\x76\x5f\x77\x65\x69\x67\x68\x74\0\x73\
\x63\x68\x65\x64\x5f\x73\x74\x61\x74\x69\x73\x74\x69\x63\x73\0\x77\x61\x69\x74\
\x5f\x73\x74\x61\x72\x74\0\x77\x61\x69\x74\x5f\x6d\x61\x78\0\x77\x61\x69\x74\
\x5f\x63\x6f\x75\x6e\x74\0\x77\x61\x69\x74\x5f\x73\x75\x6d\0\x69\x6f\x77\x61\
\x69\x74\x5f\x63\x6f\x75\x6e\x74\0\x69\x6f\x77\x61\x69\x74\x5f\x73\x75\x6d\0\
\x73\x6c\x65\x65\x70\x5f\x73\x74\x61\x72\x74\0\x73\x6c\x65\x65\x70\x5f\x6d\x61\
\x78\0\x73\x75\x6d\x5f\x73\x6c\x65\x65\x70\x5f\x72\x75\x6e\x74\x69\x6d\x65\0\
\x62\x6c\x6f\x63\x6b\x5f\x73\x74\x61\x72\x74\0\x62\x6c\x6f\x63\x6b\x5f\x6d\x61\
\x78\0\x65\x78\x65\x63\x5f\x6d\x61\x78\0\x73\x6c\x69\x63\x65\x5f\x6d\x61\x78\0\
\x6e\x72\x5f\x6d\x69\x67\x72\x61\x74\x69\x6f\x6e\x73\x5f\x63\x6f\x6c\x64\0\x6e\
\x72\x5f\x66\x61\x69\x6c\x65\x64\x5f\x6d\x69\x67\x72\x61\x74\x69\x6f\x6e\x73\
\x5f\x61\x66\x66\x69\x6e\x65\0\x6e\x72\x5f\x66\x61\x69\x6c\x65\x64\x5f\x6d\x69\
\x67\x72\x61\x74\x69\x6f\x6e\x73\x5f\x72\x75\x6e\x6e\x69\x6e\x67\0\x6e\x72\x5f\
\x66\x61\x69\x6c\x65\x64\x5f\x6d\x69\x67\x72\x61\x74\x69\x6f\x6e\x73\x5f\x68\
\x6f\x74\0\x6e\x72\x5f\x66\x6f\x72\x63\x65\x64\x5f\x6d\x69\x67\x72\x61\x74\x69\
\x6f\x6e\x73\0\x6e\x72\x5f\x77\x61\x6b\x65\x75\x70\x73\0\x6e\x72\x5f\x77\x61\
\x6b\x65\x75\x70\x73\x5f\x73\x79\x6e\x63\0\x6e\x72\x5f\x77\x61\x6b\x65\x75\x70\
\x73\x5f\x6d\x69\x67\x72\x61\x74\x65\0\x6e\x72\x5f\x77\x61\x6b\x65\x75\x70\x73\
\x5f\x6c\x6f\x63\x61\x6c\0\x6e\x72\x5f\x77\x61\x6b\x65\x75\x70\x73\x5f\x72\x65\
\x6d\x6f\x74\x65\0\x6e\x72\x5f\x77\x61\x6b\x65\x75\x70\x73\x5f\x61\x66\x66\x69\
\x6e\x65\0\x6e\x72\x5f\x77\x61\x6b\x65\x75\x70\x73\x5f\x61\x66\x66\x69\x6e\x65\
\x5f\x61\x74\x74\x65\x6d\x70\x74\x73\0\x6e\x72\x5f\x77\x61\x6b\x65\x75\x70\x73\
\x5f\x70\x61\x73\x73\x69\x76\x65\0\x6e\x72\x5f\x77\x61\x6b\x65\x75\x70\x73\x5f\
\x69\x64\x6c\x65\0\x73\x63\x68\x65\x64\x5f\x61\x76\x67\0\x6c\x61\x73\x74\x5f\
\x75\x70\x64\x61\x74\x65\x5f\x74\x69\x6d\x65\0\x6c\x6f\x61\x64\x5f\x73\x75\x6d\
\0\x72\x75\x6e\x6e\x61\x62\x6c\x65\x5f\x73\x75\x6d\0\x75\x74\x69\x6c\x5f\x73\
\x75\x6d\0\x70\x65\x72\x69\x6f\x64\x5f\x63\x6f\x6e\x74\x72\x69\x62\0\x6c\x6f\
\x61\x64\x5f\x61\x76\x67\0\x72\x75\x6e\x6e\x61\x62\x6c\x65\x5f\x61\x76\x67\0\
\x75\x74\x69\x6c\x5f\x61\x76\x67\0\x75\x74\x69\x6c\x5f\x67\x75\x65\x73\x74\0\
\x75\x74\x69\x6c\x5f\x65\x73\x74\0\x65\x6e\x71\x75\x65\x75\x65\x64\0\x65\x77\
\x6d\x61\0\x73\x63\x68\x65\x64\x5f\x72\x74\x5f\x65\x6e\x74\x69\x74\x79\0\x72\
\x75\x6e\x5f\x6c\x69\x73\x74\0\x77\x61\x74\x63\x68\x64\x6f\x67\x5f\x73\x74\x61\
\x6d\x70\0\x74\x69\x6d\x65\x5f\x73\x6c\x69\x63\x65\0\x6f\x6e\x5f\x6c\x69\x73\
\x74\0\x62\x61\x63\x6b\0\x73\x63\x68\x65\x64\x5f\x64\x6c\x5f\x65\x6e\x74\x69\
\x74\x79\0\x64\x6c\x5f\x72\x75\x6e\x74\x69\x6d\x65\0\x64\x6c\x5f\x64\x65\x61\
\x64\x6c\x69\x6e\x65\0\x64\x6c\x5f\x70\x65\x72\x69\x6f\x64\0\x64\x6c\x5f\x62\
\x77\0\x64\x6c\x5f\x64\x65\x6e\x73\x69\x74\x79\0\x72\x75\x6e\x74\x69\x6d\x65\0\
\x64\x65\x61\x64\x6c\x69\x6e\x65\0\x64\x6c\x5f\x74\x68\x72\x6f\x74\x74\x6c\x65\
\x64\0\x64\x6c\x5f\x79\x69\x65\x6c\x64\x65\x64\0\x64\x6c\x5f\x6e\x6f\x6e\x5f\
\x63\x6f\x6e\x74\x65\x6e\x64\x69\x6e\x67\0\x64\x6c\x5f\x6f\x76\x65\x72\x72\x75\
\x6e\0\x64\x6c\x5f\x74\x69\x6d\x65\x72\0\x69\x6e\x61\x63\x74\x69\x76\x65\x5f\
\x74\x69\x6d\x65\x72\0\x70\x69\x5f\x73\x65\0\x68\x72\x74\x69\x6d\x65\x72\0\x6e\
\x6f\x64\x65\0\x5f\x73\x6f\x66\x74\x65\x78\x70\x69\x72\x65\x73\0\x62\x61\x73\
\x65\0\x73\x74\x61\x74\x65\0\x69\x73\x5f\x72\x65\x6c\0\x69\x73\x5f\x73\x6f\x66\
\x74\0\x69\x73\x5f\x68\x61\x72\x64\0\x74\x69\x6d\x65\x72\x71\x75\x65\x75\x65\
\x5f\x6e\x6f\x64\x65\0\x68\x72\x74\x69\x6d\x65\x72\x5f\x72\x65\x73\x74\x61\x72\
\x74\0\x48\x52\x54\x49\x4d\x45\x52\x5f\x4e\x4f\x52\x45\x53\x54\x41\x52\x54\0\
\x48\x52\x54\x49\x4d\x45\x52\x5f\x52\x45\x53\x54\x41\x52\x54\0\x68\x6c\x69\x73\
\x74\x5f\x68\x65\x61\x64\0\x66\x69\x72\x73\x74\0\x63\x70\x75\x6d\x61\x73\x6b\
\x5f\x74\0\x63\x70\x75\x6d\x61\x73\x6b\0\x62\x69\x74\x73\0\x72\x63\x75\x5f\x73\
\x70\x65\x63\x69\x61\x6c\0\x62\0\x73\0\x6e\x65\x65\x64\x5f\x71\x73\0\x65\x78\
\x70\x5f\x68\x69\x6e\x74\0\x6e\x65\x65\x64\x5f\x6d\x62\0\x70\x63\x6f\x75\x6e\
\x74\0\x72\x75\x6e\x5f\x64\x65\x6c\x61\x79\0\x6c\x61\x73\x74\x5f\x61\x72\x72\
\x69\x76\x61\x6c\0\x6c\x61\x73\x74\x5f\x71\x75\x65\x75\x65\x64\0\x70\x6c\x69\
\x73\x74\x5f\x6e\x6f\x64\x65\0\x70\x72\x69\x6f\x5f\x6c\x69\x73\x74\0\x6e\x6f\
\x64\x65\x5f\x6c\x69\x73\x74\0\x73\x65\x71\x6e\x75\x6d\0\x76\x6d\x61\x73\0\x76\
\x6d\x5f\x61\x72\x65\x61\x5f\x73\x74\x72\x75\x63\x74\0\x76\x6d\x5f\x73\x74\x61\
\x72\x74\0\x76\x6d\x5f\x65\x6e\x64\0\x76\x6d\x5f\x6e\x65\x78\x74\0\x76\x6d\x5f\
\x70\x72\x65\x76\0\x76\x6d\x5f\x72\x62\0\x72\x62\x5f\x73\x75\x62\x74\x72\x65\
\x65\x5f\x67\x61\x70\0\x76\x6d\x5f\x6d\x6d\0\x76\x6d\x5f\x70\x61\x67\x65\x5f\
\x70\x72\x6f\x74\0\x76\x6d\x5f\x66\x6c\x61\x67\x73\0\x61\x6e\x6f\x6e\x5f\x76\
\x6d\x61\x5f\x63\x68\x61\x69\x6e\0\x61\x6e\x6f\x6e\x5f\x76\x6d\x61\0\x76\x6d\
\x5f\x6f\x70\x73\0\x76\x6d\x5f\x70\x67\x6f\x66\x66\0\x76\x6d\x5f\x66\x69\x6c\
\x65\0\x76\x6d\x5f\x70\x72\x69\x76\x61\x74\x65\x5f\x64\x61\x74\x61\0\x73\x77\
\x61\x70\x5f\x72\x65\x61\x64\x61\x68\x65\x61\x64\x5f\x69\x6e\x66\x6f\0\x76\x6d\
\x5f\x75\x73\x65\x72\x66\x61\x75\x6c\x74\x66\x64\x5f\x63\x74\x78\0\x70\x67\x70\
\x72\x6f\x74\x5f\x74\0\x70\x67\x70\x72\x6f\x74\0\x70\x67\x70\x72\x6f\x74\x76\
\x61\x6c\x5f\x74\0\x73\x68\x61\x72\x65\x64\0\x61\x6e\x6f\x6e\x5f\x6e\x61\x6d\
\x65\0\x72\x62\x5f\x73\x75\x62\x74\x72\x65\x65\x5f\x6c\x61\x73\x74\0\x61\x74\
\x6f\x6d\x69\x63\x5f\x6c\x6f\x6e\x67\x5f\x74\0\x74\x61\x73\x6b\x5f\x72\x73\x73\
\x5f\x73\x74\x61\x74\0\x65\x76\x65\x6e\x74\x73\0\x63\x6f\x75\x6e\x74\0\x61\x72\
\x63\x68\x5f\x64\x61\x74\x61\0\x66\x6e\0\x66\x75\x74\x65\x78\0\x6e\x61\x6e\x6f\
\x73\x6c\x65\x65\x70\0\x70\x6f\x6c\x6c\0\x75\x61\x64\x64\x72\0\x62\x69\x74\x73\
\x65\x74\0\x74\x69\x6d\x65\0\x75\x61\x64\x64\x72\x32\0\x63\x6c\x6f\x63\x6b\x69\
\x64\0\x63\x6c\x6f\x63\x6b\x69\x64\x5f\x74\0\x5f\x5f\x6b\x65\x72\x6e\x65\x6c\
\x5f\x63\x6c\x6f\x63\x6b\x69\x64\x5f\x74\0\x74\x69\x6d\x65\x73\x70\x65\x63\x5f\
\x74\x79\x70\x65\0\x54\x54\x5f\x4e\x4f\x4e\x45\0\x54\x54\x5f\x4e\x41\x54\x49\
\x56\x45\0\x54\x54\x5f\x43\x4f\x4d\x50\x41\x54\0\x72\x6d\x74\x70\0\x63\x6f\x6d\
\x70\x61\x74\x5f\x72\x6d\x74\x70\0\x75\x66\x64\x73\0\x6e\x66\x64\x73\0\x68\x61\
\x73\x5f\x74\x69\x6d\x65\x6f\x75\x74\0\x74\x76\x5f\x73\x65\x63\0\x74\x76\x5f\
\x6e\x73\x65\x63\0\x70\x69\x64\x5f\x74\0\x5f\x5f\x6b\x65\x72\x6e\x65\x6c\x5f\
\x70\x69\x64\x5f\x74\0\x72\x61\x77\x5f\x73\x70\x69\x6e\x6c\x6f\x63\x6b\x5f\x74\
\0\x62\x61\x73\x65\x73\0\x74\x69\x6d\x65\x72\x73\x5f\x61\x63\x74\x69\x76\x65\0\
\x65\x78\x70\x69\x72\x79\x5f\x61\x63\x74\x69\x76\x65\0\x70\x6f\x73\x69\x78\x5f\
\x63\x70\x75\x74\x69\x6d\x65\x72\x5f\x62\x61\x73\x65\0\x6e\x65\x78\x74\x65\x76\
\x74\0\x74\x71\x68\x65\x61\x64\0\x74\x69\x6d\x65\x72\x71\x75\x65\x75\x65\x5f\
\x68\x65\x61\x64\0\x72\x62\x5f\x72\x6f\x6f\x74\x5f\x63\x61\x63\x68\x65\x64\0\
\x72\x62\x5f\x6c\x65\x66\x74\x6d\x6f\x73\x74\0\x77\x6f\x72\x6b\0\x73\x63\x68\
\x65\x64\x75\x6c\x65\x64\0\x73\x75\x62\x73\x63\x72\x69\x62\x65\x72\x73\0\x70\
\x75\x74\x5f\x61\x64\x64\x72\0\x6d\x61\x67\x69\x63\0\x73\x75\x69\x64\0\x73\x67\
\x69\x64\0\x65\x75\x69\x64\0\x65\x67\x69\x64\0\x66\x73\x75\x69\x64\0\x66\x73\
\x67\x69\x64\0\x73\x65\x63\x75\x72\x65\x62\x69\x74\x73\0\x63\x61\x70\x5f\x69\
\x6e\x68\x65\x72\x69\x74\x61\x62\x6c\x65\0\x63\x61\x70\x5f\x70\x65\x72\x6d\x69\
\x74\x74\x65\x64\0\x63\x61\x70\x5f\x65\x66\x66\x65\x63\x74\x69\x76\x65\0\x63\
\x61\x70\x5f\x62\x73\x65\x74\0\x63\x61\x70\x5f\x61\x6d\x62\x69\x65\x6e\x74\0\
\x6a\x69\x74\x5f\x6b\x65\x79\x72\x69\x6e\x67\0\x73\x65\x73\x73\x69\x6f\x6e\x5f\
\x6b\x65\x79\x72\x69\x6e\x67\0\x70\x72\x6f\x63\x65\x73\x73\x5f\x6b\x65\x79\x72\
\x69\x6e\x67\0\x74\x68\x72\x65\x61\x64\x5f\x6b\x65\x79\x72\x69\x6e\x67\0\x72\
\x65\x71\x75\x65\x73\x74\x5f\x6b\x65\x79\x5f\x61\x75\x74\x68\0\x75\x73\x65\x72\
\x5f\x6e\x73\0\x75\x63\x6f\x75\x6e\x74\x73\0\x67\x72\x6f\x75\x70\x5f\x69\x6e\
\x66\x6f\0\x6b\x67\x69\x64\x5f\x74\0\x67\x69\x64\x5f\x74\0\x5f\x5f\x6b\x65\x72\
\x6e\x65\x6c\x5f\x67\x69\x64\x33\x32\x5f\x74\0\x6b\x65\x72\x6e\x65\x6c\x5f\x63\
\x61\x70\x5f\x74\0\x6b\x65\x72\x6e\x65\x6c\x5f\x63\x61\x70\x5f\x73\x74\x72\x75\
\x63\x74\0\x63\x61\x70\0\x6e\x6f\x6e\x5f\x72\x63\x75\0\x73\x79\x73\x76\x5f\x73\
\x65\x6d\0\x75\x6e\x64\x6f\x5f\x6c\x69\x73\x74\0\x73\x79\x73\x76\x5f\x73\x68\
\x6d\0\x73\x68\x6d\x5f\x63\x6c\x69\x73\x74\0\x73\x69\x67\x73\x65\x74\x5f\x74\0\
\x73\x69\x67\0\x73\x69\x67\x70\x65\x6e\x64\x69\x6e\x67\0\x73\x69\x7a\x65\x5f\
\x74\0\x5f\x5f\x6b\x65\x72\x6e\x65\x6c\x5f\x73\x69\x7a\x65\x5f\x74\0\x5f\x5f\
\x6b\x65\x72\x6e\x65\x6c\x5f\x75\x6c\x6f\x6e\x67\x5f\x74\0\x66\x69\x6c\x74\x65\
\x72\x5f\x63\x6f\x75\x6e\x74\0\x66\x69\x6c\x74\x65\x72\0\x73\x79\x73\x63\x61\
\x6c\x6c\x5f\x75\x73\x65\x72\x5f\x64\x69\x73\x70\x61\x74\x63\x68\0\x6f\x6e\x5f\
\x64\x69\x73\x70\x61\x74\x63\x68\0\x77\x61\x6b\x65\x5f\x71\x5f\x6e\x6f\x64\x65\
\0\x6b\x65\x72\x6e\x65\x6c\x5f\x73\x69\x67\x69\x6e\x66\x6f\x5f\x74\0\x74\x61\
\x73\x6b\x5f\x69\x6f\x5f\x61\x63\x63\x6f\x75\x6e\x74\x69\x6e\x67\0\x72\x63\x68\
\x61\x72\0\x77\x63\x68\x61\x72\0\x73\x79\x73\x63\x72\0\x73\x79\x73\x63\x77\0\
\x73\x79\x73\x63\x66\x73\0\x72\x65\x61\x64\x5f\x62\x79\x74\x65\x73\0\x77\x72\
\x69\x74\x65\x5f\x62\x79\x74\x65\x73\0\x63\x61\x6e\x63\x65\x6c\x6c\x65\x64\x5f\
\x77\x72\x69\x74\x65\x5f\x62\x79\x74\x65\x73\0\x6e\x6f\x64\x65\x6d\x61\x73\x6b\
\x5f\x74\0\x73\x65\x71\x63\x6f\x75\x6e\x74\x5f\x73\x70\x69\x6e\x6c\x6f\x63\x6b\
\x5f\x74\0\x73\x65\x71\x63\x6f\x75\x6e\x74\x5f\x73\x70\x69\x6e\x6c\x6f\x63\x6b\
\0\x73\x65\x71\x63\x6f\x75\x6e\x74\0\x73\x65\x71\x63\x6f\x75\x6e\x74\x5f\x74\0\
\x73\x65\x71\x75\x65\x6e\x63\x65\0\x6d\x75\x74\x65\x78\0\x6f\x77\x6e\x65\x72\0\
\x6f\x73\x71\0\x77\x61\x69\x74\x5f\x6c\x69\x73\x74\0\x6f\x70\x74\x69\x6d\x69\
\x73\x74\x69\x63\x5f\x73\x70\x69\x6e\x5f\x71\x75\x65\x75\x65\0\x70\x65\x72\x66\
\x5f\x65\x76\x65\x6e\x74\x5f\x63\x6f\x6e\x74\x65\x78\x74\0\x70\x6d\x75\0\x61\
\x63\x74\x69\x76\x65\x5f\x63\x74\x78\x5f\x6c\x69\x73\x74\0\x70\x69\x6e\x6e\x65\
\x64\x5f\x67\x72\x6f\x75\x70\x73\0\x66\x6c\x65\x78\x69\x62\x6c\x65\x5f\x67\x72\
\x6f\x75\x70\x73\0\x65\x76\x65\x6e\x74\x5f\x6c\x69\x73\x74\0\x70\x69\x6e\x6e\
\x65\x64\x5f\x61\x63\x74\x69\x76\x65\0\x66\x6c\x65\x78\x69\x62\x6c\x65\x5f\x61\
\x63\x74\x69\x76\x65\0\x6e\x72\x5f\x65\x76\x65\x6e\x74\x73\0\x6e\x72\x5f\x61\
\x63\x74\x69\x76\x65\0\x69\x73\x5f\x61\x63\x74\x69\x76\x65\0\x6e\x72\x5f\x73\
\x74\x61\x74\0\x6e\x72\x5f\x66\x72\x65\x71\0\x72\x6f\x74\x61\x74\x65\x5f\x64\
\x69\x73\x61\x62\x6c\x65\0\x72\x6f\x74\x61\x74\x65\x5f\x6e\x65\x63\x65\x73\x73\
\x61\x72\x79\0\x72\x65\x66\x63\x6f\x75\x6e\x74\0\x74\x61\x73\x6b\0\x74\x69\x6d\
\x65\x73\x74\x61\x6d\x70\0\x74\x69\x6d\x65\x6f\x66\x66\x73\x65\x74\0\x70\x61\
\x72\x65\x6e\x74\x5f\x63\x74\x78\0\x70\x61\x72\x65\x6e\x74\x5f\x67\x65\x6e\0\
\x67\x65\x6e\x65\x72\x61\x74\x69\x6f\x6e\0\x70\x69\x6e\x5f\x63\x6f\x75\x6e\x74\
\0\x74\x61\x73\x6b\x5f\x63\x74\x78\x5f\x64\x61\x74\x61\0\x6e\x72\x5f\x70\x65\
\x6e\x64\x69\x6e\x67\0\x70\x65\x72\x66\x5f\x65\x76\x65\x6e\x74\x5f\x67\x72\x6f\
\x75\x70\x73\0\x74\x72\x65\x65\0\x6c\x6f\x63\x61\x6c\x5f\x74\0\x61\0\x74\x6c\
\x62\x66\x6c\x75\x73\x68\x5f\x75\x6e\x6d\x61\x70\x5f\x62\x61\x74\x63\x68\0\x61\
\x72\x63\x68\0\x66\x6c\x75\x73\x68\x5f\x72\x65\x71\x75\x69\x72\x65\x64\0\x77\
\x72\x69\x74\x61\x62\x6c\x65\0\x61\x72\x63\x68\x5f\x74\x6c\x62\x66\x6c\x75\x73\
\x68\x5f\x75\x6e\x6d\x61\x70\x5f\x62\x61\x74\x63\x68\0\x72\x63\x75\x5f\x75\x73\
\x65\x72\x73\0\x6c\x6c\x69\x73\x74\x5f\x68\x65\x61\x64\0\x74\x68\x72\x65\x61\
\x64\x5f\x73\x74\x72\x75\x63\x74\0\x74\x6c\x73\x5f\x61\x72\x72\x61\x79\0\x65\
\x73\0\x64\x73\0\x66\x73\x69\x6e\x64\x65\x78\0\x67\x73\x69\x6e\x64\x65\x78\0\
\x66\x73\x62\x61\x73\x65\0\x67\x73\x62\x61\x73\x65\0\x70\x74\x72\x61\x63\x65\
\x5f\x62\x70\x73\0\x76\x69\x72\x74\x75\x61\x6c\x5f\x64\x72\x36\0\x70\x74\x72\
\x61\x63\x65\x5f\x64\x72\x37\0\x63\x72\x32\0\x74\x72\x61\x70\x5f\x6e\x72\0\x65\
\x72\x72\x6f\x72\x5f\x63\x6f\x64\x65\0\x69\x6f\x5f\x62\x69\x74\x6d\x61\x70\0\
\x69\x6f\x70\x6c\x5f\x65\x6d\x75\x6c\0\x69\x6f\x70\x6c\x5f\x77\x61\x72\x6e\0\
\x73\x69\x67\x5f\x6f\x6e\x5f\x75\x61\x63\x63\x65\x73\x73\x5f\x65\x72\x72\0\x70\
\x6b\x72\x75\0\x66\x70\x75\0\x64\x65\x73\x63\x5f\x73\x74\x72\x75\x63\x74\0\x6c\
\x69\x6d\x69\x74\x30\0\x62\x61\x73\x65\x30\0\x62\x61\x73\x65\x31\0\x64\x70\x6c\
\0\x70\0\x6c\x69\x6d\x69\x74\x31\0\x61\x76\x6c\0\x6c\0\x64\0\x67\0\x62\x61\x73\
\x65\x32\0\x70\x65\x72\x66\x5f\x65\x76\x65\x6e\x74\0\x65\x76\x65\x6e\x74\x5f\
\x65\x6e\x74\x72\x79\0\x73\x69\x62\x6c\x69\x6e\x67\x5f\x6c\x69\x73\x74\0\x61\
\x63\x74\x69\x76\x65\x5f\x6c\x69\x73\x74\0\x67\x72\x6f\x75\x70\x5f\x69\x6e\x64\
\x65\x78\0\x6d\x69\x67\x72\x61\x74\x65\x5f\x65\x6e\x74\x72\x79\0\x68\x6c\x69\
\x73\x74\x5f\x65\x6e\x74\x72\x79\0\x61\x63\x74\x69\x76\x65\x5f\x65\x6e\x74\x72\
\x79\0\x6e\x72\x5f\x73\x69\x62\x6c\x69\x6e\x67\x73\0\x65\x76\x65\x6e\x74\x5f\
\x63\x61\x70\x73\0\x67\x72\x6f\x75\x70\x5f\x63\x61\x70\x73\0\x70\x6d\x75\x5f\
\x70\x72\x69\x76\x61\x74\x65\0\x61\x74\x74\x61\x63\x68\x5f\x73\x74\x61\x74\x65\
\0\x63\x68\x69\x6c\x64\x5f\x63\x6f\x75\x6e\x74\0\x74\x6f\x74\x61\x6c\x5f\x74\
\x69\x6d\x65\x5f\x65\x6e\x61\x62\x6c\x65\x64\0\x74\x6f\x74\x61\x6c\x5f\x74\x69\
\x6d\x65\x5f\x72\x75\x6e\x6e\x69\x6e\x67\0\x61\x74\x74\x72\0\x68\x65\x61\x64\
\x65\x72\x5f\x73\x69\x7a\x65\0\x69\x64\x5f\x68\x65\x61\x64\x65\x72\x5f\x73\x69\
\x7a\x65\0\x72\x65\x61\x64\x5f\x73\x69\x7a\x65\0\x68\x77\0\x63\x68\x69\x6c\x64\
\x5f\x74\x6f\x74\x61\x6c\x5f\x74\x69\x6d\x65\x5f\x65\x6e\x61\x62\x6c\x65\x64\0\
\x63\x68\x69\x6c\x64\x5f\x74\x6f\x74\x61\x6c\x5f\x74\x69\x6d\x65\x5f\x72\x75\
\x6e\x6e\x69\x6e\x67\0\x63\x68\x69\x6c\x64\x5f\x6d\x75\x74\x65\x78\0\x63\x68\
\x69\x6c\x64\x5f\x6c\x69\x73\x74\0\x6f\x6e\x63\x70\x75\0\x6f\x77\x6e\x65\x72\
\x5f\x65\x6e\x74\x72\x79\0\x6d\x6d\x61\x70\x5f\x6d\x75\x74\x65\x78\0\x6d\x6d\
\x61\x70\x5f\x63\x6f\x75\x6e\x74\0\x72\x62\x5f\x65\x6e\x74\x72\x79\0\x72\x63\
\x75\x5f\x62\x61\x74\x63\x68\x65\x73\0\x72\x63\x75\x5f\x70\x65\x6e\x64\x69\x6e\
\x67\0\x77\x61\x69\x74\x71\0\x66\x61\x73\x79\x6e\x63\0\x70\x65\x6e\x64\x69\x6e\
\x67\x5f\x77\x61\x6b\x65\x75\x70\0\x70\x65\x6e\x64\x69\x6e\x67\x5f\x6b\x69\x6c\
\x6c\0\x70\x65\x6e\x64\x69\x6e\x67\x5f\x64\x69\x73\x61\x62\x6c\x65\0\x70\x65\
\x6e\x64\x69\x6e\x67\x5f\x73\x69\x67\x74\x72\x61\x70\0\x70\x65\x6e\x64\x69\x6e\
\x67\x5f\x61\x64\x64\x72\0\x70\x65\x6e\x64\x69\x6e\x67\x5f\x69\x72\x71\0\x70\
\x65\x6e\x64\x69\x6e\x67\x5f\x74\x61\x73\x6b\0\x70\x65\x6e\x64\x69\x6e\x67\x5f\
\x77\x6f\x72\x6b\0\x65\x76\x65\x6e\x74\x5f\x6c\x69\x6d\x69\x74\0\x61\x64\x64\
\x72\x5f\x66\x69\x6c\x74\x65\x72\x73\0\x61\x64\x64\x72\x5f\x66\x69\x6c\x74\x65\
\x72\x5f\x72\x61\x6e\x67\x65\x73\0\x61\x64\x64\x72\x5f\x66\x69\x6c\x74\x65\x72\
\x73\x5f\x67\x65\x6e\0\x61\x75\x78\x5f\x65\x76\x65\x6e\x74\0\x64\x65\x73\x74\
\x72\x6f\x79\0\x6e\x73\0\x63\x6c\x6f\x63\x6b\0\x6f\x76\x65\x72\x66\x6c\x6f\x77\
\x5f\x68\x61\x6e\x64\x6c\x65\x72\0\x6f\x76\x65\x72\x66\x6c\x6f\x77\x5f\x68\x61\
\x6e\x64\x6c\x65\x72\x5f\x63\x6f\x6e\x74\x65\x78\x74\0\x6f\x72\x69\x67\x5f\x6f\
\x76\x65\x72\x66\x6c\x6f\x77\x5f\x68\x61\x6e\x64\x6c\x65\x72\0\x70\x72\x6f\x67\
\0\x62\x70\x66\x5f\x63\x6f\x6f\x6b\x69\x65\0\x74\x70\x5f\x65\x76\x65\x6e\x74\0\
\x66\x74\x72\x61\x63\x65\x5f\x6f\x70\x73\0\x73\x62\x5f\x6c\x69\x73\x74\0\x70\
\x65\x72\x66\x5f\x65\x76\x65\x6e\x74\x5f\x73\x74\x61\x74\x65\0\x50\x45\x52\x46\
\x5f\x45\x56\x45\x4e\x54\x5f\x53\x54\x41\x54\x45\x5f\x44\x45\x41\x44\0\x50\x45\
\x52\x46\x5f\x45\x56\x45\x4e\x54\x5f\x53\x54\x41\x54\x45\x5f\x45\x58\x49\x54\0\
\x50\x45\x52\x46\x5f\x45\x56\x45\x4e\x54\x5f\x53\x54\x41\x54\x45\x5f\x45\x52\
\x52\x4f\x52\0\x50\x45\x52\x46\x5f\x45\x56\x45\x4e\x54\x5f\x53\x54\x41\x54\x45\
\x5f\x4f\x46\x46\0\x50\x45\x52\x46\x5f\x45\x56\x45\x4e\x54\x5f\x53\x54\x41\x54\
\x45\x5f\x49\x4e\x41\x43\x54\x49\x56\x45\0\x50\x45\x52\x46\x5f\x45\x56\x45\x4e\
\x54\x5f\x53\x54\x41\x54\x45\x5f\x41\x43\x54\x49\x56\x45\0\x6c\x6f\x63\x61\x6c\
\x36\x34\x5f\x74\0\x70\x65\x72\x66\x5f\x65\x76\x65\x6e\x74\x5f\x61\x74\x74\x72\
\0\x63\x6f\x6e\x66\x69\x67\0\x73\x61\x6d\x70\x6c\x65\x5f\x74\x79\x70\x65\0\x72\
\x65\x61\x64\x5f\x66\x6f\x72\x6d\x61\x74\0\x64\x69\x73\x61\x62\x6c\x65\x64\0\
\x69\x6e\x68\x65\x72\x69\x74\0\x70\x69\x6e\x6e\x65\x64\0\x65\x78\x63\x6c\x75\
\x73\x69\x76\x65\0\x65\x78\x63\x6c\x75\x64\x65\x5f\x75\x73\x65\x72\0\x65\x78\
\x63\x6c\x75\x64\x65\x5f\x6b\x65\x72\x6e\x65\x6c\0\x65\x78\x63\x6c\x75\x64\x65\
\x5f\x68\x76\0\x65\x78\x63\x6c\x75\x64\x65\x5f\x69\x64\x6c\x65\0\x6d\x6d\x61\
\x70\0\x66\x72\x65\x71\0\x69\x6e\x68\x65\x72\x69\x74\x5f\x73\x74\x61\x74\0\x65\
\x6e\x61\x62\x6c\x65\x5f\x6f\x6e\x5f\x65\x78\x65\x63\0\x77\x61\x74\x65\x72\x6d\
\x61\x72\x6b\0\x70\x72\x65\x63\x69\x73\x65\x5f\x69\x70\0\x6d\x6d\x61\x70\x5f\
\x64\x61\x74\x61\0\x73\x61\x6d\x70\x6c\x65\x5f\x69\x64\x5f\x61\x6c\x6c\0\x65\
\x78\x63\x6c\x75\x64\x65\x5f\x68\x6f\x73\x74\0\x65\x78\x63\x6c\x75\x64\x65\x5f\
\x67\x75\x65\x73\x74\0\x65\x78\x63\x6c\x75\x64\x65\x5f\x63\x61\x6c\x6c\x63\x68\
\x61\x69\x6e\x5f\x6b\x65\x72\x6e\x65\x6c\0\x65\x78\x63\x6c\x75\x64\x65\x5f\x63\
\x61\x6c\x6c\x63\x68\x61\x69\x6e\x5f\x75\x73\x65\x72\0\x6d\x6d\x61\x70\x32\0\
\x63\x6f\x6d\x6d\x5f\x65\x78\x65\x63\0\x75\x73\x65\x5f\x63\x6c\x6f\x63\x6b\x69\
\x64\0\x63\x6f\x6e\x74\x65\x78\x74\x5f\x73\x77\x69\x74\x63\x68\0\x77\x72\x69\
\x74\x65\x5f\x62\x61\x63\x6b\x77\x61\x72\x64\0\x6e\x61\x6d\x65\x73\x70\x61\x63\
\x65\x73\0\x6b\x73\x79\x6d\x62\x6f\x6c\0\x62\x70\x66\x5f\x65\x76\x65\x6e\x74\0\
\x61\x75\x78\x5f\x6f\x75\x74\x70\x75\x74\0\x74\x65\x78\x74\x5f\x70\x6f\x6b\x65\
\0\x62\x75\x69\x6c\x64\x5f\x69\x64\0\x69\x6e\x68\x65\x72\x69\x74\x5f\x74\x68\
\x72\x65\x61\x64\0\x72\x65\x6d\x6f\x76\x65\x5f\x6f\x6e\x5f\x65\x78\x65\x63\0\
\x73\x69\x67\x74\x72\x61\x70\0\x5f\x5f\x72\x65\x73\x65\x72\x76\x65\x64\x5f\x31\
\0\x62\x70\x5f\x74\x79\x70\x65\0\x62\x72\x61\x6e\x63\x68\x5f\x73\x61\x6d\x70\
\x6c\x65\x5f\x74\x79\x70\x65\0\x73\x61\x6d\x70\x6c\x65\x5f\x72\x65\x67\x73\x5f\
\x75\x73\x65\x72\0\x73\x61\x6d\x70\x6c\x65\x5f\x73\x74\x61\x63\x6b\x5f\x75\x73\
\x65\x72\0\x73\x61\x6d\x70\x6c\x65\x5f\x72\x65\x67\x73\x5f\x69\x6e\x74\x72\0\
\x61\x75\x78\x5f\x77\x61\x74\x65\x72\x6d\x61\x72\x6b\0\x73\x61\x6d\x70\x6c\x65\
\x5f\x6d\x61\x78\x5f\x73\x74\x61\x63\x6b\0\x5f\x5f\x72\x65\x73\x65\x72\x76\x65\
\x64\x5f\x32\0\x61\x75\x78\x5f\x73\x61\x6d\x70\x6c\x65\x5f\x73\x69\x7a\x65\0\
\x5f\x5f\x72\x65\x73\x65\x72\x76\x65\x64\x5f\x33\0\x73\x69\x67\x5f\x64\x61\x74\
\x61\0\x73\x61\x6d\x70\x6c\x65\x5f\x70\x65\x72\x69\x6f\x64\0\x73\x61\x6d\x70\
\x6c\x65\x5f\x66\x72\x65\x71\0\x77\x61\x6b\x65\x75\x70\x5f\x65\x76\x65\x6e\x74\
\x73\0\x77\x61\x6b\x65\x75\x70\x5f\x77\x61\x74\x65\x72\x6d\x61\x72\x6b\0\x62\
\x70\x5f\x61\x64\x64\x72\0\x6b\x70\x72\x6f\x62\x65\x5f\x66\x75\x6e\x63\0\x75\
\x70\x72\x6f\x62\x65\x5f\x70\x61\x74\x68\0\x63\x6f\x6e\x66\x69\x67\x31\0\x62\
\x70\x5f\x6c\x65\x6e\0\x6b\x70\x72\x6f\x62\x65\x5f\x61\x64\x64\x72\0\x70\x72\
\x6f\x62\x65\x5f\x6f\x66\x66\x73\x65\x74\0\x63\x6f\x6e\x66\x69\x67\x32\0\x68\
\x77\x5f\x70\x65\x72\x66\x5f\x65\x76\x65\x6e\x74\0\x74\x61\x72\x67\x65\x74\0\
\x70\x72\x65\x76\x5f\x63\x6f\x75\x6e\x74\0\x69\x6e\x74\x65\x72\x72\x75\x70\x74\
\x73\x5f\x73\x65\x71\0\x69\x6e\x74\x65\x72\x72\x75\x70\x74\x73\0\x66\x72\x65\
\x71\x5f\x74\x69\x6d\x65\x5f\x73\x74\x61\x6d\x70\0\x66\x72\x65\x71\x5f\x63\x6f\
\x75\x6e\x74\x5f\x73\x74\x61\x6d\x70\0\x6c\x61\x73\x74\x5f\x74\x61\x67\0\x63\
\x6f\x6e\x66\x69\x67\x5f\x62\x61\x73\x65\0\x65\x76\x65\x6e\x74\x5f\x62\x61\x73\
\x65\0\x65\x76\x65\x6e\x74\x5f\x62\x61\x73\x65\x5f\x72\x64\x70\x6d\x63\0\x69\
\x64\x78\0\x6c\x61\x73\x74\x5f\x63\x70\x75\0\x65\x78\x74\x72\x61\x5f\x72\x65\
\x67\0\x62\x72\x61\x6e\x63\x68\x5f\x72\x65\x67\0\x68\x77\x5f\x70\x65\x72\x66\
\x5f\x65\x76\x65\x6e\x74\x5f\x65\x78\x74\x72\x61\0\x72\x65\x67\0\x61\x6c\x6c\
\x6f\x63\0\x74\x70\x5f\x6c\x69\x73\x74\0\x70\x77\x72\x5f\x61\x63\x63\0\x70\x74\
\x73\x63\0\x69\x6e\x66\x6f\0\x62\x70\x5f\x6c\x69\x73\x74\0\x61\x72\x63\x68\x5f\
\x68\x77\x5f\x62\x72\x65\x61\x6b\x70\x6f\x69\x6e\x74\0\x61\x64\x64\x72\x65\x73\
\x73\0\x6d\x61\x73\x6b\0\x69\x6f\x6d\x6d\x75\x5f\x62\x61\x6e\x6b\0\x69\x6f\x6d\
\x6d\x75\x5f\x63\x6e\x74\x72\0\x70\x61\x64\x64\x69\x6e\x67\0\x63\x6f\x6e\x66\0\
\x63\x6f\x6e\x66\x31\0\x6c\x61\x73\x74\x5f\x70\x65\x72\x69\x6f\x64\0\x70\x65\
\x72\x69\x6f\x64\x5f\x6c\x65\x66\x74\0\x73\x61\x76\x65\x64\x5f\x6d\x65\x74\x72\
\x69\x63\0\x73\x61\x76\x65\x64\x5f\x73\x6c\x6f\x74\x73\0\x69\x72\x71\x5f\x77\
\x6f\x72\x6b\0\x70\x65\x72\x66\x5f\x61\x64\x64\x72\x5f\x66\x69\x6c\x74\x65\x72\
\x73\x5f\x68\x65\x61\x64\0\x6e\x72\x5f\x66\x69\x6c\x65\x5f\x66\x69\x6c\x74\x65\
\x72\x73\0\x70\x65\x72\x66\x5f\x6f\x76\x65\x72\x66\x6c\x6f\x77\x5f\x68\x61\x6e\
\x64\x6c\x65\x72\x5f\x74\0\x70\x65\x72\x66\x5f\x73\x61\x6d\x70\x6c\x65\x5f\x64\
\x61\x74\x61\0\x61\x64\x64\x72\0\x72\x61\x77\0\x62\x72\x5f\x73\x74\x61\x63\x6b\
\0\x70\x65\x72\x69\x6f\x64\0\x74\x78\x6e\0\x64\x61\x74\x61\x5f\x73\x72\x63\0\
\x74\x69\x64\x5f\x65\x6e\x74\x72\x79\0\x73\x74\x72\x65\x61\x6d\x5f\x69\x64\0\
\x63\x70\x75\x5f\x65\x6e\x74\x72\x79\0\x63\x61\x6c\x6c\x63\x68\x61\x69\x6e\0\
\x61\x75\x78\x5f\x73\x69\x7a\x65\0\x72\x65\x67\x73\x5f\x75\x73\x65\x72\0\x72\
\x65\x67\x73\x5f\x69\x6e\x74\x72\0\x73\x74\x61\x63\x6b\x5f\x75\x73\x65\x72\x5f\
\x73\x69\x7a\x65\0\x70\x68\x79\x73\x5f\x61\x64\x64\x72\0\x64\x61\x74\x61\x5f\
\x70\x61\x67\x65\x5f\x73\x69\x7a\x65\0\x63\x6f\x64\x65\x5f\x70\x61\x67\x65\x5f\
\x73\x69\x7a\x65\0\x70\x65\x72\x66\x5f\x73\x61\x6d\x70\x6c\x65\x5f\x77\x65\x69\
\x67\x68\x74\0\x66\x75\x6c\x6c\0\x76\x61\x72\x31\x5f\x64\x77\0\x76\x61\x72\x32\
\x5f\x77\0\x76\x61\x72\x33\x5f\x77\0\x70\x65\x72\x66\x5f\x6d\x65\x6d\x5f\x64\
\x61\x74\x61\x5f\x73\x72\x63\0\x6d\x65\x6d\x5f\x6f\x70\0\x6d\x65\x6d\x5f\x6c\
\x76\x6c\0\x6d\x65\x6d\x5f\x73\x6e\x6f\x6f\x70\0\x6d\x65\x6d\x5f\x6c\x6f\x63\
\x6b\0\x6d\x65\x6d\x5f\x64\x74\x6c\x62\0\x6d\x65\x6d\x5f\x6c\x76\x6c\x5f\x6e\
\x75\x6d\0\x6d\x65\x6d\x5f\x72\x65\x6d\x6f\x74\x65\0\x6d\x65\x6d\x5f\x73\x6e\
\x6f\x6f\x70\x78\0\x6d\x65\x6d\x5f\x62\x6c\x6b\0\x6d\x65\x6d\x5f\x72\x73\x76\
\x64\0\x74\x69\x64\0\x72\x65\x73\x65\x72\x76\x65\x64\0\x70\x65\x72\x66\x5f\x72\
\x65\x67\x73\0\x61\x62\x69\0\x72\x65\x67\x73\0\x70\x72\x69\x76\x61\x74\x65\0\
\x73\x61\x76\x65\x64\x5f\x66\x75\x6e\x63\0\x6c\x6f\x63\x61\x6c\x5f\x68\x61\x73\
\x68\0\x66\x75\x6e\x63\x5f\x68\x61\x73\x68\0\x6f\x6c\x64\x5f\x68\x61\x73\x68\0\
\x74\x72\x61\x6d\x70\x6f\x6c\x69\x6e\x65\0\x74\x72\x61\x6d\x70\x6f\x6c\x69\x6e\
\x65\x5f\x73\x69\x7a\x65\0\x66\x74\x72\x61\x63\x65\x5f\x66\x75\x6e\x63\x5f\x74\
\0\x66\x74\x72\x61\x63\x65\x5f\x72\x65\x67\x73\0\x66\x74\x72\x61\x63\x65\x5f\
\x6f\x70\x73\x5f\x68\x61\x73\x68\0\x6e\x6f\x74\x72\x61\x63\x65\x5f\x68\x61\x73\
\x68\0\x66\x69\x6c\x74\x65\x72\x5f\x68\x61\x73\x68\0\x72\x65\x67\x65\x78\x5f\
\x6c\x6f\x63\x6b\0\x61\x76\x78\x35\x31\x32\x5f\x74\x69\x6d\x65\x73\x74\x61\x6d\
\x70\0\x66\x70\x72\x65\x67\x73\x5f\x73\x74\x61\x74\x65\0\x66\x73\x61\x76\x65\0\
\x66\x78\x73\x61\x76\x65\0\x73\x6f\x66\x74\0\x78\x73\x61\x76\x65\0\x5f\x5f\x70\
\x61\x64\x64\x69\x6e\x67\0\x66\x72\x65\x67\x73\x5f\x73\x74\x61\x74\x65\0\x63\
\x77\x64\0\x73\x77\x64\0\x74\x77\x64\0\x66\x69\x70\0\x66\x63\x73\0\x66\x6f\x6f\
\0\x66\x6f\x73\0\x73\x74\x5f\x73\x70\x61\x63\x65\0\x66\x78\x72\x65\x67\x73\x5f\
\x73\x74\x61\x74\x65\0\x66\x6f\x70\0\x6d\x78\x63\x73\x72\0\x6d\x78\x63\x73\x72\
\x5f\x6d\x61\x73\x6b\0\x78\x6d\x6d\x5f\x73\x70\x61\x63\x65\0\x72\x69\x70\0\x72\
\x64\x70\0\x70\x61\x64\x64\x69\x6e\x67\x31\0\x73\x77\x5f\x72\x65\x73\x65\x72\
\x76\x65\x64\0\x73\x77\x72\x65\x67\x73\x5f\x73\x74\x61\x74\x65\0\x66\x74\x6f\
\x70\0\x63\x68\x61\x6e\x67\x65\x64\0\x6c\x6f\x6f\x6b\x61\x68\x65\x61\x64\0\x6e\
\x6f\x5f\x75\x70\x64\x61\x74\x65\0\x72\x6d\0\x61\x6c\x69\x6d\x69\x74\0\x65\x6e\
\x74\x72\x79\x5f\x65\x69\x70\0\x78\x72\x65\x67\x73\x5f\x73\x74\x61\x74\x65\0\
\x69\x33\x38\x37\0\x68\x65\x61\x64\x65\x72\0\x65\x78\x74\x65\x6e\x64\x65\x64\
\x5f\x73\x74\x61\x74\x65\x5f\x61\x72\x65\x61\0\x78\x73\x74\x61\x74\x65\x5f\x68\
\x65\x61\x64\x65\x72\0\x78\x66\x65\x61\x74\x75\x72\x65\x73\0\x78\x63\x6f\x6d\
\x70\x5f\x62\x76\0\x30\x3a\x34\0\x2f\x62\x75\x69\x6c\x64\x2f\x61\x6d\x64\x36\
\x34\x2d\x67\x65\x6e\x65\x72\x69\x63\x2f\x74\x6d\x70\x2f\x70\x6f\x72\x74\x61\
\x67\x65\x2f\x63\x68\x72\x6f\x6d\x65\x6f\x73\x2d\x62\x61\x73\x65\x2f\x73\x65\
\x63\x61\x67\x65\x6e\x74\x64\x2d\x39\x39\x39\x39\x2f\x77\x6f\x72\x6b\x2f\x73\
\x65\x63\x61\x67\x65\x6e\x74\x64\x2d\x39\x39\x39\x39\x2f\x70\x6c\x61\x74\x66\
\x6f\x72\x6d\x32\x2f\x73\x65\x63\x61\x67\x65\x6e\x74\x64\x2f\x62\x70\x66\x2f\
\x62\x70\x66\x5f\x75\x74\x69\x6c\x73\x2e\x68\0\x20\x20\x72\x65\x74\x75\x72\x6e\
\x20\x28\x42\x50\x46\x5f\x43\x4f\x52\x45\x5f\x52\x45\x41\x44\x28\x74\x2c\x20\
\x66\x6c\x61\x67\x73\x29\x20\x26\x20\x30\x78\x30\x30\x32\x30\x30\x30\x30\x30\
\x29\x3b\0\x20\x20\x69\x66\x20\x28\x69\x73\x5f\x6b\x74\x68\x72\x65\x61\x64\x28\
\x74\x29\x29\x20\x7b\0\x20\x20\x20\x20\x20\x20\x28\x73\x74\x72\x75\x63\x74\x20\
\x63\x72\x6f\x73\x5f\x65\x76\x65\x6e\x74\x2a\x29\x28\x62\x70\x66\x5f\x72\x69\
\x6e\x67\x62\x75\x66\x5f\x72\x65\x73\x65\x72\x76\x65\x28\x26\x72\x62\x2c\x20\
\x73\x69\x7a\x65\x6f\x66\x28\x2a\x65\x76\x65\x6e\x74\x29\x2c\x20\x30\x29\x29\
\x3b\0\x20\x20\x69\x66\x20\x28\x65\x76\x65\x6e\x74\x20\x3d\x3d\x20\x4e\x55\x4c\
\x4c\x29\x20\x7b\0\x73\x6f\x63\x6b\x65\x74\0\x66\x69\x6c\x65\0\x6f\x70\x73\0\
\x73\x6f\x63\x6b\x65\x74\x5f\x73\x74\x61\x74\x65\0\x53\x53\x5f\x46\x52\x45\x45\
\0\x53\x53\x5f\x55\x4e\x43\x4f\x4e\x4e\x45\x43\x54\x45\x44\0\x53\x53\x5f\x43\
\x4f\x4e\x4e\x45\x43\x54\x49\x4e\x47\0\x53\x53\x5f\x43\x4f\x4e\x4e\x45\x43\x54\
\x45\x44\0\x53\x53\x5f\x44\x49\x53\x43\x4f\x4e\x4e\x45\x43\x54\x49\x4e\x47\0\
\x73\x68\x6f\x72\x74\0\x73\x6f\x63\x6b\x65\x74\x5f\x77\x71\0\x77\x61\x69\x74\0\
\x66\x61\x73\x79\x6e\x63\x5f\x6c\x69\x73\x74\0\x20\x20\x73\x74\x72\x75\x63\x74\
\x20\x73\x6f\x63\x6b\x2a\x20\x73\x6b\x20\x3d\x20\x42\x50\x46\x5f\x43\x4f\x52\
\x45\x5f\x52\x45\x41\x44\x28\x73\x6f\x63\x6b\x65\x74\x2c\x20\x73\x6b\x29\x3b\0\
\x20\x20\x65\x76\x65\x6e\x74\x2d\x3e\x64\x61\x74\x61\x2e\x6e\x65\x74\x77\x6f\
\x72\x6b\x5f\x65\x76\x65\x6e\x74\x2e\x74\x79\x70\x65\x20\x3d\x20\x6b\x4e\x65\
\x74\x77\x6f\x72\x6b\x53\x6f\x63\x6b\x65\x74\x4c\x69\x73\x74\x65\x6e\x3b\0\x20\
\x20\x65\x76\x65\x6e\x74\x2d\x3e\x74\x79\x70\x65\x20\x3d\x20\x6b\x4e\x65\x74\
\x77\x6f\x72\x6b\x45\x76\x65\x6e\x74\x3b\0\x20\x20\x73\x74\x72\x75\x63\x74\x20\
\x73\x6f\x63\x6b\x2a\x20\x73\x6b\x20\x3d\x20\x42\x50\x46\x5f\x43\x4f\x52\x45\
\x5f\x52\x45\x41\x44\x28\x73\x6f\x63\x6b\x2c\x20\x73\x6b\x29\x3b\0\x30\x3a\x31\
\0\x20\x20\x69\x6e\x74\x20\x73\x6f\x63\x6b\x65\x74\x5f\x74\x79\x70\x65\x20\x3d\
\x20\x42\x50\x46\x5f\x43\x4f\x52\x45\x5f\x52\x45\x41\x44\x28\x73\x6f\x63\x6b\
\x2c\x20\x74\x79\x70\x65\x29\x3b\0\x30\x3a\x30\0\x20\x20\x63\x6f\x6d\x6d\x6f\
\x6e\x2d\x3e\x66\x61\x6d\x69\x6c\x79\x20\x3d\x20\x42\x50\x46\x5f\x43\x4f\x52\
\x45\x5f\x52\x45\x41\x44\x28\x73\x6b\x2c\x20\x5f\x5f\x73\x6b\x5f\x63\x6f\x6d\
\x6d\x6f\x6e\x29\x2e\x73\x6b\x63\x5f\x66\x61\x6d\x69\x6c\x79\x3b\0\x30\x3a\x33\
\0\x30\x3a\x35\x33\0\x20\x20\x20\x20\x20\x20\x20\x20\x20\x20\x20\x20\x20\x20\
\x20\x20\x20\x20\x20\x20\x20\x20\x20\x20\x20\x20\x20\x20\x20\x20\x20\x20\x20\
\x20\x20\x20\x20\x20\x20\x20\x42\x50\x46\x5f\x43\x4f\x52\x45\x5f\x52\x45\x41\
\x44\x28\x73\x6b\x2c\x20\x73\x6b\x5f\x70\x72\x6f\x74\x6f\x63\x6f\x6c\x29\x29\
\x3b\0\x20\x20\x69\x66\x20\x28\x70\x72\x6f\x74\x6f\x63\x6f\x6c\x20\x3d\x3d\x20\
\x43\x52\x4f\x53\x5f\x49\x41\x4e\x41\x5f\x48\x4f\x50\x4f\x50\x54\x29\x20\x7b\
\x20\x20\x2f\x2f\x20\x67\x65\x6e\x65\x72\x69\x63\x20\x69\x70\x20\x70\x72\x6f\
\x74\x6f\x63\x6f\x6c\x2e\0\x20\x20\x7d\x20\x65\x6c\x73\x65\x20\x69\x66\x20\x28\
\x73\x6f\x63\x6b\x65\x74\x5f\x74\x79\x70\x65\x20\x3d\x3d\x20\x53\x4f\x43\x4b\
\x5f\x52\x41\x57\x29\x20\x7b\0\x20\x20\x20\x20\x69\x66\x20\x28\x66\x61\x6d\x69\
\x6c\x79\x20\x3d\x3d\x20\x43\x52\x4f\x53\x5f\x46\x41\x4d\x49\x4c\x59\x5f\x41\
\x46\x5f\x49\x4e\x45\x54\x20\x7c\x7c\x20\x66\x61\x6d\x69\x6c\x79\x20\x3d\x3d\
\x20\x43\x52\x4f\x53\x5f\x46\x41\x4d\x49\x4c\x59\x5f\x41\x46\x5f\x49\x4e\x45\
\x54\x36\x29\x20\x7b\0\x20\x20\x20\x20\x20\x20\x69\x66\x20\x28\x73\x6f\x63\x6b\
\x65\x74\x5f\x74\x79\x70\x65\x20\x3d\x3d\x20\x53\x4f\x43\x4b\x5f\x53\x54\x52\
\x45\x41\x4d\x29\x20\x7b\0\x20\x20\x63\x6f\x6d\x6d\x6f\x6e\x2d\x3e\x70\x72\x6f\
\x74\x6f\x63\x6f\x6c\x20\x3d\x20\x64\x65\x74\x65\x72\x6d\x69\x6e\x65\x5f\x70\
\x72\x6f\x74\x6f\x63\x6f\x6c\x28\x63\x6f\x6d\x6d\x6f\x6e\x2d\x3e\x66\x61\x6d\
\x69\x6c\x79\x2c\x20\x73\x6f\x63\x6b\x65\x74\x5f\x74\x79\x70\x65\x2c\0\x30\x3a\
\x38\x34\0\x20\x20\x20\x20\x20\x20\x63\x72\x6f\x73\x5f\x6e\x6f\x72\x6d\x61\x6c\
\x69\x7a\x65\x5f\x74\x6f\x5f\x6c\x61\x73\x74\x5f\x65\x78\x65\x63\x28\x42\x50\
\x46\x5f\x43\x4f\x52\x45\x5f\x52\x45\x41\x44\x28\x74\x2c\x20\x72\x65\x61\x6c\
\x5f\x70\x61\x72\x65\x6e\x74\x2c\x20\x67\x72\x6f\x75\x70\x5f\x6c\x65\x61\x64\
\x65\x72\x29\x29\x3b\0\x30\x3a\x38\x38\0\x20\x20\x66\x6f\x72\x20\x28\x69\x6e\
\x74\x20\x69\x20\x3d\x20\x30\x3b\x20\x69\x20\x3c\x20\x36\x34\x3b\x20\x2b\x2b\
\x69\x29\x20\x7b\0\x20\x20\x20\x20\x73\x74\x72\x75\x63\x74\x20\x74\x61\x73\x6b\
\x5f\x73\x74\x72\x75\x63\x74\x2a\x20\x70\x61\x72\x65\x6e\x74\x20\x3d\x20\x42\
\x50\x46\x5f\x43\x4f\x52\x45\x5f\x52\x45\x41\x44\x28\x72\x65\x74\x2c\x20\x72\
\x65\x61\x6c\x5f\x70\x61\x72\x65\x6e\x74\x2c\x20\x67\x72\x6f\x75\x70\x5f\x6c\
\x65\x61\x64\x65\x72\x29\x3b\0\x20\x20\x20\x20\x69\x66\x20\x28\x28\x21\x70\x61\
\x72\x65\x6e\x74\x29\x20\x7c\x7c\x20\x28\x42\x50\x46\x5f\x43\x4f\x52\x45\x5f\
\x52\x45\x41\x44\x28\x72\x65\x74\x2c\x20\x73\x65\x6c\x66\x5f\x65\x78\x65\x63\
\x5f\x69\x64\x29\x20\x21\x3d\0\x30\x3a\x31\x34\x30\0\x20\x20\x20\x20\x20\x20\
\x20\x20\x20\x20\x20\x20\x20\x20\x20\x20\x20\x20\x20\x20\x20\x20\x42\x50\x46\
\x5f\x43\x4f\x52\x45\x5f\x52\x45\x41\x44\x28\x70\x61\x72\x65\x6e\x74\x2c\x20\
\x73\x65\x6c\x66\x5f\x65\x78\x65\x63\x5f\x69\x64\x29\x29\x29\x20\x7b\0\x30\x3a\
\x38\x32\0\x20\x20\x74\x61\x73\x6b\x5f\x69\x6e\x66\x6f\x2d\x3e\x70\x70\x69\x64\
\x20\x3d\x20\x42\x50\x46\x5f\x43\x4f\x52\x45\x5f\x52\x45\x41\x44\x28\x70\x61\
\x72\x65\x6e\x74\x2c\x20\x74\x67\x69\x64\x29\x3b\0\x30\x3a\x31\x30\x36\0\x20\
\x20\x74\x61\x73\x6b\x5f\x69\x6e\x66\x6f\x2d\x3e\x70\x61\x72\x65\x6e\x74\x5f\
\x73\x74\x61\x72\x74\x5f\x74\x69\x6d\x65\x20\x3d\x20\x42\x50\x46\x5f\x43\x4f\
\x52\x45\x5f\x52\x45\x41\x44\x28\x70\x61\x72\x65\x6e\x74\x2c\x20\x73\x74\x61\
\x72\x74\x5f\x62\x6f\x6f\x74\x74\x69\x6d\x65\x29\x3b\0\x20\x20\x74\x61\x73\x6b\
\x5f\x69\x6e\x66\x6f\x2d\x3e\x73\x74\x61\x72\x74\x5f\x74\x69\x6d\x65\x20\x3d\
\x20\x42\x50\x46\x5f\x43\x4f\x52\x45\x5f\x52\x45\x41\x44\x28\x74\x2c\x20\x67\
\x72\x6f\x75\x70\x5f\x6c\x65\x61\x64\x65\x72\x2c\x20\x73\x74\x61\x72\x74\x5f\
\x62\x6f\x6f\x74\x74\x69\x6d\x65\x29\x3b\0\x20\x20\x74\x61\x73\x6b\x5f\x69\x6e\
\x66\x6f\x2d\x3e\x70\x69\x64\x20\x3d\x20\x42\x50\x46\x5f\x43\x4f\x52\x45\x5f\
\x52\x45\x41\x44\x28\x74\x2c\x20\x74\x67\x69\x64\x29\x3b\0\x30\x3a\x31\x31\x32\
\0\x20\x20\x74\x61\x73\x6b\x5f\x69\x6e\x66\x6f\x2d\x3e\x75\x69\x64\x20\x3d\x20\
\x42\x50\x46\x5f\x43\x4f\x52\x45\x5f\x52\x45\x41\x44\x28\x74\x2c\x20\x72\x65\
\x61\x6c\x5f\x63\x72\x65\x64\x2c\x20\x75\x69\x64\x2e\x76\x61\x6c\x29\x3b\0\x30\
\x3a\x34\x3a\x30\0\x20\x20\x74\x61\x73\x6b\x5f\x69\x6e\x66\x6f\x2d\x3e\x67\x69\
\x64\x20\x3d\x20\x42\x50\x46\x5f\x43\x4f\x52\x45\x5f\x52\x45\x41\x44\x28\x74\
\x2c\x20\x72\x65\x61\x6c\x5f\x63\x72\x65\x64\x2c\x20\x67\x69\x64\x2e\x76\x61\
\x6c\x29\x3b\0\x30\x3a\x35\x3a\x30\0\x30\x3a\x35\x35\0\x20\x20\x63\x6f\x6e\x73\
\x74\x20\x75\x69\x6e\x74\x70\x74\x72\x5f\x74\x20\x61\x72\x67\x5f\x73\x74\x61\
\x72\x74\x20\x3d\x20\x28\x75\x69\x6e\x74\x70\x74\x72\x5f\x74\x29\x42\x50\x46\
\x5f\x43\x4f\x52\x45\x5f\x52\x45\x41\x44\x28\x74\x2c\x20\x6d\x6d\x2c\x20\x61\
\x72\x67\x5f\x73\x74\x61\x72\x74\x29\x3b\0\x6d\x6d\x5f\x73\x74\x72\x75\x63\x74\
\0\x63\x70\x75\x5f\x62\x69\x74\x6d\x61\x70\0\x6d\x6d\x5f\x72\x62\0\x76\x6d\x61\
\x63\x61\x63\x68\x65\x5f\x73\x65\x71\x6e\x75\x6d\0\x67\x65\x74\x5f\x75\x6e\x6d\
\x61\x70\x70\x65\x64\x5f\x61\x72\x65\x61\0\x6d\x6d\x61\x70\x5f\x62\x61\x73\x65\
\0\x6d\x6d\x61\x70\x5f\x6c\x65\x67\x61\x63\x79\x5f\x62\x61\x73\x65\0\x6d\x6d\
\x61\x70\x5f\x63\x6f\x6d\x70\x61\x74\x5f\x62\x61\x73\x65\0\x6d\x6d\x61\x70\x5f\
\x63\x6f\x6d\x70\x61\x74\x5f\x6c\x65\x67\x61\x63\x79\x5f\x62\x61\x73\x65\0\x74\
\x61\x73\x6b\x5f\x73\x69\x7a\x65\0\x68\x69\x67\x68\x65\x73\x74\x5f\x76\x6d\x5f\
\x65\x6e\x64\0\x70\x67\x64\0\x6d\x65\x6d\x62\x61\x72\x72\x69\x65\x72\x5f\x73\
\x74\x61\x74\x65\0\x6d\x6d\x5f\x75\x73\x65\x72\x73\0\x6d\x6d\x5f\x63\x6f\x75\
\x6e\x74\0\x70\x67\x74\x61\x62\x6c\x65\x73\x5f\x62\x79\x74\x65\x73\0\x6d\x61\
\x70\x5f\x63\x6f\x75\x6e\x74\0\x70\x61\x67\x65\x5f\x74\x61\x62\x6c\x65\x5f\x6c\
\x6f\x63\x6b\0\x6d\x6d\x61\x70\x5f\x6c\x6f\x63\x6b\0\x6d\x6d\x6c\x69\x73\x74\0\
\x68\x69\x77\x61\x74\x65\x72\x5f\x72\x73\x73\0\x68\x69\x77\x61\x74\x65\x72\x5f\
\x76\x6d\0\x74\x6f\x74\x61\x6c\x5f\x76\x6d\0\x6c\x6f\x63\x6b\x65\x64\x5f\x76\
\x6d\0\x70\x69\x6e\x6e\x65\x64\x5f\x76\x6d\0\x64\x61\x74\x61\x5f\x76\x6d\0\x65\
\x78\x65\x63\x5f\x76\x6d\0\x73\x74\x61\x63\x6b\x5f\x76\x6d\0\x64\x65\x66\x5f\
\x66\x6c\x61\x67\x73\0\x77\x72\x69\x74\x65\x5f\x70\x72\x6f\x74\x65\x63\x74\x5f\
\x73\x65\x71\0\x61\x72\x67\x5f\x6c\x6f\x63\x6b\0\x73\x74\x61\x72\x74\x5f\x63\
\x6f\x64\x65\0\x65\x6e\x64\x5f\x63\x6f\x64\x65\0\x73\x74\x61\x72\x74\x5f\x64\
\x61\x74\x61\0\x65\x6e\x64\x5f\x64\x61\x74\x61\0\x73\x74\x61\x72\x74\x5f\x62\
\x72\x6b\0\x62\x72\x6b\0\x73\x74\x61\x72\x74\x5f\x73\x74\x61\x63\x6b\0\x61\x72\
\x67\x5f\x73\x74\x61\x72\x74\0\x61\x72\x67\x5f\x65\x6e\x64\0\x65\x6e\x76\x5f\
\x73\x74\x61\x72\x74\0\x65\x6e\x76\x5f\x65\x6e\x64\0\x73\x61\x76\x65\x64\x5f\
\x61\x75\x78\x76\0\x62\x69\x6e\x66\x6d\x74\0\x63\x6f\x6e\x74\x65\x78\x74\0\x63\
\x6f\x72\x65\x5f\x73\x74\x61\x74\x65\0\x69\x6f\x63\x74\x78\x5f\x6c\x6f\x63\x6b\
\0\x69\x6f\x63\x74\x78\x5f\x74\x61\x62\x6c\x65\0\x65\x78\x65\x5f\x66\x69\x6c\
\x65\0\x6e\x6f\x74\x69\x66\x69\x65\x72\x5f\x73\x75\x62\x73\x63\x72\x69\x70\x74\
\x69\x6f\x6e\x73\0\x74\x6c\x62\x5f\x66\x6c\x75\x73\x68\x5f\x70\x65\x6e\x64\x69\
\x6e\x67\0\x74\x6c\x62\x5f\x66\x6c\x75\x73\x68\x5f\x62\x61\x74\x63\x68\x65\x64\
\0\x75\x70\x72\x6f\x62\x65\x73\x5f\x73\x74\x61\x74\x65\0\x61\x73\x79\x6e\x63\
\x5f\x70\x75\x74\x5f\x77\x6f\x72\x6b\0\x70\x61\x73\x69\x64\0\x6c\x72\x75\x5f\
\x67\x65\x6e\0\x66\x5f\x75\0\x66\x5f\x70\x61\x74\x68\0\x66\x5f\x69\x6e\x6f\x64\
\x65\0\x66\x5f\x6f\x70\0\x66\x5f\x6c\x6f\x63\x6b\0\x66\x5f\x77\x72\x69\x74\x65\
\x5f\x68\x69\x6e\x74\0\x66\x5f\x63\x6f\x75\x6e\x74\0\x66\x5f\x66\x6c\x61\x67\
\x73\0\x66\x5f\x6d\x6f\x64\x65\0\x66\x5f\x70\x6f\x73\x5f\x6c\x6f\x63\x6b\0\x66\
\x5f\x70\x6f\x73\0\x66\x5f\x6f\x77\x6e\x65\x72\0\x66\x5f\x63\x72\x65\x64\0\x66\
\x5f\x72\x61\0\x66\x5f\x76\x65\x72\x73\x69\x6f\x6e\0\x66\x5f\x73\x65\x63\x75\
\x72\x69\x74\x79\0\x70\x72\x69\x76\x61\x74\x65\x5f\x64\x61\x74\x61\0\x66\x5f\
\x65\x70\0\x66\x5f\x6d\x61\x70\x70\x69\x6e\x67\0\x66\x5f\x77\x62\x5f\x65\x72\
\x72\0\x66\x5f\x73\x62\x5f\x65\x72\x72\0\x66\x75\x5f\x6c\x6c\x69\x73\x74\0\x66\
\x75\x5f\x72\x63\x75\x68\x65\x61\x64\0\x70\x61\x74\x68\0\x6d\x6e\x74\0\x64\x65\
\x6e\x74\x72\x79\0\x6c\x69\x6e\x6b\x5f\x63\x6f\x75\x6e\x74\0\x72\x77\x5f\x68\
\x69\x6e\x74\0\x57\x52\x49\x54\x45\x5f\x4c\x49\x46\x45\x5f\x4e\x4f\x54\x5f\x53\
\x45\x54\0\x57\x52\x49\x54\x45\x5f\x4c\x49\x46\x45\x5f\x4e\x4f\x4e\x45\0\x57\
\x52\x49\x54\x45\x5f\x4c\x49\x46\x45\x5f\x53\x48\x4f\x52\x54\0\x57\x52\x49\x54\
\x45\x5f\x4c\x49\x46\x45\x5f\x4d\x45\x44\x49\x55\x4d\0\x57\x52\x49\x54\x45\x5f\
\x4c\x49\x46\x45\x5f\x4c\x4f\x4e\x47\0\x57\x52\x49\x54\x45\x5f\x4c\x49\x46\x45\
\x5f\x45\x58\x54\x52\x45\x4d\x45\0\x66\x6d\x6f\x64\x65\x5f\x74\0\x6c\x6f\x66\
\x66\x5f\x74\0\x5f\x5f\x6b\x65\x72\x6e\x65\x6c\x5f\x6c\x6f\x66\x66\x5f\x74\0\
\x66\x6f\x77\x6e\x5f\x73\x74\x72\x75\x63\x74\0\x70\x69\x64\x5f\x74\x79\x70\x65\
\0\x73\x69\x67\x6e\x75\x6d\0\x50\x49\x44\x54\x59\x50\x45\x5f\x50\x49\x44\0\x50\
\x49\x44\x54\x59\x50\x45\x5f\x54\x47\x49\x44\0\x50\x49\x44\x54\x59\x50\x45\x5f\
\x50\x47\x49\x44\0\x50\x49\x44\x54\x59\x50\x45\x5f\x53\x49\x44\0\x50\x49\x44\
\x54\x59\x50\x45\x5f\x4d\x41\x58\0\x66\x69\x6c\x65\x5f\x72\x61\x5f\x73\x74\x61\
\x74\x65\0\x73\x74\x61\x72\x74\0\x61\x73\x79\x6e\x63\x5f\x73\x69\x7a\x65\0\x72\
\x61\x5f\x70\x61\x67\x65\x73\0\x6d\x6d\x61\x70\x5f\x6d\x69\x73\x73\0\x70\x72\
\x65\x76\x5f\x70\x6f\x73\0\x65\x72\x72\x73\x65\x71\x5f\x74\0\x70\x67\x64\x5f\
\x74\0\x70\x67\x64\x76\x61\x6c\x5f\x74\0\x72\x77\x5f\x73\x65\x6d\x61\x70\x68\
\x6f\x72\x65\0\x6d\x6d\x5f\x72\x73\x73\x5f\x73\x74\x61\x74\0\x6d\x6d\x5f\x63\
\x6f\x6e\x74\x65\x78\x74\x5f\x74\0\x63\x74\x78\x5f\x69\x64\0\x74\x6c\x62\x5f\
\x67\x65\x6e\0\x6c\x64\x74\x5f\x75\x73\x72\x5f\x73\x65\x6d\0\x6c\x64\x74\0\x76\
\x64\x73\x6f\0\x76\x64\x73\x6f\x5f\x69\x6d\x61\x67\x65\0\x70\x65\x72\x66\x5f\
\x72\x64\x70\x6d\x63\x5f\x61\x6c\x6c\x6f\x77\x65\x64\0\x70\x6b\x65\x79\x5f\x61\
\x6c\x6c\x6f\x63\x61\x74\x69\x6f\x6e\x5f\x6d\x61\x70\0\x65\x78\x65\x63\x75\x74\
\x65\x5f\x6f\x6e\x6c\x79\x5f\x70\x6b\x65\x79\0\x73\x31\x36\0\x5f\x5f\x73\x31\
\x36\0\x78\x6f\x6c\x5f\x61\x72\x65\x61\0\x77\x6f\x72\x6b\x5f\x73\x74\x72\x75\
\x63\x74\0\x77\x6f\x72\x6b\x5f\x66\x75\x6e\x63\x5f\x74\0\x62\x69\x74\x6d\x61\
\x70\0\x30\x3a\x30\x3a\x33\x37\0\x20\x20\x63\x6f\x6e\x73\x74\x20\x75\x69\x6e\
\x74\x70\x74\x72\x5f\x74\x20\x61\x72\x67\x5f\x65\x6e\x64\x20\x3d\x20\x28\x75\
\x69\x6e\x74\x70\x74\x72\x5f\x74\x29\x42\x50\x46\x5f\x43\x4f\x52\x45\x5f\x52\
\x45\x41\x44\x28\x74\x2c\x20\x6d\x6d\x2c\x20\x61\x72\x67\x5f\x65\x6e\x64\x29\
\x3b\0\x30\x3a\x30\x3a\x33\x38\0\x20\x20\x69\x66\x20\x28\x28\x61\x72\x67\x5f\
\x65\x6e\x64\x20\x2d\x20\x61\x72\x67\x5f\x73\x74\x61\x72\x74\x29\x20\x3e\x20\
\x73\x69\x7a\x65\x6f\x66\x28\x74\x61\x73\x6b\x5f\x69\x6e\x66\x6f\x2d\x3e\x63\
\x6f\x6d\x6d\x61\x6e\x64\x6c\x69\x6e\x65\x29\x29\x20\x7b\0\x20\x20\x62\x70\x66\
\x5f\x70\x72\x6f\x62\x65\x5f\x72\x65\x61\x64\x5f\x75\x73\x65\x72\x28\x74\x61\
\x73\x6b\x5f\x69\x6e\x66\x6f\x2d\x3e\x63\x6f\x6d\x6d\x61\x6e\x64\x6c\x69\x6e\
\x65\x2c\x20\x74\x61\x73\x6b\x5f\x69\x6e\x66\x6f\x2d\x3e\x63\x6f\x6d\x6d\x61\
\x6e\x64\x6c\x69\x6e\x65\x5f\x6c\x65\x6e\x2c\0\x20\x20\x69\x66\x20\x28\x74\x61\
\x73\x6b\x5f\x69\x6e\x66\x6f\x2d\x3e\x63\x6f\x6d\x6d\x61\x6e\x64\x6c\x69\x6e\
\x65\x5f\x6c\x65\x6e\x20\x3d\x3d\x20\x73\x69\x7a\x65\x6f\x66\x28\x74\x61\x73\
\x6b\x5f\x69\x6e\x66\x6f\x2d\x3e\x63\x6f\x6d\x6d\x61\x6e\x64\x6c\x69\x6e\x65\
\x29\x29\x20\x7b\0\x20\x20\x20\x20\x74\x61\x73\x6b\x5f\x69\x6e\x66\x6f\x2d\x3e\
\x63\x6f\x6d\x6d\x61\x6e\x64\x6c\x69\x6e\x65\x5b\x74\x61\x73\x6b\x5f\x69\x6e\
\x66\x6f\x2d\x3e\x63\x6f\x6d\x6d\x61\x6e\x64\x6c\x69\x6e\x65\x5f\x6c\x65\x6e\
\x20\x2d\x20\x31\x5d\x20\x3d\x20\x27\x5c\x30\x27\x3b\0\x20\x20\x73\x6c\x2d\x3e\
\x73\x6f\x63\x6b\x65\x74\x5f\x74\x79\x70\x65\x20\x3d\x20\x42\x50\x46\x5f\x43\
\x4f\x52\x45\x5f\x52\x45\x41\x44\x28\x73\x6f\x63\x6b\x65\x74\x2c\x20\x74\x79\
\x70\x65\x29\x3b\0\x20\x20\x73\x6c\x2d\x3e\x70\x6f\x72\x74\x20\x3d\x20\x42\x50\
\x46\x5f\x43\x4f\x52\x45\x5f\x52\x45\x41\x44\x28\x73\x6b\x2c\x20\x5f\x5f\x73\
\x6b\x5f\x63\x6f\x6d\x6d\x6f\x6e\x29\x2e\x73\x6b\x63\x5f\x6e\x75\x6d\x3b\0\x30\
\x3a\x32\x3a\x31\x3a\x31\0\x20\x20\x73\x6c\x2d\x3e\x69\x70\x76\x34\x5f\x61\x64\
\x64\x72\x20\x3d\x20\x42\x50\x46\x5f\x43\x4f\x52\x45\x5f\x52\x45\x41\x44\x28\
\x73\x6b\x2c\x20\x5f\x5f\x73\x6b\x5f\x63\x6f\x6d\x6d\x6f\x6e\x29\x2e\x73\x6b\
\x63\x5f\x72\x63\x76\x5f\x73\x61\x64\x64\x72\x3b\0\x30\x3a\x30\x3a\x31\x3a\x31\
\0\x20\x20\x20\x20\x20\x20\x42\x50\x46\x5f\x43\x4f\x52\x45\x5f\x52\x45\x41\x44\
\x28\x73\x6b\x2c\x20\x5f\x5f\x73\x6b\x5f\x63\x6f\x6d\x6d\x6f\x6e\x29\x2e\x73\
\x6b\x63\x5f\x76\x36\x5f\x72\x63\x76\x5f\x73\x61\x64\x64\x72\x2e\x69\x6e\x36\
\x5f\x75\x2e\x75\x36\x5f\x61\x64\x64\x72\x38\x2c\0\x30\x3a\x31\x34\x3a\x30\x3a\
\x30\0\x20\x20\x5f\x5f\x62\x75\x69\x6c\x74\x69\x6e\x5f\x6d\x65\x6d\x6d\x6f\x76\
\x65\x28\0\x20\x20\x62\x70\x66\x5f\x72\x69\x6e\x67\x62\x75\x66\x5f\x73\x75\x62\
\x6d\x69\x74\x28\x65\x76\x65\x6e\x74\x2c\x20\x30\x29\x3b\0\x63\x72\x6f\x73\x5f\
\x68\x61\x6e\x64\x6c\x65\x5f\x69\x6e\x65\x74\x5f\x73\x65\x6e\x64\x6d\x73\x67\
\x5f\x65\x78\x69\x74\0\x72\x61\x77\x5f\x74\x72\x61\x63\x65\x70\x6f\x69\x6e\x74\
\x2f\x63\x72\x6f\x73\x5f\x69\x6e\x65\x74\x5f\x73\x65\x6e\x64\x6d\x73\x67\x5f\
\x65\x78\x69\x74\0\x69\x6e\x74\x20\x42\x50\x46\x5f\x50\x52\x4f\x47\x28\x63\x72\
\x6f\x73\x5f\x68\x61\x6e\x64\x6c\x65\x5f\x69\x6e\x65\x74\x5f\x73\x65\x6e\x64\
\x6d\x73\x67\x5f\x65\x78\x69\x74\x2c\0\x20\x20\x69\x66\x20\x28\x72\x76\x20\x3c\
\x3d\x20\x30\x29\x20\x7b\0\x20\x20\x5f\x5f\x62\x75\x69\x6c\x74\x69\x6e\x5f\x6d\
\x65\x6d\x73\x65\x74\x28\x26\x6b\x65\x79\x2c\x20\x30\x2c\x20\x73\x69\x7a\x65\
\x6f\x66\x28\x6b\x65\x79\x29\x29\x3b\0\x20\x20\x6b\x65\x79\x2e\x73\x6f\x63\x6b\
\x20\x3d\x20\x28\x75\x69\x6e\x74\x36\x34\x5f\x74\x29\x73\x6f\x63\x6b\x3b\0\x20\
\x20\x73\x74\x72\x75\x63\x74\x20\x73\x6f\x63\x6b\x5f\x63\x6f\x6d\x6d\x6f\x6e\
\x20\x73\x6b\x5f\x63\x6f\x6d\x6d\x6f\x6e\x20\x3d\x20\x42\x50\x46\x5f\x43\x4f\
\x52\x45\x5f\x52\x45\x41\x44\x28\x73\x6f\x63\x6b\x2c\x20\x73\x6b\x2c\x20\x5f\
\x5f\x73\x6b\x5f\x63\x6f\x6d\x6d\x6f\x6e\x29\x3b\0\x20\x20\x66\x69\x76\x65\x5f\
\x74\x75\x70\x6c\x65\x2d\x3e\x66\x61\x6d\x69\x6c\x79\x20\x3d\x20\x73\x6b\x5f\
\x63\x6f\x6d\x6d\x6f\x6e\x2e\x73\x6b\x63\x5f\x66\x61\x6d\x69\x6c\x79\x3b\0\x20\
\x20\x20\x20\x20\x20\x64\x65\x74\x65\x72\x6d\x69\x6e\x65\x5f\x70\x72\x6f\x74\
\x6f\x63\x6f\x6c\x28\x66\x69\x76\x65\x5f\x74\x75\x70\x6c\x65\x2d\x3e\x66\x61\
\x6d\x69\x6c\x79\x2c\x20\x42\x50\x46\x5f\x43\x4f\x52\x45\x5f\x52\x45\x41\x44\
\x28\x73\x6f\x63\x6b\x2c\x20\x74\x79\x70\x65\x29\x2c\0\x20\x20\x20\x20\x20\x20\
\x20\x20\x20\x20\x20\x20\x20\x20\x20\x20\x20\x20\x20\x20\x20\x20\x20\x20\x20\
\x42\x50\x46\x5f\x43\x4f\x52\x45\x5f\x52\x45\x41\x44\x28\x73\x6f\x63\x6b\x2c\
\x20\x73\x6b\x2c\x20\x73\x6b\x5f\x70\x72\x6f\x74\x6f\x63\x6f\x6c\x29\x29\x3b\0\
\x20\x20\x66\x69\x76\x65\x5f\x74\x75\x70\x6c\x65\x2d\x3e\x70\x72\x6f\x74\x6f\
\x63\x6f\x6c\x20\x3d\0\x20\x20\x69\x66\x20\x28\x66\x69\x76\x65\x5f\x74\x75\x70\
\x6c\x65\x2d\x3e\x66\x61\x6d\x69\x6c\x79\x20\x3d\x3d\x20\x43\x52\x4f\x53\x5f\
\x46\x41\x4d\x49\x4c\x59\x5f\x41\x46\x5f\x49\x4e\x45\x54\x29\x20\x7b\0\x20\x20\
\x20\x20\x66\x69\x76\x65\x5f\x74\x75\x70\x6c\x65\x2d\x3e\x64\x65\x73\x74\x5f\
\x61\x64\x64\x72\x2e\x61\x64\x64\x72\x34\x20\x3d\x20\x73\x6b\x5f\x63\x6f\x6d\
\x6d\x6f\x6e\x2e\x73\x6b\x63\x5f\x64\x61\x64\x64\x72\x3b\0\x30\x3a\x30\x3a\x31\
\x3a\x30\0\x20\x20\x20\x20\x66\x69\x76\x65\x5f\x74\x75\x70\x6c\x65\x2d\x3e\x73\
\x6f\x75\x72\x63\x65\x5f\x61\x64\x64\x72\x2e\x61\x64\x64\x72\x34\x20\x3d\x20\
\x73\x6b\x5f\x63\x6f\x6d\x6d\x6f\x6e\x2e\x73\x6b\x63\x5f\x72\x63\x76\x5f\x73\
\x61\x64\x64\x72\x3b\0\x20\x20\x20\x20\x5f\x5f\x62\x75\x69\x6c\x74\x69\x6e\x5f\
\x6d\x65\x6d\x6d\x6f\x76\x65\x28\x66\x69\x76\x65\x5f\x74\x75\x70\x6c\x65\x2d\
\x3e\x73\x6f\x75\x72\x63\x65\x5f\x61\x64\x64\x72\x2e\x61\x64\x64\x72\x36\x2c\0\
\x30\x3a\x31\x33\x3a\x30\x3a\x30\0\x20\x20\x20\x20\x5f\x5f\x62\x75\x69\x6c\x74\
\x69\x6e\x5f\x6d\x65\x6d\x6d\x6f\x76\x65\x28\x66\x69\x76\x65\x5f\x74\x75\x70\
\x6c\x65\x2d\x3e\x64\x65\x73\x74\x5f\x61\x64\x64\x72\x2e\x61\x64\x64\x72\x36\
\x2c\0\x20\x20\x66\x69\x76\x65\x5f\x74\x75\x70\x6c\x65\x2d\x3e\x64\x65\x73\x74\
\x5f\x70\x6f\x72\x74\x20\x3d\x20\x73\x6b\x5f\x63\x6f\x6d\x6d\x6f\x6e\x2e\x73\
\x6b\x63\x5f\x64\x70\x6f\x72\x74\x3b\0\x30\x3a\x32\x3a\x31\x3a\x30\0\x20\x20\
\x66\x69\x76\x65\x5f\x74\x75\x70\x6c\x65\x2d\x3e\x73\x6f\x75\x72\x63\x65\x5f\
\x70\x6f\x72\x74\x20\x3d\x20\x73\x6b\x5f\x63\x6f\x6d\x6d\x6f\x6e\x2e\x73\x6b\
\x63\x5f\x6e\x75\x6d\x3b\0\x20\x20\x76\x61\x6c\x75\x65\x5f\x72\x65\x66\x20\x3d\
\x20\x62\x70\x66\x5f\x6d\x61\x70\x5f\x6c\x6f\x6f\x6b\x75\x70\x5f\x65\x6c\x65\
\x6d\x28\x26\x63\x72\x6f\x73\x5f\x6e\x65\x74\x77\x6f\x72\x6b\x5f\x66\x6c\x6f\
\x77\x5f\x6d\x61\x70\x2c\x20\x26\x6b\x65\x79\x29\x3b\0\x20\x20\x69\x66\x20\x28\
\x76\x61\x6c\x75\x65\x5f\x72\x65\x66\x29\x20\x7b\x20\x20\x2f\x2f\x20\x65\x6e\
\x74\x72\x79\x20\x61\x6c\x72\x65\x61\x64\x79\x20\x65\x78\x69\x73\x74\0\x20\x20\
\x20\x20\x76\x61\x6c\x75\x65\x5f\x72\x65\x66\x2d\x3e\x74\x78\x5f\x62\x79\x74\
\x65\x73\x20\x3d\x20\x76\x61\x6c\x75\x65\x5f\x72\x65\x66\x2d\x3e\x74\x78\x5f\
\x62\x79\x74\x65\x73\x20\x2b\x20\x72\x76\x3b\0\x20\x20\x63\x6f\x6e\x73\x74\x20\
\x75\x69\x6e\x74\x33\x32\x5f\x74\x20\x7a\x65\x72\x6f\x20\x3d\x20\x30\x3b\0\x20\
\x20\x76\x61\x6c\x75\x65\x2e\x74\x78\x5f\x62\x79\x74\x65\x73\x20\x3d\x20\x74\
\x78\x5f\x62\x79\x74\x65\x73\x3b\0\x20\x20\x76\x61\x6c\x75\x65\x2e\x64\x69\x72\
\x65\x63\x74\x69\x6f\x6e\x20\x3d\x20\x64\x69\x72\x65\x63\x74\x69\x6f\x6e\x3b\0\
\x20\x20\x76\x61\x6c\x75\x65\x2e\x67\x61\x72\x62\x61\x67\x65\x5f\x63\x6f\x6c\
\x6c\x65\x63\x74\x5f\x6d\x65\x20\x3d\x20\x66\x61\x6c\x73\x65\x3b\0\x20\x20\x62\
\x70\x66\x5f\x6d\x61\x70\x5f\x75\x70\x64\x61\x74\x65\x5f\x65\x6c\x65\x6d\x28\
\x26\x63\x72\x6f\x73\x5f\x6e\x65\x74\x77\x6f\x72\x6b\x5f\x66\x6c\x6f\x77\x5f\
\x6d\x61\x70\x2c\x20\x6b\x65\x79\x5f\x72\x65\x66\x2c\x20\x26\x76\x61\x6c\x75\
\x65\x2c\x20\x42\x50\x46\x5f\x41\x4e\x59\x29\x3b\0\x20\x20\x70\x72\x6f\x63\x65\
\x73\x73\x5f\x76\x61\x6c\x75\x65\x20\x3d\x20\x62\x70\x66\x5f\x6d\x61\x70\x5f\
\x6c\x6f\x6f\x6b\x75\x70\x5f\x65\x6c\x65\x6d\x28\x26\x68\x65\x61\x70\x5f\x63\
\x72\x6f\x73\x5f\x6e\x65\x74\x77\x6f\x72\x6b\x5f\x63\x6f\x6d\x6d\x6f\x6e\x5f\
\x6d\x61\x70\x2c\x20\x26\x7a\x65\x72\x6f\x29\x3b\0\x20\x20\x69\x66\x20\x28\x70\
\x72\x6f\x63\x65\x73\x73\x5f\x76\x61\x6c\x75\x65\x20\x3d\x3d\x20\x4e\x55\x4c\
\x4c\x29\x20\x7b\0\x20\x20\x5f\x5f\x62\x75\x69\x6c\x74\x69\x6e\x5f\x6d\x65\x6d\
\x73\x65\x74\x28\x70\x72\x6f\x63\x65\x73\x73\x5f\x76\x61\x6c\x75\x65\x2c\x20\
\x30\x2c\0\x20\x20\x63\x72\x6f\x73\x5f\x66\x69\x6c\x6c\x5f\x63\x6f\x6d\x6d\x6f\
\x6e\x28\x26\x70\x72\x6f\x63\x65\x73\x73\x5f\x76\x61\x6c\x75\x65\x2d\x3e\x63\
\x6f\x6d\x6d\x6f\x6e\x2c\x20\x28\x63\x6f\x6e\x73\x74\x20\x73\x74\x72\x75\x63\
\x74\x20\x73\x6f\x63\x6b\x65\x74\x2a\x29\x6b\x65\x79\x5f\x72\x65\x66\x2d\x3e\
\x73\x6f\x63\x6b\x29\x3b\0\x20\x20\x70\x72\x6f\x63\x65\x73\x73\x5f\x76\x61\x6c\
\x75\x65\x2d\x3e\x67\x61\x72\x62\x61\x67\x65\x5f\x63\x6f\x6c\x6c\x65\x63\x74\
\x5f\x6d\x65\x20\x3d\x20\x66\x61\x6c\x73\x65\x3b\0\x20\x20\x62\x70\x66\x5f\x6d\
\x61\x70\x5f\x75\x70\x64\x61\x74\x65\x5f\x65\x6c\x65\x6d\x28\x26\x70\x72\x6f\
\x63\x65\x73\x73\x5f\x6d\x61\x70\x2c\x20\x26\x6b\x65\x79\x5f\x72\x65\x66\x2d\
\x3e\x73\x6f\x63\x6b\x2c\x20\x70\x72\x6f\x63\x65\x73\x73\x5f\x76\x61\x6c\x75\
\x65\x2c\x20\x42\x50\x46\x5f\x4e\x4f\x45\x58\x49\x53\x54\x29\x3b\0\x20\x20\x20\
\x20\x20\x20\x62\x70\x66\x5f\x6d\x61\x70\x5f\x6c\x6f\x6f\x6b\x75\x70\x5f\x65\
\x6c\x65\x6d\x28\x26\x63\x72\x6f\x73\x5f\x61\x6c\x6c\x6f\x63\x61\x74\x65\x64\
\x5f\x74\x75\x70\x6c\x65\x73\x2c\x20\x26\x6b\x65\x79\x5f\x72\x65\x66\x2d\x3e\
\x73\x6f\x63\x6b\x29\x3b\0\x20\x20\x69\x66\x20\x28\x74\x75\x70\x6c\x65\x5f\x6c\
\x69\x73\x74\x20\x21\x3d\x20\x4e\x55\x4c\x4c\x29\x20\x7b\0\x20\x20\x20\x20\x69\
\x66\x20\x28\x74\x75\x70\x6c\x65\x5f\x6c\x69\x73\x74\x2d\x3e\x77\x72\x69\x74\
\x65\x5f\x69\x6e\x64\x65\x78\x20\x3c\x20\x43\x52\x4f\x53\x5f\x41\x52\x52\x41\
\x59\x5f\x53\x49\x5a\x45\x28\x74\x75\x70\x6c\x65\x5f\x6c\x69\x73\x74\x2d\x3e\
\x6c\x69\x73\x74\x29\x29\x20\x7b\0\x20\x20\x20\x20\x20\x20\x5f\x5f\x62\x75\x69\
\x6c\x74\x69\x6e\x5f\x6d\x65\x6d\x6d\x6f\x76\x65\x28\x26\x74\x75\x70\x6c\x65\
\x5f\x6c\x69\x73\x74\x2d\x3e\x6c\x69\x73\x74\x5b\x74\x75\x70\x6c\x65\x5f\x6c\
\x69\x73\x74\x2d\x3e\x77\x72\x69\x74\x65\x5f\x69\x6e\x64\x65\x78\x5d\x2c\0\x20\
\x20\x20\x20\x20\x20\x74\x75\x70\x6c\x65\x5f\x6c\x69\x73\x74\x2d\x3e\x77\x72\
\x69\x74\x65\x5f\x69\x6e\x64\x65\x78\x2b\x2b\x3b\0\x20\x20\x20\x20\x5f\x5f\x62\
\x75\x69\x6c\x74\x69\x6e\x5f\x6d\x65\x6d\x73\x65\x74\x28\x26\x6e\x65\x77\x5f\
\x74\x75\x70\x6c\x65\x5f\x6c\x69\x73\x74\x2c\x20\x30\x2c\x20\x73\x69\x7a\x65\
\x6f\x66\x28\x6e\x65\x77\x5f\x74\x75\x70\x6c\x65\x5f\x6c\x69\x73\x74\x29\x29\
\x3b\0\x20\x20\x20\x20\x5f\x5f\x62\x75\x69\x6c\x74\x69\x6e\x5f\x6d\x65\x6d\x6d\
\x6f\x76\x65\x28\x26\x6e\x65\x77\x5f\x74\x75\x70\x6c\x65\x5f\x6c\x69\x73\x74\
\x2e\x6c\x69\x73\x74\x5b\x30\x5d\x2c\x20\x26\x28\x6b\x65\x79\x5f\x72\x65\x66\
\x2d\x3e\x66\x69\x76\x65\x5f\x74\x75\x70\x6c\x65\x29\x2c\0\x20\x20\x20\x20\x6e\
\x65\x77\x5f\x74\x75\x70\x6c\x65\x5f\x6c\x69\x73\x74\x2e\x77\x72\x69\x74\x65\
\x5f\x69\x6e\x64\x65\x78\x20\x3d\x20\x31\x3b\0\x20\x20\x20\x20\x69\x66\x20\x28\
\x62\x70\x66\x5f\x6d\x61\x70\x5f\x75\x70\x64\x61\x74\x65\x5f\x65\x6c\x65\x6d\
\x28\x26\x63\x72\x6f\x73\x5f\x61\x6c\x6c\x6f\x63\x61\x74\x65\x64\x5f\x74\x75\
\x70\x6c\x65\x73\x2c\x20\x26\x6b\x65\x79\x5f\x72\x65\x66\x2d\x3e\x73\x6f\x63\
\x6b\x2c\0\x20\x20\x20\x20\x20\x20\x62\x70\x66\x5f\x70\x72\x69\x6e\x74\x6b\x28\
\0\x63\x72\x6f\x73\x5f\x68\x61\x6e\x64\x6c\x65\x5f\x69\x6e\x65\x74\x5f\x72\x65\
\x63\x76\x6d\x73\x67\x5f\x65\x78\x69\x74\0\x72\x61\x77\x5f\x74\x72\x61\x63\x65\
\x70\x6f\x69\x6e\x74\x2f\x63\x72\x6f\x73\x5f\x69\x6e\x65\x74\x5f\x72\x65\x63\
\x76\x6d\x73\x67\x5f\x65\x78\x69\x74\0\x69\x6e\x74\x20\x42\x50\x46\x5f\x50\x52\
\x4f\x47\x28\x63\x72\x6f\x73\x5f\x68\x61\x6e\x64\x6c\x65\x5f\x69\x6e\x65\x74\
\x5f\x72\x65\x63\x76\x6d\x73\x67\x5f\x65\x78\x69\x74\x2c\0\x20\x20\x20\x20\x76\
\x61\x6c\x75\x65\x5f\x72\x65\x66\x2d\x3e\x72\x78\x5f\x62\x79\x74\x65\x73\x20\
\x3d\x20\x76\x61\x6c\x75\x65\x5f\x72\x65\x66\x2d\x3e\x72\x78\x5f\x62\x79\x74\
\x65\x73\x20\x2b\x20\x72\x76\x3b\0\x20\x20\x76\x61\x6c\x75\x65\x2e\x72\x78\x5f\
\x62\x79\x74\x65\x73\x20\x3d\x20\x72\x78\x5f\x62\x79\x74\x65\x73\x3b\0\x63\x72\
\x6f\x73\x5f\x68\x61\x6e\x64\x6c\x65\x5f\x69\x6e\x65\x74\x5f\x61\x63\x63\x65\
\x70\x74\x5f\x65\x78\x69\x74\0\x72\x61\x77\x5f\x74\x72\x61\x63\x65\x70\x6f\x69\
\x6e\x74\x2f\x63\x72\x6f\x73\x5f\x69\x6e\x65\x74\x5f\x61\x63\x63\x65\x70\x74\
\x5f\x65\x78\x69\x74\0\x69\x6e\x74\x20\x42\x50\x46\x5f\x50\x52\x4f\x47\x28\x63\
\x72\x6f\x73\x5f\x68\x61\x6e\x64\x6c\x65\x5f\x69\x6e\x65\x74\x5f\x61\x63\x63\
\x65\x70\x74\x5f\x65\x78\x69\x74\x2c\0\x20\x20\x69\x66\x20\x28\x72\x76\x20\x3c\
\x20\x30\x29\x20\x7b\0\x20\x20\x6b\x65\x79\x2e\x73\x6f\x63\x6b\x20\x3d\x20\x28\
\x75\x69\x6e\x74\x36\x34\x5f\x74\x29\x6e\x65\x77\x73\x6f\x63\x6b\x3b\0\x20\x20\
\x69\x66\x20\x28\x76\x61\x6c\x75\x65\x5f\x72\x65\x66\x29\x20\x7b\x20\x20\x2f\
\x2f\x20\x65\x6e\x74\x72\x79\x20\x61\x6c\x72\x65\x61\x64\x79\x20\x65\x78\x69\
\x73\x74\x2e\x2e\x20\x74\x68\x69\x73\x20\x73\x68\x6f\x75\x6c\x64\x6e\x27\x74\
\x20\x62\x65\x20\x74\x68\x65\x20\x63\x61\x73\x65\x2e\0\x20\x20\x20\x20\x62\x70\
\x66\x5f\x70\x72\x69\x6e\x74\x6b\x28\0\x63\x72\x6f\x73\x5f\x68\x61\x6e\x64\x6c\
\x65\x5f\x69\x6e\x65\x74\x5f\x73\x74\x72\x65\x61\x6d\x5f\x63\x6f\x6e\x6e\x65\
\x63\x74\x5f\x65\x78\x69\x74\0\x72\x61\x77\x5f\x74\x72\x61\x63\x65\x70\x6f\x69\
\x6e\x74\x2f\x63\x72\x6f\x73\x5f\x69\x6e\x65\x74\x5f\x73\x74\x72\x65\x61\x6d\
\x5f\x63\x6f\x6e\x6e\x65\x63\x74\x5f\x65\x78\x69\x74\0\x69\x6e\x74\x20\x42\x50\
\x46\x5f\x50\x52\x4f\x47\x28\x63\x72\x6f\x73\x5f\x68\x61\x6e\x64\x6c\x65\x5f\
\x69\x6e\x65\x74\x5f\x73\x74\x72\x65\x61\x6d\x5f\x63\x6f\x6e\x6e\x65\x63\x74\
\x5f\x65\x78\x69\x74\x2c\0\x20\x20\x69\x66\x20\x28\x76\x61\x6c\x75\x65\x5f\x72\
\x65\x66\x29\x20\x7b\0\x20\x20\x20\x20\x76\x61\x6c\x75\x65\x5f\x72\x65\x66\x2d\
\x3e\x64\x69\x72\x65\x63\x74\x69\x6f\x6e\x20\x3d\x20\x43\x52\x4f\x53\x5f\x53\
\x4f\x43\x4b\x45\x54\x5f\x44\x49\x52\x45\x43\x54\x49\x4f\x4e\x5f\x4f\x55\x54\
\x3b\0\x63\x72\x6f\x73\x5f\x68\x61\x6e\x64\x6c\x65\x5f\x69\x6e\x65\x74\x5f\x72\
\x65\x6c\x65\x61\x73\x65\x5f\x65\x6e\x74\x65\x72\0\x72\x61\x77\x5f\x74\x72\x61\
\x63\x65\x70\x6f\x69\x6e\x74\x2f\x63\x72\x6f\x73\x5f\x69\x6e\x65\x74\x5f\x72\
\x65\x6c\x65\x61\x73\x65\x5f\x65\x6e\x74\x65\x72\0\x69\x6e\x74\x20\x42\x50\x46\
\x5f\x50\x52\x4f\x47\x28\x63\x72\x6f\x73\x5f\x68\x61\x6e\x64\x6c\x65\x5f\x69\
\x6e\x65\x74\x5f\x72\x65\x6c\x65\x61\x73\x65\x5f\x65\x6e\x74\x65\x72\x2c\x20\
\x73\x74\x72\x75\x63\x74\x20\x73\x6f\x63\x6b\x65\x74\x2a\x20\x73\x6f\x63\x6b\
\x29\x20\x7b\0\x20\x20\x74\x75\x70\x6c\x65\x5f\x6c\x69\x73\x74\x20\x3d\x20\x62\
\x70\x66\x5f\x6d\x61\x70\x5f\x6c\x6f\x6f\x6b\x75\x70\x5f\x65\x6c\x65\x6d\x28\
\x26\x63\x72\x6f\x73\x5f\x61\x6c\x6c\x6f\x63\x61\x74\x65\x64\x5f\x74\x75\x70\
\x6c\x65\x73\x2c\x20\x26\x73\x6f\x63\x6b\x29\x3b\0\x20\x20\x73\x74\x72\x75\x63\
\x74\x20\x73\x6f\x63\x6b\x65\x74\x2a\x20\x64\x61\x74\x61\x20\x3d\x20\x73\x6f\
\x63\x6b\x3b\0\x20\x20\x69\x66\x20\x28\x74\x75\x70\x6c\x65\x5f\x6c\x69\x73\x74\
\x20\x3d\x3d\x20\x4e\x55\x4c\x4c\x20\x7c\x7c\0\x20\x20\x20\x20\x20\x20\x74\x75\
\x70\x6c\x65\x5f\x6c\x69\x73\x74\x2d\x3e\x77\x72\x69\x74\x65\x5f\x69\x6e\x64\
\x65\x78\x20\x3e\x20\x28\x43\x52\x4f\x53\x5f\x41\x52\x52\x41\x59\x5f\x53\x49\
\x5a\x45\x28\x74\x75\x70\x6c\x65\x5f\x6c\x69\x73\x74\x2d\x3e\x6c\x69\x73\x74\
\x29\x29\x29\x20\x7b\0\x20\x20\x20\x20\x62\x70\x66\x5f\x66\x6f\x72\x5f\x65\x61\
\x63\x68\x5f\x6d\x61\x70\x5f\x65\x6c\x65\x6d\x28\x26\x63\x72\x6f\x73\x5f\x6e\
\x65\x74\x77\x6f\x72\x6b\x5f\x66\x6c\x6f\x77\x5f\x6d\x61\x70\x2c\x20\x63\x72\
\x6f\x73\x5f\x67\x61\x72\x62\x61\x67\x65\x5f\x63\x6f\x6c\x6c\x65\x63\x74\x5f\
\x74\x75\x70\x6c\x65\x73\x2c\0\x20\x20\x20\x20\x6b\x65\x79\x2e\x66\x69\x76\x65\
\x5f\x74\x75\x70\x6c\x65\x20\x3d\x20\x74\x75\x70\x6c\x65\x5f\x6c\x69\x73\x74\
\x2d\x3e\x6c\x69\x73\x74\x5b\x69\x64\x78\x5d\x3b\0\x20\x20\x20\x20\x76\x61\x6c\
\x20\x3d\x20\x62\x70\x66\x5f\x6d\x61\x70\x5f\x6c\x6f\x6f\x6b\x75\x70\x5f\x65\
\x6c\x65\x6d\x28\x26\x63\x72\x6f\x73\x5f\x6e\x65\x74\x77\x6f\x72\x6b\x5f\x66\
\x6c\x6f\x77\x5f\x6d\x61\x70\x2c\x20\x26\x6b\x65\x79\x29\x3b\0\x20\x20\x20\x20\
\x69\x66\x20\x28\x76\x61\x6c\x20\x3d\x3d\x20\x4e\x55\x4c\x4c\x29\x20\x7b\0\x20\
\x20\x20\x20\x20\x20\x62\x70\x66\x5f\x70\x72\x69\x6e\x74\x6b\x28\x22\x46\x61\
\x69\x6c\x65\x64\x20\x74\x6f\x20\x6d\x61\x72\x6b\x20\x61\x6e\x20\x65\x6e\x74\
\x72\x79\x20\x66\x6f\x72\x20\x67\x61\x72\x62\x61\x67\x65\x20\x63\x6f\x6c\x6c\
\x65\x63\x74\x69\x6f\x6e\x2e\x22\x29\x3b\0\x20\x20\x20\x20\x76\x61\x6c\x2d\x3e\
\x67\x61\x72\x62\x61\x67\x65\x5f\x63\x6f\x6c\x6c\x65\x63\x74\x5f\x6d\x65\x20\
\x3d\x20\x74\x72\x75\x65\x3b\0\x20\x20\x62\x70\x66\x5f\x6d\x61\x70\x5f\x64\x65\
\x6c\x65\x74\x65\x5f\x65\x6c\x65\x6d\x28\x26\x63\x72\x6f\x73\x5f\x61\x6c\x6c\
\x6f\x63\x61\x74\x65\x64\x5f\x74\x75\x70\x6c\x65\x73\x2c\x20\x26\x73\x6f\x63\
\x6b\x29\x3b\0\x62\x70\x66\x5f\x6d\x61\x70\0\x69\x6e\x6e\x65\x72\x5f\x6d\x61\
\x70\x5f\x6d\x65\x74\x61\0\x6d\x61\x70\x5f\x74\x79\x70\x65\0\x6d\x61\x70\x5f\
\x66\x6c\x61\x67\x73\0\x73\x70\x69\x6e\x5f\x6c\x6f\x63\x6b\x5f\x6f\x66\x66\0\
\x74\x69\x6d\x65\x72\x5f\x6f\x66\x66\0\x6e\x75\x6d\x61\x5f\x6e\x6f\x64\x65\0\
\x62\x74\x66\x5f\x6b\x65\x79\x5f\x74\x79\x70\x65\x5f\x69\x64\0\x62\x74\x66\x5f\
\x76\x61\x6c\x75\x65\x5f\x74\x79\x70\x65\x5f\x69\x64\0\x62\x74\x66\0\x6e\x61\
\x6d\x65\0\x62\x74\x66\x5f\x76\x6d\x6c\x69\x6e\x75\x78\x5f\x76\x61\x6c\x75\x65\
\x5f\x74\x79\x70\x65\x5f\x69\x64\0\x62\x79\x70\x61\x73\x73\x5f\x73\x70\x65\x63\
\x5f\x76\x31\0\x75\x73\x65\x72\x63\x6e\x74\0\x66\x72\x65\x65\x7a\x65\x5f\x6d\
\x75\x74\x65\x78\0\x77\x72\x69\x74\x65\x63\x6e\x74\0\x62\x70\x66\x5f\x6d\x61\
\x70\x5f\x74\x79\x70\x65\0\x42\x50\x46\x5f\x4d\x41\x50\x5f\x54\x59\x50\x45\x5f\
\x55\x4e\x53\x50\x45\x43\0\x42\x50\x46\x5f\x4d\x41\x50\x5f\x54\x59\x50\x45\x5f\
\x48\x41\x53\x48\0\x42\x50\x46\x5f\x4d\x41\x50\x5f\x54\x59\x50\x45\x5f\x41\x52\
\x52\x41\x59\0\x42\x50\x46\x5f\x4d\x41\x50\x5f\x54\x59\x50\x45\x5f\x50\x52\x4f\
\x47\x5f\x41\x52\x52\x41\x59\0\x42\x50\x46\x5f\x4d\x41\x50\x5f\x54\x59\x50\x45\
\x5f\x50\x45\x52\x46\x5f\x45\x56\x45\x4e\x54\x5f\x41\x52\x52\x41\x59\0\x42\x50\
\x46\x5f\x4d\x41\x50\x5f\x54\x59\x50\x45\x5f\x50\x45\x52\x43\x50\x55\x5f\x48\
\x41\x53\x48\0\x42\x50\x46\x5f\x4d\x41\x50\x5f\x54\x59\x50\x45\x5f\x50\x45\x52\
\x43\x50\x55\x5f\x41\x52\x52\x41\x59\0\x42\x50\x46\x5f\x4d\x41\x50\x5f\x54\x59\
\x50\x45\x5f\x53\x54\x41\x43\x4b\x5f\x54\x52\x41\x43\x45\0\x42\x50\x46\x5f\x4d\
\x41\x50\x5f\x54\x59\x50\x45\x5f\x43\x47\x52\x4f\x55\x50\x5f\x41\x52\x52\x41\
\x59\0\x42\x50\x46\x5f\x4d\x41\x50\x5f\x54\x59\x50\x45\x5f\x4c\x52\x55\x5f\x48\
\x41\x53\x48\0\x42\x50\x46\x5f\x4d\x41\x50\x5f\x54\x59\x50\x45\x5f\x4c\x52\x55\
\x5f\x50\x45\x52\x43\x50\x55\x5f\x48\x41\x53\x48\0\x42\x50\x46\x5f\x4d\x41\x50\
\x5f\x54\x59\x50\x45\x5f\x4c\x50\x4d\x5f\x54\x52\x49\x45\0\x42\x50\x46\x5f\x4d\
\x41\x50\x5f\x54\x59\x50\x45\x5f\x41\x52\x52\x41\x59\x5f\x4f\x46\x5f\x4d\x41\
\x50\x53\0\x42\x50\x46\x5f\x4d\x41\x50\x5f\x54\x59\x50\x45\x5f\x48\x41\x53\x48\
\x5f\x4f\x46\x5f\x4d\x41\x50\x53\0\x42\x50\x46\x5f\x4d\x41\x50\x5f\x54\x59\x50\
\x45\x5f\x44\x45\x56\x4d\x41\x50\0\x42\x50\x46\x5f\x4d\x41\x50\x5f\x54\x59\x50\
\x45\x5f\x53\x4f\x43\x4b\x4d\x41\x50\0\x42\x50\x46\x5f\x4d\x41\x50\x5f\x54\x59\
\x50\x45\x5f\x43\x50\x55\x4d\x41\x50\0\x42\x50\x46\x5f\x4d\x41\x50\x5f\x54\x59\
\x50\x45\x5f\x58\x53\x4b\x4d\x41\x50\0\x42\x50\x46\x5f\x4d\x41\x50\x5f\x54\x59\
\x50\x45\x5f\x53\x4f\x43\x4b\x48\x41\x53\x48\0\x42\x50\x46\x5f\x4d\x41\x50\x5f\
\x54\x59\x50\x45\x5f\x43\x47\x52\x4f\x55\x50\x5f\x53\x54\x4f\x52\x41\x47\x45\0\
\x42\x50\x46\x5f\x4d\x41\x50\x5f\x54\x59\x50\x45\x5f\x52\x45\x55\x53\x45\x50\
\x4f\x52\x54\x5f\x53\x4f\x43\x4b\x41\x52\x52\x41\x59\0\x42\x50\x46\x5f\x4d\x41\
\x50\x5f\x54\x59\x50\x45\x5f\x50\x45\x52\x43\x50\x55\x5f\x43\x47\x52\x4f\x55\
\x50\x5f\x53\x54\x4f\x52\x41\x47\x45\0\x42\x50\x46\x5f\x4d\x41\x50\x5f\x54\x59\
\x50\x45\x5f\x51\x55\x45\x55\x45\0\x42\x50\x46\x5f\x4d\x41\x50\x5f\x54\x59\x50\
\x45\x5f\x53\x54\x41\x43\x4b\0\x42\x50\x46\x5f\x4d\x41\x50\x5f\x54\x59\x50\x45\
\x5f\x53\x4b\x5f\x53\x54\x4f\x52\x41\x47\x45\0\x42\x50\x46\x5f\x4d\x41\x50\x5f\
\x54\x59\x50\x45\x5f\x44\x45\x56\x4d\x41\x50\x5f\x48\x41\x53\x48\0\x42\x50\x46\
\x5f\x4d\x41\x50\x5f\x54\x59\x50\x45\x5f\x53\x54\x52\x55\x43\x54\x5f\x4f\x50\
\x53\0\x42\x50\x46\x5f\x4d\x41\x50\x5f\x54\x59\x50\x45\x5f\x52\x49\x4e\x47\x42\
\x55\x46\0\x42\x50\x46\x5f\x4d\x41\x50\x5f\x54\x59\x50\x45\x5f\x49\x4e\x4f\x44\
\x45\x5f\x53\x54\x4f\x52\x41\x47\x45\0\x42\x50\x46\x5f\x4d\x41\x50\x5f\x54\x59\
\x50\x45\x5f\x54\x41\x53\x4b\x5f\x53\x54\x4f\x52\x41\x47\x45\0\x6d\x61\x70\0\
\x63\x72\x6f\x73\x5f\x67\x61\x72\x62\x61\x67\x65\x5f\x63\x6f\x6c\x6c\x65\x63\
\x74\x5f\x74\x75\x70\x6c\x65\x73\0\x2e\x74\x65\x78\x74\0\x20\x20\x69\x66\x20\
\x28\x73\x6f\x63\x6b\x29\x20\x7b\0\x20\x20\x20\x20\x69\x66\x20\x28\x6b\x65\x79\
\x2d\x3e\x73\x6f\x63\x6b\x20\x3d\x3d\x20\x73\x6f\x63\x6b\x29\x20\x7b\0\x20\x20\
\x20\x20\x20\x20\x76\x61\x6c\x2d\x3e\x67\x61\x72\x62\x61\x67\x65\x5f\x63\x6f\
\x6c\x6c\x65\x63\x74\x5f\x6d\x65\x20\x3d\x20\x74\x72\x75\x65\x3b\0\x20\x20\x72\
\x65\x74\x75\x72\x6e\x20\x30\x3b\0\x4c\x49\x43\x45\x4e\x53\x45\0\x63\x72\x6f\
\x73\x5f\x6e\x65\x77\x5f\x66\x6c\x6f\x77\x5f\x65\x6e\x74\x72\x79\x2e\x5f\x5f\
\x5f\x5f\x66\x6d\x74\0\x5f\x5f\x5f\x5f\x63\x72\x6f\x73\x5f\x68\x61\x6e\x64\x6c\
\x65\x5f\x69\x6e\x65\x74\x5f\x61\x63\x63\x65\x70\x74\x5f\x65\x78\x69\x74\x2e\
\x5f\x5f\x5f\x5f\x66\x6d\x74\0\x5f\x5f\x5f\x5f\x63\x72\x6f\x73\x5f\x68\x61\x6e\
\x64\x6c\x65\x5f\x69\x6e\x65\x74\x5f\x72\x65\x6c\x65\x61\x73\x65\x5f\x65\x6e\
\x74\x65\x72\x2e\x5f\x5f\x5f\x5f\x66\x6d\x74\0\x2e\x6d\x61\x70\x73\0\x2e\x72\
\x6f\x64\x61\x74\x61\0\x6c\x69\x63\x65\x6e\x73\x65\0\x76\x66\x73\x6d\x6f\x75\
\x6e\x74\0\x61\x64\x64\x72\x65\x73\x73\x5f\x73\x70\x61\x63\x65\0\x69\x6e\x6f\
\x64\x65\0\x6c\x69\x6e\x75\x78\x5f\x62\x69\x6e\x66\x6d\x74\0\x66\x69\x6c\x65\
\x5f\x6f\x70\x65\x72\x61\x74\x69\x6f\x6e\x73\0\x76\x6d\x5f\x6f\x70\x65\x72\x61\
\x74\x69\x6f\x6e\x73\x5f\x73\x74\x72\x75\x63\x74\0\x68\x72\x74\x69\x6d\x65\x72\
\x5f\x63\x6c\x6f\x63\x6b\x5f\x62\x61\x73\x65\0\x75\x73\x65\x72\x5f\x73\x74\x72\
\x75\x63\x74\0\x75\x73\x65\x72\x5f\x6e\x61\x6d\x65\x73\x70\x61\x63\x65\0\x74\
\x61\x73\x6b\x5f\x67\x72\x6f\x75\x70\0\x63\x6f\x6d\x70\x6c\x65\x74\x69\x6f\x6e\
\0\x6e\x65\x74\x5f\x64\x65\x76\x69\x63\x65\0\x62\x70\x66\x5f\x70\x72\x6f\x67\0\
\x62\x70\x66\x5f\x6d\x61\x70\x5f\x6f\x70\x73\0\x62\x70\x66\x5f\x6c\x6f\x63\x61\
\x6c\x5f\x73\x74\x6f\x72\x61\x67\x65\0\x73\x6b\x62\x5f\x65\x78\x74\0\x69\x6e\
\x65\x74\x5f\x74\x69\x6d\x65\x77\x61\x69\x74\x5f\x64\x65\x61\x74\x68\x5f\x72\
\x6f\x77\0\x64\x73\x74\x5f\x65\x6e\x74\x72\x79\0\x78\x66\x72\x6d\x5f\x73\x65\
\x63\x5f\x63\x74\x78\0\x62\x70\x66\x5f\x72\x75\x6e\x5f\x63\x74\x78\0\x6d\x61\
\x74\x68\x5f\x65\x6d\x75\x5f\x69\x6e\x66\x6f\0\x6c\x64\x74\x5f\x73\x74\x72\x75\
\x63\x74\0\x6b\x69\x6f\x63\x74\x78\x5f\x74\x61\x62\x6c\x65\0\x6d\x6d\x75\x5f\
\x6e\x6f\x74\x69\x66\x69\x65\x72\x5f\x73\x75\x62\x73\x63\x72\x69\x70\x74\x69\
\x6f\x6e\x73\0\x75\x73\x65\x72\x66\x61\x75\x6c\x74\x66\x64\x5f\x63\x74\x78\0\
\x70\x72\x6f\x74\x6f\x5f\x6f\x70\x73\0\x70\x69\x70\x65\x5f\x69\x6e\x6f\x64\x65\
\x5f\x69\x6e\x66\x6f\0\x66\x61\x73\x79\x6e\x63\x5f\x73\x74\x72\x75\x63\x74\0\
\x63\x73\x73\x5f\x73\x65\x74\0\x72\x63\x75\x5f\x6e\x6f\x64\x65\0\x73\x65\x63\
\x63\x6f\x6d\x70\x5f\x66\x69\x6c\x74\x65\x72\0\x5f\x5f\x6b\x65\x72\x6e\x65\x6c\
\x5f\x74\x69\x6d\x65\x73\x70\x65\x63\0\x6f\x6c\x64\x5f\x74\x69\x6d\x65\x73\x70\
\x65\x63\x33\x32\0\x70\x6f\x6c\x6c\x66\x64\0\x70\x69\x64\x5f\x6e\x61\x6d\x65\
\x73\x70\x61\x63\x65\0\x73\x65\x6d\x5f\x75\x6e\x64\x6f\x5f\x6c\x69\x73\x74\0\
\x66\x73\x5f\x73\x74\x72\x75\x63\x74\0\x66\x69\x6c\x65\x73\x5f\x73\x74\x72\x75\
\x63\x74\0\x73\x69\x67\x6e\x61\x6c\x5f\x73\x74\x72\x75\x63\x74\0\x73\x69\x67\
\x68\x61\x6e\x64\x5f\x73\x74\x72\x75\x63\x74\0\x72\x74\x5f\x6d\x75\x74\x65\x78\
\x5f\x77\x61\x69\x74\x65\x72\0\x72\x65\x71\x75\x65\x73\x74\x5f\x71\x75\x65\x75\
\x65\0\x62\x6c\x6b\x5f\x70\x6c\x75\x67\0\x6b\x65\x72\x6e\x65\x6c\x5f\x73\x69\
\x67\x69\x6e\x66\x6f\0\x72\x6f\x62\x75\x73\x74\x5f\x6c\x69\x73\x74\x5f\x68\x65\
\x61\x64\0\x63\x6f\x6d\x70\x61\x74\x5f\x72\x6f\x62\x75\x73\x74\x5f\x6c\x69\x73\
\x74\x5f\x68\x65\x61\x64\0\x66\x75\x74\x65\x78\x5f\x70\x69\x5f\x73\x74\x61\x74\
\x65\0\x74\x72\x61\x63\x65\x5f\x65\x76\x65\x6e\x74\x5f\x63\x61\x6c\x6c\0\x70\
\x65\x72\x66\x5f\x62\x75\x66\x66\x65\x72\0\x70\x65\x72\x66\x5f\x61\x64\x64\x72\
\x5f\x66\x69\x6c\x74\x65\x72\x5f\x72\x61\x6e\x67\x65\0\x70\x65\x72\x66\x5f\x72\
\x61\x77\x5f\x72\x65\x63\x6f\x72\x64\0\x70\x65\x72\x66\x5f\x62\x72\x61\x6e\x63\
\x68\x5f\x73\x74\x61\x63\x6b\0\x70\x65\x72\x66\x5f\x63\x61\x6c\x6c\x63\x68\x61\
\x69\x6e\x5f\x65\x6e\x74\x72\x79\0\x65\x76\x65\x6e\x74\x5f\x66\x69\x6c\x74\x65\
\x72\0\x66\x74\x72\x61\x63\x65\x5f\x68\x61\x73\x68\0\x66\x74\x72\x61\x63\x65\
\x5f\x72\x65\x74\x5f\x73\x74\x61\x63\x6b\0\x75\x70\x72\x6f\x62\x65\x5f\x74\x61\
\x73\x6b\0\x76\x6d\x5f\x73\x74\x72\x75\x63\x74\0\x73\x6f\x63\x6b\x5f\x72\x65\
\x75\x73\x65\x70\x6f\x72\x74\0\0\0\x9f\xeb\x01\0\x20\0\0\0\0\0\0\0\x74\0\0\0\
\x74\0\0\0\x2c\x32\0\0\xa0\x32\0\0\xcc\x09\0\0\x08\0\0\0\xea\x14\0\0\x01\0\0\0\
\0\0\0\0\xe2\0\0\0\x6a\x49\0\0\x01\0\0\0\0\0\0\0\x25\x02\0\0\x9f\x51\0\0\x01\0\
\0\0\0\0\0\0\x27\x02\0\0\x5f\x52\0\0\x01\0\0\0\0\0\0\0\x29\x02\0\0\x5d\x53\0\0\
\x01\0\0\0\0\0\0\0\x2b\x02\0\0\x25\x54\0\0\x01\0\0\0\0\0\0\0\x2d\x02\0\0\x80\
\x5a\0\0\x01\0\0\0\0\0\0\0\x35\x02\0\0\x10\0\0\0\xea\x14\0\0\x79\0\0\0\0\0\0\0\
\x0f\x15\0\0\xd2\x15\0\0\x05\xdc\x02\0\x08\0\0\0\x0f\x15\0\0\0\0\0\0\0\0\0\0\
\x18\0\0\0\x0f\x15\0\0\xf8\x15\0\0\x07\xec\x02\0\x20\0\0\0\x0f\x15\0\0\xd2\x15\
\0\0\x05\xdc\x02\0\x28\0\0\0\x0f\x15\0\0\x09\x16\0\0\x30\xf8\x02\0\x48\0\0\0\
\x0f\x15\0\0\xd2\x15\0\0\x05\xdc\x02\0\x50\0\0\0\x08\x3a\0\0\x7e\x3a\0\0\x0b\
\x38\0\0\x68\0\0\0\x08\x3a\0\0\x7e\x3a\0\0\x0b\x38\0\0\x70\0\0\0\x08\x3a\0\0\
\x7e\x3a\0\0\x23\x38\0\0\x78\0\0\0\x0f\x15\0\0\xaf\x3a\0\0\x07\xfc\x02\0\x80\0\
\0\0\x0f\x15\0\0\xc6\x3a\0\0\x1c\x0c\x03\0\xa8\0\0\0\x0f\x15\0\0\x0f\x3b\0\0\
\x07\x10\x03\0\xe0\0\0\0\x0f\x15\0\0\0\0\0\0\0\0\0\0\xe8\0\0\0\x0f\x15\0\0\xa7\
\x3b\0\0\x15\x1c\x03\0\0\x01\0\0\x0f\x15\0\0\xa7\x3b\0\0\x15\x1c\x03\0\x18\x01\
\0\0\x0f\x15\0\0\xd6\x3b\0\0\x22\x24\x03\0\x20\x01\0\0\x0f\x15\0\0\x0f\x3c\0\0\
\x0f\x20\x03\0\x28\x01\0\0\x0f\x15\0\0\x09\x16\0\0\x30\x9c\x01\0\x40\x01\0\0\
\x0f\x15\0\0\0\0\0\0\0\0\0\0\x48\x01\0\0\x0f\x15\0\0\x2e\x3c\0\0\x15\xa0\x01\0\
\x80\x01\0\0\x0f\x15\0\0\x2e\x3c\0\0\x15\xa0\x01\0\x90\x01\0\0\x0f\x15\0\0\0\0\
\0\0\0\0\0\0\x98\x01\0\0\x0f\x15\0\0\x5f\x3c\0\0\x15\xa4\x01\0\xc0\x01\0\0\x0f\
\x15\0\0\x5f\x3c\0\0\x15\xa4\x01\0\xd0\x01\0\0\x0f\x15\0\0\0\0\0\0\0\0\0\0\xd8\
\x01\0\0\x0f\x15\0\0\x92\x3c\0\0\x14\xa8\x01\0\xf0\x01\0\0\x0f\x15\0\0\x92\x3c\
\0\0\x33\xa8\x01\0\0\x02\0\0\x0f\x15\0\0\x92\x3c\0\0\x12\xa8\x01\0\x20\x02\0\0\
\x0f\x15\0\0\0\0\0\0\0\0\0\0\x28\x02\0\0\x0f\x15\0\0\xd9\x3c\0\0\x29\xb0\x01\0\
\x40\x02\0\0\x0f\x15\0\0\x5f\x3c\0\0\x15\xa4\x01\0\x50\x02\0\0\x0f\x15\0\0\xd9\
\x3c\0\0\x29\xb0\x01\0\x58\x02\0\0\x0f\x15\0\0\x22\x3d\0\0\x07\x20\x01\0\x98\
\x02\0\0\x0f\x15\0\0\x61\x3d\0\0\x0e\x6c\x01\0\xd8\x02\0\0\x0f\x15\0\0\x89\x3d\
\0\0\x27\x30\x01\0\xf0\x02\0\0\x0f\x15\0\0\xd4\x3d\0\0\x0b\x34\x01\0\x30\x03\0\
\0\x0f\x15\0\0\xfc\x3d\0\0\x14\xac\x01\0\x68\x03\0\0\x08\x3a\0\0\x46\x3e\0\0\
\x23\x90\0\0\x98\x03\0\0\x0f\x15\0\0\xfc\x3d\0\0\x14\xac\x01\0\xa0\x03\0\0\x08\
\x3a\0\0\x46\x3e\0\0\x23\x90\0\0\xb8\x03\0\0\x08\x3a\0\0\x46\x3e\0\0\x23\x90\0\
\0\xc8\x03\0\0\x08\x3a\0\0\x9b\x3e\0\0\x15\x58\0\0\xf0\x03\0\0\x08\x3a\0\0\x9b\
\x3e\0\0\x03\x58\0\0\x18\x04\0\0\x08\x3a\0\0\0\0\0\0\0\0\0\0\x20\x04\0\0\x08\
\x3a\0\0\xbc\x3e\0\0\x22\x5c\0\0\x50\x04\0\0\x08\x3a\0\0\0\0\0\0\0\0\0\0\x58\
\x04\0\0\x08\x3a\0\0\xbc\x3e\0\0\x22\x5c\0\0\x68\x04\0\0\x08\x3a\0\0\xbc\x3e\0\
\0\x22\x5c\0\0\x70\x04\0\0\x08\x3a\0\0\x0c\x3f\0\0\x13\x60\0\0\x98\x04\0\0\x08\
\x3a\0\0\0\0\0\0\0\0\0\0\xa0\x04\0\0\x08\x3a\0\0\x0c\x3f\0\0\x17\x60\0\0\xc0\
\x04\0\0\x08\x3a\0\0\x0c\x3f\0\0\x17\x60\0\0\xd0\x04\0\0\x08\x3a\0\0\0\0\0\0\0\
\0\0\0\xd8\x04\0\0\x08\x3a\0\0\x4c\x3f\0\0\x17\x64\0\0\xe8\x04\0\0\x08\x3a\0\0\
\x4c\x3f\0\0\x17\x64\0\0\xf0\x04\0\0\x08\x3a\0\0\x0c\x3f\0\0\x09\x60\0\0\x18\
\x05\0\0\x08\x3a\0\0\0\0\0\0\0\0\0\0\x20\x05\0\0\x08\x3a\0\0\x8f\x3f\0\0\x15\
\x94\0\0\x30\x05\0\0\x08\x3a\0\0\x8f\x3f\0\0\x15\x94\0\0\x40\x05\0\0\x08\x3a\0\
\0\x8f\x3f\0\0\x13\x94\0\0\x60\x05\0\0\x08\x3a\0\0\0\0\0\0\0\0\0\0\x68\x05\0\0\
\x08\x3a\0\0\xc6\x3f\0\0\x22\x98\0\0\x88\x05\0\0\x08\x3a\0\0\xc6\x3f\0\0\x22\
\x98\0\0\x90\x05\0\0\x08\x3a\0\0\xc6\x3f\0\0\x20\x98\0\0\xc0\x05\0\0\x08\x3a\0\
\0\0\0\0\0\0\0\0\0\xc8\x05\0\0\x08\x3a\0\0\x0e\x40\0\0\x1b\x9c\0\0\xf0\x05\0\0\
\x08\x3a\0\0\0\0\0\0\0\0\0\0\xf8\x05\0\0\x08\x3a\0\0\x0e\x40\0\0\x1b\x9c\0\0\
\x08\x06\0\0\x08\x3a\0\0\x0e\x40\0\0\x1b\x9c\0\0\x10\x06\0\0\x08\x3a\0\0\x0e\
\x40\0\0\x19\x9c\0\0\x30\x06\0\0\x08\x3a\0\0\0\0\0\0\0\0\0\0\x38\x06\0\0\x08\
\x3a\0\0\x58\x40\0\0\x14\xa0\0\0\x48\x06\0\0\x08\x3a\0\0\x58\x40\0\0\x14\xa0\0\
\0\x50\x06\0\0\x08\x3a\0\0\x58\x40\0\0\x12\xa0\0\0\x78\x06\0\0\x08\x3a\0\0\0\0\
\0\0\0\0\0\0\x80\x06\0\0\x08\x3a\0\0\x89\x40\0\0\x14\xa8\0\0\xb8\x06\0\0\x08\
\x3a\0\0\0\0\0\0\0\0\0\0\xc0\x06\0\0\x08\x3a\0\0\x89\x40\0\0\x14\xa8\0\0\xd0\
\x06\0\0\x08\x3a\0\0\x89\x40\0\0\x14\xa8\0\0\xd8\x06\0\0\x08\x3a\0\0\x89\x40\0\
\0\x12\xa8\0\0\xe8\x06\0\0\x08\x3a\0\0\0\0\0\0\0\0\0\0\xf0\x06\0\0\x08\x3a\0\0\
\xc8\x40\0\0\x14\xac\0\0\x28\x07\0\0\x08\x3a\0\0\0\0\0\0\0\0\0\0\x30\x07\0\0\
\x08\x3a\0\0\xc8\x40\0\0\x14\xac\0\0\x40\x07\0\0\x08\x3a\0\0\xc8\x40\0\0\x14\
\xac\0\0\x48\x07\0\0\x08\x3a\0\0\xc8\x40\0\0\x12\xac\0\0\x68\x07\0\0\x08\x3a\0\
\0\0\0\0\0\0\0\0\0\x70\x07\0\0\x08\x3a\0\0\x0c\x41\0\0\x2a\xb8\0\0\xa8\x07\0\0\
\x08\x3a\0\0\0\0\0\0\0\0\0\0\xb0\x07\0\0\x08\x3a\0\0\x0c\x41\0\0\x2a\xb8\0\0\
\xc0\x07\0\0\x08\x3a\0\0\x0c\x41\0\0\x2a\xb8\0\0\xd0\x07\0\0\x08\x3a\0\0\0\0\0\
\0\0\0\0\0\xd8\x07\0\0\x08\x3a\0\0\xb2\x46\0\0\x28\xbc\0\0\x10\x08\0\0\x08\x3a\
\0\0\0\0\0\0\0\0\0\0\x18\x08\0\0\x08\x3a\0\0\xb2\x46\0\0\x28\xbc\0\0\x28\x08\0\
\0\x08\x3a\0\0\xb2\x46\0\0\x28\xbc\0\0\x30\x08\0\0\x08\x3a\0\0\xff\x46\0\0\x10\
\xc0\0\0\x40\x08\0\0\x08\x3a\0\0\xff\x46\0\0\x07\xc0\0\0\x50\x08\0\0\x08\x3a\0\
\0\0\0\0\0\0\0\0\0\x60\x08\0\0\x08\x3a\0\0\x3f\x47\0\0\x22\xd4\0\0\x68\x08\0\0\
\x08\x3a\0\0\x3f\x47\0\0\x03\xd4\0\0\x78\x08\0\0\x08\x3a\0\0\x89\x47\0\0\x12\
\xdc\0\0\x88\x08\0\0\x08\x3a\0\0\x89\x47\0\0\x07\xdc\0\0\x98\x08\0\0\x08\x3a\0\
\0\xcf\x47\0\0\x3c\xe0\0\0\xb8\x08\0\0\x0f\x15\0\0\0\0\0\0\0\0\0\0\xc0\x08\0\0\
\x0f\x15\0\0\x12\x48\0\0\x15\x34\x03\0\xd0\x08\0\0\x0f\x15\0\0\x12\x48\0\0\x15\
\x34\x03\0\xd8\x08\0\0\x0f\x15\0\0\x12\x48\0\0\x13\x34\x03\0\0\x09\0\0\x0f\x15\
\0\0\0\0\0\0\0\0\0\0\x08\x09\0\0\x0f\x15\0\0\x43\x48\0\0\x0e\x3c\x03\0\x28\x09\
\0\0\x0f\x15\0\0\x43\x48\0\0\x2d\x3c\x03\0\x30\x09\0\0\x0f\x15\0\0\x43\x48\0\0\
\x0c\x3c\x03\0\x40\x09\0\0\x0f\x15\0\0\0\0\0\0\0\0\0\0\x48\x09\0\0\x0f\x15\0\0\
\x80\x48\0\0\x13\x44\x03\0\x68\x09\0\0\x0f\x15\0\0\x80\x48\0\0\x32\x44\x03\0\
\x70\x09\0\0\x0f\x15\0\0\x80\x48\0\0\x11\x44\x03\0\x80\x09\0\0\x0f\x15\0\0\0\0\
\0\0\0\0\0\0\x88\x09\0\0\x0f\x15\0\0\xc8\x48\0\0\x07\x50\x03\0\xc0\x09\0\0\x0f\
\x15\0\0\x17\x49\0\0\x03\x48\x03\0\0\x0a\0\0\x0f\x15\0\0\x2c\x49\0\0\x03\x58\
\x03\0\x18\x0a\0\0\x0f\x15\0\0\xd2\x15\0\0\x05\xdc\x02\0\x6a\x49\0\0\x9e\0\0\0\
\0\0\0\0\x0f\x15\0\0\x90\x49\0\0\x05\x70\x03\0\x28\0\0\0\x0f\x15\0\0\xbc\x49\0\
\0\x07\x84\x03\0\x38\0\0\0\x0f\x15\0\0\x90\x49\0\0\x05\x70\x03\0\x48\0\0\0\x0f\
\x15\0\0\xcd\x49\0\0\x03\xa0\x03\0\x78\0\0\0\x0f\x15\0\0\xf7\x49\0\0\x0c\xa4\
\x03\0\xa0\0\0\0\x0f\x15\0\0\x90\x49\0\0\x05\x70\x03\0\xa8\0\0\0\x0f\x15\0\0\
\x14\x4a\0\0\x22\xc8\x01\0\xe0\0\0\0\x0f\x15\0\0\x90\x49\0\0\x05\x70\x03\0\xe8\
\0\0\0\x0f\x15\0\0\x14\x4a\0\0\x22\xc8\x01\0\0\x01\0\0\x0f\x15\0\0\x5b\x4a\0\0\
\x22\xcc\x01\0\x08\x01\0\0\x0f\x15\0\0\x5b\x4a\0\0\x16\xcc\x01\0\x28\x01\0\0\
\x0f\x15\0\0\x90\x49\0\0\x05\x70\x03\0\x30\x01\0\0\x0f\x15\0\0\x88\x4a\0\0\x2e\
\xd4\x01\0\x48\x01\0\0\x0f\x15\0\0\x88\x4a\0\0\x2e\xd4\x01\0\x58\x01\0\0\x0f\
\x15\0\0\x90\x49\0\0\x05\x70\x03\0\x60\x01\0\0\x0f\x15\0\0\xd0\x4a\0\0\x1a\xd8\
\x01\0\x98\x01\0\0\x0f\x15\0\0\x90\x49\0\0\x05\x70\x03\0\xa0\x01\0\0\x0f\x15\0\
\0\xd0\x4a\0\0\x1a\xd8\x01\0\xb0\x01\0\0\x0f\x15\0\0\x88\x4a\0\0\x2e\xd4\x01\0\
\xc0\x01\0\0\x0f\x15\0\0\xd0\x4a\0\0\x1a\xd8\x01\0\xc8\x01\0\0\x0f\x15\0\0\x22\
\x3d\0\0\x07\x20\x01\0\0\x02\0\0\x0f\x15\0\0\x61\x3d\0\0\x0e\x6c\x01\0\x40\x02\
\0\0\x0f\x15\0\0\x89\x3d\0\0\x27\x30\x01\0\x58\x02\0\0\x0f\x15\0\0\xd4\x3d\0\0\
\x0b\x34\x01\0\x98\x02\0\0\x0f\x15\0\0\x10\x4b\0\0\x18\xd0\x01\0\xa0\x02\0\0\
\x0f\x15\0\0\x29\x4b\0\0\x07\xdc\x01\0\xb8\x02\0\0\x0f\x15\0\0\x5c\x4b\0\0\x2d\
\xe0\x01\0\xc8\x02\0\0\x0f\x15\0\0\x5c\x4b\0\0\x21\xe0\x01\0\xd0\x02\0\0\x0f\
\x15\0\0\x9b\x4b\0\0\x2f\xe4\x01\0\xd8\x02\0\0\x0f\x15\0\0\x9b\x4b\0\0\x23\xe4\
\x01\0\xe8\x02\0\0\x0f\x15\0\0\xd8\x4b\0\0\x05\xec\x01\0\x58\x03\0\0\x0f\x15\0\
\0\x16\x4c\0\0\x05\xf8\x01\0\x80\x03\0\0\x0f\x15\0\0\x49\x4c\0\0\x25\x08\x02\0\
\x90\x03\0\0\x0f\x15\0\0\x49\x4c\0\0\x19\x08\x02\0\x98\x03\0\0\x0f\x15\0\0\x80\
\x4c\0\0\x27\x0c\x02\0\xa0\x03\0\0\x0f\x15\0\0\x80\x4c\0\0\x1b\x0c\x02\0\xb0\
\x03\0\0\x0f\x15\0\0\x49\x4c\0\0\x25\x08\x02\0\xb8\x03\0\0\x0f\x15\0\0\xaf\x4c\
\0\0\x0f\xac\x03\0\xd0\x03\0\0\x0f\x15\0\0\xf0\x4c\0\0\x07\xb0\x03\0\xd8\x03\0\
\0\x0f\x15\0\0\x1b\x4d\0\0\x26\xb4\x03\0\xe0\x03\0\0\x0f\x15\0\0\x1b\x4d\0\0\
\x2f\xb4\x03\0\xf0\x03\0\0\x0f\x15\0\0\x1b\x4d\0\0\x19\xb4\x03\0\xf8\x03\0\0\
\x0f\x15\0\0\x90\x49\0\0\x05\x70\x03\0\x10\x04\0\0\x0f\x15\0\0\x4f\x4d\0\0\x12\
\x30\x02\0\x18\x04\0\0\x0f\x15\0\0\x6a\x4d\0\0\x12\x48\x02\0\x30\x04\0\0\x0f\
\x15\0\0\x87\x4d\0\0\x13\x40\x02\0\x38\x04\0\0\x0f\x15\0\0\xa6\x4d\0\0\x1c\x3c\
\x02\0\x48\x04\0\0\x0f\x15\0\0\0\0\0\0\0\0\0\0\x60\x04\0\0\x0f\x15\0\0\xca\x4d\
\0\0\x03\x4c\x02\0\x88\x04\0\0\x0f\x15\0\0\0\0\0\0\0\0\0\0\x90\x04\0\0\x0f\x15\
\0\0\x13\x4e\0\0\x13\x54\x02\0\xa8\x04\0\0\x0f\x15\0\0\x60\x4e\0\0\x07\x58\x02\
\0\xb8\x04\0\0\x0f\x15\0\0\0\0\0\0\0\0\0\0\xc0\x04\0\0\x0f\x15\0\0\x7f\x4e\0\0\
\x03\x64\x02\0\0\x07\0\0\x0f\x15\0\0\xa4\x4e\0\0\x4b\x6c\x02\0\x08\x07\0\0\x0f\
\x15\0\0\x09\x16\0\0\x30\x9c\x01\0\x38\x07\0\0\x0f\x15\0\0\0\0\0\0\0\0\0\0\x40\
\x07\0\0\x0f\x15\0\0\x2e\x3c\0\0\x15\xa0\x01\0\x60\x07\0\0\x0f\x15\0\0\x2e\x3c\
\0\0\x15\xa0\x01\0\x70\x07\0\0\x0f\x15\0\0\0\0\0\0\0\0\0\0\x78\x07\0\0\x0f\x15\
\0\0\x5f\x3c\0\0\x15\xa4\x01\0\xa8\x07\0\0\x0f\x15\0\0\x5f\x3c\0\0\x15\xa4\x01\
\0\xb8\x07\0\0\x0f\x15\0\0\0\0\0\0\0\0\0\0\xc0\x07\0\0\x0f\x15\0\0\x92\x3c\0\0\
\x14\xa8\x01\0\xd8\x07\0\0\x0f\x15\0\0\x92\x3c\0\0\x33\xa8\x01\0\xe0\x07\0\0\
\x0f\x15\0\0\x92\x3c\0\0\x12\xa8\x01\0\0\x08\0\0\x0f\x15\0\0\0\0\0\0\0\0\0\0\
\x08\x08\0\0\x0f\x15\0\0\xd9\x3c\0\0\x29\xb0\x01\0\x20\x08\0\0\x0f\x15\0\0\x5f\
\x3c\0\0\x15\xa4\x01\0\x30\x08\0\0\x0f\x15\0\0\xd9\x3c\0\0\x29\xb0\x01\0\x38\
\x08\0\0\x0f\x15\0\0\x22\x3d\0\0\x07\x20\x01\0\x78\x08\0\0\x0f\x15\0\0\x61\x3d\
\0\0\x0e\x6c\x01\0\xb8\x08\0\0\x0f\x15\0\0\x89\x3d\0\0\x27\x30\x01\0\xd0\x08\0\
\0\x0f\x15\0\0\xd4\x3d\0\0\x0b\x34\x01\0\x10\x09\0\0\x0f\x15\0\0\xfc\x3d\0\0\
\x14\xac\x01\0\x60\x09\0\0\x08\x3a\0\0\x46\x3e\0\0\x23\x90\0\0\x90\x09\0\0\x0f\
\x15\0\0\xfc\x3d\0\0\x14\xac\x01\0\x98\x09\0\0\x08\x3a\0\0\x46\x3e\0\0\x23\x90\
\0\0\xb0\x09\0\0\x08\x3a\0\0\x46\x3e\0\0\x23\x90\0\0\xc0\x09\0\0\x08\x3a\0\0\
\x9b\x3e\0\0\x15\x58\0\0\xe8\x09\0\0\x08\x3a\0\0\x9b\x3e\0\0\x03\x58\0\0\x10\
\x0a\0\0\x08\x3a\0\0\0\0\0\0\0\0\0\0\x18\x0a\0\0\x08\x3a\0\0\xbc\x3e\0\0\x22\
\x5c\0\0\x48\x0a\0\0\x08\x3a\0\0\0\0\0\0\0\0\0\0\x50\x0a\0\0\x08\x3a\0\0\xbc\
\x3e\0\0\x22\x5c\0\0\x60\x0a\0\0\x08\x3a\0\0\xbc\x3e\0\0\x22\x5c\0\0\x68\x0a\0\
\0\x08\x3a\0\0\x0c\x3f\0\0\x13\x60\0\0\x90\x0a\0\0\x08\x3a\0\0\0\0\0\0\0\0\0\0\
\x98\x0a\0\0\x08\x3a\0\0\x0c\x3f\0\0\x17\x60\0\0\xb8\x0a\0\0\x08\x3a\0\0\x0c\
\x3f\0\0\x17\x60\0\0\xc8\x0a\0\0\x08\x3a\0\0\0\0\0\0\0\0\0\0\xd0\x0a\0\0\x08\
\x3a\0\0\x4c\x3f\0\0\x17\x64\0\0\xe0\x0a\0\0\x08\x3a\0\0\x4c\x3f\0\0\x17\x64\0\
\0\xe8\x0a\0\0\x08\x3a\0\0\x0c\x3f\0\0\x09\x60\0\0\x10\x0b\0\0\x08\x3a\0\0\0\0\
\0\0\0\0\0\0\x18\x0b\0\0\x08\x3a\0\0\x8f\x3f\0\0\x15\x94\0\0\x28\x0b\0\0\x08\
\x3a\0\0\x8f\x3f\0\0\x15\x94\0\0\x38\x0b\0\0\x08\x3a\0\0\x8f\x3f\0\0\x13\x94\0\
\0\x58\x0b\0\0\x08\x3a\0\0\0\0\0\0\0\0\0\0\x60\x0b\0\0\x08\x3a\0\0\xc6\x3f\0\0\
\x22\x98\0\0\x78\x0b\0\0\x08\x3a\0\0\xc6\x3f\0\0\x22\x98\0\0\x80\x0b\0\0\x08\
\x3a\0\0\xc6\x3f\0\0\x20\x98\0\0\xb0\x0b\0\0\x08\x3a\0\0\0\0\0\0\0\0\0\0\xb8\
\x0b\0\0\x08\x3a\0\0\x0e\x40\0\0\x1b\x9c\0\0\xe0\x0b\0\0\x08\x3a\0\0\0\0\0\0\0\
\0\0\0\xe8\x0b\0\0\x08\x3a\0\0\x0e\x40\0\0\x1b\x9c\0\0\xf8\x0b\0\0\x08\x3a\0\0\
\x0e\x40\0\0\x1b\x9c\0\0\0\x0c\0\0\x08\x3a\0\0\x0e\x40\0\0\x19\x9c\0\0\x20\x0c\
\0\0\x08\x3a\0\0\0\0\0\0\0\0\0\0\x28\x0c\0\0\x08\x3a\0\0\x58\x40\0\0\x14\xa0\0\
\0\x38\x0c\0\0\x08\x3a\0\0\x58\x40\0\0\x14\xa0\0\0\x40\x0c\0\0\x08\x3a\0\0\x58\
\x40\0\0\x12\xa0\0\0\x68\x0c\0\0\x08\x3a\0\0\0\0\0\0\0\0\0\0\x70\x0c\0\0\x08\
\x3a\0\0\x89\x40\0\0\x14\xa8\0\0\xa8\x0c\0\0\x08\x3a\0\0\0\0\0\0\0\0\0\0\xb0\
\x0c\0\0\x08\x3a\0\0\x89\x40\0\0\x14\xa8\0\0\xc0\x0c\0\0\x08\x3a\0\0\x89\x40\0\
\0\x14\xa8\0\0\xc8\x0c\0\0\x08\x3a\0\0\x89\x40\0\0\x12\xa8\0\0\xd8\x0c\0\0\x08\
\x3a\0\0\0\0\0\0\0\0\0\0\xe0\x0c\0\0\x08\x3a\0\0\xc8\x40\0\0\x14\xac\0\0\x18\
\x0d\0\0\x08\x3a\0\0\0\0\0\0\0\0\0\0\x20\x0d\0\0\x08\x3a\0\0\xc8\x40\0\0\x14\
\xac\0\0\x30\x0d\0\0\x08\x3a\0\0\xc8\x40\0\0\x14\xac\0\0\x38\x0d\0\0\x08\x3a\0\
\0\xc8\x40\0\0\x12\xac\0\0\x58\x0d\0\0\x08\x3a\0\0\0\0\0\0\0\0\0\0\x60\x0d\0\0\
\x08\x3a\0\0\x0c\x41\0\0\x2a\xb8\0\0\x98\x0d\0\0\x08\x3a\0\0\0\0\0\0\0\0\0\0\
\xa0\x0d\0\0\x08\x3a\0\0\x0c\x41\0\0\x2a\xb8\0\0\xb0\x0d\0\0\x08\x3a\0\0\x0c\
\x41\0\0\x2a\xb8\0\0\xc0\x0d\0\0\x08\x3a\0\0\0\0\0\0\0\0\0\0\xc8\x0d\0\0\x08\
\x3a\0\0\xb2\x46\0\0\x28\xbc\0\0\0\x0e\0\0\x08\x3a\0\0\0\0\0\0\0\0\0\0\x08\x0e\
\0\0\x08\x3a\0\0\xb2\x46\0\0\x28\xbc\0\0\x18\x0e\0\0\x08\x3a\0\0\xb2\x46\0\0\
\x28\xbc\0\0\x20\x0e\0\0\x08\x3a\0\0\xff\x46\0\0\x10\xc0\0\0\x30\x0e\0\0\x08\
\x3a\0\0\xff\x46\0\0\x07\xc0\0\0\x40\x0e\0\0\x08\x3a\0\0\0\0\0\0\0\0\0\0\x50\
\x0e\0\0\x08\x3a\0\0\x3f\x47\0\0\x22\xd4\0\0\x58\x0e\0\0\x08\x3a\0\0\x3f\x47\0\
\0\x03\xd4\0\0\x68\x0e\0\0\x08\x3a\0\0\x89\x47\0\0\x12\xdc\0\0\x70\x0e\0\0\x08\
\x3a\0\0\x89\x47\0\0\x07\xdc\0\0\x80\x0e\0\0\x08\x3a\0\0\xcf\x47\0\0\x3c\xe0\0\
\0\x90\x0e\0\0\x0f\x15\0\0\xf5\x4e\0\0\x25\x70\x02\0\xa0\x0e\0\0\x0f\x15\0\0\
\x22\x4f\0\0\x03\x74\x02\0\xd8\x0e\0\0\x0f\x15\0\0\x73\x4f\0\0\x07\x7c\x02\0\
\xf8\x0e\0\0\x0f\x15\0\0\xb6\x4f\0\0\x07\x80\x02\0\0\x0f\0\0\x0f\x15\0\0\xd2\
\x4f\0\0\x15\x84\x02\0\x08\x0f\0\0\x0f\x15\0\0\xd2\x4f\0\0\x09\x84\x02\0\x10\
\x0f\0\0\x0f\x15\0\0\x19\x50\0\0\x1a\x88\x02\0\x30\x0f\0\0\x0f\x15\0\0\x19\x50\
\0\0\x07\x88\x02\0\xa0\x0f\0\0\x0f\x15\0\0\x5d\x50\0\0\x1e\x90\x02\0\xb8\x0f\0\
\0\x0f\x15\0\0\x7e\x50\0\0\x05\xa0\x02\0\xd8\x10\0\0\x0f\x15\0\0\xc0\x50\0\0\
\x05\xa4\x02\0\x48\x11\0\0\x0f\x15\0\0\x07\x51\0\0\x20\xac\x02\0\x58\x11\0\0\
\x0f\x15\0\0\x7e\x50\0\0\x05\xa0\x02\0\x60\x11\0\0\x0f\x15\0\0\x2b\x51\0\0\x09\
\xb0\x02\0\x88\x11\0\0\x0f\x15\0\0\x2b\x51\0\0\x09\xb0\x02\0\x90\x11\0\0\x0f\
\x15\0\0\x6f\x51\0\0\x07\xb8\x02\0\x9f\x51\0\0\x9e\0\0\0\0\0\0\0\x0f\x15\0\0\
\xc5\x51\0\0\x05\xe8\x03\0\x28\0\0\0\x0f\x15\0\0\xbc\x49\0\0\x07\0\x04\0\x38\0\
\0\0\x0f\x15\0\0\xc5\x51\0\0\x05\xe8\x03\0\x48\0\0\0\x0f\x15\0\0\xcd\x49\0\0\
\x03\x1c\x04\0\x78\0\0\0\x0f\x15\0\0\xf7\x49\0\0\x0c\x20\x04\0\xa0\0\0\0\x0f\
\x15\0\0\xc5\x51\0\0\x05\xe8\x03\0\xa8\0\0\0\x0f\x15\0\0\x14\x4a\0\0\x22\xc8\
\x01\0\xe0\0\0\0\x0f\x15\0\0\xc5\x51\0\0\x05\xe8\x03\0\xe8\0\0\0\x0f\x15\0\0\
\x14\x4a\0\0\x22\xc8\x01\0\0\x01\0\0\x0f\x15\0\0\x5b\x4a\0\0\x22\xcc\x01\0\x08\
\x01\0\0\x0f\x15\0\0\x5b\x4a\0\0\x16\xcc\x01\0\x28\x01\0\0\x0f\x15\0\0\xc5\x51\
\0\0\x05\xe8\x03\0\x30\x01\0\0\x0f\x15\0\0\x88\x4a\0\0\x2e\xd4\x01\0\x48\x01\0\
\0\x0f\x15\0\0\x88\x4a\0\0\x2e\xd4\x01\0\x58\x01\0\0\x0f\x15\0\0\xc5\x51\0\0\
\x05\xe8\x03\0\x60\x01\0\0\x0f\x15\0\0\xd0\x4a\0\0\x1a\xd8\x01\0\x98\x01\0\0\
\x0f\x15\0\0\xc5\x51\0\0\x05\xe8\x03\0\xa0\x01\0\0\x0f\x15\0\0\xd0\x4a\0\0\x1a\
\xd8\x01\0\xb0\x01\0\0\x0f\x15\0\0\x88\x4a\0\0\x2e\xd4\x01\0\xc0\x01\0\0\x0f\
\x15\0\0\xd0\x4a\0\0\x1a\xd8\x01\0\xc8\x01\0\0\x0f\x15\0\0\x22\x3d\0\0\x07\x20\
\x01\0\0\x02\0\0\x0f\x15\0\0\x61\x3d\0\0\x0e\x6c\x01\0\x40\x02\0\0\x0f\x15\0\0\
\x89\x3d\0\0\x27\x30\x01\0\x58\x02\0\0\x0f\x15\0\0\xd4\x3d\0\0\x0b\x34\x01\0\
\x98\x02\0\0\x0f\x15\0\0\x10\x4b\0\0\x18\xd0\x01\0\xa0\x02\0\0\x0f\x15\0\0\x29\
\x4b\0\0\x07\xdc\x01\0\xb8\x02\0\0\x0f\x15\0\0\x5c\x4b\0\0\x2d\xe0\x01\0\xc8\
\x02\0\0\x0f\x15\0\0\x5c\x4b\0\0\x21\xe0\x01\0\xd0\x02\0\0\x0f\x15\0\0\x9b\x4b\
\0\0\x2f\xe4\x01\0\xd8\x02\0\0\x0f\x15\0\0\x9b\x4b\0\0\x23\xe4\x01\0\xe8\x02\0\
\0\x0f\x15\0\0\xd8\x4b\0\0\x05\xec\x01\0\x58\x03\0\0\x0f\x15\0\0\x16\x4c\0\0\
\x05\xf8\x01\0\x80\x03\0\0\x0f\x15\0\0\x49\x4c\0\0\x25\x08\x02\0\x90\x03\0\0\
\x0f\x15\0\0\x49\x4c\0\0\x19\x08\x02\0\x98\x03\0\0\x0f\x15\0\0\x80\x4c\0\0\x27\
\x0c\x02\0\xa0\x03\0\0\x0f\x15\0\0\x80\x4c\0\0\x1b\x0c\x02\0\xb0\x03\0\0\x0f\
\x15\0\0\x49\x4c\0\0\x25\x08\x02\0\xb8\x03\0\0\x0f\x15\0\0\xaf\x4c\0\0\x0f\x28\
\x04\0\xd0\x03\0\0\x0f\x15\0\0\xf0\x4c\0\0\x07\x2c\x04\0\xd8\x03\0\0\x0f\x15\0\
\0\xf1\x51\0\0\x26\x30\x04\0\xe0\x03\0\0\x0f\x15\0\0\xf1\x51\0\0\x2f\x30\x04\0\
\xf0\x03\0\0\x0f\x15\0\0\xf1\x51\0\0\x19\x30\x04\0\xf8\x03\0\0\x0f\x15\0\0\xc5\
\x51\0\0\x05\xe8\x03\0\x10\x04\0\0\x0f\x15\0\0\x4f\x4d\0\0\x12\x30\x02\0\x20\
\x04\0\0\x0f\x15\0\0\x87\x4d\0\0\x13\x40\x02\0\x28\x04\0\0\x0f\x15\0\0\xa6\x4d\
\0\0\x1c\x3c\x02\0\x30\x04\0\0\x0f\x15\0\0\x25\x52\0\0\x12\x44\x02\0\x48\x04\0\
\0\x0f\x15\0\0\0\0\0\0\0\0\0\0\x60\x04\0\0\x0f\x15\0\0\xca\x4d\0\0\x03\x4c\x02\
\0\x88\x04\0\0\x0f\x15\0\0\0\0\0\0\0\0\0\0\x90\x04\0\0\x0f\x15\0\0\x13\x4e\0\0\
\x13\x54\x02\0\xa8\x04\0\0\x0f\x15\0\0\x60\x4e\0\0\x07\x58\x02\0\xb8\x04\0\0\
\x0f\x15\0\0\0\0\0\0\0\0\0\0\xc0\x04\0\0\x0f\x15\0\0\x7f\x4e\0\0\x03\x64\x02\0\
\0\x07\0\0\x0f\x15\0\0\xa4\x4e\0\0\x4b\x6c\x02\0\x08\x07\0\0\x0f\x15\0\0\x09\
\x16\0\0\x30\x9c\x01\0\x38\x07\0\0\x0f\x15\0\0\0\0\0\0\0\0\0\0\x40\x07\0\0\x0f\
\x15\0\0\x2e\x3c\0\0\x15\xa0\x01\0\x60\x07\0\0\x0f\x15\0\0\x2e\x3c\0\0\x15\xa0\
\x01\0\x70\x07\0\0\x0f\x15\0\0\0\0\0\0\0\0\0\0\x78\x07\0\0\x0f\x15\0\0\x5f\x3c\
\0\0\x15\xa4\x01\0\xa8\x07\0\0\x0f\x15\0\0\x5f\x3c\0\0\x15\xa4\x01\0\xb8\x07\0\
\0\x0f\x15\0\0\0\0\0\0\0\0\0\0\xc0\x07\0\0\x0f\x15\0\0\x92\x3c\0\0\x14\xa8\x01\
\0\xd8\x07\0\0\x0f\x15\0\0\x92\x3c\0\0\x33\xa8\x01\0\xe0\x07\0\0\x0f\x15\0\0\
\x92\x3c\0\0\x12\xa8\x01\0\0\x08\0\0\x0f\x15\0\0\0\0\0\0\0\0\0\0\x08\x08\0\0\
\x0f\x15\0\0\xd9\x3c\0\0\x29\xb0\x01\0\x20\x08\0\0\x0f\x15\0\0\x5f\x3c\0\0\x15\
\xa4\x01\0\x30\x08\0\0\x0f\x15\0\0\xd9\x3c\0\0\x29\xb0\x01\0\x38\x08\0\0\x0f\
\x15\0\0\x22\x3d\0\0\x07\x20\x01\0\x78\x08\0\0\x0f\x15\0\0\x61\x3d\0\0\x0e\x6c\
\x01\0\xb8\x08\0\0\x0f\x15\0\0\x89\x3d\0\0\x27\x30\x01\0\xd0\x08\0\0\x0f\x15\0\
\0\xd4\x3d\0\0\x0b\x34\x01\0\x10\x09\0\0\x0f\x15\0\0\xfc\x3d\0\0\x14\xac\x01\0\
\x60\x09\0\0\x08\x3a\0\0\x46\x3e\0\0\x23\x90\0\0\x90\x09\0\0\x0f\x15\0\0\xfc\
\x3d\0\0\x14\xac\x01\0\x98\x09\0\0\x08\x3a\0\0\x46\x3e\0\0\x23\x90\0\0\xb0\x09\
\0\0\x08\x3a\0\0\x46\x3e\0\0\x23\x90\0\0\xc0\x09\0\0\x08\x3a\0\0\x9b\x3e\0\0\
\x15\x58\0\0\xe8\x09\0\0\x08\x3a\0\0\x9b\x3e\0\0\x03\x58\0\0\x10\x0a\0\0\x08\
\x3a\0\0\0\0\0\0\0\0\0\0\x18\x0a\0\0\x08\x3a\0\0\xbc\x3e\0\0\x22\x5c\0\0\x48\
\x0a\0\0\x08\x3a\0\0\0\0\0\0\0\0\0\0\x50\x0a\0\0\x08\x3a\0\0\xbc\x3e\0\0\x22\
\x5c\0\0\x60\x0a\0\0\x08\x3a\0\0\xbc\x3e\0\0\x22\x5c\0\0\x68\x0a\0\0\x08\x3a\0\
\0\x0c\x3f\0\0\x13\x60\0\0\x90\x0a\0\0\x08\x3a\0\0\0\0\0\0\0\0\0\0\x98\x0a\0\0\
\x08\x3a\0\0\x0c\x3f\0\0\x17\x60\0\0\xb8\x0a\0\0\x08\x3a\0\0\x0c\x3f\0\0\x17\
\x60\0\0\xc8\x0a\0\0\x08\x3a\0\0\0\0\0\0\0\0\0\0\xd0\x0a\0\0\x08\x3a\0\0\x4c\
\x3f\0\0\x17\x64\0\0\xe0\x0a\0\0\x08\x3a\0\0\x4c\x3f\0\0\x17\x64\0\0\xe8\x0a\0\
\0\x08\x3a\0\0\x0c\x3f\0\0\x09\x60\0\0\x10\x0b\0\0\x08\x3a\0\0\0\0\0\0\0\0\0\0\
\x18\x0b\0\0\x08\x3a\0\0\x8f\x3f\0\0\x15\x94\0\0\x28\x0b\0\0\x08\x3a\0\0\x8f\
\x3f\0\0\x15\x94\0\0\x38\x0b\0\0\x08\x3a\0\0\x8f\x3f\0\0\x13\x94\0\0\x58\x0b\0\
\0\x08\x3a\0\0\0\0\0\0\0\0\0\0\x60\x0b\0\0\x08\x3a\0\0\xc6\x3f\0\0\x22\x98\0\0\
\x78\x0b\0\0\x08\x3a\0\0\xc6\x3f\0\0\x22\x98\0\0\x80\x0b\0\0\x08\x3a\0\0\xc6\
\x3f\0\0\x20\x98\0\0\xb0\x0b\0\0\x08\x3a\0\0\0\0\0\0\0\0\0\0\xb8\x0b\0\0\x08\
\x3a\0\0\x0e\x40\0\0\x1b\x9c\0\0\xe0\x0b\0\0\x08\x3a\0\0\0\0\0\0\0\0\0\0\xe8\
\x0b\0\0\x08\x3a\0\0\x0e\x40\0\0\x1b\x9c\0\0\xf8\x0b\0\0\x08\x3a\0\0\x0e\x40\0\
\0\x1b\x9c\0\0\0\x0c\0\0\x08\x3a\0\0\x0e\x40\0\0\x19\x9c\0\0\x20\x0c\0\0\x08\
\x3a\0\0\0\0\0\0\0\0\0\0\x28\x0c\0\0\x08\x3a\0\0\x58\x40\0\0\x14\xa0\0\0\x38\
\x0c\0\0\x08\x3a\0\0\x58\x40\0\0\x14\xa0\0\0\x40\x0c\0\0\x08\x3a\0\0\x58\x40\0\
\0\x12\xa0\0\0\x68\x0c\0\0\x08\x3a\0\0\0\0\0\0\0\0\0\0\x70\x0c\0\0\x08\x3a\0\0\
\x89\x40\0\0\x14\xa8\0\0\xa8\x0c\0\0\x08\x3a\0\0\0\0\0\0\0\0\0\0\xb0\x0c\0\0\
\x08\x3a\0\0\x89\x40\0\0\x14\xa8\0\0\xc0\x0c\0\0\x08\x3a\0\0\x89\x40\0\0\x14\
\xa8\0\0\xc8\x0c\0\0\x08\x3a\0\0\x89\x40\0\0\x12\xa8\0\0\xd8\x0c\0\0\x08\x3a\0\
\0\0\0\0\0\0\0\0\0\xe0\x0c\0\0\x08\x3a\0\0\xc8\x40\0\0\x14\xac\0\0\x18\x0d\0\0\
\x08\x3a\0\0\0\0\0\0\0\0\0\0\x20\x0d\0\0\x08\x3a\0\0\xc8\x40\0\0\x14\xac\0\0\
\x30\x0d\0\0\x08\x3a\0\0\xc8\x40\0\0\x14\xac\0\0\x38\x0d\0\0\x08\x3a\0\0\xc8\
\x40\0\0\x12\xac\0\0\x58\x0d\0\0\x08\x3a\0\0\0\0\0\0\0\0\0\0\x60\x0d\0\0\x08\
\x3a\0\0\x0c\x41\0\0\x2a\xb8\0\0\x98\x0d\0\0\x08\x3a\0\0\0\0\0\0\0\0\0\0\xa0\
\x0d\0\0\x08\x3a\0\0\x0c\x41\0\0\x2a\xb8\0\0\xb0\x0d\0\0\x08\x3a\0\0\x0c\x41\0\
\0\x2a\xb8\0\0\xc0\x0d\0\0\x08\x3a\0\0\0\0\0\0\0\0\0\0\xc8\x0d\0\0\x08\x3a\0\0\
\xb2\x46\0\0\x28\xbc\0\0\0\x0e\0\0\x08\x3a\0\0\0\0\0\0\0\0\0\0\x08\x0e\0\0\x08\
\x3a\0\0\xb2\x46\0\0\x28\xbc\0\0\x18\x0e\0\0\x08\x3a\0\0\xb2\x46\0\0\x28\xbc\0\
\0\x20\x0e\0\0\x08\x3a\0\0\xff\x46\0\0\x10\xc0\0\0\x30\x0e\0\0\x08\x3a\0\0\xff\
\x46\0\0\x07\xc0\0\0\x40\x0e\0\0\x08\x3a\0\0\0\0\0\0\0\0\0\0\x50\x0e\0\0\x08\
\x3a\0\0\x3f\x47\0\0\x22\xd4\0\0\x58\x0e\0\0\x08\x3a\0\0\x3f\x47\0\0\x03\xd4\0\
\0\x68\x0e\0\0\x08\x3a\0\0\x89\x47\0\0\x12\xdc\0\0\x70\x0e\0\0\x08\x3a\0\0\x89\
\x47\0\0\x07\xdc\0\0\x80\x0e\0\0\x08\x3a\0\0\xcf\x47\0\0\x3c\xe0\0\0\x90\x0e\0\
\0\x0f\x15\0\0\xf5\x4e\0\0\x25\x70\x02\0\xa0\x0e\0\0\x0f\x15\0\0\x22\x4f\0\0\
\x03\x74\x02\0\xd8\x0e\0\0\x0f\x15\0\0\x73\x4f\0\0\x07\x7c\x02\0\xf8\x0e\0\0\
\x0f\x15\0\0\xb6\x4f\0\0\x07\x80\x02\0\0\x0f\0\0\x0f\x15\0\0\xd2\x4f\0\0\x15\
\x84\x02\0\x08\x0f\0\0\x0f\x15\0\0\xd2\x4f\0\0\x09\x84\x02\0\x10\x0f\0\0\x0f\
\x15\0\0\x19\x50\0\0\x1a\x88\x02\0\x30\x0f\0\0\x0f\x15\0\0\x19\x50\0\0\x07\x88\
\x02\0\xa0\x0f\0\0\x0f\x15\0\0\x5d\x50\0\0\x1e\x90\x02\0\xb8\x0f\0\0\x0f\x15\0\
\0\x7e\x50\0\0\x05\xa0\x02\0\xd8\x10\0\0\x0f\x15\0\0\xc0\x50\0\0\x05\xa4\x02\0\
\x48\x11\0\0\x0f\x15\0\0\x07\x51\0\0\x20\xac\x02\0\x58\x11\0\0\x0f\x15\0\0\x7e\
\x50\0\0\x05\xa0\x02\0\x60\x11\0\0\x0f\x15\0\0\x2b\x51\0\0\x09\xb0\x02\0\x88\
\x11\0\0\x0f\x15\0\0\x2b\x51\0\0\x09\xb0\x02\0\x90\x11\0\0\x0f\x15\0\0\x6f\x51\
\0\0\x07\xb8\x02\0\x5f\x52\0\0\x9d\0\0\0\0\0\0\0\x0f\x15\0\0\x84\x52\0\0\x05\
\x64\x04\0\x28\0\0\0\x0f\x15\0\0\xaf\x52\0\0\x07\x7c\x04\0\x30\0\0\0\x0f\x15\0\
\0\x84\x52\0\0\x05\x64\x04\0\x38\0\0\0\x0f\x15\0\0\xcd\x49\0\0\x03\x98\x04\0\
\x68\0\0\0\x0f\x15\0\0\xbf\x52\0\0\x0c\x9c\x04\0\x90\0\0\0\x0f\x15\0\0\x84\x52\
\0\0\x05\x64\x04\0\x98\0\0\0\x0f\x15\0\0\x14\x4a\0\0\x22\xc8\x01\0\xd0\0\0\0\
\x0f\x15\0\0\x84\x52\0\0\x05\x64\x04\0\xd8\0\0\0\x0f\x15\0\0\x14\x4a\0\0\x22\
\xc8\x01\0\xf0\0\0\0\x0f\x15\0\0\x5b\x4a\0\0\x22\xcc\x01\0\xf8\0\0\0\x0f\x15\0\
\0\x5b\x4a\0\0\x16\xcc\x01\0\x18\x01\0\0\x0f\x15\0\0\x84\x52\0\0\x05\x64\x04\0\
\x20\x01\0\0\x0f\x15\0\0\x88\x4a\0\0\x2e\xd4\x01\0\x38\x01\0\0\x0f\x15\0\0\x88\
\x4a\0\0\x2e\xd4\x01\0\x48\x01\0\0\x0f\x15\0\0\x84\x52\0\0\x05\x64\x04\0\x50\
\x01\0\0\x0f\x15\0\0\xd0\x4a\0\0\x1a\xd8\x01\0\x88\x01\0\0\x0f\x15\0\0\x84\x52\
\0\0\x05\x64\x04\0\x90\x01\0\0\x0f\x15\0\0\xd0\x4a\0\0\x1a\xd8\x01\0\xa0\x01\0\
\0\x0f\x15\0\0\x88\x4a\0\0\x2e\xd4\x01\0\xb0\x01\0\0\x0f\x15\0\0\xd0\x4a\0\0\
\x1a\xd8\x01\0\xb8\x01\0\0\x0f\x15\0\0\x22\x3d\0\0\x07\x20\x01\0\xf8\x01\0\0\
\x0f\x15\0\0\x61\x3d\0\0\x0e\x6c\x01\0\x38\x02\0\0\x0f\x15\0\0\x89\x3d\0\0\x27\
\x30\x01\0\x50\x02\0\0\x0f\x15\0\0\xd4\x3d\0\0\x0b\x34\x01\0\x90\x02\0\0\x0f\
\x15\0\0\x10\x4b\0\0\x18\xd0\x01\0\x98\x02\0\0\x0f\x15\0\0\x29\x4b\0\0\x07\xdc\
\x01\0\xb0\x02\0\0\x0f\x15\0\0\x5c\x4b\0\0\x2d\xe0\x01\0\xc0\x02\0\0\x0f\x15\0\
\0\x5c\x4b\0\0\x21\xe0\x01\0\xc8\x02\0\0\x0f\x15\0\0\x9b\x4b\0\0\x2f\xe4\x01\0\
\xd0\x02\0\0\x0f\x15\0\0\x9b\x4b\0\0\x23\xe4\x01\0\xe0\x02\0\0\x0f\x15\0\0\xd8\
\x4b\0\0\x05\xec\x01\0\x50\x03\0\0\x0f\x15\0\0\x16\x4c\0\0\x05\xf8\x01\0\x78\
\x03\0\0\x0f\x15\0\0\x49\x4c\0\0\x25\x08\x02\0\x88\x03\0\0\x0f\x15\0\0\x49\x4c\
\0\0\x19\x08\x02\0\x90\x03\0\0\x0f\x15\0\0\x80\x4c\0\0\x27\x0c\x02\0\x98\x03\0\
\0\x0f\x15\0\0\x80\x4c\0\0\x1b\x0c\x02\0\xa8\x03\0\0\x0f\x15\0\0\x49\x4c\0\0\
\x25\x08\x02\0\xb0\x03\0\0\x0f\x15\0\0\xaf\x4c\0\0\x0f\xa4\x04\0\xc8\x03\0\0\
\x0f\x15\0\0\xdf\x52\0\0\x07\xa8\x04\0\xd0\x03\0\0\x0f\x15\0\0\x28\x53\0\0\x05\
\xac\x04\0\xe8\x03\0\0\x0f\x15\0\0\0\0\0\0\0\0\0\0\xf0\x03\0\0\x0f\x15\0\0\x84\
\x52\0\0\x05\x64\x04\0\x08\x04\0\0\x0f\x15\0\0\x4f\x4d\0\0\x12\x30\x02\0\x10\
\x04\0\0\x0f\x15\0\0\xa6\x4d\0\0\x1c\x3c\x02\0\x18\x04\0\0\x0f\x15\0\0\x25\x52\
\0\0\x12\x44\x02\0\x20\x04\0\0\x0f\x15\0\0\x87\x4d\0\0\x13\x40\x02\0\x30\x04\0\
\0\x0f\x15\0\0\0\0\0\0\0\0\0\0\x48\x04\0\0\x0f\x15\0\0\xca\x4d\0\0\x03\x4c\x02\
\0\x70\x04\0\0\x0f\x15\0\0\0\0\0\0\0\0\0\0\x78\x04\0\0\x0f\x15\0\0\x13\x4e\0\0\
\x13\x54\x02\0\x90\x04\0\0\x0f\x15\0\0\x60\x4e\0\0\x07\x58\x02\0\xa0\x04\0\0\
\x0f\x15\0\0\0\0\0\0\0\0\0\0\xa8\x04\0\0\x0f\x15\0\0\x7f\x4e\0\0\x03\x64\x02\0\
\xe8\x06\0\0\x0f\x15\0\0\xa4\x4e\0\0\x4b\x6c\x02\0\xf0\x06\0\0\x0f\x15\0\0\x09\
\x16\0\0\x30\x9c\x01\0\x20\x07\0\0\x0f\x15\0\0\0\0\0\0\0\0\0\0\x28\x07\0\0\x0f\
\x15\0\0\x2e\x3c\0\0\x15\xa0\x01\0\x48\x07\0\0\x0f\x15\0\0\x2e\x3c\0\0\x15\xa0\
\x01\0\x58\x07\0\0\x0f\x15\0\0\0\0\0\0\0\0\0\0\x60\x07\0\0\x0f\x15\0\0\x5f\x3c\
\0\0\x15\xa4\x01\0\x90\x07\0\0\x0f\x15\0\0\x5f\x3c\0\0\x15\xa4\x01\0\xa0\x07\0\
\0\x0f\x15\0\0\0\0\0\0\0\0\0\0\xa8\x07\0\0\x0f\x15\0\0\x92\x3c\0\0\x14\xa8\x01\
\0\xc0\x07\0\0\x0f\x15\0\0\x92\x3c\0\0\x33\xa8\x01\0\xc8\x07\0\0\x0f\x15\0\0\
\x92\x3c\0\0\x12\xa8\x01\0\xe8\x07\0\0\x0f\x15\0\0\0\0\0\0\0\0\0\0\xf0\x07\0\0\
\x0f\x15\0\0\xd9\x3c\0\0\x29\xb0\x01\0\x08\x08\0\0\x0f\x15\0\0\x5f\x3c\0\0\x15\
\xa4\x01\0\x18\x08\0\0\x0f\x15\0\0\xd9\x3c\0\0\x29\xb0\x01\0\x20\x08\0\0\x0f\
\x15\0\0\x22\x3d\0\0\x07\x20\x01\0\x60\x08\0\0\x0f\x15\0\0\x61\x3d\0\0\x0e\x6c\
\x01\0\xa0\x08\0\0\x0f\x15\0\0\x89\x3d\0\0\x27\x30\x01\0\xb8\x08\0\0\x0f\x15\0\
\0\xd4\x3d\0\0\x0b\x34\x01\0\xf8\x08\0\0\x0f\x15\0\0\xfc\x3d\0\0\x14\xac\x01\0\
\x48\x09\0\0\x08\x3a\0\0\x46\x3e\0\0\x23\x90\0\0\x78\x09\0\0\x0f\x15\0\0\xfc\
\x3d\0\0\x14\xac\x01\0\x80\x09\0\0\x08\x3a\0\0\x46\x3e\0\0\x23\x90\0\0\x98\x09\
\0\0\x08\x3a\0\0\x46\x3e\0\0\x23\x90\0\0\xa8\x09\0\0\x08\x3a\0\0\x9b\x3e\0\0\
\x15\x58\0\0\xd0\x09\0\0\x08\x3a\0\0\x9b\x3e\0\0\x03\x58\0\0\xf8\x09\0\0\x08\
\x3a\0\0\0\0\0\0\0\0\0\0\0\x0a\0\0\x08\x3a\0\0\xbc\x3e\0\0\x22\x5c\0\0\x30\x0a\
\0\0\x08\x3a\0\0\0\0\0\0\0\0\0\0\x38\x0a\0\0\x08\x3a\0\0\xbc\x3e\0\0\x22\x5c\0\
\0\x48\x0a\0\0\x08\x3a\0\0\xbc\x3e\0\0\x22\x5c\0\0\x50\x0a\0\0\x08\x3a\0\0\x0c\
\x3f\0\0\x13\x60\0\0\x78\x0a\0\0\x08\x3a\0\0\0\0\0\0\0\0\0\0\x80\x0a\0\0\x08\
\x3a\0\0\x0c\x3f\0\0\x17\x60\0\0\xa0\x0a\0\0\x08\x3a\0\0\x0c\x3f\0\0\x17\x60\0\
\0\xb0\x0a\0\0\x08\x3a\0\0\0\0\0\0\0\0\0\0\xb8\x0a\0\0\x08\x3a\0\0\x4c\x3f\0\0\
\x17\x64\0\0\xc8\x0a\0\0\x08\x3a\0\0\x4c\x3f\0\0\x17\x64\0\0\xd0\x0a\0\0\x08\
\x3a\0\0\x0c\x3f\0\0\x09\x60\0\0\xf8\x0a\0\0\x08\x3a\0\0\0\0\0\0\0\0\0\0\0\x0b\
\0\0\x08\x3a\0\0\x8f\x3f\0\0\x15\x94\0\0\x10\x0b\0\0\x08\x3a\0\0\x8f\x3f\0\0\
\x15\x94\0\0\x20\x0b\0\0\x08\x3a\0\0\x8f\x3f\0\0\x13\x94\0\0\x40\x0b\0\0\x08\
\x3a\0\0\0\0\0\0\0\0\0\0\x48\x0b\0\0\x08\x3a\0\0\xc6\x3f\0\0\x22\x98\0\0\x60\
\x0b\0\0\x08\x3a\0\0\xc6\x3f\0\0\x22\x98\0\0\x68\x0b\0\0\x08\x3a\0\0\xc6\x3f\0\
\0\x20\x98\0\0\x98\x0b\0\0\x08\x3a\0\0\0\0\0\0\0\0\0\0\xa0\x0b\0\0\x08\x3a\0\0\
\x0e\x40\0\0\x1b\x9c\0\0\xc8\x0b\0\0\x08\x3a\0\0\0\0\0\0\0\0\0\0\xd0\x0b\0\0\
\x08\x3a\0\0\x0e\x40\0\0\x1b\x9c\0\0\xe0\x0b\0\0\x08\x3a\0\0\x0e\x40\0\0\x1b\
\x9c\0\0\xe8\x0b\0\0\x08\x3a\0\0\x0e\x40\0\0\x19\x9c\0\0\x08\x0c\0\0\x08\x3a\0\
\0\0\0\0\0\0\0\0\0\x10\x0c\0\0\x08\x3a\0\0\x58\x40\0\0\x14\xa0\0\0\x20\x0c\0\0\
\x08\x3a\0\0\x58\x40\0\0\x14\xa0\0\0\x28\x0c\0\0\x08\x3a\0\0\x58\x40\0\0\x12\
\xa0\0\0\x50\x0c\0\0\x08\x3a\0\0\0\0\0\0\0\0\0\0\x58\x0c\0\0\x08\x3a\0\0\x89\
\x40\0\0\x14\xa8\0\0\x90\x0c\0\0\x08\x3a\0\0\0\0\0\0\0\0\0\0\x98\x0c\0\0\x08\
\x3a\0\0\x89\x40\0\0\x14\xa8\0\0\xa8\x0c\0\0\x08\x3a\0\0\x89\x40\0\0\x14\xa8\0\
\0\xb0\x0c\0\0\x08\x3a\0\0\x89\x40\0\0\x12\xa8\0\0\xc0\x0c\0\0\x08\x3a\0\0\0\0\
\0\0\0\0\0\0\xc8\x0c\0\0\x08\x3a\0\0\xc8\x40\0\0\x14\xac\0\0\0\x0d\0\0\x08\x3a\
\0\0\0\0\0\0\0\0\0\0\x08\x0d\0\0\x08\x3a\0\0\xc8\x40\0\0\x14\xac\0\0\x18\x0d\0\
\0\x08\x3a\0\0\xc8\x40\0\0\x14\xac\0\0\x20\x0d\0\0\x08\x3a\0\0\xc8\x40\0\0\x12\
\xac\0\0\x40\x0d\0\0\x08\x3a\0\0\0\0\0\0\0\0\0\0\x48\x0d\0\0\x08\x3a\0\0\x0c\
\x41\0\0\x2a\xb8\0\0\x80\x0d\0\0\x08\x3a\0\0\0\0\0\0\0\0\0\0\x88\x0d\0\0\x08\
\x3a\0\0\x0c\x41\0\0\x2a\xb8\0\0\x98\x0d\0\0\x08\x3a\0\0\x0c\x41\0\0\x2a\xb8\0\
\0\xa8\x0d\0\0\x08\x3a\0\0\0\0\0\0\0\0\0\0\xb0\x0d\0\0\x08\x3a\0\0\xb2\x46\0\0\
\x28\xbc\0\0\xe8\x0d\0\0\x08\x3a\0\0\0\0\0\0\0\0\0\0\xf0\x0d\0\0\x08\x3a\0\0\
\xb2\x46\0\0\x28\xbc\0\0\0\x0e\0\0\x08\x3a\0\0\xb2\x46\0\0\x28\xbc\0\0\x08\x0e\
\0\0\x08\x3a\0\0\xff\x46\0\0\x10\xc0\0\0\x18\x0e\0\0\x08\x3a\0\0\xff\x46\0\0\
\x07\xc0\0\0\x28\x0e\0\0\x08\x3a\0\0\0\0\0\0\0\0\0\0\x38\x0e\0\0\x08\x3a\0\0\
\x3f\x47\0\0\x22\xd4\0\0\x40\x0e\0\0\x08\x3a\0\0\x3f\x47\0\0\x03\xd4\0\0\x50\
\x0e\0\0\x08\x3a\0\0\x89\x47\0\0\x12\xdc\0\0\x58\x0e\0\0\x08\x3a\0\0\x89\x47\0\
\0\x07\xdc\0\0\x68\x0e\0\0\x08\x3a\0\0\xcf\x47\0\0\x3c\xe0\0\0\x78\x0e\0\0\x0f\
\x15\0\0\xf5\x4e\0\0\x25\x70\x02\0\x88\x0e\0\0\x0f\x15\0\0\x22\x4f\0\0\x03\x74\
\x02\0\xc0\x0e\0\0\x0f\x15\0\0\x73\x4f\0\0\x07\x7c\x02\0\xe0\x0e\0\0\x0f\x15\0\
\0\xb6\x4f\0\0\x07\x80\x02\0\xe8\x0e\0\0\x0f\x15\0\0\xd2\x4f\0\0\x15\x84\x02\0\
\xf0\x0e\0\0\x0f\x15\0\0\xd2\x4f\0\0\x09\x84\x02\0\xf8\x0e\0\0\x0f\x15\0\0\x19\
\x50\0\0\x1a\x88\x02\0\x18\x0f\0\0\x0f\x15\0\0\x19\x50\0\0\x07\x88\x02\0\x88\
\x0f\0\0\x0f\x15\0\0\x5d\x50\0\0\x1e\x90\x02\0\xa0\x0f\0\0\x0f\x15\0\0\x7e\x50\
\0\0\x05\xa0\x02\0\xc0\x10\0\0\x0f\x15\0\0\xc0\x50\0\0\x05\xa4\x02\0\x30\x11\0\
\0\x0f\x15\0\0\x07\x51\0\0\x20\xac\x02\0\x40\x11\0\0\x0f\x15\0\0\x7e\x50\0\0\
\x05\xa0\x02\0\x48\x11\0\0\x0f\x15\0\0\x2b\x51\0\0\x09\xb0\x02\0\x70\x11\0\0\
\x0f\x15\0\0\x2b\x51\0\0\x09\xb0\x02\0\x78\x11\0\0\x0f\x15\0\0\x6f\x51\0\0\x07\
\xb8\x02\0\x5d\x53\0\0\x9c\0\0\0\0\0\0\0\x0f\x15\0\0\x8a\x53\0\0\x05\xdc\x04\0\
\x28\0\0\0\x0f\x15\0\0\xaf\x52\0\0\x07\xf8\x04\0\x30\0\0\0\x0f\x15\0\0\x8a\x53\
\0\0\x05\xdc\x04\0\x38\0\0\0\x0f\x15\0\0\xcd\x49\0\0\x03\x14\x05\0\x68\0\0\0\
\x0f\x15\0\0\xf7\x49\0\0\x0c\x18\x05\0\x90\0\0\0\x0f\x15\0\0\x8a\x53\0\0\x05\
\xdc\x04\0\x98\0\0\0\x0f\x15\0\0\x14\x4a\0\0\x22\xc8\x01\0\xd0\0\0\0\x0f\x15\0\
\0\x8a\x53\0\0\x05\xdc\x04\0\xd8\0\0\0\x0f\x15\0\0\x14\x4a\0\0\x22\xc8\x01\0\
\xf0\0\0\0\x0f\x15\0\0\x5b\x4a\0\0\x22\xcc\x01\0\xf8\0\0\0\x0f\x15\0\0\x5b\x4a\
\0\0\x16\xcc\x01\0\x18\x01\0\0\x0f\x15\0\0\x8a\x53\0\0\x05\xdc\x04\0\x20\x01\0\
\0\x0f\x15\0\0\x88\x4a\0\0\x2e\xd4\x01\0\x38\x01\0\0\x0f\x15\0\0\x88\x4a\0\0\
\x2e\xd4\x01\0\x48\x01\0\0\x0f\x15\0\0\x8a\x53\0\0\x05\xdc\x04\0\x50\x01\0\0\
\x0f\x15\0\0\xd0\x4a\0\0\x1a\xd8\x01\0\x88\x01\0\0\x0f\x15\0\0\x8a\x53\0\0\x05\
\xdc\x04\0\x90\x01\0\0\x0f\x15\0\0\xd0\x4a\0\0\x1a\xd8\x01\0\xa0\x01\0\0\x0f\
\x15\0\0\x88\x4a\0\0\x2e\xd4\x01\0\xb0\x01\0\0\x0f\x15\0\0\xd0\x4a\0\0\x1a\xd8\
\x01\0\xb8\x01\0\0\x0f\x15\0\0\x22\x3d\0\0\x07\x20\x01\0\xf8\x01\0\0\x0f\x15\0\
\0\x61\x3d\0\0\x0e\x6c\x01\0\x38\x02\0\0\x0f\x15\0\0\x89\x3d\0\0\x27\x30\x01\0\
\x50\x02\0\0\x0f\x15\0\0\xd4\x3d\0\0\x0b\x34\x01\0\x90\x02\0\0\x0f\x15\0\0\x10\
\x4b\0\0\x18\xd0\x01\0\x98\x02\0\0\x0f\x15\0\0\x29\x4b\0\0\x07\xdc\x01\0\xb0\
\x02\0\0\x0f\x15\0\0\x5c\x4b\0\0\x2d\xe0\x01\0\xc0\x02\0\0\x0f\x15\0\0\x5c\x4b\
\0\0\x21\xe0\x01\0\xc8\x02\0\0\x0f\x15\0\0\x9b\x4b\0\0\x2f\xe4\x01\0\xd0\x02\0\
\0\x0f\x15\0\0\x9b\x4b\0\0\x23\xe4\x01\0\xe0\x02\0\0\x0f\x15\0\0\xd8\x4b\0\0\
\x05\xec\x01\0\x50\x03\0\0\x0f\x15\0\0\x16\x4c\0\0\x05\xf8\x01\0\x78\x03\0\0\
\x0f\x15\0\0\x49\x4c\0\0\x25\x08\x02\0\x88\x03\0\0\x0f\x15\0\0\x49\x4c\0\0\x19\
\x08\x02\0\x90\x03\0\0\x0f\x15\0\0\x80\x4c\0\0\x27\x0c\x02\0\x98\x03\0\0\x0f\
\x15\0\0\x80\x4c\0\0\x1b\x0c\x02\0\xa8\x03\0\0\x0f\x15\0\0\x49\x4c\0\0\x25\x08\
\x02\0\xb0\x03\0\0\x0f\x15\0\0\xaf\x4c\0\0\x0f\x20\x05\0\xc8\x03\0\0\x0f\x15\0\
\0\xbd\x53\0\0\x07\x24\x05\0\xd8\x03\0\0\x0f\x15\0\0\xd0\x53\0\0\x1a\x28\x05\0\
\xe0\x03\0\0\x0f\x15\0\0\x8a\x53\0\0\x05\xdc\x04\0\xf8\x03\0\0\x0f\x15\0\0\x4f\
\x4d\0\0\x12\x30\x02\0\x08\x04\0\0\x0f\x15\0\0\x87\x4d\0\0\x13\x40\x02\0\x10\
\x04\0\0\x0f\x15\0\0\xa6\x4d\0\0\x1c\x3c\x02\0\x18\x04\0\0\x0f\x15\0\0\x25\x52\
\0\0\x12\x44\x02\0\x28\x04\0\0\x0f\x15\0\0\0\0\0\0\0\0\0\0\x40\x04\0\0\x0f\x15\
\0\0\xca\x4d\0\0\x03\x4c\x02\0\x68\x04\0\0\x0f\x15\0\0\0\0\0\0\0\0\0\0\x70\x04\
\0\0\x0f\x15\0\0\x13\x4e\0\0\x13\x54\x02\0\x88\x04\0\0\x0f\x15\0\0\x60\x4e\0\0\
\x07\x58\x02\0\x98\x04\0\0\x0f\x15\0\0\0\0\0\0\0\0\0\0\xa0\x04\0\0\x0f\x15\0\0\
\x7f\x4e\0\0\x03\x64\x02\0\xe0\x06\0\0\x0f\x15\0\0\xa4\x4e\0\0\x4b\x6c\x02\0\
\xe8\x06\0\0\x0f\x15\0\0\x09\x16\0\0\x30\x9c\x01\0\x18\x07\0\0\x0f\x15\0\0\0\0\
\0\0\0\0\0\0\x20\x07\0\0\x0f\x15\0\0\x2e\x3c\0\0\x15\xa0\x01\0\x40\x07\0\0\x0f\
\x15\0\0\x2e\x3c\0\0\x15\xa0\x01\0\x50\x07\0\0\x0f\x15\0\0\0\0\0\0\0\0\0\0\x58\
\x07\0\0\x0f\x15\0\0\x5f\x3c\0\0\x15\xa4\x01\0\x88\x07\0\0\x0f\x15\0\0\x5f\x3c\
\0\0\x15\xa4\x01\0\x98\x07\0\0\x0f\x15\0\0\0\0\0\0\0\0\0\0\xa0\x07\0\0\x0f\x15\
\0\0\x92\x3c\0\0\x14\xa8\x01\0\xb8\x07\0\0\x0f\x15\0\0\x92\x3c\0\0\x33\xa8\x01\
\0\xc0\x07\0\0\x0f\x15\0\0\x92\x3c\0\0\x12\xa8\x01\0\xe0\x07\0\0\x0f\x15\0\0\0\
\0\0\0\0\0\0\0\xe8\x07\0\0\x0f\x15\0\0\xd9\x3c\0\0\x29\xb0\x01\0\0\x08\0\0\x0f\
\x15\0\0\x5f\x3c\0\0\x15\xa4\x01\0\x10\x08\0\0\x0f\x15\0\0\xd9\x3c\0\0\x29\xb0\
\x01\0\x18\x08\0\0\x0f\x15\0\0\x22\x3d\0\0\x07\x20\x01\0\x58\x08\0\0\x0f\x15\0\
\0\x61\x3d\0\0\x0e\x6c\x01\0\x98\x08\0\0\x0f\x15\0\0\x89\x3d\0\0\x27\x30\x01\0\
\xb0\x08\0\0\x0f\x15\0\0\xd4\x3d\0\0\x0b\x34\x01\0\xf0\x08\0\0\x0f\x15\0\0\xfc\
\x3d\0\0\x14\xac\x01\0\x40\x09\0\0\x08\x3a\0\0\x46\x3e\0\0\x23\x90\0\0\x70\x09\
\0\0\x0f\x15\0\0\xfc\x3d\0\0\x14\xac\x01\0\x78\x09\0\0\x08\x3a\0\0\x46\x3e\0\0\
\x23\x90\0\0\x90\x09\0\0\x08\x3a\0\0\x46\x3e\0\0\x23\x90\0\0\xa0\x09\0\0\x08\
\x3a\0\0\x9b\x3e\0\0\x15\x58\0\0\xc8\x09\0\0\x08\x3a\0\0\x9b\x3e\0\0\x03\x58\0\
\0\xf0\x09\0\0\x08\x3a\0\0\0\0\0\0\0\0\0\0\xf8\x09\0\0\x08\x3a\0\0\xbc\x3e\0\0\
\x22\x5c\0\0\x28\x0a\0\0\x08\x3a\0\0\0\0\0\0\0\0\0\0\x30\x0a\0\0\x08\x3a\0\0\
\xbc\x3e\0\0\x22\x5c\0\0\x40\x0a\0\0\x08\x3a\0\0\xbc\x3e\0\0\x22\x5c\0\0\x48\
\x0a\0\0\x08\x3a\0\0\x0c\x3f\0\0\x13\x60\0\0\x70\x0a\0\0\x08\x3a\0\0\0\0\0\0\0\
\0\0\0\x78\x0a\0\0\x08\x3a\0\0\x0c\x3f\0\0\x17\x60\0\0\x98\x0a\0\0\x08\x3a\0\0\
\x0c\x3f\0\0\x17\x60\0\0\xa8\x0a\0\0\x08\x3a\0\0\0\0\0\0\0\0\0\0\xb0\x0a\0\0\
\x08\x3a\0\0\x4c\x3f\0\0\x17\x64\0\0\xc0\x0a\0\0\x08\x3a\0\0\x4c\x3f\0\0\x17\
\x64\0\0\xc8\x0a\0\0\x08\x3a\0\0\x0c\x3f\0\0\x09\x60\0\0\xf0\x0a\0\0\x08\x3a\0\
\0\0\0\0\0\0\0\0\0\xf8\x0a\0\0\x08\x3a\0\0\x8f\x3f\0\0\x15\x94\0\0\x08\x0b\0\0\
\x08\x3a\0\0\x8f\x3f\0\0\x15\x94\0\0\x18\x0b\0\0\x08\x3a\0\0\x8f\x3f\0\0\x13\
\x94\0\0\x38\x0b\0\0\x08\x3a\0\0\0\0\0\0\0\0\0\0\x40\x0b\0\0\x08\x3a\0\0\xc6\
\x3f\0\0\x22\x98\0\0\x58\x0b\0\0\x08\x3a\0\0\xc6\x3f\0\0\x22\x98\0\0\x60\x0b\0\
\0\x08\x3a\0\0\xc6\x3f\0\0\x20\x98\0\0\x90\x0b\0\0\x08\x3a\0\0\0\0\0\0\0\0\0\0\
\x98\x0b\0\0\x08\x3a\0\0\x0e\x40\0\0\x1b\x9c\0\0\xc0\x0b\0\0\x08\x3a\0\0\0\0\0\
\0\0\0\0\0\xc8\x0b\0\0\x08\x3a\0\0\x0e\x40\0\0\x1b\x9c\0\0\xd8\x0b\0\0\x08\x3a\
\0\0\x0e\x40\0\0\x1b\x9c\0\0\xe0\x0b\0\0\x08\x3a\0\0\x0e\x40\0\0\x19\x9c\0\0\0\
\x0c\0\0\x08\x3a\0\0\0\0\0\0\0\0\0\0\x08\x0c\0\0\x08\x3a\0\0\x58\x40\0\0\x14\
\xa0\0\0\x18\x0c\0\0\x08\x3a\0\0\x58\x40\0\0\x14\xa0\0\0\x20\x0c\0\0\x08\x3a\0\
\0\x58\x40\0\0\x12\xa0\0\0\x48\x0c\0\0\x08\x3a\0\0\0\0\0\0\0\0\0\0\x50\x0c\0\0\
\x08\x3a\0\0\x89\x40\0\0\x14\xa8\0\0\x88\x0c\0\0\x08\x3a\0\0\0\0\0\0\0\0\0\0\
\x90\x0c\0\0\x08\x3a\0\0\x89\x40\0\0\x14\xa8\0\0\xa0\x0c\0\0\x08\x3a\0\0\x89\
\x40\0\0\x14\xa8\0\0\xa8\x0c\0\0\x08\x3a\0\0\x89\x40\0\0\x12\xa8\0\0\xb8\x0c\0\
\0\x08\x3a\0\0\0\0\0\0\0\0\0\0\xc0\x0c\0\0\x08\x3a\0\0\xc8\x40\0\0\x14\xac\0\0\
\xf8\x0c\0\0\x08\x3a\0\0\0\0\0\0\0\0\0\0\0\x0d\0\0\x08\x3a\0\0\xc8\x40\0\0\x14\
\xac\0\0\x10\x0d\0\0\x08\x3a\0\0\xc8\x40\0\0\x14\xac\0\0\x18\x0d\0\0\x08\x3a\0\
\0\xc8\x40\0\0\x12\xac\0\0\x38\x0d\0\0\x08\x3a\0\0\0\0\0\0\0\0\0\0\x40\x0d\0\0\
\x08\x3a\0\0\x0c\x41\0\0\x2a\xb8\0\0\x78\x0d\0\0\x08\x3a\0\0\0\0\0\0\0\0\0\0\
\x80\x0d\0\0\x08\x3a\0\0\x0c\x41\0\0\x2a\xb8\0\0\x90\x0d\0\0\x08\x3a\0\0\x0c\
\x41\0\0\x2a\xb8\0\0\xa0\x0d\0\0\x08\x3a\0\0\0\0\0\0\0\0\0\0\xa8\x0d\0\0\x08\
\x3a\0\0\xb2\x46\0\0\x28\xbc\0\0\xe0\x0d\0\0\x08\x3a\0\0\0\0\0\0\0\0\0\0\xe8\
\x0d\0\0\x08\x3a\0\0\xb2\x46\0\0\x28\xbc\0\0\xf8\x0d\0\0\x08\x3a\0\0\xb2\x46\0\
\0\x28\xbc\0\0\0\x0e\0\0\x08\x3a\0\0\xff\x46\0\0\x10\xc0\0\0\x10\x0e\0\0\x08\
\x3a\0\0\xff\x46\0\0\x07\xc0\0\0\x20\x0e\0\0\x08\x3a\0\0\0\0\0\0\0\0\0\0\x30\
\x0e\0\0\x08\x3a\0\0\x3f\x47\0\0\x22\xd4\0\0\x38\x0e\0\0\x08\x3a\0\0\x3f\x47\0\
\0\x03\xd4\0\0\x48\x0e\0\0\x08\x3a\0\0\x89\x47\0\0\x12\xdc\0\0\x50\x0e\0\0\x08\
\x3a\0\0\x89\x47\0\0\x07\xdc\0\0\x60\x0e\0\0\x08\x3a\0\0\xcf\x47\0\0\x3c\xe0\0\
\0\x70\x0e\0\0\x0f\x15\0\0\xf5\x4e\0\0\x25\x70\x02\0\x80\x0e\0\0\x0f\x15\0\0\
\x22\x4f\0\0\x03\x74\x02\0\xb8\x0e\0\0\x0f\x15\0\0\x73\x4f\0\0\x07\x7c\x02\0\
\xd8\x0e\0\0\x0f\x15\0\0\xb6\x4f\0\0\x07\x80\x02\0\xe0\x0e\0\0\x0f\x15\0\0\xd2\
\x4f\0\0\x15\x84\x02\0\xe8\x0e\0\0\x0f\x15\0\0\xd2\x4f\0\0\x09\x84\x02\0\xf0\
\x0e\0\0\x0f\x15\0\0\x19\x50\0\0\x1a\x88\x02\0\x10\x0f\0\0\x0f\x15\0\0\x19\x50\
\0\0\x07\x88\x02\0\x80\x0f\0\0\x0f\x15\0\0\x5d\x50\0\0\x1e\x90\x02\0\x98\x0f\0\
\0\x0f\x15\0\0\x7e\x50\0\0\x05\xa0\x02\0\xb8\x10\0\0\x0f\x15\0\0\xc0\x50\0\0\
\x05\xa4\x02\0\x28\x11\0\0\x0f\x15\0\0\x07\x51\0\0\x20\xac\x02\0\x38\x11\0\0\
\x0f\x15\0\0\x7e\x50\0\0\x05\xa0\x02\0\x40\x11\0\0\x0f\x15\0\0\x2b\x51\0\0\x09\
\xb0\x02\0\x68\x11\0\0\x0f\x15\0\0\x2b\x51\0\0\x09\xb0\x02\0\x70\x11\0\0\x0f\
\x15\0\0\x6f\x51\0\0\x07\xb8\x02\0\x25\x54\0\0\x2c\0\0\0\0\0\0\0\x0f\x15\0\0\
\x4c\x54\0\0\x05\x84\x05\0\x18\0\0\0\x0f\x15\0\0\0\0\0\0\0\0\0\0\x20\0\0\0\x0f\
\x15\0\0\x90\x54\0\0\x10\x90\x05\0\x40\0\0\0\x0f\x15\0\0\xd3\x54\0\0\x19\x94\
\x05\0\x48\0\0\0\x0f\x15\0\0\xd3\x54\0\0\x12\x94\x05\0\x50\0\0\0\x0f\x15\0\0\
\xf1\x54\0\0\x1a\x98\x05\0\x58\0\0\0\x0f\x15\0\0\x0d\x55\0\0\x13\x9c\x05\0\x68\
\0\0\0\x0f\x15\0\0\xf1\x54\0\0\x07\x98\x05\0\x78\0\0\0\x0f\x15\0\0\0\0\0\0\0\0\
\0\0\x80\0\0\0\x0f\x15\0\0\x54\x55\0\0\x05\xb0\x05\0\xb8\0\0\0\x0f\x15\0\0\xf7\
\x49\0\0\x0c\xc8\x05\0\xc0\0\0\0\x0f\x15\0\0\xa3\x55\0\0\x16\xd0\x05\0\x38\x01\
\0\0\x0f\x15\0\0\0\0\0\0\0\0\0\0\x40\x01\0\0\x0f\x15\0\0\xcf\x55\0\0\x0b\xd4\
\x05\0\x58\x01\0\0\x0f\x15\0\0\x0c\x56\0\0\x09\xd8\x05\0\x60\x01\0\0\x0f\x15\0\
\0\x23\x56\0\0\x07\xdc\x05\0\x90\x01\0\0\x0f\x15\0\0\x68\x56\0\0\x1d\xe8\x05\0\
\x98\x01\0\0\x0f\x15\0\0\xa3\x55\0\0\x16\xd0\x05\0\x10\x02\0\0\x0f\x15\0\0\0\0\
\0\0\0\0\0\0\x18\x02\0\0\x0f\x15\0\0\xcf\x55\0\0\x0b\xd4\x05\0\x30\x02\0\0\x0f\
\x15\0\0\x0c\x56\0\0\x09\xd8\x05\0\x40\x02\0\0\x0f\x15\0\0\x68\x56\0\0\x1d\xe8\
\x05\0\x50\x02\0\0\x0f\x15\0\0\x23\x56\0\0\x07\xdc\x05\0\x70\x02\0\0\x0f\x15\0\
\0\xa3\x55\0\0\x16\xd0\x05\0\xe8\x02\0\0\x0f\x15\0\0\0\0\0\0\0\0\0\0\xf0\x02\0\
\0\x0f\x15\0\0\xcf\x55\0\0\x0b\xd4\x05\0\x08\x03\0\0\x0f\x15\0\0\x0c\x56\0\0\
\x09\xd8\x05\0\x18\x03\0\0\x0f\x15\0\0\x68\x56\0\0\x1d\xe8\x05\0\x28\x03\0\0\
\x0f\x15\0\0\x23\x56\0\0\x07\xdc\x05\0\x48\x03\0\0\x0f\x15\0\0\xa3\x55\0\0\x16\
\xd0\x05\0\xc0\x03\0\0\x0f\x15\0\0\0\0\0\0\0\0\0\0\xc8\x03\0\0\x0f\x15\0\0\xcf\
\x55\0\0\x0b\xd4\x05\0\xe0\x03\0\0\x0f\x15\0\0\x0c\x56\0\0\x09\xd8\x05\0\xf0\
\x03\0\0\x0f\x15\0\0\x68\x56\0\0\x1d\xe8\x05\0\0\x04\0\0\x0f\x15\0\0\x23\x56\0\
\0\x07\xdc\x05\0\x20\x04\0\0\x0f\x15\0\0\xa3\x55\0\0\x16\xd0\x05\0\x98\x04\0\0\
\x0f\x15\0\0\0\0\0\0\0\0\0\0\xa0\x04\0\0\x0f\x15\0\0\xcf\x55\0\0\x0b\xd4\x05\0\
\xb8\x04\0\0\x0f\x15\0\0\x0c\x56\0\0\x09\xd8\x05\0\xc8\x04\0\0\x0f\x15\0\0\x68\
\x56\0\0\x1d\xe8\x05\0\xd8\x04\0\0\x0f\x15\0\0\x23\x56\0\0\x07\xdc\x05\0\0\x05\
\0\0\x0f\x15\0\0\0\0\0\0\0\0\0\0\x08\x05\0\0\x0f\x15\0\0\x8c\x56\0\0\x03\xf0\
\x05\0\x20\x05\0\0\x0f\x15\0\0\x4c\x54\0\0\x05\x84\x05\0\x80\x5a\0\0\x05\0\0\0\
\0\0\0\0\x0f\x15\0\0\x86\x5a\0\0\x07\x60\x05\0\x08\0\0\0\x0f\x15\0\0\x94\x5a\0\
\0\x0e\x64\x05\0\x10\0\0\0\x0f\x15\0\0\x94\x5a\0\0\x09\x64\x05\0\x20\0\0\0\x0f\
\x15\0\0\xb1\x5a\0\0\x1f\x68\x05\0\x28\0\0\0\x0f\x15\0\0\xd7\x5a\0\0\x03\x74\
\x05\0\x10\0\0\0\xea\x14\0\0\x1a\0\0\0\x30\0\0\0\xe3\0\0\0\x04\x3a\0\0\0\0\0\0\
\xc0\0\0\0\xeb\x01\0\0\x04\x3a\0\0\0\0\0\0\x60\x01\0\0\xeb\x01\0\0\x5b\x3c\0\0\
\0\0\0\0\xa8\x01\0\0\x2f\0\0\0\x8e\x3c\0\0\0\0\0\0\xf0\x01\0\0\x30\0\0\0\xd0\
\x3c\0\0\0\0\0\0\x08\x02\0\0\x2f\0\0\0\xd4\x3c\0\0\0\0\0\0\x40\x03\0\0\xe3\0\0\
\0\x41\x3e\0\0\0\0\0\0\x78\x03\0\0\xe3\0\0\0\x96\x3e\0\0\0\0\0\0\0\x04\0\0\xe3\
\0\0\0\x41\x3e\0\0\0\0\0\0\x38\x04\0\0\xe3\0\0\0\x96\x3e\0\0\0\0\0\0\x80\x04\0\
\0\xe3\0\0\0\x46\x3f\0\0\0\0\0\0\xf8\x04\0\0\xe3\0\0\0\x8a\x3f\0\0\0\0\0\0\x48\
\x05\0\0\xe3\0\0\0\xc0\x3f\0\0\0\0\0\0\x98\x05\0\0\xe3\0\0\0\x96\x3e\0\0\0\0\0\
\0\x58\x06\0\0\xe3\0\0\0\x83\x40\0\0\0\0\0\0\x98\x06\0\0\x44\x01\0\0\xc2\x40\0\
\0\0\0\0\0\x08\x07\0\0\x44\x01\0\0\x01\x41\0\0\0\0\0\0\x50\x07\0\0\xe3\0\0\0\
\x07\x41\0\0\0\0\0\0\x88\x07\0\0\xf2\x01\0\0\xab\x46\0\0\0\0\0\0\xf0\x07\0\0\
\xf2\x01\0\0\xf8\x46\0\0\0\0\0\0\xa0\x08\0\0\xeb\x01\0\0\x5b\x3c\0\0\0\0\0\0\
\xe0\x08\0\0\x2f\0\0\0\x8e\x3c\0\0\0\0\0\0\x28\x09\0\0\x30\0\0\0\x78\x48\0\0\0\
\0\0\0\x68\x09\0\0\x30\0\0\0\xc0\x48\0\0\0\0\0\0\xa8\x09\0\0\x30\0\0\0\x0e\x49\
\0\0\0\0\0\0\xd8\x09\0\0\x30\0\0\0\x0e\x49\0\0\0\0\0\0\x6a\x49\0\0\x20\0\0\0\
\x80\0\0\0\xeb\x01\0\0\x04\x3a\0\0\0\0\0\0\xc0\0\0\0\x2f\0\0\0\x8e\x3c\0\0\0\0\
\0\0\0\x01\0\0\x30\0\0\0\xd0\x3c\0\0\0\0\0\0\x10\x01\0\0\xeb\x01\0\0\x5b\x3c\0\
\0\0\0\0\0\x78\x01\0\0\x2f\0\0\0\xd4\x3c\0\0\0\0\0\0\xc0\x02\0\0\x30\0\0\0\x93\
\x4b\0\0\0\0\0\0\xd0\x02\0\0\x30\0\0\0\xc0\x48\0\0\0\0\0\0\xf8\x02\0\0\x30\0\0\
\0\x0e\x49\0\0\0\0\0\0\x20\x03\0\0\x30\0\0\0\x0e\x49\0\0\0\0\0\0\x40\x03\0\0\
\x30\0\0\0\x0d\x4c\0\0\0\0\0\0\x58\x03\0\0\x30\0\0\0\x0d\x4c\0\0\0\0\0\0\x88\
\x03\0\0\x30\0\0\0\x78\x4c\0\0\0\0\0\0\x98\x03\0\0\x30\0\0\0\x78\x48\0\0\0\0\0\
\0\x18\x07\0\0\xeb\x01\0\0\x04\x3a\0\0\0\0\0\0\x50\x07\0\0\xeb\x01\0\0\x5b\x3c\
\0\0\0\0\0\0\x90\x07\0\0\x2f\0\0\0\x8e\x3c\0\0\0\0\0\0\xd8\x07\0\0\x30\0\0\0\
\xd0\x3c\0\0\0\0\0\0\xe8\x07\0\0\x2f\0\0\0\xd4\x3c\0\0\0\0\0\0\x38\x09\0\0\xe3\
\0\0\0\x41\x3e\0\0\0\0\0\0\x70\x09\0\0\xe3\0\0\0\x96\x3e\0\0\0\0\0\0\xf8\x09\0\
\0\xe3\0\0\0\x41\x3e\0\0\0\0\0\0\x30\x0a\0\0\xe3\0\0\0\x96\x3e\0\0\0\0\0\0\x78\
\x0a\0\0\xe3\0\0\0\x46\x3f\0\0\0\0\0\0\xf0\x0a\0\0\xe3\0\0\0\x8a\x3f\0\0\0\0\0\
\0\x40\x0b\0\0\xe3\0\0\0\xc0\x3f\0\0\0\0\0\0\x88\x0b\0\0\xe3\0\0\0\x96\x3e\0\0\
\0\0\0\0\x48\x0c\0\0\xe3\0\0\0\x83\x40\0\0\0\0\0\0\x88\x0c\0\0\x44\x01\0\0\xc2\
\x40\0\0\0\0\0\0\xf8\x0c\0\0\x44\x01\0\0\x01\x41\0\0\0\0\0\0\x40\x0d\0\0\xe3\0\
\0\0\x07\x41\0\0\0\0\0\0\x78\x0d\0\0\xf2\x01\0\0\xab\x46\0\0\0\0\0\0\xe0\x0d\0\
\0\xf2\x01\0\0\xf8\x46\0\0\0\0\0\0\x9f\x51\0\0\x20\0\0\0\x80\0\0\0\xeb\x01\0\0\
\x04\x3a\0\0\0\0\0\0\xc0\0\0\0\x2f\0\0\0\x8e\x3c\0\0\0\0\0\0\0\x01\0\0\x30\0\0\
\0\xd0\x3c\0\0\0\0\0\0\x10\x01\0\0\xeb\x01\0\0\x5b\x3c\0\0\0\0\0\0\x78\x01\0\0\
\x2f\0\0\0\xd4\x3c\0\0\0\0\0\0\xc0\x02\0\0\x30\0\0\0\x93\x4b\0\0\0\0\0\0\xd0\
\x02\0\0\x30\0\0\0\xc0\x48\0\0\0\0\0\0\xf8\x02\0\0\x30\0\0\0\x0e\x49\0\0\0\0\0\
\0\x20\x03\0\0\x30\0\0\0\x0e\x49\0\0\0\0\0\0\x40\x03\0\0\x30\0\0\0\x0d\x4c\0\0\
\0\0\0\0\x58\x03\0\0\x30\0\0\0\x0d\x4c\0\0\0\0\0\0\x88\x03\0\0\x30\0\0\0\x78\
\x4c\0\0\0\0\0\0\x98\x03\0\0\x30\0\0\0\x78\x48\0\0\0\0\0\0\x18\x07\0\0\xeb\x01\
\0\0\x04\x3a\0\0\0\0\0\0\x50\x07\0\0\xeb\x01\0\0\x5b\x3c\0\0\0\0\0\0\x90\x07\0\
\0\x2f\0\0\0\x8e\x3c\0\0\0\0\0\0\xd8\x07\0\0\x30\0\0\0\xd0\x3c\0\0\0\0\0\0\xe8\
\x07\0\0\x2f\0\0\0\xd4\x3c\0\0\0\0\0\0\x38\x09\0\0\xe3\0\0\0\x41\x3e\0\0\0\0\0\
\0\x70\x09\0\0\xe3\0\0\0\x96\x3e\0\0\0\0\0\0\xf8\x09\0\0\xe3\0\0\0\x41\x3e\0\0\
\0\0\0\0\x30\x0a\0\0\xe3\0\0\0\x96\x3e\0\0\0\0\0\0\x78\x0a\0\0\xe3\0\0\0\x46\
\x3f\0\0\0\0\0\0\xf0\x0a\0\0\xe3\0\0\0\x8a\x3f\0\0\0\0\0\0\x40\x0b\0\0\xe3\0\0\
\0\xc0\x3f\0\0\0\0\0\0\x88\x0b\0\0\xe3\0\0\0\x96\x3e\0\0\0\0\0\0\x48\x0c\0\0\
\xe3\0\0\0\x83\x40\0\0\0\0\0\0\x88\x0c\0\0\x44\x01\0\0\xc2\x40\0\0\0\0\0\0\xf8\
\x0c\0\0\x44\x01\0\0\x01\x41\0\0\0\0\0\0\x40\x0d\0\0\xe3\0\0\0\x07\x41\0\0\0\0\
\0\0\x78\x0d\0\0\xf2\x01\0\0\xab\x46\0\0\0\0\0\0\xe0\x0d\0\0\xf2\x01\0\0\xf8\
\x46\0\0\0\0\0\0\x5f\x52\0\0\x20\0\0\0\x70\0\0\0\xeb\x01\0\0\x04\x3a\0\0\0\0\0\
\0\xb0\0\0\0\x2f\0\0\0\x8e\x3c\0\0\0\0\0\0\xf0\0\0\0\x30\0\0\0\xd0\x3c\0\0\0\0\
\0\0\0\x01\0\0\xeb\x01\0\0\x5b\x3c\0\0\0\0\0\0\x68\x01\0\0\x2f\0\0\0\xd4\x3c\0\
\0\0\0\0\0\xb8\x02\0\0\x30\0\0\0\x93\x4b\0\0\0\0\0\0\xc8\x02\0\0\x30\0\0\0\xc0\
\x48\0\0\0\0\0\0\xf0\x02\0\0\x30\0\0\0\x0e\x49\0\0\0\0\0\0\x18\x03\0\0\x30\0\0\
\0\x0e\x49\0\0\0\0\0\0\x38\x03\0\0\x30\0\0\0\x0d\x4c\0\0\0\0\0\0\x50\x03\0\0\
\x30\0\0\0\x0d\x4c\0\0\0\0\0\0\x80\x03\0\0\x30\0\0\0\x78\x4c\0\0\0\0\0\0\x90\
\x03\0\0\x30\0\0\0\x78\x48\0\0\0\0\0\0\0\x07\0\0\xeb\x01\0\0\x04\x3a\0\0\0\0\0\
\0\x38\x07\0\0\xeb\x01\0\0\x5b\x3c\0\0\0\0\0\0\x78\x07\0\0\x2f\0\0\0\x8e\x3c\0\
\0\0\0\0\0\xc0\x07\0\0\x30\0\0\0\xd0\x3c\0\0\0\0\0\0\xd0\x07\0\0\x2f\0\0\0\xd4\
\x3c\0\0\0\0\0\0\x20\x09\0\0\xe3\0\0\0\x41\x3e\0\0\0\0\0\0\x58\x09\0\0\xe3\0\0\
\0\x96\x3e\0\0\0\0\0\0\xe0\x09\0\0\xe3\0\0\0\x41\x3e\0\0\0\0\0\0\x18\x0a\0\0\
\xe3\0\0\0\x96\x3e\0\0\0\0\0\0\x60\x0a\0\0\xe3\0\0\0\x46\x3f\0\0\0\0\0\0\xd8\
\x0a\0\0\xe3\0\0\0\x8a\x3f\0\0\0\0\0\0\x28\x0b\0\0\xe3\0\0\0\xc0\x3f\0\0\0\0\0\
\0\x70\x0b\0\0\xe3\0\0\0\x96\x3e\0\0\0\0\0\0\x30\x0c\0\0\xe3\0\0\0\x83\x40\0\0\
\0\0\0\0\x70\x0c\0\0\x44\x01\0\0\xc2\x40\0\0\0\0\0\0\xe0\x0c\0\0\x44\x01\0\0\
\x01\x41\0\0\0\0\0\0\x28\x0d\0\0\xe3\0\0\0\x07\x41\0\0\0\0\0\0\x60\x0d\0\0\xf2\
\x01\0\0\xab\x46\0\0\0\0\0\0\xc8\x0d\0\0\xf2\x01\0\0\xf8\x46\0\0\0\0\0\0\x5d\
\x53\0\0\x20\0\0\0\x70\0\0\0\xeb\x01\0\0\x04\x3a\0\0\0\0\0\0\xb0\0\0\0\x2f\0\0\
\0\x8e\x3c\0\0\0\0\0\0\xf0\0\0\0\x30\0\0\0\xd0\x3c\0\0\0\0\0\0\0\x01\0\0\xeb\
\x01\0\0\x5b\x3c\0\0\0\0\0\0\x68\x01\0\0\x2f\0\0\0\xd4\x3c\0\0\0\0\0\0\xb8\x02\
\0\0\x30\0\0\0\x93\x4b\0\0\0\0\0\0\xc8\x02\0\0\x30\0\0\0\xc0\x48\0\0\0\0\0\0\
\xf0\x02\0\0\x30\0\0\0\x0e\x49\0\0\0\0\0\0\x18\x03\0\0\x30\0\0\0\x0e\x49\0\0\0\
\0\0\0\x38\x03\0\0\x30\0\0\0\x0d\x4c\0\0\0\0\0\0\x50\x03\0\0\x30\0\0\0\x0d\x4c\
\0\0\0\0\0\0\x80\x03\0\0\x30\0\0\0\x78\x4c\0\0\0\0\0\0\x90\x03\0\0\x30\0\0\0\
\x78\x48\0\0\0\0\0\0\xf8\x06\0\0\xeb\x01\0\0\x04\x3a\0\0\0\0\0\0\x30\x07\0\0\
\xeb\x01\0\0\x5b\x3c\0\0\0\0\0\0\x70\x07\0\0\x2f\0\0\0\x8e\x3c\0\0\0\0\0\0\xb8\
\x07\0\0\x30\0\0\0\xd0\x3c\0\0\0\0\0\0\xc8\x07\0\0\x2f\0\0\0\xd4\x3c\0\0\0\0\0\
\0\x18\x09\0\0\xe3\0\0\0\x41\x3e\0\0\0\0\0\0\x50\x09\0\0\xe3\0\0\0\x96\x3e\0\0\
\0\0\0\0\xd8\x09\0\0\xe3\0\0\0\x41\x3e\0\0\0\0\0\0\x10\x0a\0\0\xe3\0\0\0\x96\
\x3e\0\0\0\0\0\0\x58\x0a\0\0\xe3\0\0\0\x46\x3f\0\0\0\0\0\0\xd0\x0a\0\0\xe3\0\0\
\0\x8a\x3f\0\0\0\0\0\0\x20\x0b\0\0\xe3\0\0\0\xc0\x3f\0\0\0\0\0\0\x68\x0b\0\0\
\xe3\0\0\0\x96\x3e\0\0\0\0\0\0\x28\x0c\0\0\xe3\0\0\0\x83\x40\0\0\0\0\0\0\x68\
\x0c\0\0\x44\x01\0\0\xc2\x40\0\0\0\0\0\0\xd8\x0c\0\0\x44\x01\0\0\x01\x41\0\0\0\
\0\0\0\x20\x0d\0\0\xe3\0\0\0\x07\x41\0\0\0\0\0\0\x58\x0d\0\0\xf2\x01\0\0\xab\
\x46\0\0\0\0\0\0\xc0\x0d\0\0\xf2\x01\0\0\xf8\x46\0\0\0\0\0\0\0\0\0\0\0\0\0\0\0\
\0\0\0\0\0\0\0\0\0\0\0\0\0\0\0\0\0\0\0\x03\0\x02\0\0\0\0\0\0\0\0\0\0\0\0\0\0\0\
\0\0\0\0\0\0\x03\0\x03\0\0\0\0\0\0\0\0\0\0\0\0\0\0\0\0\0\x87\x07\0\0\0\0\x03\0\
\x18\x0a\0\0\0\0\0\0\0\0\0\0\0\0\0\0\x80\x04\0\0\0\0\x03\0\x80\x02\0\0\0\0\0\0\
\0\0\0\0\0\0\0\0\x98\x06\0\0\0\0\x03\0\xd8\x02\0\0\0\0\0\0\0\0\0\0\0\0\0\0\x3f\
\x07\0\0\0\0\x03\0\x30\x03\0\0\0\0\0\0\0\0\0\0\0\0\0\0\x17\x03\0\0\0\0\x03\0\
\x90\x02\0\0\0\0\0\0\0\0\0\0\0\0\0\0\x9e\x03\0\0\0\0\x03\0\xc8\x02\0\0\0\0\0\0\
\0\0\0\0\0\0\0\0\xfd\x03\0\0\0\0\x03\0\x18\x03\0\0\0\0\0\0\0\0\0\0\0\0\0\0\x4f\
\x07\0\0\0\0\x03\0\xa8\x02\0\0\0\0\0\0\0\0\0\0\0\0\0\0\x76\x05\0\0\0\0\x03\0\
\xe8\x02\0\0\0\0\0\0\0\0\0\0\0\0\0\0\x8f\x07\0\0\0\0\x03\0\x28\x03\0\0\0\0\0\0\
\0\0\0\0\0\0\0\0\x37\x07\0\0\0\0\x03\0\x28\x0a\0\0\0\0\0\0\0\0\0\0\0\0\0\0\x70\
\x06\0\0\0\0\x03\0\xf8\x03\0\0\0\0\0\0\0\0\0\0\0\0\0\0\xe7\x06\0\0\0\0\x03\0\
\xc8\x03\0\0\0\0\0\0\0\0\0\0\0\0\0\0\x66\x05\0\0\0\0\x03\0\xf8\x04\0\0\0\0\0\0\
\0\0\0\0\0\0\0\0\x69\x04\0\0\0\0\x03\0\x50\x08\0\0\0\0\0\0\0\0\0\0\0\0\0\0\x6e\
\x03\0\0\0\0\x03\0\xa0\x08\0\0\0\0\0\0\0\0\0\0\0\0\0\0\0\0\0\0\x03\0\x05\0\0\0\
\0\0\0\0\0\0\0\0\0\0\0\0\0\0\x5e\x05\0\0\0\0\x05\0\xf8\x03\0\0\0\0\0\0\0\0\0\0\
\0\0\0\0\x93\x05\0\0\0\0\x05\0\xe8\x01\0\0\0\0\0\0\0\0\0\0\0\0\0\0\x1a\x04\0\0\
\0\0\x05\0\x40\x02\0\0\0\0\0\0\0\0\0\0\0\0\0\0\x96\x03\0\0\0\0\x05\0\x98\x02\0\
\0\0\0\0\0\0\0\0\0\0\0\0\0\xea\x05\0\0\0\0\x05\0\xf8\x01\0\0\0\0\0\0\0\0\0\0\0\
\0\0\0\x90\x06\0\0\0\0\x05\0\x30\x02\0\0\0\0\0\0\0\0\0\0\0\0\0\0\x0f\x07\0\0\0\
\0\x05\0\x80\x02\0\0\0\0\0\0\0\0\0\0\0\0\0\0\xff\x04\0\0\0\0\x05\0\x10\x02\0\0\
\0\0\0\0\0\0\0\0\0\0\0\0\x10\x03\0\0\0\0\x05\0\x50\x02\0\0\0\0\0\0\0\0\0\0\0\0\
\0\0\xf5\x03\0\0\0\0\x05\0\x90\x02\0\0\0\0\0\0\0\0\0\0\0\0\0\0\xbd\x03\0\0\0\0\
\x05\0\xb8\x11\0\0\0\0\0\0\0\0\0\0\0\0\0\0\xdf\x06\0\0\0\0\x05\0\xe8\x02\0\0\0\
\0\0\0\0\0\0\0\0\0\0\0\x68\x06\0\0\0\0\x05\0\x78\x03\0\0\0\0\0\0\0\0\0\0\0\0\0\
\0\xdf\x04\0\0\0\0\x05\0\x08\x04\0\0\0\0\0\0\0\0\0\0\0\0\0\0\x7f\x07\0\0\0\0\
\x05\0\x60\x08\0\0\0\0\0\0\0\0\0\0\0\0\0\0\x59\x04\0\0\0\0\x05\0\xb8\x08\0\0\0\
\0\0\0\0\0\0\0\0\0\0\0\x26\x05\0\0\0\0\x05\0\x10\x09\0\0\0\0\0\0\0\0\0\0\0\0\0\
\0\x48\x06\0\0\0\0\x05\0\x70\x08\0\0\0\0\0\0\0\0\0\0\0\0\0\0\x30\x06\0\0\0\0\
\x05\0\xa8\x08\0\0\0\0\0\0\0\0\0\0\0\0\0\0\xbf\x06\0\0\0\0\x05\0\xf8\x08\0\0\0\
\0\0\0\0\0\0\0\0\0\0\0\x3e\x05\0\0\0\0\x05\0\x88\x08\0\0\0\0\0\0\0\0\0\0\0\0\0\
\0\x66\x03\0\0\0\0\x05\0\xc8\x08\0\0\0\0\0\0\0\0\0\0\0\0\0\0\xba\x05\0\0\0\0\
\x05\0\x08\x09\0\0\0\0\0\0\0\0\0\0\0\0\0\0\x36\x03\0\0\0\0\x05\0\xc8\x11\0\0\0\
\0\0\0\0\0\0\0\0\0\0\0\x41\x04\0\0\0\0\x05\0\xf0\x09\0\0\0\0\0\0\0\0\0\0\0\0\0\
\0\xb7\x04\0\0\0\0\x05\0\xc0\x09\0\0\0\0\0\0\0\0\0\0\0\0\0\0\x4e\x03\0\0\0\0\
\x05\0\xf0\x0a\0\0\0\0\0\0\0\0\0\0\0\0\0\0\x27\x07\0\0\0\0\x05\0\x40\x0e\0\0\0\
\0\0\0\0\0\0\0\0\0\0\0\x10\x06\0\0\0\0\x05\0\x88\x0e\0\0\0\0\0\0\0\0\0\0\0\0\0\
\0\x97\x04\0\0\0\0\x05\0\xb8\x0f\0\0\0\0\0\0\0\0\0\0\0\0\0\0\x14\0\0\0\x01\0\
\x11\0\0\0\0\0\0\0\0\0\x56\0\0\0\0\0\0\0\0\0\0\0\x03\0\x07\0\0\0\0\0\0\0\0\0\0\
\0\0\0\0\0\0\0\x56\x05\0\0\0\0\x07\0\xf8\x03\0\0\0\0\0\0\0\0\0\0\0\0\0\0\x8c\
\x05\0\0\0\0\x07\0\xe8\x01\0\0\0\0\0\0\0\0\0\0\0\0\0\0\x13\x04\0\0\0\0\x07\0\
\x40\x02\0\0\0\0\0\0\0\0\0\0\0\0\0\0\x8e\x03\0\0\0\0\x07\0\x98\x02\0\0\0\0\0\0\
\0\0\0\0\0\0\0\0\xe2\x05\0\0\0\0\x07\0\xf8\x01\0\0\0\0\0\0\0\0\0\0\0\0\0\0\x88\
\x06\0\0\0\0\x07\0\x30\x02\0\0\0\0\0\0\0\0\0\0\0\0\0\0\x07\x07\0\0\0\0\x07\0\
\x80\x02\0\0\0\0\0\0\0\0\0\0\0\0\0\0\xf7\x04\0\0\0\0\x07\0\x10\x02\0\0\0\0\0\0\
\0\0\0\0\0\0\0\0\x09\x03\0\0\0\0\x07\0\x50\x02\0\0\0\0\0\0\0\0\0\0\0\0\0\0\xed\
\x03\0\0\0\0\x07\0\x90\x02\0\0\0\0\0\0\0\0\0\0\0\0\0\0\xb5\x03\0\0\0\0\x07\0\
\xb8\x11\0\0\0\0\0\0\0\0\0\0\0\0\0\0\xd7\x06\0\0\0\0\x07\0\xe8\x02\0\0\0\0\0\0\
\0\0\0\0\0\0\0\0\x60\x06\0\0\0\0\x07\0\x78\x03\0\0\0\0\0\0\0\0\0\0\0\0\0\0\xd7\
\x04\0\0\0\0\x07\0\x08\x04\0\0\0\0\0\0\0\0\0\0\0\0\0\0\x77\x07\0\0\0\0\x07\0\
\x60\x08\0\0\0\0\0\0\0\0\0\0\0\0\0\0\x51\x04\0\0\0\0\x07\0\xb8\x08\0\0\0\0\0\0\
\0\0\0\0\0\0\0\0\x1e\x05\0\0\0\0\x07\0\x10\x09\0\0\0\0\0\0\0\0\0\0\0\0\0\0\x40\
\x06\0\0\0\0\x07\0\x70\x08\0\0\0\0\0\0\0\0\0\0\0\0\0\0\x28\x06\0\0\0\0\x07\0\
\xa8\x08\0\0\0\0\0\0\0\0\0\0\0\0\0\0\xb7\x06\0\0\0\0\x07\0\xf8\x08\0\0\0\0\0\0\
\0\0\0\0\0\0\0\0\x36\x05\0\0\0\0\x07\0\x88\x08\0\0\0\0\0\0\0\0\0\0\0\0\0\0\x5e\
\x03\0\0\0\0\x07\0\xc8\x08\0\0\0\0\0\0\0\0\0\0\0\0\0\0\xb2\x05\0\0\0\0\x07\0\
\x08\x09\0\0\0\0\0\0\0\0\0\0\0\0\0\0\x2e\x03\0\0\0\0\x07\0\xc8\x11\0\0\0\0\0\0\
\0\0\0\0\0\0\0\0\x39\x04\0\0\0\0\x07\0\xf0\x09\0\0\0\0\0\0\0\0\0\0\0\0\0\0\xaf\
\x04\0\0\0\0\x07\0\xc0\x09\0\0\0\0\0\0\0\0\0\0\0\0\0\0\x46\x03\0\0\0\0\x07\0\
\xf0\x0a\0\0\0\0\0\0\0\0\0\0\0\0\0\0\x1f\x07\0\0\0\0\x07\0\x40\x0e\0\0\0\0\0\0\
\0\0\0\0\0\0\0\0\x08\x06\0\0\0\0\x07\0\x88\x0e\0\0\0\0\0\0\0\0\0\0\0\0\0\0\x8f\
\x04\0\0\0\0\x07\0\xb8\x0f\0\0\0\0\0\0\0\0\0\0\0\0\0\0\0\0\0\0\x03\0\x09\0\0\0\
\0\0\0\0\0\0\0\0\0\0\0\0\0\0\xcf\x04\0\0\0\0\x09\0\xf0\x03\0\0\0\0\0\0\0\0\0\0\
\0\0\0\0\x85\x05\0\0\0\0\x09\0\xe0\x01\0\0\0\0\0\0\0\0\0\0\0\0\0\0\x0c\x04\0\0\
\0\0\x09\0\x38\x02\0\0\0\0\0\0\0\0\0\0\0\0\0\0\x86\x03\0\0\0\0\x09\0\x90\x02\0\
\0\0\0\0\0\0\0\0\0\0\0\0\0\xda\x05\0\0\0\0\x09\0\xf0\x01\0\0\0\0\0\0\0\0\0\0\0\
\0\0\0\x80\x06\0\0\0\0\x09\0\x28\x02\0\0\0\0\0\0\0\0\0\0\0\0\0\0\xff\x06\0\0\0\
\0\x09\0\x78\x02\0\0\0\0\0\0\0\0\0\0\0\0\0\0\xef\x04\0\0\0\0\x09\0\x08\x02\0\0\
\0\0\0\0\0\0\0\0\0\0\0\0\x02\x03\0\0\0\0\x09\0\x48\x02\0\0\0\0\0\0\0\0\0\0\0\0\
\0\0\xe5\x03\0\0\0\0\x09\0\x88\x02\0\0\0\0\0\0\0\0\0\0\0\0\0\0\x26\x03\0\0\0\0\
\x09\0\x98\x11\0\0\0\0\0\0\0\0\0\0\0\0\0\0\xcf\x06\0\0\0\0\x09\0\xe0\x02\0\0\0\
\0\0\0\0\0\0\0\0\0\0\0\x58\x06\0\0\0\0\x09\0\x70\x03\0\0\0\0\0\0\0\0\0\0\0\0\0\
\0\x61\x04\0\0\0\0\x09\0\0\x04\0\0\0\0\0\0\0\0\0\0\0\0\0\0\x30\0\0\0\x01\0\x11\
\0\x56\0\0\0\0\0\0\0\x47\0\0\0\0\0\0\0\x4e\x05\0\0\0\0\x09\0\xe8\x03\0\0\0\0\0\
\0\0\0\0\0\0\0\0\0\x2f\x07\0\0\0\0\x09\0\x48\x08\0\0\0\0\0\0\0\0\0\0\0\0\0\0\
\xcd\x03\0\0\0\0\x09\0\xa0\x08\0\0\0\0\0\0\0\0\0\0\0\0\0\0\xa7\x04\0\0\0\0\x09\
\0\xf8\x08\0\0\0\0\0\0\0\0\0\0\0\0\0\0\xc2\x05\0\0\0\0\x09\0\x58\x08\0\0\0\0\0\
\0\0\0\0\0\0\0\0\0\xaa\x05\0\0\0\0\x09\0\x90\x08\0\0\0\0\0\0\0\0\0\0\0\0\0\0\
\x20\x06\0\0\0\0\x09\0\xe0\x08\0\0\0\0\0\0\0\0\0\0\0\0\0\0\xbf\x04\0\0\0\0\x09\
\0\x70\x08\0\0\0\0\0\0\0\0\0\0\0\0\0\0\x67\x07\0\0\0\0\x09\0\xb0\x08\0\0\0\0\0\
\0\0\0\0\0\0\0\0\0\x16\x05\0\0\0\0\x09\0\xf0\x08\0\0\0\0\0\0\0\0\0\0\0\0\0\0\
\x57\x07\0\0\0\0\x09\0\xa8\x11\0\0\0\0\0\0\0\0\0\0\0\0\0\0\xc5\x03\0\0\0\0\x09\
\0\xd8\x09\0\0\0\0\0\0\0\0\0\0\0\0\0\0\x31\x04\0\0\0\0\x09\0\xa8\x09\0\0\0\0\0\
\0\0\0\0\0\0\0\0\0\x5f\x07\0\0\0\0\x09\0\xd8\x0a\0\0\0\0\0\0\0\0\0\0\0\0\0\0\
\xa7\x06\0\0\0\0\x09\0\x28\x0e\0\0\0\0\0\0\0\0\0\0\0\0\0\0\x9a\x05\0\0\0\0\x09\
\0\x70\x0e\0\0\0\0\0\0\0\0\0\0\0\0\0\0\x21\x04\0\0\0\0\x09\0\xa0\x0f\0\0\0\0\0\
\0\0\0\0\0\0\0\0\0\0\0\0\0\x03\0\x0b\0\0\0\0\0\0\0\0\0\0\0\0\0\0\0\0\0\x46\x05\
\0\0\0\0\x0b\0\xe0\x03\0\0\0\0\0\0\0\0\0\0\0\0\0\0\x7e\x05\0\0\0\0\x0b\0\xe0\
\x01\0\0\0\0\0\0\0\0\0\0\0\0\0\0\x05\x04\0\0\0\0\x0b\0\x38\x02\0\0\0\0\0\0\0\0\
\0\0\0\0\0\0\x7e\x03\0\0\0\0\x0b\0\x90\x02\0\0\0\0\0\0\0\0\0\0\0\0\0\0\xd2\x05\
\0\0\0\0\x0b\0\xf0\x01\0\0\0\0\0\0\0\0\0\0\0\0\0\0\x78\x06\0\0\0\0\x0b\0\x28\
\x02\0\0\0\0\0\0\0\0\0\0\0\0\0\0\xf7\x06\0\0\0\0\x0b\0\x78\x02\0\0\0\0\0\0\0\0\
\0\0\0\0\0\0\xe7\x04\0\0\0\0\x0b\0\x08\x02\0\0\0\0\0\0\0\0\0\0\0\0\0\0\xfb\x02\
\0\0\0\0\x0b\0\x48\x02\0\0\0\0\0\0\0\0\0\0\0\0\0\0\xdd\x03\0\0\0\0\x0b\0\x88\
\x02\0\0\0\0\0\0\0\0\0\0\0\0\0\0\xad\x03\0\0\0\0\x0b\0\x98\x11\0\0\0\0\0\0\0\0\
\0\0\0\0\0\0\xc7\x06\0\0\0\0\x0b\0\xe0\x02\0\0\0\0\0\0\0\0\0\0\0\0\0\0\x50\x06\
\0\0\0\0\x0b\0\x70\x03\0\0\0\0\0\0\0\0\0\0\0\0\0\0\xc7\x04\0\0\0\0\x0b\0\xf0\
\x03\0\0\0\0\0\0\0\0\0\0\0\0\0\0\x6f\x07\0\0\0\0\x0b\0\x40\x08\0\0\0\0\0\0\0\0\
\0\0\0\0\0\0\x49\x04\0\0\0\0\x0b\0\x98\x08\0\0\0\0\0\0\0\0\0\0\0\0\0\0\x0e\x05\
\0\0\0\0\x0b\0\xf0\x08\0\0\0\0\0\0\0\0\0\0\0\0\0\0\x38\x06\0\0\0\0\x0b\0\x50\
\x08\0\0\0\0\0\0\0\0\0\0\0\0\0\0\x18\x06\0\0\0\0\x0b\0\x88\x08\0\0\0\0\0\0\0\0\
\0\0\0\0\0\0\xaf\x06\0\0\0\0\x0b\0\xd8\x08\0\0\0\0\0\0\0\0\0\0\0\0\0\0\x2e\x05\
\0\0\0\0\x0b\0\x68\x08\0\0\0\0\0\0\0\0\0\0\0\0\0\0\x56\x03\0\0\0\0\x0b\0\xa8\
\x08\0\0\0\0\0\0\0\0\0\0\0\0\0\0\xa2\x05\0\0\0\0\x0b\0\xe8\x08\0\0\0\0\0\0\0\0\
\0\0\0\0\0\0\x1e\x03\0\0\0\0\x0b\0\xa8\x11\0\0\0\0\0\0\0\0\0\0\0\0\0\0\x29\x04\
\0\0\0\0\x0b\0\xd0\x09\0\0\0\0\0\0\0\0\0\0\0\0\0\0\x9f\x04\0\0\0\0\x0b\0\xa0\
\x09\0\0\0\0\0\0\0\0\0\0\0\0\0\0\x3e\x03\0\0\0\0\x0b\0\xd0\x0a\0\0\0\0\0\0\0\0\
\0\0\0\0\0\0\x17\x07\0\0\0\0\x0b\0\x20\x0e\0\0\0\0\0\0\0\0\0\0\0\0\0\0\0\x06\0\
\0\0\0\x0b\0\x68\x0e\0\0\0\0\0\0\0\0\0\0\0\0\0\0\x87\x04\0\0\0\0\x0b\0\x98\x0f\
\0\0\0\0\0\0\0\0\0\0\0\0\0\0\0\0\0\0\x03\0\x0d\0\0\0\0\0\0\0\0\0\0\0\0\0\0\0\0\
\0\xa0\x06\0\0\0\0\x0d\0\x70\0\0\0\0\0\0\0\0\0\0\0\0\0\0\0\xf9\x05\0\0\0\0\x0d\
\0\xb8\0\0\0\0\0\0\0\0\0\0\0\0\0\0\0\xdf\x01\0\0\x02\0\x02\0\0\0\0\0\0\0\0\0\
\x38\0\0\0\0\0\0\0\x76\x03\0\0\0\0\x0d\0\x20\x05\0\0\0\0\0\0\0\0\0\0\0\0\0\0\
\x07\x05\0\0\0\0\x0d\0\x88\x01\0\0\0\0\0\0\0\0\0\0\0\0\0\0\x59\0\0\0\x01\0\x11\
\0\x9d\0\0\0\0\0\0\0\x30\0\0\0\0\0\0\0\x79\x04\0\0\0\0\x0d\0\x98\x01\0\0\0\0\0\
\0\0\0\0\0\0\0\0\0\xa6\x03\0\0\0\0\x0d\0\x50\x02\0\0\0\0\0\0\0\0\0\0\0\0\0\0\
\xf4\x02\0\0\0\0\x0d\0\x70\x02\0\0\0\0\0\0\0\0\0\0\0\0\0\0\x47\x07\0\0\0\0\x0d\
\0\x28\x03\0\0\0\0\0\0\0\0\0\0\0\0\0\0\xef\x06\0\0\0\0\x0d\0\x48\x03\0\0\0\0\0\
\0\0\0\0\0\0\0\0\0\xca\x05\0\0\0\0\x0d\0\0\x04\0\0\0\0\0\0\0\0\0\0\0\0\0\0\x6e\
\x05\0\0\0\0\x0d\0\x20\x04\0\0\0\0\0\0\0\0\0\0\0\0\0\0\x71\x04\0\0\0\0\x0d\0\
\xd8\x04\0\0\0\0\0\0\0\0\0\0\0\0\0\0\xd5\x03\0\0\0\0\x0d\0\xf8\x04\0\0\0\0\0\0\
\0\0\0\0\0\0\0\0\xf2\x05\0\0\0\0\x02\0\x28\0\0\0\0\0\0\0\0\0\0\0\0\0\0\0\0\0\0\
\0\x03\0\x11\0\0\0\0\0\0\0\0\0\0\0\0\0\0\0\0\0\x9a\x02\0\0\x12\0\x03\0\0\0\0\0\
\0\0\0\0\x38\x0a\0\0\0\0\0\0\xc8\x02\0\0\x11\0\x10\0\0\0\0\0\0\0\0\0\x10\0\0\0\
\0\0\0\0\xbb\x01\0\0\x12\0\x05\0\0\0\0\0\0\0\0\0\xd8\x11\0\0\0\0\0\0\x5b\x02\0\
\0\x11\0\x10\0\x10\0\0\0\0\0\0\0\x20\0\0\0\0\0\0\0\x7d\x02\0\0\x11\0\x10\0\x70\
\0\0\0\0\0\0\0\x20\0\0\0\0\0\0\0\x71\x02\0\0\x11\0\x10\0\x50\0\0\0\0\0\0\0\x20\
\0\0\0\0\0\0\0\xfb\x01\0\0\x11\0\x10\0\x30\0\0\0\0\0\0\0\x20\0\0\0\0\0\0\0\x73\
\x01\0\0\x12\0\x07\0\0\0\0\0\0\0\0\0\xd8\x11\0\0\0\0\0\0\xad\0\0\0\x12\0\x09\0\
\0\0\0\0\0\0\0\0\xb8\x11\0\0\0\0\0\0\xfb\0\0\0\x12\0\x0b\0\0\0\0\0\0\0\0\0\xb8\
\x11\0\0\0\0\0\0\x3c\x02\0\0\x12\0\x0d\0\0\0\0\0\0\0\0\0\x30\x05\0\0\0\0\0\0\
\xec\x02\0\0\x11\0\x0f\0\0\0\0\0\0\0\0\0\x0d\0\0\0\0\0\0\0\x80\0\0\0\0\0\0\0\
\x01\0\0\0\xa5\0\0\0\xb8\x03\0\0\0\0\0\0\x01\0\0\0\xa7\0\0\0\x60\x04\0\0\0\0\0\
\0\x01\0\0\0\xa7\0\0\0\x90\x04\0\0\0\0\0\0\x01\0\0\0\xa8\0\0\0\xa0\x0e\0\0\0\0\
\0\0\x01\0\0\0\xa9\0\0\0\xd8\x0e\0\0\0\0\0\0\x01\0\0\0\xaa\0\0\0\x60\x11\0\0\0\
\0\0\0\x01\0\0\0\xaa\0\0\0\x90\x11\0\0\0\0\0\0\x01\0\0\0\xa3\0\0\0\xb8\x03\0\0\
\0\0\0\0\x01\0\0\0\xa7\0\0\0\x60\x04\0\0\0\0\0\0\x01\0\0\0\xa7\0\0\0\x90\x04\0\
\0\0\0\0\0\x01\0\0\0\xa8\0\0\0\xa0\x0e\0\0\0\0\0\0\x01\0\0\0\xa9\0\0\0\xd8\x0e\
\0\0\0\0\0\0\x01\0\0\0\xaa\0\0\0\x60\x11\0\0\0\0\0\0\x01\0\0\0\xaa\0\0\0\x90\
\x11\0\0\0\0\0\0\x01\0\0\0\xa3\0\0\0\xb0\x03\0\0\0\0\0\0\x01\0\0\0\xa7\0\0\0\
\xd0\x03\0\0\0\0\0\0\x01\0\0\0\xa3\0\0\0\x48\x04\0\0\0\0\0\0\x01\0\0\0\xa7\0\0\
\0\x78\x04\0\0\0\0\0\0\x01\0\0\0\xa8\0\0\0\x88\x0e\0\0\0\0\0\0\x01\0\0\0\xa9\0\
\0\0\xc0\x0e\0\0\0\0\0\0\x01\0\0\0\xaa\0\0\0\x48\x11\0\0\0\0\0\0\x01\0\0\0\xaa\
\0\0\0\x78\x11\0\0\0\0\0\0\x01\0\0\0\xa3\0\0\0\xb0\x03\0\0\0\0\0\0\x01\0\0\0\
\xa7\0\0\0\x40\x04\0\0\0\0\0\0\x01\0\0\0\xa7\0\0\0\x70\x04\0\0\0\0\0\0\x01\0\0\
\0\xa8\0\0\0\x80\x0e\0\0\0\0\0\0\x01\0\0\0\xa9\0\0\0\xb8\x0e\0\0\0\0\0\0\x01\0\
\0\0\xaa\0\0\0\x40\x11\0\0\0\0\0\0\x01\0\0\0\xaa\0\0\0\x70\x11\0\0\0\0\0\0\x01\
\0\0\0\xa3\0\0\0\x20\0\0\0\0\0\0\0\x01\0\0\0\xaa\0\0\0\x80\0\0\0\0\0\0\0\x01\0\
\0\0\xa7\0\0\0\x90\0\0\0\0\0\0\0\x01\0\0\0\x01\0\0\0\x40\x01\0\0\0\0\0\0\x01\0\
\0\0\xa7\0\0\0\x60\x01\0\0\0\0\0\0\x01\0\0\0\xa3\0\0\0\x18\x02\0\0\0\0\0\0\x01\
\0\0\0\xa7\0\0\0\x50\x02\0\0\0\0\0\0\x01\0\0\0\xa3\0\0\0\xf0\x02\0\0\0\0\0\0\
\x01\0\0\0\xa7\0\0\0\x28\x03\0\0\0\0\0\0\x01\0\0\0\xa3\0\0\0\xc8\x03\0\0\0\0\0\
\0\x01\0\0\0\xa7\0\0\0\0\x04\0\0\0\0\0\0\x01\0\0\0\xa3\0\0\0\xa0\x04\0\0\0\0\0\
\0\x01\0\0\0\xa7\0\0\0\xd8\x04\0\0\0\0\0\0\x01\0\0\0\xa3\0\0\0\x08\x05\0\0\0\0\
\0\0\x01\0\0\0\xaa\0\0\0\x94\x65\0\0\0\0\0\0\x04\0\0\0\xa5\0\0\0\xa0\x65\0\0\0\
\0\0\0\x04\0\0\0\xa7\0\0\0\xac\x65\0\0\0\0\0\0\x04\0\0\0\xaa\0\0\0\xb8\x65\0\0\
\0\0\0\0\x04\0\0\0\xa9\0\0\0\xc4\x65\0\0\0\0\0\0\x04\0\0\0\xa8\0\0\0\xdc\x65\0\
\0\0\0\0\0\x03\0\0\0\xa3\0\0\0\xe8\x65\0\0\0\0\0\0\x03\0\0\0\xa3\0\0\0\xf4\x65\
\0\0\0\0\0\0\x03\0\0\0\xa3\0\0\0\x0c\x66\0\0\0\0\0\0\x03\0\0\0\xaf\0\0\0\x2c\0\
\0\0\0\0\0\0\x04\0\0\0\x02\0\0\0\x3c\0\0\0\0\0\0\0\x04\0\0\0\x13\0\0\0\x4c\0\0\
\0\0\0\0\0\x04\0\0\0\x33\0\0\0\x5c\0\0\0\0\0\0\0\x04\0\0\0\x52\0\0\0\x6c\0\0\0\
\0\0\0\0\x04\0\0\0\x73\0\0\0\x7c\0\0\0\0\0\0\0\x04\0\0\0\x92\0\0\0\x8c\0\0\0\0\
\0\0\0\x04\0\0\0\x01\0\0\0\xa0\0\0\0\0\0\0\0\x04\0\0\0\x02\0\0\0\xb0\0\0\0\0\0\
\0\0\x04\0\0\0\x02\0\0\0\xc0\0\0\0\0\0\0\0\x04\0\0\0\x02\0\0\0\xd0\0\0\0\0\0\0\
\0\x04\0\0\0\x02\0\0\0\xe0\0\0\0\0\0\0\0\x04\0\0\0\x02\0\0\0\xf0\0\0\0\0\0\0\0\
\x04\0\0\0\x02\0\0\0\0\x01\0\0\0\0\0\0\x04\0\0\0\x02\0\0\0\x10\x01\0\0\0\0\0\0\
\x04\0\0\0\x02\0\0\0\x20\x01\0\0\0\0\0\0\x04\0\0\0\x02\0\0\0\x30\x01\0\0\0\0\0\
\0\x04\0\0\0\x02\0\0\0\x40\x01\0\0\0\0\0\0\x04\0\0\0\x02\0\0\0\x50\x01\0\0\0\0\
\0\0\x04\0\0\0\x02\0\0\0\x60\x01\0\0\0\0\0\0\x04\0\0\0\x02\0\0\0\x70\x01\0\0\0\
\0\0\0\x04\0\0\0\x02\0\0\0\x80\x01\0\0\0\0\0\0\x04\0\0\0\x02\0\0\0\x90\x01\0\0\
\0\0\0\0\x04\0\0\0\x02\0\0\0\xa0\x01\0\0\0\0\0\0\x04\0\0\0\x02\0\0\0\xb0\x01\0\
\0\0\0\0\0\x04\0\0\0\x02\0\0\0\xc0\x01\0\0\0\0\0\0\x04\0\0\0\x02\0\0\0\xd0\x01\
\0\0\0\0\0\0\x04\0\0\0\x02\0\0\0\xe0\x01\0\0\0\0\0\0\x04\0\0\0\x02\0\0\0\xf0\
\x01\0\0\0\0\0\0\x04\0\0\0\x02\0\0\0\0\x02\0\0\0\0\0\0\x04\0\0\0\x02\0\0\0\x10\
\x02\0\0\0\0\0\0\x04\0\0\0\x02\0\0\0\x20\x02\0\0\0\0\0\0\x04\0\0\0\x02\0\0\0\
\x30\x02\0\0\0\0\0\0\x04\0\0\0\x02\0\0\0\x40\x02\0\0\0\0\0\0\x04\0\0\0\x02\0\0\
\0\x50\x02\0\0\0\0\0\0\x04\0\0\0\x02\0\0\0\x60\x02\0\0\0\0\0\0\x04\0\0\0\x02\0\
\0\0\x70\x02\0\0\0\0\0\0\x04\0\0\0\x02\0\0\0\x80\x02\0\0\0\0\0\0\x04\0\0\0\x02\
\0\0\0\x90\x02\0\0\0\0\0\0\x04\0\0\0\x02\0\0\0\xa0\x02\0\0\0\0\0\0\x04\0\0\0\
\x02\0\0\0\xb0\x02\0\0\0\0\0\0\x04\0\0\0\x02\0\0\0\xc0\x02\0\0\0\0\0\0\x04\0\0\
\0\x02\0\0\0\xd0\x02\0\0\0\0\0\0\x04\0\0\0\x02\0\0\0\xe0\x02\0\0\0\0\0\0\x04\0\
\0\0\x02\0\0\0\xf0\x02\0\0\0\0\0\0\x04\0\0\0\x02\0\0\0\0\x03\0\0\0\0\0\0\x04\0\
\0\0\x02\0\0\0\x10\x03\0\0\0\0\0\0\x04\0\0\0\x02\0\0\0\x20\x03\0\0\0\0\0\0\x04\
\0\0\0\x02\0\0\0\x30\x03\0\0\0\0\0\0\x04\0\0\0\x02\0\0\0\x40\x03\0\0\0\0\0\0\
\x04\0\0\0\x02\0\0\0\x50\x03\0\0\0\0\0\0\x04\0\0\0\x02\0\0\0\x60\x03\0\0\0\0\0\
\0\x04\0\0\0\x02\0\0\0\x70\x03\0\0\0\0\0\0\x04\0\0\0\x02\0\0\0\x80\x03\0\0\0\0\
\0\0\x04\0\0\0\x02\0\0\0\x90\x03\0\0\0\0\0\0\x04\0\0\0\x02\0\0\0\xa0\x03\0\0\0\
\0\0\0\x04\0\0\0\x02\0\0\0\xb0\x03\0\0\0\0\0\0\x04\0\0\0\x02\0\0\0\xc0\x03\0\0\
\0\0\0\0\x04\0\0\0\x02\0\0\0\xd0\x03\0\0\0\0\0\0\x04\0\0\0\x02\0\0\0\xe0\x03\0\
\0\0\0\0\0\x04\0\0\0\x02\0\0\0\xf0\x03\0\0\0\0\0\0\x04\0\0\0\x02\0\0\0\0\x04\0\
\0\0\0\0\0\x04\0\0\0\x02\0\0\0\x10\x04\0\0\0\0\0\0\x04\0\0\0\x02\0\0\0\x20\x04\
\0\0\0\0\0\0\x04\0\0\0\x02\0\0\0\x30\x04\0\0\0\0\0\0\x04\0\0\0\x02\0\0\0\x40\
\x04\0\0\0\0\0\0\x04\0\0\0\x02\0\0\0\x50\x04\0\0\0\0\0\0\x04\0\0\0\x02\0\0\0\
\x60\x04\0\0\0\0\0\0\x04\0\0\0\x02\0\0\0\x70\x04\0\0\0\0\0\0\x04\0\0\0\x02\0\0\
\0\x80\x04\0\0\0\0\0\0\x04\0\0\0\x02\0\0\0\x90\x04\0\0\0\0\0\0\x04\0\0\0\x02\0\
\0\0\xa0\x04\0\0\0\0\0\0\x04\0\0\0\x02\0\0\0\xb0\x04\0\0\0\0\0\0\x04\0\0\0\x02\
\0\0\0\xc0\x04\0\0\0\0\0\0\x04\0\0\0\x02\0\0\0\xd0\x04\0\0\0\0\0\0\x04\0\0\0\
\x02\0\0\0\xe0\x04\0\0\0\0\0\0\x04\0\0\0\x02\0\0\0\xf0\x04\0\0\0\0\0\0\x04\0\0\
\0\x02\0\0\0\0\x05\0\0\0\0\0\0\x04\0\0\0\x02\0\0\0\x10\x05\0\0\0\0\0\0\x04\0\0\
\0\x02\0\0\0\x20\x05\0\0\0\0\0\0\x04\0\0\0\x02\0\0\0\x30\x05\0\0\0\0\0\0\x04\0\
\0\0\x02\0\0\0\x40\x05\0\0\0\0\0\0\x04\0\0\0\x02\0\0\0\x50\x05\0\0\0\0\0\0\x04\
\0\0\0\x02\0\0\0\x60\x05\0\0\0\0\0\0\x04\0\0\0\x02\0\0\0\x70\x05\0\0\0\0\0\0\
\x04\0\0\0\x02\0\0\0\x80\x05\0\0\0\0\0\0\x04\0\0\0\x02\0\0\0\x90\x05\0\0\0\0\0\
\0\x04\0\0\0\x02\0\0\0\xa0\x05\0\0\0\0\0\0\x04\0\0\0\x02\0\0\0\xb0\x05\0\0\0\0\
\0\0\x04\0\0\0\x02\0\0\0\xc0\x05\0\0\0\0\0\0\x04\0\0\0\x02\0\0\0\xd0\x05\0\0\0\
\0\0\0\x04\0\0\0\x02\0\0\0\xe0\x05\0\0\0\0\0\0\x04\0\0\0\x02\0\0\0\xf0\x05\0\0\
\0\0\0\0\x04\0\0\0\x02\0\0\0\0\x06\0\0\0\0\0\0\x04\0\0\0\x02\0\0\0\x10\x06\0\0\
\0\0\0\0\x04\0\0\0\x02\0\0\0\x20\x06\0\0\0\0\0\0\x04\0\0\0\x02\0\0\0\x30\x06\0\
\0\0\0\0\0\x04\0\0\0\x02\0\0\0\x40\x06\0\0\0\0\0\0\x04\0\0\0\x02\0\0\0\x50\x06\
\0\0\0\0\0\0\x04\0\0\0\x02\0\0\0\x60\x06\0\0\0\0\0\0\x04\0\0\0\x02\0\0\0\x70\
\x06\0\0\0\0\0\0\x04\0\0\0\x02\0\0\0\x80\x06\0\0\0\0\0\0\x04\0\0\0\x02\0\0\0\
\x90\x06\0\0\0\0\0\0\x04\0\0\0\x02\0\0\0\xa0\x06\0\0\0\0\0\0\x04\0\0\0\x02\0\0\
\0\xb0\x06\0\0\0\0\0\0\x04\0\0\0\x02\0\0\0\xc0\x06\0\0\0\0\0\0\x04\0\0\0\x02\0\
\0\0\xd0\x06\0\0\0\0\0\0\x04\0\0\0\x02\0\0\0\xe0\x06\0\0\0\0\0\0\x04\0\0\0\x02\
\0\0\0\xf0\x06\0\0\0\0\0\0\x04\0\0\0\x02\0\0\0\0\x07\0\0\0\0\0\0\x04\0\0\0\x02\
\0\0\0\x10\x07\0\0\0\0\0\0\x04\0\0\0\x02\0\0\0\x20\x07\0\0\0\0\0\0\x04\0\0\0\
\x02\0\0\0\x30\x07\0\0\0\0\0\0\x04\0\0\0\x02\0\0\0\x40\x07\0\0\0\0\0\0\x04\0\0\
\0\x02\0\0\0\x50\x07\0\0\0\0\0\0\x04\0\0\0\x02\0\0\0\x60\x07\0\0\0\0\0\0\x04\0\
\0\0\x02\0\0\0\x70\x07\0\0\0\0\0\0\x04\0\0\0\x02\0\0\0\x80\x07\0\0\0\0\0\0\x04\
\0\0\0\x02\0\0\0\x90\x07\0\0\0\0\0\0\x04\0\0\0\x02\0\0\0\xa0\x07\0\0\0\0\0\0\
\x04\0\0\0\x02\0\0\0\xb0\x07\0\0\0\0\0\0\x04\0\0\0\x02\0\0\0\xc0\x07\0\0\0\0\0\
\0\x04\0\0\0\x02\0\0\0\xd0\x07\0\0\0\0\0\0\x04\0\0\0\x02\0\0\0\xe0\x07\0\0\0\0\
\0\0\x04\0\0\0\x02\0\0\0\xf0\x07\0\0\0\0\0\0\x04\0\0\0\x02\0\0\0\0\x08\0\0\0\0\
\0\0\x04\0\0\0\x02\0\0\0\x10\x08\0\0\0\0\0\0\x04\0\0\0\x02\0\0\0\x20\x08\0\0\0\
\0\0\0\x04\0\0\0\x02\0\0\0\x38\x08\0\0\0\0\0\0\x04\0\0\0\x13\0\0\0\x48\x08\0\0\
\0\0\0\0\x04\0\0\0\x13\0\0\0\x58\x08\0\0\0\0\0\0\x04\0\0\0\x13\0\0\0\x68\x08\0\
\0\0\0\0\0\x04\0\0\0\x13\0\0\0\x78\x08\0\0\0\0\0\0\x04\0\0\0\x13\0\0\0\x88\x08\
\0\0\0\0\0\0\x04\0\0\0\x13\0\0\0\x98\x08\0\0\0\0\0\0\x04\0\0\0\x13\0\0\0\xa8\
\x08\0\0\0\0\0\0\x04\0\0\0\x13\0\0\0\xb8\x08\0\0\0\0\0\0\x04\0\0\0\x13\0\0\0\
\xc8\x08\0\0\0\0\0\0\x04\0\0\0\x13\0\0\0\xd8\x08\0\0\0\0\0\0\x04\0\0\0\x13\0\0\
\0\xe8\x08\0\0\0\0\0\0\x04\0\0\0\x13\0\0\0\xf8\x08\0\0\0\0\0\0\x04\0\0\0\x13\0\
\0\0\x08\x09\0\0\0\0\0\0\x04\0\0\0\x13\0\0\0\x18\x09\0\0\0\0\0\0\x04\0\0\0\x13\
\0\0\0\x28\x09\0\0\0\0\0\0\x04\0\0\0\x13\0\0\0\x38\x09\0\0\0\0\0\0\x04\0\0\0\
\x13\0\0\0\x48\x09\0\0\0\0\0\0\x04\0\0\0\x13\0\0\0\x58\x09\0\0\0\0\0\0\x04\0\0\
\0\x13\0\0\0\x68\x09\0\0\0\0\0\0\x04\0\0\0\x13\0\0\0\x78\x09\0\0\0\0\0\0\x04\0\
\0\0\x13\0\0\0\x88\x09\0\0\0\0\0\0\x04\0\0\0\x13\0\0\0\x98\x09\0\0\0\0\0\0\x04\
\0\0\0\x13\0\0\0\xa8\x09\0\0\0\0\0\0\x04\0\0\0\x13\0\0\0\xb8\x09\0\0\0\0\0\0\
\x04\0\0\0\x13\0\0\0\xc8\x09\0\0\0\0\0\0\x04\0\0\0\x13\0\0\0\xd8\x09\0\0\0\0\0\
\0\x04\0\0\0\x13\0\0\0\xe8\x09\0\0\0\0\0\0\x04\0\0\0\x13\0\0\0\xf8\x09\0\0\0\0\
\0\0\x04\0\0\0\x13\0\0\0\x08\x0a\0\0\0\0\0\0\x04\0\0\0\x13\0\0\0\x18\x0a\0\0\0\
\0\0\0\x04\0\0\0\x13\0\0\0\x28\x0a\0\0\0\0\0\0\x04\0\0\0\x13\0\0\0\x38\x0a\0\0\
\0\0\0\0\x04\0\0\0\x13\0\0\0\x48\x0a\0\0\0\0\0\0\x04\0\0\0\x13\0\0\0\x58\x0a\0\
\0\0\0\0\0\x04\0\0\0\x13\0\0\0\x68\x0a\0\0\0\0\0\0\x04\0\0\0\x13\0\0\0\x78\x0a\
\0\0\0\0\0\0\x04\0\0\0\x13\0\0\0\x88\x0a\0\0\0\0\0\0\x04\0\0\0\x13\0\0\0\x98\
\x0a\0\0\0\0\0\0\x04\0\0\0\x13\0\0\0\xa8\x0a\0\0\0\0\0\0\x04\0\0\0\x13\0\0\0\
\xb8\x0a\0\0\0\0\0\0\x04\0\0\0\x13\0\0\0\xc8\x0a\0\0\0\0\0\0\x04\0\0\0\x13\0\0\
\0\xd8\x0a\0\0\0\0\0\0\x04\0\0\0\x13\0\0\0\xe8\x0a\0\0\0\0\0\0\x04\0\0\0\x13\0\
\0\0\xf8\x0a\0\0\0\0\0\0\x04\0\0\0\x13\0\0\0\x08\x0b\0\0\0\0\0\0\x04\0\0\0\x13\
\0\0\0\x18\x0b\0\0\0\0\0\0\x04\0\0\0\x13\0\0\0\x28\x0b\0\0\0\0\0\0\x04\0\0\0\
\x13\0\0\0\x38\x0b\0\0\0\0\0\0\x04\0\0\0\x13\0\0\0\x48\x0b\0\0\0\0\0\0\x04\0\0\
\0\x13\0\0\0\x58\x0b\0\0\0\0\0\0\x04\0\0\0\x13\0\0\0\x68\x0b\0\0\0\0\0\0\x04\0\
\0\0\x13\0\0\0\x78\x0b\0\0\0\0\0\0\x04\0\0\0\x13\0\0\0\x88\x0b\0\0\0\0\0\0\x04\
\0\0\0\x13\0\0\0\x98\x0b\0\0\0\0\0\0\x04\0\0\0\x13\0\0\0\xa8\x0b\0\0\0\0\0\0\
\x04\0\0\0\x13\0\0\0\xb8\x0b\0\0\0\0\0\0\x04\0\0\0\x13\0\0\0\xc8\x0b\0\0\0\0\0\
\0\x04\0\0\0\x13\0\0\0\xd8\x0b\0\0\0\0\0\0\x04\0\0\0\x13\0\0\0\xe8\x0b\0\0\0\0\
\0\0\x04\0\0\0\x13\0\0\0\xf8\x0b\0\0\0\0\0\0\x04\0\0\0\x13\0\0\0\x08\x0c\0\0\0\
\0\0\0\x04\0\0\0\x13\0\0\0\x18\x0c\0\0\0\0\0\0\x04\0\0\0\x13\0\0\0\x28\x0c\0\0\
\0\0\0\0\x04\0\0\0\x13\0\0\0\x38\x0c\0\0\0\0\0\0\x04\0\0\0\x13\0\0\0\x48\x0c\0\
\0\0\0\0\0\x04\0\0\0\x13\0\0\0\x58\x0c\0\0\0\0\0\0\x04\0\0\0\x13\0\0\0\x68\x0c\
\0\0\0\0\0\0\x04\0\0\0\x13\0\0\0\x78\x0c\0\0\0\0\0\0\x04\0\0\0\x13\0\0\0\x88\
\x0c\0\0\0\0\0\0\x04\0\0\0\x13\0\0\0\x98\x0c\0\0\0\0\0\0\x04\0\0\0\x13\0\0\0\
\xa8\x0c\0\0\0\0\0\0\x04\0\0\0\x13\0\0\0\xb8\x0c\0\0\0\0\0\0\x04\0\0\0\x13\0\0\
\0\xc8\x0c\0\0\0\0\0\0\x04\0\0\0\x13\0\0\0\xd8\x0c\0\0\0\0\0\0\x04\0\0\0\x13\0\
\0\0\xe8\x0c\0\0\0\0\0\0\x04\0\0\0\x13\0\0\0\xf8\x0c\0\0\0\0\0\0\x04\0\0\0\x13\
\0\0\0\x08\x0d\0\0\0\0\0\0\x04\0\0\0\x13\0\0\0\x18\x0d\0\0\0\0\0\0\x04\0\0\0\
\x13\0\0\0\x28\x0d\0\0\0\0\0\0\x04\0\0\0\x13\0\0\0\x38\x0d\0\0\0\0\0\0\x04\0\0\
\0\x13\0\0\0\x48\x0d\0\0\0\0\0\0\x04\0\0\0\x13\0\0\0\x58\x0d\0\0\0\0\0\0\x04\0\
\0\0\x13\0\0\0\x68\x0d\0\0\0\0\0\0\x04\0\0\0\x13\0\0\0\x78\x0d\0\0\0\0\0\0\x04\
\0\0\0\x13\0\0\0\x88\x0d\0\0\0\0\0\0\x04\0\0\0\x13\0\0\0\x98\x0d\0\0\0\0\0\0\
\x04\0\0\0\x13\0\0\0\xa8\x0d\0\0\0\0\0\0\x04\0\0\0\x13\0\0\0\xb8\x0d\0\0\0\0\0\
\0\x04\0\0\0\x13\0\0\0\xc8\x0d\0\0\0\0\0\0\x04\0\0\0\x13\0\0\0\xd8\x0d\0\0\0\0\
\0\0\x04\0\0\0\x13\0\0\0\xe8\x0d\0\0\0\0\0\0\x04\0\0\0\x13\0\0\0\xf8\x0d\0\0\0\
\0\0\0\x04\0\0\0\x13\0\0\0\x08\x0e\0\0\0\0\0\0\x04\0\0\0\x13\0\0\0\x18\x0e\0\0\
\0\0\0\0\x04\0\0\0\x13\0\0\0\x28\x0e\0\0\0\0\0\0\x04\0\0\0\x13\0\0\0\x38\x0e\0\
\0\0\0\0\0\x04\0\0\0\x13\0\0\0\x48\x0e\0\0\0\0\0\0\x04\0\0\0\x13\0\0\0\x58\x0e\
\0\0\0\0\0\0\x04\0\0\0\x13\0\0\0\x68\x0e\0\0\0\0\0\0\x04\0\0\0\x13\0\0\0\x78\
\x0e\0\0\0\0\0\0\x04\0\0\0\x13\0\0\0\x88\x0e\0\0\0\0\0\0\x04\0\0\0\x13\0\0\0\
\x98\x0e\0\0\0\0\0\0\x04\0\0\0\x13\0\0\0\xa8\x0e\0\0\0\0\0\0\x04\0\0\0\x13\0\0\
\0\xb8\x0e\0\0\0\0\0\0\x04\0\0\0\x13\0\0\0\xc8\x0e\0\0\0\0\0\0\x04\0\0\0\x13\0\
\0\0\xd8\x0e\0\0\0\0\0\0\x04\0\0\0\x13\0\0\0\xe8\x0e\0\0\0\0\0\0\x04\0\0\0\x13\
\0\0\0\xf8\x0e\0\0\0\0\0\0\x04\0\0\0\x13\0\0\0\x08\x0f\0\0\0\0\0\0\x04\0\0\0\
\x13\0\0\0\x18\x0f\0\0\0\0\0\0\x04\0\0\0\x13\0\0\0\x28\x0f\0\0\0\0\0\0\x04\0\0\
\0\x13\0\0\0\x38\x0f\0\0\0\0\0\0\x04\0\0\0\x13\0\0\0\x48\x0f\0\0\0\0\0\0\x04\0\
\0\0\x13\0\0\0\x58\x0f\0\0\0\0\0\0\x04\0\0\0\x13\0\0\0\x68\x0f\0\0\0\0\0\0\x04\
\0\0\0\x13\0\0\0\x78\x0f\0\0\0\0\0\0\x04\0\0\0\x13\0\0\0\x88\x0f\0\0\0\0\0\0\
\x04\0\0\0\x13\0\0\0\x98\x0f\0\0\0\0\0\0\x04\0\0\0\x13\0\0\0\xa8\x0f\0\0\0\0\0\
\0\x04\0\0\0\x13\0\0\0\xb8\x0f\0\0\0\0\0\0\x04\0\0\0\x13\0\0\0\xc8\x0f\0\0\0\0\
\0\0\x04\0\0\0\x13\0\0\0\xd8\x0f\0\0\0\0\0\0\x04\0\0\0\x13\0\0\0\xe8\x0f\0\0\0\
\0\0\0\x04\0\0\0\x13\0\0\0\xf8\x0f\0\0\0\0\0\0\x04\0\0\0\x13\0\0\0\x08\x10\0\0\
\0\0\0\0\x04\0\0\0\x13\0\0\0\x18\x10\0\0\0\0\0\0\x04\0\0\0\x13\0\0\0\x28\x10\0\
\0\0\0\0\0\x04\0\0\0\x13\0\0\0\x38\x10\0\0\0\0\0\0\x04\0\0\0\x13\0\0\0\x48\x10\
\0\0\0\0\0\0\x04\0\0\0\x13\0\0\0\x58\x10\0\0\0\0\0\0\x04\0\0\0\x13\0\0\0\x68\
\x10\0\0\0\0\0\0\x04\0\0\0\x13\0\0\0\x78\x10\0\0\0\0\0\0\x04\0\0\0\x13\0\0\0\
\x88\x10\0\0\0\0\0\0\x04\0\0\0\x13\0\0\0\x98\x10\0\0\0\0\0\0\x04\0\0\0\x13\0\0\
\0\xa8\x10\0\0\0\0\0\0\x04\0\0\0\x13\0\0\0\xb8\x10\0\0\0\0\0\0\x04\0\0\0\x13\0\
\0\0\xc8\x10\0\0\0\0\0\0\x04\0\0\0\x13\0\0\0\xd8\x10\0\0\0\0\0\0\x04\0\0\0\x13\
\0\0\0\xe8\x10\0\0\0\0\0\0\x04\0\0\0\x13\0\0\0\xf8\x10\0\0\0\0\0\0\x04\0\0\0\
\x13\0\0\0\x08\x11\0\0\0\0\0\0\x04\0\0\0\x13\0\0\0\x18\x11\0\0\0\0\0\0\x04\0\0\
\0\x13\0\0\0\x28\x11\0\0\0\0\0\0\x04\0\0\0\x13\0\0\0\x38\x11\0\0\0\0\0\0\x04\0\
\0\0\x13\0\0\0\x48\x11\0\0\0\0\0\0\x04\0\0\0\x13\0\0\0\x58\x11\0\0\0\0\0\0\x04\
\0\0\0\x13\0\0\0\x68\x11\0\0\0\0\0\0\x04\0\0\0\x13\0\0\0\x78\x11\0\0\0\0\0\0\
\x04\0\0\0\x13\0\0\0\x88\x11\0\0\0\0\0\0\x04\0\0\0\x13\0\0\0\x98\x11\0\0\0\0\0\
\0\x04\0\0\0\x13\0\0\0\xa8\x11\0\0\0\0\0\0\x04\0\0\0\x13\0\0\0\xb8\x11\0\0\0\0\
\0\0\x04\0\0\0\x13\0\0\0\xc8\x11\0\0\0\0\0\0\x04\0\0\0\x13\0\0\0\xd8\x11\0\0\0\
\0\0\0\x04\0\0\0\x13\0\0\0\xe8\x11\0\0\0\0\0\0\x04\0\0\0\x13\0\0\0\xf8\x11\0\0\
\0\0\0\0\x04\0\0\0\x13\0\0\0\x08\x12\0\0\0\0\0\0\x04\0\0\0\x13\0\0\0\x20\x12\0\
\0\0\0\0\0\x04\0\0\0\x33\0\0\0\x30\x12\0\0\0\0\0\0\x04\0\0\0\x33\0\0\0\x40\x12\
\0\0\0\0\0\0\x04\0\0\0\x33\0\0\0\x50\x12\0\0\0\0\0\0\x04\0\0\0\x33\0\0\0\x60\
\x12\0\0\0\0\0\0\x04\0\0\0\x33\0\0\0\x70\x12\0\0\0\0\0\0\x04\0\0\0\x33\0\0\0\
\x80\x12\0\0\0\0\0\0\x04\0\0\0\x33\0\0\0\x90\x12\0\0\0\0\0\0\x04\0\0\0\x33\0\0\
\0\xa0\x12\0\0\0\0\0\0\x04\0\0\0\x33\0\0\0\xb0\x12\0\0\0\0\0\0\x04\0\0\0\x33\0\
\0\0\xc0\x12\0\0\0\0\0\0\x04\0\0\0\x33\0\0\0\xd0\x12\0\0\0\0\0\0\x04\0\0\0\x33\
\0\0\0\xe0\x12\0\0\0\0\0\0\x04\0\0\0\x33\0\0\0\xf0\x12\0\0\0\0\0\0\x04\0\0\0\
\x33\0\0\0\0\x13\0\0\0\0\0\0\x04\0\0\0\x33\0\0\0\x10\x13\0\0\0\0\0\0\x04\0\0\0\
\x33\0\0\0\x20\x13\0\0\0\0\0\0\x04\0\0\0\x33\0\0\0\x30\x13\0\0\0\0\0\0\x04\0\0\
\0\x33\0\0\0\x40\x13\0\0\0\0\0\0\x04\0\0\0\x33\0\0\0\x50\x13\0\0\0\0\0\0\x04\0\
\0\0\x33\0\0\0\x60\x13\0\0\0\0\0\0\x04\0\0\0\x33\0\0\0\x70\x13\0\0\0\0\0\0\x04\
\0\0\0\x33\0\0\0\x80\x13\0\0\0\0\0\0\x04\0\0\0\x33\0\0\0\x90\x13\0\0\0\0\0\0\
\x04\0\0\0\x33\0\0\0\xa0\x13\0\0\0\0\0\0\x04\0\0\0\x33\0\0\0\xb0\x13\0\0\0\0\0\
\0\x04\0\0\0\x33\0\0\0\xc0\x13\0\0\0\0\0\0\x04\0\0\0\x33\0\0\0\xd0\x13\0\0\0\0\
\0\0\x04\0\0\0\x33\0\0\0\xe0\x13\0\0\0\0\0\0\x04\0\0\0\x33\0\0\0\xf0\x13\0\0\0\
\0\0\0\x04\0\0\0\x33\0\0\0\0\x14\0\0\0\0\0\0\x04\0\0\0\x33\0\0\0\x10\x14\0\0\0\
\0\0\0\x04\0\0\0\x33\0\0\0\x20\x14\0\0\0\0\0\0\x04\0\0\0\x33\0\0\0\x30\x14\0\0\
\0\0\0\0\x04\0\0\0\x33\0\0\0\x40\x14\0\0\0\0\0\0\x04\0\0\0\x33\0\0\0\x50\x14\0\
\0\0\0\0\0\x04\0\0\0\x33\0\0\0\x60\x14\0\0\0\0\0\0\x04\0\0\0\x33\0\0\0\x70\x14\
\0\0\0\0\0\0\x04\0\0\0\x33\0\0\0\x80\x14\0\0\0\0\0\0\x04\0\0\0\x33\0\0\0\x90\
\x14\0\0\0\0\0\0\x04\0\0\0\x33\0\0\0\xa0\x14\0\0\0\0\0\0\x04\0\0\0\x33\0\0\0\
\xb0\x14\0\0\0\0\0\0\x04\0\0\0\x33\0\0\0\xc0\x14\0\0\0\0\0\0\x04\0\0\0\x33\0\0\
\0\xd0\x14\0\0\0\0\0\0\x04\0\0\0\x33\0\0\0\xe0\x14\0\0\0\0\0\0\x04\0\0\0\x33\0\
\0\0\xf0\x14\0\0\0\0\0\0\x04\0\0\0\x33\0\0\0\0\x15\0\0\0\0\0\0\x04\0\0\0\x33\0\
\0\0\x10\x15\0\0\0\0\0\0\x04\0\0\0\x33\0\0\0\x20\x15\0\0\0\0\0\0\x04\0\0\0\x33\
\0\0\0\x30\x15\0\0\0\0\0\0\x04\0\0\0\x33\0\0\0\x40\x15\0\0\0\0\0\0\x04\0\0\0\
\x33\0\0\0\x50\x15\0\0\0\0\0\0\x04\0\0\0\x33\0\0\0\x60\x15\0\0\0\0\0\0\x04\0\0\
\0\x33\0\0\0\x70\x15\0\0\0\0\0\0\x04\0\0\0\x33\0\0\0\x80\x15\0\0\0\0\0\0\x04\0\
\0\0\x33\0\0\0\x90\x15\0\0\0\0\0\0\x04\0\0\0\x33\0\0\0\xa0\x15\0\0\0\0\0\0\x04\
\0\0\0\x33\0\0\0\xb0\x15\0\0\0\0\0\0\x04\0\0\0\x33\0\0\0\xc0\x15\0\0\0\0\0\0\
\x04\0\0\0\x33\0\0\0\xd0\x15\0\0\0\0\0\0\x04\0\0\0\x33\0\0\0\xe0\x15\0\0\0\0\0\
\0\x04\0\0\0\x33\0\0\0\xf0\x15\0\0\0\0\0\0\x04\0\0\0\x33\0\0\0\0\x16\0\0\0\0\0\
\0\x04\0\0\0\x33\0\0\0\x10\x16\0\0\0\0\0\0\x04\0\0\0\x33\0\0\0\x20\x16\0\0\0\0\
\0\0\x04\0\0\0\x33\0\0\0\x30\x16\0\0\0\0\0\0\x04\0\0\0\x33\0\0\0\x40\x16\0\0\0\
\0\0\0\x04\0\0\0\x33\0\0\0\x50\x16\0\0\0\0\0\0\x04\0\0\0\x33\0\0\0\x60\x16\0\0\
\0\0\0\0\x04\0\0\0\x33\0\0\0\x70\x16\0\0\0\0\0\0\x04\0\0\0\x33\0\0\0\x80\x16\0\
\0\0\0\0\0\x04\0\0\0\x33\0\0\0\x90\x16\0\0\0\0\0\0\x04\0\0\0\x33\0\0\0\xa0\x16\
\0\0\0\0\0\0\x04\0\0\0\x33\0\0\0\xb0\x16\0\0\0\0\0\0\x04\0\0\0\x33\0\0\0\xc0\
\x16\0\0\0\0\0\0\x04\0\0\0\x33\0\0\0\xd0\x16\0\0\0\0\0\0\x04\0\0\0\x33\0\0\0\
\xe0\x16\0\0\0\0\0\0\x04\0\0\0\x33\0\0\0\xf0\x16\0\0\0\0\0\0\x04\0\0\0\x33\0\0\
\0\0\x17\0\0\0\0\0\0\x04\0\0\0\x33\0\0\0\x10\x17\0\0\0\0\0\0\x04\0\0\0\x33\0\0\
\0\x20\x17\0\0\0\0\0\0\x04\0\0\0\x33\0\0\0\x30\x17\0\0\0\0\0\0\x04\0\0\0\x33\0\
\0\0\x40\x17\0\0\0\0\0\0\x04\0\0\0\x33\0\0\0\x50\x17\0\0\0\0\0\0\x04\0\0\0\x33\
\0\0\0\x60\x17\0\0\0\0\0\0\x04\0\0\0\x33\0\0\0\x70\x17\0\0\0\0\0\0\x04\0\0\0\
\x33\0\0\0\x80\x17\0\0\0\0\0\0\x04\0\0\0\x33\0\0\0\x90\x17\0\0\0\0\0\0\x04\0\0\
\0\x33\0\0\0\xa0\x17\0\0\0\0\0\0\x04\0\0\0\x33\0\0\0\xb0\x17\0\0\0\0\0\0\x04\0\
\0\0\x33\0\0\0\xc0\x17\0\0\0\0\0\0\x04\0\0\0\x33\0\0\0\xd0\x17\0\0\0\0\0\0\x04\
\0\0\0\x33\0\0\0\xe0\x17\0\0\0\0\0\0\x04\0\0\0\x33\0\0\0\xf0\x17\0\0\0\0\0\0\
\x04\0\0\0\x33\0\0\0\0\x18\0\0\0\0\0\0\x04\0\0\0\x33\0\0\0\x10\x18\0\0\0\0\0\0\
\x04\0\0\0\x33\0\0\0\x20\x18\0\0\0\0\0\0\x04\0\0\0\x33\0\0\0\x30\x18\0\0\0\0\0\
\0\x04\0\0\0\x33\0\0\0\x40\x18\0\0\0\0\0\0\x04\0\0\0\x33\0\0\0\x50\x18\0\0\0\0\
\0\0\x04\0\0\0\x33\0\0\0\x60\x18\0\0\0\0\0\0\x04\0\0\0\x33\0\0\0\x70\x18\0\0\0\
\0\0\0\x04\0\0\0\x33\0\0\0\x80\x18\0\0\0\0\0\0\x04\0\0\0\x33\0\0\0\x90\x18\0\0\
\0\0\0\0\x04\0\0\0\x33\0\0\0\xa0\x18\0\0\0\0\0\0\x04\0\0\0\x33\0\0\0\xb0\x18\0\
\0\0\0\0\0\x04\0\0\0\x33\0\0\0\xc0\x18\0\0\0\0\0\0\x04\0\0\0\x33\0\0\0\xd0\x18\
\0\0\0\0\0\0\x04\0\0\0\x33\0\0\0\xe0\x18\0\0\0\0\0\0\x04\0\0\0\x33\0\0\0\xf0\
\x18\0\0\0\0\0\0\x04\0\0\0\x33\0\0\0\0\x19\0\0\0\0\0\0\x04\0\0\0\x33\0\0\0\x10\
\x19\0\0\0\0\0\0\x04\0\0\0\x33\0\0\0\x20\x19\0\0\0\0\0\0\x04\0\0\0\x33\0\0\0\
\x30\x19\0\0\0\0\0\0\x04\0\0\0\x33\0\0\0\x40\x19\0\0\0\0\0\0\x04\0\0\0\x33\0\0\
\0\x50\x19\0\0\0\0\0\0\x04\0\0\0\x33\0\0\0\x60\x19\0\0\0\0\0\0\x04\0\0\0\x33\0\
\0\0\x70\x19\0\0\0\0\0\0\x04\0\0\0\x33\0\0\0\x80\x19\0\0\0\0\0\0\x04\0\0\0\x33\
\0\0\0\x90\x19\0\0\0\0\0\0\x04\0\0\0\x33\0\0\0\xa0\x19\0\0\0\0\0\0\x04\0\0\0\
\x33\0\0\0\xb0\x19\0\0\0\0\0\0\x04\0\0\0\x33\0\0\0\xc0\x19\0\0\0\0\0\0\x04\0\0\
\0\x33\0\0\0\xd0\x19\0\0\0\0\0\0\x04\0\0\0\x33\0\0\0\xe0\x19\0\0\0\0\0\0\x04\0\
\0\0\x33\0\0\0\xf0\x19\0\0\0\0\0\0\x04\0\0\0\x33\0\0\0\0\x1a\0\0\0\0\0\0\x04\0\
\0\0\x33\0\0\0\x10\x1a\0\0\0\0\0\0\x04\0\0\0\x33\0\0\0\x20\x1a\0\0\0\0\0\0\x04\
\0\0\0\x33\0\0\0\x30\x1a\0\0\0\0\0\0\x04\0\0\0\x33\0\0\0\x40\x1a\0\0\0\0\0\0\
\x04\0\0\0\x33\0\0\0\x50\x1a\0\0\0\0\0\0\x04\0\0\0\x33\0\0\0\x60\x1a\0\0\0\0\0\
\0\x04\0\0\0\x33\0\0\0\x70\x1a\0\0\0\0\0\0\x04\0\0\0\x33\0\0\0\x80\x1a\0\0\0\0\
\0\0\x04\0\0\0\x33\0\0\0\x90\x1a\0\0\0\0\0\0\x04\0\0\0\x33\0\0\0\xa0\x1a\0\0\0\
\0\0\0\x04\0\0\0\x33\0\0\0\xb0\x1a\0\0\0\0\0\0\x04\0\0\0\x33\0\0\0\xc0\x1a\0\0\
\0\0\0\0\x04\0\0\0\x33\0\0\0\xd0\x1a\0\0\0\0\0\0\x04\0\0\0\x33\0\0\0\xe0\x1a\0\
\0\0\0\0\0\x04\0\0\0\x33\0\0\0\xf0\x1a\0\0\0\0\0\0\x04\0\0\0\x33\0\0\0\0\x1b\0\
\0\0\0\0\0\x04\0\0\0\x33\0\0\0\x10\x1b\0\0\0\0\0\0\x04\0\0\0\x33\0\0\0\x20\x1b\
\0\0\0\0\0\0\x04\0\0\0\x33\0\0\0\x30\x1b\0\0\0\0\0\0\x04\0\0\0\x33\0\0\0\x40\
\x1b\0\0\0\0\0\0\x04\0\0\0\x33\0\0\0\x50\x1b\0\0\0\0\0\0\x04\0\0\0\x33\0\0\0\
\x60\x1b\0\0\0\0\0\0\x04\0\0\0\x33\0\0\0\x70\x1b\0\0\0\0\0\0\x04\0\0\0\x33\0\0\
\0\x80\x1b\0\0\0\0\0\0\x04\0\0\0\x33\0\0\0\x90\x1b\0\0\0\0\0\0\x04\0\0\0\x33\0\
\0\0\xa0\x1b\0\0\0\0\0\0\x04\0\0\0\x33\0\0\0\xb0\x1b\0\0\0\0\0\0\x04\0\0\0\x33\
\0\0\0\xc0\x1b\0\0\0\0\0\0\x04\0\0\0\x33\0\0\0\xd0\x1b\0\0\0\0\0\0\x04\0\0\0\
\x33\0\0\0\xe0\x1b\0\0\0\0\0\0\x04\0\0\0\x33\0\0\0\xf0\x1b\0\0\0\0\0\0\x04\0\0\
\0\x33\0\0\0\x08\x1c\0\0\0\0\0\0\x04\0\0\0\x52\0\0\0\x18\x1c\0\0\0\0\0\0\x04\0\
\0\0\x52\0\0\0\x28\x1c\0\0\0\0\0\0\x04\0\0\0\x52\0\0\0\x38\x1c\0\0\0\0\0\0\x04\
\0\0\0\x52\0\0\0\x48\x1c\0\0\0\0\0\0\x04\0\0\0\x52\0\0\0\x58\x1c\0\0\0\0\0\0\
\x04\0\0\0\x52\0\0\0\x68\x1c\0\0\0\0\0\0\x04\0\0\0\x52\0\0\0\x78\x1c\0\0\0\0\0\
\0\x04\0\0\0\x52\0\0\0\x88\x1c\0\0\0\0\0\0\x04\0\0\0\x52\0\0\0\x98\x1c\0\0\0\0\
\0\0\x04\0\0\0\x52\0\0\0\xa8\x1c\0\0\0\0\0\0\x04\0\0\0\x52\0\0\0\xb8\x1c\0\0\0\
\0\0\0\x04\0\0\0\x52\0\0\0\xc8\x1c\0\0\0\0\0\0\x04\0\0\0\x52\0\0\0\xd8\x1c\0\0\
\0\0\0\0\x04\0\0\0\x52\0\0\0\xe8\x1c\0\0\0\0\0\0\x04\0\0\0\x52\0\0\0\xf8\x1c\0\
\0\0\0\0\0\x04\0\0\0\x52\0\0\0\x08\x1d\0\0\0\0\0\0\x04\0\0\0\x52\0\0\0\x18\x1d\
\0\0\0\0\0\0\x04\0\0\0\x52\0\0\0\x28\x1d\0\0\0\0\0\0\x04\0\0\0\x52\0\0\0\x38\
\x1d\0\0\0\0\0\0\x04\0\0\0\x52\0\0\0\x48\x1d\0\0\0\0\0\0\x04\0\0\0\x52\0\0\0\
\x58\x1d\0\0\0\0\0\0\x04\0\0\0\x52\0\0\0\x68\x1d\0\0\0\0\0\0\x04\0\0\0\x52\0\0\
\0\x78\x1d\0\0\0\0\0\0\x04\0\0\0\x52\0\0\0\x88\x1d\0\0\0\0\0\0\x04\0\0\0\x52\0\
\0\0\x98\x1d\0\0\0\0\0\0\x04\0\0\0\x52\0\0\0\xa8\x1d\0\0\0\0\0\0\x04\0\0\0\x52\
\0\0\0\xb8\x1d\0\0\0\0\0\0\x04\0\0\0\x52\0\0\0\xc8\x1d\0\0\0\0\0\0\x04\0\0\0\
\x52\0\0\0\xd8\x1d\0\0\0\0\0\0\x04\0\0\0\x52\0\0\0\xe8\x1d\0\0\0\0\0\0\x04\0\0\
\0\x52\0\0\0\xf8\x1d\0\0\0\0\0\0\x04\0\0\0\x52\0\0\0\x08\x1e\0\0\0\0\0\0\x04\0\
\0\0\x52\0\0\0\x18\x1e\0\0\0\0\0\0\x04\0\0\0\x52\0\0\0\x28\x1e\0\0\0\0\0\0\x04\
\0\0\0\x52\0\0\0\x38\x1e\0\0\0\0\0\0\x04\0\0\0\x52\0\0\0\x48\x1e\0\0\0\0\0\0\
\x04\0\0\0\x52\0\0\0\x58\x1e\0\0\0\0\0\0\x04\0\0\0\x52\0\0\0\x68\x1e\0\0\0\0\0\
\0\x04\0\0\0\x52\0\0\0\x78\x1e\0\0\0\0\0\0\x04\0\0\0\x52\0\0\0\x88\x1e\0\0\0\0\
\0\0\x04\0\0\0\x52\0\0\0\x98\x1e\0\0\0\0\0\0\x04\0\0\0\x52\0\0\0\xa8\x1e\0\0\0\
\0\0\0\x04\0\0\0\x52\0\0\0\xb8\x1e\0\0\0\0\0\0\x04\0\0\0\x52\0\0\0\xc8\x1e\0\0\
\0\0\0\0\x04\0\0\0\x52\0\0\0\xd8\x1e\0\0\0\0\0\0\x04\0\0\0\x52\0\0\0\xe8\x1e\0\
\0\0\0\0\0\x04\0\0\0\x52\0\0\0\xf8\x1e\0\0\0\0\0\0\x04\0\0\0\x52\0\0\0\x08\x1f\
\0\0\0\0\0\0\x04\0\0\0\x52\0\0\0\x18\x1f\0\0\0\0\0\0\x04\0\0\0\x52\0\0\0\x28\
\x1f\0\0\0\0\0\0\x04\0\0\0\x52\0\0\0\x38\x1f\0\0\0\0\0\0\x04\0\0\0\x52\0\0\0\
\x48\x1f\0\0\0\0\0\0\x04\0\0\0\x52\0\0\0\x58\x1f\0\0\0\0\0\0\x04\0\0\0\x52\0\0\
\0\x68\x1f\0\0\0\0\0\0\x04\0\0\0\x52\0\0\0\x78\x1f\0\0\0\0\0\0\x04\0\0\0\x52\0\
\0\0\x88\x1f\0\0\0\0\0\0\x04\0\0\0\x52\0\0\0\x98\x1f\0\0\0\0\0\0\x04\0\0\0\x52\
\0\0\0\xa8\x1f\0\0\0\0\0\0\x04\0\0\0\x52\0\0\0\xb8\x1f\0\0\0\0\0\0\x04\0\0\0\
\x52\0\0\0\xc8\x1f\0\0\0\0\0\0\x04\0\0\0\x52\0\0\0\xd8\x1f\0\0\0\0\0\0\x04\0\0\
\0\x52\0\0\0\xe8\x1f\0\0\0\0\0\0\x04\0\0\0\x52\0\0\0\xf8\x1f\0\0\0\0\0\0\x04\0\
\0\0\x52\0\0\0\x08\x20\0\0\0\0\0\0\x04\0\0\0\x52\0\0\0\x18\x20\0\0\0\0\0\0\x04\
\0\0\0\x52\0\0\0\x28\x20\0\0\0\0\0\0\x04\0\0\0\x52\0\0\0\x38\x20\0\0\0\0\0\0\
\x04\0\0\0\x52\0\0\0\x48\x20\0\0\0\0\0\0\x04\0\0\0\x52\0\0\0\x58\x20\0\0\0\0\0\
\0\x04\0\0\0\x52\0\0\0\x68\x20\0\0\0\0\0\0\x04\0\0\0\x52\0\0\0\x78\x20\0\0\0\0\
\0\0\x04\0\0\0\x52\0\0\0\x88\x20\0\0\0\0\0\0\x04\0\0\0\x52\0\0\0\x98\x20\0\0\0\
\0\0\0\x04\0\0\0\x52\0\0\0\xa8\x20\0\0\0\0\0\0\x04\0\0\0\x52\0\0\0\xb8\x20\0\0\
\0\0\0\0\x04\0\0\0\x52\0\0\0\xc8\x20\0\0\0\0\0\0\x04\0\0\0\x52\0\0\0\xd8\x20\0\
\0\0\0\0\0\x04\0\0\0\x52\0\0\0\xe8\x20\0\0\0\0\0\0\x04\0\0\0\x52\0\0\0\xf8\x20\
\0\0\0\0\0\0\x04\0\0\0\x52\0\0\0\x08\x21\0\0\0\0\0\0\x04\0\0\0\x52\0\0\0\x18\
\x21\0\0\0\0\0\0\x04\0\0\0\x52\0\0\0\x28\x21\0\0\0\0\0\0\x04\0\0\0\x52\0\0\0\
\x38\x21\0\0\0\0\0\0\x04\0\0\0\x52\0\0\0\x48\x21\0\0\0\0\0\0\x04\0\0\0\x52\0\0\
\0\x58\x21\0\0\0\0\0\0\x04\0\0\0\x52\0\0\0\x68\x21\0\0\0\0\0\0\x04\0\0\0\x52\0\
\0\0\x78\x21\0\0\0\0\0\0\x04\0\0\0\x52\0\0\0\x88\x21\0\0\0\0\0\0\x04\0\0\0\x52\
\0\0\0\x98\x21\0\0\0\0\0\0\x04\0\0\0\x52\0\0\0\xa8\x21\0\0\0\0\0\0\x04\0\0\0\
\x52\0\0\0\xb8\x21\0\0\0\0\0\0\x04\0\0\0\x52\0\0\0\xc8\x21\0\0\0\0\0\0\x04\0\0\
\0\x52\0\0\0\xd8\x21\0\0\0\0\0\0\x04\0\0\0\x52\0\0\0\xe8\x21\0\0\0\0\0\0\x04\0\
\0\0\x52\0\0\0\xf8\x21\0\0\0\0\0\0\x04\0\0\0\x52\0\0\0\x08\x22\0\0\0\0\0\0\x04\
\0\0\0\x52\0\0\0\x18\x22\0\0\0\0\0\0\x04\0\0\0\x52\0\0\0\x28\x22\0\0\0\0\0\0\
\x04\0\0\0\x52\0\0\0\x38\x22\0\0\0\0\0\0\x04\0\0\0\x52\0\0\0\x48\x22\0\0\0\0\0\
\0\x04\0\0\0\x52\0\0\0\x58\x22\0\0\0\0\0\0\x04\0\0\0\x52\0\0\0\x68\x22\0\0\0\0\
\0\0\x04\0\0\0\x52\0\0\0\x78\x22\0\0\0\0\0\0\x04\0\0\0\x52\0\0\0\x88\x22\0\0\0\
\0\0\0\x04\0\0\0\x52\0\0\0\x98\x22\0\0\0\0\0\0\x04\0\0\0\x52\0\0\0\xa8\x22\0\0\
\0\0\0\0\x04\0\0\0\x52\0\0\0\xb8\x22\0\0\0\0\0\0\x04\0\0\0\x52\0\0\0\xc8\x22\0\
\0\0\0\0\0\x04\0\0\0\x52\0\0\0\xd8\x22\0\0\0\0\0\0\x04\0\0\0\x52\0\0\0\xe8\x22\
\0\0\0\0\0\0\x04\0\0\0\x52\0\0\0\xf8\x22\0\0\0\0\0\0\x04\0\0\0\x52\0\0\0\x08\
\x23\0\0\0\0\0\0\x04\0\0\0\x52\0\0\0\x18\x23\0\0\0\0\0\0\x04\0\0\0\x52\0\0\0\
\x28\x23\0\0\0\0\0\0\x04\0\0\0\x52\0\0\0\x38\x23\0\0\0\0\0\0\x04\0\0\0\x52\0\0\
\0\x48\x23\0\0\0\0\0\0\x04\0\0\0\x52\0\0\0\x58\x23\0\0\0\0\0\0\x04\0\0\0\x52\0\
\0\0\x68\x23\0\0\0\0\0\0\x04\0\0\0\x52\0\0\0\x78\x23\0\0\0\0\0\0\x04\0\0\0\x52\
\0\0\0\x88\x23\0\0\0\0\0\0\x04\0\0\0\x52\0\0\0\x98\x23\0\0\0\0\0\0\x04\0\0\0\
\x52\0\0\0\xa8\x23\0\0\0\0\0\0\x04\0\0\0\x52\0\0\0\xb8\x23\0\0\0\0\0\0\x04\0\0\
\0\x52\0\0\0\xc8\x23\0\0\0\0\0\0\x04\0\0\0\x52\0\0\0\xd8\x23\0\0\0\0\0\0\x04\0\
\0\0\x52\0\0\0\xe8\x23\0\0\0\0\0\0\x04\0\0\0\x52\0\0\0\xf8\x23\0\0\0\0\0\0\x04\
\0\0\0\x52\0\0\0\x08\x24\0\0\0\0\0\0\x04\0\0\0\x52\0\0\0\x18\x24\0\0\0\0\0\0\
\x04\0\0\0\x52\0\0\0\x28\x24\0\0\0\0\0\0\x04\0\0\0\x52\0\0\0\x38\x24\0\0\0\0\0\
\0\x04\0\0\0\x52\0\0\0\x48\x24\0\0\0\0\0\0\x04\0\0\0\x52\0\0\0\x58\x24\0\0\0\0\
\0\0\x04\0\0\0\x52\0\0\0\x68\x24\0\0\0\0\0\0\x04\0\0\0\x52\0\0\0\x78\x24\0\0\0\
\0\0\0\x04\0\0\0\x52\0\0\0\x88\x24\0\0\0\0\0\0\x04\0\0\0\x52\0\0\0\x98\x24\0\0\
\0\0\0\0\x04\0\0\0\x52\0\0\0\xa8\x24\0\0\0\0\0\0\x04\0\0\0\x52\0\0\0\xb8\x24\0\
\0\0\0\0\0\x04\0\0\0\x52\0\0\0\xc8\x24\0\0\0\0\0\0\x04\0\0\0\x52\0\0\0\xd8\x24\
\0\0\0\0\0\0\x04\0\0\0\x52\0\0\0\xe8\x24\0\0\0\0\0\0\x04\0\0\0\x52\0\0\0\xf8\
\x24\0\0\0\0\0\0\x04\0\0\0\x52\0\0\0\x08\x25\0\0\0\0\0\0\x04\0\0\0\x52\0\0\0\
\x18\x25\0\0\0\0\0\0\x04\0\0\0\x52\0\0\0\x28\x25\0\0\0\0\0\0\x04\0\0\0\x52\0\0\
\0\x38\x25\0\0\0\0\0\0\x04\0\0\0\x52\0\0\0\x48\x25\0\0\0\0\0\0\x04\0\0\0\x52\0\
\0\0\x58\x25\0\0\0\0\0\0\x04\0\0\0\x52\0\0\0\x68\x25\0\0\0\0\0\0\x04\0\0\0\x52\
\0\0\0\x78\x25\0\0\0\0\0\0\x04\0\0\0\x52\0\0\0\x88\x25\0\0\0\0\0\0\x04\0\0\0\
\x52\0\0\0\x98\x25\0\0\0\0\0\0\x04\0\0\0\x52\0\0\0\xa8\x25\0\0\0\0\0\0\x04\0\0\
\0\x52\0\0\0\xb8\x25\0\0\0\0\0\0\x04\0\0\0\x52\0\0\0\xc8\x25\0\0\0\0\0\0\x04\0\
\0\0\x52\0\0\0\xe0\x25\0\0\0\0\0\0\x04\0\0\0\x73\0\0\0\xf0\x25\0\0\0\0\0\0\x04\
\0\0\0\x73\0\0\0\0\x26\0\0\0\0\0\0\x04\0\0\0\x73\0\0\0\x10\x26\0\0\0\0\0\0\x04\
\0\0\0\x73\0\0\0\x20\x26\0\0\0\0\0\0\x04\0\0\0\x73\0\0\0\x30\x26\0\0\0\0\0\0\
\x04\0\0\0\x73\0\0\0\x40\x26\0\0\0\0\0\0\x04\0\0\0\x73\0\0\0\x50\x26\0\0\0\0\0\
\0\x04\0\0\0\x73\0\0\0\x60\x26\0\0\0\0\0\0\x04\0\0\0\x73\0\0\0\x70\x26\0\0\0\0\
\0\0\x04\0\0\0\x73\0\0\0\x80\x26\0\0\0\0\0\0\x04\0\0\0\x73\0\0\0\x90\x26\0\0\0\
\0\0\0\x04\0\0\0\x73\0\0\0\xa0\x26\0\0\0\0\0\0\x04\0\0\0\x73\0\0\0\xb0\x26\0\0\
\0\0\0\0\x04\0\0\0\x73\0\0\0\xc0\x26\0\0\0\0\0\0\x04\0\0\0\x73\0\0\0\xd0\x26\0\
\0\0\0\0\0\x04\0\0\0\x73\0\0\0\xe0\x26\0\0\0\0\0\0\x04\0\0\0\x73\0\0\0\xf0\x26\
\0\0\0\0\0\0\x04\0\0\0\x73\0\0\0\0\x27\0\0\0\0\0\0\x04\0\0\0\x73\0\0\0\x10\x27\
\0\0\0\0\0\0\x04\0\0\0\x73\0\0\0\x20\x27\0\0\0\0\0\0\x04\0\0\0\x73\0\0\0\x30\
\x27\0\0\0\0\0\0\x04\0\0\0\x73\0\0\0\x40\x27\0\0\0\0\0\0\x04\0\0\0\x73\0\0\0\
\x50\x27\0\0\0\0\0\0\x04\0\0\0\x73\0\0\0\x60\x27\0\0\0\0\0\0\x04\0\0\0\x73\0\0\
\0\x70\x27\0\0\0\0\0\0\x04\0\0\0\x73\0\0\0\x80\x27\0\0\0\0\0\0\x04\0\0\0\x73\0\
\0\0\x90\x27\0\0\0\0\0\0\x04\0\0\0\x73\0\0\0\xa0\x27\0\0\0\0\0\0\x04\0\0\0\x73\
\0\0\0\xb0\x27\0\0\0\0\0\0\x04\0\0\0\x73\0\0\0\xc0\x27\0\0\0\0\0\0\x04\0\0\0\
\x73\0\0\0\xd0\x27\0\0\0\0\0\0\x04\0\0\0\x73\0\0\0\xe0\x27\0\0\0\0\0\0\x04\0\0\
\0\x73\0\0\0\xf0\x27\0\0\0\0\0\0\x04\0\0\0\x73\0\0\0\0\x28\0\0\0\0\0\0\x04\0\0\
\0\x73\0\0\0\x10\x28\0\0\0\0\0\0\x04\0\0\0\x73\0\0\0\x20\x28\0\0\0\0\0\0\x04\0\
\0\0\x73\0\0\0\x30\x28\0\0\0\0\0\0\x04\0\0\0\x73\0\0\0\x40\x28\0\0\0\0\0\0\x04\
\0\0\0\x73\0\0\0\x50\x28\0\0\0\0\0\0\x04\0\0\0\x73\0\0\0\x60\x28\0\0\0\0\0\0\
\x04\0\0\0\x73\0\0\0\x70\x28\0\0\0\0\0\0\x04\0\0\0\x73\0\0\0\x80\x28\0\0\0\0\0\
\0\x04\0\0\0\x73\0\0\0\x90\x28\0\0\0\0\0\0\x04\0\0\0\x73\0\0\0\xa0\x28\0\0\0\0\
\0\0\x04\0\0\0\x73\0\0\0\xb0\x28\0\0\0\0\0\0\x04\0\0\0\x73\0\0\0\xc0\x28\0\0\0\
\0\0\0\x04\0\0\0\x73\0\0\0\xd0\x28\0\0\0\0\0\0\x04\0\0\0\x73\0\0\0\xe0\x28\0\0\
\0\0\0\0\x04\0\0\0\x73\0\0\0\xf0\x28\0\0\0\0\0\0\x04\0\0\0\x73\0\0\0\0\x29\0\0\
\0\0\0\0\x04\0\0\0\x73\0\0\0\x10\x29\0\0\0\0\0\0\x04\0\0\0\x73\0\0\0\x20\x29\0\
\0\0\0\0\0\x04\0\0\0\x73\0\0\0\x30\x29\0\0\0\0\0\0\x04\0\0\0\x73\0\0\0\x40\x29\
\0\0\0\0\0\0\x04\0\0\0\x73\0\0\0\x50\x29\0\0\0\0\0\0\x04\0\0\0\x73\0\0\0\x60\
\x29\0\0\0\0\0\0\x04\0\0\0\x73\0\0\0\x70\x29\0\0\0\0\0\0\x04\0\0\0\x73\0\0\0\
\x80\x29\0\0\0\0\0\0\x04\0\0\0\x73\0\0\0\x90\x29\0\0\0\0\0\0\x04\0\0\0\x73\0\0\
\0\xa0\x29\0\0\0\0\0\0\x04\0\0\0\x73\0\0\0\xb0\x29\0\0\0\0\0\0\x04\0\0\0\x73\0\
\0\0\xc0\x29\0\0\0\0\0\0\x04\0\0\0\x73\0\0\0\xd0\x29\0\0\0\0\0\0\x04\0\0\0\x73\
\0\0\0\xe0\x29\0\0\0\0\0\0\x04\0\0\0\x73\0\0\0\xf0\x29\0\0\0\0\0\0\x04\0\0\0\
\x73\0\0\0\0\x2a\0\0\0\0\0\0\x04\0\0\0\x73\0\0\0\x10\x2a\0\0\0\0\0\0\x04\0\0\0\
\x73\0\0\0\x20\x2a\0\0\0\0\0\0\x04\0\0\0\x73\0\0\0\x30\x2a\0\0\0\0\0\0\x04\0\0\
\0\x73\0\0\0\x40\x2a\0\0\0\0\0\0\x04\0\0\0\x73\0\0\0\x50\x2a\0\0\0\0\0\0\x04\0\
\0\0\x73\0\0\0\x60\x2a\0\0\0\0\0\0\x04\0\0\0\x73\0\0\0\x70\x2a\0\0\0\0\0\0\x04\
\0\0\0\x73\0\0\0\x80\x2a\0\0\0\0\0\0\x04\0\0\0\x73\0\0\0\x90\x2a\0\0\0\0\0\0\
\x04\0\0\0\x73\0\0\0\xa0\x2a\0\0\0\0\0\0\x04\0\0\0\x73\0\0\0\xb0\x2a\0\0\0\0\0\
\0\x04\0\0\0\x73\0\0\0\xc0\x2a\0\0\0\0\0\0\x04\0\0\0\x73\0\0\0\xd0\x2a\0\0\0\0\
\0\0\x04\0\0\0\x73\0\0\0\xe0\x2a\0\0\0\0\0\0\x04\0\0\0\x73\0\0\0\xf0\x2a\0\0\0\
\0\0\0\x04\0\0\0\x73\0\0\0\0\x2b\0\0\0\0\0\0\x04\0\0\0\x73\0\0\0\x10\x2b\0\0\0\
\0\0\0\x04\0\0\0\x73\0\0\0\x20\x2b\0\0\0\0\0\0\x04\0\0\0\x73\0\0\0\x30\x2b\0\0\
\0\0\0\0\x04\0\0\0\x73\0\0\0\x40\x2b\0\0\0\0\0\0\x04\0\0\0\x73\0\0\0\x50\x2b\0\
\0\0\0\0\0\x04\0\0\0\x73\0\0\0\x60\x2b\0\0\0\0\0\0\x04\0\0\0\x73\0\0\0\x70\x2b\
\0\0\0\0\0\0\x04\0\0\0\x73\0\0\0\x80\x2b\0\0\0\0\0\0\x04\0\0\0\x73\0\0\0\x90\
\x2b\0\0\0\0\0\0\x04\0\0\0\x73\0\0\0\xa0\x2b\0\0\0\0\0\0\x04\0\0\0\x73\0\0\0\
\xb0\x2b\0\0\0\0\0\0\x04\0\0\0\x73\0\0\0\xc0\x2b\0\0\0\0\0\0\x04\0\0\0\x73\0\0\
\0\xd0\x2b\0\0\0\0\0\0\x04\0\0\0\x73\0\0\0\xe0\x2b\0\0\0\0\0\0\x04\0\0\0\x73\0\
\0\0\xf0\x2b\0\0\0\0\0\0\x04\0\0\0\x73\0\0\0\0\x2c\0\0\0\0\0\0\x04\0\0\0\x73\0\
\0\0\x10\x2c\0\0\0\0\0\0\x04\0\0\0\x73\0\0\0\x20\x2c\0\0\0\0\0\0\x04\0\0\0\x73\
\0\0\0\x30\x2c\0\0\0\0\0\0\x04\0\0\0\x73\0\0\0\x40\x2c\0\0\0\0\0\0\x04\0\0\0\
\x73\0\0\0\x50\x2c\0\0\0\0\0\0\x04\0\0\0\x73\0\0\0\x60\x2c\0\0\0\0\0\0\x04\0\0\
\0\x73\0\0\0\x70\x2c\0\0\0\0\0\0\x04\0\0\0\x73\0\0\0\x80\x2c\0\0\0\0\0\0\x04\0\
\0\0\x73\0\0\0\x90\x2c\0\0\0\0\0\0\x04\0\0\0\x73\0\0\0\xa0\x2c\0\0\0\0\0\0\x04\
\0\0\0\x73\0\0\0\xb0\x2c\0\0\0\0\0\0\x04\0\0\0\x73\0\0\0\xc0\x2c\0\0\0\0\0\0\
\x04\0\0\0\x73\0\0\0\xd0\x2c\0\0\0\0\0\0\x04\0\0\0\x73\0\0\0\xe0\x2c\0\0\0\0\0\
\0\x04\0\0\0\x73\0\0\0\xf0\x2c\0\0\0\0\0\0\x04\0\0\0\x73\0\0\0\0\x2d\0\0\0\0\0\
\0\x04\0\0\0\x73\0\0\0\x10\x2d\0\0\0\0\0\0\x04\0\0\0\x73\0\0\0\x20\x2d\0\0\0\0\
\0\0\x04\0\0\0\x73\0\0\0\x30\x2d\0\0\0\0\0\0\x04\0\0\0\x73\0\0\0\x40\x2d\0\0\0\
\0\0\0\x04\0\0\0\x73\0\0\0\x50\x2d\0\0\0\0\0\0\x04\0\0\0\x73\0\0\0\x60\x2d\0\0\
\0\0\0\0\x04\0\0\0\x73\0\0\0\x70\x2d\0\0\0\0\0\0\x04\0\0\0\x73\0\0\0\x80\x2d\0\
\0\0\0\0\0\x04\0\0\0\x73\0\0\0\x90\x2d\0\0\0\0\0\0\x04\0\0\0\x73\0\0\0\xa0\x2d\
\0\0\0\0\0\0\x04\0\0\0\x73\0\0\0\xb0\x2d\0\0\0\0\0\0\x04\0\0\0\x73\0\0\0\xc0\
\x2d\0\0\0\0\0\0\x04\0\0\0\x73\0\0\0\xd0\x2d\0\0\0\0\0\0\x04\0\0\0\x73\0\0\0\
\xe0\x2d\0\0\0\0\0\0\x04\0\0\0\x73\0\0\0\xf0\x2d\0\0\0\0\0\0\x04\0\0\0\x73\0\0\
\0\0\x2e\0\0\0\0\0\0\x04\0\0\0\x73\0\0\0\x10\x2e\0\0\0\0\0\0\x04\0\0\0\x73\0\0\
\0\x20\x2e\0\0\0\0\0\0\x04\0\0\0\x73\0\0\0\x30\x2e\0\0\0\0\0\0\x04\0\0\0\x73\0\
\0\0\x40\x2e\0\0\0\0\0\0\x04\0\0\0\x73\0\0\0\x50\x2e\0\0\0\0\0\0\x04\0\0\0\x73\
\0\0\0\x60\x2e\0\0\0\0\0\0\x04\0\0\0\x73\0\0\0\x70\x2e\0\0\0\0\0\0\x04\0\0\0\
\x73\0\0\0\x80\x2e\0\0\0\0\0\0\x04\0\0\0\x73\0\0\0\x90\x2e\0\0\0\0\0\0\x04\0\0\
\0\x73\0\0\0\xa0\x2e\0\0\0\0\0\0\x04\0\0\0\x73\0\0\0\xb0\x2e\0\0\0\0\0\0\x04\0\
\0\0\x73\0\0\0\xc0\x2e\0\0\0\0\0\0\x04\0\0\0\x73\0\0\0\xd0\x2e\0\0\0\0\0\0\x04\
\0\0\0\x73\0\0\0\xe0\x2e\0\0\0\0\0\0\x04\0\0\0\x73\0\0\0\xf0\x2e\0\0\0\0\0\0\
\x04\0\0\0\x73\0\0\0\0\x2f\0\0\0\0\0\0\x04\0\0\0\x73\0\0\0\x10\x2f\0\0\0\0\0\0\
\x04\0\0\0\x73\0\0\0\x20\x2f\0\0\0\0\0\0\x04\0\0\0\x73\0\0\0\x30\x2f\0\0\0\0\0\
\0\x04\0\0\0\x73\0\0\0\x40\x2f\0\0\0\0\0\0\x04\0\0\0\x73\0\0\0\x50\x2f\0\0\0\0\
\0\0\x04\0\0\0\x73\0\0\0\x60\x2f\0\0\0\0\0\0\x04\0\0\0\x73\0\0\0\x70\x2f\0\0\0\
\0\0\0\x04\0\0\0\x73\0\0\0\x80\x2f\0\0\0\0\0\0\x04\0\0\0\x73\0\0\0\x90\x2f\0\0\
\0\0\0\0\x04\0\0\0\x73\0\0\0\xa8\x2f\0\0\0\0\0\0\x04\0\0\0\x92\0\0\0\xb8\x2f\0\
\0\0\0\0\0\x04\0\0\0\x92\0\0\0\xc8\x2f\0\0\0\0\0\0\x04\0\0\0\x92\0\0\0\xd8\x2f\
\0\0\0\0\0\0\x04\0\0\0\x92\0\0\0\xe8\x2f\0\0\0\0\0\0\x04\0\0\0\x92\0\0\0\xf8\
\x2f\0\0\0\0\0\0\x04\0\0\0\x92\0\0\0\x08\x30\0\0\0\0\0\0\x04\0\0\0\x92\0\0\0\
\x18\x30\0\0\0\0\0\0\x04\0\0\0\x92\0\0\0\x28\x30\0\0\0\0\0\0\x04\0\0\0\x92\0\0\
\0\x38\x30\0\0\0\0\0\0\x04\0\0\0\x92\0\0\0\x48\x30\0\0\0\0\0\0\x04\0\0\0\x92\0\
\0\0\x58\x30\0\0\0\0\0\0\x04\0\0\0\x92\0\0\0\x68\x30\0\0\0\0\0\0\x04\0\0\0\x92\
\0\0\0\x78\x30\0\0\0\0\0\0\x04\0\0\0\x92\0\0\0\x88\x30\0\0\0\0\0\0\x04\0\0\0\
\x92\0\0\0\x98\x30\0\0\0\0\0\0\x04\0\0\0\x92\0\0\0\xa8\x30\0\0\0\0\0\0\x04\0\0\
\0\x92\0\0\0\xb8\x30\0\0\0\0\0\0\x04\0\0\0\x92\0\0\0\xc8\x30\0\0\0\0\0\0\x04\0\
\0\0\x92\0\0\0\xd8\x30\0\0\0\0\0\0\x04\0\0\0\x92\0\0\0\xe8\x30\0\0\0\0\0\0\x04\
\0\0\0\x92\0\0\0\xf8\x30\0\0\0\0\0\0\x04\0\0\0\x92\0\0\0\x08\x31\0\0\0\0\0\0\
\x04\0\0\0\x92\0\0\0\x18\x31\0\0\0\0\0\0\x04\0\0\0\x92\0\0\0\x28\x31\0\0\0\0\0\
\0\x04\0\0\0\x92\0\0\0\x38\x31\0\0\0\0\0\0\x04\0\0\0\x92\0\0\0\x48\x31\0\0\0\0\
\0\0\x04\0\0\0\x92\0\0\0\x58\x31\0\0\0\0\0\0\x04\0\0\0\x92\0\0\0\x68\x31\0\0\0\
\0\0\0\x04\0\0\0\x92\0\0\0\x78\x31\0\0\0\0\0\0\x04\0\0\0\x92\0\0\0\x88\x31\0\0\
\0\0\0\0\x04\0\0\0\x92\0\0\0\x98\x31\0\0\0\0\0\0\x04\0\0\0\x92\0\0\0\xa8\x31\0\
\0\0\0\0\0\x04\0\0\0\x92\0\0\0\xb8\x31\0\0\0\0\0\0\x04\0\0\0\x92\0\0\0\xc8\x31\
\0\0\0\0\0\0\x04\0\0\0\x92\0\0\0\xd8\x31\0\0\0\0\0\0\x04\0\0\0\x92\0\0\0\xe8\
\x31\0\0\0\0\0\0\x04\0\0\0\x92\0\0\0\xf8\x31\0\0\0\0\0\0\x04\0\0\0\x92\0\0\0\
\x08\x32\0\0\0\0\0\0\x04\0\0\0\x92\0\0\0\x18\x32\0\0\0\0\0\0\x04\0\0\0\x92\0\0\
\0\x28\x32\0\0\0\0\0\0\x04\0\0\0\x92\0\0\0\x38\x32\0\0\0\0\0\0\x04\0\0\0\x92\0\
\0\0\x48\x32\0\0\0\0\0\0\x04\0\0\0\x92\0\0\0\x58\x32\0\0\0\0\0\0\x04\0\0\0\x92\
\0\0\0\x70\x32\0\0\0\0\0\0\x04\0\0\0\x01\0\0\0\x80\x32\0\0\0\0\0\0\x04\0\0\0\
\x01\0\0\0\x90\x32\0\0\0\0\0\0\x04\0\0\0\x01\0\0\0\xa0\x32\0\0\0\0\0\0\x04\0\0\
\0\x01\0\0\0\xb0\x32\0\0\0\0\0\0\x04\0\0\0\x01\0\0\0\xcc\x32\0\0\0\0\0\0\x04\0\
\0\0\x02\0\0\0\xdc\x32\0\0\0\0\0\0\x04\0\0\0\x02\0\0\0\xec\x32\0\0\0\0\0\0\x04\
\0\0\0\x02\0\0\0\xfc\x32\0\0\0\0\0\0\x04\0\0\0\x02\0\0\0\x0c\x33\0\0\0\0\0\0\
\x04\0\0\0\x02\0\0\0\x1c\x33\0\0\0\0\0\0\x04\0\0\0\x02\0\0\0\x2c\x33\0\0\0\0\0\
\0\x04\0\0\0\x02\0\0\0\x3c\x33\0\0\0\0\0\0\x04\0\0\0\x02\0\0\0\x4c\x33\0\0\0\0\
\0\0\x04\0\0\0\x02\0\0\0\x5c\x33\0\0\0\0\0\0\x04\0\0\0\x02\0\0\0\x6c\x33\0\0\0\
\0\0\0\x04\0\0\0\x02\0\0\0\x7c\x33\0\0\0\0\0\0\x04\0\0\0\x02\0\0\0\x8c\x33\0\0\
\0\0\0\0\x04\0\0\0\x02\0\0\0\x9c\x33\0\0\0\0\0\0\x04\0\0\0\x02\0\0\0\xac\x33\0\
\0\0\0\0\0\x04\0\0\0\x02\0\0\0\xbc\x33\0\0\0\0\0\0\x04\0\0\0\x02\0\0\0\xcc\x33\
\0\0\0\0\0\0\x04\0\0\0\x02\0\0\0\xdc\x33\0\0\0\0\0\0\x04\0\0\0\x02\0\0\0\xec\
\x33\0\0\0\0\0\0\x04\0\0\0\x02\0\0\0\xfc\x33\0\0\0\0\0\0\x04\0\0\0\x02\0\0\0\
\x0c\x34\0\0\0\0\0\0\x04\0\0\0\x02\0\0\0\x1c\x34\0\0\0\0\0\0\x04\0\0\0\x02\0\0\
\0\x2c\x34\0\0\0\0\0\0\x04\0\0\0\x02\0\0\0\x3c\x34\0\0\0\0\0\0\x04\0\0\0\x02\0\
\0\0\x4c\x34\0\0\0\0\0\0\x04\0\0\0\x02\0\0\0\x5c\x34\0\0\0\0\0\0\x04\0\0\0\x02\
\0\0\0\x74\x34\0\0\0\0\0\0\x04\0\0\0\x13\0\0\0\x84\x34\0\0\0\0\0\0\x04\0\0\0\
\x13\0\0\0\x94\x34\0\0\0\0\0\0\x04\0\0\0\x13\0\0\0\xa4\x34\0\0\0\0\0\0\x04\0\0\
\0\x13\0\0\0\xb4\x34\0\0\0\0\0\0\x04\0\0\0\x13\0\0\0\xc4\x34\0\0\0\0\0\0\x04\0\
\0\0\x13\0\0\0\xd4\x34\0\0\0\0\0\0\x04\0\0\0\x13\0\0\0\xe4\x34\0\0\0\0\0\0\x04\
\0\0\0\x13\0\0\0\xf4\x34\0\0\0\0\0\0\x04\0\0\0\x13\0\0\0\x04\x35\0\0\0\0\0\0\
\x04\0\0\0\x13\0\0\0\x14\x35\0\0\0\0\0\0\x04\0\0\0\x13\0\0\0\x24\x35\0\0\0\0\0\
\0\x04\0\0\0\x13\0\0\0\x34\x35\0\0\0\0\0\0\x04\0\0\0\x13\0\0\0\x44\x35\0\0\0\0\
\0\0\x04\0\0\0\x13\0\0\0\x54\x35\0\0\0\0\0\0\x04\0\0\0\x13\0\0\0\x64\x35\0\0\0\
\0\0\0\x04\0\0\0\x13\0\0\0\x74\x35\0\0\0\0\0\0\x04\0\0\0\x13\0\0\0\x84\x35\0\0\
\0\0\0\0\x04\0\0\0\x13\0\0\0\x94\x35\0\0\0\0\0\0\x04\0\0\0\x13\0\0\0\xa4\x35\0\
\0\0\0\0\0\x04\0\0\0\x13\0\0\0\xb4\x35\0\0\0\0\0\0\x04\0\0\0\x13\0\0\0\xc4\x35\
\0\0\0\0\0\0\x04\0\0\0\x13\0\0\0\xd4\x35\0\0\0\0\0\0\x04\0\0\0\x13\0\0\0\xe4\
\x35\0\0\0\0\0\0\x04\0\0\0\x13\0\0\0\xf4\x35\0\0\0\0\0\0\x04\0\0\0\x13\0\0\0\
\x04\x36\0\0\0\0\0\0\x04\0\0\0\x13\0\0\0\x14\x36\0\0\0\0\0\0\x04\0\0\0\x13\0\0\
\0\x24\x36\0\0\0\0\0\0\x04\0\0\0\x13\0\0\0\x34\x36\0\0\0\0\0\0\x04\0\0\0\x13\0\
\0\0\x44\x36\0\0\0\0\0\0\x04\0\0\0\x13\0\0\0\x54\x36\0\0\0\0\0\0\x04\0\0\0\x13\
\0\0\0\x64\x36\0\0\0\0\0\0\x04\0\0\0\x13\0\0\0\x7c\x36\0\0\0\0\0\0\x04\0\0\0\
\x33\0\0\0\x8c\x36\0\0\0\0\0\0\x04\0\0\0\x33\0\0\0\x9c\x36\0\0\0\0\0\0\x04\0\0\
\0\x33\0\0\0\xac\x36\0\0\0\0\0\0\x04\0\0\0\x33\0\0\0\xbc\x36\0\0\0\0\0\0\x04\0\
\0\0\x33\0\0\0\xcc\x36\0\0\0\0\0\0\x04\0\0\0\x33\0\0\0\xdc\x36\0\0\0\0\0\0\x04\
\0\0\0\x33\0\0\0\xec\x36\0\0\0\0\0\0\x04\0\0\0\x33\0\0\0\xfc\x36\0\0\0\0\0\0\
\x04\0\0\0\x33\0\0\0\x0c\x37\0\0\0\0\0\0\x04\0\0\0\x33\0\0\0\x1c\x37\0\0\0\0\0\
\0\x04\0\0\0\x33\0\0\0\x2c\x37\0\0\0\0\0\0\x04\0\0\0\x33\0\0\0\x3c\x37\0\0\0\0\
\0\0\x04\0\0\0\x33\0\0\0\x4c\x37\0\0\0\0\0\0\x04\0\0\0\x33\0\0\0\x5c\x37\0\0\0\
\0\0\0\x04\0\0\0\x33\0\0\0\x6c\x37\0\0\0\0\0\0\x04\0\0\0\x33\0\0\0\x7c\x37\0\0\
\0\0\0\0\x04\0\0\0\x33\0\0\0\x8c\x37\0\0\0\0\0\0\x04\0\0\0\x33\0\0\0\x9c\x37\0\
\0\0\0\0\0\x04\0\0\0\x33\0\0\0\xac\x37\0\0\0\0\0\0\x04\0\0\0\x33\0\0\0\xbc\x37\
\0\0\0\0\0\0\x04\0\0\0\x33\0\0\0\xcc\x37\0\0\0\0\0\0\x04\0\0\0\x33\0\0\0\xdc\
\x37\0\0\0\0\0\0\x04\0\0\0\x33\0\0\0\xec\x37\0\0\0\0\0\0\x04\0\0\0\x33\0\0\0\
\xfc\x37\0\0\0\0\0\0\x04\0\0\0\x33\0\0\0\x0c\x38\0\0\0\0\0\0\x04\0\0\0\x33\0\0\
\0\x1c\x38\0\0\0\0\0\0\x04\0\0\0\x33\0\0\0\x2c\x38\0\0\0\0\0\0\x04\0\0\0\x33\0\
\0\0\x3c\x38\0\0\0\0\0\0\x04\0\0\0\x33\0\0\0\x4c\x38\0\0\0\0\0\0\x04\0\0\0\x33\
\0\0\0\x5c\x38\0\0\0\0\0\0\x04\0\0\0\x33\0\0\0\x6c\x38\0\0\0\0\0\0\x04\0\0\0\
\x33\0\0\0\x84\x38\0\0\0\0\0\0\x04\0\0\0\x52\0\0\0\x94\x38\0\0\0\0\0\0\x04\0\0\
\0\x52\0\0\0\xa4\x38\0\0\0\0\0\0\x04\0\0\0\x52\0\0\0\xb4\x38\0\0\0\0\0\0\x04\0\
\0\0\x52\0\0\0\xc4\x38\0\0\0\0\0\0\x04\0\0\0\x52\0\0\0\xd4\x38\0\0\0\0\0\0\x04\
\0\0\0\x52\0\0\0\xe4\x38\0\0\0\0\0\0\x04\0\0\0\x52\0\0\0\xf4\x38\0\0\0\0\0\0\
\x04\0\0\0\x52\0\0\0\x04\x39\0\0\0\0\0\0\x04\0\0\0\x52\0\0\0\x14\x39\0\0\0\0\0\
\0\x04\0\0\0\x52\0\0\0\x24\x39\0\0\0\0\0\0\x04\0\0\0\x52\0\0\0\x34\x39\0\0\0\0\
\0\0\x04\0\0\0\x52\0\0\0\x44\x39\0\0\0\0\0\0\x04\0\0\0\x52\0\0\0\x54\x39\0\0\0\
\0\0\0\x04\0\0\0\x52\0\0\0\x64\x39\0\0\0\0\0\0\x04\0\0\0\x52\0\0\0\x74\x39\0\0\
\0\0\0\0\x04\0\0\0\x52\0\0\0\x84\x39\0\0\0\0\0\0\x04\0\0\0\x52\0\0\0\x94\x39\0\
\0\0\0\0\0\x04\0\0\0\x52\0\0\0\xa4\x39\0\0\0\0\0\0\x04\0\0\0\x52\0\0\0\xb4\x39\
\0\0\0\0\0\0\x04\0\0\0\x52\0\0\0\xc4\x39\0\0\0\0\0\0\x04\0\0\0\x52\0\0\0\xd4\
\x39\0\0\0\0\0\0\x04\0\0\0\x52\0\0\0\xe4\x39\0\0\0\0\0\0\x04\0\0\0\x52\0\0\0\
\xf4\x39\0\0\0\0\0\0\x04\0\0\0\x52\0\0\0\x04\x3a\0\0\0\0\0\0\x04\0\0\0\x52\0\0\
\0\x14\x3a\0\0\0\0\0\0\x04\0\0\0\x52\0\0\0\x24\x3a\0\0\0\0\0\0\x04\0\0\0\x52\0\
\0\0\x34\x3a\0\0\0\0\0\0\x04\0\0\0\x52\0\0\0\x44\x3a\0\0\0\0\0\0\x04\0\0\0\x52\
\0\0\0\x54\x3a\0\0\0\0\0\0\x04\0\0\0\x52\0\0\0\x64\x3a\0\0\0\0\0\0\x04\0\0\0\
\x52\0\0\0\x74\x3a\0\0\0\0\0\0\x04\0\0\0\x52\0\0\0\x8c\x3a\0\0\0\0\0\0\x04\0\0\
\0\x73\0\0\0\x9c\x3a\0\0\0\0\0\0\x04\0\0\0\x73\0\0\0\xac\x3a\0\0\0\0\0\0\x04\0\
\0\0\x73\0\0\0\xbc\x3a\0\0\0\0\0\0\x04\0\0\0\x73\0\0\0\xcc\x3a\0\0\0\0\0\0\x04\
\0\0\0\x73\0\0\0\xdc\x3a\0\0\0\0\0\0\x04\0\0\0\x73\0\0\0\xec\x3a\0\0\0\0\0\0\
\x04\0\0\0\x73\0\0\0\xfc\x3a\0\0\0\0\0\0\x04\0\0\0\x73\0\0\0\x0c\x3b\0\0\0\0\0\
\0\x04\0\0\0\x73\0\0\0\x1c\x3b\0\0\0\0\0\0\x04\0\0\0\x73\0\0\0\x2c\x3b\0\0\0\0\
\0\0\x04\0\0\0\x73\0\0\0\x3c\x3b\0\0\0\0\0\0\x04\0\0\0\x73\0\0\0\x4c\x3b\0\0\0\
\0\0\0\x04\0\0\0\x73\0\0\0\x5c\x3b\0\0\0\0\0\0\x04\0\0\0\x73\0\0\0\x6c\x3b\0\0\
\0\0\0\0\x04\0\0\0\x73\0\0\0\x7c\x3b\0\0\0\0\0\0\x04\0\0\0\x73\0\0\0\x8c\x3b\0\
\0\0\0\0\0\x04\0\0\0\x73\0\0\0\x9c\x3b\0\0\0\0\0\0\x04\0\0\0\x73\0\0\0\xac\x3b\
\0\0\0\0\0\0\x04\0\0\0\x73\0\0\0\xbc\x3b\0\0\0\0\0\0\x04\0\0\0\x73\0\0\0\xcc\
\x3b\0\0\0\0\0\0\x04\0\0\0\x73\0\0\0\xdc\x3b\0\0\0\0\0\0\x04\0\0\0\x73\0\0\0\
\xec\x3b\0\0\0\0\0\0\x04\0\0\0\x73\0\0\0\xfc\x3b\0\0\0\0\0\0\x04\0\0\0\x73\0\0\
\0\x0c\x3c\0\0\0\0\0\0\x04\0\0\0\x73\0\0\0\x1c\x3c\0\0\0\0\0\0\x04\0\0\0\x73\0\
\0\0\x2c\x3c\0\0\0\0\0\0\x04\0\0\0\x73\0\0\0\x3c\x3c\0\0\0\0\0\0\x04\0\0\0\x73\
\0\0\0\x4c\x3c\0\0\0\0\0\0\x04\0\0\0\x73\0\0\0\x5c\x3c\0\0\0\0\0\0\x04\0\0\0\
\x73\0\0\0\x6c\x3c\0\0\0\0\0\0\x04\0\0\0\x73\0\0\0\x7c\x3c\0\0\0\0\0\0\x04\0\0\
\0\x73\0\0\0\xae\x01\xb0\x01\xb5\x01\xb6\x01\xb7\x01\xb8\x01\x96\x01\xb9\x01\
\xaf\x01\xb1\x01\xb4\x01\xb3\x01\xb2\x01\x33\x62\x99\x01\0\x2e\x74\x65\x78\x74\
\0\x2e\x72\x65\x6c\x2e\x42\x54\x46\x2e\x65\x78\x74\0\x63\x72\x6f\x73\x5f\x6e\
\x65\x77\x5f\x66\x6c\x6f\x77\x5f\x65\x6e\x74\x72\x79\x2e\x5f\x5f\x5f\x5f\x66\
\x6d\x74\0\x5f\x5f\x5f\x5f\x63\x72\x6f\x73\x5f\x68\x61\x6e\x64\x6c\x65\x5f\x69\
\x6e\x65\x74\x5f\x61\x63\x63\x65\x70\x74\x5f\x65\x78\x69\x74\x2e\x5f\x5f\x5f\
\x5f\x66\x6d\x74\0\x5f\x5f\x5f\x5f\x63\x72\x6f\x73\x5f\x68\x61\x6e\x64\x6c\x65\
\x5f\x69\x6e\x65\x74\x5f\x72\x65\x6c\x65\x61\x73\x65\x5f\x65\x6e\x74\x65\x72\
\x2e\x5f\x5f\x5f\x5f\x66\x6d\x74\0\x2e\x72\x65\x6c\x72\x61\x77\x5f\x74\x72\x61\
\x63\x65\x70\x6f\x69\x6e\x74\x2f\x63\x72\x6f\x73\x5f\x69\x6e\x65\x74\x5f\x61\
\x63\x63\x65\x70\x74\x5f\x65\x78\x69\x74\0\x63\x72\x6f\x73\x5f\x68\x61\x6e\x64\
\x6c\x65\x5f\x69\x6e\x65\x74\x5f\x61\x63\x63\x65\x70\x74\x5f\x65\x78\x69\x74\0\
\x2e\x72\x65\x6c\x72\x61\x77\x5f\x74\x72\x61\x63\x65\x70\x6f\x69\x6e\x74\x2f\
\x63\x72\x6f\x73\x5f\x69\x6e\x65\x74\x5f\x73\x74\x72\x65\x61\x6d\x5f\x63\x6f\
\x6e\x6e\x65\x63\x74\x5f\x65\x78\x69\x74\0\x63\x72\x6f\x73\x5f\x68\x61\x6e\x64\
\x6c\x65\x5f\x69\x6e\x65\x74\x5f\x73\x74\x72\x65\x61\x6d\x5f\x63\x6f\x6e\x6e\
\x65\x63\x74\x5f\x65\x78\x69\x74\0\x2e\x72\x65\x6c\x72\x61\x77\x5f\x74\x72\x61\
\x63\x65\x70\x6f\x69\x6e\x74\x2f\x63\x72\x6f\x73\x5f\x69\x6e\x65\x74\x5f\x6c\
\x69\x73\x74\x65\x6e\x5f\x65\x78\x69\x74\0\x2e\x72\x65\x6c\x72\x61\x77\x5f\x74\
\x72\x61\x63\x65\x70\x6f\x69\x6e\x74\x2f\x63\x72\x6f\x73\x5f\x69\x6e\x65\x74\
\x5f\x72\x65\x63\x76\x6d\x73\x67\x5f\x65\x78\x69\x74\0\x63\x72\x6f\x73\x5f\x68\
\x61\x6e\x64\x6c\x65\x5f\x69\x6e\x65\x74\x5f\x72\x65\x63\x76\x6d\x73\x67\x5f\
\x65\x78\x69\x74\0\x2e\x72\x65\x6c\x72\x61\x77\x5f\x74\x72\x61\x63\x65\x70\x6f\
\x69\x6e\x74\x2f\x63\x72\x6f\x73\x5f\x69\x6e\x65\x74\x5f\x73\x65\x6e\x64\x6d\
\x73\x67\x5f\x65\x78\x69\x74\0\x63\x72\x6f\x73\x5f\x68\x61\x6e\x64\x6c\x65\x5f\
\x69\x6e\x65\x74\x5f\x73\x65\x6e\x64\x6d\x73\x67\x5f\x65\x78\x69\x74\0\x2e\x6d\
\x61\x70\x73\0\x63\x72\x6f\x73\x5f\x67\x61\x72\x62\x61\x67\x65\x5f\x63\x6f\x6c\
\x6c\x65\x63\x74\x5f\x74\x75\x70\x6c\x65\x73\0\x63\x72\x6f\x73\x5f\x61\x6c\x6c\
\x6f\x63\x61\x74\x65\x64\x5f\x74\x75\x70\x6c\x65\x73\0\x2e\x72\x65\x6c\x72\x61\
\x77\x5f\x74\x72\x61\x63\x65\x70\x6f\x69\x6e\x74\x2f\x63\x72\x6f\x73\x5f\x69\
\x6e\x65\x74\x5f\x72\x65\x6c\x65\x61\x73\x65\x5f\x65\x6e\x74\x65\x72\0\x63\x72\
\x6f\x73\x5f\x68\x61\x6e\x64\x6c\x65\x5f\x69\x6e\x65\x74\x5f\x72\x65\x6c\x65\
\x61\x73\x65\x5f\x65\x6e\x74\x65\x72\0\x63\x72\x6f\x73\x5f\x6e\x65\x74\x77\x6f\
\x72\x6b\x5f\x66\x6c\x6f\x77\x5f\x6d\x61\x70\0\x70\x72\x6f\x63\x65\x73\x73\x5f\
\x6d\x61\x70\0\x68\x65\x61\x70\x5f\x63\x72\x6f\x73\x5f\x6e\x65\x74\x77\x6f\x72\
\x6b\x5f\x63\x6f\x6d\x6d\x6f\x6e\x5f\x6d\x61\x70\0\x63\x72\x6f\x73\x5f\x68\x61\
\x6e\x64\x6c\x65\x5f\x69\x6e\x65\x74\x5f\x6c\x69\x73\x74\x65\x6e\0\x2e\x6c\x6c\
\x76\x6d\x5f\x61\x64\x64\x72\x73\x69\x67\0\x6c\x69\x63\x65\x6e\x73\x65\0\x72\
\x62\0\x2e\x73\x74\x72\x74\x61\x62\0\x2e\x73\x79\x6d\x74\x61\x62\0\x2e\x72\x6f\
\x64\x61\x74\x61\0\x2e\x72\x65\x6c\x2e\x42\x54\x46\0\x4c\x49\x43\x45\x4e\x53\
\x45\0\x4c\x42\x42\x35\x5f\x39\0\x4c\x42\x42\x34\x5f\x39\0\x4c\x42\x42\x33\x5f\
\x39\0\x4c\x42\x42\x32\x5f\x39\0\x4c\x42\x42\x31\x5f\x39\0\x4c\x42\x42\x30\x5f\
\x39\0\x4c\x42\x42\x34\x5f\x35\x39\0\x4c\x42\x42\x33\x5f\x35\x39\0\x4c\x42\x42\
\x32\x5f\x35\x39\0\x4c\x42\x42\x31\x5f\x35\x39\0\x4c\x42\x42\x34\x5f\x34\x39\0\
\x4c\x42\x42\x32\x5f\x34\x39\0\x4c\x42\x42\x31\x5f\x34\x39\0\x4c\x42\x42\x34\
\x5f\x33\x39\0\x4c\x42\x42\x32\x5f\x33\x39\0\x4c\x42\x42\x31\x5f\x33\x39\0\x4c\
\x42\x42\x30\x5f\x32\x39\0\x4c\x42\x42\x35\x5f\x31\x39\0\x4c\x42\x42\x34\x5f\
\x31\x39\0\x4c\x42\x42\x33\x5f\x31\x39\0\x4c\x42\x42\x32\x5f\x31\x39\0\x4c\x42\
\x42\x31\x5f\x31\x39\0\x4c\x42\x42\x30\x5f\x31\x39\0\x4c\x42\x42\x35\x5f\x38\0\
\x4c\x42\x42\x34\x5f\x35\x38\0\x4c\x42\x42\x32\x5f\x35\x38\0\x4c\x42\x42\x31\
\x5f\x35\x38\0\x4c\x42\x42\x33\x5f\x34\x38\0\x4c\x42\x42\x33\x5f\x33\x38\0\x4c\
\x42\x42\x35\x5f\x31\x38\0\x4c\x42\x42\x34\x5f\x31\x38\0\x4c\x42\x42\x33\x5f\
\x31\x38\0\x4c\x42\x42\x32\x5f\x31\x38\0\x4c\x42\x42\x31\x5f\x31\x38\0\x4c\x42\
\x42\x30\x5f\x31\x38\0\x4c\x42\x42\x34\x5f\x37\0\x4c\x42\x42\x33\x5f\x37\0\x4c\
\x42\x42\x32\x5f\x37\0\x4c\x42\x42\x31\x5f\x37\0\x4c\x42\x42\x33\x5f\x35\x37\0\
\x4c\x42\x42\x34\x5f\x34\x37\0\x4c\x42\x42\x33\x5f\x34\x37\0\x4c\x42\x42\x32\
\x5f\x34\x37\0\x4c\x42\x42\x31\x5f\x34\x37\0\x4c\x42\x42\x34\x5f\x33\x37\0\x4c\
\x42\x42\x32\x5f\x33\x37\0\x4c\x42\x42\x31\x5f\x33\x37\0\x4c\x42\x42\x33\x5f\
\x32\x37\0\x4c\x42\x42\x30\x5f\x32\x37\0\x4c\x42\x42\x35\x5f\x31\x37\0\x4c\x42\
\x42\x35\x5f\x36\0\x4c\x42\x42\x30\x5f\x36\0\x4c\x42\x42\x34\x5f\x35\x36\0\x4c\
\x42\x42\x32\x5f\x35\x36\0\x4c\x42\x42\x31\x5f\x35\x36\0\x4c\x42\x42\x34\x5f\
\x34\x36\0\x4c\x42\x42\x33\x5f\x34\x36\0\x4c\x42\x42\x32\x5f\x34\x36\0\x4c\x42\
\x42\x31\x5f\x34\x36\0\x4c\x42\x42\x33\x5f\x33\x36\0\x4c\x42\x42\x34\x5f\x32\
\x36\0\x4c\x42\x42\x33\x5f\x32\x36\0\x4c\x42\x42\x32\x5f\x32\x36\0\x4c\x42\x42\
\x31\x5f\x32\x36\0\x4c\x42\x42\x34\x5f\x31\x36\0\x4c\x42\x42\x33\x5f\x31\x36\0\
\x4c\x42\x42\x32\x5f\x31\x36\0\x4c\x42\x42\x31\x5f\x31\x36\0\x4c\x42\x42\x35\
\x5f\x35\0\x4c\x42\x42\x34\x5f\x34\x35\0\x4c\x42\x42\x33\x5f\x34\x35\0\x4c\x42\
\x42\x32\x5f\x34\x35\0\x4c\x42\x42\x31\x5f\x34\x35\0\x4c\x42\x42\x34\x5f\x33\
\x35\0\x4c\x42\x42\x32\x5f\x33\x35\0\x4c\x42\x42\x31\x5f\x33\x35\0\x4c\x42\x42\
\x34\x5f\x32\x35\0\x4c\x42\x42\x33\x5f\x32\x35\0\x4c\x42\x42\x32\x5f\x32\x35\0\
\x4c\x42\x42\x31\x5f\x32\x35\0\x4c\x42\x42\x30\x5f\x32\x35\0\x4c\x42\x42\x35\
\x5f\x31\x35\0\x4c\x42\x42\x30\x5f\x31\x35\0\x4c\x42\x42\x34\x5f\x34\0\x4c\x42\
\x42\x33\x5f\x34\0\x4c\x42\x42\x32\x5f\x34\0\x4c\x42\x42\x31\x5f\x34\0\x4c\x42\
\x42\x33\x5f\x35\x34\0\x4c\x42\x42\x34\x5f\x34\x34\0\x4c\x42\x42\x33\x5f\x34\
\x34\0\x4c\x42\x42\x32\x5f\x34\x34\0\x4c\x42\x42\x31\x5f\x34\x34\0\x4c\x42\x42\
\x33\x5f\x33\x34\0\x4c\x42\x42\x35\x5f\x31\x34\0\x4c\x42\x42\x34\x5f\x31\x34\0\
\x4c\x42\x42\x33\x5f\x31\x34\0\x4c\x42\x42\x32\x5f\x31\x34\0\x4c\x42\x42\x31\
\x5f\x31\x34\0\x4c\x42\x42\x36\x5f\x33\0\x4c\x42\x42\x35\x5f\x33\0\x4c\x42\x42\
\x34\x5f\x35\x33\0\x4c\x42\x42\x32\x5f\x35\x33\0\x4c\x42\x42\x31\x5f\x35\x33\0\
\x4c\x42\x42\x34\x5f\x34\x33\0\x4c\x42\x42\x33\x5f\x34\x33\0\x4c\x42\x42\x32\
\x5f\x34\x33\0\x4c\x42\x42\x31\x5f\x34\x33\0\x4c\x42\x42\x34\x5f\x33\x33\0\x4c\
\x42\x42\x32\x5f\x33\x33\0\x4c\x42\x42\x31\x5f\x33\x33\0\x4c\x42\x42\x34\x5f\
\x32\x33\0\x4c\x42\x42\x33\x5f\x32\x33\0\x4c\x42\x42\x32\x5f\x32\x33\0\x4c\x42\
\x42\x31\x5f\x32\x33\0\x4c\x42\x42\x30\x5f\x32\x33\0\x4c\x42\x42\x34\x5f\x31\
\x33\0\x4c\x42\x42\x33\x5f\x31\x33\0\x4c\x42\x42\x32\x5f\x31\x33\0\x4c\x42\x42\
\x31\x5f\x31\x33\0\x4c\x42\x42\x30\x5f\x31\x33\0\x4c\x42\x42\x35\x5f\x32\0\x4c\
\x42\x42\x33\x5f\x35\x32\0\x4c\x42\x42\x34\x5f\x34\x32\0\x4c\x42\x42\x32\x5f\
\x34\x32\0\x4c\x42\x42\x31\x5f\x34\x32\0\x4c\x42\x42\x34\x5f\x32\x32\0\x4c\x42\
\x42\x33\x5f\x32\x32\0\x4c\x42\x42\x32\x5f\x32\x32\0\x4c\x42\x42\x31\x5f\x32\
\x32\0\x4c\x42\x42\x30\x5f\x32\x32\0\x4c\x42\x42\x35\x5f\x31\x32\0\x4c\x42\x42\
\x34\x5f\x31\x32\0\x4c\x42\x42\x33\x5f\x31\x32\0\x4c\x42\x42\x32\x5f\x31\x32\0\
\x4c\x42\x42\x31\x5f\x31\x32\0\x4c\x42\x42\x34\x5f\x35\x31\0\x4c\x42\x42\x32\
\x5f\x35\x31\0\x4c\x42\x42\x31\x5f\x35\x31\0\x4c\x42\x42\x33\x5f\x33\x31\0\x4c\
\x42\x42\x30\x5f\x33\x31\0\x4c\x42\x42\x30\x5f\x32\x31\0\x4c\x42\x42\x35\x5f\
\x31\x31\0\x4c\x42\x42\x30\x5f\x31\x31\0\x4c\x42\x42\x33\x5f\x36\x30\0\x4c\x42\
\x42\x33\x5f\x35\x30\0\x4c\x42\x42\x33\x5f\x34\x30\0\x4c\x42\x42\x34\x5f\x33\
\x30\0\x4c\x42\x42\x32\x5f\x33\x30\0\x4c\x42\x42\x31\x5f\x33\x30\0\x4c\x42\x42\
\x30\x5f\x33\x30\0\x4c\x42\x42\x30\x5f\x32\x30\0\0\0\0\0\0\0\0\0\0\0\0\0\0\0\0\
\0\0\0\0\0\0\0\0\0\0\0\0\0\0\0\0\0\0\0\0\0\0\0\0\0\0\0\0\0\0\0\0\0\0\0\0\0\0\0\
\0\0\0\0\0\0\0\0\0\0\0\0\0\xcb\x02\0\0\x03\0\0\0\0\0\0\0\0\0\0\0\0\0\0\0\0\0\0\
\0\xc6\xad\x01\0\0\0\0\0\x97\x07\0\0\0\0\0\0\0\0\0\0\0\0\0\0\x01\0\0\0\0\0\0\0\
\0\0\0\0\0\0\0\0\x01\0\0\0\x01\0\0\0\x06\0\0\0\0\0\0\0\0\0\0\0\0\0\0\0\x40\0\0\
\0\0\0\0\0\x38\0\0\0\0\0\0\0\0\0\0\0\0\0\0\0\x08\0\0\0\0\0\0\0\0\0\0\0\0\0\0\0\
\x24\x01\0\0\x01\0\0\0\x06\0\0\0\0\0\0\0\0\0\0\0\0\0\0\0\x78\0\0\0\0\0\0\0\x38\
\x0a\0\0\0\0\0\0\0\0\0\0\0\0\0\0\x08\0\0\0\0\0\0\0\0\0\0\0\0\0\0\0\x20\x01\0\0\
\x09\0\0\0\x40\0\0\0\0\0\0\0\0\0\0\0\0\0\0\0\x58\x6e\x01\0\0\0\0\0\x10\0\0\0\0\
\0\0\0\x17\0\0\0\x03\0\0\0\x08\0\0\0\0\0\0\0\x10\0\0\0\0\0\0\0\x95\x01\0\0\x01\
\0\0\0\x06\0\0\0\0\0\0\0\0\0\0\0\0\0\0\0\xb0\x0a\0\0\0\0\0\0\xd8\x11\0\0\0\0\0\
\0\0\0\0\0\0\0\0\0\x08\0\0\0\0\0\0\0\0\0\0\0\0\0\0\0\x91\x01\0\0\x09\0\0\0\x40\
\0\0\0\0\0\0\0\0\0\0\0\0\0\0\0\x68\x6e\x01\0\0\0\0\0\x70\0\0\0\0\0\0\0\x17\0\0\
\0\x05\0\0\0\x08\0\0\0\0\0\0\0\x10\0\0\0\0\0\0\0\x4d\x01\0\0\x01\0\0\0\x06\0\0\
\0\0\0\0\0\0\0\0\0\0\0\0\0\x88\x1c\0\0\0\0\0\0\xd8\x11\0\0\0\0\0\0\0\0\0\0\0\0\
\0\0\x08\0\0\0\0\0\0\0\0\0\0\0\0\0\0\0\x49\x01\0\0\x09\0\0\0\x40\0\0\0\0\0\0\0\
\0\0\0\0\0\0\0\0\xd8\x6e\x01\0\0\0\0\0\x70\0\0\0\0\0\0\0\x17\0\0\0\x07\0\0\0\
\x08\0\0\0\0\0\0\0\x10\0\0\0\0\0\0\0\x88\0\0\0\x01\0\0\0\x06\0\0\0\0\0\0\0\0\0\
\0\0\0\0\0\0\x60\x2e\0\0\0\0\0\0\xb8\x11\0\0\0\0\0\0\0\0\0\0\0\0\0\0\x08\0\0\0\
\0\0\0\0\0\0\0\0\0\0\0\0\x84\0\0\0\x09\0\0\0\x40\0\0\0\0\0\0\0\0\0\0\0\0\0\0\0\
\x48\x6f\x01\0\0\0\0\0\x80\0\0\0\0\0\0\0\x17\0\0\0\x09\0\0\0\x08\0\0\0\0\0\0\0\
\x10\0\0\0\0\0\0\0\xce\0\0\0\x01\0\0\0\x06\0\0\0\0\0\0\0\0\0\0\0\0\0\0\0\x18\
\x40\0\0\0\0\0\0\xb8\x11\0\0\0\0\0\0\0\0\0\0\0\0\0\0\x08\0\0\0\0\0\0\0\0\0\0\0\
\0\0\0\0\xca\0\0\0\x09\0\0\0\x40\0\0\0\0\0\0\0\0\0\0\0\0\0\0\0\xc8\x6f\x01\0\0\
\0\0\0\x70\0\0\0\0\0\0\0\x17\0\0\0\x0b\0\0\0\x08\0\0\0\0\0\0\0\x10\0\0\0\0\0\0\
\0\x15\x02\0\0\x01\0\0\0\x06\0\0\0\0\0\0\0\0\0\0\0\0\0\0\0\xd0\x51\0\0\0\0\0\0\
\x30\x05\0\0\0\0\0\0\0\0\0\0\0\0\0\0\x08\0\0\0\0\0\0\0\0\0\0\0\0\0\0\0\x11\x02\
\0\0\x09\0\0\0\x40\0\0\0\0\0\0\0\0\0\0\0\0\0\0\0\x38\x70\x01\0\0\0\0\0\xe0\0\0\
\0\0\0\0\0\x17\0\0\0\x0d\0\0\0\x08\0\0\0\0\0\0\0\x10\0\0\0\0\0\0\0\xc0\x02\0\0\
\x01\0\0\0\x02\0\0\0\0\0\0\0\0\0\0\0\0\0\0\0\0\x57\0\0\0\0\0\0\x0d\0\0\0\0\0\0\
\0\0\0\0\0\0\0\0\0\x01\0\0\0\0\0\0\0\0\0\0\0\0\0\0\0\xd9\x01\0\0\x01\0\0\0\x03\
\0\0\0\0\0\0\0\0\0\0\0\0\0\0\0\x10\x57\0\0\0\0\0\0\x90\0\0\0\0\0\0\0\0\0\0\0\0\
\0\0\0\x08\0\0\0\0\0\0\0\0\0\0\0\0\0\0\0\xdb\x02\0\0\x01\0\0\0\x02\0\0\0\0\0\0\
\0\0\0\0\0\0\0\0\0\xa0\x57\0\0\0\0\0\0\xcd\0\0\0\0\0\0\0\0\0\0\0\0\0\0\0\x01\0\
\0\0\0\0\0\0\0\0\0\0\0\0\0\0\xe7\x02\0\0\x01\0\0\0\0\0\0\0\0\0\0\0\0\0\0\0\0\0\
\0\0\x70\x58\0\0\0\0\0\0\xda\xc8\0\0\0\0\0\0\0\0\0\0\0\0\0\0\x04\0\0\0\0\0\0\0\
\0\0\0\0\0\0\0\0\xe3\x02\0\0\x09\0\0\0\x40\0\0\0\0\0\0\0\0\0\0\0\0\0\0\0\x18\
\x71\x01\0\0\0\0\0\x90\0\0\0\0\0\0\0\x17\0\0\0\x12\0\0\0\x08\0\0\0\0\0\0\0\x10\
\0\0\0\0\0\0\0\x0b\0\0\0\x01\0\0\0\0\0\0\0\0\0\0\0\0\0\0\0\0\0\0\0\x4c\x21\x01\
\0\0\0\0\0\x8c\x3c\0\0\0\0\0\0\0\0\0\0\0\0\0\0\x04\0\0\0\0\0\0\0\0\0\0\0\0\0\0\
\0\x07\0\0\0\x09\0\0\0\x40\0\0\0\0\0\0\0\0\0\0\0\0\0\0\0\xa8\x71\x01\0\0\0\0\0\
\0\x3c\0\0\0\0\0\0\x17\0\0\0\x14\0\0\0\x08\0\0\0\0\0\0\0\x10\0\0\0\0\0\0\0\xb2\
\x02\0\0\x03\x4c\xff\x6f\0\0\0\x80\0\0\0\0\0\0\0\0\0\0\0\0\xa8\xad\x01\0\0\0\0\
\0\x1e\0\0\0\0\0\0\0\0\0\0\0\0\0\0\0\x01\0\0\0\0\0\0\0\0\0\0\0\0\0\0\0\xd3\x02\
\0\0\x02\0\0\0\0\0\0\0\0\0\0\0\0\0\0\0\0\0\0\0\xd8\x5d\x01\0\0\0\0\0\x80\x10\0\
\0\0\0\0\0\x01\0\0\0\xa4\0\0\0\x08\0\0\0\0\0\0\0\x18\0\0\0\0\0\0\0";
}

#ifdef __cplusplus
struct network_bpf *network_bpf::open(const struct bpf_object_open_opts *opts) { return network_bpf__open_opts(opts); }
struct network_bpf *network_bpf::open_and_load() { return network_bpf__open_and_load(); }
int network_bpf::load(struct network_bpf *skel) { return network_bpf__load(skel); }
int network_bpf::attach(struct network_bpf *skel) { return network_bpf__attach(skel); }
void network_bpf::detach(struct network_bpf *skel) { network_bpf__detach(skel); }
void network_bpf::destroy(struct network_bpf *skel) { network_bpf__destroy(skel); }
const void *network_bpf::elf_bytes(size_t *sz) { return network_bpf__elf_bytes(sz); }
#endif /* __cplusplus */

__attribute__((unused)) static void
network_bpf__assert(struct network_bpf *s __attribute__((unused)))
{
#ifdef __cplusplus
#define _Static_assert static_assert
#endif
#ifdef __cplusplus
#undef _Static_assert
#endif
}

#endif /* __NETWORK_BPF_SKEL_H__ */
