/* SPDX-License-Identifier: (LGPL-2.1 OR BSD-2-Clause) */

/* THIS FILE IS AUTOGENERATED BY BPFTOOL! */
#ifndef __NETWORK_BPF_SKEL_H__
#define __NETWORK_BPF_SKEL_H__

#include <errno.h>
#include <stdlib.h>
#include <bpf/libbpf.h>

struct network_bpf {
	struct bpf_object_skeleton *skeleton;
	struct bpf_object *obj;
	struct {
		struct bpf_map *rb;
		struct bpf_map *cros_network_flow_map;
		struct bpf_map *cros_network_external_interfaces;
		struct bpf_map *process_map;
		struct bpf_map *active_socket_map;
		struct bpf_map *heap_cros_network_common_map;
		struct bpf_map *heap_cros_flow_map_value;
		struct bpf_map *rodata;
		struct bpf_map *rodata_str1_1;
	} maps;
	struct {
		struct bpf_program *cros_handle_inet_listen;
		struct bpf_program *cros_handle_ip_protocol_deliver_rcu_enter;
		struct bpf_program *cros_handle__ip_local_out_exit;
		struct bpf_program *cros_handle_ip6_finish_output2_enter;
		struct bpf_program *cros_handle_ip6_input_exit;
		struct bpf_program *cros_handle_inet_accept_exit;
		struct bpf_program *cros_handle_inet_stream_connect_exit;
		struct bpf_program *cros_handle_inet_release_enter;
		struct bpf_program *cros_handle_inet_sendmsg_enter;
		struct bpf_program *cros_handle_inet_recvmsg_exit;
	} progs;
	struct {
		struct bpf_link *cros_handle_inet_listen;
		struct bpf_link *cros_handle_ip_protocol_deliver_rcu_enter;
		struct bpf_link *cros_handle__ip_local_out_exit;
		struct bpf_link *cros_handle_ip6_finish_output2_enter;
		struct bpf_link *cros_handle_ip6_input_exit;
		struct bpf_link *cros_handle_inet_accept_exit;
		struct bpf_link *cros_handle_inet_stream_connect_exit;
		struct bpf_link *cros_handle_inet_release_enter;
		struct bpf_link *cros_handle_inet_sendmsg_enter;
		struct bpf_link *cros_handle_inet_recvmsg_exit;
	} links;

#ifdef __cplusplus
	static inline struct network_bpf *open(const struct bpf_object_open_opts *opts = nullptr);
	static inline struct network_bpf *open_and_load();
	static inline int load(struct network_bpf *skel);
	static inline int attach(struct network_bpf *skel);
	static inline void detach(struct network_bpf *skel);
	static inline void destroy(struct network_bpf *skel);
	static inline const void *elf_bytes(size_t *sz);
#endif /* __cplusplus */
};

static void
network_bpf__destroy(struct network_bpf *obj)
{
	if (!obj)
		return;
	if (obj->skeleton)
		bpf_object__destroy_skeleton(obj->skeleton);
	free(obj);
}

static inline int
network_bpf__create_skeleton(struct network_bpf *obj);

static inline struct network_bpf *
network_bpf__open_opts(const struct bpf_object_open_opts *opts)
{
	struct network_bpf *obj;
	int err;

	obj = (struct network_bpf *)calloc(1, sizeof(*obj));
	if (!obj) {
		errno = ENOMEM;
		return NULL;
	}

	err = network_bpf__create_skeleton(obj);
	if (err)
		goto err_out;

	err = bpf_object__open_skeleton(obj->skeleton, opts);
	if (err)
		goto err_out;

	return obj;
err_out:
	network_bpf__destroy(obj);
	errno = -err;
	return NULL;
}

static inline struct network_bpf *
network_bpf__open(void)
{
	return network_bpf__open_opts(NULL);
}

static inline int
network_bpf__load(struct network_bpf *obj)
{
	return bpf_object__load_skeleton(obj->skeleton);
}

static inline struct network_bpf *
network_bpf__open_and_load(void)
{
	struct network_bpf *obj;
	int err;

	obj = network_bpf__open();
	if (!obj)
		return NULL;
	err = network_bpf__load(obj);
	if (err) {
		network_bpf__destroy(obj);
		errno = -err;
		return NULL;
	}
	return obj;
}

static inline int
network_bpf__attach(struct network_bpf *obj)
{
	return bpf_object__attach_skeleton(obj->skeleton);
}

static inline void
network_bpf__detach(struct network_bpf *obj)
{
	bpf_object__detach_skeleton(obj->skeleton);
}

static inline const void *network_bpf__elf_bytes(size_t *sz);

static inline int
network_bpf__create_skeleton(struct network_bpf *obj)
{
	struct bpf_object_skeleton *s;
	int err;

	s = (struct bpf_object_skeleton *)calloc(1, sizeof(*s));
	if (!s)	{
		err = -ENOMEM;
		goto err;
	}

	s->sz = sizeof(*s);
	s->name = "network_bpf";
	s->obj = &obj->obj;

	/* maps */
	s->map_cnt = 9;
	s->map_skel_sz = sizeof(*s->maps);
	s->maps = (struct bpf_map_skeleton *)calloc(s->map_cnt, s->map_skel_sz);
	if (!s->maps) {
		err = -ENOMEM;
		goto err;
	}

	s->maps[0].name = "rb";
	s->maps[0].map = &obj->maps.rb;

	s->maps[1].name = "cros_network_flow_map";
	s->maps[1].map = &obj->maps.cros_network_flow_map;

	s->maps[2].name = "cros_network_external_interfaces";
	s->maps[2].map = &obj->maps.cros_network_external_interfaces;

	s->maps[3].name = "process_map";
	s->maps[3].map = &obj->maps.process_map;

	s->maps[4].name = "active_socket_map";
	s->maps[4].map = &obj->maps.active_socket_map;

	s->maps[5].name = "heap_cros_network_common_map";
	s->maps[5].map = &obj->maps.heap_cros_network_common_map;

	s->maps[6].name = "heap_cros_flow_map_value";
	s->maps[6].map = &obj->maps.heap_cros_flow_map_value;

	s->maps[7].name = "network_.rodata";
	s->maps[7].map = &obj->maps.rodata;

	s->maps[8].name = ".rodata.str1.1";
	s->maps[8].map = &obj->maps.rodata_str1_1;

	/* programs */
	s->prog_cnt = 10;
	s->prog_skel_sz = sizeof(*s->progs);
	s->progs = (struct bpf_prog_skeleton *)calloc(s->prog_cnt, s->prog_skel_sz);
	if (!s->progs) {
		err = -ENOMEM;
		goto err;
	}

	s->progs[0].name = "cros_handle_inet_listen";
	s->progs[0].prog = &obj->progs.cros_handle_inet_listen;
	s->progs[0].link = &obj->links.cros_handle_inet_listen;

	s->progs[1].name = "cros_handle_ip_protocol_deliver_rcu_enter";
	s->progs[1].prog = &obj->progs.cros_handle_ip_protocol_deliver_rcu_enter;
	s->progs[1].link = &obj->links.cros_handle_ip_protocol_deliver_rcu_enter;

	s->progs[2].name = "cros_handle__ip_local_out_exit";
	s->progs[2].prog = &obj->progs.cros_handle__ip_local_out_exit;
	s->progs[2].link = &obj->links.cros_handle__ip_local_out_exit;

	s->progs[3].name = "cros_handle_ip6_finish_output2_enter";
	s->progs[3].prog = &obj->progs.cros_handle_ip6_finish_output2_enter;
	s->progs[3].link = &obj->links.cros_handle_ip6_finish_output2_enter;

	s->progs[4].name = "cros_handle_ip6_input_exit";
	s->progs[4].prog = &obj->progs.cros_handle_ip6_input_exit;
	s->progs[4].link = &obj->links.cros_handle_ip6_input_exit;

	s->progs[5].name = "cros_handle_inet_accept_exit";
	s->progs[5].prog = &obj->progs.cros_handle_inet_accept_exit;
	s->progs[5].link = &obj->links.cros_handle_inet_accept_exit;

	s->progs[6].name = "cros_handle_inet_stream_connect_exit";
	s->progs[6].prog = &obj->progs.cros_handle_inet_stream_connect_exit;
	s->progs[6].link = &obj->links.cros_handle_inet_stream_connect_exit;

	s->progs[7].name = "cros_handle_inet_release_enter";
	s->progs[7].prog = &obj->progs.cros_handle_inet_release_enter;
	s->progs[7].link = &obj->links.cros_handle_inet_release_enter;

	s->progs[8].name = "cros_handle_inet_sendmsg_enter";
	s->progs[8].prog = &obj->progs.cros_handle_inet_sendmsg_enter;
	s->progs[8].link = &obj->links.cros_handle_inet_sendmsg_enter;

	s->progs[9].name = "cros_handle_inet_recvmsg_exit";
	s->progs[9].prog = &obj->progs.cros_handle_inet_recvmsg_exit;
	s->progs[9].link = &obj->links.cros_handle_inet_recvmsg_exit;

	s->data = (void *)network_bpf__elf_bytes(&s->data_sz);

	obj->skeleton = s;
	return 0;
err:
	bpf_object__destroy_skeleton(s);
	return err;
}

static inline const void *network_bpf__elf_bytes(size_t *sz)
{
	*sz = 186600;
	return (const void *)"\
\x7f\x45\x4c\x46\x02\x01\x01\0\0\0\0\0\0\0\0\0\x01\0\xf7\0\x01\0\0\0\0\0\0\0\0\
\0\0\0\0\0\0\0\0\0\0\0\xa8\xd0\x02\0\0\0\0\0\0\0\0\0\x40\0\0\0\0\0\x40\0\x21\0\
\x01\0\x79\x12\x10\0\0\0\0\0\x67\x02\0\0\x20\0\0\0\x77\x02\0\0\x20\0\0\0\x55\
\x02\x3f\x01\0\0\0\0\x79\x17\0\0\0\0\0\0\x85\0\0\0\x23\0\0\0\xb7\x01\0\0\x44\0\
\0\0\x0f\x10\0\0\0\0\0\0\xbf\xa1\0\0\0\0\0\0\x07\x01\0\0\x78\xff\xff\xff\xb7\
\x02\0\0\x04\0\0\0\xbf\x03\0\0\0\0\0\0\x85\0\0\0\x71\0\0\0\x61\xa1\x78\xff\0\0\
\0\0\x57\x01\0\0\0\0\x20\0\x55\x01\x33\x01\0\0\0\0\x18\x01\0\0\0\0\0\0\0\0\0\0\
\0\0\0\0\xb7\x02\0\0\xb0\x04\0\0\xb7\x03\0\0\0\0\0\0\x85\0\0\0\x83\0\0\0\x15\0\
\x2d\x01\0\0\0\0\x7b\x0a\x40\xfe\0\0\0\0\xbf\x06\0\0\0\0\0\0\xb7\x01\0\0\x18\0\
\0\0\xbf\x79\0\0\0\0\0\0\x0f\x19\0\0\0\0\0\0\xbf\xa1\0\0\0\0\0\0\x07\x01\0\0\
\x78\xff\xff\xff\xb7\x02\0\0\x08\0\0\0\xbf\x93\0\0\0\0\0\0\x85\0\0\0\x71\0\0\0\
\x79\xa1\x78\xff\0\0\0\0\x7b\x1a\x48\xfe\0\0\0\0\xb7\x01\0\0\x01\0\0\0\x63\x16\
\0\0\0\0\0\0\x63\x16\xa8\x04\0\0\0\0\x85\0\0\0\x23\0\0\0\x7b\x0a\x58\xfe\0\0\0\
\0\xbf\xa1\0\0\0\0\0\0\x07\x01\0\0\x78\xff\xff\xff\xb7\x02\0\0\x08\0\0\0\xbf\
\x93\0\0\0\0\0\0\x85\0\0\0\x71\0\0\0\xb7\x01\0\0\x04\0\0\0\x7b\x7a\x50\xfe\0\0\
\0\0\xbf\x73\0\0\0\0\0\0\x0f\x13\0\0\0\0\0\0\x79\xa9\x78\xff\0\0\0\0\xbf\xa1\0\
\0\0\0\0\0\x07\x01\0\0\x78\xff\xff\xff\xb7\x02\0\0\x02\0\0\0\x85\0\0\0\x71\0\0\
\0\xb7\x01\0\0\0\0\0\0\xbf\x93\0\0\0\0\0\0\x0f\x13\0\0\0\0\0\0\x69\xa8\x78\xff\
\0\0\0\0\xbf\xa7\0\0\0\0\0\0\x07\x07\0\0\x78\xff\xff\xff\xbf\x71\0\0\0\0\0\0\
\xb7\x02\0\0\x88\0\0\0\x85\0\0\0\x71\0\0\0\x69\x77\x10\0\0\0\0\0\x7b\x6a\x60\
\xfe\0\0\0\0\x63\x76\x0c\0\0\0\0\0\xb7\x01\0\0\x24\x02\0\0\x0f\x19\0\0\0\0\0\0\
\xbf\xa1\0\0\0\0\0\0\x07\x01\0\0\xf0\xfe\xff\xff\xb7\x02\0\0\x02\0\0\0\xbf\x93\
\0\0\0\0\0\0\x85\0\0\0\x71\0\0\0\x67\x08\0\0\x30\0\0\0\xc7\x08\0\0\x30\0\0\0\
\x69\xa1\xf0\xfe\0\0\0\0\x65\x01\x04\0\x05\0\0\0\x15\x01\x0e\0\0\0\0\0\xb7\x02\
\0\0\x01\0\0\0\x15\x01\x17\0\x01\0\0\0\x05\0\x02\0\0\0\0\0\x15\x01\x08\0\x06\0\
\0\0\x15\x01\x11\0\x11\0\0\0\xb7\x01\0\0\x3a\0\0\0\x15\x08\x01\0\x3a\0\0\0\xb7\
\x01\0\0\xfc\0\0\0\xb7\x02\0\0\xfb\0\0\0\x15\x08\x0f\0\x03\0\0\0\xbf\x12\0\0\0\
\0\0\0\x05\0\x0d\0\0\0\0\0\xb7\x02\0\0\x06\0\0\0\x05\0\x0b\0\0\0\0\0\x15\x07\
\x01\0\x0a\0\0\0\x55\x07\x08\0\x02\0\0\0\xb7\x02\0\0\x06\0\0\0\x15\x08\x07\0\
\x01\0\0\0\x67\x08\0\0\x20\0\0\0\x77\x08\0\0\x20\0\0\0\x15\x08\xe3\0\x03\0\0\0\
\x55\x08\x02\0\x02\0\0\0\xb7\x02\0\0\x11\0\0\0\x05\0\x01\0\0\0\0\0\xb7\x02\0\0\
\xfc\0\0\0\x79\xa1\x60\xfe\0\0\0\0\x63\x21\x10\0\0\0\0\0\xb7\x01\0\0\x18\x06\0\
\0\x79\xa3\x58\xfe\0\0\0\0\x0f\x13\0\0\0\0\0\0\xbf\xa1\0\0\0\0\0\0\x07\x01\0\0\
\x68\xfe\xff\xff\xb7\x02\0\0\x08\0\0\0\x85\0\0\0\x71\0\0\0\xb7\x01\0\0\x48\x06\
\0\0\x79\xa3\x68\xfe\0\0\0\0\x0f\x13\0\0\0\0\0\0\xbf\xa1\0\0\0\0\0\0\x07\x01\0\
\0\xf0\xfe\xff\xff\xb7\x02\0\0\x08\0\0\0\x85\0\0\0\x71\0\0\0\xb7\x06\0\0\x40\0\
\0\0\x79\xa8\xf0\xfe\0\0\0\0\x05\0\x06\0\0\0\0\0\x07\x06\0\0\xff\xff\xff\xff\
\xbf\x61\0\0\0\0\0\0\x67\x01\0\0\x20\0\0\0\x77\x01\0\0\x20\0\0\0\xbf\x98\0\0\0\
\0\0\0\x15\x01\x20\0\0\0\0\0\xbf\x83\0\0\0\0\0\0\xb7\x01\0\0\x18\x06\0\0\x0f\
\x13\0\0\0\0\0\0\xbf\xa1\0\0\0\0\0\0\x07\x01\0\0\x68\xfe\xff\xff\xb7\x02\0\0\
\x08\0\0\0\x85\0\0\0\x71\0\0\0\x79\xa3\x68\xfe\0\0\0\0\xb7\x01\0\0\x48\x06\0\0\
\x0f\x13\0\0\0\0\0\0\xbf\xa1\0\0\0\0\0\0\x07\x01\0\0\xf0\xfe\xff\xff\xb7\x02\0\
\0\x08\0\0\0\x85\0\0\0\x71\0\0\0\x79\xa9\xf0\xfe\0\0\0\0\x15\x09\x10\0\0\0\0\0\
\xbf\x83\0\0\0\0\0\0\xb7\x07\0\0\0\x09\0\0\x0f\x73\0\0\0\0\0\0\xbf\xa1\0\0\0\0\
\0\0\x07\x01\0\0\xf0\xfe\xff\xff\xb7\x02\0\0\x08\0\0\0\x85\0\0\0\x71\0\0\0\xbf\
\x93\0\0\0\0\0\0\x0f\x73\0\0\0\0\0\0\x79\xa7\xf0\xfe\0\0\0\0\xbf\xa1\0\0\0\0\0\
\0\x07\x01\0\0\xf0\xfe\xff\xff\xb7\x02\0\0\x08\0\0\0\x85\0\0\0\x71\0\0\0\x79\
\xa1\xf0\xfe\0\0\0\0\x1d\x17\xda\xff\0\0\0\0\xb7\x09\0\0\x0c\x06\0\0\xbf\x83\0\
\0\0\0\0\0\x0f\x93\0\0\0\0\0\0\xbf\xa1\0\0\0\0\0\0\x07\x01\0\0\xf0\xfe\xff\xff\
\xb7\x02\0\0\x04\0\0\0\x85\0\0\0\x71\0\0\0\x61\xa1\xf0\xfe\0\0\0\0\x79\xa4\x60\
\xfe\0\0\0\0\x63\x14\x1c\0\0\0\0\0\xb7\x07\0\0\x40\x07\0\0\x0f\x78\0\0\0\0\0\0\
\xbf\xa1\0\0\0\0\0\0\x07\x01\0\0\xf0\xfe\xff\xff\xb7\x02\0\0\x08\0\0\0\xbf\x83\
\0\0\0\0\0\0\xbf\x48\0\0\0\0\0\0\x85\0\0\0\x71\0\0\0\x79\xa1\xf0\xfe\0\0\0\0\
\x7b\x18\x28\0\0\0\0\0\xb7\x01\0\0\x48\x06\0\0\x79\xa6\x58\xfe\0\0\0\0\xbf\x63\
\0\0\0\0\0\0\x0f\x13\0\0\0\0\0\0\xbf\xa1\0\0\0\0\0\0\x07\x01\0\0\x68\xfe\xff\
\xff\xb7\x02\0\0\x08\0\0\0\x85\0\0\0\x71\0\0\0\x79\xa3\x68\xfe\0\0\0\0\x0f\x73\
\0\0\0\0\0\0\xbf\xa1\0\0\0\0\0\0\x07\x01\0\0\xf0\xfe\xff\xff\xb7\x02\0\0\x08\0\
\0\0\x85\0\0\0\x71\0\0\0\x79\xa1\xf0\xfe\0\0\0\0\x7b\x18\x20\0\0\0\0\0\xbf\x63\
\0\0\0\0\0\0\x0f\x93\0\0\0\0\0\0\xbf\xa1\0\0\0\0\0\0\x07\x01\0\0\xf0\xfe\xff\
\xff\xb7\x02\0\0\x04\0\0\0\x85\0\0\0\x71\0\0\0\x61\xa1\xf0\xfe\0\0\0\0\x63\x18\
\x18\0\0\0\0\0\xb7\x01\0\0\xe8\x07\0\0\xbf\x69\0\0\0\0\0\0\x0f\x19\0\0\0\0\0\0\
\xbf\xa1\0\0\0\0\0\0\x07\x01\0\0\xf0\xfe\xff\xff\xb7\x02\0\0\x08\0\0\0\xbf\x93\
\0\0\0\0\0\0\x85\0\0\0\x71\0\0\0\xb7\x01\0\0\x14\0\0\0\x79\xa3\xf0\xfe\0\0\0\0\
\x0f\x13\0\0\0\0\0\0\xbf\xa1\0\0\0\0\0\0\x07\x01\0\0\x68\xfe\xff\xff\xb7\x02\0\
\0\x04\0\0\0\x85\0\0\0\x71\0\0\0\x61\xa1\x68\xfe\0\0\0\0\x63\x18\x34\x02\0\0\0\
\0\xbf\xa1\0\0\0\0\0\0\x07\x01\0\0\xf0\xfe\xff\xff\xb7\x02\0\0\x08\0\0\0\xbf\
\x93\0\0\0\0\0\0\x85\0\0\0\x71\0\0\0\xb7\x01\0\0\x18\0\0\0\x79\xa3\xf0\xfe\0\0\
\0\0\x0f\x13\0\0\0\0\0\0\xbf\xa1\0\0\0\0\0\0\x07\x01\0\0\x68\xfe\xff\xff\xb7\
\x02\0\0\x04\0\0\0\x85\0\0\0\x71\0\0\0\x61\xa1\x68\xfe\0\0\0\0\x63\x18\x38\x02\
\0\0\0\0\xb7\x01\0\0\x50\x05\0\0\x0f\x16\0\0\0\0\0\0\xbf\xa1\0\0\0\0\0\0\x07\
\x01\0\0\x68\xfe\xff\xff\xb7\x02\0\0\x08\0\0\0\xbf\x63\0\0\0\0\0\0\x85\0\0\0\
\x71\0\0\0\xb7\x01\0\0\x38\x01\0\0\x79\xa3\x68\xfe\0\0\0\0\x0f\x13\0\0\0\0\0\0\
\xbf\xa1\0\0\0\0\0\0\x07\x01\0\0\xf0\xfe\xff\xff\xb7\x02\0\0\x08\0\0\0\x85\0\0\
\0\x71\0\0\0\x79\xa9\xf0\xfe\0\0\0\0\xbf\xa1\0\0\0\0\0\0\x07\x01\0\0\x68\xfe\
\xff\xff\xb7\x02\0\0\x08\0\0\0\xbf\x63\0\0\0\0\0\0\x85\0\0\0\x71\0\0\0\xb7\x01\
\0\0\x40\x01\0\0\x79\xa3\x68\xfe\0\0\0\0\x0f\x13\0\0\0\0\0\0\xbf\xa1\0\0\0\0\0\
\0\x07\x01\0\0\xf0\xfe\xff\xff\xb7\x02\0\0\x08\0\0\0\x85\0\0\0\x71\0\0\0\x79\
\xa2\xf0\xfe\0\0\0\0\x1f\x92\0\0\0\0\0\0\xb7\x01\0\0\0\x02\0\0\x2d\x21\x01\0\0\
\0\0\0\xb7\x02\0\0\0\x02\0\0\x63\x28\x30\x02\0\0\0\0\x79\xa1\x40\xfe\0\0\0\0\
\x07\x01\0\0\x30\0\0\0\xbf\x93\0\0\0\0\0\0\x85\0\0\0\x70\0\0\0\x61\x81\x30\x02\
\0\0\0\0\x79\xa3\x50\xfe\0\0\0\0\x55\x01\x02\0\0\x02\0\0\xb7\x01\0\0\0\0\0\0\
\x73\x18\x2f\x02\0\0\0\0\xb7\x01\0\0\x04\0\0\0\x0f\x13\0\0\0\0\0\0\xbf\xa1\0\0\
\0\0\0\0\x07\x01\0\0\x78\xff\xff\xff\xb7\x02\0\0\x02\0\0\0\x85\0\0\0\x71\0\0\0\
\x69\xa1\x78\xff\0\0\0\0\x73\x18\x40\x02\0\0\0\0\xb7\x01\0\0\0\0\0\0\x79\xa6\
\x48\xfe\0\0\0\0\x0f\x16\0\0\0\0\0\0\xbf\xa7\0\0\0\0\0\0\x07\x07\0\0\x78\xff\
\xff\xff\xbf\x71\0\0\0\0\0\0\xb7\x02\0\0\x88\0\0\0\xbf\x63\0\0\0\0\0\0\x85\0\0\
\0\x71\0\0\0\x69\x71\x0e\0\0\0\0\0\x63\x18\x44\x02\0\0\0\0\xbf\xa7\0\0\0\0\0\0\
\x07\x07\0\0\xf0\xfe\xff\xff\xbf\x71\0\0\0\0\0\0\xb7\x02\0\0\x88\0\0\0\xbf\x63\
\0\0\0\0\0\0\x85\0\0\0\x71\0\0\0\x61\x71\x04\0\0\0\0\0\x63\x18\x48\x02\0\0\0\0\
\xbf\xa7\0\0\0\0\0\0\x07\x07\0\0\x68\xfe\xff\xff\xbf\x71\0\0\0\0\0\0\xb7\x02\0\
\0\x88\0\0\0\xbf\x63\0\0\0\0\0\0\x85\0\0\0\x71\0\0\0\xb7\x01\0\0\x48\0\0\0\xbf\
\x72\0\0\0\0\0\0\x0f\x12\0\0\0\0\0\0\x61\x21\x04\0\0\0\0\0\x63\x18\x50\x02\0\0\
\0\0\x61\x71\x48\0\0\0\0\0\x63\x18\x4c\x02\0\0\0\0\x61\x21\x0c\0\0\0\0\0\x63\
\x18\x58\x02\0\0\0\0\x61\x21\x08\0\0\0\0\0\x63\x18\x54\x02\0\0\0\0\xbf\x81\0\0\
\0\0\0\0\xb7\x02\0\0\0\0\0\0\x85\0\0\0\x84\0\0\0\xb7\0\0\0\0\0\0\0\x95\0\0\0\0\
\0\0\0\xb7\x02\0\0\xfb\0\0\0\x05\0\x1f\xff\0\0\0\0\xb7\x02\0\0\x10\0\0\0\x79\
\x16\x08\0\0\0\0\0\xbf\x67\0\0\0\0\0\0\x0f\x27\0\0\0\0\0\0\xbf\xa1\0\0\0\0\0\0\
\x07\x01\0\0\xb0\xff\xff\xff\xb7\x02\0\0\x08\0\0\0\xbf\x73\0\0\0\0\0\0\x85\0\0\
\0\x71\0\0\0\x79\xa1\xb0\xff\0\0\0\0\x55\x01\x0f\0\0\0\0\0\xb7\x01\0\0\x58\0\0\
\0\xbf\x63\0\0\0\0\0\0\x0f\x13\0\0\0\0\0\0\xbf\xa1\0\0\0\0\0\0\x07\x01\0\0\xb0\
\xff\xff\xff\xb7\x02\0\0\x08\0\0\0\x85\0\0\0\x71\0\0\0\xb7\x01\0\0\0\0\0\0\x79\
\xa3\xb0\xff\0\0\0\0\x57\x03\0\0\xfe\xff\xff\xff\x0f\x13\0\0\0\0\0\0\xbf\xa1\0\
\0\0\0\0\0\x07\x01\0\0\xb0\xff\xff\xff\xb7\x02\0\0\x08\0\0\0\x85\0\0\0\x71\0\0\
\0\xbf\xa1\0\0\0\0\0\0\x07\x01\0\0\xb0\xff\xff\xff\xb7\x02\0\0\x08\0\0\0\xbf\
\x73\0\0\0\0\0\0\x85\0\0\0\x71\0\0\0\x79\xa3\xb0\xff\0\0\0\0\x55\x03\x16\0\0\0\
\0\0\xb7\x01\0\0\x58\0\0\0\xbf\x63\0\0\0\0\0\0\x0f\x13\0\0\0\0\0\0\xbf\xa1\0\0\
\0\0\0\0\x07\x01\0\0\xb0\xff\xff\xff\xb7\x02\0\0\x08\0\0\0\x85\0\0\0\x71\0\0\0\
\xb7\x01\0\0\0\0\0\0\x79\xa3\xb0\xff\0\0\0\0\x57\x03\0\0\xfe\xff\xff\xff\x0f\
\x13\0\0\0\0\0\0\xbf\xa1\0\0\0\0\0\0\x07\x01\0\0\xb0\xff\xff\xff\xb7\x02\0\0\
\x08\0\0\0\x85\0\0\0\x71\0\0\0\x79\xa3\xb0\xff\0\0\0\0\x55\x03\x05\0\0\0\0\0\
\x18\x01\0\0\0\0\0\0\0\0\0\0\0\0\0\0\xb7\x02\0\0\x50\0\0\0\x85\0\0\0\x06\0\0\0\
\x05\0\x1b\0\0\0\0\0\xb7\x01\0\0\xd0\0\0\0\x0f\x13\0\0\0\0\0\0\xbf\xa1\0\0\0\0\
\0\0\x07\x01\0\0\xf0\xff\xff\xff\xb7\x02\0\0\x04\0\0\0\x85\0\0\0\x71\0\0\0\x61\
\xa3\xf0\xff\0\0\0\0\x67\x03\0\0\x20\0\0\0\xc7\x03\0\0\x20\0\0\0\x7b\x3a\xb0\
\xff\0\0\0\0\x65\x03\x07\0\xff\xff\xff\xff\x18\x01\0\0\x50\0\0\0\0\0\0\0\0\0\0\
\0\xb7\x02\0\0\x42\0\0\0\x85\0\0\0\x06\0\0\0\x18\0\0\0\xff\xff\xff\xff\0\0\0\0\
\0\0\0\0\x05\0\x7c\x01\0\0\0\0\xbf\xa2\0\0\0\0\0\0\x07\x02\0\0\xb0\xff\xff\xff\
\x18\x01\0\0\0\0\0\0\0\0\0\0\0\0\0\0\x85\0\0\0\x01\0\0\0\xbf\x01\0\0\0\0\0\0\
\x18\0\0\0\xff\xff\xff\xff\0\0\0\0\0\0\0\0\x15\x01\x73\x01\0\0\0\0\xb7\x01\0\0\
\x18\0\0\0\xbf\x68\0\0\0\0\0\0\x0f\x18\0\0\0\0\0\0\xbf\xa1\0\0\0\0\0\0\x07\x01\
\0\0\xb0\xff\xff\xff\xb7\x02\0\0\x08\0\0\0\xbf\x83\0\0\0\0\0\0\x85\0\0\0\x71\0\
\0\0\x79\xa7\xb0\xff\0\0\0\0\xbf\xa1\0\0\0\0\0\0\x07\x01\0\0\xf0\xff\xff\xff\
\xb7\x02\0\0\x08\0\0\0\xbf\x83\0\0\0\0\0\0\x85\0\0\0\x71\0\0\0\xb7\x08\0\0\x98\
\x02\0\0\x79\xa3\xf0\xff\0\0\0\0\x0f\x83\0\0\0\0\0\0\xbf\xa1\0\0\0\0\0\0\x07\
\x01\0\0\xb0\xff\xff\xff\xb7\x02\0\0\x08\0\0\0\x85\0\0\0\x71\0\0\0\x18\0\0\0\
\xff\xff\xff\xff\0\0\0\0\0\0\0\0\x79\xa1\xb0\xff\0\0\0\0\x15\x01\x5a\x01\0\0\0\
\0\x7b\x1a\xb0\xff\0\0\0\0\xbf\xa2\0\0\0\0\0\0\x07\x02\0\0\xb0\xff\xff\xff\x18\
\x01\0\0\0\0\0\0\0\0\0\0\0\0\0\0\xbf\x23\0\0\0\0\0\0\xb7\x04\0\0\x01\0\0\0\x85\
\0\0\0\x02\0\0\0\xb7\x01\0\0\0\0\0\0\x7b\x1a\xe0\xff\0\0\0\0\x7b\x1a\xd8\xff\0\
\0\0\0\x7b\x1a\xd0\xff\0\0\0\0\x7b\x1a\xc8\xff\0\0\0\0\x7b\x1a\xc0\xff\0\0\0\0\
\x7b\x1a\xb8\xff\0\0\0\0\x7b\x1a\xb0\xff\0\0\0\0\x0f\x87\0\0\0\0\0\0\xbf\xa1\0\
\0\0\0\0\0\x07\x01\0\0\xf0\xff\xff\xff\xb7\x02\0\0\x08\0\0\0\xbf\x73\0\0\0\0\0\
\0\x85\0\0\0\x71\0\0\0\x79\xa1\xf0\xff\0\0\0\0\x7b\x1a\xe8\xff\0\0\0\0\xb7\x01\
\0\0\xc0\0\0\0\xbf\x63\0\0\0\0\0\0\x0f\x13\0\0\0\0\0\0\xbf\xa1\0\0\0\0\0\0\x07\
\x01\0\0\xf0\xff\xff\xff\xb7\x02\0\0\x08\0\0\0\x85\0\0\0\x71\0\0\0\xb7\x01\0\0\
\xb4\0\0\0\xbf\x63\0\0\0\0\0\0\x0f\x13\0\0\0\0\0\0\x79\xa7\xf0\xff\0\0\0\0\xbf\
\xa1\0\0\0\0\0\0\x07\x01\0\0\xf0\xff\xff\xff\xb7\x08\0\0\x02\0\0\0\xb7\x02\0\0\
\x02\0\0\0\x85\0\0\0\x71\0\0\0\x69\xa1\xf0\xff\0\0\0\0\x0f\x17\0\0\0\0\0\0\xb7\
\x01\0\0\x09\0\0\0\xbf\x73\0\0\0\0\0\0\x0f\x13\0\0\0\0\0\0\xbf\xa1\0\0\0\0\0\0\
\x07\x01\0\0\xf0\xff\xff\xff\xb7\x02\0\0\x01\0\0\0\x85\0\0\0\x71\0\0\0\x63\x8a\
\xb0\xff\0\0\0\0\xb7\x01\0\0\x0c\0\0\0\xbf\x73\0\0\0\0\0\0\x0f\x13\0\0\0\0\0\0\
\x71\xa9\xf0\xff\0\0\0\0\xbf\xa1\0\0\0\0\0\0\x07\x01\0\0\xd0\xff\xff\xff\xb7\
\x02\0\0\x04\0\0\0\x85\0\0\0\x71\0\0\0\xb7\x01\0\0\x10\0\0\0\xbf\x73\0\0\0\0\0\
\0\x0f\x13\0\0\0\0\0\0\xbf\xa1\0\0\0\0\0\0\x07\x01\0\0\xf0\xff\xff\xff\xb7\x02\
\0\0\x04\0\0\0\x85\0\0\0\x71\0\0\0\x61\xa1\xf0\xff\0\0\0\0\x63\x1a\xb8\xff\0\0\
\0\0\xb7\x01\0\0\x02\0\0\0\x0f\x17\0\0\0\0\0\0\xbf\xa1\0\0\0\0\0\0\x07\x01\0\0\
\xf0\xff\xff\xff\xb7\x02\0\0\x02\0\0\0\xbf\x73\0\0\0\0\0\0\x85\0\0\0\x71\0\0\0\
\x69\xa8\xf0\xff\0\0\0\0\x65\x09\x22\0\x10\0\0\0\x15\x09\x26\0\x01\0\0\0\x15\
\x09\x01\0\x06\0\0\0\x05\0\x4e\0\0\0\0\0\xb7\x01\0\0\x06\0\0\0\x63\x1a\xb4\xff\
\0\0\0\0\xb7\x01\0\0\xc0\0\0\0\xbf\x63\0\0\0\0\0\0\x0f\x13\0\0\0\0\0\0\xbf\xa1\
\0\0\0\0\0\0\x07\x01\0\0\xf0\xff\xff\xff\xb7\x02\0\0\x08\0\0\0\x85\0\0\0\x71\0\
\0\0\xb7\x01\0\0\xb2\0\0\0\x0f\x16\0\0\0\0\0\0\x79\xa7\xf0\xff\0\0\0\0\xbf\xa1\
\0\0\0\0\0\0\x07\x01\0\0\xf0\xff\xff\xff\xb7\x02\0\0\x02\0\0\0\xbf\x63\0\0\0\0\
\0\0\x85\0\0\0\x71\0\0\0\x69\xa1\xf0\xff\0\0\0\0\x0f\x17\0\0\0\0\0\0\xb7\x01\0\
\0\0\0\0\0\xbf\x73\0\0\0\0\0\0\x0f\x13\0\0\0\0\0\0\xbf\xa1\0\0\0\0\0\0\x07\x01\
\0\0\xf0\xff\xff\xff\xb7\x02\0\0\x02\0\0\0\x85\0\0\0\x71\0\0\0\x69\xa1\xf0\xff\
\0\0\0\0\xdc\x01\0\0\x10\0\0\0\x6b\x1a\xe0\xff\0\0\0\0\xb7\x01\0\0\x02\0\0\0\
\x05\0\x25\0\0\0\0\0\x15\x09\x06\0\x11\0\0\0\x15\x09\x01\0\xff\0\0\0\x05\0\x2c\
\0\0\0\0\0\xb7\x01\0\0\xfb\0\0\0\x05\0\x2b\0\0\0\0\0\xb7\x01\0\0\x01\0\0\0\x05\
\0\x29\0\0\0\0\0\xb7\x01\0\0\x11\0\0\0\x63\x1a\xb4\xff\0\0\0\0\xb7\x01\0\0\xc0\
\0\0\0\xbf\x63\0\0\0\0\0\0\x0f\x13\0\0\0\0\0\0\xbf\xa1\0\0\0\0\0\0\x07\x01\0\0\
\xf0\xff\xff\xff\xb7\x02\0\0\x08\0\0\0\x85\0\0\0\x71\0\0\0\xb7\x01\0\0\xb2\0\0\
\0\x0f\x16\0\0\0\0\0\0\x79\xa7\xf0\xff\0\0\0\0\xbf\xa1\0\0\0\0\0\0\x07\x01\0\0\
\xf0\xff\xff\xff\xb7\x02\0\0\x02\0\0\0\xbf\x63\0\0\0\0\0\0\x85\0\0\0\x71\0\0\0\
\x69\xa1\xf0\xff\0\0\0\0\x0f\x17\0\0\0\0\0\0\xb7\x01\0\0\0\0\0\0\xbf\x73\0\0\0\
\0\0\0\x0f\x13\0\0\0\0\0\0\xbf\xa1\0\0\0\0\0\0\x07\x01\0\0\xf0\xff\xff\xff\xb7\
\x02\0\0\x02\0\0\0\x85\0\0\0\x71\0\0\0\x69\xa1\xf0\xff\0\0\0\0\xdc\x01\0\0\x10\
\0\0\0\x6b\x1a\xe0\xff\0\0\0\0\xb7\x01\0\0\x02\0\0\0\x0f\x17\0\0\0\0\0\0\xbf\
\xa1\0\0\0\0\0\0\x07\x01\0\0\xf0\xff\xff\xff\xb7\x02\0\0\x02\0\0\0\xbf\x73\0\0\
\0\0\0\0\x85\0\0\0\x71\0\0\0\x69\xa1\xf0\xff\0\0\0\0\xdc\x01\0\0\x10\0\0\0\x6b\
\x1a\xc8\xff\0\0\0\0\x05\0\x02\0\0\0\0\0\xb7\x01\0\0\xfc\0\0\0\x63\x1a\xb4\xff\
\0\0\0\0\xbf\xa2\0\0\0\0\0\0\x07\x02\0\0\xb0\xff\xff\xff\x18\x01\0\0\0\0\0\0\0\
\0\0\0\0\0\0\0\x85\0\0\0\x01\0\0\0\xdc\x08\0\0\x10\0\0\0\x15\0\x04\0\0\0\0\0\
\x61\x01\x08\0\0\0\0\0\x0f\x81\0\0\0\0\0\0\x63\x10\x08\0\0\0\0\0\x05\0\xaf\0\0\
\0\0\0\xb7\x07\0\0\0\0\0\0\x63\x7a\xfc\xff\0\0\0\0\xbf\xa2\0\0\0\0\0\0\x07\x02\
\0\0\xfc\xff\xff\xff\x18\x01\0\0\0\0\0\0\0\0\0\0\0\0\0\0\x85\0\0\0\x01\0\0\0\
\xbf\x06\0\0\0\0\0\0\x55\x06\x04\0\0\0\0\0\x18\x01\0\0\x92\0\0\0\0\0\0\0\0\0\0\
\0\xb7\x02\0\0\x3d\0\0\0\x05\0\xa1\0\0\0\0\0\x63\x86\x08\0\0\0\0\0\x73\x76\x38\
\x02\0\0\0\0\xb7\x01\0\0\x02\0\0\0\x7b\x16\0\0\0\0\0\0\x79\xa1\xe8\xff\0\0\0\0\
\x7b\x1a\xf0\xff\0\0\0\0\xbf\xa2\0\0\0\0\0\0\x07\x02\0\0\xf0\xff\xff\xff\x18\
\x01\0\0\0\0\0\0\0\0\0\0\0\0\0\0\x85\0\0\0\x01\0\0\0\x15\0\x96\0\0\0\0\0\x79\
\x01\x30\x02\0\0\0\0\x7b\x16\x30\x02\0\0\0\0\x79\x01\x28\x02\0\0\0\0\x7b\x16\
\x28\x02\0\0\0\0\x79\x01\x20\x02\0\0\0\0\x7b\x16\x20\x02\0\0\0\0\x79\x01\x18\
\x02\0\0\0\0\x7b\x16\x18\x02\0\0\0\0\x79\x01\x10\x02\0\0\0\0\x7b\x16\x10\x02\0\
\0\0\0\x79\x01\x08\x02\0\0\0\0\x7b\x16\x08\x02\0\0\0\0\x79\x01\0\x02\0\0\0\0\
\x7b\x16\0\x02\0\0\0\0\x79\x01\xf8\x01\0\0\0\0\x7b\x16\xf8\x01\0\0\0\0\x79\x01\
\xf0\x01\0\0\0\0\x7b\x16\xf0\x01\0\0\0\0\x79\x01\xe8\x01\0\0\0\0\x7b\x16\xe8\
\x01\0\0\0\0\x79\x01\xe0\x01\0\0\0\0\x7b\x16\xe0\x01\0\0\0\0\x79\x01\xd8\x01\0\
\0\0\0\x7b\x16\xd8\x01\0\0\0\0\x79\x01\xd0\x01\0\0\0\0\x7b\x16\xd0\x01\0\0\0\0\
\x79\x01\xc8\x01\0\0\0\0\x7b\x16\xc8\x01\0\0\0\0\x79\x01\xc0\x01\0\0\0\0\x7b\
\x16\xc0\x01\0\0\0\0\x79\x01\xb8\x01\0\0\0\0\x7b\x16\xb8\x01\0\0\0\0\x79\x01\
\xb0\x01\0\0\0\0\x7b\x16\xb0\x01\0\0\0\0\x79\x01\xa8\x01\0\0\0\0\x7b\x16\xa8\
\x01\0\0\0\0\x79\x01\xa0\x01\0\0\0\0\x7b\x16\xa0\x01\0\0\0\0\x79\x01\x98\x01\0\
\0\0\0\x7b\x16\x98\x01\0\0\0\0\x79\x01\x90\x01\0\0\0\0\x7b\x16\x90\x01\0\0\0\0\
\x79\x01\x88\x01\0\0\0\0\x7b\x16\x88\x01\0\0\0\0\x79\x01\x80\x01\0\0\0\0\x7b\
\x16\x80\x01\0\0\0\0\x79\x01\x78\x01\0\0\0\0\x7b\x16\x78\x01\0\0\0\0\x79\x01\
\x70\x01\0\0\0\0\x7b\x16\x70\x01\0\0\0\0\x79\x01\x68\x01\0\0\0\0\x7b\x16\x68\
\x01\0\0\0\0\x79\x01\x60\x01\0\0\0\0\x7b\x16\x60\x01\0\0\0\0\x79\x01\x58\x01\0\
\0\0\0\x7b\x16\x58\x01\0\0\0\0\x79\x01\x50\x01\0\0\0\0\x7b\x16\x50\x01\0\0\0\0\
\x79\x01\x48\x01\0\0\0\0\x7b\x16\x48\x01\0\0\0\0\x79\x01\x40\x01\0\0\0\0\x7b\
\x16\x40\x01\0\0\0\0\x79\x01\x38\x01\0\0\0\0\x7b\x16\x38\x01\0\0\0\0\x79\x01\
\x30\x01\0\0\0\0\x7b\x16\x30\x01\0\0\0\0\x79\x01\x28\x01\0\0\0\0\x7b\x16\x28\
\x01\0\0\0\0\x79\x01\x20\x01\0\0\0\0\x7b\x16\x20\x01\0\0\0\0\x79\x01\x18\x01\0\
\0\0\0\x7b\x16\x18\x01\0\0\0\0\x79\x01\x10\x01\0\0\0\0\x7b\x16\x10\x01\0\0\0\0\
\x79\x01\x08\x01\0\0\0\0\x7b\x16\x08\x01\0\0\0\0\x79\x01\0\x01\0\0\0\0\x7b\x16\
\0\x01\0\0\0\0\x79\x01\xf8\0\0\0\0\0\x7b\x16\xf8\0\0\0\0\0\x79\x01\xf0\0\0\0\0\
\0\x7b\x16\xf0\0\0\0\0\0\x79\x01\xe8\0\0\0\0\0\x7b\x16\xe8\0\0\0\0\0\x79\x01\
\xe0\0\0\0\0\0\x7b\x16\xe0\0\0\0\0\0\x79\x01\xd8\0\0\0\0\0\x7b\x16\xd8\0\0\0\0\
\0\x79\x01\xd0\0\0\0\0\0\x7b\x16\xd0\0\0\0\0\0\x79\x01\xc8\0\0\0\0\0\x7b\x16\
\xc8\0\0\0\0\0\x79\x01\xc0\0\0\0\0\0\x7b\x16\xc0\0\0\0\0\0\x79\x01\xb8\0\0\0\0\
\0\x7b\x16\xb8\0\0\0\0\0\x79\x01\xb0\0\0\0\0\0\x7b\x16\xb0\0\0\0\0\0\x79\x01\
\xa8\0\0\0\0\0\x7b\x16\xa8\0\0\0\0\0\x79\x01\xa0\0\0\0\0\0\x7b\x16\xa0\0\0\0\0\
\0\x79\x01\x98\0\0\0\0\0\x7b\x16\x98\0\0\0\0\0\x79\x01\x90\0\0\0\0\0\x7b\x16\
\x90\0\0\0\0\0\x79\x01\x88\0\0\0\0\0\x7b\x16\x88\0\0\0\0\0\x79\x01\x80\0\0\0\0\
\0\x7b\x16\x80\0\0\0\0\0\x79\x01\x78\0\0\0\0\0\x7b\x16\x78\0\0\0\0\0\x79\x01\
\x70\0\0\0\0\0\x7b\x16\x70\0\0\0\0\0\x79\x01\x68\0\0\0\0\0\x7b\x16\x68\0\0\0\0\
\0\x79\x01\x60\0\0\0\0\0\x7b\x16\x60\0\0\0\0\0\x79\x01\x58\0\0\0\0\0\x7b\x16\
\x58\0\0\0\0\0\x79\x01\x50\0\0\0\0\0\x7b\x16\x50\0\0\0\0\0\x79\x01\x48\0\0\0\0\
\0\x7b\x16\x48\0\0\0\0\0\x79\x01\x40\0\0\0\0\0\x7b\x16\x40\0\0\0\0\0\x79\x01\
\x38\0\0\0\0\0\x7b\x16\x38\0\0\0\0\0\x79\x01\x30\0\0\0\0\0\x7b\x16\x30\0\0\0\0\
\0\x79\x01\x28\0\0\0\0\0\x7b\x16\x28\0\0\0\0\0\x79\x01\x20\0\0\0\0\0\x7b\x16\
\x20\0\0\0\0\0\x79\x01\x18\0\0\0\0\0\x7b\x16\x18\0\0\0\0\0\x79\x01\x10\0\0\0\0\
\0\x7b\x16\x10\0\0\0\0\0\xbf\xa2\0\0\0\0\0\0\x07\x02\0\0\xb0\xff\xff\xff\x18\
\x01\0\0\0\0\0\0\0\0\0\0\0\0\0\0\xbf\x63\0\0\0\0\0\0\xb7\x04\0\0\x01\0\0\0\x85\
\0\0\0\x02\0\0\0\x65\0\x04\0\xff\xff\xff\xff\x18\x01\0\0\xcf\0\0\0\0\0\0\0\0\0\
\0\0\xb7\x02\0\0\x3c\0\0\0\x85\0\0\0\x06\0\0\0\xb7\0\0\0\0\0\0\0\x95\0\0\0\0\0\
\0\0\xb7\x02\0\0\x10\0\0\0\x79\x16\x10\0\0\0\0\0\xbf\x67\0\0\0\0\0\0\x0f\x27\0\
\0\0\0\0\0\xbf\xa1\0\0\0\0\0\0\x07\x01\0\0\xb0\xff\xff\xff\xb7\x02\0\0\x08\0\0\
\0\xbf\x73\0\0\0\0\0\0\x85\0\0\0\x71\0\0\0\x79\xa1\xb0\xff\0\0\0\0\x55\x01\x0f\
\0\0\0\0\0\xb7\x01\0\0\x58\0\0\0\xbf\x63\0\0\0\0\0\0\x0f\x13\0\0\0\0\0\0\xbf\
\xa1\0\0\0\0\0\0\x07\x01\0\0\xb0\xff\xff\xff\xb7\x02\0\0\x08\0\0\0\x85\0\0\0\
\x71\0\0\0\xb7\x01\0\0\0\0\0\0\x79\xa3\xb0\xff\0\0\0\0\x57\x03\0\0\xfe\xff\xff\
\xff\x0f\x13\0\0\0\0\0\0\xbf\xa1\0\0\0\0\0\0\x07\x01\0\0\xb0\xff\xff\xff\xb7\
\x02\0\0\x08\0\0\0\x85\0\0\0\x71\0\0\0\xbf\xa1\0\0\0\0\0\0\x07\x01\0\0\xb0\xff\
\xff\xff\xb7\x02\0\0\x08\0\0\0\xbf\x73\0\0\0\0\0\0\x85\0\0\0\x71\0\0\0\x79\xa3\
\xb0\xff\0\0\0\0\x55\x03\x16\0\0\0\0\0\xb7\x01\0\0\x58\0\0\0\xbf\x63\0\0\0\0\0\
\0\x0f\x13\0\0\0\0\0\0\xbf\xa1\0\0\0\0\0\0\x07\x01\0\0\xb0\xff\xff\xff\xb7\x02\
\0\0\x08\0\0\0\x85\0\0\0\x71\0\0\0\xb7\x01\0\0\0\0\0\0\x79\xa3\xb0\xff\0\0\0\0\
\x57\x03\0\0\xfe\xff\xff\xff\x0f\x13\0\0\0\0\0\0\xbf\xa1\0\0\0\0\0\0\x07\x01\0\
\0\xb0\xff\xff\xff\xb7\x02\0\0\x08\0\0\0\x85\0\0\0\x71\0\0\0\x79\xa3\xb0\xff\0\
\0\0\0\x55\x03\x05\0\0\0\0\0\x18\x01\0\0\0\0\0\0\0\0\0\0\0\0\0\0\xb7\x02\0\0\
\x50\0\0\0\x85\0\0\0\x06\0\0\0\x05\0\x1b\0\0\0\0\0\xb7\x01\0\0\xd0\0\0\0\x0f\
\x13\0\0\0\0\0\0\xbf\xa1\0\0\0\0\0\0\x07\x01\0\0\xf0\xff\xff\xff\xb7\x02\0\0\
\x04\0\0\0\x85\0\0\0\x71\0\0\0\x61\xa3\xf0\xff\0\0\0\0\x67\x03\0\0\x20\0\0\0\
\xc7\x03\0\0\x20\0\0\0\x7b\x3a\xb0\xff\0\0\0\0\x65\x03\x07\0\xff\xff\xff\xff\
\x18\x01\0\0\x50\0\0\0\0\0\0\0\0\0\0\0\xb7\x02\0\0\x42\0\0\0\x85\0\0\0\x06\0\0\
\0\x18\0\0\0\xff\xff\xff\xff\0\0\0\0\0\0\0\0\x05\0\x7d\x01\0\0\0\0\xbf\xa2\0\0\
\0\0\0\0\x07\x02\0\0\xb0\xff\xff\xff\x18\x01\0\0\0\0\0\0\0\0\0\0\0\0\0\0\x85\0\
\0\0\x01\0\0\0\xbf\x01\0\0\0\0\0\0\x18\0\0\0\xff\xff\xff\xff\0\0\0\0\0\0\0\0\
\x15\x01\x74\x01\0\0\0\0\xb7\x01\0\0\x18\0\0\0\xbf\x68\0\0\0\0\0\0\x0f\x18\0\0\
\0\0\0\0\xbf\xa1\0\0\0\0\0\0\x07\x01\0\0\xb0\xff\xff\xff\xb7\x02\0\0\x08\0\0\0\
\xbf\x83\0\0\0\0\0\0\x85\0\0\0\x71\0\0\0\x79\xa7\xb0\xff\0\0\0\0\xbf\xa1\0\0\0\
\0\0\0\x07\x01\0\0\xf0\xff\xff\xff\xb7\x02\0\0\x08\0\0\0\xbf\x83\0\0\0\0\0\0\
\x85\0\0\0\x71\0\0\0\xb7\x08\0\0\x98\x02\0\0\x79\xa3\xf0\xff\0\0\0\0\x0f\x83\0\
\0\0\0\0\0\xbf\xa1\0\0\0\0\0\0\x07\x01\0\0\xb0\xff\xff\xff\xb7\x02\0\0\x08\0\0\
\0\x85\0\0\0\x71\0\0\0\x18\0\0\0\xff\xff\xff\xff\0\0\0\0\0\0\0\0\x79\xa1\xb0\
\xff\0\0\0\0\x15\x01\x5b\x01\0\0\0\0\x7b\x1a\xb0\xff\0\0\0\0\xbf\xa2\0\0\0\0\0\
\0\x07\x02\0\0\xb0\xff\xff\xff\x18\x01\0\0\0\0\0\0\0\0\0\0\0\0\0\0\xbf\x23\0\0\
\0\0\0\0\xb7\x04\0\0\x01\0\0\0\x85\0\0\0\x02\0\0\0\xb7\x01\0\0\0\0\0\0\x7b\x1a\
\xe0\xff\0\0\0\0\x7b\x1a\xd8\xff\0\0\0\0\x7b\x1a\xd0\xff\0\0\0\0\x7b\x1a\xc8\
\xff\0\0\0\0\x7b\x1a\xc0\xff\0\0\0\0\x7b\x1a\xb8\xff\0\0\0\0\x7b\x1a\xb0\xff\0\
\0\0\0\x0f\x87\0\0\0\0\0\0\xbf\xa1\0\0\0\0\0\0\x07\x01\0\0\xf0\xff\xff\xff\xb7\
\x02\0\0\x08\0\0\0\xbf\x73\0\0\0\0\0\0\x85\0\0\0\x71\0\0\0\x79\xa1\xf0\xff\0\0\
\0\0\x7b\x1a\xe8\xff\0\0\0\0\xb7\x01\0\0\xc0\0\0\0\xbf\x63\0\0\0\0\0\0\x0f\x13\
\0\0\0\0\0\0\xbf\xa1\0\0\0\0\0\0\x07\x01\0\0\xf0\xff\xff\xff\xb7\x02\0\0\x08\0\
\0\0\x85\0\0\0\x71\0\0\0\xb7\x01\0\0\xb4\0\0\0\xbf\x63\0\0\0\0\0\0\x0f\x13\0\0\
\0\0\0\0\x79\xa7\xf0\xff\0\0\0\0\xbf\xa1\0\0\0\0\0\0\x07\x01\0\0\xf0\xff\xff\
\xff\xb7\x08\0\0\x02\0\0\0\xb7\x02\0\0\x02\0\0\0\x85\0\0\0\x71\0\0\0\x69\xa1\
\xf0\xff\0\0\0\0\x0f\x17\0\0\0\0\0\0\xb7\x01\0\0\x09\0\0\0\xbf\x73\0\0\0\0\0\0\
\x0f\x13\0\0\0\0\0\0\xbf\xa1\0\0\0\0\0\0\x07\x01\0\0\xf0\xff\xff\xff\xb7\x02\0\
\0\x01\0\0\0\x85\0\0\0\x71\0\0\0\x63\x8a\xb0\xff\0\0\0\0\xb7\x01\0\0\x0c\0\0\0\
\xbf\x73\0\0\0\0\0\0\x0f\x13\0\0\0\0\0\0\x71\xa9\xf0\xff\0\0\0\0\xbf\xa1\0\0\0\
\0\0\0\x07\x01\0\0\xb8\xff\xff\xff\xb7\x02\0\0\x04\0\0\0\x85\0\0\0\x71\0\0\0\
\xb7\x01\0\0\x10\0\0\0\xbf\x73\0\0\0\0\0\0\x0f\x13\0\0\0\0\0\0\xbf\xa1\0\0\0\0\
\0\0\x07\x01\0\0\xf0\xff\xff\xff\xb7\x02\0\0\x04\0\0\0\x85\0\0\0\x71\0\0\0\x61\
\xa1\xf0\xff\0\0\0\0\x63\x1a\xd0\xff\0\0\0\0\xb7\x01\0\0\x02\0\0\0\x0f\x17\0\0\
\0\0\0\0\xbf\xa1\0\0\0\0\0\0\x07\x01\0\0\xf0\xff\xff\xff\xb7\x02\0\0\x02\0\0\0\
\xbf\x73\0\0\0\0\0\0\x85\0\0\0\x71\0\0\0\x69\xa8\xf0\xff\0\0\0\0\x65\x09\x22\0\
\x10\0\0\0\x15\x09\x26\0\x01\0\0\0\x15\x09\x01\0\x06\0\0\0\x05\0\x4e\0\0\0\0\0\
\xb7\x01\0\0\x06\0\0\0\x63\x1a\xb4\xff\0\0\0\0\xb7\x01\0\0\xc0\0\0\0\xbf\x63\0\
\0\0\0\0\0\x0f\x13\0\0\0\0\0\0\xbf\xa1\0\0\0\0\0\0\x07\x01\0\0\xf0\xff\xff\xff\
\xb7\x02\0\0\x08\0\0\0\x85\0\0\0\x71\0\0\0\xb7\x01\0\0\xb2\0\0\0\x0f\x16\0\0\0\
\0\0\0\x79\xa7\xf0\xff\0\0\0\0\xbf\xa1\0\0\0\0\0\0\x07\x01\0\0\xf0\xff\xff\xff\
\xb7\x02\0\0\x02\0\0\0\xbf\x63\0\0\0\0\0\0\x85\0\0\0\x71\0\0\0\x69\xa1\xf0\xff\
\0\0\0\0\x0f\x17\0\0\0\0\0\0\xb7\x01\0\0\0\0\0\0\xbf\x73\0\0\0\0\0\0\x0f\x13\0\
\0\0\0\0\0\xbf\xa1\0\0\0\0\0\0\x07\x01\0\0\xf0\xff\xff\xff\xb7\x02\0\0\x02\0\0\
\0\x85\0\0\0\x71\0\0\0\x69\xa1\xf0\xff\0\0\0\0\xdc\x01\0\0\x10\0\0\0\x6b\x1a\
\xc8\xff\0\0\0\0\xb7\x01\0\0\x02\0\0\0\x05\0\x25\0\0\0\0\0\x15\x09\x06\0\x11\0\
\0\0\x15\x09\x01\0\xff\0\0\0\x05\0\x2c\0\0\0\0\0\xb7\x01\0\0\xfb\0\0\0\x05\0\
\x2b\0\0\0\0\0\xb7\x01\0\0\x01\0\0\0\x05\0\x29\0\0\0\0\0\xb7\x01\0\0\x11\0\0\0\
\x63\x1a\xb4\xff\0\0\0\0\xb7\x01\0\0\xc0\0\0\0\xbf\x63\0\0\0\0\0\0\x0f\x13\0\0\
\0\0\0\0\xbf\xa1\0\0\0\0\0\0\x07\x01\0\0\xf0\xff\xff\xff\xb7\x02\0\0\x08\0\0\0\
\x85\0\0\0\x71\0\0\0\xb7\x01\0\0\xb2\0\0\0\x0f\x16\0\0\0\0\0\0\x79\xa7\xf0\xff\
\0\0\0\0\xbf\xa1\0\0\0\0\0\0\x07\x01\0\0\xf0\xff\xff\xff\xb7\x02\0\0\x02\0\0\0\
\xbf\x63\0\0\0\0\0\0\x85\0\0\0\x71\0\0\0\x69\xa1\xf0\xff\0\0\0\0\x0f\x17\0\0\0\
\0\0\0\xb7\x01\0\0\0\0\0\0\xbf\x73\0\0\0\0\0\0\x0f\x13\0\0\0\0\0\0\xbf\xa1\0\0\
\0\0\0\0\x07\x01\0\0\xf0\xff\xff\xff\xb7\x02\0\0\x02\0\0\0\x85\0\0\0\x71\0\0\0\
\x69\xa1\xf0\xff\0\0\0\0\xdc\x01\0\0\x10\0\0\0\x6b\x1a\xc8\xff\0\0\0\0\xb7\x01\
\0\0\x02\0\0\0\x0f\x17\0\0\0\0\0\0\xbf\xa1\0\0\0\0\0\0\x07\x01\0\0\xf0\xff\xff\
\xff\xb7\x02\0\0\x02\0\0\0\xbf\x73\0\0\0\0\0\0\x85\0\0\0\x71\0\0\0\x69\xa1\xf0\
\xff\0\0\0\0\xdc\x01\0\0\x10\0\0\0\x6b\x1a\xe0\xff\0\0\0\0\x05\0\x02\0\0\0\0\0\
\xb7\x01\0\0\xfc\0\0\0\x63\x1a\xb4\xff\0\0\0\0\xbf\xa2\0\0\0\0\0\0\x07\x02\0\0\
\xb0\xff\xff\xff\x18\x01\0\0\0\0\0\0\0\0\0\0\0\0\0\0\x85\0\0\0\x01\0\0\0\xdc\
\x08\0\0\x10\0\0\0\x15\0\x04\0\0\0\0\0\x61\x01\x04\0\0\0\0\0\x0f\x81\0\0\0\0\0\
\0\x63\x10\x04\0\0\0\0\0\x05\0\xb0\0\0\0\0\0\xb7\x07\0\0\0\0\0\0\x63\x7a\xfc\
\xff\0\0\0\0\xbf\xa2\0\0\0\0\0\0\x07\x02\0\0\xfc\xff\xff\xff\x18\x01\0\0\0\0\0\
\0\0\0\0\0\0\0\0\0\x85\0\0\0\x01\0\0\0\xbf\x06\0\0\0\0\0\0\x55\x06\x04\0\0\0\0\
\0\x18\x01\0\0\x92\0\0\0\0\0\0\0\0\0\0\0\xb7\x02\0\0\x3d\0\0\0\x05\0\xa2\0\0\0\
\0\0\xb7\x01\0\0\x02\0\0\0\x63\x16\0\0\0\0\0\0\x63\x76\x08\0\0\0\0\0\x73\x76\
\x38\x02\0\0\0\0\x63\x86\x04\0\0\0\0\0\x79\xa1\xe8\xff\0\0\0\0\x7b\x1a\xf0\xff\
\0\0\0\0\xbf\xa2\0\0\0\0\0\0\x07\x02\0\0\xf0\xff\xff\xff\x18\x01\0\0\0\0\0\0\0\
\0\0\0\0\0\0\0\x85\0\0\0\x01\0\0\0\x15\0\x96\0\0\0\0\0\x79\x01\x30\x02\0\0\0\0\
\x7b\x16\x30\x02\0\0\0\0\x79\x01\x28\x02\0\0\0\0\x7b\x16\x28\x02\0\0\0\0\x79\
\x01\x20\x02\0\0\0\0\x7b\x16\x20\x02\0\0\0\0\x79\x01\x18\x02\0\0\0\0\x7b\x16\
\x18\x02\0\0\0\0\x79\x01\x10\x02\0\0\0\0\x7b\x16\x10\x02\0\0\0\0\x79\x01\x08\
\x02\0\0\0\0\x7b\x16\x08\x02\0\0\0\0\x79\x01\0\x02\0\0\0\0\x7b\x16\0\x02\0\0\0\
\0\x79\x01\xf8\x01\0\0\0\0\x7b\x16\xf8\x01\0\0\0\0\x79\x01\xf0\x01\0\0\0\0\x7b\
\x16\xf0\x01\0\0\0\0\x79\x01\xe8\x01\0\0\0\0\x7b\x16\xe8\x01\0\0\0\0\x79\x01\
\xe0\x01\0\0\0\0\x7b\x16\xe0\x01\0\0\0\0\x79\x01\xd8\x01\0\0\0\0\x7b\x16\xd8\
\x01\0\0\0\0\x79\x01\xd0\x01\0\0\0\0\x7b\x16\xd0\x01\0\0\0\0\x79\x01\xc8\x01\0\
\0\0\0\x7b\x16\xc8\x01\0\0\0\0\x79\x01\xc0\x01\0\0\0\0\x7b\x16\xc0\x01\0\0\0\0\
\x79\x01\xb8\x01\0\0\0\0\x7b\x16\xb8\x01\0\0\0\0\x79\x01\xb0\x01\0\0\0\0\x7b\
\x16\xb0\x01\0\0\0\0\x79\x01\xa8\x01\0\0\0\0\x7b\x16\xa8\x01\0\0\0\0\x79\x01\
\xa0\x01\0\0\0\0\x7b\x16\xa0\x01\0\0\0\0\x79\x01\x98\x01\0\0\0\0\x7b\x16\x98\
\x01\0\0\0\0\x79\x01\x90\x01\0\0\0\0\x7b\x16\x90\x01\0\0\0\0\x79\x01\x88\x01\0\
\0\0\0\x7b\x16\x88\x01\0\0\0\0\x79\x01\x80\x01\0\0\0\0\x7b\x16\x80\x01\0\0\0\0\
\x79\x01\x78\x01\0\0\0\0\x7b\x16\x78\x01\0\0\0\0\x79\x01\x70\x01\0\0\0\0\x7b\
\x16\x70\x01\0\0\0\0\x79\x01\x68\x01\0\0\0\0\x7b\x16\x68\x01\0\0\0\0\x79\x01\
\x60\x01\0\0\0\0\x7b\x16\x60\x01\0\0\0\0\x79\x01\x58\x01\0\0\0\0\x7b\x16\x58\
\x01\0\0\0\0\x79\x01\x50\x01\0\0\0\0\x7b\x16\x50\x01\0\0\0\0\x79\x01\x48\x01\0\
\0\0\0\x7b\x16\x48\x01\0\0\0\0\x79\x01\x40\x01\0\0\0\0\x7b\x16\x40\x01\0\0\0\0\
\x79\x01\x38\x01\0\0\0\0\x7b\x16\x38\x01\0\0\0\0\x79\x01\x30\x01\0\0\0\0\x7b\
\x16\x30\x01\0\0\0\0\x79\x01\x28\x01\0\0\0\0\x7b\x16\x28\x01\0\0\0\0\x79\x01\
\x20\x01\0\0\0\0\x7b\x16\x20\x01\0\0\0\0\x79\x01\x18\x01\0\0\0\0\x7b\x16\x18\
\x01\0\0\0\0\x79\x01\x10\x01\0\0\0\0\x7b\x16\x10\x01\0\0\0\0\x79\x01\x08\x01\0\
\0\0\0\x7b\x16\x08\x01\0\0\0\0\x79\x01\0\x01\0\0\0\0\x7b\x16\0\x01\0\0\0\0\x79\
\x01\xf8\0\0\0\0\0\x7b\x16\xf8\0\0\0\0\0\x79\x01\xf0\0\0\0\0\0\x7b\x16\xf0\0\0\
\0\0\0\x79\x01\xe8\0\0\0\0\0\x7b\x16\xe8\0\0\0\0\0\x79\x01\xe0\0\0\0\0\0\x7b\
\x16\xe0\0\0\0\0\0\x79\x01\xd8\0\0\0\0\0\x7b\x16\xd8\0\0\0\0\0\x79\x01\xd0\0\0\
\0\0\0\x7b\x16\xd0\0\0\0\0\0\x79\x01\xc8\0\0\0\0\0\x7b\x16\xc8\0\0\0\0\0\x79\
\x01\xc0\0\0\0\0\0\x7b\x16\xc0\0\0\0\0\0\x79\x01\xb8\0\0\0\0\0\x7b\x16\xb8\0\0\
\0\0\0\x79\x01\xb0\0\0\0\0\0\x7b\x16\xb0\0\0\0\0\0\x79\x01\xa8\0\0\0\0\0\x7b\
\x16\xa8\0\0\0\0\0\x79\x01\xa0\0\0\0\0\0\x7b\x16\xa0\0\0\0\0\0\x79\x01\x98\0\0\
\0\0\0\x7b\x16\x98\0\0\0\0\0\x79\x01\x90\0\0\0\0\0\x7b\x16\x90\0\0\0\0\0\x79\
\x01\x88\0\0\0\0\0\x7b\x16\x88\0\0\0\0\0\x79\x01\x80\0\0\0\0\0\x7b\x16\x80\0\0\
\0\0\0\x79\x01\x78\0\0\0\0\0\x7b\x16\x78\0\0\0\0\0\x79\x01\x70\0\0\0\0\0\x7b\
\x16\x70\0\0\0\0\0\x79\x01\x68\0\0\0\0\0\x7b\x16\x68\0\0\0\0\0\x79\x01\x60\0\0\
\0\0\0\x7b\x16\x60\0\0\0\0\0\x79\x01\x58\0\0\0\0\0\x7b\x16\x58\0\0\0\0\0\x79\
\x01\x50\0\0\0\0\0\x7b\x16\x50\0\0\0\0\0\x79\x01\x48\0\0\0\0\0\x7b\x16\x48\0\0\
\0\0\0\x79\x01\x40\0\0\0\0\0\x7b\x16\x40\0\0\0\0\0\x79\x01\x38\0\0\0\0\0\x7b\
\x16\x38\0\0\0\0\0\x79\x01\x30\0\0\0\0\0\x7b\x16\x30\0\0\0\0\0\x79\x01\x28\0\0\
\0\0\0\x7b\x16\x28\0\0\0\0\0\x79\x01\x20\0\0\0\0\0\x7b\x16\x20\0\0\0\0\0\x79\
\x01\x18\0\0\0\0\0\x7b\x16\x18\0\0\0\0\0\x79\x01\x10\0\0\0\0\0\x7b\x16\x10\0\0\
\0\0\0\xbf\xa2\0\0\0\0\0\0\x07\x02\0\0\xb0\xff\xff\xff\x18\x01\0\0\0\0\0\0\0\0\
\0\0\0\0\0\0\xbf\x63\0\0\0\0\0\0\xb7\x04\0\0\x01\0\0\0\x85\0\0\0\x02\0\0\0\x65\
\0\x04\0\xff\xff\xff\xff\x18\x01\0\0\xcf\0\0\0\0\0\0\0\0\0\0\0\xb7\x02\0\0\x3c\
\0\0\0\x85\0\0\0\x06\0\0\0\xb7\0\0\0\0\0\0\0\x95\0\0\0\0\0\0\0\xb7\x02\0\0\x10\
\0\0\0\x79\x19\x10\0\0\0\0\0\xbf\x97\0\0\0\0\0\0\x0f\x27\0\0\0\0\0\0\xbf\xa1\0\
\0\0\0\0\0\x07\x01\0\0\xb0\xff\xff\xff\xb7\x02\0\0\x08\0\0\0\xbf\x73\0\0\0\0\0\
\0\x85\0\0\0\x71\0\0\0\x79\xa1\xb0\xff\0\0\0\0\x55\x01\x0f\0\0\0\0\0\xb7\x01\0\
\0\x58\0\0\0\xbf\x93\0\0\0\0\0\0\x0f\x13\0\0\0\0\0\0\xbf\xa1\0\0\0\0\0\0\x07\
\x01\0\0\xb0\xff\xff\xff\xb7\x02\0\0\x08\0\0\0\x85\0\0\0\x71\0\0\0\xb7\x01\0\0\
\0\0\0\0\x79\xa3\xb0\xff\0\0\0\0\x57\x03\0\0\xfe\xff\xff\xff\x0f\x13\0\0\0\0\0\
\0\xbf\xa1\0\0\0\0\0\0\x07\x01\0\0\xb0\xff\xff\xff\xb7\x02\0\0\x08\0\0\0\x85\0\
\0\0\x71\0\0\0\xbf\xa1\0\0\0\0\0\0\x07\x01\0\0\xb0\xff\xff\xff\xb7\x02\0\0\x08\
\0\0\0\xbf\x73\0\0\0\0\0\0\x85\0\0\0\x71\0\0\0\x79\xa3\xb0\xff\0\0\0\0\x55\x03\
\x16\0\0\0\0\0\xb7\x01\0\0\x58\0\0\0\xbf\x93\0\0\0\0\0\0\x0f\x13\0\0\0\0\0\0\
\xbf\xa1\0\0\0\0\0\0\x07\x01\0\0\xb0\xff\xff\xff\xb7\x02\0\0\x08\0\0\0\x85\0\0\
\0\x71\0\0\0\xb7\x01\0\0\0\0\0\0\x79\xa3\xb0\xff\0\0\0\0\x57\x03\0\0\xfe\xff\
\xff\xff\x0f\x13\0\0\0\0\0\0\xbf\xa1\0\0\0\0\0\0\x07\x01\0\0\xb0\xff\xff\xff\
\xb7\x02\0\0\x08\0\0\0\x85\0\0\0\x71\0\0\0\x79\xa3\xb0\xff\0\0\0\0\x55\x03\x05\
\0\0\0\0\0\x18\x01\0\0\0\0\0\0\0\0\0\0\0\0\0\0\xb7\x02\0\0\x50\0\0\0\x85\0\0\0\
\x06\0\0\0\x05\0\x1b\0\0\0\0\0\xb7\x01\0\0\xd0\0\0\0\x0f\x13\0\0\0\0\0\0\xbf\
\xa1\0\0\0\0\0\0\x07\x01\0\0\xf0\xff\xff\xff\xb7\x02\0\0\x04\0\0\0\x85\0\0\0\
\x71\0\0\0\x61\xa3\xf0\xff\0\0\0\0\x67\x03\0\0\x20\0\0\0\xc7\x03\0\0\x20\0\0\0\
\x7b\x3a\xb0\xff\0\0\0\0\x65\x03\x07\0\xff\xff\xff\xff\x18\x01\0\0\x50\0\0\0\0\
\0\0\0\0\0\0\0\xb7\x02\0\0\x42\0\0\0\x85\0\0\0\x06\0\0\0\x18\0\0\0\xff\xff\xff\
\xff\0\0\0\0\0\0\0\0\x05\0\x1f\x02\0\0\0\0\xbf\xa2\0\0\0\0\0\0\x07\x02\0\0\xb0\
\xff\xff\xff\x18\x01\0\0\0\0\0\0\0\0\0\0\0\0\0\0\x85\0\0\0\x01\0\0\0\xbf\x01\0\
\0\0\0\0\0\x18\0\0\0\xff\xff\xff\xff\0\0\0\0\0\0\0\0\x15\x01\x16\x02\0\0\0\0\
\xb7\x01\0\0\x18\0\0\0\xbf\x97\0\0\0\0\0\0\x0f\x17\0\0\0\0\0\0\xbf\xa1\0\0\0\0\
\0\0\x07\x01\0\0\xb0\xff\xff\xff\xb7\x02\0\0\x08\0\0\0\xbf\x73\0\0\0\0\0\0\x85\
\0\0\0\x71\0\0\0\x79\xa8\xb0\xff\0\0\0\0\xbf\xa1\0\0\0\0\0\0\x07\x01\0\0\xf0\
\xff\xff\xff\xb7\x02\0\0\x08\0\0\0\xbf\x73\0\0\0\0\0\0\x85\0\0\0\x71\0\0\0\xb7\
\x06\0\0\x98\x02\0\0\x79\xa3\xf0\xff\0\0\0\0\x0f\x63\0\0\0\0\0\0\xbf\xa1\0\0\0\
\0\0\0\x07\x01\0\0\xb0\xff\xff\xff\xb7\x02\0\0\x08\0\0\0\x85\0\0\0\x71\0\0\0\
\x18\0\0\0\xff\xff\xff\xff\0\0\0\0\0\0\0\0\x79\xa1\xb0\xff\0\0\0\0\x15\x01\xfd\
\x01\0\0\0\0\x7b\x1a\xb0\xff\0\0\0\0\xbf\xa2\0\0\0\0\0\0\x07\x02\0\0\xb0\xff\
\xff\xff\x18\x01\0\0\0\0\0\0\0\0\0\0\0\0\0\0\xbf\x23\0\0\0\0\0\0\xb7\x04\0\0\
\x01\0\0\0\x85\0\0\0\x02\0\0\0\xb7\x01\0\0\0\0\0\0\x7b\x1a\xe0\xff\0\0\0\0\x7b\
\x1a\xd8\xff\0\0\0\0\x7b\x1a\xd0\xff\0\0\0\0\x7b\x1a\xc8\xff\0\0\0\0\x7b\x1a\
\xc0\xff\0\0\0\0\x7b\x1a\xb8\xff\0\0\0\0\x7b\x1a\xb0\xff\0\0\0\0\x0f\x68\0\0\0\
\0\0\0\xbf\xa1\0\0\0\0\0\0\x07\x01\0\0\xf0\xff\xff\xff\xb7\x02\0\0\x08\0\0\0\
\xbf\x83\0\0\0\0\0\0\x85\0\0\0\x71\0\0\0\x79\xa1\xf0\xff\0\0\0\0\x7b\x1a\xe8\
\xff\0\0\0\0\xb7\x01\0\0\xc0\0\0\0\xbf\x93\0\0\0\0\0\0\x0f\x13\0\0\0\0\0\0\x7b\
\x3a\xa8\xff\0\0\0\0\xbf\xa1\0\0\0\0\0\0\x07\x01\0\0\xf0\xff\xff\xff\xb7\x02\0\
\0\x08\0\0\0\x85\0\0\0\x71\0\0\0\xb7\x01\0\0\xb4\0\0\0\x7b\x9a\x98\xff\0\0\0\0\
\x0f\x19\0\0\0\0\0\0\x79\xa8\xf0\xff\0\0\0\0\xbf\xa1\0\0\0\0\0\0\x07\x01\0\0\
\xf0\xff\xff\xff\xb7\x02\0\0\x02\0\0\0\xbf\x93\0\0\0\0\0\0\x85\0\0\0\x71\0\0\0\
\x69\xa6\xf0\xff\0\0\0\0\xbf\xa1\0\0\0\0\0\0\x07\x01\0\0\xf0\xff\xff\xff\xb7\
\x02\0\0\x08\0\0\0\xbf\x73\0\0\0\0\0\0\x85\0\0\0\x71\0\0\0\x0f\x68\0\0\0\0\0\0\
\xb7\x01\0\0\x08\0\0\0\xbf\x83\0\0\0\0\0\0\x0f\x13\0\0\0\0\0\0\x79\xa1\xf0\xff\
\0\0\0\0\x7b\x1a\x78\xff\0\0\0\0\xbf\xa1\0\0\0\0\0\0\x07\x01\0\0\xb8\xff\xff\
\xff\xb7\x02\0\0\x10\0\0\0\x85\0\0\0\x71\0\0\0\xb7\x01\0\0\x0a\0\0\0\x63\x1a\
\xb0\xff\0\0\0\0\xb7\x01\0\0\x18\0\0\0\xbf\x83\0\0\0\0\0\0\x0f\x13\0\0\0\0\0\0\
\xbf\xa1\0\0\0\0\0\0\x07\x01\0\0\xd0\xff\xff\xff\xb7\x02\0\0\x10\0\0\0\x85\0\0\
\0\x71\0\0\0\xb7\x01\0\0\x04\0\0\0\x0f\x18\0\0\0\0\0\0\xbf\xa1\0\0\0\0\0\0\x07\
\x01\0\0\xf0\xff\xff\xff\xb7\x02\0\0\x02\0\0\0\xbf\x83\0\0\0\0\0\0\x85\0\0\0\
\x71\0\0\0\x69\xa1\xf0\xff\0\0\0\0\x7b\x1a\x80\xff\0\0\0\0\xbf\xa1\0\0\0\0\0\0\
\x07\x01\0\0\xf0\xff\xff\xff\xb7\x02\0\0\x08\0\0\0\x79\xa7\xa8\xff\0\0\0\0\xbf\
\x73\0\0\0\0\0\0\x85\0\0\0\x71\0\0\0\x79\xa8\xf0\xff\0\0\0\0\xbf\xa1\0\0\0\0\0\
\0\x07\x01\0\0\xf0\xff\xff\xff\xb7\x02\0\0\x02\0\0\0\xbf\x93\0\0\0\0\0\0\x85\0\
\0\0\x71\0\0\0\xb7\x01\0\0\xc8\0\0\0\x79\xa6\x98\xff\0\0\0\0\xbf\x63\0\0\0\0\0\
\0\x0f\x13\0\0\0\0\0\0\x69\xa1\xf0\xff\0\0\0\0\x7b\x1a\xa0\xff\0\0\0\0\xbf\xa1\
\0\0\0\0\0\0\x07\x01\0\0\xf0\xff\xff\xff\xb7\x02\0\0\x08\0\0\0\x85\0\0\0\x71\0\
\0\0\x79\xa1\xf0\xff\0\0\0\0\x7b\x1a\x90\xff\0\0\0\0\xbf\xa1\0\0\0\0\0\0\x07\
\x01\0\0\xf0\xff\xff\xff\xb7\x02\0\0\x08\0\0\0\xbf\x73\0\0\0\0\0\0\x85\0\0\0\
\x71\0\0\0\x79\xa7\xf0\xff\0\0\0\0\xbf\xa1\0\0\0\0\0\0\x07\x01\0\0\xf0\xff\xff\
\xff\xb7\x02\0\0\x02\0\0\0\xbf\x93\0\0\0\0\0\0\x85\0\0\0\x71\0\0\0\x69\xa1\xf0\
\xff\0\0\0\0\x0f\x17\0\0\0\0\0\0\xb7\x01\0\0\x06\0\0\0\x0f\x17\0\0\0\0\0\0\xbf\
\xa1\0\0\0\0\0\0\x07\x01\0\0\xf0\xff\xff\xff\xb7\x02\0\0\x01\0\0\0\xbf\x73\0\0\
\0\0\0\0\x85\0\0\0\x71\0\0\0\x79\xa1\xa0\xff\0\0\0\0\x0f\x18\0\0\0\0\0\0\x79\
\xa1\x90\xff\0\0\0\0\x1f\x18\0\0\0\0\0\0\xb7\x04\0\0\xff\0\0\0\x07\x08\0\0\x28\
\0\0\0\x71\xa9\xf0\xff\0\0\0\0\xb7\x01\0\0\x70\0\0\0\xbf\x62\0\0\0\0\0\0\x0f\
\x12\0\0\0\0\0\0\x7b\x2a\x90\xff\0\0\0\0\xb7\x01\0\0\x74\0\0\0\x0f\x16\0\0\0\0\
\0\0\x7b\x6a\x88\xff\0\0\0\0\x05\0\x1a\0\0\0\0\0\xbf\x73\0\0\0\0\0\0\xb7\x01\0\
\0\x01\0\0\0\x0f\x13\0\0\0\0\0\0\xbf\xa1\0\0\0\0\0\0\x07\x01\0\0\xf0\xff\xff\
\xff\xb7\x02\0\0\x01\0\0\0\x85\0\0\0\x71\0\0\0\x71\xa8\xf0\xff\0\0\0\0\x67\x08\
\0\0\x03\0\0\0\x07\x08\0\0\x08\0\0\0\xb7\x01\0\0\0\0\0\0\x0f\x17\0\0\0\0\0\0\
\xbf\xa1\0\0\0\0\0\0\x07\x01\0\0\xf0\xff\xff\xff\xb7\x02\0\0\x01\0\0\0\xbf\x73\
\0\0\0\0\0\0\x85\0\0\0\x71\0\0\0\x79\xa1\xa8\xff\0\0\0\0\x0f\x18\0\0\0\0\0\0\
\x71\xa9\xf0\xff\0\0\0\0\x79\xa4\xa0\xff\0\0\0\0\x07\x04\0\0\xff\xff\xff\xff\
\xbf\x41\0\0\0\0\0\0\x67\x01\0\0\x20\0\0\0\x77\x01\0\0\x20\0\0\0\x15\x01\x44\0\
\0\0\0\0\xbf\x91\0\0\0\0\0\0\x15\x01\x0a\0\0\0\0\0\xbf\x92\0\0\0\0\0\0\x25\x01\
\x3f\0\x3c\0\0\0\xb7\x03\0\0\x01\0\0\0\x6f\x13\0\0\0\0\0\0\x18\x01\0\0\0\0\0\0\
\0\0\0\0\0\x18\x08\x10\x5f\x13\0\0\0\0\0\0\xbf\x92\0\0\0\0\0\0\x55\x03\x03\0\0\
\0\0\0\x05\0\x37\0\0\0\0\0\xb7\x02\0\0\x3b\0\0\0\x15\x01\x35\0\x3b\0\0\0\x7b\
\x4a\xa0\xff\0\0\0\0\x79\xa6\x98\xff\0\0\0\0\xbf\x63\0\0\0\0\0\0\xb7\x01\0\0\
\xc8\0\0\0\x0f\x13\0\0\0\0\0\0\xbf\xa1\0\0\0\0\0\0\x07\x01\0\0\xf0\xff\xff\xff\
\xb7\x02\0\0\x08\0\0\0\x7b\x8a\xa8\xff\0\0\0\0\x85\0\0\0\x71\0\0\0\x79\xa7\xf0\
\xff\0\0\0\0\xbf\xa1\0\0\0\0\0\0\x07\x01\0\0\xf0\xff\xff\xff\xb7\x02\0\0\x04\0\
\0\0\x79\xa3\x90\xff\0\0\0\0\x85\0\0\0\x71\0\0\0\x61\xa8\xf0\xff\0\0\0\0\xbf\
\xa1\0\0\0\0\0\0\x07\x01\0\0\xf0\xff\xff\xff\xb7\x02\0\0\x04\0\0\0\x79\xa3\x88\
\xff\0\0\0\0\x85\0\0\0\x71\0\0\0\x79\xa3\xa8\xff\0\0\0\0\x61\xa1\xf0\xff\0\0\0\
\0\xbf\x32\0\0\0\0\0\0\x0f\x12\0\0\0\0\0\0\x1f\x28\0\0\0\0\0\0\x67\x08\0\0\x20\
\0\0\0\xc7\x08\0\0\x20\0\0\0\x65\x08\x04\0\x01\0\0\0\xbf\xa7\0\0\0\0\0\0\x07\
\x07\0\0\xfc\xff\xff\xff\x15\x06\x6f\0\0\0\0\0\x05\0\x05\0\0\0\0\0\xbf\x31\0\0\
\0\0\0\0\x67\x01\0\0\x20\0\0\0\xc7\x01\0\0\x20\0\0\0\x0f\x17\0\0\0\0\0\0\x15\
\x07\x69\0\0\0\0\0\xb7\x08\0\0\x08\0\0\0\xbf\x91\0\0\0\0\0\0\x15\x01\xb8\xff\
\x2c\0\0\0\x55\x01\xad\xff\x33\0\0\0\xbf\x73\0\0\0\0\0\0\xb7\x01\0\0\x01\0\0\0\
\x0f\x13\0\0\0\0\0\0\xbf\xa1\0\0\0\0\0\0\x07\x01\0\0\xf0\xff\xff\xff\xb7\x02\0\
\0\x01\0\0\0\x85\0\0\0\x71\0\0\0\x71\xa8\xf0\xff\0\0\0\0\x67\x08\0\0\x02\0\0\0\
\x05\0\xac\xff\0\0\0\0\xbf\x29\0\0\0\0\0\0\x57\x09\0\0\xff\0\0\0\x15\x09\x04\0\
\x06\0\0\0\x15\x09\x23\0\x11\0\0\0\x55\x09\x4b\0\x3a\0\0\0\xb7\x01\0\0\x01\0\0\
\0\x05\0\x55\0\0\0\0\0\xb7\x01\0\0\x06\0\0\0\x63\x1a\xb4\xff\0\0\0\0\xb7\x01\0\
\0\xc0\0\0\0\x79\xa6\x98\xff\0\0\0\0\xbf\x63\0\0\0\0\0\0\x0f\x13\0\0\0\0\0\0\
\xbf\xa1\0\0\0\0\0\0\x07\x01\0\0\xf0\xff\xff\xff\xb7\x02\0\0\x08\0\0\0\x85\0\0\
\0\x71\0\0\0\xb7\x01\0\0\xb2\0\0\0\x0f\x16\0\0\0\0\0\0\x79\xa7\xf0\xff\0\0\0\0\
\xbf\xa1\0\0\0\0\0\0\x07\x01\0\0\xf0\xff\xff\xff\xb7\x02\0\0\x02\0\0\0\xbf\x63\
\0\0\0\0\0\0\x85\0\0\0\x71\0\0\0\x69\xa1\xf0\xff\0\0\0\0\x0f\x17\0\0\0\0\0\0\
\xb7\x01\0\0\0\0\0\0\xbf\x73\0\0\0\0\0\0\x0f\x13\0\0\0\0\0\0\xbf\xa1\0\0\0\0\0\
\0\x07\x01\0\0\xf0\xff\xff\xff\xb7\x02\0\0\x02\0\0\0\x85\0\0\0\x71\0\0\0\x69\
\xa1\xf0\xff\0\0\0\0\xdc\x01\0\0\x10\0\0\0\x6b\x1a\xc8\xff\0\0\0\0\xb7\x01\0\0\
\x02\0\0\0\x05\0\x1f\0\0\0\0\0\xb7\x01\0\0\x11\0\0\0\x63\x1a\xb4\xff\0\0\0\0\
\xb7\x01\0\0\xc0\0\0\0\x79\xa6\x98\xff\0\0\0\0\xbf\x63\0\0\0\0\0\0\x0f\x13\0\0\
\0\0\0\0\xbf\xa1\0\0\0\0\0\0\x07\x01\0\0\xf0\xff\xff\xff\xb7\x02\0\0\x08\0\0\0\
\x85\0\0\0\x71\0\0\0\xb7\x01\0\0\xb2\0\0\0\x0f\x16\0\0\0\0\0\0\x79\xa7\xf0\xff\
\0\0\0\0\xbf\xa1\0\0\0\0\0\0\x07\x01\0\0\xf0\xff\xff\xff\xb7\x02\0\0\x02\0\0\0\
\xbf\x63\0\0\0\0\0\0\x85\0\0\0\x71\0\0\0\x69\xa1\xf0\xff\0\0\0\0\x0f\x17\0\0\0\
\0\0\0\xb7\x01\0\0\0\0\0\0\xbf\x73\0\0\0\0\0\0\x0f\x13\0\0\0\0\0\0\xbf\xa1\0\0\
\0\0\0\0\x07\x01\0\0\xf0\xff\xff\xff\xb7\x02\0\0\x02\0\0\0\x85\0\0\0\x71\0\0\0\
\x69\xa1\xf0\xff\0\0\0\0\xdc\x01\0\0\x10\0\0\0\x6b\x1a\xc8\xff\0\0\0\0\xb7\x01\
\0\0\x02\0\0\0\x0f\x17\0\0\0\0\0\0\xbf\xa1\0\0\0\0\0\0\x07\x01\0\0\xf0\xff\xff\
\xff\xb7\x02\0\0\x02\0\0\0\xbf\x73\0\0\0\0\0\0\x85\0\0\0\x71\0\0\0\x69\xa1\xf0\
\xff\0\0\0\0\xdc\x01\0\0\x10\0\0\0\x6b\x1a\xe0\xff\0\0\0\0\x05\0\x0d\0\0\0\0\0\
\xb7\x01\0\0\x22\x02\0\0\x79\xa3\x78\xff\0\0\0\0\x0f\x13\0\0\0\0\0\0\xbf\xa1\0\
\0\0\0\0\0\x07\x01\0\0\xf0\xff\xff\xff\xb7\x02\0\0\x02\0\0\0\x85\0\0\0\x71\0\0\
\0\x69\xa1\xf0\xff\0\0\0\0\x55\x01\x02\0\x03\0\0\0\xb7\x01\0\0\xfb\0\0\0\x05\0\
\x01\0\0\0\0\0\xb7\x01\0\0\xfc\0\0\0\x63\x1a\xb4\xff\0\0\0\0\x79\xa8\x80\xff\0\
\0\0\0\xbf\xa2\0\0\0\0\0\0\x07\x02\0\0\xb0\xff\xff\xff\x18\x01\0\0\0\0\0\0\0\0\
\0\0\0\0\0\0\x85\0\0\0\x01\0\0\0\xdc\x08\0\0\x10\0\0\0\x15\0\x04\0\0\0\0\0\x61\
\x01\x04\0\0\0\0\0\x0f\x81\0\0\0\0\0\0\x63\x10\x04\0\0\0\0\0\x05\0\xb0\0\0\0\0\
\0\xb7\x07\0\0\0\0\0\0\x63\x7a\xfc\xff\0\0\0\0\xbf\xa2\0\0\0\0\0\0\x07\x02\0\0\
\xfc\xff\xff\xff\x18\x01\0\0\0\0\0\0\0\0\0\0\0\0\0\0\x85\0\0\0\x01\0\0\0\xbf\
\x06\0\0\0\0\0\0\x55\x06\x04\0\0\0\0\0\x18\x01\0\0\x92\0\0\0\0\0\0\0\0\0\0\0\
\xb7\x02\0\0\x3d\0\0\0\x05\0\xa2\0\0\0\0\0\xb7\x01\0\0\x02\0\0\0\x63\x16\0\0\0\
\0\0\0\x63\x76\x08\0\0\0\0\0\x73\x76\x38\x02\0\0\0\0\x63\x86\x04\0\0\0\0\0\x79\
\xa1\xe8\xff\0\0\0\0\x7b\x1a\xf0\xff\0\0\0\0\xbf\xa2\0\0\0\0\0\0\x07\x02\0\0\
\xf0\xff\xff\xff\x18\x01\0\0\0\0\0\0\0\0\0\0\0\0\0\0\x85\0\0\0\x01\0\0\0\x15\0\
\x96\0\0\0\0\0\x79\x01\x30\x02\0\0\0\0\x7b\x16\x30\x02\0\0\0\0\x79\x01\x28\x02\
\0\0\0\0\x7b\x16\x28\x02\0\0\0\0\x79\x01\x20\x02\0\0\0\0\x7b\x16\x20\x02\0\0\0\
\0\x79\x01\x18\x02\0\0\0\0\x7b\x16\x18\x02\0\0\0\0\x79\x01\x10\x02\0\0\0\0\x7b\
\x16\x10\x02\0\0\0\0\x79\x01\x08\x02\0\0\0\0\x7b\x16\x08\x02\0\0\0\0\x79\x01\0\
\x02\0\0\0\0\x7b\x16\0\x02\0\0\0\0\x79\x01\xf8\x01\0\0\0\0\x7b\x16\xf8\x01\0\0\
\0\0\x79\x01\xf0\x01\0\0\0\0\x7b\x16\xf0\x01\0\0\0\0\x79\x01\xe8\x01\0\0\0\0\
\x7b\x16\xe8\x01\0\0\0\0\x79\x01\xe0\x01\0\0\0\0\x7b\x16\xe0\x01\0\0\0\0\x79\
\x01\xd8\x01\0\0\0\0\x7b\x16\xd8\x01\0\0\0\0\x79\x01\xd0\x01\0\0\0\0\x7b\x16\
\xd0\x01\0\0\0\0\x79\x01\xc8\x01\0\0\0\0\x7b\x16\xc8\x01\0\0\0\0\x79\x01\xc0\
\x01\0\0\0\0\x7b\x16\xc0\x01\0\0\0\0\x79\x01\xb8\x01\0\0\0\0\x7b\x16\xb8\x01\0\
\0\0\0\x79\x01\xb0\x01\0\0\0\0\x7b\x16\xb0\x01\0\0\0\0\x79\x01\xa8\x01\0\0\0\0\
\x7b\x16\xa8\x01\0\0\0\0\x79\x01\xa0\x01\0\0\0\0\x7b\x16\xa0\x01\0\0\0\0\x79\
\x01\x98\x01\0\0\0\0\x7b\x16\x98\x01\0\0\0\0\x79\x01\x90\x01\0\0\0\0\x7b\x16\
\x90\x01\0\0\0\0\x79\x01\x88\x01\0\0\0\0\x7b\x16\x88\x01\0\0\0\0\x79\x01\x80\
\x01\0\0\0\0\x7b\x16\x80\x01\0\0\0\0\x79\x01\x78\x01\0\0\0\0\x7b\x16\x78\x01\0\
\0\0\0\x79\x01\x70\x01\0\0\0\0\x7b\x16\x70\x01\0\0\0\0\x79\x01\x68\x01\0\0\0\0\
\x7b\x16\x68\x01\0\0\0\0\x79\x01\x60\x01\0\0\0\0\x7b\x16\x60\x01\0\0\0\0\x79\
\x01\x58\x01\0\0\0\0\x7b\x16\x58\x01\0\0\0\0\x79\x01\x50\x01\0\0\0\0\x7b\x16\
\x50\x01\0\0\0\0\x79\x01\x48\x01\0\0\0\0\x7b\x16\x48\x01\0\0\0\0\x79\x01\x40\
\x01\0\0\0\0\x7b\x16\x40\x01\0\0\0\0\x79\x01\x38\x01\0\0\0\0\x7b\x16\x38\x01\0\
\0\0\0\x79\x01\x30\x01\0\0\0\0\x7b\x16\x30\x01\0\0\0\0\x79\x01\x28\x01\0\0\0\0\
\x7b\x16\x28\x01\0\0\0\0\x79\x01\x20\x01\0\0\0\0\x7b\x16\x20\x01\0\0\0\0\x79\
\x01\x18\x01\0\0\0\0\x7b\x16\x18\x01\0\0\0\0\x79\x01\x10\x01\0\0\0\0\x7b\x16\
\x10\x01\0\0\0\0\x79\x01\x08\x01\0\0\0\0\x7b\x16\x08\x01\0\0\0\0\x79\x01\0\x01\
\0\0\0\0\x7b\x16\0\x01\0\0\0\0\x79\x01\xf8\0\0\0\0\0\x7b\x16\xf8\0\0\0\0\0\x79\
\x01\xf0\0\0\0\0\0\x7b\x16\xf0\0\0\0\0\0\x79\x01\xe8\0\0\0\0\0\x7b\x16\xe8\0\0\
\0\0\0\x79\x01\xe0\0\0\0\0\0\x7b\x16\xe0\0\0\0\0\0\x79\x01\xd8\0\0\0\0\0\x7b\
\x16\xd8\0\0\0\0\0\x79\x01\xd0\0\0\0\0\0\x7b\x16\xd0\0\0\0\0\0\x79\x01\xc8\0\0\
\0\0\0\x7b\x16\xc8\0\0\0\0\0\x79\x01\xc0\0\0\0\0\0\x7b\x16\xc0\0\0\0\0\0\x79\
\x01\xb8\0\0\0\0\0\x7b\x16\xb8\0\0\0\0\0\x79\x01\xb0\0\0\0\0\0\x7b\x16\xb0\0\0\
\0\0\0\x79\x01\xa8\0\0\0\0\0\x7b\x16\xa8\0\0\0\0\0\x79\x01\xa0\0\0\0\0\0\x7b\
\x16\xa0\0\0\0\0\0\x79\x01\x98\0\0\0\0\0\x7b\x16\x98\0\0\0\0\0\x79\x01\x90\0\0\
\0\0\0\x7b\x16\x90\0\0\0\0\0\x79\x01\x88\0\0\0\0\0\x7b\x16\x88\0\0\0\0\0\x79\
\x01\x80\0\0\0\0\0\x7b\x16\x80\0\0\0\0\0\x79\x01\x78\0\0\0\0\0\x7b\x16\x78\0\0\
\0\0\0\x79\x01\x70\0\0\0\0\0\x7b\x16\x70\0\0\0\0\0\x79\x01\x68\0\0\0\0\0\x7b\
\x16\x68\0\0\0\0\0\x79\x01\x60\0\0\0\0\0\x7b\x16\x60\0\0\0\0\0\x79\x01\x58\0\0\
\0\0\0\x7b\x16\x58\0\0\0\0\0\x79\x01\x50\0\0\0\0\0\x7b\x16\x50\0\0\0\0\0\x79\
\x01\x48\0\0\0\0\0\x7b\x16\x48\0\0\0\0\0\x79\x01\x40\0\0\0\0\0\x7b\x16\x40\0\0\
\0\0\0\x79\x01\x38\0\0\0\0\0\x7b\x16\x38\0\0\0\0\0\x79\x01\x30\0\0\0\0\0\x7b\
\x16\x30\0\0\0\0\0\x79\x01\x28\0\0\0\0\0\x7b\x16\x28\0\0\0\0\0\x79\x01\x20\0\0\
\0\0\0\x7b\x16\x20\0\0\0\0\0\x79\x01\x18\0\0\0\0\0\x7b\x16\x18\0\0\0\0\0\x79\
\x01\x10\0\0\0\0\0\x7b\x16\x10\0\0\0\0\0\xbf\xa2\0\0\0\0\0\0\x07\x02\0\0\xb0\
\xff\xff\xff\x18\x01\0\0\0\0\0\0\0\0\0\0\0\0\0\0\xbf\x63\0\0\0\0\0\0\xb7\x04\0\
\0\x01\0\0\0\x85\0\0\0\x02\0\0\0\x65\0\x04\0\xff\xff\xff\xff\x18\x01\0\0\xcf\0\
\0\0\0\0\0\0\0\0\0\0\xb7\x02\0\0\x3c\0\0\0\x85\0\0\0\x06\0\0\0\xb7\0\0\0\0\0\0\
\0\x95\0\0\0\0\0\0\0\xb7\x02\0\0\x10\0\0\0\x79\x19\x10\0\0\0\0\0\xbf\x97\0\0\0\
\0\0\0\x0f\x27\0\0\0\0\0\0\xbf\xa1\0\0\0\0\0\0\x07\x01\0\0\xb0\xff\xff\xff\xb7\
\x02\0\0\x08\0\0\0\xbf\x73\0\0\0\0\0\0\x85\0\0\0\x71\0\0\0\x79\xa1\xb0\xff\0\0\
\0\0\x55\x01\x0f\0\0\0\0\0\xb7\x01\0\0\x58\0\0\0\xbf\x93\0\0\0\0\0\0\x0f\x13\0\
\0\0\0\0\0\xbf\xa1\0\0\0\0\0\0\x07\x01\0\0\xb0\xff\xff\xff\xb7\x02\0\0\x08\0\0\
\0\x85\0\0\0\x71\0\0\0\xb7\x01\0\0\0\0\0\0\x79\xa3\xb0\xff\0\0\0\0\x57\x03\0\0\
\xfe\xff\xff\xff\x0f\x13\0\0\0\0\0\0\xbf\xa1\0\0\0\0\0\0\x07\x01\0\0\xb0\xff\
\xff\xff\xb7\x02\0\0\x08\0\0\0\x85\0\0\0\x71\0\0\0\xbf\xa1\0\0\0\0\0\0\x07\x01\
\0\0\xb0\xff\xff\xff\xb7\x02\0\0\x08\0\0\0\xbf\x73\0\0\0\0\0\0\x85\0\0\0\x71\0\
\0\0\x79\xa3\xb0\xff\0\0\0\0\x55\x03\x16\0\0\0\0\0\xb7\x01\0\0\x58\0\0\0\xbf\
\x93\0\0\0\0\0\0\x0f\x13\0\0\0\0\0\0\xbf\xa1\0\0\0\0\0\0\x07\x01\0\0\xb0\xff\
\xff\xff\xb7\x02\0\0\x08\0\0\0\x85\0\0\0\x71\0\0\0\xb7\x01\0\0\0\0\0\0\x79\xa3\
\xb0\xff\0\0\0\0\x57\x03\0\0\xfe\xff\xff\xff\x0f\x13\0\0\0\0\0\0\xbf\xa1\0\0\0\
\0\0\0\x07\x01\0\0\xb0\xff\xff\xff\xb7\x02\0\0\x08\0\0\0\x85\0\0\0\x71\0\0\0\
\x79\xa3\xb0\xff\0\0\0\0\x55\x03\x05\0\0\0\0\0\x18\x01\0\0\0\0\0\0\0\0\0\0\0\0\
\0\0\xb7\x02\0\0\x50\0\0\0\x85\0\0\0\x06\0\0\0\x05\0\x1b\0\0\0\0\0\xb7\x01\0\0\
\xd0\0\0\0\x0f\x13\0\0\0\0\0\0\xbf\xa1\0\0\0\0\0\0\x07\x01\0\0\xf0\xff\xff\xff\
\xb7\x02\0\0\x04\0\0\0\x85\0\0\0\x71\0\0\0\x61\xa3\xf0\xff\0\0\0\0\x67\x03\0\0\
\x20\0\0\0\xc7\x03\0\0\x20\0\0\0\x7b\x3a\xb0\xff\0\0\0\0\x65\x03\x07\0\xff\xff\
\xff\xff\x18\x01\0\0\x50\0\0\0\0\0\0\0\0\0\0\0\xb7\x02\0\0\x42\0\0\0\x85\0\0\0\
\x06\0\0\0\x18\0\0\0\xff\xff\xff\xff\0\0\0\0\0\0\0\0\x05\0\x1e\x02\0\0\0\0\xbf\
\xa2\0\0\0\0\0\0\x07\x02\0\0\xb0\xff\xff\xff\x18\x01\0\0\0\0\0\0\0\0\0\0\0\0\0\
\0\x85\0\0\0\x01\0\0\0\xbf\x01\0\0\0\0\0\0\x18\0\0\0\xff\xff\xff\xff\0\0\0\0\0\
\0\0\0\x15\x01\x15\x02\0\0\0\0\xb7\x01\0\0\x18\0\0\0\xbf\x97\0\0\0\0\0\0\x0f\
\x17\0\0\0\0\0\0\xbf\xa1\0\0\0\0\0\0\x07\x01\0\0\xb0\xff\xff\xff\xb7\x02\0\0\
\x08\0\0\0\xbf\x73\0\0\0\0\0\0\x85\0\0\0\x71\0\0\0\x79\xa8\xb0\xff\0\0\0\0\xbf\
\xa1\0\0\0\0\0\0\x07\x01\0\0\xf0\xff\xff\xff\xb7\x02\0\0\x08\0\0\0\xbf\x73\0\0\
\0\0\0\0\x85\0\0\0\x71\0\0\0\xb7\x06\0\0\x98\x02\0\0\x79\xa3\xf0\xff\0\0\0\0\
\x0f\x63\0\0\0\0\0\0\xbf\xa1\0\0\0\0\0\0\x07\x01\0\0\xb0\xff\xff\xff\xb7\x02\0\
\0\x08\0\0\0\x85\0\0\0\x71\0\0\0\x18\0\0\0\xff\xff\xff\xff\0\0\0\0\0\0\0\0\x79\
\xa1\xb0\xff\0\0\0\0\x15\x01\xfc\x01\0\0\0\0\x7b\x1a\xb0\xff\0\0\0\0\xbf\xa2\0\
\0\0\0\0\0\x07\x02\0\0\xb0\xff\xff\xff\x18\x01\0\0\0\0\0\0\0\0\0\0\0\0\0\0\xbf\
\x23\0\0\0\0\0\0\xb7\x04\0\0\x01\0\0\0\x85\0\0\0\x02\0\0\0\xb7\x01\0\0\0\0\0\0\
\x7b\x1a\xe0\xff\0\0\0\0\x7b\x1a\xd8\xff\0\0\0\0\x7b\x1a\xd0\xff\0\0\0\0\x7b\
\x1a\xc8\xff\0\0\0\0\x7b\x1a\xc0\xff\0\0\0\0\x7b\x1a\xb8\xff\0\0\0\0\x7b\x1a\
\xb0\xff\0\0\0\0\x0f\x68\0\0\0\0\0\0\xbf\xa1\0\0\0\0\0\0\x07\x01\0\0\xf0\xff\
\xff\xff\xb7\x02\0\0\x08\0\0\0\xbf\x83\0\0\0\0\0\0\x85\0\0\0\x71\0\0\0\x79\xa1\
\xf0\xff\0\0\0\0\x7b\x1a\xe8\xff\0\0\0\0\xb7\x01\0\0\xc0\0\0\0\xbf\x93\0\0\0\0\
\0\0\x0f\x13\0\0\0\0\0\0\x7b\x3a\xa8\xff\0\0\0\0\xbf\xa1\0\0\0\0\0\0\x07\x01\0\
\0\xf0\xff\xff\xff\xb7\x02\0\0\x08\0\0\0\x85\0\0\0\x71\0\0\0\xb7\x01\0\0\xb4\0\
\0\0\x7b\x9a\x98\xff\0\0\0\0\x0f\x19\0\0\0\0\0\0\x79\xa8\xf0\xff\0\0\0\0\xbf\
\xa1\0\0\0\0\0\0\x07\x01\0\0\xf0\xff\xff\xff\xb7\x02\0\0\x02\0\0\0\xbf\x93\0\0\
\0\0\0\0\x85\0\0\0\x71\0\0\0\x69\xa6\xf0\xff\0\0\0\0\xbf\xa1\0\0\0\0\0\0\x07\
\x01\0\0\xf0\xff\xff\xff\xb7\x02\0\0\x08\0\0\0\xbf\x73\0\0\0\0\0\0\x85\0\0\0\
\x71\0\0\0\x0f\x68\0\0\0\0\0\0\xb7\x01\0\0\x08\0\0\0\xbf\x83\0\0\0\0\0\0\x0f\
\x13\0\0\0\0\0\0\x79\xa1\xf0\xff\0\0\0\0\x7b\x1a\x78\xff\0\0\0\0\xbf\xa1\0\0\0\
\0\0\0\x07\x01\0\0\xd0\xff\xff\xff\xb7\x02\0\0\x10\0\0\0\x85\0\0\0\x71\0\0\0\
\xb7\x01\0\0\x0a\0\0\0\x63\x1a\xb0\xff\0\0\0\0\xb7\x01\0\0\x18\0\0\0\xbf\x83\0\
\0\0\0\0\0\x0f\x13\0\0\0\0\0\0\xbf\xa1\0\0\0\0\0\0\x07\x01\0\0\xb8\xff\xff\xff\
\xb7\x02\0\0\x10\0\0\0\x85\0\0\0\x71\0\0\0\xb7\x01\0\0\x04\0\0\0\x0f\x18\0\0\0\
\0\0\0\xbf\xa1\0\0\0\0\0\0\x07\x01\0\0\xf0\xff\xff\xff\xb7\x02\0\0\x02\0\0\0\
\xbf\x83\0\0\0\0\0\0\x85\0\0\0\x71\0\0\0\x69\xa1\xf0\xff\0\0\0\0\x7b\x1a\x80\
\xff\0\0\0\0\xbf\xa1\0\0\0\0\0\0\x07\x01\0\0\xf0\xff\xff\xff\xb7\x02\0\0\x08\0\
\0\0\x79\xa7\xa8\xff\0\0\0\0\xbf\x73\0\0\0\0\0\0\x85\0\0\0\x71\0\0\0\x79\xa8\
\xf0\xff\0\0\0\0\xbf\xa1\0\0\0\0\0\0\x07\x01\0\0\xf0\xff\xff\xff\xb7\x02\0\0\
\x02\0\0\0\xbf\x93\0\0\0\0\0\0\x85\0\0\0\x71\0\0\0\xb7\x01\0\0\xc8\0\0\0\x79\
\xa6\x98\xff\0\0\0\0\xbf\x63\0\0\0\0\0\0\x0f\x13\0\0\0\0\0\0\x69\xa1\xf0\xff\0\
\0\0\0\x7b\x1a\xa0\xff\0\0\0\0\xbf\xa1\0\0\0\0\0\0\x07\x01\0\0\xf0\xff\xff\xff\
\xb7\x02\0\0\x08\0\0\0\x85\0\0\0\x71\0\0\0\x79\xa1\xf0\xff\0\0\0\0\x7b\x1a\x90\
\xff\0\0\0\0\xbf\xa1\0\0\0\0\0\0\x07\x01\0\0\xf0\xff\xff\xff\xb7\x02\0\0\x08\0\
\0\0\xbf\x73\0\0\0\0\0\0\x85\0\0\0\x71\0\0\0\x79\xa7\xf0\xff\0\0\0\0\xbf\xa1\0\
\0\0\0\0\0\x07\x01\0\0\xf0\xff\xff\xff\xb7\x02\0\0\x02\0\0\0\xbf\x93\0\0\0\0\0\
\0\x85\0\0\0\x71\0\0\0\x69\xa1\xf0\xff\0\0\0\0\x0f\x17\0\0\0\0\0\0\xb7\x01\0\0\
\x06\0\0\0\x0f\x17\0\0\0\0\0\0\xbf\xa1\0\0\0\0\0\0\x07\x01\0\0\xf0\xff\xff\xff\
\xb7\x02\0\0\x01\0\0\0\xbf\x73\0\0\0\0\0\0\x85\0\0\0\x71\0\0\0\x79\xa1\xa0\xff\
\0\0\0\0\x0f\x18\0\0\0\0\0\0\x79\xa1\x90\xff\0\0\0\0\x1f\x18\0\0\0\0\0\0\xb7\
\x04\0\0\xff\0\0\0\x07\x08\0\0\x28\0\0\0\x71\xa9\xf0\xff\0\0\0\0\xb7\x01\0\0\
\x70\0\0\0\xbf\x62\0\0\0\0\0\0\x0f\x12\0\0\0\0\0\0\x7b\x2a\x90\xff\0\0\0\0\xb7\
\x01\0\0\x74\0\0\0\x0f\x16\0\0\0\0\0\0\x7b\x6a\x88\xff\0\0\0\0\x05\0\x1a\0\0\0\
\0\0\xbf\x73\0\0\0\0\0\0\xb7\x01\0\0\x01\0\0\0\x0f\x13\0\0\0\0\0\0\xbf\xa1\0\0\
\0\0\0\0\x07\x01\0\0\xf0\xff\xff\xff\xb7\x02\0\0\x01\0\0\0\x85\0\0\0\x71\0\0\0\
\x71\xa8\xf0\xff\0\0\0\0\x67\x08\0\0\x03\0\0\0\x07\x08\0\0\x08\0\0\0\xb7\x01\0\
\0\0\0\0\0\x0f\x17\0\0\0\0\0\0\xbf\xa1\0\0\0\0\0\0\x07\x01\0\0\xf0\xff\xff\xff\
\xb7\x02\0\0\x01\0\0\0\xbf\x73\0\0\0\0\0\0\x85\0\0\0\x71\0\0\0\x79\xa1\xa8\xff\
\0\0\0\0\x0f\x18\0\0\0\0\0\0\x71\xa9\xf0\xff\0\0\0\0\x79\xa4\xa0\xff\0\0\0\0\
\x07\x04\0\0\xff\xff\xff\xff\xbf\x41\0\0\0\0\0\0\x67\x01\0\0\x20\0\0\0\x77\x01\
\0\0\x20\0\0\0\x15\x01\x44\0\0\0\0\0\xbf\x91\0\0\0\0\0\0\x15\x01\x0a\0\0\0\0\0\
\xbf\x92\0\0\0\0\0\0\x25\x01\x3f\0\x3c\0\0\0\xb7\x03\0\0\x01\0\0\0\x6f\x13\0\0\
\0\0\0\0\x18\x01\0\0\0\0\0\0\0\0\0\0\0\x18\x08\x10\x5f\x13\0\0\0\0\0\0\xbf\x92\
\0\0\0\0\0\0\x55\x03\x03\0\0\0\0\0\x05\0\x37\0\0\0\0\0\xb7\x02\0\0\x3b\0\0\0\
\x15\x01\x35\0\x3b\0\0\0\x7b\x4a\xa0\xff\0\0\0\0\x79\xa6\x98\xff\0\0\0\0\xbf\
\x63\0\0\0\0\0\0\xb7\x01\0\0\xc8\0\0\0\x0f\x13\0\0\0\0\0\0\xbf\xa1\0\0\0\0\0\0\
\x07\x01\0\0\xf0\xff\xff\xff\xb7\x02\0\0\x08\0\0\0\x7b\x8a\xa8\xff\0\0\0\0\x85\
\0\0\0\x71\0\0\0\x79\xa7\xf0\xff\0\0\0\0\xbf\xa1\0\0\0\0\0\0\x07\x01\0\0\xf0\
\xff\xff\xff\xb7\x02\0\0\x04\0\0\0\x79\xa3\x90\xff\0\0\0\0\x85\0\0\0\x71\0\0\0\
\x61\xa8\xf0\xff\0\0\0\0\xbf\xa1\0\0\0\0\0\0\x07\x01\0\0\xf0\xff\xff\xff\xb7\
\x02\0\0\x04\0\0\0\x79\xa3\x88\xff\0\0\0\0\x85\0\0\0\x71\0\0\0\x79\xa3\xa8\xff\
\0\0\0\0\x61\xa1\xf0\xff\0\0\0\0\xbf\x32\0\0\0\0\0\0\x0f\x12\0\0\0\0\0\0\x1f\
\x28\0\0\0\0\0\0\x67\x08\0\0\x20\0\0\0\xc7\x08\0\0\x20\0\0\0\x65\x08\x04\0\x01\
\0\0\0\xbf\xa7\0\0\0\0\0\0\x07\x07\0\0\xfc\xff\xff\xff\x15\x06\x6f\0\0\0\0\0\
\x05\0\x05\0\0\0\0\0\xbf\x31\0\0\0\0\0\0\x67\x01\0\0\x20\0\0\0\xc7\x01\0\0\x20\
\0\0\0\x0f\x17\0\0\0\0\0\0\x15\x07\x69\0\0\0\0\0\xb7\x08\0\0\x08\0\0\0\xbf\x91\
\0\0\0\0\0\0\x15\x01\xb8\xff\x2c\0\0\0\x55\x01\xad\xff\x33\0\0\0\xbf\x73\0\0\0\
\0\0\0\xb7\x01\0\0\x01\0\0\0\x0f\x13\0\0\0\0\0\0\xbf\xa1\0\0\0\0\0\0\x07\x01\0\
\0\xf0\xff\xff\xff\xb7\x02\0\0\x01\0\0\0\x85\0\0\0\x71\0\0\0\x71\xa8\xf0\xff\0\
\0\0\0\x67\x08\0\0\x02\0\0\0\x05\0\xac\xff\0\0\0\0\xbf\x29\0\0\0\0\0\0\x57\x09\
\0\0\xff\0\0\0\x15\x09\x04\0\x06\0\0\0\x15\x09\x23\0\x11\0\0\0\x55\x09\x4b\0\
\x3a\0\0\0\xb7\x01\0\0\x01\0\0\0\x05\0\x55\0\0\0\0\0\xb7\x01\0\0\x06\0\0\0\x63\
\x1a\xb4\xff\0\0\0\0\xb7\x01\0\0\xc0\0\0\0\x79\xa6\x98\xff\0\0\0\0\xbf\x63\0\0\
\0\0\0\0\x0f\x13\0\0\0\0\0\0\xbf\xa1\0\0\0\0\0\0\x07\x01\0\0\xf0\xff\xff\xff\
\xb7\x02\0\0\x08\0\0\0\x85\0\0\0\x71\0\0\0\xb7\x01\0\0\xb2\0\0\0\x0f\x16\0\0\0\
\0\0\0\x79\xa7\xf0\xff\0\0\0\0\xbf\xa1\0\0\0\0\0\0\x07\x01\0\0\xf0\xff\xff\xff\
\xb7\x02\0\0\x02\0\0\0\xbf\x63\0\0\0\0\0\0\x85\0\0\0\x71\0\0\0\x69\xa1\xf0\xff\
\0\0\0\0\x0f\x17\0\0\0\0\0\0\xb7\x01\0\0\0\0\0\0\xbf\x73\0\0\0\0\0\0\x0f\x13\0\
\0\0\0\0\0\xbf\xa1\0\0\0\0\0\0\x07\x01\0\0\xf0\xff\xff\xff\xb7\x02\0\0\x02\0\0\
\0\x85\0\0\0\x71\0\0\0\x69\xa1\xf0\xff\0\0\0\0\xdc\x01\0\0\x10\0\0\0\x6b\x1a\
\xe0\xff\0\0\0\0\xb7\x01\0\0\x02\0\0\0\x05\0\x1f\0\0\0\0\0\xb7\x01\0\0\x11\0\0\
\0\x63\x1a\xb4\xff\0\0\0\0\xb7\x01\0\0\xc0\0\0\0\x79\xa6\x98\xff\0\0\0\0\xbf\
\x63\0\0\0\0\0\0\x0f\x13\0\0\0\0\0\0\xbf\xa1\0\0\0\0\0\0\x07\x01\0\0\xf0\xff\
\xff\xff\xb7\x02\0\0\x08\0\0\0\x85\0\0\0\x71\0\0\0\xb7\x01\0\0\xb2\0\0\0\x0f\
\x16\0\0\0\0\0\0\x79\xa7\xf0\xff\0\0\0\0\xbf\xa1\0\0\0\0\0\0\x07\x01\0\0\xf0\
\xff\xff\xff\xb7\x02\0\0\x02\0\0\0\xbf\x63\0\0\0\0\0\0\x85\0\0\0\x71\0\0\0\x69\
\xa1\xf0\xff\0\0\0\0\x0f\x17\0\0\0\0\0\0\xb7\x01\0\0\0\0\0\0\xbf\x73\0\0\0\0\0\
\0\x0f\x13\0\0\0\0\0\0\xbf\xa1\0\0\0\0\0\0\x07\x01\0\0\xf0\xff\xff\xff\xb7\x02\
\0\0\x02\0\0\0\x85\0\0\0\x71\0\0\0\x69\xa1\xf0\xff\0\0\0\0\xdc\x01\0\0\x10\0\0\
\0\x6b\x1a\xe0\xff\0\0\0\0\xb7\x01\0\0\x02\0\0\0\x0f\x17\0\0\0\0\0\0\xbf\xa1\0\
\0\0\0\0\0\x07\x01\0\0\xf0\xff\xff\xff\xb7\x02\0\0\x02\0\0\0\xbf\x73\0\0\0\0\0\
\0\x85\0\0\0\x71\0\0\0\x69\xa1\xf0\xff\0\0\0\0\xdc\x01\0\0\x10\0\0\0\x6b\x1a\
\xc8\xff\0\0\0\0\x05\0\x0d\0\0\0\0\0\xb7\x01\0\0\x22\x02\0\0\x79\xa3\x78\xff\0\
\0\0\0\x0f\x13\0\0\0\0\0\0\xbf\xa1\0\0\0\0\0\0\x07\x01\0\0\xf0\xff\xff\xff\xb7\
\x02\0\0\x02\0\0\0\x85\0\0\0\x71\0\0\0\x69\xa1\xf0\xff\0\0\0\0\x55\x01\x02\0\
\x03\0\0\0\xb7\x01\0\0\xfb\0\0\0\x05\0\x01\0\0\0\0\0\xb7\x01\0\0\xfc\0\0\0\x63\
\x1a\xb4\xff\0\0\0\0\x79\xa8\x80\xff\0\0\0\0\xbf\xa2\0\0\0\0\0\0\x07\x02\0\0\
\xb0\xff\xff\xff\x18\x01\0\0\0\0\0\0\0\0\0\0\0\0\0\0\x85\0\0\0\x01\0\0\0\xdc\
\x08\0\0\x10\0\0\0\x15\0\x04\0\0\0\0\0\x61\x01\x08\0\0\0\0\0\x0f\x81\0\0\0\0\0\
\0\x63\x10\x08\0\0\0\0\0\x05\0\xaf\0\0\0\0\0\xb7\x07\0\0\0\0\0\0\x63\x7a\xfc\
\xff\0\0\0\0\xbf\xa2\0\0\0\0\0\0\x07\x02\0\0\xfc\xff\xff\xff\x18\x01\0\0\0\0\0\
\0\0\0\0\0\0\0\0\0\x85\0\0\0\x01\0\0\0\xbf\x06\0\0\0\0\0\0\x55\x06\x04\0\0\0\0\
\0\x18\x01\0\0\x92\0\0\0\0\0\0\0\0\0\0\0\xb7\x02\0\0\x3d\0\0\0\x05\0\xa1\0\0\0\
\0\0\x63\x86\x08\0\0\0\0\0\x73\x76\x38\x02\0\0\0\0\xb7\x01\0\0\x02\0\0\0\x7b\
\x16\0\0\0\0\0\0\x79\xa1\xe8\xff\0\0\0\0\x7b\x1a\xf0\xff\0\0\0\0\xbf\xa2\0\0\0\
\0\0\0\x07\x02\0\0\xf0\xff\xff\xff\x18\x01\0\0\0\0\0\0\0\0\0\0\0\0\0\0\x85\0\0\
\0\x01\0\0\0\x15\0\x96\0\0\0\0\0\x79\x01\x30\x02\0\0\0\0\x7b\x16\x30\x02\0\0\0\
\0\x79\x01\x28\x02\0\0\0\0\x7b\x16\x28\x02\0\0\0\0\x79\x01\x20\x02\0\0\0\0\x7b\
\x16\x20\x02\0\0\0\0\x79\x01\x18\x02\0\0\0\0\x7b\x16\x18\x02\0\0\0\0\x79\x01\
\x10\x02\0\0\0\0\x7b\x16\x10\x02\0\0\0\0\x79\x01\x08\x02\0\0\0\0\x7b\x16\x08\
\x02\0\0\0\0\x79\x01\0\x02\0\0\0\0\x7b\x16\0\x02\0\0\0\0\x79\x01\xf8\x01\0\0\0\
\0\x7b\x16\xf8\x01\0\0\0\0\x79\x01\xf0\x01\0\0\0\0\x7b\x16\xf0\x01\0\0\0\0\x79\
\x01\xe8\x01\0\0\0\0\x7b\x16\xe8\x01\0\0\0\0\x79\x01\xe0\x01\0\0\0\0\x7b\x16\
\xe0\x01\0\0\0\0\x79\x01\xd8\x01\0\0\0\0\x7b\x16\xd8\x01\0\0\0\0\x79\x01\xd0\
\x01\0\0\0\0\x7b\x16\xd0\x01\0\0\0\0\x79\x01\xc8\x01\0\0\0\0\x7b\x16\xc8\x01\0\
\0\0\0\x79\x01\xc0\x01\0\0\0\0\x7b\x16\xc0\x01\0\0\0\0\x79\x01\xb8\x01\0\0\0\0\
\x7b\x16\xb8\x01\0\0\0\0\x79\x01\xb0\x01\0\0\0\0\x7b\x16\xb0\x01\0\0\0\0\x79\
\x01\xa8\x01\0\0\0\0\x7b\x16\xa8\x01\0\0\0\0\x79\x01\xa0\x01\0\0\0\0\x7b\x16\
\xa0\x01\0\0\0\0\x79\x01\x98\x01\0\0\0\0\x7b\x16\x98\x01\0\0\0\0\x79\x01\x90\
\x01\0\0\0\0\x7b\x16\x90\x01\0\0\0\0\x79\x01\x88\x01\0\0\0\0\x7b\x16\x88\x01\0\
\0\0\0\x79\x01\x80\x01\0\0\0\0\x7b\x16\x80\x01\0\0\0\0\x79\x01\x78\x01\0\0\0\0\
\x7b\x16\x78\x01\0\0\0\0\x79\x01\x70\x01\0\0\0\0\x7b\x16\x70\x01\0\0\0\0\x79\
\x01\x68\x01\0\0\0\0\x7b\x16\x68\x01\0\0\0\0\x79\x01\x60\x01\0\0\0\0\x7b\x16\
\x60\x01\0\0\0\0\x79\x01\x58\x01\0\0\0\0\x7b\x16\x58\x01\0\0\0\0\x79\x01\x50\
\x01\0\0\0\0\x7b\x16\x50\x01\0\0\0\0\x79\x01\x48\x01\0\0\0\0\x7b\x16\x48\x01\0\
\0\0\0\x79\x01\x40\x01\0\0\0\0\x7b\x16\x40\x01\0\0\0\0\x79\x01\x38\x01\0\0\0\0\
\x7b\x16\x38\x01\0\0\0\0\x79\x01\x30\x01\0\0\0\0\x7b\x16\x30\x01\0\0\0\0\x79\
\x01\x28\x01\0\0\0\0\x7b\x16\x28\x01\0\0\0\0\x79\x01\x20\x01\0\0\0\0\x7b\x16\
\x20\x01\0\0\0\0\x79\x01\x18\x01\0\0\0\0\x7b\x16\x18\x01\0\0\0\0\x79\x01\x10\
\x01\0\0\0\0\x7b\x16\x10\x01\0\0\0\0\x79\x01\x08\x01\0\0\0\0\x7b\x16\x08\x01\0\
\0\0\0\x79\x01\0\x01\0\0\0\0\x7b\x16\0\x01\0\0\0\0\x79\x01\xf8\0\0\0\0\0\x7b\
\x16\xf8\0\0\0\0\0\x79\x01\xf0\0\0\0\0\0\x7b\x16\xf0\0\0\0\0\0\x79\x01\xe8\0\0\
\0\0\0\x7b\x16\xe8\0\0\0\0\0\x79\x01\xe0\0\0\0\0\0\x7b\x16\xe0\0\0\0\0\0\x79\
\x01\xd8\0\0\0\0\0\x7b\x16\xd8\0\0\0\0\0\x79\x01\xd0\0\0\0\0\0\x7b\x16\xd0\0\0\
\0\0\0\x79\x01\xc8\0\0\0\0\0\x7b\x16\xc8\0\0\0\0\0\x79\x01\xc0\0\0\0\0\0\x7b\
\x16\xc0\0\0\0\0\0\x79\x01\xb8\0\0\0\0\0\x7b\x16\xb8\0\0\0\0\0\x79\x01\xb0\0\0\
\0\0\0\x7b\x16\xb0\0\0\0\0\0\x79\x01\xa8\0\0\0\0\0\x7b\x16\xa8\0\0\0\0\0\x79\
\x01\xa0\0\0\0\0\0\x7b\x16\xa0\0\0\0\0\0\x79\x01\x98\0\0\0\0\0\x7b\x16\x98\0\0\
\0\0\0\x79\x01\x90\0\0\0\0\0\x7b\x16\x90\0\0\0\0\0\x79\x01\x88\0\0\0\0\0\x7b\
\x16\x88\0\0\0\0\0\x79\x01\x80\0\0\0\0\0\x7b\x16\x80\0\0\0\0\0\x79\x01\x78\0\0\
\0\0\0\x7b\x16\x78\0\0\0\0\0\x79\x01\x70\0\0\0\0\0\x7b\x16\x70\0\0\0\0\0\x79\
\x01\x68\0\0\0\0\0\x7b\x16\x68\0\0\0\0\0\x79\x01\x60\0\0\0\0\0\x7b\x16\x60\0\0\
\0\0\0\x79\x01\x58\0\0\0\0\0\x7b\x16\x58\0\0\0\0\0\x79\x01\x50\0\0\0\0\0\x7b\
\x16\x50\0\0\0\0\0\x79\x01\x48\0\0\0\0\0\x7b\x16\x48\0\0\0\0\0\x79\x01\x40\0\0\
\0\0\0\x7b\x16\x40\0\0\0\0\0\x79\x01\x38\0\0\0\0\0\x7b\x16\x38\0\0\0\0\0\x79\
\x01\x30\0\0\0\0\0\x7b\x16\x30\0\0\0\0\0\x79\x01\x28\0\0\0\0\0\x7b\x16\x28\0\0\
\0\0\0\x79\x01\x20\0\0\0\0\0\x7b\x16\x20\0\0\0\0\0\x79\x01\x18\0\0\0\0\0\x7b\
\x16\x18\0\0\0\0\0\x79\x01\x10\0\0\0\0\0\x7b\x16\x10\0\0\0\0\0\xbf\xa2\0\0\0\0\
\0\0\x07\x02\0\0\xb0\xff\xff\xff\x18\x01\0\0\0\0\0\0\0\0\0\0\0\0\0\0\xbf\x63\0\
\0\0\0\0\0\xb7\x04\0\0\x01\0\0\0\x85\0\0\0\x02\0\0\0\x65\0\x04\0\xff\xff\xff\
\xff\x18\x01\0\0\xcf\0\0\0\0\0\0\0\0\0\0\0\xb7\x02\0\0\x3c\0\0\0\x85\0\0\0\x06\
\0\0\0\xb7\0\0\0\0\0\0\0\x95\0\0\0\0\0\0\0\x79\x12\x20\0\0\0\0\0\x18\x03\0\0\0\
\0\0\x80\0\0\0\0\0\0\0\0\x5f\x32\0\0\0\0\0\0\x55\x02\xd3\x01\0\0\0\0\x79\x19\
\x08\0\0\0\0\0\xb7\x01\0\0\0\0\0\0\x7b\x1a\x48\xff\0\0\0\0\x7b\x1a\x40\xff\0\0\
\0\0\x7b\x1a\x38\xff\0\0\0\0\x7b\x1a\x30\xff\0\0\0\0\x7b\x1a\x28\xff\0\0\0\0\
\x7b\x1a\x20\xff\0\0\0\0\x7b\x1a\x18\xff\0\0\0\0\x7b\x9a\x50\xff\0\0\0\0\x7b\
\x9a\x68\xff\0\0\0\0\xbf\xa2\0\0\0\0\0\0\x07\x02\0\0\x68\xff\xff\xff\x18\x01\0\
\0\0\0\0\0\0\0\0\0\0\0\0\0\xbf\x23\0\0\0\0\0\0\xb7\x04\0\0\x01\0\0\0\x85\0\0\0\
\x02\0\0\0\xb7\x01\0\0\x18\0\0\0\xbf\x96\0\0\0\0\0\0\x0f\x16\0\0\0\0\0\0\xbf\
\xa1\0\0\0\0\0\0\x07\x01\0\0\xf8\xff\xff\xff\xb7\x02\0\0\x08\0\0\0\xbf\x63\0\0\
\0\0\0\0\x85\0\0\0\x71\0\0\0\xb7\x01\0\0\0\0\0\0\x79\xa3\xf8\xff\0\0\0\0\x0f\
\x13\0\0\0\0\0\0\xbf\xa7\0\0\0\0\0\0\x07\x07\0\0\x68\xff\xff\xff\xbf\x71\0\0\0\
\0\0\0\xb7\x02\0\0\x88\0\0\0\x85\0\0\0\x71\0\0\0\x69\x77\x10\0\0\0\0\0\x63\x7a\
\x18\xff\0\0\0\0\xb7\x01\0\0\x04\0\0\0\xbf\x93\0\0\0\0\0\0\x0f\x13\0\0\0\0\0\0\
\xbf\xa1\0\0\0\0\0\0\x07\x01\0\0\xf8\xff\xff\xff\xb7\x02\0\0\x02\0\0\0\x85\0\0\
\0\x71\0\0\0\x69\xa8\xf8\xff\0\0\0\0\xbf\xa1\0\0\0\0\0\0\x07\x01\0\0\xf8\xff\
\xff\xff\xb7\x02\0\0\x08\0\0\0\xbf\x63\0\0\0\0\0\0\x85\0\0\0\x71\0\0\0\xb7\x01\
\0\0\x24\x02\0\0\x79\xa3\xf8\xff\0\0\0\0\x0f\x13\0\0\0\0\0\0\xbf\xa1\0\0\0\0\0\
\0\x07\x01\0\0\xf0\xff\xff\xff\xb7\x02\0\0\x02\0\0\0\x85\0\0\0\x71\0\0\0\x67\
\x08\0\0\x30\0\0\0\xc7\x08\0\0\x30\0\0\0\x69\xa1\xf0\xff\0\0\0\0\x65\x01\x04\0\
\x05\0\0\0\x15\x01\x0e\0\0\0\0\0\xb7\x02\0\0\x01\0\0\0\x15\x01\x17\0\x01\0\0\0\
\x05\0\x02\0\0\0\0\0\x15\x01\x08\0\x06\0\0\0\x15\x01\x11\0\x11\0\0\0\xb7\x01\0\
\0\x3a\0\0\0\x15\x08\x01\0\x3a\0\0\0\xb7\x01\0\0\xfc\0\0\0\xb7\x02\0\0\xfb\0\0\
\0\x15\x08\x0f\0\x03\0\0\0\xbf\x12\0\0\0\0\0\0\x05\0\x0d\0\0\0\0\0\xb7\x02\0\0\
\x06\0\0\0\x05\0\x0b\0\0\0\0\0\x15\x07\x01\0\x0a\0\0\0\x55\x07\x08\0\x02\0\0\0\
\xb7\x02\0\0\x06\0\0\0\x15\x08\x07\0\x01\0\0\0\x67\x08\0\0\x20\0\0\0\x77\x08\0\
\0\x20\0\0\0\x15\x08\x31\x02\x03\0\0\0\x55\x08\x02\0\x02\0\0\0\xb7\x02\0\0\x11\
\0\0\0\x05\0\x01\0\0\0\0\0\xb7\x02\0\0\xfc\0\0\0\x63\x2a\x1c\xff\0\0\0\0\x15\
\x07\x08\0\x0a\0\0\0\x55\x07\x17\0\x02\0\0\0\xbf\xa1\0\0\0\0\0\0\x07\x01\0\0\
\x68\xff\xff\xff\x61\x12\0\0\0\0\0\0\x63\x2a\x38\xff\0\0\0\0\x61\x11\x04\0\0\0\
\0\0\x63\x1a\x20\xff\0\0\0\0\x05\0\x10\0\0\0\0\0\xb7\x01\0\0\x48\0\0\0\xbf\xa2\
\0\0\0\0\0\0\x07\x02\0\0\x68\xff\xff\xff\xbf\x23\0\0\0\0\0\0\x0f\x13\0\0\0\0\0\
\0\x79\x21\x48\0\0\0\0\0\x7b\x1a\x20\xff\0\0\0\0\x79\x31\x08\0\0\0\0\0\x7b\x1a\
\x28\xff\0\0\0\0\xb7\x01\0\0\x38\0\0\0\xbf\x23\0\0\0\0\0\0\x0f\x13\0\0\0\0\0\0\
\x79\x21\x38\0\0\0\0\0\x7b\x1a\x38\xff\0\0\0\0\x79\x31\x08\0\0\0\0\0\x7b\x1a\
\x40\xff\0\0\0\0\xbf\xa1\0\0\0\0\0\0\x07\x01\0\0\x68\xff\xff\xff\x69\x12\x0c\0\
\0\0\0\0\x6b\x2a\x48\xff\0\0\0\0\x69\x11\x0e\0\0\0\0\0\x6b\x1a\x30\xff\0\0\0\0\
\x7b\x9a\x60\xff\0\0\0\0\xb7\x07\0\0\0\0\0\0\x63\x7a\x5c\xff\0\0\0\0\xbf\xa2\0\
\0\0\0\0\0\x07\x02\0\0\x5c\xff\xff\xff\x18\x01\0\0\0\0\0\0\0\0\0\0\0\0\0\0\x85\
\0\0\0\x01\0\0\0\x15\0\x75\0\0\0\0\0\x7b\x0a\0\xff\0\0\0\0\xbf\x06\0\0\0\0\0\0\
\x7b\x76\x38\x02\0\0\0\0\x7b\x76\x30\x02\0\0\0\0\x7b\x76\x28\x02\0\0\0\0\x7b\
\x76\x20\x02\0\0\0\0\x7b\x76\x18\x02\0\0\0\0\x7b\x76\x10\x02\0\0\0\0\x7b\x76\
\x08\x02\0\0\0\0\x7b\x76\0\x02\0\0\0\0\x7b\x76\xf8\x01\0\0\0\0\x7b\x76\xf0\x01\
\0\0\0\0\x7b\x76\xe8\x01\0\0\0\0\x7b\x76\xe0\x01\0\0\0\0\x7b\x76\xd8\x01\0\0\0\
\0\x7b\x76\xd0\x01\0\0\0\0\x7b\x76\xc8\x01\0\0\0\0\x7b\x76\xc0\x01\0\0\0\0\x7b\
\x76\xb8\x01\0\0\0\0\x7b\x76\xb0\x01\0\0\0\0\x7b\x76\xa8\x01\0\0\0\0\x7b\x76\
\xa0\x01\0\0\0\0\x7b\x76\x98\x01\0\0\0\0\x7b\x76\x90\x01\0\0\0\0\x7b\x76\x88\
\x01\0\0\0\0\x7b\x76\x80\x01\0\0\0\0\x7b\x76\x78\x01\0\0\0\0\x7b\x76\x70\x01\0\
\0\0\0\x7b\x76\x68\x01\0\0\0\0\x7b\x76\x60\x01\0\0\0\0\x7b\x76\x58\x01\0\0\0\0\
\x7b\x76\x50\x01\0\0\0\0\x7b\x76\x48\x01\0\0\0\0\x7b\x76\x40\x01\0\0\0\0\x7b\
\x76\x38\x01\0\0\0\0\x7b\x76\x30\x01\0\0\0\0\x7b\x76\x28\x01\0\0\0\0\x7b\x76\
\x20\x01\0\0\0\0\x7b\x76\x18\x01\0\0\0\0\x7b\x76\x10\x01\0\0\0\0\x7b\x76\x08\
\x01\0\0\0\0\x7b\x76\0\x01\0\0\0\0\x7b\x76\xf8\0\0\0\0\0\x7b\x76\xf0\0\0\0\0\0\
\x7b\x76\xe8\0\0\0\0\0\x7b\x76\xe0\0\0\0\0\0\x7b\x76\xd8\0\0\0\0\0\x7b\x76\xd0\
\0\0\0\0\0\x7b\x76\xc8\0\0\0\0\0\x7b\x76\xc0\0\0\0\0\0\x7b\x76\xb8\0\0\0\0\0\
\x7b\x76\xb0\0\0\0\0\0\x7b\x76\xa8\0\0\0\0\0\x7b\x76\xa0\0\0\0\0\0\x7b\x76\x98\
\0\0\0\0\0\x7b\x76\x90\0\0\0\0\0\x7b\x76\x88\0\0\0\0\0\x7b\x76\x80\0\0\0\0\0\
\x7b\x76\x78\0\0\0\0\0\x7b\x76\x70\0\0\0\0\0\x7b\x76\x68\0\0\0\0\0\x7b\x76\x60\
\0\0\0\0\0\x7b\x76\x58\0\0\0\0\0\x7b\x76\x50\0\0\0\0\0\x7b\x76\x48\0\0\0\0\0\
\x7b\x76\x40\0\0\0\0\0\x7b\x76\x38\0\0\0\0\0\x7b\x76\x30\0\0\0\0\0\x7b\x76\x28\
\0\0\0\0\0\x7b\x76\x20\0\0\0\0\0\x7b\x76\x18\0\0\0\0\0\x7b\x76\x10\0\0\0\0\0\
\x7b\x76\x08\0\0\0\0\0\x7b\x76\0\0\0\0\0\0\x85\0\0\0\x23\0\0\0\x7b\x0a\x10\xff\
\0\0\0\0\xb7\x01\0\0\x18\0\0\0\xbf\x93\0\0\0\0\0\0\x0f\x13\0\0\0\0\0\0\xbf\xa1\
\0\0\0\0\0\0\x07\x01\0\0\x68\xff\xff\xff\xb7\x02\0\0\x08\0\0\0\x85\0\0\0\x71\0\
\0\0\xb7\x01\0\0\x04\0\0\0\x0f\x19\0\0\0\0\0\0\x79\xa7\x68\xff\0\0\0\0\xbf\xa1\
\0\0\0\0\0\0\x07\x01\0\0\x68\xff\xff\xff\xb7\x02\0\0\x02\0\0\0\xbf\x93\0\0\0\0\
\0\0\x85\0\0\0\x71\0\0\0\xb7\x01\0\0\0\0\0\0\xbf\x73\0\0\0\0\0\0\x0f\x13\0\0\0\
\0\0\0\x69\xa8\x68\xff\0\0\0\0\xbf\xa9\0\0\0\0\0\0\x07\x09\0\0\x68\xff\xff\xff\
\xbf\x91\0\0\0\0\0\0\xb7\x02\0\0\x88\0\0\0\x85\0\0\0\x71\0\0\0\x69\x99\x10\0\0\
\0\0\0\x63\x96\x04\0\0\0\0\0\xb7\x01\0\0\x24\x02\0\0\x0f\x17\0\0\0\0\0\0\xbf\
\xa1\0\0\0\0\0\0\x07\x01\0\0\xf8\xff\xff\xff\xb7\x02\0\0\x02\0\0\0\xbf\x73\0\0\
\0\0\0\0\x85\0\0\0\x71\0\0\0\x67\x08\0\0\x30\0\0\0\xc7\x08\0\0\x30\0\0\0\x69\
\xa2\xf8\xff\0\0\0\0\x65\x02\x0e\0\x05\0\0\0\x15\x02\x18\0\0\0\0\0\xb7\x01\0\0\
\x01\0\0\0\x15\x02\x21\0\x01\0\0\0\x05\0\x0c\0\0\0\0\0\x18\x01\0\0\x88\x01\0\0\
\0\0\0\0\0\0\0\0\xb7\x02\0\0\x58\0\0\0\x18\x03\0\0\0\0\0\0\0\0\0\0\0\0\0\0\x85\
\0\0\0\x06\0\0\0\x18\x01\0\0\x0b\x01\0\0\0\0\0\0\0\0\0\0\xb7\x02\0\0\x36\0\0\0\
\x05\0\xd4\0\0\0\0\0\x15\x02\x08\0\x06\0\0\0\x15\x02\x11\0\x11\0\0\0\xb7\x02\0\
\0\x3a\0\0\0\x15\x08\x01\0\x3a\0\0\0\xb7\x02\0\0\xfc\0\0\0\xb7\x01\0\0\xfb\0\0\
\0\x15\x08\x0f\0\x03\0\0\0\xbf\x21\0\0\0\0\0\0\x05\0\x0d\0\0\0\0\0\xb7\x01\0\0\
\x06\0\0\0\x05\0\x0b\0\0\0\0\0\x15\x09\x01\0\x0a\0\0\0\x55\x09\x08\0\x02\0\0\0\
\xb7\x01\0\0\x06\0\0\0\x15\x08\x07\0\x01\0\0\0\x67\x08\0\0\x20\0\0\0\x77\x08\0\
\0\x20\0\0\0\x15\x08\x75\x01\x03\0\0\0\x55\x08\x02\0\x02\0\0\0\xb7\x01\0\0\x11\
\0\0\0\x05\0\x01\0\0\0\0\0\xb7\x01\0\0\xfc\0\0\0\x7b\x6a\x08\xff\0\0\0\0\x63\
\x16\x08\0\0\0\0\0\xb7\x01\0\0\x18\x06\0\0\x79\xa3\x10\xff\0\0\0\0\x0f\x13\0\0\
\0\0\0\0\xbf\xa1\0\0\0\0\0\0\x07\x01\0\0\xf0\xff\xff\xff\xb7\x02\0\0\x08\0\0\0\
\x85\0\0\0\x71\0\0\0\xb7\x01\0\0\x48\x06\0\0\x79\xa3\xf0\xff\0\0\0\0\x0f\x13\0\
\0\0\0\0\0\xbf\xa1\0\0\0\0\0\0\x07\x01\0\0\xf8\xff\xff\xff\xb7\x02\0\0\x08\0\0\
\0\x85\0\0\0\x71\0\0\0\xb7\x07\0\0\x40\0\0\0\x79\xa8\xf8\xff\0\0\0\0\x05\0\x06\
\0\0\0\0\0\x07\x07\0\0\xff\xff\xff\xff\xbf\x71\0\0\0\0\0\0\x67\x01\0\0\x20\0\0\
\0\x77\x01\0\0\x20\0\0\0\xbf\x98\0\0\0\0\0\0\x15\x01\x20\0\0\0\0\0\xbf\x83\0\0\
\0\0\0\0\xb7\x01\0\0\x18\x06\0\0\x0f\x13\0\0\0\0\0\0\xbf\xa1\0\0\0\0\0\0\x07\
\x01\0\0\xf0\xff\xff\xff\xb7\x02\0\0\x08\0\0\0\x85\0\0\0\x71\0\0\0\x79\xa3\xf0\
\xff\0\0\0\0\xb7\x01\0\0\x48\x06\0\0\x0f\x13\0\0\0\0\0\0\xbf\xa1\0\0\0\0\0\0\
\x07\x01\0\0\xf8\xff\xff\xff\xb7\x02\0\0\x08\0\0\0\x85\0\0\0\x71\0\0\0\x79\xa9\
\xf8\xff\0\0\0\0\x15\x09\x10\0\0\0\0\0\xbf\x83\0\0\0\0\0\0\xb7\x06\0\0\0\x09\0\
\0\x0f\x63\0\0\0\0\0\0\xbf\xa1\0\0\0\0\0\0\x07\x01\0\0\xf8\xff\xff\xff\xb7\x02\
\0\0\x08\0\0\0\x85\0\0\0\x71\0\0\0\xbf\x93\0\0\0\0\0\0\x0f\x63\0\0\0\0\0\0\x79\
\xa6\xf8\xff\0\0\0\0\xbf\xa1\0\0\0\0\0\0\x07\x01\0\0\xf8\xff\xff\xff\xb7\x02\0\
\0\x08\0\0\0\x85\0\0\0\x71\0\0\0\x79\xa1\xf8\xff\0\0\0\0\x1d\x16\xda\xff\0\0\0\
\0\xb7\x07\0\0\x0c\x06\0\0\xbf\x83\0\0\0\0\0\0\x0f\x73\0\0\0\0\0\0\xbf\xa1\0\0\
\0\0\0\0\x07\x01\0\0\xf8\xff\xff\xff\xb7\x02\0\0\x04\0\0\0\x85\0\0\0\x71\0\0\0\
\x61\xa1\xf8\xff\0\0\0\0\x79\xa6\x08\xff\0\0\0\0\x63\x16\x14\0\0\0\0\0\xb7\x09\
\0\0\x40\x07\0\0\x0f\x98\0\0\0\0\0\0\xbf\xa1\0\0\0\0\0\0\x07\x01\0\0\xf8\xff\
\xff\xff\xb7\x02\0\0\x08\0\0\0\xbf\x83\0\0\0\0\0\0\x85\0\0\0\x71\0\0\0\x79\xa1\
\xf8\xff\0\0\0\0\x7b\x16\x20\0\0\0\0\0\xb7\x01\0\0\x48\x06\0\0\x79\xa8\x10\xff\
\0\0\0\0\xbf\x83\0\0\0\0\0\0\x0f\x13\0\0\0\0\0\0\xbf\xa1\0\0\0\0\0\0\x07\x01\0\
\0\xf0\xff\xff\xff\xb7\x02\0\0\x08\0\0\0\x85\0\0\0\x71\0\0\0\x79\xa3\xf0\xff\0\
\0\0\0\x0f\x93\0\0\0\0\0\0\xbf\xa1\0\0\0\0\0\0\x07\x01\0\0\xf8\xff\xff\xff\xb7\
\x02\0\0\x08\0\0\0\x85\0\0\0\x71\0\0\0\x79\xa1\xf8\xff\0\0\0\0\x7b\x16\x18\0\0\
\0\0\0\xbf\x83\0\0\0\0\0\0\x0f\x73\0\0\0\0\0\0\xbf\xa1\0\0\0\0\0\0\x07\x01\0\0\
\xf8\xff\xff\xff\xb7\x02\0\0\x04\0\0\0\x85\0\0\0\x71\0\0\0\x61\xa1\xf8\xff\0\0\
\0\0\x63\x16\x10\0\0\0\0\0\xb7\x01\0\0\xe8\x07\0\0\xbf\x87\0\0\0\0\0\0\x0f\x17\
\0\0\0\0\0\0\xbf\xa1\0\0\0\0\0\0\x07\x01\0\0\xf8\xff\xff\xff\xb7\x02\0\0\x08\0\
\0\0\xbf\x73\0\0\0\0\0\0\x85\0\0\0\x71\0\0\0\xb7\x01\0\0\x14\0\0\0\x79\xa3\xf8\
\xff\0\0\0\0\x0f\x13\0\0\0\0\0\0\xbf\xa1\0\0\0\0\0\0\x07\x01\0\0\xf0\xff\xff\
\xff\xb7\x02\0\0\x04\0\0\0\x85\0\0\0\x71\0\0\0\x61\xa1\xf0\xff\0\0\0\0\x63\x16\
\x2c\x02\0\0\0\0\xbf\xa1\0\0\0\0\0\0\x07\x01\0\0\xf8\xff\xff\xff\xb7\x02\0\0\
\x08\0\0\0\xbf\x73\0\0\0\0\0\0\x85\0\0\0\x71\0\0\0\xb7\x01\0\0\x18\0\0\0\x79\
\xa3\xf8\xff\0\0\0\0\x0f\x13\0\0\0\0\0\0\xbf\xa1\0\0\0\0\0\0\x07\x01\0\0\xf0\
\xff\xff\xff\xb7\x02\0\0\x04\0\0\0\x85\0\0\0\x71\0\0\0\x61\xa1\xf0\xff\0\0\0\0\
\x63\x16\x30\x02\0\0\0\0\xb7\x01\0\0\x50\x05\0\0\x0f\x18\0\0\0\0\0\0\xbf\xa1\0\
\0\0\0\0\0\x07\x01\0\0\xf0\xff\xff\xff\xb7\x02\0\0\x08\0\0\0\xbf\x83\0\0\0\0\0\
\0\x85\0\0\0\x71\0\0\0\xb7\x01\0\0\x38\x01\0\0\x79\xa3\xf0\xff\0\0\0\0\x0f\x13\
\0\0\0\0\0\0\xbf\xa1\0\0\0\0\0\0\x07\x01\0\0\xf8\xff\xff\xff\xb7\x02\0\0\x08\0\
\0\0\x85\0\0\0\x71\0\0\0\x79\xa9\xf8\xff\0\0\0\0\xbf\xa1\0\0\0\0\0\0\x07\x01\0\
\0\xf0\xff\xff\xff\xb7\x02\0\0\x08\0\0\0\xbf\x83\0\0\0\0\0\0\x85\0\0\0\x71\0\0\
\0\xb7\x01\0\0\x40\x01\0\0\x79\xa3\xf0\xff\0\0\0\0\x0f\x13\0\0\0\0\0\0\xbf\xa1\
\0\0\0\0\0\0\x07\x01\0\0\xf8\xff\xff\xff\xb7\x02\0\0\x08\0\0\0\x85\0\0\0\x71\0\
\0\0\x79\xa2\xf8\xff\0\0\0\0\x1f\x92\0\0\0\0\0\0\xb7\x01\0\0\0\x02\0\0\x2d\x21\
\x01\0\0\0\0\0\xb7\x02\0\0\0\x02\0\0\x63\x26\x28\x02\0\0\0\0\x79\xa1\0\xff\0\0\
\0\0\x07\x01\0\0\x28\0\0\0\xbf\x93\0\0\0\0\0\0\x85\0\0\0\x70\0\0\0\x61\x61\x28\
\x02\0\0\0\0\x55\x01\x02\0\0\x02\0\0\xb7\x01\0\0\0\0\0\0\x73\x16\x27\x02\0\0\0\
\0\xb7\x07\0\0\0\0\0\0\x73\x76\x38\x02\0\0\0\0\xbf\xa2\0\0\0\0\0\0\x07\x02\0\0\
\x60\xff\xff\xff\x18\x01\0\0\0\0\0\0\0\0\0\0\0\0\0\0\xbf\x63\0\0\0\0\0\0\xb7\
\x04\0\0\x01\0\0\0\x85\0\0\0\x02\0\0\0\xbf\xa2\0\0\0\0\0\0\x07\x02\0\0\x18\xff\
\xff\xff\x18\x01\0\0\0\0\0\0\0\0\0\0\0\0\0\0\x85\0\0\0\x01\0\0\0\x15\0\x06\0\0\
\0\0\0\x18\x01\0\0\x41\x01\0\0\0\0\0\0\0\0\0\0\xb7\x02\0\0\x47\0\0\0\x85\0\0\0\
\x06\0\0\0\xb7\0\0\0\0\0\0\0\x95\0\0\0\0\0\0\0\x63\x7a\xf8\xff\0\0\0\0\xbf\xa2\
\0\0\0\0\0\0\x07\x02\0\0\xf8\xff\xff\xff\x18\x01\0\0\0\0\0\0\0\0\0\0\0\0\0\0\
\x85\0\0\0\x01\0\0\0\xbf\x06\0\0\0\0\0\0\x55\x06\x04\0\0\0\0\0\x18\x01\0\0\x92\
\0\0\0\0\0\0\0\0\0\0\0\xb7\x02\0\0\x3d\0\0\0\x05\0\xf1\xff\0\0\0\0\xb7\x01\0\0\
\0\0\0\0\x63\x16\x08\0\0\0\0\0\x73\x16\x38\x02\0\0\0\0\x7b\x16\0\0\0\0\0\0\x79\
\xa1\x50\xff\0\0\0\0\x7b\x1a\x68\xff\0\0\0\0\xbf\xa2\0\0\0\0\0\0\x07\x02\0\0\
\x68\xff\xff\xff\x18\x01\0\0\0\0\0\0\0\0\0\0\0\0\0\0\x85\0\0\0\x01\0\0\0\x15\0\
\xe6\xff\0\0\0\0\x79\x01\x30\x02\0\0\0\0\x7b\x16\x30\x02\0\0\0\0\x79\x01\x28\
\x02\0\0\0\0\x7b\x16\x28\x02\0\0\0\0\x79\x01\x20\x02\0\0\0\0\x7b\x16\x20\x02\0\
\0\0\0\x79\x01\x18\x02\0\0\0\0\x7b\x16\x18\x02\0\0\0\0\x79\x01\x10\x02\0\0\0\0\
\x7b\x16\x10\x02\0\0\0\0\x79\x01\x08\x02\0\0\0\0\x7b\x16\x08\x02\0\0\0\0\x79\
\x01\0\x02\0\0\0\0\x7b\x16\0\x02\0\0\0\0\x79\x01\xf8\x01\0\0\0\0\x7b\x16\xf8\
\x01\0\0\0\0\x79\x01\xf0\x01\0\0\0\0\x7b\x16\xf0\x01\0\0\0\0\x79\x01\xe8\x01\0\
\0\0\0\x7b\x16\xe8\x01\0\0\0\0\x79\x01\xe0\x01\0\0\0\0\x7b\x16\xe0\x01\0\0\0\0\
\x79\x01\xd8\x01\0\0\0\0\x7b\x16\xd8\x01\0\0\0\0\x79\x01\xd0\x01\0\0\0\0\x7b\
\x16\xd0\x01\0\0\0\0\x79\x01\xc8\x01\0\0\0\0\x7b\x16\xc8\x01\0\0\0\0\x79\x01\
\xc0\x01\0\0\0\0\x7b\x16\xc0\x01\0\0\0\0\x79\x01\xb8\x01\0\0\0\0\x7b\x16\xb8\
\x01\0\0\0\0\x79\x01\xb0\x01\0\0\0\0\x7b\x16\xb0\x01\0\0\0\0\x79\x01\xa8\x01\0\
\0\0\0\x7b\x16\xa8\x01\0\0\0\0\x79\x01\xa0\x01\0\0\0\0\x7b\x16\xa0\x01\0\0\0\0\
\x79\x01\x98\x01\0\0\0\0\x7b\x16\x98\x01\0\0\0\0\x79\x01\x90\x01\0\0\0\0\x7b\
\x16\x90\x01\0\0\0\0\x79\x01\x88\x01\0\0\0\0\x7b\x16\x88\x01\0\0\0\0\x79\x01\
\x80\x01\0\0\0\0\x7b\x16\x80\x01\0\0\0\0\x79\x01\x78\x01\0\0\0\0\x7b\x16\x78\
\x01\0\0\0\0\x79\x01\x70\x01\0\0\0\0\x7b\x16\x70\x01\0\0\0\0\x79\x01\x68\x01\0\
\0\0\0\x7b\x16\x68\x01\0\0\0\0\x79\x01\x60\x01\0\0\0\0\x7b\x16\x60\x01\0\0\0\0\
\x79\x01\x58\x01\0\0\0\0\x7b\x16\x58\x01\0\0\0\0\x79\x01\x50\x01\0\0\0\0\x7b\
\x16\x50\x01\0\0\0\0\x79\x01\x48\x01\0\0\0\0\x7b\x16\x48\x01\0\0\0\0\x79\x01\
\x40\x01\0\0\0\0\x7b\x16\x40\x01\0\0\0\0\x79\x01\x38\x01\0\0\0\0\x7b\x16\x38\
\x01\0\0\0\0\x79\x01\x30\x01\0\0\0\0\x7b\x16\x30\x01\0\0\0\0\x79\x01\x28\x01\0\
\0\0\0\x7b\x16\x28\x01\0\0\0\0\x79\x01\x20\x01\0\0\0\0\x7b\x16\x20\x01\0\0\0\0\
\x79\x01\x18\x01\0\0\0\0\x7b\x16\x18\x01\0\0\0\0\x79\x01\x10\x01\0\0\0\0\x7b\
\x16\x10\x01\0\0\0\0\x79\x01\x08\x01\0\0\0\0\x7b\x16\x08\x01\0\0\0\0\x79\x01\0\
\x01\0\0\0\0\x7b\x16\0\x01\0\0\0\0\x79\x01\xf8\0\0\0\0\0\x7b\x16\xf8\0\0\0\0\0\
\x79\x01\xf0\0\0\0\0\0\x7b\x16\xf0\0\0\0\0\0\x79\x01\xe8\0\0\0\0\0\x7b\x16\xe8\
\0\0\0\0\0\x79\x01\xe0\0\0\0\0\0\x7b\x16\xe0\0\0\0\0\0\x79\x01\xd8\0\0\0\0\0\
\x7b\x16\xd8\0\0\0\0\0\x79\x01\xd0\0\0\0\0\0\x7b\x16\xd0\0\0\0\0\0\x79\x01\xc8\
\0\0\0\0\0\x7b\x16\xc8\0\0\0\0\0\x79\x01\xc0\0\0\0\0\0\x7b\x16\xc0\0\0\0\0\0\
\x79\x01\xb8\0\0\0\0\0\x7b\x16\xb8\0\0\0\0\0\x79\x01\xb0\0\0\0\0\0\x7b\x16\xb0\
\0\0\0\0\0\x79\x01\xa8\0\0\0\0\0\x7b\x16\xa8\0\0\0\0\0\x79\x01\xa0\0\0\0\0\0\
\x7b\x16\xa0\0\0\0\0\0\x79\x01\x98\0\0\0\0\0\x7b\x16\x98\0\0\0\0\0\x79\x01\x90\
\0\0\0\0\0\x7b\x16\x90\0\0\0\0\0\x79\x01\x88\0\0\0\0\0\x7b\x16\x88\0\0\0\0\0\
\x79\x01\x80\0\0\0\0\0\x7b\x16\x80\0\0\0\0\0\x79\x01\x78\0\0\0\0\0\x7b\x16\x78\
\0\0\0\0\0\x79\x01\x70\0\0\0\0\0\x7b\x16\x70\0\0\0\0\0\x79\x01\x68\0\0\0\0\0\
\x7b\x16\x68\0\0\0\0\0\x79\x01\x60\0\0\0\0\0\x7b\x16\x60\0\0\0\0\0\x79\x01\x58\
\0\0\0\0\0\x7b\x16\x58\0\0\0\0\0\x79\x01\x50\0\0\0\0\0\x7b\x16\x50\0\0\0\0\0\
\x79\x01\x48\0\0\0\0\0\x7b\x16\x48\0\0\0\0\0\x79\x01\x40\0\0\0\0\0\x7b\x16\x40\
\0\0\0\0\0\x79\x01\x38\0\0\0\0\0\x7b\x16\x38\0\0\0\0\0\x79\x01\x30\0\0\0\0\0\
\x7b\x16\x30\0\0\0\0\0\x79\x01\x28\0\0\0\0\0\x7b\x16\x28\0\0\0\0\0\x79\x01\x20\
\0\0\0\0\0\x7b\x16\x20\0\0\0\0\0\x79\x01\x18\0\0\0\0\0\x7b\x16\x18\0\0\0\0\0\
\x79\x01\x10\0\0\0\0\0\x7b\x16\x10\0\0\0\0\0\xbf\xa2\0\0\0\0\0\0\x07\x02\0\0\
\x18\xff\xff\xff\x18\x01\0\0\0\0\0\0\0\0\0\0\0\0\0\0\xbf\x63\0\0\0\0\0\0\xb7\
\x04\0\0\x01\0\0\0\x85\0\0\0\x02\0\0\0\x65\0\x54\xff\xff\xff\xff\xff\x18\x01\0\
\0\xcf\0\0\0\0\0\0\0\0\0\0\0\xb7\x02\0\0\x3c\0\0\0\x05\0\x4f\xff\0\0\0\0\xb7\
\x02\0\0\xfb\0\0\0\x05\0\xd1\xfd\0\0\0\0\xb7\x01\0\0\xfb\0\0\0\x05\0\x8d\xfe\0\
\0\0\0\x79\x12\x28\0\0\0\0\0\x18\x03\0\0\0\0\0\x80\0\0\0\0\0\0\0\0\x5f\x32\0\0\
\0\0\0\0\x55\x02\xd2\x01\0\0\0\0\x79\x19\0\0\0\0\0\0\xb7\x01\0\0\0\0\0\0\x7b\
\x1a\x48\xff\0\0\0\0\x7b\x1a\x40\xff\0\0\0\0\x7b\x1a\x38\xff\0\0\0\0\x7b\x1a\
\x30\xff\0\0\0\0\x7b\x1a\x28\xff\0\0\0\0\x7b\x1a\x20\xff\0\0\0\0\x7b\x1a\x18\
\xff\0\0\0\0\x7b\x9a\x50\xff\0\0\0\0\x7b\x9a\x68\xff\0\0\0\0\xbf\xa2\0\0\0\0\0\
\0\x07\x02\0\0\x68\xff\xff\xff\x18\x01\0\0\0\0\0\0\0\0\0\0\0\0\0\0\xbf\x23\0\0\
\0\0\0\0\xb7\x04\0\0\x01\0\0\0\x85\0\0\0\x02\0\0\0\xb7\x01\0\0\x18\0\0\0\xbf\
\x96\0\0\0\0\0\0\x0f\x16\0\0\0\0\0\0\xbf\xa1\0\0\0\0\0\0\x07\x01\0\0\xf8\xff\
\xff\xff\xb7\x02\0\0\x08\0\0\0\xbf\x63\0\0\0\0\0\0\x85\0\0\0\x71\0\0\0\xb7\x01\
\0\0\0\0\0\0\x79\xa3\xf8\xff\0\0\0\0\x0f\x13\0\0\0\0\0\0\xbf\xa7\0\0\0\0\0\0\
\x07\x07\0\0\x68\xff\xff\xff\xbf\x71\0\0\0\0\0\0\xb7\x02\0\0\x88\0\0\0\x85\0\0\
\0\x71\0\0\0\x69\x77\x10\0\0\0\0\0\x63\x7a\x18\xff\0\0\0\0\xb7\x01\0\0\x04\0\0\
\0\xbf\x93\0\0\0\0\0\0\x0f\x13\0\0\0\0\0\0\xbf\xa1\0\0\0\0\0\0\x07\x01\0\0\xf8\
\xff\xff\xff\xb7\x02\0\0\x02\0\0\0\x85\0\0\0\x71\0\0\0\x69\xa8\xf8\xff\0\0\0\0\
\xbf\xa1\0\0\0\0\0\0\x07\x01\0\0\xf8\xff\xff\xff\xb7\x02\0\0\x08\0\0\0\xbf\x63\
\0\0\0\0\0\0\x85\0\0\0\x71\0\0\0\xb7\x01\0\0\x24\x02\0\0\x79\xa3\xf8\xff\0\0\0\
\0\x0f\x13\0\0\0\0\0\0\xbf\xa1\0\0\0\0\0\0\x07\x01\0\0\xf0\xff\xff\xff\xb7\x02\
\0\0\x02\0\0\0\x85\0\0\0\x71\0\0\0\x67\x08\0\0\x30\0\0\0\xc7\x08\0\0\x30\0\0\0\
\x69\xa1\xf0\xff\0\0\0\0\x65\x01\x04\0\x05\0\0\0\x15\x01\x0e\0\0\0\0\0\xb7\x02\
\0\0\x01\0\0\0\x15\x01\x17\0\x01\0\0\0\x05\0\x02\0\0\0\0\0\x15\x01\x08\0\x06\0\
\0\0\x15\x01\x11\0\x11\0\0\0\xb7\x01\0\0\x3a\0\0\0\x15\x08\x01\0\x3a\0\0\0\xb7\
\x01\0\0\xfc\0\0\0\xb7\x02\0\0\xfb\0\0\0\x15\x08\x0f\0\x03\0\0\0\xbf\x12\0\0\0\
\0\0\0\x05\0\x0d\0\0\0\0\0\xb7\x02\0\0\x06\0\0\0\x05\0\x0b\0\0\0\0\0\x15\x07\
\x01\0\x0a\0\0\0\x55\x07\x08\0\x02\0\0\0\xb7\x02\0\0\x06\0\0\0\x15\x08\x07\0\
\x01\0\0\0\x67\x08\0\0\x20\0\0\0\x77\x08\0\0\x20\0\0\0\x15\x08\x31\x02\x03\0\0\
\0\x55\x08\x02\0\x02\0\0\0\xb7\x02\0\0\x11\0\0\0\x05\0\x01\0\0\0\0\0\xb7\x02\0\
\0\xfc\0\0\0\x63\x2a\x1c\xff\0\0\0\0\x15\x07\x08\0\x0a\0\0\0\x55\x07\x17\0\x02\
\0\0\0\xbf\xa1\0\0\0\0\0\0\x07\x01\0\0\x68\xff\xff\xff\x61\x12\0\0\0\0\0\0\x63\
\x2a\x38\xff\0\0\0\0\x61\x11\x04\0\0\0\0\0\x63\x1a\x20\xff\0\0\0\0\x05\0\x10\0\
\0\0\0\0\xb7\x01\0\0\x48\0\0\0\xbf\xa2\0\0\0\0\0\0\x07\x02\0\0\x68\xff\xff\xff\
\xbf\x23\0\0\0\0\0\0\x0f\x13\0\0\0\0\0\0\x79\x21\x48\0\0\0\0\0\x7b\x1a\x20\xff\
\0\0\0\0\x79\x31\x08\0\0\0\0\0\x7b\x1a\x28\xff\0\0\0\0\xb7\x01\0\0\x38\0\0\0\
\xbf\x23\0\0\0\0\0\0\x0f\x13\0\0\0\0\0\0\x79\x21\x38\0\0\0\0\0\x7b\x1a\x38\xff\
\0\0\0\0\x79\x31\x08\0\0\0\0\0\x7b\x1a\x40\xff\0\0\0\0\xbf\xa1\0\0\0\0\0\0\x07\
\x01\0\0\x68\xff\xff\xff\x69\x12\x0c\0\0\0\0\0\x6b\x2a\x48\xff\0\0\0\0\x69\x11\
\x0e\0\0\0\0\0\x6b\x1a\x30\xff\0\0\0\0\x7b\x9a\x60\xff\0\0\0\0\xb7\x07\0\0\0\0\
\0\0\x63\x7a\x5c\xff\0\0\0\0\xbf\xa2\0\0\0\0\0\0\x07\x02\0\0\x5c\xff\xff\xff\
\x18\x01\0\0\0\0\0\0\0\0\0\0\0\0\0\0\x85\0\0\0\x01\0\0\0\x15\0\x75\0\0\0\0\0\
\x7b\x0a\0\xff\0\0\0\0\xbf\x06\0\0\0\0\0\0\x7b\x76\x38\x02\0\0\0\0\x7b\x76\x30\
\x02\0\0\0\0\x7b\x76\x28\x02\0\0\0\0\x7b\x76\x20\x02\0\0\0\0\x7b\x76\x18\x02\0\
\0\0\0\x7b\x76\x10\x02\0\0\0\0\x7b\x76\x08\x02\0\0\0\0\x7b\x76\0\x02\0\0\0\0\
\x7b\x76\xf8\x01\0\0\0\0\x7b\x76\xf0\x01\0\0\0\0\x7b\x76\xe8\x01\0\0\0\0\x7b\
\x76\xe0\x01\0\0\0\0\x7b\x76\xd8\x01\0\0\0\0\x7b\x76\xd0\x01\0\0\0\0\x7b\x76\
\xc8\x01\0\0\0\0\x7b\x76\xc0\x01\0\0\0\0\x7b\x76\xb8\x01\0\0\0\0\x7b\x76\xb0\
\x01\0\0\0\0\x7b\x76\xa8\x01\0\0\0\0\x7b\x76\xa0\x01\0\0\0\0\x7b\x76\x98\x01\0\
\0\0\0\x7b\x76\x90\x01\0\0\0\0\x7b\x76\x88\x01\0\0\0\0\x7b\x76\x80\x01\0\0\0\0\
\x7b\x76\x78\x01\0\0\0\0\x7b\x76\x70\x01\0\0\0\0\x7b\x76\x68\x01\0\0\0\0\x7b\
\x76\x60\x01\0\0\0\0\x7b\x76\x58\x01\0\0\0\0\x7b\x76\x50\x01\0\0\0\0\x7b\x76\
\x48\x01\0\0\0\0\x7b\x76\x40\x01\0\0\0\0\x7b\x76\x38\x01\0\0\0\0\x7b\x76\x30\
\x01\0\0\0\0\x7b\x76\x28\x01\0\0\0\0\x7b\x76\x20\x01\0\0\0\0\x7b\x76\x18\x01\0\
\0\0\0\x7b\x76\x10\x01\0\0\0\0\x7b\x76\x08\x01\0\0\0\0\x7b\x76\0\x01\0\0\0\0\
\x7b\x76\xf8\0\0\0\0\0\x7b\x76\xf0\0\0\0\0\0\x7b\x76\xe8\0\0\0\0\0\x7b\x76\xe0\
\0\0\0\0\0\x7b\x76\xd8\0\0\0\0\0\x7b\x76\xd0\0\0\0\0\0\x7b\x76\xc8\0\0\0\0\0\
\x7b\x76\xc0\0\0\0\0\0\x7b\x76\xb8\0\0\0\0\0\x7b\x76\xb0\0\0\0\0\0\x7b\x76\xa8\
\0\0\0\0\0\x7b\x76\xa0\0\0\0\0\0\x7b\x76\x98\0\0\0\0\0\x7b\x76\x90\0\0\0\0\0\
\x7b\x76\x88\0\0\0\0\0\x7b\x76\x80\0\0\0\0\0\x7b\x76\x78\0\0\0\0\0\x7b\x76\x70\
\0\0\0\0\0\x7b\x76\x68\0\0\0\0\0\x7b\x76\x60\0\0\0\0\0\x7b\x76\x58\0\0\0\0\0\
\x7b\x76\x50\0\0\0\0\0\x7b\x76\x48\0\0\0\0\0\x7b\x76\x40\0\0\0\0\0\x7b\x76\x38\
\0\0\0\0\0\x7b\x76\x30\0\0\0\0\0\x7b\x76\x28\0\0\0\0\0\x7b\x76\x20\0\0\0\0\0\
\x7b\x76\x18\0\0\0\0\0\x7b\x76\x10\0\0\0\0\0\x7b\x76\x08\0\0\0\0\0\x7b\x76\0\0\
\0\0\0\0\x85\0\0\0\x23\0\0\0\x7b\x0a\x10\xff\0\0\0\0\xb7\x01\0\0\x18\0\0\0\xbf\
\x93\0\0\0\0\0\0\x0f\x13\0\0\0\0\0\0\xbf\xa1\0\0\0\0\0\0\x07\x01\0\0\x68\xff\
\xff\xff\xb7\x02\0\0\x08\0\0\0\x85\0\0\0\x71\0\0\0\xb7\x01\0\0\x04\0\0\0\x0f\
\x19\0\0\0\0\0\0\x79\xa7\x68\xff\0\0\0\0\xbf\xa1\0\0\0\0\0\0\x07\x01\0\0\x68\
\xff\xff\xff\xb7\x02\0\0\x02\0\0\0\xbf\x93\0\0\0\0\0\0\x85\0\0\0\x71\0\0\0\xb7\
\x01\0\0\0\0\0\0\xbf\x73\0\0\0\0\0\0\x0f\x13\0\0\0\0\0\0\x69\xa8\x68\xff\0\0\0\
\0\xbf\xa9\0\0\0\0\0\0\x07\x09\0\0\x68\xff\xff\xff\xbf\x91\0\0\0\0\0\0\xb7\x02\
\0\0\x88\0\0\0\x85\0\0\0\x71\0\0\0\x69\x99\x10\0\0\0\0\0\x63\x96\x04\0\0\0\0\0\
\xb7\x01\0\0\x24\x02\0\0\x0f\x17\0\0\0\0\0\0\xbf\xa1\0\0\0\0\0\0\x07\x01\0\0\
\xf8\xff\xff\xff\xb7\x02\0\0\x02\0\0\0\xbf\x73\0\0\0\0\0\0\x85\0\0\0\x71\0\0\0\
\x67\x08\0\0\x30\0\0\0\xc7\x08\0\0\x30\0\0\0\x69\xa2\xf8\xff\0\0\0\0\x65\x02\
\x0f\0\x05\0\0\0\x15\x02\x19\0\0\0\0\0\xb7\x01\0\0\x01\0\0\0\x15\x02\x22\0\x01\
\0\0\0\x05\0\x0d\0\0\0\0\0\x18\x01\0\0\x88\x01\0\0\0\0\0\0\0\0\0\0\xb7\x02\0\0\
\x58\0\0\0\x18\x03\0\0\x0c\0\0\0\0\0\0\0\0\0\0\0\x85\0\0\0\x06\0\0\0\x18\x01\0\
\0\xe0\x01\0\0\0\0\0\0\0\0\0\0\xb7\x02\0\0\x35\0\0\0\x85\0\0\0\x06\0\0\0\x05\0\
\xd3\0\0\0\0\0\x15\x02\x08\0\x06\0\0\0\x15\x02\x11\0\x11\0\0\0\xb7\x02\0\0\x3a\
\0\0\0\x15\x08\x01\0\x3a\0\0\0\xb7\x02\0\0\xfc\0\0\0\xb7\x01\0\0\xfb\0\0\0\x15\
\x08\x0f\0\x03\0\0\0\xbf\x21\0\0\0\0\0\0\x05\0\x0d\0\0\0\0\0\xb7\x01\0\0\x06\0\
\0\0\x05\0\x0b\0\0\0\0\0\x15\x09\x01\0\x0a\0\0\0\x55\x09\x08\0\x02\0\0\0\xb7\
\x01\0\0\x06\0\0\0\x15\x08\x07\0\x01\0\0\0\x67\x08\0\0\x20\0\0\0\x77\x08\0\0\
\x20\0\0\0\x15\x08\x74\x01\x03\0\0\0\x55\x08\x02\0\x02\0\0\0\xb7\x01\0\0\x11\0\
\0\0\x05\0\x01\0\0\0\0\0\xb7\x01\0\0\xfc\0\0\0\x7b\x6a\x08\xff\0\0\0\0\x63\x16\
\x08\0\0\0\0\0\xb7\x01\0\0\x18\x06\0\0\x79\xa3\x10\xff\0\0\0\0\x0f\x13\0\0\0\0\
\0\0\xbf\xa1\0\0\0\0\0\0\x07\x01\0\0\xf0\xff\xff\xff\xb7\x02\0\0\x08\0\0\0\x85\
\0\0\0\x71\0\0\0\xb7\x01\0\0\x48\x06\0\0\x79\xa3\xf0\xff\0\0\0\0\x0f\x13\0\0\0\
\0\0\0\xbf\xa1\0\0\0\0\0\0\x07\x01\0\0\xf8\xff\xff\xff\xb7\x02\0\0\x08\0\0\0\
\x85\0\0\0\x71\0\0\0\xb7\x07\0\0\x40\0\0\0\x79\xa8\xf8\xff\0\0\0\0\x05\0\x06\0\
\0\0\0\0\x07\x07\0\0\xff\xff\xff\xff\xbf\x71\0\0\0\0\0\0\x67\x01\0\0\x20\0\0\0\
\x77\x01\0\0\x20\0\0\0\xbf\x98\0\0\0\0\0\0\x15\x01\x20\0\0\0\0\0\xbf\x83\0\0\0\
\0\0\0\xb7\x01\0\0\x18\x06\0\0\x0f\x13\0\0\0\0\0\0\xbf\xa1\0\0\0\0\0\0\x07\x01\
\0\0\xf0\xff\xff\xff\xb7\x02\0\0\x08\0\0\0\x85\0\0\0\x71\0\0\0\x79\xa3\xf0\xff\
\0\0\0\0\xb7\x01\0\0\x48\x06\0\0\x0f\x13\0\0\0\0\0\0\xbf\xa1\0\0\0\0\0\0\x07\
\x01\0\0\xf8\xff\xff\xff\xb7\x02\0\0\x08\0\0\0\x85\0\0\0\x71\0\0\0\x79\xa9\xf8\
\xff\0\0\0\0\x15\x09\x10\0\0\0\0\0\xbf\x83\0\0\0\0\0\0\xb7\x06\0\0\0\x09\0\0\
\x0f\x63\0\0\0\0\0\0\xbf\xa1\0\0\0\0\0\0\x07\x01\0\0\xf8\xff\xff\xff\xb7\x02\0\
\0\x08\0\0\0\x85\0\0\0\x71\0\0\0\xbf\x93\0\0\0\0\0\0\x0f\x63\0\0\0\0\0\0\x79\
\xa6\xf8\xff\0\0\0\0\xbf\xa1\0\0\0\0\0\0\x07\x01\0\0\xf8\xff\xff\xff\xb7\x02\0\
\0\x08\0\0\0\x85\0\0\0\x71\0\0\0\x79\xa1\xf8\xff\0\0\0\0\x1d\x16\xda\xff\0\0\0\
\0\xb7\x07\0\0\x0c\x06\0\0\xbf\x83\0\0\0\0\0\0\x0f\x73\0\0\0\0\0\0\xbf\xa1\0\0\
\0\0\0\0\x07\x01\0\0\xf8\xff\xff\xff\xb7\x02\0\0\x04\0\0\0\x85\0\0\0\x71\0\0\0\
\x61\xa1\xf8\xff\0\0\0\0\x79\xa6\x08\xff\0\0\0\0\x63\x16\x14\0\0\0\0\0\xb7\x09\
\0\0\x40\x07\0\0\x0f\x98\0\0\0\0\0\0\xbf\xa1\0\0\0\0\0\0\x07\x01\0\0\xf8\xff\
\xff\xff\xb7\x02\0\0\x08\0\0\0\xbf\x83\0\0\0\0\0\0\x85\0\0\0\x71\0\0\0\x79\xa1\
\xf8\xff\0\0\0\0\x7b\x16\x20\0\0\0\0\0\xb7\x01\0\0\x48\x06\0\0\x79\xa8\x10\xff\
\0\0\0\0\xbf\x83\0\0\0\0\0\0\x0f\x13\0\0\0\0\0\0\xbf\xa1\0\0\0\0\0\0\x07\x01\0\
\0\xf0\xff\xff\xff\xb7\x02\0\0\x08\0\0\0\x85\0\0\0\x71\0\0\0\x79\xa3\xf0\xff\0\
\0\0\0\x0f\x93\0\0\0\0\0\0\xbf\xa1\0\0\0\0\0\0\x07\x01\0\0\xf8\xff\xff\xff\xb7\
\x02\0\0\x08\0\0\0\x85\0\0\0\x71\0\0\0\x79\xa1\xf8\xff\0\0\0\0\x7b\x16\x18\0\0\
\0\0\0\xbf\x83\0\0\0\0\0\0\x0f\x73\0\0\0\0\0\0\xbf\xa1\0\0\0\0\0\0\x07\x01\0\0\
\xf8\xff\xff\xff\xb7\x02\0\0\x04\0\0\0\x85\0\0\0\x71\0\0\0\x61\xa1\xf8\xff\0\0\
\0\0\x63\x16\x10\0\0\0\0\0\xb7\x01\0\0\xe8\x07\0\0\xbf\x87\0\0\0\0\0\0\x0f\x17\
\0\0\0\0\0\0\xbf\xa1\0\0\0\0\0\0\x07\x01\0\0\xf8\xff\xff\xff\xb7\x02\0\0\x08\0\
\0\0\xbf\x73\0\0\0\0\0\0\x85\0\0\0\x71\0\0\0\xb7\x01\0\0\x14\0\0\0\x79\xa3\xf8\
\xff\0\0\0\0\x0f\x13\0\0\0\0\0\0\xbf\xa1\0\0\0\0\0\0\x07\x01\0\0\xf0\xff\xff\
\xff\xb7\x02\0\0\x04\0\0\0\x85\0\0\0\x71\0\0\0\x61\xa1\xf0\xff\0\0\0\0\x63\x16\
\x2c\x02\0\0\0\0\xbf\xa1\0\0\0\0\0\0\x07\x01\0\0\xf8\xff\xff\xff\xb7\x02\0\0\
\x08\0\0\0\xbf\x73\0\0\0\0\0\0\x85\0\0\0\x71\0\0\0\xb7\x01\0\0\x18\0\0\0\x79\
\xa3\xf8\xff\0\0\0\0\x0f\x13\0\0\0\0\0\0\xbf\xa1\0\0\0\0\0\0\x07\x01\0\0\xf0\
\xff\xff\xff\xb7\x02\0\0\x04\0\0\0\x85\0\0\0\x71\0\0\0\x61\xa1\xf0\xff\0\0\0\0\
\x63\x16\x30\x02\0\0\0\0\xb7\x01\0\0\x50\x05\0\0\x0f\x18\0\0\0\0\0\0\xbf\xa1\0\
\0\0\0\0\0\x07\x01\0\0\xf0\xff\xff\xff\xb7\x02\0\0\x08\0\0\0\xbf\x83\0\0\0\0\0\
\0\x85\0\0\0\x71\0\0\0\xb7\x01\0\0\x38\x01\0\0\x79\xa3\xf0\xff\0\0\0\0\x0f\x13\
\0\0\0\0\0\0\xbf\xa1\0\0\0\0\0\0\x07\x01\0\0\xf8\xff\xff\xff\xb7\x02\0\0\x08\0\
\0\0\x85\0\0\0\x71\0\0\0\x79\xa9\xf8\xff\0\0\0\0\xbf\xa1\0\0\0\0\0\0\x07\x01\0\
\0\xf0\xff\xff\xff\xb7\x02\0\0\x08\0\0\0\xbf\x83\0\0\0\0\0\0\x85\0\0\0\x71\0\0\
\0\xb7\x01\0\0\x40\x01\0\0\x79\xa3\xf0\xff\0\0\0\0\x0f\x13\0\0\0\0\0\0\xbf\xa1\
\0\0\0\0\0\0\x07\x01\0\0\xf8\xff\xff\xff\xb7\x02\0\0\x08\0\0\0\x85\0\0\0\x71\0\
\0\0\x79\xa2\xf8\xff\0\0\0\0\x1f\x92\0\0\0\0\0\0\xb7\x01\0\0\0\x02\0\0\x2d\x21\
\x01\0\0\0\0\0\xb7\x02\0\0\0\x02\0\0\x63\x26\x28\x02\0\0\0\0\x79\xa1\0\xff\0\0\
\0\0\x07\x01\0\0\x28\0\0\0\xbf\x93\0\0\0\0\0\0\x85\0\0\0\x70\0\0\0\x61\x61\x28\
\x02\0\0\0\0\x55\x01\x02\0\0\x02\0\0\xb7\x01\0\0\0\0\0\0\x73\x16\x27\x02\0\0\0\
\0\xb7\x07\0\0\0\0\0\0\x73\x76\x38\x02\0\0\0\0\xbf\xa2\0\0\0\0\0\0\x07\x02\0\0\
\x60\xff\xff\xff\xb7\x08\0\0\x01\0\0\0\x18\x01\0\0\0\0\0\0\0\0\0\0\0\0\0\0\xbf\
\x63\0\0\0\0\0\0\xb7\x04\0\0\x01\0\0\0\x85\0\0\0\x02\0\0\0\xbf\xa2\0\0\0\0\0\0\
\x07\x02\0\0\x18\xff\xff\xff\x18\x01\0\0\0\0\0\0\0\0\0\0\0\0\0\0\x85\0\0\0\x01\
\0\0\0\x15\0\x03\0\0\0\0\0\x63\x80\0\0\0\0\0\0\xb7\0\0\0\0\0\0\0\x95\0\0\0\0\0\
\0\0\x63\x7a\xf8\xff\0\0\0\0\xbf\xa2\0\0\0\0\0\0\x07\x02\0\0\xf8\xff\xff\xff\
\x18\x01\0\0\0\0\0\0\0\0\0\0\0\0\0\0\x85\0\0\0\x01\0\0\0\xbf\x06\0\0\0\0\0\0\
\x55\x06\x04\0\0\0\0\0\x18\x01\0\0\x92\0\0\0\0\0\0\0\0\0\0\0\xb7\x02\0\0\x3d\0\
\0\0\x05\0\x1d\xff\0\0\0\0\xb7\x01\0\0\0\0\0\0\x63\x16\x08\0\0\0\0\0\x73\x16\
\x38\x02\0\0\0\0\xb7\x01\0\0\x01\0\0\0\x7b\x16\0\0\0\0\0\0\x79\xa1\x50\xff\0\0\
\0\0\x7b\x1a\x68\xff\0\0\0\0\xbf\xa2\0\0\0\0\0\0\x07\x02\0\0\x68\xff\xff\xff\
\x18\x01\0\0\0\0\0\0\0\0\0\0\0\0\0\0\x85\0\0\0\x01\0\0\0\x15\0\xe5\xff\0\0\0\0\
\x79\x01\x30\x02\0\0\0\0\x7b\x16\x30\x02\0\0\0\0\x79\x01\x28\x02\0\0\0\0\x7b\
\x16\x28\x02\0\0\0\0\x79\x01\x20\x02\0\0\0\0\x7b\x16\x20\x02\0\0\0\0\x79\x01\
\x18\x02\0\0\0\0\x7b\x16\x18\x02\0\0\0\0\x79\x01\x10\x02\0\0\0\0\x7b\x16\x10\
\x02\0\0\0\0\x79\x01\x08\x02\0\0\0\0\x7b\x16\x08\x02\0\0\0\0\x79\x01\0\x02\0\0\
\0\0\x7b\x16\0\x02\0\0\0\0\x79\x01\xf8\x01\0\0\0\0\x7b\x16\xf8\x01\0\0\0\0\x79\
\x01\xf0\x01\0\0\0\0\x7b\x16\xf0\x01\0\0\0\0\x79\x01\xe8\x01\0\0\0\0\x7b\x16\
\xe8\x01\0\0\0\0\x79\x01\xe0\x01\0\0\0\0\x7b\x16\xe0\x01\0\0\0\0\x79\x01\xd8\
\x01\0\0\0\0\x7b\x16\xd8\x01\0\0\0\0\x79\x01\xd0\x01\0\0\0\0\x7b\x16\xd0\x01\0\
\0\0\0\x79\x01\xc8\x01\0\0\0\0\x7b\x16\xc8\x01\0\0\0\0\x79\x01\xc0\x01\0\0\0\0\
\x7b\x16\xc0\x01\0\0\0\0\x79\x01\xb8\x01\0\0\0\0\x7b\x16\xb8\x01\0\0\0\0\x79\
\x01\xb0\x01\0\0\0\0\x7b\x16\xb0\x01\0\0\0\0\x79\x01\xa8\x01\0\0\0\0\x7b\x16\
\xa8\x01\0\0\0\0\x79\x01\xa0\x01\0\0\0\0\x7b\x16\xa0\x01\0\0\0\0\x79\x01\x98\
\x01\0\0\0\0\x7b\x16\x98\x01\0\0\0\0\x79\x01\x90\x01\0\0\0\0\x7b\x16\x90\x01\0\
\0\0\0\x79\x01\x88\x01\0\0\0\0\x7b\x16\x88\x01\0\0\0\0\x79\x01\x80\x01\0\0\0\0\
\x7b\x16\x80\x01\0\0\0\0\x79\x01\x78\x01\0\0\0\0\x7b\x16\x78\x01\0\0\0\0\x79\
\x01\x70\x01\0\0\0\0\x7b\x16\x70\x01\0\0\0\0\x79\x01\x68\x01\0\0\0\0\x7b\x16\
\x68\x01\0\0\0\0\x79\x01\x60\x01\0\0\0\0\x7b\x16\x60\x01\0\0\0\0\x79\x01\x58\
\x01\0\0\0\0\x7b\x16\x58\x01\0\0\0\0\x79\x01\x50\x01\0\0\0\0\x7b\x16\x50\x01\0\
\0\0\0\x79\x01\x48\x01\0\0\0\0\x7b\x16\x48\x01\0\0\0\0\x79\x01\x40\x01\0\0\0\0\
\x7b\x16\x40\x01\0\0\0\0\x79\x01\x38\x01\0\0\0\0\x7b\x16\x38\x01\0\0\0\0\x79\
\x01\x30\x01\0\0\0\0\x7b\x16\x30\x01\0\0\0\0\x79\x01\x28\x01\0\0\0\0\x7b\x16\
\x28\x01\0\0\0\0\x79\x01\x20\x01\0\0\0\0\x7b\x16\x20\x01\0\0\0\0\x79\x01\x18\
\x01\0\0\0\0\x7b\x16\x18\x01\0\0\0\0\x79\x01\x10\x01\0\0\0\0\x7b\x16\x10\x01\0\
\0\0\0\x79\x01\x08\x01\0\0\0\0\x7b\x16\x08\x01\0\0\0\0\x79\x01\0\x01\0\0\0\0\
\x7b\x16\0\x01\0\0\0\0\x79\x01\xf8\0\0\0\0\0\x7b\x16\xf8\0\0\0\0\0\x79\x01\xf0\
\0\0\0\0\0\x7b\x16\xf0\0\0\0\0\0\x79\x01\xe8\0\0\0\0\0\x7b\x16\xe8\0\0\0\0\0\
\x79\x01\xe0\0\0\0\0\0\x7b\x16\xe0\0\0\0\0\0\x79\x01\xd8\0\0\0\0\0\x7b\x16\xd8\
\0\0\0\0\0\x79\x01\xd0\0\0\0\0\0\x7b\x16\xd0\0\0\0\0\0\x79\x01\xc8\0\0\0\0\0\
\x7b\x16\xc8\0\0\0\0\0\x79\x01\xc0\0\0\0\0\0\x7b\x16\xc0\0\0\0\0\0\x79\x01\xb8\
\0\0\0\0\0\x7b\x16\xb8\0\0\0\0\0\x79\x01\xb0\0\0\0\0\0\x7b\x16\xb0\0\0\0\0\0\
\x79\x01\xa8\0\0\0\0\0\x7b\x16\xa8\0\0\0\0\0\x79\x01\xa0\0\0\0\0\0\x7b\x16\xa0\
\0\0\0\0\0\x79\x01\x98\0\0\0\0\0\x7b\x16\x98\0\0\0\0\0\x79\x01\x90\0\0\0\0\0\
\x7b\x16\x90\0\0\0\0\0\x79\x01\x88\0\0\0\0\0\x7b\x16\x88\0\0\0\0\0\x79\x01\x80\
\0\0\0\0\0\x7b\x16\x80\0\0\0\0\0\x79\x01\x78\0\0\0\0\0\x7b\x16\x78\0\0\0\0\0\
\x79\x01\x70\0\0\0\0\0\x7b\x16\x70\0\0\0\0\0\x79\x01\x68\0\0\0\0\0\x7b\x16\x68\
\0\0\0\0\0\x79\x01\x60\0\0\0\0\0\x7b\x16\x60\0\0\0\0\0\x79\x01\x58\0\0\0\0\0\
\x7b\x16\x58\0\0\0\0\0\x79\x01\x50\0\0\0\0\0\x7b\x16\x50\0\0\0\0\0\x79\x01\x48\
\0\0\0\0\0\x7b\x16\x48\0\0\0\0\0\x79\x01\x40\0\0\0\0\0\x7b\x16\x40\0\0\0\0\0\
\x79\x01\x38\0\0\0\0\0\x7b\x16\x38\0\0\0\0\0\x79\x01\x30\0\0\0\0\0\x7b\x16\x30\
\0\0\0\0\0\x79\x01\x28\0\0\0\0\0\x7b\x16\x28\0\0\0\0\0\x79\x01\x20\0\0\0\0\0\
\x7b\x16\x20\0\0\0\0\0\x79\x01\x18\0\0\0\0\0\x7b\x16\x18\0\0\0\0\0\x79\x01\x10\
\0\0\0\0\0\x7b\x16\x10\0\0\0\0\0\xbf\xa2\0\0\0\0\0\0\x07\x02\0\0\x18\xff\xff\
\xff\x18\x01\0\0\0\0\0\0\0\0\0\0\0\0\0\0\xbf\x63\0\0\0\0\0\0\xb7\x04\0\0\x01\0\
\0\0\x85\0\0\0\x02\0\0\0\x65\0\x53\xff\xff\xff\xff\xff\x18\x01\0\0\xcf\0\0\0\0\
\0\0\0\0\0\0\0\xb7\x02\0\0\x3c\0\0\0\x05\0\x7a\xfe\0\0\0\0\xb7\x02\0\0\xfb\0\0\
\0\x05\0\xd1\xfd\0\0\0\0\xb7\x01\0\0\xfb\0\0\0\x05\0\x8e\xfe\0\0\0\0\x79\x11\0\
\0\0\0\0\0\x7b\x1a\xf8\xff\0\0\0\0\xbf\xa2\0\0\0\0\0\0\x07\x02\0\0\xf8\xff\xff\
\xff\x18\x01\0\0\0\0\0\0\0\0\0\0\0\0\0\0\x85\0\0\0\x03\0\0\0\x55\0\x05\0\xff\
\xff\xff\xff\x79\xa3\xf8\xff\0\0\0\0\x18\x01\0\0\x15\x02\0\0\0\0\0\0\0\0\0\0\
\xb7\x02\0\0\x34\0\0\0\x85\0\0\0\x06\0\0\0\xb7\0\0\0\0\0\0\0\x95\0\0\0\0\0\0\0\
\xb7\x02\0\0\x18\0\0\0\x79\x18\0\0\0\0\0\0\xbf\x89\0\0\0\0\0\0\x0f\x29\0\0\0\0\
\0\0\xbf\xa1\0\0\0\0\0\0\x07\x01\0\0\x68\xff\xff\xff\xb7\x02\0\0\x08\0\0\0\xbf\
\x93\0\0\0\0\0\0\x85\0\0\0\x71\0\0\0\x7b\x8a\x60\xff\0\0\0\0\xb7\x07\0\0\0\0\0\
\0\x63\x7a\x5c\xff\0\0\0\0\xbf\xa2\0\0\0\0\0\0\x07\x02\0\0\x5c\xff\xff\xff\x18\
\x01\0\0\0\0\0\0\0\0\0\0\0\0\0\0\x85\0\0\0\x01\0\0\0\x15\0\x75\0\0\0\0\0\x7b\
\x0a\x38\xff\0\0\0\0\xbf\x06\0\0\0\0\0\0\x7b\x76\x38\x02\0\0\0\0\x7b\x76\x30\
\x02\0\0\0\0\x7b\x76\x28\x02\0\0\0\0\x7b\x76\x20\x02\0\0\0\0\x7b\x76\x18\x02\0\
\0\0\0\x7b\x76\x10\x02\0\0\0\0\x7b\x76\x08\x02\0\0\0\0\x7b\x76\0\x02\0\0\0\0\
\x7b\x76\xf8\x01\0\0\0\0\x7b\x76\xf0\x01\0\0\0\0\x7b\x76\xe8\x01\0\0\0\0\x7b\
\x76\xe0\x01\0\0\0\0\x7b\x76\xd8\x01\0\0\0\0\x7b\x76\xd0\x01\0\0\0\0\x7b\x76\
\xc8\x01\0\0\0\0\x7b\x76\xc0\x01\0\0\0\0\x7b\x76\xb8\x01\0\0\0\0\x7b\x76\xb0\
\x01\0\0\0\0\x7b\x76\xa8\x01\0\0\0\0\x7b\x76\xa0\x01\0\0\0\0\x7b\x76\x98\x01\0\
\0\0\0\x7b\x76\x90\x01\0\0\0\0\x7b\x76\x88\x01\0\0\0\0\x7b\x76\x80\x01\0\0\0\0\
\x7b\x76\x78\x01\0\0\0\0\x7b\x76\x70\x01\0\0\0\0\x7b\x76\x68\x01\0\0\0\0\x7b\
\x76\x60\x01\0\0\0\0\x7b\x76\x58\x01\0\0\0\0\x7b\x76\x50\x01\0\0\0\0\x7b\x76\
\x48\x01\0\0\0\0\x7b\x76\x40\x01\0\0\0\0\x7b\x76\x38\x01\0\0\0\0\x7b\x76\x30\
\x01\0\0\0\0\x7b\x76\x28\x01\0\0\0\0\x7b\x76\x20\x01\0\0\0\0\x7b\x76\x18\x01\0\
\0\0\0\x7b\x76\x10\x01\0\0\0\0\x7b\x76\x08\x01\0\0\0\0\x7b\x76\0\x01\0\0\0\0\
\x7b\x76\xf8\0\0\0\0\0\x7b\x76\xf0\0\0\0\0\0\x7b\x76\xe8\0\0\0\0\0\x7b\x76\xe0\
\0\0\0\0\0\x7b\x76\xd8\0\0\0\0\0\x7b\x76\xd0\0\0\0\0\0\x7b\x76\xc8\0\0\0\0\0\
\x7b\x76\xc0\0\0\0\0\0\x7b\x76\xb8\0\0\0\0\0\x7b\x76\xb0\0\0\0\0\0\x7b\x76\xa8\
\0\0\0\0\0\x7b\x76\xa0\0\0\0\0\0\x7b\x76\x98\0\0\0\0\0\x7b\x76\x90\0\0\0\0\0\
\x7b\x76\x88\0\0\0\0\0\x7b\x76\x80\0\0\0\0\0\x7b\x76\x78\0\0\0\0\0\x7b\x76\x70\
\0\0\0\0\0\x7b\x76\x68\0\0\0\0\0\x7b\x76\x60\0\0\0\0\0\x7b\x76\x58\0\0\0\0\0\
\x7b\x76\x50\0\0\0\0\0\x7b\x76\x48\0\0\0\0\0\x7b\x76\x40\0\0\0\0\0\x7b\x76\x38\
\0\0\0\0\0\x7b\x76\x30\0\0\0\0\0\x7b\x76\x28\0\0\0\0\0\x7b\x76\x20\0\0\0\0\0\
\x7b\x76\x18\0\0\0\0\0\x7b\x76\x10\0\0\0\0\0\x7b\x76\x08\0\0\0\0\0\x7b\x76\0\0\
\0\0\0\0\x85\0\0\0\x23\0\0\0\x7b\x0a\x40\xff\0\0\0\0\xbf\xa1\0\0\0\0\0\0\x07\
\x01\0\0\x68\xff\xff\xff\xb7\x02\0\0\x08\0\0\0\xbf\x93\0\0\0\0\0\0\x85\0\0\0\
\x71\0\0\0\xb7\x01\0\0\x04\0\0\0\x7b\x8a\x50\xff\0\0\0\0\xbf\x83\0\0\0\0\0\0\
\x0f\x13\0\0\0\0\0\0\x79\xa9\x68\xff\0\0\0\0\xbf\xa1\0\0\0\0\0\0\x07\x01\0\0\
\x68\xff\xff\xff\xb7\x02\0\0\x02\0\0\0\x85\0\0\0\x71\0\0\0\xb7\x01\0\0\0\0\0\0\
\xbf\x93\0\0\0\0\0\0\x0f\x13\0\0\0\0\0\0\x69\xa8\x68\xff\0\0\0\0\xbf\xa7\0\0\0\
\0\0\0\x07\x07\0\0\x68\xff\xff\xff\xbf\x71\0\0\0\0\0\0\xb7\x02\0\0\x88\0\0\0\
\x85\0\0\0\x71\0\0\0\x69\x77\x10\0\0\0\0\0\x7b\x6a\x48\xff\0\0\0\0\x63\x76\x04\
\0\0\0\0\0\xb7\x01\0\0\x24\x02\0\0\x0f\x19\0\0\0\0\0\0\xbf\xa1\0\0\0\0\0\0\x07\
\x01\0\0\xf8\xff\xff\xff\xb7\x02\0\0\x02\0\0\0\xbf\x93\0\0\0\0\0\0\x85\0\0\0\
\x71\0\0\0\x67\x08\0\0\x30\0\0\0\xc7\x08\0\0\x30\0\0\0\x69\xa2\xf8\xff\0\0\0\0\
\x65\x02\x0f\0\x05\0\0\0\x15\x02\x19\0\0\0\0\0\xb7\x01\0\0\x01\0\0\0\x15\x02\
\x22\0\x01\0\0\0\x05\0\x0d\0\0\0\0\0\x18\x01\0\0\x88\x01\0\0\0\0\0\0\0\0\0\0\
\xb7\x02\0\0\x58\0\0\0\x18\x03\0\0\x19\0\0\0\0\0\0\0\0\0\0\0\x85\0\0\0\x06\0\0\
\0\x18\x01\0\0\x49\x02\0\0\0\0\0\0\0\0\0\0\xb7\x02\0\0\x37\0\0\0\x85\0\0\0\x06\
\0\0\0\x05\0\xd6\0\0\0\0\0\x15\x02\x08\0\x06\0\0\0\x15\x02\x11\0\x11\0\0\0\xb7\
\x02\0\0\x3a\0\0\0\x15\x08\x01\0\x3a\0\0\0\xb7\x02\0\0\xfc\0\0\0\xb7\x01\0\0\
\xfb\0\0\0\x15\x08\x0f\0\x03\0\0\0\xbf\x21\0\0\0\0\0\0\x05\0\x0d\0\0\0\0\0\xb7\
\x01\0\0\x06\0\0\0\x05\0\x0b\0\0\0\0\0\x15\x07\x01\0\x0a\0\0\0\x55\x07\x08\0\
\x02\0\0\0\xb7\x01\0\0\x06\0\0\0\x15\x08\x07\0\x01\0\0\0\x67\x08\0\0\x20\0\0\0\
\x77\x08\0\0\x20\0\0\0\x15\x08\xc6\0\x03\0\0\0\x55\x08\x02\0\x02\0\0\0\xb7\x01\
\0\0\x11\0\0\0\x05\0\x01\0\0\0\0\0\xb7\x01\0\0\xfc\0\0\0\x79\xa2\x50\xff\0\0\0\
\0\x79\xa2\x48\xff\0\0\0\0\x63\x12\x08\0\0\0\0\0\xb7\x01\0\0\x18\x06\0\0\x79\
\xa3\x40\xff\0\0\0\0\x0f\x13\0\0\0\0\0\0\xbf\xa1\0\0\0\0\0\0\x07\x01\0\0\xf0\
\xff\xff\xff\xb7\x02\0\0\x08\0\0\0\x85\0\0\0\x71\0\0\0\xb7\x01\0\0\x48\x06\0\0\
\x79\xa3\xf0\xff\0\0\0\0\x0f\x13\0\0\0\0\0\0\xbf\xa1\0\0\0\0\0\0\x07\x01\0\0\
\xf8\xff\xff\xff\xb7\x02\0\0\x08\0\0\0\x85\0\0\0\x71\0\0\0\xb7\x07\0\0\x40\0\0\
\0\x79\xa8\xf8\xff\0\0\0\0\x05\0\x06\0\0\0\0\0\x07\x07\0\0\xff\xff\xff\xff\xbf\
\x71\0\0\0\0\0\0\x67\x01\0\0\x20\0\0\0\x77\x01\0\0\x20\0\0\0\xbf\x98\0\0\0\0\0\
\0\x15\x01\x20\0\0\0\0\0\xbf\x83\0\0\0\0\0\0\xb7\x01\0\0\x18\x06\0\0\x0f\x13\0\
\0\0\0\0\0\xbf\xa1\0\0\0\0\0\0\x07\x01\0\0\xf0\xff\xff\xff\xb7\x02\0\0\x08\0\0\
\0\x85\0\0\0\x71\0\0\0\x79\xa3\xf0\xff\0\0\0\0\xb7\x01\0\0\x48\x06\0\0\x0f\x13\
\0\0\0\0\0\0\xbf\xa1\0\0\0\0\0\0\x07\x01\0\0\xf8\xff\xff\xff\xb7\x02\0\0\x08\0\
\0\0\x85\0\0\0\x71\0\0\0\x79\xa9\xf8\xff\0\0\0\0\x15\x09\x10\0\0\0\0\0\xbf\x83\
\0\0\0\0\0\0\xb7\x06\0\0\0\x09\0\0\x0f\x63\0\0\0\0\0\0\xbf\xa1\0\0\0\0\0\0\x07\
\x01\0\0\xf8\xff\xff\xff\xb7\x02\0\0\x08\0\0\0\x85\0\0\0\x71\0\0\0\xbf\x93\0\0\
\0\0\0\0\x0f\x63\0\0\0\0\0\0\x79\xa6\xf8\xff\0\0\0\0\xbf\xa1\0\0\0\0\0\0\x07\
\x01\0\0\xf8\xff\xff\xff\xb7\x02\0\0\x08\0\0\0\x85\0\0\0\x71\0\0\0\x79\xa1\xf8\
\xff\0\0\0\0\x1d\x16\xda\xff\0\0\0\0\xb7\x07\0\0\x0c\x06\0\0\xbf\x83\0\0\0\0\0\
\0\x0f\x73\0\0\0\0\0\0\xbf\xa1\0\0\0\0\0\0\x07\x01\0\0\xf8\xff\xff\xff\xb7\x02\
\0\0\x04\0\0\0\x85\0\0\0\x71\0\0\0\x61\xa1\xf8\xff\0\0\0\0\x79\xa4\x48\xff\0\0\
\0\0\x63\x14\x14\0\0\0\0\0\xb7\x09\0\0\x40\x07\0\0\x0f\x98\0\0\0\0\0\0\xbf\xa1\
\0\0\0\0\0\0\x07\x01\0\0\xf8\xff\xff\xff\xb7\x02\0\0\x08\0\0\0\xbf\x83\0\0\0\0\
\0\0\xbf\x48\0\0\0\0\0\0\x85\0\0\0\x71\0\0\0\x79\xa1\xf8\xff\0\0\0\0\x7b\x18\
\x20\0\0\0\0\0\xb7\x01\0\0\x48\x06\0\0\x79\xa6\x40\xff\0\0\0\0\xbf\x63\0\0\0\0\
\0\0\x0f\x13\0\0\0\0\0\0\xbf\xa1\0\0\0\0\0\0\x07\x01\0\0\xf0\xff\xff\xff\xb7\
\x02\0\0\x08\0\0\0\x85\0\0\0\x71\0\0\0\x79\xa3\xf0\xff\0\0\0\0\x0f\x93\0\0\0\0\
\0\0\xbf\xa1\0\0\0\0\0\0\x07\x01\0\0\xf8\xff\xff\xff\xb7\x02\0\0\x08\0\0\0\x85\
\0\0\0\x71\0\0\0\x79\xa1\xf8\xff\0\0\0\0\x7b\x18\x18\0\0\0\0\0\xbf\x63\0\0\0\0\
\0\0\x0f\x73\0\0\0\0\0\0\xbf\xa1\0\0\0\0\0\0\x07\x01\0\0\xf8\xff\xff\xff\xb7\
\x02\0\0\x04\0\0\0\x85\0\0\0\x71\0\0\0\x61\xa1\xf8\xff\0\0\0\0\x63\x18\x10\0\0\
\0\0\0\xb7\x01\0\0\xe8\x07\0\0\xbf\x69\0\0\0\0\0\0\x0f\x19\0\0\0\0\0\0\xbf\xa1\
\0\0\0\0\0\0\x07\x01\0\0\xf8\xff\xff\xff\xb7\x02\0\0\x08\0\0\0\xbf\x93\0\0\0\0\
\0\0\x85\0\0\0\x71\0\0\0\xb7\x01\0\0\x14\0\0\0\x79\xa3\xf8\xff\0\0\0\0\x0f\x13\
\0\0\0\0\0\0\xbf\xa1\0\0\0\0\0\0\x07\x01\0\0\xf0\xff\xff\xff\xb7\x02\0\0\x04\0\
\0\0\x85\0\0\0\x71\0\0\0\x61\xa1\xf0\xff\0\0\0\0\x63\x18\x2c\x02\0\0\0\0\xbf\
\xa1\0\0\0\0\0\0\x07\x01\0\0\xf8\xff\xff\xff\xb7\x02\0\0\x08\0\0\0\xbf\x93\0\0\
\0\0\0\0\x85\0\0\0\x71\0\0\0\xb7\x01\0\0\x18\0\0\0\x79\xa3\xf8\xff\0\0\0\0\x0f\
\x13\0\0\0\0\0\0\xbf\xa1\0\0\0\0\0\0\x07\x01\0\0\xf0\xff\xff\xff\xb7\x02\0\0\
\x04\0\0\0\x85\0\0\0\x71\0\0\0\x61\xa1\xf0\xff\0\0\0\0\x63\x18\x30\x02\0\0\0\0\
\xb7\x01\0\0\x50\x05\0\0\x0f\x16\0\0\0\0\0\0\xbf\xa1\0\0\0\0\0\0\x07\x01\0\0\
\xf0\xff\xff\xff\xb7\x02\0\0\x08\0\0\0\xbf\x63\0\0\0\0\0\0\x85\0\0\0\x71\0\0\0\
\xb7\x01\0\0\x38\x01\0\0\x79\xa3\xf0\xff\0\0\0\0\x0f\x13\0\0\0\0\0\0\xbf\xa1\0\
\0\0\0\0\0\x07\x01\0\0\xf8\xff\xff\xff\xb7\x02\0\0\x08\0\0\0\x85\0\0\0\x71\0\0\
\0\x79\xa9\xf8\xff\0\0\0\0\xbf\xa1\0\0\0\0\0\0\x07\x01\0\0\xf0\xff\xff\xff\xb7\
\x02\0\0\x08\0\0\0\xbf\x63\0\0\0\0\0\0\x85\0\0\0\x71\0\0\0\xb7\x01\0\0\x40\x01\
\0\0\x79\xa3\xf0\xff\0\0\0\0\x0f\x13\0\0\0\0\0\0\xbf\xa1\0\0\0\0\0\0\x07\x01\0\
\0\xf8\xff\xff\xff\xb7\x02\0\0\x08\0\0\0\x85\0\0\0\x71\0\0\0\x79\xa2\xf8\xff\0\
\0\0\0\x1f\x92\0\0\0\0\0\0\xb7\x01\0\0\0\x02\0\0\x2d\x21\x01\0\0\0\0\0\xb7\x02\
\0\0\0\x02\0\0\x63\x28\x28\x02\0\0\0\0\x79\xa1\x38\xff\0\0\0\0\x07\x01\0\0\x28\
\0\0\0\xbf\x93\0\0\0\0\0\0\x85\0\0\0\x70\0\0\0\x61\x81\x28\x02\0\0\0\0\x79\xa6\
\x50\xff\0\0\0\0\x55\x01\x02\0\0\x02\0\0\xb7\x01\0\0\0\0\0\0\x73\x18\x27\x02\0\
\0\0\0\xb7\x01\0\0\0\0\0\0\x73\x18\x38\x02\0\0\0\0\xbf\xa2\0\0\0\0\0\0\x07\x02\
\0\0\x60\xff\xff\xff\x18\x01\0\0\0\0\0\0\0\0\0\0\0\0\0\0\xbf\x83\0\0\0\0\0\0\
\xb7\x04\0\0\x01\0\0\0\x85\0\0\0\x02\0\0\0\x7b\x6a\x68\xff\0\0\0\0\xbf\xa2\0\0\
\0\0\0\0\x07\x02\0\0\x68\xff\xff\xff\x18\x01\0\0\0\0\0\0\0\0\0\0\0\0\0\0\xbf\
\x23\0\0\0\0\0\0\xb7\x04\0\0\x01\0\0\0\x85\0\0\0\x02\0\0\0\xb7\0\0\0\0\0\0\0\
\x95\0\0\0\0\0\0\0\xb7\x01\0\0\xfb\0\0\0\x05\0\x3c\xff\0\0\0\0\x79\x19\0\0\0\0\
\0\0\x7b\x9a\x60\xff\0\0\0\0\xb7\x07\0\0\0\0\0\0\x63\x7a\x5c\xff\0\0\0\0\xbf\
\xa2\0\0\0\0\0\0\x07\x02\0\0\x5c\xff\xff\xff\x18\x01\0\0\0\0\0\0\0\0\0\0\0\0\0\
\0\x85\0\0\0\x01\0\0\0\x15\0\x78\0\0\0\0\0\x7b\x0a\x38\xff\0\0\0\0\xbf\x06\0\0\
\0\0\0\0\x7b\x76\x38\x02\0\0\0\0\x7b\x76\x30\x02\0\0\0\0\x7b\x76\x28\x02\0\0\0\
\0\x7b\x76\x20\x02\0\0\0\0\x7b\x76\x18\x02\0\0\0\0\x7b\x76\x10\x02\0\0\0\0\x7b\
\x76\x08\x02\0\0\0\0\x7b\x76\0\x02\0\0\0\0\x7b\x76\xf8\x01\0\0\0\0\x7b\x76\xf0\
\x01\0\0\0\0\x7b\x76\xe8\x01\0\0\0\0\x7b\x76\xe0\x01\0\0\0\0\x7b\x76\xd8\x01\0\
\0\0\0\x7b\x76\xd0\x01\0\0\0\0\x7b\x76\xc8\x01\0\0\0\0\x7b\x76\xc0\x01\0\0\0\0\
\x7b\x76\xb8\x01\0\0\0\0\x7b\x76\xb0\x01\0\0\0\0\x7b\x76\xa8\x01\0\0\0\0\x7b\
\x76\xa0\x01\0\0\0\0\x7b\x76\x98\x01\0\0\0\0\x7b\x76\x90\x01\0\0\0\0\x7b\x76\
\x88\x01\0\0\0\0\x7b\x76\x80\x01\0\0\0\0\x7b\x76\x78\x01\0\0\0\0\x7b\x76\x70\
\x01\0\0\0\0\x7b\x76\x68\x01\0\0\0\0\x7b\x76\x60\x01\0\0\0\0\x7b\x76\x58\x01\0\
\0\0\0\x7b\x76\x50\x01\0\0\0\0\x7b\x76\x48\x01\0\0\0\0\x7b\x76\x40\x01\0\0\0\0\
\x7b\x76\x38\x01\0\0\0\0\x7b\x76\x30\x01\0\0\0\0\x7b\x76\x28\x01\0\0\0\0\x7b\
\x76\x20\x01\0\0\0\0\x7b\x76\x18\x01\0\0\0\0\x7b\x76\x10\x01\0\0\0\0\x7b\x76\
\x08\x01\0\0\0\0\x7b\x76\0\x01\0\0\0\0\x7b\x76\xf8\0\0\0\0\0\x7b\x76\xf0\0\0\0\
\0\0\x7b\x76\xe8\0\0\0\0\0\x7b\x76\xe0\0\0\0\0\0\x7b\x76\xd8\0\0\0\0\0\x7b\x76\
\xd0\0\0\0\0\0\x7b\x76\xc8\0\0\0\0\0\x7b\x76\xc0\0\0\0\0\0\x7b\x76\xb8\0\0\0\0\
\0\x7b\x76\xb0\0\0\0\0\0\x7b\x76\xa8\0\0\0\0\0\x7b\x76\xa0\0\0\0\0\0\x7b\x76\
\x98\0\0\0\0\0\x7b\x76\x90\0\0\0\0\0\x7b\x76\x88\0\0\0\0\0\x7b\x76\x80\0\0\0\0\
\0\x7b\x76\x78\0\0\0\0\0\x7b\x76\x70\0\0\0\0\0\x7b\x76\x68\0\0\0\0\0\x7b\x76\
\x60\0\0\0\0\0\x7b\x76\x58\0\0\0\0\0\x7b\x76\x50\0\0\0\0\0\x7b\x76\x48\0\0\0\0\
\0\x7b\x76\x40\0\0\0\0\0\x7b\x76\x38\0\0\0\0\0\x7b\x76\x30\0\0\0\0\0\x7b\x76\
\x28\0\0\0\0\0\x7b\x76\x20\0\0\0\0\0\x7b\x76\x18\0\0\0\0\0\x7b\x76\x10\0\0\0\0\
\0\x7b\x76\x08\0\0\0\0\0\x7b\x76\0\0\0\0\0\0\x85\0\0\0\x23\0\0\0\x7b\x0a\x48\
\xff\0\0\0\0\xb7\x01\0\0\x18\0\0\0\xbf\x93\0\0\0\0\0\0\x0f\x13\0\0\0\0\0\0\xbf\
\xa1\0\0\0\0\0\0\x07\x01\0\0\x68\xff\xff\xff\xb7\x02\0\0\x08\0\0\0\x85\0\0\0\
\x71\0\0\0\xb7\x01\0\0\x04\0\0\0\x7b\x9a\x40\xff\0\0\0\0\xbf\x93\0\0\0\0\0\0\
\x0f\x13\0\0\0\0\0\0\x79\xa9\x68\xff\0\0\0\0\xbf\xa1\0\0\0\0\0\0\x07\x01\0\0\
\x68\xff\xff\xff\xb7\x02\0\0\x02\0\0\0\x85\0\0\0\x71\0\0\0\xb7\x01\0\0\0\0\0\0\
\xbf\x93\0\0\0\0\0\0\x0f\x13\0\0\0\0\0\0\x69\xa8\x68\xff\0\0\0\0\xbf\xa7\0\0\0\
\0\0\0\x07\x07\0\0\x68\xff\xff\xff\xbf\x71\0\0\0\0\0\0\xb7\x02\0\0\x88\0\0\0\
\x85\0\0\0\x71\0\0\0\x69\x77\x10\0\0\0\0\0\x7b\x6a\x50\xff\0\0\0\0\x63\x76\x04\
\0\0\0\0\0\xb7\x01\0\0\x24\x02\0\0\x0f\x19\0\0\0\0\0\0\xbf\xa1\0\0\0\0\0\0\x07\
\x01\0\0\xf8\xff\xff\xff\xb7\x02\0\0\x02\0\0\0\xbf\x93\0\0\0\0\0\0\x85\0\0\0\
\x71\0\0\0\x67\x08\0\0\x30\0\0\0\xc7\x08\0\0\x30\0\0\0\x69\xa2\xf8\xff\0\0\0\0\
\x65\x02\x10\0\x05\0\0\0\x15\x02\x1c\0\0\0\0\0\xb7\x01\0\0\x01\0\0\0\x79\xa3\
\x40\xff\0\0\0\0\x15\x02\x25\0\x01\0\0\0\x05\0\x0e\0\0\0\0\0\x18\x01\0\0\x88\
\x01\0\0\0\0\0\0\0\0\0\0\xb7\x02\0\0\x58\0\0\0\x18\x03\0\0\x26\0\0\0\0\0\0\0\0\
\0\0\0\x85\0\0\0\x06\0\0\0\x18\x01\0\0\x80\x02\0\0\0\0\0\0\0\0\0\0\xb7\x02\0\0\
\x37\0\0\0\x85\0\0\0\x06\0\0\0\x05\0\xd0\0\0\0\0\0\x15\x02\x09\0\x06\0\0\0\x79\
\xa3\x40\xff\0\0\0\0\x15\x02\x13\0\x11\0\0\0\xb7\x02\0\0\x3a\0\0\0\x15\x08\x01\
\0\x3a\0\0\0\xb7\x02\0\0\xfc\0\0\0\xb7\x01\0\0\xfb\0\0\0\x15\x08\x11\0\x03\0\0\
\0\xbf\x21\0\0\0\0\0\0\x05\0\x0f\0\0\0\0\0\xb7\x01\0\0\x06\0\0\0\x79\xa3\x40\
\xff\0\0\0\0\x05\0\x0c\0\0\0\0\0\x79\xa3\x40\xff\0\0\0\0\x15\x07\x01\0\x0a\0\0\
\0\x55\x07\x08\0\x02\0\0\0\xb7\x01\0\0\x06\0\0\0\x15\x08\x07\0\x01\0\0\0\x67\
\x08\0\0\x20\0\0\0\x77\x08\0\0\x20\0\0\0\x15\x08\xc5\0\x03\0\0\0\x55\x08\x02\0\
\x02\0\0\0\xb7\x01\0\0\x11\0\0\0\x05\0\x01\0\0\0\0\0\xb7\x01\0\0\xfc\0\0\0\x79\
\xa2\x50\xff\0\0\0\0\x63\x12\x08\0\0\0\0\0\xb7\x01\0\0\x18\x06\0\0\x79\xa3\x48\
\xff\0\0\0\0\x0f\x13\0\0\0\0\0\0\xbf\xa1\0\0\0\0\0\0\x07\x01\0\0\xf0\xff\xff\
\xff\xb7\x02\0\0\x08\0\0\0\x85\0\0\0\x71\0\0\0\xb7\x01\0\0\x48\x06\0\0\x79\xa3\
\xf0\xff\0\0\0\0\x0f\x13\0\0\0\0\0\0\xbf\xa1\0\0\0\0\0\0\x07\x01\0\0\xf8\xff\
\xff\xff\xb7\x02\0\0\x08\0\0\0\x85\0\0\0\x71\0\0\0\xb7\x07\0\0\x40\0\0\0\x79\
\xa8\xf8\xff\0\0\0\0\x05\0\x06\0\0\0\0\0\x07\x07\0\0\xff\xff\xff\xff\xbf\x71\0\
\0\0\0\0\0\x67\x01\0\0\x20\0\0\0\x77\x01\0\0\x20\0\0\0\xbf\x98\0\0\0\0\0\0\x15\
\x01\x20\0\0\0\0\0\xbf\x83\0\0\0\0\0\0\xb7\x01\0\0\x18\x06\0\0\x0f\x13\0\0\0\0\
\0\0\xbf\xa1\0\0\0\0\0\0\x07\x01\0\0\xf0\xff\xff\xff\xb7\x02\0\0\x08\0\0\0\x85\
\0\0\0\x71\0\0\0\x79\xa3\xf0\xff\0\0\0\0\xb7\x01\0\0\x48\x06\0\0\x0f\x13\0\0\0\
\0\0\0\xbf\xa1\0\0\0\0\0\0\x07\x01\0\0\xf8\xff\xff\xff\xb7\x02\0\0\x08\0\0\0\
\x85\0\0\0\x71\0\0\0\x79\xa9\xf8\xff\0\0\0\0\x15\x09\x10\0\0\0\0\0\xbf\x83\0\0\
\0\0\0\0\xb7\x06\0\0\0\x09\0\0\x0f\x63\0\0\0\0\0\0\xbf\xa1\0\0\0\0\0\0\x07\x01\
\0\0\xf8\xff\xff\xff\xb7\x02\0\0\x08\0\0\0\x85\0\0\0\x71\0\0\0\xbf\x93\0\0\0\0\
\0\0\x0f\x63\0\0\0\0\0\0\x79\xa6\xf8\xff\0\0\0\0\xbf\xa1\0\0\0\0\0\0\x07\x01\0\
\0\xf8\xff\xff\xff\xb7\x02\0\0\x08\0\0\0\x85\0\0\0\x71\0\0\0\x79\xa1\xf8\xff\0\
\0\0\0\x1d\x16\xda\xff\0\0\0\0\xb7\x07\0\0\x0c\x06\0\0\xbf\x83\0\0\0\0\0\0\x0f\
\x73\0\0\0\0\0\0\xbf\xa1\0\0\0\0\0\0\x07\x01\0\0\xf8\xff\xff\xff\xb7\x02\0\0\
\x04\0\0\0\x85\0\0\0\x71\0\0\0\x61\xa1\xf8\xff\0\0\0\0\x79\xa4\x50\xff\0\0\0\0\
\x63\x14\x14\0\0\0\0\0\xb7\x09\0\0\x40\x07\0\0\x0f\x98\0\0\0\0\0\0\xbf\xa1\0\0\
\0\0\0\0\x07\x01\0\0\xf8\xff\xff\xff\xb7\x02\0\0\x08\0\0\0\xbf\x83\0\0\0\0\0\0\
\xbf\x48\0\0\0\0\0\0\x85\0\0\0\x71\0\0\0\x79\xa1\xf8\xff\0\0\0\0\x7b\x18\x20\0\
\0\0\0\0\xb7\x01\0\0\x48\x06\0\0\x79\xa6\x48\xff\0\0\0\0\xbf\x63\0\0\0\0\0\0\
\x0f\x13\0\0\0\0\0\0\xbf\xa1\0\0\0\0\0\0\x07\x01\0\0\xf0\xff\xff\xff\xb7\x02\0\
\0\x08\0\0\0\x85\0\0\0\x71\0\0\0\x79\xa3\xf0\xff\0\0\0\0\x0f\x93\0\0\0\0\0\0\
\xbf\xa1\0\0\0\0\0\0\x07\x01\0\0\xf8\xff\xff\xff\xb7\x02\0\0\x08\0\0\0\x85\0\0\
\0\x71\0\0\0\x79\xa1\xf8\xff\0\0\0\0\x7b\x18\x18\0\0\0\0\0\xbf\x63\0\0\0\0\0\0\
\x0f\x73\0\0\0\0\0\0\xbf\xa1\0\0\0\0\0\0\x07\x01\0\0\xf8\xff\xff\xff\xb7\x02\0\
\0\x04\0\0\0\x85\0\0\0\x71\0\0\0\x61\xa1\xf8\xff\0\0\0\0\x63\x18\x10\0\0\0\0\0\
\xb7\x01\0\0\xe8\x07\0\0\xbf\x69\0\0\0\0\0\0\x0f\x19\0\0\0\0\0\0\xbf\xa1\0\0\0\
\0\0\0\x07\x01\0\0\xf8\xff\xff\xff\xb7\x02\0\0\x08\0\0\0\xbf\x93\0\0\0\0\0\0\
\x85\0\0\0\x71\0\0\0\xb7\x01\0\0\x14\0\0\0\x79\xa3\xf8\xff\0\0\0\0\x0f\x13\0\0\
\0\0\0\0\xbf\xa1\0\0\0\0\0\0\x07\x01\0\0\xf0\xff\xff\xff\xb7\x02\0\0\x04\0\0\0\
\x85\0\0\0\x71\0\0\0\x61\xa1\xf0\xff\0\0\0\0\x63\x18\x2c\x02\0\0\0\0\xbf\xa1\0\
\0\0\0\0\0\x07\x01\0\0\xf8\xff\xff\xff\xb7\x02\0\0\x08\0\0\0\xbf\x93\0\0\0\0\0\
\0\x85\0\0\0\x71\0\0\0\xb7\x01\0\0\x18\0\0\0\x79\xa3\xf8\xff\0\0\0\0\x0f\x13\0\
\0\0\0\0\0\xbf\xa1\0\0\0\0\0\0\x07\x01\0\0\xf0\xff\xff\xff\xb7\x02\0\0\x04\0\0\
\0\x85\0\0\0\x71\0\0\0\x61\xa1\xf0\xff\0\0\0\0\x63\x18\x30\x02\0\0\0\0\xb7\x01\
\0\0\x50\x05\0\0\x0f\x16\0\0\0\0\0\0\xbf\xa1\0\0\0\0\0\0\x07\x01\0\0\xf0\xff\
\xff\xff\xb7\x02\0\0\x08\0\0\0\xbf\x63\0\0\0\0\0\0\x85\0\0\0\x71\0\0\0\xb7\x01\
\0\0\x38\x01\0\0\x79\xa3\xf0\xff\0\0\0\0\x0f\x13\0\0\0\0\0\0\xbf\xa1\0\0\0\0\0\
\0\x07\x01\0\0\xf8\xff\xff\xff\xb7\x02\0\0\x08\0\0\0\x85\0\0\0\x71\0\0\0\x79\
\xa9\xf8\xff\0\0\0\0\xbf\xa1\0\0\0\0\0\0\x07\x01\0\0\xf0\xff\xff\xff\xb7\x02\0\
\0\x08\0\0\0\xbf\x63\0\0\0\0\0\0\x85\0\0\0\x71\0\0\0\xb7\x01\0\0\x40\x01\0\0\
\x79\xa3\xf0\xff\0\0\0\0\x0f\x13\0\0\0\0\0\0\xbf\xa1\0\0\0\0\0\0\x07\x01\0\0\
\xf8\xff\xff\xff\xb7\x02\0\0\x08\0\0\0\x85\0\0\0\x71\0\0\0\x79\xa2\xf8\xff\0\0\
\0\0\x1f\x92\0\0\0\0\0\0\xb7\x01\0\0\0\x02\0\0\x2d\x21\x01\0\0\0\0\0\xb7\x02\0\
\0\0\x02\0\0\x63\x28\x28\x02\0\0\0\0\x79\xa1\x38\xff\0\0\0\0\x07\x01\0\0\x28\0\
\0\0\xbf\x93\0\0\0\0\0\0\x85\0\0\0\x70\0\0\0\x61\x81\x28\x02\0\0\0\0\x79\xa9\
\x40\xff\0\0\0\0\x55\x01\x02\0\0\x02\0\0\xb7\x01\0\0\0\0\0\0\x73\x18\x27\x02\0\
\0\0\0\xb7\x01\0\0\0\0\0\0\x73\x18\x38\x02\0\0\0\0\xbf\xa2\0\0\0\0\0\0\x07\x02\
\0\0\x60\xff\xff\xff\x18\x01\0\0\0\0\0\0\0\0\0\0\0\0\0\0\xbf\x83\0\0\0\0\0\0\
\xb7\x04\0\0\x01\0\0\0\x85\0\0\0\x02\0\0\0\x7b\x9a\x68\xff\0\0\0\0\xbf\xa2\0\0\
\0\0\0\0\x07\x02\0\0\x68\xff\xff\xff\x18\x01\0\0\0\0\0\0\0\0\0\0\0\0\0\0\xbf\
\x23\0\0\0\0\0\0\xb7\x04\0\0\x01\0\0\0\x85\0\0\0\x02\0\0\0\xb7\0\0\0\0\0\0\0\
\x95\0\0\0\0\0\0\0\xb7\x01\0\0\xfb\0\0\0\x05\0\x3d\xff\0\0\0\0\x44\x75\x61\x6c\
\x20\x42\x53\x44\x2f\x47\x50\x4c\0\0\0\0\0\0\0\0\0\0\0\0\0\0\0\0\0\0\0\0\0\0\0\
\0\0\0\0\0\0\0\0\0\0\0\0\0\0\0\0\0\0\0\0\0\0\0\0\0\0\0\0\0\0\0\0\0\0\0\0\0\0\0\
\0\0\0\0\0\0\0\0\0\0\0\0\0\0\0\0\0\0\0\0\0\0\0\0\0\0\0\0\0\0\0\0\0\0\0\0\0\0\0\
\0\0\0\0\0\0\0\0\0\0\0\0\0\0\0\0\0\0\0\0\0\0\0\0\0\0\0\0\0\0\0\0\0\0\0\0\0\0\0\
\0\0\0\0\0\0\0\0\0\0\0\0\0\0\0\0\0\0\0\0\0\0\0\0\0\0\0\0\0\0\0\0\0\0\0\0\0\0\0\
\0\0\0\0\0\0\0\0\0\0\0\0\0\0\0\0\0\0\0\0\0\0\0\0\0\0\0\0\0\0\0\0\0\x43\x6f\x75\
\x6c\x64\x20\x6e\x6f\x74\x20\x64\x65\x74\x65\x72\x6d\x69\x6e\x65\x20\x69\x66\
\x20\x64\x65\x76\x69\x63\x65\x20\x69\x73\x20\x65\x78\x74\x65\x72\x6e\x61\x6c\
\x2e\x20\x73\x6b\x5f\x62\x75\x66\x66\x20\x63\x6f\x6e\x74\x61\x69\x6e\x65\x64\
\x20\x61\x20\x6e\x75\x6c\x6c\x20\x6e\x65\x74\x5f\x64\x65\x76\x69\x63\x65\x2e\0\
\x43\x6f\x75\x6c\x64\x20\x6e\x6f\x74\x20\x64\x65\x74\x65\x72\x6d\x69\x6e\x65\
\x20\x69\x66\x20\x64\x65\x76\x69\x63\x65\x20\x69\x73\x20\x65\x78\x74\x65\x72\
\x6e\x61\x6c\x2e\x20\x69\x66\x69\x6e\x64\x65\x78\x20\x69\x73\x20\x6e\x65\x67\
\x61\x74\x69\x76\x65\x3a\x25\x64\0\x45\x52\x52\x4f\x52\x3a\x20\x55\x6e\x61\x62\
\x6c\x65\x20\x74\x6f\x20\x6d\x61\x70\x2d\x61\x6c\x6c\x6f\x63\x61\x74\x65\x20\
\x61\x20\x66\x6c\x6f\x77\x20\x6d\x61\x70\x20\x76\x61\x6c\x75\x65\x20\x66\x6f\
\x72\x20\x63\x72\x65\x61\x74\x69\x6f\x6e\x2e\0\x57\x41\x52\x4e\x49\x4e\x47\x3a\
\x20\x43\x6f\x75\x6c\x64\x20\x6e\x6f\x74\x20\x63\x72\x65\x61\x74\x65\x20\x66\
\x6c\x6f\x77\x20\x65\x6e\x74\x72\x79\x3a\x20\x45\x6e\x74\x72\x79\x20\x61\x6c\
\x72\x65\x61\x64\x79\x20\x65\x78\x69\x73\x74\x73\x2e\0\x45\x52\x52\x4f\x52\x3a\
\x20\x69\x6e\x65\x74\x5f\x61\x63\x63\x65\x70\x74\x20\x75\x6e\x61\x62\x6c\x65\
\x20\x74\x6f\x20\x63\x61\x70\x74\x75\x72\x65\x20\x70\x72\x6f\x63\x65\x73\x73\
\x20\x63\x6f\x6e\x74\x65\x78\x74\x2e\0\x63\x72\x6f\x73\x5f\x6e\x65\x74\x77\x6f\
\x72\x6b\x5f\x61\x63\x63\x65\x70\x74\x5f\x65\x78\x69\x74\x20\x65\x6e\x63\x6f\
\x75\x6e\x74\x65\x72\x65\x64\x20\x61\x20\x73\x6f\x63\x6b\x65\x74\x20\x77\x69\
\x74\x68\x20\x65\x78\x69\x73\x74\x69\x6e\x67\x20\x66\x6c\x6f\x77\x20\x65\x6e\
\x74\x72\x79\0\x45\x52\x52\x4f\x52\x3a\x20\x46\x61\x69\x6c\x65\x64\x20\x74\x6f\
\x20\x61\x6c\x6c\x6f\x63\x61\x74\x65\x20\x61\x20\x63\x72\x6f\x73\x5f\x73\x6f\
\x63\x6b\x5f\x74\x6f\x5f\x70\x72\x6f\x63\x65\x73\x73\x5f\x6d\x61\x70\x5f\x76\
\x61\x6c\x75\x65\x20\x6f\x66\x66\x20\x61\x20\x6d\x61\x70\x20\x62\x61\x63\x6b\
\x65\x64\x20\x68\x65\x61\x70\x20\x66\x6f\x72\x20\x25\x73\0\x45\x52\x52\x4f\x52\
\x3a\x20\x69\x6e\x65\x74\x5f\x61\x63\x63\x65\x70\x74\x20\x75\x6e\x61\x62\x6c\
\x65\x20\x74\x6f\x20\x72\x65\x63\x6f\x72\x64\x20\x70\x72\x6f\x63\x65\x73\x73\
\x20\x63\x6f\x6e\x74\x65\x78\x74\x2e\0\x69\x6e\x65\x74\x5f\x72\x65\x6c\x65\x61\
\x73\x65\x3a\x20\x61\x63\x74\x69\x76\x65\x20\x73\x6f\x63\x6b\x65\x74\x20\x64\
\x65\x6c\x65\x74\x69\x6f\x6e\x20\x66\x61\x69\x6c\x65\x64\x20\x66\x6f\x72\x20\
\x25\x64\x2e\0\x45\x52\x52\x4f\x52\x3a\x20\x69\x6e\x65\x74\x5f\x73\x65\x6e\x64\
\x6d\x73\x67\x20\x75\x6e\x61\x62\x6c\x65\x20\x74\x6f\x20\x63\x61\x70\x74\x75\
\x72\x65\x20\x70\x72\x6f\x63\x65\x73\x73\x20\x63\x6f\x6e\x74\x65\x78\x74\x2e\0\
\x45\x52\x52\x4f\x52\x3a\x20\x69\x6e\x65\x74\x5f\x72\x65\x63\x76\x6d\x73\x67\
\x20\x75\x6e\x61\x62\x6c\x65\x20\x74\x6f\x20\x63\x61\x70\x74\x75\x72\x65\x20\
\x70\x72\x6f\x63\x65\x73\x73\x20\x63\x6f\x6e\x74\x65\x78\x74\x2e\0\x69\x6e\x65\
\x74\x5f\x61\x63\x63\x65\x70\x74\0\x69\x6e\x65\x74\x5f\x63\x6f\x6e\x6e\x65\x63\
\x74\0\x69\x6e\x65\x74\x5f\x73\x65\x6e\x64\x6d\x73\x67\0\x69\x6e\x65\x74\x5f\
\x72\x65\x63\x76\x6d\x73\x67\0\0\0\x9f\xeb\x01\0\x18\0\0\0\0\0\0\0\x40\xb5\0\0\
\x40\xb5\0\0\x60\xa2\0\0\0\0\0\0\0\0\0\x02\x03\0\0\0\x01\0\0\0\0\0\0\x01\x04\0\
\0\0\x20\0\0\x01\0\0\0\0\0\0\0\x03\0\0\0\0\x02\0\0\0\x04\0\0\0\x1b\0\0\0\x05\0\
\0\0\0\0\0\x01\x04\0\0\0\x20\0\0\0\0\0\0\0\0\0\0\x02\x06\0\0\0\0\0\0\0\0\0\0\
\x03\0\0\0\0\x02\0\0\0\x04\0\0\0\0\0\x20\0\0\0\0\0\x02\0\0\x04\x10\0\0\0\x19\0\
\0\0\x01\0\0\0\0\0\0\0\x1e\0\0\0\x05\0\0\0\x40\0\0\0\x2a\0\0\0\0\0\0\x0e\x07\0\
\0\0\x01\0\0\0\0\0\0\0\0\0\0\x02\x0a\0\0\0\0\0\0\0\0\0\0\x03\0\0\0\0\x02\0\0\0\
\x04\0\0\0\x09\0\0\0\0\0\0\0\0\0\0\x02\x0c\0\0\0\0\0\0\0\0\0\0\x03\0\0\0\0\x02\
\0\0\0\x04\0\0\0\0\x08\0\0\0\0\0\0\0\0\0\x02\x0e\0\0\0\x2d\0\0\0\x02\0\0\x04\
\x40\0\0\0\x3f\0\0\0\x0f\0\0\0\0\0\0\0\x4a\0\0\0\x20\0\0\0\xc0\x01\0\0\x4f\0\0\
\0\x06\0\0\x04\x38\0\0\0\x64\0\0\0\x10\0\0\0\0\0\0\0\x6b\0\0\0\x11\0\0\0\x20\0\
\0\0\x74\0\0\0\x12\0\0\0\x40\0\0\0\x7f\0\0\0\x1c\0\0\0\xc0\0\0\0\x8a\0\0\0\x12\
\0\0\0\0\x01\0\0\x96\0\0\0\x1c\0\0\0\x80\x01\0\0\xa2\0\0\0\x02\0\0\x06\x04\0\0\
\0\xb6\0\0\0\x02\0\0\0\xca\0\0\0\x0a\0\0\0\xdf\0\0\0\x06\0\0\x06\x04\0\0\0\xf5\
\0\0\0\x06\0\0\0\x07\x01\0\0\x11\0\0\0\x19\x01\0\0\x01\0\0\0\x2c\x01\0\0\x3a\0\
\0\0\x40\x01\0\0\xfb\0\0\0\x52\x01\0\0\xfc\0\0\0\x68\x01\0\0\x02\0\0\x05\x10\0\
\0\0\x75\x01\0\0\x13\0\0\0\0\0\0\0\x7b\x01\0\0\x1b\0\0\0\0\0\0\0\x81\x01\0\0\0\
\0\0\x08\x14\0\0\0\x8a\x01\0\0\0\0\0\x08\x15\0\0\0\x8e\x01\0\0\0\0\0\x08\x16\0\
\0\0\x94\x01\0\0\0\0\0\x01\x04\0\0\0\x20\0\0\0\xa1\x01\0\0\0\0\0\x08\x18\0\0\0\
\xa9\x01\0\0\0\0\0\x08\x19\0\0\0\xac\x01\0\0\0\0\0\x08\x1a\0\0\0\xb1\x01\0\0\0\
\0\0\x01\x01\0\0\0\x08\0\0\0\0\0\0\0\0\0\0\x03\0\0\0\0\x17\0\0\0\x04\0\0\0\x10\
\0\0\0\xbf\x01\0\0\0\0\0\x08\x1d\0\0\0\xc8\x01\0\0\0\0\0\x08\x1e\0\0\0\xcc\x01\
\0\0\0\0\0\x08\x1f\0\0\0\xd2\x01\0\0\0\0\0\x01\x02\0\0\0\x10\0\0\0\xe1\x01\0\0\
\0\0\0\x08\x21\0\0\0\xea\x01\0\0\0\0\0\x08\x22\0\0\0\xee\x01\0\0\0\0\0\x08\x23\
\0\0\0\xf4\x01\0\0\0\0\0\x01\x08\0\0\0\x40\0\0\0\0\0\0\0\0\0\0\x02\x25\0\0\0\
\x07\x02\0\0\x05\0\0\x04\x40\x02\0\0\x1b\x02\0\0\x26\0\0\0\0\0\0\0\x25\x02\0\0\
\x13\0\0\0\x20\0\0\0\x2e\x02\0\0\x13\0\0\0\x40\0\0\0\x37\x02\0\0\x27\0\0\0\x80\
\0\0\0\x41\x02\0\0\x2b\0\0\0\xc0\x11\0\0\x54\x02\0\0\x03\0\0\x06\x04\0\0\0\x72\
\x02\0\0\0\0\0\0\x8b\x02\0\0\x01\0\0\0\xa5\x02\0\0\x02\0\0\0\xc3\x02\0\0\x08\0\
\0\x04\x28\x02\0\0\xda\x02\0\0\x13\0\0\0\0\0\0\0\xde\x02\0\0\x13\0\0\0\x20\0\0\
\0\xe3\x02\0\0\x28\0\0\0\x40\0\0\0\xee\x02\0\0\x28\0\0\0\x80\0\0\0\0\x03\0\0\
\x2a\0\0\0\xc0\0\0\0\x0c\x03\0\0\x13\0\0\0\xc0\x10\0\0\x1c\x03\0\0\x13\0\0\0\
\xe0\x10\0\0\x20\x03\0\0\x13\0\0\0\0\x11\0\0\x24\x03\0\0\0\0\0\x08\x20\0\0\0\
\x2e\x03\0\0\0\0\0\x01\x01\0\0\0\x08\0\0\x01\0\0\0\0\0\0\0\x03\0\0\0\0\x29\0\0\
\0\x04\0\0\0\0\x02\0\0\x33\x03\0\0\0\0\0\x08\x2c\0\0\0\x38\x03\0\0\0\0\0\x01\
\x01\0\0\0\x08\0\0\x04\0\0\0\0\x04\0\0\x04\x20\0\0\0\x19\0\0\0\x09\0\0\0\0\0\0\
\0\x1e\0\0\0\x0b\0\0\0\x40\0\0\0\x3e\x03\0\0\x0d\0\0\0\x80\0\0\0\x42\x03\0\0\
\x24\0\0\0\xc0\0\0\0\x48\x03\0\0\0\0\0\x0e\x2d\0\0\0\x01\0\0\0\0\0\0\0\0\0\0\
\x02\x30\0\0\0\0\0\0\0\0\0\0\x03\0\0\0\0\x02\0\0\0\x04\0\0\0\0\x01\0\0\0\0\0\0\
\0\0\0\x02\x32\0\0\0\x5e\x03\0\0\0\0\0\x08\x33\0\0\0\x66\x03\0\0\0\0\0\x08\x34\
\0\0\0\x6a\x03\0\0\0\0\0\x08\x35\0\0\0\x70\x03\0\0\0\0\0\x01\x08\0\0\0\x40\0\0\
\x01\0\0\0\0\x04\0\0\x04\x20\0\0\0\x19\0\0\0\x09\0\0\0\0\0\0\0\x1e\0\0\0\x2f\0\
\0\0\x40\0\0\0\x3e\x03\0\0\x31\0\0\0\x80\0\0\0\x42\x03\0\0\x31\0\0\0\xc0\0\0\0\
\x7a\x03\0\0\0\0\0\x0e\x36\0\0\0\x01\0\0\0\0\0\0\0\0\0\0\x02\x39\0\0\0\0\0\0\0\
\0\0\0\x03\0\0\0\0\x02\0\0\0\x04\0\0\0\0\x04\0\0\0\0\0\0\0\0\0\x02\x20\0\0\0\0\
\0\0\0\0\0\0\x02\x3c\0\0\0\x9b\x03\0\0\x02\0\0\x04\x40\x02\0\0\xba\x03\0\0\x3d\
\0\0\0\0\0\0\0\x41\x02\0\0\x2b\0\0\0\xc0\x11\0\0\xc1\x03\0\0\x04\0\0\x04\x38\
\x02\0\0\xd5\x03\0\0\x02\0\0\0\0\0\0\0\x64\0\0\0\x10\0\0\0\x20\0\0\0\x6b\0\0\0\
\x11\0\0\0\x40\0\0\0\xdc\x03\0\0\x27\0\0\0\x80\0\0\0\0\0\0\0\x04\0\0\x04\x20\0\
\0\0\x19\0\0\0\x09\0\0\0\0\0\0\0\x1e\0\0\0\x38\0\0\0\x40\0\0\0\x3e\x03\0\0\x3a\
\0\0\0\x80\0\0\0\x42\x03\0\0\x3b\0\0\0\xc0\0\0\0\xe4\x03\0\0\0\0\0\x0e\x3e\0\0\
\0\x01\0\0\0\0\0\0\0\x04\0\0\x04\x20\0\0\0\x19\0\0\0\x09\0\0\0\0\0\0\0\x1e\0\0\
\0\x38\0\0\0\x40\0\0\0\x3e\x03\0\0\x3a\0\0\0\x80\0\0\0\x42\x03\0\0\x3a\0\0\0\
\xc0\0\0\0\xf0\x03\0\0\0\0\0\x0e\x40\0\0\0\x01\0\0\0\0\0\0\0\0\0\0\x02\x43\0\0\
\0\0\0\0\0\0\0\0\x03\0\0\0\0\x02\0\0\0\x04\0\0\0\x06\0\0\0\0\0\0\0\0\0\0\x02\
\x45\0\0\0\0\0\0\0\0\0\0\x03\0\0\0\0\x02\0\0\0\x04\0\0\0\x04\0\0\0\0\0\0\0\0\0\
\0\x02\x47\0\0\0\0\0\0\0\0\0\0\x03\0\0\0\0\x02\0\0\0\x04\0\0\0\x40\x02\0\0\0\0\
\0\0\0\0\0\x02\x49\0\0\0\0\0\0\0\0\0\0\x03\0\0\0\0\x02\0\0\0\x04\0\0\0\x01\0\0\
\0\0\0\0\0\x04\0\0\x04\x20\0\0\0\x19\0\0\0\x42\0\0\0\0\0\0\0\x02\x04\0\0\x44\0\
\0\0\x40\0\0\0\x0b\x04\0\0\x46\0\0\0\x80\0\0\0\x1e\0\0\0\x48\0\0\0\xc0\0\0\0\
\x16\x04\0\0\0\0\0\x0e\x4a\0\0\0\x01\0\0\0\0\0\0\0\x04\0\0\x04\x20\0\0\0\x19\0\
\0\0\x42\0\0\0\0\0\0\0\x02\x04\0\0\x44\0\0\0\x40\0\0\0\x0b\x04\0\0\x46\0\0\0\
\x80\0\0\0\x1e\0\0\0\x48\0\0\0\xc0\0\0\0\x33\x04\0\0\0\0\0\x0e\x4c\0\0\0\x01\0\
\0\0\0\0\0\0\0\0\0\x02\x23\0\0\0\0\0\0\0\x01\0\0\x0d\x02\0\0\0\x4c\x04\0\0\x4e\
\0\0\0\x50\x04\0\0\x01\0\0\x0c\x4f\0\0\0\xce\x05\0\0\xda\0\0\x84\0\x1d\0\0\xda\
\x05\0\0\x52\0\0\0\0\0\0\0\xe6\x05\0\0\x16\0\0\0\x80\x01\0\0\xee\x05\0\0\x5d\0\
\0\0\xc0\x01\0\0\xf4\x05\0\0\x5e\0\0\0\0\x02\0\0\xfa\x05\0\0\x16\0\0\0\x20\x02\
\0\0\0\x06\0\0\x16\0\0\0\x40\x02\0\0\x07\x06\0\0\x02\0\0\0\x60\x02\0\0\x0e\x06\
\0\0\x62\0\0\0\x80\x02\0\0\x19\x06\0\0\x16\0\0\0\0\x03\0\0\x1d\x06\0\0\x16\0\0\
\0\x20\x03\0\0\x29\x06\0\0\x53\0\0\0\x40\x03\0\0\x3d\x06\0\0\x66\0\0\0\x80\x03\
\0\0\x48\x06\0\0\x02\0\0\0\xc0\x03\0\0\x58\x06\0\0\x02\0\0\0\xe0\x03\0\0\x61\
\x06\0\0\x02\0\0\0\0\x04\0\0\x67\x06\0\0\x02\0\0\0\x20\x04\0\0\x6c\x06\0\0\x02\
\0\0\0\x40\x04\0\0\x78\x06\0\0\x02\0\0\0\x60\x04\0\0\x84\x06\0\0\x16\0\0\0\x80\
\x04\0\0\x90\x06\0\0\x67\0\0\0\xc0\x04\0\0\x9c\x06\0\0\x69\0\0\0\0\x06\0\0\x9f\
\x06\0\0\x73\0\0\0\0\x10\0\0\xa2\x06\0\0\x75\0\0\0\x80\x11\0\0\xa5\x06\0\0\x6b\
\0\0\0\x80\x18\0\0\xaf\x06\0\0\x53\0\0\0\x40\x19\0\0\xbb\x06\0\0\x16\0\0\0\x80\
\x19\0\0\xcb\x06\0\0\x7f\0\0\0\xc0\x19\0\0\xdc\x06\0\0\x80\0\0\0\0\x1a\0\0\xe2\
\x06\0\0\x81\0\0\0\0\x22\0\0\xf4\x06\0\0\x16\0\0\0\x40\x22\0\0\xff\x06\0\0\x16\
\0\0\0\x60\x22\0\0\x06\x07\0\0\x02\0\0\0\x80\x22\0\0\x16\x07\0\0\x83\0\0\0\xc0\
\x22\0\0\x1f\x07\0\0\x86\0\0\0\0\x23\0\0\x2d\x07\0\0\x85\0\0\0\x40\x23\0\0\x37\
\x07\0\0\x5d\0\0\0\x80\x23\0\0\x49\x07\0\0\x1f\0\0\0\xc0\x23\0\0\x5c\x07\0\0\
\x1f\0\0\0\xd0\x23\0\0\x6c\x07\0\0\x02\0\0\0\xe0\x23\0\0\x82\x07\0\0\x89\0\0\0\
\0\x24\0\0\x9a\x07\0\0\x6d\0\0\0\x40\x24\0\0\xa9\x07\0\0\x8b\0\0\0\xc0\x24\0\0\
\xba\x07\0\0\x53\0\0\0\0\x25\0\0\xca\x07\0\0\x18\0\0\0\x40\x25\0\0\xdc\x07\0\0\
\x18\0\0\0\x48\x25\0\0\xea\x07\0\0\x02\0\0\0\x60\x25\0\0\xfd\x07\0\0\x6d\0\0\0\
\x80\x25\0\0\x14\x08\0\0\x02\0\0\0\0\x26\0\0\x27\x08\0\0\x02\0\0\0\x20\x26\0\0\
\x36\x08\0\0\x89\0\0\0\x40\x26\0\0\x49\x08\0\0\x2b\0\0\0\x60\x26\0\0\x5c\x08\0\
\0\x6d\0\0\0\x80\x26\0\0\x6d\x08\0\0\x8c\0\0\0\0\x27\0\0\x78\x08\0\0\x6d\0\0\0\
\0\x28\0\0\x7e\x08\0\0\x8d\0\0\0\x80\x28\0\0\x8d\x08\0\0\x6b\0\0\0\xc0\x29\0\0\
\x9f\x08\0\0\x8e\0\0\0\x80\x2a\0\0\xa2\x08\0\0\x8e\0\0\0\xc0\x2a\0\0\xac\x08\0\
\0\x8f\0\0\0\0\x2b\0\0\xb5\x08\0\0\xa3\0\0\0\x40\x2c\0\0\xbe\x08\0\0\x02\0\0\0\
\xe0\x2c\0\0\xc9\x08\0\0\x02\0\0\0\0\x2d\0\0\xd3\x08\0\0\x02\0\0\0\x20\x2d\0\0\
\xdf\x08\0\0\x02\0\0\0\x40\x2d\0\0\xed\x08\0\0\x53\0\0\0\x80\x2d\0\0\xf4\x08\0\
\0\x16\0\0\0\xc0\x2d\0\0\0\x09\0\0\x16\0\0\0\xe0\x2d\0\x01\x14\x09\0\0\x16\0\0\
\0\xe1\x2d\0\x01\x2e\x09\0\0\x16\0\0\0\xe2\x2d\0\x01\x3d\x09\0\0\x16\0\0\0\xe3\
\x2d\0\x01\x54\x09\0\0\x16\0\0\0\0\x2e\0\x01\x68\x09\0\0\x16\0\0\0\x01\x2e\0\
\x01\x72\x09\0\0\x16\0\0\0\x02\x2e\0\x01\x7c\x09\0\0\x16\0\0\0\x03\x2e\0\x01\
\x8c\x09\0\0\x16\0\0\0\x04\x2e\0\x01\x99\x09\0\0\x16\0\0\0\x05\x2e\0\x01\xad\
\x09\0\0\x16\0\0\0\x06\x2e\0\x01\xb4\x09\0\0\x16\0\0\0\x07\x2e\0\x01\xc1\x09\0\
\0\x16\0\0\0\x08\x2e\0\x01\xcd\x09\0\0\x16\0\0\0\x09\x2e\0\x01\xd8\x09\0\0\x53\
\0\0\0\x40\x2e\0\0\xe5\x09\0\0\xa4\0\0\0\x80\x2e\0\0\xda\x02\0\0\xb4\0\0\0\x40\
\x30\0\0\xf3\x09\0\0\xb4\0\0\0\x60\x30\0\0\xf8\x09\0\0\x53\0\0\0\x80\x30\0\0\
\x05\x0a\0\0\x66\0\0\0\xc0\x30\0\0\x11\x0a\0\0\x66\0\0\0\0\x31\0\0\x18\x0a\0\0\
\x6d\0\0\0\x40\x31\0\0\x21\x0a\0\0\x6d\0\0\0\xc0\x31\0\0\x29\x0a\0\0\x66\0\0\0\
\x40\x32\0\0\x36\x0a\0\0\x6d\0\0\0\x80\x32\0\0\x3e\x0a\0\0\x6d\0\0\0\0\x33\0\0\
\x4b\x0a\0\0\xb6\0\0\0\x80\x33\0\0\x56\x0a\0\0\xb9\0\0\0\xc0\x33\0\0\x60\x0a\0\
\0\x6d\0\0\0\xc0\x35\0\0\x6d\x0a\0\0\x6d\0\0\0\x40\x36\0\0\x79\x0a\0\0\xba\0\0\
\0\xc0\x36\0\0\x84\x0a\0\0\xbb\0\0\0\0\x37\0\0\x92\x0a\0\0\xbb\0\0\0\x40\x37\0\
\0\xa2\x0a\0\0\x5d\0\0\0\x80\x37\0\0\xaf\x0a\0\0\x21\0\0\0\xc0\x37\0\0\xb5\x0a\
\0\0\x21\0\0\0\0\x38\0\0\xbb\x0a\0\0\x21\0\0\0\x40\x38\0\0\xc1\x0a\0\0\xbc\0\0\
\0\x80\x38\0\0\xce\x0a\0\0\x53\0\0\0\x40\x39\0\0\xd4\x0a\0\0\x53\0\0\0\x80\x39\
\0\0\xe3\x02\0\0\x21\0\0\0\xc0\x39\0\0\xdb\x0a\0\0\x21\0\0\0\0\x3a\0\0\xea\x0a\
\0\0\x53\0\0\0\x40\x3a\0\0\xf2\x0a\0\0\x53\0\0\0\x80\x3a\0\0\xfa\x0a\0\0\xc4\0\
\0\0\xc0\x3a\0\0\x0a\x0b\0\0\xca\0\0\0\x40\x3d\0\0\x1f\x0b\0\0\xd1\0\0\0\0\x3f\
\0\0\x2c\x0b\0\0\xd1\0\0\0\x40\x3f\0\0\x36\x0b\0\0\xd1\0\0\0\x80\x3f\0\0\x3b\
\x0b\0\0\xdf\0\0\0\xc0\x3f\0\0\x50\x0b\0\0\xe5\0\0\0\0\x40\0\0\x55\x0b\0\0\xe6\
\0\0\0\x80\x40\0\0\x5f\x0b\0\0\xe7\0\0\0\xc0\x40\0\0\x67\x0b\0\0\xe9\0\0\0\0\
\x41\0\0\x6f\x0b\0\0\x53\0\0\0\x80\x41\0\0\x81\x0b\0\0\x53\0\0\0\xc0\x41\0\0\
\x92\x0b\0\0\xea\0\0\0\0\x42\0\0\x95\x0b\0\0\xeb\0\0\0\x40\x42\0\0\x9b\x0b\0\0\
\xec\0\0\0\x80\x42\0\0\xa3\x0b\0\0\xed\0\0\0\xc0\x42\0\0\xaa\x0b\0\0\xee\0\0\0\
\0\x43\0\0\xb2\x0b\0\0\xef\0\0\0\x40\x43\0\0\xba\x0b\0\0\xef\0\0\0\x80\x43\0\0\
\xc7\x0b\0\0\xef\0\0\0\xc0\x43\0\0\xd5\x0b\0\0\xf1\0\0\0\0\x44\0\0\xdd\x0b\0\0\
\x53\0\0\0\xc0\x44\0\0\xe7\x0b\0\0\xf2\0\0\0\0\x45\0\0\xf3\x0b\0\0\x16\0\0\0\
\x40\x45\0\0\0\x0c\0\0\xcc\0\0\0\x80\x45\0\0\x0b\x0c\0\0\xf5\0\0\0\xc0\x45\0\0\
\x19\x0c\0\0\xd4\0\0\0\0\x46\0\0\x22\x0c\0\0\x16\0\0\0\x20\x46\0\0\x2c\x0c\0\0\
\xf6\0\0\0\x40\x46\0\0\x34\x0c\0\0\xf8\0\0\0\xc0\x46\0\0\x45\x0c\0\0\x21\0\0\0\
\xc0\x47\0\0\x54\x0c\0\0\x21\0\0\0\0\x48\0\0\x61\x0c\0\0\xfa\0\0\0\x40\x48\0\0\
\x6c\x0c\0\0\xbd\0\0\0\x60\x48\0\0\x74\x0c\0\0\xfd\0\0\0\x80\x48\0\0\x7b\x0c\0\
\0\xc7\0\0\0\xc0\x48\0\0\x86\x0c\0\0\x66\0\0\0\x40\x49\0\0\x92\x0c\0\0\xff\0\0\
\0\x80\x49\0\0\xa0\x0c\0\0\x5d\0\0\0\xc0\x49\0\0\xad\x0c\0\0\0\x01\0\0\0\x4a\0\
\0\xb6\x0c\0\0\x01\x01\0\0\x40\x4a\0\0\xbb\x0c\0\0\x02\x01\0\0\x80\x4a\0\0\xc9\
\x0c\0\0\x03\x01\0\0\xc0\x4a\0\0\xda\x0c\0\0\x04\x01\0\0\0\x4b\0\0\xe5\x0c\0\0\
\x05\x01\0\0\x40\x4b\0\0\xf5\x0c\0\0\x53\0\0\0\x80\x4b\0\0\x04\x0d\0\0\x06\x01\
\0\0\xc0\x4b\0\0\x11\x0d\0\0\x08\x01\0\0\0\x4c\0\0\x16\x0d\0\0\x16\0\0\0\0\x4e\
\0\0\x20\x0d\0\0\x21\0\0\0\x40\x4e\0\0\x2e\x0d\0\0\x21\0\0\0\x80\x4e\0\0\x3b\
\x0d\0\0\x21\0\0\0\xc0\x4e\0\0\x48\x0d\0\0\x09\x01\0\0\0\x4f\0\0\x55\x0d\0\0\
\x0b\x01\0\0\x40\x4f\0\0\x66\x0d\0\0\x02\0\0\0\x60\x4f\0\0\x7e\x0d\0\0\x02\0\0\
\0\x80\x4f\0\0\x97\x0d\0\0\x0f\x01\0\0\xc0\x4f\0\0\x9f\x0d\0\0\x6d\0\0\0\0\x50\
\0\0\xa7\x0d\0\0\x10\x01\0\0\x80\x50\0\0\xb3\x0d\0\0\x11\x01\0\0\xc0\x50\0\0\
\xc6\x0d\0\0\x6d\0\0\0\0\x51\0\0\xd4\x0d\0\0\x12\x01\0\0\x80\x51\0\0\xe3\x0d\0\
\0\xcf\0\0\0\xc0\x51\0\0\xf4\x0d\0\0\x16\0\0\0\xc0\x52\0\0\0\x0e\0\0\x19\x01\0\
\0\0\x53\0\0\x10\x0e\0\0\xcf\0\0\0\x80\x53\0\0\x21\x0e\0\0\x6d\0\0\0\x80\x54\0\
\0\x31\x0e\0\0\x1a\x01\0\0\0\x55\0\0\x36\x0e\0\0\x14\0\0\0\x40\x55\0\0\x3f\x0e\
\0\0\x53\0\0\0\x80\x55\0\0\x4f\x0e\0\0\x1b\x01\0\0\xc0\x55\0\0\0\0\0\0\x1d\x01\
\0\0\x40\x56\0\0\x57\x0e\0\0\x1e\x01\0\0\xc0\x56\0\0\x63\x0e\0\0\x1f\x01\0\0\0\
\x57\0\0\x6d\x0e\0\0\x02\0\0\0\x80\x57\0\0\x78\x0e\0\0\x02\0\0\0\xa0\x57\0\0\
\x89\x0e\0\0\x53\0\0\0\xc0\x57\0\0\x9b\x0e\0\0\x21\0\0\0\0\x58\0\0\xaa\x0e\0\0\
\x21\0\0\0\x40\x58\0\0\xc1\x0e\0\0\x02\0\0\0\x80\x58\0\0\xd0\x0e\0\0\x02\0\0\0\
\xa0\x58\0\0\xdf\x0e\0\0\x21\x01\0\0\xc0\x58\0\0\xe9\x0e\0\0\x23\0\0\0\0\x59\0\
\0\xfa\x0e\0\0\x60\0\0\0\x40\x59\0\0\x08\x0f\0\0\x60\0\0\0\x60\x59\0\0\x1c\x0f\
\0\0\x53\0\0\0\x80\x59\0\0\x22\x0f\0\0\x53\0\0\0\xc0\x59\0\0\x32\x0f\0\0\x22\
\x01\0\0\0\x5a\0\0\x41\x0f\0\0\x23\x01\0\0\x40\x5a\0\0\x47\x0f\0\0\x24\x01\0\0\
\x80\x5a\0\0\x51\x0f\0\0\x02\0\0\0\x80\x5a\0\0\x64\x0f\0\0\x66\0\0\0\xc0\x5a\0\
\0\x74\x0f\0\0\x25\x01\0\0\0\x5b\0\0\x85\x0f\0\0\x29\x01\0\0\x40\x5c\0\0\x93\
\x0f\0\0\x5e\0\0\0\x80\x5c\0\0\xa2\x0f\0\0\x5d\0\0\0\xc0\x5c\0\0\xab\x0f\0\0\
\x2a\x01\0\0\0\x5d\0\0\xb7\x0f\0\0\x2b\x01\0\0\x40\x5d\0\0\xbf\x0f\0\0\x5d\0\0\
\0\x80\x5d\0\0\xc9\x0f\0\0\x22\0\0\0\xc0\x5d\0\0\xd4\x0f\0\0\x21\0\0\0\0\x5e\0\
\0\xdd\x0f\0\0\x22\0\0\0\x40\x5e\0\x01\xe6\x0f\0\0\x22\0\0\0\x41\x5e\0\x01\xf5\
\x0f\0\0\x22\0\0\0\x42\x5e\0\x3e\x04\x10\0\0\xcb\0\0\0\x80\x5e\0\0\x10\x10\0\0\
\x02\0\0\0\0\x5f\0\0\x1a\x10\0\0\xcb\0\0\0\x40\x5f\0\0\x29\x10\0\0\x2c\x01\0\0\
\0\x60\0\0\xda\x05\0\0\x07\0\0\x04\x30\0\0\0\xfa\x05\0\0\x53\0\0\0\0\0\0\0\x30\
\x10\0\0\x53\0\0\0\x40\0\0\0\x3d\x10\0\0\x14\0\0\0\x80\0\0\0\x44\x10\0\0\x16\0\
\0\0\xa0\0\0\0\x50\x10\0\0\x54\0\0\0\xc0\0\0\0\x5f\x10\0\0\x16\0\0\0\0\x01\0\0\
\x70\x10\0\0\x54\0\0\0\x40\x01\0\0\x84\x10\0\0\0\0\0\x01\x08\0\0\0\x40\0\0\0\0\
\0\0\0\0\0\0\x02\x55\0\0\0\0\0\0\0\0\0\0\x0a\x56\0\0\0\x92\x10\0\0\0\0\0\x08\
\x57\0\0\0\0\0\0\0\0\0\0\x02\x58\0\0\0\0\0\0\0\x01\0\0\x0d\x59\0\0\0\0\0\0\0\
\x5a\0\0\0\xa4\x10\0\0\0\0\0\x01\x08\0\0\0\x40\0\0\x01\0\0\0\0\0\0\0\x02\x5b\0\
\0\0\0\0\0\0\0\0\0\x0a\x5c\0\0\0\xa9\x10\0\0\x15\0\0\x04\xa8\0\0\0\xb1\x10\0\0\
\x53\0\0\0\0\0\0\0\xb5\x10\0\0\x53\0\0\0\x40\0\0\0\xb9\x10\0\0\x53\0\0\0\x80\0\
\0\0\xbd\x10\0\0\x53\0\0\0\xc0\0\0\0\xc1\x10\0\0\x53\0\0\0\0\x01\0\0\xc4\x10\0\
\0\x53\0\0\0\x40\x01\0\0\xc7\x10\0\0\x53\0\0\0\x80\x01\0\0\xcb\x10\0\0\x53\0\0\
\0\xc0\x01\0\0\xcf\x10\0\0\x53\0\0\0\0\x02\0\0\xd2\x10\0\0\x53\0\0\0\x40\x02\0\
\0\xd5\x10\0\0\x53\0\0\0\x80\x02\0\0\xd8\x10\0\0\x53\0\0\0\xc0\x02\0\0\xdb\x10\
\0\0\x53\0\0\0\0\x03\0\0\xde\x10\0\0\x53\0\0\0\x40\x03\0\0\xe1\x10\0\0\x53\0\0\
\0\x80\x03\0\0\xe4\x10\0\0\x53\0\0\0\xc0\x03\0\0\xec\x10\0\0\x53\0\0\0\0\x04\0\
\0\xef\x10\0\0\x53\0\0\0\x40\x04\0\0\xfa\x05\0\0\x53\0\0\0\x80\x04\0\0\xf2\x10\
\0\0\x53\0\0\0\xc0\x04\0\0\xf5\x10\0\0\x53\0\0\0\0\x05\0\0\0\0\0\0\0\0\0\x02\0\
\0\0\0\xf8\x10\0\0\0\0\0\x08\x5f\0\0\0\x03\x11\0\0\x01\0\0\x04\x04\0\0\0\x13\
\x11\0\0\x60\0\0\0\0\0\0\0\x18\x11\0\0\0\0\0\x08\x61\0\0\0\0\0\0\0\x01\0\0\x04\
\x04\0\0\0\x21\x11\0\0\x02\0\0\0\0\0\0\0\x29\x11\0\0\x04\0\0\x04\x10\0\0\0\x3c\
\x11\0\0\x63\0\0\0\0\0\0\0\0\0\0\0\x65\0\0\0\x40\0\0\0\x42\x11\0\0\x1d\0\0\0\
\x60\0\0\0\x46\x11\0\0\x1d\0\0\0\x70\0\0\0\x4a\x11\0\0\x01\0\0\x04\x08\0\0\0\
\x55\x11\0\0\x64\0\0\0\0\0\0\0\0\0\0\0\0\0\0\x02\x63\0\0\0\0\0\0\0\x02\0\0\x05\
\x04\0\0\0\x5a\x11\0\0\x16\0\0\0\0\0\0\0\x62\x11\0\0\x60\0\0\0\0\0\0\0\0\0\0\0\
\0\0\0\x02\x51\0\0\0\0\0\0\0\0\0\0\x02\x68\0\0\0\0\0\0\0\0\0\0\x0a\xe2\x03\0\0\
\x6a\x11\0\0\x0f\0\0\x04\x40\x01\0\0\x77\x11\0\0\x6a\0\0\0\0\0\0\0\x7c\x11\0\0\
\x6b\0\0\0\x80\0\0\0\x85\x11\0\0\x6d\0\0\0\x40\x01\0\0\x61\x06\0\0\x16\0\0\0\
\xc0\x01\0\0\x90\x11\0\0\x21\0\0\0\0\x02\0\0\x9b\x11\0\0\x21\0\0\0\x40\x02\0\0\
\xac\x11\0\0\x21\0\0\0\x80\x02\0\0\xb5\x11\0\0\x21\0\0\0\xc0\x02\0\0\xcb\x11\0\
\0\x21\0\0\0\0\x03\0\0\xd9\x11\0\0\x02\0\0\0\x40\x03\0\0\x11\x0a\0\0\x6f\0\0\0\
\x80\x03\0\0\xdf\x11\0\0\x70\0\0\0\xc0\x03\0\0\xe6\x11\0\0\x70\0\0\0\0\x04\0\0\
\xeb\x11\0\0\x53\0\0\0\x40\x04\0\0\xfb\x11\0\0\x71\0\0\0\0\x06\0\0\xff\x11\0\0\
\x02\0\0\x04\x10\0\0\0\x0b\x12\0\0\x53\0\0\0\0\0\0\0\x12\x12\0\0\x14\0\0\0\x40\
\0\0\0\x1d\x12\0\0\x03\0\0\x04\x18\0\0\0\x25\x12\0\0\x53\0\0\0\0\0\0\0\x37\x12\
\0\0\x6c\0\0\0\x40\0\0\0\x40\x12\0\0\x6c\0\0\0\x80\0\0\0\0\0\0\0\0\0\0\x02\x6b\
\0\0\0\x48\x12\0\0\x02\0\0\x04\x10\0\0\0\x55\x11\0\0\x6e\0\0\0\0\0\0\0\x52\x12\
\0\0\x6e\0\0\0\x40\0\0\0\0\0\0\0\0\0\0\x02\x6d\0\0\0\0\0\0\0\0\0\0\x02\x69\0\0\
\0\0\0\0\0\0\0\0\x02\xe3\x03\0\0\x57\x12\0\0\x0a\0\0\x04\x80\0\0\0\x61\x12\0\0\
\x21\0\0\0\0\0\0\0\x72\x12\0\0\x21\0\0\0\x40\0\0\0\x7b\x12\0\0\x21\0\0\0\x80\0\
\0\0\x88\x12\0\0\x14\0\0\0\xc0\0\0\0\x91\x12\0\0\x14\0\0\0\xe0\0\0\0\xa0\x12\0\
\0\x53\0\0\0\0\x01\0\0\xa9\x12\0\0\x53\0\0\0\x40\x01\0\0\xb6\x12\0\0\x53\0\0\0\
\x80\x01\0\0\xbf\x12\0\0\x53\0\0\0\xc0\x01\0\0\xca\x12\0\0\x72\0\0\0\0\x02\0\0\
\xca\x12\0\0\x02\0\0\x04\x08\0\0\0\xd3\x12\0\0\x16\0\0\0\0\0\0\0\xdc\x12\0\0\
\x16\0\0\0\x20\0\0\0\xe1\x12\0\0\x07\0\0\x04\x30\0\0\0\xf1\x12\0\0\x6d\0\0\0\0\
\0\0\0\xfa\x12\0\0\x53\0\0\0\x80\0\0\0\x02\x13\0\0\x53\0\0\0\xc0\0\0\0\x11\x13\
\0\0\x16\0\0\0\0\x01\0\0\x61\x06\0\0\x1f\0\0\0\x20\x01\0\0\x1c\x13\0\0\x1f\0\0\
\0\x30\x01\0\0\x24\x13\0\0\x74\0\0\0\x40\x01\0\0\0\0\0\0\0\0\0\x02\x73\0\0\0\
\x29\x13\0\0\x10\0\0\x84\xe0\0\0\0\x1d\x12\0\0\x6b\0\0\0\0\0\0\0\x39\x13\0\0\
\x21\0\0\0\xc0\0\0\0\x44\x13\0\0\x21\0\0\0\0\x01\0\0\x50\x13\0\0\x21\0\0\0\x40\
\x01\0\0\x5a\x13\0\0\x21\0\0\0\x80\x01\0\0\x60\x13\0\0\x21\0\0\0\xc0\x01\0\0\
\x6b\x13\0\0\x33\0\0\0\0\x02\0\0\x73\x13\0\0\x21\0\0\0\x40\x02\0\0\xfa\x05\0\0\
\x16\0\0\0\x80\x02\0\0\x7c\x13\0\0\x16\0\0\0\xa0\x02\0\x01\x89\x13\0\0\x16\0\0\
\0\xa1\x02\0\x01\x94\x13\0\0\x16\0\0\0\xa2\x02\0\x01\xa6\x13\0\0\x16\0\0\0\xa3\
\x02\0\x01\xb1\x13\0\0\x76\0\0\0\xc0\x02\0\0\xba\x13\0\0\x76\0\0\0\xc0\x04\0\0\
\xc9\x13\0\0\x7e\0\0\0\xc0\x06\0\0\xcf\x13\0\0\x08\0\0\x04\x40\0\0\0\xd7\x13\0\
\0\x77\0\0\0\0\0\0\0\xdc\x13\0\0\x78\0\0\0\0\x01\0\0\xe9\x13\0\0\x79\0\0\0\x40\
\x01\0\0\xf2\x13\0\0\x7d\0\0\0\x80\x01\0\0\xf7\x13\0\0\x18\0\0\0\xc0\x01\0\0\
\xfd\x13\0\0\x18\0\0\0\xc8\x01\0\0\x04\x14\0\0\x18\0\0\0\xd0\x01\0\0\x0c\x14\0\
\0\x18\0\0\0\xd8\x01\0\0\x14\x14\0\0\x02\0\0\x04\x20\0\0\0\xd7\x13\0\0\x6b\0\0\
\0\0\0\0\0\x24\x14\0\0\x78\0\0\0\xc0\0\0\0\x2c\x14\0\0\0\0\0\x08\x33\0\0\0\0\0\
\0\0\0\0\0\x02\x7a\0\0\0\0\0\0\0\x01\0\0\x0d\x7b\0\0\0\0\0\0\0\x7c\0\0\0\x34\
\x14\0\0\x02\0\0\x06\x04\0\0\0\x44\x14\0\0\0\0\0\0\x56\x14\0\0\x01\0\0\0\0\0\0\
\0\0\0\0\x02\x76\0\0\0\0\0\0\0\0\0\0\x02\x1f\x04\0\0\0\0\0\0\0\0\0\x02\x75\0\0\
\0\0\0\0\0\0\0\0\x02\xdc\x03\0\0\x66\x14\0\0\x1b\0\0\x04\0\x01\0\0\x77\x14\0\0\
\x21\0\0\0\0\0\0\0\x82\x14\0\0\x21\0\0\0\x40\0\0\0\x8b\x14\0\0\x21\0\0\0\x80\0\
\0\0\x96\x14\0\0\x21\0\0\0\xc0\0\0\0\x9f\x14\0\0\x21\0\0\0\0\x01\0\0\xac\x14\0\
\0\x21\0\0\0\x40\x01\0\0\xb7\x14\0\0\x21\0\0\0\x80\x01\0\0\xc3\x14\0\0\x21\0\0\
\0\xc0\x01\0\0\xcd\x14\0\0\x33\0\0\0\0\x02\0\0\xdf\x14\0\0\x21\0\0\0\x40\x02\0\
\0\xeb\x14\0\0\x21\0\0\0\x80\x02\0\0\xf5\x14\0\0\x21\0\0\0\xc0\x02\0\0\xfe\x14\
\0\0\x21\0\0\0\0\x03\0\0\x08\x15\0\0\x21\0\0\0\x40\x03\0\0\x1b\x15\0\0\x21\0\0\
\0\x80\x03\0\0\x37\x15\0\0\x21\0\0\0\xc0\x03\0\0\x54\x15\0\0\x21\0\0\0\0\x04\0\
\0\x6d\x15\0\0\x21\0\0\0\x40\x04\0\0\x82\x15\0\0\x21\0\0\0\x80\x04\0\0\x8d\x15\
\0\0\x21\0\0\0\xc0\x04\0\0\x9d\x15\0\0\x21\0\0\0\0\x05\0\0\xb0\x15\0\0\x21\0\0\
\0\x40\x05\0\0\xc1\x15\0\0\x21\0\0\0\x80\x05\0\0\xd3\x15\0\0\x21\0\0\0\xc0\x05\
\0\0\xe5\x15\0\0\x21\0\0\0\0\x06\0\0\0\x16\0\0\x21\0\0\0\x40\x06\0\0\x13\x16\0\
\0\x21\0\0\0\x80\x06\0\0\x23\x16\0\0\x01\0\0\x04\x08\0\0\0\x2e\x16\0\0\x82\0\0\
\0\0\0\0\0\0\0\0\0\0\0\0\x02\xb7\0\0\0\0\0\0\0\0\0\0\x02\x84\0\0\0\0\0\0\0\0\0\
\0\x0a\x85\0\0\0\x34\x16\0\0\0\0\0\x08\x87\0\0\0\0\0\0\0\0\0\0\x02\x85\0\0\0\
\x3e\x16\0\0\x01\0\0\x04\x08\0\0\0\x46\x16\0\0\x88\0\0\0\0\0\0\0\0\0\0\0\0\0\0\
\x03\0\0\0\0\x53\0\0\0\x04\0\0\0\x01\0\0\0\x4b\x16\0\0\x02\0\0\x05\x04\0\0\0\
\x57\x16\0\0\x8a\0\0\0\0\0\0\0\x59\x16\0\0\x14\0\0\0\0\0\0\0\0\0\0\0\x04\0\0\
\x04\x04\0\0\0\xb2\x0b\0\0\x18\0\0\0\0\0\0\0\x5b\x16\0\0\x18\0\0\0\x08\0\0\0\
\x63\x16\0\0\x18\0\0\0\x10\0\0\0\x6c\x16\0\0\x18\0\0\0\x18\0\0\0\0\0\0\0\0\0\0\
\x02\x3f\x04\0\0\x6d\x08\0\0\x04\0\0\x04\x20\0\0\0\x74\x16\0\0\x53\0\0\0\0\0\0\
\0\x7b\x16\0\0\x23\0\0\0\x40\0\0\0\x85\x16\0\0\x23\0\0\0\x80\0\0\0\x92\x16\0\0\
\x23\0\0\0\xc0\0\0\0\x9e\x16\0\0\x03\0\0\x04\x28\0\0\0\x67\x06\0\0\x02\0\0\0\0\
\0\0\0\xa9\x16\0\0\x6d\0\0\0\x40\0\0\0\xb3\x16\0\0\x6d\0\0\0\xc0\0\0\0\0\0\0\0\
\0\0\0\x02\xf3\x01\0\0\xac\x08\0\0\x02\0\0\x04\x28\0\0\0\xbd\x16\0\0\x21\0\0\0\
\0\0\0\0\xc4\x16\0\0\xa2\0\0\0\x40\0\0\0\0\0\0\0\0\0\0\x02\x91\0\0\0\xc9\x16\0\
\0\x12\0\0\x04\xc0\0\0\0\xd8\x16\0\0\x53\0\0\0\0\0\0\0\xe1\x16\0\0\x53\0\0\0\
\x40\0\0\0\xe8\x16\0\0\x90\0\0\0\x80\0\0\0\xf0\x16\0\0\x90\0\0\0\xc0\0\0\0\xf8\
\x16\0\0\x6b\0\0\0\0\x01\0\0\xfe\x16\0\0\x53\0\0\0\xc0\x01\0\0\x0d\x17\0\0\x8e\
\0\0\0\0\x02\0\0\x13\x17\0\0\x92\0\0\0\x40\x02\0\0\x20\x17\0\0\x53\0\0\0\x80\
\x02\0\0\0\0\0\0\x95\0\0\0\xc0\x02\0\0\x29\x17\0\0\x6d\0\0\0\xc0\x03\0\0\x38\
\x17\0\0\x99\0\0\0\x40\x04\0\0\x41\x17\0\0\x9a\0\0\0\x80\x04\0\0\x48\x17\0\0\
\x53\0\0\0\xc0\x04\0\0\x51\x17\0\0\x9c\0\0\0\0\x05\0\0\x59\x17\0\0\x5d\0\0\0\
\x40\x05\0\0\x69\x17\0\0\x9d\0\0\0\x80\x05\0\0\x7d\x17\0\0\xa0\0\0\0\xc0\x05\0\
\0\x90\x17\0\0\0\0\0\x08\x93\0\0\0\x99\x17\0\0\x01\0\0\x04\x08\0\0\0\x99\x17\0\
\0\x94\0\0\0\0\0\0\0\xa0\x17\0\0\0\0\0\x08\x53\0\0\0\0\0\0\0\x02\0\0\x05\x20\0\
\0\0\xac\x17\0\0\x96\0\0\0\0\0\0\0\xb3\x17\0\0\x97\0\0\0\0\0\0\0\0\0\0\0\x02\0\
\0\x04\x20\0\0\0\x2a\0\0\0\x6b\0\0\0\0\0\0\0\xbd\x17\0\0\x53\0\0\0\xc0\0\0\0\0\
\0\0\0\0\0\0\x02\x98\0\0\0\0\0\0\0\0\0\0\x0a\x29\0\0\0\0\0\0\0\0\0\0\x02\x77\
\x04\0\0\0\0\0\0\0\0\0\x02\x9b\0\0\0\0\0\0\0\0\0\0\x0a\xea\x03\0\0\0\0\0\0\0\0\
\0\x02\xf7\x01\0\0\xcd\x17\0\0\0\0\0\x08\x9e\0\0\0\xdb\x17\0\0\0\0\0\x08\x9f\0\
\0\0\0\0\0\0\x01\0\0\x04\x08\0\0\0\x21\x11\0\0\x33\0\0\0\0\0\0\0\x7d\x17\0\0\
\x01\0\0\x04\x08\0\0\0\x4c\x04\0\0\xa1\0\0\0\0\0\0\0\0\0\0\0\0\0\0\x02\x78\x04\
\0\0\0\0\0\0\0\0\0\x03\0\0\0\0\x90\0\0\0\x04\0\0\0\x04\0\0\0\xe6\x17\0\0\x02\0\
\0\x04\x14\0\0\0\xf4\x17\0\0\x02\0\0\0\0\0\0\0\xfb\x17\0\0\x45\0\0\0\x20\0\0\0\
\xe5\x09\0\0\x03\0\0\x04\x38\0\0\0\x01\x18\0\0\x53\0\0\0\0\0\0\0\x0b\x18\0\0\
\xa5\0\0\0\x40\0\0\0\0\0\0\0\xa8\0\0\0\x80\0\0\0\0\0\0\0\0\0\0\x02\xa6\0\0\0\0\
\0\0\0\x01\0\0\x0d\x59\0\0\0\0\0\0\0\xa7\0\0\0\0\0\0\0\0\0\0\x02\xa4\0\0\0\0\0\
\0\0\x03\0\0\x05\x28\0\0\0\x0e\x18\0\0\xa9\0\0\0\0\0\0\0\x14\x18\0\0\xab\0\0\0\
\0\0\0\0\x1e\x18\0\0\xb2\0\0\0\0\0\0\0\0\0\0\0\x06\0\0\x04\x28\0\0\0\x23\x18\0\
\0\xaa\0\0\0\0\0\0\0\x29\x18\0\0\x14\0\0\0\x40\0\0\0\xfa\x05\0\0\x14\0\0\0\x60\
\0\0\0\x2d\x18\0\0\x14\0\0\0\x80\0\0\0\x34\x18\0\0\x21\0\0\0\xc0\0\0\0\x39\x18\
\0\0\xaa\0\0\0\0\x01\0\0\0\0\0\0\0\0\0\x02\x14\0\0\0\0\0\0\0\x04\0\0\x04\x18\0\
\0\0\x40\x18\0\0\xac\0\0\0\0\0\0\0\x19\0\0\0\xae\0\0\0\x20\0\0\0\0\0\0\0\xaf\0\
\0\0\x40\0\0\0\x24\x14\0\0\x21\0\0\0\x80\0\0\0\x48\x18\0\0\0\0\0\x08\xad\0\0\0\
\x52\x18\0\0\0\0\0\x08\x02\0\0\0\x65\x18\0\0\x03\0\0\x06\x04\0\0\0\x73\x18\0\0\
\0\0\0\0\x7b\x18\0\0\x01\0\0\0\x85\x18\0\0\x02\0\0\0\0\0\0\0\x02\0\0\x05\x08\0\
\0\0\x8f\x18\0\0\xb0\0\0\0\0\0\0\0\x94\x18\0\0\xb1\0\0\0\0\0\0\0\0\0\0\0\0\0\0\
\x02\x40\x04\0\0\0\0\0\0\0\0\0\x02\x41\x04\0\0\0\0\0\0\x05\0\0\x04\x20\0\0\0\
\xa0\x18\0\0\xb3\0\0\0\0\0\0\0\xa5\x18\0\0\x02\0\0\0\x40\0\0\0\xaa\x18\0\0\x02\
\0\0\0\x60\0\0\0\xb6\x18\0\0\x53\0\0\0\x80\0\0\0\xbd\x18\0\0\x53\0\0\0\xc0\0\0\
\0\0\0\0\0\0\0\0\x02\x42\x04\0\0\xc5\x18\0\0\0\0\0\x08\xb5\0\0\0\xcb\x18\0\0\0\
\0\0\x08\x02\0\0\0\0\0\0\0\0\0\0\x02\x30\x04\0\0\xda\x18\0\0\x02\0\0\x04\x10\0\
\0\0\x55\x11\0\0\x82\0\0\0\0\0\0\0\xe5\x18\0\0\xb8\0\0\0\x40\0\0\0\0\0\0\0\0\0\
\0\x02\x82\0\0\0\0\0\0\0\0\0\0\x03\0\0\0\0\xb7\0\0\0\x04\0\0\0\x04\0\0\0\0\0\0\
\0\0\0\0\x02\xdc\x02\0\0\0\0\0\0\0\0\0\x02\x02\0\0\0\xc1\x0a\0\0\x03\0\0\x04\
\x18\0\0\0\xaf\x0a\0\0\x21\0\0\0\0\0\0\0\xb5\x0a\0\0\x21\0\0\0\x40\0\0\0\xeb\
\x18\0\0\xbd\0\0\0\x80\0\0\0\xf0\x18\0\0\0\0\0\x08\xbe\0\0\0\xff\x18\0\0\x01\0\
\0\x04\x04\0\0\0\x0c\x19\0\0\xbf\0\0\0\0\0\0\0\x15\x19\0\0\0\0\0\x08\xc0\0\0\0\
\x25\x19\0\0\x01\0\0\x04\x04\0\0\0\0\0\0\0\xc1\0\0\0\0\0\0\0\0\0\0\0\x03\0\0\
\x05\x04\0\0\0\x29\x18\0\0\x60\0\0\0\0\0\0\0\0\0\0\0\xc2\0\0\0\0\0\0\0\0\0\0\0\
\xc3\0\0\0\0\0\0\0\0\0\0\0\x02\0\0\x04\x02\0\0\0\x2f\x19\0\0\x18\0\0\0\0\0\0\0\
\xd5\x0b\0\0\x18\0\0\0\x08\0\0\0\0\0\0\0\x02\0\0\x04\x04\0\0\0\x36\x19\0\0\x1d\
\0\0\0\0\0\0\0\x45\x19\0\0\x1d\0\0\0\x10\0\0\0\xfa\x0a\0\0\x03\0\0\x04\x50\0\0\
\0\x4a\x19\0\0\xc9\0\0\0\0\0\0\0\x50\x19\0\0\x16\0\0\0\x40\x02\0\0\x5e\x19\0\0\
\x16\0\0\0\x60\x02\0\0\x6c\x19\0\0\x02\0\0\x04\x18\0\0\0\x80\x19\0\0\x21\0\0\0\
\0\0\0\0\x88\x19\0\0\xc6\0\0\0\x40\0\0\0\x8f\x19\0\0\x01\0\0\x04\x10\0\0\0\x9f\
\x19\0\0\xc7\0\0\0\0\0\0\0\xa7\x19\0\0\x02\0\0\x04\x10\0\0\0\x9f\x19\0\0\xc8\0\
\0\0\0\0\0\0\xb6\x19\0\0\x6c\0\0\0\x40\0\0\0\x9f\x19\0\0\x01\0\0\x04\x08\0\0\0\
\x1d\x12\0\0\x6c\0\0\0\0\0\0\0\0\0\0\0\0\0\0\x03\0\0\0\0\xc5\0\0\0\x04\0\0\0\
\x03\0\0\0\x0a\x0b\0\0\x03\0\0\x04\x38\0\0\0\xc2\x19\0\0\xcb\0\0\0\0\0\0\0\xc7\
\x19\0\0\xcf\0\0\0\x80\0\0\0\xcd\x19\0\0\x16\0\0\0\x80\x01\0\0\xd7\x19\0\0\x02\
\0\0\x04\x10\0\0\0\x55\x11\0\0\xcc\0\0\0\0\0\0\0\xe5\x19\0\0\xcd\0\0\0\x40\0\0\
\0\0\0\0\0\0\0\0\x02\xcb\0\0\0\0\0\0\0\0\0\0\x02\xce\0\0\0\0\0\0\0\x01\0\0\x0d\
\0\0\0\0\0\0\0\0\xcc\0\0\0\xc7\x19\0\0\x04\0\0\x04\x20\0\0\0\xea\x19\0\0\x9d\0\
\0\0\0\0\0\0\xf0\x19\0\0\xbd\0\0\0\x40\0\0\0\xfa\x19\0\0\xd0\0\0\0\x60\0\0\0\
\xfe\x19\0\0\x6d\0\0\0\x80\0\0\0\x08\x1a\0\0\x01\0\0\x04\x04\0\0\0\x45\x19\0\0\
\x60\0\0\0\0\0\0\0\0\0\0\0\0\0\0\x02\xd2\0\0\0\0\0\0\0\0\0\0\x0a\xd3\0\0\0\x36\
\x0b\0\0\x1d\0\0\x04\xc0\0\0\0\xf4\x05\0\0\x60\0\0\0\0\0\0\0\x1e\x1a\0\0\x60\0\
\0\0\x20\0\0\0\x2a\x1a\0\0\x5d\0\0\0\x40\0\0\0\x33\x1a\0\0\x16\0\0\0\x80\0\0\0\
\x1c\x03\0\0\xd4\0\0\0\xa0\0\0\0\x20\x03\0\0\xd8\0\0\0\xc0\0\0\0\x39\x1a\0\0\
\xd4\0\0\0\xe0\0\0\0\x3e\x1a\0\0\xd8\0\0\0\0\x01\0\0\x43\x1a\0\0\xd4\0\0\0\x20\
\x01\0\0\x48\x1a\0\0\xd8\0\0\0\x40\x01\0\0\x4d\x1a\0\0\xd4\0\0\0\x60\x01\0\0\
\x53\x1a\0\0\xd8\0\0\0\x80\x01\0\0\x59\x1a\0\0\x16\0\0\0\xa0\x01\0\0\x64\x1a\0\
\0\xdc\0\0\0\xc0\x01\0\0\x74\x1a\0\0\xdc\0\0\0\0\x02\0\0\x82\x1a\0\0\xdc\0\0\0\
\x40\x02\0\0\x90\x1a\0\0\xdc\0\0\0\x80\x02\0\0\x99\x1a\0\0\xdc\0\0\0\xc0\x02\0\
\0\xa5\x1a\0\0\x1a\0\0\0\0\x03\0\0\xb1\x1a\0\0\xdf\0\0\0\x40\x03\0\0\xc1\x1a\0\
\0\xdf\0\0\0\x80\x03\0\0\xd1\x1a\0\0\xdf\0\0\0\xc0\x03\0\0\xe0\x1a\0\0\xdf\0\0\
\0\0\x04\0\0\xa2\x0f\0\0\x5d\0\0\0\x40\x04\0\0\xf1\x1a\0\0\xe0\0\0\0\x80\x04\0\
\0\xf6\x1a\0\0\xe1\0\0\0\xc0\x04\0\0\xfe\x1a\0\0\xe2\0\0\0\0\x05\0\0\x06\x1b\0\
\0\xe3\0\0\0\x40\x05\0\0\0\0\0\0\xe4\0\0\0\x80\x05\0\0\x11\x1b\0\0\0\0\0\x08\
\xd5\0\0\0\0\0\0\0\x01\0\0\x04\x04\0\0\0\x29\x18\0\0\xd6\0\0\0\0\0\0\0\x18\x1b\
\0\0\0\0\0\x08\xd7\0\0\0\x1e\x1b\0\0\0\0\0\x08\x16\0\0\0\x2f\x1b\0\0\0\0\0\x08\
\xd9\0\0\0\0\0\0\0\x01\0\0\x04\x04\0\0\0\x29\x18\0\0\xda\0\0\0\0\0\0\0\x36\x1b\
\0\0\0\0\0\x08\xdb\0\0\0\x3c\x1b\0\0\0\0\0\x08\x16\0\0\0\x4d\x1b\0\0\0\0\0\x08\
\xdd\0\0\0\x5a\x1b\0\0\x01\0\0\x04\x08\0\0\0\x6c\x1b\0\0\xde\0\0\0\0\0\0\0\0\0\
\0\0\0\0\0\x03\0\0\0\0\x15\0\0\0\x04\0\0\0\x02\0\0\0\0\0\0\0\0\0\0\x02\x32\x04\
\0\0\0\0\0\0\0\0\0\x02\xfd\x03\0\0\0\0\0\0\0\0\0\x02\xe0\x03\0\0\0\0\0\0\0\0\0\
\x02\x05\x04\0\0\0\0\0\0\0\0\0\x02\x33\x04\0\0\0\0\0\0\x02\0\0\x05\x10\0\0\0\
\x70\x1b\0\0\x02\0\0\0\0\0\0\0\x78\x1b\0\0\xcb\0\0\0\0\0\0\0\0\0\0\0\0\0\0\x03\
\0\0\0\0\x29\0\0\0\x04\0\0\0\x10\0\0\0\0\0\0\0\0\0\0\x02\x43\x04\0\0\x7c\x1b\0\
\0\x01\0\0\x04\x08\0\0\0\x85\x1b\0\0\xe8\0\0\0\0\0\0\0\0\0\0\0\0\0\0\x02\x44\
\x04\0\0\x8f\x1b\0\0\x01\0\0\x04\x10\0\0\0\x98\x1b\0\0\x6d\0\0\0\0\0\0\0\0\0\0\
\0\0\0\0\x02\x45\x04\0\0\0\0\0\0\0\0\0\x02\x46\x04\0\0\0\0\0\0\0\0\0\x02\x47\
\x04\0\0\0\0\0\0\0\0\0\x02\x7a\x04\0\0\0\0\0\0\0\0\0\x02\x7b\x04\0\0\xa2\x1b\0\
\0\0\0\0\x08\xf0\0\0\0\0\0\0\0\x01\0\0\x04\x08\0\0\0\xab\x1b\0\0\x88\0\0\0\0\0\
\0\0\xaf\x1b\0\0\x02\0\0\x04\x18\0\0\0\xba\x1b\0\0\x6d\0\0\0\0\0\0\0\xa3\x0b\0\
\0\xef\0\0\0\x80\0\0\0\xbf\x1b\0\0\0\0\0\x08\xf3\0\0\0\xc6\x1b\0\0\0\0\0\x08\
\xf4\0\0\0\xd6\x1b\0\0\0\0\0\x08\x53\0\0\0\0\0\0\0\0\0\0\x02\x3e\x04\0\0\x2c\
\x0c\0\0\x03\0\0\x04\x10\0\0\0\xe7\x1b\0\0\x02\0\0\0\0\0\0\0\xec\x1b\0\0\x60\0\
\0\0\x20\0\0\0\xf9\x1b\0\0\xf7\0\0\0\x40\0\0\0\0\0\0\0\0\0\0\x02\x25\x04\0\0\0\
\x1c\0\0\x04\0\0\x04\x20\0\0\0\x16\x1c\0\0\xf9\0\0\0\0\0\0\0\x1f\x1c\0\0\x53\0\
\0\0\x40\0\0\0\x26\x1c\0\0\x53\0\0\0\x80\0\0\0\x2a\x1c\0\0\x2b\0\0\0\xc0\0\0\0\
\0\0\0\0\0\0\0\x02\x29\0\0\0\x36\x1c\0\0\0\0\0\x08\xfb\0\0\0\x41\x1c\0\0\x01\0\
\0\x04\x04\0\0\0\0\0\0\0\xfc\0\0\0\0\0\0\0\0\0\0\0\x01\0\0\x05\x04\0\0\0\x4a\
\x1c\0\0\xbe\0\0\0\0\0\0\0\x50\x1c\0\0\x01\0\0\x04\x08\0\0\0\x55\x11\0\0\xfe\0\
\0\0\0\0\0\0\0\0\0\0\0\0\0\x02\xfd\0\0\0\0\0\0\0\0\0\0\x02\x7c\x04\0\0\0\0\0\0\
\0\0\0\x02\x64\x04\0\0\0\0\0\0\0\0\0\x02\x7d\x04\0\0\0\0\0\0\0\0\0\x02\x7e\x04\
\0\0\0\0\0\0\0\0\0\x02\x66\x04\0\0\0\0\0\0\0\0\0\x02\x65\x04\0\0\0\0\0\0\0\0\0\
\x02\x7f\x04\0\0\0\0\0\0\0\0\0\x02\x07\x01\0\0\x5c\x1c\0\0\0\0\0\x08\x70\x04\0\
\0\x6d\x1c\0\0\x08\0\0\x04\x40\0\0\0\x80\x1c\0\0\x21\0\0\0\0\0\0\0\x86\x1c\0\0\
\x21\0\0\0\x40\0\0\0\x8c\x1c\0\0\x21\0\0\0\x80\0\0\0\x92\x1c\0\0\x21\0\0\0\xc0\
\0\0\0\x98\x1c\0\0\x21\0\0\0\0\x01\0\0\x9f\x1c\0\0\x21\0\0\0\x40\x01\0\0\xaa\
\x1c\0\0\x21\0\0\0\x80\x01\0\0\xb6\x1c\0\0\x21\0\0\0\xc0\x01\0\0\xcc\x1c\0\0\0\
\0\0\x08\x0a\x01\0\0\0\0\0\0\x01\0\0\x04\x08\0\0\0\x46\x16\0\0\x88\0\0\0\0\0\0\
\0\xd7\x1c\0\0\0\0\0\x08\x0c\x01\0\0\xeb\x1c\0\0\x01\0\0\x04\x04\0\0\0\xfd\x1c\
\0\0\x0d\x01\0\0\0\0\0\0\x06\x1d\0\0\0\0\0\x08\x0e\x01\0\0\xfd\x1c\0\0\x01\0\0\
\x04\x04\0\0\0\x11\x1d\0\0\x16\0\0\0\0\0\0\0\0\0\0\0\0\0\0\x02\x79\x04\0\0\0\0\
\0\0\0\0\0\x02\x80\x04\0\0\0\0\0\0\0\0\0\x02\x81\x04\0\0\0\0\0\0\0\0\0\x02\x82\
\x04\0\0\0\0\0\0\0\0\0\x02\x14\x01\0\0\x1a\x1d\0\0\x1c\0\0\x04\x10\x01\0\0\x2d\
\x1d\0\0\x15\x01\0\0\0\0\0\0\xeb\x18\0\0\xbd\0\0\0\x40\0\0\0\xc7\x19\0\0\xcf\0\
\0\0\x80\0\0\0\x31\x1d\0\0\x6d\0\0\0\x80\x01\0\0\x41\x1d\0\0\x16\x01\0\0\0\x02\
\0\0\x4f\x1d\0\0\x16\x01\0\0\x80\x02\0\0\x5f\x1d\0\0\x6d\0\0\0\0\x03\0\0\x6a\
\x1d\0\0\x6d\0\0\0\x80\x03\0\0\x78\x1d\0\0\x6d\0\0\0\0\x04\0\0\x88\x1d\0\0\x02\
\0\0\0\x80\x04\0\0\x92\x1d\0\0\x02\0\0\0\xa0\x04\0\0\x9c\x1d\0\0\x02\0\0\0\xc0\
\x04\0\0\xa6\x1d\0\0\x02\0\0\0\xe0\x04\0\0\xae\x1d\0\0\x02\0\0\0\0\x05\0\0\xb6\
\x1d\0\0\x02\0\0\0\x20\x05\0\0\xc5\x1d\0\0\x02\0\0\0\x40\x05\0\0\xd6\x1d\0\0\
\x5e\0\0\0\x60\x05\0\0\xdf\x1d\0\0\x66\0\0\0\x80\x05\0\0\x34\x18\0\0\x21\0\0\0\
\xc0\x05\0\0\xe4\x1d\0\0\x21\0\0\0\0\x06\0\0\xee\x1d\0\0\x21\0\0\0\x40\x06\0\0\
\xf9\x1d\0\0\x13\x01\0\0\x80\x06\0\0\x04\x1e\0\0\x21\0\0\0\xc0\x06\0\0\x0f\x1e\
\0\0\x21\0\0\0\0\x07\0\0\x1a\x1e\0\0\x02\0\0\0\x40\x07\0\0\x24\x1e\0\0\x5d\0\0\
\0\x80\x07\0\0\xd7\x19\0\0\xcb\0\0\0\xc0\x07\0\0\x32\x1e\0\0\x17\x01\0\0\x40\
\x08\0\0\0\0\0\0\0\0\0\x02\x6a\x04\0\0\x3d\x1e\0\0\x02\0\0\x04\x10\0\0\0\x4f\
\x1e\0\0\xc8\0\0\0\0\0\0\0\x54\x1e\0\0\x21\0\0\0\x40\0\0\0\x5a\x1e\0\0\0\0\0\
\x08\x18\x01\0\0\0\0\0\0\x01\0\0\x04\x08\0\0\0\x62\x1e\0\0\x9d\0\0\0\0\0\0\0\0\
\0\0\0\0\0\0\x03\0\0\0\0\x13\x01\0\0\x04\0\0\0\x02\0\0\0\0\0\0\0\0\0\0\x02\x83\
\x04\0\0\x64\x1e\0\0\x03\0\0\x04\x10\0\0\0\x79\x1e\0\0\x1c\x01\0\0\0\0\0\0\x7e\
\x1e\0\0\x2b\0\0\0\x40\0\0\0\x8d\x1e\0\0\x2b\0\0\0\x48\0\0\0\x96\x1e\0\0\x01\0\
\0\x04\x08\0\0\0\x3e\x16\0\0\x87\0\0\0\0\0\0\0\0\0\0\0\x02\0\0\x05\x10\0\0\0\
\xb0\x1e\0\0\x5e\0\0\0\0\0\0\0\x78\x1b\0\0\xcb\0\0\0\0\0\0\0\0\0\0\0\0\0\0\x02\
\xfb\x03\0\0\xba\x1e\0\0\x03\0\0\x04\x10\0\0\0\xc4\x1e\0\0\x20\x01\0\0\0\0\0\0\
\x1f\x1c\0\0\x15\0\0\0\x40\0\0\0\xc9\x1e\0\0\x15\0\0\0\x60\0\0\0\0\0\0\0\0\0\0\
\x02\xf1\x03\0\0\0\0\0\0\0\0\0\x02\x84\x04\0\0\0\0\0\0\0\0\0\x02\x63\x04\0\0\0\
\0\0\0\0\0\0\x02\x85\x04\0\0\x47\x0f\0\0\0\0\0\x04\0\0\0\0\xce\x1e\0\0\x04\0\0\
\x04\x28\0\0\0\xd9\x1e\0\0\xb7\0\0\0\0\0\0\0\x24\x14\0\0\x53\0\0\0\x80\0\0\0\
\xe9\x13\0\0\x26\x01\0\0\xc0\0\0\0\xfa\x05\0\0\x14\0\0\0\0\x01\0\0\0\0\0\0\0\0\
\0\x02\x27\x01\0\0\0\0\0\0\x01\0\0\x0d\0\0\0\0\0\0\0\0\x28\x01\0\0\0\0\0\0\0\0\
\0\x02\x25\x01\0\0\0\0\0\0\0\0\0\x02\x86\x04\0\0\0\0\0\0\0\0\0\x02\x2e\x04\0\0\
\0\0\0\0\0\0\0\x02\x87\x04\0\0\xdf\x1e\0\0\x14\0\0\x84\0\x11\0\0\xed\x1e\0\0\
\x2e\x01\0\0\0\0\0\0\xf2\x10\0\0\x53\0\0\0\xc0\0\0\0\xf7\x1e\0\0\x1f\0\0\0\0\
\x01\0\0\xfa\x1e\0\0\x1f\0\0\0\x10\x01\0\0\xfd\x1e\0\0\x1f\0\0\0\x20\x01\0\0\
\x05\x1f\0\0\x1f\0\0\0\x30\x01\0\0\x0d\x1f\0\0\x53\0\0\0\x40\x01\0\0\x14\x1f\0\
\0\x53\0\0\0\x80\x01\0\0\x1b\x1f\0\0\x73\x01\0\0\xc0\x01\0\0\x26\x1f\0\0\x53\0\
\0\0\xc0\x02\0\0\x32\x1f\0\0\x53\0\0\0\0\x03\0\0\x3d\x1f\0\0\x53\0\0\0\x40\x03\
\0\0\x41\x1f\0\0\x53\0\0\0\x80\x03\0\0\x49\x1f\0\0\x53\0\0\0\xc0\x03\0\0\x54\
\x1f\0\0\x74\x01\0\0\0\x04\0\0\x5e\x1f\0\0\x53\0\0\0\x40\x04\0\0\x68\x1f\0\0\
\x16\0\0\0\x80\x04\0\x01\x72\x1f\0\0\x16\0\0\0\x81\x04\0\x01\x85\x1f\0\0\x14\0\
\0\0\xa0\x04\0\0\x8a\x1f\0\0\x75\x01\0\0\0\x06\0\0\x8e\x1f\0\0\x0d\0\0\x84\x08\
\0\0\0\x9a\x1f\0\0\x1d\0\0\0\0\0\0\0\xa1\x1f\0\0\x1d\0\0\0\x10\0\0\0\xa7\x1f\0\
\0\x1d\0\0\0\x20\0\0\x08\x19\0\0\0\x1d\0\0\0\x28\0\0\x04\x59\x16\0\0\x1d\0\0\0\
\x2c\0\0\x01\xad\x1f\0\0\x1d\0\0\0\x2d\0\0\x02\xb1\x1f\0\0\x1d\0\0\0\x2f\0\0\
\x01\xb3\x1f\0\0\x1d\0\0\0\x30\0\0\x04\xba\x1f\0\0\x1d\0\0\0\x34\0\0\x01\xbe\
\x1f\0\0\x1d\0\0\0\x35\0\0\x01\xc0\x1f\0\0\x1d\0\0\0\x36\0\0\x01\xc2\x1f\0\0\
\x1d\0\0\0\x37\0\0\x01\xc4\x1f\0\0\x1d\0\0\0\x38\0\0\x08\0\0\0\0\0\0\0\x03\0\0\
\0\0\x2d\x01\0\0\x04\0\0\0\x03\0\0\0\0\0\0\0\0\0\0\x02\x30\x01\0\0\xca\x1f\0\0\
\x49\0\0\x04\xb0\x04\0\0\xd5\x1f\0\0\x6d\0\0\0\0\0\0\0\xe1\x1f\0\0\x6d\0\0\0\
\x80\0\0\0\xee\x1f\0\0\x6d\0\0\0\0\x01\0\0\x85\x11\0\0\x6b\0\0\0\x80\x01\0\0\
\xfa\x1f\0\0\x21\0\0\0\x40\x02\0\0\x06\x20\0\0\x6d\0\0\0\x80\x02\0\0\x14\x20\0\
\0\xb7\0\0\0\0\x03\0\0\x20\x20\0\0\x6d\0\0\0\x80\x03\0\0\x2d\x20\0\0\x02\0\0\0\
\0\x04\0\0\x39\x20\0\0\x02\0\0\0\x20\x04\0\0\x44\x20\0\0\x02\0\0\0\x40\x04\0\0\
\x29\x0a\0\0\x2f\x01\0\0\x80\x04\0\0\x2d\x1d\0\0\x15\x01\0\0\xc0\x04\0\0\x4f\
\x20\0\0\x5d\0\0\0\0\x05\0\0\xf7\x13\0\0\x31\x01\0\0\x40\x05\0\0\x5b\x20\0\0\
\x16\0\0\0\x60\x05\0\0\xfb\x17\0\0\x32\x01\0\0\x80\x05\0\0\x68\x20\0\0\x9e\0\0\
\0\xc0\x05\0\0\x74\x20\0\0\x21\0\0\0\0\x06\0\0\x87\x20\0\0\x21\0\0\0\x40\x06\0\
\0\x9a\x20\0\0\x21\0\0\0\x80\x06\0\0\xa1\x20\0\0\x34\x01\0\0\xc0\x06\0\0\xa6\
\x20\0\0\x1d\0\0\0\xc0\x0a\0\0\xb2\x20\0\0\x1d\0\0\0\xd0\x0a\0\0\xc1\x20\0\0\
\x1d\0\0\0\xe0\x0a\0\0\xcb\x20\0\0\x3a\x01\0\0\0\x0b\0\0\x4c\x04\0\0\x13\x01\0\
\0\0\x11\0\0\xd6\x1d\0\0\x9d\0\0\0\x40\x11\0\0\xce\x20\0\0\x9e\0\0\0\x80\x11\0\
\0\xe7\x20\0\0\x9e\0\0\0\xc0\x11\0\0\0\x21\0\0\xcf\0\0\0\0\x12\0\0\x0c\x21\0\0\
\x6d\0\0\0\0\x13\0\0\x11\x0a\0\0\x2f\x01\0\0\x80\x13\0\0\x17\x21\0\0\x02\0\0\0\
\xc0\x13\0\0\x19\x06\0\0\x02\0\0\0\xe0\x13\0\0\x1d\x21\0\0\x6d\0\0\0\0\x14\0\0\
\xea\x19\0\0\x66\0\0\0\x80\x14\0\0\x29\x21\0\0\xcf\0\0\0\xc0\x14\0\0\x34\x21\0\
\0\x60\0\0\0\xc0\x15\0\0\x2a\0\0\0\x47\x01\0\0\0\x16\0\0\x3f\x21\0\0\x6d\0\0\0\
\x40\x16\0\0\x48\x21\0\0\x53\0\0\0\xc0\x16\0\0\x54\x21\0\0\x02\0\0\0\0\x17\0\0\
\x60\x21\0\0\x48\x01\0\0\x40\x17\0\0\x66\x21\0\0\x4a\x01\0\0\0\x18\0\0\x6d\x21\
\0\0\x16\0\0\0\x40\x18\0\0\x7c\x21\0\0\x16\0\0\0\x60\x18\0\0\x89\x21\0\0\x16\0\
\0\0\x80\x18\0\0\x99\x21\0\0\x16\0\0\0\xa0\x18\0\0\xa9\x21\0\0\x53\0\0\0\xc0\
\x18\0\0\xb6\x21\0\0\x4b\x01\0\0\0\x19\0\0\xc2\x21\0\0\xcb\0\0\0\xc0\x19\0\0\
\xcf\x21\0\0\x16\0\0\0\x40\x1a\0\0\xdc\x21\0\0\x60\0\0\0\x60\x1a\0\0\xe8\x21\0\
\0\x4f\x01\0\0\x80\x1a\0\0\xf5\x21\0\0\x50\x01\0\0\x40\x1b\0\0\x08\x22\0\0\x53\
\0\0\0\x80\x1b\0\0\x19\x22\0\0\x2f\x01\0\0\xc0\x1b\0\0\x23\x22\0\0\x51\x01\0\0\
\0\x1c\0\0\xd7\x19\0\0\xcb\0\0\0\x40\x1c\0\0\x2b\x22\0\0\x53\x01\0\0\xc0\x1c\0\
\0\x2e\x22\0\0\x21\0\0\0\0\x1d\0\0\x31\x22\0\0\x54\x01\0\0\x40\x1d\0\0\x37\x22\
\0\0\x56\x01\0\0\x80\x1d\0\0\x48\x22\0\0\x5d\0\0\0\xc0\x1d\0\0\x61\x22\0\0\x56\
\x01\0\0\0\x1e\0\0\x77\x22\0\0\x66\x01\0\0\x40\x1e\0\0\x7c\x22\0\0\x21\0\0\0\
\x80\x1e\0\0\x87\x22\0\0\x67\x01\0\0\xc0\x1e\0\0\xf9\x1b\0\0\x68\x01\0\0\0\x1f\
\0\0\x90\x22\0\0\x69\x01\0\0\x40\x1f\0\0\xa2\x0f\0\0\x5d\0\0\0\xc0\x24\0\0\x9b\
\x22\0\0\x6d\0\0\0\0\x25\0\0\xa3\x22\0\0\x06\0\0\x06\x04\0\0\0\xb4\x22\0\0\xfc\
\xff\xff\xff\xca\x22\0\0\xfd\xff\xff\xff\xe0\x22\0\0\xfe\xff\xff\xff\xf7\x22\0\
\0\xff\xff\xff\xff\x0c\x23\0\0\0\0\0\0\x26\x23\0\0\x01\0\0\0\x3e\x23\0\0\0\0\0\
\x08\x33\x01\0\0\0\0\0\0\x01\0\0\x04\x08\0\0\0\x62\x1e\0\0\x17\x01\0\0\0\0\0\0\
\x48\x23\0\0\x3b\0\0\x84\x80\0\0\0\x19\0\0\0\x15\0\0\0\0\0\0\0\xc9\x1e\0\0\x15\
\0\0\0\x20\0\0\0\x58\x23\0\0\x22\0\0\0\x40\0\0\0\0\0\0\0\x35\x01\0\0\x80\0\0\0\
\x5f\x23\0\0\x22\0\0\0\xc0\0\0\0\x6b\x23\0\0\x22\0\0\0\0\x01\0\0\x77\x23\0\0\
\x22\0\0\0\x40\x01\0\x01\x80\x23\0\0\x22\0\0\0\x41\x01\0\x01\x88\x23\0\0\x22\0\
\0\0\x42\x01\0\x01\x8f\x23\0\0\x22\0\0\0\x43\x01\0\x01\x99\x23\0\0\x22\0\0\0\
\x44\x01\0\x01\xa6\x23\0\0\x22\0\0\0\x45\x01\0\x01\xb5\x23\0\0\x22\0\0\0\x46\
\x01\0\x01\xc0\x23\0\0\x22\0\0\0\x47\x01\0\x01\xcd\x23\0\0\x22\0\0\0\x48\x01\0\
\x01\x50\x0b\0\0\x22\0\0\0\x49\x01\0\x01\xd2\x23\0\0\x22\0\0\0\x4a\x01\0\x01\
\xd7\x23\0\0\x22\0\0\0\x4b\x01\0\x01\xe4\x23\0\0\x22\0\0\0\x4c\x01\0\x01\xdf\
\x1d\0\0\x22\0\0\0\x4d\x01\0\x01\xf3\x23\0\0\x22\0\0\0\x4e\x01\0\x01\xfd\x23\0\
\0\x22\0\0\0\x4f\x01\0\x02\x08\x24\0\0\x22\0\0\0\x51\x01\0\x01\x12\x24\0\0\x22\
\0\0\0\x52\x01\0\x01\x20\x24\0\0\x22\0\0\0\x53\x01\0\x01\x2d\x24\0\0\x22\0\0\0\
\x54\x01\0\x01\x3b\x24\0\0\x22\0\0\0\x55\x01\0\x01\x54\x24\0\0\x22\0\0\0\x56\
\x01\0\x01\x6b\x24\0\0\x22\0\0\0\x57\x01\0\x01\x71\x24\0\0\x22\0\0\0\x58\x01\0\
\x01\x7b\x24\0\0\x22\0\0\0\x59\x01\0\x01\x87\x24\0\0\x22\0\0\0\x5a\x01\0\x01\
\x96\x24\0\0\x22\0\0\0\x5b\x01\0\x01\xa5\x24\0\0\x22\0\0\0\x5c\x01\0\x01\xb0\
\x24\0\0\x22\0\0\0\x5d\x01\0\x01\xb8\x24\0\0\x22\0\0\0\x5e\x01\0\x01\xc2\x24\0\
\0\x22\0\0\0\x5f\x01\0\x01\xcd\x24\0\0\x22\0\0\0\x60\x01\0\x01\xd4\x24\0\0\x22\
\0\0\0\x61\x01\0\x01\xde\x24\0\0\x22\0\0\0\x62\x01\0\x01\xe7\x24\0\0\x22\0\0\0\
\x63\x01\0\x01\xf6\x24\0\0\x22\0\0\0\x64\x01\0\x01\x05\x25\0\0\x22\0\0\0\x65\
\x01\0\x01\x0d\x25\0\0\x22\0\0\0\x66\x01\0\x1a\0\0\0\0\x36\x01\0\0\x80\x01\0\0\
\x1a\x25\0\0\x15\0\0\0\xa0\x01\0\0\0\0\0\0\x37\x01\0\0\xc0\x01\0\0\0\0\0\0\x38\
\x01\0\0\0\x02\0\0\x22\x25\0\0\x22\0\0\0\x40\x02\0\0\x35\x25\0\0\x22\0\0\0\x80\
\x02\0\0\x46\x25\0\0\x15\0\0\0\xc0\x02\0\0\x40\x18\0\0\x39\x01\0\0\xe0\x02\0\0\
\x58\x25\0\0\x22\0\0\0\0\x03\0\0\x69\x25\0\0\x15\0\0\0\x40\x03\0\0\x77\x25\0\0\
\x1e\0\0\0\x60\x03\0\0\x88\x25\0\0\x1e\0\0\0\x70\x03\0\0\x95\x25\0\0\x15\0\0\0\
\x80\x03\0\0\xa5\x25\0\0\x15\0\0\0\xa0\x03\0\0\xb2\x25\0\0\x22\0\0\0\xc0\x03\0\
\0\0\0\0\0\x02\0\0\x05\x08\0\0\0\xbb\x25\0\0\x22\0\0\0\0\0\0\0\xc9\x25\0\0\x22\
\0\0\0\0\0\0\0\0\0\0\0\x02\0\0\x05\x04\0\0\0\xd5\x25\0\0\x15\0\0\0\0\0\0\0\xe3\
\x25\0\0\x15\0\0\0\0\0\0\0\0\0\0\0\x04\0\0\x05\x08\0\0\0\xf4\x25\0\0\x22\0\0\0\
\0\0\0\0\xfc\x25\0\0\x22\0\0\0\0\0\0\0\x08\x26\0\0\x22\0\0\0\0\0\0\0\x14\x26\0\
\0\x22\0\0\0\0\0\0\0\0\0\0\0\x04\0\0\x05\x08\0\0\0\x1c\x26\0\0\x22\0\0\0\0\0\0\
\0\x23\x26\0\0\x22\0\0\0\0\0\0\0\x2f\x26\0\0\x22\0\0\0\0\0\0\0\x3c\x26\0\0\x22\
\0\0\0\0\0\0\0\x44\x26\0\0\0\0\0\x08\x02\0\0\0\x4a\x26\0\0\x0c\0\0\x04\xc0\0\0\
\0\0\0\0\0\x3b\x01\0\0\0\0\0\0\x58\x26\0\0\x66\0\0\0\0\x03\0\0\xe8\x21\0\0\x5d\
\0\0\0\x40\x03\0\0\x08\x22\0\0\x53\0\0\0\x80\x03\0\0\xf7\x13\0\0\x02\0\0\0\xc0\
\x03\0\0\x5f\x26\0\0\x32\x01\0\0\0\x04\0\0\xbb\x25\0\0\x21\0\0\0\x40\x04\0\0\0\
\0\0\0\x44\x01\0\0\x80\x04\0\0\x6a\x26\0\0\x21\0\0\0\0\x05\0\0\x79\x26\0\0\x21\
\0\0\0\x40\x05\0\0\x84\x26\0\0\x21\0\0\0\x80\x05\0\0\x94\x26\0\0\x21\0\0\0\xc0\
\x05\0\0\0\0\0\0\x06\0\0\x05\x60\0\0\0\0\0\0\0\x3c\x01\0\0\0\0\0\0\0\0\0\0\x3e\
\x01\0\0\0\0\0\0\0\0\0\0\x3f\x01\0\0\0\0\0\0\0\0\0\0\x40\x01\0\0\0\0\0\0\0\0\0\
\0\x41\x01\0\0\0\0\0\0\0\0\0\0\x43\x01\0\0\0\0\0\0\0\0\0\0\x0a\0\0\x04\x60\0\0\
\0\x58\x23\0\0\x21\0\0\0\0\0\0\0\xa5\x26\0\0\x21\0\0\0\x40\0\0\0\xae\x26\0\0\
\x53\0\0\0\x80\0\0\0\xba\x26\0\0\x53\0\0\0\xc0\0\0\0\xc5\x26\0\0\x02\0\0\0\0\
\x01\0\0\xd6\x26\0\0\x02\0\0\0\x20\x01\0\0\xda\x26\0\0\x02\0\0\0\x40\x01\0\0\
\xfa\x05\0\0\x02\0\0\0\x60\x01\0\0\xe3\x26\0\0\x3d\x01\0\0\x80\x01\0\0\xed\x26\
\0\0\x3d\x01\0\0\x40\x02\0\0\xf8\x26\0\0\x04\0\0\x04\x18\0\0\0\x58\x23\0\0\x21\
\0\0\0\0\0\0\0\x0c\x27\0\0\x16\0\0\0\x40\0\0\0\x10\x27\0\0\x02\0\0\0\x60\0\0\0\
\xd6\x26\0\0\x02\0\0\0\x80\0\0\0\0\0\0\0\x01\0\0\x04\x40\0\0\0\xcf\x13\0\0\x76\
\0\0\0\0\0\0\0\0\0\0\0\x01\0\0\x04\x10\0\0\0\x16\x27\0\0\x6d\0\0\0\0\0\0\0\0\0\
\0\0\x02\0\0\x04\x10\0\0\0\x1e\x27\0\0\x21\0\0\0\0\0\0\0\x26\x27\0\0\x21\0\0\0\
\x40\0\0\0\0\0\0\0\x02\0\0\x04\x28\0\0\0\x2b\x27\0\0\x42\x01\0\0\0\0\0\0\x30\
\x27\0\0\x6d\0\0\0\xc0\0\0\0\x38\x27\0\0\x04\0\0\x04\x18\0\0\0\x4b\x27\0\0\x53\
\0\0\0\0\0\0\0\x53\x27\0\0\x53\0\0\0\x40\0\0\0\x26\x1c\0\0\x18\0\0\0\x80\0\0\0\
\x19\0\0\0\x18\0\0\0\x88\0\0\0\0\0\0\0\x05\0\0\x04\x18\0\0\0\x58\x27\0\0\x18\0\
\0\0\0\0\0\0\x63\x27\0\0\x18\0\0\0\x08\0\0\0\x6e\x27\0\0\x1d\0\0\0\x10\0\0\0\
\x76\x27\0\0\x21\0\0\0\x40\0\0\0\x7b\x27\0\0\x21\0\0\0\x80\0\0\0\0\0\0\0\x02\0\
\0\x05\x10\0\0\0\0\0\0\0\x45\x01\0\0\0\0\0\0\0\0\0\0\x46\x01\0\0\0\0\0\0\0\0\0\
\0\x02\0\0\x04\x10\0\0\0\x81\x27\0\0\x21\0\0\0\0\0\0\0\x8d\x27\0\0\x32\x01\0\0\
\x40\0\0\0\0\0\0\0\x02\0\0\x04\x10\0\0\0\x99\x27\0\0\x21\0\0\0\0\0\0\0\xa6\x27\
\0\0\x21\0\0\0\x40\0\0\0\0\0\0\0\0\0\0\x02\x6b\x04\0\0\xb2\x27\0\0\0\0\0\x08\
\x49\x01\0\0\xc4\x27\0\0\x02\0\0\x04\x18\0\0\0\xeb\x18\0\0\xfa\0\0\0\0\0\0\0\
\xd4\x27\0\0\x6d\0\0\0\x40\0\0\0\0\0\0\0\0\0\0\x02\xfc\x03\0\0\xd9\x27\0\0\x02\
\0\0\x04\x18\0\0\0\xd7\x13\0\0\x62\0\0\0\0\0\0\0\xe5\x19\0\0\x4c\x01\0\0\x80\0\
\0\0\0\0\0\0\0\0\0\x02\x4d\x01\0\0\0\0\0\0\x01\0\0\x0d\0\0\0\0\0\0\0\0\x4e\x01\
\0\0\0\0\0\0\0\0\0\x02\x4b\x01\0\0\xe2\x27\0\0\x03\0\0\x04\x18\0\0\0\xba\x1b\0\
\0\x6d\0\0\0\0\0\0\0\xeb\x18\0\0\xbd\0\0\0\x80\0\0\0\xf9\x27\0\0\x16\0\0\0\xa0\
\0\0\0\0\0\0\0\0\0\0\x02\x6c\x04\0\0\0\0\0\0\0\0\0\x02\x52\x01\0\0\0\0\0\0\x01\
\0\0\x0d\0\0\0\0\0\0\0\0\x2f\x01\0\0\0\0\0\0\0\0\0\x02\x31\x04\0\0\0\0\0\0\0\0\
\0\x02\x55\x01\0\0\0\0\0\0\x01\0\0\x0d\x21\0\0\0\0\0\0\0\0\0\0\0\x09\x28\0\0\0\
\0\0\x08\x57\x01\0\0\0\0\0\0\0\0\0\x02\x58\x01\0\0\0\0\0\0\x03\0\0\x0d\0\0\0\0\
\0\0\0\0\x2f\x01\0\0\0\0\0\0\x59\x01\0\0\0\0\0\0\x65\x01\0\0\0\0\0\0\0\0\0\x02\
\x5a\x01\0\0\x21\x28\0\0\x17\0\0\x04\0\x01\0\0\x32\x28\0\0\x21\0\0\0\0\0\0\0\
\x37\x28\0\0\x5b\x01\0\0\x40\0\0\0\x3b\x28\0\0\x5c\x01\0\0\x80\0\0\0\x44\x28\0\
\0\x21\0\0\0\xc0\0\0\0\x0b\x12\0\0\x5d\x01\0\0\0\x01\0\0\x4b\x28\0\0\x21\0\0\0\
\x40\x01\0\0\x4f\x28\0\0\x5f\x01\0\0\x80\x01\0\0\x19\0\0\0\x21\0\0\0\xc0\x01\0\
\0\xec\x10\0\0\x21\0\0\0\0\x02\0\0\x58\x28\0\0\x61\x01\0\0\x40\x02\0\0\x34\x18\
\0\0\x21\0\0\0\x80\x02\0\0\x2e\x22\0\0\x21\0\0\0\xc0\x02\0\0\x62\x28\0\0\x21\0\
\0\0\0\x03\0\0\x6c\x28\0\0\x62\x01\0\0\x40\x03\0\0\x76\x28\0\0\x63\x01\0\0\x80\
\x03\0\0\x80\x28\0\0\x21\0\0\0\xc0\x03\0\0\x89\x28\0\0\x64\x01\0\0\0\x04\0\0\
\x93\x28\0\0\x64\x01\0\0\x80\x04\0\0\x9d\x28\0\0\x21\0\0\0\0\x05\0\0\xad\x28\0\
\0\x21\0\0\0\x40\x05\0\0\xcd\x24\0\0\x21\0\0\0\x80\x05\0\0\xb7\x28\0\0\x21\0\0\
\0\xc0\x05\0\0\xc6\x28\0\0\x21\0\0\0\0\x06\0\0\0\0\0\0\0\0\0\x02\x6d\x04\0\0\0\
\0\0\0\0\0\0\x02\x6e\x04\0\0\xd5\x28\0\0\x02\0\0\x05\x08\0\0\0\xe8\x28\0\0\x22\
\0\0\0\0\0\0\0\0\0\0\0\x5e\x01\0\0\0\0\0\0\0\0\0\0\x03\0\0\x04\x08\0\0\0\xed\
\x28\0\0\x15\0\0\0\0\0\0\0\xf5\x28\0\0\x1e\0\0\0\x20\0\0\0\xfc\x28\0\0\x1e\0\0\
\0\x30\0\0\0\x03\x29\0\0\x02\0\0\x05\x08\0\0\0\x29\x18\0\0\x22\0\0\0\0\0\0\0\0\
\0\0\0\x60\x01\0\0\0\0\0\0\0\0\0\0\x0a\0\0\x84\x08\0\0\0\x15\x29\0\0\x22\0\0\0\
\0\0\0\x05\x1c\x29\0\0\x22\0\0\0\x05\0\0\x0e\x24\x29\0\0\x22\0\0\0\x13\0\0\x05\
\x2e\x29\0\0\x22\0\0\0\x18\0\0\x02\x37\x29\0\0\x22\0\0\0\x1a\0\0\x07\x40\x29\0\
\0\x22\0\0\0\x21\0\0\x04\x4c\x29\0\0\x22\0\0\0\x25\0\0\x01\x57\x29\0\0\x22\0\0\
\0\x26\0\0\x02\x62\x29\0\0\x22\0\0\0\x28\0\0\x03\x6a\x29\0\0\x22\0\0\0\x2b\0\0\
\x15\0\0\0\0\x02\0\0\x04\x08\0\0\0\xda\x02\0\0\x14\0\0\0\0\0\0\0\x73\x29\0\0\
\x14\0\0\0\x20\0\0\0\0\0\0\0\x02\0\0\x04\x08\0\0\0\x19\x06\0\0\x14\0\0\0\0\0\0\
\0\x77\x29\0\0\x14\0\0\0\x20\0\0\0\0\0\0\0\0\0\0\x02\x6f\x04\0\0\x80\x29\0\0\
\x02\0\0\x04\x10\0\0\0\x8a\x29\0\0\x22\0\0\0\0\0\0\0\x8e\x29\0\0\x65\x01\0\0\
\x40\0\0\0\0\0\0\0\0\0\0\x02\x5c\0\0\0\0\0\0\0\0\0\0\x02\x88\x03\0\0\0\0\0\0\0\
\0\0\x02\x67\x04\0\0\0\0\0\0\0\0\0\x02\x68\x04\0\0\x90\x22\0\0\x0b\0\0\x04\xb0\
\0\0\0\xe5\x19\0\0\x6a\x01\0\0\0\0\0\0\x55\x11\0\0\x6d\x01\0\0\x40\0\0\0\xfa\
\x05\0\0\x53\0\0\0\x80\0\0\0\x93\x29\0\0\x5d\0\0\0\xc0\0\0\0\x9b\x29\0\0\x6a\
\x01\0\0\0\x01\0\0\xa6\x29\0\0\x70\x01\0\0\x40\x01\0\0\xb1\x29\0\0\x72\x01\0\0\
\xc0\x02\0\0\xbb\x29\0\0\x70\x01\0\0\0\x03\0\0\xc4\x29\0\0\x53\0\0\0\x80\x04\0\
\0\xcf\x29\0\0\x53\0\0\0\xc0\x04\0\0\xba\x1b\0\0\x6d\0\0\0\0\x05\0\0\xdf\x29\0\
\0\0\0\0\x08\x6b\x01\0\0\0\0\0\0\0\0\0\x02\x6c\x01\0\0\0\0\0\0\x04\0\0\x0d\0\0\
\0\0\0\0\0\0\x53\0\0\0\0\0\0\0\x53\0\0\0\0\0\0\0\x6d\x01\0\0\0\0\0\0\x6e\x01\0\
\0\0\0\0\0\0\0\0\x02\x69\x01\0\0\0\0\0\0\0\0\0\x02\x6f\x01\0\0\xed\x29\0\0\x01\
\0\0\x04\xa8\0\0\0\x8e\x29\0\0\x5c\0\0\0\0\0\0\0\xf9\x29\0\0\x03\0\0\x04\x30\0\
\0\0\x09\x2a\0\0\x71\x01\0\0\0\0\0\0\x16\x2a\0\0\x71\x01\0\0\x40\0\0\0\x22\x2a\
\0\0\xcf\0\0\0\x80\0\0\0\0\0\0\0\0\0\0\x02\x69\x04\0\0\0\0\0\0\0\0\0\x02\x70\
\x01\0\0\0\0\0\0\0\0\0\x03\0\0\0\0\x2f\x01\0\0\x04\0\0\0\x04\0\0\0\0\0\0\0\0\0\
\0\x02\x88\x04\0\0\x8a\x1f\0\0\x03\0\0\x04\x40\x10\0\0\xda\x26\0\0\x16\0\0\0\0\
\0\0\0\x2d\x2a\0\0\x53\0\0\0\x40\0\0\0\xf7\x13\0\0\x76\x01\0\0\0\x02\0\0\x3e\
\x2a\0\0\x05\0\0\x05\0\x10\0\0\x4b\x2a\0\0\x77\x01\0\0\0\0\0\0\x51\x2a\0\0\x79\
\x01\0\0\0\0\0\0\x58\x2a\0\0\x81\x01\0\0\0\0\0\0\x5d\x2a\0\0\x83\x01\0\0\0\0\0\
\0\x63\x2a\0\0\x87\x01\0\0\0\0\0\0\x6d\x2a\0\0\x09\0\0\x04\x70\0\0\0\x79\x2a\0\
\0\x14\0\0\0\0\0\0\0\x7d\x2a\0\0\x14\0\0\0\x20\0\0\0\x81\x2a\0\0\x14\0\0\0\x40\
\0\0\0\x85\x2a\0\0\x14\0\0\0\x60\0\0\0\x89\x2a\0\0\x14\0\0\0\x80\0\0\0\x8d\x2a\
\0\0\x14\0\0\0\xa0\0\0\0\x91\x2a\0\0\x14\0\0\0\xc0\0\0\0\x95\x2a\0\0\x78\x01\0\
\0\xe0\0\0\0\x3d\x10\0\0\x14\0\0\0\x60\x03\0\0\0\0\0\0\0\0\0\x03\0\0\0\0\x14\0\
\0\0\x04\0\0\0\x14\0\0\0\x9e\x2a\0\0\x0b\0\0\x04\0\x02\0\0\x79\x2a\0\0\x1d\0\0\
\0\0\0\0\0\x7d\x2a\0\0\x1d\0\0\0\x10\0\0\0\x81\x2a\0\0\x1d\0\0\0\x20\0\0\0\xab\
\x2a\0\0\x1d\0\0\0\x30\0\0\0\0\0\0\0\x7a\x01\0\0\x40\0\0\0\xaf\x2a\0\0\x14\0\0\
\0\xc0\0\0\0\xb5\x2a\0\0\x14\0\0\0\xe0\0\0\0\x95\x2a\0\0\x7d\x01\0\0\0\x01\0\0\
\xc0\x2a\0\0\x7e\x01\0\0\0\x05\0\0\x6e\x27\0\0\x7f\x01\0\0\0\x0d\0\0\0\0\0\0\
\x80\x01\0\0\x80\x0e\0\0\0\0\0\0\x02\0\0\x05\x10\0\0\0\0\0\0\0\x7b\x01\0\0\0\0\
\0\0\0\0\0\0\x7c\x01\0\0\0\0\0\0\0\0\0\0\x02\0\0\x04\x10\0\0\0\xca\x2a\0\0\x21\
\0\0\0\0\0\0\0\xce\x2a\0\0\x21\0\0\0\x40\0\0\0\0\0\0\0\x04\0\0\x04\x10\0\0\0\
\x85\x2a\0\0\x14\0\0\0\0\0\0\0\x89\x2a\0\0\x14\0\0\0\x20\0\0\0\x8d\x2a\0\0\x14\
\0\0\0\x40\0\0\0\x91\x2a\0\0\x14\0\0\0\x60\0\0\0\0\0\0\0\0\0\0\x03\0\0\0\0\x14\
\0\0\0\x04\0\0\0\x20\0\0\0\0\0\0\0\0\0\0\x03\0\0\0\0\x14\0\0\0\x04\0\0\0\x40\0\
\0\0\0\0\0\0\0\0\0\x03\0\0\0\0\x14\0\0\0\x04\0\0\0\x0c\0\0\0\0\0\0\0\x02\0\0\
\x05\x30\0\0\0\xd2\x2a\0\0\x7f\x01\0\0\0\0\0\0\xdb\x2a\0\0\x7f\x01\0\0\0\0\0\0\
\xe7\x2a\0\0\x10\0\0\x04\x88\0\0\0\x79\x2a\0\0\x14\0\0\0\0\0\0\0\x7d\x2a\0\0\
\x14\0\0\0\x20\0\0\0\x81\x2a\0\0\x14\0\0\0\x40\0\0\0\x85\x2a\0\0\x14\0\0\0\x60\
\0\0\0\x89\x2a\0\0\x14\0\0\0\x80\0\0\0\x8d\x2a\0\0\x14\0\0\0\xa0\0\0\0\x91\x2a\
\0\0\x14\0\0\0\xc0\0\0\0\x95\x2a\0\0\x78\x01\0\0\xe0\0\0\0\xf4\x2a\0\0\x18\0\0\
\0\x60\x03\0\0\xf9\x2a\0\0\x18\0\0\0\x68\x03\0\0\x01\x2b\0\0\x18\0\0\0\x70\x03\
\0\0\x0b\x2b\0\0\x18\0\0\0\x78\x03\0\0\x15\x2b\0\0\x18\0\0\0\x80\x03\0\0\x18\
\x2b\0\0\x18\0\0\0\x88\x03\0\0\x2b\x27\0\0\x82\x01\0\0\xc0\x03\0\0\x1f\x2b\0\0\
\x14\0\0\0\0\x04\0\0\0\0\0\0\0\0\0\x02\x89\x04\0\0\x29\x2b\0\0\x03\0\0\x04\x40\
\x02\0\0\x35\x2b\0\0\x79\x01\0\0\0\0\0\0\x3a\x2b\0\0\x84\x01\0\0\0\x10\0\0\x41\
\x2b\0\0\x86\x01\0\0\0\x12\0\0\x55\x2b\0\0\x03\0\0\x04\x40\0\0\0\x63\x2b\0\0\
\x21\0\0\0\0\0\0\0\x6d\x2b\0\0\x21\0\0\0\x40\0\0\0\x77\x29\0\0\x85\x01\0\0\x80\
\0\0\0\0\0\0\0\0\0\0\x03\0\0\0\0\x21\0\0\0\x04\0\0\0\x06\0\0\0\0\0\0\0\0\0\0\
\x03\0\0\0\0\x18\0\0\0\x04\0\0\0\0\0\0\0\0\0\0\0\0\0\0\x03\0\0\0\0\x18\0\0\0\
\x04\0\0\0\0\x10\0\0\x98\x2c\0\0\x07\0\0\x04\x80\0\0\0\xf7\x13\0\0\x89\x01\0\0\
\0\0\0\0\x19\0\0\0\x8b\x01\0\0\x20\0\0\0\xfa\x05\0\0\x53\0\0\0\x40\0\0\0\x9f\
\x2c\0\0\x9c\0\0\0\x80\0\0\0\xa4\x2c\0\0\x8c\x01\0\0\xc0\0\0\0\xa7\x2c\0\0\x8d\
\x01\0\0\0\x01\0\0\xab\x2c\0\0\x8f\x01\0\0\0\x02\0\0\xae\x2c\0\0\0\0\0\x08\x8a\
\x01\0\0\0\0\0\0\x05\0\0\x06\x04\0\0\0\xbb\x2c\0\0\0\0\0\0\xc3\x2c\0\0\x01\0\0\
\0\xd2\x2c\0\0\x02\0\0\0\xe0\x2c\0\0\x03\0\0\0\xed\x2c\0\0\x04\0\0\0\xfe\x2c\0\
\0\0\0\0\x01\x02\0\0\0\x10\0\0\x01\0\0\0\0\0\0\0\x02\x90\x01\0\0\0\0\0\0\0\0\0\
\x02\x8e\x01\0\0\0\0\0\0\0\0\0\x0a\x8a\x04\0\0\x04\x2d\0\0\x04\0\0\x04\x40\0\0\
\0\x0e\x2d\0\0\x48\x01\0\0\0\0\0\0\x13\x2d\0\0\x4a\x01\0\0\xc0\0\0\0\xfa\x05\0\
\0\x53\0\0\0\0\x01\0\0\x78\x1b\0\0\xcb\0\0\0\x40\x01\0\0\x4a\0\0\0\x5d\0\0\x84\
\x18\x03\0\0\x06\x2e\0\0\x91\x01\0\0\0\0\0\0\x12\x2e\0\0\xb0\x01\0\0\x40\x04\0\
\0\x1a\x2e\0\0\x60\0\0\0\x40\x05\0\0\x23\x2e\0\0\x02\0\0\0\x60\x05\0\0\x2f\x2e\
\0\0\xb2\x01\0\0\x80\x05\0\0\x3e\x2e\0\0\xb3\x01\0\0\x40\x06\0\0\x4e\x2e\0\0\
\xb2\x01\0\0\x80\x06\0\0\x5f\x2e\0\0\xb4\x01\0\0\x40\x07\0\0\x6a\x2e\0\0\x02\0\
\0\0\0\x08\0\0\x7b\x2e\0\0\x16\0\0\0\x20\x08\0\0\x86\x2e\0\0\x16\0\0\0\x40\x08\
\0\0\x91\x2e\0\0\x02\0\0\0\x60\x08\0\0\x9b\x2e\0\0\x02\0\0\0\x80\x08\0\0\xab\
\x2e\0\0\xb5\x01\0\0\xc0\x08\0\0\0\0\0\0\xb6\x01\0\0\0\x09\0\0\xb5\x2e\0\0\xcd\
\x01\0\0\x40\x09\0\0\xbf\x2e\0\0\xce\x01\0\0\xc0\x09\0\0\xc9\x2e\0\0\x02\0\0\0\
\0\x0a\0\0\xdb\x2e\0\0\x14\0\0\0\x20\x0a\0\0\xec\x2e\0\0\xce\x01\0\0\x40\x0a\0\
\0\xf9\x2e\0\0\x60\0\0\0\x80\x0a\0\0\x07\x2f\0\0\x02\0\0\0\xa0\x0a\0\0\x11\x2f\
\0\0\x02\0\0\0\xc0\x0a\0\0\x20\x2f\0\0\x5e\0\0\0\xe0\x0a\0\0\x2e\x2f\0\0\x53\0\
\0\0\0\x0b\0\0\0\0\0\0\xcf\x01\0\0\x40\x0b\0\0\x3b\x2f\0\0\xb3\x01\0\0\x80\x0b\
\0\0\x4b\x2f\0\0\xb2\x01\0\0\xc0\x0b\0\0\x5a\x2f\0\0\x39\x01\0\0\x80\x0c\0\0\
\x66\x2f\0\0\x02\0\0\0\xa0\x0c\0\0\x77\x2f\0\0\x15\0\0\0\xc0\x0c\0\0\x8e\x2f\0\
\0\x14\0\0\0\xe0\x0c\0\0\x9f\x2f\0\0\x59\0\0\0\0\x0d\0\0\xab\x2f\0\0\x25\x01\0\
\0\x40\x0d\0\0\xb4\x2f\0\0\x15\0\0\0\x80\x0e\0\0\xc0\x2f\0\0\x15\0\0\0\xa0\x0e\
\0\0\xc8\x2f\0\0\x53\0\0\0\xc0\x0e\0\0\xd7\x2f\0\0\x53\0\0\0\0\x0f\0\0\xea\x2f\
\0\0\x1f\x01\0\0\x40\x0f\0\0\xf2\x2f\0\0\xd0\x01\0\0\xc0\x0f\0\0\0\x30\0\0\xd0\
\x01\0\0\0\x10\0\0\x10\x30\0\0\xd0\x01\0\0\x40\x10\0\0\x25\x30\0\0\x02\0\0\0\
\x80\x10\0\0\x31\x30\0\0\x16\0\0\0\xa0\x10\0\0\x41\x30\0\0\xd1\x01\0\0\xc0\x10\
\0\0\x4f\x30\0\0\x15\0\0\0\xe0\x10\0\0\x59\x30\0\0\x18\0\0\0\0\x11\0\x01\x64\
\x30\0\0\x18\0\0\0\x01\x11\0\x01\x71\x30\0\0\x18\0\0\0\x02\x11\0\x01\x80\x30\0\
\0\x18\0\0\0\x03\x11\0\x01\x8f\x30\0\0\x18\0\0\0\x04\x11\0\x04\x9c\x30\0\0\x18\
\0\0\0\x08\x11\0\0\xac\x30\0\0\x1d\0\0\0\x10\x11\0\0\xb4\x30\0\0\x1d\0\0\0\x20\
\x11\0\0\xc0\x30\0\0\x1d\0\0\0\x30\x11\0\0\xd0\x30\0\0\x53\0\0\0\x40\x11\0\0\
\xde\x30\0\0\x9e\x01\0\0\x80\x11\0\0\xee\x30\0\0\xba\x01\0\0\xc0\x11\0\0\xff\
\x30\0\0\x02\0\0\0\0\x12\0\0\x06\x31\0\0\x02\0\0\0\x20\x12\0\0\x12\x31\0\0\x14\
\0\0\0\x40\x12\0\0\x21\x31\0\0\x14\0\0\0\x60\x12\0\0\x34\x31\0\0\xd4\0\0\0\x80\
\x12\0\0\x3b\x31\0\0\x18\0\0\0\xa0\x12\0\0\x4f\x31\0\0\x1d\0\0\0\xb0\x12\0\0\
\x63\x31\0\0\xfa\0\0\0\xc0\x12\0\0\x70\x31\0\0\xb6\0\0\0\0\x13\0\0\x7c\x31\0\0\
\xd1\0\0\0\x40\x13\0\0\x89\x31\0\0\x59\0\0\0\x80\x13\0\0\x95\x31\0\0\x78\0\0\0\
\xc0\x13\0\0\x9e\x31\0\0\x1d\0\0\0\0\x14\0\0\xa9\x31\0\0\x02\0\0\0\x20\x14\0\0\
\xb5\x31\0\0\x18\0\0\0\x40\x14\0\0\xc1\x31\0\0\x60\0\0\0\x60\x14\0\0\xca\x31\0\
\0\x60\0\0\0\x80\x14\0\0\xd3\x31\0\0\x18\0\0\0\xa0\x14\0\0\xde\x31\0\0\x18\0\0\
\0\xa8\x14\0\x01\xf6\x31\0\0\x18\0\0\0\xa9\x14\0\x01\x0e\x32\0\0\x18\0\0\0\xaa\
\x14\0\x06\x1f\x32\0\0\xd2\x01\0\0\xc0\x14\0\0\x29\x32\0\0\x5d\0\0\0\0\x15\0\0\
\x36\x32\0\0\x5d\0\0\0\x40\x15\0\0\x42\x32\0\0\xd3\x01\0\0\x80\x15\0\0\x4f\x32\
\0\0\xd5\x01\0\0\0\x16\0\0\x58\x32\0\0\xd7\x01\0\0\x40\x16\0\0\x68\x32\0\0\xd7\
\x01\0\0\x80\x16\0\0\x76\x32\0\0\xd7\x01\0\0\xc0\x16\0\0\x85\x32\0\0\xd7\x01\0\
\0\0\x17\0\0\x95\x32\0\0\xd9\x01\0\0\x40\x17\0\0\xa4\x32\0\0\xd7\x01\0\0\x80\
\x17\0\0\xb0\x32\0\0\xf2\x01\0\0\xc0\x17\0\0\xc0\x32\0\0\x2a\x01\0\0\0\x18\0\0\
\xcf\x32\0\0\xcb\0\0\0\x40\x18\0\0\xd6\x32\0\0\x19\0\0\x84\x88\0\0\0\0\0\0\0\
\x92\x01\0\0\0\0\0\0\0\0\0\0\x96\x01\0\0\x40\0\0\0\0\0\0\0\x98\x01\0\0\x60\0\0\
\0\xe2\x32\0\0\x1f\0\0\0\x80\0\0\0\xed\x32\0\0\x9c\x01\0\0\x90\0\0\0\xf7\x32\0\
\0\x1a\0\0\0\x98\0\0\x04\x01\x33\0\0\x1a\0\0\0\x9c\0\0\x01\x0f\x33\0\0\x1a\0\0\
\0\x9d\0\0\x01\x1c\x33\0\0\x1a\0\0\0\x9e\0\0\x01\x2b\x33\0\0\x02\0\0\0\xa0\0\0\
\0\0\0\0\0\x9d\x01\0\0\xc0\0\0\0\x3c\x33\0\0\x9e\x01\0\0\x40\x01\0\0\x45\x33\0\
\0\x9f\x01\0\0\x80\x01\0\0\x4d\x33\0\0\xa2\x01\0\0\xc0\x01\0\0\x5a\x33\0\0\xa2\
\x01\0\0\x40\x02\0\0\x6b\x33\0\0\x9e\0\0\0\xc0\x02\0\0\0\0\0\0\xa7\x01\0\0\0\
\x03\0\0\x76\x33\0\0\xa9\x01\0\0\x40\x03\0\0\0\0\0\0\xaa\x01\0\0\x40\x03\0\0\
\x89\x33\0\0\x1f\0\0\0\xc0\x03\0\0\x9e\x33\0\0\x1f\0\0\0\xd0\x03\0\0\0\0\0\0\
\xae\x01\0\0\xe0\x03\0\0\xb3\x33\0\0\x5e\0\0\0\0\x04\0\0\xbe\x33\0\0\xa9\x01\0\
\0\x20\x04\0\0\0\0\0\0\xaf\x01\0\0\x20\x04\0\0\0\0\0\0\x02\0\0\x05\x08\0\0\0\
\xcf\x33\0\0\x93\x01\0\0\0\0\0\0\0\0\0\0\x94\x01\0\0\0\0\0\0\xdc\x33\0\0\0\0\0\
\x08\x22\0\0\0\0\0\0\0\x02\0\0\x04\x08\0\0\0\xe7\x33\0\0\x95\x01\0\0\0\0\0\0\
\xf1\x33\0\0\x95\x01\0\0\x20\0\0\0\xff\x33\0\0\0\0\0\x08\x15\0\0\0\0\0\0\0\x02\
\0\0\x05\x04\0\0\0\x06\x34\0\0\x16\0\0\0\0\0\0\0\x0f\x34\0\0\x97\x01\0\0\0\0\0\
\0\0\0\0\0\0\0\0\x03\0\0\0\0\x1e\0\0\0\x04\0\0\0\x02\0\0\0\0\0\0\0\x02\0\0\x05\
\x04\0\0\0\x1d\x34\0\0\x99\x01\0\0\0\0\0\0\0\0\0\0\x9a\x01\0\0\0\0\0\0\x2a\x34\
\0\0\0\0\0\x08\x15\0\0\0\0\0\0\0\x02\0\0\x04\x04\0\0\0\x35\x34\0\0\x9b\x01\0\0\
\0\0\0\0\x3f\x34\0\0\x1e\0\0\0\x10\0\0\0\x47\x34\0\0\0\0\0\x08\x1e\0\0\0\0\0\0\
\0\0\0\0\x09\x1a\0\0\0\0\0\0\0\x02\0\0\x05\x10\0\0\0\x4e\x34\0\0\xb7\0\0\0\0\0\
\0\0\x5c\x34\0\0\xb7\0\0\0\0\0\0\0\0\0\0\0\0\0\0\x02\xe9\x03\0\0\x6e\x34\0\0\0\
\0\0\x08\xa0\x01\0\0\0\0\0\0\x01\0\0\x04\x08\0\0\0\x7d\x34\0\0\xa1\x01\0\0\0\0\
\0\0\0\0\0\0\0\0\0\x02\x2e\x02\0\0\x81\x34\0\0\x01\0\0\x04\x10\0\0\0\x8a\x34\0\
\0\xa3\x01\0\0\0\0\0\0\0\0\0\0\x03\0\0\x05\x10\0\0\0\x90\x34\0\0\xa4\x01\0\0\0\
\0\0\0\x99\x34\0\0\xa5\x01\0\0\0\0\0\0\xa3\x34\0\0\xa6\x01\0\0\0\0\0\0\0\0\0\0\
\0\0\0\x03\0\0\0\0\x19\0\0\0\x04\0\0\0\x10\0\0\0\0\0\0\0\0\0\0\x03\0\0\0\0\x9b\
\x01\0\0\x04\0\0\0\x08\0\0\0\0\0\0\0\0\0\0\x03\0\0\0\0\x95\x01\0\0\x04\0\0\0\
\x04\0\0\0\0\0\0\0\x03\0\0\x05\x08\0\0\0\xad\x34\0\0\x53\0\0\0\0\0\0\0\xb7\x34\
\0\0\x8c\x01\0\0\0\0\0\0\xc4\x34\0\0\xa8\x01\0\0\0\0\0\0\0\0\0\0\0\0\0\x02\x56\
\x02\0\0\0\0\0\0\0\0\0\x03\0\0\0\0\x02\0\0\0\x04\0\0\0\0\0\0\0\0\0\0\0\x02\0\0\
\x05\x10\0\0\0\xce\x34\0\0\xb7\0\0\0\0\0\0\0\xd7\x34\0\0\xab\x01\0\0\0\0\0\0\
\xe6\x34\0\0\x02\0\0\x04\x10\0\0\0\x55\x11\0\0\xac\x01\0\0\0\0\0\0\xe5\x18\0\0\
\xad\x01\0\0\x40\0\0\0\0\0\0\0\0\0\0\x02\xab\x01\0\0\0\0\0\0\0\0\0\x02\xac\x01\
\0\0\0\0\0\0\x03\0\0\x05\x04\0\0\0\xf7\x34\0\0\x02\0\0\0\0\0\0\0\x08\x35\0\0\
\x14\0\0\0\0\0\0\0\x14\x35\0\0\x14\0\0\0\0\0\0\0\0\0\0\0\x03\0\0\x05\x04\0\0\0\
\x23\x35\0\0\x14\0\0\0\0\0\0\0\x2e\x35\0\0\x14\0\0\0\0\0\0\0\x3f\x35\0\0\x14\0\
\0\0\0\0\0\0\x4e\x35\0\0\0\0\0\x08\xb1\x01\0\0\0\0\0\0\x03\0\0\x04\x20\0\0\0\
\x5c\x35\0\0\xfa\0\0\0\0\0\0\0\x62\x35\0\0\x02\0\0\0\x20\0\0\0\xab\x2c\0\0\x48\
\x01\0\0\x40\0\0\0\x68\x35\0\0\x04\0\0\x04\x18\0\0\0\x55\x11\0\0\xb3\x01\0\0\0\
\0\0\0\x52\x12\0\0\xb3\x01\0\0\x40\0\0\0\x75\x35\0\0\x15\0\0\0\x80\0\0\0\xeb\
\x18\0\0\xfa\0\0\0\xa0\0\0\0\0\0\0\0\0\0\0\x02\xdb\x01\0\0\0\0\0\0\x04\0\0\x04\
\x18\0\0\0\x7a\x35\0\0\x60\0\0\0\0\0\0\0\x26\x1c\0\0\x02\0\0\0\x20\0\0\0\xd4\
\x27\0\0\xb3\x01\0\0\x40\0\0\0\x45\x19\0\0\xb3\x01\0\0\x80\0\0\0\0\0\0\0\0\0\0\
\x02\x2f\x04\0\0\0\0\0\0\x02\0\0\x05\x08\0\0\0\x85\x35\0\0\xb7\x01\0\0\0\0\0\0\
\x8b\x35\0\0\xb7\x01\0\0\0\0\0\0\0\0\0\0\0\0\0\x02\x8f\x01\0\0\0\0\0\0\0\0\0\
\x02\xb9\x01\0\0\x95\x35\0\0\x1b\0\0\x04\x20\x03\0\0\xa1\x35\0\0\x9f\x01\0\0\0\
\0\0\0\xa8\x35\0\0\xb7\0\0\0\x40\0\0\0\xae\x35\0\0\xb7\0\0\0\xc0\0\0\0\xeb\x18\
\0\0\xba\x01\0\0\x40\x01\0\0\xb4\x35\0\0\x5e\0\0\0\x80\x01\0\0\xbb\x35\0\0\x14\
\0\0\0\xa0\x01\0\0\xbf\x35\0\0\x25\x01\0\0\xc0\x01\0\0\xc5\x35\0\0\x60\0\0\0\0\
\x03\0\0\xcb\x35\0\0\x14\0\0\0\x20\x03\0\0\x54\x1e\0\0\x14\0\0\0\x40\x03\0\0\
\xd4\x35\0\0\x14\0\0\0\x60\x03\0\0\xda\x35\0\0\xc1\x01\0\0\x80\x03\0\0\x16\x1c\
\0\0\xc2\x01\0\0\xc0\x03\0\0\xdf\x35\0\0\xc5\x01\0\0\x80\x05\0\0\xe3\x35\0\0\
\xc6\x01\0\0\x80\x07\0\0\xea\x35\0\0\xc7\x01\0\0\x80\x08\0\0\xef\x35\0\0\xc8\
\x01\0\0\x40\x09\0\0\xf4\x35\0\0\x2b\0\0\0\x80\x0b\0\0\x19\0\0\0\x18\0\0\0\x88\
\x0b\0\0\x03\x36\0\0\x18\0\0\0\x90\x0b\0\0\xfa\x05\0\0\x18\0\0\0\x98\x0b\0\0\
\x0a\x36\0\0\x18\0\0\0\xa0\x0b\0\0\x64\0\0\0\x1d\0\0\0\xb0\x0b\0\0\xa2\x0f\0\0\
\xc9\x01\0\0\xc0\x0b\0\0\x12\x36\0\0\xcc\x01\0\0\0\x0c\0\0\x1b\x36\0\0\xb7\0\0\
\0\0\x18\0\0\x78\x1b\0\0\xcb\0\0\0\x80\x18\0\0\x2e\x36\0\0\0\0\0\x08\xbb\x01\0\
\0\0\0\0\0\x01\0\0\x04\x08\0\0\0\x0c\x19\0\0\xbc\x01\0\0\0\0\0\0\x37\x36\0\0\0\
\0\0\x08\xbd\x01\0\0\x45\x36\0\0\x02\0\0\x04\x08\0\0\0\0\0\0\0\xbe\x01\0\0\0\0\
\0\0\xf0\x19\0\0\xbf\0\0\0\x20\0\0\0\0\0\0\0\x02\0\0\x05\x04\0\0\0\x4d\x36\0\0\
\x60\0\0\0\0\0\0\0\0\0\0\0\xbf\x01\0\0\0\0\0\0\0\0\0\0\x02\0\0\x04\x04\0\0\0\
\x52\x36\0\0\x18\0\0\0\0\0\0\0\x5a\x36\0\0\xc0\x01\0\0\x08\0\0\0\0\0\0\0\0\0\0\
\x03\0\0\0\0\x18\0\0\0\x04\0\0\0\x03\0\0\0\x63\x36\0\0\x02\0\0\x04\x08\0\0\0\
\x6d\x36\0\0\x15\0\0\0\0\0\0\0\x6f\x36\0\0\x15\0\0\0\x20\0\0\0\x71\x36\0\0\x0c\
\0\0\x04\x38\0\0\0\x7f\x36\0\0\xc3\x01\0\0\0\0\0\0\x85\x36\0\0\xc3\x01\0\0\x80\
\0\0\0\x8b\x36\0\0\x9b\x01\0\0\0\x01\0\0\x91\x36\0\0\x9b\x01\0\0\x10\x01\0\0\
\x9c\x36\0\0\x9b\x01\0\0\x20\x01\0\0\xa2\x36\0\0\x9b\x01\0\0\x30\x01\0\0\x64\0\
\0\0\x1e\0\0\0\x40\x01\0\0\xad\x36\0\0\x19\0\0\0\x50\x01\0\0\xb9\x36\0\0\x19\0\
\0\0\x58\x01\0\0\xc5\x36\0\0\x19\0\0\0\x60\x01\0\0\xcb\x36\0\0\x02\0\0\0\x80\
\x01\0\0\xf1\x1a\0\0\xd7\0\0\0\xa0\x01\0\0\xd3\x36\0\0\0\0\0\x08\xc4\x01\0\0\0\
\0\0\0\x03\0\0\x05\x10\0\0\0\xe2\x36\0\0\x95\x01\0\0\0\0\0\0\xe5\x36\0\0\xa6\
\x01\0\0\0\0\0\0\xe8\x36\0\0\xa2\x01\0\0\0\0\0\0\xec\x36\0\0\x08\0\0\x04\x40\0\
\0\0\xfe\x36\0\0\x22\0\0\0\0\0\0\0\x0e\x37\0\0\x22\0\0\0\x40\0\0\0\x1e\x37\0\0\
\x22\0\0\0\x80\0\0\0\x30\x37\0\0\x22\0\0\0\xc0\0\0\0\x42\x37\0\0\x22\0\0\0\0\
\x01\0\0\x5b\x37\0\0\x22\0\0\0\x40\x01\0\0\x74\x37\0\0\x22\0\0\0\x80\x01\0\0\
\x8d\x37\0\0\x22\0\0\0\xc0\x01\0\0\xa6\x37\0\0\x04\0\0\x04\x20\0\0\0\xb8\x37\0\
\0\x22\0\0\0\0\0\0\0\xbe\x37\0\0\x22\0\0\0\x40\0\0\0\xc6\x37\0\0\x22\0\0\0\x80\
\0\0\0\xcf\x37\0\0\x22\0\0\0\xc0\0\0\0\xd8\x37\0\0\x02\0\0\x04\x18\0\0\0\xef\
\x37\0\0\x6d\0\0\0\0\0\0\0\xf3\x37\0\0\x18\0\0\0\x80\0\0\0\xf8\x37\0\0\x03\0\0\
\x04\x48\0\0\0\x0a\x38\0\0\xb2\x01\0\0\0\0\0\0\x15\x38\0\0\x25\x01\0\0\xc0\0\0\
\0\xfa\x12\0\0\x53\0\0\0\0\x02\0\0\0\0\0\0\0\0\0\x02\x20\x04\0\0\x20\x38\0\0\
\x0b\0\0\x04\x40\0\0\0\x2e\x22\0\0\xcb\x01\0\0\0\0\0\0\x85\x36\0\0\xc3\x01\0\0\
\xc0\0\0\0\x2a\x38\0\0\x1f\0\0\0\x40\x01\0\0\x37\x38\0\0\x14\0\0\0\x60\x01\0\0\
\xe7\x1b\0\0\x18\0\0\0\x80\x01\0\0\x3d\x38\0\0\x18\0\0\0\x88\x01\0\0\x43\x38\0\
\0\x18\0\0\0\x90\x01\0\0\x4c\x38\0\0\x18\0\0\0\x98\x01\0\0\x54\x38\0\0\x14\0\0\
\0\xa0\x01\0\0\x5b\x38\0\0\x14\0\0\0\xc0\x01\0\0\x62\x38\0\0\x14\0\0\0\xe0\x01\
\0\0\x69\x38\0\0\x03\0\0\x04\x18\0\0\0\x7f\x36\0\0\xc3\x01\0\0\0\0\0\0\x71\x38\
\0\0\x95\x01\0\0\x80\0\0\0\xc5\x36\0\0\x19\0\0\0\xa0\0\0\0\0\0\0\0\0\0\0\x03\0\
\0\0\0\xca\x01\0\0\x04\0\0\0\x06\0\0\0\0\0\0\0\0\0\0\x03\0\0\0\0\xb8\x01\0\0\
\x04\0\0\0\x02\0\0\0\0\0\0\0\0\0\0\x02\x27\x02\0\0\0\0\0\0\x02\0\0\x05\x08\0\0\
\0\x75\x38\0\0\xb3\x01\0\0\0\0\0\0\x82\x38\0\0\xc8\0\0\0\0\0\0\0\x90\x38\0\0\0\
\0\0\x08\x21\0\0\0\xa2\x38\0\0\0\0\0\x08\x16\0\0\0\0\0\0\0\0\0\0\x02\x88\x01\0\
\0\xa8\x38\0\0\x02\0\0\x04\x10\0\0\0\xcd\x24\0\0\xd4\x01\0\0\0\0\0\0\xb9\x38\0\
\0\x14\0\0\0\x40\0\0\0\0\0\0\0\0\0\0\x02\xdd\x03\0\0\0\0\0\0\0\0\0\x02\xd6\x01\
\0\0\xc1\x38\0\0\0\0\0\x07\0\0\0\0\0\0\0\0\0\0\0\x02\xd8\x01\0\0\0\0\0\0\x01\0\
\0\x0d\0\0\0\0\0\0\0\0\x8c\x01\0\0\0\0\0\0\0\0\0\x02\xda\x01\0\0\0\0\0\0\x02\0\
\0\x0d\x02\0\0\0\0\0\0\0\x8c\x01\0\0\0\0\0\0\xb3\x01\0\0\xcc\x38\0\0\x4c\0\0\
\x84\xe0\0\0\0\0\0\0\0\xdc\x01\0\0\0\0\0\0\0\0\0\0\xe0\x01\0\0\xc0\0\0\0\0\0\0\
\0\xe1\x01\0\0\0\x01\0\0\xd4\x38\0\0\xe2\x01\0\0\x40\x01\0\0\0\0\0\0\xe3\x01\0\
\0\xc0\x02\0\0\xd7\x38\0\0\x53\0\0\0\x40\x03\0\0\x26\x1c\0\0\x16\0\0\0\x80\x03\
\0\0\xdd\x38\0\0\x16\0\0\0\xa0\x03\0\0\xe6\x38\0\0\x1e\0\0\0\xc0\x03\0\0\xee\
\x38\0\0\x1e\0\0\0\xd0\x03\0\0\xf6\x38\0\0\x1e\0\0\0\xe0\x03\0\0\x04\x39\0\0\
\xe7\x01\0\0\xf0\x03\0\0\x14\x39\0\0\x19\0\0\0\xf0\x03\0\x01\x1b\x39\0\0\x19\0\
\0\0\xf1\x03\0\x01\x21\x39\0\0\x19\0\0\0\xf2\x03\0\x02\x28\x39\0\0\x19\0\0\0\
\xf4\x03\0\x01\x2f\x39\0\0\x19\0\0\0\xf5\x03\0\x01\x39\x39\0\0\x19\0\0\0\xf6\
\x03\0\x01\x44\x39\0\0\x19\0\0\0\xf7\x03\0\x01\x4f\x39\0\0\x19\0\0\0\xf8\x03\0\
\0\x61\x39\0\0\xe8\x01\0\0\0\x04\0\0\x6f\x39\0\0\xe7\x01\0\0\0\x04\0\0\x81\x39\
\0\0\x19\0\0\0\0\x04\0\x03\x8a\x39\0\0\x19\0\0\0\x03\x04\0\x01\x94\x39\0\0\x19\
\0\0\0\x04\x04\0\x01\x9d\x39\0\0\x19\0\0\0\x05\x04\0\x02\xa7\x39\0\0\x19\0\0\0\
\x07\x04\0\x01\xb0\x39\0\0\x19\0\0\0\x08\x04\0\x01\xb8\x39\0\0\x19\0\0\0\x09\
\x04\0\x01\xc0\x39\0\0\x19\0\0\0\x0a\x04\0\x01\xd1\x39\0\0\x19\0\0\0\x0b\x04\0\
\x01\xdc\x39\0\0\x19\0\0\0\x0c\x04\0\x01\xe3\x39\0\0\x19\0\0\0\x0d\x04\0\x01\
\xf1\x39\0\0\x19\0\0\0\x0e\x04\0\x01\0\x3a\0\0\x19\0\0\0\x0f\x04\0\x01\x0b\x3a\
\0\0\xe7\x01\0\0\x10\x04\0\0\x25\x3a\0\0\x19\0\0\0\x10\x04\0\x01\x32\x3a\0\0\
\x19\0\0\0\x11\x04\0\x01\x43\x3a\0\0\x19\0\0\0\x12\x04\0\x02\x4e\x3a\0\0\x19\0\
\0\0\x14\x04\0\x01\x5c\x3a\0\0\x19\0\0\0\x15\x04\0\x01\x70\x3a\0\0\x19\0\0\0\
\x16\x04\0\x02\x7f\x3a\0\0\x19\0\0\0\x18\x04\0\x01\x8d\x3a\0\0\x19\0\0\0\x19\
\x04\0\x01\xa1\x3a\0\0\x19\0\0\0\x1a\x04\0\x01\xb1\x3a\0\0\x19\0\0\0\x1b\x04\0\
\x01\xc2\x3a\0\0\x19\0\0\0\x1c\x04\0\x01\xd0\x3a\0\0\x19\0\0\0\x1d\x04\0\x01\
\xdb\x3a\0\0\x19\0\0\0\x1e\x04\0\x01\xe4\x3a\0\0\x19\0\0\0\x1f\x04\0\x01\xf1\
\x3a\0\0\x1e\0\0\0\x20\x04\0\0\0\0\0\0\xe9\x01\0\0\x40\x04\0\0\xcb\x35\0\0\x15\
\0\0\0\x60\x04\0\0\xfa\x3a\0\0\x02\0\0\0\x80\x04\0\0\x02\x3b\0\0\x15\0\0\0\xa0\
\x04\0\0\x07\x3b\0\0\x9b\x01\0\0\xc0\x04\0\0\x12\x3b\0\0\x1e\0\0\0\xd0\x04\0\0\
\0\0\0\0\xec\x01\0\0\xe0\x04\0\0\x1b\x3b\0\0\x15\0\0\0\0\x05\0\0\0\0\0\0\xed\
\x01\0\0\x20\x05\0\0\0\0\0\0\xee\x01\0\0\x40\x05\0\0\x23\x3b\0\0\x1e\0\0\0\x50\
\x05\0\0\x3a\x3b\0\0\x1e\0\0\0\x60\x05\0\0\x4f\x3b\0\0\x1e\0\0\0\x70\x05\0\0\
\x6b\0\0\0\x9b\x01\0\0\x80\x05\0\0\x60\x3b\0\0\x1e\0\0\0\x90\x05\0\0\x71\x3b\0\
\0\x1e\0\0\0\xa0\x05\0\0\x80\x3b\0\0\x1e\0\0\0\xb0\x05\0\0\x8b\x3b\0\0\xe8\x01\
\0\0\xc0\x05\0\0\x45\x19\0\0\xef\x01\0\0\xc0\x05\0\0\x97\x3b\0\0\xef\x01\0\0\
\xe0\x05\0\0\xd4\x27\0\0\xf0\x01\0\0\0\x06\0\0\x9b\x3b\0\0\xf0\x01\0\0\x40\x06\
\0\0\xa0\x3b\0\0\x16\0\0\0\x80\x06\0\0\xa9\x3b\0\0\x5e\0\0\0\xa0\x06\0\0\xaf\
\x3b\0\0\xf1\x01\0\0\xc0\x06\0\0\0\0\0\0\x03\0\0\x05\x18\0\0\0\0\0\0\0\xdd\x01\
\0\0\0\0\0\0\xba\x3b\0\0\x6b\0\0\0\0\0\0\0\xba\x1b\0\0\x6d\0\0\0\0\0\0\0\0\0\0\
\0\x03\0\0\x04\x18\0\0\0\x55\x11\0\0\xb3\x01\0\0\0\0\0\0\x52\x12\0\0\xb3\x01\0\
\0\x40\0\0\0\0\0\0\0\xde\x01\0\0\x80\0\0\0\0\0\0\0\x02\0\0\x05\x08\0\0\0\xc1\
\x3b\0\0\xdf\x01\0\0\0\0\0\0\xc5\x3b\0\0\x53\0\0\0\0\0\0\0\0\0\0\0\0\0\0\x02\
\x80\x02\0\0\0\0\0\0\x02\0\0\x05\x08\0\0\0\xa4\x2c\0\0\x8c\x01\0\0\0\0\0\0\xd1\
\x3b\0\0\x02\0\0\0\0\0\0\0\0\0\0\0\x02\0\0\x05\x08\0\0\0\x9a\x20\0\0\x78\0\0\0\
\0\0\0\0\xe2\x3b\0\0\x21\0\0\0\0\0\0\0\0\0\0\0\0\0\0\x03\0\0\0\0\x29\0\0\0\x04\
\0\0\0\x30\0\0\0\0\0\0\0\x03\0\0\x05\x10\0\0\0\0\0\0\0\xe4\x01\0\0\0\0\0\0\xf0\
\x3b\0\0\x6d\0\0\0\0\0\0\0\x03\x3c\0\0\x53\0\0\0\0\0\0\0\0\0\0\0\x02\0\0\x04\
\x10\0\0\0\x0d\x3c\0\0\x53\0\0\0\0\0\0\0\x19\x3c\0\0\xe5\x01\0\0\x40\0\0\0\0\0\
\0\0\0\0\0\x02\xe6\x01\0\0\0\0\0\0\x01\0\0\x0d\0\0\0\0\0\0\0\0\xb3\x01\0\0\0\0\
\0\0\0\0\0\x03\0\0\0\0\x19\0\0\0\x04\0\0\0\0\0\0\0\0\0\0\0\0\0\0\x03\0\0\0\0\
\x15\0\0\0\x04\0\0\0\0\0\0\0\0\0\0\0\x02\0\0\x05\x04\0\0\0\x24\x3c\0\0\xea\x01\
\0\0\0\0\0\0\0\0\0\0\xeb\x01\0\0\0\0\0\0\x29\x3c\0\0\0\0\0\x08\x15\0\0\0\0\0\0\
\0\x02\0\0\x04\x04\0\0\0\x30\x3c\0\0\x1e\0\0\0\0\0\0\0\x3b\x3c\0\0\x1e\0\0\0\
\x10\0\0\0\0\0\0\0\x02\0\0\x05\x04\0\0\0\x47\x3c\0\0\x16\0\0\0\0\0\0\0\x4f\x3c\
\0\0\x16\0\0\0\0\0\0\0\0\0\0\0\x02\0\0\x05\x04\0\0\0\xda\x35\0\0\x15\0\0\0\0\0\
\0\0\x5a\x3c\0\0\x15\0\0\0\0\0\0\0\0\0\0\0\x02\0\0\x05\x02\0\0\0\x6c\x3c\0\0\
\x9b\x01\0\0\0\0\0\0\x7b\x3c\0\0\x19\0\0\0\0\0\0\0\x89\x3c\0\0\0\0\0\x08\x16\0\
\0\0\0\0\0\0\0\0\0\x02\x1a\0\0\0\0\0\0\0\0\0\0\x02\x55\x04\0\0\0\0\0\0\0\0\0\
\x02\x34\x04\0\0\x60\x41\0\0\x02\0\0\x04\x08\x04\0\0\0\0\0\0\xf4\x01\0\0\0\0\0\
\0\x6a\x41\0\0\x24\x02\0\0\x40\x20\0\0\0\0\0\0\x3a\0\0\x04\x08\x04\0\0\xcd\x23\
\0\0\x90\0\0\0\0\0\0\0\x75\x41\0\0\xc8\0\0\0\x40\0\0\0\x7b\x41\0\0\x21\0\0\0\
\x80\0\0\0\x8b\x41\0\0\xf5\x01\0\0\xc0\0\0\0\x9d\x41\0\0\x53\0\0\0\0\x01\0\0\
\xa7\x41\0\0\x53\0\0\0\x40\x01\0\0\xb8\x41\0\0\x53\0\0\0\x80\x01\0\0\xc9\x41\0\
\0\x53\0\0\0\xc0\x01\0\0\xe1\x41\0\0\x53\0\0\0\0\x02\0\0\xeb\x41\0\0\x53\0\0\0\
\x40\x02\0\0\xfa\x41\0\0\x09\x02\0\0\x80\x02\0\0\xfe\x41\0\0\x60\0\0\0\xc0\x02\
\0\0\x0f\x42\0\0\x60\0\0\0\xe0\x02\0\0\x18\x42\0\0\x60\0\0\0\0\x03\0\0\x21\x42\
\0\0\x9d\0\0\0\x40\x03\0\0\x30\x42\0\0\x02\0\0\0\x80\x03\0\0\x3a\x42\0\0\xfa\0\
\0\0\xa0\x03\0\0\x4a\x42\0\0\x0d\x02\0\0\xc0\x03\0\0\x54\x42\0\0\x6d\0\0\0\0\
\x05\0\0\x5b\x42\0\0\x53\0\0\0\x80\x05\0\0\x67\x42\0\0\x53\0\0\0\xc0\x05\0\0\
\x72\x42\0\0\x53\0\0\0\0\x06\0\0\x7b\x42\0\0\x53\0\0\0\x40\x06\0\0\x85\x42\0\0\
\x9e\0\0\0\x80\x06\0\0\x8f\x42\0\0\x53\0\0\0\xc0\x06\0\0\x97\x42\0\0\x53\0\0\0\
\0\x07\0\0\x9f\x42\0\0\x53\0\0\0\x40\x07\0\0\xa8\x42\0\0\x53\0\0\0\x80\x07\0\0\
\xb2\x42\0\0\x0d\x01\0\0\xc0\x07\0\0\xc4\x42\0\0\xfa\0\0\0\xe0\x07\0\0\xcd\x42\
\0\0\x53\0\0\0\0\x08\0\0\xd8\x42\0\0\x53\0\0\0\x40\x08\0\0\xe1\x42\0\0\x53\0\0\
\0\x80\x08\0\0\xec\x42\0\0\x53\0\0\0\xc0\x08\0\0\xf5\x42\0\0\x53\0\0\0\0\x09\0\
\0\xff\x42\0\0\x53\0\0\0\x40\x09\0\0\x03\x43\0\0\x53\0\0\0\x80\x09\0\0\x0f\x43\
\0\0\x53\0\0\0\xc0\x09\0\0\x19\x43\0\0\x53\0\0\0\0\x0a\0\0\x21\x43\0\0\x53\0\0\
\0\x40\x0a\0\0\x2b\x43\0\0\x53\0\0\0\x80\x0a\0\0\x33\x43\0\0\x0e\x02\0\0\xc0\
\x0a\0\0\xb5\x08\0\0\x0f\x02\0\0\xc0\x16\0\0\x3e\x43\0\0\x11\x02\0\0\xc0\x17\0\
\0\x45\x43\0\0\x12\x02\0\0\0\x18\0\0\xfa\x05\0\0\x53\0\0\0\0\x1c\0\0\x4d\x43\0\
\0\x19\x02\0\0\x40\x1c\0\0\x58\x43\0\0\xfa\0\0\0\x80\x1c\0\0\x63\x43\0\0\x1a\
\x02\0\0\xc0\x1c\0\0\xf6\x1a\0\0\xe1\0\0\0\0\x1d\0\0\x6f\x43\0\0\x9c\0\0\0\x40\
\x1d\0\0\x78\x43\0\0\x1b\x02\0\0\x80\x1d\0\0\x8f\x43\0\0\x60\0\0\0\xc0\x1d\0\0\
\xa1\x43\0\0\x2b\0\0\0\xe0\x1d\0\0\xb3\x43\0\0\x1c\x02\0\0\0\x1e\0\0\xc1\x43\0\
\0\x1e\x02\0\0\x40\x1e\0\0\xd0\x43\0\0\x14\0\0\0\x40\x1f\0\0\xd6\x43\0\0\x23\
\x02\0\0\x80\x1f\0\0\0\0\0\0\0\0\0\x02\xf6\x01\0\0\0\0\0\0\x05\0\0\x0d\x53\0\0\
\0\0\0\0\0\x9c\0\0\0\0\0\0\0\x53\0\0\0\0\0\0\0\x53\0\0\0\0\0\0\0\x53\0\0\0\0\0\
\0\0\x53\0\0\0\x9f\x2c\0\0\x15\0\0\x04\xf0\0\0\0\xde\x43\0\0\xf8\x01\0\0\0\0\0\
\0\xe2\x43\0\0\xf9\x01\0\0\x80\0\0\0\xe9\x43\0\0\xfc\x01\0\0\x40\x01\0\0\xf1\
\x43\0\0\xfd\x01\0\0\x80\x01\0\0\xf6\x43\0\0\xfa\0\0\0\xc0\x01\0\0\xfd\x43\0\0\
\xff\x01\0\0\xe0\x01\0\0\x0a\x44\0\0\x9d\0\0\0\0\x02\0\0\x12\x44\0\0\x16\0\0\0\
\x40\x02\0\0\x1a\x44\0\0\0\x02\0\0\x60\x02\0\0\x21\x44\0\0\xcf\0\0\0\x80\x02\0\
\0\x2c\x44\0\0\x01\x02\0\0\x80\x03\0\0\x32\x44\0\0\x03\x02\0\0\xc0\x03\0\0\x3a\
\x44\0\0\xd1\0\0\0\xc0\x04\0\0\x41\x44\0\0\x05\x02\0\0\0\x05\0\0\x46\x44\0\0\
\x21\0\0\0\0\x06\0\0\x50\x44\0\0\x5d\0\0\0\x40\x06\0\0\x5b\x44\0\0\x5d\0\0\0\
\x80\x06\0\0\x68\x44\0\0\x06\x02\0\0\xc0\x06\0\0\x6d\x44\0\0\x07\x02\0\0\0\x07\
\0\0\x77\x44\0\0\x08\x02\0\0\x40\x07\0\0\x80\x44\0\0\x08\x02\0\0\x60\x07\0\0\0\
\0\0\0\x02\0\0\x05\x10\0\0\0\x89\x44\0\0\x63\0\0\0\0\0\0\0\x92\x44\0\0\xcb\0\0\
\0\0\0\0\0\x9d\x44\0\0\x03\0\0\x04\x18\0\0\0\xa2\x44\0\0\xfa\x01\0\0\0\0\0\0\
\xa6\x44\0\0\xfb\x01\0\0\x40\0\0\0\xad\x44\0\0\x02\0\0\0\x80\0\0\0\0\0\0\0\0\0\
\0\x02\xda\x03\0\0\0\0\0\0\0\0\0\x02\xdb\x03\0\0\0\0\0\0\0\0\0\x02\xdf\x03\0\0\
\0\0\0\0\0\0\0\x02\xfe\x01\0\0\0\0\0\0\0\0\0\x0a\x07\x04\0\0\xb8\x44\0\0\x06\0\
\0\x06\x04\0\0\0\xc0\x44\0\0\0\0\0\0\xd3\x44\0\0\x01\0\0\0\xe3\x44\0\0\x02\0\0\
\0\xf4\x44\0\0\x03\0\0\0\x06\x45\0\0\x04\0\0\0\x16\x45\0\0\x05\0\0\0\x29\x45\0\
\0\0\0\0\x08\x16\0\0\0\x31\x45\0\0\0\0\0\x08\x02\x02\0\0\x38\x45\0\0\0\0\0\x08\
\x35\0\0\0\x48\x45\0\0\x06\0\0\x04\x20\0\0\0\xeb\x18\0\0\xba\x01\0\0\0\0\0\0\
\xda\x02\0\0\xb6\0\0\0\x40\0\0\0\x54\x45\0\0\x04\x02\0\0\x80\0\0\0\x1c\x03\0\0\
\xd4\0\0\0\xa0\0\0\0\x43\x1a\0\0\xd4\0\0\0\xc0\0\0\0\x5d\x45\0\0\x02\0\0\0\xe0\
\0\0\0\x54\x45\0\0\x05\0\0\x06\x04\0\0\0\x64\x45\0\0\0\0\0\0\x70\x45\0\0\x01\0\
\0\0\x7d\x45\0\0\x02\0\0\0\x8a\x45\0\0\x03\0\0\0\x96\x45\0\0\x04\0\0\0\xa2\x45\
\0\0\x06\0\0\x04\x20\0\0\0\xb0\x45\0\0\x53\0\0\0\0\0\0\0\xc9\x1e\0\0\x16\0\0\0\
\x40\0\0\0\xb6\x45\0\0\x16\0\0\0\x60\0\0\0\xc1\x45\0\0\x16\0\0\0\x80\0\0\0\xca\
\x45\0\0\x16\0\0\0\xa0\0\0\0\xd4\x45\0\0\x01\x02\0\0\xc0\0\0\0\0\0\0\0\0\0\0\
\x02\x81\0\0\0\0\0\0\0\0\0\0\x02\x0c\x03\0\0\xdd\x45\0\0\0\0\0\x08\x14\0\0\0\0\
\0\0\0\0\0\0\x02\x0a\x02\0\0\xe6\x45\0\0\0\0\0\x08\x0b\x02\0\0\0\0\0\0\x01\0\0\
\x04\x08\0\0\0\xfa\x41\0\0\x0c\x02\0\0\0\0\0\0\xec\x45\0\0\0\0\0\x08\x53\0\0\0\
\xf5\x45\0\0\x05\0\0\x04\x28\0\0\0\xfb\x17\0\0\x9d\0\0\0\0\0\0\0\xea\x19\0\0\
\x9d\0\0\0\x40\0\0\0\xfa\x19\0\0\xd0\0\0\0\x80\0\0\0\xf0\x19\0\0\xbd\0\0\0\xa0\
\0\0\0\xfe\x19\0\0\x6d\0\0\0\xc0\0\0\0\0\0\0\0\0\0\0\x03\0\0\0\0\x53\0\0\0\x04\
\0\0\0\x30\0\0\0\x02\x46\0\0\x01\0\0\x04\x20\0\0\0\xfb\x17\0\0\x10\x02\0\0\0\0\
\0\0\0\0\0\0\0\0\0\x03\0\0\0\0\x9d\0\0\0\x04\0\0\0\x04\0\0\0\0\0\0\0\0\0\0\x02\
\xeb\x03\0\0\x0e\x46\0\0\0\0\0\x08\x13\x02\0\0\0\0\0\0\x0b\0\0\x04\x80\0\0\0\
\x1b\x46\0\0\x21\0\0\0\0\0\0\0\x22\x46\0\0\x9e\0\0\0\x40\0\0\0\x2a\x46\0\0\x0d\
\x02\0\0\x80\0\0\0\x36\x46\0\0\x14\x02\0\0\xc0\x01\0\0\xfa\x05\0\0\x1f\0\0\0\0\
\x02\0\0\xeb\x18\0\0\xcf\0\0\0\x40\x02\0\0\x3a\x46\0\0\x5d\0\0\0\x40\x03\0\0\
\x3f\x46\0\0\x15\x02\0\0\x80\x03\0\0\x4a\x46\0\0\x60\0\0\0\xc0\x03\0\0\x5d\x46\
\0\0\x1d\0\0\0\xe0\x03\0\0\x71\x46\0\0\x17\x02\0\0\xf0\x03\0\0\0\0\0\0\0\0\0\
\x02\x71\x04\0\0\0\0\0\0\0\0\0\x02\x16\x02\0\0\0\0\0\0\0\0\0\x0a\x72\x04\0\0\
\x83\x46\0\0\0\0\0\x08\x18\x02\0\0\x87\x46\0\0\0\0\0\x08\x8b\x01\0\0\0\0\0\0\0\
\0\0\x02\x73\x04\0\0\0\0\0\0\0\0\0\x02\x74\x04\0\0\0\0\0\0\0\0\0\x02\x75\x04\0\
\0\xb3\x43\0\0\x01\0\0\x04\x08\0\0\0\x8d\x46\0\0\x1d\x02\0\0\0\0\0\0\0\0\0\0\0\
\0\0\x02\x76\x04\0\0\x96\x46\0\0\x03\0\0\x04\x20\0\0\0\x9b\x3b\0\0\x9d\0\0\0\0\
\0\0\0\xd9\x1e\0\0\x6d\0\0\0\x40\0\0\0\xe5\x19\0\0\x1f\x02\0\0\xc0\0\0\0\xa2\
\x46\0\0\0\0\0\x08\x20\x02\0\0\0\0\0\0\0\0\0\x02\x21\x02\0\0\0\0\0\0\x01\0\0\
\x0d\0\0\0\0\0\0\0\0\x22\x02\0\0\0\0\0\0\0\0\0\x02\x1e\x02\0\0\0\0\0\0\x02\0\0\
\x04\x18\0\0\0\xba\x1b\0\0\x6d\0\0\0\0\0\0\0\xae\x46\0\0\x53\0\0\0\x80\0\0\0\0\
\0\0\0\0\0\0\x03\0\0\0\0\x53\0\0\0\x04\0\0\0\0\0\0\0\0\0\0\0\x01\0\0\x0d\x02\0\
\0\0\x4c\x04\0\0\x4e\0\0\0\x55\x49\0\0\x01\0\0\x0c\x25\x02\0\0\x0b\x4b\0\0\x13\
\0\0\x04\x70\0\0\0\xc1\x3b\0\0\xdf\x01\0\0\0\0\0\0\xa7\x2c\0\0\x28\x02\0\0\x40\
\0\0\0\x15\x4b\0\0\x53\0\0\0\x80\0\0\0\x24\x14\0\0\x53\0\0\0\xc0\0\0\0\x1e\x4b\
\0\0\x29\x02\0\0\0\x01\0\0\x23\x4b\0\0\x2a\x02\0\0\x40\x01\0\0\x29\x4b\0\0\x2c\
\x02\0\0\x80\x01\0\0\xfa\x05\0\0\x1f\0\0\0\xc0\x01\0\0\x30\x4b\0\0\x8b\x01\0\0\
\xd0\x01\0\0\x39\x4b\0\0\x1f\0\0\0\xe0\x01\0\0\x44\x4b\0\0\x1f\0\0\0\xf0\x01\0\
\0\x50\x4b\0\0\x60\0\0\0\0\x02\0\0\x59\x4b\0\0\x02\0\0\0\x20\x02\0\0\x5f\x4b\0\
\0\x53\0\0\0\x40\x02\0\0\x67\x4b\0\0\x9f\x03\0\0\x80\x02\0\0\xd7\x19\0\0\xcb\0\
\0\0\xc0\x02\0\0\x70\x4b\0\0\x8b\x01\0\0\x40\x03\0\0\x76\x4b\0\0\x8b\x01\0\0\
\x50\x03\0\0\x7c\x4b\0\0\x15\0\0\0\x60\x03\0\0\0\0\0\0\0\0\0\x02\x71\x02\0\0\0\
\0\0\0\0\0\0\x02\x1e\x04\0\0\0\0\0\0\0\0\0\x02\x2b\x02\0\0\0\0\0\0\x01\0\0\x0d\
\x02\0\0\0\0\0\0\0\xb3\x01\0\0\0\0\0\0\0\0\0\x02\x2d\x02\0\0\0\0\0\0\x03\0\0\
\x0d\x02\0\0\0\0\0\0\0\xa1\x01\0\0\0\0\0\0\x8c\x01\0\0\0\0\0\0\xb3\x01\0\0\x7d\
\x34\0\0\x2b\0\0\x04\0\x0d\0\0\x85\x4b\0\0\x5e\0\0\0\0\0\0\0\x8d\x4b\0\0\xfa\0\
\0\0\x20\0\0\0\x9c\x4b\0\0\x16\0\0\0\x40\0\0\0\xac\x4b\0\0\x16\0\0\0\x60\0\0\0\
\xcb\x36\0\0\x02\0\0\0\x80\0\0\0\xb9\x4b\0\0\xfa\0\0\0\xa0\0\0\0\xc3\x4b\0\0\
\x60\0\0\0\xc0\0\0\0\xba\x1b\0\0\x6d\0\0\0\0\x01\0\0\xce\x4b\0\0\x6d\0\0\0\x80\
\x01\0\0\xd8\x4b\0\0\x63\0\0\0\0\x02\0\0\xe5\x4b\0\0\x2f\x02\0\0\x40\x02\0\0\
\xf6\x1a\0\0\xe1\0\0\0\x80\x02\0\0\xfe\x1a\0\0\xe2\0\0\0\xc0\x02\0\0\xf0\x4b\0\
\0\x30\x02\0\0\0\x03\0\0\x2b\x22\0\0\x32\x02\0\0\xc0\x03\0\0\xfa\x4b\0\0\x6d\0\
\0\0\x80\x04\0\0\x08\x4c\0\0\x35\x02\0\0\0\x05\0\0\x11\x4c\0\0\x35\x02\0\0\x40\
\x05\0\0\x1f\x4c\0\0\x36\x02\0\0\x80\x05\0\0\x27\x4c\0\0\x8c\x01\0\0\x80\x08\0\
\0\x2c\x4c\0\0\x8c\x01\0\0\xc0\x08\0\0\x36\x4c\0\0\x42\x02\0\0\0\x09\0\0\x42\
\x4c\0\0\x06\x02\0\0\x40\x09\0\0\x50\x4c\0\0\x06\x02\0\0\x80\x09\0\0\x5f\x4c\0\
\0\x43\x02\0\0\xc0\x09\0\0\x6c\x4c\0\0\x14\0\0\0\0\x0a\0\0\x75\x4c\0\0\xdf\x01\
\0\0\x40\x0a\0\0\x82\x4c\0\0\x6d\0\0\0\x80\x0a\0\0\x8c\x4c\0\0\x45\x02\0\0\0\
\x0b\0\0\x91\x4c\0\0\x48\x02\0\0\0\x0c\0\0\x95\x4c\0\0\x51\x02\0\0\x40\x0f\0\0\
\x9c\x4c\0\0\x52\x02\0\0\x80\x10\0\0\xa0\x4c\0\0\x53\x02\0\0\0\x11\0\0\xa8\x4c\
\0\0\x55\x02\0\0\0\x14\0\0\xad\x4c\0\0\x70\x02\0\0\0\x28\0\0\xb2\x4c\0\0\x4c\
\x03\0\0\0\x3e\0\0\xb5\x4c\0\0\x6d\x03\0\0\x80\x44\0\0\xb8\x4c\0\0\xb2\x01\0\0\
\xc0\x48\0\0\xc6\x4c\0\0\x79\x03\0\0\x80\x49\0\0\xca\x4c\0\0\x7a\x03\0\0\xc0\
\x49\0\0\x1e\x4b\0\0\x99\x03\0\0\0\x4c\0\0\xce\x4c\0\0\x21\0\0\0\0\x66\0\0\xd9\
\x4c\0\0\x8c\x01\0\0\x40\x66\0\0\0\0\0\0\0\0\0\x02\x04\x04\0\0\xe3\x4c\0\0\x03\
\0\0\x04\x18\0\0\0\xe7\x4c\0\0\x31\x02\0\0\0\0\0\0\xee\x4c\0\0\x16\0\0\0\x80\0\
\0\0\xf7\x4c\0\0\x16\0\0\0\xa0\0\0\0\0\x4d\0\0\x03\0\0\x04\x10\0\0\0\x07\x4d\0\
\0\xfa\0\0\0\0\0\0\0\x0f\x4d\0\0\xd1\x01\0\0\x20\0\0\0\x18\x4d\0\0\x5d\0\0\0\
\x40\0\0\0\x20\x4d\0\0\x04\0\0\x04\x18\0\0\0\x2a\x4d\0\0\x9d\0\0\0\0\0\0\0\xa7\
\x2c\0\0\x33\x02\0\0\x40\0\0\0\x32\x4d\0\0\x16\0\0\0\x80\0\0\0\xfb\x17\0\0\x5e\
\0\0\0\xa0\0\0\0\0\0\0\0\0\0\0\x02\x34\x02\0\0\0\0\0\0\0\0\0\x0a\xe1\x03\0\0\0\
\0\0\0\0\0\0\x02\x06\x04\0\0\x37\x4d\0\0\x02\0\0\x04\x60\0\0\0\x45\x4d\0\0\x37\
\x02\0\0\0\0\0\0\x4d\x4d\0\0\x3a\x02\0\0\x40\0\0\0\0\0\0\0\0\0\0\x02\x38\x02\0\
\0\0\0\0\0\x01\0\0\x0d\x02\0\0\0\0\0\0\0\x39\x02\0\0\0\0\0\0\0\0\0\x02\x36\x02\
\0\0\x51\x4d\0\0\x02\0\0\x04\x58\0\0\0\x3a\x2b\0\0\x3b\x02\0\0\0\0\0\0\x59\x4d\
\0\0\xc8\0\0\0\x80\x02\0\0\x5e\x4d\0\0\x08\0\0\x04\x50\0\0\0\0\0\0\0\x3c\x02\0\
\0\0\0\0\0\x6f\x4d\0\0\xba\0\0\0\xc0\0\0\0\x7d\x4d\0\0\x3e\x02\0\0\0\x01\0\0\
\x59\x4d\0\0\x3f\x02\0\0\x40\x01\0\0\x8b\x4d\0\0\x39\x02\0\0\x80\x01\0\0\x11\
\x0a\0\0\x40\x02\0\0\xc0\x01\0\0\xd7\x13\0\0\x41\x02\0\0\0\x02\0\0\x8f\x4d\0\0\
\x81\0\0\0\x40\x02\0\0\0\0\0\0\x02\0\0\x05\x18\0\0\0\0\0\0\0\x3d\x02\0\0\0\0\0\
\0\x78\x1b\0\0\xcb\0\0\0\0\0\0\0\0\0\0\0\x04\0\0\x04\x18\0\0\0\x96\x4d\0\0\x3e\
\x02\0\0\0\0\0\0\xa0\x4d\0\0\x02\0\0\0\x40\0\0\0\xfb\x17\0\0\x02\0\0\0\x60\0\0\
\0\xa5\x4d\0\0\x02\0\0\0\x80\0\0\0\0\0\0\0\0\0\0\x02\xef\x03\0\0\0\0\0\0\0\0\0\
\x02\xf5\x03\0\0\0\0\0\0\0\0\0\x02\x3a\x02\0\0\0\0\0\0\0\0\0\x02\xf6\x03\0\0\0\
\0\0\0\0\0\0\x02\xf7\x03\0\0\xaa\x4d\0\0\x01\0\0\x04\x08\0\0\0\xd4\x27\0\0\x44\
\x02\0\0\0\0\0\0\0\0\0\0\0\0\0\x02\xe5\x03\0\0\xbc\x4d\0\0\x05\0\0\x04\x20\0\0\
\0\xc7\x4d\0\0\x46\x02\0\0\0\0\0\0\xd2\x4d\0\0\x02\0\0\0\x40\0\0\0\xe3\x4d\0\0\
\x02\0\0\0\x60\0\0\0\xfb\x4d\0\0\xbb\0\0\0\x80\0\0\0\x06\x4e\0\0\x47\x02\0\0\
\xc0\0\0\0\0\0\0\0\0\0\0\x02\x3b\x02\0\0\0\0\0\0\0\0\0\x02\xe7\x03\0\0\x11\x4e\
\0\0\x0d\0\0\x04\x68\0\0\0\x1b\x4e\0\0\x49\x02\0\0\0\0\0\0\x29\x4e\0\0\x49\x02\
\0\0\x40\0\0\0\x39\x4e\0\0\x4a\x02\0\0\x80\0\0\0\x48\x4e\0\0\x4b\x02\0\0\xc0\0\
\0\0\x57\x4e\0\0\x4c\x02\0\0\0\x01\0\0\x66\x4e\0\0\x4c\x02\0\0\x40\x01\0\0\x74\
\x4e\0\0\x4c\x02\0\0\x80\x01\0\0\x87\x4e\0\0\x4c\x02\0\0\xc0\x01\0\0\x99\x4e\0\
\0\x4d\x02\0\0\0\x02\0\0\xa9\x4e\0\0\x4e\x02\0\0\x40\x02\0\0\xbc\x4e\0\0\x4f\
\x02\0\0\x80\x02\0\0\xce\x4e\0\0\x50\x02\0\0\xc0\x02\0\0\xe3\x4e\0\0\x35\x02\0\
\0\0\x03\0\0\0\0\0\0\0\0\0\x02\xe8\x03\0\0\0\0\0\0\0\0\0\x02\x0d\x04\0\0\0\0\0\
\0\0\0\0\x02\x0e\x04\0\0\0\0\0\0\0\0\0\x02\x0f\x04\0\0\0\0\0\0\0\0\0\x02\x10\
\x04\0\0\0\0\0\0\0\0\0\x02\x11\x04\0\0\0\0\0\0\0\0\0\x02\xd9\x03\0\0\0\0\0\0\0\
\0\0\x02\x12\x04\0\0\xf5\x4e\0\0\x02\0\0\x04\x28\0\0\0\x02\x4f\0\0\xcf\0\0\0\0\
\0\0\0\x0e\x4f\0\0\x81\0\0\0\0\x01\0\0\x15\x4f\0\0\x02\0\0\x04\x10\0\0\0\x20\
\x4f\0\0\x02\0\0\0\0\0\0\0\x36\x4f\0\0\x46\x02\0\0\x40\0\0\0\x3a\x4f\0\0\x05\0\
\0\x04\x48\0\0\0\x9f\x19\0\0\xc8\0\0\0\0\0\0\0\x48\x4f\0\0\x06\x02\0\0\x40\0\0\
\0\x50\x4f\0\0\x16\0\0\0\x80\0\0\0\x54\x4f\0\0\x14\0\0\0\xa0\0\0\0\x66\x4f\0\0\
\x54\x02\0\0\xc0\0\0\0\x75\x4f\0\0\x02\0\0\x04\x30\0\0\0\x8c\x4f\0\0\x0d\x02\0\
\0\0\0\0\0\xd4\x27\0\0\x44\x02\0\0\x40\x01\0\0\x92\x4f\0\0\x83\0\0\x04\x80\x02\
\0\0\x9d\x4f\0\0\x56\x02\0\0\0\0\0\0\xab\x4f\0\0\x46\x02\0\0\x80\x02\0\0\xb4\
\x4f\0\0\x46\x02\0\0\xc0\x02\0\0\xbe\x4f\0\0\x46\x02\0\0\0\x03\0\0\xc7\x4f\0\0\
\x46\x02\0\0\x40\x03\0\0\xd1\x4f\0\0\x46\x02\0\0\x80\x03\0\0\xdb\x4f\0\0\x59\
\x02\0\0\xc0\x03\0\0\xe7\x4f\0\0\x59\x02\0\0\0\x04\0\0\xf4\x4f\0\0\x5a\x02\0\0\
\x40\x04\0\0\xfd\x4f\0\0\xcf\0\0\0\x80\x04\0\0\x82\x4c\0\0\x5b\x02\0\0\x80\x05\
\0\0\x06\x50\0\0\x5c\x02\0\0\xc0\x05\0\0\x0f\x50\0\0\x5c\x02\0\0\0\x06\0\0\x1b\
\x50\0\0\x16\0\0\0\x40\x06\0\0\x37\x50\0\0\x2b\0\0\0\x60\x06\0\0\x4c\x50\0\0\
\x2b\0\0\0\x68\x06\0\0\x68\x50\0\0\x2b\0\0\0\x70\x06\0\0\x7d\x50\0\0\x06\x02\0\
\0\x80\x06\0\0\x8c\x50\0\0\x8c\x01\0\0\xc0\x06\0\0\x92\x50\0\0\x5d\x02\0\0\0\
\x07\0\0\x9a\x50\0\0\x8c\x01\0\0\x40\x07\0\0\xa9\x50\0\0\x5e\x02\0\0\x80\x07\0\
\0\xaf\x50\0\0\x5f\x02\0\0\xc0\x07\0\0\xb5\x50\0\0\x18\0\0\0\0\x08\0\0\xd1\x50\
\0\0\x18\0\0\0\x08\x08\0\0\xef\x50\0\0\x18\0\0\0\x10\x08\0\0\x12\x51\0\0\x18\0\
\0\0\x18\x08\0\0\x3b\x51\0\0\x18\0\0\0\x20\x08\0\0\x61\x51\0\0\x02\0\0\0\x40\
\x08\0\0\x77\x51\0\0\x02\0\0\0\x60\x08\0\0\x8c\x51\0\0\x60\x02\0\0\x80\x08\0\0\
\x9b\x51\0\0\x18\0\0\0\x20\x09\0\0\xaa\x51\0\0\x18\0\0\0\x28\x09\0\0\xc2\x51\0\
\0\x18\0\0\0\x30\x09\0\0\xd8\x51\0\0\x18\0\0\0\x38\x09\0\0\xef\x51\0\0\x18\0\0\
\0\x40\x09\0\0\x06\x52\0\0\x18\0\0\0\x48\x09\0\0\x24\x52\0\0\x18\0\0\0\x50\x09\
\0\0\x3c\x52\0\0\x18\0\0\0\x58\x09\0\0\x55\x52\0\0\x18\0\0\0\x60\x09\0\0\x67\
\x52\0\0\x18\0\0\0\x68\x09\0\0\x7d\x52\0\0\x18\0\0\0\x70\x09\0\0\x94\x52\0\0\
\x18\0\0\0\x78\x09\0\0\xab\x52\0\0\x18\0\0\0\x80\x09\0\0\xc6\x52\0\0\x18\0\0\0\
\x88\x09\0\0\xdc\x52\0\0\x18\0\0\0\x90\x09\0\0\xf5\x52\0\0\x02\0\0\0\xa0\x09\0\
\0\x12\x53\0\0\x18\0\0\0\xc0\x09\0\0\x29\x53\0\0\x02\0\0\0\xe0\x09\0\0\x44\x53\
\0\0\x02\0\0\0\0\x0a\0\0\x58\x53\0\0\x02\0\0\0\x20\x0a\0\0\x6f\x53\0\0\x02\0\0\
\0\x40\x0a\0\0\x8a\x53\0\0\x14\0\0\0\x60\x0a\0\0\xa4\x53\0\0\x02\0\0\0\x80\x0a\
\0\0\xbe\x53\0\0\x02\0\0\0\xa0\x0a\0\0\xd9\x53\0\0\x18\0\0\0\xc0\x0a\0\0\xf5\
\x53\0\0\x18\0\0\0\xc8\x0a\0\0\x0c\x54\0\0\x18\0\0\0\xd0\x0a\0\0\x26\x54\0\0\
\x18\0\0\0\xd8\x0a\0\0\x3c\x54\0\0\x18\0\0\0\xe0\x0a\0\0\x53\x54\0\0\x02\0\0\0\
\0\x0b\0\0\x69\x54\0\0\x18\0\0\0\x20\x0b\0\0\x7d\x54\0\0\x18\0\0\0\x28\x0b\0\0\
\x91\x54\0\0\x18\0\0\0\x30\x0b\0\0\xab\x54\0\0\x18\0\0\0\x38\x0b\0\0\xbf\x54\0\
\0\x02\0\0\0\x40\x0b\0\0\xd6\x54\0\0\x16\0\0\0\x60\x0b\0\0\xef\x54\0\0\x18\0\0\
\0\x80\x0b\0\0\xff\x54\0\0\x18\0\0\0\x88\x0b\0\0\x19\x55\0\0\x18\0\0\0\x90\x0b\
\0\0\x2f\x55\0\0\x18\0\0\0\x98\x0b\0\0\x48\x55\0\0\x18\0\0\0\xa0\x0b\0\0\x5c\
\x55\0\0\x18\0\0\0\xa8\x0b\0\0\x7c\x55\0\0\x18\0\0\0\xb0\x0b\0\0\x9d\x55\0\0\
\x18\0\0\0\xb8\x0b\0\0\xb9\x55\0\0\x18\0\0\0\xc0\x0b\0\0\xcb\x55\0\0\x18\0\0\0\
\xc8\x0b\0\0\xde\x55\0\0\x18\0\0\0\xd0\x0b\0\0\xfb\x55\0\0\x18\0\0\0\xd8\x0b\0\
\0\x0b\x56\0\0\x02\0\0\0\xe0\x0b\0\0\x25\x56\0\0\x02\0\0\0\0\x0c\0\0\x3e\x56\0\
\0\x18\0\0\0\x20\x0c\0\0\x4f\x56\0\0\x18\0\0\0\x28\x0c\0\0\x62\x56\0\0\x18\0\0\
\0\x30\x0c\0\0\x72\x56\0\0\x18\0\0\0\x38\x0c\0\0\x8c\x56\0\0\x18\0\0\0\x40\x0c\
\0\0\xb0\x56\0\0\x18\0\0\0\x48\x0c\0\0\xcb\x56\0\0\x18\0\0\0\x50\x0c\0\0\xe6\
\x56\0\0\x18\0\0\0\x58\x0c\0\0\x0b\x57\0\0\x02\0\0\0\x60\x0c\0\0\x29\x57\0\0\
\x02\0\0\0\x80\x0c\0\0\x48\x57\0\0\x02\0\0\0\xa0\x0c\0\0\x60\x57\0\0\x18\0\0\0\
\xc0\x0c\0\0\x78\x57\0\0\x18\0\0\0\xc8\x0c\0\0\x8f\x57\0\0\x18\0\0\0\xd0\x0c\0\
\0\xa6\x57\0\0\x18\0\0\0\xd8\x0c\0\0\xbe\x57\0\0\x02\0\0\0\xe0\x0c\0\0\xdb\x57\
\0\0\x02\0\0\0\0\x0d\0\0\xf6\x57\0\0\x02\0\0\0\x20\x0d\0\0\x11\x58\0\0\x64\x02\
\0\0\x40\x0d\0\0\x21\x58\0\0\x64\x02\0\0\xa0\x0d\0\0\x31\x58\0\0\x53\0\0\0\0\
\x0e\0\0\x4f\x58\0\0\x53\0\0\0\x40\x0e\0\0\x6d\x58\0\0\x02\0\0\0\x80\x0e\0\0\
\x84\x58\0\0\x02\0\0\0\xa0\x0e\0\0\x98\x58\0\0\x65\x02\0\0\xc0\x0e\0\0\xaf\x58\
\0\0\x67\x02\0\0\0\x0f\0\0\xc0\x58\0\0\x16\0\0\0\x40\x0f\0\0\xe6\x58\0\0\x60\0\
\0\0\x60\x0f\0\0\xff\x58\0\0\x53\0\0\0\x80\x0f\0\0\x18\x59\0\0\x02\0\0\0\xc0\
\x0f\0\0\x2c\x59\0\0\x02\0\0\0\xe0\x0f\0\0\x40\x59\0\0\x18\0\0\0\0\x10\0\0\x61\
\x59\0\0\x18\0\0\0\x08\x10\0\0\x79\x59\0\0\x02\0\0\0\x20\x10\0\0\x95\x59\0\0\
\x02\0\0\0\x40\x10\0\0\xa9\x59\0\0\x02\0\0\0\x60\x10\0\0\xb9\x59\0\0\x68\x02\0\
\0\x80\x10\0\0\xca\x59\0\0\x60\0\0\0\0\x11\0\0\xd9\x59\0\0\x6a\x02\0\0\x40\x11\
\0\0\xf5\x59\0\0\x02\0\0\0\x80\x11\0\0\x09\x5a\0\0\x6b\x02\0\0\xc0\x11\0\0\x0d\
\x5a\0\0\x14\0\0\0\0\x12\0\0\x2e\x5a\0\0\x18\0\0\0\x20\x12\0\0\x4d\x5a\0\0\x18\
\0\0\0\x28\x12\0\0\x6e\x5a\0\0\x6c\x02\0\0\x40\x12\0\0\x7b\x5a\0\0\x16\0\0\0\
\x80\x12\0\0\x83\x5a\0\0\x6c\x02\0\0\xc0\x12\0\0\x95\x5a\0\0\x16\0\0\0\0\x13\0\
\0\x9e\x5a\0\0\x60\0\0\0\x20\x13\0\0\xa7\x5a\0\0\x6d\x02\0\0\x40\x13\0\0\xb1\
\x5a\0\0\x04\0\0\x04\x50\0\0\0\xc9\x5a\0\0\x60\0\0\0\0\0\0\0\xd2\x5a\0\0\x57\
\x02\0\0\x20\0\0\0\xd9\x5a\0\0\x58\x02\0\0\0\x02\0\0\xe2\x5a\0\0\x02\0\0\0\x40\
\x02\0\0\0\0\0\0\0\0\0\x03\0\0\0\0\x29\0\0\0\x04\0\0\0\x3c\0\0\0\0\0\0\0\0\0\0\
\x02\x13\x04\0\0\0\0\0\0\0\0\0\x02\x15\x04\0\0\0\0\0\0\0\0\0\x02\x16\x04\0\0\0\
\0\0\0\0\0\0\x02\x17\x04\0\0\0\0\0\0\0\0\0\x02\x18\x04\0\0\0\0\0\0\0\0\0\x02\
\x8c\x01\0\0\0\0\0\0\0\0\0\x02\x19\x04\0\0\0\0\0\0\0\0\0\x02\x1a\x04\0\0\xf8\
\x5a\0\0\x03\0\0\x04\x14\0\0\0\xeb\x18\0\0\x61\x02\0\0\0\0\0\0\x04\x5b\0\0\x63\
\x02\0\0\x40\0\0\0\x0a\x5b\0\0\x2b\0\0\0\x80\0\0\0\x11\x5b\0\0\0\0\0\x08\x62\
\x02\0\0\0\0\0\0\x02\0\0\x04\x08\0\0\0\xfd\x1c\0\0\x0b\x01\0\0\0\0\0\0\xeb\x18\
\0\0\xfa\0\0\0\x20\0\0\0\0\0\0\0\0\0\0\x03\0\0\0\0\x02\0\0\0\x04\0\0\0\x02\0\0\
\0\0\0\0\0\0\0\0\x03\0\0\0\0\x02\0\0\0\x04\0\0\0\x03\0\0\0\0\0\0\0\0\0\0\x02\
\x66\x02\0\0\0\0\0\0\0\0\0\x0a\xfa\x03\0\0\0\0\0\0\0\0\0\x02\x1b\x04\0\0\xb9\
\x59\0\0\x02\0\0\x04\x10\0\0\0\xeb\x18\0\0\x61\x02\0\0\0\0\0\0\x04\x5b\0\0\x69\
\x02\0\0\x40\0\0\0\0\0\0\0\0\0\0\x03\0\0\0\0\xd8\0\0\0\x04\0\0\0\x02\0\0\0\0\0\
\0\0\0\0\0\x02\x53\0\0\0\0\0\0\0\0\0\0\x02\x1c\x04\0\0\0\0\0\0\0\0\0\x02\x1d\
\x04\0\0\x1b\x5b\0\0\0\0\0\x08\x6e\x02\0\0\0\0\0\0\x01\0\0\x04\x10\0\0\0\x3e\
\x03\0\0\x6f\x02\0\0\0\0\0\0\0\0\0\0\0\0\0\x03\0\0\0\0\x21\0\0\0\x04\0\0\0\x02\
\0\0\0\x29\x5b\0\0\x25\0\0\x04\xc0\x02\0\0\x34\x5b\0\0\x71\x02\0\0\0\0\0\0\x40\
\x5b\0\0\x42\x03\0\0\0\x06\0\0\xdb\x4f\0\0\x44\x03\0\0\xc0\x0b\0\0\xe7\x4f\0\0\
\x44\x03\0\0\0\x0c\0\0\xa9\x50\0\0\x5e\x02\0\0\x40\x0c\0\0\xaf\x50\0\0\x5f\x02\
\0\0\x80\x0c\0\0\x47\x5b\0\0\x45\x03\0\0\xc0\x0c\0\0\x57\x5b\0\0\x46\x03\0\0\0\
\x0d\0\0\x66\x5b\0\0\x47\x03\0\0\x40\x0d\0\0\x70\x5b\0\0\x25\x01\0\0\x80\x0d\0\
\0\x7d\x50\0\0\x06\x02\0\0\xc0\x0e\0\0\x7e\x5b\0\0\x48\x03\0\0\0\x0f\0\0\x8c\
\x5b\0\0\x6d\0\0\0\x40\x0f\0\0\x99\x5b\0\0\xba\x01\0\0\xc0\x0f\0\0\xaa\x5b\0\0\
\xfa\0\0\0\0\x10\0\0\xb7\x5b\0\0\x60\0\0\0\x20\x10\0\0\xc8\x5b\0\0\x53\0\0\0\
\x40\x10\0\0\xd7\x5b\0\0\x1a\0\0\0\x80\x10\0\0\xea\x5b\0\0\x2b\0\0\0\x88\x10\0\
\0\0\x5c\0\0\x16\0\0\0\xa0\x10\0\0\x1d\x5c\0\0\x46\x03\0\0\xc0\x10\0\0\x30\x5c\
\0\0\x46\x03\0\0\0\x11\0\0\x43\x5c\0\0\x48\x03\0\0\x40\x11\0\0\x52\x5c\0\0\x5b\
\x02\0\0\x80\x11\0\0\x92\x50\0\0\x5d\x02\0\0\xc0\x11\0\0\x61\x5c\0\0\x8c\x01\0\
\0\0\x12\0\0\x6a\x5c\0\0\x8c\x01\0\0\x40\x12\0\0\x71\x5c\0\0\x8c\x01\0\0\x80\
\x12\0\0\x9a\x50\0\0\x8c\x01\0\0\xc0\x12\0\0\xca\x59\0\0\x60\0\0\0\0\x13\0\0\
\x79\x5c\0\0\x60\0\0\0\x20\x13\0\0\x85\x5c\0\0\x49\x03\0\0\x40\x13\0\0\x6e\x5a\
\0\0\x6c\x02\0\0\x80\x13\0\0\x8f\x5c\0\0\x6c\x02\0\0\xc0\x13\0\0\x95\x5a\0\0\
\x16\0\0\0\0\x14\0\0\xa2\x5c\0\0\x4a\x03\0\0\x40\x14\0\0\xb3\x5c\0\0\x4b\x03\0\
\0\xc0\x14\0\0\xbe\x5c\0\0\x12\0\0\x04\xc0\0\0\0\x64\0\0\0\x1f\0\0\0\0\0\0\0\
\xc6\x5c\0\0\x16\0\0\0\x20\0\0\0\xd0\x5c\0\0\x72\x02\0\0\x40\0\0\0\xd3\x5c\0\0\
\x74\x02\0\0\x80\0\0\0\xd9\x5c\0\0\x76\x02\0\0\xc0\0\0\0\xe8\x5c\0\0\x76\x02\0\
\0\0\x01\0\0\xec\x5c\0\0\x7a\x02\0\0\x40\x01\0\0\x23\x22\0\0\x7c\x02\0\0\x80\
\x01\0\0\xf8\x5c\0\0\x7e\x02\0\0\xc0\x01\0\0\xff\x5c\0\0\x29\x03\0\0\0\x02\0\0\
\x0f\x5d\0\0\xe5\x01\0\0\x40\x02\0\0\x1c\x5d\0\0\x2b\x03\0\0\x80\x02\0\0\x28\
\x5d\0\0\x2d\x03\0\0\xc0\x02\0\0\x31\x5d\0\0\x2c\x02\0\0\0\x03\0\0\x3b\x5d\0\0\
\x2f\x03\0\0\x40\x03\0\0\x48\x5d\0\0\x3d\x03\0\0\x80\x03\0\0\x56\x5d\0\0\x3f\
\x03\0\0\xc0\x03\0\0\x62\x5d\0\0\x40\x03\0\0\0\x04\0\0\0\0\0\0\0\0\0\x02\x73\
\x02\0\0\0\0\0\0\x01\0\0\x0d\x02\0\0\0\0\0\0\0\x28\x02\0\0\0\0\0\0\0\0\0\x02\
\x75\x02\0\0\0\0\0\0\x02\0\0\x0d\xce\x01\0\0\0\0\0\0\xce\x01\0\0\0\0\0\0\x15\0\
\0\0\0\0\0\0\0\0\0\x02\x77\x02\0\0\0\0\0\0\x01\0\0\x0d\x16\0\0\0\0\0\0\0\x78\
\x02\0\0\0\0\0\0\0\0\0\x02\x79\x02\0\0\0\0\0\0\0\0\0\x0a\x27\x02\0\0\0\0\0\0\0\
\0\0\x02\x7b\x02\0\0\0\0\0\0\x02\0\0\x0d\xaa\0\0\0\0\0\0\0\xce\x01\0\0\0\0\0\0\
\x53\0\0\0\0\0\0\0\0\0\0\x02\x7d\x02\0\0\0\0\0\0\x01\0\0\x0d\0\0\0\0\0\0\0\0\
\xce\x01\0\0\0\0\0\0\0\0\0\x02\x7f\x02\0\0\0\0\0\0\x03\0\0\x0d\0\0\0\0\0\0\0\0\
\xce\x01\0\0\0\0\0\0\xdf\x01\0\0\0\0\0\0\x02\0\0\0\x70\x5d\0\0\x84\0\0\x84\xc0\
\x08\0\0\x7b\x5d\0\0\xe5\0\0\0\0\0\0\0\x80\x5d\0\0\x81\x02\0\0\x80\0\0\0\x8a\
\x5d\0\0\x82\x02\0\0\xc0\0\0\0\x92\x5d\0\0\x53\0\0\0\0\x01\0\0\x9a\x5d\0\0\x53\
\0\0\0\x40\x01\0\0\xa4\x5d\0\0\x53\0\0\0\x80\x01\0\0\xf7\x13\0\0\x53\0\0\0\xc0\
\x01\0\0\xae\x5d\0\0\x6d\0\0\0\0\x02\0\0\xb7\x5d\0\0\x6d\0\0\0\x80\x02\0\0\xc1\
\x5d\0\0\x6d\0\0\0\0\x03\0\0\xcc\x5d\0\0\x6d\0\0\0\x80\x03\0\0\xd7\x5d\0\0\x6d\
\0\0\0\0\x04\0\0\xe1\x5d\0\0\x6d\0\0\0\x80\x04\0\0\xf0\x5d\0\0\x83\x02\0\0\0\
\x05\0\0\xfa\x05\0\0\x16\0\0\0\0\x06\0\0\xf9\x5d\0\0\x16\0\0\0\x20\x06\0\0\x04\
\x5e\0\0\x84\x02\0\0\x40\x06\0\0\xcb\x36\0\0\x02\0\0\0\x80\x06\0\0\x0f\x5e\0\0\
\x1f\0\0\0\xa0\x06\0\0\x16\x5e\0\0\x1f\0\0\0\xb0\x06\0\0\xe8\x5c\0\0\x16\0\0\0\
\xc0\x06\0\0\x26\x5e\0\0\x1f\0\0\0\xe0\x06\0\0\x36\x5e\0\0\x1f\0\0\0\xf0\x06\0\
\0\x46\x5e\0\0\xd0\x01\0\0\0\x07\0\0\x4f\x5e\0\0\xd0\x01\0\0\x40\x07\0\0\x5b\
\x5e\0\0\xd0\x01\0\0\x80\x07\0\0\x6b\x5e\0\0\xd0\x01\0\0\xc0\x07\0\0\x79\x5e\0\
\0\xd0\x01\0\0\0\x08\0\0\x89\x5e\0\0\xd0\x01\0\0\x40\x08\0\0\x97\x5e\0\0\xd0\
\x01\0\0\x80\x08\0\0\xac\x5e\0\0\x16\0\0\0\xc0\x08\0\0\xb4\x5e\0\0\x16\0\0\0\
\xe0\x08\0\0\x19\0\0\0\x1f\0\0\0\0\x09\0\0\xbc\x5e\0\0\x1a\0\0\0\x10\x09\0\0\
\xcb\x5e\0\0\x1a\0\0\0\x18\x09\0\0\xdc\x5e\0\0\x02\0\0\0\x20\x09\0\0\xdc\x06\0\
\0\x86\x02\0\0\x40\x09\0\0\xe2\x5e\0\0\x9d\0\0\0\0\x0f\0\0\xed\x5e\0\0\x9d\0\0\
\0\x40\x0f\0\0\xf8\x5e\0\0\x9d\0\0\0\x80\x0f\0\0\x05\x5f\0\0\x60\0\0\0\xc0\x0f\
\0\0\x16\x5f\0\0\x60\0\0\0\xe0\x0f\0\0\x29\x5f\0\0\x9e\x02\0\0\0\x10\0\0\x35\
\x5f\0\0\xa0\x02\0\0\x40\x10\0\0\x3f\x5f\0\0\xa2\x02\0\0\x80\x10\0\0\x4a\x5f\0\
\0\x1a\0\0\0\xc0\x10\0\0\x54\x5f\0\0\x1a\0\0\0\xc8\x10\0\0\x5e\x5f\0\0\x1a\0\0\
\0\xd0\x10\0\0\x66\x5f\0\0\x1a\0\0\0\xd8\x10\0\0\x6a\x5f\0\0\xa4\x02\0\0\xe0\
\x10\0\0\x74\x5f\0\0\x1a\0\0\0\xe0\x11\0\0\x85\x5f\0\0\x1a\0\0\0\xe8\x11\0\0\
\x8e\x5f\0\0\x1a\0\0\0\xf0\x11\0\0\x9a\x5f\0\0\x1a\0\0\0\xf8\x11\0\0\xa6\x5f\0\
\0\x1f\0\0\0\0\x12\0\0\xb5\x5f\0\0\x1f\0\0\0\x10\x12\0\0\xbc\x5f\0\0\x1f\0\0\0\
\x20\x12\0\0\xc5\x5f\0\0\x1f\0\0\0\x30\x12\0\0\xcc\x5f\0\0\xfa\0\0\0\x40\x12\0\
\0\xdb\x5f\0\0\x02\0\0\0\x60\x12\0\0\xdf\x5f\0\0\xa5\x02\0\0\x80\x12\0\0\xe2\
\x5f\0\0\xa5\x02\0\0\x80\x13\0\0\xe5\x5f\0\0\xa5\x02\0\0\x80\x14\0\0\xef\x5f\0\
\0\xa6\x02\0\0\x80\x15\0\0\xfb\x5f\0\0\x16\0\0\0\xc0\x15\0\0\x07\x60\0\0\x16\0\
\0\0\xe0\x15\0\0\x10\x60\0\0\x2b\0\0\0\0\x16\0\0\x1b\x60\0\0\xa7\x02\0\0\x40\
\x16\0\0\x25\x60\0\0\xa8\x02\0\0\x80\x16\0\0\x2c\x60\0\0\xa9\x02\0\0\xc0\x16\0\
\0\x34\x60\0\0\xaa\x02\0\0\0\x17\0\0\x42\x60\0\0\xab\x02\0\0\x40\x17\0\0\x51\
\x60\0\0\xf0\x01\0\0\x80\x17\0\0\x5a\x60\0\0\xac\x02\0\0\xc0\x17\0\0\x5e\x60\0\
\0\x16\0\0\0\0\x18\0\0\x6c\x60\0\0\x16\0\0\0\x20\x18\0\0\x7f\x60\0\0\x66\x01\0\
\0\x40\x18\0\0\x88\x60\0\0\x53\0\0\0\x80\x18\0\0\x9a\x60\0\0\x02\0\0\0\xc0\x18\
\0\0\xaf\x60\0\0\xad\x02\0\0\0\x19\0\0\xba\x60\0\0\x5d\0\0\0\x40\x19\0\0\xca\
\x60\0\0\xb3\x02\0\0\x80\x19\0\0\xd8\x60\0\0\xb4\x02\0\0\xc0\x19\0\0\xe6\x60\0\
\0\xb5\x02\0\0\0\x1a\0\0\xf7\x60\0\0\xa4\x02\0\0\x40\x1a\0\0\x01\x61\0\0\xb6\
\x02\0\0\x40\x1b\0\0\x0d\x61\0\0\xb7\0\0\0\x80\x1b\0\0\x19\x61\0\0\xb4\x02\0\0\
\0\x1c\0\0\x1d\x61\0\0\x16\0\0\0\x40\x1c\0\0\x2b\x61\0\0\x16\0\0\0\x60\x1c\0\0\
\x3e\x61\0\0\xb7\x02\0\0\x80\x1c\0\0\x44\x61\0\0\x16\0\0\0\xc0\x1c\0\0\x51\x61\
\0\0\xfa\0\0\0\xe0\x1c\0\0\x60\x61\0\0\xb8\x02\0\0\0\x1d\0\0\x6a\x61\0\0\xbf\
\x02\0\0\x40\x1d\0\0\x73\x61\0\0\xb3\x02\0\0\xc0\x1d\0\0\x80\x61\0\0\xc0\x02\0\
\0\0\x1e\0\0\x8b\x61\0\0\x25\x01\0\0\0\x22\0\0\x9a\x61\0\0\x02\0\0\0\x40\x23\0\
\0\xa9\x61\0\0\x14\0\0\0\x60\x23\0\0\xbb\x61\0\0\x6d\0\0\0\x80\x23\0\0\xc5\x61\
\0\0\xbb\0\0\0\0\x24\0\0\xd1\x61\0\0\x6d\0\0\0\x40\x24\0\0\xe1\x61\0\0\xc1\x02\
\0\0\xc0\x24\0\x08\xeb\x61\0\0\x2b\0\0\0\xc8\x24\0\0\xf5\x61\0\0\xc2\x02\0\0\
\xd0\x24\0\x10\x05\x62\0\0\x2b\0\0\0\xe0\x24\0\0\x17\x62\0\0\xc3\x02\0\0\0\x25\
\0\0\x27\x62\0\0\x9f\x01\0\0\x40\x25\0\0\x2e\x62\0\0\x5d\0\0\0\x80\x25\0\0\x36\
\x62\0\0\xc5\x02\0\0\xc0\x25\0\0\0\0\0\0\xc6\x02\0\0\0\x26\0\0\xc1\x3b\0\0\xcb\
\x02\0\0\x40\x26\0\0\x43\x62\0\0\x18\x03\0\0\x80\x3d\0\0\x50\x62\0\0\xf8\x02\0\
\0\x80\x3e\0\0\x65\x62\0\0\x19\x03\0\0\xc0\x3e\0\0\x73\x62\0\0\x16\0\0\0\0\x3f\
\0\0\x80\x62\0\0\x1d\0\0\0\x20\x3f\0\0\x8d\x62\0\0\x17\x02\0\0\x30\x3f\0\0\x94\
\x62\0\0\x1c\x03\0\0\x40\x3f\0\0\x9e\x62\0\0\x1d\x03\0\0\x40\x41\0\0\xaa\x62\0\
\0\x1e\x03\0\0\xc0\x41\0\0\xb1\x62\0\0\x1f\x03\0\0\0\x42\0\0\xb9\x62\0\0\x21\
\x03\0\0\x40\x42\0\0\xcb\x62\0\0\x21\x03\0\0\x80\x42\0\0\xdd\x62\0\0\x2b\0\0\0\
\xc0\x42\0\0\xe8\x62\0\0\x16\0\0\0\xc8\x42\0\x01\xf4\x62\0\0\x16\0\0\0\xc9\x42\
\0\x01\xfd\x62\0\0\x6d\0\0\0\0\x43\0\0\x0f\x63\0\0\x22\x03\0\0\x80\x43\0\0\x23\
\x63\0\0\x24\x03\0\0\xc0\x43\0\0\x32\x63\0\0\x28\x03\0\0\0\x44\0\0\0\0\0\0\0\0\
\0\x02\xff\x03\0\0\0\0\0\0\0\0\0\x02\0\x04\0\0\0\0\0\0\x02\0\0\x04\x20\0\0\0\
\x3c\x63\0\0\x6d\0\0\0\0\0\0\0\x42\x63\0\0\x6d\0\0\0\x80\0\0\0\0\0\0\0\0\0\0\
\x02\x85\x02\0\0\0\0\0\0\0\0\0\x0a\x01\x04\0\0\x48\x63\0\0\x17\0\0\x04\xb8\0\0\
\0\0\0\0\0\x87\x02\0\0\0\0\0\0\0\0\0\0\x88\x02\0\0\x40\0\0\0\0\0\0\0\x89\x02\0\
\0\x80\0\0\0\0\0\0\0\x8a\x02\0\0\xc0\0\0\0\0\0\0\0\x8b\x02\0\0\0\x01\0\0\0\0\0\
\0\x8c\x02\0\0\x40\x01\0\0\0\0\0\0\x8d\x02\0\0\x80\x01\0\0\0\0\0\0\x8e\x02\0\0\
\xc0\x01\0\0\0\0\0\0\x8f\x02\0\0\0\x02\0\0\0\0\0\0\x90\x02\0\0\x40\x02\0\0\0\0\
\0\0\x91\x02\0\0\x80\x02\0\0\0\0\0\0\x92\x02\0\0\xc0\x02\0\0\0\0\0\0\x93\x02\0\
\0\0\x03\0\0\0\0\0\0\x94\x02\0\0\x40\x03\0\0\0\0\0\0\x95\x02\0\0\x80\x03\0\0\0\
\0\0\0\x96\x02\0\0\xc0\x03\0\0\0\0\0\0\x97\x02\0\0\0\x04\0\0\0\0\0\0\x98\x02\0\
\0\x40\x04\0\0\0\0\0\0\x99\x02\0\0\x80\x04\0\0\0\0\0\0\x9a\x02\0\0\xc0\x04\0\0\
\0\0\0\0\x9b\x02\0\0\0\x05\0\0\0\0\0\0\x9c\x02\0\0\x40\x05\0\0\0\0\0\0\x9d\x02\
\0\0\x80\x05\0\0\0\0\0\0\x02\0\0\x05\x08\0\0\0\x59\x63\0\0\x53\0\0\0\0\0\0\0\
\x64\x63\0\0\x9d\0\0\0\0\0\0\0\0\0\0\0\x02\0\0\x05\x08\0\0\0\x71\x63\0\0\x53\0\
\0\0\0\0\0\0\x7c\x63\0\0\x9d\0\0\0\0\0\0\0\0\0\0\0\x02\0\0\x05\x08\0\0\0\x2e\
\x02\0\0\x53\0\0\0\0\0\0\0\x89\x63\0\0\x9d\0\0\0\0\0\0\0\0\0\0\0\x02\0\0\x05\
\x08\0\0\0\x25\x02\0\0\x53\0\0\0\0\0\0\0\x94\x63\0\0\x9d\0\0\0\0\0\0\0\0\0\0\0\
\x02\0\0\x05\x08\0\0\0\x9f\x63\0\0\x53\0\0\0\0\0\0\0\xa9\x63\0\0\x9d\0\0\0\0\0\
\0\0\0\0\0\0\x02\0\0\x05\x08\0\0\0\xb5\x63\0\0\x53\0\0\0\0\0\0\0\xbf\x63\0\0\
\x9d\0\0\0\0\0\0\0\0\0\0\0\x02\0\0\x05\x08\0\0\0\xe2\x5e\0\0\x53\0\0\0\0\0\0\0\
\xcb\x63\0\0\x9d\0\0\0\0\0\0\0\0\0\0\0\x02\0\0\x05\x08\0\0\0\xed\x5e\0\0\x53\0\
\0\0\0\0\0\0\xd8\x63\0\0\x9d\0\0\0\0\0\0\0\0\0\0\0\x02\0\0\x05\x08\0\0\0\xe5\
\x63\0\0\x53\0\0\0\0\0\0\0\xef\x63\0\0\x9d\0\0\0\0\0\0\0\0\0\0\0\x02\0\0\x05\
\x08\0\0\0\xfb\x63\0\0\x53\0\0\0\0\0\0\0\x06\x64\0\0\x9d\0\0\0\0\0\0\0\0\0\0\0\
\x02\0\0\x05\x08\0\0\0\x13\x64\0\0\x53\0\0\0\0\0\0\0\x24\x64\0\0\x9d\0\0\0\0\0\
\0\0\0\0\0\0\x02\0\0\x05\x08\0\0\0\x37\x64\0\0\x53\0\0\0\0\0\0\0\x46\x64\0\0\
\x9d\0\0\0\0\0\0\0\0\0\0\0\x02\0\0\x05\x08\0\0\0\x57\x64\0\0\x53\0\0\0\0\0\0\0\
\x65\x64\0\0\x9d\0\0\0\0\0\0\0\0\0\0\0\x02\0\0\x05\x08\0\0\0\x75\x64\0\0\x53\0\
\0\0\0\0\0\0\x85\x64\0\0\x9d\0\0\0\0\0\0\0\0\0\0\0\x02\0\0\x05\x08\0\0\0\x97\
\x64\0\0\x53\0\0\0\0\0\0\0\xa6\x64\0\0\x9d\0\0\0\0\0\0\0\0\0\0\0\x02\0\0\x05\
\x08\0\0\0\xb7\x64\0\0\x53\0\0\0\0\0\0\0\xc8\x64\0\0\x9d\0\0\0\0\0\0\0\0\0\0\0\
\x02\0\0\x05\x08\0\0\0\xdb\x64\0\0\x53\0\0\0\0\0\0\0\xed\x64\0\0\x9d\0\0\0\0\0\
\0\0\0\0\0\0\x02\0\0\x05\x08\0\0\0\x01\x65\0\0\x53\0\0\0\0\0\0\0\x13\x65\0\0\
\x9d\0\0\0\0\0\0\0\0\0\0\0\x02\0\0\x05\x08\0\0\0\x27\x65\0\0\x53\0\0\0\0\0\0\0\
\x36\x65\0\0\x9d\0\0\0\0\0\0\0\0\0\0\0\x02\0\0\x05\x08\0\0\0\x47\x65\0\0\x53\0\
\0\0\0\0\0\0\x5b\x65\0\0\x9d\0\0\0\0\0\0\0\0\0\0\0\x02\0\0\x05\x08\0\0\0\x71\
\x65\0\0\x53\0\0\0\0\0\0\0\x82\x65\0\0\x9d\0\0\0\0\0\0\0\0\0\0\0\x02\0\0\x05\
\x08\0\0\0\x95\x65\0\0\x53\0\0\0\0\0\0\0\xa3\x65\0\0\x9d\0\0\0\0\0\0\0\0\0\0\0\
\x02\0\0\x05\x08\0\0\0\xb3\x65\0\0\x53\0\0\0\0\0\0\0\xc1\x65\0\0\x9d\0\0\0\0\0\
\0\0\0\0\0\0\0\0\0\x02\x9f\x02\0\0\0\0\0\0\0\0\0\x0a\x39\x04\0\0\0\0\0\0\0\0\0\
\x02\xa1\x02\0\0\0\0\0\0\0\0\0\x0a\x3a\x04\0\0\0\0\0\0\0\0\0\x02\xa3\x02\0\0\0\
\0\0\0\0\0\0\x0a\x3b\x04\0\0\0\0\0\0\0\0\0\x03\0\0\0\0\x1a\0\0\0\x04\0\0\0\x20\
\0\0\0\xd1\x65\0\0\x03\0\0\x04\x20\0\0\0\xba\x1b\0\0\x6d\0\0\0\0\0\0\0\xfb\x17\
\0\0\x02\0\0\0\x80\0\0\0\x4f\x1e\0\0\xc8\0\0\0\xc0\0\0\0\0\0\0\0\0\0\0\x02\xed\
\x03\0\0\0\0\0\0\0\0\0\x02\x3c\x04\0\0\0\0\0\0\0\0\0\x02\x38\x04\0\0\0\0\0\0\0\
\0\0\x02\x27\x04\0\0\0\0\0\0\0\0\0\x02\x3d\x04\0\0\0\0\0\0\0\0\0\x02\x28\x04\0\
\0\0\0\0\0\0\0\0\x02\x48\x04\0\0\0\0\0\0\0\0\0\x02\xae\x02\0\0\xe5\x65\0\0\0\0\
\0\x08\xaf\x02\0\0\0\0\0\0\x01\0\0\x0d\xb0\x02\0\0\0\0\0\0\xb2\x02\0\0\xf7\x65\
\0\0\0\0\0\x08\xb1\x02\0\0\x0b\x66\0\0\x04\0\0\x06\x04\0\0\0\x1d\x66\0\0\0\0\0\
\0\x31\x66\0\0\x01\0\0\0\x44\x66\0\0\x02\0\0\0\x55\x66\0\0\x03\0\0\0\0\0\0\0\0\
\0\0\x02\xb3\x01\0\0\0\0\0\0\0\0\0\x02\x49\x04\0\0\0\0\0\0\0\0\0\x02\x4b\x04\0\
\0\0\0\0\0\0\0\0\x02\x63\x03\0\0\0\0\0\0\0\0\0\x02\x4c\x04\0\0\0\0\0\0\0\0\0\
\x02\x4a\x04\0\0\0\0\0\0\0\0\0\x02\x4d\x04\0\0\0\0\0\0\0\0\0\x02\xba\x02\0\0\
\x65\x66\0\0\x04\0\0\x04\x18\0\0\0\x78\x1b\0\0\xcb\0\0\0\0\0\0\0\x72\x66\0\0\
\x16\0\0\0\x80\0\0\0\x8d\x62\0\0\x17\x02\0\0\xa0\0\0\0\x79\x66\0\0\xbe\x02\0\0\
\xc0\0\0\0\0\0\0\0\0\0\0\x02\xbc\x02\0\0\x82\x66\0\0\x04\0\0\x04\x18\0\0\0\x26\
\x1c\0\0\x16\0\0\0\0\0\0\0\x8a\x66\0\0\x16\0\0\0\x20\0\0\0\x78\x1b\0\0\xcb\0\0\
\0\x40\0\0\0\x94\x66\0\0\xbd\x02\0\0\xc0\0\0\0\0\0\0\0\0\0\0\x03\0\0\0\0\x1d\0\
\0\0\x04\0\0\0\0\0\0\0\0\0\0\0\0\0\0\x03\0\0\0\0\xbb\x02\0\0\x04\0\0\0\0\0\0\0\
\0\0\0\0\0\0\0\x03\0\0\0\0\xb9\x02\0\0\x04\0\0\0\x02\0\0\0\0\0\0\0\0\0\0\x03\0\
\0\0\0\x81\0\0\0\x04\0\0\0\x10\0\0\0\0\0\0\0\x06\0\0\x06\x04\0\0\0\x9b\x66\0\0\
\0\0\0\0\xb0\x66\0\0\x01\0\0\0\xc2\x66\0\0\x02\0\0\0\xd7\x66\0\0\x03\0\0\0\xeb\
\x66\0\0\x04\0\0\0\xfb\x66\0\0\x05\0\0\0\0\0\0\0\x02\0\0\x06\x04\0\0\0\x08\x67\
\0\0\0\0\0\0\x1e\x67\0\0\x01\0\0\0\0\0\0\0\0\0\0\x02\xc4\x02\0\0\0\0\0\0\x01\0\
\0\x0d\0\0\0\0\0\0\0\0\xdf\x01\0\0\x35\x67\0\0\x02\0\0\x06\x04\0\0\0\x49\x67\0\
\0\0\0\0\0\x56\x67\0\0\x01\0\0\0\0\0\0\0\x03\0\0\x05\x08\0\0\0\x62\x67\0\0\xc7\
\x02\0\0\0\0\0\0\x69\x67\0\0\xc8\x02\0\0\0\0\0\0\x70\x67\0\0\xc9\x02\0\0\0\0\0\
\0\0\0\0\0\0\0\0\x02\x4e\x04\0\0\0\0\0\0\0\0\0\x02\x4f\x04\0\0\0\0\0\0\0\0\0\
\x02\xca\x02\0\0\x77\x67\0\0\0\0\0\x07\0\0\0\0\x83\x67\0\0\x2d\0\0\x84\xe8\x02\
\0\0\x8a\x67\0\0\xcc\x02\0\0\0\0\0\0\x11\x0a\0\0\xd1\x02\0\0\0\x02\0\0\xb1\x1f\
\0\0\xd2\x02\0\0\x40\x02\0\0\x8f\x67\0\0\x97\0\0\0\x80\x02\0\0\x19\0\0\0\xd3\
\x02\0\0\xc0\x02\0\0\x99\x67\0\0\xd5\x02\0\0\0\x03\0\0\x9d\x67\0\0\xd6\x02\0\0\
\x40\x03\0\0\xa4\x67\0\0\x5d\0\0\0\x80\x03\0\0\xb2\x67\0\0\x5d\0\0\0\xc0\x03\0\
\0\xc7\x19\0\0\xcf\0\0\0\0\x04\0\0\xbe\x67\0\0\xd7\x02\0\0\0\x05\0\0\xc4\x67\0\
\0\xd9\x02\0\0\xc0\x06\0\0\xca\x67\0\0\xe7\x02\0\0\x40\x10\0\0\xd4\x67\0\0\xe8\
\x02\0\0\x80\x10\0\0\xdf\x67\0\0\xe9\x02\0\0\xc0\x10\0\0\xe4\x67\0\0\xbd\0\0\0\
\0\x11\0\0\xed\x67\0\0\x6d\0\0\0\x40\x11\0\0\xf6\x67\0\0\xea\x02\0\0\xc0\x11\0\
\0\xfe\x67\0\0\xec\x02\0\0\0\x12\0\0\x07\x68\0\0\x21\0\0\0\x40\x12\0\0\x19\x68\
\0\0\x21\0\0\0\x80\x12\0\0\x27\x68\0\0\xed\x02\0\0\xc0\x12\0\0\x35\x68\0\0\xef\
\x02\0\0\0\x13\0\0\x3f\x68\0\0\x6d\0\0\0\x40\x13\0\0\x49\x68\0\0\xf0\x02\0\0\
\xc0\x13\0\0\x58\x68\0\0\xf1\x02\0\0\0\x14\0\0\x61\x68\0\0\xf2\x02\0\0\0\x14\0\
\0\x69\x68\0\0\xf3\x02\0\0\x40\x14\0\0\x70\x68\0\0\xf4\x02\0\0\x80\x14\0\0\x2e\
\x22\0\0\x14\0\0\0\xa0\x14\0\0\x75\x68\0\0\xfa\0\0\0\xc0\x14\0\0\x81\x68\0\0\
\x6d\0\0\0\0\x15\0\0\x8d\x68\0\0\xf6\x02\0\0\x80\x15\0\0\x93\x68\0\0\xf7\x02\0\
\0\xc0\x15\0\0\x9a\x68\0\0\xfa\x02\0\0\0\x16\0\0\xa2\x68\0\0\xfc\x02\0\0\x40\
\x16\0\0\xae\x68\0\0\xfd\x02\0\0\x80\x16\0\0\xb4\x68\0\0\xfe\x02\0\0\xc0\x16\0\
\0\xc6\x68\0\0\xff\x02\0\0\0\x17\0\0\xd0\x68\0\0\x2b\0\0\0\x20\x17\0\x01\xe2\
\x68\0\0\x2b\0\0\0\x21\x17\0\x01\xf3\x68\0\0\x2b\0\0\0\x22\x17\0\x01\xfb\x68\0\
\0\x2b\0\0\0\x23\x17\0\x01\x0a\x69\0\0\x2b\0\0\0\x24\x17\0\x01\x17\x69\0\0\x2b\
\0\0\0\x25\x17\0\x01\x21\x69\0\0\x0c\0\0\x84\x40\0\0\0\x7b\x5d\0\0\x97\0\0\0\0\
\0\0\0\xd9\x1e\0\0\x6d\0\0\0\x40\0\0\0\x11\x0a\0\0\xcd\x02\0\0\xc0\0\0\0\x29\
\x69\0\0\xa6\x02\0\0\0\x01\0\0\x2e\x69\0\0\xce\x02\0\0\x40\x01\0\0\x34\x69\0\0\
\xcf\x02\0\0\x80\x01\0\0\x37\x69\0\0\xd0\x02\0\0\xc0\x01\0\0\x3c\x69\0\0\x16\0\
\0\0\xe0\x01\0\x01\x4e\x69\0\0\x16\0\0\0\xe1\x01\0\x01\x5d\x69\0\0\x16\0\0\0\
\xe2\x01\0\x01\x73\x69\0\0\x16\0\0\0\xe3\x01\0\x01\x8c\x69\0\0\x16\0\0\0\xe4\
\x01\0\x01\0\0\0\0\0\0\0\x02\xcc\x02\0\0\0\0\0\0\0\0\0\x02\xee\x03\0\0\0\0\0\0\
\0\0\0\x02\xde\x03\0\0\x37\x69\0\0\x01\0\0\x04\x04\0\0\0\xd6\x1d\0\0\x5e\0\0\0\
\0\0\0\0\0\0\0\0\0\0\0\x02\xcb\x02\0\0\0\0\0\0\0\0\0\x02\xf2\x03\0\0\0\0\0\0\0\
\0\0\x02\xd4\x02\0\0\0\0\0\0\0\0\0\x0a\x56\x04\0\0\0\0\0\0\0\0\0\x02\xf4\x03\0\
\0\0\0\0\0\0\0\0\x02\xf3\x03\0\0\x9c\x69\0\0\x04\0\0\x04\x38\0\0\0\xab\x69\0\0\
\x6d\0\0\0\0\0\0\0\xb5\x69\0\0\x6d\0\0\0\x80\0\0\0\xbf\x69\0\0\x6d\0\0\0\0\x01\
\0\0\x3d\x10\0\0\xd8\x02\0\0\x80\x01\0\0\xca\x69\0\0\x04\0\0\x06\x04\0\0\0\xd7\
\x69\0\0\0\0\0\0\xe8\x69\0\0\x01\0\0\0\xf7\x69\0\0\x02\0\0\0\x0b\x6a\0\0\x03\0\
\0\0\x1c\x6a\0\0\x34\0\0\x84\x30\x01\0\0\x28\x6a\0\0\xda\x02\0\0\0\0\0\0\x34\
\x6a\0\0\x16\0\0\0\x20\0\0\x01\x3f\x6a\0\0\x16\0\0\0\x21\0\0\x01\x4d\x6a\0\0\
\x2b\0\0\0\x22\0\0\x01\x59\x6a\0\0\x2b\0\0\0\x23\0\0\x01\x65\x6a\0\0\x2b\0\0\0\
\x24\0\0\x01\x72\x6a\0\0\x2b\0\0\0\x25\0\0\x01\x85\x6a\0\0\x2b\0\0\0\x26\0\0\
\x01\x97\x6a\0\0\x2b\0\0\0\x27\0\0\x01\x9d\x6a\0\0\x2b\0\0\0\x28\0\0\x01\xa8\
\x6a\0\0\x2b\0\0\0\x29\0\0\x01\xb8\x6a\0\0\x14\0\0\0\x40\0\0\0\xeb\x18\0\0\xfa\
\0\0\0\x60\0\0\0\xd9\x1e\0\0\x6d\0\0\0\x80\0\0\0\xc5\x6a\0\0\xdc\x02\0\0\0\x01\
\0\0\xd0\x6a\0\0\xde\x02\0\0\0\x02\0\0\xd7\x6a\0\0\x2b\0\0\0\x40\x02\0\x01\xe3\
\x6a\0\0\x2b\0\0\0\x41\x02\0\x01\xeb\x6a\0\0\x2b\0\0\0\x42\x02\0\x01\xfb\x6a\0\
\0\x16\0\0\0\x43\x02\0\x01\x07\x6b\0\0\x16\0\0\0\x44\x02\0\x01\x17\x6b\0\0\x76\
\0\0\0\x80\x02\0\0\x25\x6b\0\0\x21\0\0\0\x80\x04\0\0\xc2\x19\0\0\x1e\x02\0\0\
\xc0\x04\0\0\x33\x6b\0\0\x48\x01\0\0\xc0\x05\0\0\x3e\x6b\0\0\xdf\x02\0\0\x80\
\x06\0\0\x46\x6b\0\0\x60\0\0\0\xc0\x06\0\0\x68\x20\0\0\x60\0\0\0\xe0\x06\0\0\
\x52\x6b\0\0\x16\0\0\0\0\x07\0\x03\x60\x6b\0\0\x16\0\0\0\x03\x07\0\x01\x72\x6b\
\0\0\x16\0\0\0\x04\x07\0\x01\x82\x6b\0\0\x16\0\0\0\x05\x07\0\x01\x92\x6b\0\0\
\x16\0\0\0\x06\x07\0\x01\xa5\x6b\0\0\x16\0\0\0\x07\x07\0\x01\xb2\x6b\0\0\x2b\0\
\0\0\x08\x07\0\x01\xc2\x6b\0\0\x16\0\0\0\x09\x07\0\x01\xcf\x6b\0\0\x16\0\0\0\
\x0a\x07\0\x01\xd8\x6b\0\0\x16\0\0\0\x0b\x07\0\x01\xe8\x6b\0\0\x16\0\0\0\x0c\
\x07\0\x01\xfb\x6b\0\0\x16\0\0\0\x0d\x07\0\x01\x09\x6c\0\0\x16\0\0\0\x20\x07\0\
\0\x15\x6c\0\0\xe0\x02\0\0\x40\x07\0\0\x1d\x6c\0\0\xe1\x02\0\0\x60\x07\0\0\x2c\
\x6c\0\0\x02\0\0\0\x80\x07\0\0\x3a\x6c\0\0\x02\0\0\0\xa0\x07\0\0\x4c\x6c\0\0\
\x21\0\0\0\xc0\x07\0\0\x56\x6c\0\0\x21\0\0\0\0\x08\0\0\x62\x6c\0\0\x21\0\0\0\
\x40\x08\0\0\x71\x6c\0\0\x21\0\0\0\x80\x08\0\0\x86\x6c\0\0\xe2\x02\0\0\xc0\x08\
\0\0\x92\x6c\0\0\xe3\x02\0\0\0\x09\0\0\xa8\x6c\0\0\xe6\x02\0\0\x40\x09\0\0\xac\
\x6c\0\0\0\0\0\x08\xdb\x02\0\0\xb9\x6c\0\0\x01\0\0\x04\x04\0\0\0\xc4\x6c\0\0\
\x02\0\0\0\0\0\0\0\xc5\x6a\0\0\x02\0\0\x04\x20\0\0\0\xca\x6c\0\0\x16\0\0\0\0\0\
\0\0\x0e\x2d\0\0\xdd\x02\0\0\x40\0\0\0\xcf\x6c\0\0\x02\0\0\x04\x18\0\0\0\xeb\
\x18\0\0\xbd\0\0\0\0\0\0\0\xe0\x6c\0\0\x6d\0\0\0\x40\0\0\0\0\0\0\0\0\0\0\x02\
\x57\x04\0\0\0\0\0\0\0\0\0\x02\x58\x04\0\0\xea\x6c\0\0\x05\0\0\x06\x04\0\0\0\
\xf6\x6c\0\0\0\0\0\0\x03\x6d\0\0\x01\0\0\0\x10\x6d\0\0\x02\0\0\0\x20\x6d\0\0\
\x03\0\0\0\x34\x6d\0\0\x04\0\0\0\x43\x6d\0\0\x04\0\0\x06\x04\0\0\0\x4e\x6d\0\0\
\0\0\0\0\x59\x6d\0\0\x01\0\0\0\x66\x6d\0\0\x02\0\0\0\x74\x6d\0\0\x03\0\0\0\0\0\
\0\0\0\0\0\x02\x5a\x04\0\0\0\0\0\0\0\0\0\x02\xe4\x02\0\0\0\0\0\0\x02\0\0\x0d\0\
\0\0\0\0\0\0\0\xd1\x02\0\0\0\0\0\0\xe5\x02\0\0\x83\x6d\0\0\0\0\0\x08\x39\x01\0\
\0\0\0\0\0\0\0\0\x02\x5b\x04\0\0\0\0\0\0\0\0\0\x02\x59\x04\0\0\0\0\0\0\0\0\0\
\x02\x52\x04\0\0\0\0\0\0\0\0\0\x02\x5c\x04\0\0\0\0\0\0\0\0\0\x02\xeb\x02\0\0\0\
\0\0\0\0\0\0\x0a\x5d\x04\0\0\0\0\0\0\0\0\0\x02\x21\0\0\0\0\0\0\0\0\0\0\x02\xee\
\x02\0\0\0\0\0\0\0\0\0\x0a\x5e\x04\0\0\0\0\0\0\0\0\0\x02\x5f\x04\0\0\0\0\0\0\0\
\0\0\x02\x60\x04\0\0\x87\x6d\0\0\0\0\0\x04\0\0\0\0\0\0\0\0\0\0\0\x02\xf8\x03\0\
\0\0\0\0\0\0\0\0\x02\xe6\x03\0\0\x94\x6d\0\0\0\0\0\x08\xf5\x02\0\0\x9a\x6d\0\0\
\0\0\0\x08\x14\0\0\0\0\0\0\0\0\0\0\x02\xf9\x03\0\0\0\0\0\0\0\0\0\x02\xf8\x02\0\
\0\0\0\0\0\0\0\0\x02\xf9\x02\0\0\0\0\0\0\0\0\0\x0a\0\x03\0\0\0\0\0\0\0\0\0\x02\
\xfb\x02\0\0\0\0\0\0\x01\0\0\x0d\0\0\0\0\0\0\0\0\xd1\x02\0\0\0\0\0\0\0\0\0\x02\
\xe4\x03\0\0\0\0\0\0\0\0\0\x02\x61\x04\0\0\0\0\0\0\0\0\0\x02\x62\x04\0\0\xa9\
\x6d\0\0\x04\0\0\x06\x04\0\0\0\xba\x6d\0\0\0\0\0\0\xd9\x6d\0\0\x01\0\0\0\xf2\
\x6d\0\0\x02\0\0\0\xff\x6d\0\0\x03\0\0\0\x10\x6e\0\0\x05\0\0\x04\x28\0\0\0\x7b\
\x5d\0\0\x97\0\0\0\0\0\0\0\x20\x6e\0\0\x01\x03\0\0\x40\0\0\0\x2b\x6e\0\0\x06\
\x03\0\0\x80\0\0\0\x3a\x6e\0\0\x16\x03\0\0\xc0\0\0\0\x40\x6e\0\0\x17\x03\0\0\0\
\x01\0\0\0\0\0\0\0\0\0\x02\x02\x03\0\0\0\0\0\0\x03\0\0\x0d\x03\x03\0\0\0\0\0\0\
\xcd\x02\0\0\0\0\0\0\x04\x03\0\0\0\0\0\0\x02\0\0\0\x4a\x6e\0\0\0\0\0\x08\x1f\0\
\0\0\0\0\0\0\0\0\0\x02\x05\x03\0\0\x52\x6e\0\0\x02\0\0\x04\x10\0\0\0\x7b\x5d\0\
\0\x97\0\0\0\0\0\0\0\xe7\x1b\0\0\x03\x03\0\0\x40\0\0\0\0\0\0\0\0\0\0\x02\x07\
\x03\0\0\0\0\0\0\x03\0\0\x0d\x03\x03\0\0\0\0\0\0\xcd\x02\0\0\0\0\0\0\x08\x03\0\
\0\0\0\0\0\x02\0\0\0\0\0\0\0\0\0\0\x02\x09\x03\0\0\x5c\x6e\0\0\x07\0\0\x04\x40\
\0\0\0\xa1\x20\0\0\x05\x03\0\0\0\0\0\0\xc9\x1e\0\0\xf2\0\0\0\x80\0\0\0\x93\x29\
\0\0\x5d\0\0\0\xc0\0\0\0\x6d\x44\0\0\x0a\x03\0\0\0\x01\0\0\x6a\x6e\0\0\x0f\x03\
\0\0\x40\x01\0\0\x6f\x6e\0\0\x0f\x03\0\0\x80\x01\0\0\xcd\x23\0\0\x14\x03\0\0\
\xc0\x01\0\0\0\0\0\0\0\0\0\x02\x0b\x03\0\0\0\0\0\0\x01\0\0\x0d\x07\x02\0\0\0\0\
\0\0\0\0\0\0\x75\x6e\0\0\x0f\0\0\x04\xc0\0\0\0\x83\x6e\0\0\xfc\x01\0\0\0\0\0\0\
\x88\x6e\0\0\x31\x02\0\0\x40\0\0\0\x90\x6e\0\0\x0d\x02\0\0\xc0\0\0\0\xa0\x6e\0\
\0\xd1\x01\0\0\0\x02\0\0\xa9\x6e\0\0\x60\0\0\0\x20\x02\0\0\xb9\x6e\0\0\xc7\0\0\
\0\x40\x02\0\0\xc0\x6e\0\0\x0d\x02\0\0\xc0\x02\0\0\xcd\x6e\0\0\x53\0\0\0\0\x04\
\0\0\xd5\x6e\0\0\x53\0\0\0\x40\x04\0\0\xe5\x6e\0\0\x0d\x03\0\0\x80\x04\0\0\xfa\
\x05\0\0\x53\0\0\0\xc0\x04\0\0\xeb\x6e\0\0\x08\x02\0\0\0\x05\0\0\xf2\x6e\0\0\
\xfa\0\0\0\x20\x05\0\0\xff\x6e\0\0\x6d\0\0\0\x40\x05\0\0\x5b\x44\0\0\x5d\0\0\0\
\xc0\x05\0\0\0\0\0\0\0\0\0\x02\x0e\x03\0\0\0\0\0\0\0\0\0\x0a\xf0\x03\0\0\0\0\0\
\0\0\0\0\x02\x10\x03\0\0\0\0\0\0\x06\0\0\x0d\x11\x03\0\0\0\0\0\0\x9c\0\0\0\0\0\
\0\0\xcd\x02\0\0\0\0\0\0\x08\x03\0\0\0\0\0\0\xf9\0\0\0\0\0\0\0\x01\x02\0\0\0\0\
\0\0\xf2\0\0\0\x0c\x6f\0\0\0\0\0\x08\x12\x03\0\0\x14\x6f\0\0\0\0\0\x08\x13\x03\
\0\0\x25\x6f\0\0\0\0\0\x08\x59\0\0\0\0\0\0\0\0\0\0\x02\x15\x03\0\0\0\0\0\0\x04\
\0\0\x0d\x02\0\0\0\0\0\0\0\x9c\0\0\0\0\0\0\0\xcd\x02\0\0\0\0\0\0\x08\x03\0\0\0\
\0\0\0\x90\0\0\0\0\0\0\0\0\0\0\x02\x04\x03\0\0\0\0\0\0\0\0\0\x02\x08\x03\0\0\0\
\0\0\0\0\0\0\x03\0\0\0\0\xf8\x02\0\0\x04\0\0\0\x04\0\0\0\0\0\0\0\0\0\0\x02\x1a\
\x03\0\0\0\0\0\0\0\0\0\x0a\x50\x04\0\0\x35\x6f\0\0\x02\0\0\x04\x04\0\0\0\xfb\
\x17\0\0\x1d\0\0\0\0\0\0\0\x1f\x1c\0\0\x1d\0\0\0\x10\0\0\0\0\0\0\0\0\0\0\x03\0\
\0\0\0\x1b\x03\0\0\x04\0\0\0\x10\0\0\0\0\0\0\0\0\0\0\x03\0\0\0\0\x18\0\0\0\x04\
\0\0\0\x10\0\0\0\0\0\0\0\0\0\0\x02\x51\x04\0\0\0\0\0\0\0\0\0\x02\x20\x03\0\0\
\xb1\x62\0\0\0\0\0\x07\0\0\0\0\0\0\0\0\0\0\0\x02\x2d\x04\0\0\0\0\0\0\0\0\0\x02\
\x23\x03\0\0\0\0\0\0\0\0\0\x0a\x53\x04\0\0\0\0\0\0\0\0\0\x02\x25\x03\0\0\x23\
\x63\0\0\0\0\0\x07\0\0\0\0\x43\x6f\0\0\x02\0\0\x04\x10\0\0\0\x77\x22\0\0\x66\
\x01\0\0\0\0\0\0\x52\x6f\0\0\x27\x03\0\0\x40\0\0\0\0\0\0\0\0\0\0\x02\x54\x04\0\
\0\0\0\0\0\0\0\0\x03\0\0\0\0\x26\x03\0\0\x04\0\0\0\x03\0\0\0\0\0\0\0\0\0\0\x02\
\x2a\x03\0\0\0\0\0\0\x01\0\0\x0d\xce\x01\0\0\0\0\0\0\xce\x01\0\0\0\0\0\0\0\0\0\
\x02\x2c\x03\0\0\0\0\0\0\x05\0\0\x0d\0\0\0\0\0\0\0\0\xce\x01\0\0\0\0\0\0\x8c\
\x01\0\0\0\0\0\0\xb3\x01\0\0\0\0\0\0\x14\0\0\0\0\0\0\0\x2b\0\0\0\0\0\0\0\0\0\0\
\x02\x2e\x03\0\0\0\0\0\0\x03\0\0\x0d\0\0\0\0\0\0\0\0\xce\x01\0\0\0\0\0\0\x8c\
\x01\0\0\0\0\0\0\xb3\x01\0\0\0\0\0\0\0\0\0\x02\x30\x03\0\0\0\0\0\0\x03\0\0\x0d\
\x31\x03\0\0\0\0\0\0\x78\x02\0\0\0\0\0\0\xb3\x01\0\0\0\0\0\0\x3b\x03\0\0\0\0\0\
\0\0\0\0\x02\x32\x03\0\0\x57\x6f\0\0\x1a\0\0\x04\x60\x01\0\0\x55\x11\0\0\x31\
\x03\0\0\0\0\0\0\x61\x6f\0\0\x33\x03\0\0\x40\0\0\0\x65\x6f\0\0\x34\x03\0\0\x80\
\0\0\0\x6b\x6f\0\0\x53\0\0\0\xc0\0\0\0\x75\x6f\0\0\x53\0\0\0\0\x01\0\0\xeb\x18\
\0\0\xba\x01\0\0\x40\x01\0\0\xb4\x35\0\0\x5e\0\0\0\x80\x01\0\0\x7d\x6f\0\0\x16\
\0\0\0\xa0\x01\0\0\x91\x6f\0\0\xb2\x01\0\0\xc0\x01\0\0\xbf\x35\0\0\x25\x01\0\0\
\x80\x02\0\0\xa0\x4d\0\0\x53\0\0\0\xc0\x03\0\0\x9b\x6f\0\0\x60\0\0\0\0\x04\0\0\
\xfa\x05\0\0\x19\0\0\0\x20\x04\0\0\xa2\x6f\0\0\x19\0\0\0\x28\x04\0\0\x19\0\0\0\
\x19\0\0\0\x30\x04\0\0\xf3\x37\0\0\x19\0\0\0\x38\x04\0\0\x6b\0\0\0\x18\0\0\0\
\x40\x04\0\0\xac\x6f\0\0\x61\x02\0\0\x60\x04\0\0\xb4\x6f\0\0\xa4\x02\0\0\xc0\
\x04\0\0\xb7\x6f\0\0\x35\x03\0\0\xc0\x05\0\0\x29\x4b\0\0\x37\x03\0\0\x40\x09\0\
\0\xa7\x2c\0\0\x39\x03\0\0\x80\x09\0\0\xba\x6f\0\0\x6d\0\0\0\xc0\x09\0\0\x78\
\x1b\0\0\xcb\0\0\0\x40\x0a\0\0\xc1\x3b\0\0\xdf\x01\0\0\xc0\x0a\0\0\xc2\x6f\0\0\
\x86\x01\0\0\0\x0b\0\0\0\0\0\0\0\0\0\x02\xfe\x03\0\0\0\0\0\0\0\0\0\x02\x03\x04\
\0\0\xce\x6f\0\0\x03\0\0\x04\x70\0\0\0\xd7\x6f\0\0\x16\0\0\0\0\0\0\0\xde\x6f\0\
\0\x61\x02\0\0\x20\0\0\0\xe6\x6f\0\0\x36\x03\0\0\x80\0\0\0\0\0\0\0\0\0\0\x03\0\
\0\0\0\x53\0\0\0\x04\0\0\0\x0c\0\0\0\0\0\0\0\0\0\0\x02\x38\x03\0\0\0\0\0\0\x02\
\0\0\x0d\x02\0\0\0\0\0\0\0\x31\x03\0\0\0\0\0\0\xb3\x01\0\0\0\0\0\0\0\0\0\x02\
\x3a\x03\0\0\0\0\0\0\0\0\0\x0a\x21\x04\0\0\0\0\0\0\0\0\0\x02\x3c\x03\0\0\0\0\0\
\0\0\0\0\x0a\0\0\0\0\0\0\0\0\0\0\0\x02\x3e\x03\0\0\0\0\0\0\x02\0\0\x0d\0\0\0\0\
\0\0\0\0\x78\x02\0\0\0\0\0\0\x3b\x03\0\0\0\0\0\0\0\0\0\x02\x14\x04\0\0\xee\x6f\
\0\0\x04\0\0\x04\x28\0\0\0\xeb\x18\0\0\xbd\0\0\0\0\0\0\0\xfb\x17\0\0\x33\0\0\0\
\x40\0\0\0\xba\x1b\0\0\x6d\0\0\0\x80\0\0\0\xfd\x6f\0\0\x41\x03\0\0\0\x01\0\0\0\
\0\0\0\0\0\0\x02\xe5\x02\0\0\x06\x70\0\0\x28\0\0\x04\xb8\0\0\0\x18\x70\0\0\x46\
\x02\0\0\0\0\0\0\xc7\x4f\0\0\x46\x02\0\0\x40\0\0\0\x1c\x70\0\0\x46\x02\0\0\x80\
\0\0\0\xb4\x4f\0\0\x46\x02\0\0\xc0\0\0\0\x25\x70\0\0\x46\x02\0\0\0\x01\0\0\x2f\
\x70\0\0\x02\0\0\0\x40\x01\0\0\x3b\x70\0\0\x02\0\0\0\x60\x01\0\0\x4b\x70\0\0\
\x02\0\0\0\x80\x01\0\0\x62\x70\0\0\x02\0\0\0\xa0\x01\0\0\x74\x70\0\0\x02\0\0\0\
\xc0\x01\0\0\x87\x70\0\0\x02\0\0\0\xe0\x01\0\0\x9c\x70\0\0\x02\0\0\0\0\x02\0\0\
\xaf\x70\0\0\x02\0\0\0\x20\x02\0\0\xc1\x70\0\0\x14\0\0\0\x40\x02\0\0\xd7\x70\0\
\0\x18\0\0\0\x60\x02\0\0\xed\x70\0\0\x18\0\0\0\x68\x02\0\0\xf8\x70\0\0\x18\0\0\
\0\x70\x02\0\0\x0e\x71\0\0\x18\0\0\0\x78\x02\0\0\x1e\x71\0\0\x02\0\0\0\x80\x02\
\0\0\x2a\x71\0\0\x18\0\0\0\xa0\x02\0\0\x41\x71\0\0\x18\0\0\0\xa8\x02\0\0\x5e\
\x71\0\0\x18\0\0\0\xb0\x02\0\0\x79\x71\0\0\x43\x03\0\0\xc0\x02\0\0\x89\x71\0\0\
\x6a\x02\0\0\xc0\x03\0\0\x9d\x71\0\0\x18\0\0\0\0\x04\0\0\xb4\x71\0\0\x18\0\0\0\
\x08\x04\0\0\xc5\x71\0\0\x18\0\0\0\x10\x04\0\0\xd4\x71\0\0\x18\0\0\0\x18\x04\0\
\0\xeb\x71\0\0\x02\0\0\0\x20\x04\0\0\xf9\x71\0\0\x02\0\0\0\x40\x04\0\0\x05\x72\
\0\0\x02\0\0\0\x60\x04\0\0\x17\x72\0\0\x02\0\0\0\x80\x04\0\0\x28\x72\0\0\x02\0\
\0\0\xa0\x04\0\0\x39\x72\0\0\x02\0\0\0\xc0\x04\0\0\x4a\x72\0\0\x02\0\0\0\xe0\
\x04\0\0\x5b\x72\0\0\x02\0\0\0\0\x05\0\0\x6a\x72\0\0\x14\0\0\0\x20\x05\0\0\x73\
\x72\0\0\x21\0\0\0\x40\x05\0\0\x81\x72\0\0\x02\0\0\0\x80\x05\0\0\x99\x72\0\0\
\x18\0\0\0\xa0\x05\0\0\0\0\0\0\0\0\0\x03\0\0\0\0\x53\0\0\0\x04\0\0\0\x04\0\0\0\
\0\0\0\0\0\0\0\x02\x22\x04\0\0\0\0\0\0\0\0\0\x02\x23\x04\0\0\0\0\0\0\0\0\0\x02\
\x26\x04\0\0\0\0\0\0\0\0\0\x02\x0a\x04\0\0\0\0\0\0\0\0\0\x02\x24\x04\0\0\0\0\0\
\0\0\0\0\x02\x0b\x04\0\0\0\0\0\0\x03\0\0\x04\x10\0\0\0\xd4\x27\0\0\x81\0\0\0\0\
\0\0\0\xeb\x18\0\0\xfa\0\0\0\x40\0\0\0\x50\x4f\0\0\x14\0\0\0\x60\0\0\0\0\0\0\0\
\0\0\0\x02\x0c\x04\0\0\xb3\x72\0\0\x07\0\0\x04\xd0\0\0\0\xbc\x72\0\0\x35\x02\0\
\0\0\0\0\0\xcb\x72\0\0\x62\x03\0\0\x40\0\0\0\xd6\x72\0\0\x46\x02\0\0\x80\x03\0\
\0\xe8\x72\0\0\x6c\x03\0\0\xc0\x03\0\0\xf3\x72\0\0\x6c\x03\0\0\0\x05\0\0\xfe\
\x72\0\0\x16\0\0\0\x40\x06\0\0\x10\x73\0\0\x16\0\0\0\x60\x06\0\0\0\0\0\0\0\0\0\
\x02\x4e\x03\0\0\0\0\0\0\0\0\0\x0a\x4f\x03\0\0\x22\x73\0\0\x04\0\0\x04\x20\0\0\
\0\x7b\x5d\0\0\xf9\0\0\0\0\0\0\0\x19\0\0\0\x50\x03\0\0\x40\0\0\0\x2c\x73\0\0\
\x51\x03\0\0\x80\0\0\0\x32\x73\0\0\x61\x03\0\0\xc0\0\0\0\x35\x73\0\0\x03\0\0\
\x06\x04\0\0\0\x41\x73\0\0\0\0\0\0\x51\x73\0\0\x01\0\0\0\x62\x73\0\0\x02\0\0\0\
\0\0\0\0\0\0\0\x02\x52\x03\0\0\x72\x73\0\0\0\0\0\x08\x53\x03\0\0\0\0\0\0\x08\0\
\0\x0d\0\0\0\0\0\0\0\0\xa1\x01\0\0\0\0\0\0\x54\x03\0\0\0\0\0\0\x16\0\0\0\0\0\0\
\0\x55\x03\0\0\0\0\0\0\x57\x03\0\0\0\0\0\0\x57\x03\0\0\0\0\0\0\x59\x03\0\0\0\0\
\0\0\x97\0\0\0\x7b\x73\0\0\0\0\0\x08\x18\0\0\0\0\0\0\0\0\0\0\x02\x56\x03\0\0\0\
\0\0\0\0\0\0\x0a\xdb\x01\0\0\0\0\0\0\0\0\0\x02\x58\x03\0\0\0\0\0\0\0\0\0\x0a\
\x80\x02\0\0\0\0\0\0\0\0\0\x02\x5a\x03\0\0\0\0\0\0\0\0\0\x0a\x5b\x03\0\0\x84\
\x73\0\0\x02\0\0\x04\x10\0\0\0\x19\0\0\0\x54\x03\0\0\0\0\0\0\x8f\x73\0\0\x5c\
\x03\0\0\x20\0\0\0\0\0\0\0\x02\0\0\x05\x0c\0\0\0\x91\x73\0\0\x5d\x03\0\0\0\0\0\
\0\x96\x73\0\0\x60\x03\0\0\0\0\0\0\0\0\0\0\x04\0\0\x04\x0c\0\0\0\x9a\x73\0\0\
\x5e\x03\0\0\0\0\0\0\xdc\x5e\0\0\x5f\x03\0\0\x20\0\0\0\xa3\x73\0\0\x5f\x03\0\0\
\x30\0\0\0\xfa\x05\0\0\x5f\x03\0\0\x40\0\0\0\xae\x73\0\0\0\0\0\x08\x14\0\0\0\
\xb8\x73\0\0\0\0\0\x08\x1d\0\0\0\0\0\0\0\x02\0\0\x04\x02\0\0\0\xc2\x73\0\0\x54\
\x03\0\0\0\0\0\0\xc8\x73\0\0\x54\x03\0\0\x08\0\0\0\0\0\0\0\0\0\0\x02\xec\x03\0\
\0\0\0\0\0\0\0\0\x03\0\0\0\0\x4d\x03\0\0\x04\0\0\0\x0d\0\0\0\xd1\x73\0\0\x02\0\
\0\x04\x08\0\0\0\xe1\x73\0\0\x1d\0\0\0\0\0\0\0\xf2\x73\0\0\x6b\x03\0\0\x40\0\0\
\0\xf8\x73\0\0\x02\0\0\x04\x10\0\0\0\x06\x74\0\0\x65\x03\0\0\0\0\0\0\x0b\x74\0\
\0\x5d\0\0\0\x40\0\0\0\0\0\0\0\0\0\0\x02\x66\x03\0\0\x10\x74\0\0\0\0\0\x08\x67\
\x03\0\0\0\0\0\0\x03\0\0\x0d\x16\0\0\0\0\0\0\0\x5d\0\0\0\0\0\0\0\xb3\x01\0\0\0\
\0\0\0\x68\x03\0\0\0\0\0\0\0\0\0\x02\x69\x03\0\0\0\0\0\0\0\0\0\x0a\x6a\x03\0\0\
\x1a\x74\0\0\x07\0\0\x04\x30\0\0\0\x06\x74\0\0\x18\0\0\0\0\0\0\0\x28\x74\0\0\
\x18\0\0\0\x08\0\0\0\x2b\x74\0\0\xdf\x01\0\0\x40\0\0\0\x2e\x74\0\0\xdf\x01\0\0\
\x80\0\0\0\xa4\x2c\0\0\x8c\x01\0\0\xc0\0\0\0\x7d\x34\0\0\xa1\x01\0\0\0\x01\0\0\
\x32\x74\0\0\x2c\x02\0\0\x40\x01\0\0\0\0\0\0\0\0\0\x03\0\0\0\0\x64\x03\0\0\x04\
\0\0\0\0\0\0\0\0\0\0\0\0\0\0\x03\0\0\0\0\xb5\x02\0\0\x04\0\0\0\x05\0\0\0\x37\
\x74\0\0\x0b\0\0\x04\x88\0\0\0\x40\x74\0\0\x2b\0\0\0\0\0\0\0\x55\x74\0\0\x18\0\
\0\0\x08\0\0\0\x68\x74\0\0\x18\0\0\0\x10\0\0\0\x76\x74\0\0\x18\0\0\0\x18\0\0\0\
\x82\x74\0\0\x18\0\0\0\x20\0\0\0\x9c\x74\0\0\x18\0\0\0\x28\0\0\0\xaa\x74\0\0\
\x18\0\0\0\x30\0\0\0\xba\x74\0\0\x6e\x03\0\0\x40\0\0\0\xc5\x74\0\0\x6f\x03\0\0\
\x80\0\0\0\xca\x74\0\0\x70\x03\0\0\xc0\0\0\0\xe0\x74\0\0\x71\x03\0\0\0\x01\0\0\
\0\0\0\0\0\0\0\x02\x29\x04\0\0\0\0\0\0\0\0\0\x02\x2a\x04\0\0\0\0\0\0\0\0\0\x02\
\x2b\x04\0\0\xec\x74\0\0\x06\0\0\x04\x68\0\0\0\xf6\x74\0\0\x72\x03\0\0\0\0\0\0\
\xfe\x74\0\0\x73\x03\0\0\x20\0\0\0\x02\x75\0\0\x75\x03\0\0\0\x02\0\0\x06\x75\0\
\0\x77\x03\0\0\x40\x02\0\0\x0b\x75\0\0\x77\x03\0\0\x60\x02\0\0\x12\x75\0\0\x78\
\x03\0\0\x80\x02\0\0\x16\x75\0\0\x01\0\0\x04\x04\0\0\0\xfa\x12\0\0\x16\0\0\0\0\
\0\0\0\x25\x75\0\0\x05\0\0\x04\x3c\0\0\0\x30\x75\0\0\x74\x03\0\0\0\0\0\0\x39\
\x75\0\0\x18\0\0\0\xc0\x01\0\0\x43\x75\0\0\x18\0\0\0\xc8\x01\0\0\x52\x75\0\0\
\x18\0\0\0\xd0\x01\0\0\x62\x75\0\0\x18\0\0\0\xd8\x01\0\0\0\0\0\0\0\0\0\x03\0\0\
\0\0\x16\0\0\0\x04\0\0\0\x0e\0\0\0\x79\x75\0\0\x01\0\0\x04\x08\0\0\0\x30\x75\0\
\0\x76\x03\0\0\0\0\0\0\0\0\0\0\0\0\0\x03\0\0\0\0\x16\0\0\0\x04\0\0\0\x02\0\0\0\
\x84\x75\0\0\x01\0\0\x04\x04\0\0\0\xfa\x12\0\0\x16\0\0\0\0\0\0\0\x90\x75\0\0\
\x02\0\0\x04\x18\0\0\0\x9b\x75\0\0\x6d\0\0\0\0\0\0\0\x30\x75\0\0\x76\x03\0\0\
\x80\0\0\0\0\0\0\0\0\0\0\x02\x2c\x04\0\0\xa7\x75\0\0\x03\0\0\x04\x40\0\0\0\xb1\
\x75\0\0\x87\x03\0\0\0\0\0\0\xbb\x75\0\0\x97\x03\0\0\x80\0\0\0\xbe\x67\0\0\x98\
\x03\0\0\0\x01\0\0\0\0\0\0\0\0\0\x02\x7c\x03\0\0\xc1\x75\0\0\x02\0\0\x04\x10\0\
\0\0\x78\x1b\0\0\xcb\0\0\0\0\0\0\0\xd0\x75\0\0\x86\x03\0\0\x80\0\0\0\xd6\x75\0\
\0\x02\0\0\x04\x18\0\0\0\x77\x22\0\0\x66\x01\0\0\0\0\0\0\0\0\0\0\x7e\x03\0\0\
\x40\0\0\0\0\0\0\0\x02\0\0\x05\x10\0\0\0\xea\x75\0\0\x85\x03\0\0\0\0\0\0\x7c\
\x22\0\0\x21\0\0\0\0\0\0\0\0\0\0\0\0\0\0\x02\x80\x03\0\0\xf9\x75\0\0\x07\0\0\
\x04\x68\0\0\0\0\0\0\0\x81\x03\0\0\0\0\0\0\x0c\x76\0\0\x83\x03\0\0\x40\0\0\0\
\x3e\x03\0\0\x84\x03\0\0\x80\0\0\0\x10\x76\0\0\x6d\0\0\0\0\x01\0\0\x19\x76\0\0\
\x6d\0\0\0\x80\x01\0\0\xd7\x13\0\0\x6b\0\0\0\0\x02\0\0\x78\x1b\0\0\xcb\0\0\0\
\xc0\x02\0\0\0\0\0\0\x02\0\0\x05\x08\0\0\0\x21\x76\0\0\x82\x03\0\0\0\0\0\0\x25\
\x76\0\0\x5d\0\0\0\0\0\0\0\0\0\0\0\0\0\0\x02\x36\x04\0\0\0\0\0\0\0\0\0\x02\x37\
\x04\0\0\x30\x76\0\0\x02\0\0\x04\x10\0\0\0\x47\x76\0\0\x22\0\0\0\0\0\0\0\x57\
\x76\0\0\x15\0\0\0\x40\0\0\0\0\0\0\0\0\0\0\x03\0\0\0\0\x7f\x03\0\0\x04\0\0\0\
\x02\0\0\0\0\0\0\0\0\0\0\x03\0\0\0\0\x7d\x03\0\0\x04\0\0\0\0\0\0\0\0\0\0\0\0\0\
\0\x03\0\0\0\0\x7b\x03\0\0\x04\0\0\0\x02\0\0\0\x63\x76\0\0\x19\0\0\x84\x48\0\0\
\0\x6c\x76\0\0\x1d\0\0\0\0\0\0\0\x72\x76\0\0\x1d\0\0\0\x10\0\0\x01\x78\x76\0\0\
\x1d\0\0\0\x11\0\0\x01\x86\x76\0\0\x1d\0\0\0\x12\0\0\x01\x95\x76\0\0\x1d\0\0\0\
\x13\0\0\x01\x9f\x76\0\0\x1d\0\0\0\x14\0\0\x01\xaa\x76\0\0\x1d\0\0\0\x15\0\0\
\x01\xb2\x76\0\0\x1d\0\0\0\x16\0\0\x01\xba\x76\0\0\x1d\0\0\0\x17\0\0\x01\xca\
\x76\0\0\x1d\0\0\0\x18\0\0\x01\xdc\x76\0\0\x1d\0\0\0\x19\0\0\x01\xf9\x76\0\0\
\x1d\0\0\0\x1a\0\0\x01\x08\x77\0\0\x1d\0\0\0\x1b\0\0\x01\x19\0\0\0\x89\x03\0\0\
\x20\0\0\0\x19\x77\0\0\x8a\x03\0\0\x40\0\0\0\x26\x1c\0\0\x14\0\0\0\x60\0\0\0\
\x2e\x77\0\0\x14\0\0\0\x80\0\0\0\x38\x77\0\0\x8b\x03\0\0\xa0\0\0\0\xdc\x06\0\0\
\x8c\x03\0\0\0\x01\0\0\x3c\x77\0\0\xbb\0\0\0\x40\x01\0\0\x43\x77\0\0\x8d\x03\0\
\0\x80\x01\0\0\x4c\x77\0\0\x92\x03\0\0\xc0\x01\0\0\x50\x77\0\0\x93\x03\0\0\0\
\x02\0\0\x5a\x77\0\0\x95\x03\0\0\x40\x02\0\0\x60\x77\0\0\x96\x03\0\0\x40\x02\0\
\0\x67\x77\0\0\x20\0\0\x06\x04\0\0\0\x75\x77\0\0\0\0\0\0\x8a\x77\0\0\x01\0\0\0\
\xa6\x77\0\0\x02\0\0\0\xbb\x77\0\0\x03\0\0\0\xd3\x77\0\0\x04\0\0\0\xeb\x77\0\0\
\x05\0\0\0\x04\x78\0\0\x06\0\0\0\x16\x78\0\0\x07\0\0\0\x2f\x78\0\0\x08\0\0\0\
\x48\x78\0\0\x09\0\0\0\x62\x78\0\0\x0a\0\0\0\x77\x78\0\0\x0b\0\0\0\x8d\x78\0\0\
\x0c\0\0\0\xa4\x78\0\0\x0d\0\0\0\xbb\x78\0\0\x0e\0\0\0\xd0\x78\0\0\x0f\0\0\0\
\xec\x78\0\0\x10\0\0\0\x01\x79\0\0\x11\0\0\0\x1e\x79\0\0\x12\0\0\0\x3d\x79\0\0\
\x13\0\0\0\x59\x79\0\0\x14\0\0\0\x72\x79\0\0\x15\0\0\0\x8d\x79\0\0\x16\0\0\0\
\xaa\x79\0\0\x17\0\0\0\xc6\x79\0\0\x18\0\0\0\xec\x79\0\0\x19\0\0\0\x09\x7a\0\0\
\x1a\0\0\0\x1f\x7a\0\0\x1b\0\0\0\x38\x7a\0\0\x1c\0\0\0\x4a\x7a\0\0\x1d\0\0\0\
\x5c\x7a\0\0\x1e\0\0\0\x74\x7a\0\0\x1f\0\0\0\x8a\x7a\0\0\x2b\0\0\x06\x04\0\0\0\
\x9a\x7a\0\0\0\0\0\0\xb2\x7a\0\0\x01\0\0\0\xc9\x7a\0\0\x02\0\0\0\xe5\x7a\0\0\
\x03\0\0\0\xf9\x7a\0\0\x04\0\0\0\x12\x7b\0\0\x05\0\0\0\x2c\x7b\0\0\x06\0\0\0\
\x3e\x7b\0\0\x07\0\0\0\x51\x7b\0\0\x08\0\0\0\x67\x7b\0\0\x09\0\0\0\x7d\x7b\0\0\
\x0a\0\0\0\x96\x7b\0\0\x0b\0\0\0\xaf\x7b\0\0\x0c\0\0\0\xca\x7b\0\0\x0d\0\0\0\
\xe5\x7b\0\0\x0e\0\0\0\xfd\x7b\0\0\x0f\0\0\0\x15\x7c\0\0\x10\0\0\0\x24\x7c\0\0\
\x11\0\0\0\x37\x7c\0\0\x12\0\0\0\x49\x7c\0\0\x13\0\0\0\x61\x7c\0\0\x14\0\0\0\
\x79\x7c\0\0\x15\0\0\0\x8f\x7c\0\0\x16\0\0\0\xa5\x7c\0\0\x17\0\0\0\xb6\x7c\0\0\
\x18\0\0\0\xc7\x7c\0\0\x19\0\0\0\xd7\x7c\0\0\x1a\0\0\0\xe9\x7c\0\0\x1b\0\0\0\
\xf5\x7c\0\0\x1c\0\0\0\x04\x7d\0\0\x1d\0\0\0\x21\x7d\0\0\x1e\0\0\0\x3e\x7d\0\0\
\x1f\0\0\0\x5b\x7d\0\0\x20\0\0\0\x78\x7d\0\0\x21\0\0\0\x87\x7d\0\0\x22\0\0\0\
\xa4\x7d\0\0\x23\0\0\0\xb3\x7d\0\0\x24\0\0\0\xc1\x7d\0\0\x25\0\0\0\xc9\x7d\0\0\
\x26\0\0\0\xdc\x7d\0\0\x27\0\0\0\xf4\x7d\0\0\x28\0\0\0\x17\x7e\0\0\x29\0\0\0\
\x26\x7e\0\0\x2a\0\0\0\0\0\0\0\0\0\0\x03\0\0\0\0\x18\0\0\0\x04\0\0\0\x08\0\0\0\
\0\0\0\0\0\0\0\x02\x08\x04\0\0\0\0\0\0\0\0\0\x02\x8e\x03\0\0\0\0\0\0\x02\0\0\
\x0d\x16\0\0\0\0\0\0\0\x3b\x03\0\0\0\0\0\0\x8f\x03\0\0\0\0\0\0\0\0\0\x02\x90\
\x03\0\0\0\0\0\0\0\0\0\x0a\x91\x03\0\0\x3c\x7e\0\0\x05\0\0\x84\x08\0\0\0\x45\
\x7e\0\0\x19\0\0\0\0\0\0\0\x4a\x7e\0\0\x19\0\0\0\x08\0\0\x04\x52\x7e\0\0\x19\0\
\0\0\x0c\0\0\x04\x5a\x7e\0\0\x18\x02\0\0\x10\0\0\0\x5e\x7e\0\0\x39\x01\0\0\x20\
\0\0\0\0\0\0\0\0\0\0\x02\x09\x04\0\0\0\0\0\0\0\0\0\x02\x35\x04\0\0\x62\x7e\0\0\
\x04\0\0\x04\x08\0\0\0\x45\x7e\0\0\x1e\0\0\0\0\0\0\0\x6e\x7e\0\0\x19\0\0\0\x10\
\0\0\0\x71\x7e\0\0\x19\0\0\0\x18\0\0\0\x74\x7e\0\0\x15\0\0\0\x20\0\0\0\0\0\0\0\
\0\0\0\x03\0\0\0\0\x94\x03\0\0\x04\0\0\0\0\0\0\0\0\0\0\0\0\0\0\x03\0\0\0\0\x91\
\x03\0\0\x04\0\0\0\0\0\0\0\0\0\0\0\0\0\0\x03\0\0\0\0\x66\x01\0\0\x04\0\0\0\x02\
\0\0\0\0\0\0\0\0\0\0\x03\0\0\0\0\x6d\0\0\0\x04\0\0\0\x02\0\0\0\x76\x7e\0\0\x20\
\0\0\x04\x40\x03\0\0\x81\x7e\0\0\x6d\0\0\0\0\0\0\0\x8b\x7e\0\0\x06\x02\0\0\x80\
\0\0\0\x97\x7e\0\0\x06\x02\0\0\xc0\0\0\0\xa3\x7e\0\0\x06\x02\0\0\0\x01\0\0\xaf\
\x7e\0\0\x06\x02\0\0\x40\x01\0\0\xbb\x7e\0\0\x16\0\0\0\x80\x01\0\0\xc7\x7e\0\0\
\x16\0\0\0\xa0\x01\0\0\xd1\x7e\0\0\x1e\x02\0\0\xc0\x01\0\0\xe1\x7e\0\0\x6d\0\0\
\0\xc0\x02\0\0\xec\x7e\0\0\x06\x02\0\0\x40\x03\0\0\xf9\x7e\0\0\x16\0\0\0\x80\
\x03\0\0\x0a\x7f\0\0\x9a\x03\0\0\xc0\x03\0\0\x19\x7f\0\0\x9c\x03\0\0\x80\x04\0\
\0\x26\x7f\0\0\x9d\x03\0\0\0\x06\0\0\x33\x7f\0\0\x1e\x02\0\0\xc0\x06\0\0\x44\
\x7f\0\0\x9e\x03\0\0\xc0\x07\0\0\x53\x7f\0\0\x6d\0\0\0\x40\x09\0\0\x60\x7f\0\0\
\x8c\x01\0\0\xc0\x09\0\0\x65\x7f\0\0\x8c\x01\0\0\0\x0a\0\0\x70\x7f\0\0\x14\0\0\
\0\x40\x0a\0\0\x84\x7f\0\0\x14\0\0\0\x60\x0a\0\0\x99\x7f\0\0\x02\0\0\0\x80\x0a\
\0\0\xac\x7f\0\0\x14\0\0\0\xa0\x0a\0\0\xbf\x7f\0\0\xc0\x01\0\0\xc0\x0a\0\0\xc7\
\x4d\0\0\x46\x02\0\0\0\x0b\0\0\xce\x7f\0\0\x71\x02\0\0\0\x0c\0\0\xdc\x7f\0\0\
\x71\x02\0\0\0\x12\0\0\xea\x7f\0\0\xfa\0\0\0\0\x18\0\0\xfa\x7f\0\0\x0b\x01\0\0\
\x20\x18\0\0\x15\x80\0\0\x0b\x01\0\0\x40\x18\0\0\x31\x80\0\0\xfa\0\0\0\x60\x18\
\0\0\x42\x80\0\0\xcf\0\0\0\x80\x18\0\0\0\0\0\0\0\0\0\x03\0\0\0\0\x81\0\0\0\x04\
\0\0\0\x03\0\0\0\x51\x80\0\0\x06\0\0\x04\x10\0\0\0\x62\x80\0\0\x06\x02\0\0\0\0\
\0\0\x68\x80\0\0\x16\0\0\0\x40\0\0\0\x6e\x80\0\0\x18\0\0\0\x60\0\0\0\x75\x80\0\
\0\x18\0\0\0\x68\0\0\0\x7c\x80\0\0\x18\0\0\0\x70\0\0\0\x83\x80\0\0\x18\0\0\0\
\x78\0\0\0\0\0\0\0\0\0\0\x03\0\0\0\0\x9b\x03\0\0\x04\0\0\0\x03\0\0\0\0\0\0\0\0\
\0\0\x03\0\0\0\0\x16\0\0\0\x04\0\0\0\x06\0\0\0\x8a\x80\0\0\x06\0\0\x04\x30\0\0\
\0\xc2\x19\0\0\x1e\x02\0\0\0\0\0\0\xeb\x18\0\0\x61\x02\0\0\0\x01\0\0\x9e\x80\0\
\0\x18\0\0\0\x40\x01\0\0\xa5\x80\0\0\x18\0\0\0\x48\x01\0\0\xac\x80\0\0\x18\0\0\
\0\x50\x01\0\0\xb3\x80\0\0\x18\0\0\0\x58\x01\0\0\0\0\0\0\0\0\0\x02\x02\x04\0\0\
\x60\x83\0\0\x0a\0\0\x84\x14\0\0\0\x66\x83\0\0\x19\0\0\0\0\0\0\x04\x6a\x83\0\0\
\x19\0\0\0\x04\0\0\x04\x72\x83\0\0\x19\0\0\0\x08\0\0\0\x76\x83\0\0\x9b\x01\0\0\
\x10\0\0\0\x2e\x22\0\0\x9b\x01\0\0\x20\0\0\0\x7e\x83\0\0\x9b\x01\0\0\x30\0\0\0\
\x87\x83\0\0\x19\0\0\0\x40\0\0\0\x6b\0\0\0\x19\0\0\0\x48\0\0\0\xd3\x5c\0\0\xa1\
\x03\0\0\x50\0\0\0\0\0\0\0\xa2\x03\0\0\x60\0\0\0\x8b\x83\0\0\0\0\0\x08\x1e\0\0\
\0\0\0\0\0\x02\0\0\x05\x08\0\0\0\0\0\0\0\xa3\x03\0\0\0\0\0\0\x93\x83\0\0\xa4\
\x03\0\0\0\0\0\0\0\0\0\0\x02\0\0\x04\x08\0\0\0\x85\x36\0\0\x95\x01\0\0\0\0\0\0\
\x7f\x36\0\0\x95\x01\0\0\x20\0\0\0\0\0\0\0\x02\0\0\x04\x08\0\0\0\x85\x36\0\0\
\x95\x01\0\0\0\0\0\0\x7f\x36\0\0\x95\x01\0\0\x20\0\0\0\x3b\x85\0\0\x11\0\0\x84\
\x14\0\0\0\x42\x85\0\0\x9b\x01\0\0\0\0\0\0\x49\x85\0\0\x9b\x01\0\0\x10\0\0\0\
\x50\x4f\0\0\x95\x01\0\0\x20\0\0\0\x4e\x85\0\0\x95\x01\0\0\x40\0\0\0\x56\x85\0\
\0\x1e\0\0\0\x60\0\0\x04\x5b\x85\0\0\x1e\0\0\0\x64\0\0\x04\x60\x85\0\0\x1e\0\0\
\0\x68\0\0\x01\x64\x85\0\0\x1e\0\0\0\x69\0\0\x01\x68\x85\0\0\x1e\0\0\0\x6a\0\0\
\x01\x6c\x85\0\0\x1e\0\0\0\x6b\0\0\x01\x70\x85\0\0\x1e\0\0\0\x6c\0\0\x01\x74\
\x85\0\0\x1e\0\0\0\x6d\0\0\x01\x78\x85\0\0\x1e\0\0\0\x6e\0\0\x01\x7c\x85\0\0\
\x1e\0\0\0\x6f\0\0\x01\x80\x85\0\0\x9b\x01\0\0\x70\0\0\0\xd3\x5c\0\0\xa1\x03\0\
\0\x80\0\0\0\x87\x85\0\0\x9b\x01\0\0\x90\0\0\0\x02\x86\0\0\x04\0\0\x04\x08\0\0\
\0\x42\x85\0\0\x9b\x01\0\0\0\0\0\0\x49\x85\0\0\x9b\x01\0\0\x10\0\0\0\x26\x1c\0\
\0\x9b\x01\0\0\x20\0\0\0\xd3\x5c\0\0\xa1\x03\0\0\x30\0\0\0\0\0\0\0\x01\0\0\x0d\
\x02\0\0\0\x4c\x04\0\0\x4e\0\0\0\x66\x89\0\0\x01\0\0\x0c\xa7\x03\0\0\0\0\0\0\
\x01\0\0\x0d\x02\0\0\0\x4c\x04\0\0\x4e\0\0\0\x30\x8a\0\0\x01\0\0\x0c\xa9\x03\0\
\0\xb5\x8a\0\0\x07\0\0\x84\x28\0\0\0\xcb\x35\0\0\x19\0\0\0\0\0\0\x04\x6a\x83\0\
\0\x19\0\0\0\x04\0\0\x04\xbd\x8a\0\0\xac\x03\0\0\x08\0\0\0\xc6\x8a\0\0\x9b\x01\
\0\0\x20\0\0\0\xd2\x8a\0\0\x19\0\0\0\x30\0\0\0\xda\x8a\0\0\x19\0\0\0\x38\0\0\0\
\0\0\0\0\xad\x03\0\0\x40\0\0\0\0\0\0\0\0\0\0\x03\0\0\0\0\x19\0\0\0\x04\0\0\0\
\x03\0\0\0\0\0\0\0\x02\0\0\x05\x20\0\0\0\0\0\0\0\xae\x03\0\0\0\0\0\0\x93\x83\0\
\0\xaf\x03\0\0\0\0\0\0\0\0\0\0\x02\0\0\x04\x20\0\0\0\x85\x36\0\0\xa2\x01\0\0\0\
\0\0\0\x7f\x36\0\0\xa2\x01\0\0\x80\0\0\0\0\0\0\0\x02\0\0\x04\x20\0\0\0\x85\x36\
\0\0\xa2\x01\0\0\0\0\0\0\x7f\x36\0\0\xa2\x01\0\0\x80\0\0\0\xcd\x8c\0\0\x02\0\0\
\x04\x02\0\0\0\xd2\x8a\0\0\x19\0\0\0\0\0\0\0\xda\x8c\0\0\x19\0\0\0\x08\0\0\0\0\
\0\0\0\x01\0\0\x0d\x02\0\0\0\x4c\x04\0\0\x4e\0\0\0\x14\x90\0\0\x01\0\0\x0c\xb1\
\x03\0\0\0\0\0\0\x01\0\0\x0d\x02\0\0\0\x4c\x04\0\0\x4e\0\0\0\x83\x90\0\0\x01\0\
\0\x0c\xb3\x03\0\0\0\0\0\0\x01\0\0\x0d\x02\0\0\0\x4c\x04\0\0\x4e\0\0\0\x54\x95\
\0\0\x01\0\0\x0c\xb5\x03\0\0\0\0\0\0\x01\0\0\x0d\x02\0\0\0\x4c\x04\0\0\x4e\0\0\
\0\x87\x96\0\0\x01\0\0\x0c\xb7\x03\0\0\0\0\0\0\x01\0\0\x0d\x02\0\0\0\x4c\x04\0\
\0\x4e\0\0\0\xbb\x97\0\0\x01\0\0\x0c\xb9\x03\0\0\0\0\0\0\x01\0\0\x0d\x02\0\0\0\
\x4c\x04\0\0\x4e\0\0\0\x78\x98\0\0\x01\0\0\x0c\xbb\x03\0\0\0\0\0\0\0\0\0\x03\0\
\0\0\0\x98\0\0\0\x04\0\0\0\x0d\0\0\0\x32\x99\0\0\0\0\0\x0e\xbd\x03\0\0\x01\0\0\
\0\0\0\0\0\0\0\0\x03\0\0\0\0\x98\0\0\0\x04\0\0\0\x50\0\0\0\x3a\x99\0\0\0\0\0\
\x0e\xbf\x03\0\0\0\0\0\0\0\0\0\0\0\0\0\x03\0\0\0\0\x98\0\0\0\x04\0\0\0\x42\0\0\
\0\x5b\x99\0\0\0\0\0\x0e\xc1\x03\0\0\0\0\0\0\0\0\0\0\0\0\0\x03\0\0\0\0\x98\0\0\
\0\x04\0\0\0\x3d\0\0\0\x7e\x99\0\0\0\0\0\x0e\xc3\x03\0\0\0\0\0\0\0\0\0\0\0\0\0\
\x03\0\0\0\0\x98\0\0\0\x04\0\0\0\x3c\0\0\0\x9a\x99\0\0\0\0\0\x0e\xc5\x03\0\0\0\
\0\0\0\0\0\0\0\0\0\0\x03\0\0\0\0\x29\0\0\0\x04\0\0\0\x0c\0\0\0\0\0\0\0\0\0\0\
\x03\0\0\0\0\x98\0\0\0\x04\0\0\0\x36\0\0\0\xb8\x99\0\0\0\0\0\x0e\xc8\x03\0\0\0\
\0\0\0\0\0\0\0\0\0\0\x03\0\0\0\0\x98\0\0\0\x04\0\0\0\x47\0\0\0\xe1\x99\0\0\0\0\
\0\x0e\xca\x03\0\0\0\0\0\0\0\0\0\0\0\0\0\x03\0\0\0\0\x98\0\0\0\x04\0\0\0\x58\0\
\0\0\x0c\x9a\0\0\0\0\0\x0e\xcc\x03\0\0\0\0\0\0\0\0\0\0\0\0\0\x03\0\0\0\0\x29\0\
\0\0\x04\0\0\0\x0d\0\0\0\0\0\0\0\0\0\0\x03\0\0\0\0\x98\0\0\0\x04\0\0\0\x35\0\0\
\0\x2d\x9a\0\0\0\0\0\x0e\xcf\x03\0\0\0\0\0\0\0\0\0\0\0\0\0\x03\0\0\0\0\x98\0\0\
\0\x04\0\0\0\x34\0\0\0\x5e\x9a\0\0\0\0\0\x0e\xd1\x03\0\0\0\0\0\0\0\0\0\0\0\0\0\
\x03\0\0\0\0\x98\0\0\0\x04\0\0\0\x37\0\0\0\x89\x9a\0\0\0\0\0\x0e\xd3\x03\0\0\0\
\0\0\0\xb4\x9a\0\0\0\0\0\x0e\xd3\x03\0\0\0\0\0\0\xde\x9a\0\0\x07\0\0\x0f\0\0\0\
\0\x08\0\0\0\0\0\0\0\x10\0\0\0\x2e\0\0\0\0\0\0\0\x20\0\0\0\x37\0\0\0\0\0\0\0\
\x20\0\0\0\x3f\0\0\0\0\0\0\0\x20\0\0\0\x41\0\0\0\0\0\0\0\x20\0\0\0\x4b\0\0\0\0\
\0\0\0\x20\0\0\0\x4d\0\0\0\0\0\0\0\x20\0\0\0\xe4\x9a\0\0\x0b\0\0\x0f\0\0\0\0\
\xc0\x03\0\0\0\0\0\0\x50\0\0\0\xc2\x03\0\0\x50\0\0\0\x42\0\0\0\xc4\x03\0\0\x92\
\0\0\0\x3d\0\0\0\xc6\x03\0\0\xcf\0\0\0\x3c\0\0\0\xc9\x03\0\0\x0b\x01\0\0\x36\0\
\0\0\xcb\x03\0\0\x41\x01\0\0\x47\0\0\0\xcd\x03\0\0\x88\x01\0\0\x58\0\0\0\xd0\
\x03\0\0\xe0\x01\0\0\x35\0\0\0\xd2\x03\0\0\x15\x02\0\0\x34\0\0\0\xd4\x03\0\0\
\x49\x02\0\0\x37\0\0\0\xd5\x03\0\0\x80\x02\0\0\x37\0\0\0\xec\x9a\0\0\x01\0\0\
\x0f\0\0\0\0\xbe\x03\0\0\0\0\0\0\x0d\0\0\0\xf4\x9a\0\0\0\0\0\x07\0\0\0\0\xff\
\x9a\0\0\0\0\0\x07\0\0\0\0\xa6\x44\0\0\0\0\0\x07\0\0\0\0\x08\x9b\0\0\0\0\0\x07\
\0\0\0\0\xcd\x24\0\0\0\0\0\x07\0\0\0\0\x13\x9b\0\0\0\0\0\x07\0\0\0\0\x1f\x9b\0\
\0\0\0\0\x07\0\0\0\0\x25\x9b\0\0\0\0\0\x07\0\0\0\0\x34\x9b\0\0\0\0\0\x07\0\0\0\
\0\x90\x06\0\0\0\0\0\x07\0\0\0\0\xdf\x11\0\0\0\0\0\x07\0\0\0\0\xa2\x68\0\0\0\0\
\0\x07\0\0\0\0\x47\x9b\0\0\0\0\0\x07\0\0\0\0\x56\x9b\0\0\0\0\0\x07\0\0\0\0\x06\
\x4e\0\0\0\0\0\x07\0\0\0\0\x64\x9b\0\0\0\0\0\x07\0\0\0\0\xc5\x36\0\0\0\0\0\x07\
\0\0\0\0\x70\x9b\0\0\0\0\0\x07\0\0\0\0\x85\x9b\0\0\0\0\0\x07\0\0\0\0\x92\x9b\0\
\0\0\0\0\x07\0\0\0\0\x29\x69\0\0\0\0\0\x07\0\0\0\0\x99\x9b\0\0\0\0\0\x07\0\0\0\
\0\x96\x4d\0\0\0\0\0\x07\0\0\0\0\xa3\x9b\0\0\0\0\0\x07\0\0\0\0\xc4\x1e\0\0\0\0\
\0\x07\0\0\0\0\xbc\x9b\0\0\0\0\0\x07\0\0\0\0\xcb\x9b\0\0\0\0\0\x07\0\0\0\0\xd9\
\x9b\0\0\0\0\0\x07\0\0\0\0\xe2\x9b\0\0\0\0\0\x07\0\0\0\0\xf1\x9b\0\0\0\0\0\x07\
\0\0\0\0\x36\x4c\0\0\0\0\0\x07\0\0\0\0\xfa\x9b\0\0\0\0\0\x07\0\0\0\0\x8d\x68\0\
\0\0\0\0\x07\0\0\0\0\x06\x9c\0\0\0\0\0\x07\0\0\0\0\x19\x9c\0\0\0\0\0\x07\0\0\0\
\0\x29\x9c\0\0\0\0\0\x07\0\0\0\0\x37\x9c\0\0\0\0\0\x07\0\0\0\0\x43\x9c\0\0\0\0\
\0\x07\0\0\0\0\x4f\x9c\0\0\0\0\0\x07\0\0\0\0\x60\x9c\0\0\0\0\0\x07\0\0\0\0\x6c\
\x9c\0\0\0\0\0\x07\0\0\0\0\x7b\x9c\0\0\0\0\0\x07\0\0\0\0\x8a\x9c\0\0\0\0\0\x07\
\0\0\0\0\x96\x9c\0\0\0\0\0\x07\0\0\0\0\xfe\x1a\0\0\0\0\0\x07\0\0\0\0\x9e\x9c\0\
\0\0\0\0\x07\0\0\0\0\xad\x9c\0\0\0\0\0\x07\0\0\0\0\xbd\x9c\0\0\0\0\0\x07\0\0\0\
\0\xcc\x9c\0\0\0\0\0\x07\0\0\0\0\xd9\x9c\0\0\0\0\0\x07\0\0\0\0\xe8\x9c\0\0\0\0\
\0\x07\0\0\0\0\xf9\x9c\0\0\0\0\0\x07\0\0\0\0\x0b\x9d\0\0\0\0\0\x07\0\0\0\0\x13\
\x9d\0\0\0\0\0\x07\0\0\0\0\x1d\x9d\0\0\0\0\0\x07\0\0\0\0\x25\x9d\0\0\0\0\0\x07\
\0\0\0\0\x2e\x9d\0\0\0\0\0\x07\0\0\0\0\x3a\x9d\0\0\0\0\0\x07\0\0\0\0\x48\x9d\0\
\0\0\0\0\x07\0\0\0\0\x56\x9d\0\0\0\0\0\x07\0\0\0\0\x61\x9d\0\0\0\0\0\x07\0\0\0\
\0\x6e\x9d\0\0\0\0\0\x07\0\0\0\0\x7a\x9d\0\0\0\0\0\x07\0\0\0\0\x88\x9d\0\0\0\0\
\0\x07\0\0\0\0\x92\x9d\0\0\0\0\0\x07\0\0\0\0\xaf\x50\0\0\0\0\0\x07\0\0\0\0\xa1\
\x9d\0\0\0\0\0\x07\0\0\0\0\xb6\x9d\0\0\0\0\0\x07\0\0\0\0\xbf\x9d\0\0\0\0\0\x07\
\0\0\0\0\xd0\x9d\0\0\0\0\0\x07\0\0\0\0\xdb\x9d\0\0\0\0\0\x07\0\0\0\0\xee\x9d\0\
\0\0\0\0\x07\0\0\0\0\xfb\x9d\0\0\0\0\0\x07\0\0\0\0\x05\x9e\0\0\0\0\0\x07\0\0\0\
\0\x12\x9e\0\0\0\0\0\x07\0\0\0\0\x1c\x9e\0\0\0\0\0\x07\0\0\0\0\x27\x9e\0\0\0\0\
\0\x07\0\0\0\0\x36\x9e\0\0\0\0\0\x07\0\0\0\0\x3f\x9e\0\0\0\0\0\x07\0\0\0\0\x49\
\x9e\0\0\0\0\0\x07\0\0\0\0\x52\x9e\0\0\0\0\0\x07\0\0\0\0\x5a\x9e\0\0\0\0\0\x07\
\0\0\0\0\x6c\x9e\0\0\0\0\0\x07\0\0\0\0\x81\x9e\0\0\0\0\0\x07\0\0\0\0\x8d\x9e\0\
\0\0\0\0\x07\0\0\0\0\x9c\x9e\0\0\0\0\0\x07\0\0\0\0\xab\x2e\0\0\0\0\0\x07\0\0\0\
\0\xda\x02\0\0\0\0\0\x07\0\0\0\0\xae\x9e\0\0\0\0\0\x07\0\0\0\0\x3e\x03\0\0\0\0\
\0\x07\0\0\0\0\x06\x1b\0\0\0\0\0\x07\0\0\0\0\xbc\x9e\0\0\0\0\0\x07\0\0\0\0\xcb\
\x9e\0\0\0\0\0\x07\0\0\0\0\xdb\x9e\0\0\0\0\0\x07\0\0\0\0\xee\x9e\0\0\0\0\0\x07\
\0\0\0\0\x05\x9f\0\0\0\0\0\x07\0\0\0\0\x29\x5f\0\0\0\0\0\x07\0\0\0\0\x35\x5f\0\
\0\0\0\0\x07\0\0\0\0\x3f\x5f\0\0\0\0\0\x07\0\0\0\0\x1b\x60\0\0\0\0\0\x07\0\0\0\
\0\x0f\x9f\0\0\0\0\0\x07\0\0\0\0\x0b\x0c\0\0\0\0\0\x07\0\0\0\0\x1c\x9f\0\0\0\0\
\0\x07\0\0\0\0\x25\x9f\0\0\0\0\0\x07\0\0\0\0\x37\x9f\0\0\0\0\0\x07\0\0\0\0\x46\
\x9f\0\0\0\0\0\x07\0\0\0\0\x55\x0b\0\0\0\0\0\x07\0\0\0\0\x4d\x9f\0\0\0\0\0\x07\
\0\0\0\0\x5b\x9f\0\0\0\0\0\x07\0\0\0\0\x65\x9f\0\0\0\0\0\x07\0\0\0\0\x9b\x0b\0\
\0\0\0\0\x07\0\0\0\0\x72\x9f\0\0\0\0\0\x07\0\0\0\0\x82\x9f\0\0\0\0\0\x07\0\0\0\
\0\x8d\x9f\0\0\0\0\0\x07\0\0\0\0\x93\x9f\0\0\0\0\0\x07\0\0\0\0\xa0\x9f\0\0\0\0\
\0\x07\0\0\0\0\xa9\x9f\0\0\0\0\0\x07\0\0\0\0\xbc\x9f\0\0\0\0\0\x07\0\0\0\0\xc8\
\x9f\0\0\0\0\0\x07\0\0\0\0\x65\x62\0\0\0\0\0\x07\0\0\0\0\xd9\x9f\0\0\0\0\0\x07\
\0\0\0\0\xe4\x9f\0\0\0\0\0\x07\0\0\0\0\x0f\x63\0\0\0\0\0\x07\0\0\0\0\xef\x9f\0\
\0\0\0\0\x07\0\0\0\0\xfc\x9f\0\0\0\0\0\x07\0\0\0\0\x04\xa0\0\0\0\0\0\x07\0\0\0\
\0\x10\xa0\0\0\0\0\0\x07\0\0\0\0\x1e\xa0\0\0\0\0\0\x07\0\0\0\0\x27\xa0\0\0\0\0\
\0\x07\0\0\0\0\x35\xa0\0\0\0\0\0\x07\0\0\0\0\x44\xa0\0\0\0\0\0\x07\0\0\0\0\x4f\
\xa0\0\0\0\0\0\x07\0\0\0\0\x5c\xa0\0\0\0\0\0\x07\0\0\0\0\x68\xa0\0\0\0\0\0\x07\
\0\0\0\0\x77\xa0\0\0\0\0\0\x07\0\0\0\0\x8d\xa0\0\0\0\0\0\x07\0\0\0\0\x98\xa0\0\
\0\0\0\0\x07\0\0\0\0\xa2\xa0\0\0\0\0\0\x07\0\0\0\0\xbb\xa0\0\0\0\0\0\x07\0\0\0\
\0\xad\x0c\0\0\0\0\0\x07\0\0\0\0\xda\x0c\0\0\0\0\0\x07\0\0\0\0\xc9\x0c\0\0\0\0\
\0\x07\0\0\0\0\xc9\xa0\0\0\0\0\0\x07\0\0\0\0\xda\xa0\0\0\0\0\0\x07\0\0\0\0\xe7\
\xa0\0\0\0\0\0\x07\0\0\0\0\x2d\x1d\0\0\0\0\0\x07\0\0\0\0\xf3\xa0\0\0\0\0\0\x07\
\0\0\0\0\xff\xa0\0\0\0\0\0\x07\0\0\0\0\x16\xa1\0\0\0\0\0\x07\0\0\0\0\x26\xa1\0\
\0\0\0\0\x07\0\0\0\0\x38\xa1\0\0\0\0\0\x07\0\0\0\0\x4d\xa1\0\0\0\0\0\x07\0\0\0\
\0\x5c\xa1\0\0\0\0\0\x07\0\0\0\0\x3f\x46\0\0\0\0\0\x07\0\0\0\0\x4d\x43\0\0\0\0\
\0\x07\0\0\0\0\x67\xa1\0\0\0\0\0\x07\0\0\0\0\x74\xa1\0\0\0\0\0\x07\0\0\0\0\x8d\
\x46\0\0\0\0\0\x07\0\0\0\0\x38\x17\0\0\0\0\0\x07\0\0\0\0\x8f\xa1\0\0\0\0\0\x07\
\0\0\0\0\x9f\xa1\0\0\0\0\0\x07\0\0\0\0\xa7\xa1\0\0\0\0\0\x07\0\0\0\0\xb5\xa1\0\
\0\0\0\0\x07\0\0\0\0\xc4\xa1\0\0\0\0\0\x07\0\0\0\0\xd4\xa1\0\0\0\0\0\x07\0\0\0\
\0\xbb\x0c\0\0\0\0\0\x07\0\0\0\0\xe5\x0c\0\0\0\0\0\x07\0\0\0\0\xdd\xa1\0\0\0\0\
\0\x07\0\0\0\0\xee\xa1\0\0\0\0\0\x07\0\0\0\0\x06\xa2\0\0\0\0\0\x07\0\0\0\0\x31\
\x0e\0\0\0\0\0\x07\0\0\0\0\x15\xa2\0\0\0\0\0\x07\0\0\0\0\x26\xa2\0\0\0\0\0\x07\
\0\0\0\0\x32\xa2\0\0\0\0\0\x07\0\0\0\0\x3c\xa2\0\0\0\0\0\x07\0\0\0\0\x54\x1f\0\
\0\0\0\0\x07\0\0\0\0\x48\xa2\0\0\0\0\0\x07\0\0\0\0\x56\xa2\0\0\0\0\0\x07\0\0\0\
\0\0\x69\x6e\x74\0\x5f\x5f\x41\x52\x52\x41\x59\x5f\x53\x49\x5a\x45\x5f\x54\x59\
\x50\x45\x5f\x5f\0\x74\x79\x70\x65\0\x6d\x61\x78\x5f\x65\x6e\x74\x72\x69\x65\
\x73\0\x72\x62\0\x63\x72\x6f\x73\x5f\x66\x6c\x6f\x77\x5f\x6d\x61\x70\x5f\x6b\
\x65\x79\0\x66\x69\x76\x65\x5f\x74\x75\x70\x6c\x65\0\x73\x6f\x63\x6b\0\x63\x72\
\x6f\x73\x5f\x6e\x65\x74\x77\x6f\x72\x6b\x5f\x35\x5f\x74\x75\x70\x6c\x65\0\x66\
\x61\x6d\x69\x6c\x79\0\x70\x72\x6f\x74\x6f\x63\x6f\x6c\0\x6c\x6f\x63\x61\x6c\
\x5f\x61\x64\x64\x72\0\x6c\x6f\x63\x61\x6c\x5f\x70\x6f\x72\x74\0\x72\x65\x6d\
\x6f\x74\x65\x5f\x61\x64\x64\x72\0\x72\x65\x6d\x6f\x74\x65\x5f\x70\x6f\x72\x74\
\0\x63\x72\x6f\x73\x5f\x6e\x65\x74\x77\x6f\x72\x6b\x5f\x66\x61\x6d\x69\x6c\x79\
\0\x43\x52\x4f\x53\x5f\x46\x41\x4d\x49\x4c\x59\x5f\x41\x46\x5f\x49\x4e\x45\x54\
\0\x43\x52\x4f\x53\x5f\x46\x41\x4d\x49\x4c\x59\x5f\x41\x46\x5f\x49\x4e\x45\x54\
\x36\0\x63\x72\x6f\x73\x5f\x6e\x65\x74\x77\x6f\x72\x6b\x5f\x70\x72\x6f\x74\x6f\
\x63\x6f\x6c\0\x43\x52\x4f\x53\x5f\x50\x52\x4f\x54\x4f\x43\x4f\x4c\x5f\x54\x43\
\x50\0\x43\x52\x4f\x53\x5f\x50\x52\x4f\x54\x4f\x43\x4f\x4c\x5f\x55\x44\x50\0\
\x43\x52\x4f\x53\x5f\x50\x52\x4f\x54\x4f\x43\x4f\x4c\x5f\x49\x43\x4d\x50\0\x43\
\x52\x4f\x53\x5f\x50\x52\x4f\x54\x4f\x43\x4f\x4c\x5f\x49\x43\x4d\x50\x36\0\x43\
\x52\x4f\x53\x5f\x50\x52\x4f\x54\x4f\x43\x4f\x4c\x5f\x52\x41\x57\0\x43\x52\x4f\
\x53\x5f\x50\x52\x4f\x54\x4f\x43\x4f\x4c\x5f\x55\x4e\x4b\x4e\x4f\x57\x4e\0\x63\
\x72\x6f\x73\x5f\x69\x70\x5f\x61\x64\x64\x72\0\x61\x64\x64\x72\x34\0\x61\x64\
\x64\x72\x36\0\x75\x69\x6e\x74\x33\x32\x5f\x74\0\x75\x33\x32\0\x5f\x5f\x75\x33\
\x32\0\x75\x6e\x73\x69\x67\x6e\x65\x64\x20\x69\x6e\x74\0\x75\x69\x6e\x74\x38\
\x5f\x74\0\x75\x38\0\x5f\x5f\x75\x38\0\x75\x6e\x73\x69\x67\x6e\x65\x64\x20\x63\
\x68\x61\x72\0\x75\x69\x6e\x74\x31\x36\x5f\x74\0\x75\x31\x36\0\x5f\x5f\x75\x31\
\x36\0\x75\x6e\x73\x69\x67\x6e\x65\x64\x20\x73\x68\x6f\x72\x74\0\x75\x69\x6e\
\x74\x36\x34\x5f\x74\0\x75\x36\x34\0\x5f\x5f\x75\x36\x34\0\x75\x6e\x73\x69\x67\
\x6e\x65\x64\x20\x6c\x6f\x6e\x67\x20\x6c\x6f\x6e\x67\0\x63\x72\x6f\x73\x5f\x66\
\x6c\x6f\x77\x5f\x6d\x61\x70\x5f\x76\x61\x6c\x75\x65\0\x64\x69\x72\x65\x63\x74\
\x69\x6f\x6e\0\x74\x78\x5f\x62\x79\x74\x65\x73\0\x72\x78\x5f\x62\x79\x74\x65\
\x73\0\x74\x61\x73\x6b\x5f\x69\x6e\x66\x6f\0\x67\x61\x72\x62\x61\x67\x65\x5f\
\x63\x6f\x6c\x6c\x65\x63\x74\x5f\x6d\x65\0\x63\x72\x6f\x73\x5f\x6e\x65\x74\x77\
\x6f\x72\x6b\x5f\x73\x6f\x63\x6b\x65\x74\x5f\x64\x69\x72\x65\x63\x74\x69\x6f\
\x6e\0\x43\x52\x4f\x53\x5f\x53\x4f\x43\x4b\x45\x54\x5f\x44\x49\x52\x45\x43\x54\
\x49\x4f\x4e\x5f\x49\x4e\0\x43\x52\x4f\x53\x5f\x53\x4f\x43\x4b\x45\x54\x5f\x44\
\x49\x52\x45\x43\x54\x49\x4f\x4e\x5f\x4f\x55\x54\0\x43\x52\x4f\x53\x5f\x53\x4f\
\x43\x4b\x45\x54\x5f\x44\x49\x52\x45\x43\x54\x49\x4f\x4e\x5f\x55\x4e\x4b\x4e\
\x4f\x57\x4e\0\x63\x72\x6f\x73\x5f\x70\x72\x6f\x63\x65\x73\x73\x5f\x74\x61\x73\
\x6b\x5f\x69\x6e\x66\x6f\0\x70\x69\x64\0\x70\x70\x69\x64\0\x73\x74\x61\x72\x74\
\x5f\x74\x69\x6d\x65\0\x70\x61\x72\x65\x6e\x74\x5f\x73\x74\x61\x72\x74\x5f\x74\
\x69\x6d\x65\0\x63\x6f\x6d\x6d\x61\x6e\x64\x6c\x69\x6e\x65\0\x63\x6f\x6d\x6d\
\x61\x6e\x64\x6c\x69\x6e\x65\x5f\x6c\x65\x6e\0\x75\x69\x64\0\x67\x69\x64\0\x74\
\x69\x6d\x65\x5f\x6e\x73\x5f\x74\0\x63\x68\x61\x72\0\x62\x6f\x6f\x6c\0\x5f\x42\
\x6f\x6f\x6c\0\x6b\x65\x79\0\x76\x61\x6c\x75\x65\0\x63\x72\x6f\x73\x5f\x6e\x65\
\x74\x77\x6f\x72\x6b\x5f\x66\x6c\x6f\x77\x5f\x6d\x61\x70\0\x69\x6e\x74\x36\x34\
\x5f\x74\0\x73\x36\x34\0\x5f\x5f\x73\x36\x34\0\x6c\x6f\x6e\x67\x20\x6c\x6f\x6e\
\x67\0\x63\x72\x6f\x73\x5f\x6e\x65\x74\x77\x6f\x72\x6b\x5f\x65\x78\x74\x65\x72\
\x6e\x61\x6c\x5f\x69\x6e\x74\x65\x72\x66\x61\x63\x65\x73\0\x63\x72\x6f\x73\x5f\
\x73\x6f\x63\x6b\x5f\x74\x6f\x5f\x70\x72\x6f\x63\x65\x73\x73\x5f\x6d\x61\x70\
\x5f\x76\x61\x6c\x75\x65\0\x63\x6f\x6d\x6d\x6f\x6e\0\x63\x72\x6f\x73\x5f\x6e\
\x65\x74\x77\x6f\x72\x6b\x5f\x63\x6f\x6d\x6d\x6f\x6e\0\x64\x65\x76\x5f\x69\x66\
\0\x70\x72\x6f\x63\x65\x73\x73\0\x70\x72\x6f\x63\x65\x73\x73\x5f\x6d\x61\x70\0\
\x61\x63\x74\x69\x76\x65\x5f\x73\x6f\x63\x6b\x65\x74\x5f\x6d\x61\x70\0\x6b\x65\
\x79\x5f\x73\x69\x7a\x65\0\x76\x61\x6c\x75\x65\x5f\x73\x69\x7a\x65\0\x68\x65\
\x61\x70\x5f\x63\x72\x6f\x73\x5f\x6e\x65\x74\x77\x6f\x72\x6b\x5f\x63\x6f\x6d\
\x6d\x6f\x6e\x5f\x6d\x61\x70\0\x68\x65\x61\x70\x5f\x63\x72\x6f\x73\x5f\x66\x6c\
\x6f\x77\x5f\x6d\x61\x70\x5f\x76\x61\x6c\x75\x65\0\x63\x74\x78\0\x63\x72\x6f\
\x73\x5f\x68\x61\x6e\x64\x6c\x65\x5f\x69\x6e\x65\x74\x5f\x6c\x69\x73\x74\x65\
\x6e\0\x72\x61\x77\x5f\x74\x72\x61\x63\x65\x70\x6f\x69\x6e\x74\x2f\x63\x72\x6f\
\x73\x5f\x69\x6e\x65\x74\x5f\x6c\x69\x73\x74\x65\x6e\x5f\x65\x78\x69\x74\0\x2f\
\x62\x75\x69\x6c\x64\x2f\x61\x6d\x64\x36\x34\x2d\x67\x65\x6e\x65\x72\x69\x63\
\x2f\x76\x61\x72\x2f\x63\x61\x63\x68\x65\x2f\x70\x6f\x72\x74\x61\x67\x65\x2f\
\x63\x68\x72\x6f\x6d\x65\x6f\x73\x2d\x62\x61\x73\x65\x2f\x73\x65\x63\x61\x67\
\x65\x6e\x74\x64\x2f\x6f\x75\x74\x2f\x44\x65\x66\x61\x75\x6c\x74\x2f\x2e\x2e\
\x2f\x2e\x2e\x2f\x2e\x2e\x2f\x2e\x2e\x2f\x2e\x2e\x2f\x2e\x2e\x2f\x2e\x2e\x2f\
\x74\x6d\x70\x2f\x70\x6f\x72\x74\x61\x67\x65\x2f\x63\x68\x72\x6f\x6d\x65\x6f\
\x73\x2d\x62\x61\x73\x65\x2f\x73\x65\x63\x61\x67\x65\x6e\x74\x64\x2d\x39\x39\
\x39\x39\x2f\x77\x6f\x72\x6b\x2f\x73\x65\x63\x61\x67\x65\x6e\x74\x64\x2d\x39\
\x39\x39\x39\x2f\x70\x6c\x61\x74\x66\x6f\x72\x6d\x32\x2f\x73\x65\x63\x61\x67\
\x65\x6e\x74\x64\x2f\x62\x70\x66\x2f\x6e\x65\x74\x77\x6f\x72\x6b\x5f\x62\x70\
\x66\x2e\x63\0\x69\x6e\x74\x20\x42\x50\x46\x5f\x50\x52\x4f\x47\x28\x63\x72\x6f\
\x73\x5f\x68\x61\x6e\x64\x6c\x65\x5f\x69\x6e\x65\x74\x5f\x6c\x69\x73\x74\x65\
\x6e\x2c\0\x20\x20\x69\x66\x20\x28\x72\x76\x20\x21\x3d\x20\x30\x29\x20\x7b\0\
\x20\x20\x73\x74\x72\x75\x63\x74\x20\x74\x61\x73\x6b\x5f\x73\x74\x72\x75\x63\
\x74\x2a\x20\x74\x20\x3d\x20\x28\x73\x74\x72\x75\x63\x74\x20\x74\x61\x73\x6b\
\x5f\x73\x74\x72\x75\x63\x74\x2a\x29\x62\x70\x66\x5f\x67\x65\x74\x5f\x63\x75\
\x72\x72\x65\x6e\x74\x5f\x74\x61\x73\x6b\x28\x29\x3b\0\x74\x61\x73\x6b\x5f\x73\
\x74\x72\x75\x63\x74\0\x74\x68\x72\x65\x61\x64\x5f\x69\x6e\x66\x6f\0\x5f\x5f\
\x73\x74\x61\x74\x65\0\x73\x74\x61\x63\x6b\0\x75\x73\x61\x67\x65\0\x66\x6c\x61\
\x67\x73\0\x70\x74\x72\x61\x63\x65\0\x6f\x6e\x5f\x63\x70\x75\0\x77\x61\x6b\x65\
\x5f\x65\x6e\x74\x72\x79\0\x63\x70\x75\0\x77\x61\x6b\x65\x65\x5f\x66\x6c\x69\
\x70\x73\0\x77\x61\x6b\x65\x65\x5f\x66\x6c\x69\x70\x5f\x64\x65\x63\x61\x79\x5f\
\x74\x73\0\x6c\x61\x73\x74\x5f\x77\x61\x6b\x65\x65\0\x72\x65\x63\x65\x6e\x74\
\x5f\x75\x73\x65\x64\x5f\x63\x70\x75\0\x77\x61\x6b\x65\x5f\x63\x70\x75\0\x6f\
\x6e\x5f\x72\x71\0\x70\x72\x69\x6f\0\x73\x74\x61\x74\x69\x63\x5f\x70\x72\x69\
\x6f\0\x6e\x6f\x72\x6d\x61\x6c\x5f\x70\x72\x69\x6f\0\x72\x74\x5f\x70\x72\x69\
\x6f\x72\x69\x74\x79\0\x73\x63\x68\x65\x64\x5f\x63\x6c\x61\x73\x73\0\x73\x65\0\
\x72\x74\0\x64\x6c\0\x63\x6f\x72\x65\x5f\x6e\x6f\x64\x65\0\x63\x6f\x72\x65\x5f\
\x63\x6f\x6f\x6b\x69\x65\0\x63\x6f\x72\x65\x5f\x6f\x63\x63\x75\x70\x61\x74\x69\
\x6f\x6e\0\x73\x63\x68\x65\x64\x5f\x74\x61\x73\x6b\x5f\x67\x72\x6f\x75\x70\0\
\x73\x74\x61\x74\x73\0\x70\x72\x65\x65\x6d\x70\x74\x5f\x6e\x6f\x74\x69\x66\x69\
\x65\x72\x73\0\x62\x74\x72\x61\x63\x65\x5f\x73\x65\x71\0\x70\x6f\x6c\x69\x63\
\x79\0\x6e\x72\x5f\x63\x70\x75\x73\x5f\x61\x6c\x6c\x6f\x77\x65\x64\0\x63\x70\
\x75\x73\x5f\x70\x74\x72\0\x75\x73\x65\x72\x5f\x63\x70\x75\x73\x5f\x70\x74\x72\
\0\x63\x70\x75\x73\x5f\x6d\x61\x73\x6b\0\x6d\x69\x67\x72\x61\x74\x69\x6f\x6e\
\x5f\x70\x65\x6e\x64\x69\x6e\x67\0\x6d\x69\x67\x72\x61\x74\x69\x6f\x6e\x5f\x64\
\x69\x73\x61\x62\x6c\x65\x64\0\x6d\x69\x67\x72\x61\x74\x69\x6f\x6e\x5f\x66\x6c\
\x61\x67\x73\0\x72\x63\x75\x5f\x72\x65\x61\x64\x5f\x6c\x6f\x63\x6b\x5f\x6e\x65\
\x73\x74\x69\x6e\x67\0\x72\x63\x75\x5f\x72\x65\x61\x64\x5f\x75\x6e\x6c\x6f\x63\
\x6b\x5f\x73\x70\x65\x63\x69\x61\x6c\0\x72\x63\x75\x5f\x6e\x6f\x64\x65\x5f\x65\
\x6e\x74\x72\x79\0\x72\x63\x75\x5f\x62\x6c\x6f\x63\x6b\x65\x64\x5f\x6e\x6f\x64\
\x65\0\x72\x63\x75\x5f\x74\x61\x73\x6b\x73\x5f\x6e\x76\x63\x73\x77\0\x72\x63\
\x75\x5f\x74\x61\x73\x6b\x73\x5f\x68\x6f\x6c\x64\x6f\x75\x74\0\x72\x63\x75\x5f\
\x74\x61\x73\x6b\x73\x5f\x69\x64\x78\0\x72\x63\x75\x5f\x74\x61\x73\x6b\x73\x5f\
\x69\x64\x6c\x65\x5f\x63\x70\x75\0\x72\x63\x75\x5f\x74\x61\x73\x6b\x73\x5f\x68\
\x6f\x6c\x64\x6f\x75\x74\x5f\x6c\x69\x73\x74\0\x74\x72\x63\x5f\x72\x65\x61\x64\
\x65\x72\x5f\x6e\x65\x73\x74\x69\x6e\x67\0\x74\x72\x63\x5f\x69\x70\x69\x5f\x74\
\x6f\x5f\x63\x70\x75\0\x74\x72\x63\x5f\x72\x65\x61\x64\x65\x72\x5f\x73\x70\x65\
\x63\x69\x61\x6c\0\x74\x72\x63\x5f\x72\x65\x61\x64\x65\x72\x5f\x63\x68\x65\x63\
\x6b\x65\x64\0\x74\x72\x63\x5f\x68\x6f\x6c\x64\x6f\x75\x74\x5f\x6c\x69\x73\x74\
\0\x73\x63\x68\x65\x64\x5f\x69\x6e\x66\x6f\0\x74\x61\x73\x6b\x73\0\x70\x75\x73\
\x68\x61\x62\x6c\x65\x5f\x74\x61\x73\x6b\x73\0\x70\x75\x73\x68\x61\x62\x6c\x65\
\x5f\x64\x6c\x5f\x74\x61\x73\x6b\x73\0\x6d\x6d\0\x61\x63\x74\x69\x76\x65\x5f\
\x6d\x6d\0\x76\x6d\x61\x63\x61\x63\x68\x65\0\x72\x73\x73\x5f\x73\x74\x61\x74\0\
\x65\x78\x69\x74\x5f\x73\x74\x61\x74\x65\0\x65\x78\x69\x74\x5f\x63\x6f\x64\x65\
\0\x65\x78\x69\x74\x5f\x73\x69\x67\x6e\x61\x6c\0\x70\x64\x65\x61\x74\x68\x5f\
\x73\x69\x67\x6e\x61\x6c\0\x6a\x6f\x62\x63\x74\x6c\0\x70\x65\x72\x73\x6f\x6e\
\x61\x6c\x69\x74\x79\0\x73\x63\x68\x65\x64\x5f\x72\x65\x73\x65\x74\x5f\x6f\x6e\
\x5f\x66\x6f\x72\x6b\0\x73\x63\x68\x65\x64\x5f\x63\x6f\x6e\x74\x72\x69\x62\x75\
\x74\x65\x73\x5f\x74\x6f\x5f\x6c\x6f\x61\x64\0\x73\x63\x68\x65\x64\x5f\x6d\x69\
\x67\x72\x61\x74\x65\x64\0\x73\x63\x68\x65\x64\x5f\x70\x73\x69\x5f\x77\x61\x6b\
\x65\x5f\x72\x65\x71\x75\x65\x75\x65\0\x73\x63\x68\x65\x64\x5f\x72\x65\x6d\x6f\
\x74\x65\x5f\x77\x61\x6b\x65\x75\x70\0\x69\x6e\x5f\x65\x78\x65\x63\x76\x65\0\
\x69\x6e\x5f\x69\x6f\x77\x61\x69\x74\0\x72\x65\x73\x74\x6f\x72\x65\x5f\x73\x69\
\x67\x6d\x61\x73\x6b\0\x69\x6e\x5f\x6c\x72\x75\x5f\x66\x61\x75\x6c\x74\0\x6e\
\x6f\x5f\x63\x67\x72\x6f\x75\x70\x5f\x6d\x69\x67\x72\x61\x74\x69\x6f\x6e\0\x66\
\x72\x6f\x7a\x65\x6e\0\x75\x73\x65\x5f\x6d\x65\x6d\x64\x65\x6c\x61\x79\0\x69\
\x6e\x5f\x6d\x65\x6d\x73\x74\x61\x6c\x6c\0\x69\x6e\x5f\x65\x76\x65\x6e\x74\x66\
\x64\0\x61\x74\x6f\x6d\x69\x63\x5f\x66\x6c\x61\x67\x73\0\x72\x65\x73\x74\x61\
\x72\x74\x5f\x62\x6c\x6f\x63\x6b\0\x74\x67\x69\x64\0\x73\x74\x61\x63\x6b\x5f\
\x63\x61\x6e\x61\x72\x79\0\x72\x65\x61\x6c\x5f\x70\x61\x72\x65\x6e\x74\0\x70\
\x61\x72\x65\x6e\x74\0\x63\x68\x69\x6c\x64\x72\x65\x6e\0\x73\x69\x62\x6c\x69\
\x6e\x67\0\x67\x72\x6f\x75\x70\x5f\x6c\x65\x61\x64\x65\x72\0\x70\x74\x72\x61\
\x63\x65\x64\0\x70\x74\x72\x61\x63\x65\x5f\x65\x6e\x74\x72\x79\0\x74\x68\x72\
\x65\x61\x64\x5f\x70\x69\x64\0\x70\x69\x64\x5f\x6c\x69\x6e\x6b\x73\0\x74\x68\
\x72\x65\x61\x64\x5f\x67\x72\x6f\x75\x70\0\x74\x68\x72\x65\x61\x64\x5f\x6e\x6f\
\x64\x65\0\x76\x66\x6f\x72\x6b\x5f\x64\x6f\x6e\x65\0\x73\x65\x74\x5f\x63\x68\
\x69\x6c\x64\x5f\x74\x69\x64\0\x63\x6c\x65\x61\x72\x5f\x63\x68\x69\x6c\x64\x5f\
\x74\x69\x64\0\x70\x66\x5f\x69\x6f\x5f\x77\x6f\x72\x6b\x65\x72\0\x75\x74\x69\
\x6d\x65\0\x73\x74\x69\x6d\x65\0\x67\x74\x69\x6d\x65\0\x70\x72\x65\x76\x5f\x63\
\x70\x75\x74\x69\x6d\x65\0\x6e\x76\x63\x73\x77\0\x6e\x69\x76\x63\x73\x77\0\x73\
\x74\x61\x72\x74\x5f\x62\x6f\x6f\x74\x74\x69\x6d\x65\0\x6d\x69\x6e\x5f\x66\x6c\
\x74\0\x6d\x61\x6a\x5f\x66\x6c\x74\0\x70\x6f\x73\x69\x78\x5f\x63\x70\x75\x74\
\x69\x6d\x65\x72\x73\0\x70\x6f\x73\x69\x78\x5f\x63\x70\x75\x74\x69\x6d\x65\x72\
\x73\x5f\x77\x6f\x72\x6b\0\x70\x74\x72\x61\x63\x65\x72\x5f\x63\x72\x65\x64\0\
\x72\x65\x61\x6c\x5f\x63\x72\x65\x64\0\x63\x72\x65\x64\0\x63\x61\x63\x68\x65\
\x64\x5f\x72\x65\x71\x75\x65\x73\x74\x65\x64\x5f\x6b\x65\x79\0\x63\x6f\x6d\x6d\
\0\x6e\x61\x6d\x65\x69\x64\x61\x74\x61\0\x73\x79\x73\x76\x73\x65\x6d\0\x73\x79\
\x73\x76\x73\x68\x6d\0\x6c\x61\x73\x74\x5f\x73\x77\x69\x74\x63\x68\x5f\x63\x6f\
\x75\x6e\x74\0\x6c\x61\x73\x74\x5f\x73\x77\x69\x74\x63\x68\x5f\x74\x69\x6d\x65\
\0\x66\x73\0\x66\x69\x6c\x65\x73\0\x6e\x73\x70\x72\x6f\x78\x79\0\x73\x69\x67\
\x6e\x61\x6c\0\x73\x69\x67\x68\x61\x6e\x64\0\x62\x6c\x6f\x63\x6b\x65\x64\0\x72\
\x65\x61\x6c\x5f\x62\x6c\x6f\x63\x6b\x65\x64\0\x73\x61\x76\x65\x64\x5f\x73\x69\
\x67\x6d\x61\x73\x6b\0\x70\x65\x6e\x64\x69\x6e\x67\0\x73\x61\x73\x5f\x73\x73\
\x5f\x73\x70\0\x73\x61\x73\x5f\x73\x73\x5f\x73\x69\x7a\x65\0\x73\x61\x73\x5f\
\x73\x73\x5f\x66\x6c\x61\x67\x73\0\x74\x61\x73\x6b\x5f\x77\x6f\x72\x6b\x73\0\
\x61\x75\x64\x69\x74\x5f\x63\x6f\x6e\x74\x65\x78\x74\0\x6c\x6f\x67\x69\x6e\x75\
\x69\x64\0\x73\x65\x73\x73\x69\x6f\x6e\x69\x64\0\x73\x65\x63\x63\x6f\x6d\x70\0\
\x73\x79\x73\x63\x61\x6c\x6c\x5f\x64\x69\x73\x70\x61\x74\x63\x68\0\x70\x61\x72\
\x65\x6e\x74\x5f\x65\x78\x65\x63\x5f\x69\x64\0\x73\x65\x6c\x66\x5f\x65\x78\x65\
\x63\x5f\x69\x64\0\x61\x6c\x6c\x6f\x63\x5f\x6c\x6f\x63\x6b\0\x70\x69\x5f\x6c\
\x6f\x63\x6b\0\x77\x61\x6b\x65\x5f\x71\0\x70\x69\x5f\x77\x61\x69\x74\x65\x72\
\x73\0\x70\x69\x5f\x74\x6f\x70\x5f\x74\x61\x73\x6b\0\x70\x69\x5f\x62\x6c\x6f\
\x63\x6b\x65\x64\x5f\x6f\x6e\0\x6a\x6f\x75\x72\x6e\x61\x6c\x5f\x69\x6e\x66\x6f\
\0\x62\x69\x6f\x5f\x6c\x69\x73\x74\0\x70\x6c\x75\x67\0\x72\x65\x63\x6c\x61\x69\
\x6d\x5f\x73\x74\x61\x74\x65\0\x62\x61\x63\x6b\x69\x6e\x67\x5f\x64\x65\x76\x5f\
\x69\x6e\x66\x6f\0\x69\x6f\x5f\x63\x6f\x6e\x74\x65\x78\x74\0\x63\x61\x70\x74\
\x75\x72\x65\x5f\x63\x6f\x6e\x74\x72\x6f\x6c\0\x70\x74\x72\x61\x63\x65\x5f\x6d\
\x65\x73\x73\x61\x67\x65\0\x6c\x61\x73\x74\x5f\x73\x69\x67\x69\x6e\x66\x6f\0\
\x69\x6f\x61\x63\0\x70\x73\x69\x5f\x66\x6c\x61\x67\x73\0\x61\x63\x63\x74\x5f\
\x72\x73\x73\x5f\x6d\x65\x6d\x31\0\x61\x63\x63\x74\x5f\x76\x6d\x5f\x6d\x65\x6d\
\x31\0\x61\x63\x63\x74\x5f\x74\x69\x6d\x65\x78\x70\x64\0\x6d\x65\x6d\x73\x5f\
\x61\x6c\x6c\x6f\x77\x65\x64\0\x6d\x65\x6d\x73\x5f\x61\x6c\x6c\x6f\x77\x65\x64\
\x5f\x73\x65\x71\0\x63\x70\x75\x73\x65\x74\x5f\x6d\x65\x6d\x5f\x73\x70\x72\x65\
\x61\x64\x5f\x72\x6f\x74\x6f\x72\0\x63\x70\x75\x73\x65\x74\x5f\x73\x6c\x61\x62\
\x5f\x73\x70\x72\x65\x61\x64\x5f\x72\x6f\x74\x6f\x72\0\x63\x67\x72\x6f\x75\x70\
\x73\0\x63\x67\x5f\x6c\x69\x73\x74\0\x72\x6f\x62\x75\x73\x74\x5f\x6c\x69\x73\
\x74\0\x63\x6f\x6d\x70\x61\x74\x5f\x72\x6f\x62\x75\x73\x74\x5f\x6c\x69\x73\x74\
\0\x70\x69\x5f\x73\x74\x61\x74\x65\x5f\x6c\x69\x73\x74\0\x70\x69\x5f\x73\x74\
\x61\x74\x65\x5f\x63\x61\x63\x68\x65\0\x66\x75\x74\x65\x78\x5f\x65\x78\x69\x74\
\x5f\x6d\x75\x74\x65\x78\0\x66\x75\x74\x65\x78\x5f\x73\x74\x61\x74\x65\0\x70\
\x65\x72\x66\x5f\x65\x76\x65\x6e\x74\x5f\x63\x74\x78\x70\0\x70\x65\x72\x66\x5f\
\x65\x76\x65\x6e\x74\x5f\x6d\x75\x74\x65\x78\0\x70\x65\x72\x66\x5f\x65\x76\x65\
\x6e\x74\x5f\x6c\x69\x73\x74\0\x72\x73\x65\x71\0\x72\x73\x65\x71\x5f\x73\x69\
\x67\0\x72\x73\x65\x71\x5f\x65\x76\x65\x6e\x74\x5f\x6d\x61\x73\x6b\0\x74\x6c\
\x62\x5f\x75\x62\x63\0\x73\x70\x6c\x69\x63\x65\x5f\x70\x69\x70\x65\0\x74\x61\
\x73\x6b\x5f\x66\x72\x61\x67\0\x6e\x72\x5f\x64\x69\x72\x74\x69\x65\x64\0\x6e\
\x72\x5f\x64\x69\x72\x74\x69\x65\x64\x5f\x70\x61\x75\x73\x65\0\x64\x69\x72\x74\
\x79\x5f\x70\x61\x75\x73\x65\x64\x5f\x77\x68\x65\x6e\0\x74\x69\x6d\x65\x72\x5f\
\x73\x6c\x61\x63\x6b\x5f\x6e\x73\0\x64\x65\x66\x61\x75\x6c\x74\x5f\x74\x69\x6d\
\x65\x72\x5f\x73\x6c\x61\x63\x6b\x5f\x6e\x73\0\x63\x75\x72\x72\x5f\x72\x65\x74\
\x5f\x73\x74\x61\x63\x6b\0\x63\x75\x72\x72\x5f\x72\x65\x74\x5f\x64\x65\x70\x74\
\x68\0\x72\x65\x74\x5f\x73\x74\x61\x63\x6b\0\x66\x74\x72\x61\x63\x65\x5f\x74\
\x69\x6d\x65\x73\x74\x61\x6d\x70\0\x74\x72\x61\x63\x65\x5f\x6f\x76\x65\x72\x72\
\x75\x6e\0\x74\x72\x61\x63\x69\x6e\x67\x5f\x67\x72\x61\x70\x68\x5f\x70\x61\x75\
\x73\x65\0\x74\x72\x61\x63\x65\0\x74\x72\x61\x63\x65\x5f\x72\x65\x63\x75\x72\
\x73\x69\x6f\x6e\0\x74\x68\x72\x6f\x74\x74\x6c\x65\x5f\x71\x75\x65\x75\x65\0\
\x75\x74\x61\x73\x6b\0\x6b\x6d\x61\x70\x5f\x63\x74\x72\x6c\0\x70\x61\x67\x65\
\x66\x61\x75\x6c\x74\x5f\x64\x69\x73\x61\x62\x6c\x65\x64\0\x6f\x6f\x6d\x5f\x72\
\x65\x61\x70\x65\x72\x5f\x6c\x69\x73\x74\0\x6f\x6f\x6d\x5f\x72\x65\x61\x70\x65\
\x72\x5f\x74\x69\x6d\x65\x72\0\x73\x74\x61\x63\x6b\x5f\x76\x6d\x5f\x61\x72\x65\
\x61\0\x73\x74\x61\x63\x6b\x5f\x72\x65\x66\x63\x6f\x75\x6e\x74\0\x73\x65\x63\
\x75\x72\x69\x74\x79\0\x62\x70\x66\x5f\x73\x74\x6f\x72\x61\x67\x65\0\x62\x70\
\x66\x5f\x63\x74\x78\0\x6d\x63\x65\x5f\x76\x61\x64\x64\x72\0\x6d\x63\x65\x5f\
\x6b\x66\x6c\x61\x67\x73\0\x6d\x63\x65\x5f\x61\x64\x64\x72\0\x6d\x63\x65\x5f\
\x72\x69\x70\x76\0\x6d\x63\x65\x5f\x77\x68\x6f\x6c\x65\x5f\x70\x61\x67\x65\0\
\x5f\x5f\x6d\x63\x65\x5f\x72\x65\x73\x65\x72\x76\x65\x64\0\x6d\x63\x65\x5f\x6b\
\x69\x6c\x6c\x5f\x6d\x65\0\x6d\x63\x65\x5f\x63\x6f\x75\x6e\x74\0\x6c\x31\x64\
\x5f\x66\x6c\x75\x73\x68\x5f\x6b\x69\x6c\x6c\0\x74\x68\x72\x65\x61\x64\0\x73\
\x79\x73\x63\x61\x6c\x6c\x5f\x77\x6f\x72\x6b\0\x73\x74\x61\x74\x75\x73\0\x6e\
\x72\x5f\x73\x79\x73\x63\x61\x6c\x6c\x73\0\x73\x79\x73\x5f\x63\x61\x6c\x6c\x5f\
\x74\x61\x62\x6c\x65\0\x69\x61\x33\x32\x5f\x6e\x72\x5f\x73\x79\x73\x63\x61\x6c\
\x6c\x73\0\x69\x61\x33\x32\x5f\x73\x79\x73\x5f\x63\x61\x6c\x6c\x5f\x74\x61\x62\
\x6c\x65\0\x75\x6e\x73\x69\x67\x6e\x65\x64\x20\x6c\x6f\x6e\x67\0\x74\x69\x5f\
\x73\x79\x73\x5f\x63\x61\x6c\x6c\x5f\x70\x74\x72\x5f\x74\0\x6c\x6f\x6e\x67\0\
\x70\x74\x5f\x72\x65\x67\x73\0\x72\x31\x35\0\x72\x31\x34\0\x72\x31\x33\0\x72\
\x31\x32\0\x62\x70\0\x62\x78\0\x72\x31\x31\0\x72\x31\x30\0\x72\x39\0\x72\x38\0\
\x61\x78\0\x63\x78\0\x64\x78\0\x73\x69\0\x64\x69\0\x6f\x72\x69\x67\x5f\x61\x78\
\0\x69\x70\0\x63\x73\0\x73\x70\0\x73\x73\0\x72\x65\x66\x63\x6f\x75\x6e\x74\x5f\
\x74\0\x72\x65\x66\x63\x6f\x75\x6e\x74\x5f\x73\x74\x72\x75\x63\x74\0\x72\x65\
\x66\x73\0\x61\x74\x6f\x6d\x69\x63\x5f\x74\0\x63\x6f\x75\x6e\x74\x65\x72\0\x5f\
\x5f\x63\x61\x6c\x6c\x5f\x73\x69\x6e\x67\x6c\x65\x5f\x6e\x6f\x64\x65\0\x6c\x6c\
\x69\x73\x74\0\x73\x72\x63\0\x64\x73\x74\0\x6c\x6c\x69\x73\x74\x5f\x6e\x6f\x64\
\x65\0\x6e\x65\x78\x74\0\x75\x5f\x66\x6c\x61\x67\x73\0\x61\x5f\x66\x6c\x61\x67\
\x73\0\x73\x63\x68\x65\x64\x5f\x65\x6e\x74\x69\x74\x79\0\x6c\x6f\x61\x64\0\x72\
\x75\x6e\x5f\x6e\x6f\x64\x65\0\x67\x72\x6f\x75\x70\x5f\x6e\x6f\x64\x65\0\x65\
\x78\x65\x63\x5f\x73\x74\x61\x72\x74\0\x73\x75\x6d\x5f\x65\x78\x65\x63\x5f\x72\
\x75\x6e\x74\x69\x6d\x65\0\x76\x72\x75\x6e\x74\x69\x6d\x65\0\x70\x72\x65\x76\
\x5f\x73\x75\x6d\x5f\x65\x78\x65\x63\x5f\x72\x75\x6e\x74\x69\x6d\x65\0\x6e\x72\
\x5f\x6d\x69\x67\x72\x61\x74\x69\x6f\x6e\x73\0\x64\x65\x70\x74\x68\0\x63\x66\
\x73\x5f\x72\x71\0\x6d\x79\x5f\x71\0\x72\x75\x6e\x6e\x61\x62\x6c\x65\x5f\x77\
\x65\x69\x67\x68\x74\0\x61\x76\x67\0\x6c\x6f\x61\x64\x5f\x77\x65\x69\x67\x68\
\x74\0\x77\x65\x69\x67\x68\x74\0\x69\x6e\x76\x5f\x77\x65\x69\x67\x68\x74\0\x72\
\x62\x5f\x6e\x6f\x64\x65\0\x5f\x5f\x72\x62\x5f\x70\x61\x72\x65\x6e\x74\x5f\x63\
\x6f\x6c\x6f\x72\0\x72\x62\x5f\x72\x69\x67\x68\x74\0\x72\x62\x5f\x6c\x65\x66\
\x74\0\x6c\x69\x73\x74\x5f\x68\x65\x61\x64\0\x70\x72\x65\x76\0\x73\x63\x68\x65\
\x64\x5f\x61\x76\x67\0\x6c\x61\x73\x74\x5f\x75\x70\x64\x61\x74\x65\x5f\x74\x69\
\x6d\x65\0\x6c\x6f\x61\x64\x5f\x73\x75\x6d\0\x72\x75\x6e\x6e\x61\x62\x6c\x65\
\x5f\x73\x75\x6d\0\x75\x74\x69\x6c\x5f\x73\x75\x6d\0\x70\x65\x72\x69\x6f\x64\
\x5f\x63\x6f\x6e\x74\x72\x69\x62\0\x6c\x6f\x61\x64\x5f\x61\x76\x67\0\x72\x75\
\x6e\x6e\x61\x62\x6c\x65\x5f\x61\x76\x67\0\x75\x74\x69\x6c\x5f\x61\x76\x67\0\
\x75\x74\x69\x6c\x5f\x67\x75\x65\x73\x74\0\x75\x74\x69\x6c\x5f\x65\x73\x74\0\
\x65\x6e\x71\x75\x65\x75\x65\x64\0\x65\x77\x6d\x61\0\x73\x63\x68\x65\x64\x5f\
\x72\x74\x5f\x65\x6e\x74\x69\x74\x79\0\x72\x75\x6e\x5f\x6c\x69\x73\x74\0\x74\
\x69\x6d\x65\x6f\x75\x74\0\x77\x61\x74\x63\x68\x64\x6f\x67\x5f\x73\x74\x61\x6d\
\x70\0\x74\x69\x6d\x65\x5f\x73\x6c\x69\x63\x65\0\x6f\x6e\x5f\x6c\x69\x73\x74\0\
\x62\x61\x63\x6b\0\x73\x63\x68\x65\x64\x5f\x64\x6c\x5f\x65\x6e\x74\x69\x74\x79\
\0\x64\x6c\x5f\x72\x75\x6e\x74\x69\x6d\x65\0\x64\x6c\x5f\x64\x65\x61\x64\x6c\
\x69\x6e\x65\0\x64\x6c\x5f\x70\x65\x72\x69\x6f\x64\0\x64\x6c\x5f\x62\x77\0\x64\
\x6c\x5f\x64\x65\x6e\x73\x69\x74\x79\0\x72\x75\x6e\x74\x69\x6d\x65\0\x64\x65\
\x61\x64\x6c\x69\x6e\x65\0\x64\x6c\x5f\x74\x68\x72\x6f\x74\x74\x6c\x65\x64\0\
\x64\x6c\x5f\x79\x69\x65\x6c\x64\x65\x64\0\x64\x6c\x5f\x6e\x6f\x6e\x5f\x63\x6f\
\x6e\x74\x65\x6e\x64\x69\x6e\x67\0\x64\x6c\x5f\x6f\x76\x65\x72\x72\x75\x6e\0\
\x64\x6c\x5f\x74\x69\x6d\x65\x72\0\x69\x6e\x61\x63\x74\x69\x76\x65\x5f\x74\x69\
\x6d\x65\x72\0\x70\x69\x5f\x73\x65\0\x68\x72\x74\x69\x6d\x65\x72\0\x6e\x6f\x64\
\x65\0\x5f\x73\x6f\x66\x74\x65\x78\x70\x69\x72\x65\x73\0\x66\x75\x6e\x63\x74\
\x69\x6f\x6e\0\x62\x61\x73\x65\0\x73\x74\x61\x74\x65\0\x69\x73\x5f\x72\x65\x6c\
\0\x69\x73\x5f\x73\x6f\x66\x74\0\x69\x73\x5f\x68\x61\x72\x64\0\x74\x69\x6d\x65\
\x72\x71\x75\x65\x75\x65\x5f\x6e\x6f\x64\x65\0\x65\x78\x70\x69\x72\x65\x73\0\
\x6b\x74\x69\x6d\x65\x5f\x74\0\x68\x72\x74\x69\x6d\x65\x72\x5f\x72\x65\x73\x74\
\x61\x72\x74\0\x48\x52\x54\x49\x4d\x45\x52\x5f\x4e\x4f\x52\x45\x53\x54\x41\x52\
\x54\0\x48\x52\x54\x49\x4d\x45\x52\x5f\x52\x45\x53\x54\x41\x52\x54\0\x73\x63\
\x68\x65\x64\x5f\x73\x74\x61\x74\x69\x73\x74\x69\x63\x73\0\x77\x61\x69\x74\x5f\
\x73\x74\x61\x72\x74\0\x77\x61\x69\x74\x5f\x6d\x61\x78\0\x77\x61\x69\x74\x5f\
\x63\x6f\x75\x6e\x74\0\x77\x61\x69\x74\x5f\x73\x75\x6d\0\x69\x6f\x77\x61\x69\
\x74\x5f\x63\x6f\x75\x6e\x74\0\x69\x6f\x77\x61\x69\x74\x5f\x73\x75\x6d\0\x73\
\x6c\x65\x65\x70\x5f\x73\x74\x61\x72\x74\0\x73\x6c\x65\x65\x70\x5f\x6d\x61\x78\
\0\x73\x75\x6d\x5f\x73\x6c\x65\x65\x70\x5f\x72\x75\x6e\x74\x69\x6d\x65\0\x62\
\x6c\x6f\x63\x6b\x5f\x73\x74\x61\x72\x74\0\x62\x6c\x6f\x63\x6b\x5f\x6d\x61\x78\
\0\x65\x78\x65\x63\x5f\x6d\x61\x78\0\x73\x6c\x69\x63\x65\x5f\x6d\x61\x78\0\x6e\
\x72\x5f\x6d\x69\x67\x72\x61\x74\x69\x6f\x6e\x73\x5f\x63\x6f\x6c\x64\0\x6e\x72\
\x5f\x66\x61\x69\x6c\x65\x64\x5f\x6d\x69\x67\x72\x61\x74\x69\x6f\x6e\x73\x5f\
\x61\x66\x66\x69\x6e\x65\0\x6e\x72\x5f\x66\x61\x69\x6c\x65\x64\x5f\x6d\x69\x67\
\x72\x61\x74\x69\x6f\x6e\x73\x5f\x72\x75\x6e\x6e\x69\x6e\x67\0\x6e\x72\x5f\x66\
\x61\x69\x6c\x65\x64\x5f\x6d\x69\x67\x72\x61\x74\x69\x6f\x6e\x73\x5f\x68\x6f\
\x74\0\x6e\x72\x5f\x66\x6f\x72\x63\x65\x64\x5f\x6d\x69\x67\x72\x61\x74\x69\x6f\
\x6e\x73\0\x6e\x72\x5f\x77\x61\x6b\x65\x75\x70\x73\0\x6e\x72\x5f\x77\x61\x6b\
\x65\x75\x70\x73\x5f\x73\x79\x6e\x63\0\x6e\x72\x5f\x77\x61\x6b\x65\x75\x70\x73\
\x5f\x6d\x69\x67\x72\x61\x74\x65\0\x6e\x72\x5f\x77\x61\x6b\x65\x75\x70\x73\x5f\
\x6c\x6f\x63\x61\x6c\0\x6e\x72\x5f\x77\x61\x6b\x65\x75\x70\x73\x5f\x72\x65\x6d\
\x6f\x74\x65\0\x6e\x72\x5f\x77\x61\x6b\x65\x75\x70\x73\x5f\x61\x66\x66\x69\x6e\
\x65\0\x6e\x72\x5f\x77\x61\x6b\x65\x75\x70\x73\x5f\x61\x66\x66\x69\x6e\x65\x5f\
\x61\x74\x74\x65\x6d\x70\x74\x73\0\x6e\x72\x5f\x77\x61\x6b\x65\x75\x70\x73\x5f\
\x70\x61\x73\x73\x69\x76\x65\0\x6e\x72\x5f\x77\x61\x6b\x65\x75\x70\x73\x5f\x69\
\x64\x6c\x65\0\x68\x6c\x69\x73\x74\x5f\x68\x65\x61\x64\0\x66\x69\x72\x73\x74\0\
\x63\x70\x75\x6d\x61\x73\x6b\x5f\x74\0\x63\x70\x75\x6d\x61\x73\x6b\0\x62\x69\
\x74\x73\0\x72\x63\x75\x5f\x73\x70\x65\x63\x69\x61\x6c\0\x62\0\x73\0\x6e\x65\
\x65\x64\x5f\x71\x73\0\x65\x78\x70\x5f\x68\x69\x6e\x74\0\x6e\x65\x65\x64\x5f\
\x6d\x62\0\x70\x63\x6f\x75\x6e\x74\0\x72\x75\x6e\x5f\x64\x65\x6c\x61\x79\0\x6c\
\x61\x73\x74\x5f\x61\x72\x72\x69\x76\x61\x6c\0\x6c\x61\x73\x74\x5f\x71\x75\x65\
\x75\x65\x64\0\x70\x6c\x69\x73\x74\x5f\x6e\x6f\x64\x65\0\x70\x72\x69\x6f\x5f\
\x6c\x69\x73\x74\0\x6e\x6f\x64\x65\x5f\x6c\x69\x73\x74\0\x73\x65\x71\x6e\x75\
\x6d\0\x76\x6d\x61\x73\0\x76\x6d\x5f\x61\x72\x65\x61\x5f\x73\x74\x72\x75\x63\
\x74\0\x76\x6d\x5f\x73\x74\x61\x72\x74\0\x76\x6d\x5f\x65\x6e\x64\0\x76\x6d\x5f\
\x6e\x65\x78\x74\0\x76\x6d\x5f\x70\x72\x65\x76\0\x76\x6d\x5f\x72\x62\0\x72\x62\
\x5f\x73\x75\x62\x74\x72\x65\x65\x5f\x67\x61\x70\0\x76\x6d\x5f\x6d\x6d\0\x76\
\x6d\x5f\x70\x61\x67\x65\x5f\x70\x72\x6f\x74\0\x76\x6d\x5f\x66\x6c\x61\x67\x73\
\0\x61\x6e\x6f\x6e\x5f\x76\x6d\x61\x5f\x63\x68\x61\x69\x6e\0\x61\x6e\x6f\x6e\
\x5f\x76\x6d\x61\0\x76\x6d\x5f\x6f\x70\x73\0\x76\x6d\x5f\x70\x67\x6f\x66\x66\0\
\x76\x6d\x5f\x66\x69\x6c\x65\0\x76\x6d\x5f\x70\x72\x69\x76\x61\x74\x65\x5f\x64\
\x61\x74\x61\0\x73\x77\x61\x70\x5f\x72\x65\x61\x64\x61\x68\x65\x61\x64\x5f\x69\
\x6e\x66\x6f\0\x76\x6d\x5f\x75\x73\x65\x72\x66\x61\x75\x6c\x74\x66\x64\x5f\x63\
\x74\x78\0\x70\x67\x70\x72\x6f\x74\x5f\x74\0\x70\x67\x70\x72\x6f\x74\0\x70\x67\
\x70\x72\x6f\x74\x76\x61\x6c\x5f\x74\0\x73\x68\x61\x72\x65\x64\0\x61\x6e\x6f\
\x6e\x5f\x6e\x61\x6d\x65\0\x72\x62\x5f\x73\x75\x62\x74\x72\x65\x65\x5f\x6c\x61\
\x73\x74\0\x61\x74\x6f\x6d\x69\x63\x5f\x6c\x6f\x6e\x67\x5f\x74\0\x61\x74\x6f\
\x6d\x69\x63\x36\x34\x5f\x74\0\x74\x61\x73\x6b\x5f\x72\x73\x73\x5f\x73\x74\x61\
\x74\0\x65\x76\x65\x6e\x74\x73\0\x63\x6f\x75\x6e\x74\0\x61\x72\x63\x68\x5f\x64\
\x61\x74\x61\0\x66\x6e\0\x66\x75\x74\x65\x78\0\x6e\x61\x6e\x6f\x73\x6c\x65\x65\
\x70\0\x70\x6f\x6c\x6c\0\x75\x61\x64\x64\x72\0\x76\x61\x6c\0\x62\x69\x74\x73\
\x65\x74\0\x74\x69\x6d\x65\0\x75\x61\x64\x64\x72\x32\0\x63\x6c\x6f\x63\x6b\x69\
\x64\0\x63\x6c\x6f\x63\x6b\x69\x64\x5f\x74\0\x5f\x5f\x6b\x65\x72\x6e\x65\x6c\
\x5f\x63\x6c\x6f\x63\x6b\x69\x64\x5f\x74\0\x74\x69\x6d\x65\x73\x70\x65\x63\x5f\
\x74\x79\x70\x65\0\x54\x54\x5f\x4e\x4f\x4e\x45\0\x54\x54\x5f\x4e\x41\x54\x49\
\x56\x45\0\x54\x54\x5f\x43\x4f\x4d\x50\x41\x54\0\x72\x6d\x74\x70\0\x63\x6f\x6d\
\x70\x61\x74\x5f\x72\x6d\x74\x70\0\x75\x66\x64\x73\0\x6e\x66\x64\x73\0\x68\x61\
\x73\x5f\x74\x69\x6d\x65\x6f\x75\x74\0\x74\x76\x5f\x73\x65\x63\0\x74\x76\x5f\
\x6e\x73\x65\x63\0\x70\x69\x64\x5f\x74\0\x5f\x5f\x6b\x65\x72\x6e\x65\x6c\x5f\
\x70\x69\x64\x5f\x74\0\x68\x6c\x69\x73\x74\x5f\x6e\x6f\x64\x65\0\x70\x70\x72\
\x65\x76\0\x6c\x6f\x63\x6b\0\x72\x61\x77\x5f\x73\x70\x69\x6e\x6c\x6f\x63\x6b\
\x5f\x74\0\x72\x61\x77\x5f\x73\x70\x69\x6e\x6c\x6f\x63\x6b\0\x72\x61\x77\x5f\
\x6c\x6f\x63\x6b\0\x61\x72\x63\x68\x5f\x73\x70\x69\x6e\x6c\x6f\x63\x6b\x5f\x74\
\0\x71\x73\x70\x69\x6e\x6c\x6f\x63\x6b\0\x6c\x6f\x63\x6b\x65\x64\0\x6c\x6f\x63\
\x6b\x65\x64\x5f\x70\x65\x6e\x64\x69\x6e\x67\0\x74\x61\x69\x6c\0\x62\x61\x73\
\x65\x73\0\x74\x69\x6d\x65\x72\x73\x5f\x61\x63\x74\x69\x76\x65\0\x65\x78\x70\
\x69\x72\x79\x5f\x61\x63\x74\x69\x76\x65\0\x70\x6f\x73\x69\x78\x5f\x63\x70\x75\
\x74\x69\x6d\x65\x72\x5f\x62\x61\x73\x65\0\x6e\x65\x78\x74\x65\x76\x74\0\x74\
\x71\x68\x65\x61\x64\0\x74\x69\x6d\x65\x72\x71\x75\x65\x75\x65\x5f\x68\x65\x61\
\x64\0\x72\x62\x5f\x72\x6f\x6f\x74\0\x72\x62\x5f\x72\x6f\x6f\x74\x5f\x63\x61\
\x63\x68\x65\x64\0\x72\x62\x5f\x6c\x65\x66\x74\x6d\x6f\x73\x74\0\x77\x6f\x72\
\x6b\0\x6d\x75\x74\x65\x78\0\x73\x63\x68\x65\x64\x75\x6c\x65\x64\0\x63\x61\x6c\
\x6c\x62\x61\x63\x6b\x5f\x68\x65\x61\x64\0\x66\x75\x6e\x63\0\x6f\x77\x6e\x65\
\x72\0\x77\x61\x69\x74\x5f\x6c\x6f\x63\x6b\0\x6f\x73\x71\0\x77\x61\x69\x74\x5f\
\x6c\x69\x73\x74\0\x6f\x70\x74\x69\x6d\x69\x73\x74\x69\x63\x5f\x73\x70\x69\x6e\
\x5f\x71\x75\x65\x75\x65\0\x73\x75\x62\x73\x63\x72\x69\x62\x65\x72\x73\0\x70\
\x75\x74\x5f\x61\x64\x64\x72\0\x6d\x61\x67\x69\x63\0\x73\x75\x69\x64\0\x73\x67\
\x69\x64\0\x65\x75\x69\x64\0\x65\x67\x69\x64\0\x66\x73\x75\x69\x64\0\x66\x73\
\x67\x69\x64\0\x73\x65\x63\x75\x72\x65\x62\x69\x74\x73\0\x63\x61\x70\x5f\x69\
\x6e\x68\x65\x72\x69\x74\x61\x62\x6c\x65\0\x63\x61\x70\x5f\x70\x65\x72\x6d\x69\
\x74\x74\x65\x64\0\x63\x61\x70\x5f\x65\x66\x66\x65\x63\x74\x69\x76\x65\0\x63\
\x61\x70\x5f\x62\x73\x65\x74\0\x63\x61\x70\x5f\x61\x6d\x62\x69\x65\x6e\x74\0\
\x6a\x69\x74\x5f\x6b\x65\x79\x72\x69\x6e\x67\0\x73\x65\x73\x73\x69\x6f\x6e\x5f\
\x6b\x65\x79\x72\x69\x6e\x67\0\x70\x72\x6f\x63\x65\x73\x73\x5f\x6b\x65\x79\x72\
\x69\x6e\x67\0\x74\x68\x72\x65\x61\x64\x5f\x6b\x65\x79\x72\x69\x6e\x67\0\x72\
\x65\x71\x75\x65\x73\x74\x5f\x6b\x65\x79\x5f\x61\x75\x74\x68\0\x75\x73\x65\x72\
\0\x75\x73\x65\x72\x5f\x6e\x73\0\x75\x63\x6f\x75\x6e\x74\x73\0\x67\x72\x6f\x75\
\x70\x5f\x69\x6e\x66\x6f\0\x6b\x75\x69\x64\x5f\x74\0\x75\x69\x64\x5f\x74\0\x5f\
\x5f\x6b\x65\x72\x6e\x65\x6c\x5f\x75\x69\x64\x33\x32\x5f\x74\0\x6b\x67\x69\x64\
\x5f\x74\0\x67\x69\x64\x5f\x74\0\x5f\x5f\x6b\x65\x72\x6e\x65\x6c\x5f\x67\x69\
\x64\x33\x32\x5f\x74\0\x6b\x65\x72\x6e\x65\x6c\x5f\x63\x61\x70\x5f\x74\0\x6b\
\x65\x72\x6e\x65\x6c\x5f\x63\x61\x70\x5f\x73\x74\x72\x75\x63\x74\0\x63\x61\x70\
\0\x6e\x6f\x6e\x5f\x72\x63\x75\0\x72\x63\x75\0\x73\x79\x73\x76\x5f\x73\x65\x6d\
\0\x75\x6e\x64\x6f\x5f\x6c\x69\x73\x74\0\x73\x79\x73\x76\x5f\x73\x68\x6d\0\x73\
\x68\x6d\x5f\x63\x6c\x69\x73\x74\0\x73\x69\x67\x73\x65\x74\x5f\x74\0\x73\x69\
\x67\0\x73\x69\x67\x70\x65\x6e\x64\x69\x6e\x67\0\x6c\x69\x73\x74\0\x73\x69\x7a\
\x65\x5f\x74\0\x5f\x5f\x6b\x65\x72\x6e\x65\x6c\x5f\x73\x69\x7a\x65\x5f\x74\0\
\x5f\x5f\x6b\x65\x72\x6e\x65\x6c\x5f\x75\x6c\x6f\x6e\x67\x5f\x74\0\x6d\x6f\x64\
\x65\0\x66\x69\x6c\x74\x65\x72\x5f\x63\x6f\x75\x6e\x74\0\x66\x69\x6c\x74\x65\
\x72\0\x73\x79\x73\x63\x61\x6c\x6c\x5f\x75\x73\x65\x72\x5f\x64\x69\x73\x70\x61\
\x74\x63\x68\0\x73\x65\x6c\x65\x63\x74\x6f\x72\0\x6f\x66\x66\x73\x65\x74\0\x6c\
\x65\x6e\0\x6f\x6e\x5f\x64\x69\x73\x70\x61\x74\x63\x68\0\x73\x70\x69\x6e\x6c\
\x6f\x63\x6b\x5f\x74\0\x73\x70\x69\x6e\x6c\x6f\x63\x6b\0\x72\x6c\x6f\x63\x6b\0\
\x77\x61\x6b\x65\x5f\x71\x5f\x6e\x6f\x64\x65\0\x6b\x65\x72\x6e\x65\x6c\x5f\x73\
\x69\x67\x69\x6e\x66\x6f\x5f\x74\0\x74\x61\x73\x6b\x5f\x69\x6f\x5f\x61\x63\x63\
\x6f\x75\x6e\x74\x69\x6e\x67\0\x72\x63\x68\x61\x72\0\x77\x63\x68\x61\x72\0\x73\
\x79\x73\x63\x72\0\x73\x79\x73\x63\x77\0\x73\x79\x73\x63\x66\x73\0\x72\x65\x61\
\x64\x5f\x62\x79\x74\x65\x73\0\x77\x72\x69\x74\x65\x5f\x62\x79\x74\x65\x73\0\
\x63\x61\x6e\x63\x65\x6c\x6c\x65\x64\x5f\x77\x72\x69\x74\x65\x5f\x62\x79\x74\
\x65\x73\0\x6e\x6f\x64\x65\x6d\x61\x73\x6b\x5f\x74\0\x73\x65\x71\x63\x6f\x75\
\x6e\x74\x5f\x73\x70\x69\x6e\x6c\x6f\x63\x6b\x5f\x74\0\x73\x65\x71\x63\x6f\x75\
\x6e\x74\x5f\x73\x70\x69\x6e\x6c\x6f\x63\x6b\0\x73\x65\x71\x63\x6f\x75\x6e\x74\
\0\x73\x65\x71\x63\x6f\x75\x6e\x74\x5f\x74\0\x73\x65\x71\x75\x65\x6e\x63\x65\0\
\x70\x65\x72\x66\x5f\x65\x76\x65\x6e\x74\x5f\x63\x6f\x6e\x74\x65\x78\x74\0\x70\
\x6d\x75\0\x61\x63\x74\x69\x76\x65\x5f\x63\x74\x78\x5f\x6c\x69\x73\x74\0\x70\
\x69\x6e\x6e\x65\x64\x5f\x67\x72\x6f\x75\x70\x73\0\x66\x6c\x65\x78\x69\x62\x6c\
\x65\x5f\x67\x72\x6f\x75\x70\x73\0\x65\x76\x65\x6e\x74\x5f\x6c\x69\x73\x74\0\
\x70\x69\x6e\x6e\x65\x64\x5f\x61\x63\x74\x69\x76\x65\0\x66\x6c\x65\x78\x69\x62\
\x6c\x65\x5f\x61\x63\x74\x69\x76\x65\0\x6e\x72\x5f\x65\x76\x65\x6e\x74\x73\0\
\x6e\x72\x5f\x61\x63\x74\x69\x76\x65\0\x69\x73\x5f\x61\x63\x74\x69\x76\x65\0\
\x6e\x72\x5f\x73\x74\x61\x74\0\x6e\x72\x5f\x66\x72\x65\x71\0\x72\x6f\x74\x61\
\x74\x65\x5f\x64\x69\x73\x61\x62\x6c\x65\0\x72\x6f\x74\x61\x74\x65\x5f\x6e\x65\
\x63\x65\x73\x73\x61\x72\x79\0\x72\x65\x66\x63\x6f\x75\x6e\x74\0\x74\x61\x73\
\x6b\0\x74\x69\x6d\x65\x73\x74\x61\x6d\x70\0\x74\x69\x6d\x65\x6f\x66\x66\x73\
\x65\x74\0\x70\x61\x72\x65\x6e\x74\x5f\x63\x74\x78\0\x70\x61\x72\x65\x6e\x74\
\x5f\x67\x65\x6e\0\x67\x65\x6e\x65\x72\x61\x74\x69\x6f\x6e\0\x70\x69\x6e\x5f\
\x63\x6f\x75\x6e\x74\0\x74\x61\x73\x6b\x5f\x63\x74\x78\x5f\x64\x61\x74\x61\0\
\x6e\x72\x5f\x70\x65\x6e\x64\x69\x6e\x67\0\x70\x65\x72\x66\x5f\x65\x76\x65\x6e\
\x74\x5f\x67\x72\x6f\x75\x70\x73\0\x74\x72\x65\x65\0\x69\x6e\x64\x65\x78\0\x6c\
\x6f\x63\x61\x6c\x5f\x74\0\x61\0\x74\x6c\x62\x66\x6c\x75\x73\x68\x5f\x75\x6e\
\x6d\x61\x70\x5f\x62\x61\x74\x63\x68\0\x61\x72\x63\x68\0\x66\x6c\x75\x73\x68\
\x5f\x72\x65\x71\x75\x69\x72\x65\x64\0\x77\x72\x69\x74\x61\x62\x6c\x65\0\x61\
\x72\x63\x68\x5f\x74\x6c\x62\x66\x6c\x75\x73\x68\x5f\x75\x6e\x6d\x61\x70\x5f\
\x62\x61\x74\x63\x68\0\x72\x63\x75\x5f\x75\x73\x65\x72\x73\0\x70\x61\x67\x65\
\x5f\x66\x72\x61\x67\0\x70\x61\x67\x65\0\x73\x69\x7a\x65\0\x74\x69\x6d\x65\x72\
\x5f\x6c\x69\x73\x74\0\x65\x6e\x74\x72\x79\0\x74\x68\x72\x65\x61\x64\x5f\x73\
\x74\x72\x75\x63\x74\0\x74\x6c\x73\x5f\x61\x72\x72\x61\x79\0\x65\x73\0\x64\x73\
\0\x66\x73\x69\x6e\x64\x65\x78\0\x67\x73\x69\x6e\x64\x65\x78\0\x66\x73\x62\x61\
\x73\x65\0\x67\x73\x62\x61\x73\x65\0\x70\x74\x72\x61\x63\x65\x5f\x62\x70\x73\0\
\x76\x69\x72\x74\x75\x61\x6c\x5f\x64\x72\x36\0\x70\x74\x72\x61\x63\x65\x5f\x64\
\x72\x37\0\x63\x72\x32\0\x74\x72\x61\x70\x5f\x6e\x72\0\x65\x72\x72\x6f\x72\x5f\
\x63\x6f\x64\x65\0\x69\x6f\x5f\x62\x69\x74\x6d\x61\x70\0\x69\x6f\x70\x6c\x5f\
\x65\x6d\x75\x6c\0\x69\x6f\x70\x6c\x5f\x77\x61\x72\x6e\0\x73\x69\x67\x5f\x6f\
\x6e\x5f\x75\x61\x63\x63\x65\x73\x73\x5f\x65\x72\x72\0\x70\x6b\x72\x75\0\x66\
\x70\x75\0\x64\x65\x73\x63\x5f\x73\x74\x72\x75\x63\x74\0\x6c\x69\x6d\x69\x74\
\x30\0\x62\x61\x73\x65\x30\0\x62\x61\x73\x65\x31\0\x64\x70\x6c\0\x70\0\x6c\x69\
\x6d\x69\x74\x31\0\x61\x76\x6c\0\x6c\0\x64\0\x67\0\x62\x61\x73\x65\x32\0\x70\
\x65\x72\x66\x5f\x65\x76\x65\x6e\x74\0\x65\x76\x65\x6e\x74\x5f\x65\x6e\x74\x72\
\x79\0\x73\x69\x62\x6c\x69\x6e\x67\x5f\x6c\x69\x73\x74\0\x61\x63\x74\x69\x76\
\x65\x5f\x6c\x69\x73\x74\0\x67\x72\x6f\x75\x70\x5f\x69\x6e\x64\x65\x78\0\x6d\
\x69\x67\x72\x61\x74\x65\x5f\x65\x6e\x74\x72\x79\0\x68\x6c\x69\x73\x74\x5f\x65\
\x6e\x74\x72\x79\0\x61\x63\x74\x69\x76\x65\x5f\x65\x6e\x74\x72\x79\0\x6e\x72\
\x5f\x73\x69\x62\x6c\x69\x6e\x67\x73\0\x65\x76\x65\x6e\x74\x5f\x63\x61\x70\x73\
\0\x67\x72\x6f\x75\x70\x5f\x63\x61\x70\x73\0\x70\x6d\x75\x5f\x70\x72\x69\x76\
\x61\x74\x65\0\x61\x74\x74\x61\x63\x68\x5f\x73\x74\x61\x74\x65\0\x63\x68\x69\
\x6c\x64\x5f\x63\x6f\x75\x6e\x74\0\x74\x6f\x74\x61\x6c\x5f\x74\x69\x6d\x65\x5f\
\x65\x6e\x61\x62\x6c\x65\x64\0\x74\x6f\x74\x61\x6c\x5f\x74\x69\x6d\x65\x5f\x72\
\x75\x6e\x6e\x69\x6e\x67\0\x74\x73\x74\x61\x6d\x70\0\x61\x74\x74\x72\0\x68\x65\
\x61\x64\x65\x72\x5f\x73\x69\x7a\x65\0\x69\x64\x5f\x68\x65\x61\x64\x65\x72\x5f\
\x73\x69\x7a\x65\0\x72\x65\x61\x64\x5f\x73\x69\x7a\x65\0\x68\x77\0\x63\x68\x69\
\x6c\x64\x5f\x74\x6f\x74\x61\x6c\x5f\x74\x69\x6d\x65\x5f\x65\x6e\x61\x62\x6c\
\x65\x64\0\x63\x68\x69\x6c\x64\x5f\x74\x6f\x74\x61\x6c\x5f\x74\x69\x6d\x65\x5f\
\x72\x75\x6e\x6e\x69\x6e\x67\0\x63\x68\x69\x6c\x64\x5f\x6d\x75\x74\x65\x78\0\
\x63\x68\x69\x6c\x64\x5f\x6c\x69\x73\x74\0\x6f\x6e\x63\x70\x75\0\x6f\x77\x6e\
\x65\x72\x5f\x65\x6e\x74\x72\x79\0\x6d\x6d\x61\x70\x5f\x6d\x75\x74\x65\x78\0\
\x6d\x6d\x61\x70\x5f\x63\x6f\x75\x6e\x74\0\x72\x62\x5f\x65\x6e\x74\x72\x79\0\
\x72\x63\x75\x5f\x62\x61\x74\x63\x68\x65\x73\0\x72\x63\x75\x5f\x70\x65\x6e\x64\
\x69\x6e\x67\0\x77\x61\x69\x74\x71\0\x66\x61\x73\x79\x6e\x63\0\x70\x65\x6e\x64\
\x69\x6e\x67\x5f\x77\x61\x6b\x65\x75\x70\0\x70\x65\x6e\x64\x69\x6e\x67\x5f\x6b\
\x69\x6c\x6c\0\x70\x65\x6e\x64\x69\x6e\x67\x5f\x64\x69\x73\x61\x62\x6c\x65\0\
\x70\x65\x6e\x64\x69\x6e\x67\x5f\x73\x69\x67\x74\x72\x61\x70\0\x70\x65\x6e\x64\
\x69\x6e\x67\x5f\x61\x64\x64\x72\0\x70\x65\x6e\x64\x69\x6e\x67\x5f\x69\x72\x71\
\0\x70\x65\x6e\x64\x69\x6e\x67\x5f\x74\x61\x73\x6b\0\x70\x65\x6e\x64\x69\x6e\
\x67\x5f\x77\x6f\x72\x6b\0\x65\x76\x65\x6e\x74\x5f\x6c\x69\x6d\x69\x74\0\x61\
\x64\x64\x72\x5f\x66\x69\x6c\x74\x65\x72\x73\0\x61\x64\x64\x72\x5f\x66\x69\x6c\
\x74\x65\x72\x5f\x72\x61\x6e\x67\x65\x73\0\x61\x64\x64\x72\x5f\x66\x69\x6c\x74\
\x65\x72\x73\x5f\x67\x65\x6e\0\x61\x75\x78\x5f\x65\x76\x65\x6e\x74\0\x64\x65\
\x73\x74\x72\x6f\x79\0\x6e\x73\0\x69\x64\0\x63\x6c\x6f\x63\x6b\0\x6f\x76\x65\
\x72\x66\x6c\x6f\x77\x5f\x68\x61\x6e\x64\x6c\x65\x72\0\x6f\x76\x65\x72\x66\x6c\
\x6f\x77\x5f\x68\x61\x6e\x64\x6c\x65\x72\x5f\x63\x6f\x6e\x74\x65\x78\x74\0\x6f\
\x72\x69\x67\x5f\x6f\x76\x65\x72\x66\x6c\x6f\x77\x5f\x68\x61\x6e\x64\x6c\x65\
\x72\0\x70\x72\x6f\x67\0\x62\x70\x66\x5f\x63\x6f\x6f\x6b\x69\x65\0\x74\x70\x5f\
\x65\x76\x65\x6e\x74\0\x66\x74\x72\x61\x63\x65\x5f\x6f\x70\x73\0\x73\x62\x5f\
\x6c\x69\x73\x74\0\x70\x65\x72\x66\x5f\x65\x76\x65\x6e\x74\x5f\x73\x74\x61\x74\
\x65\0\x50\x45\x52\x46\x5f\x45\x56\x45\x4e\x54\x5f\x53\x54\x41\x54\x45\x5f\x44\
\x45\x41\x44\0\x50\x45\x52\x46\x5f\x45\x56\x45\x4e\x54\x5f\x53\x54\x41\x54\x45\
\x5f\x45\x58\x49\x54\0\x50\x45\x52\x46\x5f\x45\x56\x45\x4e\x54\x5f\x53\x54\x41\
\x54\x45\x5f\x45\x52\x52\x4f\x52\0\x50\x45\x52\x46\x5f\x45\x56\x45\x4e\x54\x5f\
\x53\x54\x41\x54\x45\x5f\x4f\x46\x46\0\x50\x45\x52\x46\x5f\x45\x56\x45\x4e\x54\
\x5f\x53\x54\x41\x54\x45\x5f\x49\x4e\x41\x43\x54\x49\x56\x45\0\x50\x45\x52\x46\
\x5f\x45\x56\x45\x4e\x54\x5f\x53\x54\x41\x54\x45\x5f\x41\x43\x54\x49\x56\x45\0\
\x6c\x6f\x63\x61\x6c\x36\x34\x5f\x74\0\x70\x65\x72\x66\x5f\x65\x76\x65\x6e\x74\
\x5f\x61\x74\x74\x72\0\x63\x6f\x6e\x66\x69\x67\0\x73\x61\x6d\x70\x6c\x65\x5f\
\x74\x79\x70\x65\0\x72\x65\x61\x64\x5f\x66\x6f\x72\x6d\x61\x74\0\x64\x69\x73\
\x61\x62\x6c\x65\x64\0\x69\x6e\x68\x65\x72\x69\x74\0\x70\x69\x6e\x6e\x65\x64\0\
\x65\x78\x63\x6c\x75\x73\x69\x76\x65\0\x65\x78\x63\x6c\x75\x64\x65\x5f\x75\x73\
\x65\x72\0\x65\x78\x63\x6c\x75\x64\x65\x5f\x6b\x65\x72\x6e\x65\x6c\0\x65\x78\
\x63\x6c\x75\x64\x65\x5f\x68\x76\0\x65\x78\x63\x6c\x75\x64\x65\x5f\x69\x64\x6c\
\x65\0\x6d\x6d\x61\x70\0\x66\x72\x65\x71\0\x69\x6e\x68\x65\x72\x69\x74\x5f\x73\
\x74\x61\x74\0\x65\x6e\x61\x62\x6c\x65\x5f\x6f\x6e\x5f\x65\x78\x65\x63\0\x77\
\x61\x74\x65\x72\x6d\x61\x72\x6b\0\x70\x72\x65\x63\x69\x73\x65\x5f\x69\x70\0\
\x6d\x6d\x61\x70\x5f\x64\x61\x74\x61\0\x73\x61\x6d\x70\x6c\x65\x5f\x69\x64\x5f\
\x61\x6c\x6c\0\x65\x78\x63\x6c\x75\x64\x65\x5f\x68\x6f\x73\x74\0\x65\x78\x63\
\x6c\x75\x64\x65\x5f\x67\x75\x65\x73\x74\0\x65\x78\x63\x6c\x75\x64\x65\x5f\x63\
\x61\x6c\x6c\x63\x68\x61\x69\x6e\x5f\x6b\x65\x72\x6e\x65\x6c\0\x65\x78\x63\x6c\
\x75\x64\x65\x5f\x63\x61\x6c\x6c\x63\x68\x61\x69\x6e\x5f\x75\x73\x65\x72\0\x6d\
\x6d\x61\x70\x32\0\x63\x6f\x6d\x6d\x5f\x65\x78\x65\x63\0\x75\x73\x65\x5f\x63\
\x6c\x6f\x63\x6b\x69\x64\0\x63\x6f\x6e\x74\x65\x78\x74\x5f\x73\x77\x69\x74\x63\
\x68\0\x77\x72\x69\x74\x65\x5f\x62\x61\x63\x6b\x77\x61\x72\x64\0\x6e\x61\x6d\
\x65\x73\x70\x61\x63\x65\x73\0\x6b\x73\x79\x6d\x62\x6f\x6c\0\x62\x70\x66\x5f\
\x65\x76\x65\x6e\x74\0\x61\x75\x78\x5f\x6f\x75\x74\x70\x75\x74\0\x63\x67\x72\
\x6f\x75\x70\0\x74\x65\x78\x74\x5f\x70\x6f\x6b\x65\0\x62\x75\x69\x6c\x64\x5f\
\x69\x64\0\x69\x6e\x68\x65\x72\x69\x74\x5f\x74\x68\x72\x65\x61\x64\0\x72\x65\
\x6d\x6f\x76\x65\x5f\x6f\x6e\x5f\x65\x78\x65\x63\0\x73\x69\x67\x74\x72\x61\x70\
\0\x5f\x5f\x72\x65\x73\x65\x72\x76\x65\x64\x5f\x31\0\x62\x70\x5f\x74\x79\x70\
\x65\0\x62\x72\x61\x6e\x63\x68\x5f\x73\x61\x6d\x70\x6c\x65\x5f\x74\x79\x70\x65\
\0\x73\x61\x6d\x70\x6c\x65\x5f\x72\x65\x67\x73\x5f\x75\x73\x65\x72\0\x73\x61\
\x6d\x70\x6c\x65\x5f\x73\x74\x61\x63\x6b\x5f\x75\x73\x65\x72\0\x73\x61\x6d\x70\
\x6c\x65\x5f\x72\x65\x67\x73\x5f\x69\x6e\x74\x72\0\x61\x75\x78\x5f\x77\x61\x74\
\x65\x72\x6d\x61\x72\x6b\0\x73\x61\x6d\x70\x6c\x65\x5f\x6d\x61\x78\x5f\x73\x74\
\x61\x63\x6b\0\x5f\x5f\x72\x65\x73\x65\x72\x76\x65\x64\x5f\x32\0\x61\x75\x78\
\x5f\x73\x61\x6d\x70\x6c\x65\x5f\x73\x69\x7a\x65\0\x5f\x5f\x72\x65\x73\x65\x72\
\x76\x65\x64\x5f\x33\0\x73\x69\x67\x5f\x64\x61\x74\x61\0\x73\x61\x6d\x70\x6c\
\x65\x5f\x70\x65\x72\x69\x6f\x64\0\x73\x61\x6d\x70\x6c\x65\x5f\x66\x72\x65\x71\
\0\x77\x61\x6b\x65\x75\x70\x5f\x65\x76\x65\x6e\x74\x73\0\x77\x61\x6b\x65\x75\
\x70\x5f\x77\x61\x74\x65\x72\x6d\x61\x72\x6b\0\x62\x70\x5f\x61\x64\x64\x72\0\
\x6b\x70\x72\x6f\x62\x65\x5f\x66\x75\x6e\x63\0\x75\x70\x72\x6f\x62\x65\x5f\x70\
\x61\x74\x68\0\x63\x6f\x6e\x66\x69\x67\x31\0\x62\x70\x5f\x6c\x65\x6e\0\x6b\x70\
\x72\x6f\x62\x65\x5f\x61\x64\x64\x72\0\x70\x72\x6f\x62\x65\x5f\x6f\x66\x66\x73\
\x65\x74\0\x63\x6f\x6e\x66\x69\x67\x32\0\x5f\x5f\x73\x33\x32\0\x68\x77\x5f\x70\
\x65\x72\x66\x5f\x65\x76\x65\x6e\x74\0\x74\x61\x72\x67\x65\x74\0\x70\x72\x65\
\x76\x5f\x63\x6f\x75\x6e\x74\0\x69\x6e\x74\x65\x72\x72\x75\x70\x74\x73\x5f\x73\
\x65\x71\0\x69\x6e\x74\x65\x72\x72\x75\x70\x74\x73\0\x66\x72\x65\x71\x5f\x74\
\x69\x6d\x65\x5f\x73\x74\x61\x6d\x70\0\x66\x72\x65\x71\x5f\x63\x6f\x75\x6e\x74\
\x5f\x73\x74\x61\x6d\x70\0\x6c\x61\x73\x74\x5f\x74\x61\x67\0\x63\x6f\x6e\x66\
\x69\x67\x5f\x62\x61\x73\x65\0\x65\x76\x65\x6e\x74\x5f\x62\x61\x73\x65\0\x65\
\x76\x65\x6e\x74\x5f\x62\x61\x73\x65\x5f\x72\x64\x70\x6d\x63\0\x69\x64\x78\0\
\x6c\x61\x73\x74\x5f\x63\x70\x75\0\x65\x78\x74\x72\x61\x5f\x72\x65\x67\0\x62\
\x72\x61\x6e\x63\x68\x5f\x72\x65\x67\0\x68\x77\x5f\x70\x65\x72\x66\x5f\x65\x76\
\x65\x6e\x74\x5f\x65\x78\x74\x72\x61\0\x72\x65\x67\0\x61\x6c\x6c\x6f\x63\0\x74\
\x70\x5f\x6c\x69\x73\x74\0\x70\x77\x72\x5f\x61\x63\x63\0\x70\x74\x73\x63\0\x69\
\x6e\x66\x6f\0\x62\x70\x5f\x6c\x69\x73\x74\0\x61\x72\x63\x68\x5f\x68\x77\x5f\
\x62\x72\x65\x61\x6b\x70\x6f\x69\x6e\x74\0\x61\x64\x64\x72\x65\x73\x73\0\x6d\
\x61\x73\x6b\0\x69\x6f\x6d\x6d\x75\x5f\x62\x61\x6e\x6b\0\x69\x6f\x6d\x6d\x75\
\x5f\x63\x6e\x74\x72\0\x70\x61\x64\x64\x69\x6e\x67\0\x63\x6f\x6e\x66\0\x63\x6f\
\x6e\x66\x31\0\x6c\x61\x73\x74\x5f\x70\x65\x72\x69\x6f\x64\0\x70\x65\x72\x69\
\x6f\x64\x5f\x6c\x65\x66\x74\0\x73\x61\x76\x65\x64\x5f\x6d\x65\x74\x72\x69\x63\
\0\x73\x61\x76\x65\x64\x5f\x73\x6c\x6f\x74\x73\0\x77\x61\x69\x74\x5f\x71\x75\
\x65\x75\x65\x5f\x68\x65\x61\x64\x5f\x74\0\x77\x61\x69\x74\x5f\x71\x75\x65\x75\
\x65\x5f\x68\x65\x61\x64\0\x68\x65\x61\x64\0\x69\x72\x71\x5f\x77\x6f\x72\x6b\0\
\x70\x65\x72\x66\x5f\x61\x64\x64\x72\x5f\x66\x69\x6c\x74\x65\x72\x73\x5f\x68\
\x65\x61\x64\0\x6e\x72\x5f\x66\x69\x6c\x65\x5f\x66\x69\x6c\x74\x65\x72\x73\0\
\x70\x65\x72\x66\x5f\x6f\x76\x65\x72\x66\x6c\x6f\x77\x5f\x68\x61\x6e\x64\x6c\
\x65\x72\x5f\x74\0\x70\x65\x72\x66\x5f\x73\x61\x6d\x70\x6c\x65\x5f\x64\x61\x74\
\x61\0\x61\x64\x64\x72\0\x72\x61\x77\0\x62\x72\x5f\x73\x74\x61\x63\x6b\0\x70\
\x65\x72\x69\x6f\x64\0\x74\x78\x6e\0\x64\x61\x74\x61\x5f\x73\x72\x63\0\x74\x69\
\x64\x5f\x65\x6e\x74\x72\x79\0\x73\x74\x72\x65\x61\x6d\x5f\x69\x64\0\x63\x70\
\x75\x5f\x65\x6e\x74\x72\x79\0\x63\x61\x6c\x6c\x63\x68\x61\x69\x6e\0\x61\x75\
\x78\x5f\x73\x69\x7a\x65\0\x72\x65\x67\x73\x5f\x75\x73\x65\x72\0\x72\x65\x67\
\x73\x5f\x69\x6e\x74\x72\0\x73\x74\x61\x63\x6b\x5f\x75\x73\x65\x72\x5f\x73\x69\
\x7a\x65\0\x70\x68\x79\x73\x5f\x61\x64\x64\x72\0\x64\x61\x74\x61\x5f\x70\x61\
\x67\x65\x5f\x73\x69\x7a\x65\0\x63\x6f\x64\x65\x5f\x70\x61\x67\x65\x5f\x73\x69\
\x7a\x65\0\x70\x65\x72\x66\x5f\x73\x61\x6d\x70\x6c\x65\x5f\x77\x65\x69\x67\x68\
\x74\0\x66\x75\x6c\x6c\0\x76\x61\x72\x31\x5f\x64\x77\0\x76\x61\x72\x32\x5f\x77\
\0\x76\x61\x72\x33\x5f\x77\0\x70\x65\x72\x66\x5f\x6d\x65\x6d\x5f\x64\x61\x74\
\x61\x5f\x73\x72\x63\0\x6d\x65\x6d\x5f\x6f\x70\0\x6d\x65\x6d\x5f\x6c\x76\x6c\0\
\x6d\x65\x6d\x5f\x73\x6e\x6f\x6f\x70\0\x6d\x65\x6d\x5f\x6c\x6f\x63\x6b\0\x6d\
\x65\x6d\x5f\x64\x74\x6c\x62\0\x6d\x65\x6d\x5f\x6c\x76\x6c\x5f\x6e\x75\x6d\0\
\x6d\x65\x6d\x5f\x72\x65\x6d\x6f\x74\x65\0\x6d\x65\x6d\x5f\x73\x6e\x6f\x6f\x70\
\x78\0\x6d\x65\x6d\x5f\x62\x6c\x6b\0\x6d\x65\x6d\x5f\x72\x73\x76\x64\0\x74\x69\
\x64\0\x72\x65\x73\x65\x72\x76\x65\x64\0\x70\x65\x72\x66\x5f\x72\x65\x67\x73\0\
\x61\x62\x69\0\x72\x65\x67\x73\0\x70\x72\x69\x76\x61\x74\x65\0\x73\x61\x76\x65\
\x64\x5f\x66\x75\x6e\x63\0\x6c\x6f\x63\x61\x6c\x5f\x68\x61\x73\x68\0\x66\x75\
\x6e\x63\x5f\x68\x61\x73\x68\0\x6f\x6c\x64\x5f\x68\x61\x73\x68\0\x74\x72\x61\
\x6d\x70\x6f\x6c\x69\x6e\x65\0\x74\x72\x61\x6d\x70\x6f\x6c\x69\x6e\x65\x5f\x73\
\x69\x7a\x65\0\x66\x74\x72\x61\x63\x65\x5f\x66\x75\x6e\x63\x5f\x74\0\x66\x74\
\x72\x61\x63\x65\x5f\x72\x65\x67\x73\0\x66\x74\x72\x61\x63\x65\x5f\x6f\x70\x73\
\x5f\x68\x61\x73\x68\0\x6e\x6f\x74\x72\x61\x63\x65\x5f\x68\x61\x73\x68\0\x66\
\x69\x6c\x74\x65\x72\x5f\x68\x61\x73\x68\0\x72\x65\x67\x65\x78\x5f\x6c\x6f\x63\
\x6b\0\x61\x76\x78\x35\x31\x32\x5f\x74\x69\x6d\x65\x73\x74\x61\x6d\x70\0\x66\
\x70\x72\x65\x67\x73\x5f\x73\x74\x61\x74\x65\0\x66\x73\x61\x76\x65\0\x66\x78\
\x73\x61\x76\x65\0\x73\x6f\x66\x74\0\x78\x73\x61\x76\x65\0\x5f\x5f\x70\x61\x64\
\x64\x69\x6e\x67\0\x66\x72\x65\x67\x73\x5f\x73\x74\x61\x74\x65\0\x63\x77\x64\0\
\x73\x77\x64\0\x74\x77\x64\0\x66\x69\x70\0\x66\x63\x73\0\x66\x6f\x6f\0\x66\x6f\
\x73\0\x73\x74\x5f\x73\x70\x61\x63\x65\0\x66\x78\x72\x65\x67\x73\x5f\x73\x74\
\x61\x74\x65\0\x66\x6f\x70\0\x6d\x78\x63\x73\x72\0\x6d\x78\x63\x73\x72\x5f\x6d\
\x61\x73\x6b\0\x78\x6d\x6d\x5f\x73\x70\x61\x63\x65\0\x72\x69\x70\0\x72\x64\x70\
\0\x70\x61\x64\x64\x69\x6e\x67\x31\0\x73\x77\x5f\x72\x65\x73\x65\x72\x76\x65\
\x64\0\x73\x77\x72\x65\x67\x73\x5f\x73\x74\x61\x74\x65\0\x66\x74\x6f\x70\0\x63\
\x68\x61\x6e\x67\x65\x64\0\x6c\x6f\x6f\x6b\x61\x68\x65\x61\x64\0\x6e\x6f\x5f\
\x75\x70\x64\x61\x74\x65\0\x72\x6d\0\x61\x6c\x69\x6d\x69\x74\0\x65\x6e\x74\x72\
\x79\x5f\x65\x69\x70\0\x78\x72\x65\x67\x73\x5f\x73\x74\x61\x74\x65\0\x69\x33\
\x38\x37\0\x68\x65\x61\x64\x65\x72\0\x65\x78\x74\x65\x6e\x64\x65\x64\x5f\x73\
\x74\x61\x74\x65\x5f\x61\x72\x65\x61\0\x78\x73\x74\x61\x74\x65\x5f\x68\x65\x61\
\x64\x65\x72\0\x78\x66\x65\x61\x74\x75\x72\x65\x73\0\x78\x63\x6f\x6d\x70\x5f\
\x62\x76\0\x30\x3a\x34\0\x2f\x62\x75\x69\x6c\x64\x2f\x61\x6d\x64\x36\x34\x2d\
\x67\x65\x6e\x65\x72\x69\x63\x2f\x74\x6d\x70\x2f\x70\x6f\x72\x74\x61\x67\x65\
\x2f\x63\x68\x72\x6f\x6d\x65\x6f\x73\x2d\x62\x61\x73\x65\x2f\x73\x65\x63\x61\
\x67\x65\x6e\x74\x64\x2d\x39\x39\x39\x39\x2f\x77\x6f\x72\x6b\x2f\x73\x65\x63\
\x61\x67\x65\x6e\x74\x64\x2d\x39\x39\x39\x39\x2f\x70\x6c\x61\x74\x66\x6f\x72\
\x6d\x32\x2f\x73\x65\x63\x61\x67\x65\x6e\x74\x64\x2f\x62\x70\x66\x2f\x62\x70\
\x66\x5f\x75\x74\x69\x6c\x73\x2e\x68\0\x20\x20\x72\x65\x74\x75\x72\x6e\x20\x28\
\x42\x50\x46\x5f\x43\x4f\x52\x45\x5f\x52\x45\x41\x44\x28\x74\x2c\x20\x66\x6c\
\x61\x67\x73\x29\x20\x26\x20\x30\x78\x30\x30\x32\x30\x30\x30\x30\x30\x29\x3b\0\
\x20\x20\x69\x66\x20\x28\x69\x73\x5f\x6b\x74\x68\x72\x65\x61\x64\x28\x74\x29\
\x29\x20\x7b\0\x20\x20\x20\x20\x20\x20\x28\x73\x74\x72\x75\x63\x74\x20\x63\x72\
\x6f\x73\x5f\x65\x76\x65\x6e\x74\x2a\x29\x28\x62\x70\x66\x5f\x72\x69\x6e\x67\
\x62\x75\x66\x5f\x72\x65\x73\x65\x72\x76\x65\x28\x26\x72\x62\x2c\x20\x73\x69\
\x7a\x65\x6f\x66\x28\x2a\x65\x76\x65\x6e\x74\x29\x2c\x20\x30\x29\x29\x3b\0\x20\
\x20\x69\x66\x20\x28\x65\x76\x65\x6e\x74\x20\x3d\x3d\x20\x4e\x55\x4c\x4c\x29\
\x20\x7b\0\x73\x6f\x63\x6b\x65\x74\0\x66\x69\x6c\x65\0\x73\x6b\0\x6f\x70\x73\0\
\x77\x71\0\x73\x6f\x63\x6b\x65\x74\x5f\x73\x74\x61\x74\x65\0\x53\x53\x5f\x46\
\x52\x45\x45\0\x53\x53\x5f\x55\x4e\x43\x4f\x4e\x4e\x45\x43\x54\x45\x44\0\x53\
\x53\x5f\x43\x4f\x4e\x4e\x45\x43\x54\x49\x4e\x47\0\x53\x53\x5f\x43\x4f\x4e\x4e\
\x45\x43\x54\x45\x44\0\x53\x53\x5f\x44\x49\x53\x43\x4f\x4e\x4e\x45\x43\x54\x49\
\x4e\x47\0\x73\x68\x6f\x72\x74\0\x73\x6f\x63\x6b\x65\x74\x5f\x77\x71\0\x77\x61\
\x69\x74\0\x66\x61\x73\x79\x6e\x63\x5f\x6c\x69\x73\x74\0\x20\x20\x73\x74\x72\
\x75\x63\x74\x20\x73\x6f\x63\x6b\x2a\x20\x73\x6b\x20\x3d\x20\x42\x50\x46\x5f\
\x43\x4f\x52\x45\x5f\x52\x45\x41\x44\x28\x73\x6f\x63\x6b\x65\x74\x2c\x20\x73\
\x6b\x29\x3b\0\x20\x20\x65\x76\x65\x6e\x74\x2d\x3e\x64\x61\x74\x61\x2e\x6e\x65\
\x74\x77\x6f\x72\x6b\x5f\x65\x76\x65\x6e\x74\x2e\x74\x79\x70\x65\x20\x3d\x20\
\x6b\x4e\x65\x74\x77\x6f\x72\x6b\x53\x6f\x63\x6b\x65\x74\x4c\x69\x73\x74\x65\
\x6e\x3b\0\x20\x20\x65\x76\x65\x6e\x74\x2d\x3e\x74\x79\x70\x65\x20\x3d\x20\x6b\
\x4e\x65\x74\x77\x6f\x72\x6b\x45\x76\x65\x6e\x74\x3b\0\x20\x20\x73\x74\x72\x75\
\x63\x74\x20\x73\x6f\x63\x6b\x2a\x20\x73\x6b\x20\x3d\x20\x42\x50\x46\x5f\x43\
\x4f\x52\x45\x5f\x52\x45\x41\x44\x28\x73\x6f\x63\x6b\x2c\x20\x73\x6b\x29\x3b\0\
\x30\x3a\x31\0\x20\x20\x69\x6e\x74\x20\x73\x6f\x63\x6b\x65\x74\x5f\x74\x79\x70\
\x65\x20\x3d\x20\x42\x50\x46\x5f\x43\x4f\x52\x45\x5f\x52\x45\x41\x44\x28\x73\
\x6f\x63\x6b\x2c\x20\x74\x79\x70\x65\x29\x3b\0\x5f\x5f\x73\x6b\x5f\x63\x6f\x6d\
\x6d\x6f\x6e\0\x73\x6b\x5f\x6c\x6f\x63\x6b\0\x73\x6b\x5f\x64\x72\x6f\x70\x73\0\
\x73\x6b\x5f\x72\x63\x76\x6c\x6f\x77\x61\x74\0\x73\x6b\x5f\x65\x72\x72\x6f\x72\
\x5f\x71\x75\x65\x75\x65\0\x73\x6b\x5f\x72\x78\x5f\x73\x6b\x62\x5f\x63\x61\x63\
\x68\x65\0\x73\x6b\x5f\x72\x65\x63\x65\x69\x76\x65\x5f\x71\x75\x65\x75\x65\0\
\x73\x6b\x5f\x62\x61\x63\x6b\x6c\x6f\x67\0\x73\x6b\x5f\x66\x6f\x72\x77\x61\x72\
\x64\x5f\x61\x6c\x6c\x6f\x63\0\x73\x6b\x5f\x6c\x6c\x5f\x75\x73\x65\x63\0\x73\
\x6b\x5f\x6e\x61\x70\x69\x5f\x69\x64\0\x73\x6b\x5f\x72\x63\x76\x62\x75\x66\0\
\x73\x6b\x5f\x77\x61\x69\x74\x5f\x70\x65\x6e\x64\x69\x6e\x67\0\x73\x6b\x5f\x66\
\x69\x6c\x74\x65\x72\0\x73\x6b\x5f\x70\x6f\x6c\x69\x63\x79\0\x73\x6b\x5f\x72\
\x78\x5f\x64\x73\x74\0\x73\x6b\x5f\x72\x78\x5f\x64\x73\x74\x5f\x69\x66\x69\x6e\
\x64\x65\x78\0\x73\x6b\x5f\x72\x78\x5f\x64\x73\x74\x5f\x63\x6f\x6f\x6b\x69\x65\
\0\x73\x6b\x5f\x64\x73\x74\x5f\x63\x61\x63\x68\x65\0\x73\x6b\x5f\x6f\x6d\x65\
\x6d\x5f\x61\x6c\x6c\x6f\x63\0\x73\x6b\x5f\x73\x6e\x64\x62\x75\x66\0\x73\x6b\
\x5f\x77\x6d\x65\x6d\x5f\x71\x75\x65\x75\x65\x64\0\x73\x6b\x5f\x77\x6d\x65\x6d\
\x5f\x61\x6c\x6c\x6f\x63\0\x73\x6b\x5f\x74\x73\x71\x5f\x66\x6c\x61\x67\x73\0\
\x73\x6b\x5f\x74\x78\x5f\x73\x6b\x62\x5f\x63\x61\x63\x68\x65\0\x73\x6b\x5f\x77\
\x72\x69\x74\x65\x5f\x71\x75\x65\x75\x65\0\x73\x6b\x5f\x70\x65\x65\x6b\x5f\x6f\
\x66\x66\0\x73\x6b\x5f\x77\x72\x69\x74\x65\x5f\x70\x65\x6e\x64\x69\x6e\x67\0\
\x73\x6b\x5f\x64\x73\x74\x5f\x70\x65\x6e\x64\x69\x6e\x67\x5f\x63\x6f\x6e\x66\
\x69\x72\x6d\0\x73\x6b\x5f\x70\x61\x63\x69\x6e\x67\x5f\x73\x74\x61\x74\x75\x73\
\0\x73\x6b\x5f\x73\x6e\x64\x74\x69\x6d\x65\x6f\0\x73\x6b\x5f\x74\x69\x6d\x65\
\x72\0\x73\x6b\x5f\x70\x72\x69\x6f\x72\x69\x74\x79\0\x73\x6b\x5f\x6d\x61\x72\
\x6b\0\x73\x6b\x5f\x70\x61\x63\x69\x6e\x67\x5f\x72\x61\x74\x65\0\x73\x6b\x5f\
\x6d\x61\x78\x5f\x70\x61\x63\x69\x6e\x67\x5f\x72\x61\x74\x65\0\x73\x6b\x5f\x66\
\x72\x61\x67\0\x73\x6b\x5f\x72\x6f\x75\x74\x65\x5f\x63\x61\x70\x73\0\x73\x6b\
\x5f\x72\x6f\x75\x74\x65\x5f\x6e\x6f\x63\x61\x70\x73\0\x73\x6b\x5f\x72\x6f\x75\
\x74\x65\x5f\x66\x6f\x72\x63\x65\x64\x5f\x63\x61\x70\x73\0\x73\x6b\x5f\x67\x73\
\x6f\x5f\x74\x79\x70\x65\0\x73\x6b\x5f\x67\x73\x6f\x5f\x6d\x61\x78\x5f\x73\x69\
\x7a\x65\0\x73\x6b\x5f\x61\x6c\x6c\x6f\x63\x61\x74\x69\x6f\x6e\0\x73\x6b\x5f\
\x74\x78\x68\x61\x73\x68\0\x73\x6b\x5f\x70\x61\x64\x64\x69\x6e\x67\0\x73\x6b\
\x5f\x6b\x65\x72\x6e\x5f\x73\x6f\x63\x6b\0\x73\x6b\x5f\x6e\x6f\x5f\x63\x68\x65\
\x63\x6b\x5f\x74\x78\0\x73\x6b\x5f\x6e\x6f\x5f\x63\x68\x65\x63\x6b\x5f\x72\x78\
\0\x73\x6b\x5f\x75\x73\x65\x72\x6c\x6f\x63\x6b\x73\0\x73\x6b\x5f\x70\x61\x63\
\x69\x6e\x67\x5f\x73\x68\x69\x66\x74\0\x73\x6b\x5f\x74\x79\x70\x65\0\x73\x6b\
\x5f\x70\x72\x6f\x74\x6f\x63\x6f\x6c\0\x73\x6b\x5f\x67\x73\x6f\x5f\x6d\x61\x78\
\x5f\x73\x65\x67\x73\0\x73\x6b\x5f\x6c\x69\x6e\x67\x65\x72\x74\x69\x6d\x65\0\
\x73\x6b\x5f\x70\x72\x6f\x74\x5f\x63\x72\x65\x61\x74\x6f\x72\0\x73\x6b\x5f\x63\
\x61\x6c\x6c\x62\x61\x63\x6b\x5f\x6c\x6f\x63\x6b\0\x73\x6b\x5f\x65\x72\x72\0\
\x73\x6b\x5f\x65\x72\x72\x5f\x73\x6f\x66\x74\0\x73\x6b\x5f\x61\x63\x6b\x5f\x62\
\x61\x63\x6b\x6c\x6f\x67\0\x73\x6b\x5f\x6d\x61\x78\x5f\x61\x63\x6b\x5f\x62\x61\
\x63\x6b\x6c\x6f\x67\0\x73\x6b\x5f\x75\x69\x64\0\x73\x6b\x5f\x70\x72\x65\x66\
\x65\x72\x5f\x62\x75\x73\x79\x5f\x70\x6f\x6c\x6c\0\x73\x6b\x5f\x62\x75\x73\x79\
\x5f\x70\x6f\x6c\x6c\x5f\x62\x75\x64\x67\x65\x74\0\x73\x6b\x5f\x70\x65\x65\x72\
\x5f\x6c\x6f\x63\x6b\0\x73\x6b\x5f\x70\x65\x65\x72\x5f\x70\x69\x64\0\x73\x6b\
\x5f\x70\x65\x65\x72\x5f\x63\x72\x65\x64\0\x73\x6b\x5f\x72\x63\x76\x74\x69\x6d\
\x65\x6f\0\x73\x6b\x5f\x73\x74\x61\x6d\x70\0\x73\x6b\x5f\x74\x73\x66\x6c\x61\
\x67\x73\0\x73\x6b\x5f\x62\x69\x6e\x64\x5f\x70\x68\x63\0\x73\x6b\x5f\x73\x68\
\x75\x74\x64\x6f\x77\x6e\0\x73\x6b\x5f\x74\x73\x6b\x65\x79\0\x73\x6b\x5f\x7a\
\x63\x6b\x65\x79\0\x73\x6b\x5f\x63\x6c\x6f\x63\x6b\x69\x64\0\x73\x6b\x5f\x74\
\x78\x74\x69\x6d\x65\x5f\x64\x65\x61\x64\x6c\x69\x6e\x65\x5f\x6d\x6f\x64\x65\0\
\x73\x6b\x5f\x74\x78\x74\x69\x6d\x65\x5f\x72\x65\x70\x6f\x72\x74\x5f\x65\x72\
\x72\x6f\x72\x73\0\x73\x6b\x5f\x74\x78\x74\x69\x6d\x65\x5f\x75\x6e\x75\x73\x65\
\x64\0\x73\x6b\x5f\x73\x6f\x63\x6b\x65\x74\0\x73\x6b\x5f\x75\x73\x65\x72\x5f\
\x64\x61\x74\x61\0\x73\x6b\x5f\x73\x65\x63\x75\x72\x69\x74\x79\0\x73\x6b\x5f\
\x63\x67\x72\x70\x5f\x64\x61\x74\x61\0\x73\x6b\x5f\x6d\x65\x6d\x63\x67\0\x73\
\x6b\x5f\x73\x74\x61\x74\x65\x5f\x63\x68\x61\x6e\x67\x65\0\x73\x6b\x5f\x64\x61\
\x74\x61\x5f\x72\x65\x61\x64\x79\0\x73\x6b\x5f\x77\x72\x69\x74\x65\x5f\x73\x70\
\x61\x63\x65\0\x73\x6b\x5f\x65\x72\x72\x6f\x72\x5f\x72\x65\x70\x6f\x72\x74\0\
\x73\x6b\x5f\x62\x61\x63\x6b\x6c\x6f\x67\x5f\x72\x63\x76\0\x73\x6b\x5f\x64\x65\
\x73\x74\x72\x75\x63\x74\0\x73\x6b\x5f\x72\x65\x75\x73\x65\x70\x6f\x72\x74\x5f\
\x63\x62\0\x73\x6b\x5f\x62\x70\x66\x5f\x73\x74\x6f\x72\x61\x67\x65\0\x73\x6b\
\x5f\x72\x63\x75\0\x73\x6f\x63\x6b\x5f\x63\x6f\x6d\x6d\x6f\x6e\0\x73\x6b\x63\
\x5f\x66\x61\x6d\x69\x6c\x79\0\x73\x6b\x63\x5f\x73\x74\x61\x74\x65\0\x73\x6b\
\x63\x5f\x72\x65\x75\x73\x65\0\x73\x6b\x63\x5f\x72\x65\x75\x73\x65\x70\x6f\x72\
\x74\0\x73\x6b\x63\x5f\x69\x70\x76\x36\x6f\x6e\x6c\x79\0\x73\x6b\x63\x5f\x6e\
\x65\x74\x5f\x72\x65\x66\x63\x6e\x74\0\x73\x6b\x63\x5f\x62\x6f\x75\x6e\x64\x5f\
\x64\x65\x76\x5f\x69\x66\0\x73\x6b\x63\x5f\x70\x72\x6f\x74\0\x73\x6b\x63\x5f\
\x6e\x65\x74\0\x73\x6b\x63\x5f\x76\x36\x5f\x64\x61\x64\x64\x72\0\x73\x6b\x63\
\x5f\x76\x36\x5f\x72\x63\x76\x5f\x73\x61\x64\x64\x72\0\x73\x6b\x63\x5f\x63\x6f\
\x6f\x6b\x69\x65\0\x73\x6b\x63\x5f\x64\x6f\x6e\x74\x63\x6f\x70\x79\x5f\x62\x65\
\x67\x69\x6e\0\x73\x6b\x63\x5f\x74\x78\x5f\x71\x75\x65\x75\x65\x5f\x6d\x61\x70\
\x70\x69\x6e\x67\0\x73\x6b\x63\x5f\x72\x78\x5f\x71\x75\x65\x75\x65\x5f\x6d\x61\
\x70\x70\x69\x6e\x67\0\x73\x6b\x63\x5f\x72\x65\x66\x63\x6e\x74\0\x73\x6b\x63\
\x5f\x64\x6f\x6e\x74\x63\x6f\x70\x79\x5f\x65\x6e\x64\0\x73\x6b\x63\x5f\x61\x64\
\x64\x72\x70\x61\x69\x72\0\x5f\x5f\x61\x64\x64\x72\x70\x61\x69\x72\0\x73\x6b\
\x63\x5f\x64\x61\x64\x64\x72\0\x73\x6b\x63\x5f\x72\x63\x76\x5f\x73\x61\x64\x64\
\x72\0\x5f\x5f\x62\x65\x33\x32\0\x73\x6b\x63\x5f\x68\x61\x73\x68\0\x73\x6b\x63\
\x5f\x75\x31\x36\x68\x61\x73\x68\x65\x73\0\x73\x6b\x63\x5f\x70\x6f\x72\x74\x70\
\x61\x69\x72\0\x5f\x5f\x70\x6f\x72\x74\x70\x61\x69\x72\0\x73\x6b\x63\x5f\x64\
\x70\x6f\x72\x74\0\x73\x6b\x63\x5f\x6e\x75\x6d\0\x5f\x5f\x62\x65\x31\x36\0\x73\
\x6b\x63\x5f\x62\x69\x6e\x64\x5f\x6e\x6f\x64\x65\0\x73\x6b\x63\x5f\x70\x6f\x72\
\x74\x61\x64\x64\x72\x5f\x6e\x6f\x64\x65\0\x70\x6f\x73\x73\x69\x62\x6c\x65\x5f\
\x6e\x65\x74\x5f\x74\0\x6e\x65\x74\0\x69\x6e\x36\x5f\x61\x64\x64\x72\0\x69\x6e\
\x36\x5f\x75\0\x75\x36\x5f\x61\x64\x64\x72\x38\0\x75\x36\x5f\x61\x64\x64\x72\
\x31\x36\0\x75\x36\x5f\x61\x64\x64\x72\x33\x32\0\x73\x6b\x63\x5f\x66\x6c\x61\
\x67\x73\0\x73\x6b\x63\x5f\x6c\x69\x73\x74\x65\x6e\x65\x72\0\x73\x6b\x63\x5f\
\x74\x77\x5f\x64\x72\0\x73\x6b\x63\x5f\x6e\x6f\x64\x65\0\x73\x6b\x63\x5f\x6e\
\x75\x6c\x6c\x73\x5f\x6e\x6f\x64\x65\0\x68\x6c\x69\x73\x74\x5f\x6e\x75\x6c\x6c\
\x73\x5f\x6e\x6f\x64\x65\0\x73\x6b\x63\x5f\x69\x6e\x63\x6f\x6d\x69\x6e\x67\x5f\
\x63\x70\x75\0\x73\x6b\x63\x5f\x72\x63\x76\x5f\x77\x6e\x64\0\x73\x6b\x63\x5f\
\x74\x77\x5f\x72\x63\x76\x5f\x6e\x78\x74\0\x73\x6b\x63\x5f\x72\x78\x68\x61\x73\
\x68\0\x73\x6b\x63\x5f\x77\x69\x6e\x64\x6f\x77\x5f\x63\x6c\x61\x6d\x70\0\x73\
\x6b\x63\x5f\x74\x77\x5f\x73\x6e\x64\x5f\x6e\x78\x74\0\x73\x6f\x63\x6b\x65\x74\
\x5f\x6c\x6f\x63\x6b\x5f\x74\0\x73\x6c\x6f\x63\x6b\0\x6f\x77\x6e\x65\x64\0\x73\
\x6b\x5f\x62\x75\x66\x66\x5f\x68\x65\x61\x64\0\x71\x6c\x65\x6e\0\x72\x6d\x65\
\x6d\x5f\x61\x6c\x6c\x6f\x63\0\x73\x6b\x5f\x77\x71\0\x73\x6b\x5f\x77\x71\x5f\
\x72\x61\x77\0\x78\x66\x72\x6d\x5f\x70\x6f\x6c\x69\x63\x79\0\x78\x70\x5f\x6e\
\x65\x74\0\x62\x79\x64\x73\x74\0\x62\x79\x69\x64\x78\0\x72\x65\x66\x63\x6e\x74\
\0\x70\x6f\x73\0\x74\x69\x6d\x65\x72\0\x67\x65\x6e\x69\x64\0\x70\x72\x69\x6f\
\x72\x69\x74\x79\0\x69\x66\x5f\x69\x64\0\x6d\x61\x72\x6b\0\x6c\x66\x74\0\x63\
\x75\x72\x6c\x66\x74\0\x77\x61\x6c\x6b\0\x70\x6f\x6c\x71\0\x62\x79\x64\x73\x74\
\x5f\x72\x65\x69\x6e\x73\x65\x72\x74\0\x61\x63\x74\x69\x6f\x6e\0\x78\x66\x72\
\x6d\x5f\x6e\x72\0\x78\x66\x72\x6d\x5f\x76\x65\x63\0\x62\x79\x64\x73\x74\x5f\
\x69\x6e\x65\x78\x61\x63\x74\x5f\x6c\x69\x73\x74\0\x72\x77\x6c\x6f\x63\x6b\x5f\
\x74\0\x61\x72\x63\x68\x5f\x72\x77\x6c\x6f\x63\x6b\x5f\x74\0\x71\x72\x77\x6c\
\x6f\x63\x6b\0\x63\x6e\x74\x73\0\x77\x6c\x6f\x63\x6b\x65\x64\0\x5f\x5f\x6c\x73\
\x74\x61\x74\x65\0\x78\x66\x72\x6d\x5f\x6d\x61\x72\x6b\0\x76\0\x6d\0\x78\x66\
\x72\x6d\x5f\x73\x65\x6c\x65\x63\x74\x6f\x72\0\x64\x61\x64\x64\x72\0\x73\x61\
\x64\x64\x72\0\x64\x70\x6f\x72\x74\0\x64\x70\x6f\x72\x74\x5f\x6d\x61\x73\x6b\0\
\x73\x70\x6f\x72\x74\0\x73\x70\x6f\x72\x74\x5f\x6d\x61\x73\x6b\0\x70\x72\x65\
\x66\x69\x78\x6c\x65\x6e\x5f\x64\0\x70\x72\x65\x66\x69\x78\x6c\x65\x6e\x5f\x73\
\0\x70\x72\x6f\x74\x6f\0\x69\x66\x69\x6e\x64\x65\x78\0\x78\x66\x72\x6d\x5f\x61\
\x64\x64\x72\x65\x73\x73\x5f\x74\0\x61\x34\0\x61\x36\0\x69\x6e\x36\0\x78\x66\
\x72\x6d\x5f\x6c\x69\x66\x65\x74\x69\x6d\x65\x5f\x63\x66\x67\0\x73\x6f\x66\x74\
\x5f\x62\x79\x74\x65\x5f\x6c\x69\x6d\x69\x74\0\x68\x61\x72\x64\x5f\x62\x79\x74\
\x65\x5f\x6c\x69\x6d\x69\x74\0\x73\x6f\x66\x74\x5f\x70\x61\x63\x6b\x65\x74\x5f\
\x6c\x69\x6d\x69\x74\0\x68\x61\x72\x64\x5f\x70\x61\x63\x6b\x65\x74\x5f\x6c\x69\
\x6d\x69\x74\0\x73\x6f\x66\x74\x5f\x61\x64\x64\x5f\x65\x78\x70\x69\x72\x65\x73\
\x5f\x73\x65\x63\x6f\x6e\x64\x73\0\x68\x61\x72\x64\x5f\x61\x64\x64\x5f\x65\x78\
\x70\x69\x72\x65\x73\x5f\x73\x65\x63\x6f\x6e\x64\x73\0\x73\x6f\x66\x74\x5f\x75\
\x73\x65\x5f\x65\x78\x70\x69\x72\x65\x73\x5f\x73\x65\x63\x6f\x6e\x64\x73\0\x68\
\x61\x72\x64\x5f\x75\x73\x65\x5f\x65\x78\x70\x69\x72\x65\x73\x5f\x73\x65\x63\
\x6f\x6e\x64\x73\0\x78\x66\x72\x6d\x5f\x6c\x69\x66\x65\x74\x69\x6d\x65\x5f\x63\
\x75\x72\0\x62\x79\x74\x65\x73\0\x70\x61\x63\x6b\x65\x74\x73\0\x61\x64\x64\x5f\
\x74\x69\x6d\x65\0\x75\x73\x65\x5f\x74\x69\x6d\x65\0\x78\x66\x72\x6d\x5f\x70\
\x6f\x6c\x69\x63\x79\x5f\x77\x61\x6c\x6b\x5f\x65\x6e\x74\x72\x79\0\x61\x6c\x6c\
\0\x64\x65\x61\x64\0\x78\x66\x72\x6d\x5f\x70\x6f\x6c\x69\x63\x79\x5f\x71\x75\
\x65\x75\x65\0\x68\x6f\x6c\x64\x5f\x71\x75\x65\x75\x65\0\x68\x6f\x6c\x64\x5f\
\x74\x69\x6d\x65\x72\0\x78\x66\x72\x6d\x5f\x74\x6d\x70\x6c\0\x65\x6e\x63\x61\
\x70\x5f\x66\x61\x6d\x69\x6c\x79\0\x72\x65\x71\x69\x64\0\x73\x68\x61\x72\x65\0\
\x6f\x70\x74\x69\x6f\x6e\x61\x6c\0\x61\x6c\x6c\x61\x6c\x67\x73\0\x61\x61\x6c\
\x67\x6f\x73\0\x65\x61\x6c\x67\x6f\x73\0\x63\x61\x6c\x67\x6f\x73\0\x78\x66\x72\
\x6d\x5f\x69\x64\0\x73\x70\x69\0\x73\x6b\x5f\x73\x65\x6e\x64\x5f\x68\x65\x61\
\x64\0\x74\x63\x70\x5f\x72\x74\x78\x5f\x71\x75\x65\x75\x65\0\x6e\x65\x74\x64\
\x65\x76\x5f\x66\x65\x61\x74\x75\x72\x65\x73\x5f\x74\0\x67\x66\x70\x5f\x74\0\
\x73\x6f\x63\x6b\x5f\x63\x67\x72\x6f\x75\x70\x5f\x64\x61\x74\x61\0\x63\x6c\x61\
\x73\x73\x69\x64\0\x6d\x65\x6d\x5f\x63\x67\x72\x6f\x75\x70\0\x73\x6b\x5f\x62\
\x75\x66\x66\0\x63\x62\0\x5f\x6e\x66\x63\x74\0\x64\x61\x74\x61\x5f\x6c\x65\x6e\
\0\x6d\x61\x63\x5f\x6c\x65\x6e\0\x68\x64\x72\x5f\x6c\x65\x6e\0\x71\x75\x65\x75\
\x65\x5f\x6d\x61\x70\x70\x69\x6e\x67\0\x5f\x5f\x63\x6c\x6f\x6e\x65\x64\x5f\x6f\
\x66\x66\x73\x65\x74\0\x63\x6c\x6f\x6e\x65\x64\0\x6e\x6f\x68\x64\x72\0\x66\x63\
\x6c\x6f\x6e\x65\0\x70\x65\x65\x6b\x65\x64\0\x68\x65\x61\x64\x5f\x66\x72\x61\
\x67\0\x70\x66\x6d\x65\x6d\x61\x6c\x6c\x6f\x63\0\x70\x70\x5f\x72\x65\x63\x79\
\x63\x6c\x65\0\x61\x63\x74\x69\x76\x65\x5f\x65\x78\x74\x65\x6e\x73\x69\x6f\x6e\
\x73\0\x68\x65\x61\x64\x65\x72\x73\x5f\x73\x74\x61\x72\x74\0\x5f\x5f\x70\x6b\
\x74\x5f\x74\x79\x70\x65\x5f\x6f\x66\x66\x73\x65\x74\0\x70\x6b\x74\x5f\x74\x79\
\x70\x65\0\x69\x67\x6e\x6f\x72\x65\x5f\x64\x66\0\x6e\x66\x5f\x74\x72\x61\x63\
\x65\0\x69\x70\x5f\x73\x75\x6d\x6d\x65\x64\0\x6f\x6f\x6f\x5f\x6f\x6b\x61\x79\0\
\x6c\x34\x5f\x68\x61\x73\x68\0\x73\x77\x5f\x68\x61\x73\x68\0\x77\x69\x66\x69\
\x5f\x61\x63\x6b\x65\x64\x5f\x76\x61\x6c\x69\x64\0\x77\x69\x66\x69\x5f\x61\x63\
\x6b\x65\x64\0\x6e\x6f\x5f\x66\x63\x73\0\x65\x6e\x63\x61\x70\x73\x75\x6c\x61\
\x74\x69\x6f\x6e\0\x65\x6e\x63\x61\x70\x5f\x68\x64\x72\x5f\x63\x73\x75\x6d\0\
\x63\x73\x75\x6d\x5f\x76\x61\x6c\x69\x64\0\x5f\x5f\x70\x6b\x74\x5f\x76\x6c\x61\
\x6e\x5f\x70\x72\x65\x73\x65\x6e\x74\x5f\x6f\x66\x66\x73\x65\x74\0\x76\x6c\x61\
\x6e\x5f\x70\x72\x65\x73\x65\x6e\x74\0\x63\x73\x75\x6d\x5f\x63\x6f\x6d\x70\x6c\
\x65\x74\x65\x5f\x73\x77\0\x63\x73\x75\x6d\x5f\x6c\x65\x76\x65\x6c\0\x63\x73\
\x75\x6d\x5f\x6e\x6f\x74\x5f\x69\x6e\x65\x74\0\x64\x73\x74\x5f\x70\x65\x6e\x64\
\x69\x6e\x67\x5f\x63\x6f\x6e\x66\x69\x72\x6d\0\x6e\x64\x69\x73\x63\x5f\x6e\x6f\
\x64\x65\x74\x79\x70\x65\0\x69\x70\x76\x73\x5f\x70\x72\x6f\x70\x65\x72\x74\x79\
\0\x69\x6e\x6e\x65\x72\x5f\x70\x72\x6f\x74\x6f\x63\x6f\x6c\x5f\x74\x79\x70\x65\
\0\x72\x65\x6d\x63\x73\x75\x6d\x5f\x6f\x66\x66\x6c\x6f\x61\x64\0\x74\x63\x5f\
\x73\x6b\x69\x70\x5f\x63\x6c\x61\x73\x73\x69\x66\x79\0\x74\x63\x5f\x61\x74\x5f\
\x69\x6e\x67\x72\x65\x73\x73\0\x72\x65\x64\x69\x72\x65\x63\x74\x65\x64\0\x73\
\x6c\x6f\x77\x5f\x67\x72\x6f\0\x73\x63\x6d\x5f\x69\x6f\x5f\x75\x72\x69\x6e\x67\
\0\x74\x63\x5f\x69\x6e\x64\x65\x78\0\x73\x6b\x62\x5f\x69\x69\x66\0\x68\x61\x73\
\x68\0\x76\x6c\x61\x6e\x5f\x70\x72\x6f\x74\x6f\0\x76\x6c\x61\x6e\x5f\x74\x63\
\x69\0\x73\x65\x63\x6d\x61\x72\x6b\0\x69\x6e\x6e\x65\x72\x5f\x74\x72\x61\x6e\
\x73\x70\x6f\x72\x74\x5f\x68\x65\x61\x64\x65\x72\0\x69\x6e\x6e\x65\x72\x5f\x6e\
\x65\x74\x77\x6f\x72\x6b\x5f\x68\x65\x61\x64\x65\x72\0\x69\x6e\x6e\x65\x72\x5f\
\x6d\x61\x63\x5f\x68\x65\x61\x64\x65\x72\0\x74\x72\x61\x6e\x73\x70\x6f\x72\x74\
\x5f\x68\x65\x61\x64\x65\x72\0\x6e\x65\x74\x77\x6f\x72\x6b\x5f\x68\x65\x61\x64\
\x65\x72\0\x6d\x61\x63\x5f\x68\x65\x61\x64\x65\x72\0\x68\x65\x61\x64\x65\x72\
\x73\x5f\x65\x6e\x64\0\x65\x6e\x64\0\x64\x61\x74\x61\0\x74\x72\x75\x65\x73\x69\
\x7a\x65\0\x75\x73\x65\x72\x73\0\x65\x78\x74\x65\x6e\x73\x69\x6f\x6e\x73\0\x72\
\x62\x6e\x6f\x64\x65\0\x64\x65\x76\0\x64\x65\x76\x5f\x73\x63\x72\x61\x74\x63\
\x68\0\x69\x70\x5f\x64\x65\x66\x72\x61\x67\x5f\x6f\x66\x66\x73\x65\x74\0\x73\
\x6b\x62\x5f\x6d\x73\x74\x61\x6d\x70\x5f\x6e\x73\0\x74\x63\x70\x5f\x74\x73\x6f\
\x72\x74\x65\x64\x5f\x61\x6e\x63\x68\x6f\x72\0\x5f\x73\x6b\x5f\x72\x65\x64\x69\
\x72\0\x5f\x73\x6b\x62\x5f\x72\x65\x66\x64\x73\x74\0\x64\x65\x73\x74\x72\x75\
\x63\x74\x6f\x72\0\x63\x73\x75\x6d\0\x5f\x5f\x77\x73\x75\x6d\0\x63\x73\x75\x6d\
\x5f\x73\x74\x61\x72\x74\0\x63\x73\x75\x6d\x5f\x6f\x66\x66\x73\x65\x74\0\x6e\
\x61\x70\x69\x5f\x69\x64\0\x73\x65\x6e\x64\x65\x72\x5f\x63\x70\x75\0\x72\x65\
\x73\x65\x72\x76\x65\x64\x5f\x74\x61\x69\x6c\x72\x6f\x6f\x6d\0\x69\x6e\x6e\x65\
\x72\x5f\x70\x72\x6f\x74\x6f\x63\x6f\x6c\0\x69\x6e\x6e\x65\x72\x5f\x69\x70\x70\
\x72\x6f\x74\x6f\0\x73\x6b\x5f\x62\x75\x66\x66\x5f\x64\x61\x74\x61\x5f\x74\0\
\x30\x3a\x30\0\x20\x20\x63\x6f\x6d\x6d\x6f\x6e\x2d\x3e\x66\x61\x6d\x69\x6c\x79\
\x20\x3d\x20\x42\x50\x46\x5f\x43\x4f\x52\x45\x5f\x52\x45\x41\x44\x28\x73\x6b\
\x2c\x20\x5f\x5f\x73\x6b\x5f\x63\x6f\x6d\x6d\x6f\x6e\x29\x2e\x73\x6b\x63\x5f\
\x66\x61\x6d\x69\x6c\x79\x3b\0\x30\x3a\x33\0\x30\x3a\x35\x33\0\x20\x20\x20\x20\
\x20\x20\x20\x20\x20\x20\x20\x20\x20\x20\x20\x20\x20\x20\x20\x20\x20\x20\x20\
\x20\x20\x20\x20\x20\x20\x20\x20\x20\x20\x20\x20\x20\x20\x20\x20\x20\x42\x50\
\x46\x5f\x43\x4f\x52\x45\x5f\x52\x45\x41\x44\x28\x73\x6b\x2c\x20\x73\x6b\x5f\
\x70\x72\x6f\x74\x6f\x63\x6f\x6c\x29\x29\x3b\0\x20\x20\x69\x66\x20\x28\x70\x72\
\x6f\x74\x6f\x63\x6f\x6c\x20\x3d\x3d\x20\x43\x52\x4f\x53\x5f\x49\x41\x4e\x41\
\x5f\x48\x4f\x50\x4f\x50\x54\x29\x20\x7b\x20\x20\x2f\x2f\x20\x67\x65\x6e\x65\
\x72\x69\x63\x20\x69\x70\x20\x70\x72\x6f\x74\x6f\x63\x6f\x6c\x2e\0\x20\x20\x7d\
\x20\x65\x6c\x73\x65\x20\x69\x66\x20\x28\x73\x6f\x63\x6b\x65\x74\x5f\x74\x79\
\x70\x65\x20\x3d\x3d\x20\x53\x4f\x43\x4b\x5f\x52\x41\x57\x29\x20\x7b\0\x20\x20\
\x20\x20\x69\x66\x20\x28\x66\x61\x6d\x69\x6c\x79\x20\x3d\x3d\x20\x43\x52\x4f\
\x53\x5f\x46\x41\x4d\x49\x4c\x59\x5f\x41\x46\x5f\x49\x4e\x45\x54\x20\x7c\x7c\
\x20\x66\x61\x6d\x69\x6c\x79\x20\x3d\x3d\x20\x43\x52\x4f\x53\x5f\x46\x41\x4d\
\x49\x4c\x59\x5f\x41\x46\x5f\x49\x4e\x45\x54\x36\x29\x20\x7b\0\x20\x20\x20\x20\
\x20\x20\x69\x66\x20\x28\x73\x6f\x63\x6b\x65\x74\x5f\x74\x79\x70\x65\x20\x3d\
\x3d\x20\x53\x4f\x43\x4b\x5f\x53\x54\x52\x45\x41\x4d\x29\x20\x7b\0\x20\x20\x63\
\x6f\x6d\x6d\x6f\x6e\x2d\x3e\x70\x72\x6f\x74\x6f\x63\x6f\x6c\x20\x3d\x20\x64\
\x65\x74\x65\x72\x6d\x69\x6e\x65\x5f\x70\x72\x6f\x74\x6f\x63\x6f\x6c\x28\x63\
\x6f\x6d\x6d\x6f\x6e\x2d\x3e\x66\x61\x6d\x69\x6c\x79\x2c\x20\x73\x6f\x63\x6b\
\x65\x74\x5f\x74\x79\x70\x65\x2c\0\x30\x3a\x38\x35\0\x20\x20\x20\x20\x20\x20\
\x63\x72\x6f\x73\x5f\x6e\x6f\x72\x6d\x61\x6c\x69\x7a\x65\x5f\x74\x6f\x5f\x6c\
\x61\x73\x74\x5f\x65\x78\x65\x63\x28\x42\x50\x46\x5f\x43\x4f\x52\x45\x5f\x52\
\x45\x41\x44\x28\x74\x2c\x20\x72\x65\x61\x6c\x5f\x70\x61\x72\x65\x6e\x74\x2c\
\x20\x67\x72\x6f\x75\x70\x5f\x6c\x65\x61\x64\x65\x72\x29\x29\x3b\0\x30\x3a\x38\
\x39\0\x20\x20\x66\x6f\x72\x20\x28\x69\x6e\x74\x20\x69\x20\x3d\x20\x30\x3b\x20\
\x69\x20\x3c\x20\x36\x34\x3b\x20\x2b\x2b\x69\x29\x20\x7b\0\x20\x20\x20\x20\x73\
\x74\x72\x75\x63\x74\x20\x74\x61\x73\x6b\x5f\x73\x74\x72\x75\x63\x74\x2a\x20\
\x70\x61\x72\x65\x6e\x74\x20\x3d\x20\x42\x50\x46\x5f\x43\x4f\x52\x45\x5f\x52\
\x45\x41\x44\x28\x72\x65\x74\x2c\x20\x72\x65\x61\x6c\x5f\x70\x61\x72\x65\x6e\
\x74\x2c\x20\x67\x72\x6f\x75\x70\x5f\x6c\x65\x61\x64\x65\x72\x29\x3b\0\x20\x20\
\x20\x20\x69\x66\x20\x28\x28\x21\x70\x61\x72\x65\x6e\x74\x29\x20\x7c\x7c\x20\
\x28\x42\x50\x46\x5f\x43\x4f\x52\x45\x5f\x52\x45\x41\x44\x28\x72\x65\x74\x2c\
\x20\x73\x65\x6c\x66\x5f\x65\x78\x65\x63\x5f\x69\x64\x29\x20\x21\x3d\0\x30\x3a\
\x31\x34\x31\0\x20\x20\x20\x20\x20\x20\x20\x20\x20\x20\x20\x20\x20\x20\x20\x20\
\x20\x20\x20\x20\x20\x20\x42\x50\x46\x5f\x43\x4f\x52\x45\x5f\x52\x45\x41\x44\
\x28\x70\x61\x72\x65\x6e\x74\x2c\x20\x73\x65\x6c\x66\x5f\x65\x78\x65\x63\x5f\
\x69\x64\x29\x29\x29\x20\x7b\0\x30\x3a\x38\x33\0\x20\x20\x74\x61\x73\x6b\x5f\
\x69\x6e\x66\x6f\x2d\x3e\x70\x70\x69\x64\x20\x3d\x20\x42\x50\x46\x5f\x43\x4f\
\x52\x45\x5f\x52\x45\x41\x44\x28\x70\x61\x72\x65\x6e\x74\x2c\x20\x74\x67\x69\
\x64\x29\x3b\0\x30\x3a\x31\x30\x37\0\x20\x20\x74\x61\x73\x6b\x5f\x69\x6e\x66\
\x6f\x2d\x3e\x70\x61\x72\x65\x6e\x74\x5f\x73\x74\x61\x72\x74\x5f\x74\x69\x6d\
\x65\x20\x3d\x20\x42\x50\x46\x5f\x43\x4f\x52\x45\x5f\x52\x45\x41\x44\x28\x70\
\x61\x72\x65\x6e\x74\x2c\x20\x73\x74\x61\x72\x74\x5f\x62\x6f\x6f\x74\x74\x69\
\x6d\x65\x29\x3b\0\x20\x20\x74\x61\x73\x6b\x5f\x69\x6e\x66\x6f\x2d\x3e\x73\x74\
\x61\x72\x74\x5f\x74\x69\x6d\x65\x20\x3d\x20\x42\x50\x46\x5f\x43\x4f\x52\x45\
\x5f\x52\x45\x41\x44\x28\x74\x2c\x20\x67\x72\x6f\x75\x70\x5f\x6c\x65\x61\x64\
\x65\x72\x2c\x20\x73\x74\x61\x72\x74\x5f\x62\x6f\x6f\x74\x74\x69\x6d\x65\x29\
\x3b\0\x20\x20\x74\x61\x73\x6b\x5f\x69\x6e\x66\x6f\x2d\x3e\x70\x69\x64\x20\x3d\
\x20\x42\x50\x46\x5f\x43\x4f\x52\x45\x5f\x52\x45\x41\x44\x28\x74\x2c\x20\x74\
\x67\x69\x64\x29\x3b\0\x30\x3a\x31\x31\x33\0\x20\x20\x74\x61\x73\x6b\x5f\x69\
\x6e\x66\x6f\x2d\x3e\x75\x69\x64\x20\x3d\x20\x42\x50\x46\x5f\x43\x4f\x52\x45\
\x5f\x52\x45\x41\x44\x28\x74\x2c\x20\x72\x65\x61\x6c\x5f\x63\x72\x65\x64\x2c\
\x20\x75\x69\x64\x2e\x76\x61\x6c\x29\x3b\0\x30\x3a\x34\x3a\x30\0\x20\x20\x74\
\x61\x73\x6b\x5f\x69\x6e\x66\x6f\x2d\x3e\x67\x69\x64\x20\x3d\x20\x42\x50\x46\
\x5f\x43\x4f\x52\x45\x5f\x52\x45\x41\x44\x28\x74\x2c\x20\x72\x65\x61\x6c\x5f\
\x63\x72\x65\x64\x2c\x20\x67\x69\x64\x2e\x76\x61\x6c\x29\x3b\0\x30\x3a\x35\x3a\
\x30\0\x30\x3a\x35\x36\0\x20\x20\x63\x6f\x6e\x73\x74\x20\x75\x69\x6e\x74\x70\
\x74\x72\x5f\x74\x20\x61\x72\x67\x5f\x73\x74\x61\x72\x74\x20\x3d\x20\x28\x75\
\x69\x6e\x74\x70\x74\x72\x5f\x74\x29\x42\x50\x46\x5f\x43\x4f\x52\x45\x5f\x52\
\x45\x41\x44\x28\x74\x2c\x20\x6d\x6d\x2c\x20\x61\x72\x67\x5f\x73\x74\x61\x72\
\x74\x29\x3b\0\x6d\x6d\x5f\x73\x74\x72\x75\x63\x74\0\x63\x70\x75\x5f\x62\x69\
\x74\x6d\x61\x70\0\x6d\x6d\x5f\x72\x62\0\x76\x6d\x61\x63\x61\x63\x68\x65\x5f\
\x73\x65\x71\x6e\x75\x6d\0\x67\x65\x74\x5f\x75\x6e\x6d\x61\x70\x70\x65\x64\x5f\
\x61\x72\x65\x61\0\x6d\x6d\x61\x70\x5f\x62\x61\x73\x65\0\x6d\x6d\x61\x70\x5f\
\x6c\x65\x67\x61\x63\x79\x5f\x62\x61\x73\x65\0\x6d\x6d\x61\x70\x5f\x63\x6f\x6d\
\x70\x61\x74\x5f\x62\x61\x73\x65\0\x6d\x6d\x61\x70\x5f\x63\x6f\x6d\x70\x61\x74\
\x5f\x6c\x65\x67\x61\x63\x79\x5f\x62\x61\x73\x65\0\x74\x61\x73\x6b\x5f\x73\x69\
\x7a\x65\0\x68\x69\x67\x68\x65\x73\x74\x5f\x76\x6d\x5f\x65\x6e\x64\0\x70\x67\
\x64\0\x6d\x65\x6d\x62\x61\x72\x72\x69\x65\x72\x5f\x73\x74\x61\x74\x65\0\x6d\
\x6d\x5f\x75\x73\x65\x72\x73\0\x6d\x6d\x5f\x63\x6f\x75\x6e\x74\0\x70\x67\x74\
\x61\x62\x6c\x65\x73\x5f\x62\x79\x74\x65\x73\0\x6d\x61\x70\x5f\x63\x6f\x75\x6e\
\x74\0\x70\x61\x67\x65\x5f\x74\x61\x62\x6c\x65\x5f\x6c\x6f\x63\x6b\0\x6d\x6d\
\x61\x70\x5f\x6c\x6f\x63\x6b\0\x6d\x6d\x6c\x69\x73\x74\0\x68\x69\x77\x61\x74\
\x65\x72\x5f\x72\x73\x73\0\x68\x69\x77\x61\x74\x65\x72\x5f\x76\x6d\0\x74\x6f\
\x74\x61\x6c\x5f\x76\x6d\0\x6c\x6f\x63\x6b\x65\x64\x5f\x76\x6d\0\x70\x69\x6e\
\x6e\x65\x64\x5f\x76\x6d\0\x64\x61\x74\x61\x5f\x76\x6d\0\x65\x78\x65\x63\x5f\
\x76\x6d\0\x73\x74\x61\x63\x6b\x5f\x76\x6d\0\x64\x65\x66\x5f\x66\x6c\x61\x67\
\x73\0\x77\x72\x69\x74\x65\x5f\x70\x72\x6f\x74\x65\x63\x74\x5f\x73\x65\x71\0\
\x61\x72\x67\x5f\x6c\x6f\x63\x6b\0\x73\x74\x61\x72\x74\x5f\x63\x6f\x64\x65\0\
\x65\x6e\x64\x5f\x63\x6f\x64\x65\0\x73\x74\x61\x72\x74\x5f\x64\x61\x74\x61\0\
\x65\x6e\x64\x5f\x64\x61\x74\x61\0\x73\x74\x61\x72\x74\x5f\x62\x72\x6b\0\x62\
\x72\x6b\0\x73\x74\x61\x72\x74\x5f\x73\x74\x61\x63\x6b\0\x61\x72\x67\x5f\x73\
\x74\x61\x72\x74\0\x61\x72\x67\x5f\x65\x6e\x64\0\x65\x6e\x76\x5f\x73\x74\x61\
\x72\x74\0\x65\x6e\x76\x5f\x65\x6e\x64\0\x73\x61\x76\x65\x64\x5f\x61\x75\x78\
\x76\0\x62\x69\x6e\x66\x6d\x74\0\x63\x6f\x6e\x74\x65\x78\x74\0\x63\x6f\x72\x65\
\x5f\x73\x74\x61\x74\x65\0\x69\x6f\x63\x74\x78\x5f\x6c\x6f\x63\x6b\0\x69\x6f\
\x63\x74\x78\x5f\x74\x61\x62\x6c\x65\0\x65\x78\x65\x5f\x66\x69\x6c\x65\0\x6e\
\x6f\x74\x69\x66\x69\x65\x72\x5f\x73\x75\x62\x73\x63\x72\x69\x70\x74\x69\x6f\
\x6e\x73\0\x74\x6c\x62\x5f\x66\x6c\x75\x73\x68\x5f\x70\x65\x6e\x64\x69\x6e\x67\
\0\x74\x6c\x62\x5f\x66\x6c\x75\x73\x68\x5f\x62\x61\x74\x63\x68\x65\x64\0\x75\
\x70\x72\x6f\x62\x65\x73\x5f\x73\x74\x61\x74\x65\0\x61\x73\x79\x6e\x63\x5f\x70\
\x75\x74\x5f\x77\x6f\x72\x6b\0\x70\x61\x73\x69\x64\0\x6c\x72\x75\x5f\x67\x65\
\x6e\0\x66\x5f\x75\0\x66\x5f\x70\x61\x74\x68\0\x66\x5f\x69\x6e\x6f\x64\x65\0\
\x66\x5f\x6f\x70\0\x66\x5f\x6c\x6f\x63\x6b\0\x66\x5f\x77\x72\x69\x74\x65\x5f\
\x68\x69\x6e\x74\0\x66\x5f\x63\x6f\x75\x6e\x74\0\x66\x5f\x66\x6c\x61\x67\x73\0\
\x66\x5f\x6d\x6f\x64\x65\0\x66\x5f\x70\x6f\x73\x5f\x6c\x6f\x63\x6b\0\x66\x5f\
\x70\x6f\x73\0\x66\x5f\x6f\x77\x6e\x65\x72\0\x66\x5f\x63\x72\x65\x64\0\x66\x5f\
\x72\x61\0\x66\x5f\x76\x65\x72\x73\x69\x6f\x6e\0\x66\x5f\x73\x65\x63\x75\x72\
\x69\x74\x79\0\x70\x72\x69\x76\x61\x74\x65\x5f\x64\x61\x74\x61\0\x66\x5f\x65\
\x70\0\x66\x5f\x6d\x61\x70\x70\x69\x6e\x67\0\x66\x5f\x77\x62\x5f\x65\x72\x72\0\
\x66\x5f\x73\x62\x5f\x65\x72\x72\0\x66\x75\x5f\x6c\x6c\x69\x73\x74\0\x66\x75\
\x5f\x72\x63\x75\x68\x65\x61\x64\0\x70\x61\x74\x68\0\x6d\x6e\x74\0\x64\x65\x6e\
\x74\x72\x79\0\x6c\x69\x6e\x6b\x5f\x63\x6f\x75\x6e\x74\0\x72\x77\x5f\x68\x69\
\x6e\x74\0\x57\x52\x49\x54\x45\x5f\x4c\x49\x46\x45\x5f\x4e\x4f\x54\x5f\x53\x45\
\x54\0\x57\x52\x49\x54\x45\x5f\x4c\x49\x46\x45\x5f\x4e\x4f\x4e\x45\0\x57\x52\
\x49\x54\x45\x5f\x4c\x49\x46\x45\x5f\x53\x48\x4f\x52\x54\0\x57\x52\x49\x54\x45\
\x5f\x4c\x49\x46\x45\x5f\x4d\x45\x44\x49\x55\x4d\0\x57\x52\x49\x54\x45\x5f\x4c\
\x49\x46\x45\x5f\x4c\x4f\x4e\x47\0\x57\x52\x49\x54\x45\x5f\x4c\x49\x46\x45\x5f\
\x45\x58\x54\x52\x45\x4d\x45\0\x66\x6d\x6f\x64\x65\x5f\x74\0\x6c\x6f\x66\x66\
\x5f\x74\0\x5f\x5f\x6b\x65\x72\x6e\x65\x6c\x5f\x6c\x6f\x66\x66\x5f\x74\0\x66\
\x6f\x77\x6e\x5f\x73\x74\x72\x75\x63\x74\0\x70\x69\x64\x5f\x74\x79\x70\x65\0\
\x73\x69\x67\x6e\x75\x6d\0\x50\x49\x44\x54\x59\x50\x45\x5f\x50\x49\x44\0\x50\
\x49\x44\x54\x59\x50\x45\x5f\x54\x47\x49\x44\0\x50\x49\x44\x54\x59\x50\x45\x5f\
\x50\x47\x49\x44\0\x50\x49\x44\x54\x59\x50\x45\x5f\x53\x49\x44\0\x50\x49\x44\
\x54\x59\x50\x45\x5f\x4d\x41\x58\0\x66\x69\x6c\x65\x5f\x72\x61\x5f\x73\x74\x61\
\x74\x65\0\x73\x74\x61\x72\x74\0\x61\x73\x79\x6e\x63\x5f\x73\x69\x7a\x65\0\x72\
\x61\x5f\x70\x61\x67\x65\x73\0\x6d\x6d\x61\x70\x5f\x6d\x69\x73\x73\0\x70\x72\
\x65\x76\x5f\x70\x6f\x73\0\x65\x72\x72\x73\x65\x71\x5f\x74\0\x70\x67\x64\x5f\
\x74\0\x70\x67\x64\x76\x61\x6c\x5f\x74\0\x72\x77\x5f\x73\x65\x6d\x61\x70\x68\
\x6f\x72\x65\0\x6d\x6d\x5f\x72\x73\x73\x5f\x73\x74\x61\x74\0\x6d\x6d\x5f\x63\
\x6f\x6e\x74\x65\x78\x74\x5f\x74\0\x63\x74\x78\x5f\x69\x64\0\x74\x6c\x62\x5f\
\x67\x65\x6e\0\x6c\x64\x74\x5f\x75\x73\x72\x5f\x73\x65\x6d\0\x6c\x64\x74\0\x76\
\x64\x73\x6f\0\x76\x64\x73\x6f\x5f\x69\x6d\x61\x67\x65\0\x70\x65\x72\x66\x5f\
\x72\x64\x70\x6d\x63\x5f\x61\x6c\x6c\x6f\x77\x65\x64\0\x70\x6b\x65\x79\x5f\x61\
\x6c\x6c\x6f\x63\x61\x74\x69\x6f\x6e\x5f\x6d\x61\x70\0\x65\x78\x65\x63\x75\x74\
\x65\x5f\x6f\x6e\x6c\x79\x5f\x70\x6b\x65\x79\0\x73\x31\x36\0\x5f\x5f\x73\x31\
\x36\0\x78\x6f\x6c\x5f\x61\x72\x65\x61\0\x77\x6f\x72\x6b\x5f\x73\x74\x72\x75\
\x63\x74\0\x77\x6f\x72\x6b\x5f\x66\x75\x6e\x63\x5f\x74\0\x62\x69\x74\x6d\x61\
\x70\0\x30\x3a\x30\x3a\x33\x37\0\x20\x20\x63\x6f\x6e\x73\x74\x20\x75\x69\x6e\
\x74\x70\x74\x72\x5f\x74\x20\x61\x72\x67\x5f\x65\x6e\x64\x20\x3d\x20\x28\x75\
\x69\x6e\x74\x70\x74\x72\x5f\x74\x29\x42\x50\x46\x5f\x43\x4f\x52\x45\x5f\x52\
\x45\x41\x44\x28\x74\x2c\x20\x6d\x6d\x2c\x20\x61\x72\x67\x5f\x65\x6e\x64\x29\
\x3b\0\x30\x3a\x30\x3a\x33\x38\0\x20\x20\x69\x66\x20\x28\x28\x61\x72\x67\x5f\
\x65\x6e\x64\x20\x2d\x20\x61\x72\x67\x5f\x73\x74\x61\x72\x74\x29\x20\x3e\x20\
\x73\x69\x7a\x65\x6f\x66\x28\x74\x61\x73\x6b\x5f\x69\x6e\x66\x6f\x2d\x3e\x63\
\x6f\x6d\x6d\x61\x6e\x64\x6c\x69\x6e\x65\x29\x29\x20\x7b\0\x20\x20\x62\x70\x66\
\x5f\x70\x72\x6f\x62\x65\x5f\x72\x65\x61\x64\x5f\x75\x73\x65\x72\x28\x74\x61\
\x73\x6b\x5f\x69\x6e\x66\x6f\x2d\x3e\x63\x6f\x6d\x6d\x61\x6e\x64\x6c\x69\x6e\
\x65\x2c\x20\x74\x61\x73\x6b\x5f\x69\x6e\x66\x6f\x2d\x3e\x63\x6f\x6d\x6d\x61\
\x6e\x64\x6c\x69\x6e\x65\x5f\x6c\x65\x6e\x2c\0\x20\x20\x69\x66\x20\x28\x74\x61\
\x73\x6b\x5f\x69\x6e\x66\x6f\x2d\x3e\x63\x6f\x6d\x6d\x61\x6e\x64\x6c\x69\x6e\
\x65\x5f\x6c\x65\x6e\x20\x3d\x3d\x20\x73\x69\x7a\x65\x6f\x66\x28\x74\x61\x73\
\x6b\x5f\x69\x6e\x66\x6f\x2d\x3e\x63\x6f\x6d\x6d\x61\x6e\x64\x6c\x69\x6e\x65\
\x29\x29\x20\x7b\0\x20\x20\x20\x20\x74\x61\x73\x6b\x5f\x69\x6e\x66\x6f\x2d\x3e\
\x63\x6f\x6d\x6d\x61\x6e\x64\x6c\x69\x6e\x65\x5b\x74\x61\x73\x6b\x5f\x69\x6e\
\x66\x6f\x2d\x3e\x63\x6f\x6d\x6d\x61\x6e\x64\x6c\x69\x6e\x65\x5f\x6c\x65\x6e\
\x20\x2d\x20\x31\x5d\x20\x3d\x20\x27\x5c\x30\x27\x3b\0\x20\x20\x73\x6c\x2d\x3e\
\x73\x6f\x63\x6b\x65\x74\x5f\x74\x79\x70\x65\x20\x3d\x20\x42\x50\x46\x5f\x43\
\x4f\x52\x45\x5f\x52\x45\x41\x44\x28\x73\x6f\x63\x6b\x65\x74\x2c\x20\x74\x79\
\x70\x65\x29\x3b\0\x20\x20\x73\x6c\x2d\x3e\x70\x6f\x72\x74\x20\x3d\x20\x42\x50\
\x46\x5f\x43\x4f\x52\x45\x5f\x52\x45\x41\x44\x28\x73\x6b\x2c\x20\x5f\x5f\x73\
\x6b\x5f\x63\x6f\x6d\x6d\x6f\x6e\x29\x2e\x73\x6b\x63\x5f\x6e\x75\x6d\x3b\0\x30\
\x3a\x32\x3a\x31\x3a\x31\0\x20\x20\x73\x6c\x2d\x3e\x69\x70\x76\x34\x5f\x61\x64\
\x64\x72\x20\x3d\x20\x42\x50\x46\x5f\x43\x4f\x52\x45\x5f\x52\x45\x41\x44\x28\
\x73\x6b\x2c\x20\x5f\x5f\x73\x6b\x5f\x63\x6f\x6d\x6d\x6f\x6e\x29\x2e\x73\x6b\
\x63\x5f\x72\x63\x76\x5f\x73\x61\x64\x64\x72\x3b\0\x30\x3a\x30\x3a\x31\x3a\x31\
\0\x20\x20\x20\x20\x20\x20\x42\x50\x46\x5f\x43\x4f\x52\x45\x5f\x52\x45\x41\x44\
\x28\x73\x6b\x2c\x20\x5f\x5f\x73\x6b\x5f\x63\x6f\x6d\x6d\x6f\x6e\x29\x2e\x73\
\x6b\x63\x5f\x76\x36\x5f\x72\x63\x76\x5f\x73\x61\x64\x64\x72\x2e\x69\x6e\x36\
\x5f\x75\x2e\x75\x36\x5f\x61\x64\x64\x72\x38\x2c\0\x30\x3a\x31\x34\x3a\x30\x3a\
\x30\0\x20\x20\x5f\x5f\x62\x75\x69\x6c\x74\x69\x6e\x5f\x6d\x65\x6d\x63\x70\x79\
\x28\0\x20\x20\x62\x70\x66\x5f\x72\x69\x6e\x67\x62\x75\x66\x5f\x73\x75\x62\x6d\
\x69\x74\x28\x65\x76\x65\x6e\x74\x2c\x20\x30\x29\x3b\0\x63\x72\x6f\x73\x5f\x68\
\x61\x6e\x64\x6c\x65\x5f\x69\x70\x5f\x70\x72\x6f\x74\x6f\x63\x6f\x6c\x5f\x64\
\x65\x6c\x69\x76\x65\x72\x5f\x72\x63\x75\x5f\x65\x6e\x74\x65\x72\0\x72\x61\x77\
\x5f\x74\x72\x61\x63\x65\x70\x6f\x69\x6e\x74\x2f\x63\x72\x6f\x73\x5f\x69\x70\
\x5f\x70\x72\x6f\x74\x6f\x63\x6f\x6c\x5f\x64\x65\x6c\x69\x76\x65\x72\x5f\x72\
\x63\x75\x5f\x65\x6e\x74\x65\x72\0\x30\x3a\x30\x3a\x30\x3a\x32\x3a\x30\0\x69\
\x6e\x74\x20\x42\x50\x46\x5f\x50\x52\x4f\x47\x28\x63\x72\x6f\x73\x5f\x68\x61\
\x6e\x64\x6c\x65\x5f\x69\x70\x5f\x70\x72\x6f\x74\x6f\x63\x6f\x6c\x5f\x64\x65\
\x6c\x69\x76\x65\x72\x5f\x72\x63\x75\x5f\x65\x6e\x74\x65\x72\x2c\0\x20\x20\x73\
\x74\x72\x75\x63\x74\x20\x6e\x65\x74\x5f\x64\x65\x76\x69\x63\x65\x2a\x20\x64\
\x65\x76\x20\x3d\x20\x42\x50\x46\x5f\x43\x4f\x52\x45\x5f\x52\x45\x41\x44\x28\
\x73\x6b\x62\x2c\x20\x64\x65\x76\x29\x3b\0\x20\x20\x69\x66\x20\x28\x64\x65\x76\
\x20\x3d\x3d\x20\x4e\x55\x4c\x4c\x29\x20\x7b\0\x30\x3a\x34\x3a\x30\x3a\x30\0\
\x2f\x62\x75\x69\x6c\x64\x2f\x61\x6d\x64\x36\x34\x2d\x67\x65\x6e\x65\x72\x69\
\x63\x2f\x74\x6d\x70\x2f\x70\x6f\x72\x74\x61\x67\x65\x2f\x63\x68\x72\x6f\x6d\
\x65\x6f\x73\x2d\x62\x61\x73\x65\x2f\x73\x65\x63\x61\x67\x65\x6e\x74\x64\x2d\
\x39\x39\x39\x39\x2f\x77\x6f\x72\x6b\x2f\x73\x65\x63\x61\x67\x65\x6e\x74\x64\
\x2d\x39\x39\x39\x39\x2f\x70\x6c\x61\x74\x66\x6f\x72\x6d\x32\x2f\x73\x65\x63\
\x61\x67\x65\x6e\x74\x64\x2f\x62\x70\x66\x2f\x70\x6f\x72\x74\x2f\x69\x6e\x63\
\x6c\x75\x64\x65\x2f\x6c\x69\x6e\x75\x78\x2f\x73\x6b\x62\x5f\x62\x75\x66\x66\
\x2e\x68\0\x20\x20\x72\x65\x74\x75\x72\x6e\x20\x28\x73\x74\x72\x75\x63\x74\x20\
\x64\x73\x74\x5f\x65\x6e\x74\x72\x79\x2a\x29\x28\x42\x50\x46\x5f\x43\x4f\x52\
\x45\x5f\x52\x45\x41\x44\x28\x73\x6b\x62\x2c\x20\x5f\x73\x6b\x62\x5f\x72\x65\
\x66\x64\x73\x74\x29\x20\x26\0\x64\x73\x74\x5f\x65\x6e\x74\x72\x79\0\x5f\x6d\
\x65\x74\x72\x69\x63\x73\0\x78\x66\x72\x6d\0\x69\x6e\x70\x75\x74\0\x6f\x75\x74\
\x70\x75\x74\0\x6f\x62\x73\x6f\x6c\x65\x74\x65\0\x68\x65\x61\x64\x65\x72\x5f\
\x6c\x65\x6e\0\x74\x72\x61\x69\x6c\x65\x72\x5f\x6c\x65\x6e\0\x5f\x5f\x72\x65\
\x66\x63\x6e\x74\0\x5f\x5f\x75\x73\x65\0\x6c\x61\x73\x74\x75\x73\x65\0\x6c\x77\
\x74\x73\x74\x61\x74\x65\0\x65\x72\x72\x6f\x72\0\x5f\x5f\x70\x61\x64\0\x74\x63\
\x6c\x61\x73\x73\x69\x64\0\x70\x61\x73\x73\x69\x76\x65\0\x72\x75\x6c\x65\x73\
\x5f\x6d\x6f\x64\x5f\x6c\x6f\x63\x6b\0\x64\x65\x76\x5f\x75\x6e\x72\x65\x67\x5f\
\x63\x6f\x75\x6e\x74\0\x64\x65\x76\x5f\x62\x61\x73\x65\x5f\x73\x65\x71\0\x6e\
\x73\x69\x64\x5f\x6c\x6f\x63\x6b\0\x66\x6e\x68\x65\x5f\x67\x65\x6e\x69\x64\0\
\x65\x78\x69\x74\x5f\x6c\x69\x73\x74\0\x63\x6c\x65\x61\x6e\x75\x70\x5f\x6c\x69\
\x73\x74\0\x6b\x65\x79\x5f\x64\x6f\x6d\x61\x69\x6e\0\x6e\x65\x74\x6e\x73\x5f\
\x69\x64\x73\0\x64\x65\x76\x5f\x62\x61\x73\x65\x5f\x68\x65\x61\x64\0\x70\x72\
\x6f\x63\x5f\x6e\x65\x74\0\x70\x72\x6f\x63\x5f\x6e\x65\x74\x5f\x73\x74\x61\x74\
\0\x73\x79\x73\x63\x74\x6c\x73\0\x72\x74\x6e\x6c\0\x67\x65\x6e\x6c\x5f\x73\x6f\
\x63\x6b\0\x75\x65\x76\x65\x6e\x74\x5f\x73\x6f\x63\x6b\0\x64\x65\x76\x5f\x6e\
\x61\x6d\x65\x5f\x68\x65\x61\x64\0\x64\x65\x76\x5f\x69\x6e\x64\x65\x78\x5f\x68\
\x65\x61\x64\0\x6e\x65\x74\x64\x65\x76\x5f\x63\x68\x61\x69\x6e\0\x68\x61\x73\
\x68\x5f\x6d\x69\x78\0\x6c\x6f\x6f\x70\x62\x61\x63\x6b\x5f\x64\x65\x76\0\x72\
\x75\x6c\x65\x73\x5f\x6f\x70\x73\0\x63\x6f\x72\x65\0\x6d\x69\x62\0\x70\x61\x63\
\x6b\x65\x74\0\x75\x6e\x78\0\x6e\x65\x78\x74\x68\x6f\x70\0\x69\x70\x76\x34\0\
\x69\x70\x76\x36\0\x6e\x66\0\x63\x74\0\x77\x65\x78\x74\x5f\x6e\x6c\x65\x76\x65\
\x6e\x74\x73\0\x67\x65\x6e\0\x62\x70\x66\0\x6e\x65\x74\x5f\x63\x6f\x6f\x6b\x69\
\x65\0\x64\x69\x61\x67\x5f\x6e\x6c\x73\x6b\0\x69\x64\x72\0\x69\x64\x72\x5f\x72\
\x74\0\x69\x64\x72\x5f\x62\x61\x73\x65\0\x69\x64\x72\x5f\x6e\x65\x78\x74\0\x78\
\x61\x72\x72\x61\x79\0\x78\x61\x5f\x6c\x6f\x63\x6b\0\x78\x61\x5f\x66\x6c\x61\
\x67\x73\0\x78\x61\x5f\x68\x65\x61\x64\0\x6e\x73\x5f\x63\x6f\x6d\x6d\x6f\x6e\0\
\x73\x74\x61\x73\x68\x65\x64\0\x69\x6e\x75\x6d\0\x63\x74\x6c\x5f\x74\x61\x62\
\x6c\x65\x5f\x73\x65\x74\0\x69\x73\x5f\x73\x65\x65\x6e\0\x64\x69\x72\0\x63\x74\
\x6c\x5f\x64\x69\x72\0\x72\x6f\x6f\x74\0\x63\x74\x6c\x5f\x74\x61\x62\x6c\x65\
\x5f\x68\x65\x61\x64\x65\x72\0\x75\x6e\x72\x65\x67\x69\x73\x74\x65\x72\x69\x6e\
\x67\0\x63\x74\x6c\x5f\x74\x61\x62\x6c\x65\x5f\x61\x72\x67\0\x73\x65\x74\0\x69\
\x6e\x6f\x64\x65\x73\0\x63\x74\x6c\x5f\x74\x61\x62\x6c\x65\0\x75\x73\x65\x64\0\
\x6e\x72\x65\x67\0\x72\x61\x77\x5f\x6e\x6f\x74\x69\x66\x69\x65\x72\x5f\x68\x65\
\x61\x64\0\x6e\x65\x74\x6e\x73\x5f\x63\x6f\x72\x65\0\x73\x79\x73\x63\x74\x6c\
\x5f\x68\x64\x72\0\x73\x79\x73\x63\x74\x6c\x5f\x73\x6f\x6d\x61\x78\x63\x6f\x6e\
\x6e\0\x73\x79\x73\x63\x74\x6c\x5f\x61\x6e\x64\x72\x6f\x69\x64\x5f\x70\x61\x72\
\x61\x6e\x6f\x69\x64\0\x73\x6f\x63\x6b\x5f\x69\x6e\x75\x73\x65\0\x70\x72\x6f\
\x74\x5f\x69\x6e\x75\x73\x65\0\x6e\x65\x74\x6e\x73\x5f\x6d\x69\x62\0\x69\x70\
\x5f\x73\x74\x61\x74\x69\x73\x74\x69\x63\x73\0\x69\x70\x76\x36\x5f\x73\x74\x61\
\x74\x69\x73\x74\x69\x63\x73\0\x74\x63\x70\x5f\x73\x74\x61\x74\x69\x73\x74\x69\
\x63\x73\0\x6e\x65\x74\x5f\x73\x74\x61\x74\x69\x73\x74\x69\x63\x73\0\x75\x64\
\x70\x5f\x73\x74\x61\x74\x69\x73\x74\x69\x63\x73\0\x75\x64\x70\x5f\x73\x74\x61\
\x74\x73\x5f\x69\x6e\x36\0\x75\x64\x70\x6c\x69\x74\x65\x5f\x73\x74\x61\x74\x69\
\x73\x74\x69\x63\x73\0\x75\x64\x70\x6c\x69\x74\x65\x5f\x73\x74\x61\x74\x73\x5f\
\x69\x6e\x36\0\x69\x63\x6d\x70\x5f\x73\x74\x61\x74\x69\x73\x74\x69\x63\x73\0\
\x69\x63\x6d\x70\x6d\x73\x67\x5f\x73\x74\x61\x74\x69\x73\x74\x69\x63\x73\0\x69\
\x63\x6d\x70\x76\x36\x5f\x73\x74\x61\x74\x69\x73\x74\x69\x63\x73\0\x69\x63\x6d\
\x70\x76\x36\x6d\x73\x67\x5f\x73\x74\x61\x74\x69\x73\x74\x69\x63\x73\0\x70\x72\
\x6f\x63\x5f\x6e\x65\x74\x5f\x64\x65\x76\x73\x6e\x6d\x70\x36\0\x6e\x65\x74\x6e\
\x73\x5f\x70\x61\x63\x6b\x65\x74\0\x73\x6b\x6c\x69\x73\x74\x5f\x6c\x6f\x63\x6b\
\0\x73\x6b\x6c\x69\x73\x74\0\x6e\x65\x74\x6e\x73\x5f\x75\x6e\x69\x78\0\x73\x79\
\x73\x63\x74\x6c\x5f\x6d\x61\x78\x5f\x64\x67\x72\x61\x6d\x5f\x71\x6c\x65\x6e\0\
\x63\x74\x6c\0\x6e\x65\x74\x6e\x73\x5f\x6e\x65\x78\x74\x68\x6f\x70\0\x64\x65\
\x76\x68\x61\x73\x68\0\x73\x65\x71\0\x6c\x61\x73\x74\x5f\x69\x64\x5f\x61\x6c\
\x6c\x6f\x63\x61\x74\x65\x64\0\x6e\x6f\x74\x69\x66\x69\x65\x72\x5f\x63\x68\x61\
\x69\x6e\0\x62\x6c\x6f\x63\x6b\x69\x6e\x67\x5f\x6e\x6f\x74\x69\x66\x69\x65\x72\
\x5f\x68\x65\x61\x64\0\x72\x77\x73\x65\x6d\0\x6e\x65\x74\x6e\x73\x5f\x69\x70\
\x76\x34\0\x74\x63\x70\x5f\x64\x65\x61\x74\x68\x5f\x72\x6f\x77\0\x66\x6f\x72\
\x77\x5f\x68\x64\x72\0\x66\x72\x61\x67\x73\x5f\x68\x64\x72\0\x69\x70\x76\x34\
\x5f\x68\x64\x72\0\x72\x6f\x75\x74\x65\x5f\x68\x64\x72\0\x78\x66\x72\x6d\x34\
\x5f\x68\x64\x72\0\x64\x65\x76\x63\x6f\x6e\x66\x5f\x61\x6c\x6c\0\x64\x65\x76\
\x63\x6f\x6e\x66\x5f\x64\x66\x6c\x74\0\x72\x61\x5f\x63\x68\x61\x69\x6e\0\x72\
\x61\x5f\x6d\x75\x74\x65\x78\0\x66\x69\x62\x5f\x6d\x61\x69\x6e\0\x66\x69\x62\
\x5f\x64\x65\x66\x61\x75\x6c\x74\0\x66\x69\x62\x5f\x72\x75\x6c\x65\x73\x5f\x72\
\x65\x71\x75\x69\x72\x65\x5f\x66\x6c\x64\x69\x73\x73\x65\x63\x74\0\x66\x69\x62\
\x5f\x68\x61\x73\x5f\x63\x75\x73\x74\x6f\x6d\x5f\x72\x75\x6c\x65\x73\0\x66\x69\
\x62\x5f\x68\x61\x73\x5f\x63\x75\x73\x74\x6f\x6d\x5f\x6c\x6f\x63\x61\x6c\x5f\
\x72\x6f\x75\x74\x65\x73\0\x66\x69\x62\x5f\x6f\x66\x66\x6c\x6f\x61\x64\x5f\x64\
\x69\x73\x61\x62\x6c\x65\x64\0\x66\x69\x62\x5f\x74\x61\x62\x6c\x65\x5f\x68\x61\
\x73\x68\0\x66\x69\x62\x6e\x6c\0\x69\x63\x6d\x70\x5f\x73\x6b\0\x6d\x63\x5f\x61\
\x75\x74\x6f\x6a\x6f\x69\x6e\x5f\x73\x6b\0\x70\x65\x65\x72\x73\0\x66\x71\x64\
\x69\x72\0\x73\x79\x73\x63\x74\x6c\x5f\x69\x63\x6d\x70\x5f\x65\x63\x68\x6f\x5f\
\x69\x67\x6e\x6f\x72\x65\x5f\x61\x6c\x6c\0\x73\x79\x73\x63\x74\x6c\x5f\x69\x63\
\x6d\x70\x5f\x65\x63\x68\x6f\x5f\x65\x6e\x61\x62\x6c\x65\x5f\x70\x72\x6f\x62\
\x65\0\x73\x79\x73\x63\x74\x6c\x5f\x69\x63\x6d\x70\x5f\x65\x63\x68\x6f\x5f\x69\
\x67\x6e\x6f\x72\x65\x5f\x62\x72\x6f\x61\x64\x63\x61\x73\x74\x73\0\x73\x79\x73\
\x63\x74\x6c\x5f\x69\x63\x6d\x70\x5f\x69\x67\x6e\x6f\x72\x65\x5f\x62\x6f\x67\
\x75\x73\x5f\x65\x72\x72\x6f\x72\x5f\x72\x65\x73\x70\x6f\x6e\x73\x65\x73\0\x73\
\x79\x73\x63\x74\x6c\x5f\x69\x63\x6d\x70\x5f\x65\x72\x72\x6f\x72\x73\x5f\x75\
\x73\x65\x5f\x69\x6e\x62\x6f\x75\x6e\x64\x5f\x69\x66\x61\x64\x64\x72\0\x73\x79\
\x73\x63\x74\x6c\x5f\x69\x63\x6d\x70\x5f\x72\x61\x74\x65\x6c\x69\x6d\x69\x74\0\
\x73\x79\x73\x63\x74\x6c\x5f\x69\x63\x6d\x70\x5f\x72\x61\x74\x65\x6d\x61\x73\
\x6b\0\x69\x70\x5f\x6c\x6f\x63\x61\x6c\x5f\x70\x6f\x72\x74\x73\0\x73\x79\x73\
\x63\x74\x6c\x5f\x74\x63\x70\x5f\x65\x63\x6e\0\x73\x79\x73\x63\x74\x6c\x5f\x74\
\x63\x70\x5f\x65\x63\x6e\x5f\x66\x61\x6c\x6c\x62\x61\x63\x6b\0\x73\x79\x73\x63\
\x74\x6c\x5f\x69\x70\x5f\x64\x65\x66\x61\x75\x6c\x74\x5f\x74\x74\x6c\0\x73\x79\
\x73\x63\x74\x6c\x5f\x69\x70\x5f\x6e\x6f\x5f\x70\x6d\x74\x75\x5f\x64\x69\x73\
\x63\0\x73\x79\x73\x63\x74\x6c\x5f\x69\x70\x5f\x66\x77\x64\x5f\x75\x73\x65\x5f\
\x70\x6d\x74\x75\0\x73\x79\x73\x63\x74\x6c\x5f\x69\x70\x5f\x66\x77\x64\x5f\x75\
\x70\x64\x61\x74\x65\x5f\x70\x72\x69\x6f\x72\x69\x74\x79\0\x73\x79\x73\x63\x74\
\x6c\x5f\x69\x70\x5f\x6e\x6f\x6e\x6c\x6f\x63\x61\x6c\x5f\x62\x69\x6e\x64\0\x73\
\x79\x73\x63\x74\x6c\x5f\x69\x70\x5f\x61\x75\x74\x6f\x62\x69\x6e\x64\x5f\x72\
\x65\x75\x73\x65\0\x73\x79\x73\x63\x74\x6c\x5f\x69\x70\x5f\x64\x79\x6e\x61\x64\
\x64\x72\0\x73\x79\x73\x63\x74\x6c\x5f\x69\x70\x5f\x65\x61\x72\x6c\x79\x5f\x64\
\x65\x6d\x75\x78\0\x73\x79\x73\x63\x74\x6c\x5f\x74\x63\x70\x5f\x65\x61\x72\x6c\
\x79\x5f\x64\x65\x6d\x75\x78\0\x73\x79\x73\x63\x74\x6c\x5f\x75\x64\x70\x5f\x65\
\x61\x72\x6c\x79\x5f\x64\x65\x6d\x75\x78\0\x73\x79\x73\x63\x74\x6c\x5f\x6e\x65\
\x78\x74\x68\x6f\x70\x5f\x63\x6f\x6d\x70\x61\x74\x5f\x6d\x6f\x64\x65\0\x73\x79\
\x73\x63\x74\x6c\x5f\x66\x77\x6d\x61\x72\x6b\x5f\x72\x65\x66\x6c\x65\x63\x74\0\
\x73\x79\x73\x63\x74\x6c\x5f\x74\x63\x70\x5f\x66\x77\x6d\x61\x72\x6b\x5f\x61\
\x63\x63\x65\x70\x74\0\x73\x79\x73\x63\x74\x6c\x5f\x74\x63\x70\x5f\x64\x65\x66\
\x61\x75\x6c\x74\x5f\x69\x6e\x69\x74\x5f\x72\x77\x6e\x64\0\x73\x79\x73\x63\x74\
\x6c\x5f\x74\x63\x70\x5f\x6d\x74\x75\x5f\x70\x72\x6f\x62\x69\x6e\x67\0\x73\x79\
\x73\x63\x74\x6c\x5f\x74\x63\x70\x5f\x6d\x74\x75\x5f\x70\x72\x6f\x62\x65\x5f\
\x66\x6c\x6f\x6f\x72\0\x73\x79\x73\x63\x74\x6c\x5f\x74\x63\x70\x5f\x62\x61\x73\
\x65\x5f\x6d\x73\x73\0\x73\x79\x73\x63\x74\x6c\x5f\x74\x63\x70\x5f\x6d\x69\x6e\
\x5f\x73\x6e\x64\x5f\x6d\x73\x73\0\x73\x79\x73\x63\x74\x6c\x5f\x74\x63\x70\x5f\
\x70\x72\x6f\x62\x65\x5f\x74\x68\x72\x65\x73\x68\x6f\x6c\x64\0\x73\x79\x73\x63\
\x74\x6c\x5f\x74\x63\x70\x5f\x70\x72\x6f\x62\x65\x5f\x69\x6e\x74\x65\x72\x76\
\x61\x6c\0\x73\x79\x73\x63\x74\x6c\x5f\x74\x63\x70\x5f\x6b\x65\x65\x70\x61\x6c\
\x69\x76\x65\x5f\x74\x69\x6d\x65\0\x73\x79\x73\x63\x74\x6c\x5f\x74\x63\x70\x5f\
\x6b\x65\x65\x70\x61\x6c\x69\x76\x65\x5f\x69\x6e\x74\x76\x6c\0\x73\x79\x73\x63\
\x74\x6c\x5f\x74\x63\x70\x5f\x6b\x65\x65\x70\x61\x6c\x69\x76\x65\x5f\x70\x72\
\x6f\x62\x65\x73\0\x73\x79\x73\x63\x74\x6c\x5f\x74\x63\x70\x5f\x73\x79\x6e\x5f\
\x72\x65\x74\x72\x69\x65\x73\0\x73\x79\x73\x63\x74\x6c\x5f\x74\x63\x70\x5f\x73\
\x79\x6e\x61\x63\x6b\x5f\x72\x65\x74\x72\x69\x65\x73\0\x73\x79\x73\x63\x74\x6c\
\x5f\x74\x63\x70\x5f\x73\x79\x6e\x63\x6f\x6f\x6b\x69\x65\x73\0\x73\x79\x73\x63\
\x74\x6c\x5f\x74\x63\x70\x5f\x6d\x69\x67\x72\x61\x74\x65\x5f\x72\x65\x71\0\x73\
\x79\x73\x63\x74\x6c\x5f\x74\x63\x70\x5f\x72\x65\x6f\x72\x64\x65\x72\x69\x6e\
\x67\0\x73\x79\x73\x63\x74\x6c\x5f\x74\x63\x70\x5f\x72\x65\x74\x72\x69\x65\x73\
\x31\0\x73\x79\x73\x63\x74\x6c\x5f\x74\x63\x70\x5f\x72\x65\x74\x72\x69\x65\x73\
\x32\0\x73\x79\x73\x63\x74\x6c\x5f\x74\x63\x70\x5f\x6f\x72\x70\x68\x61\x6e\x5f\
\x72\x65\x74\x72\x69\x65\x73\0\x73\x79\x73\x63\x74\x6c\x5f\x74\x63\x70\x5f\x74\
\x77\x5f\x72\x65\x75\x73\x65\0\x73\x79\x73\x63\x74\x6c\x5f\x74\x63\x70\x5f\x66\
\x69\x6e\x5f\x74\x69\x6d\x65\x6f\x75\x74\0\x73\x79\x73\x63\x74\x6c\x5f\x74\x63\
\x70\x5f\x6e\x6f\x74\x73\x65\x6e\x74\x5f\x6c\x6f\x77\x61\x74\0\x73\x79\x73\x63\
\x74\x6c\x5f\x74\x63\x70\x5f\x73\x61\x63\x6b\0\x73\x79\x73\x63\x74\x6c\x5f\x74\
\x63\x70\x5f\x77\x69\x6e\x64\x6f\x77\x5f\x73\x63\x61\x6c\x69\x6e\x67\0\x73\x79\
\x73\x63\x74\x6c\x5f\x74\x63\x70\x5f\x74\x69\x6d\x65\x73\x74\x61\x6d\x70\x73\0\
\x73\x79\x73\x63\x74\x6c\x5f\x74\x63\x70\x5f\x65\x61\x72\x6c\x79\x5f\x72\x65\
\x74\x72\x61\x6e\x73\0\x73\x79\x73\x63\x74\x6c\x5f\x74\x63\x70\x5f\x72\x65\x63\
\x6f\x76\x65\x72\x79\0\x73\x79\x73\x63\x74\x6c\x5f\x74\x63\x70\x5f\x74\x68\x69\
\x6e\x5f\x6c\x69\x6e\x65\x61\x72\x5f\x74\x69\x6d\x65\x6f\x75\x74\x73\0\x73\x79\
\x73\x63\x74\x6c\x5f\x74\x63\x70\x5f\x73\x6c\x6f\x77\x5f\x73\x74\x61\x72\x74\
\x5f\x61\x66\x74\x65\x72\x5f\x69\x64\x6c\x65\0\x73\x79\x73\x63\x74\x6c\x5f\x74\
\x63\x70\x5f\x72\x65\x74\x72\x61\x6e\x73\x5f\x63\x6f\x6c\x6c\x61\x70\x73\x65\0\
\x73\x79\x73\x63\x74\x6c\x5f\x74\x63\x70\x5f\x73\x74\x64\x75\x72\x67\0\x73\x79\
\x73\x63\x74\x6c\x5f\x74\x63\x70\x5f\x72\x66\x63\x31\x33\x33\x37\0\x73\x79\x73\
\x63\x74\x6c\x5f\x74\x63\x70\x5f\x61\x62\x6f\x72\x74\x5f\x6f\x6e\x5f\x6f\x76\
\x65\x72\x66\x6c\x6f\x77\0\x73\x79\x73\x63\x74\x6c\x5f\x74\x63\x70\x5f\x66\x61\
\x63\x6b\0\x73\x79\x73\x63\x74\x6c\x5f\x74\x63\x70\x5f\x6d\x61\x78\x5f\x72\x65\
\x6f\x72\x64\x65\x72\x69\x6e\x67\0\x73\x79\x73\x63\x74\x6c\x5f\x74\x63\x70\x5f\
\x61\x64\x76\x5f\x77\x69\x6e\x5f\x73\x63\x61\x6c\x65\0\x73\x79\x73\x63\x74\x6c\
\x5f\x74\x63\x70\x5f\x64\x73\x61\x63\x6b\0\x73\x79\x73\x63\x74\x6c\x5f\x74\x63\
\x70\x5f\x61\x70\x70\x5f\x77\x69\x6e\0\x73\x79\x73\x63\x74\x6c\x5f\x74\x63\x70\
\x5f\x66\x72\x74\x6f\0\x73\x79\x73\x63\x74\x6c\x5f\x74\x63\x70\x5f\x6e\x6f\x6d\
\x65\x74\x72\x69\x63\x73\x5f\x73\x61\x76\x65\0\x73\x79\x73\x63\x74\x6c\x5f\x74\
\x63\x70\x5f\x6e\x6f\x5f\x73\x73\x74\x68\x72\x65\x73\x68\x5f\x6d\x65\x74\x72\
\x69\x63\x73\x5f\x73\x61\x76\x65\0\x73\x79\x73\x63\x74\x6c\x5f\x74\x63\x70\x5f\
\x6d\x6f\x64\x65\x72\x61\x74\x65\x5f\x72\x63\x76\x62\x75\x66\0\x73\x79\x73\x63\
\x74\x6c\x5f\x74\x63\x70\x5f\x74\x73\x6f\x5f\x77\x69\x6e\x5f\x64\x69\x76\x69\
\x73\x6f\x72\0\x73\x79\x73\x63\x74\x6c\x5f\x74\x63\x70\x5f\x77\x6f\x72\x6b\x61\
\x72\x6f\x75\x6e\x64\x5f\x73\x69\x67\x6e\x65\x64\x5f\x77\x69\x6e\x64\x6f\x77\
\x73\0\x73\x79\x73\x63\x74\x6c\x5f\x74\x63\x70\x5f\x6c\x69\x6d\x69\x74\x5f\x6f\
\x75\x74\x70\x75\x74\x5f\x62\x79\x74\x65\x73\0\x73\x79\x73\x63\x74\x6c\x5f\x74\
\x63\x70\x5f\x63\x68\x61\x6c\x6c\x65\x6e\x67\x65\x5f\x61\x63\x6b\x5f\x6c\x69\
\x6d\x69\x74\0\x73\x79\x73\x63\x74\x6c\x5f\x74\x63\x70\x5f\x6d\x69\x6e\x5f\x72\
\x74\x74\x5f\x77\x6c\x65\x6e\0\x73\x79\x73\x63\x74\x6c\x5f\x74\x63\x70\x5f\x6d\
\x69\x6e\x5f\x74\x73\x6f\x5f\x73\x65\x67\x73\0\x73\x79\x73\x63\x74\x6c\x5f\x74\
\x63\x70\x5f\x61\x75\x74\x6f\x63\x6f\x72\x6b\x69\x6e\x67\0\x73\x79\x73\x63\x74\
\x6c\x5f\x74\x63\x70\x5f\x72\x65\x66\x6c\x65\x63\x74\x5f\x74\x6f\x73\0\x73\x79\
\x73\x63\x74\x6c\x5f\x74\x63\x70\x5f\x63\x6f\x6d\x70\x5f\x73\x61\x63\x6b\x5f\
\x6e\x72\0\x73\x79\x73\x63\x74\x6c\x5f\x74\x63\x70\x5f\x69\x6e\x76\x61\x6c\x69\
\x64\x5f\x72\x61\x74\x65\x6c\x69\x6d\x69\x74\0\x73\x79\x73\x63\x74\x6c\x5f\x74\
\x63\x70\x5f\x70\x61\x63\x69\x6e\x67\x5f\x73\x73\x5f\x72\x61\x74\x69\x6f\0\x73\
\x79\x73\x63\x74\x6c\x5f\x74\x63\x70\x5f\x70\x61\x63\x69\x6e\x67\x5f\x63\x61\
\x5f\x72\x61\x74\x69\x6f\0\x73\x79\x73\x63\x74\x6c\x5f\x74\x63\x70\x5f\x77\x6d\
\x65\x6d\0\x73\x79\x73\x63\x74\x6c\x5f\x74\x63\x70\x5f\x72\x6d\x65\x6d\0\x73\
\x79\x73\x63\x74\x6c\x5f\x74\x63\x70\x5f\x63\x6f\x6d\x70\x5f\x73\x61\x63\x6b\
\x5f\x64\x65\x6c\x61\x79\x5f\x6e\x73\0\x73\x79\x73\x63\x74\x6c\x5f\x74\x63\x70\
\x5f\x63\x6f\x6d\x70\x5f\x73\x61\x63\x6b\x5f\x73\x6c\x61\x63\x6b\x5f\x6e\x73\0\
\x73\x79\x73\x63\x74\x6c\x5f\x6d\x61\x78\x5f\x73\x79\x6e\x5f\x62\x61\x63\x6b\
\x6c\x6f\x67\0\x73\x79\x73\x63\x74\x6c\x5f\x74\x63\x70\x5f\x66\x61\x73\x74\x6f\
\x70\x65\x6e\0\x74\x63\x70\x5f\x63\x6f\x6e\x67\x65\x73\x74\x69\x6f\x6e\x5f\x63\
\x6f\x6e\x74\x72\x6f\x6c\0\x74\x63\x70\x5f\x66\x61\x73\x74\x6f\x70\x65\x6e\x5f\
\x63\x74\x78\0\x73\x79\x73\x63\x74\x6c\x5f\x74\x63\x70\x5f\x66\x61\x73\x74\x6f\
\x70\x65\x6e\x5f\x62\x6c\x61\x63\x6b\x68\x6f\x6c\x65\x5f\x74\x69\x6d\x65\x6f\
\x75\x74\0\x74\x66\x6f\x5f\x61\x63\x74\x69\x76\x65\x5f\x64\x69\x73\x61\x62\x6c\
\x65\x5f\x74\x69\x6d\x65\x73\0\x74\x66\x6f\x5f\x61\x63\x74\x69\x76\x65\x5f\x64\
\x69\x73\x61\x62\x6c\x65\x5f\x73\x74\x61\x6d\x70\0\x73\x79\x73\x63\x74\x6c\x5f\
\x75\x64\x70\x5f\x77\x6d\x65\x6d\x5f\x6d\x69\x6e\0\x73\x79\x73\x63\x74\x6c\x5f\
\x75\x64\x70\x5f\x72\x6d\x65\x6d\x5f\x6d\x69\x6e\0\x73\x79\x73\x63\x74\x6c\x5f\
\x66\x69\x62\x5f\x6e\x6f\x74\x69\x66\x79\x5f\x6f\x6e\x5f\x66\x6c\x61\x67\x5f\
\x63\x68\x61\x6e\x67\x65\0\x73\x79\x73\x63\x74\x6c\x5f\x69\x67\x6d\x70\x5f\x6c\
\x6c\x6d\x5f\x72\x65\x70\x6f\x72\x74\x73\0\x73\x79\x73\x63\x74\x6c\x5f\x69\x67\
\x6d\x70\x5f\x6d\x61\x78\x5f\x6d\x65\x6d\x62\x65\x72\x73\x68\x69\x70\x73\0\x73\
\x79\x73\x63\x74\x6c\x5f\x69\x67\x6d\x70\x5f\x6d\x61\x78\x5f\x6d\x73\x66\0\x73\
\x79\x73\x63\x74\x6c\x5f\x69\x67\x6d\x70\x5f\x71\x72\x76\0\x70\x69\x6e\x67\x5f\
\x67\x72\x6f\x75\x70\x5f\x72\x61\x6e\x67\x65\0\x64\x65\x76\x5f\x61\x64\x64\x72\
\x5f\x67\x65\x6e\x69\x64\0\x73\x79\x73\x63\x74\x6c\x5f\x6c\x6f\x63\x61\x6c\x5f\
\x72\x65\x73\x65\x72\x76\x65\x64\x5f\x70\x6f\x72\x74\x73\0\x73\x79\x73\x63\x74\
\x6c\x5f\x69\x70\x5f\x70\x72\x6f\x74\x5f\x73\x6f\x63\x6b\0\x6d\x72\x74\0\x73\
\x79\x73\x63\x74\x6c\x5f\x66\x69\x62\x5f\x6d\x75\x6c\x74\x69\x70\x61\x74\x68\
\x5f\x68\x61\x73\x68\x5f\x66\x69\x65\x6c\x64\x73\0\x73\x79\x73\x63\x74\x6c\x5f\
\x66\x69\x62\x5f\x6d\x75\x6c\x74\x69\x70\x61\x74\x68\x5f\x75\x73\x65\x5f\x6e\
\x65\x69\x67\x68\0\x73\x79\x73\x63\x74\x6c\x5f\x66\x69\x62\x5f\x6d\x75\x6c\x74\
\x69\x70\x61\x74\x68\x5f\x68\x61\x73\x68\x5f\x70\x6f\x6c\x69\x63\x79\0\x6e\x6f\
\x74\x69\x66\x69\x65\x72\x5f\x6f\x70\x73\0\x66\x69\x62\x5f\x73\x65\x71\0\x69\
\x70\x6d\x72\x5f\x6e\x6f\x74\x69\x66\x69\x65\x72\x5f\x6f\x70\x73\0\x69\x70\x6d\
\x72\x5f\x73\x65\x71\0\x72\x74\x5f\x67\x65\x6e\x69\x64\0\x69\x70\x5f\x69\x64\
\x5f\x6b\x65\x79\0\x69\x6e\x65\x74\x5f\x74\x69\x6d\x65\x77\x61\x69\x74\x5f\x64\
\x65\x61\x74\x68\x5f\x72\x6f\x77\0\x74\x77\x5f\x63\x6f\x75\x6e\x74\0\x74\x77\
\x5f\x70\x61\x64\0\x68\x61\x73\x68\x69\x6e\x66\x6f\0\x73\x79\x73\x63\x74\x6c\
\x5f\x6d\x61\x78\x5f\x74\x77\x5f\x62\x75\x63\x6b\x65\x74\x73\0\x6c\x6f\x63\x61\
\x6c\x5f\x70\x6f\x72\x74\x73\0\x72\x61\x6e\x67\x65\0\x77\x61\x72\x6e\x65\x64\0\
\x73\x65\x71\x6c\x6f\x63\x6b\x5f\x74\0\x73\x69\x70\x68\x61\x73\x68\x5f\x6b\x65\
\x79\x5f\x74\0\x6e\x65\x74\x6e\x73\x5f\x69\x70\x76\x36\0\x69\x70\x36\x5f\x64\
\x73\x74\x5f\x6f\x70\x73\0\x73\x79\x73\x63\x74\x6c\0\x66\x69\x62\x36\x5f\x6e\
\x75\x6c\x6c\x5f\x65\x6e\x74\x72\x79\0\x69\x70\x36\x5f\x6e\x75\x6c\x6c\x5f\x65\
\x6e\x74\x72\x79\0\x72\x74\x36\x5f\x73\x74\x61\x74\x73\0\x69\x70\x36\x5f\x66\
\x69\x62\x5f\x74\x69\x6d\x65\x72\0\x66\x69\x62\x36\x5f\x6d\x61\x69\x6e\x5f\x74\
\x62\x6c\0\x66\x69\x62\x36\x5f\x77\x61\x6c\x6b\x65\x72\x73\0\x66\x69\x62\x36\
\x5f\x77\x61\x6c\x6b\x65\x72\x5f\x6c\x6f\x63\x6b\0\x66\x69\x62\x36\x5f\x67\x63\
\x5f\x6c\x6f\x63\x6b\0\x69\x70\x36\x5f\x72\x74\x5f\x67\x63\x5f\x65\x78\x70\x69\
\x72\x65\0\x69\x70\x36\x5f\x72\x74\x5f\x6c\x61\x73\x74\x5f\x67\x63\0\x66\x6c\
\x6f\x77\x6c\x61\x62\x65\x6c\x5f\x68\x61\x73\x5f\x65\x78\x63\x6c\0\x66\x69\x62\
\x36\x5f\x68\x61\x73\x5f\x63\x75\x73\x74\x6f\x6d\x5f\x72\x75\x6c\x65\x73\0\x66\
\x69\x62\x36\x5f\x72\x75\x6c\x65\x73\x5f\x72\x65\x71\x75\x69\x72\x65\x5f\x66\
\x6c\x64\x69\x73\x73\x65\x63\x74\0\x69\x70\x36\x5f\x70\x72\x6f\x68\x69\x62\x69\
\x74\x5f\x65\x6e\x74\x72\x79\0\x69\x70\x36\x5f\x62\x6c\x6b\x5f\x68\x6f\x6c\x65\
\x5f\x65\x6e\x74\x72\x79\0\x66\x69\x62\x36\x5f\x6c\x6f\x63\x61\x6c\x5f\x74\x62\
\x6c\0\x66\x69\x62\x36\x5f\x72\x75\x6c\x65\x73\x5f\x6f\x70\x73\0\x6e\x64\x69\
\x73\x63\x5f\x73\x6b\0\x74\x63\x70\x5f\x73\x6b\0\x69\x67\x6d\x70\x5f\x73\x6b\0\
\x66\x69\x62\x36\x5f\x73\x65\x72\x6e\x75\x6d\0\x73\x65\x67\x36\x5f\x64\x61\x74\
\x61\0\x69\x70\x36\x6d\x72\x5f\x6e\x6f\x74\x69\x66\x69\x65\x72\x5f\x6f\x70\x73\
\0\x69\x70\x36\x61\x64\x64\x72\x6c\x62\x6c\x5f\x74\x61\x62\x6c\x65\0\x69\x6f\
\x61\x6d\x36\x5f\x64\x61\x74\x61\0\x64\x73\x74\x5f\x6f\x70\x73\0\x67\x63\x5f\
\x74\x68\x72\x65\x73\x68\0\x67\x63\0\x63\x68\x65\x63\x6b\0\x64\x65\x66\x61\x75\
\x6c\x74\x5f\x61\x64\x76\x6d\x73\x73\0\x6d\x74\x75\0\x63\x6f\x77\x5f\x6d\x65\
\x74\x72\x69\x63\x73\0\x69\x66\x64\x6f\x77\x6e\0\x6e\x65\x67\x61\x74\x69\x76\
\x65\x5f\x61\x64\x76\x69\x63\x65\0\x6c\x69\x6e\x6b\x5f\x66\x61\x69\x6c\x75\x72\
\x65\0\x75\x70\x64\x61\x74\x65\x5f\x70\x6d\x74\x75\0\x72\x65\x64\x69\x72\x65\
\x63\x74\0\x6c\x6f\x63\x61\x6c\x5f\x6f\x75\x74\0\x6e\x65\x69\x67\x68\x5f\x6c\
\x6f\x6f\x6b\x75\x70\0\x63\x6f\x6e\x66\x69\x72\x6d\x5f\x6e\x65\x69\x67\x68\0\
\x6b\x6d\x65\x6d\x5f\x63\x61\x63\x68\x65\x70\0\x70\x63\x70\x75\x63\x5f\x65\x6e\
\x74\x72\x69\x65\x73\0\x6e\x65\x74\x5f\x64\x65\x76\x69\x63\x65\0\x6e\x61\x6d\
\x65\0\x6e\x61\x6d\x65\x5f\x6e\x6f\x64\x65\0\x69\x66\x61\x6c\x69\x61\x73\0\x6d\
\x65\x6d\x5f\x65\x6e\x64\0\x6d\x65\x6d\x5f\x73\x74\x61\x72\x74\0\x62\x61\x73\
\x65\x5f\x61\x64\x64\x72\0\x64\x65\x76\x5f\x6c\x69\x73\x74\0\x6e\x61\x70\x69\
\x5f\x6c\x69\x73\x74\0\x75\x6e\x72\x65\x67\x5f\x6c\x69\x73\x74\0\x63\x6c\x6f\
\x73\x65\x5f\x6c\x69\x73\x74\0\x70\x74\x79\x70\x65\x5f\x61\x6c\x6c\0\x70\x74\
\x79\x70\x65\x5f\x73\x70\x65\x63\x69\x66\x69\x63\0\x61\x64\x6a\x5f\x6c\x69\x73\
\x74\0\x70\x72\x69\x76\x5f\x66\x6c\x61\x67\x73\0\x6e\x65\x74\x64\x65\x76\x5f\
\x6f\x70\x73\0\x67\x66\x6c\x61\x67\x73\0\x68\x61\x72\x64\x5f\x68\x65\x61\x64\
\x65\x72\x5f\x6c\x65\x6e\0\x6e\x65\x65\x64\x65\x64\x5f\x68\x65\x61\x64\x72\x6f\
\x6f\x6d\0\x6e\x65\x65\x64\x65\x64\x5f\x74\x61\x69\x6c\x72\x6f\x6f\x6d\0\x66\
\x65\x61\x74\x75\x72\x65\x73\0\x68\x77\x5f\x66\x65\x61\x74\x75\x72\x65\x73\0\
\x77\x61\x6e\x74\x65\x64\x5f\x66\x65\x61\x74\x75\x72\x65\x73\0\x76\x6c\x61\x6e\
\x5f\x66\x65\x61\x74\x75\x72\x65\x73\0\x68\x77\x5f\x65\x6e\x63\x5f\x66\x65\x61\
\x74\x75\x72\x65\x73\0\x6d\x70\x6c\x73\x5f\x66\x65\x61\x74\x75\x72\x65\x73\0\
\x67\x73\x6f\x5f\x70\x61\x72\x74\x69\x61\x6c\x5f\x66\x65\x61\x74\x75\x72\x65\
\x73\0\x6d\x69\x6e\x5f\x6d\x74\x75\0\x6d\x61\x78\x5f\x6d\x74\x75\0\x6d\x69\x6e\
\x5f\x68\x65\x61\x64\x65\x72\x5f\x6c\x65\x6e\0\x6e\x61\x6d\x65\x5f\x61\x73\x73\
\x69\x67\x6e\x5f\x74\x79\x70\x65\0\x67\x72\x6f\x75\x70\0\x72\x78\x5f\x64\x72\
\x6f\x70\x70\x65\x64\0\x74\x78\x5f\x64\x72\x6f\x70\x70\x65\x64\0\x72\x78\x5f\
\x6e\x6f\x68\x61\x6e\x64\x6c\x65\x72\0\x63\x61\x72\x72\x69\x65\x72\x5f\x75\x70\
\x5f\x63\x6f\x75\x6e\x74\0\x63\x61\x72\x72\x69\x65\x72\x5f\x64\x6f\x77\x6e\x5f\
\x63\x6f\x75\x6e\x74\0\x65\x74\x68\x74\x6f\x6f\x6c\x5f\x6f\x70\x73\0\x6e\x64\
\x69\x73\x63\x5f\x6f\x70\x73\0\x68\x65\x61\x64\x65\x72\x5f\x6f\x70\x73\0\x6f\
\x70\x65\x72\x73\x74\x61\x74\x65\0\x6c\x69\x6e\x6b\x5f\x6d\x6f\x64\x65\0\x69\
\x66\x5f\x70\x6f\x72\x74\0\x64\x6d\x61\0\x70\x65\x72\x6d\x5f\x61\x64\x64\x72\0\
\x61\x64\x64\x72\x5f\x61\x73\x73\x69\x67\x6e\x5f\x74\x79\x70\x65\0\x61\x64\x64\
\x72\x5f\x6c\x65\x6e\0\x75\x70\x70\x65\x72\x5f\x6c\x65\x76\x65\x6c\0\x6c\x6f\
\x77\x65\x72\x5f\x6c\x65\x76\x65\x6c\0\x6e\x65\x69\x67\x68\x5f\x70\x72\x69\x76\
\x5f\x6c\x65\x6e\0\x64\x65\x76\x5f\x69\x64\0\x64\x65\x76\x5f\x70\x6f\x72\x74\0\
\x70\x61\x64\x64\x65\x64\0\x61\x64\x64\x72\x5f\x6c\x69\x73\x74\x5f\x6c\x6f\x63\
\x6b\0\x69\x72\x71\0\x75\x63\0\x6d\x63\0\x64\x65\x76\x5f\x61\x64\x64\x72\x73\0\
\x71\x75\x65\x75\x65\x73\x5f\x6b\x73\x65\x74\0\x70\x72\x6f\x6d\x69\x73\x63\x75\
\x69\x74\x79\0\x61\x6c\x6c\x6d\x75\x6c\x74\x69\0\x75\x63\x5f\x70\x72\x6f\x6d\
\x69\x73\x63\0\x76\x6c\x61\x6e\x5f\x69\x6e\x66\x6f\0\x69\x70\x5f\x70\x74\x72\0\
\x69\x70\x36\x5f\x70\x74\x72\0\x69\x65\x65\x65\x38\x30\x32\x31\x31\x5f\x70\x74\
\x72\0\x69\x65\x65\x65\x38\x30\x32\x31\x35\x34\x5f\x70\x74\x72\0\x64\x65\x76\
\x5f\x61\x64\x64\x72\0\x5f\x72\x78\0\x6e\x75\x6d\x5f\x72\x78\x5f\x71\x75\x65\
\x75\x65\x73\0\x72\x65\x61\x6c\x5f\x6e\x75\x6d\x5f\x72\x78\x5f\x71\x75\x65\x75\
\x65\x73\0\x78\x64\x70\x5f\x70\x72\x6f\x67\0\x67\x72\x6f\x5f\x66\x6c\x75\x73\
\x68\x5f\x74\x69\x6d\x65\x6f\x75\x74\0\x6e\x61\x70\x69\x5f\x64\x65\x66\x65\x72\
\x5f\x68\x61\x72\x64\x5f\x69\x72\x71\x73\0\x72\x78\x5f\x68\x61\x6e\x64\x6c\x65\
\x72\0\x72\x78\x5f\x68\x61\x6e\x64\x6c\x65\x72\x5f\x64\x61\x74\x61\0\x6d\x69\
\x6e\x69\x71\x5f\x69\x6e\x67\x72\x65\x73\x73\0\x69\x6e\x67\x72\x65\x73\x73\x5f\
\x71\x75\x65\x75\x65\0\x6e\x66\x5f\x68\x6f\x6f\x6b\x73\x5f\x69\x6e\x67\x72\x65\
\x73\x73\0\x62\x72\x6f\x61\x64\x63\x61\x73\x74\0\x72\x78\x5f\x63\x70\x75\x5f\
\x72\x6d\x61\x70\0\x69\x6e\x64\x65\x78\x5f\x68\x6c\x69\x73\x74\0\x5f\x74\x78\0\
\x6e\x75\x6d\x5f\x74\x78\x5f\x71\x75\x65\x75\x65\x73\0\x72\x65\x61\x6c\x5f\x6e\
\x75\x6d\x5f\x74\x78\x5f\x71\x75\x65\x75\x65\x73\0\x71\x64\x69\x73\x63\0\x74\
\x78\x5f\x71\x75\x65\x75\x65\x5f\x6c\x65\x6e\0\x74\x78\x5f\x67\x6c\x6f\x62\x61\
\x6c\x5f\x6c\x6f\x63\x6b\0\x78\x64\x70\x5f\x62\x75\x6c\x6b\x71\0\x78\x70\x73\
\x5f\x6d\x61\x70\x73\0\x6d\x69\x6e\x69\x71\x5f\x65\x67\x72\x65\x73\x73\0\x71\
\x64\x69\x73\x63\x5f\x68\x61\x73\x68\0\x77\x61\x74\x63\x68\x64\x6f\x67\x5f\x74\
\x69\x6d\x65\x72\0\x77\x61\x74\x63\x68\x64\x6f\x67\x5f\x74\x69\x6d\x65\x6f\0\
\x70\x72\x6f\x74\x6f\x5f\x64\x6f\x77\x6e\x5f\x72\x65\x61\x73\x6f\x6e\0\x74\x6f\
\x64\x6f\x5f\x6c\x69\x73\x74\0\x70\x63\x70\x75\x5f\x72\x65\x66\x63\x6e\x74\0\
\x6c\x69\x6e\x6b\x5f\x77\x61\x74\x63\x68\x5f\x6c\x69\x73\x74\0\x72\x65\x67\x5f\
\x73\x74\x61\x74\x65\0\x64\x69\x73\x6d\x61\x6e\x74\x6c\x65\0\x72\x74\x6e\x6c\
\x5f\x6c\x69\x6e\x6b\x5f\x73\x74\x61\x74\x65\0\x6e\x65\x65\x64\x73\x5f\x66\x72\
\x65\x65\x5f\x6e\x65\x74\x64\x65\x76\0\x70\x72\x69\x76\x5f\x64\x65\x73\x74\x72\
\x75\x63\x74\x6f\x72\0\x6e\x64\x5f\x6e\x65\x74\0\x6d\x6c\x5f\x70\x72\x69\x76\0\
\x6d\x6c\x5f\x70\x72\x69\x76\x5f\x74\x79\x70\x65\0\x73\x79\x73\x66\x73\x5f\x67\
\x72\x6f\x75\x70\x73\0\x73\x79\x73\x66\x73\x5f\x72\x78\x5f\x71\x75\x65\x75\x65\
\x5f\x67\x72\x6f\x75\x70\0\x72\x74\x6e\x6c\x5f\x6c\x69\x6e\x6b\x5f\x6f\x70\x73\
\0\x67\x73\x6f\x5f\x6d\x61\x78\x5f\x73\x69\x7a\x65\0\x67\x73\x6f\x5f\x6d\x61\
\x78\x5f\x73\x65\x67\x73\0\x6e\x75\x6d\x5f\x74\x63\0\x74\x63\x5f\x74\x6f\x5f\
\x74\x78\x71\0\x70\x72\x69\x6f\x5f\x74\x63\x5f\x6d\x61\x70\0\x70\x68\x79\x64\
\x65\x76\0\x73\x66\x70\x5f\x62\x75\x73\0\x71\x64\x69\x73\x63\x5f\x74\x78\x5f\
\x62\x75\x73\x79\x6c\x6f\x63\x6b\0\x71\x64\x69\x73\x63\x5f\x72\x75\x6e\x6e\x69\
\x6e\x67\x5f\x6b\x65\x79\0\x70\x72\x6f\x74\x6f\x5f\x64\x6f\x77\x6e\0\x77\x6f\
\x6c\x5f\x65\x6e\x61\x62\x6c\x65\x64\0\x74\x68\x72\x65\x61\x64\x65\x64\0\x6e\
\x65\x74\x5f\x6e\x6f\x74\x69\x66\x69\x65\x72\x5f\x6c\x69\x73\x74\0\x75\x64\x70\
\x5f\x74\x75\x6e\x6e\x65\x6c\x5f\x6e\x69\x63\x5f\x69\x6e\x66\x6f\0\x75\x64\x70\
\x5f\x74\x75\x6e\x6e\x65\x6c\x5f\x6e\x69\x63\0\x78\x64\x70\x5f\x73\x74\x61\x74\
\x65\0\x75\x70\x70\x65\x72\0\x6c\x6f\x77\x65\x72\0\x6e\x65\x74\x5f\x64\x65\x76\
\x69\x63\x65\x5f\x73\x74\x61\x74\x73\0\x72\x78\x5f\x70\x61\x63\x6b\x65\x74\x73\
\0\x5f\x5f\x72\x78\x5f\x70\x61\x63\x6b\x65\x74\x73\0\x74\x78\x5f\x70\x61\x63\
\x6b\x65\x74\x73\0\x5f\x5f\x74\x78\x5f\x70\x61\x63\x6b\x65\x74\x73\0\x5f\x5f\
\x72\x78\x5f\x62\x79\x74\x65\x73\0\x5f\x5f\x74\x78\x5f\x62\x79\x74\x65\x73\0\
\x72\x78\x5f\x65\x72\x72\x6f\x72\x73\0\x5f\x5f\x72\x78\x5f\x65\x72\x72\x6f\x72\
\x73\0\x74\x78\x5f\x65\x72\x72\x6f\x72\x73\0\x5f\x5f\x74\x78\x5f\x65\x72\x72\
\x6f\x72\x73\0\x5f\x5f\x72\x78\x5f\x64\x72\x6f\x70\x70\x65\x64\0\x5f\x5f\x74\
\x78\x5f\x64\x72\x6f\x70\x70\x65\x64\0\x6d\x75\x6c\x74\x69\x63\x61\x73\x74\0\
\x5f\x5f\x6d\x75\x6c\x74\x69\x63\x61\x73\x74\0\x63\x6f\x6c\x6c\x69\x73\x69\x6f\
\x6e\x73\0\x5f\x5f\x63\x6f\x6c\x6c\x69\x73\x69\x6f\x6e\x73\0\x72\x78\x5f\x6c\
\x65\x6e\x67\x74\x68\x5f\x65\x72\x72\x6f\x72\x73\0\x5f\x5f\x72\x78\x5f\x6c\x65\
\x6e\x67\x74\x68\x5f\x65\x72\x72\x6f\x72\x73\0\x72\x78\x5f\x6f\x76\x65\x72\x5f\
\x65\x72\x72\x6f\x72\x73\0\x5f\x5f\x72\x78\x5f\x6f\x76\x65\x72\x5f\x65\x72\x72\
\x6f\x72\x73\0\x72\x78\x5f\x63\x72\x63\x5f\x65\x72\x72\x6f\x72\x73\0\x5f\x5f\
\x72\x78\x5f\x63\x72\x63\x5f\x65\x72\x72\x6f\x72\x73\0\x72\x78\x5f\x66\x72\x61\
\x6d\x65\x5f\x65\x72\x72\x6f\x72\x73\0\x5f\x5f\x72\x78\x5f\x66\x72\x61\x6d\x65\
\x5f\x65\x72\x72\x6f\x72\x73\0\x72\x78\x5f\x66\x69\x66\x6f\x5f\x65\x72\x72\x6f\
\x72\x73\0\x5f\x5f\x72\x78\x5f\x66\x69\x66\x6f\x5f\x65\x72\x72\x6f\x72\x73\0\
\x72\x78\x5f\x6d\x69\x73\x73\x65\x64\x5f\x65\x72\x72\x6f\x72\x73\0\x5f\x5f\x72\
\x78\x5f\x6d\x69\x73\x73\x65\x64\x5f\x65\x72\x72\x6f\x72\x73\0\x74\x78\x5f\x61\
\x62\x6f\x72\x74\x65\x64\x5f\x65\x72\x72\x6f\x72\x73\0\x5f\x5f\x74\x78\x5f\x61\
\x62\x6f\x72\x74\x65\x64\x5f\x65\x72\x72\x6f\x72\x73\0\x74\x78\x5f\x63\x61\x72\
\x72\x69\x65\x72\x5f\x65\x72\x72\x6f\x72\x73\0\x5f\x5f\x74\x78\x5f\x63\x61\x72\
\x72\x69\x65\x72\x5f\x65\x72\x72\x6f\x72\x73\0\x74\x78\x5f\x66\x69\x66\x6f\x5f\
\x65\x72\x72\x6f\x72\x73\0\x5f\x5f\x74\x78\x5f\x66\x69\x66\x6f\x5f\x65\x72\x72\
\x6f\x72\x73\0\x74\x78\x5f\x68\x65\x61\x72\x74\x62\x65\x61\x74\x5f\x65\x72\x72\
\x6f\x72\x73\0\x5f\x5f\x74\x78\x5f\x68\x65\x61\x72\x74\x62\x65\x61\x74\x5f\x65\
\x72\x72\x6f\x72\x73\0\x74\x78\x5f\x77\x69\x6e\x64\x6f\x77\x5f\x65\x72\x72\x6f\
\x72\x73\0\x5f\x5f\x74\x78\x5f\x77\x69\x6e\x64\x6f\x77\x5f\x65\x72\x72\x6f\x72\
\x73\0\x72\x78\x5f\x63\x6f\x6d\x70\x72\x65\x73\x73\x65\x64\0\x5f\x5f\x72\x78\
\x5f\x63\x6f\x6d\x70\x72\x65\x73\x73\x65\x64\0\x74\x78\x5f\x63\x6f\x6d\x70\x72\
\x65\x73\x73\x65\x64\0\x5f\x5f\x74\x78\x5f\x63\x6f\x6d\x70\x72\x65\x73\x73\x65\
\x64\0\x6e\x65\x74\x64\x65\x76\x5f\x68\x77\x5f\x61\x64\x64\x72\x5f\x6c\x69\x73\
\x74\0\x72\x78\x5f\x68\x61\x6e\x64\x6c\x65\x72\x5f\x66\x75\x6e\x63\x5f\x74\0\
\x72\x78\x5f\x68\x61\x6e\x64\x6c\x65\x72\x5f\x72\x65\x73\x75\x6c\x74\x5f\x74\0\
\x72\x78\x5f\x68\x61\x6e\x64\x6c\x65\x72\x5f\x72\x65\x73\x75\x6c\x74\0\x52\x58\
\x5f\x48\x41\x4e\x44\x4c\x45\x52\x5f\x43\x4f\x4e\x53\x55\x4d\x45\x44\0\x52\x58\
\x5f\x48\x41\x4e\x44\x4c\x45\x52\x5f\x41\x4e\x4f\x54\x48\x45\x52\0\x52\x58\x5f\
\x48\x41\x4e\x44\x4c\x45\x52\x5f\x45\x58\x41\x43\x54\0\x52\x58\x5f\x48\x41\x4e\
\x44\x4c\x45\x52\x5f\x50\x41\x53\x53\0\x78\x70\x73\x5f\x64\x65\x76\x5f\x6d\x61\
\x70\x73\0\x6e\x72\x5f\x69\x64\x73\0\x61\x74\x74\x72\x5f\x6d\x61\x70\0\x78\x70\
\x73\x5f\x6d\x61\x70\0\x61\x6c\x6c\x6f\x63\x5f\x6c\x65\x6e\0\x71\x75\x65\x75\
\x65\x73\0\x4e\x45\x54\x52\x45\x47\x5f\x55\x4e\x49\x4e\x49\x54\x49\x41\x4c\x49\
\x5a\x45\x44\0\x4e\x45\x54\x52\x45\x47\x5f\x52\x45\x47\x49\x53\x54\x45\x52\x45\
\x44\0\x4e\x45\x54\x52\x45\x47\x5f\x55\x4e\x52\x45\x47\x49\x53\x54\x45\x52\x49\
\x4e\x47\0\x4e\x45\x54\x52\x45\x47\x5f\x55\x4e\x52\x45\x47\x49\x53\x54\x45\x52\
\x45\x44\0\x4e\x45\x54\x52\x45\x47\x5f\x52\x45\x4c\x45\x41\x53\x45\x44\0\x4e\
\x45\x54\x52\x45\x47\x5f\x44\x55\x4d\x4d\x59\0\x52\x54\x4e\x4c\x5f\x4c\x49\x4e\
\x4b\x5f\x49\x4e\x49\x54\x49\x41\x4c\x49\x5a\x45\x44\0\x52\x54\x4e\x4c\x5f\x4c\
\x49\x4e\x4b\x5f\x49\x4e\x49\x54\x49\x41\x4c\x49\x5a\x49\x4e\x47\0\x6e\x65\x74\
\x64\x65\x76\x5f\x6d\x6c\x5f\x70\x72\x69\x76\x5f\x74\x79\x70\x65\0\x4d\x4c\x5f\
\x50\x52\x49\x56\x5f\x4e\x4f\x4e\x45\0\x4d\x4c\x5f\x50\x52\x49\x56\x5f\x43\x41\
\x4e\0\x6c\x73\x74\x61\x74\x73\0\x74\x73\x74\x61\x74\x73\0\x64\x73\x74\x61\x74\
\x73\0\x70\x63\x70\x75\x5f\x64\x73\x74\x61\x74\x73\0\x64\x65\x76\x69\x63\x65\0\
\x6b\x6f\x62\x6a\0\x69\x6e\x69\x74\x5f\x6e\x61\x6d\x65\0\x62\x75\x73\0\x64\x72\
\x69\x76\x65\x72\0\x70\x6c\x61\x74\x66\x6f\x72\x6d\x5f\x64\x61\x74\x61\0\x64\
\x72\x69\x76\x65\x72\x5f\x64\x61\x74\x61\0\x6c\x69\x6e\x6b\x73\0\x70\x6f\x77\
\x65\x72\0\x70\x6d\x5f\x64\x6f\x6d\x61\x69\x6e\0\x6d\x73\x69\x5f\x64\x6f\x6d\
\x61\x69\x6e\0\x70\x69\x6e\x73\0\x6d\x73\x69\x5f\x6c\x6f\x63\x6b\0\x6d\x73\x69\
\x5f\x6c\x69\x73\x74\0\x64\x6d\x61\x5f\x6f\x70\x73\0\x64\x6d\x61\x5f\x6d\x61\
\x73\x6b\0\x63\x6f\x68\x65\x72\x65\x6e\x74\x5f\x64\x6d\x61\x5f\x6d\x61\x73\x6b\
\0\x62\x75\x73\x5f\x64\x6d\x61\x5f\x6c\x69\x6d\x69\x74\0\x64\x6d\x61\x5f\x72\
\x61\x6e\x67\x65\x5f\x6d\x61\x70\0\x64\x6d\x61\x5f\x70\x61\x72\x6d\x73\0\x64\
\x6d\x61\x5f\x70\x6f\x6f\x6c\x73\0\x64\x6d\x61\x5f\x69\x6f\x5f\x74\x6c\x62\x5f\
\x6d\x65\x6d\0\x61\x72\x63\x68\x64\x61\x74\x61\0\x6f\x66\x5f\x6e\x6f\x64\x65\0\
\x66\x77\x6e\x6f\x64\x65\0\x64\x65\x76\x74\0\x64\x65\x76\x72\x65\x73\x5f\x6c\
\x6f\x63\x6b\0\x64\x65\x76\x72\x65\x73\x5f\x68\x65\x61\x64\0\x63\x6c\x61\x73\
\x73\0\x67\x72\x6f\x75\x70\x73\0\x72\x65\x6c\x65\x61\x73\x65\0\x69\x6f\x6d\x6d\
\x75\x5f\x67\x72\x6f\x75\x70\0\x69\x6f\x6d\x6d\x75\0\x70\x68\x79\x73\x69\x63\
\x61\x6c\x5f\x6c\x6f\x63\x61\x74\x69\x6f\x6e\0\x72\x65\x6d\x6f\x76\x61\x62\x6c\
\x65\0\x63\x6f\x72\x65\x64\x75\x6d\x70\x5f\x64\x69\x73\x61\x62\x6c\x65\x64\0\
\x6f\x66\x66\x6c\x69\x6e\x65\x5f\x64\x69\x73\x61\x62\x6c\x65\x64\0\x6f\x66\x66\
\x6c\x69\x6e\x65\0\x6f\x66\x5f\x6e\x6f\x64\x65\x5f\x72\x65\x75\x73\x65\x64\0\
\x73\x74\x61\x74\x65\x5f\x73\x79\x6e\x63\x65\x64\0\x63\x61\x6e\x5f\x6d\x61\x74\
\x63\x68\0\x6b\x6f\x62\x6a\x65\x63\x74\0\x6b\x73\x65\x74\0\x6b\x74\x79\x70\x65\
\0\x73\x64\0\x6b\x72\x65\x66\0\x73\x74\x61\x74\x65\x5f\x69\x6e\x69\x74\x69\x61\
\x6c\x69\x7a\x65\x64\0\x73\x74\x61\x74\x65\x5f\x69\x6e\x5f\x73\x79\x73\x66\x73\
\0\x73\x74\x61\x74\x65\x5f\x61\x64\x64\x5f\x75\x65\x76\x65\x6e\x74\x5f\x73\x65\
\x6e\x74\0\x73\x74\x61\x74\x65\x5f\x72\x65\x6d\x6f\x76\x65\x5f\x75\x65\x76\x65\
\x6e\x74\x5f\x73\x65\x6e\x74\0\x75\x65\x76\x65\x6e\x74\x5f\x73\x75\x70\x70\x72\
\x65\x73\x73\0\x64\x65\x76\x5f\x6c\x69\x6e\x6b\x73\x5f\x69\x6e\x66\x6f\0\x73\
\x75\x70\x70\x6c\x69\x65\x72\x73\0\x63\x6f\x6e\x73\x75\x6d\x65\x72\x73\0\x64\
\x65\x66\x65\x72\x5f\x73\x79\x6e\x63\0\x64\x6c\x5f\x64\x65\x76\x5f\x73\x74\x61\
\x74\x65\0\x44\x4c\x5f\x44\x45\x56\x5f\x4e\x4f\x5f\x44\x52\x49\x56\x45\x52\0\
\x44\x4c\x5f\x44\x45\x56\x5f\x50\x52\x4f\x42\x49\x4e\x47\0\x44\x4c\x5f\x44\x45\
\x56\x5f\x44\x52\x49\x56\x45\x52\x5f\x42\x4f\x55\x4e\x44\0\x44\x4c\x5f\x44\x45\
\x56\x5f\x55\x4e\x42\x49\x4e\x44\x49\x4e\x47\0\x64\x65\x76\x5f\x70\x6d\x5f\x69\
\x6e\x66\x6f\0\x70\x6f\x77\x65\x72\x5f\x73\x74\x61\x74\x65\0\x63\x61\x6e\x5f\
\x77\x61\x6b\x65\x75\x70\0\x61\x73\x79\x6e\x63\x5f\x73\x75\x73\x70\x65\x6e\x64\
\0\x69\x6e\x5f\x64\x70\x6d\x5f\x6c\x69\x73\x74\0\x69\x73\x5f\x70\x72\x65\x70\
\x61\x72\x65\x64\0\x69\x73\x5f\x73\x75\x73\x70\x65\x6e\x64\x65\x64\0\x69\x73\
\x5f\x6e\x6f\x69\x72\x71\x5f\x73\x75\x73\x70\x65\x6e\x64\x65\x64\0\x69\x73\x5f\
\x6c\x61\x74\x65\x5f\x73\x75\x73\x70\x65\x6e\x64\x65\x64\0\x6e\x6f\x5f\x70\x6d\
\0\x65\x61\x72\x6c\x79\x5f\x69\x6e\x69\x74\0\x64\x69\x72\x65\x63\x74\x5f\x63\
\x6f\x6d\x70\x6c\x65\x74\x65\0\x64\x72\x69\x76\x65\x72\x5f\x66\x6c\x61\x67\x73\
\0\x63\x6f\x6d\x70\x6c\x65\x74\x69\x6f\x6e\0\x77\x61\x6b\x65\x75\x70\0\x77\x61\
\x6b\x65\x75\x70\x5f\x70\x61\x74\x68\0\x73\x79\x73\x63\x6f\x72\x65\0\x6e\x6f\
\x5f\x70\x6d\x5f\x63\x61\x6c\x6c\x62\x61\x63\x6b\x73\0\x6d\x75\x73\x74\x5f\x72\
\x65\x73\x75\x6d\x65\0\x6d\x61\x79\x5f\x73\x6b\x69\x70\x5f\x72\x65\x73\x75\x6d\
\x65\0\x73\x75\x73\x70\x65\x6e\x64\x5f\x74\x69\x6d\x65\x72\0\x74\x69\x6d\x65\
\x72\x5f\x65\x78\x70\x69\x72\x65\x73\0\x77\x61\x69\x74\x5f\x71\x75\x65\x75\x65\
\0\x77\x61\x6b\x65\x69\x72\x71\0\x75\x73\x61\x67\x65\x5f\x63\x6f\x75\x6e\x74\0\
\x64\x69\x73\x61\x62\x6c\x65\x5f\x64\x65\x70\x74\x68\0\x69\x64\x6c\x65\x5f\x6e\
\x6f\x74\x69\x66\x69\x63\x61\x74\x69\x6f\x6e\0\x72\x65\x71\x75\x65\x73\x74\x5f\
\x70\x65\x6e\x64\x69\x6e\x67\0\x64\x65\x66\x65\x72\x72\x65\x64\x5f\x72\x65\x73\
\x75\x6d\x65\0\x6e\x65\x65\x64\x73\x5f\x66\x6f\x72\x63\x65\x5f\x72\x65\x73\x75\
\x6d\x65\0\x72\x75\x6e\x74\x69\x6d\x65\x5f\x61\x75\x74\x6f\0\x69\x67\x6e\x6f\
\x72\x65\x5f\x63\x68\x69\x6c\x64\x72\x65\x6e\0\x6e\x6f\x5f\x63\x61\x6c\x6c\x62\
\x61\x63\x6b\x73\0\x69\x72\x71\x5f\x73\x61\x66\x65\0\x75\x73\x65\x5f\x61\x75\
\x74\x6f\x73\x75\x73\x70\x65\x6e\x64\0\x74\x69\x6d\x65\x72\x5f\x61\x75\x74\x6f\
\x73\x75\x73\x70\x65\x6e\x64\x73\0\x6d\x65\x6d\x61\x6c\x6c\x6f\x63\x5f\x6e\x6f\
\x69\x6f\0\x6c\x69\x6e\x6b\x73\x5f\x63\x6f\x75\x6e\x74\0\x72\x65\x71\x75\x65\
\x73\x74\0\x72\x75\x6e\x74\x69\x6d\x65\x5f\x73\x74\x61\x74\x75\x73\0\x72\x75\
\x6e\x74\x69\x6d\x65\x5f\x65\x72\x72\x6f\x72\0\x61\x75\x74\x6f\x73\x75\x73\x70\
\x65\x6e\x64\x5f\x64\x65\x6c\x61\x79\0\x6c\x61\x73\x74\x5f\x62\x75\x73\x79\0\
\x61\x63\x74\x69\x76\x65\x5f\x74\x69\x6d\x65\0\x73\x75\x73\x70\x65\x6e\x64\x65\
\x64\x5f\x74\x69\x6d\x65\0\x61\x63\x63\x6f\x75\x6e\x74\x69\x6e\x67\x5f\x74\x69\
\x6d\x65\x73\x74\x61\x6d\x70\0\x73\x75\x62\x73\x79\x73\x5f\x64\x61\x74\x61\0\
\x73\x65\x74\x5f\x6c\x61\x74\x65\x6e\x63\x79\x5f\x74\x6f\x6c\x65\x72\x61\x6e\
\x63\x65\0\x71\x6f\x73\0\x70\x6d\x5f\x6d\x65\x73\x73\x61\x67\x65\x5f\x74\0\x70\
\x6d\x5f\x6d\x65\x73\x73\x61\x67\x65\0\x65\x76\x65\x6e\x74\0\x64\x6f\x6e\x65\0\
\x73\x77\x61\x69\x74\x5f\x71\x75\x65\x75\x65\x5f\x68\x65\x61\x64\0\x74\x61\x73\
\x6b\x5f\x6c\x69\x73\x74\0\x72\x70\x6d\x5f\x72\x65\x71\x75\x65\x73\x74\0\x52\
\x50\x4d\x5f\x52\x45\x51\x5f\x4e\x4f\x4e\x45\0\x52\x50\x4d\x5f\x52\x45\x51\x5f\
\x49\x44\x4c\x45\0\x52\x50\x4d\x5f\x52\x45\x51\x5f\x53\x55\x53\x50\x45\x4e\x44\
\0\x52\x50\x4d\x5f\x52\x45\x51\x5f\x41\x55\x54\x4f\x53\x55\x53\x50\x45\x4e\x44\
\0\x52\x50\x4d\x5f\x52\x45\x51\x5f\x52\x45\x53\x55\x4d\x45\0\x72\x70\x6d\x5f\
\x73\x74\x61\x74\x75\x73\0\x52\x50\x4d\x5f\x41\x43\x54\x49\x56\x45\0\x52\x50\
\x4d\x5f\x52\x45\x53\x55\x4d\x49\x4e\x47\0\x52\x50\x4d\x5f\x53\x55\x53\x50\x45\
\x4e\x44\x45\x44\0\x52\x50\x4d\x5f\x53\x55\x53\x50\x45\x4e\x44\x49\x4e\x47\0\
\x73\x33\x32\0\x64\x65\x76\x5f\x61\x72\x63\x68\x64\x61\x74\x61\0\x64\x65\x76\
\x5f\x74\0\x5f\x5f\x6b\x65\x72\x6e\x65\x6c\x5f\x64\x65\x76\x5f\x74\0\x64\x65\
\x76\x69\x63\x65\x5f\x72\x65\x6d\x6f\x76\x61\x62\x6c\x65\0\x44\x45\x56\x49\x43\
\x45\x5f\x52\x45\x4d\x4f\x56\x41\x42\x4c\x45\x5f\x4e\x4f\x54\x5f\x53\x55\x50\
\x50\x4f\x52\x54\x45\x44\0\x44\x45\x56\x49\x43\x45\x5f\x52\x45\x4d\x4f\x56\x41\
\x42\x4c\x45\x5f\x55\x4e\x4b\x4e\x4f\x57\x4e\0\x44\x45\x56\x49\x43\x45\x5f\x46\
\x49\x58\x45\x44\0\x44\x45\x56\x49\x43\x45\x5f\x52\x45\x4d\x4f\x56\x41\x42\x4c\
\x45\0\x61\x74\x74\x72\x69\x62\x75\x74\x65\x5f\x67\x72\x6f\x75\x70\0\x69\x73\
\x5f\x76\x69\x73\x69\x62\x6c\x65\0\x69\x73\x5f\x62\x69\x6e\x5f\x76\x69\x73\x69\
\x62\x6c\x65\0\x61\x74\x74\x72\x73\0\x62\x69\x6e\x5f\x61\x74\x74\x72\x73\0\x75\
\x6d\x6f\x64\x65\x5f\x74\0\x61\x74\x74\x72\x69\x62\x75\x74\x65\0\x62\x69\x6e\
\x5f\x61\x74\x74\x72\x69\x62\x75\x74\x65\0\x72\x65\x61\x64\0\x77\x72\x69\x74\
\x65\0\x61\x64\x64\x72\x65\x73\x73\x5f\x73\x70\x61\x63\x65\0\x68\x6f\x73\x74\0\
\x69\x5f\x70\x61\x67\x65\x73\0\x69\x6e\x76\x61\x6c\x69\x64\x61\x74\x65\x5f\x6c\
\x6f\x63\x6b\0\x67\x66\x70\x5f\x6d\x61\x73\x6b\0\x69\x5f\x6d\x6d\x61\x70\x5f\
\x77\x72\x69\x74\x61\x62\x6c\x65\0\x69\x5f\x6d\x6d\x61\x70\0\x69\x5f\x6d\x6d\
\x61\x70\x5f\x72\x77\x73\x65\x6d\0\x6e\x72\x70\x61\x67\x65\x73\0\x77\x72\x69\
\x74\x65\x62\x61\x63\x6b\x5f\x69\x6e\x64\x65\x78\0\x61\x5f\x6f\x70\x73\0\x77\
\x62\x5f\x65\x72\x72\0\x70\x72\x69\x76\x61\x74\x65\x5f\x6c\x6f\x63\x6b\0\x70\
\x72\x69\x76\x61\x74\x65\x5f\x6c\x69\x73\x74\0\x73\x73\x69\x7a\x65\x5f\x74\0\
\x5f\x5f\x6b\x65\x72\x6e\x65\x6c\x5f\x73\x73\x69\x7a\x65\x5f\x74\0\x5f\x5f\x6b\
\x65\x72\x6e\x65\x6c\x5f\x6c\x6f\x6e\x67\x5f\x74\0\x6e\x65\x74\x64\x65\x76\x5f\
\x74\x63\x5f\x74\x78\x71\0\x62\x70\x66\x5f\x78\x64\x70\x5f\x65\x6e\x74\x69\x74\
\x79\0\x6c\x69\x6e\x6b\0\x6e\x65\x69\x67\x68\x62\x6f\x75\x72\0\x74\x62\x6c\0\
\x70\x61\x72\x6d\x73\0\x63\x6f\x6e\x66\x69\x72\x6d\x65\x64\0\x75\x70\x64\x61\
\x74\x65\x64\0\x61\x72\x70\x5f\x71\x75\x65\x75\x65\x5f\x6c\x65\x6e\x5f\x62\x79\
\x74\x65\x73\0\x61\x72\x70\x5f\x71\x75\x65\x75\x65\0\x70\x72\x6f\x62\x65\x73\0\
\x6e\x75\x64\x5f\x73\x74\x61\x74\x65\0\x68\x61\x5f\x6c\x6f\x63\x6b\0\x68\x61\0\
\x68\x68\0\x67\x63\x5f\x6c\x69\x73\x74\0\x70\x72\x69\x6d\x61\x72\x79\x5f\x6b\
\x65\x79\0\x68\x68\x5f\x63\x61\x63\x68\x65\0\x68\x68\x5f\x6c\x65\x6e\0\x68\x68\
\x5f\x6c\x6f\x63\x6b\0\x68\x68\x5f\x64\x61\x74\x61\0\x70\x65\x72\x63\x70\x75\
\x5f\x63\x6f\x75\x6e\x74\x65\x72\0\x63\x6f\x75\x6e\x74\x65\x72\x73\0\x6e\x65\
\x74\x6e\x73\x5f\x73\x79\x73\x63\x74\x6c\x5f\x69\x70\x76\x36\0\x68\x64\x72\0\
\x69\x63\x6d\x70\x5f\x68\x64\x72\0\x78\x66\x72\x6d\x36\x5f\x68\x64\x72\0\x66\
\x6c\x75\x73\x68\x5f\x64\x65\x6c\x61\x79\0\x69\x70\x36\x5f\x72\x74\x5f\x6d\x61\
\x78\x5f\x73\x69\x7a\x65\0\x69\x70\x36\x5f\x72\x74\x5f\x67\x63\x5f\x6d\x69\x6e\
\x5f\x69\x6e\x74\x65\x72\x76\x61\x6c\0\x69\x70\x36\x5f\x72\x74\x5f\x67\x63\x5f\
\x74\x69\x6d\x65\x6f\x75\x74\0\x69\x70\x36\x5f\x72\x74\x5f\x67\x63\x5f\x69\x6e\
\x74\x65\x72\x76\x61\x6c\0\x69\x70\x36\x5f\x72\x74\x5f\x67\x63\x5f\x65\x6c\x61\
\x73\x74\x69\x63\x69\x74\x79\0\x69\x70\x36\x5f\x72\x74\x5f\x6d\x74\x75\x5f\x65\
\x78\x70\x69\x72\x65\x73\0\x69\x70\x36\x5f\x72\x74\x5f\x6d\x69\x6e\x5f\x61\x64\
\x76\x6d\x73\x73\0\x6d\x75\x6c\x74\x69\x70\x61\x74\x68\x5f\x68\x61\x73\x68\x5f\
\x66\x69\x65\x6c\x64\x73\0\x6d\x75\x6c\x74\x69\x70\x61\x74\x68\x5f\x68\x61\x73\
\x68\x5f\x70\x6f\x6c\x69\x63\x79\0\x62\x69\x6e\x64\x76\x36\x6f\x6e\x6c\x79\0\
\x66\x6c\x6f\x77\x6c\x61\x62\x65\x6c\x5f\x63\x6f\x6e\x73\x69\x73\x74\x65\x6e\
\x63\x79\0\x61\x75\x74\x6f\x5f\x66\x6c\x6f\x77\x6c\x61\x62\x65\x6c\x73\0\x69\
\x63\x6d\x70\x76\x36\x5f\x74\x69\x6d\x65\0\x69\x63\x6d\x70\x76\x36\x5f\x65\x63\
\x68\x6f\x5f\x69\x67\x6e\x6f\x72\x65\x5f\x61\x6c\x6c\0\x69\x63\x6d\x70\x76\x36\
\x5f\x65\x63\x68\x6f\x5f\x69\x67\x6e\x6f\x72\x65\x5f\x6d\x75\x6c\x74\x69\x63\
\x61\x73\x74\0\x69\x63\x6d\x70\x76\x36\x5f\x65\x63\x68\x6f\x5f\x69\x67\x6e\x6f\
\x72\x65\x5f\x61\x6e\x79\x63\x61\x73\x74\0\x69\x63\x6d\x70\x76\x36\x5f\x72\x61\
\x74\x65\x6d\x61\x73\x6b\0\x69\x63\x6d\x70\x76\x36\x5f\x72\x61\x74\x65\x6d\x61\
\x73\x6b\x5f\x70\x74\x72\0\x61\x6e\x79\x63\x61\x73\x74\x5f\x73\x72\x63\x5f\x65\
\x63\x68\x6f\x5f\x72\x65\x70\x6c\x79\0\x69\x70\x5f\x6e\x6f\x6e\x6c\x6f\x63\x61\
\x6c\x5f\x62\x69\x6e\x64\0\x66\x77\x6d\x61\x72\x6b\x5f\x72\x65\x66\x6c\x65\x63\
\x74\0\x66\x6c\x6f\x77\x6c\x61\x62\x65\x6c\x5f\x73\x74\x61\x74\x65\x5f\x72\x61\
\x6e\x67\x65\x73\0\x69\x64\x67\x65\x6e\x5f\x72\x65\x74\x72\x69\x65\x73\0\x69\
\x64\x67\x65\x6e\x5f\x64\x65\x6c\x61\x79\0\x66\x6c\x6f\x77\x6c\x61\x62\x65\x6c\
\x5f\x72\x65\x66\x6c\x65\x63\x74\0\x6d\x61\x78\x5f\x64\x73\x74\x5f\x6f\x70\x74\
\x73\x5f\x63\x6e\x74\0\x6d\x61\x78\x5f\x68\x62\x68\x5f\x6f\x70\x74\x73\x5f\x63\
\x6e\x74\0\x6d\x61\x78\x5f\x64\x73\x74\x5f\x6f\x70\x74\x73\x5f\x6c\x65\x6e\0\
\x6d\x61\x78\x5f\x68\x62\x68\x5f\x6f\x70\x74\x73\x5f\x6c\x65\x6e\0\x73\x65\x67\
\x36\x5f\x66\x6c\x6f\x77\x6c\x61\x62\x65\x6c\0\x69\x6f\x61\x6d\x36\x5f\x69\x64\
\0\x69\x6f\x61\x6d\x36\x5f\x69\x64\x5f\x77\x69\x64\x65\0\x73\x6b\x69\x70\x5f\
\x6e\x6f\x74\x69\x66\x79\x5f\x6f\x6e\x5f\x64\x65\x76\x5f\x64\x6f\x77\x6e\0\x66\
\x69\x62\x5f\x6e\x6f\x74\x69\x66\x79\x5f\x6f\x6e\x5f\x66\x6c\x61\x67\x5f\x63\
\x68\x61\x6e\x67\x65\0\x6e\x65\x74\x6e\x73\x5f\x6e\x66\0\x70\x72\x6f\x63\x5f\
\x6e\x65\x74\x66\x69\x6c\x74\x65\x72\0\x6e\x66\x5f\x6c\x6f\x67\x67\x65\x72\x73\
\0\x6e\x66\x5f\x6c\x6f\x67\x5f\x64\x69\x72\x5f\x68\x65\x61\x64\x65\x72\0\x68\
\x6f\x6f\x6b\x73\x5f\x69\x70\x76\x34\0\x68\x6f\x6f\x6b\x73\x5f\x69\x70\x76\x36\
\0\x64\x65\x66\x72\x61\x67\x5f\x69\x70\x76\x34\x5f\x75\x73\x65\x72\x73\0\x64\
\x65\x66\x72\x61\x67\x5f\x69\x70\x76\x36\x5f\x75\x73\x65\x72\x73\0\x6e\x66\x5f\
\x6c\x6f\x67\x67\x65\x72\0\x6c\x6f\x67\x66\x6e\0\x6d\x65\0\x6e\x66\x5f\x6c\x6f\
\x67\x5f\x74\x79\x70\x65\0\x4e\x46\x5f\x4c\x4f\x47\x5f\x54\x59\x50\x45\x5f\x4c\
\x4f\x47\0\x4e\x46\x5f\x4c\x4f\x47\x5f\x54\x59\x50\x45\x5f\x55\x4c\x4f\x47\0\
\x4e\x46\x5f\x4c\x4f\x47\x5f\x54\x59\x50\x45\x5f\x4d\x41\x58\0\x6e\x66\x5f\x6c\
\x6f\x67\x66\x6e\0\x75\x5f\x69\x6e\x74\x38\x5f\x74\0\x6e\x66\x5f\x6c\x6f\x67\
\x69\x6e\x66\x6f\0\x75\0\x75\x6c\x6f\x67\0\x6c\x6f\x67\0\x63\x6f\x70\x79\x5f\
\x6c\x65\x6e\0\x71\x74\x68\x72\x65\x73\x68\x6f\x6c\x64\0\x75\x5f\x69\x6e\x74\
\x33\x32\x5f\x74\0\x75\x5f\x69\x6e\x74\x31\x36\x5f\x74\0\x6c\x65\x76\x65\x6c\0\
\x6c\x6f\x67\x66\x6c\x61\x67\x73\0\x6e\x66\x5f\x68\x6f\x6f\x6b\x5f\x65\x6e\x74\
\x72\x69\x65\x73\0\x6e\x75\x6d\x5f\x68\x6f\x6f\x6b\x5f\x65\x6e\x74\x72\x69\x65\
\x73\0\x68\x6f\x6f\x6b\x73\0\x6e\x66\x5f\x68\x6f\x6f\x6b\x5f\x65\x6e\x74\x72\
\x79\0\x68\x6f\x6f\x6b\0\x70\x72\x69\x76\0\x6e\x66\x5f\x68\x6f\x6f\x6b\x66\x6e\
\0\x6e\x66\x5f\x68\x6f\x6f\x6b\x5f\x73\x74\x61\x74\x65\0\x70\x66\0\x69\x6e\0\
\x6f\x75\x74\0\x6f\x6b\x66\x6e\0\x6e\x65\x74\x6e\x73\x5f\x63\x74\0\x65\x63\x61\
\x63\x68\x65\x5f\x64\x77\x6f\x72\x6b\x5f\x70\x65\x6e\x64\x69\x6e\x67\0\x73\x79\
\x73\x63\x74\x6c\x5f\x6c\x6f\x67\x5f\x69\x6e\x76\x61\x6c\x69\x64\0\x73\x79\x73\
\x63\x74\x6c\x5f\x65\x76\x65\x6e\x74\x73\0\x73\x79\x73\x63\x74\x6c\x5f\x61\x63\
\x63\x74\0\x73\x79\x73\x63\x74\x6c\x5f\x61\x75\x74\x6f\x5f\x61\x73\x73\x69\x67\
\x6e\x5f\x68\x65\x6c\x70\x65\x72\0\x73\x79\x73\x63\x74\x6c\x5f\x74\x73\x74\x61\
\x6d\x70\0\x73\x79\x73\x63\x74\x6c\x5f\x63\x68\x65\x63\x6b\x73\x75\x6d\0\x70\
\x63\x70\x75\x5f\x6c\x69\x73\x74\x73\0\x73\x74\x61\x74\0\x6e\x66\x5f\x63\x6f\
\x6e\x6e\x74\x72\x61\x63\x6b\x5f\x65\x76\x65\x6e\x74\x5f\x63\x62\0\x6e\x66\x5f\
\x63\x74\x5f\x70\x72\x6f\x74\x6f\0\x6e\x66\x5f\x69\x70\x5f\x6e\x65\x74\0\x67\
\x65\x6e\x65\x72\x69\x63\0\x74\x63\x70\0\x75\x64\x70\0\x69\x63\x6d\x70\0\x69\
\x63\x6d\x70\x76\x36\0\x67\x72\x65\0\x6e\x66\x5f\x67\x65\x6e\x65\x72\x69\x63\
\x5f\x6e\x65\x74\0\x6e\x66\x5f\x74\x63\x70\x5f\x6e\x65\x74\0\x74\x69\x6d\x65\
\x6f\x75\x74\x73\0\x74\x63\x70\x5f\x6c\x6f\x6f\x73\x65\0\x74\x63\x70\x5f\x62\
\x65\x5f\x6c\x69\x62\x65\x72\x61\x6c\0\x74\x63\x70\x5f\x6d\x61\x78\x5f\x72\x65\
\x74\x72\x61\x6e\x73\0\x74\x63\x70\x5f\x69\x67\x6e\x6f\x72\x65\x5f\x69\x6e\x76\
\x61\x6c\x69\x64\x5f\x72\x73\x74\0\x6e\x66\x5f\x75\x64\x70\x5f\x6e\x65\x74\0\
\x6e\x66\x5f\x69\x63\x6d\x70\x5f\x6e\x65\x74\0\x6e\x66\x5f\x67\x72\x65\x5f\x6e\
\x65\x74\0\x6b\x65\x79\x6d\x61\x70\x5f\x6c\x69\x73\x74\0\x6e\x65\x74\x6e\x73\
\x5f\x62\x70\x66\0\x72\x75\x6e\x5f\x61\x72\x72\x61\x79\0\x70\x72\x6f\x67\x73\0\
\x62\x70\x66\x5f\x70\x72\x6f\x67\x5f\x61\x72\x72\x61\x79\0\x69\x74\x65\x6d\x73\
\0\x62\x70\x66\x5f\x70\x72\x6f\x67\x5f\x61\x72\x72\x61\x79\x5f\x69\x74\x65\x6d\
\0\x63\x67\x72\x6f\x75\x70\x5f\x73\x74\x6f\x72\x61\x67\x65\0\x62\x70\x66\x5f\
\x63\x67\x72\x6f\x75\x70\x5f\x73\x74\x6f\x72\x61\x67\x65\0\x6d\x61\x70\0\x6c\
\x69\x73\x74\x5f\x6d\x61\x70\0\x6c\x69\x73\x74\x5f\x63\x67\0\x62\x75\x66\0\x70\
\x65\x72\x63\x70\x75\x5f\x62\x75\x66\0\x62\x70\x66\x5f\x63\x67\x72\x6f\x75\x70\
\x5f\x73\x74\x6f\x72\x61\x67\x65\x5f\x6b\x65\x79\0\x63\x67\x72\x6f\x75\x70\x5f\
\x69\x6e\x6f\x64\x65\x5f\x69\x64\0\x61\x74\x74\x61\x63\x68\x5f\x74\x79\x70\x65\
\0\x62\x70\x66\x5f\x70\x72\x6f\x67\0\x70\x61\x67\x65\x73\0\x6a\x69\x74\x65\x64\
\0\x6a\x69\x74\x5f\x72\x65\x71\x75\x65\x73\x74\x65\x64\0\x67\x70\x6c\x5f\x63\
\x6f\x6d\x70\x61\x74\x69\x62\x6c\x65\0\x63\x62\x5f\x61\x63\x63\x65\x73\x73\0\
\x64\x73\x74\x5f\x6e\x65\x65\x64\x65\x64\0\x62\x6c\x69\x6e\x64\x65\x64\0\x69\
\x73\x5f\x66\x75\x6e\x63\0\x6b\x70\x72\x6f\x62\x65\x5f\x6f\x76\x65\x72\x72\x69\
\x64\x65\0\x68\x61\x73\x5f\x63\x61\x6c\x6c\x63\x68\x61\x69\x6e\x5f\x62\x75\x66\
\0\x65\x6e\x66\x6f\x72\x63\x65\x5f\x65\x78\x70\x65\x63\x74\x65\x64\x5f\x61\x74\
\x74\x61\x63\x68\x5f\x74\x79\x70\x65\0\x63\x61\x6c\x6c\x5f\x67\x65\x74\x5f\x73\
\x74\x61\x63\x6b\0\x63\x61\x6c\x6c\x5f\x67\x65\x74\x5f\x66\x75\x6e\x63\x5f\x69\
\x70\0\x65\x78\x70\x65\x63\x74\x65\x64\x5f\x61\x74\x74\x61\x63\x68\x5f\x74\x79\
\x70\x65\0\x6a\x69\x74\x65\x64\x5f\x6c\x65\x6e\0\x74\x61\x67\0\x61\x63\x74\x69\
\x76\x65\0\x62\x70\x66\x5f\x66\x75\x6e\x63\0\x61\x75\x78\0\x6f\x72\x69\x67\x5f\
\x70\x72\x6f\x67\0\x69\x6e\x73\x6e\x73\0\x69\x6e\x73\x6e\x73\x69\0\x62\x70\x66\
\x5f\x70\x72\x6f\x67\x5f\x74\x79\x70\x65\0\x42\x50\x46\x5f\x50\x52\x4f\x47\x5f\
\x54\x59\x50\x45\x5f\x55\x4e\x53\x50\x45\x43\0\x42\x50\x46\x5f\x50\x52\x4f\x47\
\x5f\x54\x59\x50\x45\x5f\x53\x4f\x43\x4b\x45\x54\x5f\x46\x49\x4c\x54\x45\x52\0\
\x42\x50\x46\x5f\x50\x52\x4f\x47\x5f\x54\x59\x50\x45\x5f\x4b\x50\x52\x4f\x42\
\x45\0\x42\x50\x46\x5f\x50\x52\x4f\x47\x5f\x54\x59\x50\x45\x5f\x53\x43\x48\x45\
\x44\x5f\x43\x4c\x53\0\x42\x50\x46\x5f\x50\x52\x4f\x47\x5f\x54\x59\x50\x45\x5f\
\x53\x43\x48\x45\x44\x5f\x41\x43\x54\0\x42\x50\x46\x5f\x50\x52\x4f\x47\x5f\x54\
\x59\x50\x45\x5f\x54\x52\x41\x43\x45\x50\x4f\x49\x4e\x54\0\x42\x50\x46\x5f\x50\
\x52\x4f\x47\x5f\x54\x59\x50\x45\x5f\x58\x44\x50\0\x42\x50\x46\x5f\x50\x52\x4f\
\x47\x5f\x54\x59\x50\x45\x5f\x50\x45\x52\x46\x5f\x45\x56\x45\x4e\x54\0\x42\x50\
\x46\x5f\x50\x52\x4f\x47\x5f\x54\x59\x50\x45\x5f\x43\x47\x52\x4f\x55\x50\x5f\
\x53\x4b\x42\0\x42\x50\x46\x5f\x50\x52\x4f\x47\x5f\x54\x59\x50\x45\x5f\x43\x47\
\x52\x4f\x55\x50\x5f\x53\x4f\x43\x4b\0\x42\x50\x46\x5f\x50\x52\x4f\x47\x5f\x54\
\x59\x50\x45\x5f\x4c\x57\x54\x5f\x49\x4e\0\x42\x50\x46\x5f\x50\x52\x4f\x47\x5f\
\x54\x59\x50\x45\x5f\x4c\x57\x54\x5f\x4f\x55\x54\0\x42\x50\x46\x5f\x50\x52\x4f\
\x47\x5f\x54\x59\x50\x45\x5f\x4c\x57\x54\x5f\x58\x4d\x49\x54\0\x42\x50\x46\x5f\
\x50\x52\x4f\x47\x5f\x54\x59\x50\x45\x5f\x53\x4f\x43\x4b\x5f\x4f\x50\x53\0\x42\
\x50\x46\x5f\x50\x52\x4f\x47\x5f\x54\x59\x50\x45\x5f\x53\x4b\x5f\x53\x4b\x42\0\
\x42\x50\x46\x5f\x50\x52\x4f\x47\x5f\x54\x59\x50\x45\x5f\x43\x47\x52\x4f\x55\
\x50\x5f\x44\x45\x56\x49\x43\x45\0\x42\x50\x46\x5f\x50\x52\x4f\x47\x5f\x54\x59\
\x50\x45\x5f\x53\x4b\x5f\x4d\x53\x47\0\x42\x50\x46\x5f\x50\x52\x4f\x47\x5f\x54\
\x59\x50\x45\x5f\x52\x41\x57\x5f\x54\x52\x41\x43\x45\x50\x4f\x49\x4e\x54\0\x42\
\x50\x46\x5f\x50\x52\x4f\x47\x5f\x54\x59\x50\x45\x5f\x43\x47\x52\x4f\x55\x50\
\x5f\x53\x4f\x43\x4b\x5f\x41\x44\x44\x52\0\x42\x50\x46\x5f\x50\x52\x4f\x47\x5f\
\x54\x59\x50\x45\x5f\x4c\x57\x54\x5f\x53\x45\x47\x36\x4c\x4f\x43\x41\x4c\0\x42\
\x50\x46\x5f\x50\x52\x4f\x47\x5f\x54\x59\x50\x45\x5f\x4c\x49\x52\x43\x5f\x4d\
\x4f\x44\x45\x32\0\x42\x50\x46\x5f\x50\x52\x4f\x47\x5f\x54\x59\x50\x45\x5f\x53\
\x4b\x5f\x52\x45\x55\x53\x45\x50\x4f\x52\x54\0\x42\x50\x46\x5f\x50\x52\x4f\x47\
\x5f\x54\x59\x50\x45\x5f\x46\x4c\x4f\x57\x5f\x44\x49\x53\x53\x45\x43\x54\x4f\
\x52\0\x42\x50\x46\x5f\x50\x52\x4f\x47\x5f\x54\x59\x50\x45\x5f\x43\x47\x52\x4f\
\x55\x50\x5f\x53\x59\x53\x43\x54\x4c\0\x42\x50\x46\x5f\x50\x52\x4f\x47\x5f\x54\
\x59\x50\x45\x5f\x52\x41\x57\x5f\x54\x52\x41\x43\x45\x50\x4f\x49\x4e\x54\x5f\
\x57\x52\x49\x54\x41\x42\x4c\x45\0\x42\x50\x46\x5f\x50\x52\x4f\x47\x5f\x54\x59\
\x50\x45\x5f\x43\x47\x52\x4f\x55\x50\x5f\x53\x4f\x43\x4b\x4f\x50\x54\0\x42\x50\
\x46\x5f\x50\x52\x4f\x47\x5f\x54\x59\x50\x45\x5f\x54\x52\x41\x43\x49\x4e\x47\0\
\x42\x50\x46\x5f\x50\x52\x4f\x47\x5f\x54\x59\x50\x45\x5f\x53\x54\x52\x55\x43\
\x54\x5f\x4f\x50\x53\0\x42\x50\x46\x5f\x50\x52\x4f\x47\x5f\x54\x59\x50\x45\x5f\
\x45\x58\x54\0\x42\x50\x46\x5f\x50\x52\x4f\x47\x5f\x54\x59\x50\x45\x5f\x4c\x53\
\x4d\0\x42\x50\x46\x5f\x50\x52\x4f\x47\x5f\x54\x59\x50\x45\x5f\x53\x4b\x5f\x4c\
\x4f\x4f\x4b\x55\x50\0\x42\x50\x46\x5f\x50\x52\x4f\x47\x5f\x54\x59\x50\x45\x5f\
\x53\x59\x53\x43\x41\x4c\x4c\0\x62\x70\x66\x5f\x61\x74\x74\x61\x63\x68\x5f\x74\
\x79\x70\x65\0\x42\x50\x46\x5f\x43\x47\x52\x4f\x55\x50\x5f\x49\x4e\x45\x54\x5f\
\x49\x4e\x47\x52\x45\x53\x53\0\x42\x50\x46\x5f\x43\x47\x52\x4f\x55\x50\x5f\x49\
\x4e\x45\x54\x5f\x45\x47\x52\x45\x53\x53\0\x42\x50\x46\x5f\x43\x47\x52\x4f\x55\
\x50\x5f\x49\x4e\x45\x54\x5f\x53\x4f\x43\x4b\x5f\x43\x52\x45\x41\x54\x45\0\x42\
\x50\x46\x5f\x43\x47\x52\x4f\x55\x50\x5f\x53\x4f\x43\x4b\x5f\x4f\x50\x53\0\x42\
\x50\x46\x5f\x53\x4b\x5f\x53\x4b\x42\x5f\x53\x54\x52\x45\x41\x4d\x5f\x50\x41\
\x52\x53\x45\x52\0\x42\x50\x46\x5f\x53\x4b\x5f\x53\x4b\x42\x5f\x53\x54\x52\x45\
\x41\x4d\x5f\x56\x45\x52\x44\x49\x43\x54\0\x42\x50\x46\x5f\x43\x47\x52\x4f\x55\
\x50\x5f\x44\x45\x56\x49\x43\x45\0\x42\x50\x46\x5f\x53\x4b\x5f\x4d\x53\x47\x5f\
\x56\x45\x52\x44\x49\x43\x54\0\x42\x50\x46\x5f\x43\x47\x52\x4f\x55\x50\x5f\x49\
\x4e\x45\x54\x34\x5f\x42\x49\x4e\x44\0\x42\x50\x46\x5f\x43\x47\x52\x4f\x55\x50\
\x5f\x49\x4e\x45\x54\x36\x5f\x42\x49\x4e\x44\0\x42\x50\x46\x5f\x43\x47\x52\x4f\
\x55\x50\x5f\x49\x4e\x45\x54\x34\x5f\x43\x4f\x4e\x4e\x45\x43\x54\0\x42\x50\x46\
\x5f\x43\x47\x52\x4f\x55\x50\x5f\x49\x4e\x45\x54\x36\x5f\x43\x4f\x4e\x4e\x45\
\x43\x54\0\x42\x50\x46\x5f\x43\x47\x52\x4f\x55\x50\x5f\x49\x4e\x45\x54\x34\x5f\
\x50\x4f\x53\x54\x5f\x42\x49\x4e\x44\0\x42\x50\x46\x5f\x43\x47\x52\x4f\x55\x50\
\x5f\x49\x4e\x45\x54\x36\x5f\x50\x4f\x53\x54\x5f\x42\x49\x4e\x44\0\x42\x50\x46\
\x5f\x43\x47\x52\x4f\x55\x50\x5f\x55\x44\x50\x34\x5f\x53\x45\x4e\x44\x4d\x53\
\x47\0\x42\x50\x46\x5f\x43\x47\x52\x4f\x55\x50\x5f\x55\x44\x50\x36\x5f\x53\x45\
\x4e\x44\x4d\x53\x47\0\x42\x50\x46\x5f\x4c\x49\x52\x43\x5f\x4d\x4f\x44\x45\x32\
\0\x42\x50\x46\x5f\x46\x4c\x4f\x57\x5f\x44\x49\x53\x53\x45\x43\x54\x4f\x52\0\
\x42\x50\x46\x5f\x43\x47\x52\x4f\x55\x50\x5f\x53\x59\x53\x43\x54\x4c\0\x42\x50\
\x46\x5f\x43\x47\x52\x4f\x55\x50\x5f\x55\x44\x50\x34\x5f\x52\x45\x43\x56\x4d\
\x53\x47\0\x42\x50\x46\x5f\x43\x47\x52\x4f\x55\x50\x5f\x55\x44\x50\x36\x5f\x52\
\x45\x43\x56\x4d\x53\x47\0\x42\x50\x46\x5f\x43\x47\x52\x4f\x55\x50\x5f\x47\x45\
\x54\x53\x4f\x43\x4b\x4f\x50\x54\0\x42\x50\x46\x5f\x43\x47\x52\x4f\x55\x50\x5f\
\x53\x45\x54\x53\x4f\x43\x4b\x4f\x50\x54\0\x42\x50\x46\x5f\x54\x52\x41\x43\x45\
\x5f\x52\x41\x57\x5f\x54\x50\0\x42\x50\x46\x5f\x54\x52\x41\x43\x45\x5f\x46\x45\
\x4e\x54\x52\x59\0\x42\x50\x46\x5f\x54\x52\x41\x43\x45\x5f\x46\x45\x58\x49\x54\
\0\x42\x50\x46\x5f\x4d\x4f\x44\x49\x46\x59\x5f\x52\x45\x54\x55\x52\x4e\0\x42\
\x50\x46\x5f\x4c\x53\x4d\x5f\x4d\x41\x43\0\x42\x50\x46\x5f\x54\x52\x41\x43\x45\
\x5f\x49\x54\x45\x52\0\x42\x50\x46\x5f\x43\x47\x52\x4f\x55\x50\x5f\x49\x4e\x45\
\x54\x34\x5f\x47\x45\x54\x50\x45\x45\x52\x4e\x41\x4d\x45\0\x42\x50\x46\x5f\x43\
\x47\x52\x4f\x55\x50\x5f\x49\x4e\x45\x54\x36\x5f\x47\x45\x54\x50\x45\x45\x52\
\x4e\x41\x4d\x45\0\x42\x50\x46\x5f\x43\x47\x52\x4f\x55\x50\x5f\x49\x4e\x45\x54\
\x34\x5f\x47\x45\x54\x53\x4f\x43\x4b\x4e\x41\x4d\x45\0\x42\x50\x46\x5f\x43\x47\
\x52\x4f\x55\x50\x5f\x49\x4e\x45\x54\x36\x5f\x47\x45\x54\x53\x4f\x43\x4b\x4e\
\x41\x4d\x45\0\x42\x50\x46\x5f\x58\x44\x50\x5f\x44\x45\x56\x4d\x41\x50\0\x42\
\x50\x46\x5f\x43\x47\x52\x4f\x55\x50\x5f\x49\x4e\x45\x54\x5f\x53\x4f\x43\x4b\
\x5f\x52\x45\x4c\x45\x41\x53\x45\0\x42\x50\x46\x5f\x58\x44\x50\x5f\x43\x50\x55\
\x4d\x41\x50\0\x42\x50\x46\x5f\x53\x4b\x5f\x4c\x4f\x4f\x4b\x55\x50\0\x42\x50\
\x46\x5f\x58\x44\x50\0\x42\x50\x46\x5f\x53\x4b\x5f\x53\x4b\x42\x5f\x56\x45\x52\
\x44\x49\x43\x54\0\x42\x50\x46\x5f\x53\x4b\x5f\x52\x45\x55\x53\x45\x50\x4f\x52\
\x54\x5f\x53\x45\x4c\x45\x43\x54\0\x42\x50\x46\x5f\x53\x4b\x5f\x52\x45\x55\x53\
\x45\x50\x4f\x52\x54\x5f\x53\x45\x4c\x45\x43\x54\x5f\x4f\x52\x5f\x4d\x49\x47\
\x52\x41\x54\x45\0\x42\x50\x46\x5f\x50\x45\x52\x46\x5f\x45\x56\x45\x4e\x54\0\
\x5f\x5f\x4d\x41\x58\x5f\x42\x50\x46\x5f\x41\x54\x54\x41\x43\x48\x5f\x54\x59\
\x50\x45\0\x62\x70\x66\x5f\x69\x6e\x73\x6e\0\x63\x6f\x64\x65\0\x64\x73\x74\x5f\
\x72\x65\x67\0\x73\x72\x63\x5f\x72\x65\x67\0\x6f\x66\x66\0\x69\x6d\x6d\0\x73\
\x6f\x63\x6b\x5f\x66\x69\x6c\x74\x65\x72\0\x6a\x74\0\x6a\x66\0\x6b\0\x6e\x65\
\x74\x6e\x73\x5f\x78\x66\x72\x6d\0\x73\x74\x61\x74\x65\x5f\x61\x6c\x6c\0\x73\
\x74\x61\x74\x65\x5f\x62\x79\x64\x73\x74\0\x73\x74\x61\x74\x65\x5f\x62\x79\x73\
\x72\x63\0\x73\x74\x61\x74\x65\x5f\x62\x79\x73\x70\x69\0\x73\x74\x61\x74\x65\
\x5f\x62\x79\x73\x65\x71\0\x73\x74\x61\x74\x65\x5f\x68\x6d\x61\x73\x6b\0\x73\
\x74\x61\x74\x65\x5f\x6e\x75\x6d\0\x73\x74\x61\x74\x65\x5f\x68\x61\x73\x68\x5f\
\x77\x6f\x72\x6b\0\x70\x6f\x6c\x69\x63\x79\x5f\x61\x6c\x6c\0\x70\x6f\x6c\x69\
\x63\x79\x5f\x62\x79\x69\x64\x78\0\x70\x6f\x6c\x69\x63\x79\x5f\x69\x64\x78\x5f\
\x68\x6d\x61\x73\x6b\0\x70\x6f\x6c\x69\x63\x79\x5f\x69\x6e\x65\x78\x61\x63\x74\
\0\x70\x6f\x6c\x69\x63\x79\x5f\x62\x79\x64\x73\x74\0\x70\x6f\x6c\x69\x63\x79\
\x5f\x63\x6f\x75\x6e\x74\0\x70\x6f\x6c\x69\x63\x79\x5f\x68\x61\x73\x68\x5f\x77\
\x6f\x72\x6b\0\x70\x6f\x6c\x69\x63\x79\x5f\x68\x74\x68\x72\x65\x73\x68\0\x69\
\x6e\x65\x78\x61\x63\x74\x5f\x62\x69\x6e\x73\0\x6e\x6c\x73\x6b\0\x6e\x6c\x73\
\x6b\x5f\x73\x74\x61\x73\x68\0\x73\x79\x73\x63\x74\x6c\x5f\x61\x65\x76\x65\x6e\
\x74\x5f\x65\x74\x69\x6d\x65\0\x73\x79\x73\x63\x74\x6c\x5f\x61\x65\x76\x65\x6e\
\x74\x5f\x72\x73\x65\x71\x74\x68\0\x73\x79\x73\x63\x74\x6c\x5f\x6c\x61\x72\x76\
\x61\x6c\x5f\x64\x72\x6f\x70\0\x73\x79\x73\x63\x74\x6c\x5f\x61\x63\x71\x5f\x65\
\x78\x70\x69\x72\x65\x73\0\x70\x6f\x6c\x69\x63\x79\x5f\x64\x65\x66\x61\x75\x6c\
\x74\0\x78\x66\x72\x6d\x34\x5f\x64\x73\x74\x5f\x6f\x70\x73\0\x78\x66\x72\x6d\
\x36\x5f\x64\x73\x74\x5f\x6f\x70\x73\0\x78\x66\x72\x6d\x5f\x73\x74\x61\x74\x65\
\x5f\x6c\x6f\x63\x6b\0\x78\x66\x72\x6d\x5f\x73\x74\x61\x74\x65\x5f\x68\x61\x73\
\x68\x5f\x67\x65\x6e\x65\x72\x61\x74\x69\x6f\x6e\0\x78\x66\x72\x6d\x5f\x70\x6f\
\x6c\x69\x63\x79\x5f\x68\x61\x73\x68\x5f\x67\x65\x6e\x65\x72\x61\x74\x69\x6f\
\x6e\0\x78\x66\x72\x6d\x5f\x70\x6f\x6c\x69\x63\x79\x5f\x6c\x6f\x63\x6b\0\x78\
\x66\x72\x6d\x5f\x63\x66\x67\x5f\x6d\x75\x74\x65\x78\0\x78\x66\x72\x6d\x5f\x70\
\x6f\x6c\x69\x63\x79\x5f\x68\x61\x73\x68\0\x74\x61\x62\x6c\x65\0\x68\x6d\x61\
\x73\x6b\0\x64\x62\x69\x74\x73\x34\0\x73\x62\x69\x74\x73\x34\0\x64\x62\x69\x74\
\x73\x36\0\x73\x62\x69\x74\x73\x36\0\x78\x66\x72\x6d\x5f\x70\x6f\x6c\x69\x63\
\x79\x5f\x68\x74\x68\x72\x65\x73\x68\0\x6c\x62\x69\x74\x73\x34\0\x72\x62\x69\
\x74\x73\x34\0\x6c\x62\x69\x74\x73\x36\0\x72\x62\x69\x74\x73\x36\0\x20\x20\x20\
\x20\x64\x65\x76\x20\x3d\x20\x42\x50\x46\x5f\x43\x4f\x52\x45\x5f\x52\x45\x41\
\x44\x28\x63\x72\x6f\x73\x5f\x73\x6b\x62\x5f\x64\x73\x74\x28\x73\x6b\x62\x29\
\x2c\x20\x64\x65\x76\x29\x3b\0\x20\x20\x20\x20\x62\x70\x66\x5f\x70\x72\x69\x6e\
\x74\x6b\x28\0\x30\x3a\x31\x37\0\x20\x20\x69\x6e\x74\x36\x34\x5f\x74\x20\x69\
\x66\x69\x6e\x64\x65\x78\x20\x3d\x20\x42\x50\x46\x5f\x43\x4f\x52\x45\x5f\x52\
\x45\x41\x44\x28\x64\x65\x76\x2c\x20\x69\x66\x69\x6e\x64\x65\x78\x29\x3b\0\x20\
\x20\x69\x66\x20\x28\x69\x66\x69\x6e\x64\x65\x78\x20\x3c\x20\x30\x29\x20\x7b\0\
\x20\x20\x72\x65\x74\x75\x72\x6e\x20\x62\x70\x66\x5f\x6d\x61\x70\x5f\x6c\x6f\
\x6f\x6b\x75\x70\x5f\x65\x6c\x65\x6d\x28\x26\x63\x72\x6f\x73\x5f\x6e\x65\x74\
\x77\x6f\x72\x6b\x5f\x65\x78\x74\x65\x72\x6e\x61\x6c\x5f\x69\x6e\x74\x65\x72\
\x66\x61\x63\x65\x73\x2c\x20\x26\x69\x66\x69\x6e\x64\x65\x78\x29\x20\x21\x3d\0\
\x20\x20\x69\x66\x20\x28\x21\x63\x72\x6f\x73\x5f\x69\x73\x5f\x69\x66\x69\x6e\
\x64\x65\x78\x5f\x65\x78\x74\x65\x72\x6e\x61\x6c\x28\x73\x6b\x62\x29\x29\x20\
\x7b\0\x30\x3a\x31\x3a\x30\0\x20\x20\x73\x74\x72\x75\x63\x74\x20\x73\x6f\x63\
\x6b\x2a\x20\x73\x6b\x20\x3d\x20\x42\x50\x46\x5f\x43\x4f\x52\x45\x5f\x52\x45\
\x41\x44\x28\x73\x6b\x62\x2c\x20\x73\x6b\x29\x3b\0\x20\x20\x73\x74\x72\x75\x63\
\x74\x20\x73\x6f\x63\x6b\x65\x74\x2a\x20\x73\x6f\x63\x6b\x20\x3d\x20\x42\x50\
\x46\x5f\x43\x4f\x52\x45\x5f\x52\x45\x41\x44\x28\x73\x6b\x62\x2c\x20\x73\x6b\
\x2c\x20\x73\x6b\x5f\x73\x6f\x63\x6b\x65\x74\x29\x3b\0\x30\x3a\x37\x39\0\x20\
\x20\x69\x66\x20\x28\x73\x6f\x63\x6b\x20\x3d\x3d\x20\x4e\x55\x4c\x4c\x29\x20\
\x7b\0\x20\x20\x75\x69\x6e\x74\x36\x34\x5f\x74\x20\x73\x6f\x63\x6b\x5f\x6b\x65\
\x79\x20\x3d\x20\x28\x75\x69\x6e\x74\x36\x34\x5f\x74\x29\x28\x73\x6f\x63\x6b\
\x29\x3b\0\x20\x20\x69\x66\x20\x28\x62\x70\x66\x5f\x6d\x61\x70\x5f\x75\x70\x64\
\x61\x74\x65\x5f\x65\x6c\x65\x6d\x28\x26\x61\x63\x74\x69\x76\x65\x5f\x73\x6f\
\x63\x6b\x65\x74\x5f\x6d\x61\x70\x2c\x20\x26\x73\x6f\x63\x6b\x5f\x6b\x65\x79\
\x2c\x20\x26\x73\x6f\x63\x6b\x5f\x6b\x65\x79\x2c\0\x20\x20\x5f\x5f\x62\x75\x69\
\x6c\x74\x69\x6e\x5f\x6d\x65\x6d\x73\x65\x74\x28\x26\x6b\x65\x79\x2c\x20\x30\
\x2c\x20\x73\x69\x7a\x65\x6f\x66\x28\x6b\x65\x79\x29\x29\x3b\0\x20\x20\x6b\x65\
\x79\x2e\x73\x6f\x63\x6b\x20\x3d\x20\x28\x75\x69\x6e\x74\x36\x34\x5f\x74\x29\
\x42\x50\x46\x5f\x43\x4f\x52\x45\x5f\x52\x45\x41\x44\x28\x73\x6b\x2c\x20\x73\
\x6b\x5f\x73\x6f\x63\x6b\x65\x74\x29\x3b\0\x30\x3a\x37\x31\0\x20\x20\x72\x65\
\x74\x75\x72\x6e\x20\x42\x50\x46\x5f\x43\x4f\x52\x45\x5f\x52\x45\x41\x44\x28\
\x73\x6b\x62\x2c\x20\x68\x65\x61\x64\x29\x20\x2b\x20\x42\x50\x46\x5f\x43\x4f\
\x52\x45\x5f\x52\x45\x41\x44\x28\x73\x6b\x62\x2c\x20\x6e\x65\x74\x77\x6f\x72\
\x6b\x5f\x68\x65\x61\x64\x65\x72\x29\x3b\0\x30\x3a\x36\x36\0\x69\x70\x68\x64\
\x72\0\x69\x68\x6c\0\x76\x65\x72\x73\x69\x6f\x6e\0\x74\x6f\x73\0\x74\x6f\x74\
\x5f\x6c\x65\x6e\0\x66\x72\x61\x67\x5f\x6f\x66\x66\0\x74\x74\x6c\0\x5f\x5f\x73\
\x75\x6d\x31\x36\0\x61\x64\x64\x72\x73\0\x30\x3a\x37\0\x20\x20\x69\x6e\x74\x20\
\x70\x72\x6f\x74\x6f\x63\x6f\x6c\x20\x3d\x20\x42\x50\x46\x5f\x43\x4f\x52\x45\
\x5f\x52\x45\x41\x44\x28\x68\x64\x72\x2c\x20\x70\x72\x6f\x74\x6f\x63\x6f\x6c\
\x29\x3b\0\x20\x20\x66\x69\x76\x65\x5f\x74\x75\x70\x6c\x65\x2d\x3e\x66\x61\x6d\
\x69\x6c\x79\x20\x3d\x20\x43\x52\x4f\x53\x5f\x46\x41\x4d\x49\x4c\x59\x5f\x41\
\x46\x5f\x49\x4e\x45\x54\x3b\0\x30\x3a\x39\x3a\x30\x3a\x30\0\x20\x20\x73\x6f\
\x75\x72\x63\x65\x5f\x61\x64\x64\x72\x2d\x3e\x61\x64\x64\x72\x34\x20\x3d\x20\
\x42\x50\x46\x5f\x43\x4f\x52\x45\x5f\x52\x45\x41\x44\x28\x68\x64\x72\x2c\x20\
\x73\x61\x64\x64\x72\x29\x3b\0\x30\x3a\x39\x3a\x30\x3a\x31\0\x20\x20\x64\x65\
\x73\x74\x5f\x61\x64\x64\x72\x2d\x3e\x61\x64\x64\x72\x34\x20\x3d\x20\x42\x50\
\x46\x5f\x43\x4f\x52\x45\x5f\x52\x45\x41\x44\x28\x68\x64\x72\x2c\x20\x64\x61\
\x64\x64\x72\x29\x3b\0\x20\x20\x69\x6e\x74\x20\x70\x61\x63\x6b\x65\x74\x5f\x73\
\x69\x7a\x65\x20\x3d\x20\x62\x70\x66\x5f\x6e\x74\x6f\x68\x73\x28\x42\x50\x46\
\x5f\x43\x4f\x52\x45\x5f\x52\x45\x41\x44\x28\x68\x64\x72\x2c\x20\x74\x6f\x74\
\x5f\x6c\x65\x6e\x29\x29\x3b\0\x20\x20\x73\x77\x69\x74\x63\x68\x20\x28\x70\x72\
\x6f\x74\x6f\x63\x6f\x6c\x29\x20\x7b\0\x20\x20\x20\x20\x20\x20\x66\x69\x76\x65\
\x5f\x74\x75\x70\x6c\x65\x2d\x3e\x70\x72\x6f\x74\x6f\x63\x6f\x6c\x20\x3d\x20\
\x43\x52\x4f\x53\x5f\x50\x52\x4f\x54\x4f\x43\x4f\x4c\x5f\x54\x43\x50\x3b\0\x20\
\x20\x72\x65\x74\x75\x72\x6e\x20\x42\x50\x46\x5f\x43\x4f\x52\x45\x5f\x52\x45\
\x41\x44\x28\x73\x6b\x62\x2c\x20\x68\x65\x61\x64\x29\x20\x2b\x20\x42\x50\x46\
\x5f\x43\x4f\x52\x45\x5f\x52\x45\x41\x44\x28\x73\x6b\x62\x2c\x20\x74\x72\x61\
\x6e\x73\x70\x6f\x72\x74\x5f\x68\x65\x61\x64\x65\x72\x29\x3b\0\x30\x3a\x36\x35\
\0\x74\x63\x70\x68\x64\x72\0\x73\x6f\x75\x72\x63\x65\0\x64\x65\x73\x74\0\x61\
\x63\x6b\x5f\x73\x65\x71\0\x72\x65\x73\x31\0\x64\x6f\x66\x66\0\x66\x69\x6e\0\
\x73\x79\x6e\0\x72\x73\x74\0\x70\x73\x68\0\x61\x63\x6b\0\x75\x72\x67\0\x65\x63\
\x65\0\x63\x77\x72\0\x77\x69\x6e\x64\x6f\x77\0\x75\x72\x67\x5f\x70\x74\x72\0\
\x20\x20\x20\x20\x20\x20\x2a\x73\x6f\x75\x72\x63\x65\x5f\x70\x6f\x72\x74\x20\
\x3d\x20\x62\x70\x66\x5f\x6e\x74\x6f\x68\x73\x28\x42\x50\x46\x5f\x43\x4f\x52\
\x45\x5f\x52\x45\x41\x44\x28\x74\x63\x70\x5f\x68\x65\x61\x64\x65\x72\x2c\x20\
\x73\x6f\x75\x72\x63\x65\x29\x29\x3b\0\x20\x20\x20\x20\x20\x20\x66\x69\x76\x65\
\x5f\x74\x75\x70\x6c\x65\x2d\x3e\x70\x72\x6f\x74\x6f\x63\x6f\x6c\x20\x3d\x20\
\x43\x52\x4f\x53\x5f\x50\x52\x4f\x54\x4f\x43\x4f\x4c\x5f\x55\x44\x50\x3b\0\x75\
\x64\x70\x68\x64\x72\0\x20\x20\x20\x20\x20\x20\x2a\x73\x6f\x75\x72\x63\x65\x5f\
\x70\x6f\x72\x74\x20\x3d\x20\x62\x70\x66\x5f\x6e\x74\x6f\x68\x73\x28\x42\x50\
\x46\x5f\x43\x4f\x52\x45\x5f\x52\x45\x41\x44\x28\x75\x64\x70\x5f\x68\x65\x61\
\x64\x65\x72\x2c\x20\x73\x6f\x75\x72\x63\x65\x29\x29\x3b\0\x20\x20\x76\x61\x6c\
\x75\x65\x5f\x72\x65\x66\x20\x3d\x20\x62\x70\x66\x5f\x6d\x61\x70\x5f\x6c\x6f\
\x6f\x6b\x75\x70\x5f\x65\x6c\x65\x6d\x28\x26\x63\x72\x6f\x73\x5f\x6e\x65\x74\
\x77\x6f\x72\x6b\x5f\x66\x6c\x6f\x77\x5f\x6d\x61\x70\x2c\x20\x26\x6b\x65\x79\
\x29\x3b\0\x20\x20\x69\x66\x20\x28\x76\x61\x6c\x75\x65\x5f\x72\x65\x66\x29\x20\
\x7b\x20\x20\x2f\x2f\x20\x65\x6e\x74\x72\x79\x20\x61\x6c\x72\x65\x61\x64\x79\
\x20\x65\x78\x69\x73\x74\x73\x2e\0\x20\x20\x20\x20\x20\x20\x76\x61\x6c\x75\x65\
\x5f\x72\x65\x66\x2d\x3e\x72\x78\x5f\x62\x79\x74\x65\x73\x20\x3d\x20\x76\x61\
\x6c\x75\x65\x5f\x72\x65\x66\x2d\x3e\x72\x78\x5f\x62\x79\x74\x65\x73\x20\x2b\
\x20\x62\x79\x74\x65\x73\x3b\0\x20\x20\x63\x6f\x6e\x73\x74\x20\x75\x69\x6e\x74\
\x33\x32\x5f\x74\x20\x7a\x65\x72\x6f\x20\x3d\x20\x30\x3b\0\x20\x20\x76\x61\x6c\
\x75\x65\x20\x3d\x20\x62\x70\x66\x5f\x6d\x61\x70\x5f\x6c\x6f\x6f\x6b\x75\x70\
\x5f\x65\x6c\x65\x6d\x28\x26\x68\x65\x61\x70\x5f\x63\x72\x6f\x73\x5f\x66\x6c\
\x6f\x77\x5f\x6d\x61\x70\x5f\x76\x61\x6c\x75\x65\x2c\x20\x26\x7a\x65\x72\x6f\
\x29\x3b\0\x20\x20\x69\x66\x20\x28\x76\x61\x6c\x75\x65\x20\x3d\x3d\x20\x4e\x55\
\x4c\x4c\x29\x20\x7b\0\x20\x20\x20\x20\x62\x70\x66\x5f\x70\x72\x69\x6e\x74\x6b\
\x28\x22\x45\x52\x52\x4f\x52\x3a\x20\x55\x6e\x61\x62\x6c\x65\x20\x74\x6f\x20\
\x6d\x61\x70\x2d\x61\x6c\x6c\x6f\x63\x61\x74\x65\x20\x61\x20\x66\x6c\x6f\x77\
\x20\x6d\x61\x70\x20\x76\x61\x6c\x75\x65\x20\x66\x6f\x72\x20\x63\x72\x65\x61\
\x74\x69\x6f\x6e\x2e\x22\x29\x3b\0\x20\x20\x76\x61\x6c\x75\x65\x2d\x3e\x72\x78\
\x5f\x62\x79\x74\x65\x73\x20\x3d\x20\x72\x78\x5f\x62\x79\x74\x65\x73\x3b\0\x20\
\x20\x76\x61\x6c\x75\x65\x2d\x3e\x67\x61\x72\x62\x61\x67\x65\x5f\x63\x6f\x6c\
\x6c\x65\x63\x74\x5f\x6d\x65\x20\x3d\x20\x66\x61\x6c\x73\x65\x3b\0\x20\x20\x76\
\x61\x6c\x75\x65\x2d\x3e\x64\x69\x72\x65\x63\x74\x69\x6f\x6e\x20\x3d\x20\x64\
\x69\x72\x65\x63\x74\x69\x6f\x6e\x3b\0\x20\x20\x75\x69\x6e\x74\x36\x34\x5f\x74\
\x20\x73\x6f\x63\x6b\x20\x3d\x20\x6b\x65\x79\x5f\x72\x65\x66\x2d\x3e\x73\x6f\
\x63\x6b\x3b\0\x20\x20\x20\x20\x20\x20\x62\x70\x66\x5f\x6d\x61\x70\x5f\x6c\x6f\
\x6f\x6b\x75\x70\x5f\x65\x6c\x65\x6d\x28\x26\x70\x72\x6f\x63\x65\x73\x73\x5f\
\x6d\x61\x70\x2c\x20\x26\x73\x6f\x63\x6b\x29\x3b\0\x20\x20\x69\x66\x20\x28\x70\
\x72\x6f\x63\x65\x73\x73\x5f\x76\x61\x6c\x75\x65\x20\x21\x3d\x20\x4e\x55\x4c\
\x4c\x29\x20\x7b\0\x20\x20\x20\x20\x5f\x5f\x62\x75\x69\x6c\x74\x69\x6e\x5f\x6d\
\x65\x6d\x63\x70\x79\x28\x26\x76\x61\x6c\x75\x65\x2d\x3e\x74\x61\x73\x6b\x5f\
\x69\x6e\x66\x6f\x2c\x20\x26\x70\x72\x6f\x63\x65\x73\x73\x5f\x76\x61\x6c\x75\
\x65\x2d\x3e\x63\x6f\x6d\x6d\x6f\x6e\x2e\x70\x72\x6f\x63\x65\x73\x73\x2c\0\x20\
\x20\x20\x20\x69\x66\x20\x28\x62\x70\x66\x5f\x6d\x61\x70\x5f\x75\x70\x64\x61\
\x74\x65\x5f\x65\x6c\x65\x6d\x28\x26\x63\x72\x6f\x73\x5f\x6e\x65\x74\x77\x6f\
\x72\x6b\x5f\x66\x6c\x6f\x77\x5f\x6d\x61\x70\x2c\x20\x6b\x65\x79\x5f\x72\x65\
\x66\x2c\x20\x76\x61\x6c\x75\x65\x2c\0\x20\x20\x20\x20\x20\x20\x62\x70\x66\x5f\
\x70\x72\x69\x6e\x74\x6b\x28\x22\x57\x41\x52\x4e\x49\x4e\x47\x3a\x20\x43\x6f\
\x75\x6c\x64\x20\x6e\x6f\x74\x20\x63\x72\x65\x61\x74\x65\x20\x66\x6c\x6f\x77\
\x20\x65\x6e\x74\x72\x79\x3a\x20\x45\x6e\x74\x72\x79\x20\x61\x6c\x72\x65\x61\
\x64\x79\x20\x65\x78\x69\x73\x74\x73\x2e\x22\x29\x3b\0\x63\x72\x6f\x73\x5f\x68\
\x61\x6e\x64\x6c\x65\x5f\x5f\x69\x70\x5f\x6c\x6f\x63\x61\x6c\x5f\x6f\x75\x74\
\x5f\x65\x78\x69\x74\0\x72\x61\x77\x5f\x74\x72\x61\x63\x65\x70\x6f\x69\x6e\x74\
\x2f\x63\x72\x6f\x73\x5f\x5f\x69\x70\x5f\x6c\x6f\x63\x61\x6c\x5f\x6f\x75\x74\
\x5f\x65\x78\x69\x74\0\x69\x6e\x74\x20\x42\x50\x46\x5f\x50\x52\x4f\x47\x28\x63\
\x72\x6f\x73\x5f\x68\x61\x6e\x64\x6c\x65\x5f\x5f\x69\x70\x5f\x6c\x6f\x63\x61\
\x6c\x5f\x6f\x75\x74\x5f\x65\x78\x69\x74\x2c\0\x20\x20\x20\x20\x20\x20\x76\x61\
\x6c\x75\x65\x5f\x72\x65\x66\x2d\x3e\x74\x78\x5f\x62\x79\x74\x65\x73\x20\x3d\
\x20\x76\x61\x6c\x75\x65\x5f\x72\x65\x66\x2d\x3e\x74\x78\x5f\x62\x79\x74\x65\
\x73\x20\x2b\x20\x62\x79\x74\x65\x73\x3b\0\x20\x20\x76\x61\x6c\x75\x65\x2d\x3e\
\x74\x78\x5f\x62\x79\x74\x65\x73\x20\x3d\x20\x74\x78\x5f\x62\x79\x74\x65\x73\
\x3b\0\x63\x72\x6f\x73\x5f\x68\x61\x6e\x64\x6c\x65\x5f\x69\x70\x36\x5f\x66\x69\
\x6e\x69\x73\x68\x5f\x6f\x75\x74\x70\x75\x74\x32\x5f\x65\x6e\x74\x65\x72\0\x72\
\x61\x77\x5f\x74\x72\x61\x63\x65\x70\x6f\x69\x6e\x74\x2f\x63\x72\x6f\x73\x5f\
\x69\x70\x36\x5f\x66\x69\x6e\x69\x73\x68\x5f\x6f\x75\x74\x70\x75\x74\x32\x5f\
\x65\x6e\x74\x65\x72\0\x69\x6e\x74\x20\x42\x50\x46\x5f\x50\x52\x4f\x47\x28\x63\
\x72\x6f\x73\x5f\x68\x61\x6e\x64\x6c\x65\x5f\x69\x70\x36\x5f\x66\x69\x6e\x69\
\x73\x68\x5f\x6f\x75\x74\x70\x75\x74\x32\x5f\x65\x6e\x74\x65\x72\x2c\0\x69\x70\
\x76\x36\x68\x64\x72\0\x66\x6c\x6f\x77\x5f\x6c\x62\x6c\0\x70\x61\x79\x6c\x6f\
\x61\x64\x5f\x6c\x65\x6e\0\x6e\x65\x78\x74\x68\x64\x72\0\x68\x6f\x70\x5f\x6c\
\x69\x6d\x69\x74\0\x30\x3a\x36\x3a\x30\x3a\x30\x3a\x30\x3a\x30\0\x20\x20\x42\
\x50\x46\x5f\x43\x4f\x52\x45\x5f\x52\x45\x41\x44\x5f\x49\x4e\x54\x4f\x28\x26\
\x28\x73\x6f\x75\x72\x63\x65\x5f\x61\x64\x64\x72\x2d\x3e\x61\x64\x64\x72\x36\
\x29\x2c\x20\x68\x64\x72\x2c\x20\x73\x61\x64\x64\x72\x2e\x69\x6e\x36\x5f\x75\
\x2e\x75\x36\x5f\x61\x64\x64\x72\x38\x29\x3b\0\x20\x20\x66\x69\x76\x65\x5f\x74\
\x75\x70\x6c\x65\x2d\x3e\x66\x61\x6d\x69\x6c\x79\x20\x3d\x20\x43\x52\x4f\x53\
\x5f\x46\x41\x4d\x49\x4c\x59\x5f\x41\x46\x5f\x49\x4e\x45\x54\x36\x3b\0\x30\x3a\
\x36\x3a\x30\x3a\x31\x3a\x30\x3a\x30\0\x20\x20\x42\x50\x46\x5f\x43\x4f\x52\x45\
\x5f\x52\x45\x41\x44\x5f\x49\x4e\x54\x4f\x28\x26\x28\x64\x65\x73\x74\x5f\x61\
\x64\x64\x72\x2d\x3e\x61\x64\x64\x72\x36\x29\x2c\x20\x68\x64\x72\x2c\x20\x64\
\x61\x64\x64\x72\x2e\x69\x6e\x36\x5f\x75\x2e\x75\x36\x5f\x61\x64\x64\x72\x38\
\x29\x3b\0\x20\x20\x69\x6e\x74\x20\x70\x61\x63\x6b\x65\x74\x5f\x73\x69\x7a\x65\
\x20\x3d\x20\x62\x70\x66\x5f\x6e\x74\x6f\x68\x73\x28\x42\x50\x46\x5f\x43\x4f\
\x52\x45\x5f\x52\x45\x41\x44\x28\x68\x64\x72\x2c\x20\x70\x61\x79\x6c\x6f\x61\
\x64\x5f\x6c\x65\x6e\x29\x29\x3b\0\x30\x3a\x37\x32\0\x20\x20\x72\x65\x74\x75\
\x72\x6e\x20\x63\x72\x6f\x73\x5f\x73\x6b\x62\x5f\x6e\x65\x74\x77\x6f\x72\x6b\
\x5f\x68\x65\x61\x64\x65\x72\x28\x73\x6b\x62\x29\x20\x2d\x20\x42\x50\x46\x5f\
\x43\x4f\x52\x45\x5f\x52\x45\x41\x44\x28\x73\x6b\x62\x2c\x20\x64\x61\x74\x61\
\x29\x3b\0\x20\x20\x5f\x5f\x75\x38\x20\x6e\x65\x78\x74\x68\x64\x72\x20\x3d\x20\
\x42\x50\x46\x5f\x43\x4f\x52\x45\x5f\x52\x45\x41\x44\x28\x63\x72\x6f\x73\x5f\
\x69\x70\x76\x36\x5f\x68\x64\x72\x28\x73\x6b\x62\x29\x2c\x20\x6e\x65\x78\x74\
\x68\x64\x72\x29\x3b\0\x20\x20\x75\x6e\x73\x69\x67\x6e\x65\x64\x20\x69\x6e\x74\
\x20\x73\x74\x61\x72\x74\x20\x3d\x20\x63\x72\x6f\x73\x5f\x73\x6b\x62\x5f\x6e\
\x65\x74\x77\x6f\x72\x6b\x5f\x6f\x66\x66\x73\x65\x74\x28\x73\x6b\x62\x29\x20\
\x2b\x20\x73\x69\x7a\x65\x6f\x66\x28\x73\x74\x72\x75\x63\x74\x20\x69\x70\x76\
\x36\x68\x64\x72\x29\x3b\0\x30\x3a\x36\0\x69\x70\x76\x36\x5f\x6f\x70\x74\x5f\
\x68\x64\x72\0\x68\x64\x72\x6c\x65\x6e\0\x20\x20\x20\x20\x20\x20\x68\x64\x72\
\x6c\x65\x6e\x20\x3d\x20\x63\x72\x6f\x73\x5f\x69\x70\x76\x36\x5f\x6f\x70\x74\
\x6c\x65\x6e\x28\x68\x70\x29\x3b\0\x20\x20\x20\x20\x6e\x65\x78\x74\x68\x64\x72\
\x20\x3d\x20\x42\x50\x46\x5f\x43\x4f\x52\x45\x5f\x52\x45\x41\x44\x28\x68\x70\
\x2c\x20\x6e\x65\x78\x74\x68\x64\x72\x29\x3b\0\x20\x20\x20\x20\x73\x74\x61\x72\
\x74\x20\x2b\x3d\x20\x68\x64\x72\x6c\x65\x6e\x3b\0\x20\x20\x66\x6f\x72\x20\x28\
\x69\x6e\x74\x20\x69\x74\x65\x72\x20\x3d\x20\x30\x3b\x20\x69\x74\x65\x72\x20\
\x3c\x20\x32\x35\x35\x3b\x20\x69\x74\x65\x72\x2b\x2b\x29\x20\x7b\0\x2f\x62\x75\
\x69\x6c\x64\x2f\x61\x6d\x64\x36\x34\x2d\x67\x65\x6e\x65\x72\x69\x63\x2f\x74\
\x6d\x70\x2f\x70\x6f\x72\x74\x61\x67\x65\x2f\x63\x68\x72\x6f\x6d\x65\x6f\x73\
\x2d\x62\x61\x73\x65\x2f\x73\x65\x63\x61\x67\x65\x6e\x74\x64\x2d\x39\x39\x39\
\x39\x2f\x77\x6f\x72\x6b\x2f\x73\x65\x63\x61\x67\x65\x6e\x74\x64\x2d\x39\x39\
\x39\x39\x2f\x70\x6c\x61\x74\x66\x6f\x72\x6d\x32\x2f\x73\x65\x63\x61\x67\x65\
\x6e\x74\x64\x2f\x62\x70\x66\x2f\x70\x6f\x72\x74\x2f\x69\x6e\x63\x6c\x75\x64\
\x65\x2f\x6e\x65\x74\x2f\x69\x70\x76\x36\x2e\x68\0\x20\x20\x72\x65\x74\x75\x72\
\x6e\x20\x28\x6e\x65\x78\x74\x68\x64\x72\x20\x3d\x3d\x20\x43\x52\x4f\x53\x5f\
\x4e\x45\x58\x54\x48\x44\x52\x5f\x48\x4f\x50\x29\x20\x7c\x7c\x20\x28\x6e\x65\
\x78\x74\x68\x64\x72\x20\x3d\x3d\x20\x43\x52\x4f\x53\x5f\x4e\x45\x58\x54\x48\
\x44\x52\x5f\x52\x4f\x55\x54\x49\x4e\x47\x29\x20\x7c\x7c\0\x20\x20\x20\x20\x69\
\x66\x20\x28\x28\x21\x63\x72\x6f\x73\x5f\x69\x70\x76\x36\x5f\x65\x78\x74\x5f\
\x68\x64\x72\x28\x6e\x65\x78\x74\x68\x64\x72\x29\x29\x20\x7c\x7c\x20\x6e\x65\
\x78\x74\x68\x64\x72\x20\x3d\x3d\x20\x43\x52\x4f\x53\x5f\x4e\x45\x58\x54\x48\
\x44\x52\x5f\x4e\x4f\x4e\x45\x29\x20\x7b\0\x20\x20\x72\x65\x74\x75\x72\x6e\x20\
\x63\x72\x6f\x73\x5f\x5f\x73\x6b\x62\x5f\x68\x65\x61\x64\x65\x72\x5f\x70\x6f\
\x69\x6e\x74\x65\x72\x28\x73\x6b\x62\x2c\x20\x6f\x66\x66\x73\x65\x74\x2c\x20\
\x6c\x65\x6e\x2c\x20\x42\x50\x46\x5f\x43\x4f\x52\x45\x5f\x52\x45\x41\x44\x28\
\x73\x6b\x62\x2c\x20\x64\x61\x74\x61\x29\x2c\0\x20\x20\x72\x65\x74\x75\x72\x6e\
\x20\x42\x50\x46\x5f\x43\x4f\x52\x45\x5f\x52\x45\x41\x44\x28\x73\x6b\x62\x2c\
\x20\x6c\x65\x6e\x29\x20\x2d\x20\x42\x50\x46\x5f\x43\x4f\x52\x45\x5f\x52\x45\
\x41\x44\x28\x73\x6b\x62\x2c\x20\x64\x61\x74\x61\x5f\x6c\x65\x6e\x29\x3b\0\x20\
\x20\x69\x66\x20\x28\x68\x6c\x65\x6e\x20\x2d\x20\x6f\x66\x66\x73\x65\x74\x20\
\x3e\x3d\x20\x6c\x65\x6e\x29\x20\x7b\0\x20\x20\x20\x20\x72\x65\x74\x75\x72\x6e\
\x20\x28\x76\x6f\x69\x64\x2a\x29\x64\x61\x74\x61\x20\x2b\x20\x6f\x66\x66\x73\
\x65\x74\x3b\x20\x20\x2f\x2f\x20\x4e\x4f\x4c\x49\x4e\x54\0\x20\x20\x20\x20\x69\
\x66\x20\x28\x21\x68\x70\x29\0\x20\x20\x20\x20\x69\x66\x20\x28\x6e\x65\x78\x74\
\x68\x64\x72\x20\x3d\x3d\x20\x43\x52\x4f\x53\x5f\x4e\x45\x58\x54\x48\x44\x52\
\x5f\x46\x52\x41\x47\x4d\x45\x4e\x54\x29\x20\x7b\0\x20\x20\x20\x20\x20\x20\x68\
\x64\x72\x6c\x65\x6e\x20\x3d\x20\x63\x72\x6f\x73\x5f\x69\x70\x76\x36\x5f\x61\
\x75\x74\x68\x6c\x65\x6e\x28\x68\x70\x29\x3b\0\x20\x20\x73\x77\x69\x74\x63\x68\
\x20\x28\x6e\x65\x78\x74\x5f\x68\x65\x61\x64\x65\x72\x29\x20\x7b\0\x30\x3a\x35\
\x32\0\x20\x20\x20\x20\x20\x20\x69\x66\x20\x28\x42\x50\x46\x5f\x43\x4f\x52\x45\
\x5f\x52\x45\x41\x44\x28\x73\x6b\x2c\x20\x73\x6b\x5f\x74\x79\x70\x65\x29\x20\
\x3d\x3d\x20\x53\x4f\x43\x4b\x5f\x52\x41\x57\x29\x20\x7b\0\x63\x72\x6f\x73\x5f\
\x68\x61\x6e\x64\x6c\x65\x5f\x69\x70\x36\x5f\x69\x6e\x70\x75\x74\x5f\x65\x78\
\x69\x74\0\x72\x61\x77\x5f\x74\x72\x61\x63\x65\x70\x6f\x69\x6e\x74\x2f\x63\x72\
\x6f\x73\x5f\x69\x70\x36\x5f\x69\x6e\x70\x75\x74\x5f\x66\x69\x6e\x69\x73\x68\
\x5f\x65\x6e\x74\x65\x72\0\x69\x6e\x74\x20\x42\x50\x46\x5f\x50\x52\x4f\x47\x28\
\x63\x72\x6f\x73\x5f\x68\x61\x6e\x64\x6c\x65\x5f\x69\x70\x36\x5f\x69\x6e\x70\
\x75\x74\x5f\x65\x78\x69\x74\x2c\0\x63\x72\x6f\x73\x5f\x68\x61\x6e\x64\x6c\x65\
\x5f\x69\x6e\x65\x74\x5f\x61\x63\x63\x65\x70\x74\x5f\x65\x78\x69\x74\0\x72\x61\
\x77\x5f\x74\x72\x61\x63\x65\x70\x6f\x69\x6e\x74\x2f\x63\x72\x6f\x73\x5f\x69\
\x6e\x65\x74\x5f\x61\x63\x63\x65\x70\x74\x5f\x65\x78\x69\x74\0\x69\x6e\x74\x20\
\x42\x50\x46\x5f\x50\x52\x4f\x47\x28\x63\x72\x6f\x73\x5f\x68\x61\x6e\x64\x6c\
\x65\x5f\x69\x6e\x65\x74\x5f\x61\x63\x63\x65\x70\x74\x5f\x65\x78\x69\x74\x2c\0\
\x20\x20\x69\x66\x20\x28\x72\x76\x20\x3c\x20\x30\x29\x20\x7b\0\x20\x20\x6b\x65\
\x79\x2e\x73\x6f\x63\x6b\x20\x3d\x20\x28\x75\x69\x6e\x74\x36\x34\x5f\x74\x29\
\x6e\x65\x77\x73\x6f\x63\x6b\x3b\0\x20\x20\x73\x74\x72\x75\x63\x74\x20\x73\x6f\
\x63\x6b\x5f\x63\x6f\x6d\x6d\x6f\x6e\x20\x73\x6b\x5f\x63\x6f\x6d\x6d\x6f\x6e\
\x20\x3d\x20\x42\x50\x46\x5f\x43\x4f\x52\x45\x5f\x52\x45\x41\x44\x28\x73\x6f\
\x63\x6b\x2c\x20\x73\x6b\x2c\x20\x5f\x5f\x73\x6b\x5f\x63\x6f\x6d\x6d\x6f\x6e\
\x29\x3b\0\x20\x20\x66\x69\x76\x65\x5f\x74\x75\x70\x6c\x65\x2d\x3e\x66\x61\x6d\
\x69\x6c\x79\x20\x3d\x20\x73\x6b\x5f\x63\x6f\x6d\x6d\x6f\x6e\x2e\x73\x6b\x63\
\x5f\x66\x61\x6d\x69\x6c\x79\x3b\0\x20\x20\x20\x20\x20\x20\x64\x65\x74\x65\x72\
\x6d\x69\x6e\x65\x5f\x70\x72\x6f\x74\x6f\x63\x6f\x6c\x28\x66\x69\x76\x65\x5f\
\x74\x75\x70\x6c\x65\x2d\x3e\x66\x61\x6d\x69\x6c\x79\x2c\x20\x42\x50\x46\x5f\
\x43\x4f\x52\x45\x5f\x52\x45\x41\x44\x28\x73\x6f\x63\x6b\x2c\x20\x74\x79\x70\
\x65\x29\x2c\0\x20\x20\x20\x20\x20\x20\x20\x20\x20\x20\x20\x20\x20\x20\x20\x20\
\x20\x20\x20\x20\x20\x20\x20\x20\x20\x42\x50\x46\x5f\x43\x4f\x52\x45\x5f\x52\
\x45\x41\x44\x28\x73\x6f\x63\x6b\x2c\x20\x73\x6b\x2c\x20\x73\x6b\x5f\x70\x72\
\x6f\x74\x6f\x63\x6f\x6c\x29\x29\x3b\0\x20\x20\x66\x69\x76\x65\x5f\x74\x75\x70\
\x6c\x65\x2d\x3e\x70\x72\x6f\x74\x6f\x63\x6f\x6c\x20\x3d\0\x20\x20\x69\x66\x20\
\x28\x66\x69\x76\x65\x5f\x74\x75\x70\x6c\x65\x2d\x3e\x66\x61\x6d\x69\x6c\x79\
\x20\x3d\x3d\x20\x43\x52\x4f\x53\x5f\x46\x41\x4d\x49\x4c\x59\x5f\x41\x46\x5f\
\x49\x4e\x45\x54\x29\x20\x7b\0\x20\x20\x20\x20\x66\x69\x76\x65\x5f\x74\x75\x70\
\x6c\x65\x2d\x3e\x72\x65\x6d\x6f\x74\x65\x5f\x61\x64\x64\x72\x2e\x61\x64\x64\
\x72\x34\x20\x3d\x20\x73\x6b\x5f\x63\x6f\x6d\x6d\x6f\x6e\x2e\x73\x6b\x63\x5f\
\x64\x61\x64\x64\x72\x3b\0\x30\x3a\x30\x3a\x31\x3a\x30\0\x20\x20\x20\x20\x66\
\x69\x76\x65\x5f\x74\x75\x70\x6c\x65\x2d\x3e\x6c\x6f\x63\x61\x6c\x5f\x61\x64\
\x64\x72\x2e\x61\x64\x64\x72\x34\x20\x3d\x20\x73\x6b\x5f\x63\x6f\x6d\x6d\x6f\
\x6e\x2e\x73\x6b\x63\x5f\x72\x63\x76\x5f\x73\x61\x64\x64\x72\x3b\0\x20\x20\x20\
\x20\x5f\x5f\x62\x75\x69\x6c\x74\x69\x6e\x5f\x6d\x65\x6d\x63\x70\x79\x28\x66\
\x69\x76\x65\x5f\x74\x75\x70\x6c\x65\x2d\x3e\x6c\x6f\x63\x61\x6c\x5f\x61\x64\
\x64\x72\x2e\x61\x64\x64\x72\x36\x2c\0\x30\x3a\x31\x33\x3a\x30\x3a\x30\0\x20\
\x20\x20\x20\x5f\x5f\x62\x75\x69\x6c\x74\x69\x6e\x5f\x6d\x65\x6d\x63\x70\x79\
\x28\x66\x69\x76\x65\x5f\x74\x75\x70\x6c\x65\x2d\x3e\x72\x65\x6d\x6f\x74\x65\
\x5f\x61\x64\x64\x72\x2e\x61\x64\x64\x72\x36\x2c\0\x20\x20\x66\x69\x76\x65\x5f\
\x74\x75\x70\x6c\x65\x2d\x3e\x72\x65\x6d\x6f\x74\x65\x5f\x70\x6f\x72\x74\x20\
\x3d\x20\x73\x6b\x5f\x63\x6f\x6d\x6d\x6f\x6e\x2e\x73\x6b\x63\x5f\x64\x70\x6f\
\x72\x74\x3b\0\x30\x3a\x32\x3a\x31\x3a\x30\0\x20\x20\x66\x69\x76\x65\x5f\x74\
\x75\x70\x6c\x65\x2d\x3e\x6c\x6f\x63\x61\x6c\x5f\x70\x6f\x72\x74\x20\x3d\x20\
\x73\x6b\x5f\x63\x6f\x6d\x6d\x6f\x6e\x2e\x73\x6b\x63\x5f\x6e\x75\x6d\x3b\0\x20\
\x20\x70\x72\x6f\x63\x65\x73\x73\x5f\x76\x61\x6c\x75\x65\x20\x3d\x20\x62\x70\
\x66\x5f\x6d\x61\x70\x5f\x6c\x6f\x6f\x6b\x75\x70\x5f\x65\x6c\x65\x6d\x28\x26\
\x68\x65\x61\x70\x5f\x63\x72\x6f\x73\x5f\x6e\x65\x74\x77\x6f\x72\x6b\x5f\x63\
\x6f\x6d\x6d\x6f\x6e\x5f\x6d\x61\x70\x2c\x20\x26\x7a\x65\x72\x6f\x29\x3b\0\x20\
\x20\x69\x66\x20\x28\x70\x72\x6f\x63\x65\x73\x73\x5f\x76\x61\x6c\x75\x65\x20\
\x3d\x3d\x20\x4e\x55\x4c\x4c\x29\x20\x7b\0\x20\x20\x5f\x5f\x62\x75\x69\x6c\x74\
\x69\x6e\x5f\x6d\x65\x6d\x73\x65\x74\x28\x70\x72\x6f\x63\x65\x73\x73\x5f\x76\
\x61\x6c\x75\x65\x2c\x20\x30\x2c\0\x20\x20\x20\x20\x62\x70\x66\x5f\x70\x72\x69\
\x6e\x74\x6b\x28\x22\x45\x52\x52\x4f\x52\x3a\x20\x69\x6e\x65\x74\x5f\x61\x63\
\x63\x65\x70\x74\x20\x75\x6e\x61\x62\x6c\x65\x20\x74\x6f\x20\x63\x61\x70\x74\
\x75\x72\x65\x20\x70\x72\x6f\x63\x65\x73\x73\x20\x63\x6f\x6e\x74\x65\x78\x74\
\x2e\x22\x29\x3b\0\x20\x20\x70\x72\x6f\x63\x65\x73\x73\x5f\x76\x61\x6c\x75\x65\
\x2d\x3e\x67\x61\x72\x62\x61\x67\x65\x5f\x63\x6f\x6c\x6c\x65\x63\x74\x5f\x6d\
\x65\x20\x3d\x20\x66\x61\x6c\x73\x65\x3b\0\x20\x20\x62\x70\x66\x5f\x6d\x61\x70\
\x5f\x75\x70\x64\x61\x74\x65\x5f\x65\x6c\x65\x6d\x28\x26\x70\x72\x6f\x63\x65\
\x73\x73\x5f\x6d\x61\x70\x2c\x20\x26\x73\x6f\x63\x6b\x2c\x20\x70\x72\x6f\x63\
\x65\x73\x73\x5f\x76\x61\x6c\x75\x65\x2c\x20\x42\x50\x46\x5f\x4e\x4f\x45\x58\
\x49\x53\x54\x29\x3b\0\x20\x20\x69\x66\x20\x28\x76\x61\x6c\x75\x65\x5f\x72\x65\
\x66\x29\x20\x7b\x20\x20\x2f\x2f\x20\x65\x6e\x74\x72\x79\x20\x61\x6c\x72\x65\
\x61\x64\x79\x20\x65\x78\x69\x73\x74\x2e\x2e\x20\x74\x68\x69\x73\x20\x73\x68\
\x6f\x75\x6c\x64\x6e\x27\x74\x20\x62\x65\x20\x74\x68\x65\x20\x63\x61\x73\x65\
\x2e\0\x63\x72\x6f\x73\x5f\x68\x61\x6e\x64\x6c\x65\x5f\x69\x6e\x65\x74\x5f\x73\
\x74\x72\x65\x61\x6d\x5f\x63\x6f\x6e\x6e\x65\x63\x74\x5f\x65\x78\x69\x74\0\x72\
\x61\x77\x5f\x74\x72\x61\x63\x65\x70\x6f\x69\x6e\x74\x2f\x63\x72\x6f\x73\x5f\
\x69\x6e\x65\x74\x5f\x73\x74\x72\x65\x61\x6d\x5f\x63\x6f\x6e\x6e\x65\x63\x74\
\x5f\x65\x78\x69\x74\0\x69\x6e\x74\x20\x42\x50\x46\x5f\x50\x52\x4f\x47\x28\x63\
\x72\x6f\x73\x5f\x68\x61\x6e\x64\x6c\x65\x5f\x69\x6e\x65\x74\x5f\x73\x74\x72\
\x65\x61\x6d\x5f\x63\x6f\x6e\x6e\x65\x63\x74\x5f\x65\x78\x69\x74\x2c\0\x20\x20\
\x6b\x65\x79\x2e\x73\x6f\x63\x6b\x20\x3d\x20\x28\x75\x69\x6e\x74\x36\x34\x5f\
\x74\x29\x73\x6f\x63\x6b\x3b\0\x20\x20\x20\x20\x62\x70\x66\x5f\x70\x72\x69\x6e\
\x74\x6b\x28\x22\x45\x52\x52\x4f\x52\x3a\x20\x69\x6e\x65\x74\x5f\x61\x63\x63\
\x65\x70\x74\x20\x75\x6e\x61\x62\x6c\x65\x20\x74\x6f\x20\x72\x65\x63\x6f\x72\
\x64\x20\x70\x72\x6f\x63\x65\x73\x73\x20\x63\x6f\x6e\x74\x65\x78\x74\x2e\x22\
\x29\x3b\0\x20\x20\x69\x66\x20\x28\x76\x61\x6c\x75\x65\x5f\x72\x65\x66\x29\x20\
\x7b\0\x20\x20\x20\x20\x76\x61\x6c\x75\x65\x5f\x72\x65\x66\x2d\x3e\x64\x69\x72\
\x65\x63\x74\x69\x6f\x6e\x20\x3d\x20\x43\x52\x4f\x53\x5f\x53\x4f\x43\x4b\x45\
\x54\x5f\x44\x49\x52\x45\x43\x54\x49\x4f\x4e\x5f\x4f\x55\x54\x3b\0\x63\x72\x6f\
\x73\x5f\x68\x61\x6e\x64\x6c\x65\x5f\x69\x6e\x65\x74\x5f\x72\x65\x6c\x65\x61\
\x73\x65\x5f\x65\x6e\x74\x65\x72\0\x72\x61\x77\x5f\x74\x72\x61\x63\x65\x70\x6f\
\x69\x6e\x74\x2f\x63\x72\x6f\x73\x5f\x69\x6e\x65\x74\x5f\x72\x65\x6c\x65\x61\
\x73\x65\x5f\x65\x6e\x74\x65\x72\0\x69\x6e\x74\x20\x42\x50\x46\x5f\x50\x52\x4f\
\x47\x28\x63\x72\x6f\x73\x5f\x68\x61\x6e\x64\x6c\x65\x5f\x69\x6e\x65\x74\x5f\
\x72\x65\x6c\x65\x61\x73\x65\x5f\x65\x6e\x74\x65\x72\x2c\x20\x73\x74\x72\x75\
\x63\x74\x20\x73\x6f\x63\x6b\x65\x74\x2a\x20\x73\x6f\x63\x6b\x29\x20\x7b\0\x20\
\x20\x75\x69\x6e\x74\x36\x34\x5f\x74\x20\x6b\x65\x79\x20\x3d\x20\x28\x75\x69\
\x6e\x74\x36\x34\x5f\x74\x29\x73\x6f\x63\x6b\x3b\0\x20\x20\x69\x66\x20\x28\x62\
\x70\x66\x5f\x6d\x61\x70\x5f\x64\x65\x6c\x65\x74\x65\x5f\x65\x6c\x65\x6d\x28\
\x26\x61\x63\x74\x69\x76\x65\x5f\x73\x6f\x63\x6b\x65\x74\x5f\x6d\x61\x70\x2c\
\x20\x26\x6b\x65\x79\x29\x20\x3d\x3d\x20\x2d\x31\x29\x20\x7b\0\x20\x20\x20\x20\
\x62\x70\x66\x5f\x70\x72\x69\x6e\x74\x6b\x28\x22\x69\x6e\x65\x74\x5f\x72\x65\
\x6c\x65\x61\x73\x65\x3a\x20\x61\x63\x74\x69\x76\x65\x20\x73\x6f\x63\x6b\x65\
\x74\x20\x64\x65\x6c\x65\x74\x69\x6f\x6e\x20\x66\x61\x69\x6c\x65\x64\x20\x66\
\x6f\x72\x20\x25\x64\x2e\x22\x2c\x20\x6b\x65\x79\x29\x3b\0\x63\x72\x6f\x73\x5f\
\x68\x61\x6e\x64\x6c\x65\x5f\x69\x6e\x65\x74\x5f\x73\x65\x6e\x64\x6d\x73\x67\
\x5f\x65\x6e\x74\x65\x72\0\x72\x61\x77\x5f\x74\x72\x61\x63\x65\x70\x6f\x69\x6e\
\x74\x2f\x63\x72\x6f\x73\x5f\x69\x6e\x65\x74\x5f\x73\x65\x6e\x64\x6d\x73\x67\
\x5f\x65\x6e\x74\x65\x72\0\x69\x6e\x74\x20\x42\x50\x46\x5f\x50\x52\x4f\x47\x28\
\x63\x72\x6f\x73\x5f\x68\x61\x6e\x64\x6c\x65\x5f\x69\x6e\x65\x74\x5f\x73\x65\
\x6e\x64\x6d\x73\x67\x5f\x65\x6e\x74\x65\x72\x2c\0\x20\x20\x20\x20\x62\x70\x66\
\x5f\x70\x72\x69\x6e\x74\x6b\x28\x22\x45\x52\x52\x4f\x52\x3a\x20\x69\x6e\x65\
\x74\x5f\x73\x65\x6e\x64\x6d\x73\x67\x20\x75\x6e\x61\x62\x6c\x65\x20\x74\x6f\
\x20\x63\x61\x70\x74\x75\x72\x65\x20\x70\x72\x6f\x63\x65\x73\x73\x20\x63\x6f\
\x6e\x74\x65\x78\x74\x2e\x22\x29\x3b\0\x63\x72\x6f\x73\x5f\x68\x61\x6e\x64\x6c\
\x65\x5f\x69\x6e\x65\x74\x5f\x72\x65\x63\x76\x6d\x73\x67\x5f\x65\x78\x69\x74\0\
\x72\x61\x77\x5f\x74\x72\x61\x63\x65\x70\x6f\x69\x6e\x74\x2f\x63\x72\x6f\x73\
\x5f\x69\x6e\x65\x74\x5f\x72\x65\x63\x76\x6d\x73\x67\x5f\x65\x78\x69\x74\0\x69\
\x6e\x74\x20\x42\x50\x46\x5f\x50\x52\x4f\x47\x28\x63\x72\x6f\x73\x5f\x68\x61\
\x6e\x64\x6c\x65\x5f\x69\x6e\x65\x74\x5f\x72\x65\x63\x76\x6d\x73\x67\x5f\x65\
\x78\x69\x74\x2c\0\x20\x20\x20\x20\x62\x70\x66\x5f\x70\x72\x69\x6e\x74\x6b\x28\
\x22\x45\x52\x52\x4f\x52\x3a\x20\x69\x6e\x65\x74\x5f\x72\x65\x63\x76\x6d\x73\
\x67\x20\x75\x6e\x61\x62\x6c\x65\x20\x74\x6f\x20\x63\x61\x70\x74\x75\x72\x65\
\x20\x70\x72\x6f\x63\x65\x73\x73\x20\x63\x6f\x6e\x74\x65\x78\x74\x2e\x22\x29\
\x3b\0\x4c\x49\x43\x45\x4e\x53\x45\0\x63\x72\x6f\x73\x5f\x69\x73\x5f\x69\x66\
\x69\x6e\x64\x65\x78\x5f\x65\x78\x74\x65\x72\x6e\x61\x6c\x2e\x5f\x5f\x5f\x5f\
\x66\x6d\x74\0\x63\x72\x6f\x73\x5f\x69\x73\x5f\x69\x66\x69\x6e\x64\x65\x78\x5f\
\x65\x78\x74\x65\x72\x6e\x61\x6c\x2e\x5f\x5f\x5f\x5f\x66\x6d\x74\x2e\x31\0\x63\
\x72\x6f\x73\x5f\x6e\x65\x77\x5f\x66\x6c\x6f\x77\x5f\x65\x6e\x74\x72\x79\x2e\
\x5f\x5f\x5f\x5f\x66\x6d\x74\0\x63\x72\x6f\x73\x5f\x6e\x65\x77\x5f\x66\x6c\x6f\
\x77\x5f\x65\x6e\x74\x72\x79\x2e\x5f\x5f\x5f\x5f\x66\x6d\x74\x2e\x32\0\x5f\x5f\
\x5f\x5f\x63\x72\x6f\x73\x5f\x68\x61\x6e\x64\x6c\x65\x5f\x69\x6e\x65\x74\x5f\
\x61\x63\x63\x65\x70\x74\x5f\x65\x78\x69\x74\x2e\x5f\x5f\x5f\x5f\x66\x6d\x74\0\
\x5f\x5f\x5f\x5f\x63\x72\x6f\x73\x5f\x68\x61\x6e\x64\x6c\x65\x5f\x69\x6e\x65\
\x74\x5f\x61\x63\x63\x65\x70\x74\x5f\x65\x78\x69\x74\x2e\x5f\x5f\x5f\x5f\x66\
\x6d\x74\x2e\x37\0\x63\x72\x65\x61\x74\x65\x5f\x70\x72\x6f\x63\x65\x73\x73\x5f\
\x6d\x61\x70\x5f\x65\x6e\x74\x72\x79\x2e\x5f\x5f\x5f\x5f\x66\x6d\x74\0\x5f\x5f\
\x5f\x5f\x63\x72\x6f\x73\x5f\x68\x61\x6e\x64\x6c\x65\x5f\x69\x6e\x65\x74\x5f\
\x73\x74\x72\x65\x61\x6d\x5f\x63\x6f\x6e\x6e\x65\x63\x74\x5f\x65\x78\x69\x74\
\x2e\x5f\x5f\x5f\x5f\x66\x6d\x74\0\x5f\x5f\x5f\x5f\x63\x72\x6f\x73\x5f\x68\x61\
\x6e\x64\x6c\x65\x5f\x69\x6e\x65\x74\x5f\x72\x65\x6c\x65\x61\x73\x65\x5f\x65\
\x6e\x74\x65\x72\x2e\x5f\x5f\x5f\x5f\x66\x6d\x74\0\x5f\x5f\x5f\x5f\x63\x72\x6f\
\x73\x5f\x68\x61\x6e\x64\x6c\x65\x5f\x69\x6e\x65\x74\x5f\x73\x65\x6e\x64\x6d\
\x73\x67\x5f\x65\x6e\x74\x65\x72\x2e\x5f\x5f\x5f\x5f\x66\x6d\x74\0\x5f\x5f\x5f\
\x5f\x63\x72\x6f\x73\x5f\x68\x61\x6e\x64\x6c\x65\x5f\x69\x6e\x65\x74\x5f\x72\
\x65\x63\x76\x6d\x73\x67\x5f\x65\x78\x69\x74\x2e\x5f\x5f\x5f\x5f\x66\x6d\x74\0\
\x2e\x6d\x61\x70\x73\0\x2e\x72\x6f\x64\x61\x74\x61\0\x6c\x69\x63\x65\x6e\x73\
\x65\0\x69\x63\x6d\x70\x76\x36\x5f\x6d\x69\x62\0\x76\x66\x73\x6d\x6f\x75\x6e\
\x74\0\x74\x61\x73\x6b\x5f\x67\x72\x6f\x75\x70\0\x6b\x65\x72\x6e\x66\x73\x5f\
\x6e\x6f\x64\x65\0\x69\x6e\x6f\x64\x65\0\x75\x73\x65\x72\x5f\x6e\x61\x6d\x65\
\x73\x70\x61\x63\x65\0\x70\x72\x6f\x63\x5f\x6e\x73\x5f\x6f\x70\x65\x72\x61\x74\
\x69\x6f\x6e\x73\0\x6e\x6f\x74\x69\x66\x69\x65\x72\x5f\x62\x6c\x6f\x63\x6b\0\
\x66\x77\x6e\x6f\x64\x65\x5f\x68\x61\x6e\x64\x6c\x65\0\x69\x70\x73\x74\x61\x74\
\x73\x5f\x6d\x69\x62\0\x76\x6d\x5f\x6f\x70\x65\x72\x61\x74\x69\x6f\x6e\x73\x5f\
\x73\x74\x72\x75\x63\x74\0\x6c\x69\x6e\x75\x78\x5f\x62\x69\x6e\x66\x6d\x74\0\
\x6d\x6f\x64\x75\x6c\x65\0\x6b\x6f\x62\x6a\x5f\x74\x79\x70\x65\0\x61\x64\x64\
\x72\x65\x73\x73\x5f\x73\x70\x61\x63\x65\x5f\x6f\x70\x65\x72\x61\x74\x69\x6f\
\x6e\x73\0\x64\x65\x76\x69\x63\x65\x5f\x70\x72\x69\x76\x61\x74\x65\0\x64\x65\
\x76\x69\x63\x65\x5f\x64\x72\x69\x76\x65\x72\0\x62\x75\x73\x5f\x74\x79\x70\x65\
\0\x63\x74\x6c\x5f\x74\x61\x62\x6c\x65\x5f\x72\x6f\x6f\x74\0\x63\x74\x6c\x5f\
\x6e\x6f\x64\x65\0\x64\x65\x76\x69\x63\x65\x5f\x6e\x6f\x64\x65\0\x74\x63\x70\
\x5f\x63\x6f\x6e\x67\x65\x73\x74\x69\x6f\x6e\x5f\x6f\x70\x73\0\x70\x69\x70\x65\
\x5f\x69\x6e\x6f\x64\x65\x5f\x69\x6e\x66\x6f\0\x66\x61\x73\x79\x6e\x63\x5f\x73\
\x74\x72\x75\x63\x74\0\x75\x73\x65\x72\x5f\x73\x74\x72\x75\x63\x74\0\x6e\x65\
\x69\x67\x68\x5f\x74\x61\x62\x6c\x65\0\x6e\x65\x74\x64\x65\x76\x5f\x6e\x61\x6d\
\x65\x5f\x6e\x6f\x64\x65\0\x64\x65\x76\x5f\x69\x66\x61\x6c\x69\x61\x73\0\x6e\
\x65\x74\x5f\x64\x65\x76\x69\x63\x65\x5f\x6f\x70\x73\0\x6c\x77\x74\x75\x6e\x6e\
\x65\x6c\x5f\x73\x74\x61\x74\x65\0\x6e\x65\x69\x67\x68\x5f\x70\x61\x72\x6d\x73\
\0\x6b\x65\x79\x5f\x74\x61\x67\0\x70\x72\x6f\x63\x5f\x64\x69\x72\x5f\x65\x6e\
\x74\x72\x79\0\x66\x69\x6c\x65\x5f\x6f\x70\x65\x72\x61\x74\x69\x6f\x6e\x73\0\
\x62\x70\x66\x5f\x70\x72\x6f\x67\x5f\x73\x74\x61\x74\x73\0\x62\x70\x66\x5f\x70\
\x72\x6f\x67\x5f\x61\x75\x78\0\x72\x74\x36\x5f\x73\x74\x61\x74\x69\x73\x74\x69\
\x63\x73\0\x73\x65\x67\x36\x5f\x70\x65\x72\x6e\x65\x74\x5f\x64\x61\x74\x61\0\
\x69\x6f\x61\x6d\x36\x5f\x70\x65\x72\x6e\x65\x74\x5f\x64\x61\x74\x61\0\x74\x63\
\x70\x5f\x6d\x69\x62\0\x6c\x69\x6e\x75\x78\x5f\x6d\x69\x62\0\x75\x64\x70\x5f\
\x6d\x69\x62\0\x69\x63\x6d\x70\x5f\x6d\x69\x62\0\x69\x63\x6d\x70\x6d\x73\x67\
\x5f\x6d\x69\x62\0\x69\x63\x6d\x70\x76\x36\x6d\x73\x67\x5f\x6d\x69\x62\0\x69\
\x6e\x65\x74\x5f\x68\x61\x73\x68\x69\x6e\x66\x6f\0\x6b\x6d\x65\x6d\x5f\x63\x61\
\x63\x68\x65\0\x69\x70\x76\x34\x5f\x64\x65\x76\x63\x6f\x6e\x66\0\x69\x70\x5f\
\x72\x61\x5f\x63\x68\x61\x69\x6e\0\x66\x69\x62\x5f\x72\x75\x6c\x65\x73\x5f\x6f\
\x70\x73\0\x66\x69\x62\x5f\x74\x61\x62\x6c\x65\0\x69\x6e\x65\x74\x5f\x70\x65\
\x65\x72\x5f\x62\x61\x73\x65\0\x74\x63\x70\x5f\x66\x61\x73\x74\x6f\x70\x65\x6e\
\x5f\x63\x6f\x6e\x74\x65\x78\x74\0\x6d\x72\x5f\x74\x61\x62\x6c\x65\0\x66\x69\
\x62\x5f\x6e\x6f\x74\x69\x66\x69\x65\x72\x5f\x6f\x70\x73\0\x78\x66\x72\x6d\x5f\
\x73\x74\x61\x74\x65\0\x68\x72\x74\x69\x6d\x65\x72\x5f\x63\x6c\x6f\x63\x6b\x5f\
\x62\x61\x73\x65\0\x78\x66\x72\x6d\x5f\x73\x65\x63\x5f\x63\x74\x78\0\x6e\x65\
\x69\x67\x68\x5f\x6f\x70\x73\0\x69\x70\x76\x36\x5f\x64\x65\x76\x63\x6f\x6e\x66\
\0\x66\x69\x62\x36\x5f\x69\x6e\x66\x6f\0\x66\x69\x62\x36\x5f\x74\x61\x62\x6c\
\x65\0\x73\x65\x63\x63\x6f\x6d\x70\x5f\x66\x69\x6c\x74\x65\x72\0\x72\x74\x36\
\x5f\x69\x6e\x66\x6f\0\x69\x6e\x65\x74\x36\x5f\x64\x65\x76\0\x77\x70\x61\x6e\
\x5f\x64\x65\x76\0\x63\x74\x5f\x70\x63\x70\x75\0\x69\x70\x5f\x63\x6f\x6e\x6e\
\x74\x72\x61\x63\x6b\x5f\x73\x74\x61\x74\0\x6e\x66\x5f\x63\x74\x5f\x65\x76\x65\
\x6e\x74\x5f\x6e\x6f\x74\x69\x66\x69\x65\x72\0\x6e\x65\x74\x5f\x67\x65\x6e\x65\
\x72\x69\x63\0\x6c\x6f\x63\x6b\x5f\x63\x6c\x61\x73\x73\x5f\x6b\x65\x79\0\x62\
\x70\x66\x5f\x6c\x6f\x63\x61\x6c\x5f\x73\x74\x6f\x72\x61\x67\x65\0\x70\x69\x64\
\x5f\x6e\x61\x6d\x65\x73\x70\x61\x63\x65\0\x73\x6f\x63\x6b\x5f\x72\x65\x75\x73\
\x65\x70\x6f\x72\x74\0\x73\x6f\x63\x6b\x5f\x66\x70\x72\x6f\x67\x5f\x6b\x65\x72\
\x6e\0\x62\x70\x66\x5f\x73\x74\x6f\x72\x61\x67\x65\x5f\x62\x75\x66\x66\x65\x72\
\0\x62\x70\x66\x5f\x63\x67\x72\x6f\x75\x70\x5f\x73\x74\x6f\x72\x61\x67\x65\x5f\
\x6d\x61\x70\0\x69\x6e\x5f\x64\x65\x76\x69\x63\x65\0\x77\x69\x72\x65\x6c\x65\
\x73\x73\x5f\x64\x65\x76\0\x72\x63\x75\x5f\x6e\x6f\x64\x65\0\x5f\x5f\x6b\x65\
\x72\x6e\x65\x6c\x5f\x74\x69\x6d\x65\x73\x70\x65\x63\0\x6f\x6c\x64\x5f\x74\x69\
\x6d\x65\x73\x70\x65\x63\x33\x32\0\x70\x6f\x6c\x6c\x66\x64\0\x73\x65\x6d\x5f\
\x75\x6e\x64\x6f\x5f\x6c\x69\x73\x74\0\x66\x73\x5f\x73\x74\x72\x75\x63\x74\0\
\x66\x69\x6c\x65\x73\x5f\x73\x74\x72\x75\x63\x74\0\x6e\x65\x74\x64\x65\x76\x5f\
\x72\x78\x5f\x71\x75\x65\x75\x65\0\x6d\x69\x6e\x69\x5f\x51\x64\x69\x73\x63\0\
\x51\x64\x69\x73\x63\0\x6e\x65\x74\x64\x65\x76\x5f\x71\x75\x65\x75\x65\0\x63\
\x70\x75\x5f\x72\x6d\x61\x70\0\x78\x64\x70\x5f\x64\x65\x76\x5f\x62\x75\x6c\x6b\
\x5f\x71\x75\x65\x75\x65\0\x70\x63\x70\x75\x5f\x6c\x73\x74\x61\x74\x73\0\x70\
\x63\x70\x75\x5f\x73\x77\x5f\x6e\x65\x74\x73\x74\x61\x74\x73\0\x70\x68\x79\x5f\
\x64\x65\x76\x69\x63\x65\0\x69\x72\x71\x5f\x64\x6f\x6d\x61\x69\x6e\0\x62\x70\
\x66\x5f\x78\x64\x70\x5f\x6c\x69\x6e\x6b\0\x73\x6b\x62\x5f\x65\x78\x74\0\x64\
\x65\x76\x69\x63\x65\x5f\x74\x79\x70\x65\0\x77\x61\x6b\x65\x75\x70\x5f\x73\x6f\
\x75\x72\x63\x65\0\x77\x61\x6b\x65\x5f\x69\x72\x71\0\x64\x65\x76\x5f\x70\x6d\
\x5f\x64\x6f\x6d\x61\x69\x6e\0\x70\x6d\x5f\x73\x75\x62\x73\x79\x73\x5f\x64\x61\
\x74\x61\0\x64\x65\x76\x5f\x70\x6d\x5f\x71\x6f\x73\0\x64\x65\x76\x5f\x70\x69\
\x6e\x5f\x69\x6e\x66\x6f\0\x64\x6d\x61\x5f\x6d\x61\x70\x5f\x6f\x70\x73\0\x62\
\x75\x73\x5f\x64\x6d\x61\x5f\x72\x65\x67\x69\x6f\x6e\0\x64\x65\x76\x69\x63\x65\
\x5f\x64\x6d\x61\x5f\x70\x61\x72\x61\x6d\x65\x74\x65\x72\x73\0\x69\x6f\x5f\x74\
\x6c\x62\x5f\x6d\x65\x6d\0\x64\x65\x76\x5f\x69\x6f\x6d\x6d\x75\0\x64\x65\x76\
\x69\x63\x65\x5f\x70\x68\x79\x73\x69\x63\x61\x6c\x5f\x6c\x6f\x63\x61\x74\x69\
\x6f\x6e\0\x72\x65\x71\x75\x65\x73\x74\x5f\x71\x75\x65\x75\x65\0\x74\x72\x61\
\x63\x65\x5f\x65\x76\x65\x6e\x74\x5f\x63\x61\x6c\x6c\0\x65\x76\x65\x6e\x74\x5f\
\x66\x69\x6c\x74\x65\x72\0\x66\x74\x72\x61\x63\x65\x5f\x68\x61\x73\x68\0\x70\
\x65\x72\x66\x5f\x62\x75\x66\x66\x65\x72\0\x70\x65\x72\x66\x5f\x61\x64\x64\x72\
\x5f\x66\x69\x6c\x74\x65\x72\x5f\x72\x61\x6e\x67\x65\0\x70\x65\x72\x66\x5f\x72\
\x61\x77\x5f\x72\x65\x63\x6f\x72\x64\0\x70\x65\x72\x66\x5f\x62\x72\x61\x6e\x63\
\x68\x5f\x73\x74\x61\x63\x6b\0\x70\x65\x72\x66\x5f\x63\x61\x6c\x6c\x63\x68\x61\
\x69\x6e\x5f\x65\x6e\x74\x72\x79\0\x6b\x65\x72\x6e\x65\x6c\x5f\x73\x69\x67\x69\
\x6e\x66\x6f\0\x6c\x64\x74\x5f\x73\x74\x72\x75\x63\x74\0\x6b\x69\x6f\x63\x74\
\x78\x5f\x74\x61\x62\x6c\x65\0\x6d\x6d\x75\x5f\x6e\x6f\x74\x69\x66\x69\x65\x72\
\x5f\x73\x75\x62\x73\x63\x72\x69\x70\x74\x69\x6f\x6e\x73\0\x75\x73\x65\x72\x66\
\x61\x75\x6c\x74\x66\x64\x5f\x63\x74\x78\0\x63\x73\x73\x5f\x73\x65\x74\0\x73\
\x69\x67\x6e\x61\x6c\x5f\x73\x74\x72\x75\x63\x74\0\x73\x69\x67\x68\x61\x6e\x64\
\x5f\x73\x74\x72\x75\x63\x74\0\x72\x74\x5f\x6d\x75\x74\x65\x78\x5f\x77\x61\x69\
\x74\x65\x72\0\x62\x6c\x6b\x5f\x70\x6c\x75\x67\0\x72\x6f\x62\x75\x73\x74\x5f\
\x6c\x69\x73\x74\x5f\x68\x65\x61\x64\0\x63\x6f\x6d\x70\x61\x74\x5f\x72\x6f\x62\
\x75\x73\x74\x5f\x6c\x69\x73\x74\x5f\x68\x65\x61\x64\0\x66\x75\x74\x65\x78\x5f\
\x70\x69\x5f\x73\x74\x61\x74\x65\0\x66\x74\x72\x61\x63\x65\x5f\x72\x65\x74\x5f\
\x73\x74\x61\x63\x6b\0\x75\x70\x72\x6f\x62\x65\x5f\x74\x61\x73\x6b\0\x76\x6d\
\x5f\x73\x74\x72\x75\x63\x74\0\x62\x70\x66\x5f\x72\x75\x6e\x5f\x63\x74\x78\0\
\x6d\x61\x74\x68\x5f\x65\x6d\x75\x5f\x69\x6e\x66\x6f\0\x70\x72\x6f\x74\x6f\x5f\
\x6f\x70\x73\0\x9f\xeb\x01\0\x20\0\0\0\0\0\0\0\xa4\0\0\0\xa4\0\0\0\x24\x50\0\0\
\xc8\x50\0\0\xcc\x0e\0\0\x08\0\0\0\x68\x04\0\0\x01\0\0\0\0\0\0\0\x50\0\0\0\x7f\
\x49\0\0\x01\0\0\0\0\0\0\0\x26\x02\0\0\x85\x89\0\0\x01\0\0\0\0\0\0\0\xa8\x03\0\
\0\x55\x8a\0\0\x01\0\0\0\0\0\0\0\xaa\x03\0\0\x2f\x90\0\0\x01\0\0\0\0\0\0\0\xb2\
\x03\0\0\xa0\x90\0\0\x01\0\0\0\0\0\0\0\xb4\x03\0\0\x79\x95\0\0\x01\0\0\0\0\0\0\
\0\xb6\x03\0\0\xa6\x96\0\0\x01\0\0\0\0\0\0\0\xb8\x03\0\0\xda\x97\0\0\x01\0\0\0\
\0\0\0\0\xba\x03\0\0\x96\x98\0\0\x01\0\0\0\0\0\0\0\xbc\x03\0\0\x10\0\0\0\x68\
\x04\0\0\x79\0\0\0\0\0\0\0\x8d\x04\0\0\x50\x05\0\0\x05\xb4\x07\0\x08\0\0\0\x8d\
\x04\0\0\0\0\0\0\0\0\0\0\x18\0\0\0\x8d\x04\0\0\x76\x05\0\0\x07\xc4\x07\0\x20\0\
\0\0\x8d\x04\0\0\x50\x05\0\0\x05\xb4\x07\0\x28\0\0\0\x8d\x04\0\0\x87\x05\0\0\
\x30\xd0\x07\0\x48\0\0\0\x8d\x04\0\0\x50\x05\0\0\x05\xb4\x07\0\x50\0\0\0\x7a\
\x2b\0\0\xf0\x2b\0\0\x0b\x38\0\0\x68\0\0\0\x7a\x2b\0\0\xf0\x2b\0\0\x0b\x38\0\0\
\x70\0\0\0\x7a\x2b\0\0\xf0\x2b\0\0\x23\x38\0\0\x78\0\0\0\x8d\x04\0\0\x21\x2c\0\
\0\x07\xd4\x07\0\x80\0\0\0\x8d\x04\0\0\x38\x2c\0\0\x1c\xe4\x07\0\xa8\0\0\0\x8d\
\x04\0\0\x81\x2c\0\0\x07\xe8\x07\0\xe0\0\0\0\x8d\x04\0\0\0\0\0\0\0\0\0\0\xe8\0\
\0\0\x8d\x04\0\0\x1f\x2d\0\0\x15\xf4\x07\0\0\x01\0\0\x8d\x04\0\0\x1f\x2d\0\0\
\x15\xf4\x07\0\x18\x01\0\0\x8d\x04\0\0\x4e\x2d\0\0\x22\xfc\x07\0\x20\x01\0\0\
\x8d\x04\0\0\x87\x2d\0\0\x0f\xf8\x07\0\x28\x01\0\0\x8d\x04\0\0\x87\x05\0\0\x30\
\xa0\x02\0\x40\x01\0\0\x8d\x04\0\0\0\0\0\0\0\0\0\0\x48\x01\0\0\x8d\x04\0\0\xa6\
\x2d\0\0\x15\xa4\x02\0\x80\x01\0\0\x8d\x04\0\0\xa6\x2d\0\0\x15\xa4\x02\0\x90\
\x01\0\0\x8d\x04\0\0\0\0\0\0\0\0\0\0\x98\x01\0\0\x8d\x04\0\0\xd7\x2d\0\0\x15\
\xa8\x02\0\xc0\x01\0\0\x8d\x04\0\0\xd7\x2d\0\0\x15\xa8\x02\0\xd0\x01\0\0\x8d\
\x04\0\0\0\0\0\0\0\0\0\0\xd8\x01\0\0\x8d\x04\0\0\x9c\x3c\0\0\x14\xac\x02\0\xf0\
\x01\0\0\x8d\x04\0\0\x9c\x3c\0\0\x33\xac\x02\0\0\x02\0\0\x8d\x04\0\0\x9c\x3c\0\
\0\x12\xac\x02\0\x20\x02\0\0\x8d\x04\0\0\0\0\0\0\0\0\0\0\x28\x02\0\0\x8d\x04\0\
\0\xe3\x3c\0\0\x29\xb4\x02\0\x40\x02\0\0\x8d\x04\0\0\xd7\x2d\0\0\x15\xa8\x02\0\
\x50\x02\0\0\x8d\x04\0\0\xe3\x3c\0\0\x29\xb4\x02\0\x58\x02\0\0\x8d\x04\0\0\x2c\
\x3d\0\0\x07\x24\x02\0\x98\x02\0\0\x8d\x04\0\0\x6b\x3d\0\0\x0e\x70\x02\0\xd8\
\x02\0\0\x8d\x04\0\0\x93\x3d\0\0\x27\x34\x02\0\xf0\x02\0\0\x8d\x04\0\0\xde\x3d\
\0\0\x0b\x38\x02\0\x30\x03\0\0\x8d\x04\0\0\x06\x3e\0\0\x14\xb0\x02\0\x68\x03\0\
\0\x7a\x2b\0\0\x50\x3e\0\0\x23\x90\0\0\x98\x03\0\0\x8d\x04\0\0\x06\x3e\0\0\x14\
\xb0\x02\0\xa0\x03\0\0\x7a\x2b\0\0\x50\x3e\0\0\x23\x90\0\0\xb8\x03\0\0\x7a\x2b\
\0\0\x50\x3e\0\0\x23\x90\0\0\xc8\x03\0\0\x7a\x2b\0\0\xa5\x3e\0\0\x15\x58\0\0\
\xf0\x03\0\0\x7a\x2b\0\0\xa5\x3e\0\0\x03\x58\0\0\x18\x04\0\0\x7a\x2b\0\0\0\0\0\
\0\0\0\0\0\x20\x04\0\0\x7a\x2b\0\0\xc6\x3e\0\0\x22\x5c\0\0\x50\x04\0\0\x7a\x2b\
\0\0\0\0\0\0\0\0\0\0\x58\x04\0\0\x7a\x2b\0\0\xc6\x3e\0\0\x22\x5c\0\0\x68\x04\0\
\0\x7a\x2b\0\0\xc6\x3e\0\0\x22\x5c\0\0\x70\x04\0\0\x7a\x2b\0\0\x16\x3f\0\0\x13\
\x60\0\0\x98\x04\0\0\x7a\x2b\0\0\0\0\0\0\0\0\0\0\xa0\x04\0\0\x7a\x2b\0\0\x16\
\x3f\0\0\x17\x60\0\0\xc0\x04\0\0\x7a\x2b\0\0\x16\x3f\0\0\x17\x60\0\0\xd0\x04\0\
\0\x7a\x2b\0\0\0\0\0\0\0\0\0\0\xd8\x04\0\0\x7a\x2b\0\0\x56\x3f\0\0\x17\x64\0\0\
\xe8\x04\0\0\x7a\x2b\0\0\x56\x3f\0\0\x17\x64\0\0\xf0\x04\0\0\x7a\x2b\0\0\x16\
\x3f\0\0\x09\x60\0\0\x18\x05\0\0\x7a\x2b\0\0\0\0\0\0\0\0\0\0\x20\x05\0\0\x7a\
\x2b\0\0\x99\x3f\0\0\x15\x94\0\0\x30\x05\0\0\x7a\x2b\0\0\x99\x3f\0\0\x15\x94\0\
\0\x40\x05\0\0\x7a\x2b\0\0\x99\x3f\0\0\x13\x94\0\0\x60\x05\0\0\x7a\x2b\0\0\0\0\
\0\0\0\0\0\0\x68\x05\0\0\x7a\x2b\0\0\xd0\x3f\0\0\x22\x98\0\0\x88\x05\0\0\x7a\
\x2b\0\0\xd0\x3f\0\0\x22\x98\0\0\x90\x05\0\0\x7a\x2b\0\0\xd0\x3f\0\0\x20\x98\0\
\0\xc0\x05\0\0\x7a\x2b\0\0\0\0\0\0\0\0\0\0\xc8\x05\0\0\x7a\x2b\0\0\x18\x40\0\0\
\x1b\x9c\0\0\xf0\x05\0\0\x7a\x2b\0\0\0\0\0\0\0\0\0\0\xf8\x05\0\0\x7a\x2b\0\0\
\x18\x40\0\0\x1b\x9c\0\0\x08\x06\0\0\x7a\x2b\0\0\x18\x40\0\0\x1b\x9c\0\0\x10\
\x06\0\0\x7a\x2b\0\0\x18\x40\0\0\x19\x9c\0\0\x30\x06\0\0\x7a\x2b\0\0\0\0\0\0\0\
\0\0\0\x38\x06\0\0\x7a\x2b\0\0\x62\x40\0\0\x14\xa0\0\0\x48\x06\0\0\x7a\x2b\0\0\
\x62\x40\0\0\x14\xa0\0\0\x50\x06\0\0\x7a\x2b\0\0\x62\x40\0\0\x12\xa0\0\0\x78\
\x06\0\0\x7a\x2b\0\0\0\0\0\0\0\0\0\0\x80\x06\0\0\x7a\x2b\0\0\x93\x40\0\0\x14\
\xa8\0\0\xb8\x06\0\0\x7a\x2b\0\0\0\0\0\0\0\0\0\0\xc0\x06\0\0\x7a\x2b\0\0\x93\
\x40\0\0\x14\xa8\0\0\xd0\x06\0\0\x7a\x2b\0\0\x93\x40\0\0\x14\xa8\0\0\xd8\x06\0\
\0\x7a\x2b\0\0\x93\x40\0\0\x12\xa8\0\0\xe8\x06\0\0\x7a\x2b\0\0\0\0\0\0\0\0\0\0\
\xf0\x06\0\0\x7a\x2b\0\0\xd2\x40\0\0\x14\xac\0\0\x28\x07\0\0\x7a\x2b\0\0\0\0\0\
\0\0\0\0\0\x30\x07\0\0\x7a\x2b\0\0\xd2\x40\0\0\x14\xac\0\0\x40\x07\0\0\x7a\x2b\
\0\0\xd2\x40\0\0\x14\xac\0\0\x48\x07\0\0\x7a\x2b\0\0\xd2\x40\0\0\x12\xac\0\0\
\x68\x07\0\0\x7a\x2b\0\0\0\0\0\0\0\0\0\0\x70\x07\0\0\x7a\x2b\0\0\x16\x41\0\0\
\x2a\xb8\0\0\xa8\x07\0\0\x7a\x2b\0\0\0\0\0\0\0\0\0\0\xb0\x07\0\0\x7a\x2b\0\0\
\x16\x41\0\0\x2a\xb8\0\0\xc0\x07\0\0\x7a\x2b\0\0\x16\x41\0\0\x2a\xb8\0\0\xd0\
\x07\0\0\x7a\x2b\0\0\0\0\0\0\0\0\0\0\xd8\x07\0\0\x7a\x2b\0\0\xbc\x46\0\0\x28\
\xbc\0\0\x10\x08\0\0\x7a\x2b\0\0\0\0\0\0\0\0\0\0\x18\x08\0\0\x7a\x2b\0\0\xbc\
\x46\0\0\x28\xbc\0\0\x28\x08\0\0\x7a\x2b\0\0\xbc\x46\0\0\x28\xbc\0\0\x30\x08\0\
\0\x7a\x2b\0\0\x09\x47\0\0\x10\xc0\0\0\x40\x08\0\0\x7a\x2b\0\0\x09\x47\0\0\x07\
\xc0\0\0\x50\x08\0\0\x7a\x2b\0\0\0\0\0\0\0\0\0\0\x60\x08\0\0\x7a\x2b\0\0\x49\
\x47\0\0\x22\xd4\0\0\x68\x08\0\0\x7a\x2b\0\0\x49\x47\0\0\x03\xd4\0\0\x78\x08\0\
\0\x7a\x2b\0\0\x93\x47\0\0\x12\xdc\0\0\x88\x08\0\0\x7a\x2b\0\0\x93\x47\0\0\x07\
\xdc\0\0\x98\x08\0\0\x7a\x2b\0\0\xd9\x47\0\0\x3c\xe0\0\0\xb8\x08\0\0\x8d\x04\0\
\0\0\0\0\0\0\0\0\0\xc0\x08\0\0\x8d\x04\0\0\x1c\x48\0\0\x15\x0c\x08\0\xd0\x08\0\
\0\x8d\x04\0\0\x1c\x48\0\0\x15\x0c\x08\0\xd8\x08\0\0\x8d\x04\0\0\x1c\x48\0\0\
\x13\x0c\x08\0\0\x09\0\0\x8d\x04\0\0\0\0\0\0\0\0\0\0\x08\x09\0\0\x8d\x04\0\0\
\x4d\x48\0\0\x0e\x14\x08\0\x28\x09\0\0\x8d\x04\0\0\x4d\x48\0\0\x2d\x14\x08\0\
\x30\x09\0\0\x8d\x04\0\0\x4d\x48\0\0\x0c\x14\x08\0\x40\x09\0\0\x8d\x04\0\0\0\0\
\0\0\0\0\0\0\x48\x09\0\0\x8d\x04\0\0\x8a\x48\0\0\x13\x1c\x08\0\x68\x09\0\0\x8d\
\x04\0\0\x8a\x48\0\0\x32\x1c\x08\0\x70\x09\0\0\x8d\x04\0\0\x8a\x48\0\0\x11\x1c\
\x08\0\x80\x09\0\0\x8d\x04\0\0\0\0\0\0\0\0\0\0\x88\x09\0\0\x8d\x04\0\0\xd2\x48\
\0\0\x07\x28\x08\0\xc0\x09\0\0\x8d\x04\0\0\x21\x49\0\0\x03\x20\x08\0\0\x0a\0\0\
\x8d\x04\0\0\x35\x49\0\0\x03\x30\x08\0\x18\x0a\0\0\x8d\x04\0\0\x50\x05\0\0\x05\
\xb4\x07\0\x7f\x49\0\0\x7c\0\0\0\0\0\0\0\x8d\x04\0\0\xbb\x49\0\0\0\x4c\x08\0\
\x08\0\0\0\x8d\x04\0\0\xbb\x49\0\0\x05\x4c\x08\0\x28\0\0\0\x8d\x04\0\0\0\0\0\0\
\0\0\0\0\x30\0\0\0\x8d\x04\0\0\xf3\x49\0\0\x1c\xe0\x02\0\x48\0\0\0\x8d\x04\0\0\
\xf3\x49\0\0\x1c\xe0\x02\0\x50\0\0\0\x8d\x04\0\0\x27\x4a\0\0\x07\xe4\x02\0\x78\
\0\0\0\x44\x4a\0\0\0\0\0\0\0\0\0\0\x80\0\0\0\x44\x4a\0\0\xcc\x4a\0\0\x1e\x48\0\
\0\x98\0\0\0\x44\x4a\0\0\xcc\x4a\0\0\x1e\x48\0\0\xa0\0\0\0\x44\x4a\0\0\xcc\x4a\
\0\0\x3e\x48\0\0\xb8\0\0\0\x44\x4a\0\0\0\0\0\0\0\0\0\0\xc0\0\0\0\x8d\x04\0\0\
\xba\x80\0\0\x0b\xe8\x02\0\xd8\0\0\0\x8d\x04\0\0\0\0\0\0\0\0\0\0\xe0\0\0\0\x8d\
\x04\0\0\xf3\x49\0\0\x1c\xe0\x02\0\xf8\0\0\0\x8d\x04\0\0\xf3\x49\0\0\x1c\xe0\
\x02\0\0\x01\0\0\x8d\x04\0\0\x27\x4a\0\0\x07\xe4\x02\0\x28\x01\0\0\x44\x4a\0\0\
\0\0\0\0\0\0\0\0\x30\x01\0\0\x44\x4a\0\0\xcc\x4a\0\0\x1e\x48\0\0\x48\x01\0\0\
\x44\x4a\0\0\xcc\x4a\0\0\x1e\x48\0\0\x50\x01\0\0\x44\x4a\0\0\xcc\x4a\0\0\x3e\
\x48\0\0\x68\x01\0\0\x44\x4a\0\0\0\0\0\0\0\0\0\0\x70\x01\0\0\x8d\x04\0\0\xba\
\x80\0\0\x0b\xe8\x02\0\x80\x01\0\0\x8d\x04\0\0\xba\x80\0\0\x0b\xe8\x02\0\x88\
\x01\0\0\x8d\x04\0\0\x27\x4a\0\0\x07\x08\x03\0\x90\x01\0\0\x8d\x04\0\0\xeb\x80\
\0\0\x05\x0c\x03\0\xd0\x01\0\0\x8d\x04\0\0\0\0\0\0\0\0\0\0\xd8\x01\0\0\x8d\x04\
\0\0\0\x81\0\0\x15\x24\x03\0\xe8\x01\0\0\x8d\x04\0\0\0\x81\0\0\x15\x24\x03\0\0\
\x02\0\0\x8d\x04\0\0\0\x81\0\0\x0b\x24\x03\0\x08\x02\0\0\x8d\x04\0\0\x31\x81\0\
\0\x07\x28\x03\0\x10\x02\0\0\x8d\x04\0\0\xeb\x80\0\0\x05\x30\x03\0\x50\x02\0\0\
\x8d\x04\0\0\0\0\0\0\0\0\0\0\x58\x02\0\0\x8d\x04\0\0\x46\x81\0\0\x0a\x44\x03\0\
\x88\x02\0\0\x8d\x04\0\0\x93\x81\0\0\x07\xec\x06\0\xb0\x02\0\0\x8d\x04\0\0\0\0\
\0\0\0\0\0\0\xb8\x02\0\0\x8d\x04\0\0\xc1\x81\0\0\x15\xf8\x06\0\xd0\x02\0\0\x8d\
\x04\0\0\xc1\x81\0\0\x15\xf8\x06\0\xe0\x02\0\0\x8d\x04\0\0\0\0\0\0\0\0\0\0\xe8\
\x02\0\0\x8d\x04\0\0\xed\x81\0\0\x19\xfc\x06\0\x20\x03\0\0\x8d\x04\0\0\0\0\0\0\
\0\0\0\0\x28\x03\0\0\x8d\x04\0\0\xed\x81\0\0\x19\xfc\x06\0\x48\x03\0\0\x8d\x04\
\0\0\xed\x81\0\0\x19\xfc\x06\0\x50\x03\0\0\x8d\x04\0\0\x2d\x82\0\0\x07\0\x07\0\
\x58\x03\0\0\x8d\x04\0\0\x43\x82\0\0\x0c\x30\x06\0\x68\x03\0\0\x8d\x04\0\0\0\0\
\0\0\0\0\0\0\x70\x03\0\0\x8d\x04\0\0\x6b\x82\0\0\x07\x38\x06\0\xa0\x03\0\0\x8d\
\x04\0\0\xaf\x82\0\0\x03\x24\x07\0\xe8\x03\0\0\x8d\x04\0\0\0\0\0\0\0\0\0\0\xf0\
\x03\0\0\x8d\x04\0\0\xd9\x82\0\0\x18\x28\x07\0\x08\x04\0\0\x8d\x04\0\0\xd9\x82\
\0\0\x18\x28\x07\0\x10\x04\0\0\x8d\x04\0\0\xd9\x82\0\0\x0c\x28\x07\0\x38\x04\0\
\0\x8d\x04\0\0\0\0\0\0\0\0\0\0\x40\x04\0\0\x44\x4a\0\0\x13\x83\0\0\x0a\x60\0\0\
\x68\x04\0\0\x44\x4a\0\0\x13\x83\0\0\x0a\x60\0\0\x78\x04\0\0\x8d\x04\0\0\0\0\0\
\0\0\0\0\0\x88\x04\0\0\x44\x4a\0\0\x13\x83\0\0\x25\x60\0\0\x98\x04\0\0\x44\x4a\
\0\0\x13\x83\0\0\x25\x60\0\0\xa0\x04\0\0\x44\x4a\0\0\x13\x83\0\0\x23\x60\0\0\
\xc8\x04\0\0\x8d\x04\0\0\0\0\0\0\0\0\0\0\xd0\x04\0\0\x8d\x04\0\0\x9d\x83\0\0\
\x12\x90\x04\0\xe0\x04\0\0\x8d\x04\0\0\xcc\x83\0\0\x16\xdc\x04\0\0\x05\0\0\x8d\
\x04\0\0\x9d\x83\0\0\x12\x90\x04\0\x08\x05\0\0\x8d\x04\0\0\xaf\x82\0\0\x03\x24\
\x07\0\x18\x05\0\0\x8d\x04\0\0\0\x84\0\0\x18\xe4\x04\0\x48\x05\0\0\x8d\x04\0\0\
\0\0\0\0\0\0\0\0\x50\x05\0\0\x8d\x04\0\0\x3a\x84\0\0\x16\xe8\x04\0\x60\x05\0\0\
\x8d\x04\0\0\x3a\x84\0\0\x16\xe8\x04\0\x68\x05\0\0\x8d\x04\0\0\x3a\x84\0\0\x14\
\xe8\x04\0\x88\x05\0\0\x8d\x04\0\0\0\0\0\0\0\0\0\0\x90\x05\0\0\x8d\x04\0\0\x6a\
\x84\0\0\x15\xec\x04\0\xa8\x05\0\0\x8d\x04\0\0\x6a\x84\0\0\x15\xec\x04\0\xb0\
\x05\0\0\x8d\x04\0\0\xa6\x84\0\0\x03\xf4\x04\0\xd8\x05\0\0\x8d\x04\0\0\xbc\x84\
\0\0\x1c\x30\x05\0\x08\x06\0\0\x44\x4a\0\0\xec\x84\0\0\x0a\x74\0\0\x28\x06\0\0\
\x44\x4a\0\0\xec\x84\0\0\x0a\x74\0\0\x38\x06\0\0\x8d\x04\0\0\xbc\x84\0\0\x1c\
\x30\x05\0\x40\x06\0\0\x44\x4a\0\0\xec\x84\0\0\x25\x74\0\0\x58\x06\0\0\x44\x4a\
\0\0\xec\x84\0\0\x25\x74\0\0\x60\x06\0\0\x44\x4a\0\0\xec\x84\0\0\x23\x74\0\0\
\x88\x06\0\0\x8d\x04\0\0\xbc\x84\0\0\x1c\x30\x05\0\x90\x06\0\0\x8d\x04\0\0\x8f\
\x85\0\0\x16\x3c\x05\0\xa0\x06\0\0\x8d\x04\0\0\x8f\x85\0\0\x16\x3c\x05\0\xa8\
\x06\0\0\x8d\x04\0\0\x8f\x85\0\0\x16\x3c\x05\0\xb0\x06\0\0\x8d\x04\0\0\x8f\x85\
\0\0\x14\x3c\x05\0\xc8\x06\0\0\x8d\x04\0\0\xa6\x84\0\0\x03\xf4\x04\0\x08\x07\0\
\0\x8d\x04\0\0\xd2\x85\0\0\x1c\x14\x05\0\x38\x07\0\0\x44\x4a\0\0\xec\x84\0\0\
\x0a\x74\0\0\x58\x07\0\0\x44\x4a\0\0\xec\x84\0\0\x0a\x74\0\0\x68\x07\0\0\x8d\
\x04\0\0\xd2\x85\0\0\x1c\x14\x05\0\x70\x07\0\0\x44\x4a\0\0\xec\x84\0\0\x25\x74\
\0\0\x88\x07\0\0\x44\x4a\0\0\xec\x84\0\0\x25\x74\0\0\x90\x07\0\0\x44\x4a\0\0\
\xec\x84\0\0\x23\x74\0\0\xb8\x07\0\0\x8d\x04\0\0\xd2\x85\0\0\x1c\x14\x05\0\xc0\
\x07\0\0\x8d\x04\0\0\x09\x86\0\0\x16\x20\x05\0\xd0\x07\0\0\x8d\x04\0\0\x09\x86\
\0\0\x16\x20\x05\0\xd8\x07\0\0\x8d\x04\0\0\x09\x86\0\0\x16\x20\x05\0\xe0\x07\0\
\0\x8d\x04\0\0\x09\x86\0\0\x14\x20\x05\0\0\x08\0\0\x8d\x04\0\0\0\0\0\0\0\0\0\0\
\x58\x08\0\0\x8d\x04\0\0\0\0\0\0\0\0\0\0\x60\x08\0\0\x8d\x04\0\0\x4c\x86\0\0\
\x0f\x4c\x07\0\x78\x08\0\0\x8d\x04\0\0\0\0\0\0\0\0\0\0\x80\x08\0\0\x8d\x04\0\0\
\x8d\x86\0\0\x07\x50\x07\0\x88\x08\0\0\x8d\x04\0\0\xba\x86\0\0\x28\x60\x07\0\
\x90\x08\0\0\x8d\x04\0\0\xba\x86\0\0\x31\x60\x07\0\x98\x08\0\0\x8d\x04\0\0\xba\
\x86\0\0\x1b\x60\x07\0\xb0\x08\0\0\x8d\x04\0\0\xf3\x86\0\0\x12\x70\x06\0\xc0\
\x08\0\0\x8d\x04\0\0\0\0\0\0\0\0\0\0\xc8\x08\0\0\x8d\x04\0\0\x0e\x87\0\0\x0b\
\x74\x06\0\xe8\x08\0\0\x8d\x04\0\0\x4f\x87\0\0\x07\x78\x06\0\xf0\x08\0\0\x8d\
\x04\0\0\x66\x87\0\0\x05\x84\x06\0\x10\x09\0\0\x8d\x04\0\0\xb6\x87\0\0\x13\x98\
\x06\0\x18\x09\0\0\x8d\x04\0\0\xd4\x87\0\0\x1d\x90\x06\0\x28\x09\0\0\x8d\x04\0\
\0\xf9\x87\0\0\x14\x94\x06\0\x30\x09\0\0\x8d\x04\0\0\x19\x88\0\0\x1c\xa0\x06\0\
\x38\x09\0\0\x8d\x04\0\0\x19\x88\0\0\x0c\xa0\x06\0\x48\x09\0\0\x8d\x04\0\0\xb6\
\x87\0\0\x13\x98\x06\0\x50\x09\0\0\x8d\x04\0\0\x3a\x88\0\0\x07\xa8\x06\0\x68\
\x09\0\0\x8d\x04\0\0\x6a\x88\0\0\x07\xac\x06\0\x70\x09\0\0\x8d\x04\0\0\x89\x88\
\0\0\x05\xb0\x06\0\xd0\x0d\0\0\x8d\x04\0\0\xd1\x88\0\0\x09\xb8\x06\0\xf8\x0d\0\
\0\x8d\x04\0\0\xd1\x88\0\0\x09\xb8\x06\0\0\x0e\0\0\x8d\x04\0\0\x15\x89\0\0\x07\
\xc0\x06\0\x18\x0e\0\0\x8d\x04\0\0\0\0\0\0\0\0\0\0\x28\x0e\0\0\x8d\x04\0\0\xbb\
\x49\0\0\x05\x4c\x08\0\x85\x89\0\0\x7d\0\0\0\0\0\0\0\x8d\x04\0\0\xac\x89\0\0\0\
\x7c\x08\0\x08\0\0\0\x8d\x04\0\0\xac\x89\0\0\x05\x7c\x08\0\x28\0\0\0\x8d\x04\0\
\0\0\0\0\0\0\0\0\0\x30\0\0\0\x8d\x04\0\0\xf3\x49\0\0\x1c\xe0\x02\0\x48\0\0\0\
\x8d\x04\0\0\xf3\x49\0\0\x1c\xe0\x02\0\x50\0\0\0\x8d\x04\0\0\x27\x4a\0\0\x07\
\xe4\x02\0\x78\0\0\0\x44\x4a\0\0\0\0\0\0\0\0\0\0\x80\0\0\0\x44\x4a\0\0\xcc\x4a\
\0\0\x1e\x48\0\0\x98\0\0\0\x44\x4a\0\0\xcc\x4a\0\0\x1e\x48\0\0\xa0\0\0\0\x44\
\x4a\0\0\xcc\x4a\0\0\x3e\x48\0\0\xb8\0\0\0\x44\x4a\0\0\0\0\0\0\0\0\0\0\xc0\0\0\
\0\x8d\x04\0\0\xba\x80\0\0\x0b\xe8\x02\0\xd8\0\0\0\x8d\x04\0\0\0\0\0\0\0\0\0\0\
\xe0\0\0\0\x8d\x04\0\0\xf3\x49\0\0\x1c\xe0\x02\0\xf8\0\0\0\x8d\x04\0\0\xf3\x49\
\0\0\x1c\xe0\x02\0\0\x01\0\0\x8d\x04\0\0\x27\x4a\0\0\x07\xe4\x02\0\x28\x01\0\0\
\x44\x4a\0\0\0\0\0\0\0\0\0\0\x30\x01\0\0\x44\x4a\0\0\xcc\x4a\0\0\x1e\x48\0\0\
\x48\x01\0\0\x44\x4a\0\0\xcc\x4a\0\0\x1e\x48\0\0\x50\x01\0\0\x44\x4a\0\0\xcc\
\x4a\0\0\x3e\x48\0\0\x68\x01\0\0\x44\x4a\0\0\0\0\0\0\0\0\0\0\x70\x01\0\0\x8d\
\x04\0\0\xba\x80\0\0\x0b\xe8\x02\0\x80\x01\0\0\x8d\x04\0\0\xba\x80\0\0\x0b\xe8\
\x02\0\x88\x01\0\0\x8d\x04\0\0\x27\x4a\0\0\x07\x08\x03\0\x90\x01\0\0\x8d\x04\0\
\0\xeb\x80\0\0\x05\x0c\x03\0\xd0\x01\0\0\x8d\x04\0\0\0\0\0\0\0\0\0\0\xd8\x01\0\
\0\x8d\x04\0\0\0\x81\0\0\x15\x24\x03\0\xe8\x01\0\0\x8d\x04\0\0\0\x81\0\0\x15\
\x24\x03\0\0\x02\0\0\x8d\x04\0\0\0\x81\0\0\x0b\x24\x03\0\x08\x02\0\0\x8d\x04\0\
\0\x31\x81\0\0\x07\x28\x03\0\x10\x02\0\0\x8d\x04\0\0\xeb\x80\0\0\x05\x30\x03\0\
\x50\x02\0\0\x8d\x04\0\0\0\0\0\0\0\0\0\0\x58\x02\0\0\x8d\x04\0\0\x46\x81\0\0\
\x0a\x44\x03\0\x88\x02\0\0\x8d\x04\0\0\x93\x81\0\0\x07\xec\x06\0\xb0\x02\0\0\
\x8d\x04\0\0\0\0\0\0\0\0\0\0\xb8\x02\0\0\x8d\x04\0\0\xc1\x81\0\0\x15\xf8\x06\0\
\xd0\x02\0\0\x8d\x04\0\0\xc1\x81\0\0\x15\xf8\x06\0\xe0\x02\0\0\x8d\x04\0\0\0\0\
\0\0\0\0\0\0\xe8\x02\0\0\x8d\x04\0\0\xed\x81\0\0\x19\xfc\x06\0\x20\x03\0\0\x8d\
\x04\0\0\0\0\0\0\0\0\0\0\x28\x03\0\0\x8d\x04\0\0\xed\x81\0\0\x19\xfc\x06\0\x48\
\x03\0\0\x8d\x04\0\0\xed\x81\0\0\x19\xfc\x06\0\x50\x03\0\0\x8d\x04\0\0\x2d\x82\
\0\0\x07\0\x07\0\x58\x03\0\0\x8d\x04\0\0\x43\x82\0\0\x0c\x30\x06\0\x68\x03\0\0\
\x8d\x04\0\0\0\0\0\0\0\0\0\0\x70\x03\0\0\x8d\x04\0\0\x6b\x82\0\0\x07\x38\x06\0\
\xa0\x03\0\0\x8d\x04\0\0\xaf\x82\0\0\x03\x24\x07\0\xe8\x03\0\0\x8d\x04\0\0\0\0\
\0\0\0\0\0\0\xf0\x03\0\0\x8d\x04\0\0\xd9\x82\0\0\x18\x28\x07\0\x08\x04\0\0\x8d\
\x04\0\0\xd9\x82\0\0\x18\x28\x07\0\x10\x04\0\0\x8d\x04\0\0\xd9\x82\0\0\x0c\x28\
\x07\0\x38\x04\0\0\x8d\x04\0\0\0\0\0\0\0\0\0\0\x40\x04\0\0\x44\x4a\0\0\x13\x83\
\0\0\x0a\x60\0\0\x68\x04\0\0\x44\x4a\0\0\x13\x83\0\0\x0a\x60\0\0\x78\x04\0\0\
\x8d\x04\0\0\0\0\0\0\0\0\0\0\x88\x04\0\0\x44\x4a\0\0\x13\x83\0\0\x25\x60\0\0\
\x98\x04\0\0\x44\x4a\0\0\x13\x83\0\0\x25\x60\0\0\xa0\x04\0\0\x44\x4a\0\0\x13\
\x83\0\0\x23\x60\0\0\xc8\x04\0\0\x8d\x04\0\0\0\0\0\0\0\0\0\0\xd0\x04\0\0\x8d\
\x04\0\0\x9d\x83\0\0\x12\x90\x04\0\xe0\x04\0\0\x8d\x04\0\0\xcc\x83\0\0\x16\xdc\
\x04\0\0\x05\0\0\x8d\x04\0\0\x9d\x83\0\0\x12\x90\x04\0\x08\x05\0\0\x8d\x04\0\0\
\xaf\x82\0\0\x03\x24\x07\0\x18\x05\0\0\x8d\x04\0\0\0\x84\0\0\x18\xe4\x04\0\x48\
\x05\0\0\x8d\x04\0\0\0\0\0\0\0\0\0\0\x50\x05\0\0\x8d\x04\0\0\x3a\x84\0\0\x16\
\xe8\x04\0\x60\x05\0\0\x8d\x04\0\0\x3a\x84\0\0\x16\xe8\x04\0\x68\x05\0\0\x8d\
\x04\0\0\x3a\x84\0\0\x14\xe8\x04\0\x88\x05\0\0\x8d\x04\0\0\0\0\0\0\0\0\0\0\x90\
\x05\0\0\x8d\x04\0\0\x6a\x84\0\0\x15\xec\x04\0\xa8\x05\0\0\x8d\x04\0\0\x6a\x84\
\0\0\x15\xec\x04\0\xb0\x05\0\0\x8d\x04\0\0\xa6\x84\0\0\x03\xf4\x04\0\xd8\x05\0\
\0\x8d\x04\0\0\xbc\x84\0\0\x1c\x30\x05\0\x08\x06\0\0\x44\x4a\0\0\xec\x84\0\0\
\x0a\x74\0\0\x28\x06\0\0\x44\x4a\0\0\xec\x84\0\0\x0a\x74\0\0\x38\x06\0\0\x8d\
\x04\0\0\xbc\x84\0\0\x1c\x30\x05\0\x40\x06\0\0\x44\x4a\0\0\xec\x84\0\0\x25\x74\
\0\0\x58\x06\0\0\x44\x4a\0\0\xec\x84\0\0\x25\x74\0\0\x60\x06\0\0\x44\x4a\0\0\
\xec\x84\0\0\x23\x74\0\0\x88\x06\0\0\x8d\x04\0\0\xbc\x84\0\0\x1c\x30\x05\0\x90\
\x06\0\0\x8d\x04\0\0\x8f\x85\0\0\x16\x3c\x05\0\xa0\x06\0\0\x8d\x04\0\0\x8f\x85\
\0\0\x16\x3c\x05\0\xa8\x06\0\0\x8d\x04\0\0\x8f\x85\0\0\x16\x3c\x05\0\xb0\x06\0\
\0\x8d\x04\0\0\x8f\x85\0\0\x14\x3c\x05\0\xc8\x06\0\0\x8d\x04\0\0\xa6\x84\0\0\
\x03\xf4\x04\0\x08\x07\0\0\x8d\x04\0\0\xd2\x85\0\0\x1c\x14\x05\0\x38\x07\0\0\
\x44\x4a\0\0\xec\x84\0\0\x0a\x74\0\0\x58\x07\0\0\x44\x4a\0\0\xec\x84\0\0\x0a\
\x74\0\0\x68\x07\0\0\x8d\x04\0\0\xd2\x85\0\0\x1c\x14\x05\0\x70\x07\0\0\x44\x4a\
\0\0\xec\x84\0\0\x25\x74\0\0\x88\x07\0\0\x44\x4a\0\0\xec\x84\0\0\x25\x74\0\0\
\x90\x07\0\0\x44\x4a\0\0\xec\x84\0\0\x23\x74\0\0\xb8\x07\0\0\x8d\x04\0\0\xd2\
\x85\0\0\x1c\x14\x05\0\xc0\x07\0\0\x8d\x04\0\0\x09\x86\0\0\x16\x20\x05\0\xd0\
\x07\0\0\x8d\x04\0\0\x09\x86\0\0\x16\x20\x05\0\xd8\x07\0\0\x8d\x04\0\0\x09\x86\
\0\0\x16\x20\x05\0\xe0\x07\0\0\x8d\x04\0\0\x09\x86\0\0\x14\x20\x05\0\0\x08\0\0\
\x8d\x04\0\0\0\0\0\0\0\0\0\0\x58\x08\0\0\x8d\x04\0\0\0\0\0\0\0\0\0\0\x60\x08\0\
\0\x8d\x04\0\0\x4c\x86\0\0\x0f\x4c\x07\0\x78\x08\0\0\x8d\x04\0\0\0\0\0\0\0\0\0\
\0\x80\x08\0\0\x8d\x04\0\0\x8d\x86\0\0\x07\x50\x07\0\x88\x08\0\0\x8d\x04\0\0\
\xd9\x89\0\0\x28\x58\x07\0\x90\x08\0\0\x8d\x04\0\0\xd9\x89\0\0\x31\x58\x07\0\
\x98\x08\0\0\x8d\x04\0\0\xd9\x89\0\0\x1b\x58\x07\0\xb0\x08\0\0\x8d\x04\0\0\xf3\
\x86\0\0\x12\x70\x06\0\xc0\x08\0\0\x8d\x04\0\0\0\0\0\0\0\0\0\0\xc8\x08\0\0\x8d\
\x04\0\0\x0e\x87\0\0\x0b\x74\x06\0\xe8\x08\0\0\x8d\x04\0\0\x4f\x87\0\0\x07\x78\
\x06\0\xf0\x08\0\0\x8d\x04\0\0\x66\x87\0\0\x05\x84\x06\0\x18\x09\0\0\x8d\x04\0\
\0\xf9\x87\0\0\x14\x94\x06\0\x20\x09\0\0\x8d\x04\0\0\xb6\x87\0\0\x13\x98\x06\0\
\x28\x09\0\0\x8d\x04\0\0\xd4\x87\0\0\x1d\x90\x06\0\x30\x09\0\0\x8d\x04\0\0\x12\
\x8a\0\0\x13\x9c\x06\0\x38\x09\0\0\x8d\x04\0\0\x19\x88\0\0\x1c\xa0\x06\0\x40\
\x09\0\0\x8d\x04\0\0\x19\x88\0\0\x0c\xa0\x06\0\x50\x09\0\0\x8d\x04\0\0\xf9\x87\
\0\0\x14\x94\x06\0\x58\x09\0\0\x8d\x04\0\0\x3a\x88\0\0\x07\xa8\x06\0\x70\x09\0\
\0\x8d\x04\0\0\x6a\x88\0\0\x07\xac\x06\0\x78\x09\0\0\x8d\x04\0\0\x89\x88\0\0\
\x05\xb0\x06\0\xd8\x0d\0\0\x8d\x04\0\0\xd1\x88\0\0\x09\xb8\x06\0\0\x0e\0\0\x8d\
\x04\0\0\xd1\x88\0\0\x09\xb8\x06\0\x08\x0e\0\0\x8d\x04\0\0\x15\x89\0\0\x07\xc0\
\x06\0\x20\x0e\0\0\x8d\x04\0\0\0\0\0\0\0\0\0\0\x30\x0e\0\0\x8d\x04\0\0\xac\x89\
\0\0\x05\x7c\x08\0\x55\x8a\0\0\xba\0\0\0\0\0\0\0\x8d\x04\0\0\x82\x8a\0\0\0\xb4\
\x08\0\x08\0\0\0\x8d\x04\0\0\x82\x8a\0\0\x05\xb4\x08\0\x28\0\0\0\x8d\x04\0\0\0\
\0\0\0\0\0\0\0\x30\0\0\0\x8d\x04\0\0\xf3\x49\0\0\x1c\xe0\x02\0\x48\0\0\0\x8d\
\x04\0\0\xf3\x49\0\0\x1c\xe0\x02\0\x50\0\0\0\x8d\x04\0\0\x27\x4a\0\0\x07\xe4\
\x02\0\x78\0\0\0\x44\x4a\0\0\0\0\0\0\0\0\0\0\x80\0\0\0\x44\x4a\0\0\xcc\x4a\0\0\
\x1e\x48\0\0\x98\0\0\0\x44\x4a\0\0\xcc\x4a\0\0\x1e\x48\0\0\xa0\0\0\0\x44\x4a\0\
\0\xcc\x4a\0\0\x3e\x48\0\0\xb8\0\0\0\x44\x4a\0\0\0\0\0\0\0\0\0\0\xc0\0\0\0\x8d\
\x04\0\0\xba\x80\0\0\x0b\xe8\x02\0\xd8\0\0\0\x8d\x04\0\0\0\0\0\0\0\0\0\0\xe0\0\
\0\0\x8d\x04\0\0\xf3\x49\0\0\x1c\xe0\x02\0\xf8\0\0\0\x8d\x04\0\0\xf3\x49\0\0\
\x1c\xe0\x02\0\0\x01\0\0\x8d\x04\0\0\x27\x4a\0\0\x07\xe4\x02\0\x28\x01\0\0\x44\
\x4a\0\0\0\0\0\0\0\0\0\0\x30\x01\0\0\x44\x4a\0\0\xcc\x4a\0\0\x1e\x48\0\0\x48\
\x01\0\0\x44\x4a\0\0\xcc\x4a\0\0\x1e\x48\0\0\x50\x01\0\0\x44\x4a\0\0\xcc\x4a\0\
\0\x3e\x48\0\0\x68\x01\0\0\x44\x4a\0\0\0\0\0\0\0\0\0\0\x70\x01\0\0\x8d\x04\0\0\
\xba\x80\0\0\x0b\xe8\x02\0\x80\x01\0\0\x8d\x04\0\0\xba\x80\0\0\x0b\xe8\x02\0\
\x88\x01\0\0\x8d\x04\0\0\x27\x4a\0\0\x07\x08\x03\0\x90\x01\0\0\x8d\x04\0\0\xeb\
\x80\0\0\x05\x0c\x03\0\xd0\x01\0\0\x8d\x04\0\0\0\0\0\0\0\0\0\0\xd8\x01\0\0\x8d\
\x04\0\0\0\x81\0\0\x15\x24\x03\0\xe8\x01\0\0\x8d\x04\0\0\0\x81\0\0\x15\x24\x03\
\0\0\x02\0\0\x8d\x04\0\0\0\x81\0\0\x0b\x24\x03\0\x08\x02\0\0\x8d\x04\0\0\x31\
\x81\0\0\x07\x28\x03\0\x10\x02\0\0\x8d\x04\0\0\xeb\x80\0\0\x05\x30\x03\0\x50\
\x02\0\0\x8d\x04\0\0\0\0\0\0\0\0\0\0\x58\x02\0\0\x8d\x04\0\0\x46\x81\0\0\x0a\
\x44\x03\0\x88\x02\0\0\x8d\x04\0\0\x93\x81\0\0\x07\xec\x06\0\xb0\x02\0\0\x8d\
\x04\0\0\0\0\0\0\0\0\0\0\xb8\x02\0\0\x8d\x04\0\0\xc1\x81\0\0\x15\xf8\x06\0\xd0\
\x02\0\0\x8d\x04\0\0\xc1\x81\0\0\x15\xf8\x06\0\xe0\x02\0\0\x8d\x04\0\0\0\0\0\0\
\0\0\0\0\xe8\x02\0\0\x8d\x04\0\0\xed\x81\0\0\x19\xfc\x06\0\x20\x03\0\0\x8d\x04\
\0\0\0\0\0\0\0\0\0\0\x28\x03\0\0\x8d\x04\0\0\xed\x81\0\0\x19\xfc\x06\0\x48\x03\
\0\0\x8d\x04\0\0\xed\x81\0\0\x19\xfc\x06\0\x50\x03\0\0\x8d\x04\0\0\x2d\x82\0\0\
\x07\0\x07\0\x58\x03\0\0\x8d\x04\0\0\x43\x82\0\0\x0c\x30\x06\0\x68\x03\0\0\x8d\
\x04\0\0\0\0\0\0\0\0\0\0\x70\x03\0\0\x8d\x04\0\0\x6b\x82\0\0\x07\x38\x06\0\xa0\
\x03\0\0\x8d\x04\0\0\xaf\x82\0\0\x03\x24\x07\0\xe8\x03\0\0\x8d\x04\0\0\0\0\0\0\
\0\0\0\0\xf0\x03\0\0\x8d\x04\0\0\xd9\x82\0\0\x18\x28\x07\0\x08\x04\0\0\x8d\x04\
\0\0\xd9\x82\0\0\x18\x28\x07\0\x10\x04\0\0\x8d\x04\0\0\xd9\x82\0\0\x0c\x28\x07\
\0\x30\x04\0\0\x44\x4a\0\0\x13\x83\0\0\x0a\x60\0\0\x40\x04\0\0\x8d\x04\0\0\0\0\
\0\0\0\0\0\0\x48\x04\0\0\x44\x4a\0\0\x13\x83\0\0\x0a\x60\0\0\x70\x04\0\0\x44\
\x4a\0\0\x13\x83\0\0\x0a\x60\0\0\x80\x04\0\0\x8d\x04\0\0\0\0\0\0\0\0\0\0\x88\
\x04\0\0\x44\x4a\0\0\x13\x83\0\0\x25\x60\0\0\xa0\x04\0\0\x44\x4a\0\0\x13\x83\0\
\0\x25\x60\0\0\xb0\x04\0\0\x8d\x04\0\0\0\0\0\0\0\0\0\0\xb8\x04\0\0\x8d\x04\0\0\
\xc1\x81\0\0\x15\x68\x03\0\xd0\x04\0\0\x44\x4a\0\0\x13\x83\0\0\x23\x60\0\0\xf0\
\x04\0\0\x8d\x04\0\0\xc1\x81\0\0\x15\x68\x03\0\xf8\x04\0\0\x8d\x04\0\0\xf0\x8a\
\0\0\x03\xc4\x03\0\0\x05\0\0\x8d\x04\0\0\xaf\x82\0\0\x03\x24\x07\0\x10\x05\0\0\
\x8d\x04\0\0\xf0\x8a\0\0\x03\xc4\x03\0\x28\x05\0\0\x8d\x04\0\0\x38\x8b\0\0\x16\
\xc8\x03\0\x48\x05\0\0\x8d\x04\0\0\xaf\x82\0\0\x03\x24\x07\0\x58\x05\0\0\x8d\
\x04\0\0\x71\x8b\0\0\x03\xcc\x03\0\x80\x05\0\0\x8d\x04\0\0\0\0\0\0\0\0\0\0\x88\
\x05\0\0\x8d\x04\0\0\xb7\x8b\0\0\x15\xd0\x03\0\xa0\x05\0\0\x8d\x04\0\0\xb7\x8b\
\0\0\x15\xd0\x03\0\xa8\x05\0\0\x44\x4a\0\0\x13\x83\0\0\x0a\x60\0\0\xb8\x05\0\0\
\x8d\x04\0\0\0\0\0\0\0\0\0\0\xc0\x05\0\0\x44\x4a\0\0\x13\x83\0\0\x0a\x60\0\0\
\xe0\x05\0\0\x44\x4a\0\0\x13\x83\0\0\x0a\x60\0\0\xf0\x05\0\0\x8d\x04\0\0\0\0\0\
\0\0\0\0\0\xf8\x05\0\0\x44\x4a\0\0\x13\x83\0\0\x25\x60\0\0\x30\x06\0\0\x44\x4a\
\0\0\x13\x83\0\0\x25\x60\0\0\x38\x06\0\0\x44\x4a\0\0\xfc\x8b\0\0\x29\x9c\0\0\
\x48\x06\0\0\x8d\x04\0\0\0\0\0\0\0\0\0\0\x50\x06\0\0\x44\x4a\0\0\xfc\x8b\0\0\
\x29\x9c\0\0\x60\x06\0\0\x44\x4a\0\0\xfc\x8b\0\0\x29\x9c\0\0\x68\x06\0\0\x44\
\x4a\0\0\x13\x83\0\0\x0a\x60\0\0\x78\x06\0\0\x8d\x04\0\0\0\0\0\0\0\0\0\0\x80\
\x06\0\0\x44\x4a\0\0\x13\x83\0\0\x0a\x60\0\0\x98\x06\0\0\x44\x4a\0\0\x13\x83\0\
\0\x0a\x60\0\0\xa8\x06\0\0\x8d\x04\0\0\0\0\0\0\0\0\0\0\xb0\x06\0\0\x44\x4a\0\0\
\x13\x83\0\0\x25\x60\0\0\xc8\x06\0\0\x44\x4a\0\0\x13\x83\0\0\x25\x60\0\0\xd0\
\x06\0\0\x44\x4a\0\0\x13\x83\0\0\x23\x60\0\0\xf0\x06\0\0\x8d\x04\0\0\0\0\0\0\0\
\0\0\0\xf8\x06\0\0\x8d\x04\0\0\x3e\x8c\0\0\x12\x74\x01\0\x10\x07\0\0\x44\x4a\0\
\0\x13\x83\0\0\x23\x60\0\0\x20\x07\0\0\x44\x4a\0\0\xfc\x8b\0\0\x27\x9c\0\0\x38\
\x07\0\0\x8d\x04\0\0\x7b\x8c\0\0\x10\x70\x01\0\x40\x07\0\0\x8d\x04\0\0\x3e\x8c\
\0\0\x12\x74\x01\0\xa8\x07\0\0\x8d\x04\0\0\0\0\0\0\0\0\0\0\xb0\x07\0\0\x8d\x04\
\0\0\xe1\x8c\0\0\x10\xf8\x01\0\xc0\x07\0\0\x8d\x04\0\0\xe1\x8c\0\0\x10\xf8\x01\
\0\xc8\x07\0\0\x8d\x04\0\0\xe1\x8c\0\0\x10\xf8\x01\0\xd0\x07\0\0\x8d\x04\0\0\0\
\0\0\0\0\0\0\0\xf0\x07\0\0\x8d\x04\0\0\0\0\0\0\0\0\0\0\xf8\x07\0\0\x8d\x04\0\0\
\x06\x8d\0\0\x0f\0\x02\0\x10\x08\0\0\x8d\x04\0\0\x30\x8d\0\0\x0b\x04\x02\0\x20\
\x08\0\0\x8d\x04\0\0\x06\x8d\0\0\x0f\0\x02\0\x30\x08\0\0\x8d\x04\0\0\x45\x8d\0\
\0\x1b\xb8\x01\0\x50\x08\0\0\x8d\x04\0\0\x45\x8d\0\0\x03\xb8\x01\0\x60\x08\0\0\
\x70\x8d\0\0\xf2\x8d\0\0\x28\x78\0\0\xc0\x08\0\0\x8d\x04\0\0\x41\x8e\0\0\x27\
\xc8\x01\0\xf8\x08\0\0\x44\x4a\0\0\0\0\0\0\0\0\0\0\0\x09\0\0\x44\x4a\0\0\x8a\
\x8e\0\0\x35\x2c\x01\0\x18\x09\0\0\x44\x4a\0\0\x8a\x8e\0\0\x35\x2c\x01\0\x28\
\x09\0\0\x44\x4a\0\0\0\0\0\0\0\0\0\0\x30\x09\0\0\x44\x4a\0\0\xd8\x8e\0\0\x0a\
\xc8\0\0\x48\x09\0\0\x44\x4a\0\0\xd8\x8e\0\0\x0a\xc8\0\0\x58\x09\0\0\x44\x4a\0\
\0\0\0\0\0\0\0\0\0\x60\x09\0\0\x44\x4a\0\0\xd8\x8e\0\0\x24\xc8\0\0\x80\x09\0\0\
\x44\x4a\0\0\xd8\x8e\0\0\x24\xc8\0\0\x88\x09\0\0\x44\x4a\0\0\x19\x8f\0\0\x0c\
\xf0\0\0\xb0\x09\0\0\x44\x4a\0\0\x19\x8f\0\0\x07\xf0\0\0\xc0\x09\0\0\x44\x4a\0\
\0\0\0\0\0\0\0\0\0\xd8\x09\0\0\x44\x4a\0\0\x37\x8f\0\0\x18\xf4\0\0\xf8\x09\0\0\
\x8d\x04\0\0\x63\x8f\0\0\x09\xdc\x01\0\x08\x0a\0\0\x8d\x04\0\0\x70\x8f\0\0\x09\
\xe4\x01\0\x40\x0a\0\0\x8d\x04\0\0\0\0\0\0\0\0\0\0\x48\x0a\0\0\x8d\x04\0\0\x9c\
\x8f\0\0\x10\xf0\x01\0\x58\x0a\0\0\x8d\x04\0\0\x9c\x8f\0\0\x10\xf0\x01\0\x60\
\x0a\0\0\x8d\x04\0\0\x9c\x8f\0\0\x10\xf0\x01\0\x78\x0a\0\0\x8d\x04\0\0\xc2\x8f\
\0\0\x03\xe0\x03\0\xb0\x0a\0\0\x8d\x04\0\0\xbc\x84\0\0\x1c\xf4\x03\0\xe8\x0a\0\
\0\x44\x4a\0\0\xec\x84\0\0\x0a\x74\0\0\x08\x0b\0\0\x44\x4a\0\0\xec\x84\0\0\x0a\
\x74\0\0\x18\x0b\0\0\x8d\x04\0\0\xbc\x84\0\0\x1c\xf4\x03\0\x20\x0b\0\0\x44\x4a\
\0\0\xec\x84\0\0\x25\x74\0\0\x38\x0b\0\0\x44\x4a\0\0\xec\x84\0\0\x25\x74\0\0\
\x40\x0b\0\0\x44\x4a\0\0\xec\x84\0\0\x23\x74\0\0\x68\x0b\0\0\x8d\x04\0\0\xbc\
\x84\0\0\x1c\xf4\x03\0\x70\x0b\0\0\x8d\x04\0\0\x8f\x85\0\0\x16\0\x04\0\x80\x0b\
\0\0\x8d\x04\0\0\x8f\x85\0\0\x16\0\x04\0\x88\x0b\0\0\x8d\x04\0\0\x8f\x85\0\0\
\x16\0\x04\0\x90\x0b\0\0\x8d\x04\0\0\x8f\x85\0\0\x14\0\x04\0\xb0\x0b\0\0\x8d\
\x04\0\0\xd2\x85\0\0\x1c\x10\x04\0\xe8\x0b\0\0\x44\x4a\0\0\xec\x84\0\0\x0a\x74\
\0\0\x08\x0c\0\0\x44\x4a\0\0\xec\x84\0\0\x0a\x74\0\0\x18\x0c\0\0\x8d\x04\0\0\
\xd2\x85\0\0\x1c\x10\x04\0\x20\x0c\0\0\x44\x4a\0\0\xec\x84\0\0\x25\x74\0\0\x38\
\x0c\0\0\x44\x4a\0\0\xec\x84\0\0\x25\x74\0\0\x40\x0c\0\0\x44\x4a\0\0\xec\x84\0\
\0\x23\x74\0\0\x68\x0c\0\0\x8d\x04\0\0\xd2\x85\0\0\x1c\x10\x04\0\x70\x0c\0\0\
\x8d\x04\0\0\x09\x86\0\0\x16\x1c\x04\0\x80\x0c\0\0\x8d\x04\0\0\x09\x86\0\0\x16\
\x1c\x04\0\x88\x0c\0\0\x8d\x04\0\0\x09\x86\0\0\x16\x1c\x04\0\x90\x0c\0\0\x8d\
\x04\0\0\x09\x86\0\0\x14\x1c\x04\0\xb0\x0c\0\0\x8d\x04\0\0\0\0\0\0\0\0\0\0\x10\
\x0d\0\0\x8d\x04\0\0\0\0\0\0\0\0\0\0\x18\x0d\0\0\x8d\x04\0\0\xe0\x8f\0\0\x0b\
\x40\x04\0\x28\x0d\0\0\x8d\x04\0\0\xe0\x8f\0\0\x0b\x40\x04\0\x30\x0d\0\0\x8d\
\x04\0\0\xe0\x8f\0\0\x0b\x40\x04\0\x50\x0d\0\0\x8d\x04\0\0\0\0\0\0\0\0\0\0\x68\
\x0d\0\0\x8d\x04\0\0\0\0\0\0\0\0\0\0\x70\x0d\0\0\x8d\x04\0\0\x4c\x86\0\0\x0f\
\x4c\x07\0\x88\x0d\0\0\x8d\x04\0\0\0\0\0\0\0\0\0\0\x90\x0d\0\0\x8d\x04\0\0\x8d\
\x86\0\0\x07\x50\x07\0\x98\x0d\0\0\x8d\x04\0\0\xd9\x89\0\0\x28\x58\x07\0\xa0\
\x0d\0\0\x8d\x04\0\0\xd9\x89\0\0\x31\x58\x07\0\xa8\x0d\0\0\x8d\x04\0\0\xd9\x89\
\0\0\x1b\x58\x07\0\xc0\x0d\0\0\x8d\x04\0\0\xf3\x86\0\0\x12\x70\x06\0\xd0\x0d\0\
\0\x8d\x04\0\0\0\0\0\0\0\0\0\0\xd8\x0d\0\0\x8d\x04\0\0\x0e\x87\0\0\x0b\x74\x06\
\0\xf8\x0d\0\0\x8d\x04\0\0\x4f\x87\0\0\x07\x78\x06\0\0\x0e\0\0\x8d\x04\0\0\x66\
\x87\0\0\x05\x84\x06\0\x28\x0e\0\0\x8d\x04\0\0\xf9\x87\0\0\x14\x94\x06\0\x30\
\x0e\0\0\x8d\x04\0\0\xb6\x87\0\0\x13\x98\x06\0\x38\x0e\0\0\x8d\x04\0\0\xd4\x87\
\0\0\x1d\x90\x06\0\x40\x0e\0\0\x8d\x04\0\0\x12\x8a\0\0\x13\x9c\x06\0\x48\x0e\0\
\0\x8d\x04\0\0\x19\x88\0\0\x1c\xa0\x06\0\x50\x0e\0\0\x8d\x04\0\0\x19\x88\0\0\
\x0c\xa0\x06\0\x60\x0e\0\0\x8d\x04\0\0\xf9\x87\0\0\x14\x94\x06\0\x68\x0e\0\0\
\x8d\x04\0\0\x3a\x88\0\0\x07\xa8\x06\0\x80\x0e\0\0\x8d\x04\0\0\x6a\x88\0\0\x07\
\xac\x06\0\x88\x0e\0\0\x8d\x04\0\0\x89\x88\0\0\x05\xb0\x06\0\xe8\x12\0\0\x8d\
\x04\0\0\xd1\x88\0\0\x09\xb8\x06\0\x10\x13\0\0\x8d\x04\0\0\xd1\x88\0\0\x09\xb8\
\x06\0\x18\x13\0\0\x8d\x04\0\0\x15\x89\0\0\x07\xc0\x06\0\x30\x13\0\0\x8d\x04\0\
\0\0\0\0\0\0\0\0\0\x40\x13\0\0\x8d\x04\0\0\x82\x8a\0\0\x05\xb4\x08\0\x2f\x90\0\
\0\xb9\0\0\0\0\0\0\0\x8d\x04\0\0\x5a\x90\0\0\0\xe0\x08\0\x08\0\0\0\x8d\x04\0\0\
\x5a\x90\0\0\x05\xe0\x08\0\x28\0\0\0\x8d\x04\0\0\0\0\0\0\0\0\0\0\x30\0\0\0\x8d\
\x04\0\0\xf3\x49\0\0\x1c\xe0\x02\0\x48\0\0\0\x8d\x04\0\0\xf3\x49\0\0\x1c\xe0\
\x02\0\x50\0\0\0\x8d\x04\0\0\x27\x4a\0\0\x07\xe4\x02\0\x78\0\0\0\x44\x4a\0\0\0\
\0\0\0\0\0\0\0\x80\0\0\0\x44\x4a\0\0\xcc\x4a\0\0\x1e\x48\0\0\x98\0\0\0\x44\x4a\
\0\0\xcc\x4a\0\0\x1e\x48\0\0\xa0\0\0\0\x44\x4a\0\0\xcc\x4a\0\0\x3e\x48\0\0\xb8\
\0\0\0\x44\x4a\0\0\0\0\0\0\0\0\0\0\xc0\0\0\0\x8d\x04\0\0\xba\x80\0\0\x0b\xe8\
\x02\0\xd8\0\0\0\x8d\x04\0\0\0\0\0\0\0\0\0\0\xe0\0\0\0\x8d\x04\0\0\xf3\x49\0\0\
\x1c\xe0\x02\0\xf8\0\0\0\x8d\x04\0\0\xf3\x49\0\0\x1c\xe0\x02\0\0\x01\0\0\x8d\
\x04\0\0\x27\x4a\0\0\x07\xe4\x02\0\x28\x01\0\0\x44\x4a\0\0\0\0\0\0\0\0\0\0\x30\
\x01\0\0\x44\x4a\0\0\xcc\x4a\0\0\x1e\x48\0\0\x48\x01\0\0\x44\x4a\0\0\xcc\x4a\0\
\0\x1e\x48\0\0\x50\x01\0\0\x44\x4a\0\0\xcc\x4a\0\0\x3e\x48\0\0\x68\x01\0\0\x44\
\x4a\0\0\0\0\0\0\0\0\0\0\x70\x01\0\0\x8d\x04\0\0\xba\x80\0\0\x0b\xe8\x02\0\x80\
\x01\0\0\x8d\x04\0\0\xba\x80\0\0\x0b\xe8\x02\0\x88\x01\0\0\x8d\x04\0\0\x27\x4a\
\0\0\x07\x08\x03\0\x90\x01\0\0\x8d\x04\0\0\xeb\x80\0\0\x05\x0c\x03\0\xd0\x01\0\
\0\x8d\x04\0\0\0\0\0\0\0\0\0\0\xd8\x01\0\0\x8d\x04\0\0\0\x81\0\0\x15\x24\x03\0\
\xe8\x01\0\0\x8d\x04\0\0\0\x81\0\0\x15\x24\x03\0\0\x02\0\0\x8d\x04\0\0\0\x81\0\
\0\x0b\x24\x03\0\x08\x02\0\0\x8d\x04\0\0\x31\x81\0\0\x07\x28\x03\0\x10\x02\0\0\
\x8d\x04\0\0\xeb\x80\0\0\x05\x30\x03\0\x50\x02\0\0\x8d\x04\0\0\0\0\0\0\0\0\0\0\
\x58\x02\0\0\x8d\x04\0\0\x46\x81\0\0\x0a\x44\x03\0\x88\x02\0\0\x8d\x04\0\0\x93\
\x81\0\0\x07\xec\x06\0\xb0\x02\0\0\x8d\x04\0\0\0\0\0\0\0\0\0\0\xb8\x02\0\0\x8d\
\x04\0\0\xc1\x81\0\0\x15\xf8\x06\0\xd0\x02\0\0\x8d\x04\0\0\xc1\x81\0\0\x15\xf8\
\x06\0\xe0\x02\0\0\x8d\x04\0\0\0\0\0\0\0\0\0\0\xe8\x02\0\0\x8d\x04\0\0\xed\x81\
\0\0\x19\xfc\x06\0\x20\x03\0\0\x8d\x04\0\0\0\0\0\0\0\0\0\0\x28\x03\0\0\x8d\x04\
\0\0\xed\x81\0\0\x19\xfc\x06\0\x48\x03\0\0\x8d\x04\0\0\xed\x81\0\0\x19\xfc\x06\
\0\x50\x03\0\0\x8d\x04\0\0\x2d\x82\0\0\x07\0\x07\0\x58\x03\0\0\x8d\x04\0\0\x43\
\x82\0\0\x0c\x30\x06\0\x68\x03\0\0\x8d\x04\0\0\0\0\0\0\0\0\0\0\x70\x03\0\0\x8d\
\x04\0\0\x6b\x82\0\0\x07\x38\x06\0\xa0\x03\0\0\x8d\x04\0\0\xaf\x82\0\0\x03\x24\
\x07\0\xe8\x03\0\0\x8d\x04\0\0\0\0\0\0\0\0\0\0\xf0\x03\0\0\x8d\x04\0\0\xd9\x82\
\0\0\x18\x28\x07\0\x08\x04\0\0\x8d\x04\0\0\xd9\x82\0\0\x18\x28\x07\0\x10\x04\0\
\0\x8d\x04\0\0\xd9\x82\0\0\x0c\x28\x07\0\x30\x04\0\0\x44\x4a\0\0\x13\x83\0\0\
\x0a\x60\0\0\x40\x04\0\0\x8d\x04\0\0\0\0\0\0\0\0\0\0\x48\x04\0\0\x44\x4a\0\0\
\x13\x83\0\0\x0a\x60\0\0\x70\x04\0\0\x44\x4a\0\0\x13\x83\0\0\x0a\x60\0\0\x80\
\x04\0\0\x8d\x04\0\0\0\0\0\0\0\0\0\0\x88\x04\0\0\x44\x4a\0\0\x13\x83\0\0\x25\
\x60\0\0\xa0\x04\0\0\x44\x4a\0\0\x13\x83\0\0\x25\x60\0\0\xb0\x04\0\0\x8d\x04\0\
\0\0\0\0\0\0\0\0\0\xb8\x04\0\0\x8d\x04\0\0\xc1\x81\0\0\x15\x68\x03\0\xd0\x04\0\
\0\x44\x4a\0\0\x13\x83\0\0\x23\x60\0\0\xf0\x04\0\0\x8d\x04\0\0\xc1\x81\0\0\x15\
\x68\x03\0\xf8\x04\0\0\x8d\x04\0\0\xf0\x8a\0\0\x03\xc4\x03\0\0\x05\0\0\x8d\x04\
\0\0\xaf\x82\0\0\x03\x24\x07\0\x10\x05\0\0\x8d\x04\0\0\xf0\x8a\0\0\x03\xc4\x03\
\0\x28\x05\0\0\x8d\x04\0\0\x38\x8b\0\0\x16\xc8\x03\0\x48\x05\0\0\x8d\x04\0\0\
\xaf\x82\0\0\x03\x24\x07\0\x58\x05\0\0\x8d\x04\0\0\x71\x8b\0\0\x03\xcc\x03\0\
\x80\x05\0\0\x8d\x04\0\0\0\0\0\0\0\0\0\0\x88\x05\0\0\x8d\x04\0\0\xb7\x8b\0\0\
\x15\xd0\x03\0\xa0\x05\0\0\x8d\x04\0\0\xb7\x8b\0\0\x15\xd0\x03\0\xa8\x05\0\0\
\x44\x4a\0\0\x13\x83\0\0\x0a\x60\0\0\xb8\x05\0\0\x8d\x04\0\0\0\0\0\0\0\0\0\0\
\xc0\x05\0\0\x44\x4a\0\0\x13\x83\0\0\x0a\x60\0\0\xe0\x05\0\0\x44\x4a\0\0\x13\
\x83\0\0\x0a\x60\0\0\xf0\x05\0\0\x8d\x04\0\0\0\0\0\0\0\0\0\0\xf8\x05\0\0\x44\
\x4a\0\0\x13\x83\0\0\x25\x60\0\0\x30\x06\0\0\x44\x4a\0\0\x13\x83\0\0\x25\x60\0\
\0\x38\x06\0\0\x44\x4a\0\0\xfc\x8b\0\0\x29\x9c\0\0\x48\x06\0\0\x8d\x04\0\0\0\0\
\0\0\0\0\0\0\x50\x06\0\0\x44\x4a\0\0\xfc\x8b\0\0\x29\x9c\0\0\x60\x06\0\0\x44\
\x4a\0\0\xfc\x8b\0\0\x29\x9c\0\0\x68\x06\0\0\x44\x4a\0\0\x13\x83\0\0\x0a\x60\0\
\0\x78\x06\0\0\x8d\x04\0\0\0\0\0\0\0\0\0\0\x80\x06\0\0\x44\x4a\0\0\x13\x83\0\0\
\x0a\x60\0\0\x98\x06\0\0\x44\x4a\0\0\x13\x83\0\0\x0a\x60\0\0\xa8\x06\0\0\x8d\
\x04\0\0\0\0\0\0\0\0\0\0\xb0\x06\0\0\x44\x4a\0\0\x13\x83\0\0\x25\x60\0\0\xc8\
\x06\0\0\x44\x4a\0\0\x13\x83\0\0\x25\x60\0\0\xd0\x06\0\0\x44\x4a\0\0\x13\x83\0\
\0\x23\x60\0\0\xf0\x06\0\0\x8d\x04\0\0\0\0\0\0\0\0\0\0\xf8\x06\0\0\x8d\x04\0\0\
\x3e\x8c\0\0\x12\x74\x01\0\x10\x07\0\0\x44\x4a\0\0\x13\x83\0\0\x23\x60\0\0\x20\
\x07\0\0\x44\x4a\0\0\xfc\x8b\0\0\x27\x9c\0\0\x38\x07\0\0\x8d\x04\0\0\x7b\x8c\0\
\0\x10\x70\x01\0\x40\x07\0\0\x8d\x04\0\0\x3e\x8c\0\0\x12\x74\x01\0\xa8\x07\0\0\
\x8d\x04\0\0\0\0\0\0\0\0\0\0\xb0\x07\0\0\x8d\x04\0\0\xe1\x8c\0\0\x10\xf8\x01\0\
\xc0\x07\0\0\x8d\x04\0\0\xe1\x8c\0\0\x10\xf8\x01\0\xc8\x07\0\0\x8d\x04\0\0\xe1\
\x8c\0\0\x10\xf8\x01\0\xd0\x07\0\0\x8d\x04\0\0\0\0\0\0\0\0\0\0\xf0\x07\0\0\x8d\
\x04\0\0\0\0\0\0\0\0\0\0\xf8\x07\0\0\x8d\x04\0\0\x06\x8d\0\0\x0f\0\x02\0\x10\
\x08\0\0\x8d\x04\0\0\x30\x8d\0\0\x0b\x04\x02\0\x20\x08\0\0\x8d\x04\0\0\x06\x8d\
\0\0\x0f\0\x02\0\x30\x08\0\0\x8d\x04\0\0\x45\x8d\0\0\x1b\xb8\x01\0\x50\x08\0\0\
\x8d\x04\0\0\x45\x8d\0\0\x03\xb8\x01\0\x60\x08\0\0\x70\x8d\0\0\xf2\x8d\0\0\x28\
\x78\0\0\xc0\x08\0\0\x8d\x04\0\0\x41\x8e\0\0\x27\xc8\x01\0\xf8\x08\0\0\x44\x4a\
\0\0\0\0\0\0\0\0\0\0\0\x09\0\0\x44\x4a\0\0\x8a\x8e\0\0\x35\x2c\x01\0\x18\x09\0\
\0\x44\x4a\0\0\x8a\x8e\0\0\x35\x2c\x01\0\x28\x09\0\0\x44\x4a\0\0\0\0\0\0\0\0\0\
\0\x30\x09\0\0\x44\x4a\0\0\xd8\x8e\0\0\x0a\xc8\0\0\x48\x09\0\0\x44\x4a\0\0\xd8\
\x8e\0\0\x0a\xc8\0\0\x58\x09\0\0\x44\x4a\0\0\0\0\0\0\0\0\0\0\x60\x09\0\0\x44\
\x4a\0\0\xd8\x8e\0\0\x24\xc8\0\0\x80\x09\0\0\x44\x4a\0\0\xd8\x8e\0\0\x24\xc8\0\
\0\x88\x09\0\0\x44\x4a\0\0\x19\x8f\0\0\x0c\xf0\0\0\xb0\x09\0\0\x44\x4a\0\0\x19\
\x8f\0\0\x07\xf0\0\0\xc0\x09\0\0\x44\x4a\0\0\0\0\0\0\0\0\0\0\xd8\x09\0\0\x44\
\x4a\0\0\x37\x8f\0\0\x18\xf4\0\0\xf8\x09\0\0\x8d\x04\0\0\x63\x8f\0\0\x09\xdc\
\x01\0\x08\x0a\0\0\x8d\x04\0\0\x70\x8f\0\0\x09\xe4\x01\0\x40\x0a\0\0\x8d\x04\0\
\0\0\0\0\0\0\0\0\0\x48\x0a\0\0\x8d\x04\0\0\x9c\x8f\0\0\x10\xf0\x01\0\x58\x0a\0\
\0\x8d\x04\0\0\x9c\x8f\0\0\x10\xf0\x01\0\x60\x0a\0\0\x8d\x04\0\0\x9c\x8f\0\0\
\x10\xf0\x01\0\x78\x0a\0\0\x8d\x04\0\0\xc2\x8f\0\0\x03\xe0\x03\0\xb0\x0a\0\0\
\x8d\x04\0\0\xbc\x84\0\0\x1c\xf4\x03\0\xe8\x0a\0\0\x44\x4a\0\0\xec\x84\0\0\x0a\
\x74\0\0\x08\x0b\0\0\x44\x4a\0\0\xec\x84\0\0\x0a\x74\0\0\x18\x0b\0\0\x8d\x04\0\
\0\xbc\x84\0\0\x1c\xf4\x03\0\x20\x0b\0\0\x44\x4a\0\0\xec\x84\0\0\x25\x74\0\0\
\x38\x0b\0\0\x44\x4a\0\0\xec\x84\0\0\x25\x74\0\0\x40\x0b\0\0\x44\x4a\0\0\xec\
\x84\0\0\x23\x74\0\0\x68\x0b\0\0\x8d\x04\0\0\xbc\x84\0\0\x1c\xf4\x03\0\x70\x0b\
\0\0\x8d\x04\0\0\x8f\x85\0\0\x16\0\x04\0\x80\x0b\0\0\x8d\x04\0\0\x8f\x85\0\0\
\x16\0\x04\0\x88\x0b\0\0\x8d\x04\0\0\x8f\x85\0\0\x16\0\x04\0\x90\x0b\0\0\x8d\
\x04\0\0\x8f\x85\0\0\x14\0\x04\0\xb0\x0b\0\0\x8d\x04\0\0\xd2\x85\0\0\x1c\x10\
\x04\0\xe8\x0b\0\0\x44\x4a\0\0\xec\x84\0\0\x0a\x74\0\0\x08\x0c\0\0\x44\x4a\0\0\
\xec\x84\0\0\x0a\x74\0\0\x18\x0c\0\0\x8d\x04\0\0\xd2\x85\0\0\x1c\x10\x04\0\x20\
\x0c\0\0\x44\x4a\0\0\xec\x84\0\0\x25\x74\0\0\x38\x0c\0\0\x44\x4a\0\0\xec\x84\0\
\0\x25\x74\0\0\x40\x0c\0\0\x44\x4a\0\0\xec\x84\0\0\x23\x74\0\0\x68\x0c\0\0\x8d\
\x04\0\0\xd2\x85\0\0\x1c\x10\x04\0\x70\x0c\0\0\x8d\x04\0\0\x09\x86\0\0\x16\x1c\
\x04\0\x80\x0c\0\0\x8d\x04\0\0\x09\x86\0\0\x16\x1c\x04\0\x88\x0c\0\0\x8d\x04\0\
\0\x09\x86\0\0\x16\x1c\x04\0\x90\x0c\0\0\x8d\x04\0\0\x09\x86\0\0\x14\x1c\x04\0\
\xb0\x0c\0\0\x8d\x04\0\0\0\0\0\0\0\0\0\0\x10\x0d\0\0\x8d\x04\0\0\0\0\0\0\0\0\0\
\0\x18\x0d\0\0\x8d\x04\0\0\xe0\x8f\0\0\x0b\x40\x04\0\x28\x0d\0\0\x8d\x04\0\0\
\xe0\x8f\0\0\x0b\x40\x04\0\x30\x0d\0\0\x8d\x04\0\0\xe0\x8f\0\0\x0b\x40\x04\0\
\x50\x0d\0\0\x8d\x04\0\0\0\0\0\0\0\0\0\0\x68\x0d\0\0\x8d\x04\0\0\0\0\0\0\0\0\0\
\0\x70\x0d\0\0\x8d\x04\0\0\x4c\x86\0\0\x0f\x4c\x07\0\x88\x0d\0\0\x8d\x04\0\0\0\
\0\0\0\0\0\0\0\x90\x0d\0\0\x8d\x04\0\0\x8d\x86\0\0\x07\x50\x07\0\x98\x0d\0\0\
\x8d\x04\0\0\xba\x86\0\0\x28\x60\x07\0\xa0\x0d\0\0\x8d\x04\0\0\xba\x86\0\0\x31\
\x60\x07\0\xa8\x0d\0\0\x8d\x04\0\0\xba\x86\0\0\x1b\x60\x07\0\xc0\x0d\0\0\x8d\
\x04\0\0\xf3\x86\0\0\x12\x70\x06\0\xd0\x0d\0\0\x8d\x04\0\0\0\0\0\0\0\0\0\0\xd8\
\x0d\0\0\x8d\x04\0\0\x0e\x87\0\0\x0b\x74\x06\0\xf8\x0d\0\0\x8d\x04\0\0\x4f\x87\
\0\0\x07\x78\x06\0\0\x0e\0\0\x8d\x04\0\0\x66\x87\0\0\x05\x84\x06\0\x20\x0e\0\0\
\x8d\x04\0\0\xb6\x87\0\0\x13\x98\x06\0\x28\x0e\0\0\x8d\x04\0\0\xd4\x87\0\0\x1d\
\x90\x06\0\x38\x0e\0\0\x8d\x04\0\0\xf9\x87\0\0\x14\x94\x06\0\x40\x0e\0\0\x8d\
\x04\0\0\x19\x88\0\0\x1c\xa0\x06\0\x48\x0e\0\0\x8d\x04\0\0\x19\x88\0\0\x0c\xa0\
\x06\0\x58\x0e\0\0\x8d\x04\0\0\xb6\x87\0\0\x13\x98\x06\0\x60\x0e\0\0\x8d\x04\0\
\0\x3a\x88\0\0\x07\xa8\x06\0\x78\x0e\0\0\x8d\x04\0\0\x6a\x88\0\0\x07\xac\x06\0\
\x80\x0e\0\0\x8d\x04\0\0\x89\x88\0\0\x05\xb0\x06\0\xe0\x12\0\0\x8d\x04\0\0\xd1\
\x88\0\0\x09\xb8\x06\0\x08\x13\0\0\x8d\x04\0\0\xd1\x88\0\0\x09\xb8\x06\0\x10\
\x13\0\0\x8d\x04\0\0\x15\x89\0\0\x07\xc0\x06\0\x28\x13\0\0\x8d\x04\0\0\0\0\0\0\
\0\0\0\0\x38\x13\0\0\x8d\x04\0\0\x5a\x90\0\0\x05\xe0\x08\0\xa0\x90\0\0\xa0\0\0\
\0\0\0\0\0\x8d\x04\0\0\xc5\x90\0\0\x05\x0c\x09\0\x18\0\0\0\x8d\x04\0\0\xf0\x90\
\0\0\x0a\x24\x09\0\x20\0\0\0\x8d\x04\0\0\xf0\x90\0\0\x07\x24\x09\0\x38\0\0\0\
\x8d\x04\0\0\xaf\x82\0\0\x03\x40\x09\0\x70\0\0\0\x8d\x04\0\0\0\x91\0\0\x0c\x44\
\x09\0\x78\0\0\0\x8d\x04\0\0\x43\x82\0\0\x0c\x30\x06\0\x88\0\0\0\x8d\x04\0\0\
\xaf\x82\0\0\x03\x40\x09\0\x90\0\0\0\x8d\x04\0\0\x6b\x82\0\0\x07\x38\x06\0\xd8\
\0\0\0\x8d\x04\0\0\xaf\x82\0\0\x03\x40\x09\0\xe0\0\0\0\x8d\x04\0\0\x20\x91\0\0\
\x22\x6c\x05\0\x18\x01\0\0\x8d\x04\0\0\xaf\x82\0\0\x03\x40\x09\0\x20\x01\0\0\
\x8d\x04\0\0\x20\x91\0\0\x22\x6c\x05\0\x38\x01\0\0\x8d\x04\0\0\x67\x91\0\0\x22\
\x70\x05\0\x40\x01\0\0\x8d\x04\0\0\x67\x91\0\0\x16\x70\x05\0\x68\x01\0\0\x8d\
\x04\0\0\xaf\x82\0\0\x03\x40\x09\0\x70\x01\0\0\x8d\x04\0\0\x94\x91\0\0\x2e\x78\
\x05\0\x80\x01\0\0\x8d\x04\0\0\x94\x91\0\0\x2e\x78\x05\0\x90\x01\0\0\x8d\x04\0\
\0\xaf\x82\0\0\x03\x40\x09\0\x98\x01\0\0\x8d\x04\0\0\xdc\x91\0\0\x1a\x7c\x05\0\
\xd0\x01\0\0\x8d\x04\0\0\xaf\x82\0\0\x03\x40\x09\0\xd8\x01\0\0\x8d\x04\0\0\xdc\
\x91\0\0\x1a\x7c\x05\0\xe8\x01\0\0\x8d\x04\0\0\x94\x91\0\0\x2e\x78\x05\0\xf8\
\x01\0\0\x8d\x04\0\0\xdc\x91\0\0\x1a\x7c\x05\0\0\x02\0\0\x8d\x04\0\0\x2c\x3d\0\
\0\x07\x24\x02\0\x40\x02\0\0\x8d\x04\0\0\x6b\x3d\0\0\x0e\x70\x02\0\x80\x02\0\0\
\x8d\x04\0\0\x93\x3d\0\0\x27\x34\x02\0\x98\x02\0\0\x8d\x04\0\0\xde\x3d\0\0\x0b\
\x38\x02\0\xd8\x02\0\0\x8d\x04\0\0\x1c\x92\0\0\x18\x74\x05\0\xe0\x02\0\0\x8d\
\x04\0\0\x35\x92\0\0\x07\x80\x05\0\xf8\x02\0\0\x8d\x04\0\0\x68\x92\0\0\x2f\x84\
\x05\0\x08\x03\0\0\x8d\x04\0\0\x68\x92\0\0\x23\x84\x05\0\x10\x03\0\0\x8d\x04\0\
\0\xa9\x92\0\0\x2e\x88\x05\0\x18\x03\0\0\x8d\x04\0\0\xa9\x92\0\0\x22\x88\x05\0\
\x38\x03\0\0\x8d\x04\0\0\xe5\x92\0\0\x05\x90\x05\0\x88\x03\0\0\x8d\x04\0\0\x21\
\x93\0\0\x05\x9c\x05\0\xb0\x03\0\0\x8d\x04\0\0\x55\x93\0\0\x27\xac\x05\0\xc0\
\x03\0\0\x8d\x04\0\0\x55\x93\0\0\x1b\xac\x05\0\xc8\x03\0\0\x8d\x04\0\0\x8e\x93\
\0\0\x26\xb0\x05\0\xd0\x03\0\0\x8d\x04\0\0\x8e\x93\0\0\x1a\xb0\x05\0\xe8\x03\0\
\0\x8d\x04\0\0\xf3\x86\0\0\x12\xe0\x05\0\xf8\x03\0\0\x8d\x04\0\0\x55\x93\0\0\
\x27\xac\x05\0\0\x04\0\0\x8d\x04\0\0\xbc\x93\0\0\x13\xe8\x05\0\x18\x04\0\0\x8d\
\x04\0\0\x09\x94\0\0\x07\xec\x05\0\x28\x04\0\0\x8d\x04\0\0\0\0\0\0\0\0\0\0\x30\
\x04\0\0\x8d\x04\0\0\x28\x94\0\0\x03\x08\x06\0\x70\x06\0\0\x8d\x04\0\0\x87\x05\
\0\0\x30\xa0\x02\0\xa0\x06\0\0\x8d\x04\0\0\0\0\0\0\0\0\0\0\xa8\x06\0\0\x8d\x04\
\0\0\xa6\x2d\0\0\x15\xa4\x02\0\xc8\x06\0\0\x8d\x04\0\0\xa6\x2d\0\0\x15\xa4\x02\
\0\xd8\x06\0\0\x8d\x04\0\0\0\0\0\0\0\0\0\0\xe0\x06\0\0\x8d\x04\0\0\xd7\x2d\0\0\
\x15\xa8\x02\0\x10\x07\0\0\x8d\x04\0\0\xd7\x2d\0\0\x15\xa8\x02\0\x20\x07\0\0\
\x8d\x04\0\0\0\0\0\0\0\0\0\0\x28\x07\0\0\x8d\x04\0\0\x9c\x3c\0\0\x14\xac\x02\0\
\x40\x07\0\0\x8d\x04\0\0\x9c\x3c\0\0\x33\xac\x02\0\x48\x07\0\0\x8d\x04\0\0\x9c\
\x3c\0\0\x12\xac\x02\0\x68\x07\0\0\x8d\x04\0\0\0\0\0\0\0\0\0\0\x70\x07\0\0\x8d\
\x04\0\0\xe3\x3c\0\0\x29\xb4\x02\0\x88\x07\0\0\x8d\x04\0\0\xd7\x2d\0\0\x15\xa8\
\x02\0\x98\x07\0\0\x8d\x04\0\0\xe3\x3c\0\0\x29\xb4\x02\0\xa0\x07\0\0\x8d\x04\0\
\0\x2c\x3d\0\0\x07\x24\x02\0\xc8\x07\0\0\x8d\x04\0\0\xeb\x80\0\0\x05\xf0\x05\0\
\xf8\x07\0\0\x8d\x04\0\0\x4d\x94\0\0\x05\x58\x09\0\x18\x08\0\0\x8d\x04\0\0\x2c\
\x3d\0\0\x07\x24\x02\0\x30\x08\0\0\x8d\x04\0\0\x6b\x3d\0\0\x0e\x70\x02\0\x70\
\x08\0\0\x8d\x04\0\0\x93\x3d\0\0\x27\x34\x02\0\x88\x08\0\0\x8d\x04\0\0\xde\x3d\
\0\0\x0b\x38\x02\0\xd0\x08\0\0\x8d\x04\0\0\x06\x3e\0\0\x14\xb0\x02\0\0\x09\0\0\
\x7a\x2b\0\0\x50\x3e\0\0\x23\x90\0\0\x30\x09\0\0\x8d\x04\0\0\x06\x3e\0\0\x14\
\xb0\x02\0\x38\x09\0\0\x7a\x2b\0\0\x50\x3e\0\0\x23\x90\0\0\x50\x09\0\0\x7a\x2b\
\0\0\x50\x3e\0\0\x23\x90\0\0\x60\x09\0\0\x7a\x2b\0\0\xa5\x3e\0\0\x15\x58\0\0\
\x88\x09\0\0\x7a\x2b\0\0\xa5\x3e\0\0\x03\x58\0\0\xb0\x09\0\0\x7a\x2b\0\0\0\0\0\
\0\0\0\0\0\xb8\x09\0\0\x7a\x2b\0\0\xc6\x3e\0\0\x22\x5c\0\0\xe8\x09\0\0\x7a\x2b\
\0\0\0\0\0\0\0\0\0\0\xf0\x09\0\0\x7a\x2b\0\0\xc6\x3e\0\0\x22\x5c\0\0\0\x0a\0\0\
\x7a\x2b\0\0\xc6\x3e\0\0\x22\x5c\0\0\x08\x0a\0\0\x7a\x2b\0\0\x16\x3f\0\0\x13\
\x60\0\0\x30\x0a\0\0\x7a\x2b\0\0\0\0\0\0\0\0\0\0\x38\x0a\0\0\x7a\x2b\0\0\x16\
\x3f\0\0\x17\x60\0\0\x58\x0a\0\0\x7a\x2b\0\0\x16\x3f\0\0\x17\x60\0\0\x68\x0a\0\
\0\x7a\x2b\0\0\0\0\0\0\0\0\0\0\x70\x0a\0\0\x7a\x2b\0\0\x56\x3f\0\0\x17\x64\0\0\
\x80\x0a\0\0\x7a\x2b\0\0\x56\x3f\0\0\x17\x64\0\0\x88\x0a\0\0\x7a\x2b\0\0\x16\
\x3f\0\0\x09\x60\0\0\xb0\x0a\0\0\x7a\x2b\0\0\0\0\0\0\0\0\0\0\xb8\x0a\0\0\x7a\
\x2b\0\0\x99\x3f\0\0\x15\x94\0\0\xc8\x0a\0\0\x7a\x2b\0\0\x99\x3f\0\0\x15\x94\0\
\0\xd8\x0a\0\0\x7a\x2b\0\0\x99\x3f\0\0\x13\x94\0\0\xf8\x0a\0\0\x7a\x2b\0\0\0\0\
\0\0\0\0\0\0\0\x0b\0\0\x7a\x2b\0\0\xd0\x3f\0\0\x22\x98\0\0\x18\x0b\0\0\x7a\x2b\
\0\0\xd0\x3f\0\0\x22\x98\0\0\x20\x0b\0\0\x7a\x2b\0\0\xd0\x3f\0\0\x20\x98\0\0\
\x50\x0b\0\0\x7a\x2b\0\0\0\0\0\0\0\0\0\0\x58\x0b\0\0\x7a\x2b\0\0\x18\x40\0\0\
\x1b\x9c\0\0\x80\x0b\0\0\x7a\x2b\0\0\0\0\0\0\0\0\0\0\x88\x0b\0\0\x7a\x2b\0\0\
\x18\x40\0\0\x1b\x9c\0\0\x98\x0b\0\0\x7a\x2b\0\0\x18\x40\0\0\x1b\x9c\0\0\xa0\
\x0b\0\0\x7a\x2b\0\0\x18\x40\0\0\x19\x9c\0\0\xc0\x0b\0\0\x7a\x2b\0\0\0\0\0\0\0\
\0\0\0\xc8\x0b\0\0\x7a\x2b\0\0\x62\x40\0\0\x14\xa0\0\0\xd8\x0b\0\0\x7a\x2b\0\0\
\x62\x40\0\0\x14\xa0\0\0\xe0\x0b\0\0\x7a\x2b\0\0\x62\x40\0\0\x12\xa0\0\0\x08\
\x0c\0\0\x7a\x2b\0\0\0\0\0\0\0\0\0\0\x10\x0c\0\0\x7a\x2b\0\0\x93\x40\0\0\x14\
\xa8\0\0\x48\x0c\0\0\x7a\x2b\0\0\0\0\0\0\0\0\0\0\x50\x0c\0\0\x7a\x2b\0\0\x93\
\x40\0\0\x14\xa8\0\0\x60\x0c\0\0\x7a\x2b\0\0\x93\x40\0\0\x14\xa8\0\0\x68\x0c\0\
\0\x7a\x2b\0\0\x93\x40\0\0\x12\xa8\0\0\x78\x0c\0\0\x7a\x2b\0\0\0\0\0\0\0\0\0\0\
\x80\x0c\0\0\x7a\x2b\0\0\xd2\x40\0\0\x14\xac\0\0\xb8\x0c\0\0\x7a\x2b\0\0\0\0\0\
\0\0\0\0\0\xc0\x0c\0\0\x7a\x2b\0\0\xd2\x40\0\0\x14\xac\0\0\xd0\x0c\0\0\x7a\x2b\
\0\0\xd2\x40\0\0\x14\xac\0\0\xd8\x0c\0\0\x7a\x2b\0\0\xd2\x40\0\0\x12\xac\0\0\
\xf8\x0c\0\0\x7a\x2b\0\0\0\0\0\0\0\0\0\0\0\x0d\0\0\x7a\x2b\0\0\x16\x41\0\0\x2a\
\xb8\0\0\x38\x0d\0\0\x7a\x2b\0\0\0\0\0\0\0\0\0\0\x40\x0d\0\0\x7a\x2b\0\0\x16\
\x41\0\0\x2a\xb8\0\0\x50\x0d\0\0\x7a\x2b\0\0\x16\x41\0\0\x2a\xb8\0\0\x60\x0d\0\
\0\x7a\x2b\0\0\0\0\0\0\0\0\0\0\x68\x0d\0\0\x7a\x2b\0\0\xbc\x46\0\0\x28\xbc\0\0\
\xa0\x0d\0\0\x7a\x2b\0\0\0\0\0\0\0\0\0\0\xa8\x0d\0\0\x7a\x2b\0\0\xbc\x46\0\0\
\x28\xbc\0\0\xb8\x0d\0\0\x7a\x2b\0\0\xbc\x46\0\0\x28\xbc\0\0\xc0\x0d\0\0\x7a\
\x2b\0\0\x09\x47\0\0\x10\xc0\0\0\xd0\x0d\0\0\x7a\x2b\0\0\x09\x47\0\0\x07\xc0\0\
\0\xe0\x0d\0\0\x7a\x2b\0\0\0\0\0\0\0\0\0\0\xf0\x0d\0\0\x7a\x2b\0\0\x49\x47\0\0\
\x22\xd4\0\0\xf8\x0d\0\0\x7a\x2b\0\0\x49\x47\0\0\x03\xd4\0\0\x08\x0e\0\0\x7a\
\x2b\0\0\x93\x47\0\0\x12\xdc\0\0\x10\x0e\0\0\x7a\x2b\0\0\x93\x47\0\0\x07\xdc\0\
\0\x20\x0e\0\0\x7a\x2b\0\0\xd9\x47\0\0\x3c\xe0\0\0\x30\x0e\0\0\x8d\x04\0\0\x96\
\x94\0\0\x25\x14\x06\0\x48\x0e\0\0\x8d\x04\0\0\xc3\x94\0\0\x03\x18\x06\0\x78\
\x0e\0\0\x8d\x04\0\0\x96\x94\0\0\x25\x14\x06\0\x80\x0e\0\0\x8d\x04\0\0\x4c\x86\
\0\0\x0f\x64\x09\0\x98\x0e\0\0\x8d\x04\0\0\x0b\x95\0\0\x07\x68\x09\0\xa0\x0e\0\
\0\x8d\x04\0\0\xeb\x80\0\0\x05\x6c\x09\0\xb8\x0e\0\0\x8d\x04\0\0\0\0\0\0\0\0\0\
\0\xc0\x0e\0\0\x8d\x04\0\0\xc5\x90\0\0\x05\x0c\x09\0\xd0\x0e\0\0\x8d\x04\0\0\
\xf3\x86\0\0\x12\x70\x06\0\xe0\x0e\0\0\x8d\x04\0\0\0\0\0\0\0\0\0\0\xe8\x0e\0\0\
\x8d\x04\0\0\x0e\x87\0\0\x0b\x74\x06\0\x08\x0f\0\0\x8d\x04\0\0\x4f\x87\0\0\x07\
\x78\x06\0\x10\x0f\0\0\x8d\x04\0\0\x66\x87\0\0\x05\x84\x06\0\x38\x0f\0\0\x8d\
\x04\0\0\xb6\x87\0\0\x13\x98\x06\0\x40\x0f\0\0\x8d\x04\0\0\xd4\x87\0\0\x1d\x90\
\x06\0\x48\x0f\0\0\x8d\x04\0\0\xf9\x87\0\0\x14\x94\x06\0\x50\x0f\0\0\x8d\x04\0\
\0\x19\x88\0\0\x1c\xa0\x06\0\x58\x0f\0\0\x8d\x04\0\0\x19\x88\0\0\x0c\xa0\x06\0\
\x68\x0f\0\0\x8d\x04\0\0\xb6\x87\0\0\x13\x98\x06\0\x70\x0f\0\0\x8d\x04\0\0\x3a\
\x88\0\0\x07\xa8\x06\0\x88\x0f\0\0\x8d\x04\0\0\x6a\x88\0\0\x07\xac\x06\0\x90\
\x0f\0\0\x8d\x04\0\0\x89\x88\0\0\x05\xb0\x06\0\xf0\x13\0\0\x8d\x04\0\0\xd1\x88\
\0\0\x09\xb8\x06\0\x18\x14\0\0\x8d\x04\0\0\xd1\x88\0\0\x09\xb8\x06\0\x20\x14\0\
\0\x8d\x04\0\0\x15\x89\0\0\x07\xc0\x06\0\x79\x95\0\0\xa0\0\0\0\0\0\0\0\x8d\x04\
\0\0\xa6\x95\0\0\x05\x9c\x09\0\x18\0\0\0\x8d\x04\0\0\xf0\x90\0\0\x0a\xb8\x09\0\
\x20\0\0\0\x8d\x04\0\0\xf0\x90\0\0\x07\xb8\x09\0\x38\0\0\0\x8d\x04\0\0\xaf\x82\
\0\0\x03\xd4\x09\0\x70\0\0\0\x8d\x04\0\0\xd9\x95\0\0\x0c\xd8\x09\0\x78\0\0\0\
\x8d\x04\0\0\x43\x82\0\0\x0c\x30\x06\0\x88\0\0\0\x8d\x04\0\0\xaf\x82\0\0\x03\
\xd4\x09\0\x90\0\0\0\x8d\x04\0\0\x6b\x82\0\0\x07\x38\x06\0\xd8\0\0\0\x8d\x04\0\
\0\xaf\x82\0\0\x03\xd4\x09\0\xe0\0\0\0\x8d\x04\0\0\x20\x91\0\0\x22\x6c\x05\0\
\x18\x01\0\0\x8d\x04\0\0\xaf\x82\0\0\x03\xd4\x09\0\x20\x01\0\0\x8d\x04\0\0\x20\
\x91\0\0\x22\x6c\x05\0\x38\x01\0\0\x8d\x04\0\0\x67\x91\0\0\x22\x70\x05\0\x40\
\x01\0\0\x8d\x04\0\0\x67\x91\0\0\x16\x70\x05\0\x68\x01\0\0\x8d\x04\0\0\xaf\x82\
\0\0\x03\xd4\x09\0\x70\x01\0\0\x8d\x04\0\0\x94\x91\0\0\x2e\x78\x05\0\x80\x01\0\
\0\x8d\x04\0\0\x94\x91\0\0\x2e\x78\x05\0\x90\x01\0\0\x8d\x04\0\0\xaf\x82\0\0\
\x03\xd4\x09\0\x98\x01\0\0\x8d\x04\0\0\xdc\x91\0\0\x1a\x7c\x05\0\xd0\x01\0\0\
\x8d\x04\0\0\xaf\x82\0\0\x03\xd4\x09\0\xd8\x01\0\0\x8d\x04\0\0\xdc\x91\0\0\x1a\
\x7c\x05\0\xe8\x01\0\0\x8d\x04\0\0\x94\x91\0\0\x2e\x78\x05\0\xf8\x01\0\0\x8d\
\x04\0\0\xdc\x91\0\0\x1a\x7c\x05\0\0\x02\0\0\x8d\x04\0\0\x2c\x3d\0\0\x07\x24\
\x02\0\x40\x02\0\0\x8d\x04\0\0\x6b\x3d\0\0\x0e\x70\x02\0\x80\x02\0\0\x8d\x04\0\
\0\x93\x3d\0\0\x27\x34\x02\0\x98\x02\0\0\x8d\x04\0\0\xde\x3d\0\0\x0b\x38\x02\0\
\xd8\x02\0\0\x8d\x04\0\0\x1c\x92\0\0\x18\x74\x05\0\xe0\x02\0\0\x8d\x04\0\0\x35\
\x92\0\0\x07\x80\x05\0\xf8\x02\0\0\x8d\x04\0\0\x68\x92\0\0\x2f\x84\x05\0\x08\
\x03\0\0\x8d\x04\0\0\x68\x92\0\0\x23\x84\x05\0\x10\x03\0\0\x8d\x04\0\0\xa9\x92\
\0\0\x2e\x88\x05\0\x18\x03\0\0\x8d\x04\0\0\xa9\x92\0\0\x22\x88\x05\0\x38\x03\0\
\0\x8d\x04\0\0\xe5\x92\0\0\x05\x90\x05\0\x88\x03\0\0\x8d\x04\0\0\x21\x93\0\0\
\x05\x9c\x05\0\xb0\x03\0\0\x8d\x04\0\0\x55\x93\0\0\x27\xac\x05\0\xc0\x03\0\0\
\x8d\x04\0\0\x55\x93\0\0\x1b\xac\x05\0\xc8\x03\0\0\x8d\x04\0\0\x8e\x93\0\0\x26\
\xb0\x05\0\xd0\x03\0\0\x8d\x04\0\0\x8e\x93\0\0\x1a\xb0\x05\0\xe8\x03\0\0\x8d\
\x04\0\0\xf3\x86\0\0\x12\xe0\x05\0\xf8\x03\0\0\x8d\x04\0\0\x55\x93\0\0\x27\xac\
\x05\0\0\x04\0\0\x8d\x04\0\0\xbc\x93\0\0\x13\xe8\x05\0\x18\x04\0\0\x8d\x04\0\0\
\x09\x94\0\0\x07\xec\x05\0\x28\x04\0\0\x8d\x04\0\0\0\0\0\0\0\0\0\0\x30\x04\0\0\
\x8d\x04\0\0\x28\x94\0\0\x03\x08\x06\0\x70\x06\0\0\x8d\x04\0\0\x87\x05\0\0\x30\
\xa0\x02\0\xa0\x06\0\0\x8d\x04\0\0\0\0\0\0\0\0\0\0\xa8\x06\0\0\x8d\x04\0\0\xa6\
\x2d\0\0\x15\xa4\x02\0\xc8\x06\0\0\x8d\x04\0\0\xa6\x2d\0\0\x15\xa4\x02\0\xd8\
\x06\0\0\x8d\x04\0\0\0\0\0\0\0\0\0\0\xe0\x06\0\0\x8d\x04\0\0\xd7\x2d\0\0\x15\
\xa8\x02\0\x10\x07\0\0\x8d\x04\0\0\xd7\x2d\0\0\x15\xa8\x02\0\x20\x07\0\0\x8d\
\x04\0\0\0\0\0\0\0\0\0\0\x28\x07\0\0\x8d\x04\0\0\x9c\x3c\0\0\x14\xac\x02\0\x40\
\x07\0\0\x8d\x04\0\0\x9c\x3c\0\0\x33\xac\x02\0\x48\x07\0\0\x8d\x04\0\0\x9c\x3c\
\0\0\x12\xac\x02\0\x68\x07\0\0\x8d\x04\0\0\0\0\0\0\0\0\0\0\x70\x07\0\0\x8d\x04\
\0\0\xe3\x3c\0\0\x29\xb4\x02\0\x88\x07\0\0\x8d\x04\0\0\xd7\x2d\0\0\x15\xa8\x02\
\0\x98\x07\0\0\x8d\x04\0\0\xe3\x3c\0\0\x29\xb4\x02\0\xa0\x07\0\0\x8d\x04\0\0\
\x2c\x3d\0\0\x07\x24\x02\0\xc8\x07\0\0\x8d\x04\0\0\xeb\x80\0\0\x05\xf0\x05\0\
\xf8\x07\0\0\x8d\x04\0\0\xf6\x95\0\0\x05\xe8\x09\0\x10\x08\0\0\x8d\x04\0\0\0\0\
\0\0\0\0\0\0\x20\x08\0\0\x8d\x04\0\0\x2c\x3d\0\0\x07\x24\x02\0\x38\x08\0\0\x8d\
\x04\0\0\x6b\x3d\0\0\x0e\x70\x02\0\x78\x08\0\0\x8d\x04\0\0\x93\x3d\0\0\x27\x34\
\x02\0\x90\x08\0\0\x8d\x04\0\0\xde\x3d\0\0\x0b\x38\x02\0\xd8\x08\0\0\x8d\x04\0\
\0\x06\x3e\0\0\x14\xb0\x02\0\x08\x09\0\0\x7a\x2b\0\0\x50\x3e\0\0\x23\x90\0\0\
\x38\x09\0\0\x8d\x04\0\0\x06\x3e\0\0\x14\xb0\x02\0\x40\x09\0\0\x7a\x2b\0\0\x50\
\x3e\0\0\x23\x90\0\0\x58\x09\0\0\x7a\x2b\0\0\x50\x3e\0\0\x23\x90\0\0\x68\x09\0\
\0\x7a\x2b\0\0\xa5\x3e\0\0\x15\x58\0\0\x90\x09\0\0\x7a\x2b\0\0\xa5\x3e\0\0\x03\
\x58\0\0\xb8\x09\0\0\x7a\x2b\0\0\0\0\0\0\0\0\0\0\xc0\x09\0\0\x7a\x2b\0\0\xc6\
\x3e\0\0\x22\x5c\0\0\xf0\x09\0\0\x7a\x2b\0\0\0\0\0\0\0\0\0\0\xf8\x09\0\0\x7a\
\x2b\0\0\xc6\x3e\0\0\x22\x5c\0\0\x08\x0a\0\0\x7a\x2b\0\0\xc6\x3e\0\0\x22\x5c\0\
\0\x10\x0a\0\0\x7a\x2b\0\0\x16\x3f\0\0\x13\x60\0\0\x38\x0a\0\0\x7a\x2b\0\0\0\0\
\0\0\0\0\0\0\x40\x0a\0\0\x7a\x2b\0\0\x16\x3f\0\0\x17\x60\0\0\x60\x0a\0\0\x7a\
\x2b\0\0\x16\x3f\0\0\x17\x60\0\0\x70\x0a\0\0\x7a\x2b\0\0\0\0\0\0\0\0\0\0\x78\
\x0a\0\0\x7a\x2b\0\0\x56\x3f\0\0\x17\x64\0\0\x88\x0a\0\0\x7a\x2b\0\0\x56\x3f\0\
\0\x17\x64\0\0\x90\x0a\0\0\x7a\x2b\0\0\x16\x3f\0\0\x09\x60\0\0\xb8\x0a\0\0\x7a\
\x2b\0\0\0\0\0\0\0\0\0\0\xc0\x0a\0\0\x7a\x2b\0\0\x99\x3f\0\0\x15\x94\0\0\xd0\
\x0a\0\0\x7a\x2b\0\0\x99\x3f\0\0\x15\x94\0\0\xe0\x0a\0\0\x7a\x2b\0\0\x99\x3f\0\
\0\x13\x94\0\0\0\x0b\0\0\x7a\x2b\0\0\0\0\0\0\0\0\0\0\x08\x0b\0\0\x7a\x2b\0\0\
\xd0\x3f\0\0\x22\x98\0\0\x20\x0b\0\0\x7a\x2b\0\0\xd0\x3f\0\0\x22\x98\0\0\x28\
\x0b\0\0\x7a\x2b\0\0\xd0\x3f\0\0\x20\x98\0\0\x58\x0b\0\0\x7a\x2b\0\0\0\0\0\0\0\
\0\0\0\x60\x0b\0\0\x7a\x2b\0\0\x18\x40\0\0\x1b\x9c\0\0\x88\x0b\0\0\x7a\x2b\0\0\
\0\0\0\0\0\0\0\0\x90\x0b\0\0\x7a\x2b\0\0\x18\x40\0\0\x1b\x9c\0\0\xa0\x0b\0\0\
\x7a\x2b\0\0\x18\x40\0\0\x1b\x9c\0\0\xa8\x0b\0\0\x7a\x2b\0\0\x18\x40\0\0\x19\
\x9c\0\0\xc8\x0b\0\0\x7a\x2b\0\0\0\0\0\0\0\0\0\0\xd0\x0b\0\0\x7a\x2b\0\0\x62\
\x40\0\0\x14\xa0\0\0\xe0\x0b\0\0\x7a\x2b\0\0\x62\x40\0\0\x14\xa0\0\0\xe8\x0b\0\
\0\x7a\x2b\0\0\x62\x40\0\0\x12\xa0\0\0\x10\x0c\0\0\x7a\x2b\0\0\0\0\0\0\0\0\0\0\
\x18\x0c\0\0\x7a\x2b\0\0\x93\x40\0\0\x14\xa8\0\0\x50\x0c\0\0\x7a\x2b\0\0\0\0\0\
\0\0\0\0\0\x58\x0c\0\0\x7a\x2b\0\0\x93\x40\0\0\x14\xa8\0\0\x68\x0c\0\0\x7a\x2b\
\0\0\x93\x40\0\0\x14\xa8\0\0\x70\x0c\0\0\x7a\x2b\0\0\x93\x40\0\0\x12\xa8\0\0\
\x80\x0c\0\0\x7a\x2b\0\0\0\0\0\0\0\0\0\0\x88\x0c\0\0\x7a\x2b\0\0\xd2\x40\0\0\
\x14\xac\0\0\xc0\x0c\0\0\x7a\x2b\0\0\0\0\0\0\0\0\0\0\xc8\x0c\0\0\x7a\x2b\0\0\
\xd2\x40\0\0\x14\xac\0\0\xd8\x0c\0\0\x7a\x2b\0\0\xd2\x40\0\0\x14\xac\0\0\xe0\
\x0c\0\0\x7a\x2b\0\0\xd2\x40\0\0\x12\xac\0\0\0\x0d\0\0\x7a\x2b\0\0\0\0\0\0\0\0\
\0\0\x08\x0d\0\0\x7a\x2b\0\0\x16\x41\0\0\x2a\xb8\0\0\x40\x0d\0\0\x7a\x2b\0\0\0\
\0\0\0\0\0\0\0\x48\x0d\0\0\x7a\x2b\0\0\x16\x41\0\0\x2a\xb8\0\0\x58\x0d\0\0\x7a\
\x2b\0\0\x16\x41\0\0\x2a\xb8\0\0\x68\x0d\0\0\x7a\x2b\0\0\0\0\0\0\0\0\0\0\x70\
\x0d\0\0\x7a\x2b\0\0\xbc\x46\0\0\x28\xbc\0\0\xa8\x0d\0\0\x7a\x2b\0\0\0\0\0\0\0\
\0\0\0\xb0\x0d\0\0\x7a\x2b\0\0\xbc\x46\0\0\x28\xbc\0\0\xc0\x0d\0\0\x7a\x2b\0\0\
\xbc\x46\0\0\x28\xbc\0\0\xc8\x0d\0\0\x7a\x2b\0\0\x09\x47\0\0\x10\xc0\0\0\xd8\
\x0d\0\0\x7a\x2b\0\0\x09\x47\0\0\x07\xc0\0\0\xe8\x0d\0\0\x7a\x2b\0\0\0\0\0\0\0\
\0\0\0\xf8\x0d\0\0\x7a\x2b\0\0\x49\x47\0\0\x22\xd4\0\0\0\x0e\0\0\x7a\x2b\0\0\
\x49\x47\0\0\x03\xd4\0\0\x10\x0e\0\0\x7a\x2b\0\0\x93\x47\0\0\x12\xdc\0\0\x18\
\x0e\0\0\x7a\x2b\0\0\x93\x47\0\0\x07\xdc\0\0\x28\x0e\0\0\x7a\x2b\0\0\xd9\x47\0\
\0\x3c\xe0\0\0\x38\x0e\0\0\x8d\x04\0\0\x96\x94\0\0\x25\x14\x06\0\x58\x0e\0\0\
\x8d\x04\0\0\xc3\x94\0\0\x03\x18\x06\0\x88\x0e\0\0\x8d\x04\0\0\x96\x94\0\0\x25\
\x14\x06\0\x90\x0e\0\0\x8d\x04\0\0\x4c\x86\0\0\x0f\xf4\x09\0\xa8\x0e\0\0\x8d\
\x04\0\0\x3e\x96\0\0\x07\xf8\x09\0\xb0\x0e\0\0\x8d\x04\0\0\x51\x96\0\0\x1a\xfc\
\x09\0\xb8\x0e\0\0\x8d\x04\0\0\xa6\x95\0\0\x05\x9c\x09\0\xc8\x0e\0\0\x8d\x04\0\
\0\xf3\x86\0\0\x12\x70\x06\0\xd8\x0e\0\0\x8d\x04\0\0\0\0\0\0\0\0\0\0\xe0\x0e\0\
\0\x8d\x04\0\0\x0e\x87\0\0\x0b\x74\x06\0\0\x0f\0\0\x8d\x04\0\0\x4f\x87\0\0\x07\
\x78\x06\0\x08\x0f\0\0\x8d\x04\0\0\x66\x87\0\0\x05\x84\x06\0\x30\x0f\0\0\x8d\
\x04\0\0\xb6\x87\0\0\x13\x98\x06\0\x38\x0f\0\0\x8d\x04\0\0\xd4\x87\0\0\x1d\x90\
\x06\0\x48\x0f\0\0\x8d\x04\0\0\xf9\x87\0\0\x14\x94\x06\0\x50\x0f\0\0\x8d\x04\0\
\0\x19\x88\0\0\x1c\xa0\x06\0\x58\x0f\0\0\x8d\x04\0\0\x19\x88\0\0\x0c\xa0\x06\0\
\x68\x0f\0\0\x8d\x04\0\0\xb6\x87\0\0\x13\x98\x06\0\x70\x0f\0\0\x8d\x04\0\0\x3a\
\x88\0\0\x07\xa8\x06\0\x88\x0f\0\0\x8d\x04\0\0\x6a\x88\0\0\x07\xac\x06\0\x90\
\x0f\0\0\x8d\x04\0\0\x89\x88\0\0\x05\xb0\x06\0\xf0\x13\0\0\x8d\x04\0\0\xd1\x88\
\0\0\x09\xb8\x06\0\x18\x14\0\0\x8d\x04\0\0\xd1\x88\0\0\x09\xb8\x06\0\x20\x14\0\
\0\x8d\x04\0\0\x15\x89\0\0\x07\xc0\x06\0\xa6\x96\0\0\x07\0\0\0\0\0\0\0\x8d\x04\
\0\0\xcd\x96\0\0\x05\x24\x0a\0\x08\0\0\0\x8d\x04\0\0\x11\x97\0\0\x0c\x28\x0a\0\
\x18\0\0\0\x8d\x04\0\0\0\0\0\0\0\0\0\0\x20\0\0\0\x8d\x04\0\0\x32\x97\0\0\x07\
\x2c\x0a\0\x38\0\0\0\x8d\x04\0\0\x32\x97\0\0\x07\x2c\x0a\0\x40\0\0\0\x8d\x04\0\
\0\x6f\x97\0\0\x05\x30\x0a\0\x68\0\0\0\x8d\x04\0\0\xcd\x96\0\0\x05\x24\x0a\0\
\xda\x97\0\0\x6a\0\0\0\0\0\0\0\x8d\x04\0\0\x01\x98\0\0\0\x4c\x0a\0\x08\0\0\0\
\x8d\x04\0\0\x01\x98\0\0\x05\x4c\x0a\0\x28\0\0\0\x8d\x04\0\0\0\0\0\0\0\0\0\0\
\x30\0\0\0\x8d\x04\0\0\xa6\x2d\0\0\x15\x60\x0a\0\x58\0\0\0\x8d\x04\0\0\xf3\x86\
\0\0\x12\xe0\x05\0\x68\0\0\0\x8d\x04\0\0\0\0\0\0\0\0\0\0\x70\0\0\0\x8d\x04\0\0\
\xbc\x93\0\0\x13\xe8\x05\0\x88\0\0\0\x8d\x04\0\0\x09\x94\0\0\x07\xec\x05\0\x98\
\0\0\0\x8d\x04\0\0\0\0\0\0\0\0\0\0\xa0\0\0\0\x8d\x04\0\0\x28\x94\0\0\x03\x08\
\x06\0\xe0\x02\0\0\x8d\x04\0\0\x87\x05\0\0\x30\xa0\x02\0\xf8\x02\0\0\x8d\x04\0\
\0\0\0\0\0\0\0\0\0\0\x03\0\0\x8d\x04\0\0\xa6\x2d\0\0\x15\xa4\x02\0\x38\x03\0\0\
\x8d\x04\0\0\xa6\x2d\0\0\x15\xa4\x02\0\x48\x03\0\0\x8d\x04\0\0\0\0\0\0\0\0\0\0\
\x50\x03\0\0\x8d\x04\0\0\xd7\x2d\0\0\x15\xa8\x02\0\x78\x03\0\0\x8d\x04\0\0\xd7\
\x2d\0\0\x15\xa8\x02\0\x88\x03\0\0\x8d\x04\0\0\0\0\0\0\0\0\0\0\x90\x03\0\0\x8d\
\x04\0\0\x9c\x3c\0\0\x14\xac\x02\0\xa8\x03\0\0\x8d\x04\0\0\x9c\x3c\0\0\x33\xac\
\x02\0\xb8\x03\0\0\x8d\x04\0\0\x9c\x3c\0\0\x12\xac\x02\0\xd8\x03\0\0\x8d\x04\0\
\0\0\0\0\0\0\0\0\0\xe0\x03\0\0\x8d\x04\0\0\xe3\x3c\0\0\x29\xb4\x02\0\xf8\x03\0\
\0\x8d\x04\0\0\xd7\x2d\0\0\x15\xa8\x02\0\x08\x04\0\0\x8d\x04\0\0\xe3\x3c\0\0\
\x29\xb4\x02\0\x10\x04\0\0\x8d\x04\0\0\x2c\x3d\0\0\x07\x24\x02\0\x38\x04\0\0\
\x8d\x04\0\0\xeb\x80\0\0\x05\xf0\x05\0\x68\x04\0\0\x8d\x04\0\0\x2e\x98\0\0\x05\
\x68\x0a\0\x90\x04\0\0\x8d\x04\0\0\x2c\x3d\0\0\x07\x24\x02\0\xa8\x04\0\0\x8d\
\x04\0\0\x6b\x3d\0\0\x0e\x70\x02\0\xe8\x04\0\0\x8d\x04\0\0\x93\x3d\0\0\x27\x34\
\x02\0\0\x05\0\0\x8d\x04\0\0\xde\x3d\0\0\x0b\x38\x02\0\x48\x05\0\0\x8d\x04\0\0\
\x06\x3e\0\0\x14\xb0\x02\0\x80\x05\0\0\x7a\x2b\0\0\x50\x3e\0\0\x23\x90\0\0\xb0\
\x05\0\0\x8d\x04\0\0\x06\x3e\0\0\x14\xb0\x02\0\xb8\x05\0\0\x7a\x2b\0\0\x50\x3e\
\0\0\x23\x90\0\0\xd0\x05\0\0\x7a\x2b\0\0\x50\x3e\0\0\x23\x90\0\0\xe0\x05\0\0\
\x7a\x2b\0\0\xa5\x3e\0\0\x15\x58\0\0\x08\x06\0\0\x7a\x2b\0\0\xa5\x3e\0\0\x03\
\x58\0\0\x30\x06\0\0\x7a\x2b\0\0\0\0\0\0\0\0\0\0\x38\x06\0\0\x7a\x2b\0\0\xc6\
\x3e\0\0\x22\x5c\0\0\x68\x06\0\0\x7a\x2b\0\0\0\0\0\0\0\0\0\0\x70\x06\0\0\x7a\
\x2b\0\0\xc6\x3e\0\0\x22\x5c\0\0\x80\x06\0\0\x7a\x2b\0\0\xc6\x3e\0\0\x22\x5c\0\
\0\x88\x06\0\0\x7a\x2b\0\0\x16\x3f\0\0\x13\x60\0\0\xb0\x06\0\0\x7a\x2b\0\0\0\0\
\0\0\0\0\0\0\xb8\x06\0\0\x7a\x2b\0\0\x16\x3f\0\0\x17\x60\0\0\xd8\x06\0\0\x7a\
\x2b\0\0\x16\x3f\0\0\x17\x60\0\0\xe8\x06\0\0\x7a\x2b\0\0\0\0\0\0\0\0\0\0\xf0\
\x06\0\0\x7a\x2b\0\0\x56\x3f\0\0\x17\x64\0\0\0\x07\0\0\x7a\x2b\0\0\x56\x3f\0\0\
\x17\x64\0\0\x08\x07\0\0\x7a\x2b\0\0\x16\x3f\0\0\x09\x60\0\0\x30\x07\0\0\x7a\
\x2b\0\0\0\0\0\0\0\0\0\0\x38\x07\0\0\x7a\x2b\0\0\x99\x3f\0\0\x15\x94\0\0\x48\
\x07\0\0\x7a\x2b\0\0\x99\x3f\0\0\x15\x94\0\0\x58\x07\0\0\x7a\x2b\0\0\x99\x3f\0\
\0\x13\x94\0\0\x78\x07\0\0\x7a\x2b\0\0\0\0\0\0\0\0\0\0\x80\x07\0\0\x7a\x2b\0\0\
\xd0\x3f\0\0\x22\x98\0\0\xa0\x07\0\0\x7a\x2b\0\0\xd0\x3f\0\0\x22\x98\0\0\xa8\
\x07\0\0\x7a\x2b\0\0\xd0\x3f\0\0\x20\x98\0\0\xd8\x07\0\0\x7a\x2b\0\0\0\0\0\0\0\
\0\0\0\xe0\x07\0\0\x7a\x2b\0\0\x18\x40\0\0\x1b\x9c\0\0\x08\x08\0\0\x7a\x2b\0\0\
\0\0\0\0\0\0\0\0\x10\x08\0\0\x7a\x2b\0\0\x18\x40\0\0\x1b\x9c\0\0\x20\x08\0\0\
\x7a\x2b\0\0\x18\x40\0\0\x1b\x9c\0\0\x28\x08\0\0\x7a\x2b\0\0\x18\x40\0\0\x19\
\x9c\0\0\x48\x08\0\0\x7a\x2b\0\0\0\0\0\0\0\0\0\0\x50\x08\0\0\x7a\x2b\0\0\x62\
\x40\0\0\x14\xa0\0\0\x60\x08\0\0\x7a\x2b\0\0\x62\x40\0\0\x14\xa0\0\0\x68\x08\0\
\0\x7a\x2b\0\0\x62\x40\0\0\x12\xa0\0\0\x90\x08\0\0\x7a\x2b\0\0\0\0\0\0\0\0\0\0\
\x98\x08\0\0\x7a\x2b\0\0\x93\x40\0\0\x14\xa8\0\0\xd0\x08\0\0\x7a\x2b\0\0\0\0\0\
\0\0\0\0\0\xd8\x08\0\0\x7a\x2b\0\0\x93\x40\0\0\x14\xa8\0\0\xe8\x08\0\0\x7a\x2b\
\0\0\x93\x40\0\0\x14\xa8\0\0\xf0\x08\0\0\x7a\x2b\0\0\x93\x40\0\0\x12\xa8\0\0\0\
\x09\0\0\x7a\x2b\0\0\0\0\0\0\0\0\0\0\x08\x09\0\0\x7a\x2b\0\0\xd2\x40\0\0\x14\
\xac\0\0\x40\x09\0\0\x7a\x2b\0\0\0\0\0\0\0\0\0\0\x48\x09\0\0\x7a\x2b\0\0\xd2\
\x40\0\0\x14\xac\0\0\x58\x09\0\0\x7a\x2b\0\0\xd2\x40\0\0\x14\xac\0\0\x60\x09\0\
\0\x7a\x2b\0\0\xd2\x40\0\0\x12\xac\0\0\x80\x09\0\0\x7a\x2b\0\0\0\0\0\0\0\0\0\0\
\x88\x09\0\0\x7a\x2b\0\0\x16\x41\0\0\x2a\xb8\0\0\xc0\x09\0\0\x7a\x2b\0\0\0\0\0\
\0\0\0\0\0\xc8\x09\0\0\x7a\x2b\0\0\x16\x41\0\0\x2a\xb8\0\0\xd8\x09\0\0\x7a\x2b\
\0\0\x16\x41\0\0\x2a\xb8\0\0\xe8\x09\0\0\x7a\x2b\0\0\0\0\0\0\0\0\0\0\xf0\x09\0\
\0\x7a\x2b\0\0\xbc\x46\0\0\x28\xbc\0\0\x28\x0a\0\0\x7a\x2b\0\0\0\0\0\0\0\0\0\0\
\x30\x0a\0\0\x7a\x2b\0\0\xbc\x46\0\0\x28\xbc\0\0\x40\x0a\0\0\x7a\x2b\0\0\xbc\
\x46\0\0\x28\xbc\0\0\x48\x0a\0\0\x7a\x2b\0\0\x09\x47\0\0\x10\xc0\0\0\x58\x0a\0\
\0\x7a\x2b\0\0\x09\x47\0\0\x07\xc0\0\0\x68\x0a\0\0\x7a\x2b\0\0\0\0\0\0\0\0\0\0\
\x78\x0a\0\0\x7a\x2b\0\0\x49\x47\0\0\x22\xd4\0\0\x80\x0a\0\0\x7a\x2b\0\0\x49\
\x47\0\0\x03\xd4\0\0\x90\x0a\0\0\x7a\x2b\0\0\x93\x47\0\0\x12\xdc\0\0\xa0\x0a\0\
\0\x7a\x2b\0\0\x93\x47\0\0\x07\xdc\0\0\xb0\x0a\0\0\x7a\x2b\0\0\xd9\x47\0\0\x3c\
\xe0\0\0\xc0\x0a\0\0\x8d\x04\0\0\x96\x94\0\0\x25\x14\x06\0\xd8\x0a\0\0\x8d\x04\
\0\0\xc3\x94\0\0\x03\x18\x06\0\0\x0b\0\0\x8d\x04\0\0\x43\x82\0\0\x0c\x30\x06\0\
\x10\x0b\0\0\x8d\x04\0\0\x96\x94\0\0\x25\x14\x06\0\x18\x0b\0\0\x8d\x04\0\0\x6b\
\x82\0\0\x07\x38\x06\0\x40\x0b\0\0\x8d\x04\0\0\x01\x98\0\0\x05\x4c\x0a\0\x96\
\x98\0\0\x67\0\0\0\0\0\0\0\x8d\x04\0\0\xbc\x98\0\0\x05\x8c\x0a\0\x18\0\0\0\x8d\
\x04\0\0\xf3\x86\0\0\x12\xe0\x05\0\x28\0\0\0\x8d\x04\0\0\0\0\0\0\0\0\0\0\x30\0\
\0\0\x8d\x04\0\0\xbc\x93\0\0\x13\xe8\x05\0\x48\0\0\0\x8d\x04\0\0\x09\x94\0\0\
\x07\xec\x05\0\x58\0\0\0\x8d\x04\0\0\0\0\0\0\0\0\0\0\x60\0\0\0\x8d\x04\0\0\x28\
\x94\0\0\x03\x08\x06\0\xa0\x02\0\0\x8d\x04\0\0\x87\x05\0\0\x30\xa0\x02\0\xd0\
\x02\0\0\x8d\x04\0\0\0\0\0\0\0\0\0\0\xd8\x02\0\0\x8d\x04\0\0\xa6\x2d\0\0\x15\
\xa4\x02\0\x08\x03\0\0\x8d\x04\0\0\xa6\x2d\0\0\x15\xa4\x02\0\x18\x03\0\0\x8d\
\x04\0\0\0\0\0\0\0\0\0\0\x20\x03\0\0\x8d\x04\0\0\xd7\x2d\0\0\x15\xa8\x02\0\x48\
\x03\0\0\x8d\x04\0\0\xd7\x2d\0\0\x15\xa8\x02\0\x58\x03\0\0\x8d\x04\0\0\0\0\0\0\
\0\0\0\0\x60\x03\0\0\x8d\x04\0\0\x9c\x3c\0\0\x14\xac\x02\0\x78\x03\0\0\x8d\x04\
\0\0\x9c\x3c\0\0\x33\xac\x02\0\x88\x03\0\0\x8d\x04\0\0\x9c\x3c\0\0\x12\xac\x02\
\0\xa8\x03\0\0\x8d\x04\0\0\0\0\0\0\0\0\0\0\xb0\x03\0\0\x8d\x04\0\0\xe3\x3c\0\0\
\x29\xb4\x02\0\xc8\x03\0\0\x8d\x04\0\0\xd7\x2d\0\0\x15\xa8\x02\0\xd8\x03\0\0\
\x8d\x04\0\0\xe3\x3c\0\0\x29\xb4\x02\0\xe0\x03\0\0\x8d\x04\0\0\x2c\x3d\0\0\x07\
\x24\x02\0\x10\x04\0\0\x8d\x04\0\0\xeb\x80\0\0\x05\xf0\x05\0\x40\x04\0\0\x8d\
\x04\0\0\xe8\x98\0\0\x05\xa8\x0a\0\x68\x04\0\0\x8d\x04\0\0\x2c\x3d\0\0\x07\x24\
\x02\0\x88\x04\0\0\x8d\x04\0\0\x6b\x3d\0\0\x0e\x70\x02\0\xd8\x04\0\0\x8d\x04\0\
\0\x93\x3d\0\0\x27\x34\x02\0\xf0\x04\0\0\x8d\x04\0\0\xde\x3d\0\0\x0b\x38\x02\0\
\x30\x05\0\0\x8d\x04\0\0\x06\x3e\0\0\x14\xb0\x02\0\x68\x05\0\0\x7a\x2b\0\0\x50\
\x3e\0\0\x23\x90\0\0\x98\x05\0\0\x8d\x04\0\0\x06\x3e\0\0\x14\xb0\x02\0\xa0\x05\
\0\0\x7a\x2b\0\0\x50\x3e\0\0\x23\x90\0\0\xb8\x05\0\0\x7a\x2b\0\0\x50\x3e\0\0\
\x23\x90\0\0\xc8\x05\0\0\x7a\x2b\0\0\xa5\x3e\0\0\x15\x58\0\0\xf0\x05\0\0\x7a\
\x2b\0\0\xa5\x3e\0\0\x03\x58\0\0\x18\x06\0\0\x7a\x2b\0\0\0\0\0\0\0\0\0\0\x20\
\x06\0\0\x7a\x2b\0\0\xc6\x3e\0\0\x22\x5c\0\0\x50\x06\0\0\x7a\x2b\0\0\0\0\0\0\0\
\0\0\0\x58\x06\0\0\x7a\x2b\0\0\xc6\x3e\0\0\x22\x5c\0\0\x68\x06\0\0\x7a\x2b\0\0\
\xc6\x3e\0\0\x22\x5c\0\0\x70\x06\0\0\x7a\x2b\0\0\x16\x3f\0\0\x13\x60\0\0\x98\
\x06\0\0\x7a\x2b\0\0\0\0\0\0\0\0\0\0\xa0\x06\0\0\x7a\x2b\0\0\x16\x3f\0\0\x17\
\x60\0\0\xc0\x06\0\0\x7a\x2b\0\0\x16\x3f\0\0\x17\x60\0\0\xd0\x06\0\0\x7a\x2b\0\
\0\0\0\0\0\0\0\0\0\xd8\x06\0\0\x7a\x2b\0\0\x56\x3f\0\0\x17\x64\0\0\xe8\x06\0\0\
\x7a\x2b\0\0\x56\x3f\0\0\x17\x64\0\0\xf0\x06\0\0\x7a\x2b\0\0\x16\x3f\0\0\x09\
\x60\0\0\x18\x07\0\0\x7a\x2b\0\0\0\0\0\0\0\0\0\0\x20\x07\0\0\x7a\x2b\0\0\x99\
\x3f\0\0\x15\x94\0\0\x30\x07\0\0\x7a\x2b\0\0\x99\x3f\0\0\x15\x94\0\0\x40\x07\0\
\0\x7a\x2b\0\0\x99\x3f\0\0\x13\x94\0\0\x60\x07\0\0\x7a\x2b\0\0\0\0\0\0\0\0\0\0\
\x68\x07\0\0\x7a\x2b\0\0\xd0\x3f\0\0\x22\x98\0\0\x88\x07\0\0\x7a\x2b\0\0\xd0\
\x3f\0\0\x22\x98\0\0\x90\x07\0\0\x7a\x2b\0\0\xd0\x3f\0\0\x20\x98\0\0\xc0\x07\0\
\0\x7a\x2b\0\0\0\0\0\0\0\0\0\0\xc8\x07\0\0\x7a\x2b\0\0\x18\x40\0\0\x1b\x9c\0\0\
\xf0\x07\0\0\x7a\x2b\0\0\0\0\0\0\0\0\0\0\xf8\x07\0\0\x7a\x2b\0\0\x18\x40\0\0\
\x1b\x9c\0\0\x08\x08\0\0\x7a\x2b\0\0\x18\x40\0\0\x1b\x9c\0\0\x10\x08\0\0\x7a\
\x2b\0\0\x18\x40\0\0\x19\x9c\0\0\x30\x08\0\0\x7a\x2b\0\0\0\0\0\0\0\0\0\0\x38\
\x08\0\0\x7a\x2b\0\0\x62\x40\0\0\x14\xa0\0\0\x48\x08\0\0\x7a\x2b\0\0\x62\x40\0\
\0\x14\xa0\0\0\x50\x08\0\0\x7a\x2b\0\0\x62\x40\0\0\x12\xa0\0\0\x78\x08\0\0\x7a\
\x2b\0\0\0\0\0\0\0\0\0\0\x80\x08\0\0\x7a\x2b\0\0\x93\x40\0\0\x14\xa8\0\0\xb8\
\x08\0\0\x7a\x2b\0\0\0\0\0\0\0\0\0\0\xc0\x08\0\0\x7a\x2b\0\0\x93\x40\0\0\x14\
\xa8\0\0\xd0\x08\0\0\x7a\x2b\0\0\x93\x40\0\0\x14\xa8\0\0\xd8\x08\0\0\x7a\x2b\0\
\0\x93\x40\0\0\x12\xa8\0\0\xe8\x08\0\0\x7a\x2b\0\0\0\0\0\0\0\0\0\0\xf0\x08\0\0\
\x7a\x2b\0\0\xd2\x40\0\0\x14\xac\0\0\x28\x09\0\0\x7a\x2b\0\0\0\0\0\0\0\0\0\0\
\x30\x09\0\0\x7a\x2b\0\0\xd2\x40\0\0\x14\xac\0\0\x40\x09\0\0\x7a\x2b\0\0\xd2\
\x40\0\0\x14\xac\0\0\x48\x09\0\0\x7a\x2b\0\0\xd2\x40\0\0\x12\xac\0\0\x68\x09\0\
\0\x7a\x2b\0\0\0\0\0\0\0\0\0\0\x70\x09\0\0\x7a\x2b\0\0\x16\x41\0\0\x2a\xb8\0\0\
\xa8\x09\0\0\x7a\x2b\0\0\0\0\0\0\0\0\0\0\xb0\x09\0\0\x7a\x2b\0\0\x16\x41\0\0\
\x2a\xb8\0\0\xc0\x09\0\0\x7a\x2b\0\0\x16\x41\0\0\x2a\xb8\0\0\xd0\x09\0\0\x7a\
\x2b\0\0\0\0\0\0\0\0\0\0\xd8\x09\0\0\x7a\x2b\0\0\xbc\x46\0\0\x28\xbc\0\0\x10\
\x0a\0\0\x7a\x2b\0\0\0\0\0\0\0\0\0\0\x18\x0a\0\0\x7a\x2b\0\0\xbc\x46\0\0\x28\
\xbc\0\0\x28\x0a\0\0\x7a\x2b\0\0\xbc\x46\0\0\x28\xbc\0\0\x30\x0a\0\0\x7a\x2b\0\
\0\x09\x47\0\0\x10\xc0\0\0\x40\x0a\0\0\x7a\x2b\0\0\x09\x47\0\0\x07\xc0\0\0\x50\
\x0a\0\0\x7a\x2b\0\0\0\0\0\0\0\0\0\0\x60\x0a\0\0\x7a\x2b\0\0\x49\x47\0\0\x22\
\xd4\0\0\x68\x0a\0\0\x7a\x2b\0\0\x49\x47\0\0\x03\xd4\0\0\x78\x0a\0\0\x7a\x2b\0\
\0\x93\x47\0\0\x12\xdc\0\0\x88\x0a\0\0\x7a\x2b\0\0\x93\x47\0\0\x07\xdc\0\0\x98\
\x0a\0\0\x7a\x2b\0\0\xd9\x47\0\0\x3c\xe0\0\0\xa8\x0a\0\0\x8d\x04\0\0\x96\x94\0\
\0\x25\x14\x06\0\xc0\x0a\0\0\x8d\x04\0\0\xc3\x94\0\0\x03\x18\x06\0\xe8\x0a\0\0\
\x8d\x04\0\0\x43\x82\0\0\x0c\x30\x06\0\xf8\x0a\0\0\x8d\x04\0\0\0\0\0\0\0\0\0\0\
\0\x0b\0\0\x8d\x04\0\0\x6b\x82\0\0\x07\x38\x06\0\x28\x0b\0\0\x8d\x04\0\0\xbc\
\x98\0\0\x05\x8c\x0a\0\x10\0\0\0\x68\x04\0\0\x1a\0\0\0\x30\0\0\0\x51\0\0\0\x76\
\x2b\0\0\0\0\0\0\xc0\0\0\0\x88\x01\0\0\x76\x2b\0\0\0\0\0\0\x60\x01\0\0\x88\x01\
\0\0\xd3\x2d\0\0\0\0\0\0\xa8\x01\0\0\x90\x01\0\0\x98\x3c\0\0\0\0\0\0\xf0\x01\0\
\0\x91\x01\0\0\xda\x3c\0\0\0\0\0\0\x08\x02\0\0\x90\x01\0\0\xde\x3c\0\0\0\0\0\0\
\x40\x03\0\0\x51\0\0\0\x4b\x3e\0\0\0\0\0\0\x78\x03\0\0\x51\0\0\0\xa0\x3e\0\0\0\
\0\0\0\0\x04\0\0\x51\0\0\0\x4b\x3e\0\0\0\0\0\0\x38\x04\0\0\x51\0\0\0\xa0\x3e\0\
\0\0\0\0\0\x80\x04\0\0\x51\0\0\0\x50\x3f\0\0\0\0\0\0\xf8\x04\0\0\x51\0\0\0\x94\
\x3f\0\0\0\0\0\0\x48\x05\0\0\x51\0\0\0\xca\x3f\0\0\0\0\0\0\x98\x05\0\0\x51\0\0\
\0\xa0\x3e\0\0\0\0\0\0\x58\x06\0\0\x51\0\0\0\x8d\x40\0\0\0\0\0\0\x98\x06\0\0\
\xd3\0\0\0\xcc\x40\0\0\0\0\0\0\x08\x07\0\0\xd3\0\0\0\x0b\x41\0\0\0\0\0\0\x50\
\x07\0\0\x51\0\0\0\x11\x41\0\0\0\0\0\0\x88\x07\0\0\xf3\x01\0\0\xb5\x46\0\0\0\0\
\0\0\xf0\x07\0\0\xf3\x01\0\0\x02\x47\0\0\0\0\0\0\xa0\x08\0\0\x88\x01\0\0\xd3\
\x2d\0\0\0\0\0\0\xe0\x08\0\0\x90\x01\0\0\x98\x3c\0\0\0\0\0\0\x28\x09\0\0\x91\
\x01\0\0\x82\x48\0\0\0\0\0\0\x68\x09\0\0\x91\x01\0\0\xca\x48\0\0\0\0\0\0\xa8\
\x09\0\0\x91\x01\0\0\x18\x49\0\0\0\0\0\0\xd0\x09\0\0\x91\x01\0\0\x18\x49\0\0\0\
\0\0\0\x7f\x49\0\0\x16\0\0\0\0\0\0\0\xdb\x01\0\0\xb1\x49\0\0\0\0\0\0\x58\0\0\0\
\xdb\x01\0\0\x3c\x4a\0\0\0\0\0\0\x90\0\0\0\x27\x02\0\0\x98\x3c\0\0\0\0\0\0\x08\
\x01\0\0\xdb\x01\0\0\x3c\x4a\0\0\0\0\0\0\x40\x01\0\0\x27\x02\0\0\x98\x3c\0\0\0\
\0\0\0\xb8\x01\0\0\x80\x02\0\0\xfb\x80\0\0\0\0\0\0\x90\x02\0\0\xdb\x01\0\0\xbb\
\x81\0\0\0\0\0\0\0\x03\0\0\x90\x01\0\0\x28\x82\0\0\0\0\0\0\x18\x04\0\0\xdb\x01\
\0\0\x0e\x83\0\0\0\0\0\0\x50\x04\0\0\xdb\x01\0\0\x5b\x83\0\0\0\0\0\0\xa8\x04\0\
\0\xa0\x03\0\0\x99\x83\0\0\0\0\0\0\xe8\x04\0\0\xa0\x03\0\0\xf8\x83\0\0\0\0\0\0\
\x28\x05\0\0\xa0\x03\0\0\x32\x84\0\0\0\0\0\0\x70\x05\0\0\xa0\x03\0\0\xda\x3c\0\
\0\0\0\0\0\xe0\x05\0\0\xdb\x01\0\0\x0e\x83\0\0\0\0\0\0\x18\x06\0\0\xdb\x01\0\0\
\x36\x85\0\0\0\0\0\0\x68\x06\0\0\xa5\x03\0\0\x98\x3c\0\0\0\0\0\0\xb8\x06\0\0\
\xa5\x03\0\0\xd3\x2d\0\0\0\0\0\0\x10\x07\0\0\xdb\x01\0\0\x0e\x83\0\0\0\0\0\0\
\x48\x07\0\0\xdb\x01\0\0\x36\x85\0\0\0\0\0\0\x98\x07\0\0\xa6\x03\0\0\x98\x3c\0\
\0\0\0\0\0\xe8\x07\0\0\xa6\x03\0\0\xd3\x2d\0\0\0\0\0\0\x85\x89\0\0\x16\0\0\0\0\
\0\0\0\xdb\x01\0\0\xb1\x49\0\0\0\0\0\0\x58\0\0\0\xdb\x01\0\0\x3c\x4a\0\0\0\0\0\
\0\x90\0\0\0\x27\x02\0\0\x98\x3c\0\0\0\0\0\0\x08\x01\0\0\xdb\x01\0\0\x3c\x4a\0\
\0\0\0\0\0\x40\x01\0\0\x27\x02\0\0\x98\x3c\0\0\0\0\0\0\xb8\x01\0\0\x80\x02\0\0\
\xfb\x80\0\0\0\0\0\0\x90\x02\0\0\xdb\x01\0\0\xbb\x81\0\0\0\0\0\0\0\x03\0\0\x90\
\x01\0\0\x28\x82\0\0\0\0\0\0\x18\x04\0\0\xdb\x01\0\0\x0e\x83\0\0\0\0\0\0\x50\
\x04\0\0\xdb\x01\0\0\x5b\x83\0\0\0\0\0\0\xa8\x04\0\0\xa0\x03\0\0\x99\x83\0\0\0\
\0\0\0\xe8\x04\0\0\xa0\x03\0\0\xf8\x83\0\0\0\0\0\0\x28\x05\0\0\xa0\x03\0\0\x32\
\x84\0\0\0\0\0\0\x70\x05\0\0\xa0\x03\0\0\xda\x3c\0\0\0\0\0\0\xe0\x05\0\0\xdb\
\x01\0\0\x0e\x83\0\0\0\0\0\0\x18\x06\0\0\xdb\x01\0\0\x36\x85\0\0\0\0\0\0\x68\
\x06\0\0\xa5\x03\0\0\x98\x3c\0\0\0\0\0\0\xb8\x06\0\0\xa5\x03\0\0\xd3\x2d\0\0\0\
\0\0\0\x10\x07\0\0\xdb\x01\0\0\x0e\x83\0\0\0\0\0\0\x48\x07\0\0\xdb\x01\0\0\x36\
\x85\0\0\0\0\0\0\x98\x07\0\0\xa6\x03\0\0\x98\x3c\0\0\0\0\0\0\xe8\x07\0\0\xa6\
\x03\0\0\xd3\x2d\0\0\0\0\0\0\x55\x8a\0\0\x1e\0\0\0\0\0\0\0\xdb\x01\0\0\xb1\x49\
\0\0\0\0\0\0\x58\0\0\0\xdb\x01\0\0\x3c\x4a\0\0\0\0\0\0\x90\0\0\0\x27\x02\0\0\
\x98\x3c\0\0\0\0\0\0\x08\x01\0\0\xdb\x01\0\0\x3c\x4a\0\0\0\0\0\0\x40\x01\0\0\
\x27\x02\0\0\x98\x3c\0\0\0\0\0\0\xb8\x01\0\0\x80\x02\0\0\xfb\x80\0\0\0\0\0\0\
\x90\x02\0\0\xdb\x01\0\0\xbb\x81\0\0\0\0\0\0\0\x03\0\0\x90\x01\0\0\x28\x82\0\0\
\0\0\0\0\x18\x04\0\0\xdb\x01\0\0\x0e\x83\0\0\0\0\0\0\x58\x04\0\0\xdb\x01\0\0\
\x5b\x83\0\0\0\0\0\0\xd8\x04\0\0\xab\x03\0\0\xe4\x8a\0\0\0\0\0\0\x30\x05\0\0\
\xab\x03\0\0\x65\x8b\0\0\0\0\0\0\x68\x05\0\0\xab\x03\0\0\xda\x3c\0\0\0\0\0\0\
\x10\x06\0\0\xdb\x01\0\0\xf7\x8b\0\0\0\0\0\0\xd8\x06\0\0\xab\x03\0\0\x76\x2b\0\
\0\0\0\0\0\x48\x07\0\0\xdb\x01\0\0\xc9\x8c\0\0\0\0\0\0\x68\x07\0\0\xdb\x01\0\0\
\x99\x83\0\0\0\0\0\0\x90\x07\0\0\xb0\x03\0\0\xd3\x2d\0\0\0\0\0\0\xd8\x07\0\0\
\xb0\x03\0\0\x98\x3c\0\0\0\0\0\0\xe0\x08\0\0\xdb\x01\0\0\xf7\x8b\0\0\0\0\0\0\
\x28\x0a\0\0\xb0\x03\0\0\xd3\x2d\0\0\0\0\0\0\xb8\x0a\0\0\xdb\x01\0\0\x0e\x83\0\
\0\0\0\0\0\xf8\x0a\0\0\xdb\x01\0\0\x36\x85\0\0\0\0\0\0\x48\x0b\0\0\xa5\x03\0\0\
\x98\x3c\0\0\0\0\0\0\x98\x0b\0\0\xa5\x03\0\0\xd3\x2d\0\0\0\0\0\0\xb8\x0b\0\0\
\xdb\x01\0\0\x0e\x83\0\0\0\0\0\0\xf8\x0b\0\0\xdb\x01\0\0\x36\x85\0\0\0\0\0\0\
\x48\x0c\0\0\xa6\x03\0\0\x98\x3c\0\0\0\0\0\0\x98\x0c\0\0\xa6\x03\0\0\xd3\x2d\0\
\0\0\0\0\0\xf0\x0c\0\0\x90\x01\0\0\xdb\x8f\0\0\0\0\0\0\x2f\x90\0\0\x1e\0\0\0\0\
\0\0\0\xdb\x01\0\0\xb1\x49\0\0\0\0\0\0\x58\0\0\0\xdb\x01\0\0\x3c\x4a\0\0\0\0\0\
\0\x90\0\0\0\x27\x02\0\0\x98\x3c\0\0\0\0\0\0\x08\x01\0\0\xdb\x01\0\0\x3c\x4a\0\
\0\0\0\0\0\x40\x01\0\0\x27\x02\0\0\x98\x3c\0\0\0\0\0\0\xb8\x01\0\0\x80\x02\0\0\
\xfb\x80\0\0\0\0\0\0\x90\x02\0\0\xdb\x01\0\0\xbb\x81\0\0\0\0\0\0\0\x03\0\0\x90\
\x01\0\0\x28\x82\0\0\0\0\0\0\x18\x04\0\0\xdb\x01\0\0\x0e\x83\0\0\0\0\0\0\x58\
\x04\0\0\xdb\x01\0\0\x5b\x83\0\0\0\0\0\0\xd8\x04\0\0\xab\x03\0\0\xe4\x8a\0\0\0\
\0\0\0\x30\x05\0\0\xab\x03\0\0\x65\x8b\0\0\0\0\0\0\x68\x05\0\0\xab\x03\0\0\xda\
\x3c\0\0\0\0\0\0\x10\x06\0\0\xdb\x01\0\0\xf7\x8b\0\0\0\0\0\0\xd8\x06\0\0\xab\
\x03\0\0\x76\x2b\0\0\0\0\0\0\x48\x07\0\0\xdb\x01\0\0\xc9\x8c\0\0\0\0\0\0\x68\
\x07\0\0\xdb\x01\0\0\x99\x83\0\0\0\0\0\0\x90\x07\0\0\xb0\x03\0\0\xd3\x2d\0\0\0\
\0\0\0\xd8\x07\0\0\xb0\x03\0\0\x98\x3c\0\0\0\0\0\0\xe0\x08\0\0\xdb\x01\0\0\xf7\
\x8b\0\0\0\0\0\0\x28\x0a\0\0\xb0\x03\0\0\xd3\x2d\0\0\0\0\0\0\xb8\x0a\0\0\xdb\
\x01\0\0\x0e\x83\0\0\0\0\0\0\xf8\x0a\0\0\xdb\x01\0\0\x36\x85\0\0\0\0\0\0\x48\
\x0b\0\0\xa5\x03\0\0\x98\x3c\0\0\0\0\0\0\x98\x0b\0\0\xa5\x03\0\0\xd3\x2d\0\0\0\
\0\0\0\xb8\x0b\0\0\xdb\x01\0\0\x0e\x83\0\0\0\0\0\0\xf8\x0b\0\0\xdb\x01\0\0\x36\
\x85\0\0\0\0\0\0\x48\x0c\0\0\xa6\x03\0\0\x98\x3c\0\0\0\0\0\0\x98\x0c\0\0\xa6\
\x03\0\0\xd3\x2d\0\0\0\0\0\0\xf0\x0c\0\0\x90\x01\0\0\xdb\x8f\0\0\0\0\0\0\xa0\
\x90\0\0\x20\0\0\0\xb8\0\0\0\x88\x01\0\0\x76\x2b\0\0\0\0\0\0\xf8\0\0\0\x90\x01\
\0\0\x98\x3c\0\0\0\0\0\0\x38\x01\0\0\x91\x01\0\0\xda\x3c\0\0\0\0\0\0\x48\x01\0\
\0\x88\x01\0\0\xd3\x2d\0\0\0\0\0\0\xb0\x01\0\0\x90\x01\0\0\xde\x3c\0\0\0\0\0\0\
\0\x03\0\0\x91\x01\0\0\xa1\x92\0\0\0\0\0\0\x10\x03\0\0\x91\x01\0\0\xca\x48\0\0\
\0\0\0\0\x28\x03\0\0\x91\x01\0\0\x18\x49\0\0\0\0\0\0\x50\x03\0\0\x91\x01\0\0\
\x18\x49\0\0\0\0\0\0\x70\x03\0\0\x91\x01\0\0\x18\x93\0\0\0\0\0\0\x88\x03\0\0\
\x91\x01\0\0\x18\x93\0\0\0\0\0\0\xb8\x03\0\0\x91\x01\0\0\x86\x93\0\0\0\0\0\0\
\xc8\x03\0\0\x91\x01\0\0\x82\x48\0\0\0\0\0\0\x80\x06\0\0\x88\x01\0\0\x76\x2b\0\
\0\0\0\0\0\xb8\x06\0\0\x88\x01\0\0\xd3\x2d\0\0\0\0\0\0\xf8\x06\0\0\x90\x01\0\0\
\x98\x3c\0\0\0\0\0\0\x40\x07\0\0\x91\x01\0\0\xda\x3c\0\0\0\0\0\0\x50\x07\0\0\
\x90\x01\0\0\xde\x3c\0\0\0\0\0\0\xd8\x08\0\0\x51\0\0\0\x4b\x3e\0\0\0\0\0\0\x10\
\x09\0\0\x51\0\0\0\xa0\x3e\0\0\0\0\0\0\x98\x09\0\0\x51\0\0\0\x4b\x3e\0\0\0\0\0\
\0\xd0\x09\0\0\x51\0\0\0\xa0\x3e\0\0\0\0\0\0\x18\x0a\0\0\x51\0\0\0\x50\x3f\0\0\
\0\0\0\0\x90\x0a\0\0\x51\0\0\0\x94\x3f\0\0\0\0\0\0\xe0\x0a\0\0\x51\0\0\0\xca\
\x3f\0\0\0\0\0\0\x28\x0b\0\0\x51\0\0\0\xa0\x3e\0\0\0\0\0\0\xe8\x0b\0\0\x51\0\0\
\0\x8d\x40\0\0\0\0\0\0\x28\x0c\0\0\xd3\0\0\0\xcc\x40\0\0\0\0\0\0\x98\x0c\0\0\
\xd3\0\0\0\x0b\x41\0\0\0\0\0\0\xe0\x0c\0\0\x51\0\0\0\x11\x41\0\0\0\0\0\0\x18\
\x0d\0\0\xf3\x01\0\0\xb5\x46\0\0\0\0\0\0\x80\x0d\0\0\xf3\x01\0\0\x02\x47\0\0\0\
\0\0\0\x79\x95\0\0\x20\0\0\0\xb8\0\0\0\x88\x01\0\0\x76\x2b\0\0\0\0\0\0\xf8\0\0\
\0\x90\x01\0\0\x98\x3c\0\0\0\0\0\0\x38\x01\0\0\x91\x01\0\0\xda\x3c\0\0\0\0\0\0\
\x48\x01\0\0\x88\x01\0\0\xd3\x2d\0\0\0\0\0\0\xb0\x01\0\0\x90\x01\0\0\xde\x3c\0\
\0\0\0\0\0\0\x03\0\0\x91\x01\0\0\xa1\x92\0\0\0\0\0\0\x10\x03\0\0\x91\x01\0\0\
\xca\x48\0\0\0\0\0\0\x28\x03\0\0\x91\x01\0\0\x18\x49\0\0\0\0\0\0\x50\x03\0\0\
\x91\x01\0\0\x18\x49\0\0\0\0\0\0\x70\x03\0\0\x91\x01\0\0\x18\x93\0\0\0\0\0\0\
\x88\x03\0\0\x91\x01\0\0\x18\x93\0\0\0\0\0\0\xb8\x03\0\0\x91\x01\0\0\x86\x93\0\
\0\0\0\0\0\xc8\x03\0\0\x91\x01\0\0\x82\x48\0\0\0\0\0\0\x80\x06\0\0\x88\x01\0\0\
\x76\x2b\0\0\0\0\0\0\xb8\x06\0\0\x88\x01\0\0\xd3\x2d\0\0\0\0\0\0\xf8\x06\0\0\
\x90\x01\0\0\x98\x3c\0\0\0\0\0\0\x40\x07\0\0\x91\x01\0\0\xda\x3c\0\0\0\0\0\0\
\x50\x07\0\0\x90\x01\0\0\xde\x3c\0\0\0\0\0\0\xe0\x08\0\0\x51\0\0\0\x4b\x3e\0\0\
\0\0\0\0\x18\x09\0\0\x51\0\0\0\xa0\x3e\0\0\0\0\0\0\xa0\x09\0\0\x51\0\0\0\x4b\
\x3e\0\0\0\0\0\0\xd8\x09\0\0\x51\0\0\0\xa0\x3e\0\0\0\0\0\0\x20\x0a\0\0\x51\0\0\
\0\x50\x3f\0\0\0\0\0\0\x98\x0a\0\0\x51\0\0\0\x94\x3f\0\0\0\0\0\0\xe8\x0a\0\0\
\x51\0\0\0\xca\x3f\0\0\0\0\0\0\x30\x0b\0\0\x51\0\0\0\xa0\x3e\0\0\0\0\0\0\xf0\
\x0b\0\0\x51\0\0\0\x8d\x40\0\0\0\0\0\0\x30\x0c\0\0\xd3\0\0\0\xcc\x40\0\0\0\0\0\
\0\xa0\x0c\0\0\xd3\0\0\0\x0b\x41\0\0\0\0\0\0\xe8\x0c\0\0\x51\0\0\0\x11\x41\0\0\
\0\0\0\0\x20\x0d\0\0\xf3\x01\0\0\xb5\x46\0\0\0\0\0\0\x88\x0d\0\0\xf3\x01\0\0\
\x02\x47\0\0\0\0\0\0\xda\x97\0\0\x13\0\0\0\0\0\0\0\x88\x01\0\0\x76\x2b\0\0\0\0\
\0\0\x18\x03\0\0\x88\x01\0\0\xd3\x2d\0\0\0\0\0\0\x60\x03\0\0\x90\x01\0\0\x98\
\x3c\0\0\0\0\0\0\xa8\x03\0\0\x91\x01\0\0\xda\x3c\0\0\0\0\0\0\xc0\x03\0\0\x90\
\x01\0\0\xde\x3c\0\0\0\0\0\0\x58\x05\0\0\x51\0\0\0\x4b\x3e\0\0\0\0\0\0\x90\x05\
\0\0\x51\0\0\0\xa0\x3e\0\0\0\0\0\0\x18\x06\0\0\x51\0\0\0\x4b\x3e\0\0\0\0\0\0\
\x50\x06\0\0\x51\0\0\0\xa0\x3e\0\0\0\0\0\0\x98\x06\0\0\x51\0\0\0\x50\x3f\0\0\0\
\0\0\0\x10\x07\0\0\x51\0\0\0\x94\x3f\0\0\0\0\0\0\x60\x07\0\0\x51\0\0\0\xca\x3f\
\0\0\0\0\0\0\xb0\x07\0\0\x51\0\0\0\xa0\x3e\0\0\0\0\0\0\x70\x08\0\0\x51\0\0\0\
\x8d\x40\0\0\0\0\0\0\xb0\x08\0\0\xd3\0\0\0\xcc\x40\0\0\0\0\0\0\x20\x09\0\0\xd3\
\0\0\0\x0b\x41\0\0\0\0\0\0\x68\x09\0\0\x51\0\0\0\x11\x41\0\0\0\0\0\0\xa0\x09\0\
\0\xf3\x01\0\0\xb5\x46\0\0\0\0\0\0\x08\x0a\0\0\xf3\x01\0\0\x02\x47\0\0\0\0\0\0\
\x96\x98\0\0\x13\0\0\0\xb0\x02\0\0\x88\x01\0\0\x76\x2b\0\0\0\0\0\0\xe8\x02\0\0\
\x88\x01\0\0\xd3\x2d\0\0\0\0\0\0\x30\x03\0\0\x90\x01\0\0\x98\x3c\0\0\0\0\0\0\
\x78\x03\0\0\x91\x01\0\0\xda\x3c\0\0\0\0\0\0\x90\x03\0\0\x90\x01\0\0\xde\x3c\0\
\0\0\0\0\0\x40\x05\0\0\x51\0\0\0\x4b\x3e\0\0\0\0\0\0\x78\x05\0\0\x51\0\0\0\xa0\
\x3e\0\0\0\0\0\0\0\x06\0\0\x51\0\0\0\x4b\x3e\0\0\0\0\0\0\x38\x06\0\0\x51\0\0\0\
\xa0\x3e\0\0\0\0\0\0\x80\x06\0\0\x51\0\0\0\x50\x3f\0\0\0\0\0\0\xf8\x06\0\0\x51\
\0\0\0\x94\x3f\0\0\0\0\0\0\x48\x07\0\0\x51\0\0\0\xca\x3f\0\0\0\0\0\0\x98\x07\0\
\0\x51\0\0\0\xa0\x3e\0\0\0\0\0\0\x58\x08\0\0\x51\0\0\0\x8d\x40\0\0\0\0\0\0\x98\
\x08\0\0\xd3\0\0\0\xcc\x40\0\0\0\0\0\0\x08\x09\0\0\xd3\0\0\0\x0b\x41\0\0\0\0\0\
\0\x50\x09\0\0\x51\0\0\0\x11\x41\0\0\0\0\0\0\x88\x09\0\0\xf3\x01\0\0\xb5\x46\0\
\0\0\0\0\0\xf0\x09\0\0\xf3\x01\0\0\x02\x47\0\0\0\0\0\0\0\0\0\0\0\0\0\0\0\0\0\0\
\0\0\0\0\0\0\0\0\0\0\0\0\0\0\0\0\x03\0\x03\0\0\0\0\0\0\0\0\0\0\0\0\0\0\0\0\0\
\x76\x0b\0\0\0\0\x03\0\x18\x0a\0\0\0\0\0\0\0\0\0\0\0\0\0\0\x46\x07\0\0\0\0\x03\
\0\x80\x02\0\0\0\0\0\0\0\0\0\0\0\0\0\0\x8b\x09\0\0\0\0\x03\0\xd8\x02\0\0\0\0\0\
\0\0\0\0\0\0\0\0\0\xe4\x0a\0\0\0\0\x03\0\x30\x03\0\0\0\0\0\0\0\0\0\0\0\0\0\0\
\x30\x05\0\0\0\0\x03\0\x90\x02\0\0\0\0\0\0\0\0\0\0\0\0\0\0\xbf\x05\0\0\0\0\x03\
\0\xc8\x02\0\0\0\0\0\0\0\0\0\0\0\0\0\0\x71\x06\0\0\0\0\x03\0\x18\x03\0\0\0\0\0\
\0\0\0\0\0\0\0\0\0\xec\x0a\0\0\0\0\x03\0\xa8\x02\0\0\0\0\0\0\0\0\0\0\0\0\0\0\
\x27\x08\0\0\0\0\x03\0\xe8\x02\0\0\0\0\0\0\0\0\0\0\0\0\0\0\xae\x0b\0\0\0\0\x03\
\0\x28\x03\0\0\0\0\0\0\0\0\0\0\0\0\0\0\xac\x0a\0\0\0\0\x03\0\x28\x0a\0\0\0\0\0\
\0\0\0\0\0\0\0\0\0\x63\x09\0\0\0\0\x03\0\xf8\x03\0\0\0\0\0\0\0\0\0\0\0\0\0\0\
\x16\x0a\0\0\0\0\x03\0\xc8\x03\0\0\0\0\0\0\0\0\0\0\0\0\0\0\x0f\x08\0\0\0\0\x03\
\0\xf8\x04\0\0\0\0\0\0\0\0\0\0\0\0\0\0\xe3\x06\0\0\0\0\x03\0\x50\x08\0\0\0\0\0\
\0\0\0\0\0\0\0\0\0\x87\x05\0\0\0\0\x03\0\xa0\x08\0\0\0\0\0\0\0\0\0\0\0\0\0\0\0\
\0\0\0\x03\0\x05\0\0\0\0\0\0\0\0\0\0\0\0\0\0\0\0\0\xaf\x09\0\0\0\0\x05\0\xd0\0\
\0\0\0\0\0\0\0\0\0\0\0\0\0\0\xc0\x07\0\0\0\0\x05\0\xb8\x01\0\0\0\0\0\0\0\0\0\0\
\0\0\0\0\x2b\x01\0\0\x01\0\x19\0\0\0\0\0\0\0\0\0\x50\0\0\0\0\0\0\0\xea\x05\0\0\
\0\0\x05\0\x90\x02\0\0\0\0\0\0\0\0\0\0\0\0\0\0\x9c\x06\0\0\0\0\x05\0\x48\x02\0\
\0\0\0\0\0\0\0\0\0\0\0\0\0\xf4\x0a\0\0\x01\0\x19\0\x50\0\0\0\0\0\0\0\x42\0\0\0\
\0\0\0\0\x6e\x0b\0\0\0\0\x05\0\x28\x0e\0\0\0\0\0\0\0\0\0\0\0\0\0\0\x46\x0a\0\0\
\0\0\x05\0\xc8\x06\0\0\0\0\0\0\0\0\0\0\0\0\0\0\xeb\x08\0\0\0\0\x05\0\xf0\x06\0\
\0\0\0\0\0\0\0\0\0\0\0\0\0\x69\x06\0\0\0\0\x05\0\xd0\x05\0\0\0\0\0\0\0\0\0\0\0\
\0\0\0\xb7\x05\0\0\0\0\x05\0\x40\x08\0\0\0\0\0\0\0\0\0\0\0\0\0\0\x13\x07\0\0\0\
\0\x05\0\xf0\x07\0\0\0\0\0\0\0\0\0\0\0\0\0\0\x95\x07\0\0\0\0\x05\0\0\x07\0\0\0\
\0\0\0\0\0\0\0\0\0\0\0\x1f\x08\0\0\0\0\x05\0\xe0\x06\0\0\0\0\0\0\0\0\0\0\0\0\0\
\0\xa6\x0b\0\0\0\0\x05\0\x48\x08\0\0\0\0\0\0\0\0\0\0\0\0\0\0\xdc\x0a\0\0\0\0\
\x05\0\x50\x08\0\0\0\0\0\0\0\0\0\0\0\0\0\0\x5b\x09\0\0\0\0\x05\0\xa8\x08\0\0\0\
\0\0\0\0\0\0\0\0\0\0\0\x7f\x05\0\0\0\0\x05\0\x20\x0e\0\0\0\0\0\0\0\0\0\0\0\0\0\
\0\x07\x08\0\0\0\0\x05\0\x10\x09\0\0\0\0\0\0\0\0\0\0\0\0\0\0\x14\0\0\0\x01\0\
\x19\0\x92\0\0\0\0\0\0\0\x3d\0\0\0\0\0\0\0\x39\x06\0\0\0\0\x05\0\x18\x0e\0\0\0\
\0\0\0\0\0\0\0\0\0\0\0\x4e\x0a\0\0\x01\0\x19\0\xcf\0\0\0\0\0\0\0\x3c\0\0\0\0\0\
\0\0\0\0\0\0\x03\0\x07\0\0\0\0\0\0\0\0\0\0\0\0\0\0\0\0\0\xa8\x09\0\0\0\0\x07\0\
\xd0\0\0\0\0\0\0\0\0\0\0\0\0\0\0\0\xb9\x07\0\0\0\0\x07\0\xb8\x01\0\0\0\0\0\0\0\
\0\0\0\0\0\0\0\xe3\x05\0\0\0\0\x07\0\x90\x02\0\0\0\0\0\0\0\0\0\0\0\0\0\0\x95\
\x06\0\0\0\0\x07\0\x48\x02\0\0\0\0\0\0\0\0\0\0\0\0\0\0\x66\x0b\0\0\0\0\x07\0\
\x30\x0e\0\0\0\0\0\0\0\0\0\0\0\0\0\0\x3e\x0a\0\0\0\0\x07\0\xc8\x06\0\0\0\0\0\0\
\0\0\0\0\0\0\0\0\xe3\x08\0\0\0\0\x07\0\xf0\x06\0\0\0\0\0\0\0\0\0\0\0\0\0\0\x61\
\x06\0\0\0\0\x07\0\xd0\x05\0\0\0\0\0\0\0\0\0\0\0\0\0\0\xaf\x05\0\0\0\0\x07\0\
\x40\x08\0\0\0\0\0\0\0\0\0\0\0\0\0\0\x0b\x07\0\0\0\0\x07\0\xf0\x07\0\0\0\0\0\0\
\0\0\0\0\0\0\0\0\x8d\x07\0\0\0\0\x07\0\0\x07\0\0\0\0\0\0\0\0\0\0\0\0\0\0\x17\
\x08\0\0\0\0\x07\0\xe0\x06\0\0\0\0\0\0\0\0\0\0\0\0\0\0\x9e\x0b\0\0\0\0\x07\0\
\x48\x08\0\0\0\0\0\0\0\0\0\0\0\0\0\0\xd4\x0a\0\0\0\0\x07\0\x50\x08\0\0\0\0\0\0\
\0\0\0\0\0\0\0\0\x53\x09\0\0\0\0\x07\0\xa8\x08\0\0\0\0\0\0\0\0\0\0\0\0\0\0\x77\
\x05\0\0\0\0\x07\0\x28\x0e\0\0\0\0\0\0\0\0\0\0\0\0\0\0\xff\x07\0\0\0\0\x07\0\
\x10\x09\0\0\0\0\0\0\0\0\0\0\0\0\0\0\x31\x06\0\0\0\0\x07\0\x20\x0e\0\0\0\0\0\0\
\0\0\0\0\0\0\0\0\0\0\0\0\x03\0\x09\0\0\0\0\0\0\0\0\0\0\0\0\0\0\0\0\0\xa1\x09\0\
\0\0\0\x09\0\xd0\0\0\0\0\0\0\0\0\0\0\0\0\0\0\0\xb2\x07\0\0\0\0\x09\0\xb8\x01\0\
\0\0\0\0\0\0\0\0\0\0\0\0\0\xdc\x05\0\0\0\0\x09\0\x90\x02\0\0\0\0\0\0\0\0\0\0\0\
\0\0\0\x8e\x06\0\0\0\0\x09\0\x48\x02\0\0\0\0\0\0\0\0\0\0\0\0\0\0\x73\x08\0\0\0\
\0\x09\0\x40\x13\0\0\0\0\0\0\0\0\0\0\0\0\0\0\xce\x0b\0\0\0\0\x09\0\x58\x08\0\0\
\0\0\0\0\0\0\0\0\0\0\0\0\x96\x0b\0\0\0\0\x09\0\x88\x07\0\0\0\0\0\0\0\0\0\0\0\0\
\0\0\xcc\x0a\0\0\0\0\x09\0\xd0\x07\0\0\0\0\0\0\0\0\0\0\0\0\0\0\x0e\x0a\0\0\0\0\
\x09\0\xd8\x07\0\0\0\0\0\0\0\0\0\0\0\0\0\0\xab\x08\0\0\0\0\x09\0\x78\x0a\0\0\0\
\0\0\0\0\0\0\0\0\0\0\0\x83\x09\0\0\0\0\x09\0\xb8\x08\0\0\0\0\0\0\0\0\0\0\0\0\0\
\0\x4b\x09\0\0\0\0\x09\0\x70\x0a\0\0\0\0\0\0\0\0\0\0\0\0\0\0\xdb\x08\0\0\0\0\
\x09\0\xc8\x08\0\0\0\0\0\0\0\0\0\0\0\0\0\0\x85\x07\0\0\0\0\x09\0\xd8\x09\0\0\0\
\0\0\0\0\0\0\0\0\0\0\0\x2b\x09\0\0\0\0\x09\0\x48\x0d\0\0\0\0\0\0\0\0\0\0\0\0\0\
\0\x03\x07\0\0\0\0\x09\0\0\x0a\0\0\0\0\0\0\0\0\0\0\0\0\0\0\x29\x06\0\0\0\0\x09\
\0\xa8\x0a\0\0\0\0\0\0\0\0\0\0\0\0\0\0\x5e\x0b\0\0\0\0\x09\0\xa8\x0b\0\0\0\0\0\
\0\0\0\0\0\0\0\0\0\xa4\x0a\0\0\0\0\x09\0\xf0\x0c\0\0\0\0\0\0\0\0\0\0\0\0\0\0\
\x8b\x08\0\0\0\0\x09\0\x50\x0d\0\0\0\0\0\0\0\0\0\0\0\0\0\0\x6f\x05\0\0\0\0\x09\
\0\xa0\x0c\0\0\0\0\0\0\0\0\0\0\0\0\0\0\xf7\x07\0\0\0\0\x09\0\x58\x0d\0\0\0\0\0\
\0\0\0\0\0\0\0\0\0\xcb\x06\0\0\0\0\x09\0\xb8\x0d\0\0\0\0\0\0\0\0\0\0\0\0\0\0\
\x13\x09\0\0\0\0\x09\0\x38\x13\0\0\0\0\0\0\0\0\0\0\0\0\0\0\x47\x05\0\0\0\0\x09\
\0\x20\x0e\0\0\0\0\0\0\0\0\0\0\0\0\0\0\xd6\x09\0\0\0\0\x09\0\x30\x13\0\0\0\0\0\
\0\0\0\0\0\0\0\0\0\0\0\0\0\x03\0\x0b\0\0\0\0\0\0\0\0\0\0\0\0\0\0\0\0\0\x9a\x09\
\0\0\0\0\x0b\0\xd0\0\0\0\0\0\0\0\0\0\0\0\0\0\0\0\xab\x07\0\0\0\0\x0b\0\xb8\x01\
\0\0\0\0\0\0\0\0\0\0\0\0\0\0\xd5\x05\0\0\0\0\x0b\0\x90\x02\0\0\0\0\0\0\0\0\0\0\
\0\0\0\0\x87\x06\0\0\0\0\x0b\0\x48\x02\0\0\0\0\0\0\0\0\0\0\0\0\0\0\x6b\x08\0\0\
\0\0\x0b\0\x38\x13\0\0\0\0\0\0\0\0\0\0\0\0\0\0\xc6\x0b\0\0\0\0\x0b\0\x58\x08\0\
\0\0\0\0\0\0\0\0\0\0\0\0\0\x8e\x0b\0\0\0\0\x0b\0\x88\x07\0\0\0\0\0\0\0\0\0\0\0\
\0\0\0\xc4\x0a\0\0\0\0\x0b\0\xd0\x07\0\0\0\0\0\0\0\0\0\0\0\0\0\0\x06\x0a\0\0\0\
\0\x0b\0\xd8\x07\0\0\0\0\0\0\0\0\0\0\0\0\0\0\xa3\x08\0\0\0\0\x0b\0\x78\x0a\0\0\
\0\0\0\0\0\0\0\0\0\0\0\0\x7b\x09\0\0\0\0\x0b\0\xb8\x08\0\0\0\0\0\0\0\0\0\0\0\0\
\0\0\x43\x09\0\0\0\0\x0b\0\x70\x0a\0\0\0\0\0\0\0\0\0\0\0\0\0\0\xd3\x08\0\0\0\0\
\x0b\0\xc8\x08\0\0\0\0\0\0\0\0\0\0\0\0\0\0\x7d\x07\0\0\0\0\x0b\0\xd8\x09\0\0\0\
\0\0\0\0\0\0\0\0\0\0\0\x23\x09\0\0\0\0\x0b\0\x48\x0d\0\0\0\0\0\0\0\0\0\0\0\0\0\
\0\xfb\x06\0\0\0\0\x0b\0\0\x0a\0\0\0\0\0\0\0\0\0\0\0\0\0\0\x21\x06\0\0\0\0\x0b\
\0\xa8\x0a\0\0\0\0\0\0\0\0\0\0\0\0\0\0\x56\x0b\0\0\0\0\x0b\0\xa8\x0b\0\0\0\0\0\
\0\0\0\0\0\0\0\0\0\x9c\x0a\0\0\0\0\x0b\0\xf0\x0c\0\0\0\0\0\0\0\0\0\0\0\0\0\0\
\x83\x08\0\0\0\0\x0b\0\x50\x0d\0\0\0\0\0\0\0\0\0\0\0\0\0\0\x67\x05\0\0\0\0\x0b\
\0\xa0\x0c\0\0\0\0\0\0\0\0\0\0\0\0\0\0\xef\x07\0\0\0\0\x0b\0\x58\x0d\0\0\0\0\0\
\0\0\0\0\0\0\0\0\0\xc3\x06\0\0\0\0\x0b\0\xb8\x0d\0\0\0\0\0\0\0\0\0\0\0\0\0\0\
\x0b\x09\0\0\0\0\x0b\0\x30\x13\0\0\0\0\0\0\0\0\0\0\0\0\0\0\x3f\x05\0\0\0\0\x0b\
\0\x20\x0e\0\0\0\0\0\0\0\0\0\0\0\0\0\0\xce\x09\0\0\0\0\x0b\0\x28\x13\0\0\0\0\0\
\0\0\0\0\0\0\0\0\0\0\0\0\0\x03\0\x0d\0\0\0\0\0\0\0\0\0\0\0\0\0\0\0\0\0\x53\x08\
\0\0\0\0\x0d\0\xc0\x0e\0\0\0\0\0\0\0\0\0\0\0\0\0\0\x44\x08\0\0\0\0\x0d\0\x28\
\x02\0\0\0\0\0\0\0\0\0\0\0\0\0\0\x80\x06\0\0\0\0\x0d\0\x80\x02\0\0\0\0\0\0\0\0\
\0\0\0\0\0\0\xa7\x05\0\0\0\0\x0d\0\xd8\x02\0\0\0\0\0\0\0\0\0\0\0\0\0\0\xcb\x08\
\0\0\0\0\x0d\0\x38\x02\0\0\0\0\0\0\0\0\0\0\0\0\0\0\x73\x09\0\0\0\0\x0d\0\x70\
\x02\0\0\0\0\0\0\0\0\0\0\0\0\0\0\x36\x0a\0\0\0\0\x0d\0\xc0\x02\0\0\0\0\0\0\0\0\
\0\0\0\0\0\0\x75\x07\0\0\0\0\x0d\0\x50\x02\0\0\0\0\0\0\0\0\0\0\0\0\0\0\x29\x05\
\0\0\0\0\x0d\0\x90\x02\0\0\0\0\0\0\0\0\0\0\0\0\0\0\x59\x06\0\0\0\0\x0d\0\xd0\
\x02\0\0\0\0\0\0\0\0\0\0\0\0\0\0\x2e\x0b\0\0\0\0\x0d\0\x40\x14\0\0\0\0\0\0\0\0\
\0\0\0\0\0\0\xfe\x09\0\0\0\0\x0d\0\x28\x03\0\0\0\0\0\0\0\0\0\0\0\0\0\0\x3b\x09\
\0\0\0\0\x0d\0\xa8\x03\0\0\0\0\0\0\0\0\0\0\0\0\0\0\xdb\x06\0\0\0\0\x0d\0\xc8\
\x07\0\0\0\0\0\0\0\0\0\0\0\0\0\0\x19\x06\0\0\0\0\x0d\0\x18\x08\0\0\0\0\0\0\0\0\
\0\0\0\0\0\0\xe7\x07\0\0\0\0\x0d\0\x70\x08\0\0\0\0\0\0\0\0\0\0\0\0\0\0\x03\x09\
\0\0\0\0\x0d\0\xc8\x08\0\0\0\0\0\0\0\0\0\0\0\0\0\0\x94\x0a\0\0\0\0\x0d\0\x28\
\x08\0\0\0\0\0\0\0\0\0\0\0\0\0\0\x30\0\0\0\x01\0\x19\0\x88\x01\0\0\0\0\0\0\x58\
\0\0\0\0\0\0\0\x51\0\0\0\x01\0\x19\0\x0b\x01\0\0\0\0\0\0\x36\0\0\0\0\0\0\0\xf3\
\x08\0\0\0\0\x0d\0\xb8\x0e\0\0\0\0\0\0\0\0\0\0\0\0\0\0\x8c\x0a\0\0\0\0\x0d\0\
\x60\x08\0\0\0\0\0\0\0\0\0\0\0\0\0\0\x3e\x0b\0\0\0\0\x0d\0\xb0\x08\0\0\0\0\0\0\
\0\0\0\0\0\0\0\0\x1b\x09\0\0\0\0\x0d\0\x40\x08\0\0\0\0\0\0\0\0\0\0\0\0\0\0\xbb\
\x06\0\0\0\0\x0d\0\x80\x08\0\0\0\0\0\0\0\0\0\0\0\0\0\0\xc6\x09\0\0\0\0\x0d\0\
\xc0\x08\0\0\0\0\0\0\0\0\0\0\0\0\0\0\x74\x0a\0\0\0\0\x0d\0\x50\x14\0\0\0\0\0\0\
\0\0\0\0\0\0\0\0\xdf\x07\0\0\0\0\x0d\0\x90\x09\0\0\0\0\0\0\0\0\0\0\0\0\0\0\x63\
\x08\0\0\0\0\x0d\0\x60\x09\0\0\0\0\0\0\0\0\0\0\0\0\0\0\xb3\x06\0\0\0\0\x0d\0\
\x90\x0a\0\0\0\0\0\0\0\0\0\0\0\0\0\0\x37\x05\0\0\0\0\x0d\0\xe0\x0d\0\0\0\0\0\0\
\0\0\0\0\0\0\0\0\x7c\x0a\0\0\0\0\x0d\0\x28\x0e\0\0\0\0\0\0\0\0\0\0\0\0\0\0\xcf\
\x07\0\0\0\0\x0d\0\xd0\x0e\0\0\0\0\0\0\0\0\0\0\0\0\0\0\x1b\x07\0\0\x01\0\x19\0\
\x41\x01\0\0\0\0\0\0\x47\0\0\0\0\0\0\0\xab\x06\0\0\0\0\x0d\0\x30\x0f\0\0\0\0\0\
\0\0\0\0\0\0\0\0\0\0\0\0\0\x03\0\x0f\0\0\0\0\0\0\0\0\0\0\0\0\0\0\0\0\0\x4b\x08\
\0\0\0\0\x0f\0\xb8\x0e\0\0\0\0\0\0\0\0\0\0\0\0\0\0\x3d\x08\0\0\0\0\x0f\0\x28\
\x02\0\0\0\0\0\0\0\0\0\0\0\0\0\0\x79\x06\0\0\0\0\x0f\0\x80\x02\0\0\0\0\0\0\0\0\
\0\0\0\0\0\0\x9f\x05\0\0\0\0\x0f\0\xd8\x02\0\0\0\0\0\0\0\0\0\0\0\0\0\0\xc3\x08\
\0\0\0\0\x0f\0\x38\x02\0\0\0\0\0\0\0\0\0\0\0\0\0\0\x6b\x09\0\0\0\0\x0f\0\x70\
\x02\0\0\0\0\0\0\0\0\0\0\0\0\0\0\x2e\x0a\0\0\0\0\x0f\0\xc0\x02\0\0\0\0\0\0\0\0\
\0\0\0\0\0\0\x6d\x07\0\0\0\0\x0f\0\x50\x02\0\0\0\0\0\0\0\0\0\0\0\0\0\0\x22\x05\
\0\0\0\0\x0f\0\x90\x02\0\0\0\0\0\0\0\0\0\0\0\0\0\0\x51\x06\0\0\0\0\x0f\0\xd0\
\x02\0\0\0\0\0\0\0\0\0\0\0\0\0\0\x26\x0b\0\0\0\0\x0f\0\x40\x14\0\0\0\0\0\0\0\0\
\0\0\0\0\0\0\xf6\x09\0\0\0\0\x0f\0\x28\x03\0\0\0\0\0\0\0\0\0\0\0\0\0\0\x33\x09\
\0\0\0\0\x0f\0\xa8\x03\0\0\0\0\0\0\0\0\0\0\0\0\0\0\xd3\x06\0\0\0\0\x0f\0\xc8\
\x07\0\0\0\0\0\0\0\0\0\0\0\0\0\0\x5f\x05\0\0\0\0\x0f\0\x20\x08\0\0\0\0\0\0\0\0\
\0\0\0\0\0\0\x55\x07\0\0\0\0\x0f\0\x78\x08\0\0\0\0\0\0\0\0\0\0\0\0\0\0\x5b\x08\
\0\0\0\0\x0f\0\xd0\x08\0\0\0\0\0\0\0\0\0\0\0\0\0\0\xde\x09\0\0\0\0\x0f\0\x30\
\x08\0\0\0\0\0\0\0\0\0\0\0\0\0\0\x7a\0\0\0\x01\0\x19\0\xe0\x01\0\0\0\0\0\0\x35\
\0\0\0\0\0\0\0\x11\x06\0\0\0\0\x0f\0\x10\x08\0\0\0\0\0\0\0\0\0\0\0\0\0\0\xbe\
\x09\0\0\0\0\x0f\0\x68\x08\0\0\0\0\0\0\0\0\0\0\0\0\0\0\x84\x0a\0\0\0\0\x0f\0\
\xb8\x08\0\0\0\0\0\0\0\0\0\0\0\0\0\0\x7b\x08\0\0\0\0\x0f\0\x48\x08\0\0\0\0\0\0\
\0\0\0\0\0\0\0\0\xf9\x05\0\0\0\0\x0f\0\x88\x08\0\0\0\0\0\0\0\0\0\0\0\0\0\0\xfb\
\x08\0\0\0\0\x0f\0\xc8\x08\0\0\0\0\0\0\0\0\0\0\0\0\0\0\x6c\x0a\0\0\0\0\x0f\0\
\x50\x14\0\0\0\0\0\0\0\0\0\0\0\0\0\0\x4d\x07\0\0\0\0\x0f\0\x98\x09\0\0\0\0\0\0\
\0\0\0\0\0\0\0\0\xd7\x07\0\0\0\0\x0f\0\x68\x09\0\0\0\0\0\0\0\0\0\0\0\0\0\0\xf1\
\x05\0\0\0\0\x0f\0\x98\x0a\0\0\0\0\0\0\0\0\0\0\0\0\0\0\x36\x0b\0\0\0\0\x0f\0\
\xe8\x0d\0\0\0\0\0\0\0\0\0\0\0\0\0\0\xb6\x09\0\0\0\0\x0f\0\x30\x0e\0\0\0\0\0\0\
\0\0\0\0\0\0\0\0\xc7\x07\0\0\0\0\x0f\0\xc8\x0e\0\0\0\0\0\0\0\0\0\0\0\0\0\0\xa3\
\x06\0\0\0\0\x0f\0\x28\x0f\0\0\0\0\0\0\0\0\0\0\0\0\0\0\0\0\0\0\x03\0\x11\0\0\0\
\0\0\0\0\0\0\0\0\0\0\0\0\0\0\x93\x09\0\0\0\0\x11\0\x68\0\0\0\0\0\0\0\0\0\0\0\0\
\0\0\0\0\x01\0\0\x01\0\x19\0\x15\x02\0\0\0\0\0\0\x34\0\0\0\0\0\0\0\0\0\0\0\x03\
\0\x13\0\0\0\0\0\0\0\0\0\0\0\0\0\0\0\0\0\x36\x08\0\0\0\0\x13\0\x38\x04\0\0\0\0\
\0\0\0\0\0\0\0\0\0\0\xa4\x07\0\0\0\0\x13\0\x90\x04\0\0\0\0\0\0\0\0\0\0\0\0\0\0\
\x26\x0a\0\0\0\0\x13\0\xe8\x04\0\0\0\0\0\0\0\0\0\0\0\0\0\0\x86\x0b\0\0\0\0\x13\
\0\x40\x05\0\0\0\0\0\0\0\0\0\0\0\0\0\0\xce\x05\0\0\0\0\x13\0\xa0\x04\0\0\0\0\0\
\0\0\0\0\0\0\0\0\0\xd5\0\0\0\x01\0\x19\0\x49\x02\0\0\0\0\0\0\x37\0\0\0\0\0\0\0\
\x57\x05\0\0\0\0\x13\0\x40\x0b\0\0\0\0\0\0\0\0\0\0\0\0\0\0\x49\x06\0\0\0\0\x13\
\0\xd8\x04\0\0\0\0\0\0\0\0\0\0\0\0\0\0\xf3\x06\0\0\0\0\x13\0\x28\x05\0\0\0\0\0\
\0\0\0\0\0\0\0\0\0\xbe\x0b\0\0\0\0\x13\0\xb8\x04\0\0\0\0\0\0\0\0\0\0\0\0\0\0\
\xbb\x08\0\0\0\0\x13\0\xf8\x04\0\0\0\0\0\0\0\0\0\0\0\0\0\0\x97\x05\0\0\0\0\x13\
\0\x38\x05\0\0\0\0\0\0\0\0\0\0\0\0\0\0\x4e\x0b\0\0\0\0\x13\0\x50\x0b\0\0\0\0\0\
\0\0\0\0\0\0\0\0\0\xee\x09\0\0\0\0\x13\0\x10\x06\0\0\0\0\0\0\0\0\0\0\0\0\0\0\
\xbc\x0a\0\0\0\0\x13\0\xe0\x05\0\0\0\0\0\0\0\0\0\0\0\0\0\0\x9b\x08\0\0\0\0\x13\
\0\x10\x07\0\0\0\0\0\0\0\0\0\0\0\0\0\0\x65\x07\0\0\0\0\x13\0\x68\x0a\0\0\0\0\0\
\0\0\0\0\0\0\0\0\0\x09\x06\0\0\0\0\x13\0\xb8\x0a\0\0\0\0\0\0\0\0\0\0\0\0\0\0\0\
\0\0\0\x03\0\x15\0\0\0\0\0\0\0\0\0\0\0\0\0\0\0\0\0\x2f\x08\0\0\0\0\x15\0\x10\
\x04\0\0\0\0\0\0\0\0\0\0\0\0\0\0\x9d\x07\0\0\0\0\x15\0\x68\x04\0\0\0\0\0\0\0\0\
\0\0\0\0\0\0\x1e\x0a\0\0\0\0\x15\0\xd0\x04\0\0\0\0\0\0\0\0\0\0\0\0\0\0\x7e\x0b\
\0\0\0\0\x15\0\x30\x05\0\0\0\0\0\0\0\0\0\0\0\0\0\0\xc7\x05\0\0\0\0\x15\0\x80\
\x04\0\0\0\0\0\0\0\0\0\0\0\0\0\0\xab\0\0\0\x01\0\x19\0\x80\x02\0\0\0\0\0\0\x37\
\0\0\0\0\0\0\0\x4f\x05\0\0\0\0\x15\0\xe8\x0a\0\0\0\0\0\0\0\0\0\0\0\0\0\0\x41\
\x06\0\0\0\0\x15\0\xb8\x04\0\0\0\0\0\0\0\0\0\0\0\0\0\0\xeb\x06\0\0\0\0\x15\0\
\x18\x05\0\0\0\0\0\0\0\0\0\0\0\0\0\0\xb6\x0b\0\0\0\0\x15\0\x98\x04\0\0\0\0\0\0\
\0\0\0\0\0\0\0\0\xb3\x08\0\0\0\0\x15\0\xe8\x04\0\0\0\0\0\0\0\0\0\0\0\0\0\0\x8f\
\x05\0\0\0\0\x15\0\x28\x05\0\0\0\0\0\0\0\0\0\0\0\0\0\0\x46\x0b\0\0\0\0\x15\0\
\x38\x0b\0\0\0\0\0\0\0\0\0\0\0\0\0\0\xe6\x09\0\0\0\0\x15\0\xf8\x05\0\0\0\0\0\0\
\0\0\0\0\0\0\0\0\xb4\x0a\0\0\0\0\x15\0\xc8\x05\0\0\0\0\0\0\0\0\0\0\0\0\0\0\x93\
\x08\0\0\0\0\x15\0\xf8\x06\0\0\0\0\0\0\0\0\0\0\0\0\0\0\x5d\x07\0\0\0\0\x15\0\
\x50\x0a\0\0\0\0\0\0\0\0\0\0\0\0\0\0\x01\x06\0\0\0\0\x15\0\xa0\x0a\0\0\0\0\0\0\
\0\0\0\0\0\0\0\0\0\0\0\0\x03\0\x19\0\0\0\0\0\0\0\0\0\0\0\0\0\0\0\0\0\0\0\0\0\
\x03\0\x1a\0\0\0\0\0\0\0\0\0\0\0\0\0\0\0\0\0\xaf\x04\0\0\x12\0\x03\0\0\0\0\0\0\
\0\0\0\x38\x0a\0\0\0\0\0\0\xf6\x04\0\0\x11\0\x18\0\0\0\0\0\0\0\0\0\x10\0\0\0\0\
\0\0\0\x1b\x03\0\0\x12\0\x05\0\0\0\0\0\0\0\0\0\x30\x0e\0\0\0\0\0\0\xc4\x02\0\0\
\x11\0\x18\0\x30\0\0\0\0\0\0\0\x20\0\0\0\0\0\0\0\x74\x04\0\0\x11\0\x18\0\x70\0\
\0\0\0\0\0\0\x20\0\0\0\0\0\0\0\x5e\x04\0\0\x11\0\x18\0\x10\0\0\0\0\0\0\0\x20\0\
\0\0\0\0\0\0\xd5\x04\0\0\x11\0\x18\0\xb0\0\0\0\0\0\0\0\x20\0\0\0\0\0\0\0\x86\
\x04\0\0\x11\0\x18\0\x50\0\0\0\0\0\0\0\x20\0\0\0\0\0\0\0\x92\x01\0\0\x12\0\x07\
\0\0\0\0\0\0\0\0\0\x38\x0e\0\0\0\0\0\0\x39\x04\0\0\x12\0\x09\0\0\0\0\0\0\0\0\0\
\x48\x13\0\0\0\0\0\0\x4c\x01\0\0\x12\0\x0b\0\0\0\0\0\0\0\0\0\x40\x13\0\0\0\0\0\
\0\xda\x01\0\0\x12\0\x0d\0\0\0\0\0\0\0\0\0\x60\x14\0\0\0\0\0\0\x92\x04\0\0\x11\
\0\x18\0\x90\0\0\0\0\0\0\0\x20\0\0\0\0\0\0\0\x28\x02\0\0\x12\0\x0f\0\0\0\0\0\0\
\0\0\0\x60\x14\0\0\0\0\0\0\xe9\x03\0\0\x12\0\x11\0\0\0\0\0\0\0\0\0\x78\0\0\0\0\
\0\0\0\x9f\x03\0\0\x12\0\x13\0\0\0\0\0\0\0\0\0\x60\x0b\0\0\0\0\0\0\xa0\x02\0\0\
\x12\0\x15\0\0\0\0\0\0\0\0\0\x48\x0b\0\0\0\0\0\0\x1a\x05\0\0\x11\0\x17\0\0\0\0\
\0\0\0\0\0\x0d\0\0\0\0\0\0\0\x80\0\0\0\0\0\0\0\x01\0\0\0\xe4\0\0\0\x90\x01\0\0\
\0\0\0\0\x01\0\0\0\xe1\0\0\0\x10\x02\0\0\0\0\0\0\x01\0\0\0\xe1\0\0\0\x58\x02\0\
\0\0\0\0\0\x01\0\0\0\xe6\0\0\0\x70\x03\0\0\0\0\0\0\x01\0\0\0\xe7\0\0\0\x60\x08\
\0\0\0\0\0\0\x01\0\0\0\xe8\0\0\0\xc8\x08\0\0\0\0\0\0\x01\0\0\0\xe9\0\0\0\xf0\
\x08\0\0\0\0\0\0\x01\0\0\0\xe1\0\0\0\x50\x09\0\0\0\0\0\0\x01\0\0\0\xea\0\0\0\
\xd0\x0d\0\0\0\0\0\0\x01\0\0\0\xe8\0\0\0\0\x0e\0\0\0\0\0\0\x01\0\0\0\xe1\0\0\0\
\x90\x01\0\0\0\0\0\0\x01\0\0\0\xe1\0\0\0\x10\x02\0\0\0\0\0\0\x01\0\0\0\xe1\0\0\
\0\x58\x02\0\0\0\0\0\0\x01\0\0\0\xe6\0\0\0\x70\x03\0\0\0\0\0\0\x01\0\0\0\xe7\0\
\0\0\x60\x08\0\0\0\0\0\0\x01\0\0\0\xe8\0\0\0\xc8\x08\0\0\0\0\0\0\x01\0\0\0\xe9\
\0\0\0\xf0\x08\0\0\0\0\0\0\x01\0\0\0\xe1\0\0\0\x58\x09\0\0\0\0\0\0\x01\0\0\0\
\xea\0\0\0\xd8\x0d\0\0\0\0\0\0\x01\0\0\0\xe8\0\0\0\x08\x0e\0\0\0\0\0\0\x01\0\0\
\0\xe1\0\0\0\x90\x01\0\0\0\0\0\0\x01\0\0\0\xe1\0\0\0\x10\x02\0\0\0\0\0\0\x01\0\
\0\0\xe1\0\0\0\x58\x02\0\0\0\0\0\0\x01\0\0\0\xe6\0\0\0\x70\x03\0\0\0\0\0\0\x01\
\0\0\0\xe7\0\0\0\x70\x0d\0\0\0\0\0\0\x01\0\0\0\xe8\0\0\0\xd8\x0d\0\0\0\0\0\0\
\x01\0\0\0\xe9\0\0\0\0\x0e\0\0\0\0\0\0\x01\0\0\0\xe1\0\0\0\x68\x0e\0\0\0\0\0\0\
\x01\0\0\0\xea\0\0\0\xe8\x12\0\0\0\0\0\0\x01\0\0\0\xe8\0\0\0\x18\x13\0\0\0\0\0\
\0\x01\0\0\0\xe1\0\0\0\x90\x01\0\0\0\0\0\0\x01\0\0\0\xe1\0\0\0\x10\x02\0\0\0\0\
\0\0\x01\0\0\0\xe1\0\0\0\x58\x02\0\0\0\0\0\0\x01\0\0\0\xe6\0\0\0\x70\x03\0\0\0\
\0\0\0\x01\0\0\0\xe7\0\0\0\x70\x0d\0\0\0\0\0\0\x01\0\0\0\xe8\0\0\0\xd8\x0d\0\0\
\0\0\0\0\x01\0\0\0\xe9\0\0\0\0\x0e\0\0\0\0\0\0\x01\0\0\0\xe1\0\0\0\x60\x0e\0\0\
\0\0\0\0\x01\0\0\0\xea\0\0\0\xe0\x12\0\0\0\0\0\0\x01\0\0\0\xe8\0\0\0\x10\x13\0\
\0\0\0\0\0\x01\0\0\0\xe1\0\0\0\x90\0\0\0\0\0\0\0\x01\0\0\0\xe7\0\0\0\0\x04\0\0\
\0\0\0\0\x01\0\0\0\xef\0\0\0\xc8\x07\0\0\0\0\0\0\x01\0\0\0\xe1\0\0\0\xe0\x07\0\
\0\0\0\0\0\x01\0\0\0\xe2\0\0\0\xf8\x07\0\0\0\0\0\0\x01\0\0\0\xe1\0\0\0\x48\x0e\
\0\0\0\0\0\0\x01\0\0\0\xea\0\0\0\x80\x0e\0\0\0\0\0\0\x01\0\0\0\xe8\0\0\0\xa0\
\x0e\0\0\0\0\0\0\x01\0\0\0\xe1\0\0\0\xe8\x0e\0\0\0\0\0\0\x01\0\0\0\xe9\0\0\0\
\x10\x0f\0\0\0\0\0\0\x01\0\0\0\xe1\0\0\0\x70\x0f\0\0\0\0\0\0\x01\0\0\0\xea\0\0\
\0\xf0\x13\0\0\0\0\0\0\x01\0\0\0\xe8\0\0\0\x20\x14\0\0\0\0\0\0\x01\0\0\0\xe1\0\
\0\0\x90\0\0\0\0\0\0\0\x01\0\0\0\xe7\0\0\0\0\x04\0\0\0\0\0\0\x01\0\0\0\xef\0\0\
\0\xc8\x07\0\0\0\0\0\0\x01\0\0\0\xe1\0\0\0\xe0\x07\0\0\0\0\0\0\x01\0\0\0\xe2\0\
\0\0\xf8\x07\0\0\0\0\0\0\x01\0\0\0\xe1\0\0\0\x58\x0e\0\0\0\0\0\0\x01\0\0\0\xea\
\0\0\0\x90\x0e\0\0\0\0\0\0\x01\0\0\0\xe8\0\0\0\xe0\x0e\0\0\0\0\0\0\x01\0\0\0\
\xe9\0\0\0\x08\x0f\0\0\0\0\0\0\x01\0\0\0\xe1\0\0\0\x70\x0f\0\0\0\0\0\0\x01\0\0\
\0\xea\0\0\0\xf0\x13\0\0\0\0\0\0\x01\0\0\0\xe8\0\0\0\x20\x14\0\0\0\0\0\0\x01\0\
\0\0\xe1\0\0\0\x20\0\0\0\0\0\0\0\x01\0\0\0\xe7\0\0\0\x48\0\0\0\0\0\0\0\x01\0\0\
\0\xe1\0\0\0\x70\0\0\0\0\0\0\0\x01\0\0\0\xef\0\0\0\x38\x04\0\0\0\0\0\0\x01\0\0\
\0\xe1\0\0\0\x50\x04\0\0\0\0\0\0\x01\0\0\0\xe2\0\0\0\x68\x04\0\0\0\0\0\0\x01\0\
\0\0\xe1\0\0\0\xd8\x0a\0\0\0\0\0\0\x01\0\0\0\xea\0\0\0\x18\x0b\0\0\0\0\0\0\x01\
\0\0\0\xe7\0\0\0\x30\0\0\0\0\0\0\0\x01\0\0\0\xef\0\0\0\x10\x04\0\0\0\0\0\0\x01\
\0\0\0\xe1\0\0\0\x28\x04\0\0\0\0\0\0\x01\0\0\0\xe2\0\0\0\x40\x04\0\0\0\0\0\0\
\x01\0\0\0\xe1\0\0\0\xc0\x0a\0\0\0\0\0\0\x01\0\0\0\xea\0\0\0\0\x0b\0\0\0\0\0\0\
\x01\0\0\0\xe7\0\0\0\x08\xac\0\0\0\0\0\0\x04\0\0\0\xe4\0\0\0\x14\xac\0\0\0\0\0\
\0\x04\0\0\0\xe8\0\0\0\x20\xac\0\0\0\0\0\0\x04\0\0\0\xe6\0\0\0\x2c\xac\0\0\0\0\
\0\0\x04\0\0\0\xea\0\0\0\x38\xac\0\0\0\0\0\0\x04\0\0\0\xe7\0\0\0\x44\xac\0\0\0\
\0\0\0\x04\0\0\0\xef\0\0\0\x50\xac\0\0\0\0\0\0\x04\0\0\0\xe9\0\0\0\x68\xac\0\0\
\0\0\0\0\x03\0\0\0\xe1\0\0\0\x74\xac\0\0\0\0\0\0\x03\0\0\0\xe1\0\0\0\x80\xac\0\
\0\0\0\0\0\x03\0\0\0\xe1\0\0\0\x8c\xac\0\0\0\0\0\0\x03\0\0\0\xe1\0\0\0\x98\xac\
\0\0\0\0\0\0\x03\0\0\0\xe1\0\0\0\xa4\xac\0\0\0\0\0\0\x03\0\0\0\xe1\0\0\0\xb0\
\xac\0\0\0\0\0\0\x03\0\0\0\xe1\0\0\0\xbc\xac\0\0\0\0\0\0\x03\0\0\0\xe1\0\0\0\
\xc8\xac\0\0\0\0\0\0\x03\0\0\0\xe1\0\0\0\xd4\xac\0\0\0\0\0\0\x03\0\0\0\xe1\0\0\
\0\xe0\xac\0\0\0\0\0\0\x03\0\0\0\xe1\0\0\0\xf8\xac\0\0\0\0\0\0\x03\0\0\0\xf4\0\
\0\0\x2c\0\0\0\0\0\0\0\x04\0\0\0\x01\0\0\0\x3c\0\0\0\0\0\0\0\x04\0\0\0\x12\0\0\
\0\x4c\0\0\0\0\0\0\0\x04\0\0\0\x29\0\0\0\x5c\0\0\0\0\0\0\0\x04\0\0\0\x3c\0\0\0\
\x6c\0\0\0\0\0\0\0\x04\0\0\0\x57\0\0\0\x7c\0\0\0\0\0\0\0\x04\0\0\0\x72\0\0\0\
\x8c\0\0\0\0\0\0\0\x04\0\0\0\x96\0\0\0\x9c\0\0\0\0\0\0\0\x04\0\0\0\xb8\0\0\0\
\xac\0\0\0\0\0\0\0\x04\0\0\0\xbb\0\0\0\xbc\0\0\0\0\0\0\0\x04\0\0\0\xce\0\0\0\
\xd0\0\0\0\0\0\0\0\x04\0\0\0\x01\0\0\0\xe0\0\0\0\0\0\0\0\x04\0\0\0\x01\0\0\0\
\xf0\0\0\0\0\0\0\0\x04\0\0\0\x01\0\0\0\0\x01\0\0\0\0\0\0\x04\0\0\0\x01\0\0\0\
\x10\x01\0\0\0\0\0\0\x04\0\0\0\x01\0\0\0\x20\x01\0\0\0\0\0\0\x04\0\0\0\x01\0\0\
\0\x30\x01\0\0\0\0\0\0\x04\0\0\0\x01\0\0\0\x40\x01\0\0\0\0\0\0\x04\0\0\0\x01\0\
\0\0\x50\x01\0\0\0\0\0\0\x04\0\0\0\x01\0\0\0\x60\x01\0\0\0\0\0\0\x04\0\0\0\x01\
\0\0\0\x70\x01\0\0\0\0\0\0\x04\0\0\0\x01\0\0\0\x80\x01\0\0\0\0\0\0\x04\0\0\0\
\x01\0\0\0\x90\x01\0\0\0\0\0\0\x04\0\0\0\x01\0\0\0\xa0\x01\0\0\0\0\0\0\x04\0\0\
\0\x01\0\0\0\xb0\x01\0\0\0\0\0\0\x04\0\0\0\x01\0\0\0\xc0\x01\0\0\0\0\0\0\x04\0\
\0\0\x01\0\0\0\xd0\x01\0\0\0\0\0\0\x04\0\0\0\x01\0\0\0\xe0\x01\0\0\0\0\0\0\x04\
\0\0\0\x01\0\0\0\xf0\x01\0\0\0\0\0\0\x04\0\0\0\x01\0\0\0\0\x02\0\0\0\0\0\0\x04\
\0\0\0\x01\0\0\0\x10\x02\0\0\0\0\0\0\x04\0\0\0\x01\0\0\0\x20\x02\0\0\0\0\0\0\
\x04\0\0\0\x01\0\0\0\x30\x02\0\0\0\0\0\0\x04\0\0\0\x01\0\0\0\x40\x02\0\0\0\0\0\
\0\x04\0\0\0\x01\0\0\0\x50\x02\0\0\0\0\0\0\x04\0\0\0\x01\0\0\0\x60\x02\0\0\0\0\
\0\0\x04\0\0\0\x01\0\0\0\x70\x02\0\0\0\0\0\0\x04\0\0\0\x01\0\0\0\x80\x02\0\0\0\
\0\0\0\x04\0\0\0\x01\0\0\0\x90\x02\0\0\0\0\0\0\x04\0\0\0\x01\0\0\0\xa0\x02\0\0\
\0\0\0\0\x04\0\0\0\x01\0\0\0\xb0\x02\0\0\0\0\0\0\x04\0\0\0\x01\0\0\0\xc0\x02\0\
\0\0\0\0\0\x04\0\0\0\x01\0\0\0\xd0\x02\0\0\0\0\0\0\x04\0\0\0\x01\0\0\0\xe0\x02\
\0\0\0\0\0\0\x04\0\0\0\x01\0\0\0\xf0\x02\0\0\0\0\0\0\x04\0\0\0\x01\0\0\0\0\x03\
\0\0\0\0\0\0\x04\0\0\0\x01\0\0\0\x10\x03\0\0\0\0\0\0\x04\0\0\0\x01\0\0\0\x20\
\x03\0\0\0\0\0\0\x04\0\0\0\x01\0\0\0\x30\x03\0\0\0\0\0\0\x04\0\0\0\x01\0\0\0\
\x40\x03\0\0\0\0\0\0\x04\0\0\0\x01\0\0\0\x50\x03\0\0\0\0\0\0\x04\0\0\0\x01\0\0\
\0\x60\x03\0\0\0\0\0\0\x04\0\0\0\x01\0\0\0\x70\x03\0\0\0\0\0\0\x04\0\0\0\x01\0\
\0\0\x80\x03\0\0\0\0\0\0\x04\0\0\0\x01\0\0\0\x90\x03\0\0\0\0\0\0\x04\0\0\0\x01\
\0\0\0\xa0\x03\0\0\0\0\0\0\x04\0\0\0\x01\0\0\0\xb0\x03\0\0\0\0\0\0\x04\0\0\0\
\x01\0\0\0\xc0\x03\0\0\0\0\0\0\x04\0\0\0\x01\0\0\0\xd0\x03\0\0\0\0\0\0\x04\0\0\
\0\x01\0\0\0\xe0\x03\0\0\0\0\0\0\x04\0\0\0\x01\0\0\0\xf0\x03\0\0\0\0\0\0\x04\0\
\0\0\x01\0\0\0\0\x04\0\0\0\0\0\0\x04\0\0\0\x01\0\0\0\x10\x04\0\0\0\0\0\0\x04\0\
\0\0\x01\0\0\0\x20\x04\0\0\0\0\0\0\x04\0\0\0\x01\0\0\0\x30\x04\0\0\0\0\0\0\x04\
\0\0\0\x01\0\0\0\x40\x04\0\0\0\0\0\0\x04\0\0\0\x01\0\0\0\x50\x04\0\0\0\0\0\0\
\x04\0\0\0\x01\0\0\0\x60\x04\0\0\0\0\0\0\x04\0\0\0\x01\0\0\0\x70\x04\0\0\0\0\0\
\0\x04\0\0\0\x01\0\0\0\x80\x04\0\0\0\0\0\0\x04\0\0\0\x01\0\0\0\x90\x04\0\0\0\0\
\0\0\x04\0\0\0\x01\0\0\0\xa0\x04\0\0\0\0\0\0\x04\0\0\0\x01\0\0\0\xb0\x04\0\0\0\
\0\0\0\x04\0\0\0\x01\0\0\0\xc0\x04\0\0\0\0\0\0\x04\0\0\0\x01\0\0\0\xd0\x04\0\0\
\0\0\0\0\x04\0\0\0\x01\0\0\0\xe0\x04\0\0\0\0\0\0\x04\0\0\0\x01\0\0\0\xf0\x04\0\
\0\0\0\0\0\x04\0\0\0\x01\0\0\0\0\x05\0\0\0\0\0\0\x04\0\0\0\x01\0\0\0\x10\x05\0\
\0\0\0\0\0\x04\0\0\0\x01\0\0\0\x20\x05\0\0\0\0\0\0\x04\0\0\0\x01\0\0\0\x30\x05\
\0\0\0\0\0\0\x04\0\0\0\x01\0\0\0\x40\x05\0\0\0\0\0\0\x04\0\0\0\x01\0\0\0\x50\
\x05\0\0\0\0\0\0\x04\0\0\0\x01\0\0\0\x60\x05\0\0\0\0\0\0\x04\0\0\0\x01\0\0\0\
\x70\x05\0\0\0\0\0\0\x04\0\0\0\x01\0\0\0\x80\x05\0\0\0\0\0\0\x04\0\0\0\x01\0\0\
\0\x90\x05\0\0\0\0\0\0\x04\0\0\0\x01\0\0\0\xa0\x05\0\0\0\0\0\0\x04\0\0\0\x01\0\
\0\0\xb0\x05\0\0\0\0\0\0\x04\0\0\0\x01\0\0\0\xc0\x05\0\0\0\0\0\0\x04\0\0\0\x01\
\0\0\0\xd0\x05\0\0\0\0\0\0\x04\0\0\0\x01\0\0\0\xe0\x05\0\0\0\0\0\0\x04\0\0\0\
\x01\0\0\0\xf0\x05\0\0\0\0\0\0\x04\0\0\0\x01\0\0\0\0\x06\0\0\0\0\0\0\x04\0\0\0\
\x01\0\0\0\x10\x06\0\0\0\0\0\0\x04\0\0\0\x01\0\0\0\x20\x06\0\0\0\0\0\0\x04\0\0\
\0\x01\0\0\0\x30\x06\0\0\0\0\0\0\x04\0\0\0\x01\0\0\0\x40\x06\0\0\0\0\0\0\x04\0\
\0\0\x01\0\0\0\x50\x06\0\0\0\0\0\0\x04\0\0\0\x01\0\0\0\x60\x06\0\0\0\0\0\0\x04\
\0\0\0\x01\0\0\0\x70\x06\0\0\0\0\0\0\x04\0\0\0\x01\0\0\0\x80\x06\0\0\0\0\0\0\
\x04\0\0\0\x01\0\0\0\x90\x06\0\0\0\0\0\0\x04\0\0\0\x01\0\0\0\xa0\x06\0\0\0\0\0\
\0\x04\0\0\0\x01\0\0\0\xb0\x06\0\0\0\0\0\0\x04\0\0\0\x01\0\0\0\xc0\x06\0\0\0\0\
\0\0\x04\0\0\0\x01\0\0\0\xd0\x06\0\0\0\0\0\0\x04\0\0\0\x01\0\0\0\xe0\x06\0\0\0\
\0\0\0\x04\0\0\0\x01\0\0\0\xf0\x06\0\0\0\0\0\0\x04\0\0\0\x01\0\0\0\0\x07\0\0\0\
\0\0\0\x04\0\0\0\x01\0\0\0\x10\x07\0\0\0\0\0\0\x04\0\0\0\x01\0\0\0\x20\x07\0\0\
\0\0\0\0\x04\0\0\0\x01\0\0\0\x30\x07\0\0\0\0\0\0\x04\0\0\0\x01\0\0\0\x40\x07\0\
\0\0\0\0\0\x04\0\0\0\x01\0\0\0\x50\x07\0\0\0\0\0\0\x04\0\0\0\x01\0\0\0\x60\x07\
\0\0\0\0\0\0\x04\0\0\0\x01\0\0\0\x70\x07\0\0\0\0\0\0\x04\0\0\0\x01\0\0\0\x80\
\x07\0\0\0\0\0\0\x04\0\0\0\x01\0\0\0\x90\x07\0\0\0\0\0\0\x04\0\0\0\x01\0\0\0\
\xa0\x07\0\0\0\0\0\0\x04\0\0\0\x01\0\0\0\xb0\x07\0\0\0\0\0\0\x04\0\0\0\x01\0\0\
\0\xc0\x07\0\0\0\0\0\0\x04\0\0\0\x01\0\0\0\xd0\x07\0\0\0\0\0\0\x04\0\0\0\x01\0\
\0\0\xe0\x07\0\0\0\0\0\0\x04\0\0\0\x01\0\0\0\xf0\x07\0\0\0\0\0\0\x04\0\0\0\x01\
\0\0\0\0\x08\0\0\0\0\0\0\x04\0\0\0\x01\0\0\0\x10\x08\0\0\0\0\0\0\x04\0\0\0\x01\
\0\0\0\x20\x08\0\0\0\0\0\0\x04\0\0\0\x01\0\0\0\x30\x08\0\0\0\0\0\0\x04\0\0\0\
\x01\0\0\0\x40\x08\0\0\0\0\0\0\x04\0\0\0\x01\0\0\0\x50\x08\0\0\0\0\0\0\x04\0\0\
\0\x01\0\0\0\x68\x08\0\0\0\0\0\0\x04\0\0\0\x12\0\0\0\x78\x08\0\0\0\0\0\0\x04\0\
\0\0\x12\0\0\0\x88\x08\0\0\0\0\0\0\x04\0\0\0\x12\0\0\0\x98\x08\0\0\0\0\0\0\x04\
\0\0\0\x12\0\0\0\xa8\x08\0\0\0\0\0\0\x04\0\0\0\x12\0\0\0\xb8\x08\0\0\0\0\0\0\
\x04\0\0\0\x12\0\0\0\xc8\x08\0\0\0\0\0\0\x04\0\0\0\x12\0\0\0\xd8\x08\0\0\0\0\0\
\0\x04\0\0\0\x12\0\0\0\xe8\x08\0\0\0\0\0\0\x04\0\0\0\x12\0\0\0\xf8\x08\0\0\0\0\
\0\0\x04\0\0\0\x12\0\0\0\x08\x09\0\0\0\0\0\0\x04\0\0\0\x12\0\0\0\x18\x09\0\0\0\
\0\0\0\x04\0\0\0\x12\0\0\0\x28\x09\0\0\0\0\0\0\x04\0\0\0\x12\0\0\0\x38\x09\0\0\
\0\0\0\0\x04\0\0\0\x12\0\0\0\x48\x09\0\0\0\0\0\0\x04\0\0\0\x12\0\0\0\x58\x09\0\
\0\0\0\0\0\x04\0\0\0\x12\0\0\0\x68\x09\0\0\0\0\0\0\x04\0\0\0\x12\0\0\0\x78\x09\
\0\0\0\0\0\0\x04\0\0\0\x12\0\0\0\x88\x09\0\0\0\0\0\0\x04\0\0\0\x12\0\0\0\x98\
\x09\0\0\0\0\0\0\x04\0\0\0\x12\0\0\0\xa8\x09\0\0\0\0\0\0\x04\0\0\0\x12\0\0\0\
\xb8\x09\0\0\0\0\0\0\x04\0\0\0\x12\0\0\0\xc8\x09\0\0\0\0\0\0\x04\0\0\0\x12\0\0\
\0\xd8\x09\0\0\0\0\0\0\x04\0\0\0\x12\0\0\0\xe8\x09\0\0\0\0\0\0\x04\0\0\0\x12\0\
\0\0\xf8\x09\0\0\0\0\0\0\x04\0\0\0\x12\0\0\0\x08\x0a\0\0\0\0\0\0\x04\0\0\0\x12\
\0\0\0\x18\x0a\0\0\0\0\0\0\x04\0\0\0\x12\0\0\0\x28\x0a\0\0\0\0\0\0\x04\0\0\0\
\x12\0\0\0\x38\x0a\0\0\0\0\0\0\x04\0\0\0\x12\0\0\0\x48\x0a\0\0\0\0\0\0\x04\0\0\
\0\x12\0\0\0\x58\x0a\0\0\0\0\0\0\x04\0\0\0\x12\0\0\0\x68\x0a\0\0\0\0\0\0\x04\0\
\0\0\x12\0\0\0\x78\x0a\0\0\0\0\0\0\x04\0\0\0\x12\0\0\0\x88\x0a\0\0\0\0\0\0\x04\
\0\0\0\x12\0\0\0\x98\x0a\0\0\0\0\0\0\x04\0\0\0\x12\0\0\0\xa8\x0a\0\0\0\0\0\0\
\x04\0\0\0\x12\0\0\0\xb8\x0a\0\0\0\0\0\0\x04\0\0\0\x12\0\0\0\xc8\x0a\0\0\0\0\0\
\0\x04\0\0\0\x12\0\0\0\xd8\x0a\0\0\0\0\0\0\x04\0\0\0\x12\0\0\0\xe8\x0a\0\0\0\0\
\0\0\x04\0\0\0\x12\0\0\0\xf8\x0a\0\0\0\0\0\0\x04\0\0\0\x12\0\0\0\x08\x0b\0\0\0\
\0\0\0\x04\0\0\0\x12\0\0\0\x18\x0b\0\0\0\0\0\0\x04\0\0\0\x12\0\0\0\x28\x0b\0\0\
\0\0\0\0\x04\0\0\0\x12\0\0\0\x38\x0b\0\0\0\0\0\0\x04\0\0\0\x12\0\0\0\x48\x0b\0\
\0\0\0\0\0\x04\0\0\0\x12\0\0\0\x58\x0b\0\0\0\0\0\0\x04\0\0\0\x12\0\0\0\x68\x0b\
\0\0\0\0\0\0\x04\0\0\0\x12\0\0\0\x78\x0b\0\0\0\0\0\0\x04\0\0\0\x12\0\0\0\x88\
\x0b\0\0\0\0\0\0\x04\0\0\0\x12\0\0\0\x98\x0b\0\0\0\0\0\0\x04\0\0\0\x12\0\0\0\
\xa8\x0b\0\0\0\0\0\0\x04\0\0\0\x12\0\0\0\xb8\x0b\0\0\0\0\0\0\x04\0\0\0\x12\0\0\
\0\xc8\x0b\0\0\0\0\0\0\x04\0\0\0\x12\0\0\0\xd8\x0b\0\0\0\0\0\0\x04\0\0\0\x12\0\
\0\0\xe8\x0b\0\0\0\0\0\0\x04\0\0\0\x12\0\0\0\xf8\x0b\0\0\0\0\0\0\x04\0\0\0\x12\
\0\0\0\x08\x0c\0\0\0\0\0\0\x04\0\0\0\x12\0\0\0\x18\x0c\0\0\0\0\0\0\x04\0\0\0\
\x12\0\0\0\x28\x0c\0\0\0\0\0\0\x04\0\0\0\x12\0\0\0\x38\x0c\0\0\0\0\0\0\x04\0\0\
\0\x12\0\0\0\x48\x0c\0\0\0\0\0\0\x04\0\0\0\x12\0\0\0\x58\x0c\0\0\0\0\0\0\x04\0\
\0\0\x12\0\0\0\x68\x0c\0\0\0\0\0\0\x04\0\0\0\x12\0\0\0\x78\x0c\0\0\0\0\0\0\x04\
\0\0\0\x12\0\0\0\x88\x0c\0\0\0\0\0\0\x04\0\0\0\x12\0\0\0\x98\x0c\0\0\0\0\0\0\
\x04\0\0\0\x12\0\0\0\xa8\x0c\0\0\0\0\0\0\x04\0\0\0\x12\0\0\0\xb8\x0c\0\0\0\0\0\
\0\x04\0\0\0\x12\0\0\0\xc8\x0c\0\0\0\0\0\0\x04\0\0\0\x12\0\0\0\xd8\x0c\0\0\0\0\
\0\0\x04\0\0\0\x12\0\0\0\xe8\x0c\0\0\0\0\0\0\x04\0\0\0\x12\0\0\0\xf8\x0c\0\0\0\
\0\0\0\x04\0\0\0\x12\0\0\0\x08\x0d\0\0\0\0\0\0\x04\0\0\0\x12\0\0\0\x18\x0d\0\0\
\0\0\0\0\x04\0\0\0\x12\0\0\0\x28\x0d\0\0\0\0\0\0\x04\0\0\0\x12\0\0\0\x38\x0d\0\
\0\0\0\0\0\x04\0\0\0\x12\0\0\0\x48\x0d\0\0\0\0\0\0\x04\0\0\0\x12\0\0\0\x58\x0d\
\0\0\0\0\0\0\x04\0\0\0\x12\0\0\0\x68\x0d\0\0\0\0\0\0\x04\0\0\0\x12\0\0\0\x78\
\x0d\0\0\0\0\0\0\x04\0\0\0\x12\0\0\0\x88\x0d\0\0\0\0\0\0\x04\0\0\0\x12\0\0\0\
\x98\x0d\0\0\0\0\0\0\x04\0\0\0\x12\0\0\0\xa8\x0d\0\0\0\0\0\0\x04\0\0\0\x12\0\0\
\0\xb8\x0d\0\0\0\0\0\0\x04\0\0\0\x12\0\0\0\xc8\x0d\0\0\0\0\0\0\x04\0\0\0\x12\0\
\0\0\xd8\x0d\0\0\0\0\0\0\x04\0\0\0\x12\0\0\0\xe8\x0d\0\0\0\0\0\0\x04\0\0\0\x12\
\0\0\0\xf8\x0d\0\0\0\0\0\0\x04\0\0\0\x12\0\0\0\x08\x0e\0\0\0\0\0\0\x04\0\0\0\
\x12\0\0\0\x18\x0e\0\0\0\0\0\0\x04\0\0\0\x12\0\0\0\x28\x0e\0\0\0\0\0\0\x04\0\0\
\0\x12\0\0\0\x38\x0e\0\0\0\0\0\0\x04\0\0\0\x12\0\0\0\x48\x0e\0\0\0\0\0\0\x04\0\
\0\0\x12\0\0\0\x58\x0e\0\0\0\0\0\0\x04\0\0\0\x12\0\0\0\x68\x0e\0\0\0\0\0\0\x04\
\0\0\0\x12\0\0\0\x78\x0e\0\0\0\0\0\0\x04\0\0\0\x12\0\0\0\x88\x0e\0\0\0\0\0\0\
\x04\0\0\0\x12\0\0\0\x98\x0e\0\0\0\0\0\0\x04\0\0\0\x12\0\0\0\xa8\x0e\0\0\0\0\0\
\0\x04\0\0\0\x12\0\0\0\xb8\x0e\0\0\0\0\0\0\x04\0\0\0\x12\0\0\0\xc8\x0e\0\0\0\0\
\0\0\x04\0\0\0\x12\0\0\0\xd8\x0e\0\0\0\0\0\0\x04\0\0\0\x12\0\0\0\xe8\x0e\0\0\0\
\0\0\0\x04\0\0\0\x12\0\0\0\xf8\x0e\0\0\0\0\0\0\x04\0\0\0\x12\0\0\0\x08\x0f\0\0\
\0\0\0\0\x04\0\0\0\x12\0\0\0\x18\x0f\0\0\0\0\0\0\x04\0\0\0\x12\0\0\0\x28\x0f\0\
\0\0\0\0\0\x04\0\0\0\x12\0\0\0\x38\x0f\0\0\0\0\0\0\x04\0\0\0\x12\0\0\0\x48\x0f\
\0\0\0\0\0\0\x04\0\0\0\x12\0\0\0\x58\x0f\0\0\0\0\0\0\x04\0\0\0\x12\0\0\0\x68\
\x0f\0\0\0\0\0\0\x04\0\0\0\x12\0\0\0\x78\x0f\0\0\0\0\0\0\x04\0\0\0\x12\0\0\0\
\x88\x0f\0\0\0\0\0\0\x04\0\0\0\x12\0\0\0\x98\x0f\0\0\0\0\0\0\x04\0\0\0\x12\0\0\
\0\xa8\x0f\0\0\0\0\0\0\x04\0\0\0\x12\0\0\0\xb8\x0f\0\0\0\0\0\0\x04\0\0\0\x12\0\
\0\0\xc8\x0f\0\0\0\0\0\0\x04\0\0\0\x12\0\0\0\xd8\x0f\0\0\0\0\0\0\x04\0\0\0\x12\
\0\0\0\xe8\x0f\0\0\0\0\0\0\x04\0\0\0\x12\0\0\0\xf8\x0f\0\0\0\0\0\0\x04\0\0\0\
\x12\0\0\0\x08\x10\0\0\0\0\0\0\x04\0\0\0\x12\0\0\0\x18\x10\0\0\0\0\0\0\x04\0\0\
\0\x12\0\0\0\x30\x10\0\0\0\0\0\0\x04\0\0\0\x29\0\0\0\x40\x10\0\0\0\0\0\0\x04\0\
\0\0\x29\0\0\0\x50\x10\0\0\0\0\0\0\x04\0\0\0\x29\0\0\0\x60\x10\0\0\0\0\0\0\x04\
\0\0\0\x29\0\0\0\x70\x10\0\0\0\0\0\0\x04\0\0\0\x29\0\0\0\x80\x10\0\0\0\0\0\0\
\x04\0\0\0\x29\0\0\0\x90\x10\0\0\0\0\0\0\x04\0\0\0\x29\0\0\0\xa0\x10\0\0\0\0\0\
\0\x04\0\0\0\x29\0\0\0\xb0\x10\0\0\0\0\0\0\x04\0\0\0\x29\0\0\0\xc0\x10\0\0\0\0\
\0\0\x04\0\0\0\x29\0\0\0\xd0\x10\0\0\0\0\0\0\x04\0\0\0\x29\0\0\0\xe0\x10\0\0\0\
\0\0\0\x04\0\0\0\x29\0\0\0\xf0\x10\0\0\0\0\0\0\x04\0\0\0\x29\0\0\0\0\x11\0\0\0\
\0\0\0\x04\0\0\0\x29\0\0\0\x10\x11\0\0\0\0\0\0\x04\0\0\0\x29\0\0\0\x20\x11\0\0\
\0\0\0\0\x04\0\0\0\x29\0\0\0\x30\x11\0\0\0\0\0\0\x04\0\0\0\x29\0\0\0\x40\x11\0\
\0\0\0\0\0\x04\0\0\0\x29\0\0\0\x50\x11\0\0\0\0\0\0\x04\0\0\0\x29\0\0\0\x60\x11\
\0\0\0\0\0\0\x04\0\0\0\x29\0\0\0\x70\x11\0\0\0\0\0\0\x04\0\0\0\x29\0\0\0\x80\
\x11\0\0\0\0\0\0\x04\0\0\0\x29\0\0\0\x90\x11\0\0\0\0\0\0\x04\0\0\0\x29\0\0\0\
\xa0\x11\0\0\0\0\0\0\x04\0\0\0\x29\0\0\0\xb0\x11\0\0\0\0\0\0\x04\0\0\0\x29\0\0\
\0\xc0\x11\0\0\0\0\0\0\x04\0\0\0\x29\0\0\0\xd0\x11\0\0\0\0\0\0\x04\0\0\0\x29\0\
\0\0\xe0\x11\0\0\0\0\0\0\x04\0\0\0\x29\0\0\0\xf0\x11\0\0\0\0\0\0\x04\0\0\0\x29\
\0\0\0\0\x12\0\0\0\0\0\0\x04\0\0\0\x29\0\0\0\x10\x12\0\0\0\0\0\0\x04\0\0\0\x29\
\0\0\0\x20\x12\0\0\0\0\0\0\x04\0\0\0\x29\0\0\0\x30\x12\0\0\0\0\0\0\x04\0\0\0\
\x29\0\0\0\x40\x12\0\0\0\0\0\0\x04\0\0\0\x29\0\0\0\x50\x12\0\0\0\0\0\0\x04\0\0\
\0\x29\0\0\0\x60\x12\0\0\0\0\0\0\x04\0\0\0\x29\0\0\0\x70\x12\0\0\0\0\0\0\x04\0\
\0\0\x29\0\0\0\x80\x12\0\0\0\0\0\0\x04\0\0\0\x29\0\0\0\x90\x12\0\0\0\0\0\0\x04\
\0\0\0\x29\0\0\0\xa0\x12\0\0\0\0\0\0\x04\0\0\0\x29\0\0\0\xb0\x12\0\0\0\0\0\0\
\x04\0\0\0\x29\0\0\0\xc0\x12\0\0\0\0\0\0\x04\0\0\0\x29\0\0\0\xd0\x12\0\0\0\0\0\
\0\x04\0\0\0\x29\0\0\0\xe0\x12\0\0\0\0\0\0\x04\0\0\0\x29\0\0\0\xf0\x12\0\0\0\0\
\0\0\x04\0\0\0\x29\0\0\0\0\x13\0\0\0\0\0\0\x04\0\0\0\x29\0\0\0\x10\x13\0\0\0\0\
\0\0\x04\0\0\0\x29\0\0\0\x20\x13\0\0\0\0\0\0\x04\0\0\0\x29\0\0\0\x30\x13\0\0\0\
\0\0\0\x04\0\0\0\x29\0\0\0\x40\x13\0\0\0\0\0\0\x04\0\0\0\x29\0\0\0\x50\x13\0\0\
\0\0\0\0\x04\0\0\0\x29\0\0\0\x60\x13\0\0\0\0\0\0\x04\0\0\0\x29\0\0\0\x70\x13\0\
\0\0\0\0\0\x04\0\0\0\x29\0\0\0\x80\x13\0\0\0\0\0\0\x04\0\0\0\x29\0\0\0\x90\x13\
\0\0\0\0\0\0\x04\0\0\0\x29\0\0\0\xa0\x13\0\0\0\0\0\0\x04\0\0\0\x29\0\0\0\xb0\
\x13\0\0\0\0\0\0\x04\0\0\0\x29\0\0\0\xc0\x13\0\0\0\0\0\0\x04\0\0\0\x29\0\0\0\
\xd0\x13\0\0\0\0\0\0\x04\0\0\0\x29\0\0\0\xe0\x13\0\0\0\0\0\0\x04\0\0\0\x29\0\0\
\0\xf0\x13\0\0\0\0\0\0\x04\0\0\0\x29\0\0\0\0\x14\0\0\0\0\0\0\x04\0\0\0\x29\0\0\
\0\x10\x14\0\0\0\0\0\0\x04\0\0\0\x29\0\0\0\x20\x14\0\0\0\0\0\0\x04\0\0\0\x29\0\
\0\0\x30\x14\0\0\0\0\0\0\x04\0\0\0\x29\0\0\0\x40\x14\0\0\0\0\0\0\x04\0\0\0\x29\
\0\0\0\x50\x14\0\0\0\0\0\0\x04\0\0\0\x29\0\0\0\x60\x14\0\0\0\0\0\0\x04\0\0\0\
\x29\0\0\0\x70\x14\0\0\0\0\0\0\x04\0\0\0\x29\0\0\0\x80\x14\0\0\0\0\0\0\x04\0\0\
\0\x29\0\0\0\x90\x14\0\0\0\0\0\0\x04\0\0\0\x29\0\0\0\xa0\x14\0\0\0\0\0\0\x04\0\
\0\0\x29\0\0\0\xb0\x14\0\0\0\0\0\0\x04\0\0\0\x29\0\0\0\xc0\x14\0\0\0\0\0\0\x04\
\0\0\0\x29\0\0\0\xd0\x14\0\0\0\0\0\0\x04\0\0\0\x29\0\0\0\xe0\x14\0\0\0\0\0\0\
\x04\0\0\0\x29\0\0\0\xf0\x14\0\0\0\0\0\0\x04\0\0\0\x29\0\0\0\0\x15\0\0\0\0\0\0\
\x04\0\0\0\x29\0\0\0\x10\x15\0\0\0\0\0\0\x04\0\0\0\x29\0\0\0\x20\x15\0\0\0\0\0\
\0\x04\0\0\0\x29\0\0\0\x30\x15\0\0\0\0\0\0\x04\0\0\0\x29\0\0\0\x40\x15\0\0\0\0\
\0\0\x04\0\0\0\x29\0\0\0\x50\x15\0\0\0\0\0\0\x04\0\0\0\x29\0\0\0\x60\x15\0\0\0\
\0\0\0\x04\0\0\0\x29\0\0\0\x70\x15\0\0\0\0\0\0\x04\0\0\0\x29\0\0\0\x80\x15\0\0\
\0\0\0\0\x04\0\0\0\x29\0\0\0\x90\x15\0\0\0\0\0\0\x04\0\0\0\x29\0\0\0\xa0\x15\0\
\0\0\0\0\0\x04\0\0\0\x29\0\0\0\xb0\x15\0\0\0\0\0\0\x04\0\0\0\x29\0\0\0\xc0\x15\
\0\0\0\0\0\0\x04\0\0\0\x29\0\0\0\xd0\x15\0\0\0\0\0\0\x04\0\0\0\x29\0\0\0\xe0\
\x15\0\0\0\0\0\0\x04\0\0\0\x29\0\0\0\xf0\x15\0\0\0\0\0\0\x04\0\0\0\x29\0\0\0\0\
\x16\0\0\0\0\0\0\x04\0\0\0\x29\0\0\0\x10\x16\0\0\0\0\0\0\x04\0\0\0\x29\0\0\0\
\x20\x16\0\0\0\0\0\0\x04\0\0\0\x29\0\0\0\x30\x16\0\0\0\0\0\0\x04\0\0\0\x29\0\0\
\0\x40\x16\0\0\0\0\0\0\x04\0\0\0\x29\0\0\0\x50\x16\0\0\0\0\0\0\x04\0\0\0\x29\0\
\0\0\x60\x16\0\0\0\0\0\0\x04\0\0\0\x29\0\0\0\x70\x16\0\0\0\0\0\0\x04\0\0\0\x29\
\0\0\0\x80\x16\0\0\0\0\0\0\x04\0\0\0\x29\0\0\0\x90\x16\0\0\0\0\0\0\x04\0\0\0\
\x29\0\0\0\xa0\x16\0\0\0\0\0\0\x04\0\0\0\x29\0\0\0\xb0\x16\0\0\0\0\0\0\x04\0\0\
\0\x29\0\0\0\xc0\x16\0\0\0\0\0\0\x04\0\0\0\x29\0\0\0\xd0\x16\0\0\0\0\0\0\x04\0\
\0\0\x29\0\0\0\xe0\x16\0\0\0\0\0\0\x04\0\0\0\x29\0\0\0\xf0\x16\0\0\0\0\0\0\x04\
\0\0\0\x29\0\0\0\0\x17\0\0\0\0\0\0\x04\0\0\0\x29\0\0\0\x10\x17\0\0\0\0\0\0\x04\
\0\0\0\x29\0\0\0\x20\x17\0\0\0\0\0\0\x04\0\0\0\x29\0\0\0\x30\x17\0\0\0\0\0\0\
\x04\0\0\0\x29\0\0\0\x40\x17\0\0\0\0\0\0\x04\0\0\0\x29\0\0\0\x50\x17\0\0\0\0\0\
\0\x04\0\0\0\x29\0\0\0\x60\x17\0\0\0\0\0\0\x04\0\0\0\x29\0\0\0\x70\x17\0\0\0\0\
\0\0\x04\0\0\0\x29\0\0\0\x80\x17\0\0\0\0\0\0\x04\0\0\0\x29\0\0\0\x90\x17\0\0\0\
\0\0\0\x04\0\0\0\x29\0\0\0\xa0\x17\0\0\0\0\0\0\x04\0\0\0\x29\0\0\0\xb0\x17\0\0\
\0\0\0\0\x04\0\0\0\x29\0\0\0\xc0\x17\0\0\0\0\0\0\x04\0\0\0\x29\0\0\0\xd0\x17\0\
\0\0\0\0\0\x04\0\0\0\x29\0\0\0\xe0\x17\0\0\0\0\0\0\x04\0\0\0\x29\0\0\0\xf0\x17\
\0\0\0\0\0\0\x04\0\0\0\x29\0\0\0\x08\x18\0\0\0\0\0\0\x04\0\0\0\x3c\0\0\0\x18\
\x18\0\0\0\0\0\0\x04\0\0\0\x3c\0\0\0\x28\x18\0\0\0\0\0\0\x04\0\0\0\x3c\0\0\0\
\x38\x18\0\0\0\0\0\0\x04\0\0\0\x3c\0\0\0\x48\x18\0\0\0\0\0\0\x04\0\0\0\x3c\0\0\
\0\x58\x18\0\0\0\0\0\0\x04\0\0\0\x3c\0\0\0\x68\x18\0\0\0\0\0\0\x04\0\0\0\x3c\0\
\0\0\x78\x18\0\0\0\0\0\0\x04\0\0\0\x3c\0\0\0\x88\x18\0\0\0\0\0\0\x04\0\0\0\x3c\
\0\0\0\x98\x18\0\0\0\0\0\0\x04\0\0\0\x3c\0\0\0\xa8\x18\0\0\0\0\0\0\x04\0\0\0\
\x3c\0\0\0\xb8\x18\0\0\0\0\0\0\x04\0\0\0\x3c\0\0\0\xc8\x18\0\0\0\0\0\0\x04\0\0\
\0\x3c\0\0\0\xd8\x18\0\0\0\0\0\0\x04\0\0\0\x3c\0\0\0\xe8\x18\0\0\0\0\0\0\x04\0\
\0\0\x3c\0\0\0\xf8\x18\0\0\0\0\0\0\x04\0\0\0\x3c\0\0\0\x08\x19\0\0\0\0\0\0\x04\
\0\0\0\x3c\0\0\0\x18\x19\0\0\0\0\0\0\x04\0\0\0\x3c\0\0\0\x28\x19\0\0\0\0\0\0\
\x04\0\0\0\x3c\0\0\0\x38\x19\0\0\0\0\0\0\x04\0\0\0\x3c\0\0\0\x48\x19\0\0\0\0\0\
\0\x04\0\0\0\x3c\0\0\0\x58\x19\0\0\0\0\0\0\x04\0\0\0\x3c\0\0\0\x68\x19\0\0\0\0\
\0\0\x04\0\0\0\x3c\0\0\0\x78\x19\0\0\0\0\0\0\x04\0\0\0\x3c\0\0\0\x88\x19\0\0\0\
\0\0\0\x04\0\0\0\x3c\0\0\0\x98\x19\0\0\0\0\0\0\x04\0\0\0\x3c\0\0\0\xa8\x19\0\0\
\0\0\0\0\x04\0\0\0\x3c\0\0\0\xb8\x19\0\0\0\0\0\0\x04\0\0\0\x3c\0\0\0\xc8\x19\0\
\0\0\0\0\0\x04\0\0\0\x3c\0\0\0\xd8\x19\0\0\0\0\0\0\x04\0\0\0\x3c\0\0\0\xe8\x19\
\0\0\0\0\0\0\x04\0\0\0\x3c\0\0\0\xf8\x19\0\0\0\0\0\0\x04\0\0\0\x3c\0\0\0\x08\
\x1a\0\0\0\0\0\0\x04\0\0\0\x3c\0\0\0\x18\x1a\0\0\0\0\0\0\x04\0\0\0\x3c\0\0\0\
\x28\x1a\0\0\0\0\0\0\x04\0\0\0\x3c\0\0\0\x38\x1a\0\0\0\0\0\0\x04\0\0\0\x3c\0\0\
\0\x48\x1a\0\0\0\0\0\0\x04\0\0\0\x3c\0\0\0\x58\x1a\0\0\0\0\0\0\x04\0\0\0\x3c\0\
\0\0\x68\x1a\0\0\0\0\0\0\x04\0\0\0\x3c\0\0\0\x78\x1a\0\0\0\0\0\0\x04\0\0\0\x3c\
\0\0\0\x88\x1a\0\0\0\0\0\0\x04\0\0\0\x3c\0\0\0\x98\x1a\0\0\0\0\0\0\x04\0\0\0\
\x3c\0\0\0\xa8\x1a\0\0\0\0\0\0\x04\0\0\0\x3c\0\0\0\xb8\x1a\0\0\0\0\0\0\x04\0\0\
\0\x3c\0\0\0\xc8\x1a\0\0\0\0\0\0\x04\0\0\0\x3c\0\0\0\xd8\x1a\0\0\0\0\0\0\x04\0\
\0\0\x3c\0\0\0\xe8\x1a\0\0\0\0\0\0\x04\0\0\0\x3c\0\0\0\xf8\x1a\0\0\0\0\0\0\x04\
\0\0\0\x3c\0\0\0\x08\x1b\0\0\0\0\0\0\x04\0\0\0\x3c\0\0\0\x18\x1b\0\0\0\0\0\0\
\x04\0\0\0\x3c\0\0\0\x28\x1b\0\0\0\0\0\0\x04\0\0\0\x3c\0\0\0\x38\x1b\0\0\0\0\0\
\0\x04\0\0\0\x3c\0\0\0\x48\x1b\0\0\0\0\0\0\x04\0\0\0\x3c\0\0\0\x58\x1b\0\0\0\0\
\0\0\x04\0\0\0\x3c\0\0\0\x68\x1b\0\0\0\0\0\0\x04\0\0\0\x3c\0\0\0\x78\x1b\0\0\0\
\0\0\0\x04\0\0\0\x3c\0\0\0\x88\x1b\0\0\0\0\0\0\x04\0\0\0\x3c\0\0\0\x98\x1b\0\0\
\0\0\0\0\x04\0\0\0\x3c\0\0\0\xa8\x1b\0\0\0\0\0\0\x04\0\0\0\x3c\0\0\0\xb8\x1b\0\
\0\0\0\0\0\x04\0\0\0\x3c\0\0\0\xc8\x1b\0\0\0\0\0\0\x04\0\0\0\x3c\0\0\0\xd8\x1b\
\0\0\0\0\0\0\x04\0\0\0\x3c\0\0\0\xe8\x1b\0\0\0\0\0\0\x04\0\0\0\x3c\0\0\0\xf8\
\x1b\0\0\0\0\0\0\x04\0\0\0\x3c\0\0\0\x08\x1c\0\0\0\0\0\0\x04\0\0\0\x3c\0\0\0\
\x18\x1c\0\0\0\0\0\0\x04\0\0\0\x3c\0\0\0\x28\x1c\0\0\0\0\0\0\x04\0\0\0\x3c\0\0\
\0\x38\x1c\0\0\0\0\0\0\x04\0\0\0\x3c\0\0\0\x48\x1c\0\0\0\0\0\0\x04\0\0\0\x3c\0\
\0\0\x58\x1c\0\0\0\0\0\0\x04\0\0\0\x3c\0\0\0\x68\x1c\0\0\0\0\0\0\x04\0\0\0\x3c\
\0\0\0\x78\x1c\0\0\0\0\0\0\x04\0\0\0\x3c\0\0\0\x88\x1c\0\0\0\0\0\0\x04\0\0\0\
\x3c\0\0\0\x98\x1c\0\0\0\0\0\0\x04\0\0\0\x3c\0\0\0\xa8\x1c\0\0\0\0\0\0\x04\0\0\
\0\x3c\0\0\0\xb8\x1c\0\0\0\0\0\0\x04\0\0\0\x3c\0\0\0\xc8\x1c\0\0\0\0\0\0\x04\0\
\0\0\x3c\0\0\0\xd8\x1c\0\0\0\0\0\0\x04\0\0\0\x3c\0\0\0\xe8\x1c\0\0\0\0\0\0\x04\
\0\0\0\x3c\0\0\0\xf8\x1c\0\0\0\0\0\0\x04\0\0\0\x3c\0\0\0\x08\x1d\0\0\0\0\0\0\
\x04\0\0\0\x3c\0\0\0\x18\x1d\0\0\0\0\0\0\x04\0\0\0\x3c\0\0\0\x28\x1d\0\0\0\0\0\
\0\x04\0\0\0\x3c\0\0\0\x38\x1d\0\0\0\0\0\0\x04\0\0\0\x3c\0\0\0\x48\x1d\0\0\0\0\
\0\0\x04\0\0\0\x3c\0\0\0\x58\x1d\0\0\0\0\0\0\x04\0\0\0\x3c\0\0\0\x68\x1d\0\0\0\
\0\0\0\x04\0\0\0\x3c\0\0\0\x78\x1d\0\0\0\0\0\0\x04\0\0\0\x3c\0\0\0\x88\x1d\0\0\
\0\0\0\0\x04\0\0\0\x3c\0\0\0\x98\x1d\0\0\0\0\0\0\x04\0\0\0\x3c\0\0\0\xa8\x1d\0\
\0\0\0\0\0\x04\0\0\0\x3c\0\0\0\xb8\x1d\0\0\0\0\0\0\x04\0\0\0\x3c\0\0\0\xc8\x1d\
\0\0\0\0\0\0\x04\0\0\0\x3c\0\0\0\xd8\x1d\0\0\0\0\0\0\x04\0\0\0\x3c\0\0\0\xe8\
\x1d\0\0\0\0\0\0\x04\0\0\0\x3c\0\0\0\xf8\x1d\0\0\0\0\0\0\x04\0\0\0\x3c\0\0\0\
\x08\x1e\0\0\0\0\0\0\x04\0\0\0\x3c\0\0\0\x18\x1e\0\0\0\0\0\0\x04\0\0\0\x3c\0\0\
\0\x28\x1e\0\0\0\0\0\0\x04\0\0\0\x3c\0\0\0\x38\x1e\0\0\0\0\0\0\x04\0\0\0\x3c\0\
\0\0\x48\x1e\0\0\0\0\0\0\x04\0\0\0\x3c\0\0\0\x58\x1e\0\0\0\0\0\0\x04\0\0\0\x3c\
\0\0\0\x68\x1e\0\0\0\0\0\0\x04\0\0\0\x3c\0\0\0\x78\x1e\0\0\0\0\0\0\x04\0\0\0\
\x3c\0\0\0\x88\x1e\0\0\0\0\0\0\x04\0\0\0\x3c\0\0\0\x98\x1e\0\0\0\0\0\0\x04\0\0\
\0\x3c\0\0\0\xa8\x1e\0\0\0\0\0\0\x04\0\0\0\x3c\0\0\0\xb8\x1e\0\0\0\0\0\0\x04\0\
\0\0\x3c\0\0\0\xc8\x1e\0\0\0\0\0\0\x04\0\0\0\x3c\0\0\0\xd8\x1e\0\0\0\0\0\0\x04\
\0\0\0\x3c\0\0\0\xe8\x1e\0\0\0\0\0\0\x04\0\0\0\x3c\0\0\0\xf8\x1e\0\0\0\0\0\0\
\x04\0\0\0\x3c\0\0\0\x08\x1f\0\0\0\0\0\0\x04\0\0\0\x3c\0\0\0\x18\x1f\0\0\0\0\0\
\0\x04\0\0\0\x3c\0\0\0\x28\x1f\0\0\0\0\0\0\x04\0\0\0\x3c\0\0\0\x38\x1f\0\0\0\0\
\0\0\x04\0\0\0\x3c\0\0\0\x48\x1f\0\0\0\0\0\0\x04\0\0\0\x3c\0\0\0\x58\x1f\0\0\0\
\0\0\0\x04\0\0\0\x3c\0\0\0\x68\x1f\0\0\0\0\0\0\x04\0\0\0\x3c\0\0\0\x78\x1f\0\0\
\0\0\0\0\x04\0\0\0\x3c\0\0\0\x88\x1f\0\0\0\0\0\0\x04\0\0\0\x3c\0\0\0\x98\x1f\0\
\0\0\0\0\0\x04\0\0\0\x3c\0\0\0\xa8\x1f\0\0\0\0\0\0\x04\0\0\0\x3c\0\0\0\xb8\x1f\
\0\0\0\0\0\0\x04\0\0\0\x3c\0\0\0\xc8\x1f\0\0\0\0\0\0\x04\0\0\0\x3c\0\0\0\xd8\
\x1f\0\0\0\0\0\0\x04\0\0\0\x3c\0\0\0\xe8\x1f\0\0\0\0\0\0\x04\0\0\0\x3c\0\0\0\
\xf8\x1f\0\0\0\0\0\0\x04\0\0\0\x3c\0\0\0\x08\x20\0\0\0\0\0\0\x04\0\0\0\x3c\0\0\
\0\x18\x20\0\0\0\0\0\0\x04\0\0\0\x3c\0\0\0\x28\x20\0\0\0\0\0\0\x04\0\0\0\x3c\0\
\0\0\x38\x20\0\0\0\0\0\0\x04\0\0\0\x3c\0\0\0\x48\x20\0\0\0\0\0\0\x04\0\0\0\x3c\
\0\0\0\x58\x20\0\0\0\0\0\0\x04\0\0\0\x3c\0\0\0\x68\x20\0\0\0\0\0\0\x04\0\0\0\
\x3c\0\0\0\x78\x20\0\0\0\0\0\0\x04\0\0\0\x3c\0\0\0\x88\x20\0\0\0\0\0\0\x04\0\0\
\0\x3c\0\0\0\x98\x20\0\0\0\0\0\0\x04\0\0\0\x3c\0\0\0\xa8\x20\0\0\0\0\0\0\x04\0\
\0\0\x3c\0\0\0\xb8\x20\0\0\0\0\0\0\x04\0\0\0\x3c\0\0\0\xc8\x20\0\0\0\0\0\0\x04\
\0\0\0\x3c\0\0\0\xd8\x20\0\0\0\0\0\0\x04\0\0\0\x3c\0\0\0\xe8\x20\0\0\0\0\0\0\
\x04\0\0\0\x3c\0\0\0\xf8\x20\0\0\0\0\0\0\x04\0\0\0\x3c\0\0\0\x08\x21\0\0\0\0\0\
\0\x04\0\0\0\x3c\0\0\0\x18\x21\0\0\0\0\0\0\x04\0\0\0\x3c\0\0\0\x28\x21\0\0\0\0\
\0\0\x04\0\0\0\x3c\0\0\0\x38\x21\0\0\0\0\0\0\x04\0\0\0\x3c\0\0\0\x48\x21\0\0\0\
\0\0\0\x04\0\0\0\x3c\0\0\0\x58\x21\0\0\0\0\0\0\x04\0\0\0\x3c\0\0\0\x68\x21\0\0\
\0\0\0\0\x04\0\0\0\x3c\0\0\0\x78\x21\0\0\0\0\0\0\x04\0\0\0\x3c\0\0\0\x88\x21\0\
\0\0\0\0\0\x04\0\0\0\x3c\0\0\0\x98\x21\0\0\0\0\0\0\x04\0\0\0\x3c\0\0\0\xa8\x21\
\0\0\0\0\0\0\x04\0\0\0\x3c\0\0\0\xb8\x21\0\0\0\0\0\0\x04\0\0\0\x3c\0\0\0\xc8\
\x21\0\0\0\0\0\0\x04\0\0\0\x3c\0\0\0\xd8\x21\0\0\0\0\0\0\x04\0\0\0\x3c\0\0\0\
\xe8\x21\0\0\0\0\0\0\x04\0\0\0\x3c\0\0\0\xf8\x21\0\0\0\0\0\0\x04\0\0\0\x3c\0\0\
\0\x08\x22\0\0\0\0\0\0\x04\0\0\0\x3c\0\0\0\x18\x22\0\0\0\0\0\0\x04\0\0\0\x3c\0\
\0\0\x28\x22\0\0\0\0\0\0\x04\0\0\0\x3c\0\0\0\x38\x22\0\0\0\0\0\0\x04\0\0\0\x3c\
\0\0\0\x48\x22\0\0\0\0\0\0\x04\0\0\0\x3c\0\0\0\x58\x22\0\0\0\0\0\0\x04\0\0\0\
\x3c\0\0\0\x68\x22\0\0\0\0\0\0\x04\0\0\0\x3c\0\0\0\x78\x22\0\0\0\0\0\0\x04\0\0\
\0\x3c\0\0\0\x88\x22\0\0\0\0\0\0\x04\0\0\0\x3c\0\0\0\x98\x22\0\0\0\0\0\0\x04\0\
\0\0\x3c\0\0\0\xa8\x22\0\0\0\0\0\0\x04\0\0\0\x3c\0\0\0\xb8\x22\0\0\0\0\0\0\x04\
\0\0\0\x3c\0\0\0\xc8\x22\0\0\0\0\0\0\x04\0\0\0\x3c\0\0\0\xd8\x22\0\0\0\0\0\0\
\x04\0\0\0\x3c\0\0\0\xe8\x22\0\0\0\0\0\0\x04\0\0\0\x3c\0\0\0\xf8\x22\0\0\0\0\0\
\0\x04\0\0\0\x3c\0\0\0\x08\x23\0\0\0\0\0\0\x04\0\0\0\x3c\0\0\0\x18\x23\0\0\0\0\
\0\0\x04\0\0\0\x3c\0\0\0\x28\x23\0\0\0\0\0\0\x04\0\0\0\x3c\0\0\0\x38\x23\0\0\0\
\0\0\0\x04\0\0\0\x3c\0\0\0\x48\x23\0\0\0\0\0\0\x04\0\0\0\x3c\0\0\0\x58\x23\0\0\
\0\0\0\0\x04\0\0\0\x3c\0\0\0\x68\x23\0\0\0\0\0\0\x04\0\0\0\x3c\0\0\0\x78\x23\0\
\0\0\0\0\0\x04\0\0\0\x3c\0\0\0\x88\x23\0\0\0\0\0\0\x04\0\0\0\x3c\0\0\0\x98\x23\
\0\0\0\0\0\0\x04\0\0\0\x3c\0\0\0\xb0\x23\0\0\0\0\0\0\x04\0\0\0\x57\0\0\0\xc0\
\x23\0\0\0\0\0\0\x04\0\0\0\x57\0\0\0\xd0\x23\0\0\0\0\0\0\x04\0\0\0\x57\0\0\0\
\xe0\x23\0\0\0\0\0\0\x04\0\0\0\x57\0\0\0\xf0\x23\0\0\0\0\0\0\x04\0\0\0\x57\0\0\
\0\0\x24\0\0\0\0\0\0\x04\0\0\0\x57\0\0\0\x10\x24\0\0\0\0\0\0\x04\0\0\0\x57\0\0\
\0\x20\x24\0\0\0\0\0\0\x04\0\0\0\x57\0\0\0\x30\x24\0\0\0\0\0\0\x04\0\0\0\x57\0\
\0\0\x40\x24\0\0\0\0\0\0\x04\0\0\0\x57\0\0\0\x50\x24\0\0\0\0\0\0\x04\0\0\0\x57\
\0\0\0\x60\x24\0\0\0\0\0\0\x04\0\0\0\x57\0\0\0\x70\x24\0\0\0\0\0\0\x04\0\0\0\
\x57\0\0\0\x80\x24\0\0\0\0\0\0\x04\0\0\0\x57\0\0\0\x90\x24\0\0\0\0\0\0\x04\0\0\
\0\x57\0\0\0\xa0\x24\0\0\0\0\0\0\x04\0\0\0\x57\0\0\0\xb0\x24\0\0\0\0\0\0\x04\0\
\0\0\x57\0\0\0\xc0\x24\0\0\0\0\0\0\x04\0\0\0\x57\0\0\0\xd0\x24\0\0\0\0\0\0\x04\
\0\0\0\x57\0\0\0\xe0\x24\0\0\0\0\0\0\x04\0\0\0\x57\0\0\0\xf0\x24\0\0\0\0\0\0\
\x04\0\0\0\x57\0\0\0\0\x25\0\0\0\0\0\0\x04\0\0\0\x57\0\0\0\x10\x25\0\0\0\0\0\0\
\x04\0\0\0\x57\0\0\0\x20\x25\0\0\0\0\0\0\x04\0\0\0\x57\0\0\0\x30\x25\0\0\0\0\0\
\0\x04\0\0\0\x57\0\0\0\x40\x25\0\0\0\0\0\0\x04\0\0\0\x57\0\0\0\x50\x25\0\0\0\0\
\0\0\x04\0\0\0\x57\0\0\0\x60\x25\0\0\0\0\0\0\x04\0\0\0\x57\0\0\0\x70\x25\0\0\0\
\0\0\0\x04\0\0\0\x57\0\0\0\x80\x25\0\0\0\0\0\0\x04\0\0\0\x57\0\0\0\x90\x25\0\0\
\0\0\0\0\x04\0\0\0\x57\0\0\0\xa0\x25\0\0\0\0\0\0\x04\0\0\0\x57\0\0\0\xb0\x25\0\
\0\0\0\0\0\x04\0\0\0\x57\0\0\0\xc0\x25\0\0\0\0\0\0\x04\0\0\0\x57\0\0\0\xd0\x25\
\0\0\0\0\0\0\x04\0\0\0\x57\0\0\0\xe0\x25\0\0\0\0\0\0\x04\0\0\0\x57\0\0\0\xf0\
\x25\0\0\0\0\0\0\x04\0\0\0\x57\0\0\0\0\x26\0\0\0\0\0\0\x04\0\0\0\x57\0\0\0\x10\
\x26\0\0\0\0\0\0\x04\0\0\0\x57\0\0\0\x20\x26\0\0\0\0\0\0\x04\0\0\0\x57\0\0\0\
\x30\x26\0\0\0\0\0\0\x04\0\0\0\x57\0\0\0\x40\x26\0\0\0\0\0\0\x04\0\0\0\x57\0\0\
\0\x50\x26\0\0\0\0\0\0\x04\0\0\0\x57\0\0\0\x60\x26\0\0\0\0\0\0\x04\0\0\0\x57\0\
\0\0\x70\x26\0\0\0\0\0\0\x04\0\0\0\x57\0\0\0\x80\x26\0\0\0\0\0\0\x04\0\0\0\x57\
\0\0\0\x90\x26\0\0\0\0\0\0\x04\0\0\0\x57\0\0\0\xa0\x26\0\0\0\0\0\0\x04\0\0\0\
\x57\0\0\0\xb0\x26\0\0\0\0\0\0\x04\0\0\0\x57\0\0\0\xc0\x26\0\0\0\0\0\0\x04\0\0\
\0\x57\0\0\0\xd0\x26\0\0\0\0\0\0\x04\0\0\0\x57\0\0\0\xe0\x26\0\0\0\0\0\0\x04\0\
\0\0\x57\0\0\0\xf0\x26\0\0\0\0\0\0\x04\0\0\0\x57\0\0\0\0\x27\0\0\0\0\0\0\x04\0\
\0\0\x57\0\0\0\x10\x27\0\0\0\0\0\0\x04\0\0\0\x57\0\0\0\x20\x27\0\0\0\0\0\0\x04\
\0\0\0\x57\0\0\0\x30\x27\0\0\0\0\0\0\x04\0\0\0\x57\0\0\0\x40\x27\0\0\0\0\0\0\
\x04\0\0\0\x57\0\0\0\x50\x27\0\0\0\0\0\0\x04\0\0\0\x57\0\0\0\x60\x27\0\0\0\0\0\
\0\x04\0\0\0\x57\0\0\0\x70\x27\0\0\0\0\0\0\x04\0\0\0\x57\0\0\0\x80\x27\0\0\0\0\
\0\0\x04\0\0\0\x57\0\0\0\x90\x27\0\0\0\0\0\0\x04\0\0\0\x57\0\0\0\xa0\x27\0\0\0\
\0\0\0\x04\0\0\0\x57\0\0\0\xb0\x27\0\0\0\0\0\0\x04\0\0\0\x57\0\0\0\xc0\x27\0\0\
\0\0\0\0\x04\0\0\0\x57\0\0\0\xd0\x27\0\0\0\0\0\0\x04\0\0\0\x57\0\0\0\xe0\x27\0\
\0\0\0\0\0\x04\0\0\0\x57\0\0\0\xf0\x27\0\0\0\0\0\0\x04\0\0\0\x57\0\0\0\0\x28\0\
\0\0\0\0\0\x04\0\0\0\x57\0\0\0\x10\x28\0\0\0\0\0\0\x04\0\0\0\x57\0\0\0\x20\x28\
\0\0\0\0\0\0\x04\0\0\0\x57\0\0\0\x30\x28\0\0\0\0\0\0\x04\0\0\0\x57\0\0\0\x40\
\x28\0\0\0\0\0\0\x04\0\0\0\x57\0\0\0\x50\x28\0\0\0\0\0\0\x04\0\0\0\x57\0\0\0\
\x60\x28\0\0\0\0\0\0\x04\0\0\0\x57\0\0\0\x70\x28\0\0\0\0\0\0\x04\0\0\0\x57\0\0\
\0\x80\x28\0\0\0\0\0\0\x04\0\0\0\x57\0\0\0\x90\x28\0\0\0\0\0\0\x04\0\0\0\x57\0\
\0\0\xa0\x28\0\0\0\0\0\0\x04\0\0\0\x57\0\0\0\xb0\x28\0\0\0\0\0\0\x04\0\0\0\x57\
\0\0\0\xc0\x28\0\0\0\0\0\0\x04\0\0\0\x57\0\0\0\xd0\x28\0\0\0\0\0\0\x04\0\0\0\
\x57\0\0\0\xe0\x28\0\0\0\0\0\0\x04\0\0\0\x57\0\0\0\xf0\x28\0\0\0\0\0\0\x04\0\0\
\0\x57\0\0\0\0\x29\0\0\0\0\0\0\x04\0\0\0\x57\0\0\0\x10\x29\0\0\0\0\0\0\x04\0\0\
\0\x57\0\0\0\x20\x29\0\0\0\0\0\0\x04\0\0\0\x57\0\0\0\x30\x29\0\0\0\0\0\0\x04\0\
\0\0\x57\0\0\0\x40\x29\0\0\0\0\0\0\x04\0\0\0\x57\0\0\0\x50\x29\0\0\0\0\0\0\x04\
\0\0\0\x57\0\0\0\x60\x29\0\0\0\0\0\0\x04\0\0\0\x57\0\0\0\x70\x29\0\0\0\0\0\0\
\x04\0\0\0\x57\0\0\0\x80\x29\0\0\0\0\0\0\x04\0\0\0\x57\0\0\0\x90\x29\0\0\0\0\0\
\0\x04\0\0\0\x57\0\0\0\xa0\x29\0\0\0\0\0\0\x04\0\0\0\x57\0\0\0\xb0\x29\0\0\0\0\
\0\0\x04\0\0\0\x57\0\0\0\xc0\x29\0\0\0\0\0\0\x04\0\0\0\x57\0\0\0\xd0\x29\0\0\0\
\0\0\0\x04\0\0\0\x57\0\0\0\xe0\x29\0\0\0\0\0\0\x04\0\0\0\x57\0\0\0\xf0\x29\0\0\
\0\0\0\0\x04\0\0\0\x57\0\0\0\0\x2a\0\0\0\0\0\0\x04\0\0\0\x57\0\0\0\x10\x2a\0\0\
\0\0\0\0\x04\0\0\0\x57\0\0\0\x20\x2a\0\0\0\0\0\0\x04\0\0\0\x57\0\0\0\x30\x2a\0\
\0\0\0\0\0\x04\0\0\0\x57\0\0\0\x40\x2a\0\0\0\0\0\0\x04\0\0\0\x57\0\0\0\x50\x2a\
\0\0\0\0\0\0\x04\0\0\0\x57\0\0\0\x60\x2a\0\0\0\0\0\0\x04\0\0\0\x57\0\0\0\x70\
\x2a\0\0\0\0\0\0\x04\0\0\0\x57\0\0\0\x80\x2a\0\0\0\0\0\0\x04\0\0\0\x57\0\0\0\
\x90\x2a\0\0\0\0\0\0\x04\0\0\0\x57\0\0\0\xa0\x2a\0\0\0\0\0\0\x04\0\0\0\x57\0\0\
\0\xb0\x2a\0\0\0\0\0\0\x04\0\0\0\x57\0\0\0\xc0\x2a\0\0\0\0\0\0\x04\0\0\0\x57\0\
\0\0\xd0\x2a\0\0\0\0\0\0\x04\0\0\0\x57\0\0\0\xe0\x2a\0\0\0\0\0\0\x04\0\0\0\x57\
\0\0\0\xf0\x2a\0\0\0\0\0\0\x04\0\0\0\x57\0\0\0\0\x2b\0\0\0\0\0\0\x04\0\0\0\x57\
\0\0\0\x10\x2b\0\0\0\0\0\0\x04\0\0\0\x57\0\0\0\x20\x2b\0\0\0\0\0\0\x04\0\0\0\
\x57\0\0\0\x30\x2b\0\0\0\0\0\0\x04\0\0\0\x57\0\0\0\x40\x2b\0\0\0\0\0\0\x04\0\0\
\0\x57\0\0\0\x50\x2b\0\0\0\0\0\0\x04\0\0\0\x57\0\0\0\x60\x2b\0\0\0\0\0\0\x04\0\
\0\0\x57\0\0\0\x70\x2b\0\0\0\0\0\0\x04\0\0\0\x57\0\0\0\x80\x2b\0\0\0\0\0\0\x04\
\0\0\0\x57\0\0\0\x90\x2b\0\0\0\0\0\0\x04\0\0\0\x57\0\0\0\xa0\x2b\0\0\0\0\0\0\
\x04\0\0\0\x57\0\0\0\xb0\x2b\0\0\0\0\0\0\x04\0\0\0\x57\0\0\0\xc0\x2b\0\0\0\0\0\
\0\x04\0\0\0\x57\0\0\0\xd0\x2b\0\0\0\0\0\0\x04\0\0\0\x57\0\0\0\xe0\x2b\0\0\0\0\
\0\0\x04\0\0\0\x57\0\0\0\xf0\x2b\0\0\0\0\0\0\x04\0\0\0\x57\0\0\0\0\x2c\0\0\0\0\
\0\0\x04\0\0\0\x57\0\0\0\x10\x2c\0\0\0\0\0\0\x04\0\0\0\x57\0\0\0\x20\x2c\0\0\0\
\0\0\0\x04\0\0\0\x57\0\0\0\x30\x2c\0\0\0\0\0\0\x04\0\0\0\x57\0\0\0\x40\x2c\0\0\
\0\0\0\0\x04\0\0\0\x57\0\0\0\x50\x2c\0\0\0\0\0\0\x04\0\0\0\x57\0\0\0\x60\x2c\0\
\0\0\0\0\0\x04\0\0\0\x57\0\0\0\x70\x2c\0\0\0\0\0\0\x04\0\0\0\x57\0\0\0\x80\x2c\
\0\0\0\0\0\0\x04\0\0\0\x57\0\0\0\x90\x2c\0\0\0\0\0\0\x04\0\0\0\x57\0\0\0\xa0\
\x2c\0\0\0\0\0\0\x04\0\0\0\x57\0\0\0\xb0\x2c\0\0\0\0\0\0\x04\0\0\0\x57\0\0\0\
\xc0\x2c\0\0\0\0\0\0\x04\0\0\0\x57\0\0\0\xd0\x2c\0\0\0\0\0\0\x04\0\0\0\x57\0\0\
\0\xe0\x2c\0\0\0\0\0\0\x04\0\0\0\x57\0\0\0\xf0\x2c\0\0\0\0\0\0\x04\0\0\0\x57\0\
\0\0\0\x2d\0\0\0\0\0\0\x04\0\0\0\x57\0\0\0\x10\x2d\0\0\0\0\0\0\x04\0\0\0\x57\0\
\0\0\x20\x2d\0\0\0\0\0\0\x04\0\0\0\x57\0\0\0\x30\x2d\0\0\0\0\0\0\x04\0\0\0\x57\
\0\0\0\x40\x2d\0\0\0\0\0\0\x04\0\0\0\x57\0\0\0\x50\x2d\0\0\0\0\0\0\x04\0\0\0\
\x57\0\0\0\x60\x2d\0\0\0\0\0\0\x04\0\0\0\x57\0\0\0\x70\x2d\0\0\0\0\0\0\x04\0\0\
\0\x57\0\0\0\x80\x2d\0\0\0\0\0\0\x04\0\0\0\x57\0\0\0\x90\x2d\0\0\0\0\0\0\x04\0\
\0\0\x57\0\0\0\xa0\x2d\0\0\0\0\0\0\x04\0\0\0\x57\0\0\0\xb0\x2d\0\0\0\0\0\0\x04\
\0\0\0\x57\0\0\0\xc0\x2d\0\0\0\0\0\0\x04\0\0\0\x57\0\0\0\xd0\x2d\0\0\0\0\0\0\
\x04\0\0\0\x57\0\0\0\xe0\x2d\0\0\0\0\0\0\x04\0\0\0\x57\0\0\0\xf0\x2d\0\0\0\0\0\
\0\x04\0\0\0\x57\0\0\0\0\x2e\0\0\0\0\0\0\x04\0\0\0\x57\0\0\0\x10\x2e\0\0\0\0\0\
\0\x04\0\0\0\x57\0\0\0\x20\x2e\0\0\0\0\0\0\x04\0\0\0\x57\0\0\0\x30\x2e\0\0\0\0\
\0\0\x04\0\0\0\x57\0\0\0\x40\x2e\0\0\0\0\0\0\x04\0\0\0\x57\0\0\0\x50\x2e\0\0\0\
\0\0\0\x04\0\0\0\x57\0\0\0\x60\x2e\0\0\0\0\0\0\x04\0\0\0\x57\0\0\0\x70\x2e\0\0\
\0\0\0\0\x04\0\0\0\x57\0\0\0\x80\x2e\0\0\0\0\0\0\x04\0\0\0\x57\0\0\0\x90\x2e\0\
\0\0\0\0\0\x04\0\0\0\x57\0\0\0\xa0\x2e\0\0\0\0\0\0\x04\0\0\0\x57\0\0\0\xb0\x2e\
\0\0\0\0\0\0\x04\0\0\0\x57\0\0\0\xc0\x2e\0\0\0\0\0\0\x04\0\0\0\x57\0\0\0\xd0\
\x2e\0\0\0\0\0\0\x04\0\0\0\x57\0\0\0\xe0\x2e\0\0\0\0\0\0\x04\0\0\0\x57\0\0\0\
\xf0\x2e\0\0\0\0\0\0\x04\0\0\0\x57\0\0\0\0\x2f\0\0\0\0\0\0\x04\0\0\0\x57\0\0\0\
\x10\x2f\0\0\0\0\0\0\x04\0\0\0\x57\0\0\0\x20\x2f\0\0\0\0\0\0\x04\0\0\0\x57\0\0\
\0\x30\x2f\0\0\0\0\0\0\x04\0\0\0\x57\0\0\0\x48\x2f\0\0\0\0\0\0\x04\0\0\0\x72\0\
\0\0\x58\x2f\0\0\0\0\0\0\x04\0\0\0\x72\0\0\0\x68\x2f\0\0\0\0\0\0\x04\0\0\0\x72\
\0\0\0\x78\x2f\0\0\0\0\0\0\x04\0\0\0\x72\0\0\0\x88\x2f\0\0\0\0\0\0\x04\0\0\0\
\x72\0\0\0\x98\x2f\0\0\0\0\0\0\x04\0\0\0\x72\0\0\0\xa8\x2f\0\0\0\0\0\0\x04\0\0\
\0\x72\0\0\0\xb8\x2f\0\0\0\0\0\0\x04\0\0\0\x72\0\0\0\xc8\x2f\0\0\0\0\0\0\x04\0\
\0\0\x72\0\0\0\xd8\x2f\0\0\0\0\0\0\x04\0\0\0\x72\0\0\0\xe8\x2f\0\0\0\0\0\0\x04\
\0\0\0\x72\0\0\0\xf8\x2f\0\0\0\0\0\0\x04\0\0\0\x72\0\0\0\x08\x30\0\0\0\0\0\0\
\x04\0\0\0\x72\0\0\0\x18\x30\0\0\0\0\0\0\x04\0\0\0\x72\0\0\0\x28\x30\0\0\0\0\0\
\0\x04\0\0\0\x72\0\0\0\x38\x30\0\0\0\0\0\0\x04\0\0\0\x72\0\0\0\x48\x30\0\0\0\0\
\0\0\x04\0\0\0\x72\0\0\0\x58\x30\0\0\0\0\0\0\x04\0\0\0\x72\0\0\0\x68\x30\0\0\0\
\0\0\0\x04\0\0\0\x72\0\0\0\x78\x30\0\0\0\0\0\0\x04\0\0\0\x72\0\0\0\x88\x30\0\0\
\0\0\0\0\x04\0\0\0\x72\0\0\0\x98\x30\0\0\0\0\0\0\x04\0\0\0\x72\0\0\0\xa8\x30\0\
\0\0\0\0\0\x04\0\0\0\x72\0\0\0\xb8\x30\0\0\0\0\0\0\x04\0\0\0\x72\0\0\0\xc8\x30\
\0\0\0\0\0\0\x04\0\0\0\x72\0\0\0\xd8\x30\0\0\0\0\0\0\x04\0\0\0\x72\0\0\0\xe8\
\x30\0\0\0\0\0\0\x04\0\0\0\x72\0\0\0\xf8\x30\0\0\0\0\0\0\x04\0\0\0\x72\0\0\0\
\x08\x31\0\0\0\0\0\0\x04\0\0\0\x72\0\0\0\x18\x31\0\0\0\0\0\0\x04\0\0\0\x72\0\0\
\0\x28\x31\0\0\0\0\0\0\x04\0\0\0\x72\0\0\0\x38\x31\0\0\0\0\0\0\x04\0\0\0\x72\0\
\0\0\x48\x31\0\0\0\0\0\0\x04\0\0\0\x72\0\0\0\x58\x31\0\0\0\0\0\0\x04\0\0\0\x72\
\0\0\0\x68\x31\0\0\0\0\0\0\x04\0\0\0\x72\0\0\0\x78\x31\0\0\0\0\0\0\x04\0\0\0\
\x72\0\0\0\x88\x31\0\0\0\0\0\0\x04\0\0\0\x72\0\0\0\x98\x31\0\0\0\0\0\0\x04\0\0\
\0\x72\0\0\0\xa8\x31\0\0\0\0\0\0\x04\0\0\0\x72\0\0\0\xb8\x31\0\0\0\0\0\0\x04\0\
\0\0\x72\0\0\0\xc8\x31\0\0\0\0\0\0\x04\0\0\0\x72\0\0\0\xd8\x31\0\0\0\0\0\0\x04\
\0\0\0\x72\0\0\0\xe8\x31\0\0\0\0\0\0\x04\0\0\0\x72\0\0\0\xf8\x31\0\0\0\0\0\0\
\x04\0\0\0\x72\0\0\0\x08\x32\0\0\0\0\0\0\x04\0\0\0\x72\0\0\0\x18\x32\0\0\0\0\0\
\0\x04\0\0\0\x72\0\0\0\x28\x32\0\0\0\0\0\0\x04\0\0\0\x72\0\0\0\x38\x32\0\0\0\0\
\0\0\x04\0\0\0\x72\0\0\0\x48\x32\0\0\0\0\0\0\x04\0\0\0\x72\0\0\0\x58\x32\0\0\0\
\0\0\0\x04\0\0\0\x72\0\0\0\x68\x32\0\0\0\0\0\0\x04\0\0\0\x72\0\0\0\x78\x32\0\0\
\0\0\0\0\x04\0\0\0\x72\0\0\0\x88\x32\0\0\0\0\0\0\x04\0\0\0\x72\0\0\0\x98\x32\0\
\0\0\0\0\0\x04\0\0\0\x72\0\0\0\xa8\x32\0\0\0\0\0\0\x04\0\0\0\x72\0\0\0\xb8\x32\
\0\0\0\0\0\0\x04\0\0\0\x72\0\0\0\xc8\x32\0\0\0\0\0\0\x04\0\0\0\x72\0\0\0\xd8\
\x32\0\0\0\0\0\0\x04\0\0\0\x72\0\0\0\xe8\x32\0\0\0\0\0\0\x04\0\0\0\x72\0\0\0\
\xf8\x32\0\0\0\0\0\0\x04\0\0\0\x72\0\0\0\x08\x33\0\0\0\0\0\0\x04\0\0\0\x72\0\0\
\0\x18\x33\0\0\0\0\0\0\x04\0\0\0\x72\0\0\0\x28\x33\0\0\0\0\0\0\x04\0\0\0\x72\0\
\0\0\x38\x33\0\0\0\0\0\0\x04\0\0\0\x72\0\0\0\x48\x33\0\0\0\0\0\0\x04\0\0\0\x72\
\0\0\0\x58\x33\0\0\0\0\0\0\x04\0\0\0\x72\0\0\0\x68\x33\0\0\0\0\0\0\x04\0\0\0\
\x72\0\0\0\x78\x33\0\0\0\0\0\0\x04\0\0\0\x72\0\0\0\x88\x33\0\0\0\0\0\0\x04\0\0\
\0\x72\0\0\0\x98\x33\0\0\0\0\0\0\x04\0\0\0\x72\0\0\0\xa8\x33\0\0\0\0\0\0\x04\0\
\0\0\x72\0\0\0\xb8\x33\0\0\0\0\0\0\x04\0\0\0\x72\0\0\0\xc8\x33\0\0\0\0\0\0\x04\
\0\0\0\x72\0\0\0\xd8\x33\0\0\0\0\0\0\x04\0\0\0\x72\0\0\0\xe8\x33\0\0\0\0\0\0\
\x04\0\0\0\x72\0\0\0\xf8\x33\0\0\0\0\0\0\x04\0\0\0\x72\0\0\0\x08\x34\0\0\0\0\0\
\0\x04\0\0\0\x72\0\0\0\x18\x34\0\0\0\0\0\0\x04\0\0\0\x72\0\0\0\x28\x34\0\0\0\0\
\0\0\x04\0\0\0\x72\0\0\0\x38\x34\0\0\0\0\0\0\x04\0\0\0\x72\0\0\0\x48\x34\0\0\0\
\0\0\0\x04\0\0\0\x72\0\0\0\x58\x34\0\0\0\0\0\0\x04\0\0\0\x72\0\0\0\x68\x34\0\0\
\0\0\0\0\x04\0\0\0\x72\0\0\0\x78\x34\0\0\0\0\0\0\x04\0\0\0\x72\0\0\0\x88\x34\0\
\0\0\0\0\0\x04\0\0\0\x72\0\0\0\x98\x34\0\0\0\0\0\0\x04\0\0\0\x72\0\0\0\xa8\x34\
\0\0\0\0\0\0\x04\0\0\0\x72\0\0\0\xb8\x34\0\0\0\0\0\0\x04\0\0\0\x72\0\0\0\xc8\
\x34\0\0\0\0\0\0\x04\0\0\0\x72\0\0\0\xd8\x34\0\0\0\0\0\0\x04\0\0\0\x72\0\0\0\
\xe8\x34\0\0\0\0\0\0\x04\0\0\0\x72\0\0\0\xf8\x34\0\0\0\0\0\0\x04\0\0\0\x72\0\0\
\0\x08\x35\0\0\0\0\0\0\x04\0\0\0\x72\0\0\0\x18\x35\0\0\0\0\0\0\x04\0\0\0\x72\0\
\0\0\x28\x35\0\0\0\0\0\0\x04\0\0\0\x72\0\0\0\x38\x35\0\0\0\0\0\0\x04\0\0\0\x72\
\0\0\0\x48\x35\0\0\0\0\0\0\x04\0\0\0\x72\0\0\0\x58\x35\0\0\0\0\0\0\x04\0\0\0\
\x72\0\0\0\x68\x35\0\0\0\0\0\0\x04\0\0\0\x72\0\0\0\x78\x35\0\0\0\0\0\0\x04\0\0\
\0\x72\0\0\0\x88\x35\0\0\0\0\0\0\x04\0\0\0\x72\0\0\0\x98\x35\0\0\0\0\0\0\x04\0\
\0\0\x72\0\0\0\xa8\x35\0\0\0\0\0\0\x04\0\0\0\x72\0\0\0\xb8\x35\0\0\0\0\0\0\x04\
\0\0\0\x72\0\0\0\xc8\x35\0\0\0\0\0\0\x04\0\0\0\x72\0\0\0\xd8\x35\0\0\0\0\0\0\
\x04\0\0\0\x72\0\0\0\xe8\x35\0\0\0\0\0\0\x04\0\0\0\x72\0\0\0\xf8\x35\0\0\0\0\0\
\0\x04\0\0\0\x72\0\0\0\x08\x36\0\0\0\0\0\0\x04\0\0\0\x72\0\0\0\x18\x36\0\0\0\0\
\0\0\x04\0\0\0\x72\0\0\0\x28\x36\0\0\0\0\0\0\x04\0\0\0\x72\0\0\0\x38\x36\0\0\0\
\0\0\0\x04\0\0\0\x72\0\0\0\x48\x36\0\0\0\0\0\0\x04\0\0\0\x72\0\0\0\x58\x36\0\0\
\0\0\0\0\x04\0\0\0\x72\0\0\0\x68\x36\0\0\0\0\0\0\x04\0\0\0\x72\0\0\0\x78\x36\0\
\0\0\0\0\0\x04\0\0\0\x72\0\0\0\x88\x36\0\0\0\0\0\0\x04\0\0\0\x72\0\0\0\x98\x36\
\0\0\0\0\0\0\x04\0\0\0\x72\0\0\0\xa8\x36\0\0\0\0\0\0\x04\0\0\0\x72\0\0\0\xb8\
\x36\0\0\0\0\0\0\x04\0\0\0\x72\0\0\0\xc8\x36\0\0\0\0\0\0\x04\0\0\0\x72\0\0\0\
\xd8\x36\0\0\0\0\0\0\x04\0\0\0\x72\0\0\0\xe8\x36\0\0\0\0\0\0\x04\0\0\0\x72\0\0\
\0\xf8\x36\0\0\0\0\0\0\x04\0\0\0\x72\0\0\0\x08\x37\0\0\0\0\0\0\x04\0\0\0\x72\0\
\0\0\x18\x37\0\0\0\0\0\0\x04\0\0\0\x72\0\0\0\x28\x37\0\0\0\0\0\0\x04\0\0\0\x72\
\0\0\0\x38\x37\0\0\0\0\0\0\x04\0\0\0\x72\0\0\0\x48\x37\0\0\0\0\0\0\x04\0\0\0\
\x72\0\0\0\x58\x37\0\0\0\0\0\0\x04\0\0\0\x72\0\0\0\x68\x37\0\0\0\0\0\0\x04\0\0\
\0\x72\0\0\0\x78\x37\0\0\0\0\0\0\x04\0\0\0\x72\0\0\0\x88\x37\0\0\0\0\0\0\x04\0\
\0\0\x72\0\0\0\x98\x37\0\0\0\0\0\0\x04\0\0\0\x72\0\0\0\xa8\x37\0\0\0\0\0\0\x04\
\0\0\0\x72\0\0\0\xb8\x37\0\0\0\0\0\0\x04\0\0\0\x72\0\0\0\xc8\x37\0\0\0\0\0\0\
\x04\0\0\0\x72\0\0\0\xd8\x37\0\0\0\0\0\0\x04\0\0\0\x72\0\0\0\xe8\x37\0\0\0\0\0\
\0\x04\0\0\0\x72\0\0\0\xf8\x37\0\0\0\0\0\0\x04\0\0\0\x72\0\0\0\x08\x38\0\0\0\0\
\0\0\x04\0\0\0\x72\0\0\0\x18\x38\0\0\0\0\0\0\x04\0\0\0\x72\0\0\0\x28\x38\0\0\0\
\0\0\0\x04\0\0\0\x72\0\0\0\x38\x38\0\0\0\0\0\0\x04\0\0\0\x72\0\0\0\x48\x38\0\0\
\0\0\0\0\x04\0\0\0\x72\0\0\0\x58\x38\0\0\0\0\0\0\x04\0\0\0\x72\0\0\0\x68\x38\0\
\0\0\0\0\0\x04\0\0\0\x72\0\0\0\x78\x38\0\0\0\0\0\0\x04\0\0\0\x72\0\0\0\x88\x38\
\0\0\0\0\0\0\x04\0\0\0\x72\0\0\0\x98\x38\0\0\0\0\0\0\x04\0\0\0\x72\0\0\0\xa8\
\x38\0\0\0\0\0\0\x04\0\0\0\x72\0\0\0\xb8\x38\0\0\0\0\0\0\x04\0\0\0\x72\0\0\0\
\xc8\x38\0\0\0\0\0\0\x04\0\0\0\x72\0\0\0\xd8\x38\0\0\0\0\0\0\x04\0\0\0\x72\0\0\
\0\xe8\x38\0\0\0\0\0\0\x04\0\0\0\x72\0\0\0\xf8\x38\0\0\0\0\0\0\x04\0\0\0\x72\0\
\0\0\x08\x39\0\0\0\0\0\0\x04\0\0\0\x72\0\0\0\x18\x39\0\0\0\0\0\0\x04\0\0\0\x72\
\0\0\0\x28\x39\0\0\0\0\0\0\x04\0\0\0\x72\0\0\0\x38\x39\0\0\0\0\0\0\x04\0\0\0\
\x72\0\0\0\x50\x39\0\0\0\0\0\0\x04\0\0\0\x96\0\0\0\x60\x39\0\0\0\0\0\0\x04\0\0\
\0\x96\0\0\0\x70\x39\0\0\0\0\0\0\x04\0\0\0\x96\0\0\0\x80\x39\0\0\0\0\0\0\x04\0\
\0\0\x96\0\0\0\x90\x39\0\0\0\0\0\0\x04\0\0\0\x96\0\0\0\xa0\x39\0\0\0\0\0\0\x04\
\0\0\0\x96\0\0\0\xb0\x39\0\0\0\0\0\0\x04\0\0\0\x96\0\0\0\xc0\x39\0\0\0\0\0\0\
\x04\0\0\0\x96\0\0\0\xd0\x39\0\0\0\0\0\0\x04\0\0\0\x96\0\0\0\xe0\x39\0\0\0\0\0\
\0\x04\0\0\0\x96\0\0\0\xf0\x39\0\0\0\0\0\0\x04\0\0\0\x96\0\0\0\0\x3a\0\0\0\0\0\
\0\x04\0\0\0\x96\0\0\0\x10\x3a\0\0\0\0\0\0\x04\0\0\0\x96\0\0\0\x20\x3a\0\0\0\0\
\0\0\x04\0\0\0\x96\0\0\0\x30\x3a\0\0\0\0\0\0\x04\0\0\0\x96\0\0\0\x40\x3a\0\0\0\
\0\0\0\x04\0\0\0\x96\0\0\0\x50\x3a\0\0\0\0\0\0\x04\0\0\0\x96\0\0\0\x60\x3a\0\0\
\0\0\0\0\x04\0\0\0\x96\0\0\0\x70\x3a\0\0\0\0\0\0\x04\0\0\0\x96\0\0\0\x80\x3a\0\
\0\0\0\0\0\x04\0\0\0\x96\0\0\0\x90\x3a\0\0\0\0\0\0\x04\0\0\0\x96\0\0\0\xa0\x3a\
\0\0\0\0\0\0\x04\0\0\0\x96\0\0\0\xb0\x3a\0\0\0\0\0\0\x04\0\0\0\x96\0\0\0\xc0\
\x3a\0\0\0\0\0\0\x04\0\0\0\x96\0\0\0\xd0\x3a\0\0\0\0\0\0\x04\0\0\0\x96\0\0\0\
\xe0\x3a\0\0\0\0\0\0\x04\0\0\0\x96\0\0\0\xf0\x3a\0\0\0\0\0\0\x04\0\0\0\x96\0\0\
\0\0\x3b\0\0\0\0\0\0\x04\0\0\0\x96\0\0\0\x10\x3b\0\0\0\0\0\0\x04\0\0\0\x96\0\0\
\0\x20\x3b\0\0\0\0\0\0\x04\0\0\0\x96\0\0\0\x30\x3b\0\0\0\0\0\0\x04\0\0\0\x96\0\
\0\0\x40\x3b\0\0\0\0\0\0\x04\0\0\0\x96\0\0\0\x50\x3b\0\0\0\0\0\0\x04\0\0\0\x96\
\0\0\0\x60\x3b\0\0\0\0\0\0\x04\0\0\0\x96\0\0\0\x70\x3b\0\0\0\0\0\0\x04\0\0\0\
\x96\0\0\0\x80\x3b\0\0\0\0\0\0\x04\0\0\0\x96\0\0\0\x90\x3b\0\0\0\0\0\0\x04\0\0\
\0\x96\0\0\0\xa0\x3b\0\0\0\0\0\0\x04\0\0\0\x96\0\0\0\xb0\x3b\0\0\0\0\0\0\x04\0\
\0\0\x96\0\0\0\xc0\x3b\0\0\0\0\0\0\x04\0\0\0\x96\0\0\0\xd0\x3b\0\0\0\0\0\0\x04\
\0\0\0\x96\0\0\0\xe0\x3b\0\0\0\0\0\0\x04\0\0\0\x96\0\0\0\xf0\x3b\0\0\0\0\0\0\
\x04\0\0\0\x96\0\0\0\0\x3c\0\0\0\0\0\0\x04\0\0\0\x96\0\0\0\x10\x3c\0\0\0\0\0\0\
\x04\0\0\0\x96\0\0\0\x20\x3c\0\0\0\0\0\0\x04\0\0\0\x96\0\0\0\x30\x3c\0\0\0\0\0\
\0\x04\0\0\0\x96\0\0\0\x40\x3c\0\0\0\0\0\0\x04\0\0\0\x96\0\0\0\x50\x3c\0\0\0\0\
\0\0\x04\0\0\0\x96\0\0\0\x60\x3c\0\0\0\0\0\0\x04\0\0\0\x96\0\0\0\x70\x3c\0\0\0\
\0\0\0\x04\0\0\0\x96\0\0\0\x80\x3c\0\0\0\0\0\0\x04\0\0\0\x96\0\0\0\x90\x3c\0\0\
\0\0\0\0\x04\0\0\0\x96\0\0\0\xa0\x3c\0\0\0\0\0\0\x04\0\0\0\x96\0\0\0\xb0\x3c\0\
\0\0\0\0\0\x04\0\0\0\x96\0\0\0\xc0\x3c\0\0\0\0\0\0\x04\0\0\0\x96\0\0\0\xd0\x3c\
\0\0\0\0\0\0\x04\0\0\0\x96\0\0\0\xe0\x3c\0\0\0\0\0\0\x04\0\0\0\x96\0\0\0\xf0\
\x3c\0\0\0\0\0\0\x04\0\0\0\x96\0\0\0\0\x3d\0\0\0\0\0\0\x04\0\0\0\x96\0\0\0\x10\
\x3d\0\0\0\0\0\0\x04\0\0\0\x96\0\0\0\x20\x3d\0\0\0\0\0\0\x04\0\0\0\x96\0\0\0\
\x30\x3d\0\0\0\0\0\0\x04\0\0\0\x96\0\0\0\x40\x3d\0\0\0\0\0\0\x04\0\0\0\x96\0\0\
\0\x50\x3d\0\0\0\0\0\0\x04\0\0\0\x96\0\0\0\x60\x3d\0\0\0\0\0\0\x04\0\0\0\x96\0\
\0\0\x70\x3d\0\0\0\0\0\0\x04\0\0\0\x96\0\0\0\x80\x3d\0\0\0\0\0\0\x04\0\0\0\x96\
\0\0\0\x90\x3d\0\0\0\0\0\0\x04\0\0\0\x96\0\0\0\xa0\x3d\0\0\0\0\0\0\x04\0\0\0\
\x96\0\0\0\xb0\x3d\0\0\0\0\0\0\x04\0\0\0\x96\0\0\0\xc0\x3d\0\0\0\0\0\0\x04\0\0\
\0\x96\0\0\0\xd0\x3d\0\0\0\0\0\0\x04\0\0\0\x96\0\0\0\xe0\x3d\0\0\0\0\0\0\x04\0\
\0\0\x96\0\0\0\xf0\x3d\0\0\0\0\0\0\x04\0\0\0\x96\0\0\0\0\x3e\0\0\0\0\0\0\x04\0\
\0\0\x96\0\0\0\x10\x3e\0\0\0\0\0\0\x04\0\0\0\x96\0\0\0\x20\x3e\0\0\0\0\0\0\x04\
\0\0\0\x96\0\0\0\x30\x3e\0\0\0\0\0\0\x04\0\0\0\x96\0\0\0\x40\x3e\0\0\0\0\0\0\
\x04\0\0\0\x96\0\0\0\x50\x3e\0\0\0\0\0\0\x04\0\0\0\x96\0\0\0\x60\x3e\0\0\0\0\0\
\0\x04\0\0\0\x96\0\0\0\x70\x3e\0\0\0\0\0\0\x04\0\0\0\x96\0\0\0\x80\x3e\0\0\0\0\
\0\0\x04\0\0\0\x96\0\0\0\x90\x3e\0\0\0\0\0\0\x04\0\0\0\x96\0\0\0\xa0\x3e\0\0\0\
\0\0\0\x04\0\0\0\x96\0\0\0\xb0\x3e\0\0\0\0\0\0\x04\0\0\0\x96\0\0\0\xc0\x3e\0\0\
\0\0\0\0\x04\0\0\0\x96\0\0\0\xd0\x3e\0\0\0\0\0\0\x04\0\0\0\x96\0\0\0\xe0\x3e\0\
\0\0\0\0\0\x04\0\0\0\x96\0\0\0\xf0\x3e\0\0\0\0\0\0\x04\0\0\0\x96\0\0\0\0\x3f\0\
\0\0\0\0\0\x04\0\0\0\x96\0\0\0\x10\x3f\0\0\0\0\0\0\x04\0\0\0\x96\0\0\0\x20\x3f\
\0\0\0\0\0\0\x04\0\0\0\x96\0\0\0\x30\x3f\0\0\0\0\0\0\x04\0\0\0\x96\0\0\0\x40\
\x3f\0\0\0\0\0\0\x04\0\0\0\x96\0\0\0\x50\x3f\0\0\0\0\0\0\x04\0\0\0\x96\0\0\0\
\x60\x3f\0\0\0\0\0\0\x04\0\0\0\x96\0\0\0\x70\x3f\0\0\0\0\0\0\x04\0\0\0\x96\0\0\
\0\x80\x3f\0\0\0\0\0\0\x04\0\0\0\x96\0\0\0\x90\x3f\0\0\0\0\0\0\x04\0\0\0\x96\0\
\0\0\xa0\x3f\0\0\0\0\0\0\x04\0\0\0\x96\0\0\0\xb0\x3f\0\0\0\0\0\0\x04\0\0\0\x96\
\0\0\0\xc0\x3f\0\0\0\0\0\0\x04\0\0\0\x96\0\0\0\xd0\x3f\0\0\0\0\0\0\x04\0\0\0\
\x96\0\0\0\xe0\x3f\0\0\0\0\0\0\x04\0\0\0\x96\0\0\0\xf0\x3f\0\0\0\0\0\0\x04\0\0\
\0\x96\0\0\0\0\x40\0\0\0\0\0\0\x04\0\0\0\x96\0\0\0\x10\x40\0\0\0\0\0\0\x04\0\0\
\0\x96\0\0\0\x20\x40\0\0\0\0\0\0\x04\0\0\0\x96\0\0\0\x30\x40\0\0\0\0\0\0\x04\0\
\0\0\x96\0\0\0\x40\x40\0\0\0\0\0\0\x04\0\0\0\x96\0\0\0\x50\x40\0\0\0\0\0\0\x04\
\0\0\0\x96\0\0\0\x60\x40\0\0\0\0\0\0\x04\0\0\0\x96\0\0\0\x70\x40\0\0\0\0\0\0\
\x04\0\0\0\x96\0\0\0\x80\x40\0\0\0\0\0\0\x04\0\0\0\x96\0\0\0\x90\x40\0\0\0\0\0\
\0\x04\0\0\0\x96\0\0\0\xa0\x40\0\0\0\0\0\0\x04\0\0\0\x96\0\0\0\xb0\x40\0\0\0\0\
\0\0\x04\0\0\0\x96\0\0\0\xc0\x40\0\0\0\0\0\0\x04\0\0\0\x96\0\0\0\xd0\x40\0\0\0\
\0\0\0\x04\0\0\0\x96\0\0\0\xe0\x40\0\0\0\0\0\0\x04\0\0\0\x96\0\0\0\xf0\x40\0\0\
\0\0\0\0\x04\0\0\0\x96\0\0\0\0\x41\0\0\0\0\0\0\x04\0\0\0\x96\0\0\0\x10\x41\0\0\
\0\0\0\0\x04\0\0\0\x96\0\0\0\x20\x41\0\0\0\0\0\0\x04\0\0\0\x96\0\0\0\x30\x41\0\
\0\0\0\0\0\x04\0\0\0\x96\0\0\0\x40\x41\0\0\0\0\0\0\x04\0\0\0\x96\0\0\0\x50\x41\
\0\0\0\0\0\0\x04\0\0\0\x96\0\0\0\x60\x41\0\0\0\0\0\0\x04\0\0\0\x96\0\0\0\x70\
\x41\0\0\0\0\0\0\x04\0\0\0\x96\0\0\0\x80\x41\0\0\0\0\0\0\x04\0\0\0\x96\0\0\0\
\x90\x41\0\0\0\0\0\0\x04\0\0\0\x96\0\0\0\xa0\x41\0\0\0\0\0\0\x04\0\0\0\x96\0\0\
\0\xb0\x41\0\0\0\0\0\0\x04\0\0\0\x96\0\0\0\xc0\x41\0\0\0\0\0\0\x04\0\0\0\x96\0\
\0\0\xd0\x41\0\0\0\0\0\0\x04\0\0\0\x96\0\0\0\xe0\x41\0\0\0\0\0\0\x04\0\0\0\x96\
\0\0\0\xf0\x41\0\0\0\0\0\0\x04\0\0\0\x96\0\0\0\0\x42\0\0\0\0\0\0\x04\0\0\0\x96\
\0\0\0\x10\x42\0\0\0\0\0\0\x04\0\0\0\x96\0\0\0\x20\x42\0\0\0\0\0\0\x04\0\0\0\
\x96\0\0\0\x30\x42\0\0\0\0\0\0\x04\0\0\0\x96\0\0\0\x40\x42\0\0\0\0\0\0\x04\0\0\
\0\x96\0\0\0\x50\x42\0\0\0\0\0\0\x04\0\0\0\x96\0\0\0\x60\x42\0\0\0\0\0\0\x04\0\
\0\0\x96\0\0\0\x70\x42\0\0\0\0\0\0\x04\0\0\0\x96\0\0\0\x80\x42\0\0\0\0\0\0\x04\
\0\0\0\x96\0\0\0\x90\x42\0\0\0\0\0\0\x04\0\0\0\x96\0\0\0\xa0\x42\0\0\0\0\0\0\
\x04\0\0\0\x96\0\0\0\xb0\x42\0\0\0\0\0\0\x04\0\0\0\x96\0\0\0\xc0\x42\0\0\0\0\0\
\0\x04\0\0\0\x96\0\0\0\xd0\x42\0\0\0\0\0\0\x04\0\0\0\x96\0\0\0\xe0\x42\0\0\0\0\
\0\0\x04\0\0\0\x96\0\0\0\xf0\x42\0\0\0\0\0\0\x04\0\0\0\x96\0\0\0\0\x43\0\0\0\0\
\0\0\x04\0\0\0\x96\0\0\0\x10\x43\0\0\0\0\0\0\x04\0\0\0\x96\0\0\0\x20\x43\0\0\0\
\0\0\0\x04\0\0\0\x96\0\0\0\x30\x43\0\0\0\0\0\0\x04\0\0\0\x96\0\0\0\x40\x43\0\0\
\0\0\0\0\x04\0\0\0\x96\0\0\0\x58\x43\0\0\0\0\0\0\x04\0\0\0\xb8\0\0\0\x68\x43\0\
\0\0\0\0\0\x04\0\0\0\xb8\0\0\0\x78\x43\0\0\0\0\0\0\x04\0\0\0\xb8\0\0\0\x88\x43\
\0\0\0\0\0\0\x04\0\0\0\xb8\0\0\0\x98\x43\0\0\0\0\0\0\x04\0\0\0\xb8\0\0\0\xa8\
\x43\0\0\0\0\0\0\x04\0\0\0\xb8\0\0\0\xb8\x43\0\0\0\0\0\0\x04\0\0\0\xb8\0\0\0\
\xd0\x43\0\0\0\0\0\0\x04\0\0\0\xbb\0\0\0\xe0\x43\0\0\0\0\0\0\x04\0\0\0\xbb\0\0\
\0\xf0\x43\0\0\0\0\0\0\x04\0\0\0\xbb\0\0\0\0\x44\0\0\0\0\0\0\x04\0\0\0\xbb\0\0\
\0\x10\x44\0\0\0\0\0\0\x04\0\0\0\xbb\0\0\0\x20\x44\0\0\0\0\0\0\x04\0\0\0\xbb\0\
\0\0\x30\x44\0\0\0\0\0\0\x04\0\0\0\xbb\0\0\0\x40\x44\0\0\0\0\0\0\x04\0\0\0\xbb\
\0\0\0\x50\x44\0\0\0\0\0\0\x04\0\0\0\xbb\0\0\0\x60\x44\0\0\0\0\0\0\x04\0\0\0\
\xbb\0\0\0\x70\x44\0\0\0\0\0\0\x04\0\0\0\xbb\0\0\0\x80\x44\0\0\0\0\0\0\x04\0\0\
\0\xbb\0\0\0\x90\x44\0\0\0\0\0\0\x04\0\0\0\xbb\0\0\0\xa0\x44\0\0\0\0\0\0\x04\0\
\0\0\xbb\0\0\0\xb0\x44\0\0\0\0\0\0\x04\0\0\0\xbb\0\0\0\xc0\x44\0\0\0\0\0\0\x04\
\0\0\0\xbb\0\0\0\xd0\x44\0\0\0\0\0\0\x04\0\0\0\xbb\0\0\0\xe0\x44\0\0\0\0\0\0\
\x04\0\0\0\xbb\0\0\0\xf0\x44\0\0\0\0\0\0\x04\0\0\0\xbb\0\0\0\0\x45\0\0\0\0\0\0\
\x04\0\0\0\xbb\0\0\0\x10\x45\0\0\0\0\0\0\x04\0\0\0\xbb\0\0\0\x20\x45\0\0\0\0\0\
\0\x04\0\0\0\xbb\0\0\0\x30\x45\0\0\0\0\0\0\x04\0\0\0\xbb\0\0\0\x40\x45\0\0\0\0\
\0\0\x04\0\0\0\xbb\0\0\0\x50\x45\0\0\0\0\0\0\x04\0\0\0\xbb\0\0\0\x60\x45\0\0\0\
\0\0\0\x04\0\0\0\xbb\0\0\0\x70\x45\0\0\0\0\0\0\x04\0\0\0\xbb\0\0\0\x80\x45\0\0\
\0\0\0\0\x04\0\0\0\xbb\0\0\0\x90\x45\0\0\0\0\0\0\x04\0\0\0\xbb\0\0\0\xa0\x45\0\
\0\0\0\0\0\x04\0\0\0\xbb\0\0\0\xb0\x45\0\0\0\0\0\0\x04\0\0\0\xbb\0\0\0\xc0\x45\
\0\0\0\0\0\0\x04\0\0\0\xbb\0\0\0\xd0\x45\0\0\0\0\0\0\x04\0\0\0\xbb\0\0\0\xe0\
\x45\0\0\0\0\0\0\x04\0\0\0\xbb\0\0\0\xf0\x45\0\0\0\0\0\0\x04\0\0\0\xbb\0\0\0\0\
\x46\0\0\0\0\0\0\x04\0\0\0\xbb\0\0\0\x10\x46\0\0\0\0\0\0\x04\0\0\0\xbb\0\0\0\
\x20\x46\0\0\0\0\0\0\x04\0\0\0\xbb\0\0\0\x30\x46\0\0\0\0\0\0\x04\0\0\0\xbb\0\0\
\0\x40\x46\0\0\0\0\0\0\x04\0\0\0\xbb\0\0\0\x50\x46\0\0\0\0\0\0\x04\0\0\0\xbb\0\
\0\0\x60\x46\0\0\0\0\0\0\x04\0\0\0\xbb\0\0\0\x70\x46\0\0\0\0\0\0\x04\0\0\0\xbb\
\0\0\0\x80\x46\0\0\0\0\0\0\x04\0\0\0\xbb\0\0\0\x90\x46\0\0\0\0\0\0\x04\0\0\0\
\xbb\0\0\0\xa0\x46\0\0\0\0\0\0\x04\0\0\0\xbb\0\0\0\xb0\x46\0\0\0\0\0\0\x04\0\0\
\0\xbb\0\0\0\xc0\x46\0\0\0\0\0\0\x04\0\0\0\xbb\0\0\0\xd0\x46\0\0\0\0\0\0\x04\0\
\0\0\xbb\0\0\0\xe0\x46\0\0\0\0\0\0\x04\0\0\0\xbb\0\0\0\xf0\x46\0\0\0\0\0\0\x04\
\0\0\0\xbb\0\0\0\0\x47\0\0\0\0\0\0\x04\0\0\0\xbb\0\0\0\x10\x47\0\0\0\0\0\0\x04\
\0\0\0\xbb\0\0\0\x20\x47\0\0\0\0\0\0\x04\0\0\0\xbb\0\0\0\x30\x47\0\0\0\0\0\0\
\x04\0\0\0\xbb\0\0\0\x40\x47\0\0\0\0\0\0\x04\0\0\0\xbb\0\0\0\x50\x47\0\0\0\0\0\
\0\x04\0\0\0\xbb\0\0\0\x60\x47\0\0\0\0\0\0\x04\0\0\0\xbb\0\0\0\x70\x47\0\0\0\0\
\0\0\x04\0\0\0\xbb\0\0\0\x80\x47\0\0\0\0\0\0\x04\0\0\0\xbb\0\0\0\x90\x47\0\0\0\
\0\0\0\x04\0\0\0\xbb\0\0\0\xa0\x47\0\0\0\0\0\0\x04\0\0\0\xbb\0\0\0\xb0\x47\0\0\
\0\0\0\0\x04\0\0\0\xbb\0\0\0\xc0\x47\0\0\0\0\0\0\x04\0\0\0\xbb\0\0\0\xd0\x47\0\
\0\0\0\0\0\x04\0\0\0\xbb\0\0\0\xe0\x47\0\0\0\0\0\0\x04\0\0\0\xbb\0\0\0\xf0\x47\
\0\0\0\0\0\0\x04\0\0\0\xbb\0\0\0\0\x48\0\0\0\0\0\0\x04\0\0\0\xbb\0\0\0\x10\x48\
\0\0\0\0\0\0\x04\0\0\0\xbb\0\0\0\x20\x48\0\0\0\0\0\0\x04\0\0\0\xbb\0\0\0\x30\
\x48\0\0\0\0\0\0\x04\0\0\0\xbb\0\0\0\x40\x48\0\0\0\0\0\0\x04\0\0\0\xbb\0\0\0\
\x50\x48\0\0\0\0\0\0\x04\0\0\0\xbb\0\0\0\x60\x48\0\0\0\0\0\0\x04\0\0\0\xbb\0\0\
\0\x70\x48\0\0\0\0\0\0\x04\0\0\0\xbb\0\0\0\x80\x48\0\0\0\0\0\0\x04\0\0\0\xbb\0\
\0\0\x90\x48\0\0\0\0\0\0\x04\0\0\0\xbb\0\0\0\xa0\x48\0\0\0\0\0\0\x04\0\0\0\xbb\
\0\0\0\xb0\x48\0\0\0\0\0\0\x04\0\0\0\xbb\0\0\0\xc0\x48\0\0\0\0\0\0\x04\0\0\0\
\xbb\0\0\0\xd0\x48\0\0\0\0\0\0\x04\0\0\0\xbb\0\0\0\xe0\x48\0\0\0\0\0\0\x04\0\0\
\0\xbb\0\0\0\xf0\x48\0\0\0\0\0\0\x04\0\0\0\xbb\0\0\0\0\x49\0\0\0\0\0\0\x04\0\0\
\0\xbb\0\0\0\x10\x49\0\0\0\0\0\0\x04\0\0\0\xbb\0\0\0\x20\x49\0\0\0\0\0\0\x04\0\
\0\0\xbb\0\0\0\x30\x49\0\0\0\0\0\0\x04\0\0\0\xbb\0\0\0\x40\x49\0\0\0\0\0\0\x04\
\0\0\0\xbb\0\0\0\x50\x49\0\0\0\0\0\0\x04\0\0\0\xbb\0\0\0\x60\x49\0\0\0\0\0\0\
\x04\0\0\0\xbb\0\0\0\x70\x49\0\0\0\0\0\0\x04\0\0\0\xbb\0\0\0\x80\x49\0\0\0\0\0\
\0\x04\0\0\0\xbb\0\0\0\x90\x49\0\0\0\0\0\0\x04\0\0\0\xbb\0\0\0\xa0\x49\0\0\0\0\
\0\0\x04\0\0\0\xbb\0\0\0\xb0\x49\0\0\0\0\0\0\x04\0\0\0\xbb\0\0\0\xc0\x49\0\0\0\
\0\0\0\x04\0\0\0\xbb\0\0\0\xd0\x49\0\0\0\0\0\0\x04\0\0\0\xbb\0\0\0\xe0\x49\0\0\
\0\0\0\0\x04\0\0\0\xbb\0\0\0\xf0\x49\0\0\0\0\0\0\x04\0\0\0\xbb\0\0\0\0\x4a\0\0\
\0\0\0\0\x04\0\0\0\xbb\0\0\0\x10\x4a\0\0\0\0\0\0\x04\0\0\0\xbb\0\0\0\x20\x4a\0\
\0\0\0\0\0\x04\0\0\0\xbb\0\0\0\x30\x4a\0\0\0\0\0\0\x04\0\0\0\xbb\0\0\0\x40\x4a\
\0\0\0\0\0\0\x04\0\0\0\xbb\0\0\0\x50\x4a\0\0\0\0\0\0\x04\0\0\0\xbb\0\0\0\x60\
\x4a\0\0\0\0\0\0\x04\0\0\0\xbb\0\0\0\x78\x4a\0\0\0\0\0\0\x04\0\0\0\xce\0\0\0\
\x88\x4a\0\0\0\0\0\0\x04\0\0\0\xce\0\0\0\x98\x4a\0\0\0\0\0\0\x04\0\0\0\xce\0\0\
\0\xa8\x4a\0\0\0\0\0\0\x04\0\0\0\xce\0\0\0\xb8\x4a\0\0\0\0\0\0\x04\0\0\0\xce\0\
\0\0\xc8\x4a\0\0\0\0\0\0\x04\0\0\0\xce\0\0\0\xd8\x4a\0\0\0\0\0\0\x04\0\0\0\xce\
\0\0\0\xe8\x4a\0\0\0\0\0\0\x04\0\0\0\xce\0\0\0\xf8\x4a\0\0\0\0\0\0\x04\0\0\0\
\xce\0\0\0\x08\x4b\0\0\0\0\0\0\x04\0\0\0\xce\0\0\0\x18\x4b\0\0\0\0\0\0\x04\0\0\
\0\xce\0\0\0\x28\x4b\0\0\0\0\0\0\x04\0\0\0\xce\0\0\0\x38\x4b\0\0\0\0\0\0\x04\0\
\0\0\xce\0\0\0\x48\x4b\0\0\0\0\0\0\x04\0\0\0\xce\0\0\0\x58\x4b\0\0\0\0\0\0\x04\
\0\0\0\xce\0\0\0\x68\x4b\0\0\0\0\0\0\x04\0\0\0\xce\0\0\0\x78\x4b\0\0\0\0\0\0\
\x04\0\0\0\xce\0\0\0\x88\x4b\0\0\0\0\0\0\x04\0\0\0\xce\0\0\0\x98\x4b\0\0\0\0\0\
\0\x04\0\0\0\xce\0\0\0\xa8\x4b\0\0\0\0\0\0\x04\0\0\0\xce\0\0\0\xb8\x4b\0\0\0\0\
\0\0\x04\0\0\0\xce\0\0\0\xc8\x4b\0\0\0\0\0\0\x04\0\0\0\xce\0\0\0\xd8\x4b\0\0\0\
\0\0\0\x04\0\0\0\xce\0\0\0\xe8\x4b\0\0\0\0\0\0\x04\0\0\0\xce\0\0\0\xf8\x4b\0\0\
\0\0\0\0\x04\0\0\0\xce\0\0\0\x08\x4c\0\0\0\0\0\0\x04\0\0\0\xce\0\0\0\x18\x4c\0\
\0\0\0\0\0\x04\0\0\0\xce\0\0\0\x28\x4c\0\0\0\0\0\0\x04\0\0\0\xce\0\0\0\x38\x4c\
\0\0\0\0\0\0\x04\0\0\0\xce\0\0\0\x48\x4c\0\0\0\0\0\0\x04\0\0\0\xce\0\0\0\x58\
\x4c\0\0\0\0\0\0\x04\0\0\0\xce\0\0\0\x68\x4c\0\0\0\0\0\0\x04\0\0\0\xce\0\0\0\
\x78\x4c\0\0\0\0\0\0\x04\0\0\0\xce\0\0\0\x88\x4c\0\0\0\0\0\0\x04\0\0\0\xce\0\0\
\0\x98\x4c\0\0\0\0\0\0\x04\0\0\0\xce\0\0\0\xa8\x4c\0\0\0\0\0\0\x04\0\0\0\xce\0\
\0\0\xb8\x4c\0\0\0\0\0\0\x04\0\0\0\xce\0\0\0\xc8\x4c\0\0\0\0\0\0\x04\0\0\0\xce\
\0\0\0\xd8\x4c\0\0\0\0\0\0\x04\0\0\0\xce\0\0\0\xe8\x4c\0\0\0\0\0\0\x04\0\0\0\
\xce\0\0\0\xf8\x4c\0\0\0\0\0\0\x04\0\0\0\xce\0\0\0\x08\x4d\0\0\0\0\0\0\x04\0\0\
\0\xce\0\0\0\x18\x4d\0\0\0\0\0\0\x04\0\0\0\xce\0\0\0\x28\x4d\0\0\0\0\0\0\x04\0\
\0\0\xce\0\0\0\x38\x4d\0\0\0\0\0\0\x04\0\0\0\xce\0\0\0\x48\x4d\0\0\0\0\0\0\x04\
\0\0\0\xce\0\0\0\x58\x4d\0\0\0\0\0\0\x04\0\0\0\xce\0\0\0\x68\x4d\0\0\0\0\0\0\
\x04\0\0\0\xce\0\0\0\x78\x4d\0\0\0\0\0\0\x04\0\0\0\xce\0\0\0\x88\x4d\0\0\0\0\0\
\0\x04\0\0\0\xce\0\0\0\x98\x4d\0\0\0\0\0\0\x04\0\0\0\xce\0\0\0\xa8\x4d\0\0\0\0\
\0\0\x04\0\0\0\xce\0\0\0\xb8\x4d\0\0\0\0\0\0\x04\0\0\0\xce\0\0\0\xc8\x4d\0\0\0\
\0\0\0\x04\0\0\0\xce\0\0\0\xd8\x4d\0\0\0\0\0\0\x04\0\0\0\xce\0\0\0\xe8\x4d\0\0\
\0\0\0\0\x04\0\0\0\xce\0\0\0\xf8\x4d\0\0\0\0\0\0\x04\0\0\0\xce\0\0\0\x08\x4e\0\
\0\0\0\0\0\x04\0\0\0\xce\0\0\0\x18\x4e\0\0\0\0\0\0\x04\0\0\0\xce\0\0\0\x28\x4e\
\0\0\0\0\0\0\x04\0\0\0\xce\0\0\0\x38\x4e\0\0\0\0\0\0\x04\0\0\0\xce\0\0\0\x48\
\x4e\0\0\0\0\0\0\x04\0\0\0\xce\0\0\0\x58\x4e\0\0\0\0\0\0\x04\0\0\0\xce\0\0\0\
\x68\x4e\0\0\0\0\0\0\x04\0\0\0\xce\0\0\0\x78\x4e\0\0\0\0\0\0\x04\0\0\0\xce\0\0\
\0\x88\x4e\0\0\0\0\0\0\x04\0\0\0\xce\0\0\0\x98\x4e\0\0\0\0\0\0\x04\0\0\0\xce\0\
\0\0\xa8\x4e\0\0\0\0\0\0\x04\0\0\0\xce\0\0\0\xb8\x4e\0\0\0\0\0\0\x04\0\0\0\xce\
\0\0\0\xc8\x4e\0\0\0\0\0\0\x04\0\0\0\xce\0\0\0\xd8\x4e\0\0\0\0\0\0\x04\0\0\0\
\xce\0\0\0\xe8\x4e\0\0\0\0\0\0\x04\0\0\0\xce\0\0\0\xf8\x4e\0\0\0\0\0\0\x04\0\0\
\0\xce\0\0\0\x08\x4f\0\0\0\0\0\0\x04\0\0\0\xce\0\0\0\x18\x4f\0\0\0\0\0\0\x04\0\
\0\0\xce\0\0\0\x28\x4f\0\0\0\0\0\0\x04\0\0\0\xce\0\0\0\x38\x4f\0\0\0\0\0\0\x04\
\0\0\0\xce\0\0\0\x48\x4f\0\0\0\0\0\0\x04\0\0\0\xce\0\0\0\x58\x4f\0\0\0\0\0\0\
\x04\0\0\0\xce\0\0\0\x68\x4f\0\0\0\0\0\0\x04\0\0\0\xce\0\0\0\x78\x4f\0\0\0\0\0\
\0\x04\0\0\0\xce\0\0\0\x88\x4f\0\0\0\0\0\0\x04\0\0\0\xce\0\0\0\x98\x4f\0\0\0\0\
\0\0\x04\0\0\0\xce\0\0\0\xa8\x4f\0\0\0\0\0\0\x04\0\0\0\xce\0\0\0\xb8\x4f\0\0\0\
\0\0\0\x04\0\0\0\xce\0\0\0\xc8\x4f\0\0\0\0\0\0\x04\0\0\0\xce\0\0\0\xd8\x4f\0\0\
\0\0\0\0\x04\0\0\0\xce\0\0\0\xe8\x4f\0\0\0\0\0\0\x04\0\0\0\xce\0\0\0\xf8\x4f\0\
\0\0\0\0\0\x04\0\0\0\xce\0\0\0\x08\x50\0\0\0\0\0\0\x04\0\0\0\xce\0\0\0\x18\x50\
\0\0\0\0\0\0\x04\0\0\0\xce\0\0\0\x28\x50\0\0\0\0\0\0\x04\0\0\0\xce\0\0\0\x38\
\x50\0\0\0\0\0\0\x04\0\0\0\xce\0\0\0\x48\x50\0\0\0\0\0\0\x04\0\0\0\xce\0\0\0\
\x58\x50\0\0\0\0\0\0\x04\0\0\0\xce\0\0\0\x68\x50\0\0\0\0\0\0\x04\0\0\0\xce\0\0\
\0\x78\x50\0\0\0\0\0\0\x04\0\0\0\xce\0\0\0\x88\x50\0\0\0\0\0\0\x04\0\0\0\xce\0\
\0\0\x98\x50\0\0\0\0\0\0\x04\0\0\0\xce\0\0\0\xa8\x50\0\0\0\0\0\0\x04\0\0\0\xce\
\0\0\0\xb8\x50\0\0\0\0\0\0\x04\0\0\0\xce\0\0\0\xc8\x50\0\0\0\0\0\0\x04\0\0\0\
\xce\0\0\0\xd8\x50\0\0\0\0\0\0\x04\0\0\0\xce\0\0\0\xf4\x50\0\0\0\0\0\0\x04\0\0\
\0\x01\0\0\0\x04\x51\0\0\0\0\0\0\x04\0\0\0\x01\0\0\0\x14\x51\0\0\0\0\0\0\x04\0\
\0\0\x01\0\0\0\x24\x51\0\0\0\0\0\0\x04\0\0\0\x01\0\0\0\x34\x51\0\0\0\0\0\0\x04\
\0\0\0\x01\0\0\0\x44\x51\0\0\0\0\0\0\x04\0\0\0\x01\0\0\0\x54\x51\0\0\0\0\0\0\
\x04\0\0\0\x01\0\0\0\x64\x51\0\0\0\0\0\0\x04\0\0\0\x01\0\0\0\x74\x51\0\0\0\0\0\
\0\x04\0\0\0\x01\0\0\0\x84\x51\0\0\0\0\0\0\x04\0\0\0\x01\0\0\0\x94\x51\0\0\0\0\
\0\0\x04\0\0\0\x01\0\0\0\xa4\x51\0\0\0\0\0\0\x04\0\0\0\x01\0\0\0\xb4\x51\0\0\0\
\0\0\0\x04\0\0\0\x01\0\0\0\xc4\x51\0\0\0\0\0\0\x04\0\0\0\x01\0\0\0\xd4\x51\0\0\
\0\0\0\0\x04\0\0\0\x01\0\0\0\xe4\x51\0\0\0\0\0\0\x04\0\0\0\x01\0\0\0\xf4\x51\0\
\0\0\0\0\0\x04\0\0\0\x01\0\0\0\x04\x52\0\0\0\0\0\0\x04\0\0\0\x01\0\0\0\x14\x52\
\0\0\0\0\0\0\x04\0\0\0\x01\0\0\0\x24\x52\0\0\0\0\0\0\x04\0\0\0\x01\0\0\0\x34\
\x52\0\0\0\0\0\0\x04\0\0\0\x01\0\0\0\x44\x52\0\0\0\0\0\0\x04\0\0\0\x01\0\0\0\
\x54\x52\0\0\0\0\0\0\x04\0\0\0\x01\0\0\0\x64\x52\0\0\0\0\0\0\x04\0\0\0\x01\0\0\
\0\x74\x52\0\0\0\0\0\0\x04\0\0\0\x01\0\0\0\x84\x52\0\0\0\0\0\0\x04\0\0\0\x01\0\
\0\0\x9c\x52\0\0\0\0\0\0\x04\0\0\0\x12\0\0\0\xac\x52\0\0\0\0\0\0\x04\0\0\0\x12\
\0\0\0\xbc\x52\0\0\0\0\0\0\x04\0\0\0\x12\0\0\0\xcc\x52\0\0\0\0\0\0\x04\0\0\0\
\x12\0\0\0\xdc\x52\0\0\0\0\0\0\x04\0\0\0\x12\0\0\0\xec\x52\0\0\0\0\0\0\x04\0\0\
\0\x12\0\0\0\xfc\x52\0\0\0\0\0\0\x04\0\0\0\x12\0\0\0\x0c\x53\0\0\0\0\0\0\x04\0\
\0\0\x12\0\0\0\x1c\x53\0\0\0\0\0\0\x04\0\0\0\x12\0\0\0\x2c\x53\0\0\0\0\0\0\x04\
\0\0\0\x12\0\0\0\x3c\x53\0\0\0\0\0\0\x04\0\0\0\x12\0\0\0\x4c\x53\0\0\0\0\0\0\
\x04\0\0\0\x12\0\0\0\x5c\x53\0\0\0\0\0\0\x04\0\0\0\x12\0\0\0\x6c\x53\0\0\0\0\0\
\0\x04\0\0\0\x12\0\0\0\x7c\x53\0\0\0\0\0\0\x04\0\0\0\x12\0\0\0\x8c\x53\0\0\0\0\
\0\0\x04\0\0\0\x12\0\0\0\x9c\x53\0\0\0\0\0\0\x04\0\0\0\x12\0\0\0\xac\x53\0\0\0\
\0\0\0\x04\0\0\0\x12\0\0\0\xbc\x53\0\0\0\0\0\0\x04\0\0\0\x12\0\0\0\xcc\x53\0\0\
\0\0\0\0\x04\0\0\0\x12\0\0\0\xdc\x53\0\0\0\0\0\0\x04\0\0\0\x12\0\0\0\xec\x53\0\
\0\0\0\0\0\x04\0\0\0\x12\0\0\0\x04\x54\0\0\0\0\0\0\x04\0\0\0\x29\0\0\0\x14\x54\
\0\0\0\0\0\0\x04\0\0\0\x29\0\0\0\x24\x54\0\0\0\0\0\0\x04\0\0\0\x29\0\0\0\x34\
\x54\0\0\0\0\0\0\x04\0\0\0\x29\0\0\0\x44\x54\0\0\0\0\0\0\x04\0\0\0\x29\0\0\0\
\x54\x54\0\0\0\0\0\0\x04\0\0\0\x29\0\0\0\x64\x54\0\0\0\0\0\0\x04\0\0\0\x29\0\0\
\0\x74\x54\0\0\0\0\0\0\x04\0\0\0\x29\0\0\0\x84\x54\0\0\0\0\0\0\x04\0\0\0\x29\0\
\0\0\x94\x54\0\0\0\0\0\0\x04\0\0\0\x29\0\0\0\xa4\x54\0\0\0\0\0\0\x04\0\0\0\x29\
\0\0\0\xb4\x54\0\0\0\0\0\0\x04\0\0\0\x29\0\0\0\xc4\x54\0\0\0\0\0\0\x04\0\0\0\
\x29\0\0\0\xd4\x54\0\0\0\0\0\0\x04\0\0\0\x29\0\0\0\xe4\x54\0\0\0\0\0\0\x04\0\0\
\0\x29\0\0\0\xf4\x54\0\0\0\0\0\0\x04\0\0\0\x29\0\0\0\x04\x55\0\0\0\0\0\0\x04\0\
\0\0\x29\0\0\0\x14\x55\0\0\0\0\0\0\x04\0\0\0\x29\0\0\0\x24\x55\0\0\0\0\0\0\x04\
\0\0\0\x29\0\0\0\x34\x55\0\0\0\0\0\0\x04\0\0\0\x29\0\0\0\x44\x55\0\0\0\0\0\0\
\x04\0\0\0\x29\0\0\0\x54\x55\0\0\0\0\0\0\x04\0\0\0\x29\0\0\0\x6c\x55\0\0\0\0\0\
\0\x04\0\0\0\x3c\0\0\0\x7c\x55\0\0\0\0\0\0\x04\0\0\0\x3c\0\0\0\x8c\x55\0\0\0\0\
\0\0\x04\0\0\0\x3c\0\0\0\x9c\x55\0\0\0\0\0\0\x04\0\0\0\x3c\0\0\0\xac\x55\0\0\0\
\0\0\0\x04\0\0\0\x3c\0\0\0\xbc\x55\0\0\0\0\0\0\x04\0\0\0\x3c\0\0\0\xcc\x55\0\0\
\0\0\0\0\x04\0\0\0\x3c\0\0\0\xdc\x55\0\0\0\0\0\0\x04\0\0\0\x3c\0\0\0\xec\x55\0\
\0\0\0\0\0\x04\0\0\0\x3c\0\0\0\xfc\x55\0\0\0\0\0\0\x04\0\0\0\x3c\0\0\0\x0c\x56\
\0\0\0\0\0\0\x04\0\0\0\x3c\0\0\0\x1c\x56\0\0\0\0\0\0\x04\0\0\0\x3c\0\0\0\x2c\
\x56\0\0\0\0\0\0\x04\0\0\0\x3c\0\0\0\x3c\x56\0\0\0\0\0\0\x04\0\0\0\x3c\0\0\0\
\x4c\x56\0\0\0\0\0\0\x04\0\0\0\x3c\0\0\0\x5c\x56\0\0\0\0\0\0\x04\0\0\0\x3c\0\0\
\0\x6c\x56\0\0\0\0\0\0\x04\0\0\0\x3c\0\0\0\x7c\x56\0\0\0\0\0\0\x04\0\0\0\x3c\0\
\0\0\x8c\x56\0\0\0\0\0\0\x04\0\0\0\x3c\0\0\0\x9c\x56\0\0\0\0\0\0\x04\0\0\0\x3c\
\0\0\0\xac\x56\0\0\0\0\0\0\x04\0\0\0\x3c\0\0\0\xbc\x56\0\0\0\0\0\0\x04\0\0\0\
\x3c\0\0\0\xcc\x56\0\0\0\0\0\0\x04\0\0\0\x3c\0\0\0\xdc\x56\0\0\0\0\0\0\x04\0\0\
\0\x3c\0\0\0\xec\x56\0\0\0\0\0\0\x04\0\0\0\x3c\0\0\0\xfc\x56\0\0\0\0\0\0\x04\0\
\0\0\x3c\0\0\0\x0c\x57\0\0\0\0\0\0\x04\0\0\0\x3c\0\0\0\x1c\x57\0\0\0\0\0\0\x04\
\0\0\0\x3c\0\0\0\x2c\x57\0\0\0\0\0\0\x04\0\0\0\x3c\0\0\0\x3c\x57\0\0\0\0\0\0\
\x04\0\0\0\x3c\0\0\0\x54\x57\0\0\0\0\0\0\x04\0\0\0\x57\0\0\0\x64\x57\0\0\0\0\0\
\0\x04\0\0\0\x57\0\0\0\x74\x57\0\0\0\0\0\0\x04\0\0\0\x57\0\0\0\x84\x57\0\0\0\0\
\0\0\x04\0\0\0\x57\0\0\0\x94\x57\0\0\0\0\0\0\x04\0\0\0\x57\0\0\0\xa4\x57\0\0\0\
\0\0\0\x04\0\0\0\x57\0\0\0\xb4\x57\0\0\0\0\0\0\x04\0\0\0\x57\0\0\0\xc4\x57\0\0\
\0\0\0\0\x04\0\0\0\x57\0\0\0\xd4\x57\0\0\0\0\0\0\x04\0\0\0\x57\0\0\0\xe4\x57\0\
\0\0\0\0\0\x04\0\0\0\x57\0\0\0\xf4\x57\0\0\0\0\0\0\x04\0\0\0\x57\0\0\0\x04\x58\
\0\0\0\0\0\0\x04\0\0\0\x57\0\0\0\x14\x58\0\0\0\0\0\0\x04\0\0\0\x57\0\0\0\x24\
\x58\0\0\0\0\0\0\x04\0\0\0\x57\0\0\0\x34\x58\0\0\0\0\0\0\x04\0\0\0\x57\0\0\0\
\x44\x58\0\0\0\0\0\0\x04\0\0\0\x57\0\0\0\x54\x58\0\0\0\0\0\0\x04\0\0\0\x57\0\0\
\0\x64\x58\0\0\0\0\0\0\x04\0\0\0\x57\0\0\0\x74\x58\0\0\0\0\0\0\x04\0\0\0\x57\0\
\0\0\x84\x58\0\0\0\0\0\0\x04\0\0\0\x57\0\0\0\x94\x58\0\0\0\0\0\0\x04\0\0\0\x57\
\0\0\0\xa4\x58\0\0\0\0\0\0\x04\0\0\0\x57\0\0\0\xb4\x58\0\0\0\0\0\0\x04\0\0\0\
\x57\0\0\0\xc4\x58\0\0\0\0\0\0\x04\0\0\0\x57\0\0\0\xd4\x58\0\0\0\0\0\0\x04\0\0\
\0\x57\0\0\0\xe4\x58\0\0\0\0\0\0\x04\0\0\0\x57\0\0\0\xf4\x58\0\0\0\0\0\0\x04\0\
\0\0\x57\0\0\0\x04\x59\0\0\0\0\0\0\x04\0\0\0\x57\0\0\0\x14\x59\0\0\0\0\0\0\x04\
\0\0\0\x57\0\0\0\x24\x59\0\0\0\0\0\0\x04\0\0\0\x57\0\0\0\x3c\x59\0\0\0\0\0\0\
\x04\0\0\0\x72\0\0\0\x4c\x59\0\0\0\0\0\0\x04\0\0\0\x72\0\0\0\x5c\x59\0\0\0\0\0\
\0\x04\0\0\0\x72\0\0\0\x6c\x59\0\0\0\0\0\0\x04\0\0\0\x72\0\0\0\x7c\x59\0\0\0\0\
\0\0\x04\0\0\0\x72\0\0\0\x8c\x59\0\0\0\0\0\0\x04\0\0\0\x72\0\0\0\x9c\x59\0\0\0\
\0\0\0\x04\0\0\0\x72\0\0\0\xac\x59\0\0\0\0\0\0\x04\0\0\0\x72\0\0\0\xbc\x59\0\0\
\0\0\0\0\x04\0\0\0\x72\0\0\0\xcc\x59\0\0\0\0\0\0\x04\0\0\0\x72\0\0\0\xdc\x59\0\
\0\0\0\0\0\x04\0\0\0\x72\0\0\0\xec\x59\0\0\0\0\0\0\x04\0\0\0\x72\0\0\0\xfc\x59\
\0\0\0\0\0\0\x04\0\0\0\x72\0\0\0\x0c\x5a\0\0\0\0\0\0\x04\0\0\0\x72\0\0\0\x1c\
\x5a\0\0\0\0\0\0\x04\0\0\0\x72\0\0\0\x2c\x5a\0\0\0\0\0\0\x04\0\0\0\x72\0\0\0\
\x3c\x5a\0\0\0\0\0\0\x04\0\0\0\x72\0\0\0\x4c\x5a\0\0\0\0\0\0\x04\0\0\0\x72\0\0\
\0\x5c\x5a\0\0\0\0\0\0\x04\0\0\0\x72\0\0\0\x6c\x5a\0\0\0\0\0\0\x04\0\0\0\x72\0\
\0\0\x7c\x5a\0\0\0\0\0\0\x04\0\0\0\x72\0\0\0\x8c\x5a\0\0\0\0\0\0\x04\0\0\0\x72\
\0\0\0\x9c\x5a\0\0\0\0\0\0\x04\0\0\0\x72\0\0\0\xac\x5a\0\0\0\0\0\0\x04\0\0\0\
\x72\0\0\0\xbc\x5a\0\0\0\0\0\0\x04\0\0\0\x72\0\0\0\xcc\x5a\0\0\0\0\0\0\x04\0\0\
\0\x72\0\0\0\xdc\x5a\0\0\0\0\0\0\x04\0\0\0\x72\0\0\0\xec\x5a\0\0\0\0\0\0\x04\0\
\0\0\x72\0\0\0\xfc\x5a\0\0\0\0\0\0\x04\0\0\0\x72\0\0\0\x0c\x5b\0\0\0\0\0\0\x04\
\0\0\0\x72\0\0\0\x1c\x5b\0\0\0\0\0\0\x04\0\0\0\x72\0\0\0\x2c\x5b\0\0\0\0\0\0\
\x04\0\0\0\x72\0\0\0\x44\x5b\0\0\0\0\0\0\x04\0\0\0\x96\0\0\0\x54\x5b\0\0\0\0\0\
\0\x04\0\0\0\x96\0\0\0\x64\x5b\0\0\0\0\0\0\x04\0\0\0\x96\0\0\0\x74\x5b\0\0\0\0\
\0\0\x04\0\0\0\x96\0\0\0\x84\x5b\0\0\0\0\0\0\x04\0\0\0\x96\0\0\0\x94\x5b\0\0\0\
\0\0\0\x04\0\0\0\x96\0\0\0\xa4\x5b\0\0\0\0\0\0\x04\0\0\0\x96\0\0\0\xb4\x5b\0\0\
\0\0\0\0\x04\0\0\0\x96\0\0\0\xc4\x5b\0\0\0\0\0\0\x04\0\0\0\x96\0\0\0\xd4\x5b\0\
\0\0\0\0\0\x04\0\0\0\x96\0\0\0\xe4\x5b\0\0\0\0\0\0\x04\0\0\0\x96\0\0\0\xf4\x5b\
\0\0\0\0\0\0\x04\0\0\0\x96\0\0\0\x04\x5c\0\0\0\0\0\0\x04\0\0\0\x96\0\0\0\x14\
\x5c\0\0\0\0\0\0\x04\0\0\0\x96\0\0\0\x24\x5c\0\0\0\0\0\0\x04\0\0\0\x96\0\0\0\
\x34\x5c\0\0\0\0\0\0\x04\0\0\0\x96\0\0\0\x44\x5c\0\0\0\0\0\0\x04\0\0\0\x96\0\0\
\0\x54\x5c\0\0\0\0\0\0\x04\0\0\0\x96\0\0\0\x64\x5c\0\0\0\0\0\0\x04\0\0\0\x96\0\
\0\0\x74\x5c\0\0\0\0\0\0\x04\0\0\0\x96\0\0\0\x84\x5c\0\0\0\0\0\0\x04\0\0\0\x96\
\0\0\0\x94\x5c\0\0\0\0\0\0\x04\0\0\0\x96\0\0\0\xa4\x5c\0\0\0\0\0\0\x04\0\0\0\
\x96\0\0\0\xb4\x5c\0\0\0\0\0\0\x04\0\0\0\x96\0\0\0\xc4\x5c\0\0\0\0\0\0\x04\0\0\
\0\x96\0\0\0\xd4\x5c\0\0\0\0\0\0\x04\0\0\0\x96\0\0\0\xe4\x5c\0\0\0\0\0\0\x04\0\
\0\0\x96\0\0\0\xf4\x5c\0\0\0\0\0\0\x04\0\0\0\x96\0\0\0\x04\x5d\0\0\0\0\0\0\x04\
\0\0\0\x96\0\0\0\x14\x5d\0\0\0\0\0\0\x04\0\0\0\x96\0\0\0\x24\x5d\0\0\0\0\0\0\
\x04\0\0\0\x96\0\0\0\x34\x5d\0\0\0\0\0\0\x04\0\0\0\x96\0\0\0\x4c\x5d\0\0\0\0\0\
\0\x04\0\0\0\xbb\0\0\0\x5c\x5d\0\0\0\0\0\0\x04\0\0\0\xbb\0\0\0\x6c\x5d\0\0\0\0\
\0\0\x04\0\0\0\xbb\0\0\0\x7c\x5d\0\0\0\0\0\0\x04\0\0\0\xbb\0\0\0\x8c\x5d\0\0\0\
\0\0\0\x04\0\0\0\xbb\0\0\0\x9c\x5d\0\0\0\0\0\0\x04\0\0\0\xbb\0\0\0\xac\x5d\0\0\
\0\0\0\0\x04\0\0\0\xbb\0\0\0\xbc\x5d\0\0\0\0\0\0\x04\0\0\0\xbb\0\0\0\xcc\x5d\0\
\0\0\0\0\0\x04\0\0\0\xbb\0\0\0\xdc\x5d\0\0\0\0\0\0\x04\0\0\0\xbb\0\0\0\xec\x5d\
\0\0\0\0\0\0\x04\0\0\0\xbb\0\0\0\xfc\x5d\0\0\0\0\0\0\x04\0\0\0\xbb\0\0\0\x0c\
\x5e\0\0\0\0\0\0\x04\0\0\0\xbb\0\0\0\x1c\x5e\0\0\0\0\0\0\x04\0\0\0\xbb\0\0\0\
\x2c\x5e\0\0\0\0\0\0\x04\0\0\0\xbb\0\0\0\x3c\x5e\0\0\0\0\0\0\x04\0\0\0\xbb\0\0\
\0\x4c\x5e\0\0\0\0\0\0\x04\0\0\0\xbb\0\0\0\x5c\x5e\0\0\0\0\0\0\x04\0\0\0\xbb\0\
\0\0\x6c\x5e\0\0\0\0\0\0\x04\0\0\0\xbb\0\0\0\x84\x5e\0\0\0\0\0\0\x04\0\0\0\xce\
\0\0\0\x94\x5e\0\0\0\0\0\0\x04\0\0\0\xce\0\0\0\xa4\x5e\0\0\0\0\0\0\x04\0\0\0\
\xce\0\0\0\xb4\x5e\0\0\0\0\0\0\x04\0\0\0\xce\0\0\0\xc4\x5e\0\0\0\0\0\0\x04\0\0\
\0\xce\0\0\0\xd4\x5e\0\0\0\0\0\0\x04\0\0\0\xce\0\0\0\xe4\x5e\0\0\0\0\0\0\x04\0\
\0\0\xce\0\0\0\xf4\x5e\0\0\0\0\0\0\x04\0\0\0\xce\0\0\0\x04\x5f\0\0\0\0\0\0\x04\
\0\0\0\xce\0\0\0\x14\x5f\0\0\0\0\0\0\x04\0\0\0\xce\0\0\0\x24\x5f\0\0\0\0\0\0\
\x04\0\0\0\xce\0\0\0\x34\x5f\0\0\0\0\0\0\x04\0\0\0\xce\0\0\0\x44\x5f\0\0\0\0\0\
\0\x04\0\0\0\xce\0\0\0\x54\x5f\0\0\0\0\0\0\x04\0\0\0\xce\0\0\0\x64\x5f\0\0\0\0\
\0\0\x04\0\0\0\xce\0\0\0\x74\x5f\0\0\0\0\0\0\x04\0\0\0\xce\0\0\0\x84\x5f\0\0\0\
\0\0\0\x04\0\0\0\xce\0\0\0\x94\x5f\0\0\0\0\0\0\x04\0\0\0\xce\0\0\0\xa4\x5f\0\0\
\0\0\0\0\x04\0\0\0\xce\0\0\0\xed\x01\xef\x01\xf5\x01\xf6\x01\xf7\x01\xf8\x01\
\xfa\x01\xfb\x01\xfc\x01\xfd\x01\xfe\x01\xee\x01\xf2\x01\xf0\x01\xf4\x01\xf1\
\x01\xf9\x01\xf3\x01\x16\x19\x27\x29\x87\x01\x95\x01\x86\x01\xaa\x01\xbb\x01\
\xc2\x01\xd5\x01\0\x2e\x74\x65\x78\x74\0\x2e\x72\x65\x6c\x2e\x42\x54\x46\x2e\
\x65\x78\x74\0\x63\x72\x6f\x73\x5f\x6e\x65\x77\x5f\x66\x6c\x6f\x77\x5f\x65\x6e\
\x74\x72\x79\x2e\x5f\x5f\x5f\x5f\x66\x6d\x74\0\x63\x72\x65\x61\x74\x65\x5f\x70\
\x72\x6f\x63\x65\x73\x73\x5f\x6d\x61\x70\x5f\x65\x6e\x74\x72\x79\x2e\x5f\x5f\
\x5f\x5f\x66\x6d\x74\0\x5f\x5f\x5f\x5f\x63\x72\x6f\x73\x5f\x68\x61\x6e\x64\x6c\
\x65\x5f\x69\x6e\x65\x74\x5f\x61\x63\x63\x65\x70\x74\x5f\x65\x78\x69\x74\x2e\
\x5f\x5f\x5f\x5f\x66\x6d\x74\0\x5f\x5f\x5f\x5f\x63\x72\x6f\x73\x5f\x68\x61\x6e\
\x64\x6c\x65\x5f\x69\x6e\x65\x74\x5f\x73\x74\x72\x65\x61\x6d\x5f\x63\x6f\x6e\
\x6e\x65\x63\x74\x5f\x65\x78\x69\x74\x2e\x5f\x5f\x5f\x5f\x66\x6d\x74\0\x5f\x5f\
\x5f\x5f\x63\x72\x6f\x73\x5f\x68\x61\x6e\x64\x6c\x65\x5f\x69\x6e\x65\x74\x5f\
\x72\x65\x63\x76\x6d\x73\x67\x5f\x65\x78\x69\x74\x2e\x5f\x5f\x5f\x5f\x66\x6d\
\x74\0\x5f\x5f\x5f\x5f\x63\x72\x6f\x73\x5f\x68\x61\x6e\x64\x6c\x65\x5f\x69\x6e\
\x65\x74\x5f\x73\x65\x6e\x64\x6d\x73\x67\x5f\x65\x6e\x74\x65\x72\x2e\x5f\x5f\
\x5f\x5f\x66\x6d\x74\0\x5f\x5f\x5f\x5f\x63\x72\x6f\x73\x5f\x68\x61\x6e\x64\x6c\
\x65\x5f\x69\x6e\x65\x74\x5f\x72\x65\x6c\x65\x61\x73\x65\x5f\x65\x6e\x74\x65\
\x72\x2e\x5f\x5f\x5f\x5f\x66\x6d\x74\0\x63\x72\x6f\x73\x5f\x69\x73\x5f\x69\x66\
\x69\x6e\x64\x65\x78\x5f\x65\x78\x74\x65\x72\x6e\x61\x6c\x2e\x5f\x5f\x5f\x5f\
\x66\x6d\x74\0\x63\x72\x6f\x73\x5f\x68\x61\x6e\x64\x6c\x65\x5f\x69\x70\x36\x5f\
\x69\x6e\x70\x75\x74\x5f\x65\x78\x69\x74\0\x2e\x72\x65\x6c\x72\x61\x77\x5f\x74\
\x72\x61\x63\x65\x70\x6f\x69\x6e\x74\x2f\x63\x72\x6f\x73\x5f\x5f\x69\x70\x5f\
\x6c\x6f\x63\x61\x6c\x5f\x6f\x75\x74\x5f\x65\x78\x69\x74\0\x63\x72\x6f\x73\x5f\
\x68\x61\x6e\x64\x6c\x65\x5f\x5f\x69\x70\x5f\x6c\x6f\x63\x61\x6c\x5f\x6f\x75\
\x74\x5f\x65\x78\x69\x74\0\x2e\x72\x65\x6c\x72\x61\x77\x5f\x74\x72\x61\x63\x65\
\x70\x6f\x69\x6e\x74\x2f\x63\x72\x6f\x73\x5f\x69\x6e\x65\x74\x5f\x61\x63\x63\
\x65\x70\x74\x5f\x65\x78\x69\x74\0\x63\x72\x6f\x73\x5f\x68\x61\x6e\x64\x6c\x65\
\x5f\x69\x6e\x65\x74\x5f\x61\x63\x63\x65\x70\x74\x5f\x65\x78\x69\x74\0\x2e\x72\
\x65\x6c\x72\x61\x77\x5f\x74\x72\x61\x63\x65\x70\x6f\x69\x6e\x74\x2f\x63\x72\
\x6f\x73\x5f\x69\x6e\x65\x74\x5f\x73\x74\x72\x65\x61\x6d\x5f\x63\x6f\x6e\x6e\
\x65\x63\x74\x5f\x65\x78\x69\x74\0\x63\x72\x6f\x73\x5f\x68\x61\x6e\x64\x6c\x65\
\x5f\x69\x6e\x65\x74\x5f\x73\x74\x72\x65\x61\x6d\x5f\x63\x6f\x6e\x6e\x65\x63\
\x74\x5f\x65\x78\x69\x74\0\x2e\x72\x65\x6c\x72\x61\x77\x5f\x74\x72\x61\x63\x65\
\x70\x6f\x69\x6e\x74\x2f\x63\x72\x6f\x73\x5f\x69\x6e\x65\x74\x5f\x6c\x69\x73\
\x74\x65\x6e\x5f\x65\x78\x69\x74\0\x2e\x72\x65\x6c\x72\x61\x77\x5f\x74\x72\x61\
\x63\x65\x70\x6f\x69\x6e\x74\x2f\x63\x72\x6f\x73\x5f\x69\x6e\x65\x74\x5f\x72\
\x65\x63\x76\x6d\x73\x67\x5f\x65\x78\x69\x74\0\x63\x72\x6f\x73\x5f\x68\x61\x6e\
\x64\x6c\x65\x5f\x69\x6e\x65\x74\x5f\x72\x65\x63\x76\x6d\x73\x67\x5f\x65\x78\
\x69\x74\0\x2e\x6d\x61\x70\x73\0\x63\x72\x6f\x73\x5f\x6e\x65\x74\x77\x6f\x72\
\x6b\x5f\x65\x78\x74\x65\x72\x6e\x61\x6c\x5f\x69\x6e\x74\x65\x72\x66\x61\x63\
\x65\x73\0\x2e\x72\x65\x6c\x72\x61\x77\x5f\x74\x72\x61\x63\x65\x70\x6f\x69\x6e\
\x74\x2f\x63\x72\x6f\x73\x5f\x69\x70\x5f\x70\x72\x6f\x74\x6f\x63\x6f\x6c\x5f\
\x64\x65\x6c\x69\x76\x65\x72\x5f\x72\x63\x75\x5f\x65\x6e\x74\x65\x72\0\x63\x72\
\x6f\x73\x5f\x68\x61\x6e\x64\x6c\x65\x5f\x69\x70\x5f\x70\x72\x6f\x74\x6f\x63\
\x6f\x6c\x5f\x64\x65\x6c\x69\x76\x65\x72\x5f\x72\x63\x75\x5f\x65\x6e\x74\x65\
\x72\0\x2e\x72\x65\x6c\x72\x61\x77\x5f\x74\x72\x61\x63\x65\x70\x6f\x69\x6e\x74\
\x2f\x63\x72\x6f\x73\x5f\x69\x70\x36\x5f\x69\x6e\x70\x75\x74\x5f\x66\x69\x6e\
\x69\x73\x68\x5f\x65\x6e\x74\x65\x72\0\x2e\x72\x65\x6c\x72\x61\x77\x5f\x74\x72\
\x61\x63\x65\x70\x6f\x69\x6e\x74\x2f\x63\x72\x6f\x73\x5f\x69\x6e\x65\x74\x5f\
\x73\x65\x6e\x64\x6d\x73\x67\x5f\x65\x6e\x74\x65\x72\0\x63\x72\x6f\x73\x5f\x68\
\x61\x6e\x64\x6c\x65\x5f\x69\x6e\x65\x74\x5f\x73\x65\x6e\x64\x6d\x73\x67\x5f\
\x65\x6e\x74\x65\x72\0\x2e\x72\x65\x6c\x72\x61\x77\x5f\x74\x72\x61\x63\x65\x70\
\x6f\x69\x6e\x74\x2f\x63\x72\x6f\x73\x5f\x69\x6e\x65\x74\x5f\x72\x65\x6c\x65\
\x61\x73\x65\x5f\x65\x6e\x74\x65\x72\0\x63\x72\x6f\x73\x5f\x68\x61\x6e\x64\x6c\
\x65\x5f\x69\x6e\x65\x74\x5f\x72\x65\x6c\x65\x61\x73\x65\x5f\x65\x6e\x74\x65\
\x72\0\x2e\x72\x65\x6c\x72\x61\x77\x5f\x74\x72\x61\x63\x65\x70\x6f\x69\x6e\x74\
\x2f\x63\x72\x6f\x73\x5f\x69\x70\x36\x5f\x66\x69\x6e\x69\x73\x68\x5f\x6f\x75\
\x74\x70\x75\x74\x32\x5f\x65\x6e\x74\x65\x72\0\x63\x72\x6f\x73\x5f\x68\x61\x6e\
\x64\x6c\x65\x5f\x69\x70\x36\x5f\x66\x69\x6e\x69\x73\x68\x5f\x6f\x75\x74\x70\
\x75\x74\x32\x5f\x65\x6e\x74\x65\x72\0\x63\x72\x6f\x73\x5f\x6e\x65\x74\x77\x6f\
\x72\x6b\x5f\x66\x6c\x6f\x77\x5f\x6d\x61\x70\0\x61\x63\x74\x69\x76\x65\x5f\x73\
\x6f\x63\x6b\x65\x74\x5f\x6d\x61\x70\0\x70\x72\x6f\x63\x65\x73\x73\x5f\x6d\x61\
\x70\0\x68\x65\x61\x70\x5f\x63\x72\x6f\x73\x5f\x6e\x65\x74\x77\x6f\x72\x6b\x5f\
\x63\x6f\x6d\x6d\x6f\x6e\x5f\x6d\x61\x70\0\x63\x72\x6f\x73\x5f\x68\x61\x6e\x64\
\x6c\x65\x5f\x69\x6e\x65\x74\x5f\x6c\x69\x73\x74\x65\x6e\0\x2e\x6c\x6c\x76\x6d\
\x5f\x61\x64\x64\x72\x73\x69\x67\0\x68\x65\x61\x70\x5f\x63\x72\x6f\x73\x5f\x66\
\x6c\x6f\x77\x5f\x6d\x61\x70\x5f\x76\x61\x6c\x75\x65\0\x6c\x69\x63\x65\x6e\x73\
\x65\0\x72\x62\0\x2e\x73\x74\x72\x74\x61\x62\0\x2e\x73\x79\x6d\x74\x61\x62\0\
\x2e\x72\x6f\x64\x61\x74\x61\0\x2e\x72\x65\x6c\x2e\x42\x54\x46\0\x4c\x49\x43\
\x45\x4e\x53\x45\0\x4c\x42\x42\x36\x5f\x39\0\x4c\x42\x42\x35\x5f\x39\0\x4c\x42\
\x42\x30\x5f\x39\0\x4c\x42\x42\x35\x5f\x34\x39\0\x4c\x42\x42\x34\x5f\x33\x39\0\
\x4c\x42\x42\x33\x5f\x33\x39\0\x4c\x42\x42\x39\x5f\x32\x39\0\x4c\x42\x42\x38\
\x5f\x32\x39\0\x4c\x42\x42\x36\x5f\x32\x39\0\x4c\x42\x42\x34\x5f\x32\x39\0\x4c\
\x42\x42\x33\x5f\x32\x39\0\x4c\x42\x42\x32\x5f\x32\x39\0\x4c\x42\x42\x31\x5f\
\x32\x39\0\x4c\x42\x42\x30\x5f\x32\x39\0\x4c\x42\x42\x39\x5f\x31\x39\0\x4c\x42\
\x42\x38\x5f\x31\x39\0\x4c\x42\x42\x36\x5f\x31\x39\0\x4c\x42\x42\x35\x5f\x31\
\x39\0\x4c\x42\x42\x32\x5f\x31\x39\0\x4c\x42\x42\x31\x5f\x31\x39\0\x4c\x42\x42\
\x30\x5f\x31\x39\0\x4c\x42\x42\x39\x5f\x38\0\x4c\x42\x42\x38\x5f\x38\0\x4c\x42\
\x42\x34\x5f\x38\0\x4c\x42\x42\x33\x5f\x38\0\x4c\x42\x42\x32\x5f\x38\0\x4c\x42\
\x42\x31\x5f\x38\0\x4c\x42\x42\x36\x5f\x34\x38\0\x4c\x42\x42\x36\x5f\x33\x38\0\
\x4c\x42\x42\x39\x5f\x32\x38\0\x4c\x42\x42\x38\x5f\x32\x38\0\x4c\x42\x42\x36\
\x5f\x32\x38\0\x4c\x42\x42\x35\x5f\x32\x38\0\x4c\x42\x42\x34\x5f\x32\x38\0\x4c\
\x42\x42\x33\x5f\x32\x38\0\x4c\x42\x42\x32\x5f\x32\x38\0\x4c\x42\x42\x31\x5f\
\x32\x38\0\x4c\x42\x42\x39\x5f\x31\x38\0\x4c\x42\x42\x38\x5f\x31\x38\0\x4c\x42\
\x42\x36\x5f\x31\x38\0\x4c\x42\x42\x35\x5f\x31\x38\0\x4c\x42\x42\x32\x5f\x31\
\x38\0\x4c\x42\x42\x31\x5f\x31\x38\0\x4c\x42\x42\x30\x5f\x31\x38\0\x4c\x42\x42\
\x36\x5f\x37\0\x4c\x42\x42\x35\x5f\x37\0\x4c\x42\x42\x34\x5f\x37\0\x4c\x42\x42\
\x33\x5f\x37\0\x4c\x42\x42\x32\x5f\x37\0\x4c\x42\x42\x31\x5f\x37\0\x4c\x42\x42\
\x36\x5f\x35\x37\0\x4c\x42\x42\x35\x5f\x35\x37\0\x4c\x42\x42\x35\x5f\x34\x37\0\
\x4c\x42\x42\x35\x5f\x33\x37\0\x4c\x42\x42\x34\x5f\x33\x37\0\x4c\x42\x42\x33\
\x5f\x33\x37\0\x4c\x42\x42\x36\x5f\x32\x37\0\x4c\x42\x42\x35\x5f\x32\x37\0\x4c\
\x42\x42\x30\x5f\x32\x37\0\x4c\x42\x42\x39\x5f\x31\x37\0\x4c\x42\x42\x38\x5f\
\x31\x37\0\x4c\x42\x42\x34\x5f\x31\x37\0\x4c\x42\x42\x33\x5f\x31\x37\0\x4c\x42\
\x42\x32\x5f\x31\x37\0\x4c\x42\x42\x31\x5f\x31\x37\0\x5f\x5f\x5f\x5f\x63\x72\
\x6f\x73\x5f\x68\x61\x6e\x64\x6c\x65\x5f\x69\x6e\x65\x74\x5f\x61\x63\x63\x65\
\x70\x74\x5f\x65\x78\x69\x74\x2e\x5f\x5f\x5f\x5f\x66\x6d\x74\x2e\x37\0\x4c\x42\
\x42\x30\x5f\x36\0\x4c\x42\x42\x36\x5f\x34\x36\0\x4c\x42\x42\x36\x5f\x33\x36\0\
\x4c\x42\x42\x39\x5f\x32\x36\0\x4c\x42\x42\x38\x5f\x32\x36\0\x4c\x42\x42\x36\
\x5f\x31\x36\0\x4c\x42\x42\x35\x5f\x31\x36\0\x4c\x42\x42\x34\x5f\x31\x36\0\x4c\
\x42\x42\x33\x5f\x31\x36\0\x4c\x42\x42\x32\x5f\x31\x36\0\x4c\x42\x42\x31\x5f\
\x31\x36\0\x4c\x42\x42\x39\x5f\x35\0\x4c\x42\x42\x38\x5f\x35\0\x4c\x42\x42\x34\
\x5f\x35\0\x4c\x42\x42\x33\x5f\x35\0\x4c\x42\x42\x32\x5f\x35\0\x4c\x42\x42\x31\
\x5f\x35\0\x4c\x42\x42\x36\x5f\x35\x35\0\x4c\x42\x42\x35\x5f\x35\x35\0\x4c\x42\
\x42\x36\x5f\x34\x35\0\x4c\x42\x42\x35\x5f\x34\x35\0\x4c\x42\x42\x35\x5f\x33\
\x35\0\x4c\x42\x42\x34\x5f\x33\x35\0\x4c\x42\x42\x33\x5f\x33\x35\0\x4c\x42\x42\
\x32\x5f\x32\x35\0\x4c\x42\x42\x31\x5f\x32\x35\0\x4c\x42\x42\x30\x5f\x32\x35\0\
\x4c\x42\x42\x32\x5f\x31\x35\0\x4c\x42\x42\x31\x5f\x31\x35\0\x4c\x42\x42\x30\
\x5f\x31\x35\0\x4c\x42\x42\x39\x5f\x34\0\x4c\x42\x42\x38\x5f\x34\0\x4c\x42\x42\
\x36\x5f\x34\0\x4c\x42\x42\x35\x5f\x34\0\x4c\x42\x42\x36\x5f\x35\x34\0\x4c\x42\
\x42\x35\x5f\x35\x34\0\x4c\x42\x42\x36\x5f\x34\x34\0\x4c\x42\x42\x35\x5f\x34\
\x34\0\x4c\x42\x42\x34\x5f\x34\x34\0\x4c\x42\x42\x33\x5f\x34\x34\0\x4c\x42\x42\
\x36\x5f\x33\x34\0\x4c\x42\x42\x34\x5f\x33\x34\0\x4c\x42\x42\x33\x5f\x33\x34\0\
\x4c\x42\x42\x39\x5f\x32\x34\0\x4c\x42\x42\x38\x5f\x32\x34\0\x4c\x42\x42\x34\
\x5f\x32\x34\0\x4c\x42\x42\x33\x5f\x32\x34\0\x4c\x42\x42\x39\x5f\x31\x34\0\x4c\
\x42\x42\x38\x5f\x31\x34\0\x4c\x42\x42\x36\x5f\x31\x34\0\x4c\x42\x42\x35\x5f\
\x31\x34\0\x4c\x42\x42\x34\x5f\x31\x34\0\x4c\x42\x42\x33\x5f\x31\x34\0\x4c\x42\
\x42\x32\x5f\x31\x34\0\x4c\x42\x42\x31\x5f\x31\x34\0\x4c\x42\x42\x35\x5f\x35\
\x33\0\x4c\x42\x42\x36\x5f\x34\x33\0\x4c\x42\x42\x35\x5f\x34\x33\0\x4c\x42\x42\
\x34\x5f\x34\x33\0\x4c\x42\x42\x33\x5f\x34\x33\0\x4c\x42\x42\x35\x5f\x33\x33\0\
\x4c\x42\x42\x34\x5f\x33\x33\0\x4c\x42\x42\x33\x5f\x33\x33\0\x4c\x42\x42\x36\
\x5f\x32\x33\0\x4c\x42\x42\x35\x5f\x32\x33\0\x4c\x42\x42\x34\x5f\x32\x33\0\x4c\
\x42\x42\x33\x5f\x32\x33\0\x4c\x42\x42\x32\x5f\x32\x33\0\x4c\x42\x42\x31\x5f\
\x32\x33\0\x4c\x42\x42\x30\x5f\x32\x33\0\x4c\x42\x42\x36\x5f\x31\x33\0\x4c\x42\
\x42\x35\x5f\x31\x33\0\x4c\x42\x42\x34\x5f\x31\x33\0\x4c\x42\x42\x33\x5f\x31\
\x33\0\x4c\x42\x42\x30\x5f\x31\x33\0\x4c\x42\x42\x37\x5f\x32\0\x4c\x42\x42\x34\
\x5f\x32\0\x4c\x42\x42\x33\x5f\x32\0\x4c\x42\x42\x32\x5f\x32\0\x4c\x42\x42\x31\
\x5f\x32\0\x4c\x42\x42\x36\x5f\x35\x32\0\x4c\x42\x42\x36\x5f\x34\x32\0\x4c\x42\
\x42\x35\x5f\x34\x32\0\x4c\x42\x42\x34\x5f\x34\x32\0\x4c\x42\x42\x33\x5f\x34\
\x32\0\x4c\x42\x42\x36\x5f\x33\x32\0\x4c\x42\x42\x39\x5f\x32\x32\0\x4c\x42\x42\
\x38\x5f\x32\x32\0\x4c\x42\x42\x36\x5f\x32\x32\0\x4c\x42\x42\x35\x5f\x32\x32\0\
\x4c\x42\x42\x34\x5f\x32\x32\0\x4c\x42\x42\x33\x5f\x32\x32\0\x4c\x42\x42\x30\
\x5f\x32\x32\0\x4c\x42\x42\x39\x5f\x31\x32\0\x4c\x42\x42\x38\x5f\x31\x32\0\x4c\
\x42\x42\x36\x5f\x31\x32\0\x4c\x42\x42\x35\x5f\x31\x32\0\x4c\x42\x42\x32\x5f\
\x31\x32\0\x4c\x42\x42\x31\x5f\x31\x32\0\x63\x72\x6f\x73\x5f\x6e\x65\x77\x5f\
\x66\x6c\x6f\x77\x5f\x65\x6e\x74\x72\x79\x2e\x5f\x5f\x5f\x5f\x66\x6d\x74\x2e\
\x32\0\x4c\x42\x42\x36\x5f\x36\x31\0\x4c\x42\x42\x35\x5f\x36\x31\0\x4c\x42\x42\
\x35\x5f\x35\x31\0\x4c\x42\x42\x36\x5f\x34\x31\0\x4c\x42\x42\x35\x5f\x34\x31\0\
\x4c\x42\x42\x35\x5f\x33\x31\0\x4c\x42\x42\x34\x5f\x33\x31\0\x4c\x42\x42\x33\
\x5f\x33\x31\0\x4c\x42\x42\x30\x5f\x33\x31\0\x4c\x42\x42\x39\x5f\x32\x31\0\x4c\
\x42\x42\x38\x5f\x32\x31\0\x4c\x42\x42\x34\x5f\x32\x31\0\x4c\x42\x42\x33\x5f\
\x32\x31\0\x4c\x42\x42\x32\x5f\x32\x31\0\x4c\x42\x42\x31\x5f\x32\x31\0\x4c\x42\
\x42\x30\x5f\x32\x31\0\x4c\x42\x42\x30\x5f\x31\x31\0\x63\x72\x6f\x73\x5f\x69\
\x73\x5f\x69\x66\x69\x6e\x64\x65\x78\x5f\x65\x78\x74\x65\x72\x6e\x61\x6c\x2e\
\x5f\x5f\x5f\x5f\x66\x6d\x74\x2e\x31\0\x2e\x72\x6f\x64\x61\x74\x61\x2e\x73\x74\
\x72\x31\x2e\x31\0\x4c\x42\x42\x36\x5f\x36\x30\0\x4c\x42\x42\x35\x5f\x36\x30\0\
\x4c\x42\x42\x36\x5f\x35\x30\0\x4c\x42\x42\x35\x5f\x34\x30\0\x4c\x42\x42\x39\
\x5f\x33\x30\0\x4c\x42\x42\x38\x5f\x33\x30\0\x4c\x42\x42\x34\x5f\x33\x30\0\x4c\
\x42\x42\x33\x5f\x33\x30\0\x4c\x42\x42\x32\x5f\x33\x30\0\x4c\x42\x42\x31\x5f\
\x33\x30\0\x4c\x42\x42\x30\x5f\x33\x30\0\x4c\x42\x42\x39\x5f\x32\x30\0\x4c\x42\
\x42\x38\x5f\x32\x30\0\x4c\x42\x42\x34\x5f\x32\x30\0\x4c\x42\x42\x33\x5f\x32\
\x30\0\x4c\x42\x42\x32\x5f\x32\x30\0\x4c\x42\x42\x31\x5f\x32\x30\0\x4c\x42\x42\
\x30\x5f\x32\x30\0\x4c\x42\x42\x39\x5f\x31\x30\0\x4c\x42\x42\x38\x5f\x31\x30\0\
\x4c\x42\x42\x34\x5f\x31\x30\0\x4c\x42\x42\x33\x5f\x31\x30\0\0\0\0\0\0\0\0\0\0\
\0\0\0\0\0\0\0\0\0\0\0\0\0\0\0\0\0\0\0\0\0\0\0\0\0\0\0\0\0\0\0\0\0\0\0\0\0\0\0\
\0\0\0\0\0\0\0\0\0\0\0\0\0\0\0\0\0\0\0\0\xf9\x04\0\0\x03\0\0\0\0\0\0\0\0\0\0\0\
\0\0\0\0\0\0\0\0\xce\xc4\x02\0\0\0\0\0\xd6\x0b\0\0\0\0\0\0\0\0\0\0\0\0\0\0\x01\
\0\0\0\0\0\0\0\0\0\0\0\0\0\0\0\x01\0\0\0\x01\0\0\0\x06\0\0\0\0\0\0\0\0\0\0\0\0\
\0\0\0\x40\0\0\0\0\0\0\0\0\0\0\0\0\0\0\0\0\0\0\0\0\0\0\0\x04\0\0\0\0\0\0\0\0\0\
\0\0\0\0\0\0\x51\x02\0\0\x01\0\0\0\x06\0\0\0\0\0\0\0\0\0\0\0\0\0\0\0\x40\0\0\0\
\0\0\0\0\x38\x0a\0\0\0\0\0\0\0\0\0\0\0\0\0\0\x08\0\0\0\0\0\0\0\0\0\0\0\0\0\0\0\
\x4d\x02\0\0\x09\0\0\0\x40\0\0\0\0\0\0\0\0\0\0\0\0\0\0\0\x78\x5f\x02\0\0\0\0\0\
\x10\0\0\0\0\0\0\0\x20\0\0\0\x03\0\0\0\x08\0\0\0\0\0\0\0\x10\0\0\0\0\0\0\0\xe9\
\x02\0\0\x01\0\0\0\x06\0\0\0\0\0\0\0\0\0\0\0\0\0\0\0\x78\x0a\0\0\0\0\0\0\x30\
\x0e\0\0\0\0\0\0\0\0\0\0\0\0\0\0\x08\0\0\0\0\0\0\0\0\0\0\0\0\0\0\0\xe5\x02\0\0\
\x09\0\0\0\x40\0\0\0\0\0\0\0\0\0\0\0\0\0\0\0\x88\x5f\x02\0\0\0\0\0\xa0\0\0\0\0\
\0\0\0\x20\0\0\0\x05\0\0\0\x08\0\0\0\0\0\0\0\x10\0\0\0\0\0\0\0\x6b\x01\0\0\x01\
\0\0\0\x06\0\0\0\0\0\0\0\0\0\0\0\0\0\0\0\xa8\x18\0\0\0\0\0\0\x38\x0e\0\0\0\0\0\
\0\0\0\0\0\0\0\0\0\x08\0\0\0\0\0\0\0\0\0\0\0\0\0\0\0\x67\x01\0\0\x09\0\0\0\x40\
\0\0\0\0\0\0\0\0\0\0\0\0\0\0\0\x28\x60\x02\0\0\0\0\0\xa0\0\0\0\0\0\0\0\x20\0\0\
\0\x07\0\0\0\x08\0\0\0\0\0\0\0\x10\0\0\0\0\0\0\0\x0c\x04\0\0\x01\0\0\0\x06\0\0\
\0\0\0\0\0\0\0\0\0\0\0\0\0\xe0\x26\0\0\0\0\0\0\x48\x13\0\0\0\0\0\0\0\0\0\0\0\0\
\0\0\x08\0\0\0\0\0\0\0\0\0\0\0\0\0\0\0\x08\x04\0\0\x09\0\0\0\x40\0\0\0\0\0\0\0\
\0\0\0\0\0\0\0\0\xc8\x60\x02\0\0\0\0\0\xa0\0\0\0\0\0\0\0\x20\0\0\0\x09\0\0\0\
\x08\0\0\0\0\0\0\0\x10\0\0\0\0\0\0\0\x49\x03\0\0\x01\0\0\0\x06\0\0\0\0\0\0\0\0\
\0\0\0\0\0\0\0\x28\x3a\0\0\0\0\0\0\x40\x13\0\0\0\0\0\0\0\0\0\0\0\0\0\0\x08\0\0\
\0\0\0\0\0\0\0\0\0\0\0\0\0\x45\x03\0\0\x09\0\0\0\x40\0\0\0\0\0\0\0\0\0\0\0\0\0\
\0\0\x68\x61\x02\0\0\0\0\0\xa0\0\0\0\0\0\0\0\x20\0\0\0\x0b\0\0\0\x08\0\0\0\0\0\
\0\0\x10\0\0\0\0\0\0\0\xb5\x01\0\0\x01\0\0\0\x06\0\0\0\0\0\0\0\0\0\0\0\0\0\0\0\
\x68\x4d\0\0\0\0\0\0\x60\x14\0\0\0\0\0\0\0\0\0\0\0\0\0\0\x08\0\0\0\0\0\0\0\0\0\
\0\0\0\0\0\0\xb1\x01\0\0\x09\0\0\0\x40\0\0\0\0\0\0\0\0\0\0\0\0\0\0\0\x08\x62\
\x02\0\0\0\0\0\xd0\0\0\0\0\0\0\0\x20\0\0\0\x0d\0\0\0\x08\0\0\0\0\0\0\0\x10\0\0\
\0\0\0\0\0\xfb\x01\0\0\x01\0\0\0\x06\0\0\0\0\0\0\0\0\0\0\0\0\0\0\0\xc8\x61\0\0\
\0\0\0\0\x60\x14\0\0\0\0\0\0\0\0\0\0\0\0\0\0\x08\0\0\0\0\0\0\0\0\0\0\0\0\0\0\0\
\xf7\x01\0\0\x09\0\0\0\x40\0\0\0\0\0\0\0\0\0\0\0\0\0\0\0\xd8\x62\x02\0\0\0\0\0\
\xc0\0\0\0\0\0\0\0\x20\0\0\0\x0f\0\0\0\x08\0\0\0\0\0\0\0\x10\0\0\0\0\0\0\0\xc2\
\x03\0\0\x01\0\0\0\x06\0\0\0\0\0\0\0\0\0\0\0\0\0\0\0\x28\x76\0\0\0\0\0\0\x78\0\
\0\0\0\0\0\0\0\0\0\0\0\0\0\0\x08\0\0\0\0\0\0\0\0\0\0\0\0\0\0\0\xbe\x03\0\0\x09\
\0\0\0\x40\0\0\0\0\0\0\0\0\0\0\0\0\0\0\0\x98\x63\x02\0\0\0\0\0\x20\0\0\0\0\0\0\
\0\x20\0\0\0\x11\0\0\0\x08\0\0\0\0\0\0\0\x10\0\0\0\0\0\0\0\x78\x03\0\0\x01\0\0\
\0\x06\0\0\0\0\0\0\0\0\0\0\0\0\0\0\0\xa0\x76\0\0\0\0\0\0\x60\x0b\0\0\0\0\0\0\0\
\0\0\0\0\0\0\0\x08\0\0\0\0\0\0\0\0\0\0\0\0\0\0\0\x74\x03\0\0\x09\0\0\0\x40\0\0\
\0\0\0\0\0\0\0\0\0\0\0\0\0\xb8\x63\x02\0\0\0\0\0\x60\0\0\0\0\0\0\0\x20\0\0\0\
\x13\0\0\0\x08\0\0\0\0\0\0\0\x10\0\0\0\0\0\0\0\x7a\x02\0\0\x01\0\0\0\x06\0\0\0\
\0\0\0\0\0\0\0\0\0\0\0\0\0\x82\0\0\0\0\0\0\x48\x0b\0\0\0\0\0\0\0\0\0\0\0\0\0\0\
\x08\0\0\0\0\0\0\0\0\0\0\0\0\0\0\0\x76\x02\0\0\x09\0\0\0\x40\0\0\0\0\0\0\0\0\0\
\0\0\0\0\0\0\x18\x64\x02\0\0\0\0\0\x60\0\0\0\0\0\0\0\x20\0\0\0\x15\0\0\0\x08\0\
\0\0\0\0\0\0\x10\0\0\0\0\0\0\0\xee\x04\0\0\x01\0\0\0\x02\0\0\0\0\0\0\0\0\0\0\0\
\0\0\0\0\x48\x8d\0\0\0\0\0\0\x0d\0\0\0\0\0\0\0\0\0\0\0\0\0\0\0\x01\0\0\0\0\0\0\
\0\0\0\0\0\0\0\0\0\xbe\x02\0\0\x01\0\0\0\x03\0\0\0\0\0\0\0\0\0\0\0\0\0\0\0\x58\
\x8d\0\0\0\0\0\0\xd0\0\0\0\0\0\0\0\0\0\0\0\0\0\0\0\x08\0\0\0\0\0\0\0\0\0\0\0\0\
\0\0\0\x09\x05\0\0\x01\0\0\0\x02\0\0\0\0\0\0\0\0\0\0\0\0\0\0\0\x28\x8e\0\0\0\0\
\0\0\xb7\x02\0\0\0\0\0\0\0\0\0\0\0\0\0\0\x01\0\0\0\0\0\0\0\0\0\0\0\0\0\0\0\x17\
\x0b\0\0\x01\0\0\0\x32\0\0\0\0\0\0\0\0\0\0\0\0\0\0\0\xdf\x90\0\0\0\0\0\0\x33\0\
\0\0\0\0\0\0\0\0\0\0\0\0\0\0\x01\0\0\0\0\0\0\0\x01\0\0\0\0\0\0\0\x15\x05\0\0\
\x01\0\0\0\0\0\0\0\0\0\0\0\0\0\0\0\0\0\0\0\x14\x91\0\0\0\0\0\0\xb8\x57\x01\0\0\
\0\0\0\0\0\0\0\0\0\0\0\x04\0\0\0\0\0\0\0\0\0\0\0\0\0\0\0\x11\x05\0\0\x09\0\0\0\
\x40\0\0\0\0\0\0\0\0\0\0\0\0\0\0\0\x78\x64\x02\0\0\0\0\0\x30\x01\0\0\0\0\0\0\
\x20\0\0\0\x1b\0\0\0\x08\0\0\0\0\0\0\0\x10\0\0\0\0\0\0\0\x0b\0\0\0\x01\0\0\0\0\
\0\0\0\0\0\0\0\0\0\0\0\0\0\0\0\xcc\xe8\x01\0\0\0\0\0\xb4\x5f\0\0\0\0\0\0\0\0\0\
\0\0\0\0\0\x04\0\0\0\0\0\0\0\0\0\0\0\0\0\0\0\x07\0\0\0\x09\0\0\0\x40\0\0\0\0\0\
\0\0\0\0\0\0\0\0\0\0\xa8\x65\x02\0\0\0\0\0\xf0\x5e\0\0\0\0\0\0\x20\0\0\0\x1d\0\
\0\0\x08\0\0\0\0\0\0\0\x10\0\0\0\0\0\0\0\xc7\x04\0\0\x03\x4c\xff\x6f\0\0\0\x80\
\0\0\0\0\0\0\0\0\0\0\0\0\x98\xc4\x02\0\0\0\0\0\x36\0\0\0\0\0\0\0\0\0\0\0\0\0\0\
\0\x01\0\0\0\0\0\0\0\0\0\0\0\0\0\0\0\x01\x05\0\0\x02\0\0\0\0\0\0\0\0\0\0\0\0\0\
\0\0\0\0\0\0\x80\x48\x02\0\0\0\0\0\xf8\x16\0\0\0\0\0\0\x01\0\0\0\xe3\0\0\0\x08\
\0\0\0\0\0\0\0\x18\0\0\0\0\0\0\0";
}

#ifdef __cplusplus
struct network_bpf *network_bpf::open(const struct bpf_object_open_opts *opts) { return network_bpf__open_opts(opts); }
struct network_bpf *network_bpf::open_and_load() { return network_bpf__open_and_load(); }
int network_bpf::load(struct network_bpf *skel) { return network_bpf__load(skel); }
int network_bpf::attach(struct network_bpf *skel) { return network_bpf__attach(skel); }
void network_bpf::detach(struct network_bpf *skel) { network_bpf__detach(skel); }
void network_bpf::destroy(struct network_bpf *skel) { network_bpf__destroy(skel); }
const void *network_bpf::elf_bytes(size_t *sz) { return network_bpf__elf_bytes(sz); }
#endif /* __cplusplus */

__attribute__((unused)) static void
network_bpf__assert(struct network_bpf *s __attribute__((unused)))
{
#ifdef __cplusplus
#define _Static_assert static_assert
#endif
#ifdef __cplusplus
#undef _Static_assert
#endif
}

#endif /* __NETWORK_BPF_SKEL_H__ */
