/* SPDX-License-Identifier: (LGPL-2.1 OR BSD-2-Clause) */

/* THIS FILE IS AUTOGENERATED BY BPFTOOL! */
#ifndef __PROCESS_BPF_SKEL_H__
#define __PROCESS_BPF_SKEL_H__

#include <errno.h>
#include <stdlib.h>
#include <bpf/libbpf.h>

struct process_bpf {
	struct bpf_object_skeleton *skeleton;
	struct bpf_object *obj;
	struct {
		struct bpf_map *rb;
	} maps;
	struct {
		struct bpf_program *handle_sched_process_exec;
		struct bpf_program *handle_sched_process_exit;
	} progs;
	struct {
		struct bpf_link *handle_sched_process_exec;
		struct bpf_link *handle_sched_process_exit;
	} links;

#ifdef __cplusplus
	static inline struct process_bpf *open(const struct bpf_object_open_opts *opts = nullptr);
	static inline struct process_bpf *open_and_load();
	static inline int load(struct process_bpf *skel);
	static inline int attach(struct process_bpf *skel);
	static inline void detach(struct process_bpf *skel);
	static inline void destroy(struct process_bpf *skel);
	static inline const void *elf_bytes(size_t *sz);
#endif /* __cplusplus */
};

static void
process_bpf__destroy(struct process_bpf *obj)
{
	if (!obj)
		return;
	if (obj->skeleton)
		bpf_object__destroy_skeleton(obj->skeleton);
	free(obj);
}

static inline int
process_bpf__create_skeleton(struct process_bpf *obj);

static inline struct process_bpf *
process_bpf__open_opts(const struct bpf_object_open_opts *opts)
{
	struct process_bpf *obj;
	int err;

	obj = (struct process_bpf *)calloc(1, sizeof(*obj));
	if (!obj) {
		errno = ENOMEM;
		return NULL;
	}

	err = process_bpf__create_skeleton(obj);
	if (err)
		goto err_out;

	err = bpf_object__open_skeleton(obj->skeleton, opts);
	if (err)
		goto err_out;

	return obj;
err_out:
	process_bpf__destroy(obj);
	errno = -err;
	return NULL;
}

static inline struct process_bpf *
process_bpf__open(void)
{
	return process_bpf__open_opts(NULL);
}

static inline int
process_bpf__load(struct process_bpf *obj)
{
	return bpf_object__load_skeleton(obj->skeleton);
}

static inline struct process_bpf *
process_bpf__open_and_load(void)
{
	struct process_bpf *obj;
	int err;

	obj = process_bpf__open();
	if (!obj)
		return NULL;
	err = process_bpf__load(obj);
	if (err) {
		process_bpf__destroy(obj);
		errno = -err;
		return NULL;
	}
	return obj;
}

static inline int
process_bpf__attach(struct process_bpf *obj)
{
	return bpf_object__attach_skeleton(obj->skeleton);
}

static inline void
process_bpf__detach(struct process_bpf *obj)
{
	bpf_object__detach_skeleton(obj->skeleton);
}

static inline const void *process_bpf__elf_bytes(size_t *sz);

static inline int
process_bpf__create_skeleton(struct process_bpf *obj)
{
	struct bpf_object_skeleton *s;
	int err;

	s = (struct bpf_object_skeleton *)calloc(1, sizeof(*s));
	if (!s)	{
		err = -ENOMEM;
		goto err;
	}

	s->sz = sizeof(*s);
	s->name = "process_bpf";
	s->obj = &obj->obj;

	/* maps */
	s->map_cnt = 1;
	s->map_skel_sz = sizeof(*s->maps);
	s->maps = (struct bpf_map_skeleton *)calloc(s->map_cnt, s->map_skel_sz);
	if (!s->maps) {
		err = -ENOMEM;
		goto err;
	}

	s->maps[0].name = "rb";
	s->maps[0].map = &obj->maps.rb;

	/* programs */
	s->prog_cnt = 2;
	s->prog_skel_sz = sizeof(*s->progs);
	s->progs = (struct bpf_prog_skeleton *)calloc(s->prog_cnt, s->prog_skel_sz);
	if (!s->progs) {
		err = -ENOMEM;
		goto err;
	}

	s->progs[0].name = "handle_sched_process_exec";
	s->progs[0].prog = &obj->progs.handle_sched_process_exec;
	s->progs[0].link = &obj->links.handle_sched_process_exec;

	s->progs[1].name = "handle_sched_process_exit";
	s->progs[1].prog = &obj->progs.handle_sched_process_exit;
	s->progs[1].link = &obj->links.handle_sched_process_exit;

	s->data = (void *)process_bpf__elf_bytes(&s->data_sz);

	obj->skeleton = s;
	return 0;
err:
	bpf_object__destroy_skeleton(s);
	return err;
}

static inline const void *process_bpf__elf_bytes(size_t *sz)
{
	*sz = 117224;
	return (const void *)"\
\x7f\x45\x4c\x46\x02\x01\x01\0\0\0\0\0\0\0\0\0\x01\0\xf7\0\x01\0\0\0\0\0\0\0\0\
\0\0\0\0\0\0\0\0\0\0\0\x28\xc6\x01\0\0\0\0\0\0\0\0\0\x40\0\0\0\0\0\x40\0\x0f\0\
\x01\0\xb7\x02\0\0\x44\0\0\0\x79\x17\0\0\0\0\0\0\xbf\x73\0\0\0\0\0\0\x0f\x23\0\
\0\0\0\0\0\x79\x18\x10\0\0\0\0\0\xbf\xa1\0\0\0\0\0\0\x07\x01\0\0\xf8\xff\xff\
\xff\xb7\x02\0\0\x04\0\0\0\x85\0\0\0\x71\0\0\0\x61\xa1\xf8\xff\0\0\0\0\x57\x01\
\0\0\0\0\x20\0\x55\x01\x9d\x02\0\0\0\0\xb7\x06\0\0\0\0\0\0\x18\x01\0\0\0\0\0\0\
\0\0\0\0\0\0\0\0\xb7\x02\0\0\xb0\x04\0\0\xb7\x03\0\0\0\0\0\0\x85\0\0\0\x83\0\0\
\0\x15\0\x96\x02\0\0\0\0\x7b\x8a\xd8\xff\0\0\0\0\x7b\x0a\xd0\xff\0\0\0\0\xbf\
\x01\0\0\0\0\0\0\x63\x61\0\0\0\0\0\0\x7b\x1a\xe0\xff\0\0\0\0\x63\x61\xa8\x04\0\
\0\0\0\xb7\x01\0\0\x18\x06\0\0\x7b\x7a\xe8\xff\0\0\0\0\xbf\x73\0\0\0\0\0\0\x0f\
\x13\0\0\0\0\0\0\xbf\xa1\0\0\0\0\0\0\x07\x01\0\0\xf0\xff\xff\xff\xb7\x02\0\0\
\x08\0\0\0\x85\0\0\0\x71\0\0\0\xb7\x01\0\0\x48\x06\0\0\x79\xa3\xf0\xff\0\0\0\0\
\x0f\x13\0\0\0\0\0\0\xbf\xa1\0\0\0\0\0\0\x07\x01\0\0\xf8\xff\xff\xff\xb7\x02\0\
\0\x08\0\0\0\x85\0\0\0\x71\0\0\0\xb7\x09\0\0\x40\0\0\0\x79\xa6\xf8\xff\0\0\0\0\
\x05\0\x06\0\0\0\0\0\x07\x09\0\0\xff\xff\xff\xff\xbf\x91\0\0\0\0\0\0\x67\x01\0\
\0\x20\0\0\0\x77\x01\0\0\x20\0\0\0\xbf\x86\0\0\0\0\0\0\x15\x01\x20\0\0\0\0\0\
\xbf\x63\0\0\0\0\0\0\xb7\x01\0\0\x18\x06\0\0\x0f\x13\0\0\0\0\0\0\xbf\xa1\0\0\0\
\0\0\0\x07\x01\0\0\xf0\xff\xff\xff\xb7\x02\0\0\x08\0\0\0\x85\0\0\0\x71\0\0\0\
\x79\xa3\xf0\xff\0\0\0\0\xb7\x01\0\0\x48\x06\0\0\x0f\x13\0\0\0\0\0\0\xbf\xa1\0\
\0\0\0\0\0\x07\x01\0\0\xf8\xff\xff\xff\xb7\x02\0\0\x08\0\0\0\x85\0\0\0\x71\0\0\
\0\x79\xa8\xf8\xff\0\0\0\0\x15\x08\x10\0\0\0\0\0\xbf\x63\0\0\0\0\0\0\xb7\x07\0\
\0\0\x09\0\0\x0f\x73\0\0\0\0\0\0\xbf\xa1\0\0\0\0\0\0\x07\x01\0\0\xf8\xff\xff\
\xff\xb7\x02\0\0\x08\0\0\0\x85\0\0\0\x71\0\0\0\xbf\x83\0\0\0\0\0\0\x0f\x73\0\0\
\0\0\0\0\x79\xa7\xf8\xff\0\0\0\0\xbf\xa1\0\0\0\0\0\0\x07\x01\0\0\xf8\xff\xff\
\xff\xb7\x02\0\0\x08\0\0\0\x85\0\0\0\x71\0\0\0\x79\xa1\xf8\xff\0\0\0\0\x1d\x17\
\xda\xff\0\0\0\0\xb7\x07\0\0\x0c\x06\0\0\xbf\x63\0\0\0\0\0\0\x0f\x73\0\0\0\0\0\
\0\xbf\xa1\0\0\0\0\0\0\x07\x01\0\0\xf8\xff\xff\xff\xb7\x02\0\0\x04\0\0\0\x85\0\
\0\0\x71\0\0\0\x61\xa1\xf8\xff\0\0\0\0\x79\xa4\xe0\xff\0\0\0\0\x63\x14\x0c\0\0\
\0\0\0\xb7\x08\0\0\x40\x07\0\0\x0f\x86\0\0\0\0\0\0\xbf\xa1\0\0\0\0\0\0\x07\x01\
\0\0\xf8\xff\xff\xff\xb7\x02\0\0\x08\0\0\0\xbf\x63\0\0\0\0\0\0\xbf\x46\0\0\0\0\
\0\0\x85\0\0\0\x71\0\0\0\x79\xa1\xf8\xff\0\0\0\0\x7b\x16\x18\0\0\0\0\0\xb7\x01\
\0\0\x48\x06\0\0\x79\xa9\xe8\xff\0\0\0\0\xbf\x93\0\0\0\0\0\0\x0f\x13\0\0\0\0\0\
\0\xbf\xa1\0\0\0\0\0\0\x07\x01\0\0\xf0\xff\xff\xff\xb7\x02\0\0\x08\0\0\0\x85\0\
\0\0\x71\0\0\0\x79\xa3\xf0\xff\0\0\0\0\x0f\x83\0\0\0\0\0\0\xbf\xa1\0\0\0\0\0\0\
\x07\x01\0\0\xf8\xff\xff\xff\xb7\x02\0\0\x08\0\0\0\x85\0\0\0\x71\0\0\0\x79\xa1\
\xf8\xff\0\0\0\0\x7b\x16\x10\0\0\0\0\0\xbf\x93\0\0\0\0\0\0\x0f\x73\0\0\0\0\0\0\
\xbf\xa1\0\0\0\0\0\0\x07\x01\0\0\xf8\xff\xff\xff\xb7\x02\0\0\x04\0\0\0\x85\0\0\
\0\x71\0\0\0\x61\xa1\xf8\xff\0\0\0\0\x63\x16\x08\0\0\0\0\0\xb7\x01\0\0\xe8\x07\
\0\0\xbf\x98\0\0\0\0\0\0\x0f\x18\0\0\0\0\0\0\xbf\xa1\0\0\0\0\0\0\x07\x01\0\0\
\xf8\xff\xff\xff\xb7\x02\0\0\x08\0\0\0\xbf\x83\0\0\0\0\0\0\x85\0\0\0\x71\0\0\0\
\xb7\x01\0\0\x14\0\0\0\x79\xa3\xf8\xff\0\0\0\0\x0f\x13\0\0\0\0\0\0\xbf\xa1\0\0\
\0\0\0\0\x07\x01\0\0\xf0\xff\xff\xff\xb7\x02\0\0\x04\0\0\0\x85\0\0\0\x71\0\0\0\
\x61\xa1\xf0\xff\0\0\0\0\x63\x16\x24\x02\0\0\0\0\xbf\xa1\0\0\0\0\0\0\x07\x01\0\
\0\xf8\xff\xff\xff\xb7\x02\0\0\x08\0\0\0\xbf\x83\0\0\0\0\0\0\x85\0\0\0\x71\0\0\
\0\xb7\x01\0\0\x18\0\0\0\x79\xa3\xf8\xff\0\0\0\0\x0f\x13\0\0\0\0\0\0\xbf\xa1\0\
\0\0\0\0\0\x07\x01\0\0\xf0\xff\xff\xff\xb7\x02\0\0\x04\0\0\0\x85\0\0\0\x71\0\0\
\0\x61\xa1\xf0\xff\0\0\0\0\x63\x16\x28\x02\0\0\0\0\xb7\x01\0\0\x50\x05\0\0\x0f\
\x19\0\0\0\0\0\0\xbf\xa1\0\0\0\0\0\0\x07\x01\0\0\xf0\xff\xff\xff\xb7\x02\0\0\
\x08\0\0\0\xbf\x93\0\0\0\0\0\0\x85\0\0\0\x71\0\0\0\xb7\x01\0\0\x38\x01\0\0\x79\
\xa3\xf0\xff\0\0\0\0\x0f\x13\0\0\0\0\0\0\xbf\xa1\0\0\0\0\0\0\x07\x01\0\0\xf8\
\xff\xff\xff\xb7\x02\0\0\x08\0\0\0\x85\0\0\0\x71\0\0\0\x79\xa8\xf8\xff\0\0\0\0\
\xbf\xa1\0\0\0\0\0\0\x07\x01\0\0\xf0\xff\xff\xff\xb7\x02\0\0\x08\0\0\0\xbf\x93\
\0\0\0\0\0\0\x85\0\0\0\x71\0\0\0\xb7\x01\0\0\x40\x01\0\0\x79\xa3\xf0\xff\0\0\0\
\0\x0f\x13\0\0\0\0\0\0\xbf\xa1\0\0\0\0\0\0\x07\x01\0\0\xf8\xff\xff\xff\xb7\x02\
\0\0\x08\0\0\0\x85\0\0\0\x71\0\0\0\x79\xa2\xf8\xff\0\0\0\0\x1f\x82\0\0\0\0\0\0\
\xb7\x01\0\0\0\x02\0\0\x2d\x21\x01\0\0\0\0\0\xb7\x02\0\0\0\x02\0\0\x63\x26\x20\
\x02\0\0\0\0\x79\xa1\xd0\xff\0\0\0\0\x07\x01\0\0\x20\0\0\0\xbf\x83\0\0\0\0\0\0\
\x85\0\0\0\x70\0\0\0\x61\x61\x20\x02\0\0\0\0\x55\x01\x02\0\0\x02\0\0\xb7\x01\0\
\0\0\0\0\0\x73\x16\x1f\x02\0\0\0\0\xb7\x01\0\0\x50\x08\0\0\x79\xa8\xe8\xff\0\0\
\0\0\x0f\x18\0\0\0\0\0\0\xbf\xa9\0\0\0\0\0\0\x07\x09\0\0\xf8\xff\xff\xff\xbf\
\x91\0\0\0\0\0\0\xb7\x02\0\0\x08\0\0\0\xbf\x83\0\0\0\0\0\0\x85\0\0\0\x71\0\0\0\
\xb7\x01\0\0\x20\0\0\0\x79\xa3\xf8\xff\0\0\0\0\x0f\x13\0\0\0\0\0\0\xbf\x91\0\0\
\0\0\0\0\xb7\x02\0\0\x08\0\0\0\x85\0\0\0\x71\0\0\0\xb7\x01\0\0\x78\0\0\0\x79\
\xa3\xf8\xff\0\0\0\0\x0f\x13\0\0\0\0\0\0\xbf\xa1\0\0\0\0\0\0\x07\x01\0\0\xf0\
\xff\xff\xff\xb7\x02\0\0\x04\0\0\0\x85\0\0\0\x71\0\0\0\x61\xa1\xf0\xff\0\0\0\0\
\x7b\x16\x78\x04\0\0\0\0\xbf\xa9\0\0\0\0\0\0\x07\x09\0\0\xf8\xff\xff\xff\xbf\
\x91\0\0\0\0\0\0\xb7\x02\0\0\x08\0\0\0\xbf\x83\0\0\0\0\0\0\x85\0\0\0\x71\0\0\0\
\xb7\x01\0\0\x18\0\0\0\x79\xa3\xf8\xff\0\0\0\0\x0f\x13\0\0\0\0\0\0\xbf\x91\0\0\
\0\0\0\0\xb7\x02\0\0\x08\0\0\0\x85\0\0\0\x71\0\0\0\xb7\x01\0\0\x10\0\0\0\x79\
\xa3\xf8\xff\0\0\0\0\x0f\x13\0\0\0\0\0\0\xbf\xa1\0\0\0\0\0\0\x07\x01\0\0\xf0\
\xff\xff\xff\xb7\x02\0\0\x04\0\0\0\x85\0\0\0\x71\0\0\0\x61\xa1\xf0\xff\0\0\0\0\
\x7b\x16\x90\x04\0\0\0\0\xbf\xa9\0\0\0\0\0\0\x07\x09\0\0\xf8\xff\xff\xff\xbf\
\x91\0\0\0\0\0\0\xb7\x02\0\0\x08\0\0\0\xbf\x83\0\0\0\0\0\0\x85\0\0\0\x71\0\0\0\
\xb7\x01\0\0\x40\0\0\0\x79\xa3\xf8\xff\0\0\0\0\x0f\x13\0\0\0\0\0\0\xbf\x91\0\0\
\0\0\0\0\xb7\x02\0\0\x08\0\0\0\x85\0\0\0\x71\0\0\0\xb7\x01\0\0\x10\0\0\0\x79\
\xa3\xf8\xff\0\0\0\0\x0f\x13\0\0\0\0\0\0\xbf\xa1\0\0\0\0\0\0\x07\x01\0\0\xf0\
\xff\xff\xff\xb7\x02\0\0\x04\0\0\0\x85\0\0\0\x71\0\0\0\x61\xa1\xf0\xff\0\0\0\0\
\x7b\x16\x70\x04\0\0\0\0\xbf\xa9\0\0\0\0\0\0\x07\x09\0\0\xf8\xff\xff\xff\xbf\
\x91\0\0\0\0\0\0\xb7\x02\0\0\x08\0\0\0\xbf\x83\0\0\0\0\0\0\x85\0\0\0\x71\0\0\0\
\xb7\x01\0\0\x10\0\0\0\x79\xa3\xf8\xff\0\0\0\0\x0f\x13\0\0\0\0\0\0\xbf\x91\0\0\
\0\0\0\0\xb7\x02\0\0\x08\0\0\0\x85\0\0\0\x71\0\0\0\xb7\x01\0\0\x30\x03\0\0\x79\
\xa3\xf8\xff\0\0\0\0\x0f\x13\0\0\0\0\0\0\xbf\xa1\0\0\0\0\0\0\x07\x01\0\0\xf0\
\xff\xff\xff\xb7\x02\0\0\x04\0\0\0\x85\0\0\0\x71\0\0\0\x61\xa1\xf0\xff\0\0\0\0\
\x7b\x16\xa0\x04\0\0\0\0\xbf\xa9\0\0\0\0\0\0\x07\x09\0\0\xf8\xff\xff\xff\xbf\
\x91\0\0\0\0\0\0\xb7\x02\0\0\x08\0\0\0\xbf\x83\0\0\0\0\0\0\x85\0\0\0\x71\0\0\0\
\xb7\x01\0\0\x28\0\0\0\x79\xa3\xf8\xff\0\0\0\0\x0f\x13\0\0\0\0\0\0\xbf\x91\0\0\
\0\0\0\0\xb7\x02\0\0\x08\0\0\0\x85\0\0\0\x71\0\0\0\xb7\x01\0\0\x88\0\0\0\x79\
\xa3\xf8\xff\0\0\0\0\x0f\x13\0\0\0\0\0\0\xbf\xa1\0\0\0\0\0\0\x07\x01\0\0\xf0\
\xff\xff\xff\xb7\x02\0\0\x04\0\0\0\x85\0\0\0\x71\0\0\0\x61\xa1\xf0\xff\0\0\0\0\
\x7b\x16\x98\x04\0\0\0\0\xbf\xa9\0\0\0\0\0\0\x07\x09\0\0\xf8\xff\xff\xff\xbf\
\x91\0\0\0\0\0\0\xb7\x02\0\0\x08\0\0\0\xbf\x83\0\0\0\0\0\0\x7b\x8a\xc8\xff\0\0\
\0\0\x85\0\0\0\x71\0\0\0\xbf\x67\0\0\0\0\0\0\xb7\x06\0\0\x08\0\0\0\x79\xa3\xf8\
\xff\0\0\0\0\x0f\x63\0\0\0\0\0\0\xbf\x91\0\0\0\0\0\0\xb7\x02\0\0\x08\0\0\0\x85\
\0\0\0\x71\0\0\0\xb7\x01\0\0\x88\x01\0\0\x79\xa3\xf8\xff\0\0\0\0\x0f\x13\0\0\0\
\0\0\0\xbf\x91\0\0\0\0\0\0\xb7\x02\0\0\x08\0\0\0\x85\0\0\0\x71\0\0\0\xb7\x01\0\
\0\0\x01\0\0\x79\xa3\xf8\xff\0\0\0\0\x0f\x13\0\0\0\0\0\0\xbf\xa1\0\0\0\0\0\0\
\x07\x01\0\0\xf0\xff\xff\xff\xb7\x02\0\0\x04\0\0\0\x85\0\0\0\x71\0\0\0\x61\xa1\
\xf0\xff\0\0\0\0\x7b\x17\x80\x04\0\0\0\0\xbf\xa9\0\0\0\0\0\0\x07\x09\0\0\xf8\
\xff\xff\xff\xbf\x91\0\0\0\0\0\0\xb7\x02\0\0\x08\0\0\0\xbf\x83\0\0\0\0\0\0\x85\
\0\0\0\x71\0\0\0\x79\xa3\xf8\xff\0\0\0\0\x0f\x63\0\0\0\0\0\0\xbf\x91\0\0\0\0\0\
\0\xb7\x02\0\0\x08\0\0\0\x85\0\0\0\x71\0\0\0\xb7\x01\0\0\xa8\x01\0\0\x79\xa3\
\xf8\xff\0\0\0\0\x0f\x13\0\0\0\0\0\0\xbf\xa1\0\0\0\0\0\0\x07\x01\0\0\xf0\xff\
\xff\xff\xb7\x02\0\0\x04\0\0\0\x85\0\0\0\x71\0\0\0\x61\xa1\xf0\xff\0\0\0\0\x7b\
\x17\x88\x04\0\0\0\0\xb7\x01\0\0\x40\0\0\0\x79\xa9\xd8\xff\0\0\0\0\x0f\x19\0\0\
\0\0\0\0\xbf\xa8\0\0\0\0\0\0\x07\x08\0\0\xf0\xff\xff\xff\xbf\x81\0\0\0\0\0\0\
\xb7\x02\0\0\x08\0\0\0\xbf\x93\0\0\0\0\0\0\x85\0\0\0\x71\0\0\0\xb7\x01\0\0\x28\
\0\0\0\x79\xa3\xf0\xff\0\0\0\0\x0f\x13\0\0\0\0\0\0\xb7\x06\0\0\x28\0\0\0\xbf\
\x81\0\0\0\0\0\0\xb7\x02\0\0\x08\0\0\0\x85\0\0\0\x71\0\0\0\xb7\x01\0\0\x40\0\0\
\0\x79\xa3\xf0\xff\0\0\0\0\x0f\x13\0\0\0\0\0\0\xbf\xa1\0\0\0\0\0\0\x07\x01\0\0\
\xf8\xff\xff\xff\xb7\x02\0\0\x08\0\0\0\x85\0\0\0\x71\0\0\0\x79\xa1\xf8\xff\0\0\
\0\0\x63\x17\x3c\x04\0\0\0\0\xbf\xa8\0\0\0\0\0\0\x07\x08\0\0\xf8\xff\xff\xff\
\xbf\x81\0\0\0\0\0\0\xb7\x02\0\0\x08\0\0\0\xbf\x93\0\0\0\0\0\0\x85\0\0\0\x71\0\
\0\0\x79\xa3\xf8\xff\0\0\0\0\x0f\x63\0\0\0\0\0\0\xbf\x81\0\0\0\0\0\0\xb7\x02\0\
\0\x08\0\0\0\x85\0\0\0\x71\0\0\0\xb7\x01\0\0\x04\0\0\0\x79\xa3\xf8\xff\0\0\0\0\
\x0f\x13\0\0\0\0\0\0\xbf\xa1\0\0\0\0\0\0\x07\x01\0\0\xf0\xff\xff\xff\xb7\x02\0\
\0\x04\0\0\0\x85\0\0\0\x71\0\0\0\x61\xa1\xf0\xff\0\0\0\0\x63\x17\x40\x04\0\0\0\
\0\xbf\xa8\0\0\0\0\0\0\x07\x08\0\0\xf8\xff\xff\xff\xbf\x81\0\0\0\0\0\0\xb7\x02\
\0\0\x08\0\0\0\xbf\x93\0\0\0\0\0\0\x85\0\0\0\x71\0\0\0\x79\xa3\xf8\xff\0\0\0\0\
\x0f\x63\0\0\0\0\0\0\xbf\x81\0\0\0\0\0\0\xb7\x02\0\0\x08\0\0\0\x85\0\0\0\x71\0\
\0\0\xb7\x01\0\0\x08\0\0\0\x79\xa3\xf8\xff\0\0\0\0\x0f\x13\0\0\0\0\0\0\xbf\xa1\
\0\0\0\0\0\0\x07\x01\0\0\xf0\xff\xff\xff\xb7\x02\0\0\x04\0\0\0\x85\0\0\0\x71\0\
\0\0\x61\xa1\xf0\xff\0\0\0\0\x63\x17\x44\x04\0\0\0\0\xbf\xa8\0\0\0\0\0\0\x07\
\x08\0\0\xf8\xff\xff\xff\xbf\x81\0\0\0\0\0\0\xb7\x02\0\0\x08\0\0\0\xbf\x93\0\0\
\0\0\0\0\x85\0\0\0\x71\0\0\0\x79\xa3\xf8\xff\0\0\0\0\x0f\x63\0\0\0\0\0\0\xbf\
\x81\0\0\0\0\0\0\xb7\x02\0\0\x08\0\0\0\x85\0\0\0\x71\0\0\0\xb7\x01\0\0\0\0\0\0\
\x79\xa3\xf8\xff\0\0\0\0\x0f\x13\0\0\0\0\0\0\xbf\xa1\0\0\0\0\0\0\x07\x01\0\0\
\xf0\xff\xff\xff\xb7\x02\0\0\x02\0\0\0\x85\0\0\0\x71\0\0\0\x69\xa1\xf0\xff\0\0\
\0\0\x6b\x17\x4c\x04\0\0\0\0\xbf\xa8\0\0\0\0\0\0\x07\x08\0\0\xf0\xff\xff\xff\
\xbf\x81\0\0\0\0\0\0\xb7\x02\0\0\x08\0\0\0\xbf\x93\0\0\0\0\0\0\x85\0\0\0\x71\0\
\0\0\x79\xa3\xf0\xff\0\0\0\0\x0f\x63\0\0\0\0\0\0\xbf\x81\0\0\0\0\0\0\xb7\x02\0\
\0\x08\0\0\0\x85\0\0\0\x71\0\0\0\xb7\x01\0\0\x68\0\0\0\x79\xa3\xf0\xff\0\0\0\0\
\x0f\x13\0\0\0\0\0\0\xbf\xa1\0\0\0\0\0\0\x07\x01\0\0\xf8\xff\xff\xff\xb7\x02\0\
\0\x08\0\0\0\x85\0\0\0\x71\0\0\0\x79\xa1\xf8\xff\0\0\0\0\x7b\x17\x50\x04\0\0\0\
\0\xbf\xa8\0\0\0\0\0\0\x07\x08\0\0\xf0\xff\xff\xff\xbf\x81\0\0\0\0\0\0\xb7\x02\
\0\0\x08\0\0\0\xbf\x93\0\0\0\0\0\0\x85\0\0\0\x71\0\0\0\x79\xa3\xf0\xff\0\0\0\0\
\x0f\x63\0\0\0\0\0\0\xbf\x81\0\0\0\0\0\0\xb7\x02\0\0\x08\0\0\0\x85\0\0\0\x71\0\
\0\0\xb7\x01\0\0\x70\0\0\0\x79\xa3\xf0\xff\0\0\0\0\x0f\x13\0\0\0\0\0\0\xbf\xa1\
\0\0\0\0\0\0\x07\x01\0\0\xf8\xff\xff\xff\xb7\x02\0\0\x08\0\0\0\x85\0\0\0\x71\0\
\0\0\x79\xa1\xf8\xff\0\0\0\0\x7b\x17\x58\x04\0\0\0\0\xbf\xa8\0\0\0\0\0\0\x07\
\x08\0\0\xf0\xff\xff\xff\xbf\x81\0\0\0\0\0\0\xb7\x02\0\0\x08\0\0\0\xbf\x93\0\0\
\0\0\0\0\x85\0\0\0\x71\0\0\0\x79\xa3\xf0\xff\0\0\0\0\x0f\x63\0\0\0\0\0\0\xbf\
\x81\0\0\0\0\0\0\xb7\x02\0\0\x08\0\0\0\x85\0\0\0\x71\0\0\0\xb7\x01\0\0\x78\0\0\
\0\x79\xa3\xf0\xff\0\0\0\0\x0f\x13\0\0\0\0\0\0\xbf\xa1\0\0\0\0\0\0\x07\x01\0\0\
\xf8\xff\xff\xff\xb7\x02\0\0\x08\0\0\0\x85\0\0\0\x71\0\0\0\x79\xa1\xf8\xff\0\0\
\0\0\x7b\x17\x60\x04\0\0\0\0\xbf\xa8\0\0\0\0\0\0\x07\x08\0\0\xf0\xff\xff\xff\
\xbf\x81\0\0\0\0\0\0\xb7\x02\0\0\x08\0\0\0\xbf\x93\0\0\0\0\0\0\x85\0\0\0\x71\0\
\0\0\x79\xa3\xf0\xff\0\0\0\0\x0f\x63\0\0\0\0\0\0\xbf\x81\0\0\0\0\0\0\xb7\x02\0\
\0\x08\0\0\0\x85\0\0\0\x71\0\0\0\xb7\x01\0\0\x80\0\0\0\x79\xa3\xf0\xff\0\0\0\0\
\x0f\x13\0\0\0\0\0\0\xbf\xa1\0\0\0\0\0\0\x07\x01\0\0\xf8\xff\xff\xff\xb7\x02\0\
\0\x08\0\0\0\x85\0\0\0\x71\0\0\0\x79\xa1\xf8\xff\0\0\0\0\x7b\x17\x68\x04\0\0\0\
\0\xbf\xa8\0\0\0\0\0\0\x07\x08\0\0\xf8\xff\xff\xff\xbf\x81\0\0\0\0\0\0\xb7\x02\
\0\0\x08\0\0\0\xbf\x93\0\0\0\0\0\0\x85\0\0\0\x71\0\0\0\x79\xa3\xf8\xff\0\0\0\0\
\x0f\x63\0\0\0\0\0\0\xbf\x81\0\0\0\0\0\0\xb7\x02\0\0\x08\0\0\0\x85\0\0\0\x71\0\
\0\0\xb7\x01\0\0\x28\0\0\0\x79\xa3\xf8\xff\0\0\0\0\x0f\x13\0\0\0\0\0\0\xbf\x81\
\0\0\0\0\0\0\xb7\x02\0\0\x08\0\0\0\x85\0\0\0\x71\0\0\0\xb7\x01\0\0\x10\0\0\0\
\x79\xa3\xf8\xff\0\0\0\0\x0f\x13\0\0\0\0\0\0\xbf\xa1\0\0\0\0\0\0\x07\x01\0\0\
\xf0\xff\xff\xff\xb7\x02\0\0\x04\0\0\0\x85\0\0\0\x71\0\0\0\x18\x01\0\0\0\0\xf0\
\xff\0\0\0\0\0\0\0\0\x61\xa2\xf0\xff\0\0\0\0\xbf\x23\0\0\0\0\0\0\x67\x03\0\0\
\x0c\0\0\0\x5f\x13\0\0\0\0\0\0\xbf\x21\0\0\0\0\0\0\x57\x01\0\0\xff\0\0\0\x77\
\x02\0\0\x0c\0\0\0\x57\x02\0\0\0\xff\x0f\0\x4f\x12\0\0\0\0\0\0\x4f\x32\0\0\0\0\
\0\0\x63\x27\x38\x04\0\0\0\0\xb7\x01\0\0\x68\0\0\0\x79\xa3\xd8\xff\0\0\0\0\x0f\
\x13\0\0\0\0\0\0\xbf\xa1\0\0\0\0\0\0\x07\x01\0\0\xf8\xff\xff\xff\xb7\x02\0\0\
\x08\0\0\0\x85\0\0\0\x71\0\0\0\x79\xa3\xf8\xff\0\0\0\0\x79\xa1\xd0\xff\0\0\0\0\
\x07\x01\0\0\x30\x02\0\0\xb7\x02\0\0\0\x02\0\0\x85\0\0\0\x2d\0\0\0\xbf\xa8\0\0\
\0\0\0\0\x07\x08\0\0\xf8\xff\xff\xff\xbf\x81\0\0\0\0\0\0\xb7\x02\0\0\x08\0\0\0\
\x79\xa3\xc8\xff\0\0\0\0\x85\0\0\0\x71\0\0\0\x79\xa3\xf8\xff\0\0\0\0\xb7\x01\0\
\0\x18\0\0\0\x0f\x13\0\0\0\0\0\0\xbf\x81\0\0\0\0\0\0\x79\xa8\xe8\xff\0\0\0\0\
\xb7\x02\0\0\x08\0\0\0\x85\0\0\0\x71\0\0\0\x79\xa3\xf8\xff\0\0\0\0\xb7\x01\0\0\
\x10\0\0\0\x0f\x13\0\0\0\0\0\0\xbf\xa1\0\0\0\0\0\0\x07\x01\0\0\xf0\xff\xff\xff\
\xb7\x02\0\0\x04\0\0\0\x85\0\0\0\x71\0\0\0\x61\xa1\xf0\xff\0\0\0\0\x7b\x17\x30\
\x04\0\0\0\0\xb7\x09\0\0\x40\0\0\0\x05\0\x06\0\0\0\0\0\x07\x09\0\0\xff\xff\xff\
\xff\xbf\x91\0\0\0\0\0\0\x67\x01\0\0\x20\0\0\0\x77\x01\0\0\x20\0\0\0\xbf\x68\0\
\0\0\0\0\0\x15\x01\x47\0\0\0\0\0\xbf\x83\0\0\0\0\0\0\xb7\x01\0\0\x18\x06\0\0\
\x0f\x13\0\0\0\0\0\0\xbf\xa1\0\0\0\0\0\0\x07\x01\0\0\xf0\xff\xff\xff\xb7\x02\0\
\0\x08\0\0\0\x85\0\0\0\x71\0\0\0\x79\xa3\xf0\xff\0\0\0\0\xb7\x01\0\0\x48\x06\0\
\0\x0f\x13\0\0\0\0\0\0\xbf\xa1\0\0\0\0\0\0\x07\x01\0\0\xf8\xff\xff\xff\xb7\x02\
\0\0\x08\0\0\0\x85\0\0\0\x71\0\0\0\x79\xa6\xf8\xff\0\0\0\0\x15\x06\x37\0\0\0\0\
\0\xbf\x63\0\0\0\0\0\0\xb7\x01\0\0\x0c\x06\0\0\x0f\x13\0\0\0\0\0\0\xbf\xa1\0\0\
\0\0\0\0\x07\x01\0\0\xf8\xff\xff\xff\xb7\x02\0\0\x04\0\0\0\x85\0\0\0\x71\0\0\0\
\x61\xa1\xf8\xff\0\0\0\0\x15\x01\x2e\0\0\0\0\0\xbf\x83\0\0\0\0\0\0\xb7\x07\0\0\
\x50\x08\0\0\x0f\x73\0\0\0\0\0\0\x7b\x8a\xe8\xff\0\0\0\0\xbf\xa8\0\0\0\0\0\0\
\x07\x08\0\0\xf8\xff\xff\xff\xbf\x81\0\0\0\0\0\0\xb7\x02\0\0\x08\0\0\0\x85\0\0\
\0\x71\0\0\0\x79\xa3\xf8\xff\0\0\0\0\xb7\x01\0\0\x18\0\0\0\x0f\x13\0\0\0\0\0\0\
\xbf\x81\0\0\0\0\0\0\xb7\x02\0\0\x08\0\0\0\x85\0\0\0\x71\0\0\0\x79\xa3\xf8\xff\
\0\0\0\0\xb7\x01\0\0\x10\0\0\0\x0f\x13\0\0\0\0\0\0\xbf\xa1\0\0\0\0\0\0\x07\x01\
\0\0\xf0\xff\xff\xff\xb7\x02\0\0\x04\0\0\0\x85\0\0\0\x71\0\0\0\xbf\x63\0\0\0\0\
\0\0\x0f\x73\0\0\0\0\0\0\x61\xa7\xf0\xff\0\0\0\0\xbf\xa8\0\0\0\0\0\0\x07\x08\0\
\0\xf8\xff\xff\xff\xbf\x81\0\0\0\0\0\0\xb7\x02\0\0\x08\0\0\0\x85\0\0\0\x71\0\0\
\0\x79\xa3\xf8\xff\0\0\0\0\xb7\x01\0\0\x18\0\0\0\x0f\x13\0\0\0\0\0\0\xbf\x81\0\
\0\0\0\0\0\x79\xa8\xe8\xff\0\0\0\0\xb7\x02\0\0\x08\0\0\0\x85\0\0\0\x71\0\0\0\
\x79\xa3\xf8\xff\0\0\0\0\xb7\x01\0\0\x10\0\0\0\x0f\x13\0\0\0\0\0\0\xbf\xa1\0\0\
\0\0\0\0\x07\x01\0\0\xf0\xff\xff\xff\xb7\x02\0\0\x04\0\0\0\x85\0\0\0\x71\0\0\0\
\x61\xa1\xf0\xff\0\0\0\0\x1d\x17\xb3\xff\0\0\0\0\xb7\x01\0\0\x0c\x06\0\0\x0f\
\x18\0\0\0\0\0\0\xbf\xa1\0\0\0\0\0\0\x07\x01\0\0\xf8\xff\xff\xff\xb7\x02\0\0\
\x04\0\0\0\xbf\x83\0\0\0\0\0\0\x85\0\0\0\x71\0\0\0\x61\xa2\xf8\xff\0\0\0\0\x79\
\xa1\xe0\xff\0\0\0\0\x63\x21\x48\x04\0\0\0\0\xb7\x02\0\0\0\0\0\0\x85\0\0\0\x84\
\0\0\0\xb7\0\0\0\0\0\0\0\x95\0\0\0\0\0\0\0\xb7\x02\0\0\x44\0\0\0\x79\x19\0\0\0\
\0\0\0\xbf\x93\0\0\0\0\0\0\x0f\x23\0\0\0\0\0\0\xbf\xa1\0\0\0\0\0\0\x07\x01\0\0\
\xf8\xff\xff\xff\xb7\x02\0\0\x04\0\0\0\x85\0\0\0\x71\0\0\0\x61\xa1\xf8\xff\0\0\
\0\0\x57\x01\0\0\0\0\x20\0\x55\x01\x0f\x01\0\0\0\0\xb7\x01\0\0\x08\x06\0\0\xbf\
\x93\0\0\0\0\0\0\x0f\x13\0\0\0\0\0\0\xbf\xa1\0\0\0\0\0\0\x07\x01\0\0\xf8\xff\
\xff\xff\xb7\x02\0\0\x04\0\0\0\x85\0\0\0\x71\0\0\0\xb7\x01\0\0\x0c\x06\0\0\xbf\
\x93\0\0\0\0\0\0\x0f\x13\0\0\0\0\0\0\x61\xa6\xf8\xff\0\0\0\0\xbf\xa1\0\0\0\0\0\
\0\x07\x01\0\0\xf8\xff\xff\xff\xb7\x02\0\0\x04\0\0\0\x85\0\0\0\x71\0\0\0\x61\
\xa1\xf8\xff\0\0\0\0\x5d\x16\xfe\0\0\0\0\0\xb7\x07\0\0\x40\0\0\0\x7b\x9a\xe8\
\xff\0\0\0\0\x05\0\x06\0\0\0\0\0\x07\x07\0\0\xff\xff\xff\xff\xbf\x71\0\0\0\0\0\
\0\x67\x01\0\0\x20\0\0\0\x77\x01\0\0\x20\0\0\0\xbf\x89\0\0\0\0\0\0\x15\x01\x20\
\0\0\0\0\0\xbf\x93\0\0\0\0\0\0\xb7\x01\0\0\x18\x06\0\0\x0f\x13\0\0\0\0\0\0\xbf\
\xa1\0\0\0\0\0\0\x07\x01\0\0\xf0\xff\xff\xff\xb7\x02\0\0\x08\0\0\0\x85\0\0\0\
\x71\0\0\0\x79\xa3\xf0\xff\0\0\0\0\xb7\x01\0\0\x48\x06\0\0\x0f\x13\0\0\0\0\0\0\
\xbf\xa1\0\0\0\0\0\0\x07\x01\0\0\xf8\xff\xff\xff\xb7\x02\0\0\x08\0\0\0\x85\0\0\
\0\x71\0\0\0\x79\xa8\xf8\xff\0\0\0\0\x15\x08\x10\0\0\0\0\0\xbf\x93\0\0\0\0\0\0\
\xb7\x06\0\0\0\x09\0\0\x0f\x63\0\0\0\0\0\0\xbf\xa1\0\0\0\0\0\0\x07\x01\0\0\xf8\
\xff\xff\xff\xb7\x02\0\0\x08\0\0\0\x85\0\0\0\x71\0\0\0\xbf\x83\0\0\0\0\0\0\x0f\
\x63\0\0\0\0\0\0\x79\xa6\xf8\xff\0\0\0\0\xbf\xa1\0\0\0\0\0\0\x07\x01\0\0\xf8\
\xff\xff\xff\xb7\x02\0\0\x08\0\0\0\x85\0\0\0\x71\0\0\0\x79\xa1\xf8\xff\0\0\0\0\
\x1d\x16\xda\xff\0\0\0\0\x79\xa7\xe8\xff\0\0\0\0\x5d\x79\xd3\0\0\0\0\0\xb7\x06\
\0\0\0\0\0\0\x18\x01\0\0\0\0\0\0\0\0\0\0\0\0\0\0\xb7\x02\0\0\xb0\x04\0\0\xb7\
\x03\0\0\0\0\0\0\x85\0\0\0\x83\0\0\0\x15\0\xcc\0\0\0\0\0\x7b\x0a\xd8\xff\0\0\0\
\0\xbf\x02\0\0\0\0\0\0\xb7\x01\0\0\x01\0\0\0\x63\x12\0\0\0\0\0\0\x7b\x2a\xe0\
\xff\0\0\0\0\x63\x62\xa8\x04\0\0\0\0\xb7\x01\0\0\x18\x06\0\0\xbf\x73\0\0\0\0\0\
\0\x0f\x13\0\0\0\0\0\0\xbf\xa1\0\0\0\0\0\0\x07\x01\0\0\xf0\xff\xff\xff\xb7\x02\
\0\0\x08\0\0\0\x85\0\0\0\x71\0\0\0\xb7\x01\0\0\x48\x06\0\0\x79\xa3\xf0\xff\0\0\
\0\0\x0f\x13\0\0\0\0\0\0\xbf\xa1\0\0\0\0\0\0\x07\x01\0\0\xf8\xff\xff\xff\xb7\
\x02\0\0\x08\0\0\0\x85\0\0\0\x71\0\0\0\xb7\x08\0\0\x40\0\0\0\x79\xa7\xf8\xff\0\
\0\0\0\x05\0\x06\0\0\0\0\0\x07\x08\0\0\xff\xff\xff\xff\xbf\x81\0\0\0\0\0\0\x67\
\x01\0\0\x20\0\0\0\x77\x01\0\0\x20\0\0\0\xbf\x97\0\0\0\0\0\0\x15\x01\x20\0\0\0\
\0\0\xbf\x73\0\0\0\0\0\0\xb7\x01\0\0\x18\x06\0\0\x0f\x13\0\0\0\0\0\0\xbf\xa1\0\
\0\0\0\0\0\x07\x01\0\0\xf0\xff\xff\xff\xb7\x02\0\0\x08\0\0\0\x85\0\0\0\x71\0\0\
\0\x79\xa3\xf0\xff\0\0\0\0\xb7\x01\0\0\x48\x06\0\0\x0f\x13\0\0\0\0\0\0\xbf\xa1\
\0\0\0\0\0\0\x07\x01\0\0\xf8\xff\xff\xff\xb7\x02\0\0\x08\0\0\0\x85\0\0\0\x71\0\
\0\0\x79\xa9\xf8\xff\0\0\0\0\x15\x09\x10\0\0\0\0\0\xbf\x73\0\0\0\0\0\0\xb7\x06\
\0\0\0\x09\0\0\x0f\x63\0\0\0\0\0\0\xbf\xa1\0\0\0\0\0\0\x07\x01\0\0\xf8\xff\xff\
\xff\xb7\x02\0\0\x08\0\0\0\x85\0\0\0\x71\0\0\0\xbf\x93\0\0\0\0\0\0\x0f\x63\0\0\
\0\0\0\0\x79\xa6\xf8\xff\0\0\0\0\xbf\xa1\0\0\0\0\0\0\x07\x01\0\0\xf8\xff\xff\
\xff\xb7\x02\0\0\x08\0\0\0\x85\0\0\0\x71\0\0\0\x79\xa1\xf8\xff\0\0\0\0\x1d\x16\
\xda\xff\0\0\0\0\xb7\x09\0\0\x0c\x06\0\0\xbf\x73\0\0\0\0\0\0\x0f\x93\0\0\0\0\0\
\0\xbf\xa1\0\0\0\0\0\0\x07\x01\0\0\xf8\xff\xff\xff\xb7\x02\0\0\x04\0\0\0\x85\0\
\0\0\x71\0\0\0\x61\xa1\xf8\xff\0\0\0\0\x79\xa6\xe0\xff\0\0\0\0\x63\x16\x0c\0\0\
\0\0\0\xb7\x08\0\0\x40\x07\0\0\x0f\x87\0\0\0\0\0\0\xbf\xa1\0\0\0\0\0\0\x07\x01\
\0\0\xf8\xff\xff\xff\xb7\x02\0\0\x08\0\0\0\xbf\x73\0\0\0\0\0\0\x85\0\0\0\x71\0\
\0\0\x79\xa1\xf8\xff\0\0\0\0\x7b\x16\x18\0\0\0\0\0\xb7\x01\0\0\x48\x06\0\0\x79\
\xa7\xe8\xff\0\0\0\0\xbf\x73\0\0\0\0\0\0\x0f\x13\0\0\0\0\0\0\xbf\xa1\0\0\0\0\0\
\0\x07\x01\0\0\xf0\xff\xff\xff\xb7\x02\0\0\x08\0\0\0\x85\0\0\0\x71\0\0\0\x79\
\xa3\xf0\xff\0\0\0\0\x0f\x83\0\0\0\0\0\0\xbf\xa1\0\0\0\0\0\0\x07\x01\0\0\xf8\
\xff\xff\xff\xb7\x02\0\0\x08\0\0\0\x85\0\0\0\x71\0\0\0\x79\xa1\xf8\xff\0\0\0\0\
\x7b\x16\x10\0\0\0\0\0\xbf\x73\0\0\0\0\0\0\x0f\x93\0\0\0\0\0\0\xbf\xa1\0\0\0\0\
\0\0\x07\x01\0\0\xf8\xff\xff\xff\xb7\x02\0\0\x04\0\0\0\x85\0\0\0\x71\0\0\0\x61\
\xa1\xf8\xff\0\0\0\0\x63\x16\x08\0\0\0\0\0\xb7\x01\0\0\xe8\x07\0\0\xbf\x79\0\0\
\0\0\0\0\x0f\x19\0\0\0\0\0\0\xbf\xa1\0\0\0\0\0\0\x07\x01\0\0\xf8\xff\xff\xff\
\xb7\x02\0\0\x08\0\0\0\xbf\x93\0\0\0\0\0\0\x85\0\0\0\x71\0\0\0\xb7\x01\0\0\x14\
\0\0\0\x79\xa3\xf8\xff\0\0\0\0\x0f\x13\0\0\0\0\0\0\xbf\xa1\0\0\0\0\0\0\x07\x01\
\0\0\xf0\xff\xff\xff\xb7\x02\0\0\x04\0\0\0\x85\0\0\0\x71\0\0\0\x61\xa1\xf0\xff\
\0\0\0\0\x63\x16\x24\x02\0\0\0\0\xbf\xa1\0\0\0\0\0\0\x07\x01\0\0\xf8\xff\xff\
\xff\xb7\x02\0\0\x08\0\0\0\xbf\x93\0\0\0\0\0\0\x85\0\0\0\x71\0\0\0\xb7\x01\0\0\
\x18\0\0\0\x79\xa3\xf8\xff\0\0\0\0\x0f\x13\0\0\0\0\0\0\xbf\xa1\0\0\0\0\0\0\x07\
\x01\0\0\xf0\xff\xff\xff\xb7\x02\0\0\x04\0\0\0\x85\0\0\0\x71\0\0\0\x61\xa1\xf0\
\xff\0\0\0\0\x63\x16\x28\x02\0\0\0\0\xb7\x01\0\0\x50\x05\0\0\xbf\x78\0\0\0\0\0\
\0\x0f\x18\0\0\0\0\0\0\xbf\xa1\0\0\0\0\0\0\x07\x01\0\0\xf0\xff\xff\xff\xb7\x02\
\0\0\x08\0\0\0\xbf\x83\0\0\0\0\0\0\x85\0\0\0\x71\0\0\0\xb7\x01\0\0\x38\x01\0\0\
\x79\xa3\xf0\xff\0\0\0\0\x0f\x13\0\0\0\0\0\0\xbf\xa1\0\0\0\0\0\0\x07\x01\0\0\
\xf8\xff\xff\xff\xb7\x02\0\0\x08\0\0\0\x85\0\0\0\x71\0\0\0\x79\xa9\xf8\xff\0\0\
\0\0\xbf\xa1\0\0\0\0\0\0\x07\x01\0\0\xf0\xff\xff\xff\xb7\x02\0\0\x08\0\0\0\xbf\
\x83\0\0\0\0\0\0\x85\0\0\0\x71\0\0\0\xb7\x01\0\0\x40\x01\0\0\x79\xa3\xf0\xff\0\
\0\0\0\x0f\x13\0\0\0\0\0\0\xbf\xa1\0\0\0\0\0\0\x07\x01\0\0\xf8\xff\xff\xff\xb7\
\x02\0\0\x08\0\0\0\x85\0\0\0\x71\0\0\0\x79\xa2\xf8\xff\0\0\0\0\x1f\x92\0\0\0\0\
\0\0\xb7\x01\0\0\0\x02\0\0\x2d\x21\x01\0\0\0\0\0\xb7\x02\0\0\0\x02\0\0\x63\x26\
\x20\x02\0\0\0\0\x79\xa1\xd8\xff\0\0\0\0\x07\x01\0\0\x20\0\0\0\xbf\x93\0\0\0\0\
\0\0\x85\0\0\0\x70\0\0\0\x61\x61\x20\x02\0\0\0\0\xbf\x67\0\0\0\0\0\0\x55\x01\
\x02\0\0\x02\0\0\xb7\x01\0\0\0\0\0\0\x73\x17\x1f\x02\0\0\0\0\xb7\x01\0\0\x28\
\x06\0\0\x79\xa3\xe8\xff\0\0\0\0\x0f\x13\0\0\0\0\0\0\xbf\xa1\0\0\0\0\0\0\x07\
\x01\0\0\xf8\xff\xff\xff\xb7\x02\0\0\x08\0\0\0\x85\0\0\0\x71\0\0\0\xb7\x01\0\0\
\x01\0\0\0\x79\xa6\xf8\xff\0\0\0\0\x15\x06\x0b\0\0\0\0\0\xb7\x01\0\0\0\0\0\0\
\xbf\x63\0\0\0\0\0\0\x0f\x13\0\0\0\0\0\0\xbf\xa1\0\0\0\0\0\0\x07\x01\0\0\xf8\
\xff\xff\xff\xb7\x02\0\0\x08\0\0\0\x85\0\0\0\x71\0\0\0\xb7\x01\0\0\x01\0\0\0\
\x79\xa2\xf8\xff\0\0\0\0\x1d\x26\x01\0\0\0\0\0\xb7\x01\0\0\0\0\0\0\x57\x01\0\0\
\x01\0\0\0\x73\x17\x30\x02\0\0\0\0\xbf\x71\0\0\0\0\0\0\xb7\x02\0\0\0\0\0\0\x85\
\0\0\0\x84\0\0\0\xb7\0\0\0\0\0\0\0\x95\0\0\0\0\0\0\0\x44\x75\x61\x6c\x20\x42\
\x53\x44\x2f\x47\x50\x4c\0\0\0\0\0\0\0\0\0\0\0\0\0\0\0\0\0\0\0\0\x9f\xeb\x01\0\
\x18\0\0\0\0\0\0\0\xa8\xd2\0\0\xa8\xd2\0\0\xcb\x9c\0\0\0\0\0\0\0\0\0\x02\x03\0\
\0\0\x01\0\0\0\0\0\0\x01\x04\0\0\0\x20\0\0\x01\0\0\0\0\0\0\0\x03\0\0\0\0\x02\0\
\0\0\x04\0\0\0\x1b\0\0\0\x05\0\0\0\0\0\0\x01\x04\0\0\0\x20\0\0\0\0\0\0\0\0\0\0\
\x02\x06\0\0\0\0\0\0\0\0\0\0\x03\0\0\0\0\x02\0\0\0\x04\0\0\0\0\0\x20\0\0\0\0\0\
\x02\0\0\x04\x10\0\0\0\x19\0\0\0\x01\0\0\0\0\0\0\0\x1e\0\0\0\x05\0\0\0\x40\0\0\
\0\x2a\0\0\0\0\0\0\x0e\x07\0\0\0\x01\0\0\0\0\0\0\0\0\0\0\x02\x0a\0\0\0\x2d\0\0\
\0\0\0\0\x01\x08\0\0\0\x40\0\0\0\0\0\0\0\x01\0\0\x0d\x02\0\0\0\x40\0\0\0\x09\0\
\0\0\x44\0\0\0\x01\0\0\x0c\x0b\0\0\0\x80\0\0\0\xda\0\0\x84\0\x1d\0\0\x8c\0\0\0\
\x0e\0\0\0\0\0\0\0\x98\0\0\0\x12\0\0\0\x80\x01\0\0\xa0\0\0\0\x1c\0\0\0\xc0\x01\
\0\0\xa6\0\0\0\x1d\0\0\0\0\x02\0\0\xac\0\0\0\x12\0\0\0\x20\x02\0\0\xb2\0\0\0\
\x12\0\0\0\x40\x02\0\0\xb9\0\0\0\x02\0\0\0\x60\x02\0\0\xc0\0\0\0\x21\0\0\0\x80\
\x02\0\0\xcb\0\0\0\x12\0\0\0\0\x03\0\0\xcf\0\0\0\x12\0\0\0\x20\x03\0\0\xdb\0\0\
\0\x0f\0\0\0\x40\x03\0\0\xef\0\0\0\x28\0\0\0\x80\x03\0\0\xfa\0\0\0\x02\0\0\0\
\xc0\x03\0\0\x0a\x01\0\0\x02\0\0\0\xe0\x03\0\0\x13\x01\0\0\x02\0\0\0\0\x04\0\0\
\x19\x01\0\0\x02\0\0\0\x20\x04\0\0\x1e\x01\0\0\x02\0\0\0\x40\x04\0\0\x2a\x01\0\
\0\x02\0\0\0\x60\x04\0\0\x36\x01\0\0\x12\0\0\0\x80\x04\0\0\x42\x01\0\0\x29\0\0\
\0\xc0\x04\0\0\x4e\x01\0\0\x2b\0\0\0\0\x06\0\0\x51\x01\0\0\x37\0\0\0\0\x10\0\0\
\x54\x01\0\0\x39\0\0\0\x80\x11\0\0\x57\x01\0\0\x2d\0\0\0\x80\x18\0\0\x61\x01\0\
\0\x0f\0\0\0\x40\x19\0\0\x6d\x01\0\0\x12\0\0\0\x80\x19\0\0\x7d\x01\0\0\x49\0\0\
\0\xc0\x19\0\0\x8e\x01\0\0\x4a\0\0\0\0\x1a\0\0\x94\x01\0\0\x4b\0\0\0\0\x22\0\0\
\xa6\x01\0\0\x12\0\0\0\x40\x22\0\0\xb1\x01\0\0\x12\0\0\0\x60\x22\0\0\xb8\x01\0\
\0\x02\0\0\0\x80\x22\0\0\xc8\x01\0\0\x4d\0\0\0\xc0\x22\0\0\xd1\x01\0\0\x50\0\0\
\0\0\x23\0\0\xdf\x01\0\0\x4f\0\0\0\x40\x23\0\0\xe9\x01\0\0\x1c\0\0\0\x80\x23\0\
\0\xfb\x01\0\0\x27\0\0\0\xc0\x23\0\0\x0e\x02\0\0\x27\0\0\0\xd0\x23\0\0\x1e\x02\
\0\0\x02\0\0\0\xe0\x23\0\0\x34\x02\0\0\x53\0\0\0\0\x24\0\0\x4c\x02\0\0\x2f\0\0\
\0\x40\x24\0\0\x5b\x02\0\0\x55\0\0\0\xc0\x24\0\0\x6c\x02\0\0\x0f\0\0\0\0\x25\0\
\0\x7c\x02\0\0\x45\0\0\0\x40\x25\0\0\x8e\x02\0\0\x45\0\0\0\x48\x25\0\0\x9c\x02\
\0\0\x02\0\0\0\x60\x25\0\0\xaf\x02\0\0\x2f\0\0\0\x80\x25\0\0\xc6\x02\0\0\x02\0\
\0\0\0\x26\0\0\xd9\x02\0\0\x02\0\0\0\x20\x26\0\0\xe8\x02\0\0\x53\0\0\0\x40\x26\
\0\0\xfb\x02\0\0\x56\0\0\0\x60\x26\0\0\x0e\x03\0\0\x2f\0\0\0\x80\x26\0\0\x1f\
\x03\0\0\x58\0\0\0\0\x27\0\0\x2a\x03\0\0\x2f\0\0\0\0\x28\0\0\x30\x03\0\0\x59\0\
\0\0\x80\x28\0\0\x3f\x03\0\0\x2d\0\0\0\xc0\x29\0\0\x51\x03\0\0\x5a\0\0\0\x80\
\x2a\0\0\x54\x03\0\0\x5a\0\0\0\xc0\x2a\0\0\x5e\x03\0\0\x5b\0\0\0\0\x2b\0\0\x67\
\x03\0\0\x70\0\0\0\x40\x2c\0\0\x70\x03\0\0\x02\0\0\0\xe0\x2c\0\0\x7b\x03\0\0\
\x02\0\0\0\0\x2d\0\0\x85\x03\0\0\x02\0\0\0\x20\x2d\0\0\x91\x03\0\0\x02\0\0\0\
\x40\x2d\0\0\x9f\x03\0\0\x0f\0\0\0\x80\x2d\0\0\xa6\x03\0\0\x12\0\0\0\xc0\x2d\0\
\0\xb2\x03\0\0\x12\0\0\0\xe0\x2d\0\x01\xc6\x03\0\0\x12\0\0\0\xe1\x2d\0\x01\xe0\
\x03\0\0\x12\0\0\0\xe2\x2d\0\x01\xef\x03\0\0\x12\0\0\0\xe3\x2d\0\x01\x06\x04\0\
\0\x12\0\0\0\0\x2e\0\x01\x1a\x04\0\0\x12\0\0\0\x01\x2e\0\x01\x24\x04\0\0\x12\0\
\0\0\x02\x2e\0\x01\x2e\x04\0\0\x12\0\0\0\x03\x2e\0\x01\x3e\x04\0\0\x12\0\0\0\
\x04\x2e\0\x01\x4b\x04\0\0\x12\0\0\0\x05\x2e\0\x01\x5f\x04\0\0\x12\0\0\0\x06\
\x2e\0\x01\x66\x04\0\0\x12\0\0\0\x07\x2e\0\x01\x73\x04\0\0\x12\0\0\0\x08\x2e\0\
\x01\x7f\x04\0\0\x12\0\0\0\x09\x2e\0\x01\x8a\x04\0\0\x0f\0\0\0\x40\x2e\0\0\x97\
\x04\0\0\x72\0\0\0\x80\x2e\0\0\xa5\x04\0\0\x82\0\0\0\x40\x30\0\0\xa9\x04\0\0\
\x82\0\0\0\x60\x30\0\0\xae\x04\0\0\x0f\0\0\0\x80\x30\0\0\xbb\x04\0\0\x28\0\0\0\
\xc0\x30\0\0\xc7\x04\0\0\x28\0\0\0\0\x31\0\0\xce\x04\0\0\x2f\0\0\0\x40\x31\0\0\
\xd7\x04\0\0\x2f\0\0\0\xc0\x31\0\0\xdf\x04\0\0\x28\0\0\0\x40\x32\0\0\xec\x04\0\
\0\x2f\0\0\0\x80\x32\0\0\xf4\x04\0\0\x2f\0\0\0\0\x33\0\0\x01\x05\0\0\x84\0\0\0\
\x80\x33\0\0\x0c\x05\0\0\x87\0\0\0\xc0\x33\0\0\x16\x05\0\0\x2f\0\0\0\xc0\x35\0\
\0\x23\x05\0\0\x2f\0\0\0\x40\x36\0\0\x2f\x05\0\0\x88\0\0\0\xc0\x36\0\0\x3a\x05\
\0\0\x89\0\0\0\0\x37\0\0\x48\x05\0\0\x89\0\0\0\x40\x37\0\0\x58\x05\0\0\x1c\0\0\
\0\x80\x37\0\0\x65\x05\0\0\x31\0\0\0\xc0\x37\0\0\x6b\x05\0\0\x31\0\0\0\0\x38\0\
\0\x71\x05\0\0\x31\0\0\0\x40\x38\0\0\x77\x05\0\0\x8a\0\0\0\x80\x38\0\0\x84\x05\
\0\0\x0f\0\0\0\x40\x39\0\0\x8a\x05\0\0\x0f\0\0\0\x80\x39\0\0\x91\x05\0\0\x31\0\
\0\0\xc0\x39\0\0\x9c\x05\0\0\x31\0\0\0\0\x3a\0\0\xab\x05\0\0\x0f\0\0\0\x40\x3a\
\0\0\xb3\x05\0\0\x0f\0\0\0\x80\x3a\0\0\xbb\x05\0\0\x92\0\0\0\xc0\x3a\0\0\xcb\
\x05\0\0\x98\0\0\0\x40\x3d\0\0\xe0\x05\0\0\x9f\0\0\0\0\x3f\0\0\xed\x05\0\0\x9f\
\0\0\0\x40\x3f\0\0\xf7\x05\0\0\x9f\0\0\0\x80\x3f\0\0\xfc\x05\0\0\xad\0\0\0\xc0\
\x3f\0\0\x11\x06\0\0\xb3\0\0\0\0\x40\0\0\x16\x06\0\0\xb4\0\0\0\x80\x40\0\0\x20\
\x06\0\0\xb5\0\0\0\xc0\x40\0\0\x28\x06\0\0\xb7\0\0\0\0\x41\0\0\x30\x06\0\0\x0f\
\0\0\0\x80\x41\0\0\x42\x06\0\0\x0f\0\0\0\xc0\x41\0\0\x53\x06\0\0\xb8\0\0\0\0\
\x42\0\0\x56\x06\0\0\xb9\0\0\0\x40\x42\0\0\x5c\x06\0\0\xba\0\0\0\x80\x42\0\0\
\x64\x06\0\0\xbb\0\0\0\xc0\x42\0\0\x6b\x06\0\0\xbc\0\0\0\0\x43\0\0\x73\x06\0\0\
\xbd\0\0\0\x40\x43\0\0\x7b\x06\0\0\xbd\0\0\0\x80\x43\0\0\x88\x06\0\0\xbd\0\0\0\
\xc0\x43\0\0\x96\x06\0\0\xbf\0\0\0\0\x44\0\0\x9e\x06\0\0\x0f\0\0\0\xc0\x44\0\0\
\xa8\x06\0\0\xc0\0\0\0\0\x45\0\0\xb4\x06\0\0\x12\0\0\0\x40\x45\0\0\xc1\x06\0\0\
\x9a\0\0\0\x80\x45\0\0\xcc\x06\0\0\xc3\0\0\0\xc0\x45\0\0\xda\x06\0\0\xa2\0\0\0\
\0\x46\0\0\xe3\x06\0\0\x12\0\0\0\x20\x46\0\0\xed\x06\0\0\xc4\0\0\0\x40\x46\0\0\
\xf5\x06\0\0\xc6\0\0\0\xc0\x46\0\0\x06\x07\0\0\x31\0\0\0\xc0\x47\0\0\x15\x07\0\
\0\x31\0\0\0\0\x48\0\0\x22\x07\0\0\xc8\0\0\0\x40\x48\0\0\x2d\x07\0\0\x8b\0\0\0\
\x60\x48\0\0\x35\x07\0\0\xcb\0\0\0\x80\x48\0\0\x3c\x07\0\0\x95\0\0\0\xc0\x48\0\
\0\x47\x07\0\0\x28\0\0\0\x40\x49\0\0\x53\x07\0\0\xcd\0\0\0\x80\x49\0\0\x61\x07\
\0\0\x1c\0\0\0\xc0\x49\0\0\x6e\x07\0\0\xce\0\0\0\0\x4a\0\0\x77\x07\0\0\xcf\0\0\
\0\x40\x4a\0\0\x7c\x07\0\0\xd0\0\0\0\x80\x4a\0\0\x8a\x07\0\0\xd1\0\0\0\xc0\x4a\
\0\0\x9b\x07\0\0\xd2\0\0\0\0\x4b\0\0\xa6\x07\0\0\xd3\0\0\0\x40\x4b\0\0\xb6\x07\
\0\0\x0f\0\0\0\x80\x4b\0\0\xc5\x07\0\0\xd4\0\0\0\xc0\x4b\0\0\xd2\x07\0\0\xd6\0\
\0\0\0\x4c\0\0\xd7\x07\0\0\x12\0\0\0\0\x4e\0\0\xe1\x07\0\0\x31\0\0\0\x40\x4e\0\
\0\xef\x07\0\0\x31\0\0\0\x80\x4e\0\0\xfc\x07\0\0\x31\0\0\0\xc0\x4e\0\0\x09\x08\
\0\0\xd7\0\0\0\0\x4f\0\0\x16\x08\0\0\xd9\0\0\0\x40\x4f\0\0\x27\x08\0\0\x02\0\0\
\0\x60\x4f\0\0\x3f\x08\0\0\x02\0\0\0\x80\x4f\0\0\x58\x08\0\0\xdd\0\0\0\xc0\x4f\
\0\0\x60\x08\0\0\x2f\0\0\0\0\x50\0\0\x68\x08\0\0\xde\0\0\0\x80\x50\0\0\x74\x08\
\0\0\xdf\0\0\0\xc0\x50\0\0\x87\x08\0\0\x2f\0\0\0\0\x51\0\0\x95\x08\0\0\xe0\0\0\
\0\x80\x51\0\0\xa4\x08\0\0\x9d\0\0\0\xc0\x51\0\0\xb5\x08\0\0\x12\0\0\0\xc0\x52\
\0\0\xc1\x08\0\0\xe7\0\0\0\0\x53\0\0\xd1\x08\0\0\x9d\0\0\0\x80\x53\0\0\xe2\x08\
\0\0\x2f\0\0\0\x80\x54\0\0\xf2\x08\0\0\xe8\0\0\0\0\x55\0\0\xf7\x08\0\0\x10\0\0\
\0\x40\x55\0\0\0\x09\0\0\x0f\0\0\0\x80\x55\0\0\x10\x09\0\0\xe9\0\0\0\xc0\x55\0\
\0\0\0\0\0\xeb\0\0\0\x40\x56\0\0\x18\x09\0\0\xec\0\0\0\xc0\x56\0\0\x24\x09\0\0\
\xed\0\0\0\0\x57\0\0\x2e\x09\0\0\x02\0\0\0\x80\x57\0\0\x39\x09\0\0\x02\0\0\0\
\xa0\x57\0\0\x4a\x09\0\0\x0f\0\0\0\xc0\x57\0\0\x5c\x09\0\0\x31\0\0\0\0\x58\0\0\
\x6b\x09\0\0\x31\0\0\0\x40\x58\0\0\x82\x09\0\0\x02\0\0\0\x80\x58\0\0\x91\x09\0\
\0\x02\0\0\0\xa0\x58\0\0\xa0\x09\0\0\xef\0\0\0\xc0\x58\0\0\xaa\x09\0\0\x0a\0\0\
\0\0\x59\0\0\xbb\x09\0\0\x1f\0\0\0\x40\x59\0\0\xc9\x09\0\0\x1f\0\0\0\x60\x59\0\
\0\xdd\x09\0\0\x0f\0\0\0\x80\x59\0\0\xe3\x09\0\0\x0f\0\0\0\xc0\x59\0\0\xf3\x09\
\0\0\xf0\0\0\0\0\x5a\0\0\x02\x0a\0\0\xf1\0\0\0\x40\x5a\0\0\x08\x0a\0\0\xf2\0\0\
\0\x80\x5a\0\0\x12\x0a\0\0\x02\0\0\0\x80\x5a\0\0\x25\x0a\0\0\x28\0\0\0\xc0\x5a\
\0\0\x35\x0a\0\0\xf3\0\0\0\0\x5b\0\0\x46\x0a\0\0\xf7\0\0\0\x40\x5c\0\0\x54\x0a\
\0\0\x1d\0\0\0\x80\x5c\0\0\x63\x0a\0\0\x1c\0\0\0\xc0\x5c\0\0\x6c\x0a\0\0\xf8\0\
\0\0\0\x5d\0\0\x78\x0a\0\0\xf9\0\0\0\x40\x5d\0\0\x80\x0a\0\0\x1c\0\0\0\x80\x5d\
\0\0\x8a\x0a\0\0\x32\0\0\0\xc0\x5d\0\0\x95\x0a\0\0\x31\0\0\0\0\x5e\0\0\x9e\x0a\
\0\0\x32\0\0\0\x40\x5e\0\x01\xa7\x0a\0\0\x32\0\0\0\x41\x5e\0\x01\xb6\x0a\0\0\
\x32\0\0\0\x42\x5e\0\x3e\xc5\x0a\0\0\x99\0\0\0\x80\x5e\0\0\xd1\x0a\0\0\x02\0\0\
\0\0\x5f\0\0\xdb\x0a\0\0\x99\0\0\0\x40\x5f\0\0\xea\x0a\0\0\xfa\0\0\0\0\x60\0\0\
\x8c\0\0\0\x07\0\0\x04\x30\0\0\0\xac\0\0\0\x0f\0\0\0\0\0\0\0\xf1\x0a\0\0\x0f\0\
\0\0\x40\0\0\0\xfe\x0a\0\0\x10\0\0\0\x80\0\0\0\x05\x0b\0\0\x12\0\0\0\xa0\0\0\0\
\x11\x0b\0\0\x13\0\0\0\xc0\0\0\0\x20\x0b\0\0\x12\0\0\0\0\x01\0\0\x31\x0b\0\0\
\x13\0\0\0\x40\x01\0\0\x45\x0b\0\0\0\0\0\x01\x08\0\0\0\x40\0\0\0\x53\x0b\0\0\0\
\0\0\x08\x11\0\0\0\x57\x0b\0\0\0\0\0\x08\x12\0\0\0\x5d\x0b\0\0\0\0\0\x01\x04\0\
\0\0\x20\0\0\0\0\0\0\0\0\0\0\x02\x14\0\0\0\0\0\0\0\0\0\0\x0a\x15\0\0\0\x6a\x0b\
\0\0\0\0\0\x08\x16\0\0\0\0\0\0\0\0\0\0\x02\x17\0\0\0\0\0\0\0\x01\0\0\x0d\x18\0\
\0\0\0\0\0\0\x19\0\0\0\x7c\x0b\0\0\0\0\0\x01\x08\0\0\0\x40\0\0\x01\0\0\0\0\0\0\
\0\x02\x1a\0\0\0\0\0\0\0\0\0\0\x0a\x1b\0\0\0\x81\x0b\0\0\x15\0\0\x04\xa8\0\0\0\
\x89\x0b\0\0\x0f\0\0\0\0\0\0\0\x8d\x0b\0\0\x0f\0\0\0\x40\0\0\0\x91\x0b\0\0\x0f\
\0\0\0\x80\0\0\0\x95\x0b\0\0\x0f\0\0\0\xc0\0\0\0\x99\x0b\0\0\x0f\0\0\0\0\x01\0\
\0\x9c\x0b\0\0\x0f\0\0\0\x40\x01\0\0\x9f\x0b\0\0\x0f\0\0\0\x80\x01\0\0\xa3\x0b\
\0\0\x0f\0\0\0\xc0\x01\0\0\xa7\x0b\0\0\x0f\0\0\0\0\x02\0\0\xaa\x0b\0\0\x0f\0\0\
\0\x40\x02\0\0\xad\x0b\0\0\x0f\0\0\0\x80\x02\0\0\xb0\x0b\0\0\x0f\0\0\0\xc0\x02\
\0\0\xb3\x0b\0\0\x0f\0\0\0\0\x03\0\0\xb6\x0b\0\0\x0f\0\0\0\x40\x03\0\0\xb9\x0b\
\0\0\x0f\0\0\0\x80\x03\0\0\xbc\x0b\0\0\x0f\0\0\0\xc0\x03\0\0\xc4\x0b\0\0\x0f\0\
\0\0\0\x04\0\0\xc7\x0b\0\0\x0f\0\0\0\x40\x04\0\0\xac\0\0\0\x0f\0\0\0\x80\x04\0\
\0\xca\x0b\0\0\x0f\0\0\0\xc0\x04\0\0\xcd\x0b\0\0\x0f\0\0\0\0\x05\0\0\0\0\0\0\0\
\0\0\x02\0\0\0\0\xd0\x0b\0\0\0\0\0\x08\x1e\0\0\0\xdb\x0b\0\0\x01\0\0\x04\x04\0\
\0\0\xeb\x0b\0\0\x1f\0\0\0\0\0\0\0\xf0\x0b\0\0\0\0\0\x08\x20\0\0\0\0\0\0\0\x01\
\0\0\x04\x04\0\0\0\xf9\x0b\0\0\x02\0\0\0\0\0\0\0\x01\x0c\0\0\x04\0\0\x04\x10\0\
\0\0\x14\x0c\0\0\x22\0\0\0\0\0\0\0\0\0\0\0\x24\0\0\0\x40\0\0\0\x1a\x0c\0\0\x25\
\0\0\0\x60\0\0\0\x1e\x0c\0\0\x25\0\0\0\x70\0\0\0\x22\x0c\0\0\x01\0\0\x04\x08\0\
\0\0\x2d\x0c\0\0\x23\0\0\0\0\0\0\0\0\0\0\0\0\0\0\x02\x22\0\0\0\0\0\0\0\x02\0\0\
\x05\x04\0\0\0\x32\x0c\0\0\x12\0\0\0\0\0\0\0\x3a\x0c\0\0\x1f\0\0\0\0\0\0\0\x42\
\x0c\0\0\0\0\0\x08\x26\0\0\0\x46\x0c\0\0\0\0\0\x08\x27\0\0\0\x4c\x0c\0\0\0\0\0\
\x01\x02\0\0\0\x10\0\0\0\0\0\0\0\0\0\0\x02\x0d\0\0\0\0\0\0\0\0\0\0\x02\x2a\0\0\
\0\0\0\0\0\0\0\0\x0a\x6e\x04\0\0\x5b\x0c\0\0\x0f\0\0\x04\x40\x01\0\0\x68\x0c\0\
\0\x2c\0\0\0\0\0\0\0\x6d\x0c\0\0\x2d\0\0\0\x80\0\0\0\x76\x0c\0\0\x2f\0\0\0\x40\
\x01\0\0\x13\x01\0\0\x12\0\0\0\xc0\x01\0\0\x81\x0c\0\0\x31\0\0\0\0\x02\0\0\x8c\
\x0c\0\0\x31\0\0\0\x40\x02\0\0\x9d\x0c\0\0\x31\0\0\0\x80\x02\0\0\xa6\x0c\0\0\
\x31\0\0\0\xc0\x02\0\0\xbc\x0c\0\0\x31\0\0\0\0\x03\0\0\xca\x0c\0\0\x02\0\0\0\
\x40\x03\0\0\xc7\x04\0\0\x33\0\0\0\x80\x03\0\0\xd0\x0c\0\0\x34\0\0\0\xc0\x03\0\
\0\xd7\x0c\0\0\x34\0\0\0\0\x04\0\0\xdc\x0c\0\0\x0f\0\0\0\x40\x04\0\0\xec\x0c\0\
\0\x35\0\0\0\0\x06\0\0\xf0\x0c\0\0\x02\0\0\x04\x10\0\0\0\xfc\x0c\0\0\x0f\0\0\0\
\0\0\0\0\x03\x0d\0\0\x10\0\0\0\x40\0\0\0\x0e\x0d\0\0\x03\0\0\x04\x18\0\0\0\x16\
\x0d\0\0\x0f\0\0\0\0\0\0\0\x28\x0d\0\0\x2e\0\0\0\x40\0\0\0\x31\x0d\0\0\x2e\0\0\
\0\x80\0\0\0\0\0\0\0\0\0\0\x02\x2d\0\0\0\x39\x0d\0\0\x02\0\0\x04\x10\0\0\0\x2d\
\x0c\0\0\x30\0\0\0\0\0\0\0\x43\x0d\0\0\x30\0\0\0\x40\0\0\0\0\0\0\0\0\0\0\x02\
\x2f\0\0\0\x48\x0d\0\0\0\0\0\x08\x32\0\0\0\x4c\x0d\0\0\0\0\0\x08\x0a\0\0\0\0\0\
\0\0\0\0\0\x02\x2b\0\0\0\0\0\0\0\0\0\0\x02\x70\x04\0\0\x52\x0d\0\0\x0a\0\0\x04\
\x80\0\0\0\x5c\x0d\0\0\x31\0\0\0\0\0\0\0\x6d\x0d\0\0\x31\0\0\0\x40\0\0\0\x76\
\x0d\0\0\x31\0\0\0\x80\0\0\0\x83\x0d\0\0\x10\0\0\0\xc0\0\0\0\x8c\x0d\0\0\x10\0\
\0\0\xe0\0\0\0\x9b\x0d\0\0\x0f\0\0\0\0\x01\0\0\xa4\x0d\0\0\x0f\0\0\0\x40\x01\0\
\0\xb1\x0d\0\0\x0f\0\0\0\x80\x01\0\0\xba\x0d\0\0\x0f\0\0\0\xc0\x01\0\0\xc5\x0d\
\0\0\x36\0\0\0\0\x02\0\0\xc5\x0d\0\0\x02\0\0\x04\x08\0\0\0\xce\x0d\0\0\x12\0\0\
\0\0\0\0\0\xd7\x0d\0\0\x12\0\0\0\x20\0\0\0\xdc\x0d\0\0\x07\0\0\x04\x30\0\0\0\
\xec\x0d\0\0\x2f\0\0\0\0\0\0\0\xf5\x0d\0\0\x0f\0\0\0\x80\0\0\0\xfd\x0d\0\0\x0f\
\0\0\0\xc0\0\0\0\x0c\x0e\0\0\x12\0\0\0\0\x01\0\0\x13\x01\0\0\x27\0\0\0\x20\x01\
\0\0\x17\x0e\0\0\x27\0\0\0\x30\x01\0\0\x1f\x0e\0\0\x38\0\0\0\x40\x01\0\0\0\0\0\
\0\0\0\0\x02\x37\0\0\0\x24\x0e\0\0\x10\0\0\x84\xe0\0\0\0\x0e\x0d\0\0\x2d\0\0\0\
\0\0\0\0\x34\x0e\0\0\x31\0\0\0\xc0\0\0\0\x3f\x0e\0\0\x31\0\0\0\0\x01\0\0\x4b\
\x0e\0\0\x31\0\0\0\x40\x01\0\0\x55\x0e\0\0\x31\0\0\0\x80\x01\0\0\x5b\x0e\0\0\
\x31\0\0\0\xc0\x01\0\0\x66\x0e\0\0\x3a\0\0\0\0\x02\0\0\x6e\x0e\0\0\x31\0\0\0\
\x40\x02\0\0\xac\0\0\0\x12\0\0\0\x80\x02\0\0\x77\x0e\0\0\x12\0\0\0\xa0\x02\0\
\x01\x84\x0e\0\0\x12\0\0\0\xa1\x02\0\x01\x8f\x0e\0\0\x12\0\0\0\xa2\x02\0\x01\
\xa1\x0e\0\0\x12\0\0\0\xa3\x02\0\x01\xac\x0e\0\0\x3d\0\0\0\xc0\x02\0\0\xb5\x0e\
\0\0\x3d\0\0\0\xc0\x04\0\0\xc4\x0e\0\0\x48\0\0\0\xc0\x06\0\0\xca\x0e\0\0\0\0\0\
\x08\x3b\0\0\0\xce\x0e\0\0\0\0\0\x08\x3c\0\0\0\xd4\x0e\0\0\0\0\0\x01\x08\0\0\0\
\x40\0\0\x01\xde\x0e\0\0\x08\0\0\x04\x40\0\0\0\xe6\x0e\0\0\x3e\0\0\0\0\0\0\0\
\xeb\x0e\0\0\x3f\0\0\0\0\x01\0\0\xf8\x0e\0\0\x40\0\0\0\x40\x01\0\0\x01\x0f\0\0\
\x44\0\0\0\x80\x01\0\0\x06\x0f\0\0\x45\0\0\0\xc0\x01\0\0\x0c\x0f\0\0\x45\0\0\0\
\xc8\x01\0\0\x13\x0f\0\0\x45\0\0\0\xd0\x01\0\0\x1b\x0f\0\0\x45\0\0\0\xd8\x01\0\
\0\x23\x0f\0\0\x02\0\0\x04\x20\0\0\0\xe6\x0e\0\0\x2d\0\0\0\0\0\0\0\x33\x0f\0\0\
\x3f\0\0\0\xc0\0\0\0\x3b\x0f\0\0\0\0\0\x08\x3a\0\0\0\0\0\0\0\0\0\0\x02\x41\0\0\
\0\0\0\0\0\x01\0\0\x0d\x42\0\0\0\0\0\0\0\x43\0\0\0\x43\x0f\0\0\x02\0\0\x06\x04\
\0\0\0\x53\x0f\0\0\0\0\0\0\x65\x0f\0\0\x01\0\0\0\0\0\0\0\0\0\0\x02\x3d\0\0\0\0\
\0\0\0\0\0\0\x02\xa3\x04\0\0\x75\x0f\0\0\0\0\0\x08\x46\0\0\0\x78\x0f\0\0\0\0\0\
\x08\x47\0\0\0\x7d\x0f\0\0\0\0\0\x01\x01\0\0\0\x08\0\0\0\0\0\0\0\0\0\0\x02\x39\
\0\0\0\0\0\0\0\0\0\0\x02\x71\x04\0\0\x8b\x0f\0\0\x1b\0\0\x04\0\x01\0\0\x9c\x0f\
\0\0\x31\0\0\0\0\0\0\0\xa7\x0f\0\0\x31\0\0\0\x40\0\0\0\xb0\x0f\0\0\x31\0\0\0\
\x80\0\0\0\xbb\x0f\0\0\x31\0\0\0\xc0\0\0\0\xc4\x0f\0\0\x31\0\0\0\0\x01\0\0\xd1\
\x0f\0\0\x31\0\0\0\x40\x01\0\0\xdc\x0f\0\0\x31\0\0\0\x80\x01\0\0\xe8\x0f\0\0\
\x31\0\0\0\xc0\x01\0\0\xf2\x0f\0\0\x3a\0\0\0\0\x02\0\0\x04\x10\0\0\x31\0\0\0\
\x40\x02\0\0\x10\x10\0\0\x31\0\0\0\x80\x02\0\0\x1a\x10\0\0\x31\0\0\0\xc0\x02\0\
\0\x23\x10\0\0\x31\0\0\0\0\x03\0\0\x2d\x10\0\0\x31\0\0\0\x40\x03\0\0\x40\x10\0\
\0\x31\0\0\0\x80\x03\0\0\x5c\x10\0\0\x31\0\0\0\xc0\x03\0\0\x79\x10\0\0\x31\0\0\
\0\0\x04\0\0\x92\x10\0\0\x31\0\0\0\x40\x04\0\0\xa7\x10\0\0\x31\0\0\0\x80\x04\0\
\0\xb2\x10\0\0\x31\0\0\0\xc0\x04\0\0\xc2\x10\0\0\x31\0\0\0\0\x05\0\0\xd5\x10\0\
\0\x31\0\0\0\x40\x05\0\0\xe6\x10\0\0\x31\0\0\0\x80\x05\0\0\xf8\x10\0\0\x31\0\0\
\0\xc0\x05\0\0\x0a\x11\0\0\x31\0\0\0\0\x06\0\0\x25\x11\0\0\x31\0\0\0\x40\x06\0\
\0\x38\x11\0\0\x31\0\0\0\x80\x06\0\0\x48\x11\0\0\x01\0\0\x04\x08\0\0\0\x53\x11\
\0\0\x4c\0\0\0\0\0\0\0\0\0\0\0\0\0\0\x02\x85\0\0\0\0\0\0\0\0\0\0\x02\x4e\0\0\0\
\0\0\0\0\0\0\0\x0a\x4f\0\0\0\x59\x11\0\0\0\0\0\x08\x51\0\0\0\0\0\0\0\0\0\0\x02\
\x4f\0\0\0\x63\x11\0\0\x01\0\0\x04\x08\0\0\0\x6b\x11\0\0\x52\0\0\0\0\0\0\0\0\0\
\0\0\0\0\0\x03\0\0\0\0\x0f\0\0\0\x04\0\0\0\x01\0\0\0\x70\x11\0\0\x02\0\0\x05\
\x04\0\0\0\x7c\x11\0\0\x54\0\0\0\0\0\0\0\x7e\x11\0\0\x10\0\0\0\0\0\0\0\0\0\0\0\
\x04\0\0\x04\x04\0\0\0\x73\x06\0\0\x45\0\0\0\0\0\0\0\x80\x11\0\0\x45\0\0\0\x08\
\0\0\0\x88\x11\0\0\x45\0\0\0\x10\0\0\0\x91\x11\0\0\x45\0\0\0\x18\0\0\0\0\0\0\0\
\0\0\0\x02\x26\x05\0\0\x99\x11\0\0\0\0\0\x08\x57\0\0\0\x9e\x11\0\0\0\0\0\x01\
\x01\0\0\0\x08\0\0\x04\x1f\x03\0\0\x04\0\0\x04\x20\0\0\0\xa4\x11\0\0\x0f\0\0\0\
\0\0\0\0\xab\x11\0\0\x0a\0\0\0\x40\0\0\0\xb5\x11\0\0\x0a\0\0\0\x80\0\0\0\xc2\
\x11\0\0\x0a\0\0\0\xc0\0\0\0\xce\x11\0\0\x03\0\0\x04\x28\0\0\0\x19\x01\0\0\x02\
\0\0\0\0\0\0\0\xd9\x11\0\0\x2f\0\0\0\x40\0\0\0\xe3\x11\0\0\x2f\0\0\0\xc0\0\0\0\
\0\0\0\0\0\0\0\x02\x56\x01\0\0\x5e\x03\0\0\x02\0\0\x04\x28\0\0\0\xed\x11\0\0\
\x31\0\0\0\0\0\0\0\xf4\x11\0\0\x6f\0\0\0\x40\0\0\0\0\0\0\0\0\0\0\x02\x5d\0\0\0\
\xf9\x11\0\0\x12\0\0\x04\xc0\0\0\0\x08\x12\0\0\x0f\0\0\0\0\0\0\0\x11\x12\0\0\
\x0f\0\0\0\x40\0\0\0\x18\x12\0\0\x5c\0\0\0\x80\0\0\0\x20\x12\0\0\x5c\0\0\0\xc0\
\0\0\0\x28\x12\0\0\x2d\0\0\0\0\x01\0\0\x2e\x12\0\0\x0f\0\0\0\xc0\x01\0\0\x3d\
\x12\0\0\x5a\0\0\0\0\x02\0\0\x43\x12\0\0\x5e\0\0\0\x40\x02\0\0\x50\x12\0\0\x0f\
\0\0\0\x80\x02\0\0\0\0\0\0\x61\0\0\0\xc0\x02\0\0\x59\x12\0\0\x2f\0\0\0\xc0\x03\
\0\0\x68\x12\0\0\x66\0\0\0\x40\x04\0\0\x71\x12\0\0\x67\0\0\0\x80\x04\0\0\x78\
\x12\0\0\x0f\0\0\0\xc0\x04\0\0\x81\x12\0\0\x69\0\0\0\0\x05\0\0\x89\x12\0\0\x1c\
\0\0\0\x40\x05\0\0\x99\x12\0\0\x6a\0\0\0\x80\x05\0\0\xad\x12\0\0\x6d\0\0\0\xc0\
\x05\0\0\xc0\x12\0\0\0\0\0\x08\x5f\0\0\0\xc9\x12\0\0\x01\0\0\x04\x08\0\0\0\xc9\
\x12\0\0\x60\0\0\0\0\0\0\0\xd0\x12\0\0\0\0\0\x08\x0f\0\0\0\0\0\0\0\x02\0\0\x05\
\x20\0\0\0\xdc\x12\0\0\x62\0\0\0\0\0\0\0\xe3\x12\0\0\x63\0\0\0\0\0\0\0\0\0\0\0\
\x02\0\0\x04\x20\0\0\0\x2a\0\0\0\x2d\0\0\0\0\0\0\0\xed\x12\0\0\x0f\0\0\0\xc0\0\
\0\0\0\0\0\0\0\0\0\x02\x64\0\0\0\0\0\0\0\0\0\0\x0a\x65\0\0\0\xfd\x12\0\0\0\0\0\
\x01\x01\0\0\0\x08\0\0\x01\0\0\0\0\0\0\0\x02\xf4\x04\0\0\0\0\0\0\0\0\0\x02\x68\
\0\0\0\0\0\0\0\0\0\0\x0a\xf5\x04\0\0\0\0\0\0\0\0\0\x02\x5a\x01\0\0\x02\x13\0\0\
\0\0\0\x08\x6b\0\0\0\x10\x13\0\0\0\0\0\x08\x6c\0\0\0\0\0\0\0\x01\0\0\x04\x08\0\
\0\0\xf9\x0b\0\0\x3a\0\0\0\0\0\0\0\xad\x12\0\0\x01\0\0\x04\x08\0\0\0\x40\0\0\0\
\x6e\0\0\0\0\0\0\0\0\0\0\0\0\0\0\x02\xf6\x04\0\0\0\0\0\0\0\0\0\x03\0\0\0\0\x5c\
\0\0\0\x04\0\0\0\x04\0\0\0\x1b\x13\0\0\x02\0\0\x04\x14\0\0\0\x29\x13\0\0\x02\0\
\0\0\0\0\0\0\x30\x13\0\0\x71\0\0\0\x20\0\0\0\0\0\0\0\0\0\0\x03\0\0\0\0\x02\0\0\
\0\x04\0\0\0\x04\0\0\0\x97\x04\0\0\x03\0\0\x04\x38\0\0\0\x36\x13\0\0\x0f\0\0\0\
\0\0\0\0\x40\x13\0\0\x73\0\0\0\x40\0\0\0\0\0\0\0\x76\0\0\0\x80\0\0\0\0\0\0\0\0\
\0\0\x02\x74\0\0\0\0\0\0\0\x01\0\0\x0d\x18\0\0\0\0\0\0\0\x75\0\0\0\0\0\0\0\0\0\
\0\x02\x72\0\0\0\0\0\0\0\x03\0\0\x05\x28\0\0\0\x43\x13\0\0\x77\0\0\0\0\0\0\0\
\x49\x13\0\0\x79\0\0\0\0\0\0\0\x53\x13\0\0\x80\0\0\0\0\0\0\0\0\0\0\0\x06\0\0\
\x04\x28\0\0\0\x58\x13\0\0\x78\0\0\0\0\0\0\0\x5e\x13\0\0\x10\0\0\0\x40\0\0\0\
\xac\0\0\0\x10\0\0\0\x60\0\0\0\x62\x13\0\0\x10\0\0\0\x80\0\0\0\x69\x13\0\0\x31\
\0\0\0\xc0\0\0\0\x6e\x13\0\0\x78\0\0\0\0\x01\0\0\0\0\0\0\0\0\0\x02\x10\0\0\0\0\
\0\0\0\x04\0\0\x04\x18\0\0\0\x75\x13\0\0\x7a\0\0\0\0\0\0\0\x19\0\0\0\x7c\0\0\0\
\x20\0\0\0\0\0\0\0\x7d\0\0\0\x40\0\0\0\x33\x0f\0\0\x31\0\0\0\x80\0\0\0\x7d\x13\
\0\0\0\0\0\x08\x7b\0\0\0\x87\x13\0\0\0\0\0\x08\x02\0\0\0\x9a\x13\0\0\x03\0\0\
\x06\x04\0\0\0\xa8\x13\0\0\0\0\0\0\xb0\x13\0\0\x01\0\0\0\xba\x13\0\0\x02\0\0\0\
\0\0\0\0\x02\0\0\x05\x08\0\0\0\xc4\x13\0\0\x7e\0\0\0\0\0\0\0\xc9\x13\0\0\x7f\0\
\0\0\0\0\0\0\0\0\0\0\0\0\0\x02\x28\x05\0\0\0\0\0\0\0\0\0\x02\x29\x05\0\0\0\0\0\
\0\x05\0\0\x04\x20\0\0\0\xd5\x13\0\0\x81\0\0\0\0\0\0\0\xda\x13\0\0\x02\0\0\0\
\x40\0\0\0\xdf\x13\0\0\x02\0\0\0\x60\0\0\0\xeb\x13\0\0\x0f\0\0\0\x80\0\0\0\xf2\
\x13\0\0\x0f\0\0\0\xc0\0\0\0\0\0\0\0\0\0\0\x02\x2a\x05\0\0\xfa\x13\0\0\0\0\0\
\x08\x83\0\0\0\0\x14\0\0\0\0\0\x08\x02\0\0\0\0\0\0\0\0\0\0\x02\xe1\x04\0\0\x0f\
\x14\0\0\x02\0\0\x04\x10\0\0\0\x2d\x0c\0\0\x4c\0\0\0\0\0\0\0\x1a\x14\0\0\x86\0\
\0\0\x40\0\0\0\0\0\0\0\0\0\0\x02\x4c\0\0\0\0\0\0\0\0\0\0\x03\0\0\0\0\x85\0\0\0\
\x04\0\0\0\x04\0\0\0\0\0\0\0\0\0\0\x02\xc4\x02\0\0\0\0\0\0\0\0\0\x02\x02\0\0\0\
\x77\x05\0\0\x03\0\0\x04\x18\0\0\0\x65\x05\0\0\x31\0\0\0\0\0\0\0\x6b\x05\0\0\
\x31\0\0\0\x40\0\0\0\x20\x14\0\0\x8b\0\0\0\x80\0\0\0\x25\x14\0\0\0\0\0\x08\x8c\
\0\0\0\x34\x14\0\0\x01\0\0\x04\x04\0\0\0\x41\x14\0\0\x8d\0\0\0\0\0\0\0\x4a\x14\
\0\0\0\0\0\x08\x8e\0\0\0\x5a\x14\0\0\x01\0\0\x04\x04\0\0\0\0\0\0\0\x8f\0\0\0\0\
\0\0\0\0\0\0\0\x03\0\0\x05\x04\0\0\0\x5e\x13\0\0\x1f\0\0\0\0\0\0\0\0\0\0\0\x90\
\0\0\0\0\0\0\0\0\0\0\0\x91\0\0\0\0\0\0\0\0\0\0\0\x02\0\0\x04\x02\0\0\0\x64\x14\
\0\0\x45\0\0\0\0\0\0\0\x96\x06\0\0\x45\0\0\0\x08\0\0\0\0\0\0\0\x02\0\0\x04\x04\
\0\0\0\x6b\x14\0\0\x25\0\0\0\0\0\0\0\x7a\x14\0\0\x25\0\0\0\x10\0\0\0\xbb\x05\0\
\0\x03\0\0\x04\x50\0\0\0\x7f\x14\0\0\x97\0\0\0\0\0\0\0\x85\x14\0\0\x12\0\0\0\
\x40\x02\0\0\x93\x14\0\0\x12\0\0\0\x60\x02\0\0\xa1\x14\0\0\x02\0\0\x04\x18\0\0\
\0\xb5\x14\0\0\x31\0\0\0\0\0\0\0\xbd\x14\0\0\x94\0\0\0\x40\0\0\0\xc4\x14\0\0\
\x01\0\0\x04\x10\0\0\0\xd4\x14\0\0\x95\0\0\0\0\0\0\0\xdc\x14\0\0\x02\0\0\x04\
\x10\0\0\0\xd4\x14\0\0\x96\0\0\0\0\0\0\0\xeb\x14\0\0\x2e\0\0\0\x40\0\0\0\xd4\
\x14\0\0\x01\0\0\x04\x08\0\0\0\x0e\x0d\0\0\x2e\0\0\0\0\0\0\0\0\0\0\0\0\0\0\x03\
\0\0\0\0\x93\0\0\0\x04\0\0\0\x03\0\0\0\xcb\x05\0\0\x03\0\0\x04\x38\0\0\0\xf7\
\x14\0\0\x99\0\0\0\0\0\0\0\xfc\x14\0\0\x9d\0\0\0\x80\0\0\0\x02\x15\0\0\x12\0\0\
\0\x80\x01\0\0\x0c\x15\0\0\x02\0\0\x04\x10\0\0\0\x2d\x0c\0\0\x9a\0\0\0\0\0\0\0\
\x1a\x15\0\0\x9b\0\0\0\x40\0\0\0\0\0\0\0\0\0\0\x02\x99\0\0\0\0\0\0\0\0\0\0\x02\
\x9c\0\0\0\0\0\0\0\x01\0\0\x0d\0\0\0\0\0\0\0\0\x9a\0\0\0\xfc\x14\0\0\x04\0\0\
\x04\x20\0\0\0\x1f\x15\0\0\x6a\0\0\0\0\0\0\0\x25\x15\0\0\x8b\0\0\0\x40\0\0\0\
\x2f\x15\0\0\x9e\0\0\0\x60\0\0\0\x33\x15\0\0\x2f\0\0\0\x80\0\0\0\x3d\x15\0\0\
\x01\0\0\x04\x04\0\0\0\x7a\x14\0\0\x1f\0\0\0\0\0\0\0\0\0\0\0\0\0\0\x02\xa0\0\0\
\0\0\0\0\0\0\0\0\x0a\xa1\0\0\0\xf7\x05\0\0\x1d\0\0\x04\xc0\0\0\0\xa6\0\0\0\x1f\
\0\0\0\0\0\0\0\x53\x15\0\0\x1f\0\0\0\x20\0\0\0\x5f\x15\0\0\x1c\0\0\0\x40\0\0\0\
\x68\x15\0\0\x12\0\0\0\x80\0\0\0\x6e\x15\0\0\xa2\0\0\0\xa0\0\0\0\x72\x15\0\0\
\xa6\0\0\0\xc0\0\0\0\x76\x15\0\0\xa2\0\0\0\xe0\0\0\0\x7b\x15\0\0\xa6\0\0\0\0\
\x01\0\0\x80\x15\0\0\xa2\0\0\0\x20\x01\0\0\x85\x15\0\0\xa6\0\0\0\x40\x01\0\0\
\x8a\x15\0\0\xa2\0\0\0\x60\x01\0\0\x90\x15\0\0\xa6\0\0\0\x80\x01\0\0\x96\x15\0\
\0\x12\0\0\0\xa0\x01\0\0\xa1\x15\0\0\xaa\0\0\0\xc0\x01\0\0\xb1\x15\0\0\xaa\0\0\
\0\0\x02\0\0\xbf\x15\0\0\xaa\0\0\0\x40\x02\0\0\xcd\x15\0\0\xaa\0\0\0\x80\x02\0\
\0\xd6\x15\0\0\xaa\0\0\0\xc0\x02\0\0\xe2\x15\0\0\x47\0\0\0\0\x03\0\0\xee\x15\0\
\0\xad\0\0\0\x40\x03\0\0\xfe\x15\0\0\xad\0\0\0\x80\x03\0\0\x0e\x16\0\0\xad\0\0\
\0\xc0\x03\0\0\x1d\x16\0\0\xad\0\0\0\0\x04\0\0\x63\x0a\0\0\x1c\0\0\0\x40\x04\0\
\0\x2e\x16\0\0\xae\0\0\0\x80\x04\0\0\x33\x16\0\0\xaf\0\0\0\xc0\x04\0\0\x3b\x16\
\0\0\xb0\0\0\0\0\x05\0\0\x43\x16\0\0\xb1\0\0\0\x40\x05\0\0\0\0\0\0\xb2\0\0\0\
\x80\x05\0\0\x4e\x16\0\0\0\0\0\x08\xa3\0\0\0\0\0\0\0\x01\0\0\x04\x04\0\0\0\x5e\
\x13\0\0\xa4\0\0\0\0\0\0\0\x55\x16\0\0\0\0\0\x08\xa5\0\0\0\x5b\x16\0\0\0\0\0\
\x08\x12\0\0\0\x6c\x16\0\0\0\0\0\x08\xa7\0\0\0\0\0\0\0\x01\0\0\x04\x04\0\0\0\
\x5e\x13\0\0\xa8\0\0\0\0\0\0\0\x73\x16\0\0\0\0\0\x08\xa9\0\0\0\x79\x16\0\0\0\0\
\0\x08\x12\0\0\0\x8a\x16\0\0\0\0\0\x08\xab\0\0\0\x97\x16\0\0\x01\0\0\x04\x08\0\
\0\0\xa9\x16\0\0\xac\0\0\0\0\0\0\0\0\0\0\0\0\0\0\x03\0\0\0\0\x11\0\0\0\x04\0\0\
\0\x02\0\0\0\0\0\0\0\0\0\0\x02\xe2\x04\0\0\0\0\0\0\0\0\0\x02\x89\x04\0\0\0\0\0\
\0\0\0\0\x02\x87\x03\0\0\0\0\0\0\0\0\0\x02\x7b\x04\0\0\0\0\0\0\0\0\0\x02\xe3\
\x04\0\0\0\0\0\0\x02\0\0\x05\x10\0\0\0\xad\x16\0\0\x02\0\0\0\0\0\0\0\xb5\x16\0\
\0\x99\0\0\0\0\0\0\0\0\0\0\0\0\0\0\x03\0\0\0\0\x65\0\0\0\x04\0\0\0\x10\0\0\0\0\
\0\0\0\0\0\0\x02\xd1\x04\0\0\xb9\x16\0\0\x01\0\0\x04\x08\0\0\0\xc2\x16\0\0\xb6\
\0\0\0\0\0\0\0\0\0\0\0\0\0\0\x02\x2b\x05\0\0\xcc\x16\0\0\x01\0\0\x04\x10\0\0\0\
\xd5\x16\0\0\x2f\0\0\0\0\0\0\0\0\0\0\0\0\0\0\x02\x23\x05\0\0\0\0\0\0\0\0\0\x02\
\x2c\x05\0\0\0\0\0\0\0\0\0\x02\x90\x01\0\0\0\0\0\0\0\0\0\x02\xd2\x04\0\0\0\0\0\
\0\0\0\0\x02\x2d\x05\0\0\xdf\x16\0\0\0\0\0\x08\xbe\0\0\0\0\0\0\0\x01\0\0\x04\
\x08\0\0\0\xe8\x16\0\0\x52\0\0\0\0\0\0\0\xec\x16\0\0\x02\0\0\x04\x18\0\0\0\xf7\
\x16\0\0\x2f\0\0\0\0\0\0\0\x64\x06\0\0\xbd\0\0\0\x80\0\0\0\xfc\x16\0\0\0\0\0\
\x08\xc1\0\0\0\x03\x17\0\0\0\0\0\x08\xc2\0\0\0\x13\x17\0\0\0\0\0\x08\x0f\0\0\0\
\0\0\0\0\0\0\0\x02\x2e\x05\0\0\xed\x06\0\0\x03\0\0\x04\x10\0\0\0\x24\x17\0\0\
\x02\0\0\0\0\0\0\0\x29\x17\0\0\x1f\0\0\0\x20\0\0\0\x36\x17\0\0\xc5\0\0\0\x40\0\
\0\0\0\0\0\0\0\0\0\x02\x27\x05\0\0\x3d\x17\0\0\x04\0\0\x04\x20\0\0\0\x53\x17\0\
\0\xc7\0\0\0\0\0\0\0\x5c\x17\0\0\x0f\0\0\0\x40\0\0\0\x63\x17\0\0\x0f\0\0\0\x80\
\0\0\0\x67\x17\0\0\x56\0\0\0\xc0\0\0\0\0\0\0\0\0\0\0\x02\x65\0\0\0\x73\x17\0\0\
\0\0\0\x08\xc9\0\0\0\x7e\x17\0\0\x01\0\0\x04\x04\0\0\0\0\0\0\0\xca\0\0\0\0\0\0\
\0\0\0\0\0\x01\0\0\x05\x04\0\0\0\x87\x17\0\0\x8c\0\0\0\0\0\0\0\x8d\x17\0\0\x01\
\0\0\x04\x08\0\0\0\x2d\x0c\0\0\xcc\0\0\0\0\0\0\0\0\0\0\0\0\0\0\x02\xcb\0\0\0\0\
\0\0\0\0\0\0\x02\x2f\x05\0\0\0\0\0\0\0\0\0\x02\x17\x05\0\0\0\0\0\0\0\0\0\x02\
\x30\x05\0\0\0\0\0\0\0\0\0\x02\x31\x05\0\0\0\0\0\0\0\0\0\x02\x19\x05\0\0\0\0\0\
\0\0\0\0\x02\x18\x05\0\0\0\0\0\0\0\0\0\x02\x32\x05\0\0\0\0\0\0\0\0\0\x02\xd5\0\
\0\0\x99\x17\0\0\0\0\0\x08\xed\x04\0\0\xaa\x17\0\0\x08\0\0\x04\x40\0\0\0\xbd\
\x17\0\0\x31\0\0\0\0\0\0\0\xc3\x17\0\0\x31\0\0\0\x40\0\0\0\xc9\x17\0\0\x31\0\0\
\0\x80\0\0\0\xcf\x17\0\0\x31\0\0\0\xc0\0\0\0\xd5\x17\0\0\x31\0\0\0\0\x01\0\0\
\xdc\x17\0\0\x31\0\0\0\x40\x01\0\0\xe7\x17\0\0\x31\0\0\0\x80\x01\0\0\xf3\x17\0\
\0\x31\0\0\0\xc0\x01\0\0\x09\x18\0\0\0\0\0\x08\xd8\0\0\0\0\0\0\0\x01\0\0\x04\
\x08\0\0\0\x6b\x11\0\0\x52\0\0\0\0\0\0\0\x14\x18\0\0\0\0\0\x08\xda\0\0\0\x28\
\x18\0\0\x01\0\0\x04\x04\0\0\0\x3a\x18\0\0\xdb\0\0\0\0\0\0\0\x43\x18\0\0\0\0\0\
\x08\xdc\0\0\0\x3a\x18\0\0\x01\0\0\x04\x04\0\0\0\x4e\x18\0\0\x12\0\0\0\0\0\0\0\
\0\0\0\0\0\0\0\x02\x22\x05\0\0\0\0\0\0\0\0\0\x02\x33\x05\0\0\0\0\0\0\0\0\0\x02\
\x34\x05\0\0\0\0\0\0\0\0\0\x02\x35\x05\0\0\0\0\0\0\0\0\0\x02\xe2\0\0\0\x57\x18\
\0\0\x1c\0\0\x04\x10\x01\0\0\x6a\x18\0\0\xe3\0\0\0\0\0\0\0\x20\x14\0\0\x8b\0\0\
\0\x40\0\0\0\xfc\x14\0\0\x9d\0\0\0\x80\0\0\0\x6e\x18\0\0\x2f\0\0\0\x80\x01\0\0\
\x7e\x18\0\0\xe4\0\0\0\0\x02\0\0\x8c\x18\0\0\xe4\0\0\0\x80\x02\0\0\x9c\x18\0\0\
\x2f\0\0\0\0\x03\0\0\xa7\x18\0\0\x2f\0\0\0\x80\x03\0\0\xb5\x18\0\0\x2f\0\0\0\0\
\x04\0\0\xc5\x18\0\0\x02\0\0\0\x80\x04\0\0\xcf\x18\0\0\x02\0\0\0\xa0\x04\0\0\
\xd9\x18\0\0\x02\0\0\0\xc0\x04\0\0\xe3\x18\0\0\x02\0\0\0\xe0\x04\0\0\xeb\x18\0\
\0\x02\0\0\0\0\x05\0\0\xf3\x18\0\0\x02\0\0\0\x20\x05\0\0\x02\x19\0\0\x02\0\0\0\
\x40\x05\0\0\x13\x19\0\0\x1d\0\0\0\x60\x05\0\0\x1c\x19\0\0\x28\0\0\0\x80\x05\0\
\0\x69\x13\0\0\x31\0\0\0\xc0\x05\0\0\x21\x19\0\0\x31\0\0\0\0\x06\0\0\x2b\x19\0\
\0\x31\0\0\0\x40\x06\0\0\x36\x19\0\0\xe1\0\0\0\x80\x06\0\0\x41\x19\0\0\x31\0\0\
\0\xc0\x06\0\0\x4c\x19\0\0\x31\0\0\0\0\x07\0\0\x57\x19\0\0\x02\0\0\0\x40\x07\0\
\0\x61\x19\0\0\x1c\0\0\0\x80\x07\0\0\x0c\x15\0\0\x99\0\0\0\xc0\x07\0\0\x6f\x19\
\0\0\xe5\0\0\0\x40\x08\0\0\0\0\0\0\0\0\0\x02\xe7\x04\0\0\x7a\x19\0\0\x02\0\0\
\x04\x10\0\0\0\x8c\x19\0\0\x96\0\0\0\0\0\0\0\x91\x19\0\0\x31\0\0\0\x40\0\0\0\
\x97\x19\0\0\0\0\0\x08\xe6\0\0\0\0\0\0\0\x01\0\0\x04\x08\0\0\0\x9f\x19\0\0\x6a\
\0\0\0\0\0\0\0\0\0\0\0\0\0\0\x03\0\0\0\0\xe1\0\0\0\x04\0\0\0\x02\0\0\0\0\0\0\0\
\0\0\0\x02\x36\x05\0\0\xa1\x19\0\0\x03\0\0\x04\x10\0\0\0\xb6\x19\0\0\xea\0\0\0\
\0\0\0\0\xbb\x19\0\0\x56\0\0\0\x40\0\0\0\xca\x19\0\0\x56\0\0\0\x48\0\0\0\xd3\
\x19\0\0\x01\0\0\x04\x08\0\0\0\x63\x11\0\0\x51\0\0\0\0\0\0\0\0\0\0\0\x02\0\0\
\x05\x10\0\0\0\xed\x19\0\0\x1d\0\0\0\0\0\0\0\xb5\x16\0\0\x99\0\0\0\0\0\0\0\0\0\
\0\0\0\0\0\x02\x03\x04\0\0\xf7\x19\0\0\x03\0\0\x04\x10\0\0\0\x01\x1a\0\0\xee\0\
\0\0\0\0\0\0\x5c\x17\0\0\x11\0\0\0\x40\0\0\0\x06\x1a\0\0\x11\0\0\0\x60\0\0\0\0\
\0\0\0\0\0\0\x02\xec\x03\0\0\0\0\0\0\0\0\0\x02\x37\x05\0\0\0\0\0\0\0\0\0\x02\
\x16\x05\0\0\0\0\0\0\0\0\0\x02\x38\x05\0\0\x08\x0a\0\0\0\0\0\x04\0\0\0\0\x0b\
\x1a\0\0\x04\0\0\x04\x28\0\0\0\x16\x1a\0\0\x85\0\0\0\0\0\0\0\x33\x0f\0\0\x0f\0\
\0\0\x80\0\0\0\xf8\x0e\0\0\xf4\0\0\0\xc0\0\0\0\xac\0\0\0\x10\0\0\0\0\x01\0\0\0\
\0\0\0\0\0\0\x02\xf5\0\0\0\0\0\0\0\x01\0\0\x0d\0\0\0\0\0\0\0\0\xf6\0\0\0\0\0\0\
\0\0\0\0\x02\xf3\0\0\0\0\0\0\0\0\0\0\x02\x39\x05\0\0\0\0\0\0\0\0\0\x02\x9c\x04\
\0\0\0\0\0\0\0\0\0\x02\x3a\x05\0\0\x1c\x1a\0\0\x14\0\0\x84\0\x11\0\0\x2a\x1a\0\
\0\xfc\0\0\0\0\0\0\0\xca\x0b\0\0\x0f\0\0\0\xc0\0\0\0\x34\x1a\0\0\x27\0\0\0\0\
\x01\0\0\x37\x1a\0\0\x27\0\0\0\x10\x01\0\0\x3a\x1a\0\0\x27\0\0\0\x20\x01\0\0\
\x42\x1a\0\0\x27\0\0\0\x30\x01\0\0\x4a\x1a\0\0\x0f\0\0\0\x40\x01\0\0\x51\x1a\0\
\0\x0f\0\0\0\x80\x01\0\0\x58\x1a\0\0\x41\x01\0\0\xc0\x01\0\0\x63\x1a\0\0\x0f\0\
\0\0\xc0\x02\0\0\x6f\x1a\0\0\x0f\0\0\0\0\x03\0\0\x7a\x1a\0\0\x0f\0\0\0\x40\x03\
\0\0\x7e\x1a\0\0\x0f\0\0\0\x80\x03\0\0\x86\x1a\0\0\x0f\0\0\0\xc0\x03\0\0\x91\
\x1a\0\0\x42\x01\0\0\0\x04\0\0\x9b\x1a\0\0\x0f\0\0\0\x40\x04\0\0\xa5\x1a\0\0\
\x12\0\0\0\x80\x04\0\x01\xaf\x1a\0\0\x12\0\0\0\x81\x04\0\x01\xc2\x1a\0\0\x10\0\
\0\0\xa0\x04\0\0\xc7\x1a\0\0\x43\x01\0\0\0\x06\0\0\xcb\x1a\0\0\x0d\0\0\x84\x08\
\0\0\0\xd7\x1a\0\0\x25\0\0\0\0\0\0\0\xde\x1a\0\0\x25\0\0\0\x10\0\0\0\xe4\x1a\0\
\0\x25\0\0\0\x20\0\0\x08\x19\0\0\0\x25\0\0\0\x28\0\0\x04\x7e\x11\0\0\x25\0\0\0\
\x2c\0\0\x01\xea\x1a\0\0\x25\0\0\0\x2d\0\0\x02\xee\x1a\0\0\x25\0\0\0\x2f\0\0\
\x01\xf0\x1a\0\0\x25\0\0\0\x30\0\0\x04\xf7\x1a\0\0\x25\0\0\0\x34\0\0\x01\xfb\
\x1a\0\0\x25\0\0\0\x35\0\0\x01\xfd\x1a\0\0\x25\0\0\0\x36\0\0\x01\xff\x1a\0\0\
\x25\0\0\0\x37\0\0\x01\x01\x1b\0\0\x25\0\0\0\x38\0\0\x08\0\0\0\0\0\0\0\x03\0\0\
\0\0\xfb\0\0\0\x04\0\0\0\x03\0\0\0\0\0\0\0\0\0\0\x02\xfe\0\0\0\x07\x1b\0\0\x49\
\0\0\x04\xb0\x04\0\0\x12\x1b\0\0\x2f\0\0\0\0\0\0\0\x1e\x1b\0\0\x2f\0\0\0\x80\0\
\0\0\x2b\x1b\0\0\x2f\0\0\0\0\x01\0\0\x76\x0c\0\0\x2d\0\0\0\x80\x01\0\0\x37\x1b\
\0\0\x31\0\0\0\x40\x02\0\0\x43\x1b\0\0\x2f\0\0\0\x80\x02\0\0\x51\x1b\0\0\x85\0\
\0\0\0\x03\0\0\x5d\x1b\0\0\x2f\0\0\0\x80\x03\0\0\x6a\x1b\0\0\x02\0\0\0\0\x04\0\
\0\x76\x1b\0\0\x02\0\0\0\x20\x04\0\0\x81\x1b\0\0\x02\0\0\0\x40\x04\0\0\xdf\x04\
\0\0\xfd\0\0\0\x80\x04\0\0\x6a\x18\0\0\xe3\0\0\0\xc0\x04\0\0\x8c\x1b\0\0\x1c\0\
\0\0\0\x05\0\0\x06\x0f\0\0\xff\0\0\0\x40\x05\0\0\x98\x1b\0\0\x12\0\0\0\x60\x05\
\0\0\x30\x13\0\0\0\x01\0\0\x80\x05\0\0\xa5\x1b\0\0\x6b\0\0\0\xc0\x05\0\0\xb1\
\x1b\0\0\x31\0\0\0\0\x06\0\0\xc4\x1b\0\0\x31\0\0\0\x40\x06\0\0\xd7\x1b\0\0\x31\
\0\0\0\x80\x06\0\0\xde\x1b\0\0\x02\x01\0\0\xc0\x06\0\0\xe3\x1b\0\0\x25\0\0\0\
\xc0\x0a\0\0\xef\x1b\0\0\x25\0\0\0\xd0\x0a\0\0\xfe\x1b\0\0\x25\0\0\0\xe0\x0a\0\
\0\x08\x1c\0\0\x08\x01\0\0\0\x0b\0\0\x40\0\0\0\xe1\0\0\0\0\x11\0\0\x13\x19\0\0\
\x6a\0\0\0\x40\x11\0\0\x0b\x1c\0\0\x6b\0\0\0\x80\x11\0\0\x24\x1c\0\0\x6b\0\0\0\
\xc0\x11\0\0\x3d\x1c\0\0\x9d\0\0\0\0\x12\0\0\x49\x1c\0\0\x2f\0\0\0\0\x13\0\0\
\xc7\x04\0\0\xfd\0\0\0\x80\x13\0\0\x54\x1c\0\0\x02\0\0\0\xc0\x13\0\0\xcb\0\0\0\
\x02\0\0\0\xe0\x13\0\0\x5a\x1c\0\0\x2f\0\0\0\0\x14\0\0\x1f\x15\0\0\x28\0\0\0\
\x80\x14\0\0\x66\x1c\0\0\x9d\0\0\0\xc0\x14\0\0\x71\x1c\0\0\x1f\0\0\0\xc0\x15\0\
\0\x2a\0\0\0\x15\x01\0\0\0\x16\0\0\x7c\x1c\0\0\x2f\0\0\0\x40\x16\0\0\x85\x1c\0\
\0\x0f\0\0\0\xc0\x16\0\0\x91\x1c\0\0\x02\0\0\0\0\x17\0\0\x9d\x1c\0\0\x16\x01\0\
\0\x40\x17\0\0\xa3\x1c\0\0\x18\x01\0\0\0\x18\0\0\xaa\x1c\0\0\x12\0\0\0\x40\x18\
\0\0\xb9\x1c\0\0\x12\0\0\0\x60\x18\0\0\xc6\x1c\0\0\x12\0\0\0\x80\x18\0\0\xd6\
\x1c\0\0\x12\0\0\0\xa0\x18\0\0\xe6\x1c\0\0\x0f\0\0\0\xc0\x18\0\0\xf3\x1c\0\0\
\x19\x01\0\0\0\x19\0\0\xff\x1c\0\0\x99\0\0\0\xc0\x19\0\0\x0c\x1d\0\0\x12\0\0\0\
\x40\x1a\0\0\x19\x1d\0\0\x1f\0\0\0\x60\x1a\0\0\x25\x1d\0\0\x1d\x01\0\0\x80\x1a\
\0\0\x32\x1d\0\0\x1e\x01\0\0\x40\x1b\0\0\x45\x1d\0\0\x0f\0\0\0\x80\x1b\0\0\x56\
\x1d\0\0\xfd\0\0\0\xc0\x1b\0\0\x60\x1d\0\0\x1f\x01\0\0\0\x1c\0\0\x0c\x15\0\0\
\x99\0\0\0\x40\x1c\0\0\x68\x1d\0\0\x21\x01\0\0\xc0\x1c\0\0\x6b\x1d\0\0\x31\0\0\
\0\0\x1d\0\0\x6e\x1d\0\0\x22\x01\0\0\x40\x1d\0\0\x74\x1d\0\0\x24\x01\0\0\x80\
\x1d\0\0\x85\x1d\0\0\x1c\0\0\0\xc0\x1d\0\0\x9e\x1d\0\0\x24\x01\0\0\0\x1e\0\0\
\xb4\x1d\0\0\x34\x01\0\0\x40\x1e\0\0\xb9\x1d\0\0\x31\0\0\0\x80\x1e\0\0\xc4\x1d\
\0\0\x35\x01\0\0\xc0\x1e\0\0\x36\x17\0\0\x36\x01\0\0\0\x1f\0\0\xcd\x1d\0\0\x37\
\x01\0\0\x40\x1f\0\0\x63\x0a\0\0\x1c\0\0\0\xc0\x24\0\0\xd8\x1d\0\0\x2f\0\0\0\0\
\x25\0\0\xe0\x1d\0\0\x06\0\0\x06\x04\0\0\0\xf1\x1d\0\0\xfc\xff\xff\xff\x07\x1e\
\0\0\xfd\xff\xff\xff\x1d\x1e\0\0\xfe\xff\xff\xff\x34\x1e\0\0\xff\xff\xff\xff\
\x49\x1e\0\0\0\0\0\0\x63\x1e\0\0\x01\0\0\0\x7b\x1e\0\0\0\0\0\x08\x01\x01\0\0\0\
\0\0\0\x01\0\0\x04\x08\0\0\0\x9f\x19\0\0\xe5\0\0\0\0\0\0\0\x85\x1e\0\0\x3b\0\0\
\x84\x80\0\0\0\x19\0\0\0\x11\0\0\0\0\0\0\0\x06\x1a\0\0\x11\0\0\0\x20\0\0\0\x95\
\x1e\0\0\x32\0\0\0\x40\0\0\0\0\0\0\0\x03\x01\0\0\x80\0\0\0\x9c\x1e\0\0\x32\0\0\
\0\xc0\0\0\0\xa8\x1e\0\0\x32\0\0\0\0\x01\0\0\xb4\x1e\0\0\x32\0\0\0\x40\x01\0\
\x01\xbd\x1e\0\0\x32\0\0\0\x41\x01\0\x01\xc5\x1e\0\0\x32\0\0\0\x42\x01\0\x01\
\xcc\x1e\0\0\x32\0\0\0\x43\x01\0\x01\xd6\x1e\0\0\x32\0\0\0\x44\x01\0\x01\xe3\
\x1e\0\0\x32\0\0\0\x45\x01\0\x01\xf2\x1e\0\0\x32\0\0\0\x46\x01\0\x01\xfd\x1e\0\
\0\x32\0\0\0\x47\x01\0\x01\x0a\x1f\0\0\x32\0\0\0\x48\x01\0\x01\x11\x06\0\0\x32\
\0\0\0\x49\x01\0\x01\x0f\x1f\0\0\x32\0\0\0\x4a\x01\0\x01\x14\x1f\0\0\x32\0\0\0\
\x4b\x01\0\x01\x21\x1f\0\0\x32\0\0\0\x4c\x01\0\x01\x1c\x19\0\0\x32\0\0\0\x4d\
\x01\0\x01\x30\x1f\0\0\x32\0\0\0\x4e\x01\0\x01\x3a\x1f\0\0\x32\0\0\0\x4f\x01\0\
\x02\x45\x1f\0\0\x32\0\0\0\x51\x01\0\x01\x4f\x1f\0\0\x32\0\0\0\x52\x01\0\x01\
\x5d\x1f\0\0\x32\0\0\0\x53\x01\0\x01\x6a\x1f\0\0\x32\0\0\0\x54\x01\0\x01\x78\
\x1f\0\0\x32\0\0\0\x55\x01\0\x01\x91\x1f\0\0\x32\0\0\0\x56\x01\0\x01\xa8\x1f\0\
\0\x32\0\0\0\x57\x01\0\x01\xae\x1f\0\0\x32\0\0\0\x58\x01\0\x01\xb8\x1f\0\0\x32\
\0\0\0\x59\x01\0\x01\xc4\x1f\0\0\x32\0\0\0\x5a\x01\0\x01\xd3\x1f\0\0\x32\0\0\0\
\x5b\x01\0\x01\xe2\x1f\0\0\x32\0\0\0\x5c\x01\0\x01\xed\x1f\0\0\x32\0\0\0\x5d\
\x01\0\x01\xf5\x1f\0\0\x32\0\0\0\x5e\x01\0\x01\xff\x1f\0\0\x32\0\0\0\x5f\x01\0\
\x01\x0a\x20\0\0\x32\0\0\0\x60\x01\0\x01\x11\x20\0\0\x32\0\0\0\x61\x01\0\x01\
\x1b\x20\0\0\x32\0\0\0\x62\x01\0\x01\x24\x20\0\0\x32\0\0\0\x63\x01\0\x01\x33\
\x20\0\0\x32\0\0\0\x64\x01\0\x01\x42\x20\0\0\x32\0\0\0\x65\x01\0\x01\x4a\x20\0\
\0\x32\0\0\0\x66\x01\0\x1a\0\0\0\0\x04\x01\0\0\x80\x01\0\0\x57\x20\0\0\x11\0\0\
\0\xa0\x01\0\0\0\0\0\0\x05\x01\0\0\xc0\x01\0\0\0\0\0\0\x06\x01\0\0\0\x02\0\0\
\x5f\x20\0\0\x32\0\0\0\x40\x02\0\0\x72\x20\0\0\x32\0\0\0\x80\x02\0\0\x83\x20\0\
\0\x11\0\0\0\xc0\x02\0\0\x75\x13\0\0\x07\x01\0\0\xe0\x02\0\0\x95\x20\0\0\x32\0\
\0\0\0\x03\0\0\xa6\x20\0\0\x11\0\0\0\x40\x03\0\0\xb4\x20\0\0\x26\0\0\0\x60\x03\
\0\0\xc5\x20\0\0\x26\0\0\0\x70\x03\0\0\xd2\x20\0\0\x11\0\0\0\x80\x03\0\0\xe2\
\x20\0\0\x11\0\0\0\xa0\x03\0\0\xef\x20\0\0\x32\0\0\0\xc0\x03\0\0\0\0\0\0\x02\0\
\0\x05\x08\0\0\0\xf8\x20\0\0\x32\0\0\0\0\0\0\0\x06\x21\0\0\x32\0\0\0\0\0\0\0\0\
\0\0\0\x02\0\0\x05\x04\0\0\0\x12\x21\0\0\x11\0\0\0\0\0\0\0\x20\x21\0\0\x11\0\0\
\0\0\0\0\0\0\0\0\0\x04\0\0\x05\x08\0\0\0\x31\x21\0\0\x32\0\0\0\0\0\0\0\x39\x21\
\0\0\x32\0\0\0\0\0\0\0\x45\x21\0\0\x32\0\0\0\0\0\0\0\x51\x21\0\0\x32\0\0\0\0\0\
\0\0\0\0\0\0\x04\0\0\x05\x08\0\0\0\x59\x21\0\0\x32\0\0\0\0\0\0\0\x60\x21\0\0\
\x32\0\0\0\0\0\0\0\x6c\x21\0\0\x32\0\0\0\0\0\0\0\x79\x21\0\0\x32\0\0\0\0\0\0\0\
\x81\x21\0\0\0\0\0\x08\x02\0\0\0\x87\x21\0\0\x0c\0\0\x04\xc0\0\0\0\0\0\0\0\x09\
\x01\0\0\0\0\0\0\x95\x21\0\0\x28\0\0\0\0\x03\0\0\x25\x1d\0\0\x1c\0\0\0\x40\x03\
\0\0\x45\x1d\0\0\x0f\0\0\0\x80\x03\0\0\x06\x0f\0\0\x02\0\0\0\xc0\x03\0\0\x9c\
\x21\0\0\0\x01\0\0\0\x04\0\0\xf8\x20\0\0\x31\0\0\0\x40\x04\0\0\0\0\0\0\x12\x01\
\0\0\x80\x04\0\0\xa7\x21\0\0\x31\0\0\0\0\x05\0\0\xb6\x21\0\0\x31\0\0\0\x40\x05\
\0\0\xc1\x21\0\0\x31\0\0\0\x80\x05\0\0\xd1\x21\0\0\x31\0\0\0\xc0\x05\0\0\0\0\0\
\0\x06\0\0\x05\x60\0\0\0\0\0\0\0\x0a\x01\0\0\0\0\0\0\0\0\0\0\x0c\x01\0\0\0\0\0\
\0\0\0\0\0\x0d\x01\0\0\0\0\0\0\0\0\0\0\x0e\x01\0\0\0\0\0\0\0\0\0\0\x0f\x01\0\0\
\0\0\0\0\0\0\0\0\x11\x01\0\0\0\0\0\0\0\0\0\0\x0a\0\0\x04\x60\0\0\0\x95\x1e\0\0\
\x31\0\0\0\0\0\0\0\xe2\x21\0\0\x31\0\0\0\x40\0\0\0\xeb\x21\0\0\x0f\0\0\0\x80\0\
\0\0\xf7\x21\0\0\x0f\0\0\0\xc0\0\0\0\x02\x22\0\0\x02\0\0\0\0\x01\0\0\x13\x22\0\
\0\x02\0\0\0\x20\x01\0\0\x17\x22\0\0\x02\0\0\0\x40\x01\0\0\xac\0\0\0\x02\0\0\0\
\x60\x01\0\0\x20\x22\0\0\x0b\x01\0\0\x80\x01\0\0\x2a\x22\0\0\x0b\x01\0\0\x40\
\x02\0\0\x35\x22\0\0\x04\0\0\x04\x18\0\0\0\x95\x1e\0\0\x31\0\0\0\0\0\0\0\x49\
\x22\0\0\x12\0\0\0\x40\0\0\0\x4d\x22\0\0\x02\0\0\0\x60\0\0\0\x13\x22\0\0\x02\0\
\0\0\x80\0\0\0\0\0\0\0\x01\0\0\x04\x40\0\0\0\xde\x0e\0\0\x3d\0\0\0\0\0\0\0\0\0\
\0\0\x01\0\0\x04\x10\0\0\0\x53\x22\0\0\x2f\0\0\0\0\0\0\0\0\0\0\0\x02\0\0\x04\
\x10\0\0\0\x5b\x22\0\0\x31\0\0\0\0\0\0\0\x63\x22\0\0\x31\0\0\0\x40\0\0\0\0\0\0\
\0\x02\0\0\x04\x28\0\0\0\x68\x22\0\0\x10\x01\0\0\0\0\0\0\x6d\x22\0\0\x2f\0\0\0\
\xc0\0\0\0\x75\x22\0\0\x04\0\0\x04\x18\0\0\0\x88\x22\0\0\x0f\0\0\0\0\0\0\0\x90\
\x22\0\0\x0f\0\0\0\x40\0\0\0\x63\x17\0\0\x45\0\0\0\x80\0\0\0\x19\0\0\0\x45\0\0\
\0\x88\0\0\0\0\0\0\0\x05\0\0\x04\x18\0\0\0\x95\x22\0\0\x45\0\0\0\0\0\0\0\xa0\
\x22\0\0\x45\0\0\0\x08\0\0\0\xab\x22\0\0\x25\0\0\0\x10\0\0\0\xb3\x22\0\0\x31\0\
\0\0\x40\0\0\0\xb8\x22\0\0\x31\0\0\0\x80\0\0\0\0\0\0\0\x02\0\0\x05\x10\0\0\0\0\
\0\0\0\x13\x01\0\0\0\0\0\0\0\0\0\0\x14\x01\0\0\0\0\0\0\0\0\0\0\x02\0\0\x04\x10\
\0\0\0\xbe\x22\0\0\x31\0\0\0\0\0\0\0\xca\x22\0\0\0\x01\0\0\x40\0\0\0\0\0\0\0\
\x02\0\0\x04\x10\0\0\0\xd6\x22\0\0\x31\0\0\0\0\0\0\0\xe3\x22\0\0\x31\0\0\0\x40\
\0\0\0\0\0\0\0\0\0\0\x02\xe8\x04\0\0\xef\x22\0\0\0\0\0\x08\x17\x01\0\0\x01\x23\
\0\0\x02\0\0\x04\x18\0\0\0\x20\x14\0\0\xc8\0\0\0\0\0\0\0\x11\x23\0\0\x2f\0\0\0\
\x40\0\0\0\0\0\0\0\0\0\0\x02\x87\x04\0\0\x16\x23\0\0\x02\0\0\x04\x18\0\0\0\xe6\
\x0e\0\0\x21\0\0\0\0\0\0\0\x1a\x15\0\0\x1a\x01\0\0\x80\0\0\0\0\0\0\0\0\0\0\x02\
\x1b\x01\0\0\0\0\0\0\x01\0\0\x0d\0\0\0\0\0\0\0\0\x1c\x01\0\0\0\0\0\0\0\0\0\x02\
\x19\x01\0\0\x1f\x23\0\0\x03\0\0\x04\x18\0\0\0\xf7\x16\0\0\x2f\0\0\0\0\0\0\0\
\x20\x14\0\0\x8b\0\0\0\x80\0\0\0\x36\x23\0\0\x12\0\0\0\xa0\0\0\0\0\0\0\0\0\0\0\
\x02\xe9\x04\0\0\0\0\0\0\0\0\0\x02\x20\x01\0\0\0\0\0\0\x01\0\0\x0d\0\0\0\0\0\0\
\0\0\xfd\0\0\0\0\0\0\0\0\0\0\x02\x97\x01\0\0\0\0\0\0\0\0\0\x02\x23\x01\0\0\0\0\
\0\0\x01\0\0\x0d\x31\0\0\0\0\0\0\0\0\0\0\0\x46\x23\0\0\0\0\0\x08\x25\x01\0\0\0\
\0\0\0\0\0\0\x02\x26\x01\0\0\0\0\0\0\x03\0\0\x0d\0\0\0\0\0\0\0\0\xfd\0\0\0\0\0\
\0\0\x27\x01\0\0\0\0\0\0\x33\x01\0\0\0\0\0\0\0\0\0\x02\x28\x01\0\0\x5e\x23\0\0\
\x17\0\0\x04\0\x01\0\0\x6f\x23\0\0\x31\0\0\0\0\0\0\0\x74\x23\0\0\x29\x01\0\0\
\x40\0\0\0\x78\x23\0\0\x2a\x01\0\0\x80\0\0\0\x81\x23\0\0\x31\0\0\0\xc0\0\0\0\
\xfc\x0c\0\0\x2b\x01\0\0\0\x01\0\0\x88\x23\0\0\x31\0\0\0\x40\x01\0\0\x8c\x23\0\
\0\x2d\x01\0\0\x80\x01\0\0\x19\0\0\0\x31\0\0\0\xc0\x01\0\0\xc4\x0b\0\0\x31\0\0\
\0\0\x02\0\0\x95\x23\0\0\x2f\x01\0\0\x40\x02\0\0\x69\x13\0\0\x31\0\0\0\x80\x02\
\0\0\x6b\x1d\0\0\x31\0\0\0\xc0\x02\0\0\x9f\x23\0\0\x31\0\0\0\0\x03\0\0\xa9\x23\
\0\0\x30\x01\0\0\x40\x03\0\0\xb3\x23\0\0\x31\x01\0\0\x80\x03\0\0\xbd\x23\0\0\
\x31\0\0\0\xc0\x03\0\0\xc6\x23\0\0\x32\x01\0\0\0\x04\0\0\xd0\x23\0\0\x32\x01\0\
\0\x80\x04\0\0\xda\x23\0\0\x31\0\0\0\0\x05\0\0\xea\x23\0\0\x31\0\0\0\x40\x05\0\
\0\x0a\x20\0\0\x31\0\0\0\x80\x05\0\0\xf4\x23\0\0\x31\0\0\0\xc0\x05\0\0\x03\x24\
\0\0\x31\0\0\0\0\x06\0\0\0\0\0\0\0\0\0\x02\xea\x04\0\0\0\0\0\0\0\0\0\x02\xeb\
\x04\0\0\x12\x24\0\0\x02\0\0\x05\x08\0\0\0\x25\x24\0\0\x32\0\0\0\0\0\0\0\0\0\0\
\0\x2c\x01\0\0\0\0\0\0\0\0\0\0\x03\0\0\x04\x08\0\0\0\x2a\x24\0\0\x11\0\0\0\0\0\
\0\0\x32\x24\0\0\x26\0\0\0\x20\0\0\0\x39\x24\0\0\x26\0\0\0\x30\0\0\0\x40\x24\0\
\0\x02\0\0\x05\x08\0\0\0\x5e\x13\0\0\x32\0\0\0\0\0\0\0\0\0\0\0\x2e\x01\0\0\0\0\
\0\0\0\0\0\0\x0a\0\0\x84\x08\0\0\0\x52\x24\0\0\x32\0\0\0\0\0\0\x05\x59\x24\0\0\
\x32\0\0\0\x05\0\0\x0e\x61\x24\0\0\x32\0\0\0\x13\0\0\x05\x6b\x24\0\0\x32\0\0\0\
\x18\0\0\x02\x74\x24\0\0\x32\0\0\0\x1a\0\0\x07\x7d\x24\0\0\x32\0\0\0\x21\0\0\
\x04\x89\x24\0\0\x32\0\0\0\x25\0\0\x01\x94\x24\0\0\x32\0\0\0\x26\0\0\x02\x9f\
\x24\0\0\x32\0\0\0\x28\0\0\x03\xa7\x24\0\0\x32\0\0\0\x2b\0\0\x15\0\0\0\0\x02\0\
\0\x04\x08\0\0\0\xa5\x04\0\0\x10\0\0\0\0\0\0\0\xb0\x24\0\0\x10\0\0\0\x20\0\0\0\
\0\0\0\0\x02\0\0\x04\x08\0\0\0\xcb\0\0\0\x10\0\0\0\0\0\0\0\xb4\x24\0\0\x10\0\0\
\0\x20\0\0\0\0\0\0\0\0\0\0\x02\xec\x04\0\0\xbd\x24\0\0\x02\0\0\x04\x10\0\0\0\
\xc7\x24\0\0\x32\0\0\0\0\0\0\0\xcb\x24\0\0\x33\x01\0\0\x40\0\0\0\0\0\0\0\0\0\0\
\x02\x1b\0\0\0\0\0\0\0\0\0\0\x02\x6d\x03\0\0\0\0\0\0\0\0\0\x02\xb8\x04\0\0\0\0\
\0\0\0\0\0\x02\xb9\x04\0\0\xcd\x1d\0\0\x0b\0\0\x04\xb0\0\0\0\x1a\x15\0\0\x38\
\x01\0\0\0\0\0\0\x2d\x0c\0\0\x3b\x01\0\0\x40\0\0\0\xac\0\0\0\x0f\0\0\0\x80\0\0\
\0\xd0\x24\0\0\x1c\0\0\0\xc0\0\0\0\xd8\x24\0\0\x38\x01\0\0\0\x01\0\0\xe3\x24\0\
\0\x3e\x01\0\0\x40\x01\0\0\xee\x24\0\0\x40\x01\0\0\xc0\x02\0\0\xf8\x24\0\0\x3e\
\x01\0\0\0\x03\0\0\x01\x25\0\0\x0f\0\0\0\x80\x04\0\0\x0c\x25\0\0\x0f\0\0\0\xc0\
\x04\0\0\xf7\x16\0\0\x2f\0\0\0\0\x05\0\0\x1c\x25\0\0\0\0\0\x08\x39\x01\0\0\0\0\
\0\0\0\0\0\x02\x3a\x01\0\0\0\0\0\0\x04\0\0\x0d\0\0\0\0\0\0\0\0\x0f\0\0\0\0\0\0\
\0\x0f\0\0\0\0\0\0\0\x3b\x01\0\0\0\0\0\0\x3c\x01\0\0\0\0\0\0\0\0\0\x02\x37\x01\
\0\0\0\0\0\0\0\0\0\x02\x3d\x01\0\0\x2a\x25\0\0\x01\0\0\x04\xa8\0\0\0\xcb\x24\0\
\0\x1b\0\0\0\0\0\0\0\x36\x25\0\0\x03\0\0\x04\x30\0\0\0\x46\x25\0\0\x3f\x01\0\0\
\0\0\0\0\x53\x25\0\0\x3f\x01\0\0\x40\0\0\0\x5f\x25\0\0\x9d\0\0\0\x80\0\0\0\0\0\
\0\0\0\0\0\x02\xba\x04\0\0\0\0\0\0\0\0\0\x02\x3e\x01\0\0\0\0\0\0\0\0\0\x03\0\0\
\0\0\xfd\0\0\0\x04\0\0\0\x04\0\0\0\0\0\0\0\0\0\0\x02\x3b\x05\0\0\xc7\x1a\0\0\
\x03\0\0\x04\x40\x10\0\0\x17\x22\0\0\x12\0\0\0\0\0\0\0\x6a\x25\0\0\x0f\0\0\0\
\x40\0\0\0\x06\x0f\0\0\x44\x01\0\0\0\x02\0\0\x7b\x25\0\0\x05\0\0\x05\0\x10\0\0\
\x88\x25\0\0\x45\x01\0\0\0\0\0\0\x8e\x25\0\0\x47\x01\0\0\0\0\0\0\x95\x25\0\0\
\x4f\x01\0\0\0\0\0\0\x9a\x25\0\0\x51\x01\0\0\0\0\0\0\xa0\x25\0\0\x55\x01\0\0\0\
\0\0\0\xaa\x25\0\0\x09\0\0\x04\x70\0\0\0\xb6\x25\0\0\x10\0\0\0\0\0\0\0\xba\x25\
\0\0\x10\0\0\0\x20\0\0\0\xbe\x25\0\0\x10\0\0\0\x40\0\0\0\xc2\x25\0\0\x10\0\0\0\
\x60\0\0\0\xc6\x25\0\0\x10\0\0\0\x80\0\0\0\xca\x25\0\0\x10\0\0\0\xa0\0\0\0\xce\
\x25\0\0\x10\0\0\0\xc0\0\0\0\xd2\x25\0\0\x46\x01\0\0\xe0\0\0\0\xfe\x0a\0\0\x10\
\0\0\0\x60\x03\0\0\0\0\0\0\0\0\0\x03\0\0\0\0\x10\0\0\0\x04\0\0\0\x14\0\0\0\xdb\
\x25\0\0\x0b\0\0\x04\0\x02\0\0\xb6\x25\0\0\x25\0\0\0\0\0\0\0\xba\x25\0\0\x25\0\
\0\0\x10\0\0\0\xbe\x25\0\0\x25\0\0\0\x20\0\0\0\xe8\x25\0\0\x25\0\0\0\x30\0\0\0\
\0\0\0\0\x48\x01\0\0\x40\0\0\0\xec\x25\0\0\x10\0\0\0\xc0\0\0\0\xf2\x25\0\0\x10\
\0\0\0\xe0\0\0\0\xd2\x25\0\0\x4b\x01\0\0\0\x01\0\0\xfd\x25\0\0\x4c\x01\0\0\0\
\x05\0\0\xab\x22\0\0\x4d\x01\0\0\0\x0d\0\0\0\0\0\0\x4e\x01\0\0\x80\x0e\0\0\0\0\
\0\0\x02\0\0\x05\x10\0\0\0\0\0\0\0\x49\x01\0\0\0\0\0\0\0\0\0\0\x4a\x01\0\0\0\0\
\0\0\0\0\0\0\x02\0\0\x04\x10\0\0\0\x07\x26\0\0\x31\0\0\0\0\0\0\0\x0b\x26\0\0\
\x31\0\0\0\x40\0\0\0\0\0\0\0\x04\0\0\x04\x10\0\0\0\xc2\x25\0\0\x10\0\0\0\0\0\0\
\0\xc6\x25\0\0\x10\0\0\0\x20\0\0\0\xca\x25\0\0\x10\0\0\0\x40\0\0\0\xce\x25\0\0\
\x10\0\0\0\x60\0\0\0\0\0\0\0\0\0\0\x03\0\0\0\0\x10\0\0\0\x04\0\0\0\x20\0\0\0\0\
\0\0\0\0\0\0\x03\0\0\0\0\x10\0\0\0\x04\0\0\0\x40\0\0\0\0\0\0\0\0\0\0\x03\0\0\0\
\0\x10\0\0\0\x04\0\0\0\x0c\0\0\0\0\0\0\0\x02\0\0\x05\x30\0\0\0\x0f\x26\0\0\x4d\
\x01\0\0\0\0\0\0\x18\x26\0\0\x4d\x01\0\0\0\0\0\0\x24\x26\0\0\x10\0\0\x04\x88\0\
\0\0\xb6\x25\0\0\x10\0\0\0\0\0\0\0\xba\x25\0\0\x10\0\0\0\x20\0\0\0\xbe\x25\0\0\
\x10\0\0\0\x40\0\0\0\xc2\x25\0\0\x10\0\0\0\x60\0\0\0\xc6\x25\0\0\x10\0\0\0\x80\
\0\0\0\xca\x25\0\0\x10\0\0\0\xa0\0\0\0\xce\x25\0\0\x10\0\0\0\xc0\0\0\0\xd2\x25\
\0\0\x46\x01\0\0\xe0\0\0\0\x31\x26\0\0\x45\0\0\0\x60\x03\0\0\x36\x26\0\0\x45\0\
\0\0\x68\x03\0\0\x3e\x26\0\0\x45\0\0\0\x70\x03\0\0\x48\x26\0\0\x45\0\0\0\x78\
\x03\0\0\x52\x26\0\0\x45\0\0\0\x80\x03\0\0\x55\x26\0\0\x45\0\0\0\x88\x03\0\0\
\x68\x22\0\0\x50\x01\0\0\xc0\x03\0\0\x5c\x26\0\0\x10\0\0\0\0\x04\0\0\0\0\0\0\0\
\0\0\x02\x3c\x05\0\0\x66\x26\0\0\x03\0\0\x04\x40\x02\0\0\x72\x26\0\0\x47\x01\0\
\0\0\0\0\0\x77\x26\0\0\x52\x01\0\0\0\x10\0\0\x7e\x26\0\0\x54\x01\0\0\0\x12\0\0\
\x92\x26\0\0\x03\0\0\x04\x40\0\0\0\xa0\x26\0\0\x31\0\0\0\0\0\0\0\xaa\x26\0\0\
\x31\0\0\0\x40\0\0\0\xb4\x24\0\0\x53\x01\0\0\x80\0\0\0\0\0\0\0\0\0\0\x03\0\0\0\
\0\x31\0\0\0\x04\0\0\0\x06\0\0\0\0\0\0\0\0\0\0\x03\0\0\0\0\x45\0\0\0\x04\0\0\0\
\0\0\0\0\0\0\0\0\0\0\0\x03\0\0\0\0\x45\0\0\0\x04\0\0\0\0\x10\0\0\x31\x2c\0\0\
\x02\0\0\x04\x08\x04\0\0\0\0\0\0\x57\x01\0\0\0\0\0\0\x3b\x2c\0\0\x8f\x01\0\0\
\x40\x20\0\0\0\0\0\0\x3a\0\0\x04\x08\x04\0\0\x0a\x1f\0\0\x5c\0\0\0\0\0\0\0\x46\
\x2c\0\0\x96\0\0\0\x40\0\0\0\x4c\x2c\0\0\x31\0\0\0\x80\0\0\0\x5c\x2c\0\0\x58\
\x01\0\0\xc0\0\0\0\x6e\x2c\0\0\x0f\0\0\0\0\x01\0\0\x78\x2c\0\0\x0f\0\0\0\x40\
\x01\0\0\x89\x2c\0\0\x0f\0\0\0\x80\x01\0\0\x9a\x2c\0\0\x0f\0\0\0\xc0\x01\0\0\
\xb2\x2c\0\0\x0f\0\0\0\0\x02\0\0\xbc\x2c\0\0\x0f\0\0\0\x40\x02\0\0\xcb\x2c\0\0\
\x73\x01\0\0\x80\x02\0\0\xcf\x2c\0\0\x1f\0\0\0\xc0\x02\0\0\xe0\x2c\0\0\x1f\0\0\
\0\xe0\x02\0\0\xe9\x2c\0\0\x1f\0\0\0\0\x03\0\0\xf2\x2c\0\0\x6a\0\0\0\x40\x03\0\
\0\x01\x2d\0\0\x02\0\0\0\x80\x03\0\0\x0b\x2d\0\0\xc8\0\0\0\xa0\x03\0\0\x1b\x2d\
\0\0\x77\x01\0\0\xc0\x03\0\0\x25\x2d\0\0\x2f\0\0\0\0\x05\0\0\x2c\x2d\0\0\x0f\0\
\0\0\x80\x05\0\0\x38\x2d\0\0\x0f\0\0\0\xc0\x05\0\0\x43\x2d\0\0\x0f\0\0\0\0\x06\
\0\0\x4c\x2d\0\0\x0f\0\0\0\x40\x06\0\0\x56\x2d\0\0\x6b\0\0\0\x80\x06\0\0\x60\
\x2d\0\0\x0f\0\0\0\xc0\x06\0\0\x68\x2d\0\0\x0f\0\0\0\0\x07\0\0\x70\x2d\0\0\x0f\
\0\0\0\x40\x07\0\0\x79\x2d\0\0\x0f\0\0\0\x80\x07\0\0\x83\x2d\0\0\xdb\0\0\0\xc0\
\x07\0\0\x95\x2d\0\0\xc8\0\0\0\xe0\x07\0\0\x9e\x2d\0\0\x0f\0\0\0\0\x08\0\0\xa9\
\x2d\0\0\x0f\0\0\0\x40\x08\0\0\xb2\x2d\0\0\x0f\0\0\0\x80\x08\0\0\xbd\x2d\0\0\
\x0f\0\0\0\xc0\x08\0\0\xc6\x2d\0\0\x0f\0\0\0\0\x09\0\0\xd0\x2d\0\0\x0f\0\0\0\
\x40\x09\0\0\xd4\x2d\0\0\x0f\0\0\0\x80\x09\0\0\xe0\x2d\0\0\x0f\0\0\0\xc0\x09\0\
\0\xea\x2d\0\0\x0f\0\0\0\0\x0a\0\0\xf2\x2d\0\0\x0f\0\0\0\x40\x0a\0\0\xfc\x2d\0\
\0\x0f\0\0\0\x80\x0a\0\0\x04\x2e\0\0\x78\x01\0\0\xc0\x0a\0\0\x67\x03\0\0\x79\
\x01\0\0\xc0\x16\0\0\x0f\x2e\0\0\x7b\x01\0\0\xc0\x17\0\0\x16\x2e\0\0\x7c\x01\0\
\0\0\x18\0\0\xac\0\0\0\x0f\0\0\0\0\x1c\0\0\x1e\x2e\0\0\x84\x01\0\0\x40\x1c\0\0\
\x29\x2e\0\0\xc8\0\0\0\x80\x1c\0\0\x34\x2e\0\0\x85\x01\0\0\xc0\x1c\0\0\x33\x16\
\0\0\xaf\0\0\0\0\x1d\0\0\x40\x2e\0\0\x69\0\0\0\x40\x1d\0\0\x49\x2e\0\0\x86\x01\
\0\0\x80\x1d\0\0\x60\x2e\0\0\x1f\0\0\0\xc0\x1d\0\0\x72\x2e\0\0\x56\0\0\0\xe0\
\x1d\0\0\x84\x2e\0\0\x87\x01\0\0\0\x1e\0\0\x92\x2e\0\0\x89\x01\0\0\x40\x1e\0\0\
\xa1\x2e\0\0\x10\0\0\0\x40\x1f\0\0\xa7\x2e\0\0\x8e\x01\0\0\x80\x1f\0\0\0\0\0\0\
\0\0\0\x02\x59\x01\0\0\0\0\0\0\x05\0\0\x0d\x0f\0\0\0\0\0\0\0\x69\0\0\0\0\0\0\0\
\x0f\0\0\0\0\0\0\0\x0f\0\0\0\0\0\0\0\x0f\0\0\0\0\0\0\0\x0f\0\0\0\xaf\x2e\0\0\
\x15\0\0\x04\xf0\0\0\0\xb4\x2e\0\0\x5b\x01\0\0\0\0\0\0\xb8\x2e\0\0\x5c\x01\0\0\
\x80\0\0\0\xbf\x2e\0\0\x5f\x01\0\0\x40\x01\0\0\xc7\x2e\0\0\x60\x01\0\0\x80\x01\
\0\0\xcc\x2e\0\0\xc8\0\0\0\xc0\x01\0\0\xd3\x2e\0\0\x62\x01\0\0\xe0\x01\0\0\xe0\
\x2e\0\0\x6a\0\0\0\0\x02\0\0\xe8\x2e\0\0\x12\0\0\0\x40\x02\0\0\xf0\x2e\0\0\x63\
\x01\0\0\x60\x02\0\0\xf7\x2e\0\0\x9d\0\0\0\x80\x02\0\0\x02\x2f\0\0\x64\x01\0\0\
\x80\x03\0\0\x08\x2f\0\0\x66\x01\0\0\xc0\x03\0\0\x10\x2f\0\0\x9f\0\0\0\xc0\x04\
\0\0\x17\x2f\0\0\x6f\x01\0\0\0\x05\0\0\x1c\x2f\0\0\x31\0\0\0\0\x06\0\0\x26\x2f\
\0\0\x1c\0\0\0\x40\x06\0\0\x31\x2f\0\0\x1c\0\0\0\x80\x06\0\0\x3e\x2f\0\0\x70\
\x01\0\0\xc0\x06\0\0\x43\x2f\0\0\x71\x01\0\0\0\x07\0\0\x4d\x2f\0\0\x72\x01\0\0\
\x40\x07\0\0\x56\x2f\0\0\x72\x01\0\0\x60\x07\0\0\0\0\0\0\x02\0\0\x05\x10\0\0\0\
\x5f\x2f\0\0\x22\0\0\0\0\0\0\0\x68\x2f\0\0\x99\0\0\0\0\0\0\0\x73\x2f\0\0\x03\0\
\0\x04\x18\0\0\0\x78\x2f\0\0\x5d\x01\0\0\0\0\0\0\x7c\x2f\0\0\x5e\x01\0\0\x40\0\
\0\0\x83\x2f\0\0\x02\0\0\0\x80\0\0\0\0\0\0\0\0\0\0\x02\x75\x04\0\0\0\0\0\0\0\0\
\0\x02\x76\x04\0\0\0\0\0\0\0\0\0\x02\x93\x03\0\0\0\0\0\0\0\0\0\x02\x61\x01\0\0\
\0\0\0\0\0\0\0\x0a\x9f\x03\0\0\x8e\x2f\0\0\x06\0\0\x06\x04\0\0\0\x96\x2f\0\0\0\
\0\0\0\xa9\x2f\0\0\x01\0\0\0\xb9\x2f\0\0\x02\0\0\0\xca\x2f\0\0\x03\0\0\0\xdc\
\x2f\0\0\x04\0\0\0\xec\x2f\0\0\x05\0\0\0\xff\x2f\0\0\0\0\0\x08\x12\0\0\0\x07\
\x30\0\0\0\0\0\x08\x65\x01\0\0\x0e\x30\0\0\0\0\0\x08\x3c\0\0\0\x1e\x30\0\0\x06\
\0\0\x04\x20\0\0\0\x20\x14\0\0\x67\x01\0\0\0\0\0\0\xa5\x04\0\0\x84\0\0\0\x40\0\
\0\0\x2a\x30\0\0\x6e\x01\0\0\x80\0\0\0\x6e\x15\0\0\xa2\0\0\0\xa0\0\0\0\x80\x15\
\0\0\xa2\0\0\0\xc0\0\0\0\x33\x30\0\0\x02\0\0\0\xe0\0\0\0\x3a\x30\0\0\0\0\0\x08\
\x68\x01\0\0\0\0\0\0\x01\0\0\x04\x08\0\0\0\x41\x14\0\0\x69\x01\0\0\0\0\0\0\x43\
\x30\0\0\0\0\0\x08\x6a\x01\0\0\x51\x30\0\0\x02\0\0\x04\x08\0\0\0\0\0\0\0\x6b\
\x01\0\0\0\0\0\0\x25\x15\0\0\x8d\0\0\0\x20\0\0\0\0\0\0\0\x02\0\0\x05\x04\0\0\0\
\x59\x30\0\0\x1f\0\0\0\0\0\0\0\0\0\0\0\x6c\x01\0\0\0\0\0\0\0\0\0\0\x02\0\0\x04\
\x04\0\0\0\x5e\x30\0\0\x45\0\0\0\0\0\0\0\x66\x30\0\0\x6d\x01\0\0\x08\0\0\0\0\0\
\0\0\0\0\0\x03\0\0\0\0\x45\0\0\0\x04\0\0\0\x03\0\0\0\x2a\x30\0\0\x05\0\0\x06\
\x04\0\0\0\x6f\x30\0\0\0\0\0\0\x7b\x30\0\0\x01\0\0\0\x88\x30\0\0\x02\0\0\0\x95\
\x30\0\0\x03\0\0\0\xa1\x30\0\0\x04\0\0\0\xad\x30\0\0\x06\0\0\x04\x20\0\0\0\xbb\
\x30\0\0\x0f\0\0\0\0\0\0\0\x06\x1a\0\0\x12\0\0\0\x40\0\0\0\xc1\x30\0\0\x12\0\0\
\0\x60\0\0\0\xcc\x30\0\0\x12\0\0\0\x80\0\0\0\xd5\x30\0\0\x12\0\0\0\xa0\0\0\0\
\xdf\x30\0\0\x64\x01\0\0\xc0\0\0\0\0\0\0\0\0\0\0\x02\x4b\0\0\0\0\0\0\0\0\0\0\
\x02\xf4\x02\0\0\xe8\x30\0\0\0\0\0\x08\x10\0\0\0\0\0\0\0\0\0\0\x02\x74\x01\0\0\
\xf1\x30\0\0\0\0\0\x08\x75\x01\0\0\0\0\0\0\x01\0\0\x04\x08\0\0\0\xcb\x2c\0\0\
\x76\x01\0\0\0\0\0\0\xf7\x30\0\0\0\0\0\x08\x0f\0\0\0\0\x31\0\0\x05\0\0\x04\x28\
\0\0\0\x30\x13\0\0\x6a\0\0\0\0\0\0\0\x1f\x15\0\0\x6a\0\0\0\x40\0\0\0\x2f\x15\0\
\0\x9e\0\0\0\x80\0\0\0\x25\x15\0\0\x8b\0\0\0\xa0\0\0\0\x33\x15\0\0\x2f\0\0\0\
\xc0\0\0\0\0\0\0\0\0\0\0\x03\0\0\0\0\x0f\0\0\0\x04\0\0\0\x30\0\0\0\x0d\x31\0\0\
\x01\0\0\x04\x20\0\0\0\x30\x13\0\0\x7a\x01\0\0\0\0\0\0\0\0\0\0\0\0\0\x03\0\0\0\
\0\x6a\0\0\0\x04\0\0\0\x04\0\0\0\0\0\0\0\0\0\0\x02\x8e\x04\0\0\x19\x31\0\0\0\0\
\0\x08\x7d\x01\0\0\0\0\0\0\x0b\0\0\x04\x80\0\0\0\x26\x31\0\0\x31\0\0\0\0\0\0\0\
\x2d\x31\0\0\x6b\0\0\0\x40\0\0\0\x35\x31\0\0\x77\x01\0\0\x80\0\0\0\x41\x31\0\0\
\x7e\x01\0\0\xc0\x01\0\0\xac\0\0\0\x27\0\0\0\0\x02\0\0\x20\x14\0\0\x9d\0\0\0\
\x40\x02\0\0\x45\x31\0\0\x1c\0\0\0\x40\x03\0\0\x4a\x31\0\0\x7f\x01\0\0\x80\x03\
\0\0\x55\x31\0\0\x1f\0\0\0\xc0\x03\0\0\x68\x31\0\0\x25\0\0\0\xe0\x03\0\0\x7c\
\x31\0\0\x81\x01\0\0\xf0\x03\0\0\0\0\0\0\0\0\0\x02\xee\x04\0\0\0\0\0\0\0\0\0\
\x02\x80\x01\0\0\0\0\0\0\0\0\0\x0a\xef\x04\0\0\x8e\x31\0\0\0\0\0\x08\x82\x01\0\
\0\x92\x31\0\0\0\0\0\x08\x83\x01\0\0\x98\x31\0\0\0\0\0\x01\x02\0\0\0\x10\0\0\
\x01\0\0\0\0\0\0\0\x02\xf0\x04\0\0\0\0\0\0\0\0\0\x02\xf1\x04\0\0\0\0\0\0\0\0\0\
\x02\xf2\x04\0\0\x84\x2e\0\0\x01\0\0\x04\x08\0\0\0\x9e\x31\0\0\x88\x01\0\0\0\0\
\0\0\0\0\0\0\0\0\0\x02\xf3\x04\0\0\xa7\x31\0\0\x03\0\0\x04\x20\0\0\0\xb3\x31\0\
\0\x6a\0\0\0\0\0\0\0\x16\x1a\0\0\x2f\0\0\0\x40\0\0\0\x1a\x15\0\0\x8a\x01\0\0\
\xc0\0\0\0\xb8\x31\0\0\0\0\0\x08\x8b\x01\0\0\0\0\0\0\0\0\0\x02\x8c\x01\0\0\0\0\
\0\0\x01\0\0\x0d\0\0\0\0\0\0\0\0\x8d\x01\0\0\0\0\0\0\0\0\0\x02\x89\x01\0\0\0\0\
\0\0\x02\0\0\x04\x18\0\0\0\xf7\x16\0\0\x2f\0\0\0\0\0\0\0\xc4\x31\0\0\x0f\0\0\0\
\x80\0\0\0\0\0\0\0\0\0\0\x03\0\0\0\0\x0f\0\0\0\x04\0\0\0\0\0\0\0\x5c\x06\0\0\
\x09\0\0\x04\x48\0\0\0\x30\x13\0\0\x1f\0\0\0\0\0\0\0\x85\x33\0\0\x91\x01\0\0\
\x40\0\0\0\x8c\x33\0\0\x92\x01\0\0\x80\0\0\0\x93\x33\0\0\x93\x01\0\0\xc0\0\0\0\
\x9a\x33\0\0\x21\x01\0\0\0\x01\0\0\xae\x33\0\0\x94\x01\0\0\x40\x01\0\0\xb5\x33\
\0\0\x95\x01\0\0\x80\x01\0\0\xbd\x33\0\0\x95\x01\0\0\xc0\x01\0\0\xd2\x33\0\0\
\x96\x01\0\0\0\x02\0\0\0\0\0\0\0\0\0\x02\x84\x03\0\0\0\0\0\0\0\0\0\x02\xa2\x01\
\0\0\0\0\0\0\0\0\0\x02\x9f\x01\0\0\0\0\0\0\0\0\0\x02\xb9\x01\0\0\0\0\0\0\0\0\0\
\x02\x21\x05\0\0\0\0\0\0\0\0\0\x02\xa1\x01\0\0\xdc\x33\0\0\x0c\0\0\x04\x88\0\0\
\0\xea\x33\0\0\x98\x01\0\0\0\0\0\0\xb5\x16\0\0\x99\0\0\0\xc0\0\0\0\xee\x33\0\0\
\x12\0\0\0\x40\x01\0\0\xfc\x33\0\0\x28\0\0\0\x80\x01\0\0\x09\x34\0\0\x9b\x01\0\
\0\xc0\x01\0\0\x14\x34\0\0\x12\0\0\0\0\x02\0\0\xc7\x04\0\0\x21\x01\0\0\x40\x02\
\0\0\x33\x16\0\0\xaf\0\0\0\x80\x02\0\0\x3b\x16\0\0\xb0\0\0\0\xc0\x02\0\0\x1a\
\x34\0\0\x02\0\0\0\0\x03\0\0\x68\x1d\0\0\x9c\x01\0\0\x40\x03\0\0\x21\x34\0\0\
\x02\0\0\0\0\x04\0\0\xea\x33\0\0\x03\0\0\x04\x18\0\0\0\x34\x34\0\0\x99\x01\0\0\
\0\0\0\0\x3b\x34\0\0\x12\0\0\0\x80\0\0\0\x44\x34\0\0\x12\0\0\0\xa0\0\0\0\x4d\
\x34\0\0\x03\0\0\x04\x10\0\0\0\x54\x34\0\0\xc8\0\0\0\0\0\0\0\x5c\x34\0\0\x9a\
\x01\0\0\x20\0\0\0\x65\x34\0\0\x1c\0\0\0\x40\0\0\0\x6d\x34\0\0\0\0\0\x08\x12\0\
\0\0\0\0\0\0\0\0\0\x02\x81\x04\0\0\x73\x34\0\0\x04\0\0\x04\x18\0\0\0\x7d\x34\0\
\0\x6a\0\0\0\0\0\0\0\x85\x34\0\0\x9d\x01\0\0\x40\0\0\0\x89\x34\0\0\x12\0\0\0\
\x80\0\0\0\x30\x13\0\0\x1d\0\0\0\xa0\0\0\0\0\0\0\0\0\0\0\x02\x9e\x01\0\0\0\0\0\
\0\0\0\0\x0a\x7a\x04\0\0\xd9\x34\0\0\x0b\0\0\x04\x78\0\0\0\x68\x1d\0\0\x9c\x01\
\0\0\0\0\0\0\xe7\x34\0\0\xa0\x01\0\0\xc0\0\0\0\xf7\x16\0\0\x2f\0\0\0\0\x01\0\0\
\xec\x34\0\0\xc8\0\0\0\x80\x01\0\0\x33\x16\0\0\xaf\0\0\0\xc0\x01\0\0\x3b\x16\0\
\0\xb0\0\0\0\0\x02\0\0\xf4\x34\0\0\x31\0\0\0\x40\x02\0\0\x53\x13\0\0\x16\x01\0\
\0\x80\x02\0\0\xf8\x34\0\0\x31\0\0\0\x40\x03\0\0\xfe\x34\0\0\x12\0\0\0\x80\x03\
\0\0\x05\x35\0\0\x12\0\0\0\xa0\x03\0\0\0\0\0\0\0\0\0\x02\x80\x04\0\0\x64\x35\0\
\0\x04\0\0\x04\x30\0\0\0\x68\x1d\0\0\x9c\x01\0\0\0\0\0\0\x33\x16\0\0\xaf\0\0\0\
\xc0\0\0\0\x3b\x16\0\0\xb0\0\0\0\0\x01\0\0\x75\x35\0\0\xdd\0\0\0\x40\x01\0\0\
\xc3\x35\0\0\x19\0\0\x04\x38\x03\0\0\xd1\x35\0\0\xb3\x01\0\0\0\0\0\0\xd5\x35\0\
\0\x71\0\0\0\x40\x14\0\0\xde\x35\0\0\x02\0\0\0\xc0\x14\0\0\xe8\x35\0\0\x12\0\0\
\0\xe0\x14\0\0\xf3\x35\0\0\x12\0\0\0\0\x15\0\0\xfe\x35\0\0\x12\0\0\0\x20\x15\0\
\0\x09\x36\0\0\x1f\0\0\0\x40\x15\0\0\x13\x36\0\0\x1f\0\0\0\x60\x15\0\0\x1c\x36\
\0\0\xc0\0\0\0\x80\x15\0\0\x27\x36\0\0\xc0\0\0\0\xc0\x15\0\0\x32\x36\0\0\x0f\0\
\0\0\0\x16\0\0\x3a\x36\0\0\x02\0\0\0\x40\x16\0\0\x45\x36\0\0\x02\0\0\0\x60\x16\
\0\0\x55\x36\0\0\xb4\x01\0\0\x80\x16\0\0\x5e\x36\0\0\x5d\x01\0\0\x40\x17\0\0\
\x65\x36\0\0\x12\0\0\0\x80\x17\0\0\x75\x36\0\0\x12\0\0\0\xa0\x17\0\0\x83\x36\0\
\0\x12\0\0\0\xc0\x17\0\0\x8e\x36\0\0\x12\0\0\0\xe0\x17\0\0\x9d\x36\0\0\x12\0\0\
\0\0\x18\0\0\xac\x36\0\0\x12\0\0\0\x20\x18\0\0\x33\x16\0\0\xaf\0\0\0\x40\x18\0\
\0\x3b\x16\0\0\xb0\0\0\0\x80\x18\0\0\xbf\x36\0\0\x22\0\0\0\xc0\x18\0\0\x68\x1d\
\0\0\x9c\x01\0\0\0\x19\0\0\xc9\x36\0\0\x07\0\0\x04\xd8\0\0\0\xd1\x36\0\0\x02\0\
\0\0\0\0\0\0\xf4\x34\0\0\x27\0\0\0\x20\0\0\0\xd8\x36\0\0\x77\x01\0\0\x40\0\0\0\
\xde\x36\0\0\x98\x01\0\0\x80\x01\0\0\xe7\x36\0\0\x02\0\0\0\x40\x02\0\0\xef\x36\
\0\0\x02\0\0\0\x60\x02\0\0\xf8\x36\0\0\xa4\x01\0\0\x80\x02\0\0\xff\x36\0\0\x09\
\0\0\x04\x88\0\0\0\x0a\x37\0\0\xa5\x01\0\0\0\0\0\0\x0e\x37\0\0\x12\0\0\0\x40\0\
\0\0\x16\x37\0\0\x12\0\0\0\x60\0\0\0\xee\x1a\0\0\xa6\x01\0\0\x80\0\0\0\x20\x37\
\0\0\x56\0\0\0\xc0\x01\0\0\x27\x37\0\0\x89\x01\0\0\0\x02\0\0\xfc\x14\0\0\x9d\0\
\0\0\0\x03\0\0\x20\x14\0\0\xc8\0\0\0\0\x04\0\0\x30\x37\0\0\x1f\0\0\0\x20\x04\0\
\0\0\0\0\0\0\0\0\x02\x7d\x04\0\0\x37\x37\0\0\x0a\0\0\x04\x28\0\0\0\x49\x37\0\0\
\x25\0\0\0\0\0\0\0\x0e\x37\0\0\x25\0\0\0\x10\0\0\0\x54\x37\0\0\x25\0\0\0\x20\0\
\0\0\x5f\x37\0\0\x25\0\0\0\x30\0\0\0\x6b\x37\0\0\x12\0\0\0\x40\0\0\0\x74\x37\0\
\0\x25\0\0\0\x60\0\0\0\x7d\x37\0\0\x56\0\0\0\x70\0\0\0\x91\x37\0\0\xa7\x01\0\0\
\x80\0\0\0\x98\x37\0\0\xac\x01\0\0\xc0\0\0\0\xa3\x37\0\0\xad\x01\0\0\0\x01\0\0\
\xad\x37\0\0\0\0\0\x08\xa8\x01\0\0\0\0\0\0\0\0\0\x02\xa9\x01\0\0\0\0\0\0\x03\0\
\0\x0d\x10\0\0\0\0\0\0\0\xaa\x01\0\0\0\0\0\0\x10\0\0\0\0\0\0\0\x10\0\0\0\0\0\0\
\0\0\0\0\x02\xab\x01\0\0\0\0\0\0\0\0\0\x0a\0\0\0\0\xba\x37\0\0\0\0\0\x08\xa8\
\x01\0\0\xcb\x37\0\0\0\0\0\x08\xae\x01\0\0\0\0\0\0\0\0\0\x02\xaf\x01\0\0\0\0\0\
\0\x02\0\0\x0d\x02\0\0\0\0\0\0\0\xb0\x01\0\0\0\0\0\0\xaa\x01\0\0\0\0\0\0\0\0\0\
\x02\xb1\x01\0\0\xdb\x37\0\0\x02\0\0\x04\x10\0\0\0\xf2\x37\0\0\xb2\x01\0\0\0\0\
\0\0\xf5\x37\0\0\xaa\x01\0\0\x40\0\0\0\0\0\0\0\0\0\0\x02\xa4\x01\0\0\0\0\0\0\0\
\0\0\x03\0\0\0\0\xa3\x01\0\0\x04\0\0\0\x03\0\0\0\xf9\x37\0\0\x03\0\0\x04\x18\0\
\0\0\x08\x38\0\0\xb5\x01\0\0\0\0\0\0\x2d\x0c\0\0\xb8\x01\0\0\x40\0\0\0\x16\x38\
\0\0\x02\0\0\0\x80\0\0\0\x1f\x38\0\0\0\0\0\x08\xb6\x01\0\0\0\0\0\0\0\0\0\x02\
\xb7\x01\0\0\0\0\0\0\x03\0\0\x0d\x02\0\0\0\0\0\0\0\xb8\x01\0\0\0\0\0\0\x0f\0\0\
\0\0\0\0\0\x1c\0\0\0\0\0\0\0\0\0\0\x02\xb4\x01\0\0\x78\x38\0\0\x2b\0\0\x04\0\
\x0d\0\0\x7c\x38\0\0\x1d\0\0\0\0\0\0\0\x84\x38\0\0\xc8\0\0\0\x20\0\0\0\x93\x38\
\0\0\x12\0\0\0\x40\0\0\0\xa3\x38\0\0\x12\0\0\0\x60\0\0\0\xb0\x38\0\0\x02\0\0\0\
\x80\0\0\0\xb8\x38\0\0\xc8\0\0\0\xa0\0\0\0\xc2\x38\0\0\x1f\0\0\0\xc0\0\0\0\xf7\
\x16\0\0\x2f\0\0\0\0\x01\0\0\xcd\x38\0\0\x2f\0\0\0\x80\x01\0\0\xd7\x38\0\0\x22\
\0\0\0\0\x02\0\0\xe4\x38\0\0\xba\x01\0\0\x40\x02\0\0\x33\x16\0\0\xaf\0\0\0\x80\
\x02\0\0\x3b\x16\0\0\xb0\0\0\0\xc0\x02\0\0\xef\x38\0\0\x98\x01\0\0\0\x03\0\0\
\x68\x1d\0\0\x9c\x01\0\0\xc0\x03\0\0\xf9\x38\0\0\x2f\0\0\0\x80\x04\0\0\x07\x39\
\0\0\xbb\x01\0\0\0\x05\0\0\x10\x39\0\0\xbb\x01\0\0\x40\x05\0\0\x1e\x39\0\0\xbc\
\x01\0\0\x80\x05\0\0\x26\x39\0\0\xc8\x01\0\0\x80\x08\0\0\x2b\x39\0\0\xc8\x01\0\
\0\xc0\x08\0\0\x35\x39\0\0\xc9\x01\0\0\0\x09\0\0\x41\x39\0\0\x70\x01\0\0\x40\
\x09\0\0\x4f\x39\0\0\x70\x01\0\0\x80\x09\0\0\x5e\x39\0\0\xca\x01\0\0\xc0\x09\0\
\0\x6b\x39\0\0\x10\0\0\0\0\x0a\0\0\x74\x39\0\0\xcb\x01\0\0\x40\x0a\0\0\x81\x39\
\0\0\x2f\0\0\0\x80\x0a\0\0\x8b\x39\0\0\xcc\x01\0\0\0\x0b\0\0\x90\x39\0\0\xcf\
\x01\0\0\0\x0c\0\0\x94\x39\0\0\xd8\x01\0\0\x40\x0f\0\0\x9b\x39\0\0\xd9\x01\0\0\
\x80\x10\0\0\x9f\x39\0\0\xda\x01\0\0\0\x11\0\0\xa7\x39\0\0\xdc\x01\0\0\0\x14\0\
\0\xac\x39\0\0\xf7\x01\0\0\0\x28\0\0\xb1\x39\0\0\x31\x03\0\0\0\x3e\0\0\xb4\x39\
\0\0\x52\x03\0\0\x80\x44\0\0\xb7\x39\0\0\x3d\x02\0\0\xc0\x48\0\0\xc5\x39\0\0\
\x5e\x03\0\0\x80\x49\0\0\xc9\x39\0\0\x5f\x03\0\0\xc0\x49\0\0\xcd\x39\0\0\x7e\
\x03\0\0\0\x4c\0\0\xd2\x39\0\0\x31\0\0\0\0\x66\0\0\xdd\x39\0\0\xc8\x01\0\0\x40\
\x66\0\0\0\0\0\0\0\0\0\x02\x8b\x04\0\0\0\0\0\0\0\0\0\x02\x8c\x04\0\0\xe7\x39\0\
\0\x02\0\0\x04\x60\0\0\0\xf5\x39\0\0\xbd\x01\0\0\0\0\0\0\xfd\x39\0\0\xc0\x01\0\
\0\x40\0\0\0\0\0\0\0\0\0\0\x02\xbe\x01\0\0\0\0\0\0\x01\0\0\x0d\x02\0\0\0\0\0\0\
\0\xbf\x01\0\0\0\0\0\0\0\0\0\x02\xbc\x01\0\0\x01\x3a\0\0\x02\0\0\x04\x58\0\0\0\
\x77\x26\0\0\xc1\x01\0\0\0\0\0\0\xe7\x34\0\0\x96\0\0\0\x80\x02\0\0\x09\x3a\0\0\
\x08\0\0\x04\x50\0\0\0\0\0\0\0\xc2\x01\0\0\0\0\0\0\x1a\x3a\0\0\x88\0\0\0\xc0\0\
\0\0\x28\x3a\0\0\xc4\x01\0\0\0\x01\0\0\xe7\x34\0\0\xc5\x01\0\0\x40\x01\0\0\x36\
\x3a\0\0\xbf\x01\0\0\x80\x01\0\0\xc7\x04\0\0\xc6\x01\0\0\xc0\x01\0\0\xe6\x0e\0\
\0\xc7\x01\0\0\0\x02\0\0\x3a\x3a\0\0\x4b\0\0\0\x40\x02\0\0\0\0\0\0\x02\0\0\x05\
\x18\0\0\0\0\0\0\0\xc3\x01\0\0\0\0\0\0\xb5\x16\0\0\x99\0\0\0\0\0\0\0\0\0\0\0\
\x04\0\0\x04\x18\0\0\0\x41\x3a\0\0\xc4\x01\0\0\0\0\0\0\x4b\x3a\0\0\x02\0\0\0\
\x40\0\0\0\x30\x13\0\0\x02\0\0\0\x60\0\0\0\x50\x3a\0\0\x02\0\0\0\x80\0\0\0\0\0\
\0\0\0\0\0\x02\xc7\x04\0\0\0\0\0\0\0\0\0\x02\xc8\x04\0\0\0\0\0\0\0\0\0\x02\xc0\
\x01\0\0\0\0\0\0\0\0\0\x02\xc9\x04\0\0\0\0\0\0\0\0\0\x02\x1d\x02\0\0\0\0\0\0\0\
\0\0\x02\xf8\x04\0\0\x55\x3a\0\0\x01\0\0\x04\x08\0\0\0\x11\x23\0\0\xb8\x01\0\0\
\0\0\0\0\0\0\0\0\0\0\0\x02\x68\x02\0\0\x67\x3a\0\0\x05\0\0\x04\x20\0\0\0\x72\
\x3a\0\0\xcd\x01\0\0\0\0\0\0\x7d\x3a\0\0\x02\0\0\0\x40\0\0\0\x8e\x3a\0\0\x02\0\
\0\0\x60\0\0\0\xa6\x3a\0\0\x89\0\0\0\x80\0\0\0\xb1\x3a\0\0\xce\x01\0\0\xc0\0\0\
\0\0\0\0\0\0\0\0\x02\xc1\x01\0\0\0\0\0\0\0\0\0\x02\xf9\x04\0\0\xbc\x3a\0\0\x0d\
\0\0\x04\x68\0\0\0\xc6\x3a\0\0\xd0\x01\0\0\0\0\0\0\xd4\x3a\0\0\xd0\x01\0\0\x40\
\0\0\0\xe4\x3a\0\0\xd1\x01\0\0\x80\0\0\0\xf3\x3a\0\0\xd2\x01\0\0\xc0\0\0\0\x02\
\x3b\0\0\xd3\x01\0\0\0\x01\0\0\x11\x3b\0\0\xd3\x01\0\0\x40\x01\0\0\x1f\x3b\0\0\
\xd3\x01\0\0\x80\x01\0\0\x32\x3b\0\0\xd3\x01\0\0\xc0\x01\0\0\x44\x3b\0\0\xd4\
\x01\0\0\0\x02\0\0\x54\x3b\0\0\xd5\x01\0\0\x40\x02\0\0\x67\x3b\0\0\xd6\x01\0\0\
\x80\x02\0\0\x79\x3b\0\0\xd7\x01\0\0\xc0\x02\0\0\x8e\x3b\0\0\xbb\x01\0\0\0\x03\
\0\0\0\0\0\0\0\0\0\x02\xca\x04\0\0\0\0\0\0\0\0\0\x02\xfa\x04\0\0\0\0\0\0\0\0\0\
\x02\xfb\x04\0\0\0\0\0\0\0\0\0\x02\xfc\x04\0\0\0\0\0\0\0\0\0\x02\xfd\x04\0\0\0\
\0\0\0\0\0\0\x02\xfe\x04\0\0\0\0\0\0\0\0\0\x02\xff\x04\0\0\0\0\0\0\0\0\0\x02\0\
\x05\0\0\xa0\x3b\0\0\x02\0\0\x04\x28\0\0\0\xad\x3b\0\0\x9d\0\0\0\0\0\0\0\xb9\
\x3b\0\0\x4b\0\0\0\0\x01\0\0\xc0\x3b\0\0\x02\0\0\x04\x10\0\0\0\xcb\x3b\0\0\x02\
\0\0\0\0\0\0\0\xe1\x3b\0\0\xcd\x01\0\0\x40\0\0\0\xe5\x3b\0\0\x05\0\0\x04\x48\0\
\0\0\xd4\x14\0\0\x96\0\0\0\0\0\0\0\xf3\x3b\0\0\x70\x01\0\0\x40\0\0\0\xf4\x34\0\
\0\x12\0\0\0\x80\0\0\0\xfb\x3b\0\0\x10\0\0\0\xa0\0\0\0\x0d\x3c\0\0\xdb\x01\0\0\
\xc0\0\0\0\x1c\x3c\0\0\x02\0\0\x04\x30\0\0\0\xd8\x36\0\0\x77\x01\0\0\0\0\0\0\
\x11\x23\0\0\xb8\x01\0\0\x40\x01\0\0\x33\x3c\0\0\x83\0\0\x04\x80\x02\0\0\x3e\
\x3c\0\0\xdd\x01\0\0\0\0\0\0\x4c\x3c\0\0\xcd\x01\0\0\x80\x02\0\0\x55\x3c\0\0\
\xcd\x01\0\0\xc0\x02\0\0\x5f\x3c\0\0\xcd\x01\0\0\0\x03\0\0\x68\x3c\0\0\xcd\x01\
\0\0\x40\x03\0\0\x72\x3c\0\0\xcd\x01\0\0\x80\x03\0\0\x7c\x3c\0\0\xe0\x01\0\0\
\xc0\x03\0\0\x88\x3c\0\0\xe0\x01\0\0\0\x04\0\0\x95\x3c\0\0\xe1\x01\0\0\x40\x04\
\0\0\x9e\x3c\0\0\x9d\0\0\0\x80\x04\0\0\x81\x39\0\0\xe2\x01\0\0\x80\x05\0\0\xa7\
\x3c\0\0\xe3\x01\0\0\xc0\x05\0\0\xb0\x3c\0\0\xe3\x01\0\0\0\x06\0\0\xbc\x3c\0\0\
\x12\0\0\0\x40\x06\0\0\xd8\x3c\0\0\x56\0\0\0\x60\x06\0\0\xed\x3c\0\0\x56\0\0\0\
\x68\x06\0\0\x09\x3d\0\0\x56\0\0\0\x70\x06\0\0\x1e\x3d\0\0\x70\x01\0\0\x80\x06\
\0\0\x2d\x3d\0\0\xc8\x01\0\0\xc0\x06\0\0\x33\x3d\0\0\xe4\x01\0\0\0\x07\0\0\x3b\
\x3d\0\0\xc8\x01\0\0\x40\x07\0\0\x4a\x3d\0\0\xe5\x01\0\0\x80\x07\0\0\x50\x3d\0\
\0\xe6\x01\0\0\xc0\x07\0\0\x56\x3d\0\0\x45\0\0\0\0\x08\0\0\x72\x3d\0\0\x45\0\0\
\0\x08\x08\0\0\x90\x3d\0\0\x45\0\0\0\x10\x08\0\0\xb3\x3d\0\0\x45\0\0\0\x18\x08\
\0\0\xdc\x3d\0\0\x45\0\0\0\x20\x08\0\0\x02\x3e\0\0\x02\0\0\0\x40\x08\0\0\x18\
\x3e\0\0\x02\0\0\0\x60\x08\0\0\x2d\x3e\0\0\xe7\x01\0\0\x80\x08\0\0\x3c\x3e\0\0\
\x45\0\0\0\x20\x09\0\0\x4b\x3e\0\0\x45\0\0\0\x28\x09\0\0\x63\x3e\0\0\x45\0\0\0\
\x30\x09\0\0\x79\x3e\0\0\x45\0\0\0\x38\x09\0\0\x90\x3e\0\0\x45\0\0\0\x40\x09\0\
\0\xa7\x3e\0\0\x45\0\0\0\x48\x09\0\0\xc5\x3e\0\0\x45\0\0\0\x50\x09\0\0\xdd\x3e\
\0\0\x45\0\0\0\x58\x09\0\0\xf6\x3e\0\0\x45\0\0\0\x60\x09\0\0\x08\x3f\0\0\x45\0\
\0\0\x68\x09\0\0\x1e\x3f\0\0\x45\0\0\0\x70\x09\0\0\x35\x3f\0\0\x45\0\0\0\x78\
\x09\0\0\x4c\x3f\0\0\x45\0\0\0\x80\x09\0\0\x67\x3f\0\0\x45\0\0\0\x88\x09\0\0\
\x7d\x3f\0\0\x45\0\0\0\x90\x09\0\0\x96\x3f\0\0\x02\0\0\0\xa0\x09\0\0\xb3\x3f\0\
\0\x45\0\0\0\xc0\x09\0\0\xca\x3f\0\0\x02\0\0\0\xe0\x09\0\0\xe5\x3f\0\0\x02\0\0\
\0\0\x0a\0\0\xf9\x3f\0\0\x02\0\0\0\x20\x0a\0\0\x10\x40\0\0\x02\0\0\0\x40\x0a\0\
\0\x2b\x40\0\0\x10\0\0\0\x60\x0a\0\0\x45\x40\0\0\x02\0\0\0\x80\x0a\0\0\x5f\x40\
\0\0\x02\0\0\0\xa0\x0a\0\0\x7a\x40\0\0\x45\0\0\0\xc0\x0a\0\0\x96\x40\0\0\x45\0\
\0\0\xc8\x0a\0\0\xad\x40\0\0\x45\0\0\0\xd0\x0a\0\0\xc7\x40\0\0\x45\0\0\0\xd8\
\x0a\0\0\xdd\x40\0\0\x45\0\0\0\xe0\x0a\0\0\xf4\x40\0\0\x02\0\0\0\0\x0b\0\0\x0a\
\x41\0\0\x45\0\0\0\x20\x0b\0\0\x1e\x41\0\0\x45\0\0\0\x28\x0b\0\0\x32\x41\0\0\
\x45\0\0\0\x30\x0b\0\0\x4c\x41\0\0\x45\0\0\0\x38\x0b\0\0\x60\x41\0\0\x02\0\0\0\
\x40\x0b\0\0\x77\x41\0\0\x12\0\0\0\x60\x0b\0\0\x90\x41\0\0\x45\0\0\0\x80\x0b\0\
\0\xa0\x41\0\0\x45\0\0\0\x88\x0b\0\0\xba\x41\0\0\x45\0\0\0\x90\x0b\0\0\xd0\x41\
\0\0\x45\0\0\0\x98\x0b\0\0\xe9\x41\0\0\x45\0\0\0\xa0\x0b\0\0\xfd\x41\0\0\x45\0\
\0\0\xa8\x0b\0\0\x1d\x42\0\0\x45\0\0\0\xb0\x0b\0\0\x3e\x42\0\0\x45\0\0\0\xb8\
\x0b\0\0\x5a\x42\0\0\x45\0\0\0\xc0\x0b\0\0\x6c\x42\0\0\x45\0\0\0\xc8\x0b\0\0\
\x7f\x42\0\0\x45\0\0\0\xd0\x0b\0\0\x9c\x42\0\0\x45\0\0\0\xd8\x0b\0\0\xac\x42\0\
\0\x02\0\0\0\xe0\x0b\0\0\xc6\x42\0\0\x02\0\0\0\0\x0c\0\0\xdf\x42\0\0\x45\0\0\0\
\x20\x0c\0\0\xf0\x42\0\0\x45\0\0\0\x28\x0c\0\0\x03\x43\0\0\x45\0\0\0\x30\x0c\0\
\0\x13\x43\0\0\x45\0\0\0\x38\x0c\0\0\x2d\x43\0\0\x45\0\0\0\x40\x0c\0\0\x51\x43\
\0\0\x45\0\0\0\x48\x0c\0\0\x6c\x43\0\0\x45\0\0\0\x50\x0c\0\0\x87\x43\0\0\x45\0\
\0\0\x58\x0c\0\0\xac\x43\0\0\x02\0\0\0\x60\x0c\0\0\xca\x43\0\0\x02\0\0\0\x80\
\x0c\0\0\xe9\x43\0\0\x02\0\0\0\xa0\x0c\0\0\x01\x44\0\0\x45\0\0\0\xc0\x0c\0\0\
\x19\x44\0\0\x45\0\0\0\xc8\x0c\0\0\x30\x44\0\0\x45\0\0\0\xd0\x0c\0\0\x47\x44\0\
\0\x45\0\0\0\xd8\x0c\0\0\x5f\x44\0\0\x02\0\0\0\xe0\x0c\0\0\x7c\x44\0\0\x02\0\0\
\0\0\x0d\0\0\x97\x44\0\0\x02\0\0\0\x20\x0d\0\0\xb2\x44\0\0\xeb\x01\0\0\x40\x0d\
\0\0\xc2\x44\0\0\xeb\x01\0\0\xa0\x0d\0\0\xd2\x44\0\0\x0f\0\0\0\0\x0e\0\0\xf0\
\x44\0\0\x0f\0\0\0\x40\x0e\0\0\x0e\x45\0\0\x02\0\0\0\x80\x0e\0\0\x25\x45\0\0\
\x02\0\0\0\xa0\x0e\0\0\x39\x45\0\0\xec\x01\0\0\xc0\x0e\0\0\x50\x45\0\0\xee\x01\
\0\0\0\x0f\0\0\x61\x45\0\0\x12\0\0\0\x40\x0f\0\0\x87\x45\0\0\x1f\0\0\0\x60\x0f\
\0\0\xa0\x45\0\0\x0f\0\0\0\x80\x0f\0\0\xb9\x45\0\0\x02\0\0\0\xc0\x0f\0\0\xcd\
\x45\0\0\x02\0\0\0\xe0\x0f\0\0\xe1\x45\0\0\x45\0\0\0\0\x10\0\0\x02\x46\0\0\x45\
\0\0\0\x08\x10\0\0\x1a\x46\0\0\x02\0\0\0\x20\x10\0\0\x36\x46\0\0\x02\0\0\0\x40\
\x10\0\0\x4a\x46\0\0\x02\0\0\0\x60\x10\0\0\x5a\x46\0\0\xef\x01\0\0\x80\x10\0\0\
\x6b\x46\0\0\x1f\0\0\0\0\x11\0\0\x7a\x46\0\0\xf1\x01\0\0\x40\x11\0\0\x96\x46\0\
\0\x02\0\0\0\x80\x11\0\0\xaa\x46\0\0\xf2\x01\0\0\xc0\x11\0\0\xae\x46\0\0\x10\0\
\0\0\0\x12\0\0\xcf\x46\0\0\x45\0\0\0\x20\x12\0\0\xee\x46\0\0\x45\0\0\0\x28\x12\
\0\0\x0f\x47\0\0\xf3\x01\0\0\x40\x12\0\0\x1c\x47\0\0\x12\0\0\0\x80\x12\0\0\x24\
\x47\0\0\xf3\x01\0\0\xc0\x12\0\0\x36\x47\0\0\x12\0\0\0\0\x13\0\0\x3f\x47\0\0\
\x1f\0\0\0\x20\x13\0\0\x48\x47\0\0\xf4\x01\0\0\x40\x13\0\0\x52\x47\0\0\x04\0\0\
\x04\x50\0\0\0\x6a\x47\0\0\x1f\0\0\0\0\0\0\0\x73\x47\0\0\xde\x01\0\0\x20\0\0\0\
\x7a\x47\0\0\xdf\x01\0\0\0\x02\0\0\x83\x47\0\0\x02\0\0\0\x40\x02\0\0\0\0\0\0\0\
\0\0\x03\0\0\0\0\x65\0\0\0\x04\0\0\0\x3c\0\0\0\0\0\0\0\0\0\0\x02\xdf\x04\0\0\0\
\0\0\0\0\0\0\x02\xcd\x04\0\0\0\0\0\0\0\0\0\x02\x01\x05\0\0\0\0\0\0\0\0\0\x02\
\x02\x05\0\0\0\0\0\0\0\0\0\x02\x03\x05\0\0\0\0\0\0\0\0\0\x02\xc8\x01\0\0\0\0\0\
\0\0\0\0\x02\xc1\x04\0\0\0\0\0\0\0\0\0\x02\x04\x05\0\0\x99\x47\0\0\x03\0\0\x04\
\x14\0\0\0\x20\x14\0\0\xe8\x01\0\0\0\0\0\0\xa5\x47\0\0\xea\x01\0\0\x40\0\0\0\
\xab\x47\0\0\x56\0\0\0\x80\0\0\0\xb2\x47\0\0\0\0\0\x08\xe9\x01\0\0\0\0\0\0\x02\
\0\0\x04\x08\0\0\0\x3a\x18\0\0\xd9\0\0\0\0\0\0\0\x20\x14\0\0\xc8\0\0\0\x20\0\0\
\0\0\0\0\0\0\0\0\x03\0\0\0\0\x02\0\0\0\x04\0\0\0\x02\0\0\0\0\0\0\0\0\0\0\x03\0\
\0\0\0\x02\0\0\0\x04\0\0\0\x03\0\0\0\0\0\0\0\0\0\0\x02\xed\x01\0\0\0\0\0\0\0\0\
\0\x0a\x05\x05\0\0\0\0\0\0\0\0\0\x02\x06\x05\0\0\x5a\x46\0\0\x02\0\0\x04\x10\0\
\0\0\x20\x14\0\0\xe8\x01\0\0\0\0\0\0\xa5\x47\0\0\xf0\x01\0\0\x40\0\0\0\0\0\0\0\
\0\0\0\x03\0\0\0\0\xa6\0\0\0\x04\0\0\0\x02\0\0\0\0\0\0\0\0\0\0\x02\x0f\0\0\0\0\
\0\0\0\0\0\0\x02\x07\x05\0\0\0\0\0\0\0\0\0\x02\x08\x05\0\0\xbc\x47\0\0\0\0\0\
\x08\xf5\x01\0\0\0\0\0\0\x01\0\0\x04\x10\0\0\0\xf5\x37\0\0\xf6\x01\0\0\0\0\0\0\
\0\0\0\0\0\0\0\x03\0\0\0\0\x31\0\0\0\x04\0\0\0\x02\0\0\0\xca\x47\0\0\x25\0\0\
\x04\xc0\x02\0\0\xd5\x47\0\0\xf8\x01\0\0\0\0\0\0\xe1\x47\0\0\x27\x03\0\0\0\x06\
\0\0\x7c\x3c\0\0\x29\x03\0\0\xc0\x0b\0\0\x88\x3c\0\0\x29\x03\0\0\0\x0c\0\0\x4a\
\x3d\0\0\xe5\x01\0\0\x40\x0c\0\0\x50\x3d\0\0\xe6\x01\0\0\x80\x0c\0\0\xe8\x47\0\
\0\x2a\x03\0\0\xc0\x0c\0\0\xf8\x47\0\0\x2b\x03\0\0\0\x0d\0\0\x07\x48\0\0\x2c\
\x03\0\0\x40\x0d\0\0\x11\x48\0\0\xf3\0\0\0\x80\x0d\0\0\x1e\x3d\0\0\x70\x01\0\0\
\xc0\x0e\0\0\x1f\x48\0\0\x2d\x03\0\0\0\x0f\0\0\x2d\x48\0\0\x2f\0\0\0\x40\x0f\0\
\0\x3a\x48\0\0\x67\x01\0\0\xc0\x0f\0\0\x4b\x48\0\0\xc8\0\0\0\0\x10\0\0\x58\x48\
\0\0\x1f\0\0\0\x20\x10\0\0\x69\x48\0\0\x0f\0\0\0\x40\x10\0\0\x78\x48\0\0\x47\0\
\0\0\x80\x10\0\0\x8b\x48\0\0\x56\0\0\0\x88\x10\0\0\xa1\x48\0\0\x12\0\0\0\xa0\
\x10\0\0\xbe\x48\0\0\x2b\x03\0\0\xc0\x10\0\0\xd1\x48\0\0\x2b\x03\0\0\0\x11\0\0\
\xe4\x48\0\0\x2d\x03\0\0\x40\x11\0\0\xf3\x48\0\0\xe2\x01\0\0\x80\x11\0\0\x33\
\x3d\0\0\xe4\x01\0\0\xc0\x11\0\0\x02\x49\0\0\xc8\x01\0\0\0\x12\0\0\x0b\x49\0\0\
\xc8\x01\0\0\x40\x12\0\0\x12\x49\0\0\xc8\x01\0\0\x80\x12\0\0\x3b\x3d\0\0\xc8\
\x01\0\0\xc0\x12\0\0\x6b\x46\0\0\x1f\0\0\0\0\x13\0\0\x1a\x49\0\0\x1f\0\0\0\x20\
\x13\0\0\x26\x49\0\0\x2e\x03\0\0\x40\x13\0\0\x0f\x47\0\0\xf3\x01\0\0\x80\x13\0\
\0\x30\x49\0\0\xf3\x01\0\0\xc0\x13\0\0\x36\x47\0\0\x12\0\0\0\0\x14\0\0\x43\x49\
\0\0\x2f\x03\0\0\x40\x14\0\0\x54\x49\0\0\x30\x03\0\0\xc0\x14\0\0\x5f\x49\0\0\
\x12\0\0\x04\xc0\0\0\0\x67\x49\0\0\x27\0\0\0\0\0\0\0\x6e\x49\0\0\x12\0\0\0\x20\
\0\0\0\x78\x49\0\0\xf9\x01\0\0\x40\0\0\0\x7b\x49\0\0\xfc\x01\0\0\x80\0\0\0\x81\
\x49\0\0\x5e\x02\0\0\xc0\0\0\0\x90\x49\0\0\x5e\x02\0\0\0\x01\0\0\x94\x49\0\0\
\x62\x02\0\0\x40\x01\0\0\x60\x1d\0\0\x64\x02\0\0\x80\x01\0\0\xa0\x49\0\0\x66\
\x02\0\0\xc0\x01\0\0\xa7\x49\0\0\x11\x03\0\0\0\x02\0\0\xb7\x49\0\0\x0d\x02\0\0\
\x40\x02\0\0\xc4\x49\0\0\x13\x03\0\0\x80\x02\0\0\xd0\x49\0\0\x15\x03\0\0\xc0\
\x02\0\0\xd9\x49\0\0\x1b\x02\0\0\0\x03\0\0\xe3\x49\0\0\x17\x03\0\0\x40\x03\0\0\
\xf0\x49\0\0\x23\x03\0\0\x80\x03\0\0\xfe\x49\0\0\x9b\x01\0\0\xc0\x03\0\0\x0a\
\x4a\0\0\x25\x03\0\0\0\x04\0\0\0\0\0\0\0\0\0\x02\xfa\x01\0\0\0\0\0\0\x01\0\0\
\x0d\x02\0\0\0\0\0\0\0\xfb\x01\0\0\0\0\0\0\0\0\0\x02\xf8\x01\0\0\0\0\0\0\0\0\0\
\x02\xfd\x01\0\0\0\0\0\0\x02\0\0\x0d\xfe\x01\0\0\0\0\0\0\xfe\x01\0\0\0\0\0\0\
\x11\0\0\0\0\0\0\0\0\0\0\x02\xff\x01\0\0\x18\x4a\0\0\x13\0\0\x04\x70\0\0\0\x22\
\x4a\0\0\xcb\x01\0\0\0\0\0\0\x85\x34\0\0\xfb\x01\0\0\x40\0\0\0\x26\x4a\0\0\x0f\
\0\0\0\x80\0\0\0\x33\x0f\0\0\x0f\0\0\0\xc0\0\0\0\xcd\x39\0\0\0\x02\0\0\0\x01\0\
\0\x2f\x4a\0\0\x01\x02\0\0\x40\x01\0\0\x35\x4a\0\0\x1b\x02\0\0\x80\x01\0\0\xac\
\0\0\0\x27\0\0\0\xc0\x01\0\0\x3c\x4a\0\0\x83\x01\0\0\xd0\x01\0\0\x45\x4a\0\0\
\x27\0\0\0\xe0\x01\0\0\x50\x4a\0\0\x27\0\0\0\xf0\x01\0\0\x5c\x4a\0\0\x1f\0\0\0\
\0\x02\0\0\x65\x4a\0\0\x02\0\0\0\x20\x02\0\0\x6b\x4a\0\0\x0f\0\0\0\x40\x02\0\0\
\x73\x4a\0\0\x5d\x02\0\0\x80\x02\0\0\x0c\x15\0\0\x99\0\0\0\xc0\x02\0\0\x7c\x4a\
\0\0\x83\x01\0\0\x40\x03\0\0\x82\x4a\0\0\x83\x01\0\0\x50\x03\0\0\x88\x4a\0\0\
\x11\0\0\0\x60\x03\0\0\0\0\0\0\0\0\0\x02\xc3\x04\0\0\0\0\0\0\0\0\0\x02\x02\x02\
\0\0\0\0\0\0\x01\0\0\x0d\x02\0\0\0\0\0\0\0\x03\x02\0\0\0\0\0\0\0\0\0\x02\x04\
\x02\0\0\x91\x4a\0\0\x4c\0\0\x84\xe0\0\0\0\0\0\0\0\x05\x02\0\0\0\0\0\0\0\0\0\0\
\x08\x02\0\0\xc0\0\0\0\0\0\0\0\x09\x02\0\0\0\x01\0\0\x99\x4a\0\0\x0a\x02\0\0\
\x40\x01\0\0\0\0\0\0\x0b\x02\0\0\xc0\x02\0\0\x9c\x4a\0\0\x0f\0\0\0\x40\x03\0\0\
\x63\x17\0\0\x12\0\0\0\x80\x03\0\0\xa2\x4a\0\0\x12\0\0\0\xa0\x03\0\0\xab\x4a\0\
\0\x26\0\0\0\xc0\x03\0\0\xb3\x4a\0\0\x26\0\0\0\xd0\x03\0\0\xbb\x4a\0\0\x26\0\0\
\0\xe0\x03\0\0\xc9\x4a\0\0\x0f\x02\0\0\xf0\x03\0\0\xd9\x4a\0\0\x46\0\0\0\xf0\
\x03\0\x01\xe0\x4a\0\0\x46\0\0\0\xf1\x03\0\x01\xe6\x4a\0\0\x46\0\0\0\xf2\x03\0\
\x02\xed\x4a\0\0\x46\0\0\0\xf4\x03\0\x01\xf4\x4a\0\0\x46\0\0\0\xf5\x03\0\x01\
\xfe\x4a\0\0\x46\0\0\0\xf6\x03\0\x01\x09\x4b\0\0\x46\0\0\0\xf7\x03\0\x01\x14\
\x4b\0\0\x46\0\0\0\xf8\x03\0\0\x26\x4b\0\0\x10\x02\0\0\0\x04\0\0\x34\x4b\0\0\
\x0f\x02\0\0\0\x04\0\0\x46\x4b\0\0\x46\0\0\0\0\x04\0\x03\x4f\x4b\0\0\x46\0\0\0\
\x03\x04\0\x01\x59\x4b\0\0\x46\0\0\0\x04\x04\0\x01\x62\x4b\0\0\x46\0\0\0\x05\
\x04\0\x02\x6c\x4b\0\0\x46\0\0\0\x07\x04\0\x01\x75\x4b\0\0\x46\0\0\0\x08\x04\0\
\x01\x7d\x4b\0\0\x46\0\0\0\x09\x04\0\x01\x85\x4b\0\0\x46\0\0\0\x0a\x04\0\x01\
\x96\x4b\0\0\x46\0\0\0\x0b\x04\0\x01\xa1\x4b\0\0\x46\0\0\0\x0c\x04\0\x01\xa8\
\x4b\0\0\x46\0\0\0\x0d\x04\0\x01\xb6\x4b\0\0\x46\0\0\0\x0e\x04\0\x01\xc5\x4b\0\
\0\x46\0\0\0\x0f\x04\0\x01\xd0\x4b\0\0\x0f\x02\0\0\x10\x04\0\0\xea\x4b\0\0\x46\
\0\0\0\x10\x04\0\x01\xf7\x4b\0\0\x46\0\0\0\x11\x04\0\x01\x08\x4c\0\0\x46\0\0\0\
\x12\x04\0\x02\x13\x4c\0\0\x46\0\0\0\x14\x04\0\x01\x21\x4c\0\0\x46\0\0\0\x15\
\x04\0\x01\x35\x4c\0\0\x46\0\0\0\x16\x04\0\x02\x44\x4c\0\0\x46\0\0\0\x18\x04\0\
\x01\x52\x4c\0\0\x46\0\0\0\x19\x04\0\x01\x66\x4c\0\0\x46\0\0\0\x1a\x04\0\x01\
\x76\x4c\0\0\x46\0\0\0\x1b\x04\0\x01\x87\x4c\0\0\x46\0\0\0\x1c\x04\0\x01\x95\
\x4c\0\0\x46\0\0\0\x1d\x04\0\x01\xa0\x4c\0\0\x46\0\0\0\x1e\x04\0\x01\xa9\x4c\0\
\0\x46\0\0\0\x1f\x04\0\x01\xb6\x4c\0\0\x26\0\0\0\x20\x04\0\0\0\0\0\0\x11\x02\0\
\0\x40\x04\0\0\x16\x38\0\0\x11\0\0\0\x60\x04\0\0\xbf\x4c\0\0\x02\0\0\0\x80\x04\
\0\0\xc7\x4c\0\0\x11\0\0\0\xa0\x04\0\0\xcc\x4c\0\0\x14\x02\0\0\xc0\x04\0\0\xd7\
\x4c\0\0\x26\0\0\0\xd0\x04\0\0\0\0\0\0\x15\x02\0\0\xe0\x04\0\0\xe0\x4c\0\0\x11\
\0\0\0\0\x05\0\0\0\0\0\0\x16\x02\0\0\x20\x05\0\0\0\0\0\0\x17\x02\0\0\x40\x05\0\
\0\xe8\x4c\0\0\x26\0\0\0\x50\x05\0\0\xff\x4c\0\0\x26\0\0\0\x60\x05\0\0\x14\x4d\
\0\0\x26\0\0\0\x70\x05\0\0\x25\x4d\0\0\x14\x02\0\0\x80\x05\0\0\x2e\x4d\0\0\x26\
\0\0\0\x90\x05\0\0\x3f\x4d\0\0\x26\0\0\0\xa0\x05\0\0\x4e\x4d\0\0\x26\0\0\0\xb0\
\x05\0\0\x59\x4d\0\0\x10\x02\0\0\xc0\x05\0\0\x7a\x14\0\0\x18\x02\0\0\xc0\x05\0\
\0\x65\x4d\0\0\x18\x02\0\0\xe0\x05\0\0\x11\x23\0\0\x19\x02\0\0\0\x06\0\0\xb3\
\x31\0\0\x19\x02\0\0\x40\x06\0\0\x69\x4d\0\0\x12\0\0\0\x80\x06\0\0\x72\x4d\0\0\
\x1d\0\0\0\xa0\x06\0\0\x78\x4d\0\0\x1a\x02\0\0\xc0\x06\0\0\0\0\0\0\x03\0\0\x05\
\x18\0\0\0\0\0\0\0\x06\x02\0\0\0\0\0\0\x83\x4d\0\0\x2d\0\0\0\0\0\0\0\xf7\x16\0\
\0\x2f\0\0\0\0\0\0\0\0\0\0\0\x03\0\0\x04\x18\0\0\0\x2d\x0c\0\0\x03\x02\0\0\0\0\
\0\0\x43\x0d\0\0\x03\x02\0\0\x40\0\0\0\0\0\0\0\x07\x02\0\0\x80\0\0\0\0\0\0\0\
\x02\0\0\x05\x08\0\0\0\x22\x4a\0\0\xcb\x01\0\0\0\0\0\0\x8a\x4d\0\0\x0f\0\0\0\0\
\0\0\0\0\0\0\0\x02\0\0\x05\x08\0\0\0\x96\x4d\0\0\xc8\x01\0\0\0\0\0\0\x99\x4d\0\
\0\x02\0\0\0\0\0\0\0\0\0\0\0\x02\0\0\x05\x08\0\0\0\xd7\x1b\0\0\x3f\0\0\0\0\0\0\
\0\xaa\x4d\0\0\x31\0\0\0\0\0\0\0\0\0\0\0\0\0\0\x03\0\0\0\0\x65\0\0\0\x04\0\0\0\
\x30\0\0\0\0\0\0\0\x03\0\0\x05\x10\0\0\0\0\0\0\0\x0c\x02\0\0\0\0\0\0\xb8\x4d\0\
\0\x2f\0\0\0\0\0\0\0\xcb\x4d\0\0\x0f\0\0\0\0\0\0\0\0\0\0\0\x02\0\0\x04\x10\0\0\
\0\xd5\x4d\0\0\x0f\0\0\0\0\0\0\0\xe1\x4d\0\0\x0d\x02\0\0\x40\0\0\0\0\0\0\0\0\0\
\0\x02\x0e\x02\0\0\0\0\0\0\x01\0\0\x0d\0\0\0\0\0\0\0\0\x03\x02\0\0\0\0\0\0\0\0\
\0\x03\0\0\0\0\x46\0\0\0\x04\0\0\0\0\0\0\0\0\0\0\0\0\0\0\x03\0\0\0\0\x11\0\0\0\
\x04\0\0\0\0\0\0\0\0\0\0\0\x02\0\0\x05\x04\0\0\0\xec\x4d\0\0\x12\x02\0\0\0\0\0\
\0\0\0\0\0\x13\x02\0\0\0\0\0\0\xf1\x4d\0\0\0\0\0\x08\x11\0\0\0\0\0\0\0\x02\0\0\
\x04\x04\0\0\0\xf8\x4d\0\0\x26\0\0\0\0\0\0\0\x03\x4e\0\0\x26\0\0\0\x10\0\0\0\
\x0f\x4e\0\0\0\0\0\x08\x26\0\0\0\0\0\0\0\x02\0\0\x05\x04\0\0\0\x16\x4e\0\0\x12\
\0\0\0\0\0\0\0\x1e\x4e\0\0\x12\0\0\0\0\0\0\0\0\0\0\0\x02\0\0\x05\x04\0\0\0\x29\
\x4e\0\0\x11\0\0\0\0\0\0\0\x2e\x4e\0\0\x11\0\0\0\0\0\0\0\0\0\0\0\x02\0\0\x05\
\x02\0\0\0\x40\x4e\0\0\x14\x02\0\0\0\0\0\0\x4f\x4e\0\0\x46\0\0\0\0\0\0\0\x5d\
\x4e\0\0\0\0\0\x08\x12\0\0\0\0\0\0\0\0\0\0\x02\x47\0\0\0\0\0\0\0\0\0\0\x02\xde\
\x04\0\0\0\0\0\0\0\0\0\x02\x1c\x02\0\0\0\0\0\0\x03\0\0\x0d\x02\0\0\0\0\0\0\0\
\x94\x01\0\0\0\0\0\0\xc8\x01\0\0\0\0\0\0\x03\x02\0\0\x6c\x4e\0\0\x5d\0\0\x84\
\x18\x03\0\0\x71\x4e\0\0\x1e\x02\0\0\0\0\0\0\x7d\x4e\0\0\x3b\x02\0\0\x40\x04\0\
\0\x85\x4e\0\0\x1f\0\0\0\x40\x05\0\0\x8e\x4e\0\0\x02\0\0\0\x60\x05\0\0\x9a\x4e\
\0\0\x3d\x02\0\0\x80\x05\0\0\xa9\x4e\0\0\x03\x02\0\0\x40\x06\0\0\xb9\x4e\0\0\
\x3d\x02\0\0\x80\x06\0\0\xca\x4e\0\0\x3e\x02\0\0\x40\x07\0\0\xd5\x4e\0\0\x02\0\
\0\0\0\x08\0\0\xe6\x4e\0\0\x12\0\0\0\x20\x08\0\0\xf1\x4e\0\0\x12\0\0\0\x40\x08\
\0\0\xfc\x4e\0\0\x02\0\0\0\x60\x08\0\0\x06\x4f\0\0\x02\0\0\0\x80\x08\0\0\x16\
\x4f\0\0\x3f\x02\0\0\xc0\x08\0\0\0\0\0\0\x40\x02\0\0\0\x09\0\0\x20\x4f\0\0\x50\
\x02\0\0\x40\x09\0\0\x2a\x4f\0\0\xfe\x01\0\0\xc0\x09\0\0\x34\x4f\0\0\x02\0\0\0\
\0\x0a\0\0\x46\x4f\0\0\x10\0\0\0\x20\x0a\0\0\x57\x4f\0\0\xfe\x01\0\0\x40\x0a\0\
\0\x64\x4f\0\0\x1f\0\0\0\x80\x0a\0\0\x72\x4f\0\0\x02\0\0\0\xa0\x0a\0\0\x7c\x4f\
\0\0\x02\0\0\0\xc0\x0a\0\0\x8b\x4f\0\0\x1d\0\0\0\xe0\x0a\0\0\x99\x4f\0\0\x0f\0\
\0\0\0\x0b\0\0\0\0\0\0\x51\x02\0\0\x40\x0b\0\0\xa6\x4f\0\0\x03\x02\0\0\x80\x0b\
\0\0\xb6\x4f\0\0\x3d\x02\0\0\xc0\x0b\0\0\xc5\x4f\0\0\x07\x01\0\0\x80\x0c\0\0\
\xd1\x4f\0\0\x02\0\0\0\xa0\x0c\0\0\xe2\x4f\0\0\x11\0\0\0\xc0\x0c\0\0\xf9\x4f\0\
\0\x10\0\0\0\xe0\x0c\0\0\x0a\x50\0\0\x18\0\0\0\0\x0d\0\0\x16\x50\0\0\xf3\0\0\0\
\x40\x0d\0\0\x1f\x50\0\0\x11\0\0\0\x80\x0e\0\0\x2b\x50\0\0\x11\0\0\0\xa0\x0e\0\
\0\x33\x50\0\0\x0f\0\0\0\xc0\x0e\0\0\x42\x50\0\0\x0f\0\0\0\0\x0f\0\0\x55\x50\0\
\0\xed\0\0\0\x40\x0f\0\0\x5d\x50\0\0\x52\x02\0\0\xc0\x0f\0\0\x6b\x50\0\0\x52\
\x02\0\0\0\x10\0\0\x7b\x50\0\0\x52\x02\0\0\x40\x10\0\0\x90\x50\0\0\x02\0\0\0\
\x80\x10\0\0\x9c\x50\0\0\x12\0\0\0\xa0\x10\0\0\xac\x50\0\0\x9a\x01\0\0\xc0\x10\
\0\0\xba\x50\0\0\x11\0\0\0\xe0\x10\0\0\xc4\x50\0\0\x45\0\0\0\0\x11\0\x01\xcf\
\x50\0\0\x45\0\0\0\x01\x11\0\x01\xdc\x50\0\0\x45\0\0\0\x02\x11\0\x01\xeb\x50\0\
\0\x45\0\0\0\x03\x11\0\x01\xfa\x50\0\0\x45\0\0\0\x04\x11\0\x04\x07\x51\0\0\x45\
\0\0\0\x08\x11\0\0\x17\x51\0\0\x25\0\0\0\x10\x11\0\0\x1f\x51\0\0\x25\0\0\0\x20\
\x11\0\0\x2b\x51\0\0\x25\0\0\0\x30\x11\0\0\x3b\x51\0\0\x0f\0\0\0\x40\x11\0\0\
\x49\x51\0\0\x2a\x02\0\0\x80\x11\0\0\x59\x51\0\0\x67\x01\0\0\xc0\x11\0\0\x6a\
\x51\0\0\x02\0\0\0\0\x12\0\0\x71\x51\0\0\x02\0\0\0\x20\x12\0\0\x7d\x51\0\0\x10\
\0\0\0\x40\x12\0\0\x8c\x51\0\0\x10\0\0\0\x60\x12\0\0\x9f\x51\0\0\xa2\0\0\0\x80\
\x12\0\0\xa6\x51\0\0\x45\0\0\0\xa0\x12\0\0\xba\x51\0\0\x25\0\0\0\xb0\x12\0\0\
\xce\x51\0\0\xc8\0\0\0\xc0\x12\0\0\xdb\x51\0\0\x84\0\0\0\0\x13\0\0\xe7\x51\0\0\
\x9f\0\0\0\x40\x13\0\0\xf4\x51\0\0\x18\0\0\0\x80\x13\0\0\0\x52\0\0\x3f\0\0\0\
\xc0\x13\0\0\x09\x52\0\0\x25\0\0\0\0\x14\0\0\x14\x52\0\0\x02\0\0\0\x20\x14\0\0\
\x20\x52\0\0\x45\0\0\0\x40\x14\0\0\x2c\x52\0\0\x1f\0\0\0\x60\x14\0\0\x35\x52\0\
\0\x1f\0\0\0\x80\x14\0\0\x3e\x52\0\0\x45\0\0\0\xa0\x14\0\0\x49\x52\0\0\x45\0\0\
\0\xa8\x14\0\x01\x61\x52\0\0\x45\0\0\0\xa9\x14\0\x01\x79\x52\0\0\x45\0\0\0\xaa\
\x14\0\x06\x8a\x52\0\0\x53\x02\0\0\xc0\x14\0\0\x94\x52\0\0\x1c\0\0\0\0\x15\0\0\
\xa1\x52\0\0\x1c\0\0\0\x40\x15\0\0\xad\x52\0\0\x54\x02\0\0\x80\x15\0\0\xba\x52\
\0\0\x56\x02\0\0\0\x16\0\0\xc3\x52\0\0\x58\x02\0\0\x40\x16\0\0\xd3\x52\0\0\x58\
\x02\0\0\x80\x16\0\0\xe1\x52\0\0\x58\x02\0\0\xc0\x16\0\0\xf0\x52\0\0\x58\x02\0\
\0\0\x17\0\0\0\x53\0\0\x5a\x02\0\0\x40\x17\0\0\x0f\x53\0\0\x58\x02\0\0\x80\x17\
\0\0\x1b\x53\0\0\x5c\x02\0\0\xc0\x17\0\0\x2b\x53\0\0\xf8\0\0\0\0\x18\0\0\x3a\
\x53\0\0\x99\0\0\0\x40\x18\0\0\x41\x53\0\0\x19\0\0\x84\x88\0\0\0\0\0\0\0\x1f\
\x02\0\0\0\0\0\0\0\0\0\0\x23\x02\0\0\x40\0\0\0\0\0\0\0\x25\x02\0\0\x60\0\0\0\
\x4d\x53\0\0\x27\0\0\0\x80\0\0\0\x58\x53\0\0\x28\x02\0\0\x90\0\0\0\x62\x53\0\0\
\x47\0\0\0\x98\0\0\x04\x6c\x53\0\0\x47\0\0\0\x9c\0\0\x01\x7a\x53\0\0\x47\0\0\0\
\x9d\0\0\x01\x87\x53\0\0\x47\0\0\0\x9e\0\0\x01\x96\x53\0\0\x02\0\0\0\xa0\0\0\0\
\0\0\0\0\x29\x02\0\0\xc0\0\0\0\xa7\x53\0\0\x2a\x02\0\0\x40\x01\0\0\xb0\x53\0\0\
\x2b\x02\0\0\x80\x01\0\0\xb8\x53\0\0\x2d\x02\0\0\xc0\x01\0\0\xc5\x53\0\0\x2d\
\x02\0\0\x40\x02\0\0\xd6\x53\0\0\x6b\0\0\0\xc0\x02\0\0\0\0\0\0\x32\x02\0\0\0\
\x03\0\0\xe1\x53\0\0\x34\x02\0\0\x40\x03\0\0\0\0\0\0\x35\x02\0\0\x40\x03\0\0\
\xf4\x53\0\0\x27\0\0\0\xc0\x03\0\0\x09\x54\0\0\x27\0\0\0\xd0\x03\0\0\0\0\0\0\
\x39\x02\0\0\xe0\x03\0\0\x1e\x54\0\0\x1d\0\0\0\0\x04\0\0\x29\x54\0\0\x34\x02\0\
\0\x20\x04\0\0\0\0\0\0\x3a\x02\0\0\x20\x04\0\0\0\0\0\0\x02\0\0\x05\x08\0\0\0\
\x3a\x54\0\0\x20\x02\0\0\0\0\0\0\0\0\0\0\x21\x02\0\0\0\0\0\0\x47\x54\0\0\0\0\0\
\x08\x32\0\0\0\0\0\0\0\x02\0\0\x04\x08\0\0\0\x52\x54\0\0\x22\x02\0\0\0\0\0\0\
\x5c\x54\0\0\x22\x02\0\0\x20\0\0\0\x6a\x54\0\0\0\0\0\x08\x11\0\0\0\0\0\0\0\x02\
\0\0\x05\x04\0\0\0\x71\x54\0\0\x12\0\0\0\0\0\0\0\x7a\x54\0\0\x24\x02\0\0\0\0\0\
\0\0\0\0\0\0\0\0\x03\0\0\0\0\x26\0\0\0\x04\0\0\0\x02\0\0\0\0\0\0\0\x02\0\0\x05\
\x04\0\0\0\x88\x54\0\0\x26\x02\0\0\0\0\0\0\0\0\0\0\x27\x02\0\0\0\0\0\0\x95\x54\
\0\0\0\0\0\x08\x11\0\0\0\0\0\0\0\x02\0\0\x04\x04\0\0\0\xa0\x54\0\0\x14\x02\0\0\
\0\0\0\0\xaa\x54\0\0\x26\0\0\0\x10\0\0\0\0\0\0\0\0\0\0\x09\x47\0\0\0\0\0\0\0\
\x02\0\0\x05\x10\0\0\0\xb2\x54\0\0\x85\0\0\0\0\0\0\0\xc0\x54\0\0\x85\0\0\0\0\0\
\0\0\0\0\0\0\0\0\0\x02\x92\x04\0\0\xd2\x54\0\0\0\0\0\x08\x2c\x02\0\0\0\0\0\0\
\x01\0\0\x04\x08\0\0\0\x78\x38\0\0\x94\x01\0\0\0\0\0\0\xe1\x54\0\0\x01\0\0\x04\
\x10\0\0\0\xea\x54\0\0\x2e\x02\0\0\0\0\0\0\0\0\0\0\x03\0\0\x05\x10\0\0\0\xf0\
\x54\0\0\x2f\x02\0\0\0\0\0\0\xf9\x54\0\0\x30\x02\0\0\0\0\0\0\x03\x55\0\0\x31\
\x02\0\0\0\0\0\0\0\0\0\0\0\0\0\x03\0\0\0\0\x46\0\0\0\x04\0\0\0\x10\0\0\0\0\0\0\
\0\0\0\0\x03\0\0\0\0\x14\x02\0\0\x04\0\0\0\x08\0\0\0\0\0\0\0\0\0\0\x03\0\0\0\0\
\x22\x02\0\0\x04\0\0\0\x04\0\0\0\0\0\0\0\x03\0\0\x05\x08\0\0\0\x0d\x55\0\0\x0f\
\0\0\0\0\0\0\0\x17\x55\0\0\xc8\x01\0\0\0\0\0\0\x24\x55\0\0\x33\x02\0\0\0\0\0\0\
\0\0\0\0\0\0\0\x02\xdd\x01\0\0\0\0\0\0\0\0\0\x03\0\0\0\0\x02\0\0\0\x04\0\0\0\0\
\0\0\0\0\0\0\0\x02\0\0\x05\x10\0\0\0\x2e\x55\0\0\x85\0\0\0\0\0\0\0\x37\x55\0\0\
\x36\x02\0\0\0\0\0\0\x46\x55\0\0\x02\0\0\x04\x10\0\0\0\x2d\x0c\0\0\x37\x02\0\0\
\0\0\0\0\x1a\x14\0\0\x38\x02\0\0\x40\0\0\0\0\0\0\0\0\0\0\x02\x36\x02\0\0\0\0\0\
\0\0\0\0\x02\x37\x02\0\0\0\0\0\0\x03\0\0\x05\x04\0\0\0\x57\x55\0\0\x02\0\0\0\0\
\0\0\0\x68\x55\0\0\x10\0\0\0\0\0\0\0\x74\x55\0\0\x10\0\0\0\0\0\0\0\0\0\0\0\x03\
\0\0\x05\x04\0\0\0\x83\x55\0\0\x10\0\0\0\0\0\0\0\x8e\x55\0\0\x10\0\0\0\0\0\0\0\
\x9f\x55\0\0\x10\0\0\0\0\0\0\0\xae\x55\0\0\0\0\0\x08\x3c\x02\0\0\0\0\0\0\x03\0\
\0\x04\x20\0\0\0\xbc\x55\0\0\xc8\0\0\0\0\0\0\0\xc2\x55\0\0\x02\0\0\0\x20\0\0\0\
\xc8\x55\0\0\x16\x01\0\0\x40\0\0\0\xcb\x55\0\0\x04\0\0\x04\x18\0\0\0\x2d\x0c\0\
\0\x03\x02\0\0\0\0\0\0\x43\x0d\0\0\x03\x02\0\0\x40\0\0\0\xd8\x55\0\0\x11\0\0\0\
\x80\0\0\0\x20\x14\0\0\xc8\0\0\0\xa0\0\0\0\0\0\0\0\x04\0\0\x04\x18\0\0\0\xdd\
\x55\0\0\x1f\0\0\0\0\0\0\0\x63\x17\0\0\x02\0\0\0\x20\0\0\0\x11\x23\0\0\x03\x02\
\0\0\x40\0\0\0\x7a\x14\0\0\x03\x02\0\0\x80\0\0\0\0\0\0\0\0\0\0\x02\xe0\x04\0\0\
\0\0\0\0\x02\0\0\x05\x08\0\0\0\xe8\x55\0\0\x41\x02\0\0\0\0\0\0\xee\x55\0\0\x41\
\x02\0\0\0\0\0\0\0\0\0\0\0\0\0\x02\xd0\x04\0\0\0\0\0\0\0\0\0\x02\x43\x02\0\0\
\xf8\x55\0\0\x1b\0\0\x04\x20\x03\0\0\x04\x56\0\0\x2b\x02\0\0\0\0\0\0\x0b\x56\0\
\0\x85\0\0\0\x40\0\0\0\x11\x56\0\0\x85\0\0\0\xc0\0\0\0\x20\x14\0\0\x67\x01\0\0\
\x40\x01\0\0\x17\x56\0\0\x1d\0\0\0\x80\x01\0\0\x1e\x56\0\0\x10\0\0\0\xa0\x01\0\
\0\x22\x56\0\0\xf3\0\0\0\xc0\x01\0\0\x28\x56\0\0\x1f\0\0\0\0\x03\0\0\x16\x38\0\
\0\x10\0\0\0\x20\x03\0\0\x91\x19\0\0\x10\0\0\0\x40\x03\0\0\x2e\x56\0\0\x10\0\0\
\0\x60\x03\0\0\x29\x4e\0\0\x44\x02\0\0\x80\x03\0\0\x53\x17\0\0\x45\x02\0\0\xc0\
\x03\0\0\x34\x56\0\0\x48\x02\0\0\x80\x05\0\0\x38\x56\0\0\x49\x02\0\0\x80\x07\0\
\0\x3f\x56\0\0\x4a\x02\0\0\x80\x08\0\0\x44\x56\0\0\x4b\x02\0\0\x40\x09\0\0\x49\
\x56\0\0\x56\0\0\0\x80\x0b\0\0\x19\0\0\0\x45\0\0\0\x88\x0b\0\0\x58\x56\0\0\x45\
\0\0\0\x90\x0b\0\0\xac\0\0\0\x45\0\0\0\x98\x0b\0\0\x5f\x56\0\0\x45\0\0\0\xa0\
\x0b\0\0\x67\x49\0\0\x25\0\0\0\xb0\x0b\0\0\x63\x0a\0\0\x4c\x02\0\0\xc0\x0b\0\0\
\x67\x56\0\0\x4f\x02\0\0\0\x0c\0\0\x70\x56\0\0\x85\0\0\0\0\x18\0\0\xb5\x16\0\0\
\x99\0\0\0\x80\x18\0\0\x83\x56\0\0\x02\0\0\x04\x08\0\0\0\x8d\x56\0\0\x11\0\0\0\
\0\0\0\0\x8f\x56\0\0\x11\0\0\0\x20\0\0\0\x91\x56\0\0\x0c\0\0\x04\x38\0\0\0\x9f\
\x56\0\0\x46\x02\0\0\0\0\0\0\xa5\x56\0\0\x46\x02\0\0\x80\0\0\0\xab\x56\0\0\x14\
\x02\0\0\0\x01\0\0\xb1\x56\0\0\x14\x02\0\0\x10\x01\0\0\xbc\x56\0\0\x14\x02\0\0\
\x20\x01\0\0\xc2\x56\0\0\x14\x02\0\0\x30\x01\0\0\x67\x49\0\0\x26\0\0\0\x40\x01\
\0\0\xcd\x56\0\0\x46\0\0\0\x50\x01\0\0\xd9\x56\0\0\x46\0\0\0\x58\x01\0\0\xe5\
\x56\0\0\x46\0\0\0\x60\x01\0\0\xb0\x38\0\0\x02\0\0\0\x80\x01\0\0\x2e\x16\0\0\
\xa5\0\0\0\xa0\x01\0\0\xeb\x56\0\0\0\0\0\x08\x47\x02\0\0\0\0\0\0\x03\0\0\x05\
\x10\0\0\0\xfa\x56\0\0\x22\x02\0\0\0\0\0\0\xfd\x56\0\0\x31\x02\0\0\0\0\0\0\0\
\x57\0\0\x2d\x02\0\0\0\0\0\0\x04\x57\0\0\x08\0\0\x04\x40\0\0\0\x16\x57\0\0\x32\
\0\0\0\0\0\0\0\x26\x57\0\0\x32\0\0\0\x40\0\0\0\x36\x57\0\0\x32\0\0\0\x80\0\0\0\
\x48\x57\0\0\x32\0\0\0\xc0\0\0\0\x5a\x57\0\0\x32\0\0\0\0\x01\0\0\x73\x57\0\0\
\x32\0\0\0\x40\x01\0\0\x8c\x57\0\0\x32\0\0\0\x80\x01\0\0\xa5\x57\0\0\x32\0\0\0\
\xc0\x01\0\0\xbe\x57\0\0\x04\0\0\x04\x20\0\0\0\xd0\x57\0\0\x32\0\0\0\0\0\0\0\
\xd6\x57\0\0\x32\0\0\0\x40\0\0\0\xde\x57\0\0\x32\0\0\0\x80\0\0\0\xe7\x57\0\0\
\x32\0\0\0\xc0\0\0\0\xf0\x57\0\0\x02\0\0\x04\x18\0\0\0\x07\x58\0\0\x2f\0\0\0\0\
\0\0\0\x0b\x58\0\0\x45\0\0\0\x80\0\0\0\x10\x58\0\0\x03\0\0\x04\x48\0\0\0\x22\
\x58\0\0\x3d\x02\0\0\0\0\0\0\x2d\x58\0\0\xf3\0\0\0\xc0\0\0\0\xf5\x0d\0\0\x0f\0\
\0\0\0\x02\0\0\0\0\0\0\0\0\0\x02\xc4\x04\0\0\x38\x58\0\0\x0b\0\0\x04\x40\0\0\0\
\x6b\x1d\0\0\x4e\x02\0\0\0\0\0\0\xa5\x56\0\0\x46\x02\0\0\xc0\0\0\0\x42\x58\0\0\
\x27\0\0\0\x40\x01\0\0\x4f\x58\0\0\x10\0\0\0\x60\x01\0\0\x24\x17\0\0\x45\0\0\0\
\x80\x01\0\0\x55\x58\0\0\x45\0\0\0\x88\x01\0\0\x5b\x58\0\0\x45\0\0\0\x90\x01\0\
\0\x64\x58\0\0\x45\0\0\0\x98\x01\0\0\x6c\x58\0\0\x10\0\0\0\xa0\x01\0\0\x73\x58\
\0\0\x10\0\0\0\xc0\x01\0\0\x7a\x58\0\0\x10\0\0\0\xe0\x01\0\0\x81\x58\0\0\x03\0\
\0\x04\x18\0\0\0\x9f\x56\0\0\x46\x02\0\0\0\0\0\0\x89\x58\0\0\x22\x02\0\0\x80\0\
\0\0\xe5\x56\0\0\x46\0\0\0\xa0\0\0\0\0\0\0\0\0\0\0\x03\0\0\0\0\x4d\x02\0\0\x04\
\0\0\0\x06\0\0\0\0\0\0\0\0\0\0\x03\0\0\0\0\x42\x02\0\0\x04\0\0\0\x02\0\0\0\0\0\
\0\0\x02\0\0\x05\x08\0\0\0\x8d\x58\0\0\x03\x02\0\0\0\0\0\0\x9a\x58\0\0\x96\0\0\
\0\0\0\0\0\xa8\x58\0\0\0\0\0\x08\x31\0\0\0\0\0\0\0\0\0\0\x02\xcf\x04\0\0\xba\
\x58\0\0\x02\0\0\x04\x10\0\0\0\x0a\x20\0\0\x55\x02\0\0\0\0\0\0\xcb\x58\0\0\x10\
\0\0\0\x40\0\0\0\0\0\0\0\0\0\0\x02\x72\x04\0\0\0\0\0\0\0\0\0\x02\x57\x02\0\0\
\xd3\x58\0\0\0\0\0\x07\0\0\0\0\0\0\0\0\0\0\0\x02\x59\x02\0\0\0\0\0\0\x01\0\0\
\x0d\0\0\0\0\0\0\0\0\xc8\x01\0\0\0\0\0\0\0\0\0\x02\x5b\x02\0\0\0\0\0\0\x02\0\0\
\x0d\x02\0\0\0\0\0\0\0\xc8\x01\0\0\0\0\0\0\x03\x02\0\0\0\0\0\0\0\0\0\x02\xe4\
\x04\0\0\0\0\0\0\0\0\0\x02\xc2\x04\0\0\0\0\0\0\0\0\0\x02\x5f\x02\0\0\0\0\0\0\
\x01\0\0\x0d\x12\0\0\0\0\0\0\0\x60\x02\0\0\0\0\0\0\0\0\0\x02\x61\x02\0\0\0\0\0\
\0\0\0\0\x0a\xff\x01\0\0\0\0\0\0\0\0\0\x02\x63\x02\0\0\0\0\0\0\x02\0\0\x0d\x78\
\0\0\0\0\0\0\0\xfe\x01\0\0\0\0\0\0\x0f\0\0\0\0\0\0\0\0\0\0\x02\x65\x02\0\0\0\0\
\0\0\x01\0\0\x0d\0\0\0\0\0\0\0\0\xfe\x01\0\0\0\0\0\0\0\0\0\x02\x67\x02\0\0\0\0\
\0\0\x03\0\0\x0d\0\0\0\0\0\0\0\0\xfe\x01\0\0\0\0\0\0\xcb\x01\0\0\0\0\0\0\x02\0\
\0\0\xde\x58\0\0\x84\0\0\x84\xc0\x08\0\0\xe9\x58\0\0\xb3\0\0\0\0\0\0\0\xee\x58\
\0\0\x69\x02\0\0\x80\0\0\0\xf8\x58\0\0\x6a\x02\0\0\xc0\0\0\0\0\x59\0\0\x0f\0\0\
\0\0\x01\0\0\x08\x59\0\0\x0f\0\0\0\x40\x01\0\0\x12\x59\0\0\x0f\0\0\0\x80\x01\0\
\0\x06\x0f\0\0\x0f\0\0\0\xc0\x01\0\0\x1c\x59\0\0\x2f\0\0\0\0\x02\0\0\x25\x59\0\
\0\x2f\0\0\0\x80\x02\0\0\x2f\x59\0\0\x2f\0\0\0\0\x03\0\0\x3a\x59\0\0\x2f\0\0\0\
\x80\x03\0\0\x45\x59\0\0\x2f\0\0\0\0\x04\0\0\x4f\x59\0\0\x2f\0\0\0\x80\x04\0\0\
\x5e\x59\0\0\x6b\x02\0\0\0\x05\0\0\xac\0\0\0\x12\0\0\0\0\x06\0\0\x67\x59\0\0\
\x12\0\0\0\x20\x06\0\0\x72\x59\0\0\x6c\x02\0\0\x40\x06\0\0\xb0\x38\0\0\x02\0\0\
\0\x80\x06\0\0\x7d\x59\0\0\x27\0\0\0\xa0\x06\0\0\x84\x59\0\0\x27\0\0\0\xb0\x06\
\0\0\x90\x49\0\0\x12\0\0\0\xc0\x06\0\0\x94\x59\0\0\x27\0\0\0\xe0\x06\0\0\xa4\
\x59\0\0\x27\0\0\0\xf0\x06\0\0\xb4\x59\0\0\x52\x02\0\0\0\x07\0\0\xbd\x59\0\0\
\x52\x02\0\0\x40\x07\0\0\xc9\x59\0\0\x52\x02\0\0\x80\x07\0\0\xd9\x59\0\0\x52\
\x02\0\0\xc0\x07\0\0\xe7\x59\0\0\x52\x02\0\0\0\x08\0\0\xf7\x59\0\0\x52\x02\0\0\
\x40\x08\0\0\x05\x5a\0\0\x52\x02\0\0\x80\x08\0\0\x1a\x5a\0\0\x12\0\0\0\xc0\x08\
\0\0\x22\x5a\0\0\x12\0\0\0\xe0\x08\0\0\x19\0\0\0\x27\0\0\0\0\x09\0\0\x2a\x5a\0\
\0\x47\0\0\0\x10\x09\0\0\x39\x5a\0\0\x47\0\0\0\x18\x09\0\0\x4a\x5a\0\0\x02\0\0\
\0\x20\x09\0\0\x8e\x01\0\0\x6e\x02\0\0\x40\x09\0\0\x50\x5a\0\0\x6a\0\0\0\0\x0f\
\0\0\x5b\x5a\0\0\x6a\0\0\0\x40\x0f\0\0\x66\x5a\0\0\x6a\0\0\0\x80\x0f\0\0\x73\
\x5a\0\0\x1f\0\0\0\xc0\x0f\0\0\x84\x5a\0\0\x1f\0\0\0\xe0\x0f\0\0\x97\x5a\0\0\
\x86\x02\0\0\0\x10\0\0\xa3\x5a\0\0\x88\x02\0\0\x40\x10\0\0\xad\x5a\0\0\x8a\x02\
\0\0\x80\x10\0\0\xb8\x5a\0\0\x47\0\0\0\xc0\x10\0\0\xc2\x5a\0\0\x47\0\0\0\xc8\
\x10\0\0\xcc\x5a\0\0\x47\0\0\0\xd0\x10\0\0\xd4\x5a\0\0\x47\0\0\0\xd8\x10\0\0\
\xd8\x5a\0\0\x8c\x02\0\0\xe0\x10\0\0\xe2\x5a\0\0\x47\0\0\0\xe0\x11\0\0\xf3\x5a\
\0\0\x47\0\0\0\xe8\x11\0\0\xfc\x5a\0\0\x47\0\0\0\xf0\x11\0\0\x08\x5b\0\0\x47\0\
\0\0\xf8\x11\0\0\x14\x5b\0\0\x27\0\0\0\0\x12\0\0\x23\x5b\0\0\x27\0\0\0\x10\x12\
\0\0\x2a\x5b\0\0\x27\0\0\0\x20\x12\0\0\x33\x5b\0\0\x27\0\0\0\x30\x12\0\0\x3a\
\x5b\0\0\xc8\0\0\0\x40\x12\0\0\x49\x5b\0\0\x02\0\0\0\x60\x12\0\0\x4d\x5b\0\0\
\x8d\x02\0\0\x80\x12\0\0\x50\x5b\0\0\x8d\x02\0\0\x80\x13\0\0\x53\x5b\0\0\x8d\
\x02\0\0\x80\x14\0\0\x5d\x5b\0\0\x8e\x02\0\0\x80\x15\0\0\x69\x5b\0\0\x12\0\0\0\
\xc0\x15\0\0\x75\x5b\0\0\x12\0\0\0\xe0\x15\0\0\x7e\x5b\0\0\x56\0\0\0\0\x16\0\0\
\x89\x5b\0\0\x8f\x02\0\0\x40\x16\0\0\x93\x5b\0\0\x90\x02\0\0\x80\x16\0\0\x9a\
\x5b\0\0\x91\x02\0\0\xc0\x16\0\0\xa2\x5b\0\0\x92\x02\0\0\0\x17\0\0\xb0\x5b\0\0\
\x93\x02\0\0\x40\x17\0\0\xbf\x5b\0\0\x19\x02\0\0\x80\x17\0\0\xc8\x5b\0\0\x94\
\x02\0\0\xc0\x17\0\0\xcc\x5b\0\0\x12\0\0\0\0\x18\0\0\xda\x5b\0\0\x12\0\0\0\x20\
\x18\0\0\xed\x5b\0\0\x34\x01\0\0\x40\x18\0\0\xf6\x5b\0\0\x0f\0\0\0\x80\x18\0\0\
\x08\x5c\0\0\x02\0\0\0\xc0\x18\0\0\x1d\x5c\0\0\x95\x02\0\0\0\x19\0\0\x28\x5c\0\
\0\x1c\0\0\0\x40\x19\0\0\x38\x5c\0\0\x9b\x02\0\0\x80\x19\0\0\x46\x5c\0\0\x9c\
\x02\0\0\xc0\x19\0\0\x54\x5c\0\0\x9d\x02\0\0\0\x1a\0\0\x65\x5c\0\0\x8c\x02\0\0\
\x40\x1a\0\0\x6f\x5c\0\0\x9e\x02\0\0\x40\x1b\0\0\x7b\x5c\0\0\x85\0\0\0\x80\x1b\
\0\0\x87\x5c\0\0\x9c\x02\0\0\0\x1c\0\0\x8b\x5c\0\0\x12\0\0\0\x40\x1c\0\0\x99\
\x5c\0\0\x12\0\0\0\x60\x1c\0\0\xac\x5c\0\0\x9f\x02\0\0\x80\x1c\0\0\xb2\x5c\0\0\
\x12\0\0\0\xc0\x1c\0\0\xbf\x5c\0\0\xc8\0\0\0\xe0\x1c\0\0\xce\x5c\0\0\xa0\x02\0\
\0\0\x1d\0\0\xd8\x5c\0\0\xa7\x02\0\0\x40\x1d\0\0\xe1\x5c\0\0\x9b\x02\0\0\xc0\
\x1d\0\0\xee\x5c\0\0\xa8\x02\0\0\0\x1e\0\0\xf9\x5c\0\0\xf3\0\0\0\0\x22\0\0\x08\
\x5d\0\0\x02\0\0\0\x40\x23\0\0\x17\x5d\0\0\x10\0\0\0\x60\x23\0\0\x29\x5d\0\0\
\x2f\0\0\0\x80\x23\0\0\x33\x5d\0\0\x89\0\0\0\0\x24\0\0\x3f\x5d\0\0\x2f\0\0\0\
\x40\x24\0\0\x4f\x5d\0\0\xa9\x02\0\0\xc0\x24\0\x08\x59\x5d\0\0\x56\0\0\0\xc8\
\x24\0\0\x63\x5d\0\0\xaa\x02\0\0\xd0\x24\0\x10\x73\x5d\0\0\x56\0\0\0\xe0\x24\0\
\0\x85\x5d\0\0\xab\x02\0\0\0\x25\0\0\x95\x5d\0\0\x2b\x02\0\0\x40\x25\0\0\x9c\
\x5d\0\0\x1c\0\0\0\x80\x25\0\0\xa4\x5d\0\0\xad\x02\0\0\xc0\x25\0\0\0\0\0\0\xae\
\x02\0\0\0\x26\0\0\x22\x4a\0\0\xb3\x02\0\0\x40\x26\0\0\xb1\x5d\0\0\0\x03\0\0\
\x80\x3d\0\0\xbe\x5d\0\0\xe0\x02\0\0\x80\x3e\0\0\xd3\x5d\0\0\x01\x03\0\0\xc0\
\x3e\0\0\xe1\x5d\0\0\x12\0\0\0\0\x3f\0\0\xee\x5d\0\0\x25\0\0\0\x20\x3f\0\0\xfb\
\x5d\0\0\x81\x01\0\0\x30\x3f\0\0\x02\x5e\0\0\x04\x03\0\0\x40\x3f\0\0\x0c\x5e\0\
\0\x05\x03\0\0\x40\x41\0\0\x18\x5e\0\0\x06\x03\0\0\xc0\x41\0\0\x1f\x5e\0\0\x07\
\x03\0\0\0\x42\0\0\x27\x5e\0\0\x09\x03\0\0\x40\x42\0\0\x39\x5e\0\0\x09\x03\0\0\
\x80\x42\0\0\x4b\x5e\0\0\x56\0\0\0\xc0\x42\0\0\x56\x5e\0\0\x12\0\0\0\xc8\x42\0\
\x01\x62\x5e\0\0\x12\0\0\0\xc9\x42\0\x01\x6b\x5e\0\0\x2f\0\0\0\0\x43\0\0\x7d\
\x5e\0\0\x0a\x03\0\0\x80\x43\0\0\x91\x5e\0\0\x0c\x03\0\0\xc0\x43\0\0\xa0\x5e\0\
\0\x10\x03\0\0\0\x44\0\0\0\0\0\0\0\0\0\x02\x93\x04\0\0\0\0\0\0\0\0\0\x02\x94\
\x04\0\0\0\0\0\0\x02\0\0\x04\x20\0\0\0\xaa\x5e\0\0\x2f\0\0\0\0\0\0\0\xb0\x5e\0\
\0\x2f\0\0\0\x80\0\0\0\0\0\0\0\0\0\0\x02\x6d\x02\0\0\0\0\0\0\0\0\0\x0a\x95\x04\
\0\0\xb6\x5e\0\0\x17\0\0\x04\xb8\0\0\0\0\0\0\0\x6f\x02\0\0\0\0\0\0\0\0\0\0\x70\
\x02\0\0\x40\0\0\0\0\0\0\0\x71\x02\0\0\x80\0\0\0\0\0\0\0\x72\x02\0\0\xc0\0\0\0\
\0\0\0\0\x73\x02\0\0\0\x01\0\0\0\0\0\0\x74\x02\0\0\x40\x01\0\0\0\0\0\0\x75\x02\
\0\0\x80\x01\0\0\0\0\0\0\x76\x02\0\0\xc0\x01\0\0\0\0\0\0\x77\x02\0\0\0\x02\0\0\
\0\0\0\0\x78\x02\0\0\x40\x02\0\0\0\0\0\0\x79\x02\0\0\x80\x02\0\0\0\0\0\0\x7a\
\x02\0\0\xc0\x02\0\0\0\0\0\0\x7b\x02\0\0\0\x03\0\0\0\0\0\0\x7c\x02\0\0\x40\x03\
\0\0\0\0\0\0\x7d\x02\0\0\x80\x03\0\0\0\0\0\0\x7e\x02\0\0\xc0\x03\0\0\0\0\0\0\
\x7f\x02\0\0\0\x04\0\0\0\0\0\0\x80\x02\0\0\x40\x04\0\0\0\0\0\0\x81\x02\0\0\x80\
\x04\0\0\0\0\0\0\x82\x02\0\0\xc0\x04\0\0\0\0\0\0\x83\x02\0\0\0\x05\0\0\0\0\0\0\
\x84\x02\0\0\x40\x05\0\0\0\0\0\0\x85\x02\0\0\x80\x05\0\0\0\0\0\0\x02\0\0\x05\
\x08\0\0\0\xc7\x5e\0\0\x0f\0\0\0\0\0\0\0\xd2\x5e\0\0\x6a\0\0\0\0\0\0\0\0\0\0\0\
\x02\0\0\x05\x08\0\0\0\xdf\x5e\0\0\x0f\0\0\0\0\0\0\0\xea\x5e\0\0\x6a\0\0\0\0\0\
\0\0\0\0\0\0\x02\0\0\x05\x08\0\0\0\xf7\x5e\0\0\x0f\0\0\0\0\0\0\0\0\x5f\0\0\x6a\
\0\0\0\0\0\0\0\0\0\0\0\x02\0\0\x05\x08\0\0\0\x0b\x5f\0\0\x0f\0\0\0\0\0\0\0\x14\
\x5f\0\0\x6a\0\0\0\0\0\0\0\0\0\0\0\x02\0\0\x05\x08\0\0\0\x1f\x5f\0\0\x0f\0\0\0\
\0\0\0\0\x29\x5f\0\0\x6a\0\0\0\0\0\0\0\0\0\0\0\x02\0\0\x05\x08\0\0\0\x35\x5f\0\
\0\x0f\0\0\0\0\0\0\0\x3f\x5f\0\0\x6a\0\0\0\0\0\0\0\0\0\0\0\x02\0\0\x05\x08\0\0\
\0\x50\x5a\0\0\x0f\0\0\0\0\0\0\0\x4b\x5f\0\0\x6a\0\0\0\0\0\0\0\0\0\0\0\x02\0\0\
\x05\x08\0\0\0\x5b\x5a\0\0\x0f\0\0\0\0\0\0\0\x58\x5f\0\0\x6a\0\0\0\0\0\0\0\0\0\
\0\0\x02\0\0\x05\x08\0\0\0\x65\x5f\0\0\x0f\0\0\0\0\0\0\0\x6f\x5f\0\0\x6a\0\0\0\
\0\0\0\0\0\0\0\0\x02\0\0\x05\x08\0\0\0\x7b\x5f\0\0\x0f\0\0\0\0\0\0\0\x86\x5f\0\
\0\x6a\0\0\0\0\0\0\0\0\0\0\0\x02\0\0\x05\x08\0\0\0\x93\x5f\0\0\x0f\0\0\0\0\0\0\
\0\xa4\x5f\0\0\x6a\0\0\0\0\0\0\0\0\0\0\0\x02\0\0\x05\x08\0\0\0\xb7\x5f\0\0\x0f\
\0\0\0\0\0\0\0\xc6\x5f\0\0\x6a\0\0\0\0\0\0\0\0\0\0\0\x02\0\0\x05\x08\0\0\0\xd7\
\x5f\0\0\x0f\0\0\0\0\0\0\0\xe5\x5f\0\0\x6a\0\0\0\0\0\0\0\0\0\0\0\x02\0\0\x05\
\x08\0\0\0\xf5\x5f\0\0\x0f\0\0\0\0\0\0\0\x05\x60\0\0\x6a\0\0\0\0\0\0\0\0\0\0\0\
\x02\0\0\x05\x08\0\0\0\x17\x60\0\0\x0f\0\0\0\0\0\0\0\x26\x60\0\0\x6a\0\0\0\0\0\
\0\0\0\0\0\0\x02\0\0\x05\x08\0\0\0\x37\x60\0\0\x0f\0\0\0\0\0\0\0\x48\x60\0\0\
\x6a\0\0\0\0\0\0\0\0\0\0\0\x02\0\0\x05\x08\0\0\0\x5b\x60\0\0\x0f\0\0\0\0\0\0\0\
\x6d\x60\0\0\x6a\0\0\0\0\0\0\0\0\0\0\0\x02\0\0\x05\x08\0\0\0\x81\x60\0\0\x0f\0\
\0\0\0\0\0\0\x93\x60\0\0\x6a\0\0\0\0\0\0\0\0\0\0\0\x02\0\0\x05\x08\0\0\0\xa7\
\x60\0\0\x0f\0\0\0\0\0\0\0\xb6\x60\0\0\x6a\0\0\0\0\0\0\0\0\0\0\0\x02\0\0\x05\
\x08\0\0\0\xc7\x60\0\0\x0f\0\0\0\0\0\0\0\xdb\x60\0\0\x6a\0\0\0\0\0\0\0\0\0\0\0\
\x02\0\0\x05\x08\0\0\0\xf1\x60\0\0\x0f\0\0\0\0\0\0\0\x02\x61\0\0\x6a\0\0\0\0\0\
\0\0\0\0\0\0\x02\0\0\x05\x08\0\0\0\x15\x61\0\0\x0f\0\0\0\0\0\0\0\x23\x61\0\0\
\x6a\0\0\0\0\0\0\0\0\0\0\0\x02\0\0\x05\x08\0\0\0\x33\x61\0\0\x0f\0\0\0\0\0\0\0\
\x41\x61\0\0\x6a\0\0\0\0\0\0\0\0\0\0\0\0\0\0\x02\x87\x02\0\0\0\0\0\0\0\0\0\x0a\
\xbc\x04\0\0\0\0\0\0\0\0\0\x02\x89\x02\0\0\0\0\0\0\0\0\0\x0a\xbd\x04\0\0\0\0\0\
\0\0\0\0\x02\x8b\x02\0\0\0\0\0\0\0\0\0\x0a\xcb\x04\0\0\0\0\0\0\0\0\0\x03\0\0\0\
\0\x47\0\0\0\x04\0\0\0\x20\0\0\0\x51\x61\0\0\x03\0\0\x04\x20\0\0\0\xf7\x16\0\0\
\x2f\0\0\0\0\0\0\0\x30\x13\0\0\x02\0\0\0\x80\0\0\0\x8c\x19\0\0\x96\0\0\0\xc0\0\
\0\0\0\0\0\0\0\0\0\x02\x90\x04\0\0\0\0\0\0\0\0\0\x02\xcc\x04\0\0\0\0\0\0\0\0\0\
\x02\xbb\x04\0\0\0\0\0\0\0\0\0\x02\xbe\x04\0\0\0\0\0\0\0\0\0\x02\xce\x04\0\0\0\
\0\0\0\0\0\0\x02\xd3\x04\0\0\0\0\0\0\0\0\0\x02\xb1\x04\0\0\0\0\0\0\0\0\0\x02\
\x96\x02\0\0\x65\x61\0\0\0\0\0\x08\x97\x02\0\0\0\0\0\0\x01\0\0\x0d\x98\x02\0\0\
\0\0\0\0\x9a\x02\0\0\x77\x61\0\0\0\0\0\x08\x99\x02\0\0\x8b\x61\0\0\x04\0\0\x06\
\x04\0\0\0\x9d\x61\0\0\0\0\0\0\xb1\x61\0\0\x01\0\0\0\xc4\x61\0\0\x02\0\0\0\xd5\
\x61\0\0\x03\0\0\0\0\0\0\0\0\0\0\x02\x03\x02\0\0\0\0\0\0\0\0\0\x02\xb2\x04\0\0\
\0\0\0\0\0\0\0\x02\xb4\x04\0\0\0\0\0\0\0\0\0\x02\x48\x03\0\0\0\0\0\0\0\0\0\x02\
\xd5\x04\0\0\0\0\0\0\0\0\0\x02\xb3\x04\0\0\0\0\0\0\0\0\0\x02\xd6\x04\0\0\0\0\0\
\0\0\0\0\x02\xa2\x02\0\0\xe5\x61\0\0\x04\0\0\x04\x18\0\0\0\xb5\x16\0\0\x99\0\0\
\0\0\0\0\0\xf2\x61\0\0\x12\0\0\0\x80\0\0\0\xfb\x5d\0\0\x81\x01\0\0\xa0\0\0\0\
\xf9\x61\0\0\xa6\x02\0\0\xc0\0\0\0\0\0\0\0\0\0\0\x02\xa4\x02\0\0\x02\x62\0\0\
\x04\0\0\x04\x18\0\0\0\x63\x17\0\0\x12\0\0\0\0\0\0\0\x0a\x62\0\0\x12\0\0\0\x20\
\0\0\0\xb5\x16\0\0\x99\0\0\0\x40\0\0\0\x14\x62\0\0\xa5\x02\0\0\xc0\0\0\0\0\0\0\
\0\0\0\0\x03\0\0\0\0\x25\0\0\0\x04\0\0\0\0\0\0\0\0\0\0\0\0\0\0\x03\0\0\0\0\xa3\
\x02\0\0\x04\0\0\0\0\0\0\0\0\0\0\0\0\0\0\x03\0\0\0\0\xa1\x02\0\0\x04\0\0\0\x02\
\0\0\0\0\0\0\0\0\0\0\x03\0\0\0\0\x4b\0\0\0\x04\0\0\0\x10\0\0\0\0\0\0\0\x06\0\0\
\x06\x04\0\0\0\x1b\x62\0\0\0\0\0\0\x30\x62\0\0\x01\0\0\0\x42\x62\0\0\x02\0\0\0\
\x57\x62\0\0\x03\0\0\0\x6b\x62\0\0\x04\0\0\0\x7b\x62\0\0\x05\0\0\0\0\0\0\0\x02\
\0\0\x06\x04\0\0\0\x88\x62\0\0\0\0\0\0\x9e\x62\0\0\x01\0\0\0\0\0\0\0\0\0\0\x02\
\xac\x02\0\0\0\0\0\0\x01\0\0\x0d\0\0\0\0\0\0\0\0\xcb\x01\0\0\xb5\x62\0\0\x02\0\
\0\x06\x04\0\0\0\xc9\x62\0\0\0\0\0\0\xd6\x62\0\0\x01\0\0\0\0\0\0\0\x03\0\0\x05\
\x08\0\0\0\xe2\x62\0\0\xaf\x02\0\0\0\0\0\0\xe9\x62\0\0\xb0\x02\0\0\0\0\0\0\xf0\
\x62\0\0\xb1\x02\0\0\0\0\0\0\0\0\0\0\0\0\0\x02\xd7\x04\0\0\0\0\0\0\0\0\0\x02\
\xd8\x04\0\0\0\0\0\0\0\0\0\x02\xb2\x02\0\0\xf7\x62\0\0\0\0\0\x07\0\0\0\0\x03\
\x63\0\0\x2d\0\0\x84\xe8\x02\0\0\x0a\x63\0\0\xb4\x02\0\0\0\0\0\0\xc7\x04\0\0\
\xb9\x02\0\0\0\x02\0\0\xee\x1a\0\0\xba\x02\0\0\x40\x02\0\0\x0f\x63\0\0\x63\0\0\
\0\x80\x02\0\0\x19\0\0\0\xbb\x02\0\0\xc0\x02\0\0\x19\x63\0\0\xbd\x02\0\0\0\x03\
\0\0\x1d\x63\0\0\xbe\x02\0\0\x40\x03\0\0\x24\x63\0\0\x1c\0\0\0\x80\x03\0\0\x32\
\x63\0\0\x1c\0\0\0\xc0\x03\0\0\xfc\x14\0\0\x9d\0\0\0\0\x04\0\0\x3e\x63\0\0\xbf\
\x02\0\0\0\x05\0\0\x44\x63\0\0\xc1\x02\0\0\xc0\x06\0\0\x4a\x63\0\0\xcf\x02\0\0\
\x40\x10\0\0\x54\x63\0\0\xd0\x02\0\0\x80\x10\0\0\x5f\x63\0\0\xd1\x02\0\0\xc0\
\x10\0\0\x64\x63\0\0\x8b\0\0\0\0\x11\0\0\x6d\x63\0\0\x2f\0\0\0\x40\x11\0\0\x76\
\x63\0\0\xd2\x02\0\0\xc0\x11\0\0\x7e\x63\0\0\xd4\x02\0\0\0\x12\0\0\x87\x63\0\0\
\x31\0\0\0\x40\x12\0\0\x99\x63\0\0\x31\0\0\0\x80\x12\0\0\xa7\x63\0\0\xd5\x02\0\
\0\xc0\x12\0\0\xb5\x63\0\0\xd7\x02\0\0\0\x13\0\0\xbf\x63\0\0\x2f\0\0\0\x40\x13\
\0\0\xc9\x63\0\0\xd8\x02\0\0\xc0\x13\0\0\xd8\x63\0\0\xd9\x02\0\0\0\x14\0\0\xe1\
\x63\0\0\xda\x02\0\0\0\x14\0\0\xe9\x63\0\0\xdb\x02\0\0\x40\x14\0\0\xf0\x63\0\0\
\xdc\x02\0\0\x80\x14\0\0\x6b\x1d\0\0\x10\0\0\0\xa0\x14\0\0\xf5\x63\0\0\xc8\0\0\
\0\xc0\x14\0\0\x01\x64\0\0\x2f\0\0\0\0\x15\0\0\x0d\x64\0\0\xde\x02\0\0\x80\x15\
\0\0\x13\x64\0\0\xdf\x02\0\0\xc0\x15\0\0\x1a\x64\0\0\xe2\x02\0\0\0\x16\0\0\x22\
\x64\0\0\xe4\x02\0\0\x40\x16\0\0\x2e\x64\0\0\xe5\x02\0\0\x80\x16\0\0\x34\x64\0\
\0\xe6\x02\0\0\xc0\x16\0\0\x46\x64\0\0\xe7\x02\0\0\0\x17\0\0\x50\x64\0\0\x56\0\
\0\0\x20\x17\0\x01\x62\x64\0\0\x56\0\0\0\x21\x17\0\x01\x73\x64\0\0\x56\0\0\0\
\x22\x17\0\x01\x7b\x64\0\0\x56\0\0\0\x23\x17\0\x01\x8a\x64\0\0\x56\0\0\0\x24\
\x17\0\x01\x97\x64\0\0\x56\0\0\0\x25\x17\0\x01\xa1\x64\0\0\x0c\0\0\x84\x40\0\0\
\0\xe9\x58\0\0\x63\0\0\0\0\0\0\0\x16\x1a\0\0\x2f\0\0\0\x40\0\0\0\xc7\x04\0\0\
\xb5\x02\0\0\xc0\0\0\0\xa9\x64\0\0\x8e\x02\0\0\0\x01\0\0\xae\x64\0\0\xb6\x02\0\
\0\x40\x01\0\0\xb4\x64\0\0\xb7\x02\0\0\x80\x01\0\0\xb7\x64\0\0\xb8\x02\0\0\xc0\
\x01\0\0\xbc\x64\0\0\x12\0\0\0\xe0\x01\0\x01\xce\x64\0\0\x12\0\0\0\xe1\x01\0\
\x01\xdd\x64\0\0\x12\0\0\0\xe2\x01\0\x01\xf3\x64\0\0\x12\0\0\0\xe3\x01\0\x01\
\x0c\x65\0\0\x12\0\0\0\xe4\x01\0\x01\0\0\0\0\0\0\0\x02\xb4\x02\0\0\0\0\0\0\0\0\
\0\x02\x91\x04\0\0\0\0\0\0\0\0\0\x02\x6f\x04\0\0\xb7\x64\0\0\x01\0\0\x04\x04\0\
\0\0\x13\x19\0\0\x1d\0\0\0\0\0\0\0\0\0\0\0\0\0\0\x02\xb3\x02\0\0\0\0\0\0\0\0\0\
\x02\x99\x04\0\0\0\0\0\0\0\0\0\x02\xbc\x02\0\0\0\0\0\0\0\0\0\x0a\xa0\x04\0\0\0\
\0\0\0\0\0\0\x02\x9b\x04\0\0\0\0\0\0\0\0\0\x02\x9a\x04\0\0\x1c\x65\0\0\x04\0\0\
\x04\x38\0\0\0\x2b\x65\0\0\x2f\0\0\0\0\0\0\0\x35\x65\0\0\x2f\0\0\0\x80\0\0\0\
\x3f\x65\0\0\x2f\0\0\0\0\x01\0\0\xfe\x0a\0\0\xc0\x02\0\0\x80\x01\0\0\x4a\x65\0\
\0\x04\0\0\x06\x04\0\0\0\x57\x65\0\0\0\0\0\0\x68\x65\0\0\x01\0\0\0\x77\x65\0\0\
\x02\0\0\0\x8b\x65\0\0\x03\0\0\0\x9c\x65\0\0\x34\0\0\x84\x30\x01\0\0\xa8\x65\0\
\0\xc2\x02\0\0\0\0\0\0\xb4\x65\0\0\x12\0\0\0\x20\0\0\x01\xbf\x65\0\0\x12\0\0\0\
\x21\0\0\x01\xcd\x65\0\0\x56\0\0\0\x22\0\0\x01\xd9\x65\0\0\x56\0\0\0\x23\0\0\
\x01\xe5\x65\0\0\x56\0\0\0\x24\0\0\x01\xf2\x65\0\0\x56\0\0\0\x25\0\0\x01\x05\
\x66\0\0\x56\0\0\0\x26\0\0\x01\x17\x66\0\0\x56\0\0\0\x27\0\0\x01\x1d\x66\0\0\
\x56\0\0\0\x28\0\0\x01\x28\x66\0\0\x56\0\0\0\x29\0\0\x01\x38\x66\0\0\x10\0\0\0\
\x40\0\0\0\x20\x14\0\0\xc8\0\0\0\x60\0\0\0\x16\x1a\0\0\x2f\0\0\0\x80\0\0\0\x45\
\x66\0\0\xc4\x02\0\0\0\x01\0\0\x50\x66\0\0\xc6\x02\0\0\0\x02\0\0\x57\x66\0\0\
\x56\0\0\0\x40\x02\0\x01\x63\x66\0\0\x56\0\0\0\x41\x02\0\x01\x6b\x66\0\0\x56\0\
\0\0\x42\x02\0\x01\x7b\x66\0\0\x12\0\0\0\x43\x02\0\x01\x87\x66\0\0\x12\0\0\0\
\x44\x02\0\x01\x97\x66\0\0\x3d\0\0\0\x80\x02\0\0\xa5\x66\0\0\x31\0\0\0\x80\x04\
\0\0\xf7\x14\0\0\x89\x01\0\0\xc0\x04\0\0\xb3\x66\0\0\x16\x01\0\0\xc0\x05\0\0\
\xbe\x66\0\0\xc7\x02\0\0\x80\x06\0\0\xc6\x66\0\0\x1f\0\0\0\xc0\x06\0\0\xa5\x1b\
\0\0\x1f\0\0\0\xe0\x06\0\0\xd2\x66\0\0\x12\0\0\0\0\x07\0\x03\xe0\x66\0\0\x12\0\
\0\0\x03\x07\0\x01\xf2\x66\0\0\x12\0\0\0\x04\x07\0\x01\x02\x67\0\0\x12\0\0\0\
\x05\x07\0\x01\x12\x67\0\0\x12\0\0\0\x06\x07\0\x01\x25\x67\0\0\x12\0\0\0\x07\
\x07\0\x01\x32\x67\0\0\x56\0\0\0\x08\x07\0\x01\x42\x67\0\0\x12\0\0\0\x09\x07\0\
\x01\x4f\x67\0\0\x12\0\0\0\x0a\x07\0\x01\x58\x67\0\0\x12\0\0\0\x0b\x07\0\x01\
\x68\x67\0\0\x12\0\0\0\x0c\x07\0\x01\x7b\x67\0\0\x12\0\0\0\x0d\x07\0\x01\x89\
\x67\0\0\x12\0\0\0\x20\x07\0\0\x95\x67\0\0\xc8\x02\0\0\x40\x07\0\0\x9d\x67\0\0\
\xc9\x02\0\0\x60\x07\0\0\xac\x67\0\0\x02\0\0\0\x80\x07\0\0\xba\x67\0\0\x02\0\0\
\0\xa0\x07\0\0\xcc\x67\0\0\x31\0\0\0\xc0\x07\0\0\xd6\x67\0\0\x31\0\0\0\0\x08\0\
\0\xe2\x67\0\0\x31\0\0\0\x40\x08\0\0\xf1\x67\0\0\x31\0\0\0\x80\x08\0\0\x06\x68\
\0\0\xca\x02\0\0\xc0\x08\0\0\x12\x68\0\0\xcb\x02\0\0\0\x09\0\0\x28\x68\0\0\xce\
\x02\0\0\x40\x09\0\0\x2c\x68\0\0\0\0\0\x08\xc3\x02\0\0\x39\x68\0\0\x01\0\0\x04\
\x04\0\0\0\xf8\x34\0\0\x02\0\0\0\0\0\0\0\x45\x66\0\0\x02\0\0\x04\x20\0\0\0\x44\
\x68\0\0\x12\0\0\0\0\0\0\0\x49\x68\0\0\xc5\x02\0\0\x40\0\0\0\x4e\x68\0\0\x02\0\
\0\x04\x18\0\0\0\x20\x14\0\0\x8b\0\0\0\0\0\0\0\x5f\x68\0\0\x2f\0\0\0\x40\0\0\0\
\0\0\0\0\0\0\0\x02\xa1\x04\0\0\0\0\0\0\0\0\0\x02\xa2\x04\0\0\x69\x68\0\0\x05\0\
\0\x06\x04\0\0\0\x75\x68\0\0\0\0\0\0\x82\x68\0\0\x01\0\0\0\x8f\x68\0\0\x02\0\0\
\0\x9f\x68\0\0\x03\0\0\0\xb3\x68\0\0\x04\0\0\0\xc2\x68\0\0\x04\0\0\x06\x04\0\0\
\0\xcd\x68\0\0\0\0\0\0\xd8\x68\0\0\x01\0\0\0\xe5\x68\0\0\x02\0\0\0\xf3\x68\0\0\
\x03\0\0\0\0\0\0\0\0\0\0\x02\xa5\x04\0\0\0\0\0\0\0\0\0\x02\xcc\x02\0\0\0\0\0\0\
\x02\0\0\x0d\0\0\0\0\0\0\0\0\xb9\x02\0\0\0\0\0\0\xcd\x02\0\0\x02\x69\0\0\0\0\0\
\x08\x07\x01\0\0\0\0\0\0\0\0\0\x02\xa6\x04\0\0\0\0\0\0\0\0\0\x02\xa4\x04\0\0\0\
\0\0\0\0\0\0\x02\x8d\x04\0\0\0\0\0\0\0\0\0\x02\xa7\x04\0\0\0\0\0\0\0\0\0\x02\
\xd3\x02\0\0\0\0\0\0\0\0\0\x0a\xa8\x04\0\0\0\0\0\0\0\0\0\x02\x31\0\0\0\0\0\0\0\
\0\0\0\x02\xd6\x02\0\0\0\0\0\0\0\0\0\x0a\xa9\x04\0\0\0\0\0\0\0\0\0\x02\xaa\x04\
\0\0\0\0\0\0\0\0\0\x02\xab\x04\0\0\x06\x69\0\0\0\0\0\x04\0\0\0\0\0\0\0\0\0\0\0\
\x02\x9e\x04\0\0\0\0\0\0\0\0\0\x02\x8a\x04\0\0\x13\x69\0\0\0\0\0\x08\xdd\x02\0\
\0\x19\x69\0\0\0\0\0\x08\x10\0\0\0\0\0\0\0\0\0\0\x02\x7f\x04\0\0\0\0\0\0\0\0\0\
\x02\xe0\x02\0\0\0\0\0\0\0\0\0\x02\xe1\x02\0\0\0\0\0\0\0\0\0\x0a\xe8\x02\0\0\0\
\0\0\0\0\0\0\x02\xe3\x02\0\0\0\0\0\0\x01\0\0\x0d\0\0\0\0\0\0\0\0\xb9\x02\0\0\0\
\0\0\0\0\0\0\x02\x9d\x04\0\0\0\0\0\0\0\0\0\x02\xac\x04\0\0\0\0\0\0\0\0\0\x02\
\xad\x04\0\0\x28\x69\0\0\x04\0\0\x06\x04\0\0\0\x39\x69\0\0\0\0\0\0\x58\x69\0\0\
\x01\0\0\0\x71\x69\0\0\x02\0\0\0\x7e\x69\0\0\x03\0\0\0\x8f\x69\0\0\x05\0\0\x04\
\x28\0\0\0\xe9\x58\0\0\x63\0\0\0\0\0\0\0\x9f\x69\0\0\xe9\x02\0\0\x40\0\0\0\xaa\
\x69\0\0\xee\x02\0\0\x80\0\0\0\xb9\x69\0\0\xfe\x02\0\0\xc0\0\0\0\xbf\x69\0\0\
\xff\x02\0\0\0\x01\0\0\0\0\0\0\0\0\0\x02\xea\x02\0\0\0\0\0\0\x03\0\0\x0d\xeb\
\x02\0\0\0\0\0\0\xb5\x02\0\0\0\0\0\0\xec\x02\0\0\0\0\0\0\x02\0\0\0\xc9\x69\0\0\
\0\0\0\x08\x27\0\0\0\0\0\0\0\0\0\0\x02\xed\x02\0\0\xd1\x69\0\0\x02\0\0\x04\x10\
\0\0\0\xe9\x58\0\0\x63\0\0\0\0\0\0\0\x24\x17\0\0\xeb\x02\0\0\x40\0\0\0\0\0\0\0\
\0\0\0\x02\xef\x02\0\0\0\0\0\0\x03\0\0\x0d\xeb\x02\0\0\0\0\0\0\xb5\x02\0\0\0\0\
\0\0\xf0\x02\0\0\0\0\0\0\x02\0\0\0\0\0\0\0\0\0\0\x02\xf1\x02\0\0\xdb\x69\0\0\
\x07\0\0\x04\x40\0\0\0\xde\x1b\0\0\xed\x02\0\0\0\0\0\0\x06\x1a\0\0\xc0\0\0\0\
\x80\0\0\0\xd0\x24\0\0\x1c\0\0\0\xc0\0\0\0\x43\x2f\0\0\xf2\x02\0\0\0\x01\0\0\
\xe9\x69\0\0\xf7\x02\0\0\x40\x01\0\0\xee\x69\0\0\xf7\x02\0\0\x80\x01\0\0\x0a\
\x1f\0\0\xfc\x02\0\0\xc0\x01\0\0\0\0\0\0\0\0\0\x02\xf3\x02\0\0\0\0\0\0\x01\0\0\
\x0d\x71\x01\0\0\0\0\0\0\0\0\0\0\xf4\x69\0\0\x0f\0\0\x04\xc0\0\0\0\x02\x6a\0\0\
\x5f\x01\0\0\0\0\0\0\x07\x6a\0\0\x99\x01\0\0\x40\0\0\0\x0f\x6a\0\0\x77\x01\0\0\
\xc0\0\0\0\x1f\x6a\0\0\x9a\x01\0\0\0\x02\0\0\x28\x6a\0\0\x1f\0\0\0\x20\x02\0\0\
\x38\x6a\0\0\x95\0\0\0\x40\x02\0\0\x3f\x6a\0\0\x77\x01\0\0\xc0\x02\0\0\x4c\x6a\
\0\0\x0f\0\0\0\0\x04\0\0\x54\x6a\0\0\x0f\0\0\0\x40\x04\0\0\x64\x6a\0\0\xf5\x02\
\0\0\x80\x04\0\0\xac\0\0\0\x0f\0\0\0\xc0\x04\0\0\x6a\x6a\0\0\x72\x01\0\0\0\x05\
\0\0\x71\x6a\0\0\xc8\0\0\0\x20\x05\0\0\x7e\x6a\0\0\x2f\0\0\0\x40\x05\0\0\x31\
\x2f\0\0\x1c\0\0\0\xc0\x05\0\0\0\0\0\0\0\0\0\x02\xf6\x02\0\0\0\0\0\0\0\0\0\x0a\
\x82\x04\0\0\0\0\0\0\0\0\0\x02\xf8\x02\0\0\0\0\0\0\x06\0\0\x0d\xf9\x02\0\0\0\0\
\0\0\x69\0\0\0\0\0\0\0\xb5\x02\0\0\0\0\0\0\xf0\x02\0\0\0\0\0\0\xc7\0\0\0\0\0\0\
\0\x64\x01\0\0\0\0\0\0\xc0\0\0\0\x8b\x6a\0\0\0\0\0\x08\xfa\x02\0\0\x93\x6a\0\0\
\0\0\0\x08\xfb\x02\0\0\xa4\x6a\0\0\0\0\0\x08\x18\0\0\0\0\0\0\0\0\0\0\x02\xfd\
\x02\0\0\0\0\0\0\x04\0\0\x0d\x02\0\0\0\0\0\0\0\x69\0\0\0\0\0\0\0\xb5\x02\0\0\0\
\0\0\0\xf0\x02\0\0\0\0\0\0\x5c\0\0\0\0\0\0\0\0\0\0\x02\xec\x02\0\0\0\0\0\0\0\0\
\0\x02\xf0\x02\0\0\0\0\0\0\0\0\0\x03\0\0\0\0\xe0\x02\0\0\x04\0\0\0\x04\0\0\0\0\
\0\0\0\0\0\0\x02\x02\x03\0\0\0\0\0\0\0\0\0\x0a\xd9\x04\0\0\xb4\x6a\0\0\x02\0\0\
\x04\x04\0\0\0\x30\x13\0\0\x25\0\0\0\0\0\0\0\x5c\x17\0\0\x25\0\0\0\x10\0\0\0\0\
\0\0\0\0\0\0\x03\0\0\0\0\x03\x03\0\0\x04\0\0\0\x10\0\0\0\0\0\0\0\0\0\0\x03\0\0\
\0\0\x45\0\0\0\x04\0\0\0\x10\0\0\0\0\0\0\0\0\0\0\x02\xda\x04\0\0\0\0\0\0\0\0\0\
\x02\x08\x03\0\0\x1f\x5e\0\0\0\0\0\x07\0\0\0\0\0\0\0\0\0\0\0\x02\x9f\x04\0\0\0\
\0\0\0\0\0\0\x02\x0b\x03\0\0\0\0\0\0\0\0\0\x0a\xb5\x04\0\0\0\0\0\0\0\0\0\x02\
\x0d\x03\0\0\x91\x5e\0\0\0\0\0\x07\0\0\0\0\xc2\x6a\0\0\x02\0\0\x04\x10\0\0\0\
\xb4\x1d\0\0\x34\x01\0\0\0\0\0\0\xd1\x6a\0\0\x0f\x03\0\0\x40\0\0\0\0\0\0\0\0\0\
\0\x02\xb6\x04\0\0\0\0\0\0\0\0\0\x03\0\0\0\0\x0e\x03\0\0\x04\0\0\0\x03\0\0\0\0\
\0\0\0\0\0\0\x02\x12\x03\0\0\0\0\0\0\x01\0\0\x0d\xfe\x01\0\0\0\0\0\0\xfe\x01\0\
\0\0\0\0\0\0\0\0\x02\x14\x03\0\0\0\0\0\0\x05\0\0\x0d\0\0\0\0\0\0\0\0\xfe\x01\0\
\0\0\0\0\0\xc8\x01\0\0\0\0\0\0\x03\x02\0\0\0\0\0\0\x10\0\0\0\0\0\0\0\x56\0\0\0\
\0\0\0\0\0\0\0\x02\x16\x03\0\0\0\0\0\0\x03\0\0\x0d\0\0\0\0\0\0\0\0\xfe\x01\0\0\
\0\0\0\0\xc8\x01\0\0\0\0\0\0\x03\x02\0\0\0\0\0\0\0\0\0\x02\x18\x03\0\0\0\0\0\0\
\x03\0\0\x0d\x19\x03\0\0\0\0\0\0\x60\x02\0\0\0\0\0\0\x03\x02\0\0\0\0\0\0\xaa\
\x01\0\0\0\0\0\0\0\0\0\x02\x1a\x03\0\0\xd6\x6a\0\0\x1a\0\0\x04\x60\x01\0\0\x2d\
\x0c\0\0\x19\x03\0\0\0\0\0\0\x0a\x37\0\0\x1b\x03\0\0\x40\0\0\0\xe0\x6a\0\0\x1c\
\x03\0\0\x80\0\0\0\xe6\x6a\0\0\x0f\0\0\0\xc0\0\0\0\xf0\x6a\0\0\x0f\0\0\0\0\x01\
\0\0\x20\x14\0\0\x67\x01\0\0\x40\x01\0\0\x17\x56\0\0\x1d\0\0\0\x80\x01\0\0\xf8\
\x6a\0\0\x12\0\0\0\xa0\x01\0\0\x0c\x6b\0\0\x3d\x02\0\0\xc0\x01\0\0\x22\x56\0\0\
\xf3\0\0\0\x80\x02\0\0\x4b\x3a\0\0\x0f\0\0\0\xc0\x03\0\0\x16\x6b\0\0\x1f\0\0\0\
\0\x04\0\0\xac\0\0\0\x46\0\0\0\x20\x04\0\0\x1d\x6b\0\0\x46\0\0\0\x28\x04\0\0\
\x19\0\0\0\x46\0\0\0\x30\x04\0\0\x0b\x58\0\0\x46\0\0\0\x38\x04\0\0\x25\x4d\0\0\
\x45\0\0\0\x40\x04\0\0\x27\x6b\0\0\xe8\x01\0\0\x60\x04\0\0\x2f\x6b\0\0\x8c\x02\
\0\0\xc0\x04\0\0\x32\x6b\0\0\x1d\x03\0\0\xc0\x05\0\0\x35\x4a\0\0\x1f\x03\0\0\
\x40\x09\0\0\x85\x34\0\0\x21\x03\0\0\x80\x09\0\0\x35\x6b\0\0\x2f\0\0\0\xc0\x09\
\0\0\xb5\x16\0\0\x99\0\0\0\x40\x0a\0\0\x22\x4a\0\0\xcb\x01\0\0\xc0\x0a\0\0\x3d\
\x6b\0\0\x54\x01\0\0\0\x0b\0\0\0\0\0\0\0\0\0\x02\x97\x04\0\0\0\0\0\0\0\0\0\x02\
\x96\x04\0\0\x49\x6b\0\0\x03\0\0\x04\x70\0\0\0\x52\x6b\0\0\x12\0\0\0\0\0\0\0\
\x59\x6b\0\0\xe8\x01\0\0\x20\0\0\0\x61\x6b\0\0\x1e\x03\0\0\x80\0\0\0\0\0\0\0\0\
\0\0\x03\0\0\0\0\x0f\0\0\0\x04\0\0\0\x0c\0\0\0\0\0\0\0\0\0\0\x02\x20\x03\0\0\0\
\0\0\0\x02\0\0\x0d\x02\0\0\0\0\0\0\0\x19\x03\0\0\0\0\0\0\x03\x02\0\0\0\0\0\0\0\
\0\0\x02\x22\x03\0\0\0\0\0\0\0\0\0\x0a\xae\x04\0\0\0\0\0\0\0\0\0\x02\x24\x03\0\
\0\0\0\0\0\x02\0\0\x0d\0\0\0\0\0\0\0\0\x60\x02\0\0\0\0\0\0\xaa\x01\0\0\x69\x6b\
\0\0\x04\0\0\x04\x28\0\0\0\x20\x14\0\0\x8b\0\0\0\0\0\0\0\x30\x13\0\0\x3a\0\0\0\
\x40\0\0\0\xf7\x16\0\0\x2f\0\0\0\x80\0\0\0\x78\x6b\0\0\x26\x03\0\0\0\x01\0\0\0\
\0\0\0\0\0\0\x02\xcd\x02\0\0\x81\x6b\0\0\x28\0\0\x04\xb8\0\0\0\x93\x6b\0\0\xcd\
\x01\0\0\0\0\0\0\x68\x3c\0\0\xcd\x01\0\0\x40\0\0\0\x97\x6b\0\0\xcd\x01\0\0\x80\
\0\0\0\x55\x3c\0\0\xcd\x01\0\0\xc0\0\0\0\xa0\x6b\0\0\xcd\x01\0\0\0\x01\0\0\xaa\
\x6b\0\0\x02\0\0\0\x40\x01\0\0\xb6\x6b\0\0\x02\0\0\0\x60\x01\0\0\xc6\x6b\0\0\
\x02\0\0\0\x80\x01\0\0\xdd\x6b\0\0\x02\0\0\0\xa0\x01\0\0\xef\x6b\0\0\x02\0\0\0\
\xc0\x01\0\0\x02\x6c\0\0\x02\0\0\0\xe0\x01\0\0\x17\x6c\0\0\x02\0\0\0\0\x02\0\0\
\x2a\x6c\0\0\x02\0\0\0\x20\x02\0\0\x3c\x6c\0\0\x10\0\0\0\x40\x02\0\0\x52\x6c\0\
\0\x45\0\0\0\x60\x02\0\0\x68\x6c\0\0\x45\0\0\0\x68\x02\0\0\x73\x6c\0\0\x45\0\0\
\0\x70\x02\0\0\x89\x6c\0\0\x45\0\0\0\x78\x02\0\0\x99\x6c\0\0\x02\0\0\0\x80\x02\
\0\0\xa5\x6c\0\0\x45\0\0\0\xa0\x02\0\0\xbc\x6c\0\0\x45\0\0\0\xa8\x02\0\0\xd9\
\x6c\0\0\x45\0\0\0\xb0\x02\0\0\xf4\x6c\0\0\x28\x03\0\0\xc0\x02\0\0\x04\x6d\0\0\
\xf1\x01\0\0\xc0\x03\0\0\x18\x6d\0\0\x45\0\0\0\0\x04\0\0\x2f\x6d\0\0\x45\0\0\0\
\x08\x04\0\0\x40\x6d\0\0\x45\0\0\0\x10\x04\0\0\x4f\x6d\0\0\x45\0\0\0\x18\x04\0\
\0\x66\x6d\0\0\x02\0\0\0\x20\x04\0\0\x74\x6d\0\0\x02\0\0\0\x40\x04\0\0\x80\x6d\
\0\0\x02\0\0\0\x60\x04\0\0\x92\x6d\0\0\x02\0\0\0\x80\x04\0\0\xa3\x6d\0\0\x02\0\
\0\0\xa0\x04\0\0\xb4\x6d\0\0\x02\0\0\0\xc0\x04\0\0\xc5\x6d\0\0\x02\0\0\0\xe0\
\x04\0\0\xd6\x6d\0\0\x02\0\0\0\0\x05\0\0\xe5\x6d\0\0\x10\0\0\0\x20\x05\0\0\xee\
\x6d\0\0\x31\0\0\0\x40\x05\0\0\xfc\x6d\0\0\x02\0\0\0\x80\x05\0\0\x14\x6e\0\0\
\x45\0\0\0\xa0\x05\0\0\0\0\0\0\0\0\0\x03\0\0\0\0\x0f\0\0\0\x04\0\0\0\x04\0\0\0\
\0\0\0\0\0\0\0\x02\xc6\x04\0\0\0\0\0\0\0\0\0\x02\xbf\x04\0\0\0\0\0\0\0\0\0\x02\
\xc5\x04\0\0\0\0\0\0\0\0\0\x02\x09\x05\0\0\0\0\0\0\0\0\0\x02\xc0\x04\0\0\0\0\0\
\0\0\0\0\x02\x0a\x05\0\0\0\0\0\0\x03\0\0\x04\x10\0\0\0\x11\x23\0\0\x4b\0\0\0\0\
\0\0\0\x20\x14\0\0\xc8\0\0\0\x40\0\0\0\xf4\x34\0\0\x10\0\0\0\x60\0\0\0\0\0\0\0\
\0\0\0\x02\x0b\x05\0\0\x2e\x6e\0\0\x07\0\0\x04\xd0\0\0\0\x37\x6e\0\0\xbb\x01\0\
\0\0\0\0\0\x46\x6e\0\0\x47\x03\0\0\x40\0\0\0\x51\x6e\0\0\xcd\x01\0\0\x80\x03\0\
\0\x63\x6e\0\0\x51\x03\0\0\xc0\x03\0\0\x6e\x6e\0\0\x51\x03\0\0\0\x05\0\0\x79\
\x6e\0\0\x12\0\0\0\x40\x06\0\0\x8b\x6e\0\0\x12\0\0\0\x60\x06\0\0\0\0\0\0\0\0\0\
\x02\x33\x03\0\0\0\0\0\0\0\0\0\x0a\x34\x03\0\0\x9d\x6e\0\0\x04\0\0\x04\x20\0\0\
\0\xe9\x58\0\0\xc7\0\0\0\0\0\0\0\x19\0\0\0\x35\x03\0\0\x40\0\0\0\xa7\x6e\0\0\
\x36\x03\0\0\x80\0\0\0\xad\x6e\0\0\x46\x03\0\0\xc0\0\0\0\xb0\x6e\0\0\x03\0\0\
\x06\x04\0\0\0\xbc\x6e\0\0\0\0\0\0\xcc\x6e\0\0\x01\0\0\0\xdd\x6e\0\0\x02\0\0\0\
\0\0\0\0\0\0\0\x02\x37\x03\0\0\xed\x6e\0\0\0\0\0\x08\x38\x03\0\0\0\0\0\0\x08\0\
\0\x0d\0\0\0\0\0\0\0\0\x94\x01\0\0\0\0\0\0\x39\x03\0\0\0\0\0\0\x12\0\0\0\0\0\0\
\0\x3a\x03\0\0\0\0\0\0\x3c\x03\0\0\0\0\0\0\x3c\x03\0\0\0\0\0\0\x3e\x03\0\0\0\0\
\0\0\x63\0\0\0\xf6\x6e\0\0\0\0\0\x08\x45\0\0\0\0\0\0\0\0\0\0\x02\x3b\x03\0\0\0\
\0\0\0\0\0\0\x0a\x04\x02\0\0\0\0\0\0\0\0\0\x02\x3d\x03\0\0\0\0\0\0\0\0\0\x0a\
\x68\x02\0\0\0\0\0\0\0\0\0\x02\x3f\x03\0\0\0\0\0\0\0\0\0\x0a\x40\x03\0\0\xff\
\x6e\0\0\x02\0\0\x04\x10\0\0\0\x19\0\0\0\x39\x03\0\0\0\0\0\0\x0a\x6f\0\0\x41\
\x03\0\0\x20\0\0\0\0\0\0\0\x02\0\0\x05\x0c\0\0\0\x0c\x6f\0\0\x42\x03\0\0\0\0\0\
\0\x11\x6f\0\0\x45\x03\0\0\0\0\0\0\0\0\0\0\x04\0\0\x04\x0c\0\0\0\x15\x6f\0\0\
\x43\x03\0\0\0\0\0\0\x4a\x5a\0\0\x44\x03\0\0\x20\0\0\0\x1e\x6f\0\0\x44\x03\0\0\
\x30\0\0\0\xac\0\0\0\x44\x03\0\0\x40\0\0\0\x29\x6f\0\0\0\0\0\x08\x10\0\0\0\x33\
\x6f\0\0\0\0\0\x08\x25\0\0\0\0\0\0\0\x02\0\0\x04\x02\0\0\0\x14\x34\0\0\x39\x03\
\0\0\0\0\0\0\x3d\x6f\0\0\x39\x03\0\0\x08\0\0\0\0\0\0\0\0\0\0\x02\x8f\x04\0\0\0\
\0\0\0\0\0\0\x03\0\0\0\0\x32\x03\0\0\x04\0\0\0\x0d\0\0\0\x46\x6f\0\0\x02\0\0\
\x04\x08\0\0\0\x56\x6f\0\0\x25\0\0\0\0\0\0\0\x67\x6f\0\0\x50\x03\0\0\x40\0\0\0\
\x6d\x6f\0\0\x02\0\0\x04\x10\0\0\0\x7b\x6f\0\0\x4a\x03\0\0\0\0\0\0\x80\x6f\0\0\
\x1c\0\0\0\x40\0\0\0\0\0\0\0\0\0\0\x02\x4b\x03\0\0\x85\x6f\0\0\0\0\0\x08\x4c\
\x03\0\0\0\0\0\0\x03\0\0\x0d\x12\0\0\0\0\0\0\0\x1c\0\0\0\0\0\0\0\x03\x02\0\0\0\
\0\0\0\x4d\x03\0\0\0\0\0\0\0\0\0\x02\x4e\x03\0\0\0\0\0\0\0\0\0\x0a\x4f\x03\0\0\
\x8f\x6f\0\0\x07\0\0\x04\x30\0\0\0\x7b\x6f\0\0\x45\0\0\0\0\0\0\0\x9d\x6f\0\0\
\x45\0\0\0\x08\0\0\0\xa0\x6f\0\0\xcb\x01\0\0\x40\0\0\0\xa3\x6f\0\0\xcb\x01\0\0\
\x80\0\0\0\x96\x4d\0\0\xc8\x01\0\0\xc0\0\0\0\x78\x38\0\0\x94\x01\0\0\0\x01\0\0\
\xa7\x6f\0\0\x1b\x02\0\0\x40\x01\0\0\0\0\0\0\0\0\0\x03\0\0\0\0\x49\x03\0\0\x04\
\0\0\0\0\0\0\0\0\0\0\0\0\0\0\x03\0\0\0\0\x9d\x02\0\0\x04\0\0\0\x05\0\0\0\xac\
\x6f\0\0\x0b\0\0\x04\x88\0\0\0\xb5\x6f\0\0\x56\0\0\0\0\0\0\0\xca\x6f\0\0\x45\0\
\0\0\x08\0\0\0\xdd\x6f\0\0\x45\0\0\0\x10\0\0\0\xeb\x6f\0\0\x45\0\0\0\x18\0\0\0\
\xf7\x6f\0\0\x45\0\0\0\x20\0\0\0\x11\x70\0\0\x45\0\0\0\x28\0\0\0\x1f\x70\0\0\
\x45\0\0\0\x30\0\0\0\x2f\x70\0\0\x53\x03\0\0\x40\0\0\0\x3a\x70\0\0\x54\x03\0\0\
\x80\0\0\0\x3f\x70\0\0\x55\x03\0\0\xc0\0\0\0\x55\x70\0\0\x56\x03\0\0\0\x01\0\0\
\0\0\0\0\0\0\0\x02\x0c\x05\0\0\0\0\0\0\0\0\0\x02\x0d\x05\0\0\0\0\0\0\0\0\0\x02\
\x0e\x05\0\0\x61\x70\0\0\x06\0\0\x04\x68\0\0\0\x6b\x70\0\0\x57\x03\0\0\0\0\0\0\
\x73\x70\0\0\x58\x03\0\0\x20\0\0\0\x77\x70\0\0\x5a\x03\0\0\0\x02\0\0\x7b\x70\0\
\0\x5c\x03\0\0\x40\x02\0\0\x80\x70\0\0\x5c\x03\0\0\x60\x02\0\0\x87\x70\0\0\x5d\
\x03\0\0\x80\x02\0\0\x8b\x70\0\0\x01\0\0\x04\x04\0\0\0\xf5\x0d\0\0\x12\0\0\0\0\
\0\0\0\x9a\x70\0\0\x05\0\0\x04\x3c\0\0\0\xa5\x70\0\0\x59\x03\0\0\0\0\0\0\xae\
\x70\0\0\x45\0\0\0\xc0\x01\0\0\xb8\x70\0\0\x45\0\0\0\xc8\x01\0\0\xc7\x70\0\0\
\x45\0\0\0\xd0\x01\0\0\xd7\x70\0\0\x45\0\0\0\xd8\x01\0\0\0\0\0\0\0\0\0\x03\0\0\
\0\0\x12\0\0\0\x04\0\0\0\x0e\0\0\0\xee\x70\0\0\x01\0\0\x04\x08\0\0\0\xa5\x70\0\
\0\x5b\x03\0\0\0\0\0\0\0\0\0\0\0\0\0\x03\0\0\0\0\x12\0\0\0\x04\0\0\0\x02\0\0\0\
\xf9\x70\0\0\x01\0\0\x04\x04\0\0\0\xf5\x0d\0\0\x12\0\0\0\0\0\0\0\x05\x71\0\0\
\x02\0\0\x04\x18\0\0\0\x10\x71\0\0\x2f\0\0\0\0\0\0\0\xa5\x70\0\0\x5b\x03\0\0\
\x80\0\0\0\0\0\0\0\0\0\0\x02\x0f\x05\0\0\x1c\x71\0\0\x03\0\0\x04\x40\0\0\0\x26\
\x71\0\0\x6c\x03\0\0\0\0\0\0\x30\x71\0\0\x7c\x03\0\0\x80\0\0\0\x3e\x63\0\0\x7d\
\x03\0\0\0\x01\0\0\0\0\0\0\0\0\0\x02\x61\x03\0\0\x36\x71\0\0\x02\0\0\x04\x10\0\
\0\0\xb5\x16\0\0\x99\0\0\0\0\0\0\0\x45\x71\0\0\x6b\x03\0\0\x80\0\0\0\x4b\x71\0\
\0\x02\0\0\x04\x18\0\0\0\xb4\x1d\0\0\x34\x01\0\0\0\0\0\0\0\0\0\0\x63\x03\0\0\
\x40\0\0\0\0\0\0\0\x02\0\0\x05\x10\0\0\0\x5f\x71\0\0\x6a\x03\0\0\0\0\0\0\xb9\
\x1d\0\0\x31\0\0\0\0\0\0\0\0\0\0\0\0\0\0\x02\x65\x03\0\0\x6e\x71\0\0\x07\0\0\
\x04\x68\0\0\0\0\0\0\0\x66\x03\0\0\0\0\0\0\x81\x71\0\0\x68\x03\0\0\x40\0\0\0\
\xf5\x37\0\0\x69\x03\0\0\x80\0\0\0\x85\x71\0\0\x2f\0\0\0\0\x01\0\0\x8e\x71\0\0\
\x2f\0\0\0\x80\x01\0\0\xe6\x0e\0\0\x2d\0\0\0\0\x02\0\0\xb5\x16\0\0\x99\0\0\0\
\xc0\x02\0\0\0\0\0\0\x02\0\0\x05\x08\0\0\0\x96\x71\0\0\x67\x03\0\0\0\0\0\0\x9a\
\x71\0\0\x1c\0\0\0\0\0\0\0\0\0\0\0\0\0\0\x02\xe5\x04\0\0\0\0\0\0\0\0\0\x02\xe6\
\x04\0\0\xa5\x71\0\0\x02\0\0\x04\x10\0\0\0\xbc\x71\0\0\x32\0\0\0\0\0\0\0\xcc\
\x71\0\0\x11\0\0\0\x40\0\0\0\0\0\0\0\0\0\0\x03\0\0\0\0\x64\x03\0\0\x04\0\0\0\
\x02\0\0\0\0\0\0\0\0\0\0\x03\0\0\0\0\x62\x03\0\0\x04\0\0\0\0\0\0\0\0\0\0\0\0\0\
\0\x03\0\0\0\0\x60\x03\0\0\x04\0\0\0\x02\0\0\0\xd8\x71\0\0\x19\0\0\x84\x48\0\0\
\0\xe1\x71\0\0\x25\0\0\0\0\0\0\0\xe7\x71\0\0\x25\0\0\0\x10\0\0\x01\xed\x71\0\0\
\x25\0\0\0\x11\0\0\x01\xfb\x71\0\0\x25\0\0\0\x12\0\0\x01\x0a\x72\0\0\x25\0\0\0\
\x13\0\0\x01\x14\x72\0\0\x25\0\0\0\x14\0\0\x01\x1f\x72\0\0\x25\0\0\0\x15\0\0\
\x01\x27\x72\0\0\x25\0\0\0\x16\0\0\x01\x2f\x72\0\0\x25\0\0\0\x17\0\0\x01\x3f\
\x72\0\0\x25\0\0\0\x18\0\0\x01\x51\x72\0\0\x25\0\0\0\x19\0\0\x01\x6e\x72\0\0\
\x25\0\0\0\x1a\0\0\x01\x7d\x72\0\0\x25\0\0\0\x1b\0\0\x01\x19\0\0\0\x6e\x03\0\0\
\x20\0\0\0\x8e\x72\0\0\x6f\x03\0\0\x40\0\0\0\x63\x17\0\0\x10\0\0\0\x60\0\0\0\
\xa3\x72\0\0\x10\0\0\0\x80\0\0\0\xad\x72\0\0\x70\x03\0\0\xa0\0\0\0\x8e\x01\0\0\
\x71\x03\0\0\0\x01\0\0\xb1\x72\0\0\x89\0\0\0\x40\x01\0\0\xb8\x72\0\0\x72\x03\0\
\0\x80\x01\0\0\xc1\x72\0\0\x77\x03\0\0\xc0\x01\0\0\xc5\x72\0\0\x78\x03\0\0\0\
\x02\0\0\xcf\x72\0\0\x7a\x03\0\0\x40\x02\0\0\xd5\x72\0\0\x7b\x03\0\0\x40\x02\0\
\0\xdc\x72\0\0\x20\0\0\x06\x04\0\0\0\xea\x72\0\0\0\0\0\0\xff\x72\0\0\x01\0\0\0\
\x1b\x73\0\0\x02\0\0\0\x30\x73\0\0\x03\0\0\0\x48\x73\0\0\x04\0\0\0\x60\x73\0\0\
\x05\0\0\0\x79\x73\0\0\x06\0\0\0\x8b\x73\0\0\x07\0\0\0\xa4\x73\0\0\x08\0\0\0\
\xbd\x73\0\0\x09\0\0\0\xd7\x73\0\0\x0a\0\0\0\xec\x73\0\0\x0b\0\0\0\x02\x74\0\0\
\x0c\0\0\0\x19\x74\0\0\x0d\0\0\0\x30\x74\0\0\x0e\0\0\0\x45\x74\0\0\x0f\0\0\0\
\x61\x74\0\0\x10\0\0\0\x76\x74\0\0\x11\0\0\0\x93\x74\0\0\x12\0\0\0\xb2\x74\0\0\
\x13\0\0\0\xce\x74\0\0\x14\0\0\0\xe7\x74\0\0\x15\0\0\0\x02\x75\0\0\x16\0\0\0\
\x1f\x75\0\0\x17\0\0\0\x3b\x75\0\0\x18\0\0\0\x61\x75\0\0\x19\0\0\0\x7e\x75\0\0\
\x1a\0\0\0\x94\x75\0\0\x1b\0\0\0\xad\x75\0\0\x1c\0\0\0\xbf\x75\0\0\x1d\0\0\0\
\xd1\x75\0\0\x1e\0\0\0\xe9\x75\0\0\x1f\0\0\0\xff\x75\0\0\x2b\0\0\x06\x04\0\0\0\
\x0f\x76\0\0\0\0\0\0\x27\x76\0\0\x01\0\0\0\x3e\x76\0\0\x02\0\0\0\x5a\x76\0\0\
\x03\0\0\0\x6e\x76\0\0\x04\0\0\0\x87\x76\0\0\x05\0\0\0\xa1\x76\0\0\x06\0\0\0\
\xb3\x76\0\0\x07\0\0\0\xc6\x76\0\0\x08\0\0\0\xdc\x76\0\0\x09\0\0\0\xf2\x76\0\0\
\x0a\0\0\0\x0b\x77\0\0\x0b\0\0\0\x24\x77\0\0\x0c\0\0\0\x3f\x77\0\0\x0d\0\0\0\
\x5a\x77\0\0\x0e\0\0\0\x72\x77\0\0\x0f\0\0\0\x8a\x77\0\0\x10\0\0\0\x99\x77\0\0\
\x11\0\0\0\xac\x77\0\0\x12\0\0\0\xbe\x77\0\0\x13\0\0\0\xd6\x77\0\0\x14\0\0\0\
\xee\x77\0\0\x15\0\0\0\x04\x78\0\0\x16\0\0\0\x1a\x78\0\0\x17\0\0\0\x2b\x78\0\0\
\x18\0\0\0\x3c\x78\0\0\x19\0\0\0\x4c\x78\0\0\x1a\0\0\0\x5e\x78\0\0\x1b\0\0\0\
\x6a\x78\0\0\x1c\0\0\0\x79\x78\0\0\x1d\0\0\0\x96\x78\0\0\x1e\0\0\0\xb3\x78\0\0\
\x1f\0\0\0\xd0\x78\0\0\x20\0\0\0\xed\x78\0\0\x21\0\0\0\xfc\x78\0\0\x22\0\0\0\
\x19\x79\0\0\x23\0\0\0\x28\x79\0\0\x24\0\0\0\x36\x79\0\0\x25\0\0\0\x3e\x79\0\0\
\x26\0\0\0\x51\x79\0\0\x27\0\0\0\x69\x79\0\0\x28\0\0\0\x8c\x79\0\0\x29\0\0\0\
\x9b\x79\0\0\x2a\0\0\0\0\0\0\0\0\0\0\x03\0\0\0\0\x45\0\0\0\x04\0\0\0\x08\0\0\0\
\0\0\0\0\0\0\0\x02\xaf\x04\0\0\0\0\0\0\0\0\0\x02\x73\x03\0\0\0\0\0\0\x02\0\0\
\x0d\x12\0\0\0\0\0\0\0\xaa\x01\0\0\0\0\0\0\x74\x03\0\0\0\0\0\0\0\0\0\x02\x75\
\x03\0\0\0\0\0\0\0\0\0\x0a\x76\x03\0\0\xb1\x79\0\0\x05\0\0\x84\x08\0\0\0\xba\
\x79\0\0\x46\0\0\0\0\0\0\0\xbf\x79\0\0\x46\0\0\0\x08\0\0\x04\xc7\x79\0\0\x46\0\
\0\0\x0c\0\0\x04\xcf\x79\0\0\x82\x01\0\0\x10\0\0\0\xd3\x79\0\0\x07\x01\0\0\x20\
\0\0\0\0\0\0\0\0\0\0\x02\xb0\x04\0\0\0\0\0\0\0\0\0\x02\xb7\x04\0\0\xd7\x79\0\0\
\x04\0\0\x04\x08\0\0\0\xba\x79\0\0\x26\0\0\0\0\0\0\0\xe3\x79\0\0\x46\0\0\0\x10\
\0\0\0\xe6\x79\0\0\x46\0\0\0\x18\0\0\0\xe9\x79\0\0\x11\0\0\0\x20\0\0\0\0\0\0\0\
\0\0\0\x03\0\0\0\0\x79\x03\0\0\x04\0\0\0\0\0\0\0\0\0\0\0\0\0\0\x03\0\0\0\0\x76\
\x03\0\0\x04\0\0\0\0\0\0\0\0\0\0\0\0\0\0\x03\0\0\0\0\x34\x01\0\0\x04\0\0\0\x02\
\0\0\0\0\0\0\0\0\0\0\x03\0\0\0\0\x2f\0\0\0\x04\0\0\0\x02\0\0\0\xeb\x79\0\0\x20\
\0\0\x04\x40\x03\0\0\xf6\x79\0\0\x2f\0\0\0\0\0\0\0\0\x7a\0\0\x70\x01\0\0\x80\0\
\0\0\x0c\x7a\0\0\x70\x01\0\0\xc0\0\0\0\x18\x7a\0\0\x70\x01\0\0\0\x01\0\0\x24\
\x7a\0\0\x70\x01\0\0\x40\x01\0\0\x30\x7a\0\0\x12\0\0\0\x80\x01\0\0\x3c\x7a\0\0\
\x12\0\0\0\xa0\x01\0\0\x46\x7a\0\0\x89\x01\0\0\xc0\x01\0\0\x56\x7a\0\0\x2f\0\0\
\0\xc0\x02\0\0\x61\x7a\0\0\x70\x01\0\0\x40\x03\0\0\x6e\x7a\0\0\x12\0\0\0\x80\
\x03\0\0\x7f\x7a\0\0\x7f\x03\0\0\xc0\x03\0\0\x8e\x7a\0\0\x81\x03\0\0\x80\x04\0\
\0\x9b\x7a\0\0\x82\x03\0\0\0\x06\0\0\xa8\x7a\0\0\x89\x01\0\0\xc0\x06\0\0\xb9\
\x7a\0\0\x83\x03\0\0\xc0\x07\0\0\xc8\x7a\0\0\x2f\0\0\0\x40\x09\0\0\xd5\x7a\0\0\
\xc8\x01\0\0\xc0\x09\0\0\xda\x7a\0\0\xc8\x01\0\0\0\x0a\0\0\xe5\x7a\0\0\x10\0\0\
\0\x40\x0a\0\0\xf9\x7a\0\0\x10\0\0\0\x60\x0a\0\0\x0e\x7b\0\0\x02\0\0\0\x80\x0a\
\0\0\x21\x7b\0\0\x10\0\0\0\xa0\x0a\0\0\x34\x7b\0\0\x6d\x01\0\0\xc0\x0a\0\0\x72\
\x3a\0\0\xcd\x01\0\0\0\x0b\0\0\x43\x7b\0\0\xf8\x01\0\0\0\x0c\0\0\x51\x7b\0\0\
\xf8\x01\0\0\0\x12\0\0\x5f\x7b\0\0\xc8\0\0\0\0\x18\0\0\x6f\x7b\0\0\xd9\0\0\0\
\x20\x18\0\0\x8a\x7b\0\0\xd9\0\0\0\x40\x18\0\0\xa6\x7b\0\0\xc8\0\0\0\x60\x18\0\
\0\xb7\x7b\0\0\x9d\0\0\0\x80\x18\0\0\0\0\0\0\0\0\0\x03\0\0\0\0\x4b\0\0\0\x04\0\
\0\0\x03\0\0\0\xc6\x7b\0\0\x06\0\0\x04\x10\0\0\0\xd7\x7b\0\0\x70\x01\0\0\0\0\0\
\0\xdd\x7b\0\0\x12\0\0\0\x40\0\0\0\xe3\x7b\0\0\x45\0\0\0\x60\0\0\0\xea\x7b\0\0\
\x45\0\0\0\x68\0\0\0\xf1\x7b\0\0\x45\0\0\0\x70\0\0\0\xf8\x7b\0\0\x45\0\0\0\x78\
\0\0\0\0\0\0\0\0\0\0\x03\0\0\0\0\x80\x03\0\0\x04\0\0\0\x03\0\0\0\0\0\0\0\0\0\0\
\x03\0\0\0\0\x12\0\0\0\x04\0\0\0\x06\0\0\0\xff\x7b\0\0\x06\0\0\x04\x30\0\0\0\
\xf7\x14\0\0\x89\x01\0\0\0\0\0\0\x20\x14\0\0\xe8\x01\0\0\0\x01\0\0\x13\x7c\0\0\
\x45\0\0\0\x40\x01\0\0\x1a\x7c\0\0\x45\0\0\0\x48\x01\0\0\x21\x7c\0\0\x45\0\0\0\
\x50\x01\0\0\x28\x7c\0\0\x45\0\0\0\x58\x01\0\0\x84\x7c\0\0\x04\0\0\x04\xb0\x01\
\0\0\xe9\x58\0\0\x85\x03\0\0\0\0\0\0\x33\x16\0\0\xaf\0\0\0\x40\x0c\0\0\x3b\x16\
\0\0\xb0\0\0\0\x80\x0c\0\0\x68\x1d\0\0\x9c\x01\0\0\xc0\x0c\0\0\x92\x7c\0\0\x06\
\0\0\x04\x86\x01\0\0\x9e\x7c\0\0\x86\x03\0\0\0\0\0\0\xa6\x7c\0\0\x86\x03\0\0\
\x08\x02\0\0\x1a\x64\0\0\x86\x03\0\0\x10\x04\0\0\xaf\x7c\0\0\x86\x03\0\0\x18\
\x06\0\0\xb7\x7c\0\0\x86\x03\0\0\x20\x08\0\0\xbf\x7c\0\0\x86\x03\0\0\x28\x0a\0\
\0\0\0\0\0\0\0\0\x03\0\0\0\0\x65\0\0\0\x04\0\0\0\x41\0\0\0\xca\x7c\0\0\x12\0\0\
\x04\x68\x02\0\0\xd9\x7c\0\0\x88\x03\0\0\0\0\0\0\xe1\x7c\0\0\x88\x03\0\0\x40\
\x02\0\0\xe9\x7c\0\0\x88\x03\0\0\x80\x04\0\0\xc7\x04\0\0\xaf\0\0\0\xc0\x06\0\0\
\x14\x34\0\0\x02\0\0\0\0\x07\0\0\x1f\x15\0\0\xa2\0\0\0\x20\x07\0\0\x4a\x5a\0\0\
\xa6\0\0\0\x40\x07\0\0\x68\x1d\0\0\x9c\x01\0\0\x80\x07\0\0\xac\0\0\0\x0f\0\0\0\
\x40\x08\0\0\xf4\x7c\0\0\x56\0\0\0\x80\x08\0\0\x09\x7d\0\0\x2f\0\0\0\xc0\x08\0\
\0\x1b\x7d\0\0\xad\0\0\0\x40\x09\0\0\x31\x7d\0\0\x77\x01\0\0\x80\x09\0\0\xf7\
\x14\0\0\x89\x01\0\0\xc0\x0a\0\0\x36\x3a\0\0\xbc\x01\0\0\xc0\x0b\0\0\x1e\x39\0\
\0\xcd\x01\0\0\xc0\x0e\0\0\x3b\x16\0\0\xb0\0\0\0\0\x0f\0\0\x3d\x7d\0\0\x8e\x03\
\0\0\x40\x0f\0\0\x48\x7d\0\0\x02\0\0\x04\x48\0\0\0\x54\x7d\0\0\x10\0\0\0\0\0\0\
\0\0\0\0\0\x89\x03\0\0\x40\0\0\0\0\0\0\0\x02\0\0\x05\x40\0\0\0\x5f\x7d\0\0\x8b\
\x03\0\0\0\0\0\0\0\0\0\0\x8c\x03\0\0\0\0\0\0\x66\x7d\0\0\x03\0\0\x04\x0c\0\0\0\
\x53\x11\0\0\x10\0\0\0\0\0\0\0\x75\x7d\0\0\x10\0\0\0\x20\0\0\0\x30\x13\0\0\x10\
\0\0\0\x40\0\0\0\0\0\0\0\0\0\0\x03\0\0\0\0\x8a\x03\0\0\x04\0\0\0\x05\0\0\0\0\0\
\0\0\x02\0\0\x04\x10\0\0\0\x81\x7d\0\0\x8d\x03\0\0\0\0\0\0\x89\x7d\0\0\x8d\x03\
\0\0\x40\0\0\0\0\0\0\0\0\0\0\x02\x8a\x03\0\0\0\0\0\0\0\0\0\x03\0\0\0\0\x18\0\0\
\0\x04\0\0\0\x10\0\0\0\xdd\x7d\0\0\x1a\0\0\x84\xa0\x01\0\0\xea\x7d\0\0\x5c\0\0\
\0\0\0\0\0\xee\x7d\0\0\x0f\0\0\0\x40\0\0\0\x51\x03\0\0\x5a\0\0\0\x80\0\0\0\xee\
\x1a\0\0\x0f\0\0\0\xc0\0\0\0\xf8\x7d\0\0\x0f\0\0\0\0\x01\0\0\xff\x7d\0\0\x12\0\
\0\0\x40\x01\0\x01\x0b\x7e\0\0\x12\0\0\0\x41\x01\0\x01\x18\x7e\0\0\x12\0\0\0\
\x42\x01\0\x01\x23\x7e\0\0\x12\0\0\0\x43\x01\0\x01\x36\x7e\0\0\x69\0\0\0\x80\
\x01\0\0\x41\x7e\0\0\x69\0\0\0\xc0\x01\0\0\xaf\x2e\0\0\x69\0\0\0\0\x02\0\0\xf7\
\x05\0\0\x90\x03\0\0\x40\x02\0\0\x4d\x7e\0\0\x02\0\0\0\x80\x02\0\0\x54\x7e\0\0\
\x12\0\0\0\xa0\x02\0\0\x5e\x7e\0\0\x02\0\0\0\xc0\x02\0\0\x63\x7e\0\0\x02\0\0\0\
\xe0\x02\0\0\x68\x7e\0\0\x63\0\0\0\0\x03\0\0\x71\x7e\0\0\x63\0\0\0\x40\x03\0\0\
\x78\x7e\0\0\x63\0\0\0\x80\x03\0\0\x7f\x7e\0\0\x12\0\0\0\xc0\x03\0\0\x8c\x7e\0\
\0\x02\0\0\0\xe0\x03\0\0\x93\x7e\0\0\x0f\0\0\0\0\x04\0\0\x9a\x7e\0\0\x0f\0\0\0\
\x40\x04\0\0\x9f\x7e\0\0\x91\x03\0\0\x80\x04\0\0\x96\x71\0\0\x92\x03\0\0\0\x05\
\0\0\0\0\0\0\0\0\0\x02\xa1\0\0\0\xaa\x7e\0\0\x02\0\0\x04\x10\0\0\0\xb1\x7e\0\0\
\xc2\0\0\0\0\0\0\0\xba\x7e\0\0\xc2\0\0\0\x40\0\0\0\0\0\0\0\0\0\0\x03\0\0\0\0\
\x65\0\0\0\x04\0\0\0\0\x01\0\0\x09\x7f\0\0\x32\0\0\x04\x68\x02\0\0\x0f\x7f\0\0\
\xeb\x02\0\0\0\0\0\0\x16\x7f\0\0\x27\0\0\0\x10\0\0\0\x20\x7f\0\0\xa2\0\0\0\x20\
\0\0\0\x26\x7f\0\0\xa6\0\0\0\x40\0\0\0\x2c\x7f\0\0\x12\0\0\0\x60\0\0\0\x34\x7f\
\0\0\x94\x03\0\0\x80\0\0\0\x3a\x7f\0\0\x94\x03\0\0\xc0\0\0\0\x48\x7f\0\0\x95\
\x03\0\0\0\x01\0\0\x4d\x7f\0\0\x97\x03\0\0\x40\x01\0\0\x52\x7f\0\0\x71\x01\0\0\
\x80\x01\0\0\x5c\x7f\0\0\x1c\0\0\0\xc0\x01\0\0\x67\x7f\0\0\x0f\0\0\0\0\x02\0\0\
\0\0\0\0\x98\x03\0\0\x40\x02\0\0\x6d\x7f\0\0\xdc\x02\0\0\x60\x02\0\0\x74\x7f\0\
\0\x64\x01\0\0\x80\x02\0\0\x7b\x7f\0\0\x9a\x03\0\0\xc0\x02\0\0\x83\x7f\0\0\x9a\
\x03\0\0\x40\x03\0\0\x8b\x7f\0\0\x9a\x03\0\0\xc0\x03\0\0\x93\x7f\0\0\xc8\0\0\0\
\x40\x04\0\0\x9a\x7f\0\0\x27\0\0\0\x60\x04\0\0\xa2\x7f\0\0\x45\0\0\0\x70\x04\0\
\0\xac\x7f\0\0\x45\0\0\0\x78\x04\0\0\xb9\x7f\0\0\x9c\x03\0\0\x80\x04\0\0\xc2\
\x7f\0\0\x0f\0\0\0\xc0\x04\0\0\xca\x7f\0\0\x77\x01\0\0\0\x05\0\0\xd2\x7f\0\0\
\x0f\0\0\0\x40\x06\0\0\xdf\x7f\0\0\x0f\0\0\0\x80\x06\0\0\xf1\x7f\0\0\x85\0\0\0\
\xc0\x06\0\0\xf8\x7f\0\0\x2f\0\0\0\x40\x07\0\0\x02\x80\0\0\x2f\0\0\0\xc0\x07\0\
\0\x08\x80\0\0\x2f\0\0\0\x40\x08\0\0\x12\x80\0\0\x2f\0\0\0\xc0\x08\0\0\0\0\0\0\
\x9d\x03\0\0\x40\x09\0\0\x1c\x80\0\0\x6b\0\0\0\xc0\x09\0\0\x26\x80\0\0\x6b\0\0\
\0\0\x0a\0\0\x31\x80\0\0\x1f\0\0\0\x40\x0a\0\0\x39\x80\0\0\x1f\0\0\0\x60\x0a\0\
\0\x45\x80\0\0\x1f\0\0\0\x80\x0a\0\0\x52\x80\0\0\x1f\0\0\0\xa0\x0a\0\0\0\0\0\0\
\x9e\x03\0\0\xc0\x0a\0\0\x5e\x80\0\0\x1b\x04\0\0\0\x0b\0\0\x66\x80\0\0\xf4\x02\
\0\0\x40\x0b\0\0\x6d\x80\0\0\x2f\0\0\0\x40\x11\0\0\0\0\0\0\x1c\x04\0\0\xc0\x11\
\0\0\x77\x80\0\0\x11\0\0\0\0\x12\0\0\x84\x80\0\0\x11\0\0\0\x20\x12\0\0\x94\x80\
\0\0\x1e\x04\0\0\x40\x12\0\0\xa5\x80\0\0\x1f\x04\0\0\x80\x12\0\0\xb2\x80\0\0\
\x20\x04\0\0\xc0\x12\0\0\xc0\x80\0\0\x1c\0\0\0\0\x13\0\0\0\0\0\0\0\0\0\x02\x78\
\x04\0\0\0\0\0\0\0\0\0\x02\x96\x03\0\0\0\0\0\0\0\0\0\x0a\x79\x04\0\0\0\0\0\0\0\
\0\0\x02\x21\x04\0\0\0\0\0\0\x02\0\0\x05\x04\0\0\0\xca\x80\0\0\x99\x03\0\0\0\0\
\0\0\xd2\x80\0\0\x12\0\0\0\0\0\0\0\0\0\0\0\0\0\0\x0a\x12\0\0\0\xdc\x80\0\0\x02\
\0\0\x04\x10\0\0\0\xeb\x13\0\0\x9b\x03\0\0\0\0\0\0\xf2\x13\0\0\x18\0\0\0\x40\0\
\0\0\xe7\x80\0\0\0\0\0\x08\x3b\0\0\0\xf0\x80\0\0\0\0\0\x08\x31\0\0\0\0\0\0\0\
\x02\0\0\x05\x10\0\0\0\xf9\x80\0\0\x4b\0\0\0\0\0\0\0\x02\x81\0\0\x99\0\0\0\0\0\
\0\0\0\0\0\0\x02\0\0\x05\x08\0\0\0\x08\x81\0\0\x60\x01\0\0\0\0\0\0\x0e\x81\0\0\
\x19\x04\0\0\0\0\0\0\x19\x81\0\0\x20\0\0\x04\0\x01\0\0\x1f\x15\0\0\x46\x03\0\0\
\0\0\0\0\x29\x81\0\0\xa0\x03\0\0\x40\0\0\0\xe9\x69\0\0\xa2\x03\0\0\x80\0\0\0\
\xee\x69\0\0\xa5\x03\0\0\xc0\0\0\0\x30\x81\0\0\xa7\x03\0\0\0\x01\0\0\x3a\x81\0\
\0\xa7\x03\0\0\x40\x01\0\0\x45\x81\0\0\xbb\x03\0\0\x80\x01\0\0\x4c\x81\0\0\xbd\
\x03\0\0\xc0\x01\0\0\x54\x81\0\0\xbd\x03\0\0\0\x02\0\0\x53\x13\0\0\xc4\x03\0\0\
\x40\x02\0\0\x63\x81\0\0\xcd\x03\0\0\x80\x02\0\0\x72\x81\0\0\xcd\x03\0\0\xc0\
\x02\0\0\x0a\x1f\0\0\xcf\x03\0\0\0\x03\0\0\x7f\x81\0\0\x0f\0\0\0\x40\x03\0\0\
\x94\x81\0\0\xd1\x03\0\0\x80\x03\0\0\x99\x81\0\0\xd3\x03\0\0\xc0\x03\0\0\x1a\
\x64\0\0\xd1\x03\0\0\0\x04\0\0\x9f\x81\0\0\xd6\x03\0\0\x40\x04\0\0\xa3\x1c\0\0\
\xd8\x03\0\0\x80\x04\0\0\x20\x14\0\0\xda\x03\0\0\xc0\x04\0\0\xa5\x81\0\0\xea\
\x03\0\0\0\x05\0\0\x5c\x2c\0\0\x58\x01\0\0\x40\x05\0\0\xae\x81\0\0\xff\x03\0\0\
\x80\x05\0\0\xba\x81\0\0\xda\x03\0\0\xc0\x05\0\0\xc0\x81\0\0\x01\x04\0\0\0\x06\
\0\0\xcd\x81\0\0\x05\x04\0\0\x40\x06\0\0\xd9\x81\0\0\x07\x04\0\0\x80\x06\0\0\
\xe2\x81\0\0\x0b\x04\0\0\xc0\x06\0\0\xec\x81\0\0\x0d\x04\0\0\0\x07\0\0\xf8\x81\
\0\0\x15\x04\0\0\x40\x07\0\0\x08\x82\0\0\x17\x04\0\0\x80\x07\0\0\x19\x82\0\0\
\xd6\x03\0\0\xc0\x07\0\0\0\0\0\0\0\0\0\x02\xa1\x03\0\0\0\0\0\0\x03\0\0\x0d\x64\
\x01\0\0\0\0\0\0\x69\0\0\0\0\0\0\0\x64\x01\0\0\0\0\0\0\x02\0\0\0\0\0\0\0\0\0\0\
\x02\xa3\x03\0\0\0\0\0\0\x04\0\0\x0d\xf9\x02\0\0\0\0\0\0\x69\0\0\0\0\0\0\0\xc7\
\0\0\0\0\0\0\0\xc0\0\0\0\0\0\0\0\xa4\x03\0\0\0\0\0\0\0\0\0\x02\x64\x01\0\0\0\0\
\0\0\0\0\0\x02\xa6\x03\0\0\0\0\0\0\x04\0\0\x0d\xf9\x02\0\0\0\0\0\0\x69\0\0\0\0\
\0\0\0\x63\0\0\0\0\0\0\0\xc0\0\0\0\0\0\0\0\xa4\x03\0\0\0\0\0\0\0\0\0\x02\xa8\
\x03\0\0\0\0\0\0\x02\0\0\x0d\xf9\x02\0\0\0\0\0\0\xa9\x03\0\0\0\0\0\0\xaf\x03\0\
\0\0\0\0\0\0\0\0\x02\xaa\x03\0\0\x21\x82\0\0\x08\0\0\x04\x30\0\0\0\x27\x82\0\0\
\x69\0\0\0\0\0\0\0\x2f\x82\0\0\x64\x01\0\0\x40\0\0\0\x36\x82\0\0\xab\x03\0\0\
\x80\0\0\0\xd0\x24\0\0\x1c\0\0\0\xc0\0\0\0\x42\x82\0\0\x02\0\0\0\0\x01\0\0\x4b\
\x82\0\0\x25\0\0\0\x20\x01\0\0\x53\x82\0\0\x25\0\0\0\x30\x01\0\0\0\0\0\0\xad\
\x03\0\0\x40\x01\0\0\0\0\0\0\0\0\0\x02\xac\x03\0\0\0\0\0\0\x03\0\0\x0d\0\0\0\0\
\0\0\0\0\xa9\x03\0\0\0\0\0\0\x18\0\0\0\0\0\0\0\x18\0\0\0\0\0\0\0\x02\0\0\x05\
\x08\0\0\0\x5d\x82\0\0\x12\0\0\0\0\0\0\0\x67\x82\0\0\xae\x03\0\0\0\0\0\0\0\0\0\
\0\0\0\0\x02\x83\x04\0\0\0\0\0\0\0\0\0\x02\xb0\x03\0\0\x70\x82\0\0\x07\0\0\x04\
\x28\0\0\0\x79\x82\0\0\x45\0\0\0\0\0\0\0\x83\x82\0\0\x56\0\0\0\x08\0\0\0\x8b\
\x82\0\0\x56\0\0\0\x10\0\0\0\x97\x82\0\0\xc0\0\0\0\x40\0\0\0\x30\x13\0\0\xc0\0\
\0\0\x80\0\0\0\0\0\0\0\xb1\x03\0\0\xc0\0\0\0\0\0\0\0\xb9\x03\0\0\0\x01\0\0\0\0\
\0\0\x05\0\0\x05\x08\0\0\0\xa2\x82\0\0\xb2\x03\0\0\0\0\0\0\xa6\x82\0\0\xb4\x03\
\0\0\0\0\0\0\xab\x82\0\0\xb6\x03\0\0\0\0\0\0\x4d\x34\0\0\xb8\x03\0\0\0\0\0\0\
\xb0\x82\0\0\xec\0\0\0\0\0\0\0\0\0\0\0\0\0\0\x02\xb3\x03\0\0\0\0\0\0\0\0\0\x0a\
\x84\x04\0\0\0\0\0\0\0\0\0\x02\xb5\x03\0\0\0\0\0\0\0\0\0\x0a\x85\x04\0\0\0\0\0\
\0\0\0\0\x02\xb7\x03\0\0\0\0\0\0\0\0\0\x0a\x86\x04\0\0\0\0\0\0\0\0\0\x02\x99\
\x01\0\0\0\0\0\0\x03\0\0\x05\x08\0\0\0\xb5\x82\0\0\x0f\0\0\0\0\0\0\0\0\0\0\0\
\xba\x03\0\0\0\0\0\0\xbd\x82\0\0\x64\x01\0\0\0\0\0\0\0\0\0\0\x02\0\0\x04\x08\0\
\0\0\x11\x23\0\0\x12\0\0\0\0\0\0\0\xca\x82\0\0\x12\0\0\0\x20\0\0\0\0\0\0\0\0\0\
\0\x02\xbc\x03\0\0\0\0\0\0\x02\0\0\x0d\x02\0\0\0\0\0\0\0\xa9\x03\0\0\0\0\0\0\
\x56\0\0\0\0\0\0\0\0\0\0\x02\xbe\x03\0\0\0\0\0\0\x02\0\0\x0d\x02\0\0\0\0\0\0\0\
\x69\0\0\0\0\0\0\0\xbf\x03\0\0\0\0\0\0\0\0\0\x02\xc0\x03\0\0\xd5\x82\0\0\x02\0\
\0\x04\x10\0\0\0\xe1\x82\0\0\xc1\x03\0\0\0\0\0\0\x1e\x56\0\0\x64\x01\0\0\x40\0\
\0\0\xe7\x82\0\0\0\0\0\x08\xc2\x03\0\0\0\0\0\0\0\0\0\x02\xc3\x03\0\0\0\0\0\0\
\x06\0\0\x0d\x02\0\0\0\0\0\0\0\xbf\x03\0\0\0\0\0\0\x63\0\0\0\0\0\0\0\x02\0\0\0\
\0\0\0\0\x64\x01\0\0\0\0\0\0\x31\0\0\0\0\0\0\0\x12\0\0\0\0\0\0\0\0\0\0\x02\xc5\
\x03\0\0\0\0\0\0\x02\0\0\x0d\xc6\x03\0\0\0\0\0\0\x69\0\0\0\0\0\0\0\xc7\x03\0\0\
\xf1\x82\0\0\0\0\0\x08\x12\0\0\0\0\0\0\0\0\0\0\x02\xc8\x03\0\0\xfa\x82\0\0\x02\
\0\0\x04\x10\0\0\0\x0c\x83\0\0\xc9\x03\0\0\0\0\0\0\x13\x83\0\0\xc6\x03\0\0\x40\
\0\0\0\x18\x83\0\0\0\0\0\x08\xca\x03\0\0\0\0\0\0\0\0\0\x02\xcb\x03\0\0\0\0\0\0\
\x03\0\0\x0d\0\0\0\0\0\0\0\0\x69\0\0\0\0\0\0\0\xcc\x03\0\0\0\0\0\0\xc7\x03\0\0\
\0\0\0\0\0\0\0\x02\x16\x01\0\0\0\0\0\0\0\0\0\x02\xce\x03\0\0\0\0\0\0\x03\0\0\
\x0d\x18\0\0\0\0\0\0\0\x69\0\0\0\0\0\0\0\x12\0\0\0\0\0\0\0\x0f\0\0\0\0\0\0\0\0\
\0\0\x02\xd0\x03\0\0\0\0\0\0\x02\0\0\x0d\x02\0\0\0\0\0\0\0\x69\0\0\0\0\0\0\0\
\x5c\0\0\0\0\0\0\0\0\0\0\x02\xd2\x03\0\0\0\0\0\0\x02\0\0\x0d\x02\0\0\0\0\0\0\0\
\x5f\x01\0\0\0\0\0\0\x69\0\0\0\0\0\0\0\0\0\0\x02\xd4\x03\0\0\0\0\0\0\x02\0\0\
\x0d\x02\0\0\0\0\0\0\0\x69\0\0\0\0\0\0\0\xd5\x03\0\0\x28\x83\0\0\0\0\0\x08\x1c\
\0\0\0\0\0\0\0\0\0\0\x02\xd7\x03\0\0\0\0\0\0\x04\0\0\x0d\x02\0\0\0\0\0\0\0\x69\
\0\0\0\0\0\0\0\x64\x01\0\0\0\0\0\0\x64\x01\0\0\0\0\0\0\x02\0\0\0\0\0\0\0\0\0\0\
\x02\xd9\x03\0\0\0\0\0\0\x03\0\0\x0d\x02\0\0\0\0\0\0\0\x02\0\0\0\0\0\0\0\x69\0\
\0\0\0\0\0\0\x02\0\0\0\0\0\0\0\0\0\0\x02\xdb\x03\0\0\0\0\0\0\x03\0\0\x0d\x02\0\
\0\0\0\0\0\0\x69\0\0\0\0\0\0\0\x02\0\0\0\0\0\0\0\xdc\x03\0\0\0\0\0\0\0\0\0\x02\
\xdd\x03\0\0\x33\x83\0\0\x14\0\0\x04\xd8\0\0\0\x3d\x83\0\0\xdc\x03\0\0\0\0\0\0\
\x48\x83\0\0\x2f\0\0\0\x40\0\0\0\x50\x83\0\0\x85\0\0\0\xc0\0\0\0\x58\x83\0\0\
\x2f\0\0\0\x40\x01\0\0\x6c\x83\0\0\x2f\0\0\0\xc0\x01\0\0\x7e\x83\0\0\xd5\x03\0\
\0\x40\x02\0\0\x87\x83\0\0\x12\0\0\0\x80\x02\0\0\x90\x83\0\0\x47\0\0\0\xa0\x02\
\0\0\x98\x83\0\0\x12\0\0\0\xc0\x02\0\0\x9f\x83\0\0\x02\0\0\0\xe0\x02\0\0\xab\
\x83\0\0\x16\x01\0\0\0\x03\0\0\xb3\x83\0\0\x69\0\0\0\xc0\x03\0\0\xbb\x83\0\0\
\x64\x01\0\0\0\x04\0\0\xc4\x83\0\0\x64\x01\0\0\x40\x04\0\0\xcb\x83\0\0\x18\x01\
\0\0\x80\x04\0\0\xd5\x83\0\0\x0f\0\0\0\xc0\x04\0\0\xe3\x83\0\0\x0f\0\0\0\0\x05\
\0\0\xf5\x83\0\0\xde\x03\0\0\x40\x05\0\0\xfc\x83\0\0\xe0\x03\0\0\x80\x05\0\0\
\x05\x84\0\0\xe2\x03\0\0\xc0\x05\0\0\0\0\0\0\0\0\0\x02\xdf\x03\0\0\0\0\0\0\0\0\
\0\x0a\xdc\x04\0\0\0\0\0\0\0\0\0\x02\xe1\x03\0\0\0\0\0\0\0\0\0\x0a\xdd\x04\0\0\
\0\0\0\0\x03\0\0\x05\x20\0\0\0\x0a\x84\0\0\xe3\x03\0\0\0\0\0\0\x11\x84\0\0\xe6\
\x03\0\0\0\0\0\0\x19\x84\0\0\xe9\x03\0\0\0\0\0\0\x1d\x84\0\0\x03\0\0\x04\x20\0\
\0\0\x06\x0f\0\0\x10\0\0\0\0\0\0\0\x1f\x15\0\0\xe4\x03\0\0\x40\0\0\0\xf7\x16\0\
\0\x2f\0\0\0\x80\0\0\0\0\0\0\0\0\0\0\x02\xe5\x03\0\0\x2b\x84\0\0\0\0\0\x07\0\0\
\0\0\x39\x84\0\0\x01\0\0\x04\x08\0\0\0\x1f\x15\0\0\xe7\x03\0\0\0\0\0\0\0\0\0\0\
\0\0\0\x02\xe8\x03\0\0\x48\x84\0\0\0\0\0\x07\0\0\0\0\0\0\0\0\x03\0\0\x04\x18\0\
\0\0\xd1\x6a\0\0\x2f\0\0\0\0\0\0\0\x06\x0f\0\0\x02\0\0\0\x80\0\0\0\x58\x84\0\0\
\x12\0\0\0\xa0\0\0\0\0\0\0\0\0\0\0\x02\xeb\x03\0\0\0\0\0\0\x06\0\0\x0d\xf9\x02\
\0\0\0\0\0\0\x69\0\0\0\0\0\0\0\xee\0\0\0\0\0\0\0\x02\0\0\0\0\0\0\0\xc0\0\0\0\0\
\0\0\0\xa4\x03\0\0\0\0\0\0\x02\0\0\0\x01\x1a\0\0\x04\0\0\x04\x40\0\0\0\xac\0\0\
\0\x0f\0\0\0\0\0\0\0\0\0\0\0\xed\x03\0\0\x40\0\0\0\0\0\0\0\xfe\x03\0\0\x80\x01\
\0\0\x61\x84\0\0\x1f\0\0\0\xa0\x01\0\0\0\0\0\0\x08\0\0\x05\x28\0\0\0\0\0\0\0\
\xee\x03\0\0\0\0\0\0\0\0\0\0\xef\x03\0\0\0\0\0\0\0\0\0\0\xf2\x03\0\0\0\0\0\0\0\
\0\0\0\xf7\x03\0\0\0\0\0\0\0\0\0\0\xf8\x03\0\0\0\0\0\0\0\0\0\0\xf9\x03\0\0\0\0\
\0\0\0\0\0\0\xfc\x03\0\0\0\0\0\0\x0c\x15\0\0\x99\0\0\0\0\0\0\0\0\0\0\0\x04\0\0\
\x04\x28\0\0\0\x6b\x84\0\0\x2f\0\0\0\0\0\0\0\x6f\x84\0\0\x71\x01\0\0\x80\0\0\0\
\x91\x19\0\0\x0f\0\0\0\xc0\0\0\0\xd0\x24\0\0\x0f\0\0\0\0\x01\0\0\0\0\0\0\x05\0\
\0\x04\x28\0\0\0\x77\x84\0\0\x0f\0\0\0\0\0\0\0\x80\x84\0\0\xf0\x03\0\0\x40\0\0\
\0\x83\x84\0\0\x0f\0\0\0\x80\0\0\0\x93\x84\0\0\x0f\0\0\0\xc0\0\0\0\0\0\0\0\xf1\
\x03\0\0\0\x01\0\0\0\0\0\0\0\0\0\x02\x1f\x05\0\0\0\0\0\0\x02\0\0\x05\x08\0\0\0\
\x9c\x84\0\0\x0f\0\0\0\0\0\0\0\xab\x84\0\0\x6a\0\0\0\0\0\0\0\0\0\0\0\x04\0\0\
\x04\x28\0\0\0\0\0\0\0\xf3\x03\0\0\0\0\0\0\xb9\x84\0\0\x9b\x01\0\0\x80\0\0\0\
\xc4\x84\0\0\x1c\0\0\0\xc0\0\0\0\0\0\0\0\xf5\x03\0\0\0\x01\0\0\0\0\0\0\x02\0\0\
\x05\x10\0\0\0\xcd\x84\0\0\x2f\0\0\0\0\0\0\0\0\0\0\0\xf4\x03\0\0\0\0\0\0\0\0\0\
\0\x03\0\0\x04\x10\0\0\0\x2d\x0c\0\0\xee\0\0\0\0\0\0\0\xe1\x71\0\0\x02\0\0\0\
\x40\0\0\0\xd7\x84\0\0\x02\0\0\0\x60\0\0\0\0\0\0\0\x03\0\0\x05\x08\0\0\0\xe0\
\x84\0\0\x1c\0\0\0\0\0\0\0\x78\x6b\0\0\x0f\0\0\0\0\0\0\0\0\0\0\0\xf6\x03\0\0\0\
\0\0\0\0\0\0\0\x03\0\0\x84\x04\0\0\0\xe6\x84\0\0\x12\0\0\0\0\0\0\x10\xec\x84\0\
\0\x12\0\0\0\x10\0\0\x0f\x5f\x04\0\0\x12\0\0\0\x1f\0\0\x01\0\0\0\0\x05\0\0\x04\
\x18\0\0\0\xf4\x84\0\0\x0f\0\0\0\0\0\0\0\x02\x85\0\0\x47\0\0\0\x40\0\0\0\x10\
\x85\0\0\x47\0\0\0\x48\0\0\0\x1f\x85\0\0\x1f\0\0\0\x60\0\0\0\x31\x85\0\0\x12\0\
\0\0\x80\0\0\0\0\0\0\0\x03\0\0\x04\x20\0\0\0\x3d\x85\0\0\x0f\0\0\0\0\0\0\0\x4d\
\x85\0\0\x1f\0\0\0\x40\0\0\0\x63\x85\0\0\x2f\0\0\0\x80\0\0\0\0\0\0\0\x05\0\0\
\x04\x28\0\0\0\x71\x85\0\0\x0f\0\0\0\0\0\0\0\x7b\x85\0\0\xfa\x03\0\0\x40\0\0\0\
\x88\x85\0\0\x0f\0\0\0\x80\0\0\0\0\0\0\0\xfb\x03\0\0\xc0\0\0\0\x92\x85\0\0\xc8\
\0\0\0\0\x01\0\0\x96\x85\0\0\0\0\0\x08\xee\0\0\0\0\0\0\0\x02\0\0\x05\x08\0\0\0\
\xa0\x85\0\0\x5a\0\0\0\0\0\0\0\xa6\x85\0\0\x1f\0\0\0\0\0\0\0\0\0\0\0\x02\0\0\
\x04\x10\0\0\0\xb7\x85\0\0\xfd\x03\0\0\0\0\0\0\xbd\x85\0\0\x1c\0\0\0\x40\0\0\0\
\0\0\0\0\0\0\0\x02\x20\x05\0\0\0\0\0\0\x04\0\0\x05\x04\0\0\0\xce\x85\0\0\x1f\0\
\0\0\0\0\0\0\xd8\x85\0\0\x12\0\0\0\0\0\0\0\xb1\x72\0\0\x12\0\0\0\0\0\0\0\xe2\
\x85\0\0\x02\0\0\0\0\0\0\0\0\0\0\0\0\0\0\x02\0\x04\0\0\0\0\0\0\x01\0\0\x0d\x02\
\0\0\0\0\0\0\0\x02\0\0\0\0\0\0\0\0\0\0\x02\x02\x04\0\0\0\0\0\0\x05\0\0\x0d\xf9\
\x02\0\0\0\0\0\0\xec\0\0\0\0\0\0\0\x69\0\0\0\0\0\0\0\xa4\x03\0\0\0\0\0\0\xc0\0\
\0\0\0\0\0\0\x12\0\0\0\xe8\x85\0\0\x13\0\0\x04\xa8\0\0\0\xfc\x14\0\0\x9d\0\0\0\
\0\0\0\0\xf8\x85\0\0\x16\x01\0\0\0\x01\0\0\0\x86\0\0\x16\x01\0\0\xc0\x01\0\0\
\x11\x23\0\0\x12\0\0\0\x80\x02\0\0\x7a\x14\0\0\x12\0\0\0\xa0\x02\0\0\x08\x86\0\
\0\x12\0\0\0\xc0\x02\0\0\x12\x86\0\0\x12\0\0\0\xe0\x02\0\0\x1c\x86\0\0\x12\0\0\
\0\0\x03\0\0\x29\x86\0\0\x12\0\0\0\x20\x03\0\0\x31\x86\0\0\x12\0\0\0\x40\x03\0\
\0\x56\x06\0\0\x12\0\0\0\x60\x03\0\0\x39\x86\0\0\x12\0\0\0\x80\x03\0\0\x43\x86\
\0\0\x12\0\0\0\xa0\x03\0\0\x4d\x86\0\0\x56\0\0\0\xc0\x03\0\0\x58\x86\0\0\xee\0\
\0\0\0\x04\0\0\x61\x86\0\0\x18\x01\0\0\x40\x04\0\0\x70\x86\0\0\x18\x01\0\0\x80\
\x04\0\0\x7f\x86\0\0\x04\x04\0\0\xc0\x04\0\0\x2e\x16\0\0\xae\0\0\0\0\x05\0\0\0\
\0\0\0\0\0\0\x02\x88\x04\0\0\0\0\0\0\0\0\0\x02\x06\x04\0\0\0\0\0\0\x05\0\0\x0d\
\xf9\x02\0\0\0\0\0\0\x69\0\0\0\0\0\0\0\xa4\x03\0\0\0\0\0\0\xec\0\0\0\0\0\0\0\
\xc0\0\0\0\0\0\0\0\x12\0\0\0\0\0\0\0\0\0\0\x02\x08\x04\0\0\0\0\0\0\x04\0\0\x0d\
\x02\0\0\0\0\0\0\0\x69\0\0\0\0\0\0\0\x18\0\0\0\0\0\0\0\x09\x04\0\0\0\0\0\0\x0a\
\x04\0\0\0\0\0\0\0\0\0\x02\xdc\x03\0\0\0\0\0\0\0\0\0\x02\x1c\0\0\0\0\0\0\0\0\0\
\0\x02\x0c\x04\0\0\0\0\0\0\x04\0\0\x0d\x18\0\0\0\0\0\0\0\x69\0\0\0\0\0\0\0\x02\
\0\0\0\0\0\0\0\x64\x01\0\0\0\0\0\0\x64\x01\0\0\0\0\0\0\0\0\0\x02\x0e\x04\0\0\0\
\0\0\0\x02\0\0\x0d\0\0\0\0\0\0\0\0\x0f\x04\0\0\0\0\0\0\x69\0\0\0\0\0\0\0\0\0\0\
\x02\x10\x04\0\0\x84\x86\0\0\x0c\0\0\x04\x78\0\0\0\x96\x71\0\0\xc7\0\0\0\0\0\0\
\0\x06\x1a\0\0\xc0\0\0\0\x40\0\0\0\x8d\x86\0\0\xc0\0\0\0\x80\0\0\0\x30\x13\0\0\
\xc0\0\0\0\xc0\0\0\0\x92\x86\0\0\xc0\0\0\0\0\x01\0\0\x91\x19\0\0\x64\x01\0\0\
\x40\x01\0\0\x9c\x86\0\0\x64\x01\0\0\x80\x01\0\0\x20\x14\0\0\x9d\0\0\0\xc0\x01\
\0\0\xa5\x86\0\0\x11\x04\0\0\xc0\x02\0\0\xa8\x86\0\0\x02\0\0\0\0\x03\0\0\xaf\
\x2e\0\0\x13\x04\0\0\x40\x03\0\0\xd0\x24\0\0\x1c\0\0\0\x80\x03\0\0\0\0\0\0\0\0\
\0\x02\x12\x04\0\0\0\0\0\0\0\0\0\x0a\x73\x04\0\0\0\0\0\0\0\0\0\x02\x14\x04\0\0\
\0\0\0\0\0\0\0\x0a\x5a\x01\0\0\0\0\0\0\0\0\0\x02\x16\x04\0\0\0\0\0\0\x06\0\0\
\x0d\xf9\x02\0\0\0\0\0\0\x69\0\0\0\0\0\0\0\x64\x01\0\0\0\0\0\0\x69\0\0\0\0\0\0\
\0\x64\x01\0\0\0\0\0\0\xc0\0\0\0\0\0\0\0\x12\0\0\0\0\0\0\0\0\0\0\x02\x18\x04\0\
\0\0\0\0\0\x06\0\0\x0d\x64\x01\0\0\0\0\0\0\x69\0\0\0\0\0\0\0\x64\x01\0\0\0\0\0\
\0\x69\0\0\0\0\0\0\0\x64\x01\0\0\0\0\0\0\x64\x01\0\0\0\0\0\0\x12\0\0\0\0\0\0\0\
\0\0\0\x02\x1a\x04\0\0\0\0\0\0\x01\0\0\x0d\0\0\0\0\0\0\0\0\x5f\x01\0\0\0\0\0\0\
\0\0\0\x02\x24\x05\0\0\0\0\0\0\x04\0\0\x05\x08\0\0\0\xb3\x86\0\0\xec\0\0\0\0\0\
\0\0\xba\x86\0\0\x1d\x04\0\0\0\0\0\0\xc1\x86\0\0\xc7\0\0\0\0\0\0\0\xc8\x86\0\0\
\x12\0\0\0\0\0\0\0\0\0\0\0\0\0\0\x02\xdb\x04\0\0\0\0\0\0\0\0\0\x02\x74\x04\0\0\
\0\0\0\0\0\0\0\x02\x25\x05\0\0\0\0\0\0\0\0\0\x02\xd4\x04\0\0\x58\x89\0\0\x41\0\
\0\x04\x80\x05\0\0\x64\x89\0\0\x2f\0\0\0\0\0\0\0\x6b\x89\0\0\xdc\x02\0\0\x80\0\
\0\0\x71\x89\0\0\x47\0\0\0\xa0\0\0\0\x82\x89\0\0\x0f\0\0\0\xc0\0\0\0\x8e\x89\0\
\0\x64\x01\0\0\0\x01\0\0\x99\x89\0\0\x22\x04\0\0\x40\x01\0\0\xa0\x89\0\0\x23\
\x04\0\0\x80\x01\0\0\xa5\x89\0\0\x25\x04\0\0\xc0\x01\0\0\xab\x89\0\0\x27\x04\0\
\0\0\x02\0\0\xb2\x89\0\0\x29\x04\0\0\x40\x02\0\0\xbe\x89\0\0\x0f\0\0\0\x80\x02\
\0\0\xc6\x89\0\0\x0f\0\0\0\xc0\x02\0\0\xcf\x89\0\0\x0f\0\0\0\0\x03\0\0\xd7\x89\
\0\0\x5e\x01\0\0\x40\x03\0\0\xde\x89\0\0\x77\x01\0\0\x80\x03\0\0\xe7\x89\0\0\
\x02\0\0\0\xc0\x04\0\0\xef\x89\0\0\x1f\0\0\0\xe0\x04\0\0\xf8\x89\0\0\x1c\0\0\0\
\0\x05\0\0\x03\x8a\0\0\x2b\x04\0\0\x40\x05\0\0\x0b\x8a\0\0\x2e\x04\0\0\x80\x05\
\0\0\x11\x8a\0\0\x30\x04\0\0\xc0\x05\0\0\x1f\x8a\0\0\x31\x04\0\0\0\x06\0\0\x25\
\x8a\0\0\x33\x04\0\0\x40\x06\0\0\x30\x8a\0\0\x26\0\0\0\x80\x06\0\0\x41\x8a\0\0\
\x34\x04\0\0\xc0\x06\0\0\x49\x8a\0\0\x2f\0\0\0\0\x07\0\0\x52\x8a\0\0\x36\x04\0\
\0\x80\x07\0\0\x59\x8a\0\0\xd1\0\0\0\xc0\x07\0\0\x5f\x8a\0\0\x37\x04\0\0\0\x08\
\0\0\x65\x8a\0\0\x85\0\0\0\x40\x08\0\0\x71\x8a\0\0\x12\0\0\0\xc0\x08\0\0\x7f\
\x8a\0\0\x39\x04\0\0\0\x09\0\0\x87\x8a\0\0\x53\x04\0\0\xc0\x12\0\0\x91\x8a\0\0\
\x1c\0\0\0\xc0\x1c\0\0\x9b\x8a\0\0\x10\0\0\0\0\x1d\0\0\xa7\x8a\0\0\x9b\x03\0\0\
\x40\x1d\0\0\xb2\x8a\0\0\x9b\x03\0\0\x80\x1d\0\0\xbd\x8a\0\0\x11\0\0\0\xc0\x1d\
\0\0\xcd\x8a\0\0\x1e\x04\0\0\0\x1e\0\0\xde\x8a\0\0\x59\x04\0\0\x40\x1e\0\0\xe3\
\x8a\0\0\x5a\x04\0\0\x40\x1f\0\0\xea\x8a\0\0\x12\0\0\0\xc0\x1f\0\0\xf6\x8a\0\0\
\x63\x01\0\0\xe0\x1f\0\0\xfd\x8a\0\0\x9d\0\0\0\0\x20\0\0\x10\x8b\0\0\x63\0\0\0\
\0\x21\0\0\x1a\x8b\0\0\x5c\x04\0\0\x40\x21\0\0\x21\x8b\0\0\x02\0\0\0\x80\x21\0\
\0\x33\x8b\0\0\x5e\x04\0\0\xc0\x21\0\0\x3c\x8b\0\0\x6a\0\0\0\x80\x23\0\0\x4b\
\x8b\0\0\x6a\0\0\0\xc0\x23\0\0\x61\x8b\0\0\x02\0\0\0\0\x24\0\0\x74\x8b\0\0\x72\
\x01\0\0\x20\x24\0\0\x7d\x8b\0\0\x65\x04\0\0\x40\x24\0\0\x8b\x8b\0\0\x4b\0\0\0\
\x80\x24\0\0\x92\x8b\0\0\xaf\0\0\0\xc0\x24\0\0\x9c\x8b\0\0\x66\x04\0\0\0\x25\0\
\0\xa9\x8b\0\0\x66\x04\0\0\x40\x25\0\0\xb5\x16\0\0\x99\0\0\0\x80\x25\0\0\xb5\
\x8b\0\0\x89\x01\0\0\0\x26\0\0\xc2\x8b\0\0\x9d\0\0\0\0\x27\0\0\xce\x8b\0\0\x02\
\0\0\0\0\x28\0\0\xdc\x8b\0\0\xc8\0\0\0\0\x2a\0\0\xee\x8b\0\0\x2f\0\0\0\x40\x2a\
\0\0\xf7\x8b\0\0\xc8\0\0\0\xc0\x2a\0\0\x0b\x8c\0\0\x2f\0\0\0\0\x2b\0\0\0\0\0\0\
\0\0\0\x02\x7c\x04\0\0\0\0\0\0\0\0\0\x02\x24\x04\0\0\0\0\0\0\0\0\0\x0a\x10\x05\
\0\0\0\0\0\0\0\0\0\x02\x26\x04\0\0\0\0\0\0\0\0\0\x0a\x11\x05\0\0\0\0\0\0\0\0\0\
\x02\x28\x04\0\0\0\0\0\0\0\0\0\x0a\x12\x05\0\0\0\0\0\0\0\0\0\x02\x2a\x04\0\0\0\
\0\0\0\0\0\0\x0a\x13\x05\0\0\0\0\0\0\0\0\0\x02\x2c\x04\0\0\0\0\0\0\0\0\0\x02\
\x2d\x04\0\0\0\0\0\0\0\0\0\x0a\x14\x05\0\0\0\0\0\0\0\0\0\x02\x2f\x04\0\0\0\0\0\
\0\0\0\0\x0a\x15\x05\0\0\0\0\0\0\0\0\0\x02\x1a\x05\0\0\0\0\0\0\0\0\0\x02\x32\
\x04\0\0\0\0\0\0\0\0\0\x0a\x1b\x05\0\0\0\0\0\0\0\0\0\x02\x1c\x05\0\0\x17\x8c\0\
\0\x01\0\0\x04\x08\0\0\0\x53\x11\0\0\x35\x04\0\0\0\0\0\0\0\0\0\0\0\0\0\x02\x77\
\x04\0\0\0\0\0\0\0\0\0\x02\x7e\x04\0\0\0\0\0\0\0\0\0\x02\x38\x04\0\0\x25\x8c\0\
\0\0\0\0\x07\0\0\0\0\x2e\x8c\0\0\x05\0\0\x04\x38\x01\0\0\xac\0\0\0\x12\0\0\0\0\
\0\0\0\x39\x8c\0\0\x77\x01\0\0\x40\0\0\0\x56\x06\0\0\x3a\x04\0\0\x80\x01\0\0\
\x68\x22\0\0\x3e\x04\0\0\x40\x02\0\0\x85\x34\0\0\x52\x04\0\0\0\x09\0\0\0\0\0\0\
\0\0\0\x03\0\0\0\0\x5f\x01\0\0\x04\0\0\0\x03\0\0\0\x42\x8c\0\0\x09\0\0\x04\x48\
\0\0\0\x4d\x8c\0\0\x3c\x04\0\0\0\0\0\0\x58\x8c\0\0\x02\0\0\0\x40\0\0\0\x63\x8c\
\0\0\x2f\0\0\0\x80\0\0\0\x72\x8c\0\0\x0f\0\0\0\0\x01\0\0\x7c\x8c\0\0\x12\0\0\0\
\x40\x01\0\0\x87\x8c\0\0\x12\0\0\0\x60\x01\0\0\x92\x8c\0\0\x3d\x04\0\0\x80\x01\
\0\0\xa4\x8c\0\0\x3d\x04\0\0\xc0\x01\0\0\xb6\x8c\0\0\x1c\0\0\0\0\x02\0\0\0\0\0\
\0\0\0\0\x02\x1d\x05\0\0\xbf\x8c\0\0\0\0\0\x08\x3c\0\0\0\0\0\0\0\0\0\0\x03\0\0\
\0\0\x3b\x04\0\0\x04\0\0\0\x03\0\0\0\0\0\0\0\0\0\0\x02\x40\x04\0\0\0\0\0\0\0\0\
\0\x0a\x41\x04\0\0\xc7\x8c\0\0\x08\0\0\x04\x40\0\0\0\xd8\x8c\0\0\x42\x04\0\0\0\
\0\0\0\xe9\x8c\0\0\x42\x04\0\0\x40\0\0\0\xf8\x8c\0\0\x42\x04\0\0\x80\0\0\0\x08\
\x8d\0\0\x42\x04\0\0\xc0\0\0\0\x17\x8d\0\0\x44\x04\0\0\0\x01\0\0\x22\x8d\0\0\
\x44\x04\0\0\x40\x01\0\0\x2f\x8d\0\0\x44\x04\0\0\x80\x01\0\0\x3d\x8d\0\0\x4f\
\x04\0\0\xc0\x01\0\0\0\0\0\0\0\0\0\x02\x43\x04\0\0\0\0\0\0\x02\0\0\x0d\x02\0\0\
\0\0\0\0\0\x97\x03\0\0\0\0\0\0\x02\0\0\0\0\0\0\0\0\0\0\x02\x45\x04\0\0\0\0\0\0\
\x01\0\0\x0d\x02\0\0\0\0\0\0\0\x46\x04\0\0\0\0\0\0\0\0\0\x02\x47\x04\0\0\x49\
\x8d\0\0\x0c\0\0\x04\xd0\0\0\0\x4f\x8d\0\0\x85\0\0\0\0\0\0\0\x57\x8d\0\0\x2f\0\
\0\0\x80\0\0\0\x60\x8d\0\0\x2f\0\0\0\0\x01\0\0\x68\x8d\0\0\x2f\0\0\0\x80\x01\0\
\0\x71\x8d\0\0\x9d\0\0\0\0\x02\0\0\x79\x8d\0\0\xc8\0\0\0\0\x03\0\0\x85\x8d\0\0\
\x1f\0\0\0\x20\x03\0\0\x8e\x8d\0\0\x97\x03\0\0\x40\x03\0\0\x94\x8d\0\0\x48\x04\
\0\0\x80\x03\0\0\x9a\x8d\0\0\x64\x01\0\0\xc0\x03\0\0\xa1\x8d\0\0\x0f\0\0\0\0\
\x04\0\0\xaa\x8d\0\0\x4e\x04\0\0\x40\x04\0\0\xb1\x8d\0\0\x02\0\0\x04\x08\0\0\0\
\0\0\0\0\x49\x04\0\0\0\0\0\0\x19\0\0\0\x4d\x04\0\0\x20\0\0\0\0\0\0\0\x03\0\0\
\x05\x04\0\0\0\x6e\x15\0\0\xa2\0\0\0\0\0\0\0\x72\x15\0\0\xa6\0\0\0\0\0\0\0\xb6\
\x8d\0\0\x4a\x04\0\0\0\0\0\0\xbd\x8d\0\0\0\0\0\x08\x4b\x04\0\0\0\0\0\0\x01\0\0\
\x04\x04\0\0\0\x5e\x13\0\0\x4c\x04\0\0\0\0\0\0\xc7\x8d\0\0\0\0\0\x08\xa5\0\0\0\
\xd0\x8d\0\0\x03\0\0\x06\x04\0\0\0\xdb\x8d\0\0\0\0\0\0\xe4\x8d\0\0\x01\0\0\0\
\xed\x8d\0\0\x02\0\0\0\xf6\x8d\0\0\x09\0\0\x04\x48\0\0\0\0\x8e\0\0\x3d\x04\0\0\
\0\0\0\0\x0f\x8e\0\0\x3d\x04\0\0\x40\0\0\0\x1e\x8e\0\0\x3d\x04\0\0\x80\0\0\0\
\x2b\x8e\0\0\x3d\x04\0\0\xc0\0\0\0\x38\x8e\0\0\x3d\x04\0\0\0\x01\0\0\x47\x8e\0\
\0\x3d\x04\0\0\x40\x01\0\0\x56\x8e\0\0\x3d\x04\0\0\x80\x01\0\0\x64\x8e\0\0\x9b\
\x03\0\0\xc0\x01\0\0\x6e\x8e\0\0\x9b\x03\0\0\0\x02\0\0\0\0\0\0\0\0\0\x02\x50\
\x04\0\0\0\0\0\0\x02\0\0\x0d\x02\0\0\0\0\0\0\0\x97\x03\0\0\0\0\0\0\x51\x04\0\0\
\0\0\0\0\0\0\0\x02\x48\x04\0\0\0\0\0\0\0\0\0\x03\0\0\0\0\x3f\x04\0\0\x04\0\0\0\
\x03\0\0\0\x78\x8e\0\0\x03\0\0\x04\x40\x01\0\0\x5f\x04\0\0\x02\0\0\0\0\0\0\0\
\x83\x8e\0\0\x16\x01\0\0\x40\0\0\0\x91\x8e\0\0\x58\x04\0\0\0\x01\0\0\x98\x8e\0\
\0\x05\0\0\x04\x60\0\0\0\xac\x8e\0\0\x55\x04\0\0\0\0\0\0\xb0\x8e\0\0\x56\x04\0\
\0\x80\x01\0\0\xbb\x8e\0\0\x57\x04\0\0\xc0\x01\0\0\xc2\x8e\0\0\x16\x01\0\0\0\
\x02\0\0\xca\x8e\0\0\x1f\0\0\0\xc0\x02\0\0\xd0\x8e\0\0\x04\0\0\x04\x30\0\0\0\
\xd9\x8e\0\0\x02\0\0\0\0\0\0\0\xe2\x8e\0\0\x02\0\0\0\x20\0\0\0\xeb\x8e\0\0\x16\
\x01\0\0\x40\0\0\0\xf3\x8e\0\0\x99\0\0\0\0\x01\0\0\0\0\0\0\0\0\0\x02\x12\0\0\0\
\xfb\x8e\0\0\x01\0\0\x04\x08\0\0\0\x1c\x19\0\0\x28\0\0\0\0\0\0\0\0\0\0\0\0\0\0\
\x03\0\0\0\0\x54\x04\0\0\x04\0\0\0\x03\0\0\0\0\0\0\0\0\0\0\x03\0\0\0\0\x65\0\0\
\0\x04\0\0\0\x20\0\0\0\x03\x8f\0\0\0\0\0\x08\x5b\x04\0\0\0\0\0\0\x01\0\0\x04\
\x10\0\0\0\x7c\x11\0\0\x2f\x02\0\0\0\0\0\0\0\0\0\0\0\0\0\x02\x5d\x04\0\0\0\0\0\
\0\0\0\0\x0a\xf7\x04\0\0\x0a\x8f\0\0\x07\0\0\x04\x38\0\0\0\x13\x8f\0\0\x5f\x04\
\0\0\0\0\0\0\x21\x8f\0\0\x5f\x04\0\0\x40\0\0\0\x2e\x8f\0\0\x18\0\0\0\x80\0\0\0\
\x34\x8f\0\0\x02\0\0\0\xc0\0\0\0\xac\0\0\0\x12\0\0\0\xe0\0\0\0\xf7\x16\0\0\x2f\
\0\0\0\0\x01\0\0\x3a\x8f\0\0\x64\x04\0\0\x80\x01\0\0\0\0\0\0\0\0\0\x02\x60\x04\
\0\0\0\0\0\0\x02\0\0\x0d\x0f\0\0\0\0\0\0\0\x61\x04\0\0\0\0\0\0\x62\x04\0\0\0\0\
\0\0\0\0\0\x02\x5e\x04\0\0\0\0\0\0\0\0\0\x02\x63\x04\0\0\x46\x8f\0\0\x05\0\0\
\x04\x20\0\0\0\x1f\x6a\0\0\x9a\x01\0\0\0\0\0\0\x55\x8f\0\0\x02\0\0\0\x20\0\0\0\
\x59\x8f\0\0\x0f\0\0\0\x40\0\0\0\x64\x8f\0\0\x0f\0\0\0\x80\0\0\0\x6f\x8f\0\0\
\x56\x02\0\0\xc0\0\0\0\0\0\0\0\0\0\0\x02\x6a\0\0\0\0\0\0\0\0\0\0\x02\x98\x04\0\
\0\x75\x8f\0\0\x01\0\0\x04\x08\0\0\0\xe6\x0e\0\0\x67\x04\0\0\0\0\0\0\0\0\0\0\0\
\0\0\x02\x1e\x05\0\0\0\0\0\0\x01\0\0\x0d\x02\0\0\0\x40\0\0\0\x09\0\0\0\xe1\x91\
\0\0\x01\0\0\x0c\x68\x04\0\0\0\0\0\0\0\0\0\x03\0\0\0\0\x64\0\0\0\x04\0\0\0\x0d\
\0\0\0\x90\x93\0\0\0\0\0\x0e\x6a\x04\0\0\x01\0\0\0\x98\x93\0\0\x01\0\0\x0f\0\0\
\0\0\x08\0\0\0\0\0\0\0\x10\0\0\0\x9e\x93\0\0\x01\0\0\x0f\0\0\0\0\x6b\x04\0\0\0\
\0\0\0\x0d\0\0\0\x42\x01\0\0\0\0\0\x07\0\0\0\0\xa6\x93\0\0\0\0\0\x07\0\0\0\0\
\xd0\x0c\0\0\0\0\0\x07\0\0\0\0\xb2\x93\0\0\0\0\0\x07\0\0\0\0\x0a\x20\0\0\0\0\0\
\x07\0\0\0\0\xbd\x93\0\0\0\0\0\x07\0\0\0\0\xcc\x93\0\0\0\0\0\x07\0\0\0\0\xe4\
\x93\0\0\0\0\0\x07\0\0\0\0\x7c\x2f\0\0\0\0\0\x07\0\0\0\0\xed\x93\0\0\0\0\0\x07\
\0\0\0\0\xfb\x93\0\0\0\0\0\x07\0\0\0\0\x05\x94\0\0\0\0\0\x07\0\0\0\0\x16\x94\0\
\0\0\0\0\x07\0\0\0\0\x3b\x16\0\0\0\0\0\x07\0\0\0\0\x29\x94\0\0\0\0\0\x07\0\0\0\
\0\x3a\x94\0\0\0\0\0\x07\0\0\0\0\x47\x94\0\0\0\0\0\x07\0\0\0\0\x0d\x64\0\0\0\0\
\0\x07\0\0\0\0\x54\x94\0\0\0\0\0\x07\0\0\0\0\x5a\x94\0\0\0\0\0\x07\0\0\0\0\x65\
\x94\0\0\0\0\0\x07\0\0\0\0\x7e\x94\0\0\0\0\0\x07\0\0\0\0\x8e\x94\0\0\0\0\0\x07\
\0\0\0\0\xa6\x82\0\0\0\0\0\x07\0\0\0\0\x94\x94\0\0\0\0\0\x07\0\0\0\0\x9c\x94\0\
\0\0\0\0\x07\0\0\0\0\xaa\x94\0\0\0\0\0\x07\0\0\0\0\xb6\x94\0\0\0\0\0\x07\0\0\0\
\0\xc2\x94\0\0\0\0\0\x07\0\0\0\0\xd0\x94\0\0\0\0\0\x07\0\0\0\0\xd8\x94\0\0\0\0\
\0\x07\0\0\0\0\xe7\x94\0\0\0\0\0\x07\0\0\0\0\xf2\x94\0\0\0\0\0\x07\0\0\0\0\xff\
\x94\0\0\0\0\0\x07\0\0\0\0\xa9\x64\0\0\0\0\0\x07\0\0\0\0\x06\x95\0\0\0\0\0\x07\
\0\0\0\0\xe5\x56\0\0\0\0\0\x07\0\0\0\0\x10\x95\0\0\0\0\0\x07\0\0\0\0\x21\x95\0\
\0\0\0\0\x07\0\0\0\0\x2d\x95\0\0\0\0\0\x07\0\0\0\0\x3c\x95\0\0\0\0\0\x07\0\0\0\
\0\x48\x95\0\0\0\0\0\x07\0\0\0\0\x54\x95\0\0\0\0\0\x07\0\0\0\0\x65\x95\0\0\0\0\
\0\x07\0\0\0\0\x74\x95\0\0\0\0\0\x07\0\0\0\0\x82\x95\0\0\0\0\0\x07\0\0\0\0\x8b\
\x95\0\0\0\0\0\x07\0\0\0\0\x22\x64\0\0\0\0\0\x07\0\0\0\0\x9d\x95\0\0\0\0\0\x07\
\0\0\0\0\xa9\x95\0\0\0\0\0\x07\0\0\0\0\xb8\x95\0\0\0\0\0\x07\0\0\0\0\xc4\x95\0\
\0\0\0\0\x07\0\0\0\0\xd2\x95\0\0\0\0\0\x07\0\0\0\0\xdb\x95\0\0\0\0\0\x07\0\0\0\
\0\xee\x95\0\0\0\0\0\x07\0\0\0\0\xfc\x95\0\0\0\0\0\x07\0\0\0\0\x0b\x96\0\0\0\0\
\0\x07\0\0\0\0\x16\x96\0\0\0\0\0\x07\0\0\0\0\x23\x96\0\0\0\0\0\x07\0\0\0\0\x2f\
\x96\0\0\0\0\0\x07\0\0\0\0\x3e\x96\0\0\0\0\0\x07\0\0\0\0\x54\x96\0\0\0\0\0\x07\
\0\0\0\0\x5f\x96\0\0\0\0\0\x07\0\0\0\0\x69\x96\0\0\0\0\0\x07\0\0\0\0\x82\x96\0\
\0\0\0\0\x07\0\0\0\0\x8c\x96\0\0\0\0\0\x07\0\0\0\0\x9b\x96\0\0\0\0\0\x07\0\0\0\
\0\xa8\x96\0\0\0\0\0\x07\0\0\0\0\xb8\x96\0\0\0\0\0\x07\0\0\0\0\xc3\x96\0\0\0\0\
\0\x07\0\0\0\0\xc9\x96\0\0\0\0\0\x07\0\0\0\0\x7d\x5e\0\0\0\0\0\x07\0\0\0\0\xd6\
\x96\0\0\0\0\0\x07\0\0\0\0\xe3\x96\0\0\0\0\0\x07\0\0\0\0\xf3\x96\0\0\0\0\0\x07\
\0\0\0\0\x04\x97\0\0\0\0\0\x07\0\0\0\0\x11\x97\0\0\0\0\0\x07\0\0\0\0\x1d\x97\0\
\0\0\0\0\x07\0\0\0\0\x97\x5a\0\0\0\0\0\x07\0\0\0\0\xa3\x5a\0\0\0\0\0\x07\0\0\0\
\0\x27\x97\0\0\0\0\0\x07\0\0\0\0\x31\x97\0\0\0\0\0\x07\0\0\0\0\x3b\x97\0\0\0\0\
\0\x07\0\0\0\0\x46\x97\0\0\0\0\0\x07\0\0\0\0\x55\x97\0\0\0\0\0\x07\0\0\0\0\x64\
\x97\0\0\0\0\0\x07\0\0\0\0\x6f\x97\0\0\0\0\0\x07\0\0\0\0\x7c\x97\0\0\0\0\0\x07\
\0\0\0\0\x85\x97\0\0\0\0\0\x07\0\0\0\0\x41\x3a\0\0\0\0\0\x07\0\0\0\0\x92\x97\0\
\0\0\0\0\x07\0\0\0\0\xa1\x97\0\0\0\0\0\x07\0\0\0\0\xaa\x97\0\0\0\0\0\x07\0\0\0\
\0\xad\x5a\0\0\0\0\0\x07\0\0\0\0\x89\x5b\0\0\0\0\0\x07\0\0\0\0\xb6\x97\0\0\0\0\
\0\x07\0\0\0\0\xc3\x97\0\0\0\0\0\x07\0\0\0\0\xd0\x97\0\0\0\0\0\x07\0\0\0\0\xd7\
\x97\0\0\0\0\0\x07\0\0\0\0\x16\x06\0\0\0\0\0\x07\0\0\0\0\xe1\x97\0\0\0\0\0\x07\
\0\0\0\0\xef\x97\0\0\0\0\0\x07\0\0\0\0\xf8\x97\0\0\0\0\0\x07\0\0\0\0\x06\x98\0\
\0\0\0\0\x07\0\0\0\0\x0f\x98\0\0\0\0\0\x07\0\0\0\0\x22\x98\0\0\0\0\0\x07\0\0\0\
\0\x2e\x98\0\0\0\0\0\x07\0\0\0\0\xd3\x5d\0\0\0\0\0\x07\0\0\0\0\x3f\x98\0\0\0\0\
\0\x07\0\0\0\0\x4a\x98\0\0\0\0\0\x07\0\0\0\0\x4f\x98\0\0\0\0\0\x07\0\0\0\0\x64\
\x98\0\0\0\0\0\x07\0\0\0\0\x7c\x98\0\0\0\0\0\x07\0\0\0\0\x84\x98\0\0\0\0\0\x07\
\0\0\0\0\x16\x4f\0\0\0\0\0\x07\0\0\0\0\xa5\x04\0\0\0\0\0\x07\0\0\0\0\xf5\x37\0\
\0\0\0\0\x07\0\0\0\0\x43\x16\0\0\0\0\0\x07\0\0\0\0\x92\x98\0\0\0\0\0\x07\0\0\0\
\0\xa1\x98\0\0\0\0\0\x07\0\0\0\0\xb4\x98\0\0\0\0\0\x07\0\0\0\0\x6a\x18\0\0\0\0\
\0\x07\0\0\0\0\xcb\x98\0\0\0\0\0\x07\0\0\0\0\xd7\x98\0\0\0\0\0\x07\0\0\0\0\xee\
\x98\0\0\0\0\0\x07\0\0\0\0\xfe\x98\0\0\0\0\0\x07\0\0\0\0\x10\x99\0\0\0\0\0\x07\
\0\0\0\0\x25\x99\0\0\0\0\0\x07\0\0\0\0\x34\x99\0\0\0\0\0\x07\0\0\0\0\x4a\x31\0\
\0\0\0\0\x07\0\0\0\0\x1e\x2e\0\0\0\0\0\x07\0\0\0\0\x3f\x99\0\0\0\0\0\x07\0\0\0\
\0\x4c\x99\0\0\0\0\0\x07\0\0\0\0\x9e\x31\0\0\0\0\0\x07\0\0\0\0\x68\x12\0\0\0\0\
\0\x07\0\0\0\0\x67\x99\0\0\0\0\0\x07\0\0\0\0\x7c\x99\0\0\0\0\0\x07\0\0\0\0\x8c\
\x99\0\0\0\0\0\x07\0\0\0\0\x35\x39\0\0\0\0\0\x07\0\0\0\0\xb1\x3a\0\0\0\0\0\x07\
\0\0\0\0\x9e\x99\0\0\0\0\0\x07\0\0\0\0\xa6\x99\0\0\0\0\0\x07\0\0\0\0\xb0\x99\0\
\0\0\0\0\x07\0\0\0\0\xb8\x99\0\0\0\0\0\x07\0\0\0\0\xc1\x99\0\0\0\0\0\x07\0\0\0\
\0\xcd\x99\0\0\0\0\0\x07\0\0\0\0\xd8\x99\0\0\0\0\0\x07\0\0\0\0\xe6\x99\0\0\0\0\
\0\x07\0\0\0\0\xf2\x99\0\0\0\0\0\x07\0\0\0\0\0\x9a\0\0\0\0\0\x07\0\0\0\0\x50\
\x3d\0\0\0\0\0\x07\0\0\0\0\x0a\x9a\0\0\0\0\0\x07\0\0\0\0\x1d\x9a\0\0\0\0\0\x07\
\0\0\0\0\x32\x9a\0\0\0\0\0\x07\0\0\0\0\x3b\x9a\0\0\0\0\0\x07\0\0\0\0\x4c\x9a\0\
\0\0\0\0\x07\0\0\0\0\x5b\x9a\0\0\0\0\0\x07\0\0\0\0\x6c\x9a\0\0\0\0\0\x07\0\0\0\
\0\x7e\x9a\0\0\0\0\0\x07\0\0\0\0\x86\x9a\0\0\0\0\0\x07\0\0\0\0\x98\x9a\0\0\0\0\
\0\x07\0\0\0\0\xad\x9a\0\0\0\0\0\x07\0\0\0\0\xb9\x9a\0\0\0\0\0\x07\0\0\0\0\xca\
\x9a\0\0\0\0\0\x07\0\0\0\0\xdb\x9a\0\0\0\0\0\x07\0\0\0\0\xe8\x9a\0\0\0\0\0\x07\
\0\0\0\0\xfa\x9a\0\0\0\0\0\x07\0\0\0\0\x08\x9b\0\0\0\0\0\x07\0\0\0\0\x1b\x9b\0\
\0\0\0\0\x07\0\0\0\0\x6e\x07\0\0\0\0\0\x07\0\0\0\0\x9b\x07\0\0\0\0\0\x07\0\0\0\
\0\x8a\x07\0\0\0\0\0\x07\0\0\0\0\x29\x9b\0\0\0\0\0\x07\0\0\0\0\x39\x9b\0\0\0\0\
\0\x07\0\0\0\0\x4d\x9b\0\0\0\0\0\x07\0\0\0\0\x59\x9b\0\0\0\0\0\x07\0\0\0\0\x6b\
\x9b\0\0\0\0\0\x07\0\0\0\0\x79\x9b\0\0\0\0\0\x07\0\0\0\0\x83\x9b\0\0\0\0\0\x07\
\0\0\0\0\x8f\x9b\0\0\0\0\0\x07\0\0\0\0\x9e\x9b\0\0\0\0\0\x07\0\0\0\0\xa6\x9b\0\
\0\0\0\0\x07\0\0\0\0\xb0\x9b\0\0\0\0\0\x07\0\0\0\0\xc2\x9b\0\0\0\0\0\x07\0\0\0\
\0\xcf\x9b\0\0\0\0\0\x07\0\0\0\0\xd8\x9b\0\0\0\0\0\x07\0\0\0\0\xe7\x9b\0\0\0\0\
\0\x07\0\0\0\0\xf9\x9b\0\0\0\0\0\x07\0\0\0\0\x08\x9c\0\0\0\0\0\x07\0\0\0\0\x0f\
\x9c\0\0\0\0\0\x07\0\0\0\0\x1d\x9c\0\0\0\0\0\x07\0\0\0\0\x2a\x9c\0\0\0\0\0\x07\
\0\0\0\0\xcc\x06\0\0\0\0\0\x07\0\0\0\0\x39\x9c\0\0\0\0\0\x07\0\0\0\0\x49\x9c\0\
\0\0\0\0\x07\0\0\0\0\x7c\x07\0\0\0\0\0\x07\0\0\0\0\xa6\x07\0\0\0\0\0\x07\0\0\0\
\0\x52\x9c\0\0\0\0\0\x07\0\0\0\0\x63\x9c\0\0\0\0\0\x07\0\0\0\0\x7b\x9c\0\0\0\0\
\0\x07\0\0\0\0\xf2\x08\0\0\0\0\0\x07\0\0\0\0\x8a\x9c\0\0\0\0\0\x07\0\0\0\0\x9b\
\x9c\0\0\0\0\0\x07\0\0\0\0\xa7\x9c\0\0\0\0\0\x07\0\0\0\0\xb1\x9c\0\0\0\0\0\x07\
\0\0\0\0\x91\x1a\0\0\0\0\0\x07\0\0\0\0\xbd\x9c\0\0\0\0\0\x07\0\0\0\0\0\x69\x6e\
\x74\0\x5f\x5f\x41\x52\x52\x41\x59\x5f\x53\x49\x5a\x45\x5f\x54\x59\x50\x45\x5f\
\x5f\0\x74\x79\x70\x65\0\x6d\x61\x78\x5f\x65\x6e\x74\x72\x69\x65\x73\0\x72\x62\
\0\x75\x6e\x73\x69\x67\x6e\x65\x64\x20\x6c\x6f\x6e\x67\x20\x6c\x6f\x6e\x67\0\
\x63\x74\x78\0\x68\x61\x6e\x64\x6c\x65\x5f\x73\x63\x68\x65\x64\x5f\x70\x72\x6f\
\x63\x65\x73\x73\x5f\x65\x78\x65\x63\0\x72\x61\x77\x5f\x74\x72\x61\x63\x65\x70\
\x6f\x69\x6e\x74\x2f\x73\x63\x68\x65\x64\x5f\x70\x72\x6f\x63\x65\x73\x73\x5f\
\x65\x78\x65\x63\0\x74\x61\x73\x6b\x5f\x73\x74\x72\x75\x63\x74\0\x74\x68\x72\
\x65\x61\x64\x5f\x69\x6e\x66\x6f\0\x5f\x5f\x73\x74\x61\x74\x65\0\x73\x74\x61\
\x63\x6b\0\x75\x73\x61\x67\x65\0\x66\x6c\x61\x67\x73\0\x70\x74\x72\x61\x63\x65\
\0\x6f\x6e\x5f\x63\x70\x75\0\x77\x61\x6b\x65\x5f\x65\x6e\x74\x72\x79\0\x63\x70\
\x75\0\x77\x61\x6b\x65\x65\x5f\x66\x6c\x69\x70\x73\0\x77\x61\x6b\x65\x65\x5f\
\x66\x6c\x69\x70\x5f\x64\x65\x63\x61\x79\x5f\x74\x73\0\x6c\x61\x73\x74\x5f\x77\
\x61\x6b\x65\x65\0\x72\x65\x63\x65\x6e\x74\x5f\x75\x73\x65\x64\x5f\x63\x70\x75\
\0\x77\x61\x6b\x65\x5f\x63\x70\x75\0\x6f\x6e\x5f\x72\x71\0\x70\x72\x69\x6f\0\
\x73\x74\x61\x74\x69\x63\x5f\x70\x72\x69\x6f\0\x6e\x6f\x72\x6d\x61\x6c\x5f\x70\
\x72\x69\x6f\0\x72\x74\x5f\x70\x72\x69\x6f\x72\x69\x74\x79\0\x73\x63\x68\x65\
\x64\x5f\x63\x6c\x61\x73\x73\0\x73\x65\0\x72\x74\0\x64\x6c\0\x63\x6f\x72\x65\
\x5f\x6e\x6f\x64\x65\0\x63\x6f\x72\x65\x5f\x63\x6f\x6f\x6b\x69\x65\0\x63\x6f\
\x72\x65\x5f\x6f\x63\x63\x75\x70\x61\x74\x69\x6f\x6e\0\x73\x63\x68\x65\x64\x5f\
\x74\x61\x73\x6b\x5f\x67\x72\x6f\x75\x70\0\x73\x74\x61\x74\x73\0\x70\x72\x65\
\x65\x6d\x70\x74\x5f\x6e\x6f\x74\x69\x66\x69\x65\x72\x73\0\x62\x74\x72\x61\x63\
\x65\x5f\x73\x65\x71\0\x70\x6f\x6c\x69\x63\x79\0\x6e\x72\x5f\x63\x70\x75\x73\
\x5f\x61\x6c\x6c\x6f\x77\x65\x64\0\x63\x70\x75\x73\x5f\x70\x74\x72\0\x75\x73\
\x65\x72\x5f\x63\x70\x75\x73\x5f\x70\x74\x72\0\x63\x70\x75\x73\x5f\x6d\x61\x73\
\x6b\0\x6d\x69\x67\x72\x61\x74\x69\x6f\x6e\x5f\x70\x65\x6e\x64\x69\x6e\x67\0\
\x6d\x69\x67\x72\x61\x74\x69\x6f\x6e\x5f\x64\x69\x73\x61\x62\x6c\x65\x64\0\x6d\
\x69\x67\x72\x61\x74\x69\x6f\x6e\x5f\x66\x6c\x61\x67\x73\0\x72\x63\x75\x5f\x72\
\x65\x61\x64\x5f\x6c\x6f\x63\x6b\x5f\x6e\x65\x73\x74\x69\x6e\x67\0\x72\x63\x75\
\x5f\x72\x65\x61\x64\x5f\x75\x6e\x6c\x6f\x63\x6b\x5f\x73\x70\x65\x63\x69\x61\
\x6c\0\x72\x63\x75\x5f\x6e\x6f\x64\x65\x5f\x65\x6e\x74\x72\x79\0\x72\x63\x75\
\x5f\x62\x6c\x6f\x63\x6b\x65\x64\x5f\x6e\x6f\x64\x65\0\x72\x63\x75\x5f\x74\x61\
\x73\x6b\x73\x5f\x6e\x76\x63\x73\x77\0\x72\x63\x75\x5f\x74\x61\x73\x6b\x73\x5f\
\x68\x6f\x6c\x64\x6f\x75\x74\0\x72\x63\x75\x5f\x74\x61\x73\x6b\x73\x5f\x69\x64\
\x78\0\x72\x63\x75\x5f\x74\x61\x73\x6b\x73\x5f\x69\x64\x6c\x65\x5f\x63\x70\x75\
\0\x72\x63\x75\x5f\x74\x61\x73\x6b\x73\x5f\x68\x6f\x6c\x64\x6f\x75\x74\x5f\x6c\
\x69\x73\x74\0\x74\x72\x63\x5f\x72\x65\x61\x64\x65\x72\x5f\x6e\x65\x73\x74\x69\
\x6e\x67\0\x74\x72\x63\x5f\x69\x70\x69\x5f\x74\x6f\x5f\x63\x70\x75\0\x74\x72\
\x63\x5f\x72\x65\x61\x64\x65\x72\x5f\x73\x70\x65\x63\x69\x61\x6c\0\x74\x72\x63\
\x5f\x72\x65\x61\x64\x65\x72\x5f\x63\x68\x65\x63\x6b\x65\x64\0\x74\x72\x63\x5f\
\x68\x6f\x6c\x64\x6f\x75\x74\x5f\x6c\x69\x73\x74\0\x73\x63\x68\x65\x64\x5f\x69\
\x6e\x66\x6f\0\x74\x61\x73\x6b\x73\0\x70\x75\x73\x68\x61\x62\x6c\x65\x5f\x74\
\x61\x73\x6b\x73\0\x70\x75\x73\x68\x61\x62\x6c\x65\x5f\x64\x6c\x5f\x74\x61\x73\
\x6b\x73\0\x6d\x6d\0\x61\x63\x74\x69\x76\x65\x5f\x6d\x6d\0\x76\x6d\x61\x63\x61\
\x63\x68\x65\0\x72\x73\x73\x5f\x73\x74\x61\x74\0\x65\x78\x69\x74\x5f\x73\x74\
\x61\x74\x65\0\x65\x78\x69\x74\x5f\x63\x6f\x64\x65\0\x65\x78\x69\x74\x5f\x73\
\x69\x67\x6e\x61\x6c\0\x70\x64\x65\x61\x74\x68\x5f\x73\x69\x67\x6e\x61\x6c\0\
\x6a\x6f\x62\x63\x74\x6c\0\x70\x65\x72\x73\x6f\x6e\x61\x6c\x69\x74\x79\0\x73\
\x63\x68\x65\x64\x5f\x72\x65\x73\x65\x74\x5f\x6f\x6e\x5f\x66\x6f\x72\x6b\0\x73\
\x63\x68\x65\x64\x5f\x63\x6f\x6e\x74\x72\x69\x62\x75\x74\x65\x73\x5f\x74\x6f\
\x5f\x6c\x6f\x61\x64\0\x73\x63\x68\x65\x64\x5f\x6d\x69\x67\x72\x61\x74\x65\x64\
\0\x73\x63\x68\x65\x64\x5f\x70\x73\x69\x5f\x77\x61\x6b\x65\x5f\x72\x65\x71\x75\
\x65\x75\x65\0\x73\x63\x68\x65\x64\x5f\x72\x65\x6d\x6f\x74\x65\x5f\x77\x61\x6b\
\x65\x75\x70\0\x69\x6e\x5f\x65\x78\x65\x63\x76\x65\0\x69\x6e\x5f\x69\x6f\x77\
\x61\x69\x74\0\x72\x65\x73\x74\x6f\x72\x65\x5f\x73\x69\x67\x6d\x61\x73\x6b\0\
\x69\x6e\x5f\x6c\x72\x75\x5f\x66\x61\x75\x6c\x74\0\x6e\x6f\x5f\x63\x67\x72\x6f\
\x75\x70\x5f\x6d\x69\x67\x72\x61\x74\x69\x6f\x6e\0\x66\x72\x6f\x7a\x65\x6e\0\
\x75\x73\x65\x5f\x6d\x65\x6d\x64\x65\x6c\x61\x79\0\x69\x6e\x5f\x6d\x65\x6d\x73\
\x74\x61\x6c\x6c\0\x69\x6e\x5f\x65\x76\x65\x6e\x74\x66\x64\0\x61\x74\x6f\x6d\
\x69\x63\x5f\x66\x6c\x61\x67\x73\0\x72\x65\x73\x74\x61\x72\x74\x5f\x62\x6c\x6f\
\x63\x6b\0\x70\x69\x64\0\x74\x67\x69\x64\0\x73\x74\x61\x63\x6b\x5f\x63\x61\x6e\
\x61\x72\x79\0\x72\x65\x61\x6c\x5f\x70\x61\x72\x65\x6e\x74\0\x70\x61\x72\x65\
\x6e\x74\0\x63\x68\x69\x6c\x64\x72\x65\x6e\0\x73\x69\x62\x6c\x69\x6e\x67\0\x67\
\x72\x6f\x75\x70\x5f\x6c\x65\x61\x64\x65\x72\0\x70\x74\x72\x61\x63\x65\x64\0\
\x70\x74\x72\x61\x63\x65\x5f\x65\x6e\x74\x72\x79\0\x74\x68\x72\x65\x61\x64\x5f\
\x70\x69\x64\0\x70\x69\x64\x5f\x6c\x69\x6e\x6b\x73\0\x74\x68\x72\x65\x61\x64\
\x5f\x67\x72\x6f\x75\x70\0\x74\x68\x72\x65\x61\x64\x5f\x6e\x6f\x64\x65\0\x76\
\x66\x6f\x72\x6b\x5f\x64\x6f\x6e\x65\0\x73\x65\x74\x5f\x63\x68\x69\x6c\x64\x5f\
\x74\x69\x64\0\x63\x6c\x65\x61\x72\x5f\x63\x68\x69\x6c\x64\x5f\x74\x69\x64\0\
\x70\x66\x5f\x69\x6f\x5f\x77\x6f\x72\x6b\x65\x72\0\x75\x74\x69\x6d\x65\0\x73\
\x74\x69\x6d\x65\0\x67\x74\x69\x6d\x65\0\x70\x72\x65\x76\x5f\x63\x70\x75\x74\
\x69\x6d\x65\0\x6e\x76\x63\x73\x77\0\x6e\x69\x76\x63\x73\x77\0\x73\x74\x61\x72\
\x74\x5f\x74\x69\x6d\x65\0\x73\x74\x61\x72\x74\x5f\x62\x6f\x6f\x74\x74\x69\x6d\
\x65\0\x6d\x69\x6e\x5f\x66\x6c\x74\0\x6d\x61\x6a\x5f\x66\x6c\x74\0\x70\x6f\x73\
\x69\x78\x5f\x63\x70\x75\x74\x69\x6d\x65\x72\x73\0\x70\x6f\x73\x69\x78\x5f\x63\
\x70\x75\x74\x69\x6d\x65\x72\x73\x5f\x77\x6f\x72\x6b\0\x70\x74\x72\x61\x63\x65\
\x72\x5f\x63\x72\x65\x64\0\x72\x65\x61\x6c\x5f\x63\x72\x65\x64\0\x63\x72\x65\
\x64\0\x63\x61\x63\x68\x65\x64\x5f\x72\x65\x71\x75\x65\x73\x74\x65\x64\x5f\x6b\
\x65\x79\0\x63\x6f\x6d\x6d\0\x6e\x61\x6d\x65\x69\x64\x61\x74\x61\0\x73\x79\x73\
\x76\x73\x65\x6d\0\x73\x79\x73\x76\x73\x68\x6d\0\x6c\x61\x73\x74\x5f\x73\x77\
\x69\x74\x63\x68\x5f\x63\x6f\x75\x6e\x74\0\x6c\x61\x73\x74\x5f\x73\x77\x69\x74\
\x63\x68\x5f\x74\x69\x6d\x65\0\x66\x73\0\x66\x69\x6c\x65\x73\0\x6e\x73\x70\x72\
\x6f\x78\x79\0\x73\x69\x67\x6e\x61\x6c\0\x73\x69\x67\x68\x61\x6e\x64\0\x62\x6c\
\x6f\x63\x6b\x65\x64\0\x72\x65\x61\x6c\x5f\x62\x6c\x6f\x63\x6b\x65\x64\0\x73\
\x61\x76\x65\x64\x5f\x73\x69\x67\x6d\x61\x73\x6b\0\x70\x65\x6e\x64\x69\x6e\x67\
\0\x73\x61\x73\x5f\x73\x73\x5f\x73\x70\0\x73\x61\x73\x5f\x73\x73\x5f\x73\x69\
\x7a\x65\0\x73\x61\x73\x5f\x73\x73\x5f\x66\x6c\x61\x67\x73\0\x74\x61\x73\x6b\
\x5f\x77\x6f\x72\x6b\x73\0\x61\x75\x64\x69\x74\x5f\x63\x6f\x6e\x74\x65\x78\x74\
\0\x6c\x6f\x67\x69\x6e\x75\x69\x64\0\x73\x65\x73\x73\x69\x6f\x6e\x69\x64\0\x73\
\x65\x63\x63\x6f\x6d\x70\0\x73\x79\x73\x63\x61\x6c\x6c\x5f\x64\x69\x73\x70\x61\
\x74\x63\x68\0\x70\x61\x72\x65\x6e\x74\x5f\x65\x78\x65\x63\x5f\x69\x64\0\x73\
\x65\x6c\x66\x5f\x65\x78\x65\x63\x5f\x69\x64\0\x61\x6c\x6c\x6f\x63\x5f\x6c\x6f\
\x63\x6b\0\x70\x69\x5f\x6c\x6f\x63\x6b\0\x77\x61\x6b\x65\x5f\x71\0\x70\x69\x5f\
\x77\x61\x69\x74\x65\x72\x73\0\x70\x69\x5f\x74\x6f\x70\x5f\x74\x61\x73\x6b\0\
\x70\x69\x5f\x62\x6c\x6f\x63\x6b\x65\x64\x5f\x6f\x6e\0\x6a\x6f\x75\x72\x6e\x61\
\x6c\x5f\x69\x6e\x66\x6f\0\x62\x69\x6f\x5f\x6c\x69\x73\x74\0\x70\x6c\x75\x67\0\
\x72\x65\x63\x6c\x61\x69\x6d\x5f\x73\x74\x61\x74\x65\0\x62\x61\x63\x6b\x69\x6e\
\x67\x5f\x64\x65\x76\x5f\x69\x6e\x66\x6f\0\x69\x6f\x5f\x63\x6f\x6e\x74\x65\x78\
\x74\0\x63\x61\x70\x74\x75\x72\x65\x5f\x63\x6f\x6e\x74\x72\x6f\x6c\0\x70\x74\
\x72\x61\x63\x65\x5f\x6d\x65\x73\x73\x61\x67\x65\0\x6c\x61\x73\x74\x5f\x73\x69\
\x67\x69\x6e\x66\x6f\0\x69\x6f\x61\x63\0\x70\x73\x69\x5f\x66\x6c\x61\x67\x73\0\
\x61\x63\x63\x74\x5f\x72\x73\x73\x5f\x6d\x65\x6d\x31\0\x61\x63\x63\x74\x5f\x76\
\x6d\x5f\x6d\x65\x6d\x31\0\x61\x63\x63\x74\x5f\x74\x69\x6d\x65\x78\x70\x64\0\
\x6d\x65\x6d\x73\x5f\x61\x6c\x6c\x6f\x77\x65\x64\0\x6d\x65\x6d\x73\x5f\x61\x6c\
\x6c\x6f\x77\x65\x64\x5f\x73\x65\x71\0\x63\x70\x75\x73\x65\x74\x5f\x6d\x65\x6d\
\x5f\x73\x70\x72\x65\x61\x64\x5f\x72\x6f\x74\x6f\x72\0\x63\x70\x75\x73\x65\x74\
\x5f\x73\x6c\x61\x62\x5f\x73\x70\x72\x65\x61\x64\x5f\x72\x6f\x74\x6f\x72\0\x63\
\x67\x72\x6f\x75\x70\x73\0\x63\x67\x5f\x6c\x69\x73\x74\0\x72\x6f\x62\x75\x73\
\x74\x5f\x6c\x69\x73\x74\0\x63\x6f\x6d\x70\x61\x74\x5f\x72\x6f\x62\x75\x73\x74\
\x5f\x6c\x69\x73\x74\0\x70\x69\x5f\x73\x74\x61\x74\x65\x5f\x6c\x69\x73\x74\0\
\x70\x69\x5f\x73\x74\x61\x74\x65\x5f\x63\x61\x63\x68\x65\0\x66\x75\x74\x65\x78\
\x5f\x65\x78\x69\x74\x5f\x6d\x75\x74\x65\x78\0\x66\x75\x74\x65\x78\x5f\x73\x74\
\x61\x74\x65\0\x70\x65\x72\x66\x5f\x65\x76\x65\x6e\x74\x5f\x63\x74\x78\x70\0\
\x70\x65\x72\x66\x5f\x65\x76\x65\x6e\x74\x5f\x6d\x75\x74\x65\x78\0\x70\x65\x72\
\x66\x5f\x65\x76\x65\x6e\x74\x5f\x6c\x69\x73\x74\0\x72\x73\x65\x71\0\x72\x73\
\x65\x71\x5f\x73\x69\x67\0\x72\x73\x65\x71\x5f\x65\x76\x65\x6e\x74\x5f\x6d\x61\
\x73\x6b\0\x74\x6c\x62\x5f\x75\x62\x63\0\x73\x70\x6c\x69\x63\x65\x5f\x70\x69\
\x70\x65\0\x74\x61\x73\x6b\x5f\x66\x72\x61\x67\0\x6e\x72\x5f\x64\x69\x72\x74\
\x69\x65\x64\0\x6e\x72\x5f\x64\x69\x72\x74\x69\x65\x64\x5f\x70\x61\x75\x73\x65\
\0\x64\x69\x72\x74\x79\x5f\x70\x61\x75\x73\x65\x64\x5f\x77\x68\x65\x6e\0\x74\
\x69\x6d\x65\x72\x5f\x73\x6c\x61\x63\x6b\x5f\x6e\x73\0\x64\x65\x66\x61\x75\x6c\
\x74\x5f\x74\x69\x6d\x65\x72\x5f\x73\x6c\x61\x63\x6b\x5f\x6e\x73\0\x63\x75\x72\
\x72\x5f\x72\x65\x74\x5f\x73\x74\x61\x63\x6b\0\x63\x75\x72\x72\x5f\x72\x65\x74\
\x5f\x64\x65\x70\x74\x68\0\x72\x65\x74\x5f\x73\x74\x61\x63\x6b\0\x66\x74\x72\
\x61\x63\x65\x5f\x74\x69\x6d\x65\x73\x74\x61\x6d\x70\0\x74\x72\x61\x63\x65\x5f\
\x6f\x76\x65\x72\x72\x75\x6e\0\x74\x72\x61\x63\x69\x6e\x67\x5f\x67\x72\x61\x70\
\x68\x5f\x70\x61\x75\x73\x65\0\x74\x72\x61\x63\x65\0\x74\x72\x61\x63\x65\x5f\
\x72\x65\x63\x75\x72\x73\x69\x6f\x6e\0\x74\x68\x72\x6f\x74\x74\x6c\x65\x5f\x71\
\x75\x65\x75\x65\0\x75\x74\x61\x73\x6b\0\x6b\x6d\x61\x70\x5f\x63\x74\x72\x6c\0\
\x70\x61\x67\x65\x66\x61\x75\x6c\x74\x5f\x64\x69\x73\x61\x62\x6c\x65\x64\0\x6f\
\x6f\x6d\x5f\x72\x65\x61\x70\x65\x72\x5f\x6c\x69\x73\x74\0\x6f\x6f\x6d\x5f\x72\
\x65\x61\x70\x65\x72\x5f\x74\x69\x6d\x65\x72\0\x73\x74\x61\x63\x6b\x5f\x76\x6d\
\x5f\x61\x72\x65\x61\0\x73\x74\x61\x63\x6b\x5f\x72\x65\x66\x63\x6f\x75\x6e\x74\
\0\x73\x65\x63\x75\x72\x69\x74\x79\0\x62\x70\x66\x5f\x73\x74\x6f\x72\x61\x67\
\x65\0\x62\x70\x66\x5f\x63\x74\x78\0\x6d\x63\x65\x5f\x76\x61\x64\x64\x72\0\x6d\
\x63\x65\x5f\x6b\x66\x6c\x61\x67\x73\0\x6d\x63\x65\x5f\x61\x64\x64\x72\0\x6d\
\x63\x65\x5f\x72\x69\x70\x76\0\x6d\x63\x65\x5f\x77\x68\x6f\x6c\x65\x5f\x70\x61\
\x67\x65\0\x5f\x5f\x6d\x63\x65\x5f\x72\x65\x73\x65\x72\x76\x65\x64\0\x6d\x63\
\x65\x5f\x6b\x69\x6c\x6c\x5f\x6d\x65\0\x6d\x63\x65\x5f\x63\x6f\x75\x6e\x74\0\
\x6c\x31\x64\x5f\x66\x6c\x75\x73\x68\x5f\x6b\x69\x6c\x6c\0\x74\x68\x72\x65\x61\
\x64\0\x73\x79\x73\x63\x61\x6c\x6c\x5f\x77\x6f\x72\x6b\0\x73\x74\x61\x74\x75\
\x73\0\x6e\x72\x5f\x73\x79\x73\x63\x61\x6c\x6c\x73\0\x73\x79\x73\x5f\x63\x61\
\x6c\x6c\x5f\x74\x61\x62\x6c\x65\0\x69\x61\x33\x32\x5f\x6e\x72\x5f\x73\x79\x73\
\x63\x61\x6c\x6c\x73\0\x69\x61\x33\x32\x5f\x73\x79\x73\x5f\x63\x61\x6c\x6c\x5f\
\x74\x61\x62\x6c\x65\0\x75\x6e\x73\x69\x67\x6e\x65\x64\x20\x6c\x6f\x6e\x67\0\
\x75\x33\x32\0\x5f\x5f\x75\x33\x32\0\x75\x6e\x73\x69\x67\x6e\x65\x64\x20\x69\
\x6e\x74\0\x74\x69\x5f\x73\x79\x73\x5f\x63\x61\x6c\x6c\x5f\x70\x74\x72\x5f\x74\
\0\x6c\x6f\x6e\x67\0\x70\x74\x5f\x72\x65\x67\x73\0\x72\x31\x35\0\x72\x31\x34\0\
\x72\x31\x33\0\x72\x31\x32\0\x62\x70\0\x62\x78\0\x72\x31\x31\0\x72\x31\x30\0\
\x72\x39\0\x72\x38\0\x61\x78\0\x63\x78\0\x64\x78\0\x73\x69\0\x64\x69\0\x6f\x72\
\x69\x67\x5f\x61\x78\0\x69\x70\0\x63\x73\0\x73\x70\0\x73\x73\0\x72\x65\x66\x63\
\x6f\x75\x6e\x74\x5f\x74\0\x72\x65\x66\x63\x6f\x75\x6e\x74\x5f\x73\x74\x72\x75\
\x63\x74\0\x72\x65\x66\x73\0\x61\x74\x6f\x6d\x69\x63\x5f\x74\0\x63\x6f\x75\x6e\
\x74\x65\x72\0\x5f\x5f\x63\x61\x6c\x6c\x5f\x73\x69\x6e\x67\x6c\x65\x5f\x6e\x6f\
\x64\x65\0\x6c\x6c\x69\x73\x74\0\x73\x72\x63\0\x64\x73\x74\0\x6c\x6c\x69\x73\
\x74\x5f\x6e\x6f\x64\x65\0\x6e\x65\x78\x74\0\x75\x5f\x66\x6c\x61\x67\x73\0\x61\
\x5f\x66\x6c\x61\x67\x73\0\x75\x31\x36\0\x5f\x5f\x75\x31\x36\0\x75\x6e\x73\x69\
\x67\x6e\x65\x64\x20\x73\x68\x6f\x72\x74\0\x73\x63\x68\x65\x64\x5f\x65\x6e\x74\
\x69\x74\x79\0\x6c\x6f\x61\x64\0\x72\x75\x6e\x5f\x6e\x6f\x64\x65\0\x67\x72\x6f\
\x75\x70\x5f\x6e\x6f\x64\x65\0\x65\x78\x65\x63\x5f\x73\x74\x61\x72\x74\0\x73\
\x75\x6d\x5f\x65\x78\x65\x63\x5f\x72\x75\x6e\x74\x69\x6d\x65\0\x76\x72\x75\x6e\
\x74\x69\x6d\x65\0\x70\x72\x65\x76\x5f\x73\x75\x6d\x5f\x65\x78\x65\x63\x5f\x72\
\x75\x6e\x74\x69\x6d\x65\0\x6e\x72\x5f\x6d\x69\x67\x72\x61\x74\x69\x6f\x6e\x73\
\0\x64\x65\x70\x74\x68\0\x63\x66\x73\x5f\x72\x71\0\x6d\x79\x5f\x71\0\x72\x75\
\x6e\x6e\x61\x62\x6c\x65\x5f\x77\x65\x69\x67\x68\x74\0\x61\x76\x67\0\x6c\x6f\
\x61\x64\x5f\x77\x65\x69\x67\x68\x74\0\x77\x65\x69\x67\x68\x74\0\x69\x6e\x76\
\x5f\x77\x65\x69\x67\x68\x74\0\x72\x62\x5f\x6e\x6f\x64\x65\0\x5f\x5f\x72\x62\
\x5f\x70\x61\x72\x65\x6e\x74\x5f\x63\x6f\x6c\x6f\x72\0\x72\x62\x5f\x72\x69\x67\
\x68\x74\0\x72\x62\x5f\x6c\x65\x66\x74\0\x6c\x69\x73\x74\x5f\x68\x65\x61\x64\0\
\x70\x72\x65\x76\0\x75\x36\x34\0\x5f\x5f\x75\x36\x34\0\x73\x63\x68\x65\x64\x5f\
\x61\x76\x67\0\x6c\x61\x73\x74\x5f\x75\x70\x64\x61\x74\x65\x5f\x74\x69\x6d\x65\
\0\x6c\x6f\x61\x64\x5f\x73\x75\x6d\0\x72\x75\x6e\x6e\x61\x62\x6c\x65\x5f\x73\
\x75\x6d\0\x75\x74\x69\x6c\x5f\x73\x75\x6d\0\x70\x65\x72\x69\x6f\x64\x5f\x63\
\x6f\x6e\x74\x72\x69\x62\0\x6c\x6f\x61\x64\x5f\x61\x76\x67\0\x72\x75\x6e\x6e\
\x61\x62\x6c\x65\x5f\x61\x76\x67\0\x75\x74\x69\x6c\x5f\x61\x76\x67\0\x75\x74\
\x69\x6c\x5f\x67\x75\x65\x73\x74\0\x75\x74\x69\x6c\x5f\x65\x73\x74\0\x65\x6e\
\x71\x75\x65\x75\x65\x64\0\x65\x77\x6d\x61\0\x73\x63\x68\x65\x64\x5f\x72\x74\
\x5f\x65\x6e\x74\x69\x74\x79\0\x72\x75\x6e\x5f\x6c\x69\x73\x74\0\x74\x69\x6d\
\x65\x6f\x75\x74\0\x77\x61\x74\x63\x68\x64\x6f\x67\x5f\x73\x74\x61\x6d\x70\0\
\x74\x69\x6d\x65\x5f\x73\x6c\x69\x63\x65\0\x6f\x6e\x5f\x6c\x69\x73\x74\0\x62\
\x61\x63\x6b\0\x73\x63\x68\x65\x64\x5f\x64\x6c\x5f\x65\x6e\x74\x69\x74\x79\0\
\x64\x6c\x5f\x72\x75\x6e\x74\x69\x6d\x65\0\x64\x6c\x5f\x64\x65\x61\x64\x6c\x69\
\x6e\x65\0\x64\x6c\x5f\x70\x65\x72\x69\x6f\x64\0\x64\x6c\x5f\x62\x77\0\x64\x6c\
\x5f\x64\x65\x6e\x73\x69\x74\x79\0\x72\x75\x6e\x74\x69\x6d\x65\0\x64\x65\x61\
\x64\x6c\x69\x6e\x65\0\x64\x6c\x5f\x74\x68\x72\x6f\x74\x74\x6c\x65\x64\0\x64\
\x6c\x5f\x79\x69\x65\x6c\x64\x65\x64\0\x64\x6c\x5f\x6e\x6f\x6e\x5f\x63\x6f\x6e\
\x74\x65\x6e\x64\x69\x6e\x67\0\x64\x6c\x5f\x6f\x76\x65\x72\x72\x75\x6e\0\x64\
\x6c\x5f\x74\x69\x6d\x65\x72\0\x69\x6e\x61\x63\x74\x69\x76\x65\x5f\x74\x69\x6d\
\x65\x72\0\x70\x69\x5f\x73\x65\0\x73\x36\x34\0\x5f\x5f\x73\x36\x34\0\x6c\x6f\
\x6e\x67\x20\x6c\x6f\x6e\x67\0\x68\x72\x74\x69\x6d\x65\x72\0\x6e\x6f\x64\x65\0\
\x5f\x73\x6f\x66\x74\x65\x78\x70\x69\x72\x65\x73\0\x66\x75\x6e\x63\x74\x69\x6f\
\x6e\0\x62\x61\x73\x65\0\x73\x74\x61\x74\x65\0\x69\x73\x5f\x72\x65\x6c\0\x69\
\x73\x5f\x73\x6f\x66\x74\0\x69\x73\x5f\x68\x61\x72\x64\0\x74\x69\x6d\x65\x72\
\x71\x75\x65\x75\x65\x5f\x6e\x6f\x64\x65\0\x65\x78\x70\x69\x72\x65\x73\0\x6b\
\x74\x69\x6d\x65\x5f\x74\0\x68\x72\x74\x69\x6d\x65\x72\x5f\x72\x65\x73\x74\x61\
\x72\x74\0\x48\x52\x54\x49\x4d\x45\x52\x5f\x4e\x4f\x52\x45\x53\x54\x41\x52\x54\
\0\x48\x52\x54\x49\x4d\x45\x52\x5f\x52\x45\x53\x54\x41\x52\x54\0\x75\x38\0\x5f\
\x5f\x75\x38\0\x75\x6e\x73\x69\x67\x6e\x65\x64\x20\x63\x68\x61\x72\0\x73\x63\
\x68\x65\x64\x5f\x73\x74\x61\x74\x69\x73\x74\x69\x63\x73\0\x77\x61\x69\x74\x5f\
\x73\x74\x61\x72\x74\0\x77\x61\x69\x74\x5f\x6d\x61\x78\0\x77\x61\x69\x74\x5f\
\x63\x6f\x75\x6e\x74\0\x77\x61\x69\x74\x5f\x73\x75\x6d\0\x69\x6f\x77\x61\x69\
\x74\x5f\x63\x6f\x75\x6e\x74\0\x69\x6f\x77\x61\x69\x74\x5f\x73\x75\x6d\0\x73\
\x6c\x65\x65\x70\x5f\x73\x74\x61\x72\x74\0\x73\x6c\x65\x65\x70\x5f\x6d\x61\x78\
\0\x73\x75\x6d\x5f\x73\x6c\x65\x65\x70\x5f\x72\x75\x6e\x74\x69\x6d\x65\0\x62\
\x6c\x6f\x63\x6b\x5f\x73\x74\x61\x72\x74\0\x62\x6c\x6f\x63\x6b\x5f\x6d\x61\x78\
\0\x65\x78\x65\x63\x5f\x6d\x61\x78\0\x73\x6c\x69\x63\x65\x5f\x6d\x61\x78\0\x6e\
\x72\x5f\x6d\x69\x67\x72\x61\x74\x69\x6f\x6e\x73\x5f\x63\x6f\x6c\x64\0\x6e\x72\
\x5f\x66\x61\x69\x6c\x65\x64\x5f\x6d\x69\x67\x72\x61\x74\x69\x6f\x6e\x73\x5f\
\x61\x66\x66\x69\x6e\x65\0\x6e\x72\x5f\x66\x61\x69\x6c\x65\x64\x5f\x6d\x69\x67\
\x72\x61\x74\x69\x6f\x6e\x73\x5f\x72\x75\x6e\x6e\x69\x6e\x67\0\x6e\x72\x5f\x66\
\x61\x69\x6c\x65\x64\x5f\x6d\x69\x67\x72\x61\x74\x69\x6f\x6e\x73\x5f\x68\x6f\
\x74\0\x6e\x72\x5f\x66\x6f\x72\x63\x65\x64\x5f\x6d\x69\x67\x72\x61\x74\x69\x6f\
\x6e\x73\0\x6e\x72\x5f\x77\x61\x6b\x65\x75\x70\x73\0\x6e\x72\x5f\x77\x61\x6b\
\x65\x75\x70\x73\x5f\x73\x79\x6e\x63\0\x6e\x72\x5f\x77\x61\x6b\x65\x75\x70\x73\
\x5f\x6d\x69\x67\x72\x61\x74\x65\0\x6e\x72\x5f\x77\x61\x6b\x65\x75\x70\x73\x5f\
\x6c\x6f\x63\x61\x6c\0\x6e\x72\x5f\x77\x61\x6b\x65\x75\x70\x73\x5f\x72\x65\x6d\
\x6f\x74\x65\0\x6e\x72\x5f\x77\x61\x6b\x65\x75\x70\x73\x5f\x61\x66\x66\x69\x6e\
\x65\0\x6e\x72\x5f\x77\x61\x6b\x65\x75\x70\x73\x5f\x61\x66\x66\x69\x6e\x65\x5f\
\x61\x74\x74\x65\x6d\x70\x74\x73\0\x6e\x72\x5f\x77\x61\x6b\x65\x75\x70\x73\x5f\
\x70\x61\x73\x73\x69\x76\x65\0\x6e\x72\x5f\x77\x61\x6b\x65\x75\x70\x73\x5f\x69\
\x64\x6c\x65\0\x68\x6c\x69\x73\x74\x5f\x68\x65\x61\x64\0\x66\x69\x72\x73\x74\0\
\x63\x70\x75\x6d\x61\x73\x6b\x5f\x74\0\x63\x70\x75\x6d\x61\x73\x6b\0\x62\x69\
\x74\x73\0\x72\x63\x75\x5f\x73\x70\x65\x63\x69\x61\x6c\0\x62\0\x73\0\x6e\x65\
\x65\x64\x5f\x71\x73\0\x65\x78\x70\x5f\x68\x69\x6e\x74\0\x6e\x65\x65\x64\x5f\
\x6d\x62\0\x62\x6f\x6f\x6c\0\x5f\x42\x6f\x6f\x6c\0\x70\x63\x6f\x75\x6e\x74\0\
\x72\x75\x6e\x5f\x64\x65\x6c\x61\x79\0\x6c\x61\x73\x74\x5f\x61\x72\x72\x69\x76\
\x61\x6c\0\x6c\x61\x73\x74\x5f\x71\x75\x65\x75\x65\x64\0\x70\x6c\x69\x73\x74\
\x5f\x6e\x6f\x64\x65\0\x70\x72\x69\x6f\x5f\x6c\x69\x73\x74\0\x6e\x6f\x64\x65\
\x5f\x6c\x69\x73\x74\0\x73\x65\x71\x6e\x75\x6d\0\x76\x6d\x61\x73\0\x76\x6d\x5f\
\x61\x72\x65\x61\x5f\x73\x74\x72\x75\x63\x74\0\x76\x6d\x5f\x73\x74\x61\x72\x74\
\0\x76\x6d\x5f\x65\x6e\x64\0\x76\x6d\x5f\x6e\x65\x78\x74\0\x76\x6d\x5f\x70\x72\
\x65\x76\0\x76\x6d\x5f\x72\x62\0\x72\x62\x5f\x73\x75\x62\x74\x72\x65\x65\x5f\
\x67\x61\x70\0\x76\x6d\x5f\x6d\x6d\0\x76\x6d\x5f\x70\x61\x67\x65\x5f\x70\x72\
\x6f\x74\0\x76\x6d\x5f\x66\x6c\x61\x67\x73\0\x61\x6e\x6f\x6e\x5f\x76\x6d\x61\
\x5f\x63\x68\x61\x69\x6e\0\x61\x6e\x6f\x6e\x5f\x76\x6d\x61\0\x76\x6d\x5f\x6f\
\x70\x73\0\x76\x6d\x5f\x70\x67\x6f\x66\x66\0\x76\x6d\x5f\x66\x69\x6c\x65\0\x76\
\x6d\x5f\x70\x72\x69\x76\x61\x74\x65\x5f\x64\x61\x74\x61\0\x73\x77\x61\x70\x5f\
\x72\x65\x61\x64\x61\x68\x65\x61\x64\x5f\x69\x6e\x66\x6f\0\x76\x6d\x5f\x75\x73\
\x65\x72\x66\x61\x75\x6c\x74\x66\x64\x5f\x63\x74\x78\0\x70\x67\x70\x72\x6f\x74\
\x5f\x74\0\x70\x67\x70\x72\x6f\x74\0\x70\x67\x70\x72\x6f\x74\x76\x61\x6c\x5f\
\x74\0\x73\x68\x61\x72\x65\x64\0\x61\x6e\x6f\x6e\x5f\x6e\x61\x6d\x65\0\x72\x62\
\x5f\x73\x75\x62\x74\x72\x65\x65\x5f\x6c\x61\x73\x74\0\x63\x68\x61\x72\0\x61\
\x74\x6f\x6d\x69\x63\x5f\x6c\x6f\x6e\x67\x5f\x74\0\x61\x74\x6f\x6d\x69\x63\x36\
\x34\x5f\x74\0\x74\x61\x73\x6b\x5f\x72\x73\x73\x5f\x73\x74\x61\x74\0\x65\x76\
\x65\x6e\x74\x73\0\x63\x6f\x75\x6e\x74\0\x61\x72\x63\x68\x5f\x64\x61\x74\x61\0\
\x66\x6e\0\x66\x75\x74\x65\x78\0\x6e\x61\x6e\x6f\x73\x6c\x65\x65\x70\0\x70\x6f\
\x6c\x6c\0\x75\x61\x64\x64\x72\0\x76\x61\x6c\0\x62\x69\x74\x73\x65\x74\0\x74\
\x69\x6d\x65\0\x75\x61\x64\x64\x72\x32\0\x63\x6c\x6f\x63\x6b\x69\x64\0\x63\x6c\
\x6f\x63\x6b\x69\x64\x5f\x74\0\x5f\x5f\x6b\x65\x72\x6e\x65\x6c\x5f\x63\x6c\x6f\
\x63\x6b\x69\x64\x5f\x74\0\x74\x69\x6d\x65\x73\x70\x65\x63\x5f\x74\x79\x70\x65\
\0\x54\x54\x5f\x4e\x4f\x4e\x45\0\x54\x54\x5f\x4e\x41\x54\x49\x56\x45\0\x54\x54\
\x5f\x43\x4f\x4d\x50\x41\x54\0\x72\x6d\x74\x70\0\x63\x6f\x6d\x70\x61\x74\x5f\
\x72\x6d\x74\x70\0\x75\x66\x64\x73\0\x6e\x66\x64\x73\0\x68\x61\x73\x5f\x74\x69\
\x6d\x65\x6f\x75\x74\0\x74\x76\x5f\x73\x65\x63\0\x74\x76\x5f\x6e\x73\x65\x63\0\
\x70\x69\x64\x5f\x74\0\x5f\x5f\x6b\x65\x72\x6e\x65\x6c\x5f\x70\x69\x64\x5f\x74\
\0\x68\x6c\x69\x73\x74\x5f\x6e\x6f\x64\x65\0\x70\x70\x72\x65\x76\0\x6c\x6f\x63\
\x6b\0\x72\x61\x77\x5f\x73\x70\x69\x6e\x6c\x6f\x63\x6b\x5f\x74\0\x72\x61\x77\
\x5f\x73\x70\x69\x6e\x6c\x6f\x63\x6b\0\x72\x61\x77\x5f\x6c\x6f\x63\x6b\0\x61\
\x72\x63\x68\x5f\x73\x70\x69\x6e\x6c\x6f\x63\x6b\x5f\x74\0\x71\x73\x70\x69\x6e\
\x6c\x6f\x63\x6b\0\x6c\x6f\x63\x6b\x65\x64\0\x6c\x6f\x63\x6b\x65\x64\x5f\x70\
\x65\x6e\x64\x69\x6e\x67\0\x74\x61\x69\x6c\0\x62\x61\x73\x65\x73\0\x74\x69\x6d\
\x65\x72\x73\x5f\x61\x63\x74\x69\x76\x65\0\x65\x78\x70\x69\x72\x79\x5f\x61\x63\
\x74\x69\x76\x65\0\x70\x6f\x73\x69\x78\x5f\x63\x70\x75\x74\x69\x6d\x65\x72\x5f\
\x62\x61\x73\x65\0\x6e\x65\x78\x74\x65\x76\x74\0\x74\x71\x68\x65\x61\x64\0\x74\
\x69\x6d\x65\x72\x71\x75\x65\x75\x65\x5f\x68\x65\x61\x64\0\x72\x62\x5f\x72\x6f\
\x6f\x74\0\x72\x62\x5f\x72\x6f\x6f\x74\x5f\x63\x61\x63\x68\x65\x64\0\x72\x62\
\x5f\x6c\x65\x66\x74\x6d\x6f\x73\x74\0\x77\x6f\x72\x6b\0\x6d\x75\x74\x65\x78\0\
\x73\x63\x68\x65\x64\x75\x6c\x65\x64\0\x63\x61\x6c\x6c\x62\x61\x63\x6b\x5f\x68\
\x65\x61\x64\0\x66\x75\x6e\x63\0\x6f\x77\x6e\x65\x72\0\x77\x61\x69\x74\x5f\x6c\
\x6f\x63\x6b\0\x6f\x73\x71\0\x77\x61\x69\x74\x5f\x6c\x69\x73\x74\0\x6f\x70\x74\
\x69\x6d\x69\x73\x74\x69\x63\x5f\x73\x70\x69\x6e\x5f\x71\x75\x65\x75\x65\0\x73\
\x75\x62\x73\x63\x72\x69\x62\x65\x72\x73\0\x70\x75\x74\x5f\x61\x64\x64\x72\0\
\x6d\x61\x67\x69\x63\0\x75\x69\x64\0\x67\x69\x64\0\x73\x75\x69\x64\0\x73\x67\
\x69\x64\0\x65\x75\x69\x64\0\x65\x67\x69\x64\0\x66\x73\x75\x69\x64\0\x66\x73\
\x67\x69\x64\0\x73\x65\x63\x75\x72\x65\x62\x69\x74\x73\0\x63\x61\x70\x5f\x69\
\x6e\x68\x65\x72\x69\x74\x61\x62\x6c\x65\0\x63\x61\x70\x5f\x70\x65\x72\x6d\x69\
\x74\x74\x65\x64\0\x63\x61\x70\x5f\x65\x66\x66\x65\x63\x74\x69\x76\x65\0\x63\
\x61\x70\x5f\x62\x73\x65\x74\0\x63\x61\x70\x5f\x61\x6d\x62\x69\x65\x6e\x74\0\
\x6a\x69\x74\x5f\x6b\x65\x79\x72\x69\x6e\x67\0\x73\x65\x73\x73\x69\x6f\x6e\x5f\
\x6b\x65\x79\x72\x69\x6e\x67\0\x70\x72\x6f\x63\x65\x73\x73\x5f\x6b\x65\x79\x72\
\x69\x6e\x67\0\x74\x68\x72\x65\x61\x64\x5f\x6b\x65\x79\x72\x69\x6e\x67\0\x72\
\x65\x71\x75\x65\x73\x74\x5f\x6b\x65\x79\x5f\x61\x75\x74\x68\0\x75\x73\x65\x72\
\0\x75\x73\x65\x72\x5f\x6e\x73\0\x75\x63\x6f\x75\x6e\x74\x73\0\x67\x72\x6f\x75\
\x70\x5f\x69\x6e\x66\x6f\0\x6b\x75\x69\x64\x5f\x74\0\x75\x69\x64\x5f\x74\0\x5f\
\x5f\x6b\x65\x72\x6e\x65\x6c\x5f\x75\x69\x64\x33\x32\x5f\x74\0\x6b\x67\x69\x64\
\x5f\x74\0\x67\x69\x64\x5f\x74\0\x5f\x5f\x6b\x65\x72\x6e\x65\x6c\x5f\x67\x69\
\x64\x33\x32\x5f\x74\0\x6b\x65\x72\x6e\x65\x6c\x5f\x63\x61\x70\x5f\x74\0\x6b\
\x65\x72\x6e\x65\x6c\x5f\x63\x61\x70\x5f\x73\x74\x72\x75\x63\x74\0\x63\x61\x70\
\0\x6e\x6f\x6e\x5f\x72\x63\x75\0\x72\x63\x75\0\x73\x79\x73\x76\x5f\x73\x65\x6d\
\0\x75\x6e\x64\x6f\x5f\x6c\x69\x73\x74\0\x73\x79\x73\x76\x5f\x73\x68\x6d\0\x73\
\x68\x6d\x5f\x63\x6c\x69\x73\x74\0\x73\x69\x67\x73\x65\x74\x5f\x74\0\x73\x69\
\x67\0\x73\x69\x67\x70\x65\x6e\x64\x69\x6e\x67\0\x6c\x69\x73\x74\0\x73\x69\x7a\
\x65\x5f\x74\0\x5f\x5f\x6b\x65\x72\x6e\x65\x6c\x5f\x73\x69\x7a\x65\x5f\x74\0\
\x5f\x5f\x6b\x65\x72\x6e\x65\x6c\x5f\x75\x6c\x6f\x6e\x67\x5f\x74\0\x6d\x6f\x64\
\x65\0\x66\x69\x6c\x74\x65\x72\x5f\x63\x6f\x75\x6e\x74\0\x66\x69\x6c\x74\x65\
\x72\0\x73\x79\x73\x63\x61\x6c\x6c\x5f\x75\x73\x65\x72\x5f\x64\x69\x73\x70\x61\
\x74\x63\x68\0\x73\x65\x6c\x65\x63\x74\x6f\x72\0\x6f\x66\x66\x73\x65\x74\0\x6c\
\x65\x6e\0\x6f\x6e\x5f\x64\x69\x73\x70\x61\x74\x63\x68\0\x73\x70\x69\x6e\x6c\
\x6f\x63\x6b\x5f\x74\0\x73\x70\x69\x6e\x6c\x6f\x63\x6b\0\x72\x6c\x6f\x63\x6b\0\
\x77\x61\x6b\x65\x5f\x71\x5f\x6e\x6f\x64\x65\0\x6b\x65\x72\x6e\x65\x6c\x5f\x73\
\x69\x67\x69\x6e\x66\x6f\x5f\x74\0\x74\x61\x73\x6b\x5f\x69\x6f\x5f\x61\x63\x63\
\x6f\x75\x6e\x74\x69\x6e\x67\0\x72\x63\x68\x61\x72\0\x77\x63\x68\x61\x72\0\x73\
\x79\x73\x63\x72\0\x73\x79\x73\x63\x77\0\x73\x79\x73\x63\x66\x73\0\x72\x65\x61\
\x64\x5f\x62\x79\x74\x65\x73\0\x77\x72\x69\x74\x65\x5f\x62\x79\x74\x65\x73\0\
\x63\x61\x6e\x63\x65\x6c\x6c\x65\x64\x5f\x77\x72\x69\x74\x65\x5f\x62\x79\x74\
\x65\x73\0\x6e\x6f\x64\x65\x6d\x61\x73\x6b\x5f\x74\0\x73\x65\x71\x63\x6f\x75\
\x6e\x74\x5f\x73\x70\x69\x6e\x6c\x6f\x63\x6b\x5f\x74\0\x73\x65\x71\x63\x6f\x75\
\x6e\x74\x5f\x73\x70\x69\x6e\x6c\x6f\x63\x6b\0\x73\x65\x71\x63\x6f\x75\x6e\x74\
\0\x73\x65\x71\x63\x6f\x75\x6e\x74\x5f\x74\0\x73\x65\x71\x75\x65\x6e\x63\x65\0\
\x70\x65\x72\x66\x5f\x65\x76\x65\x6e\x74\x5f\x63\x6f\x6e\x74\x65\x78\x74\0\x70\
\x6d\x75\0\x61\x63\x74\x69\x76\x65\x5f\x63\x74\x78\x5f\x6c\x69\x73\x74\0\x70\
\x69\x6e\x6e\x65\x64\x5f\x67\x72\x6f\x75\x70\x73\0\x66\x6c\x65\x78\x69\x62\x6c\
\x65\x5f\x67\x72\x6f\x75\x70\x73\0\x65\x76\x65\x6e\x74\x5f\x6c\x69\x73\x74\0\
\x70\x69\x6e\x6e\x65\x64\x5f\x61\x63\x74\x69\x76\x65\0\x66\x6c\x65\x78\x69\x62\
\x6c\x65\x5f\x61\x63\x74\x69\x76\x65\0\x6e\x72\x5f\x65\x76\x65\x6e\x74\x73\0\
\x6e\x72\x5f\x61\x63\x74\x69\x76\x65\0\x69\x73\x5f\x61\x63\x74\x69\x76\x65\0\
\x6e\x72\x5f\x73\x74\x61\x74\0\x6e\x72\x5f\x66\x72\x65\x71\0\x72\x6f\x74\x61\
\x74\x65\x5f\x64\x69\x73\x61\x62\x6c\x65\0\x72\x6f\x74\x61\x74\x65\x5f\x6e\x65\
\x63\x65\x73\x73\x61\x72\x79\0\x72\x65\x66\x63\x6f\x75\x6e\x74\0\x74\x61\x73\
\x6b\0\x74\x69\x6d\x65\x73\x74\x61\x6d\x70\0\x74\x69\x6d\x65\x6f\x66\x66\x73\
\x65\x74\0\x70\x61\x72\x65\x6e\x74\x5f\x63\x74\x78\0\x70\x61\x72\x65\x6e\x74\
\x5f\x67\x65\x6e\0\x67\x65\x6e\x65\x72\x61\x74\x69\x6f\x6e\0\x70\x69\x6e\x5f\
\x63\x6f\x75\x6e\x74\0\x74\x61\x73\x6b\x5f\x63\x74\x78\x5f\x64\x61\x74\x61\0\
\x6e\x72\x5f\x70\x65\x6e\x64\x69\x6e\x67\0\x70\x65\x72\x66\x5f\x65\x76\x65\x6e\
\x74\x5f\x67\x72\x6f\x75\x70\x73\0\x74\x72\x65\x65\0\x69\x6e\x64\x65\x78\0\x6c\
\x6f\x63\x61\x6c\x5f\x74\0\x61\0\x74\x6c\x62\x66\x6c\x75\x73\x68\x5f\x75\x6e\
\x6d\x61\x70\x5f\x62\x61\x74\x63\x68\0\x61\x72\x63\x68\0\x66\x6c\x75\x73\x68\
\x5f\x72\x65\x71\x75\x69\x72\x65\x64\0\x77\x72\x69\x74\x61\x62\x6c\x65\0\x61\
\x72\x63\x68\x5f\x74\x6c\x62\x66\x6c\x75\x73\x68\x5f\x75\x6e\x6d\x61\x70\x5f\
\x62\x61\x74\x63\x68\0\x72\x63\x75\x5f\x75\x73\x65\x72\x73\0\x70\x61\x67\x65\
\x5f\x66\x72\x61\x67\0\x70\x61\x67\x65\0\x73\x69\x7a\x65\0\x74\x69\x6d\x65\x72\
\x5f\x6c\x69\x73\x74\0\x65\x6e\x74\x72\x79\0\x74\x68\x72\x65\x61\x64\x5f\x73\
\x74\x72\x75\x63\x74\0\x74\x6c\x73\x5f\x61\x72\x72\x61\x79\0\x65\x73\0\x64\x73\
\0\x66\x73\x69\x6e\x64\x65\x78\0\x67\x73\x69\x6e\x64\x65\x78\0\x66\x73\x62\x61\
\x73\x65\0\x67\x73\x62\x61\x73\x65\0\x70\x74\x72\x61\x63\x65\x5f\x62\x70\x73\0\
\x76\x69\x72\x74\x75\x61\x6c\x5f\x64\x72\x36\0\x70\x74\x72\x61\x63\x65\x5f\x64\
\x72\x37\0\x63\x72\x32\0\x74\x72\x61\x70\x5f\x6e\x72\0\x65\x72\x72\x6f\x72\x5f\
\x63\x6f\x64\x65\0\x69\x6f\x5f\x62\x69\x74\x6d\x61\x70\0\x69\x6f\x70\x6c\x5f\
\x65\x6d\x75\x6c\0\x69\x6f\x70\x6c\x5f\x77\x61\x72\x6e\0\x73\x69\x67\x5f\x6f\
\x6e\x5f\x75\x61\x63\x63\x65\x73\x73\x5f\x65\x72\x72\0\x70\x6b\x72\x75\0\x66\
\x70\x75\0\x64\x65\x73\x63\x5f\x73\x74\x72\x75\x63\x74\0\x6c\x69\x6d\x69\x74\
\x30\0\x62\x61\x73\x65\x30\0\x62\x61\x73\x65\x31\0\x64\x70\x6c\0\x70\0\x6c\x69\
\x6d\x69\x74\x31\0\x61\x76\x6c\0\x6c\0\x64\0\x67\0\x62\x61\x73\x65\x32\0\x70\
\x65\x72\x66\x5f\x65\x76\x65\x6e\x74\0\x65\x76\x65\x6e\x74\x5f\x65\x6e\x74\x72\
\x79\0\x73\x69\x62\x6c\x69\x6e\x67\x5f\x6c\x69\x73\x74\0\x61\x63\x74\x69\x76\
\x65\x5f\x6c\x69\x73\x74\0\x67\x72\x6f\x75\x70\x5f\x69\x6e\x64\x65\x78\0\x6d\
\x69\x67\x72\x61\x74\x65\x5f\x65\x6e\x74\x72\x79\0\x68\x6c\x69\x73\x74\x5f\x65\
\x6e\x74\x72\x79\0\x61\x63\x74\x69\x76\x65\x5f\x65\x6e\x74\x72\x79\0\x6e\x72\
\x5f\x73\x69\x62\x6c\x69\x6e\x67\x73\0\x65\x76\x65\x6e\x74\x5f\x63\x61\x70\x73\
\0\x67\x72\x6f\x75\x70\x5f\x63\x61\x70\x73\0\x70\x6d\x75\x5f\x70\x72\x69\x76\
\x61\x74\x65\0\x61\x74\x74\x61\x63\x68\x5f\x73\x74\x61\x74\x65\0\x63\x68\x69\
\x6c\x64\x5f\x63\x6f\x75\x6e\x74\0\x74\x6f\x74\x61\x6c\x5f\x74\x69\x6d\x65\x5f\
\x65\x6e\x61\x62\x6c\x65\x64\0\x74\x6f\x74\x61\x6c\x5f\x74\x69\x6d\x65\x5f\x72\
\x75\x6e\x6e\x69\x6e\x67\0\x74\x73\x74\x61\x6d\x70\0\x61\x74\x74\x72\0\x68\x65\
\x61\x64\x65\x72\x5f\x73\x69\x7a\x65\0\x69\x64\x5f\x68\x65\x61\x64\x65\x72\x5f\
\x73\x69\x7a\x65\0\x72\x65\x61\x64\x5f\x73\x69\x7a\x65\0\x68\x77\0\x63\x68\x69\
\x6c\x64\x5f\x74\x6f\x74\x61\x6c\x5f\x74\x69\x6d\x65\x5f\x65\x6e\x61\x62\x6c\
\x65\x64\0\x63\x68\x69\x6c\x64\x5f\x74\x6f\x74\x61\x6c\x5f\x74\x69\x6d\x65\x5f\
\x72\x75\x6e\x6e\x69\x6e\x67\0\x63\x68\x69\x6c\x64\x5f\x6d\x75\x74\x65\x78\0\
\x63\x68\x69\x6c\x64\x5f\x6c\x69\x73\x74\0\x6f\x6e\x63\x70\x75\0\x6f\x77\x6e\
\x65\x72\x5f\x65\x6e\x74\x72\x79\0\x6d\x6d\x61\x70\x5f\x6d\x75\x74\x65\x78\0\
\x6d\x6d\x61\x70\x5f\x63\x6f\x75\x6e\x74\0\x72\x62\x5f\x65\x6e\x74\x72\x79\0\
\x72\x63\x75\x5f\x62\x61\x74\x63\x68\x65\x73\0\x72\x63\x75\x5f\x70\x65\x6e\x64\
\x69\x6e\x67\0\x77\x61\x69\x74\x71\0\x66\x61\x73\x79\x6e\x63\0\x70\x65\x6e\x64\
\x69\x6e\x67\x5f\x77\x61\x6b\x65\x75\x70\0\x70\x65\x6e\x64\x69\x6e\x67\x5f\x6b\
\x69\x6c\x6c\0\x70\x65\x6e\x64\x69\x6e\x67\x5f\x64\x69\x73\x61\x62\x6c\x65\0\
\x70\x65\x6e\x64\x69\x6e\x67\x5f\x73\x69\x67\x74\x72\x61\x70\0\x70\x65\x6e\x64\
\x69\x6e\x67\x5f\x61\x64\x64\x72\0\x70\x65\x6e\x64\x69\x6e\x67\x5f\x69\x72\x71\
\0\x70\x65\x6e\x64\x69\x6e\x67\x5f\x74\x61\x73\x6b\0\x70\x65\x6e\x64\x69\x6e\
\x67\x5f\x77\x6f\x72\x6b\0\x65\x76\x65\x6e\x74\x5f\x6c\x69\x6d\x69\x74\0\x61\
\x64\x64\x72\x5f\x66\x69\x6c\x74\x65\x72\x73\0\x61\x64\x64\x72\x5f\x66\x69\x6c\
\x74\x65\x72\x5f\x72\x61\x6e\x67\x65\x73\0\x61\x64\x64\x72\x5f\x66\x69\x6c\x74\
\x65\x72\x73\x5f\x67\x65\x6e\0\x61\x75\x78\x5f\x65\x76\x65\x6e\x74\0\x64\x65\
\x73\x74\x72\x6f\x79\0\x6e\x73\0\x69\x64\0\x63\x6c\x6f\x63\x6b\0\x6f\x76\x65\
\x72\x66\x6c\x6f\x77\x5f\x68\x61\x6e\x64\x6c\x65\x72\0\x6f\x76\x65\x72\x66\x6c\
\x6f\x77\x5f\x68\x61\x6e\x64\x6c\x65\x72\x5f\x63\x6f\x6e\x74\x65\x78\x74\0\x6f\
\x72\x69\x67\x5f\x6f\x76\x65\x72\x66\x6c\x6f\x77\x5f\x68\x61\x6e\x64\x6c\x65\
\x72\0\x70\x72\x6f\x67\0\x62\x70\x66\x5f\x63\x6f\x6f\x6b\x69\x65\0\x74\x70\x5f\
\x65\x76\x65\x6e\x74\0\x66\x74\x72\x61\x63\x65\x5f\x6f\x70\x73\0\x73\x62\x5f\
\x6c\x69\x73\x74\0\x70\x65\x72\x66\x5f\x65\x76\x65\x6e\x74\x5f\x73\x74\x61\x74\
\x65\0\x50\x45\x52\x46\x5f\x45\x56\x45\x4e\x54\x5f\x53\x54\x41\x54\x45\x5f\x44\
\x45\x41\x44\0\x50\x45\x52\x46\x5f\x45\x56\x45\x4e\x54\x5f\x53\x54\x41\x54\x45\
\x5f\x45\x58\x49\x54\0\x50\x45\x52\x46\x5f\x45\x56\x45\x4e\x54\x5f\x53\x54\x41\
\x54\x45\x5f\x45\x52\x52\x4f\x52\0\x50\x45\x52\x46\x5f\x45\x56\x45\x4e\x54\x5f\
\x53\x54\x41\x54\x45\x5f\x4f\x46\x46\0\x50\x45\x52\x46\x5f\x45\x56\x45\x4e\x54\
\x5f\x53\x54\x41\x54\x45\x5f\x49\x4e\x41\x43\x54\x49\x56\x45\0\x50\x45\x52\x46\
\x5f\x45\x56\x45\x4e\x54\x5f\x53\x54\x41\x54\x45\x5f\x41\x43\x54\x49\x56\x45\0\
\x6c\x6f\x63\x61\x6c\x36\x34\x5f\x74\0\x70\x65\x72\x66\x5f\x65\x76\x65\x6e\x74\
\x5f\x61\x74\x74\x72\0\x63\x6f\x6e\x66\x69\x67\0\x73\x61\x6d\x70\x6c\x65\x5f\
\x74\x79\x70\x65\0\x72\x65\x61\x64\x5f\x66\x6f\x72\x6d\x61\x74\0\x64\x69\x73\
\x61\x62\x6c\x65\x64\0\x69\x6e\x68\x65\x72\x69\x74\0\x70\x69\x6e\x6e\x65\x64\0\
\x65\x78\x63\x6c\x75\x73\x69\x76\x65\0\x65\x78\x63\x6c\x75\x64\x65\x5f\x75\x73\
\x65\x72\0\x65\x78\x63\x6c\x75\x64\x65\x5f\x6b\x65\x72\x6e\x65\x6c\0\x65\x78\
\x63\x6c\x75\x64\x65\x5f\x68\x76\0\x65\x78\x63\x6c\x75\x64\x65\x5f\x69\x64\x6c\
\x65\0\x6d\x6d\x61\x70\0\x66\x72\x65\x71\0\x69\x6e\x68\x65\x72\x69\x74\x5f\x73\
\x74\x61\x74\0\x65\x6e\x61\x62\x6c\x65\x5f\x6f\x6e\x5f\x65\x78\x65\x63\0\x77\
\x61\x74\x65\x72\x6d\x61\x72\x6b\0\x70\x72\x65\x63\x69\x73\x65\x5f\x69\x70\0\
\x6d\x6d\x61\x70\x5f\x64\x61\x74\x61\0\x73\x61\x6d\x70\x6c\x65\x5f\x69\x64\x5f\
\x61\x6c\x6c\0\x65\x78\x63\x6c\x75\x64\x65\x5f\x68\x6f\x73\x74\0\x65\x78\x63\
\x6c\x75\x64\x65\x5f\x67\x75\x65\x73\x74\0\x65\x78\x63\x6c\x75\x64\x65\x5f\x63\
\x61\x6c\x6c\x63\x68\x61\x69\x6e\x5f\x6b\x65\x72\x6e\x65\x6c\0\x65\x78\x63\x6c\
\x75\x64\x65\x5f\x63\x61\x6c\x6c\x63\x68\x61\x69\x6e\x5f\x75\x73\x65\x72\0\x6d\
\x6d\x61\x70\x32\0\x63\x6f\x6d\x6d\x5f\x65\x78\x65\x63\0\x75\x73\x65\x5f\x63\
\x6c\x6f\x63\x6b\x69\x64\0\x63\x6f\x6e\x74\x65\x78\x74\x5f\x73\x77\x69\x74\x63\
\x68\0\x77\x72\x69\x74\x65\x5f\x62\x61\x63\x6b\x77\x61\x72\x64\0\x6e\x61\x6d\
\x65\x73\x70\x61\x63\x65\x73\0\x6b\x73\x79\x6d\x62\x6f\x6c\0\x62\x70\x66\x5f\
\x65\x76\x65\x6e\x74\0\x61\x75\x78\x5f\x6f\x75\x74\x70\x75\x74\0\x63\x67\x72\
\x6f\x75\x70\0\x74\x65\x78\x74\x5f\x70\x6f\x6b\x65\0\x62\x75\x69\x6c\x64\x5f\
\x69\x64\0\x69\x6e\x68\x65\x72\x69\x74\x5f\x74\x68\x72\x65\x61\x64\0\x72\x65\
\x6d\x6f\x76\x65\x5f\x6f\x6e\x5f\x65\x78\x65\x63\0\x73\x69\x67\x74\x72\x61\x70\
\0\x5f\x5f\x72\x65\x73\x65\x72\x76\x65\x64\x5f\x31\0\x62\x70\x5f\x74\x79\x70\
\x65\0\x62\x72\x61\x6e\x63\x68\x5f\x73\x61\x6d\x70\x6c\x65\x5f\x74\x79\x70\x65\
\0\x73\x61\x6d\x70\x6c\x65\x5f\x72\x65\x67\x73\x5f\x75\x73\x65\x72\0\x73\x61\
\x6d\x70\x6c\x65\x5f\x73\x74\x61\x63\x6b\x5f\x75\x73\x65\x72\0\x73\x61\x6d\x70\
\x6c\x65\x5f\x72\x65\x67\x73\x5f\x69\x6e\x74\x72\0\x61\x75\x78\x5f\x77\x61\x74\
\x65\x72\x6d\x61\x72\x6b\0\x73\x61\x6d\x70\x6c\x65\x5f\x6d\x61\x78\x5f\x73\x74\
\x61\x63\x6b\0\x5f\x5f\x72\x65\x73\x65\x72\x76\x65\x64\x5f\x32\0\x61\x75\x78\
\x5f\x73\x61\x6d\x70\x6c\x65\x5f\x73\x69\x7a\x65\0\x5f\x5f\x72\x65\x73\x65\x72\
\x76\x65\x64\x5f\x33\0\x73\x69\x67\x5f\x64\x61\x74\x61\0\x73\x61\x6d\x70\x6c\
\x65\x5f\x70\x65\x72\x69\x6f\x64\0\x73\x61\x6d\x70\x6c\x65\x5f\x66\x72\x65\x71\
\0\x77\x61\x6b\x65\x75\x70\x5f\x65\x76\x65\x6e\x74\x73\0\x77\x61\x6b\x65\x75\
\x70\x5f\x77\x61\x74\x65\x72\x6d\x61\x72\x6b\0\x62\x70\x5f\x61\x64\x64\x72\0\
\x6b\x70\x72\x6f\x62\x65\x5f\x66\x75\x6e\x63\0\x75\x70\x72\x6f\x62\x65\x5f\x70\
\x61\x74\x68\0\x63\x6f\x6e\x66\x69\x67\x31\0\x62\x70\x5f\x6c\x65\x6e\0\x6b\x70\
\x72\x6f\x62\x65\x5f\x61\x64\x64\x72\0\x70\x72\x6f\x62\x65\x5f\x6f\x66\x66\x73\
\x65\x74\0\x63\x6f\x6e\x66\x69\x67\x32\0\x5f\x5f\x73\x33\x32\0\x68\x77\x5f\x70\
\x65\x72\x66\x5f\x65\x76\x65\x6e\x74\0\x74\x61\x72\x67\x65\x74\0\x70\x72\x65\
\x76\x5f\x63\x6f\x75\x6e\x74\0\x69\x6e\x74\x65\x72\x72\x75\x70\x74\x73\x5f\x73\
\x65\x71\0\x69\x6e\x74\x65\x72\x72\x75\x70\x74\x73\0\x66\x72\x65\x71\x5f\x74\
\x69\x6d\x65\x5f\x73\x74\x61\x6d\x70\0\x66\x72\x65\x71\x5f\x63\x6f\x75\x6e\x74\
\x5f\x73\x74\x61\x6d\x70\0\x6c\x61\x73\x74\x5f\x74\x61\x67\0\x63\x6f\x6e\x66\
\x69\x67\x5f\x62\x61\x73\x65\0\x65\x76\x65\x6e\x74\x5f\x62\x61\x73\x65\0\x65\
\x76\x65\x6e\x74\x5f\x62\x61\x73\x65\x5f\x72\x64\x70\x6d\x63\0\x69\x64\x78\0\
\x6c\x61\x73\x74\x5f\x63\x70\x75\0\x65\x78\x74\x72\x61\x5f\x72\x65\x67\0\x62\
\x72\x61\x6e\x63\x68\x5f\x72\x65\x67\0\x68\x77\x5f\x70\x65\x72\x66\x5f\x65\x76\
\x65\x6e\x74\x5f\x65\x78\x74\x72\x61\0\x72\x65\x67\0\x61\x6c\x6c\x6f\x63\0\x74\
\x70\x5f\x6c\x69\x73\x74\0\x70\x77\x72\x5f\x61\x63\x63\0\x70\x74\x73\x63\0\x69\
\x6e\x66\x6f\0\x62\x70\x5f\x6c\x69\x73\x74\0\x61\x72\x63\x68\x5f\x68\x77\x5f\
\x62\x72\x65\x61\x6b\x70\x6f\x69\x6e\x74\0\x61\x64\x64\x72\x65\x73\x73\0\x6d\
\x61\x73\x6b\0\x69\x6f\x6d\x6d\x75\x5f\x62\x61\x6e\x6b\0\x69\x6f\x6d\x6d\x75\
\x5f\x63\x6e\x74\x72\0\x70\x61\x64\x64\x69\x6e\x67\0\x63\x6f\x6e\x66\0\x63\x6f\
\x6e\x66\x31\0\x6c\x61\x73\x74\x5f\x70\x65\x72\x69\x6f\x64\0\x70\x65\x72\x69\
\x6f\x64\x5f\x6c\x65\x66\x74\0\x73\x61\x76\x65\x64\x5f\x6d\x65\x74\x72\x69\x63\
\0\x73\x61\x76\x65\x64\x5f\x73\x6c\x6f\x74\x73\0\x77\x61\x69\x74\x5f\x71\x75\
\x65\x75\x65\x5f\x68\x65\x61\x64\x5f\x74\0\x77\x61\x69\x74\x5f\x71\x75\x65\x75\
\x65\x5f\x68\x65\x61\x64\0\x68\x65\x61\x64\0\x69\x72\x71\x5f\x77\x6f\x72\x6b\0\
\x70\x65\x72\x66\x5f\x61\x64\x64\x72\x5f\x66\x69\x6c\x74\x65\x72\x73\x5f\x68\
\x65\x61\x64\0\x6e\x72\x5f\x66\x69\x6c\x65\x5f\x66\x69\x6c\x74\x65\x72\x73\0\
\x70\x65\x72\x66\x5f\x6f\x76\x65\x72\x66\x6c\x6f\x77\x5f\x68\x61\x6e\x64\x6c\
\x65\x72\x5f\x74\0\x70\x65\x72\x66\x5f\x73\x61\x6d\x70\x6c\x65\x5f\x64\x61\x74\
\x61\0\x61\x64\x64\x72\0\x72\x61\x77\0\x62\x72\x5f\x73\x74\x61\x63\x6b\0\x70\
\x65\x72\x69\x6f\x64\0\x74\x78\x6e\0\x64\x61\x74\x61\x5f\x73\x72\x63\0\x74\x69\
\x64\x5f\x65\x6e\x74\x72\x79\0\x73\x74\x72\x65\x61\x6d\x5f\x69\x64\0\x63\x70\
\x75\x5f\x65\x6e\x74\x72\x79\0\x63\x61\x6c\x6c\x63\x68\x61\x69\x6e\0\x61\x75\
\x78\x5f\x73\x69\x7a\x65\0\x72\x65\x67\x73\x5f\x75\x73\x65\x72\0\x72\x65\x67\
\x73\x5f\x69\x6e\x74\x72\0\x73\x74\x61\x63\x6b\x5f\x75\x73\x65\x72\x5f\x73\x69\
\x7a\x65\0\x70\x68\x79\x73\x5f\x61\x64\x64\x72\0\x64\x61\x74\x61\x5f\x70\x61\
\x67\x65\x5f\x73\x69\x7a\x65\0\x63\x6f\x64\x65\x5f\x70\x61\x67\x65\x5f\x73\x69\
\x7a\x65\0\x70\x65\x72\x66\x5f\x73\x61\x6d\x70\x6c\x65\x5f\x77\x65\x69\x67\x68\
\x74\0\x66\x75\x6c\x6c\0\x76\x61\x72\x31\x5f\x64\x77\0\x76\x61\x72\x32\x5f\x77\
\0\x76\x61\x72\x33\x5f\x77\0\x70\x65\x72\x66\x5f\x6d\x65\x6d\x5f\x64\x61\x74\
\x61\x5f\x73\x72\x63\0\x6d\x65\x6d\x5f\x6f\x70\0\x6d\x65\x6d\x5f\x6c\x76\x6c\0\
\x6d\x65\x6d\x5f\x73\x6e\x6f\x6f\x70\0\x6d\x65\x6d\x5f\x6c\x6f\x63\x6b\0\x6d\
\x65\x6d\x5f\x64\x74\x6c\x62\0\x6d\x65\x6d\x5f\x6c\x76\x6c\x5f\x6e\x75\x6d\0\
\x6d\x65\x6d\x5f\x72\x65\x6d\x6f\x74\x65\0\x6d\x65\x6d\x5f\x73\x6e\x6f\x6f\x70\
\x78\0\x6d\x65\x6d\x5f\x62\x6c\x6b\0\x6d\x65\x6d\x5f\x72\x73\x76\x64\0\x74\x69\
\x64\0\x72\x65\x73\x65\x72\x76\x65\x64\0\x70\x65\x72\x66\x5f\x72\x65\x67\x73\0\
\x61\x62\x69\0\x72\x65\x67\x73\0\x70\x72\x69\x76\x61\x74\x65\0\x73\x61\x76\x65\
\x64\x5f\x66\x75\x6e\x63\0\x6c\x6f\x63\x61\x6c\x5f\x68\x61\x73\x68\0\x66\x75\
\x6e\x63\x5f\x68\x61\x73\x68\0\x6f\x6c\x64\x5f\x68\x61\x73\x68\0\x74\x72\x61\
\x6d\x70\x6f\x6c\x69\x6e\x65\0\x74\x72\x61\x6d\x70\x6f\x6c\x69\x6e\x65\x5f\x73\
\x69\x7a\x65\0\x66\x74\x72\x61\x63\x65\x5f\x66\x75\x6e\x63\x5f\x74\0\x66\x74\
\x72\x61\x63\x65\x5f\x72\x65\x67\x73\0\x66\x74\x72\x61\x63\x65\x5f\x6f\x70\x73\
\x5f\x68\x61\x73\x68\0\x6e\x6f\x74\x72\x61\x63\x65\x5f\x68\x61\x73\x68\0\x66\
\x69\x6c\x74\x65\x72\x5f\x68\x61\x73\x68\0\x72\x65\x67\x65\x78\x5f\x6c\x6f\x63\
\x6b\0\x61\x76\x78\x35\x31\x32\x5f\x74\x69\x6d\x65\x73\x74\x61\x6d\x70\0\x66\
\x70\x72\x65\x67\x73\x5f\x73\x74\x61\x74\x65\0\x66\x73\x61\x76\x65\0\x66\x78\
\x73\x61\x76\x65\0\x73\x6f\x66\x74\0\x78\x73\x61\x76\x65\0\x5f\x5f\x70\x61\x64\
\x64\x69\x6e\x67\0\x66\x72\x65\x67\x73\x5f\x73\x74\x61\x74\x65\0\x63\x77\x64\0\
\x73\x77\x64\0\x74\x77\x64\0\x66\x69\x70\0\x66\x63\x73\0\x66\x6f\x6f\0\x66\x6f\
\x73\0\x73\x74\x5f\x73\x70\x61\x63\x65\0\x66\x78\x72\x65\x67\x73\x5f\x73\x74\
\x61\x74\x65\0\x66\x6f\x70\0\x6d\x78\x63\x73\x72\0\x6d\x78\x63\x73\x72\x5f\x6d\
\x61\x73\x6b\0\x78\x6d\x6d\x5f\x73\x70\x61\x63\x65\0\x72\x69\x70\0\x72\x64\x70\
\0\x70\x61\x64\x64\x69\x6e\x67\x31\0\x73\x77\x5f\x72\x65\x73\x65\x72\x76\x65\
\x64\0\x73\x77\x72\x65\x67\x73\x5f\x73\x74\x61\x74\x65\0\x66\x74\x6f\x70\0\x63\
\x68\x61\x6e\x67\x65\x64\0\x6c\x6f\x6f\x6b\x61\x68\x65\x61\x64\0\x6e\x6f\x5f\
\x75\x70\x64\x61\x74\x65\0\x72\x6d\0\x61\x6c\x69\x6d\x69\x74\0\x65\x6e\x74\x72\
\x79\x5f\x65\x69\x70\0\x78\x72\x65\x67\x73\x5f\x73\x74\x61\x74\x65\0\x69\x33\
\x38\x37\0\x68\x65\x61\x64\x65\x72\0\x65\x78\x74\x65\x6e\x64\x65\x64\x5f\x73\
\x74\x61\x74\x65\x5f\x61\x72\x65\x61\0\x78\x73\x74\x61\x74\x65\x5f\x68\x65\x61\
\x64\x65\x72\0\x78\x66\x65\x61\x74\x75\x72\x65\x73\0\x78\x63\x6f\x6d\x70\x5f\
\x62\x76\0\x30\x3a\x34\0\x2f\x62\x75\x69\x6c\x64\x2f\x61\x6d\x64\x36\x34\x2d\
\x67\x65\x6e\x65\x72\x69\x63\x2f\x76\x61\x72\x2f\x63\x61\x63\x68\x65\x2f\x70\
\x6f\x72\x74\x61\x67\x65\x2f\x63\x68\x72\x6f\x6d\x65\x6f\x73\x2d\x62\x61\x73\
\x65\x2f\x73\x65\x63\x61\x67\x65\x6e\x74\x64\x2f\x6f\x75\x74\x2f\x44\x65\x66\
\x61\x75\x6c\x74\x2f\x2e\x2e\x2f\x2e\x2e\x2f\x2e\x2e\x2f\x2e\x2e\x2f\x2e\x2e\
\x2f\x2e\x2e\x2f\x2e\x2e\x2f\x74\x6d\x70\x2f\x70\x6f\x72\x74\x61\x67\x65\x2f\
\x63\x68\x72\x6f\x6d\x65\x6f\x73\x2d\x62\x61\x73\x65\x2f\x73\x65\x63\x61\x67\
\x65\x6e\x74\x64\x2d\x39\x39\x39\x39\x2f\x77\x6f\x72\x6b\x2f\x73\x65\x63\x61\
\x67\x65\x6e\x74\x64\x2d\x39\x39\x39\x39\x2f\x70\x6c\x61\x74\x66\x6f\x72\x6d\
\x32\x2f\x73\x65\x63\x61\x67\x65\x6e\x74\x64\x2f\x62\x70\x66\x2f\x70\x72\x6f\
\x63\x65\x73\x73\x5f\x62\x70\x66\x2e\x63\0\x69\x6e\x74\x20\x42\x50\x46\x5f\x50\
\x52\x4f\x47\x28\x68\x61\x6e\x64\x6c\x65\x5f\x73\x63\x68\x65\x64\x5f\x70\x72\
\x6f\x63\x65\x73\x73\x5f\x65\x78\x65\x63\x2c\0\x2f\x62\x75\x69\x6c\x64\x2f\x61\
\x6d\x64\x36\x34\x2d\x67\x65\x6e\x65\x72\x69\x63\x2f\x74\x6d\x70\x2f\x70\x6f\
\x72\x74\x61\x67\x65\x2f\x63\x68\x72\x6f\x6d\x65\x6f\x73\x2d\x62\x61\x73\x65\
\x2f\x73\x65\x63\x61\x67\x65\x6e\x74\x64\x2d\x39\x39\x39\x39\x2f\x77\x6f\x72\
\x6b\x2f\x73\x65\x63\x61\x67\x65\x6e\x74\x64\x2d\x39\x39\x39\x39\x2f\x70\x6c\
\x61\x74\x66\x6f\x72\x6d\x32\x2f\x73\x65\x63\x61\x67\x65\x6e\x74\x64\x2f\x62\
\x70\x66\x2f\x62\x70\x66\x5f\x75\x74\x69\x6c\x73\x2e\x68\0\x20\x20\x72\x65\x74\
\x75\x72\x6e\x20\x28\x42\x50\x46\x5f\x43\x4f\x52\x45\x5f\x52\x45\x41\x44\x28\
\x74\x2c\x20\x66\x6c\x61\x67\x73\x29\x20\x26\x20\x30\x78\x30\x30\x32\x30\x30\
\x30\x30\x30\x29\x3b\0\x20\x20\x69\x66\x20\x28\x69\x73\x5f\x6b\x74\x68\x72\x65\
\x61\x64\x28\x63\x75\x72\x72\x65\x6e\x74\x29\x29\x20\x7b\0\x20\x20\x20\x20\x20\
\x20\x28\x73\x74\x72\x75\x63\x74\x20\x63\x72\x6f\x73\x5f\x65\x76\x65\x6e\x74\
\x2a\x29\x28\x62\x70\x66\x5f\x72\x69\x6e\x67\x62\x75\x66\x5f\x72\x65\x73\x65\
\x72\x76\x65\x28\x26\x72\x62\x2c\x20\x73\x69\x7a\x65\x6f\x66\x28\x2a\x65\x76\
\x65\x6e\x74\x29\x2c\x20\x30\x29\x29\x3b\0\x20\x20\x69\x66\x20\x28\x65\x76\x65\
\x6e\x74\x20\x3d\x3d\x20\x4e\x55\x4c\x4c\x29\x20\x7b\0\x20\x20\x65\x76\x65\x6e\
\x74\x2d\x3e\x64\x61\x74\x61\x2e\x70\x72\x6f\x63\x65\x73\x73\x5f\x65\x76\x65\
\x6e\x74\x2e\x74\x79\x70\x65\x20\x3d\x20\x6b\x50\x72\x6f\x63\x65\x73\x73\x53\
\x74\x61\x72\x74\x45\x76\x65\x6e\x74\x3b\0\x20\x20\x65\x76\x65\x6e\x74\x2d\x3e\
\x74\x79\x70\x65\x20\x3d\x20\x6b\x50\x72\x6f\x63\x65\x73\x73\x45\x76\x65\x6e\
\x74\x3b\0\x30\x3a\x38\x35\0\x20\x20\x20\x20\x20\x20\x63\x72\x6f\x73\x5f\x6e\
\x6f\x72\x6d\x61\x6c\x69\x7a\x65\x5f\x74\x6f\x5f\x6c\x61\x73\x74\x5f\x65\x78\
\x65\x63\x28\x42\x50\x46\x5f\x43\x4f\x52\x45\x5f\x52\x45\x41\x44\x28\x74\x2c\
\x20\x72\x65\x61\x6c\x5f\x70\x61\x72\x65\x6e\x74\x2c\x20\x67\x72\x6f\x75\x70\
\x5f\x6c\x65\x61\x64\x65\x72\x29\x29\x3b\0\x30\x3a\x38\x39\0\x20\x20\x66\x6f\
\x72\x20\x28\x69\x6e\x74\x20\x69\x20\x3d\x20\x30\x3b\x20\x69\x20\x3c\x20\x36\
\x34\x3b\x20\x2b\x2b\x69\x29\x20\x7b\0\x20\x20\x20\x20\x73\x74\x72\x75\x63\x74\
\x20\x74\x61\x73\x6b\x5f\x73\x74\x72\x75\x63\x74\x2a\x20\x70\x61\x72\x65\x6e\
\x74\x20\x3d\x20\x42\x50\x46\x5f\x43\x4f\x52\x45\x5f\x52\x45\x41\x44\x28\x72\
\x65\x74\x2c\x20\x72\x65\x61\x6c\x5f\x70\x61\x72\x65\x6e\x74\x2c\x20\x67\x72\
\x6f\x75\x70\x5f\x6c\x65\x61\x64\x65\x72\x29\x3b\0\x20\x20\x20\x20\x69\x66\x20\
\x28\x28\x21\x70\x61\x72\x65\x6e\x74\x29\x20\x7c\x7c\x20\x28\x42\x50\x46\x5f\
\x43\x4f\x52\x45\x5f\x52\x45\x41\x44\x28\x72\x65\x74\x2c\x20\x73\x65\x6c\x66\
\x5f\x65\x78\x65\x63\x5f\x69\x64\x29\x20\x21\x3d\0\x30\x3a\x31\x34\x31\0\x20\
\x20\x20\x20\x20\x20\x20\x20\x20\x20\x20\x20\x20\x20\x20\x20\x20\x20\x20\x20\
\x20\x20\x42\x50\x46\x5f\x43\x4f\x52\x45\x5f\x52\x45\x41\x44\x28\x70\x61\x72\
\x65\x6e\x74\x2c\x20\x73\x65\x6c\x66\x5f\x65\x78\x65\x63\x5f\x69\x64\x29\x29\
\x29\x20\x7b\0\x30\x3a\x38\x33\0\x20\x20\x74\x61\x73\x6b\x5f\x69\x6e\x66\x6f\
\x2d\x3e\x70\x70\x69\x64\x20\x3d\x20\x42\x50\x46\x5f\x43\x4f\x52\x45\x5f\x52\
\x45\x41\x44\x28\x70\x61\x72\x65\x6e\x74\x2c\x20\x74\x67\x69\x64\x29\x3b\0\x30\
\x3a\x31\x30\x37\0\x20\x20\x74\x61\x73\x6b\x5f\x69\x6e\x66\x6f\x2d\x3e\x70\x61\
\x72\x65\x6e\x74\x5f\x73\x74\x61\x72\x74\x5f\x74\x69\x6d\x65\x20\x3d\x20\x42\
\x50\x46\x5f\x43\x4f\x52\x45\x5f\x52\x45\x41\x44\x28\x70\x61\x72\x65\x6e\x74\
\x2c\x20\x73\x74\x61\x72\x74\x5f\x62\x6f\x6f\x74\x74\x69\x6d\x65\x29\x3b\0\x20\
\x20\x74\x61\x73\x6b\x5f\x69\x6e\x66\x6f\x2d\x3e\x73\x74\x61\x72\x74\x5f\x74\
\x69\x6d\x65\x20\x3d\x20\x42\x50\x46\x5f\x43\x4f\x52\x45\x5f\x52\x45\x41\x44\
\x28\x74\x2c\x20\x67\x72\x6f\x75\x70\x5f\x6c\x65\x61\x64\x65\x72\x2c\x20\x73\
\x74\x61\x72\x74\x5f\x62\x6f\x6f\x74\x74\x69\x6d\x65\x29\x3b\0\x20\x20\x74\x61\
\x73\x6b\x5f\x69\x6e\x66\x6f\x2d\x3e\x70\x69\x64\x20\x3d\x20\x42\x50\x46\x5f\
\x43\x4f\x52\x45\x5f\x52\x45\x41\x44\x28\x74\x2c\x20\x74\x67\x69\x64\x29\x3b\0\
\x30\x3a\x31\x31\x33\0\x20\x20\x74\x61\x73\x6b\x5f\x69\x6e\x66\x6f\x2d\x3e\x75\
\x69\x64\x20\x3d\x20\x42\x50\x46\x5f\x43\x4f\x52\x45\x5f\x52\x45\x41\x44\x28\
\x74\x2c\x20\x72\x65\x61\x6c\x5f\x63\x72\x65\x64\x2c\x20\x75\x69\x64\x2e\x76\
\x61\x6c\x29\x3b\0\x30\x3a\x34\x3a\x30\0\x20\x20\x74\x61\x73\x6b\x5f\x69\x6e\
\x66\x6f\x2d\x3e\x67\x69\x64\x20\x3d\x20\x42\x50\x46\x5f\x43\x4f\x52\x45\x5f\
\x52\x45\x41\x44\x28\x74\x2c\x20\x72\x65\x61\x6c\x5f\x63\x72\x65\x64\x2c\x20\
\x67\x69\x64\x2e\x76\x61\x6c\x29\x3b\0\x30\x3a\x35\x3a\x30\0\x30\x3a\x35\x36\0\
\x20\x20\x63\x6f\x6e\x73\x74\x20\x75\x69\x6e\x74\x70\x74\x72\x5f\x74\x20\x61\
\x72\x67\x5f\x73\x74\x61\x72\x74\x20\x3d\x20\x28\x75\x69\x6e\x74\x70\x74\x72\
\x5f\x74\x29\x42\x50\x46\x5f\x43\x4f\x52\x45\x5f\x52\x45\x41\x44\x28\x74\x2c\
\x20\x6d\x6d\x2c\x20\x61\x72\x67\x5f\x73\x74\x61\x72\x74\x29\x3b\0\x6d\x6d\x5f\
\x73\x74\x72\x75\x63\x74\0\x63\x70\x75\x5f\x62\x69\x74\x6d\x61\x70\0\x6d\x6d\
\x5f\x72\x62\0\x76\x6d\x61\x63\x61\x63\x68\x65\x5f\x73\x65\x71\x6e\x75\x6d\0\
\x67\x65\x74\x5f\x75\x6e\x6d\x61\x70\x70\x65\x64\x5f\x61\x72\x65\x61\0\x6d\x6d\
\x61\x70\x5f\x62\x61\x73\x65\0\x6d\x6d\x61\x70\x5f\x6c\x65\x67\x61\x63\x79\x5f\
\x62\x61\x73\x65\0\x6d\x6d\x61\x70\x5f\x63\x6f\x6d\x70\x61\x74\x5f\x62\x61\x73\
\x65\0\x6d\x6d\x61\x70\x5f\x63\x6f\x6d\x70\x61\x74\x5f\x6c\x65\x67\x61\x63\x79\
\x5f\x62\x61\x73\x65\0\x74\x61\x73\x6b\x5f\x73\x69\x7a\x65\0\x68\x69\x67\x68\
\x65\x73\x74\x5f\x76\x6d\x5f\x65\x6e\x64\0\x70\x67\x64\0\x6d\x65\x6d\x62\x61\
\x72\x72\x69\x65\x72\x5f\x73\x74\x61\x74\x65\0\x6d\x6d\x5f\x75\x73\x65\x72\x73\
\0\x6d\x6d\x5f\x63\x6f\x75\x6e\x74\0\x70\x67\x74\x61\x62\x6c\x65\x73\x5f\x62\
\x79\x74\x65\x73\0\x6d\x61\x70\x5f\x63\x6f\x75\x6e\x74\0\x70\x61\x67\x65\x5f\
\x74\x61\x62\x6c\x65\x5f\x6c\x6f\x63\x6b\0\x6d\x6d\x61\x70\x5f\x6c\x6f\x63\x6b\
\0\x6d\x6d\x6c\x69\x73\x74\0\x68\x69\x77\x61\x74\x65\x72\x5f\x72\x73\x73\0\x68\
\x69\x77\x61\x74\x65\x72\x5f\x76\x6d\0\x74\x6f\x74\x61\x6c\x5f\x76\x6d\0\x6c\
\x6f\x63\x6b\x65\x64\x5f\x76\x6d\0\x70\x69\x6e\x6e\x65\x64\x5f\x76\x6d\0\x64\
\x61\x74\x61\x5f\x76\x6d\0\x65\x78\x65\x63\x5f\x76\x6d\0\x73\x74\x61\x63\x6b\
\x5f\x76\x6d\0\x64\x65\x66\x5f\x66\x6c\x61\x67\x73\0\x77\x72\x69\x74\x65\x5f\
\x70\x72\x6f\x74\x65\x63\x74\x5f\x73\x65\x71\0\x61\x72\x67\x5f\x6c\x6f\x63\x6b\
\0\x73\x74\x61\x72\x74\x5f\x63\x6f\x64\x65\0\x65\x6e\x64\x5f\x63\x6f\x64\x65\0\
\x73\x74\x61\x72\x74\x5f\x64\x61\x74\x61\0\x65\x6e\x64\x5f\x64\x61\x74\x61\0\
\x73\x74\x61\x72\x74\x5f\x62\x72\x6b\0\x62\x72\x6b\0\x73\x74\x61\x72\x74\x5f\
\x73\x74\x61\x63\x6b\0\x61\x72\x67\x5f\x73\x74\x61\x72\x74\0\x61\x72\x67\x5f\
\x65\x6e\x64\0\x65\x6e\x76\x5f\x73\x74\x61\x72\x74\0\x65\x6e\x76\x5f\x65\x6e\
\x64\0\x73\x61\x76\x65\x64\x5f\x61\x75\x78\x76\0\x62\x69\x6e\x66\x6d\x74\0\x63\
\x6f\x6e\x74\x65\x78\x74\0\x63\x6f\x72\x65\x5f\x73\x74\x61\x74\x65\0\x69\x6f\
\x63\x74\x78\x5f\x6c\x6f\x63\x6b\0\x69\x6f\x63\x74\x78\x5f\x74\x61\x62\x6c\x65\
\0\x65\x78\x65\x5f\x66\x69\x6c\x65\0\x6e\x6f\x74\x69\x66\x69\x65\x72\x5f\x73\
\x75\x62\x73\x63\x72\x69\x70\x74\x69\x6f\x6e\x73\0\x74\x6c\x62\x5f\x66\x6c\x75\
\x73\x68\x5f\x70\x65\x6e\x64\x69\x6e\x67\0\x74\x6c\x62\x5f\x66\x6c\x75\x73\x68\
\x5f\x62\x61\x74\x63\x68\x65\x64\0\x75\x70\x72\x6f\x62\x65\x73\x5f\x73\x74\x61\
\x74\x65\0\x61\x73\x79\x6e\x63\x5f\x70\x75\x74\x5f\x77\x6f\x72\x6b\0\x70\x61\
\x73\x69\x64\0\x6c\x72\x75\x5f\x67\x65\x6e\0\x66\x69\x6c\x65\0\x66\x5f\x75\0\
\x66\x5f\x70\x61\x74\x68\0\x66\x5f\x69\x6e\x6f\x64\x65\0\x66\x5f\x6f\x70\0\x66\
\x5f\x6c\x6f\x63\x6b\0\x66\x5f\x77\x72\x69\x74\x65\x5f\x68\x69\x6e\x74\0\x66\
\x5f\x63\x6f\x75\x6e\x74\0\x66\x5f\x66\x6c\x61\x67\x73\0\x66\x5f\x6d\x6f\x64\
\x65\0\x66\x5f\x70\x6f\x73\x5f\x6c\x6f\x63\x6b\0\x66\x5f\x70\x6f\x73\0\x66\x5f\
\x6f\x77\x6e\x65\x72\0\x66\x5f\x63\x72\x65\x64\0\x66\x5f\x72\x61\0\x66\x5f\x76\
\x65\x72\x73\x69\x6f\x6e\0\x66\x5f\x73\x65\x63\x75\x72\x69\x74\x79\0\x70\x72\
\x69\x76\x61\x74\x65\x5f\x64\x61\x74\x61\0\x66\x5f\x65\x70\0\x66\x5f\x6d\x61\
\x70\x70\x69\x6e\x67\0\x66\x5f\x77\x62\x5f\x65\x72\x72\0\x66\x5f\x73\x62\x5f\
\x65\x72\x72\0\x66\x75\x5f\x6c\x6c\x69\x73\x74\0\x66\x75\x5f\x72\x63\x75\x68\
\x65\x61\x64\0\x70\x61\x74\x68\0\x6d\x6e\x74\0\x64\x65\x6e\x74\x72\x79\0\x6c\
\x69\x6e\x6b\x5f\x63\x6f\x75\x6e\x74\0\x72\x77\x5f\x68\x69\x6e\x74\0\x57\x52\
\x49\x54\x45\x5f\x4c\x49\x46\x45\x5f\x4e\x4f\x54\x5f\x53\x45\x54\0\x57\x52\x49\
\x54\x45\x5f\x4c\x49\x46\x45\x5f\x4e\x4f\x4e\x45\0\x57\x52\x49\x54\x45\x5f\x4c\
\x49\x46\x45\x5f\x53\x48\x4f\x52\x54\0\x57\x52\x49\x54\x45\x5f\x4c\x49\x46\x45\
\x5f\x4d\x45\x44\x49\x55\x4d\0\x57\x52\x49\x54\x45\x5f\x4c\x49\x46\x45\x5f\x4c\
\x4f\x4e\x47\0\x57\x52\x49\x54\x45\x5f\x4c\x49\x46\x45\x5f\x45\x58\x54\x52\x45\
\x4d\x45\0\x66\x6d\x6f\x64\x65\x5f\x74\0\x6c\x6f\x66\x66\x5f\x74\0\x5f\x5f\x6b\
\x65\x72\x6e\x65\x6c\x5f\x6c\x6f\x66\x66\x5f\x74\0\x66\x6f\x77\x6e\x5f\x73\x74\
\x72\x75\x63\x74\0\x70\x69\x64\x5f\x74\x79\x70\x65\0\x73\x69\x67\x6e\x75\x6d\0\
\x72\x77\x6c\x6f\x63\x6b\x5f\x74\0\x61\x72\x63\x68\x5f\x72\x77\x6c\x6f\x63\x6b\
\x5f\x74\0\x71\x72\x77\x6c\x6f\x63\x6b\0\x63\x6e\x74\x73\0\x77\x6c\x6f\x63\x6b\
\x65\x64\0\x5f\x5f\x6c\x73\x74\x61\x74\x65\0\x50\x49\x44\x54\x59\x50\x45\x5f\
\x50\x49\x44\0\x50\x49\x44\x54\x59\x50\x45\x5f\x54\x47\x49\x44\0\x50\x49\x44\
\x54\x59\x50\x45\x5f\x50\x47\x49\x44\0\x50\x49\x44\x54\x59\x50\x45\x5f\x53\x49\
\x44\0\x50\x49\x44\x54\x59\x50\x45\x5f\x4d\x41\x58\0\x66\x69\x6c\x65\x5f\x72\
\x61\x5f\x73\x74\x61\x74\x65\0\x73\x74\x61\x72\x74\0\x61\x73\x79\x6e\x63\x5f\
\x73\x69\x7a\x65\0\x72\x61\x5f\x70\x61\x67\x65\x73\0\x6d\x6d\x61\x70\x5f\x6d\
\x69\x73\x73\0\x70\x72\x65\x76\x5f\x70\x6f\x73\0\x65\x72\x72\x73\x65\x71\x5f\
\x74\0\x70\x67\x64\x5f\x74\0\x70\x67\x64\x76\x61\x6c\x5f\x74\0\x72\x77\x5f\x73\
\x65\x6d\x61\x70\x68\x6f\x72\x65\0\x6d\x6d\x5f\x72\x73\x73\x5f\x73\x74\x61\x74\
\0\x6d\x6d\x5f\x63\x6f\x6e\x74\x65\x78\x74\x5f\x74\0\x63\x74\x78\x5f\x69\x64\0\
\x74\x6c\x62\x5f\x67\x65\x6e\0\x6c\x64\x74\x5f\x75\x73\x72\x5f\x73\x65\x6d\0\
\x6c\x64\x74\0\x76\x64\x73\x6f\0\x76\x64\x73\x6f\x5f\x69\x6d\x61\x67\x65\0\x70\
\x65\x72\x66\x5f\x72\x64\x70\x6d\x63\x5f\x61\x6c\x6c\x6f\x77\x65\x64\0\x70\x6b\
\x65\x79\x5f\x61\x6c\x6c\x6f\x63\x61\x74\x69\x6f\x6e\x5f\x6d\x61\x70\0\x65\x78\
\x65\x63\x75\x74\x65\x5f\x6f\x6e\x6c\x79\x5f\x70\x6b\x65\x79\0\x73\x31\x36\0\
\x5f\x5f\x73\x31\x36\0\x73\x68\x6f\x72\x74\0\x78\x6f\x6c\x5f\x61\x72\x65\x61\0\
\x77\x6f\x72\x6b\x5f\x73\x74\x72\x75\x63\x74\0\x64\x61\x74\x61\0\x77\x6f\x72\
\x6b\x5f\x66\x75\x6e\x63\x5f\x74\0\x62\x69\x74\x6d\x61\x70\0\x30\x3a\x30\x3a\
\x33\x37\0\x20\x20\x63\x6f\x6e\x73\x74\x20\x75\x69\x6e\x74\x70\x74\x72\x5f\x74\
\x20\x61\x72\x67\x5f\x65\x6e\x64\x20\x3d\x20\x28\x75\x69\x6e\x74\x70\x74\x72\
\x5f\x74\x29\x42\x50\x46\x5f\x43\x4f\x52\x45\x5f\x52\x45\x41\x44\x28\x74\x2c\
\x20\x6d\x6d\x2c\x20\x61\x72\x67\x5f\x65\x6e\x64\x29\x3b\0\x30\x3a\x30\x3a\x33\
\x38\0\x20\x20\x69\x66\x20\x28\x28\x61\x72\x67\x5f\x65\x6e\x64\x20\x2d\x20\x61\
\x72\x67\x5f\x73\x74\x61\x72\x74\x29\x20\x3e\x20\x73\x69\x7a\x65\x6f\x66\x28\
\x74\x61\x73\x6b\x5f\x69\x6e\x66\x6f\x2d\x3e\x63\x6f\x6d\x6d\x61\x6e\x64\x6c\
\x69\x6e\x65\x29\x29\x20\x7b\0\x20\x20\x62\x70\x66\x5f\x70\x72\x6f\x62\x65\x5f\
\x72\x65\x61\x64\x5f\x75\x73\x65\x72\x28\x74\x61\x73\x6b\x5f\x69\x6e\x66\x6f\
\x2d\x3e\x63\x6f\x6d\x6d\x61\x6e\x64\x6c\x69\x6e\x65\x2c\x20\x74\x61\x73\x6b\
\x5f\x69\x6e\x66\x6f\x2d\x3e\x63\x6f\x6d\x6d\x61\x6e\x64\x6c\x69\x6e\x65\x5f\
\x6c\x65\x6e\x2c\0\x20\x20\x69\x66\x20\x28\x74\x61\x73\x6b\x5f\x69\x6e\x66\x6f\
\x2d\x3e\x63\x6f\x6d\x6d\x61\x6e\x64\x6c\x69\x6e\x65\x5f\x6c\x65\x6e\x20\x3d\
\x3d\x20\x73\x69\x7a\x65\x6f\x66\x28\x74\x61\x73\x6b\x5f\x69\x6e\x66\x6f\x2d\
\x3e\x63\x6f\x6d\x6d\x61\x6e\x64\x6c\x69\x6e\x65\x29\x29\x20\x7b\0\x20\x20\x20\
\x20\x74\x61\x73\x6b\x5f\x69\x6e\x66\x6f\x2d\x3e\x63\x6f\x6d\x6d\x61\x6e\x64\
\x6c\x69\x6e\x65\x5b\x74\x61\x73\x6b\x5f\x69\x6e\x66\x6f\x2d\x3e\x63\x6f\x6d\
\x6d\x61\x6e\x64\x6c\x69\x6e\x65\x5f\x6c\x65\x6e\x20\x2d\x20\x31\x5d\x20\x3d\
\x20\x27\x5c\x30\x27\x3b\0\x30\x3a\x31\x32\x34\0\x20\x20\x6e\x73\x5f\x69\x6e\
\x66\x6f\x2d\x3e\x70\x69\x64\x5f\x6e\x73\x20\x3d\x20\x42\x50\x46\x5f\x43\x4f\
\x52\x45\x5f\x52\x45\x41\x44\x28\x74\x2c\x20\x6e\x73\x70\x72\x6f\x78\x79\x2c\
\x20\x70\x69\x64\x5f\x6e\x73\x5f\x66\x6f\x72\x5f\x63\x68\x69\x6c\x64\x72\x65\
\x6e\x2c\x20\x6e\x73\x2e\x69\x6e\x75\x6d\x29\x3b\0\x75\x74\x73\x5f\x6e\x73\0\
\x69\x70\x63\x5f\x6e\x73\0\x6d\x6e\x74\x5f\x6e\x73\0\x70\x69\x64\x5f\x6e\x73\
\x5f\x66\x6f\x72\x5f\x63\x68\x69\x6c\x64\x72\x65\x6e\0\x6e\x65\x74\x5f\x6e\x73\
\0\x74\x69\x6d\x65\x5f\x6e\x73\0\x74\x69\x6d\x65\x5f\x6e\x73\x5f\x66\x6f\x72\
\x5f\x63\x68\x69\x6c\x64\x72\x65\x6e\0\x63\x67\x72\x6f\x75\x70\x5f\x6e\x73\0\
\x70\x69\x64\x5f\x6e\x61\x6d\x65\x73\x70\x61\x63\x65\0\x69\x64\x72\0\x70\x69\
\x64\x5f\x61\x6c\x6c\x6f\x63\x61\x74\x65\x64\0\x63\x68\x69\x6c\x64\x5f\x72\x65\
\x61\x70\x65\x72\0\x70\x69\x64\x5f\x63\x61\x63\x68\x65\x70\0\x6c\x65\x76\x65\
\x6c\0\x72\x65\x62\x6f\x6f\x74\0\x6d\x65\x6d\x66\x64\x5f\x6e\x6f\x65\x78\x65\
\x63\x5f\x73\x63\x6f\x70\x65\0\x69\x64\x72\x5f\x72\x74\0\x69\x64\x72\x5f\x62\
\x61\x73\x65\0\x69\x64\x72\x5f\x6e\x65\x78\x74\0\x78\x61\x72\x72\x61\x79\0\x78\
\x61\x5f\x6c\x6f\x63\x6b\0\x78\x61\x5f\x66\x6c\x61\x67\x73\0\x78\x61\x5f\x68\
\x65\x61\x64\0\x67\x66\x70\x5f\x74\0\x6e\x73\x5f\x63\x6f\x6d\x6d\x6f\x6e\0\x73\
\x74\x61\x73\x68\x65\x64\0\x6f\x70\x73\0\x69\x6e\x75\x6d\0\x30\x3a\x31\x30\x3a\
\x32\0\x20\x20\x6e\x73\x5f\x69\x6e\x66\x6f\x2d\x3e\x6d\x6e\x74\x5f\x6e\x73\x20\
\x3d\x20\x42\x50\x46\x5f\x43\x4f\x52\x45\x5f\x52\x45\x41\x44\x28\x74\x2c\x20\
\x6e\x73\x70\x72\x6f\x78\x79\x2c\x20\x6d\x6e\x74\x5f\x6e\x73\x2c\x20\x6e\x73\
\x2e\x69\x6e\x75\x6d\x29\x3b\0\x30\x3a\x33\0\x6d\x6e\x74\x5f\x6e\x61\x6d\x65\
\x73\x70\x61\x63\x65\0\x72\x6f\x6f\x74\0\x6e\x73\x5f\x6c\x6f\x63\x6b\0\x73\x65\
\x71\0\x65\x76\x65\x6e\x74\0\x6d\x6f\x75\x6e\x74\x73\0\x70\x65\x6e\x64\x69\x6e\
\x67\x5f\x6d\x6f\x75\x6e\x74\x73\0\x30\x3a\x30\x3a\x32\0\x20\x20\x6e\x73\x5f\
\x69\x6e\x66\x6f\x2d\x3e\x63\x67\x72\x6f\x75\x70\x5f\x6e\x73\x20\x3d\x20\x42\
\x50\x46\x5f\x43\x4f\x52\x45\x5f\x52\x45\x41\x44\x28\x74\x2c\x20\x6e\x73\x70\
\x72\x6f\x78\x79\x2c\x20\x63\x67\x72\x6f\x75\x70\x5f\x6e\x73\x2c\x20\x6e\x73\
\x2e\x69\x6e\x75\x6d\x29\x3b\0\x30\x3a\x38\0\x63\x67\x72\x6f\x75\x70\x5f\x6e\
\x61\x6d\x65\x73\x70\x61\x63\x65\0\x72\x6f\x6f\x74\x5f\x63\x73\x65\x74\0\x20\
\x20\x6e\x73\x5f\x69\x6e\x66\x6f\x2d\x3e\x69\x70\x63\x5f\x6e\x73\x20\x3d\x20\
\x42\x50\x46\x5f\x43\x4f\x52\x45\x5f\x52\x45\x41\x44\x28\x74\x2c\x20\x6e\x73\
\x70\x72\x6f\x78\x79\x2c\x20\x69\x70\x63\x5f\x6e\x73\x2c\x20\x6e\x73\x2e\x69\
\x6e\x75\x6d\x29\x3b\0\x30\x3a\x32\0\x69\x70\x63\x5f\x6e\x61\x6d\x65\x73\x70\
\x61\x63\x65\0\x69\x64\x73\0\x73\x65\x6d\x5f\x63\x74\x6c\x73\0\x75\x73\x65\x64\
\x5f\x73\x65\x6d\x73\0\x6d\x73\x67\x5f\x63\x74\x6c\x6d\x61\x78\0\x6d\x73\x67\
\x5f\x63\x74\x6c\x6d\x6e\x62\0\x6d\x73\x67\x5f\x63\x74\x6c\x6d\x6e\x69\0\x6d\
\x73\x67\x5f\x62\x79\x74\x65\x73\0\x6d\x73\x67\x5f\x68\x64\x72\x73\0\x73\x68\
\x6d\x5f\x63\x74\x6c\x6d\x61\x78\0\x73\x68\x6d\x5f\x63\x74\x6c\x61\x6c\x6c\0\
\x73\x68\x6d\x5f\x74\x6f\x74\0\x73\x68\x6d\x5f\x63\x74\x6c\x6d\x6e\x69\0\x73\
\x68\x6d\x5f\x72\x6d\x69\x64\x5f\x66\x6f\x72\x63\x65\x64\0\x69\x70\x63\x6e\x73\
\x5f\x6e\x62\0\x6d\x71\x5f\x6d\x6e\x74\0\x6d\x71\x5f\x71\x75\x65\x75\x65\x73\
\x5f\x63\x6f\x75\x6e\x74\0\x6d\x71\x5f\x71\x75\x65\x75\x65\x73\x5f\x6d\x61\x78\
\0\x6d\x71\x5f\x6d\x73\x67\x5f\x6d\x61\x78\0\x6d\x71\x5f\x6d\x73\x67\x73\x69\
\x7a\x65\x5f\x6d\x61\x78\0\x6d\x71\x5f\x6d\x73\x67\x5f\x64\x65\x66\x61\x75\x6c\
\x74\0\x6d\x71\x5f\x6d\x73\x67\x73\x69\x7a\x65\x5f\x64\x65\x66\x61\x75\x6c\x74\
\0\x6d\x6e\x74\x5f\x6c\x6c\x69\x73\x74\0\x69\x70\x63\x5f\x69\x64\x73\0\x69\x6e\
\x5f\x75\x73\x65\0\x72\x77\x73\x65\x6d\0\x69\x70\x63\x73\x5f\x69\x64\x72\0\x6d\
\x61\x78\x5f\x69\x64\x78\0\x6c\x61\x73\x74\x5f\x69\x64\x78\0\x6b\x65\x79\x5f\
\x68\x74\0\x72\x68\x61\x73\x68\x74\x61\x62\x6c\x65\0\x74\x62\x6c\0\x6b\x65\x79\
\x5f\x6c\x65\x6e\0\x6d\x61\x78\x5f\x65\x6c\x65\x6d\x73\0\x72\x68\x6c\x69\x73\
\x74\0\x72\x75\x6e\x5f\x77\x6f\x72\x6b\0\x6e\x65\x6c\x65\x6d\x73\0\x72\x68\x61\
\x73\x68\x74\x61\x62\x6c\x65\x5f\x70\x61\x72\x61\x6d\x73\0\x6e\x65\x6c\x65\x6d\
\x5f\x68\x69\x6e\x74\0\x6b\x65\x79\x5f\x6f\x66\x66\x73\x65\x74\0\x68\x65\x61\
\x64\x5f\x6f\x66\x66\x73\x65\x74\0\x6d\x61\x78\x5f\x73\x69\x7a\x65\0\x6d\x69\
\x6e\x5f\x73\x69\x7a\x65\0\x61\x75\x74\x6f\x6d\x61\x74\x69\x63\x5f\x73\x68\x72\
\x69\x6e\x6b\x69\x6e\x67\0\x68\x61\x73\x68\x66\x6e\0\x6f\x62\x6a\x5f\x68\x61\
\x73\x68\x66\x6e\0\x6f\x62\x6a\x5f\x63\x6d\x70\x66\x6e\0\x72\x68\x74\x5f\x68\
\x61\x73\x68\x66\x6e\x5f\x74\0\x72\x68\x74\x5f\x6f\x62\x6a\x5f\x68\x61\x73\x68\
\x66\x6e\x5f\x74\0\x72\x68\x74\x5f\x6f\x62\x6a\x5f\x63\x6d\x70\x66\x6e\x5f\x74\
\0\x72\x68\x61\x73\x68\x74\x61\x62\x6c\x65\x5f\x63\x6f\x6d\x70\x61\x72\x65\x5f\
\x61\x72\x67\0\x68\x74\0\x6b\x65\x79\0\x6e\x6f\x74\x69\x66\x69\x65\x72\x5f\x62\
\x6c\x6f\x63\x6b\0\x6e\x6f\x74\x69\x66\x69\x65\x72\x5f\x63\x61\x6c\x6c\0\x70\
\x72\x69\x6f\x72\x69\x74\x79\0\x6e\x6f\x74\x69\x66\x69\x65\x72\x5f\x66\x6e\x5f\
\x74\0\x30\x3a\x32\x34\x3a\x32\0\x20\x20\x6e\x73\x5f\x69\x6e\x66\x6f\x2d\x3e\
\x6e\x65\x74\x5f\x6e\x73\x20\x3d\x20\x42\x50\x46\x5f\x43\x4f\x52\x45\x5f\x52\
\x45\x41\x44\x28\x74\x2c\x20\x6e\x73\x70\x72\x6f\x78\x79\x2c\x20\x6e\x65\x74\
\x5f\x6e\x73\x2c\x20\x6e\x73\x2e\x69\x6e\x75\x6d\x29\x3b\0\x30\x3a\x35\0\x6e\
\x65\x74\0\x70\x61\x73\x73\x69\x76\x65\0\x72\x75\x6c\x65\x73\x5f\x6d\x6f\x64\
\x5f\x6c\x6f\x63\x6b\0\x64\x65\x76\x5f\x75\x6e\x72\x65\x67\x5f\x63\x6f\x75\x6e\
\x74\0\x64\x65\x76\x5f\x62\x61\x73\x65\x5f\x73\x65\x71\0\x69\x66\x69\x6e\x64\
\x65\x78\0\x6e\x73\x69\x64\x5f\x6c\x6f\x63\x6b\0\x66\x6e\x68\x65\x5f\x67\x65\
\x6e\x69\x64\0\x65\x78\x69\x74\x5f\x6c\x69\x73\x74\0\x63\x6c\x65\x61\x6e\x75\
\x70\x5f\x6c\x69\x73\x74\0\x6b\x65\x79\x5f\x64\x6f\x6d\x61\x69\x6e\0\x6e\x65\
\x74\x6e\x73\x5f\x69\x64\x73\0\x64\x65\x76\x5f\x62\x61\x73\x65\x5f\x68\x65\x61\
\x64\0\x70\x72\x6f\x63\x5f\x6e\x65\x74\0\x70\x72\x6f\x63\x5f\x6e\x65\x74\x5f\
\x73\x74\x61\x74\0\x73\x79\x73\x63\x74\x6c\x73\0\x72\x74\x6e\x6c\0\x67\x65\x6e\
\x6c\x5f\x73\x6f\x63\x6b\0\x75\x65\x76\x65\x6e\x74\x5f\x73\x6f\x63\x6b\0\x64\
\x65\x76\x5f\x6e\x61\x6d\x65\x5f\x68\x65\x61\x64\0\x64\x65\x76\x5f\x69\x6e\x64\
\x65\x78\x5f\x68\x65\x61\x64\0\x6e\x65\x74\x64\x65\x76\x5f\x63\x68\x61\x69\x6e\
\0\x68\x61\x73\x68\x5f\x6d\x69\x78\0\x6c\x6f\x6f\x70\x62\x61\x63\x6b\x5f\x64\
\x65\x76\0\x72\x75\x6c\x65\x73\x5f\x6f\x70\x73\0\x63\x6f\x72\x65\0\x6d\x69\x62\
\0\x70\x61\x63\x6b\x65\x74\0\x75\x6e\x78\0\x6e\x65\x78\x74\x68\x6f\x70\0\x69\
\x70\x76\x34\0\x69\x70\x76\x36\0\x6e\x66\0\x63\x74\0\x77\x65\x78\x74\x5f\x6e\
\x6c\x65\x76\x65\x6e\x74\x73\0\x67\x65\x6e\0\x62\x70\x66\0\x78\x66\x72\x6d\0\
\x6e\x65\x74\x5f\x63\x6f\x6f\x6b\x69\x65\0\x64\x69\x61\x67\x5f\x6e\x6c\x73\x6b\
\0\x63\x74\x6c\x5f\x74\x61\x62\x6c\x65\x5f\x73\x65\x74\0\x69\x73\x5f\x73\x65\
\x65\x6e\0\x64\x69\x72\0\x63\x74\x6c\x5f\x64\x69\x72\0\x63\x74\x6c\x5f\x74\x61\
\x62\x6c\x65\x5f\x68\x65\x61\x64\x65\x72\0\x75\x6e\x72\x65\x67\x69\x73\x74\x65\
\x72\x69\x6e\x67\0\x63\x74\x6c\x5f\x74\x61\x62\x6c\x65\x5f\x61\x72\x67\0\x73\
\x65\x74\0\x69\x6e\x6f\x64\x65\x73\0\x63\x74\x6c\x5f\x74\x61\x62\x6c\x65\0\x75\
\x73\x65\x64\0\x6e\x72\x65\x67\0\x72\x61\x77\x5f\x6e\x6f\x74\x69\x66\x69\x65\
\x72\x5f\x68\x65\x61\x64\0\x6e\x65\x74\x6e\x73\x5f\x63\x6f\x72\x65\0\x73\x79\
\x73\x63\x74\x6c\x5f\x68\x64\x72\0\x73\x79\x73\x63\x74\x6c\x5f\x73\x6f\x6d\x61\
\x78\x63\x6f\x6e\x6e\0\x73\x79\x73\x63\x74\x6c\x5f\x61\x6e\x64\x72\x6f\x69\x64\
\x5f\x70\x61\x72\x61\x6e\x6f\x69\x64\0\x73\x6f\x63\x6b\x5f\x69\x6e\x75\x73\x65\
\0\x70\x72\x6f\x74\x5f\x69\x6e\x75\x73\x65\0\x6e\x65\x74\x6e\x73\x5f\x6d\x69\
\x62\0\x69\x70\x5f\x73\x74\x61\x74\x69\x73\x74\x69\x63\x73\0\x69\x70\x76\x36\
\x5f\x73\x74\x61\x74\x69\x73\x74\x69\x63\x73\0\x74\x63\x70\x5f\x73\x74\x61\x74\
\x69\x73\x74\x69\x63\x73\0\x6e\x65\x74\x5f\x73\x74\x61\x74\x69\x73\x74\x69\x63\
\x73\0\x75\x64\x70\x5f\x73\x74\x61\x74\x69\x73\x74\x69\x63\x73\0\x75\x64\x70\
\x5f\x73\x74\x61\x74\x73\x5f\x69\x6e\x36\0\x75\x64\x70\x6c\x69\x74\x65\x5f\x73\
\x74\x61\x74\x69\x73\x74\x69\x63\x73\0\x75\x64\x70\x6c\x69\x74\x65\x5f\x73\x74\
\x61\x74\x73\x5f\x69\x6e\x36\0\x69\x63\x6d\x70\x5f\x73\x74\x61\x74\x69\x73\x74\
\x69\x63\x73\0\x69\x63\x6d\x70\x6d\x73\x67\x5f\x73\x74\x61\x74\x69\x73\x74\x69\
\x63\x73\0\x69\x63\x6d\x70\x76\x36\x5f\x73\x74\x61\x74\x69\x73\x74\x69\x63\x73\
\0\x69\x63\x6d\x70\x76\x36\x6d\x73\x67\x5f\x73\x74\x61\x74\x69\x73\x74\x69\x63\
\x73\0\x70\x72\x6f\x63\x5f\x6e\x65\x74\x5f\x64\x65\x76\x73\x6e\x6d\x70\x36\0\
\x6e\x65\x74\x6e\x73\x5f\x70\x61\x63\x6b\x65\x74\0\x73\x6b\x6c\x69\x73\x74\x5f\
\x6c\x6f\x63\x6b\0\x73\x6b\x6c\x69\x73\x74\0\x6e\x65\x74\x6e\x73\x5f\x75\x6e\
\x69\x78\0\x73\x79\x73\x63\x74\x6c\x5f\x6d\x61\x78\x5f\x64\x67\x72\x61\x6d\x5f\
\x71\x6c\x65\x6e\0\x63\x74\x6c\0\x6e\x65\x74\x6e\x73\x5f\x6e\x65\x78\x74\x68\
\x6f\x70\0\x64\x65\x76\x68\x61\x73\x68\0\x6c\x61\x73\x74\x5f\x69\x64\x5f\x61\
\x6c\x6c\x6f\x63\x61\x74\x65\x64\0\x6e\x6f\x74\x69\x66\x69\x65\x72\x5f\x63\x68\
\x61\x69\x6e\0\x62\x6c\x6f\x63\x6b\x69\x6e\x67\x5f\x6e\x6f\x74\x69\x66\x69\x65\
\x72\x5f\x68\x65\x61\x64\0\x6e\x65\x74\x6e\x73\x5f\x69\x70\x76\x34\0\x74\x63\
\x70\x5f\x64\x65\x61\x74\x68\x5f\x72\x6f\x77\0\x66\x6f\x72\x77\x5f\x68\x64\x72\
\0\x66\x72\x61\x67\x73\x5f\x68\x64\x72\0\x69\x70\x76\x34\x5f\x68\x64\x72\0\x72\
\x6f\x75\x74\x65\x5f\x68\x64\x72\0\x78\x66\x72\x6d\x34\x5f\x68\x64\x72\0\x64\
\x65\x76\x63\x6f\x6e\x66\x5f\x61\x6c\x6c\0\x64\x65\x76\x63\x6f\x6e\x66\x5f\x64\
\x66\x6c\x74\0\x72\x61\x5f\x63\x68\x61\x69\x6e\0\x72\x61\x5f\x6d\x75\x74\x65\
\x78\0\x66\x69\x62\x5f\x6d\x61\x69\x6e\0\x66\x69\x62\x5f\x64\x65\x66\x61\x75\
\x6c\x74\0\x66\x69\x62\x5f\x72\x75\x6c\x65\x73\x5f\x72\x65\x71\x75\x69\x72\x65\
\x5f\x66\x6c\x64\x69\x73\x73\x65\x63\x74\0\x66\x69\x62\x5f\x68\x61\x73\x5f\x63\
\x75\x73\x74\x6f\x6d\x5f\x72\x75\x6c\x65\x73\0\x66\x69\x62\x5f\x68\x61\x73\x5f\
\x63\x75\x73\x74\x6f\x6d\x5f\x6c\x6f\x63\x61\x6c\x5f\x72\x6f\x75\x74\x65\x73\0\
\x66\x69\x62\x5f\x6f\x66\x66\x6c\x6f\x61\x64\x5f\x64\x69\x73\x61\x62\x6c\x65\
\x64\0\x66\x69\x62\x5f\x74\x61\x62\x6c\x65\x5f\x68\x61\x73\x68\0\x66\x69\x62\
\x6e\x6c\0\x69\x63\x6d\x70\x5f\x73\x6b\0\x6d\x63\x5f\x61\x75\x74\x6f\x6a\x6f\
\x69\x6e\x5f\x73\x6b\0\x70\x65\x65\x72\x73\0\x66\x71\x64\x69\x72\0\x73\x79\x73\
\x63\x74\x6c\x5f\x69\x63\x6d\x70\x5f\x65\x63\x68\x6f\x5f\x69\x67\x6e\x6f\x72\
\x65\x5f\x61\x6c\x6c\0\x73\x79\x73\x63\x74\x6c\x5f\x69\x63\x6d\x70\x5f\x65\x63\
\x68\x6f\x5f\x65\x6e\x61\x62\x6c\x65\x5f\x70\x72\x6f\x62\x65\0\x73\x79\x73\x63\
\x74\x6c\x5f\x69\x63\x6d\x70\x5f\x65\x63\x68\x6f\x5f\x69\x67\x6e\x6f\x72\x65\
\x5f\x62\x72\x6f\x61\x64\x63\x61\x73\x74\x73\0\x73\x79\x73\x63\x74\x6c\x5f\x69\
\x63\x6d\x70\x5f\x69\x67\x6e\x6f\x72\x65\x5f\x62\x6f\x67\x75\x73\x5f\x65\x72\
\x72\x6f\x72\x5f\x72\x65\x73\x70\x6f\x6e\x73\x65\x73\0\x73\x79\x73\x63\x74\x6c\
\x5f\x69\x63\x6d\x70\x5f\x65\x72\x72\x6f\x72\x73\x5f\x75\x73\x65\x5f\x69\x6e\
\x62\x6f\x75\x6e\x64\x5f\x69\x66\x61\x64\x64\x72\0\x73\x79\x73\x63\x74\x6c\x5f\
\x69\x63\x6d\x70\x5f\x72\x61\x74\x65\x6c\x69\x6d\x69\x74\0\x73\x79\x73\x63\x74\
\x6c\x5f\x69\x63\x6d\x70\x5f\x72\x61\x74\x65\x6d\x61\x73\x6b\0\x69\x70\x5f\x6c\
\x6f\x63\x61\x6c\x5f\x70\x6f\x72\x74\x73\0\x73\x79\x73\x63\x74\x6c\x5f\x74\x63\
\x70\x5f\x65\x63\x6e\0\x73\x79\x73\x63\x74\x6c\x5f\x74\x63\x70\x5f\x65\x63\x6e\
\x5f\x66\x61\x6c\x6c\x62\x61\x63\x6b\0\x73\x79\x73\x63\x74\x6c\x5f\x69\x70\x5f\
\x64\x65\x66\x61\x75\x6c\x74\x5f\x74\x74\x6c\0\x73\x79\x73\x63\x74\x6c\x5f\x69\
\x70\x5f\x6e\x6f\x5f\x70\x6d\x74\x75\x5f\x64\x69\x73\x63\0\x73\x79\x73\x63\x74\
\x6c\x5f\x69\x70\x5f\x66\x77\x64\x5f\x75\x73\x65\x5f\x70\x6d\x74\x75\0\x73\x79\
\x73\x63\x74\x6c\x5f\x69\x70\x5f\x66\x77\x64\x5f\x75\x70\x64\x61\x74\x65\x5f\
\x70\x72\x69\x6f\x72\x69\x74\x79\0\x73\x79\x73\x63\x74\x6c\x5f\x69\x70\x5f\x6e\
\x6f\x6e\x6c\x6f\x63\x61\x6c\x5f\x62\x69\x6e\x64\0\x73\x79\x73\x63\x74\x6c\x5f\
\x69\x70\x5f\x61\x75\x74\x6f\x62\x69\x6e\x64\x5f\x72\x65\x75\x73\x65\0\x73\x79\
\x73\x63\x74\x6c\x5f\x69\x70\x5f\x64\x79\x6e\x61\x64\x64\x72\0\x73\x79\x73\x63\
\x74\x6c\x5f\x69\x70\x5f\x65\x61\x72\x6c\x79\x5f\x64\x65\x6d\x75\x78\0\x73\x79\
\x73\x63\x74\x6c\x5f\x74\x63\x70\x5f\x65\x61\x72\x6c\x79\x5f\x64\x65\x6d\x75\
\x78\0\x73\x79\x73\x63\x74\x6c\x5f\x75\x64\x70\x5f\x65\x61\x72\x6c\x79\x5f\x64\
\x65\x6d\x75\x78\0\x73\x79\x73\x63\x74\x6c\x5f\x6e\x65\x78\x74\x68\x6f\x70\x5f\
\x63\x6f\x6d\x70\x61\x74\x5f\x6d\x6f\x64\x65\0\x73\x79\x73\x63\x74\x6c\x5f\x66\
\x77\x6d\x61\x72\x6b\x5f\x72\x65\x66\x6c\x65\x63\x74\0\x73\x79\x73\x63\x74\x6c\
\x5f\x74\x63\x70\x5f\x66\x77\x6d\x61\x72\x6b\x5f\x61\x63\x63\x65\x70\x74\0\x73\
\x79\x73\x63\x74\x6c\x5f\x74\x63\x70\x5f\x64\x65\x66\x61\x75\x6c\x74\x5f\x69\
\x6e\x69\x74\x5f\x72\x77\x6e\x64\0\x73\x79\x73\x63\x74\x6c\x5f\x74\x63\x70\x5f\
\x6d\x74\x75\x5f\x70\x72\x6f\x62\x69\x6e\x67\0\x73\x79\x73\x63\x74\x6c\x5f\x74\
\x63\x70\x5f\x6d\x74\x75\x5f\x70\x72\x6f\x62\x65\x5f\x66\x6c\x6f\x6f\x72\0\x73\
\x79\x73\x63\x74\x6c\x5f\x74\x63\x70\x5f\x62\x61\x73\x65\x5f\x6d\x73\x73\0\x73\
\x79\x73\x63\x74\x6c\x5f\x74\x63\x70\x5f\x6d\x69\x6e\x5f\x73\x6e\x64\x5f\x6d\
\x73\x73\0\x73\x79\x73\x63\x74\x6c\x5f\x74\x63\x70\x5f\x70\x72\x6f\x62\x65\x5f\
\x74\x68\x72\x65\x73\x68\x6f\x6c\x64\0\x73\x79\x73\x63\x74\x6c\x5f\x74\x63\x70\
\x5f\x70\x72\x6f\x62\x65\x5f\x69\x6e\x74\x65\x72\x76\x61\x6c\0\x73\x79\x73\x63\
\x74\x6c\x5f\x74\x63\x70\x5f\x6b\x65\x65\x70\x61\x6c\x69\x76\x65\x5f\x74\x69\
\x6d\x65\0\x73\x79\x73\x63\x74\x6c\x5f\x74\x63\x70\x5f\x6b\x65\x65\x70\x61\x6c\
\x69\x76\x65\x5f\x69\x6e\x74\x76\x6c\0\x73\x79\x73\x63\x74\x6c\x5f\x74\x63\x70\
\x5f\x6b\x65\x65\x70\x61\x6c\x69\x76\x65\x5f\x70\x72\x6f\x62\x65\x73\0\x73\x79\
\x73\x63\x74\x6c\x5f\x74\x63\x70\x5f\x73\x79\x6e\x5f\x72\x65\x74\x72\x69\x65\
\x73\0\x73\x79\x73\x63\x74\x6c\x5f\x74\x63\x70\x5f\x73\x79\x6e\x61\x63\x6b\x5f\
\x72\x65\x74\x72\x69\x65\x73\0\x73\x79\x73\x63\x74\x6c\x5f\x74\x63\x70\x5f\x73\
\x79\x6e\x63\x6f\x6f\x6b\x69\x65\x73\0\x73\x79\x73\x63\x74\x6c\x5f\x74\x63\x70\
\x5f\x6d\x69\x67\x72\x61\x74\x65\x5f\x72\x65\x71\0\x73\x79\x73\x63\x74\x6c\x5f\
\x74\x63\x70\x5f\x72\x65\x6f\x72\x64\x65\x72\x69\x6e\x67\0\x73\x79\x73\x63\x74\
\x6c\x5f\x74\x63\x70\x5f\x72\x65\x74\x72\x69\x65\x73\x31\0\x73\x79\x73\x63\x74\
\x6c\x5f\x74\x63\x70\x5f\x72\x65\x74\x72\x69\x65\x73\x32\0\x73\x79\x73\x63\x74\
\x6c\x5f\x74\x63\x70\x5f\x6f\x72\x70\x68\x61\x6e\x5f\x72\x65\x74\x72\x69\x65\
\x73\0\x73\x79\x73\x63\x74\x6c\x5f\x74\x63\x70\x5f\x74\x77\x5f\x72\x65\x75\x73\
\x65\0\x73\x79\x73\x63\x74\x6c\x5f\x74\x63\x70\x5f\x66\x69\x6e\x5f\x74\x69\x6d\
\x65\x6f\x75\x74\0\x73\x79\x73\x63\x74\x6c\x5f\x74\x63\x70\x5f\x6e\x6f\x74\x73\
\x65\x6e\x74\x5f\x6c\x6f\x77\x61\x74\0\x73\x79\x73\x63\x74\x6c\x5f\x74\x63\x70\
\x5f\x73\x61\x63\x6b\0\x73\x79\x73\x63\x74\x6c\x5f\x74\x63\x70\x5f\x77\x69\x6e\
\x64\x6f\x77\x5f\x73\x63\x61\x6c\x69\x6e\x67\0\x73\x79\x73\x63\x74\x6c\x5f\x74\
\x63\x70\x5f\x74\x69\x6d\x65\x73\x74\x61\x6d\x70\x73\0\x73\x79\x73\x63\x74\x6c\
\x5f\x74\x63\x70\x5f\x65\x61\x72\x6c\x79\x5f\x72\x65\x74\x72\x61\x6e\x73\0\x73\
\x79\x73\x63\x74\x6c\x5f\x74\x63\x70\x5f\x72\x65\x63\x6f\x76\x65\x72\x79\0\x73\
\x79\x73\x63\x74\x6c\x5f\x74\x63\x70\x5f\x74\x68\x69\x6e\x5f\x6c\x69\x6e\x65\
\x61\x72\x5f\x74\x69\x6d\x65\x6f\x75\x74\x73\0\x73\x79\x73\x63\x74\x6c\x5f\x74\
\x63\x70\x5f\x73\x6c\x6f\x77\x5f\x73\x74\x61\x72\x74\x5f\x61\x66\x74\x65\x72\
\x5f\x69\x64\x6c\x65\0\x73\x79\x73\x63\x74\x6c\x5f\x74\x63\x70\x5f\x72\x65\x74\
\x72\x61\x6e\x73\x5f\x63\x6f\x6c\x6c\x61\x70\x73\x65\0\x73\x79\x73\x63\x74\x6c\
\x5f\x74\x63\x70\x5f\x73\x74\x64\x75\x72\x67\0\x73\x79\x73\x63\x74\x6c\x5f\x74\
\x63\x70\x5f\x72\x66\x63\x31\x33\x33\x37\0\x73\x79\x73\x63\x74\x6c\x5f\x74\x63\
\x70\x5f\x61\x62\x6f\x72\x74\x5f\x6f\x6e\x5f\x6f\x76\x65\x72\x66\x6c\x6f\x77\0\
\x73\x79\x73\x63\x74\x6c\x5f\x74\x63\x70\x5f\x66\x61\x63\x6b\0\x73\x79\x73\x63\
\x74\x6c\x5f\x74\x63\x70\x5f\x6d\x61\x78\x5f\x72\x65\x6f\x72\x64\x65\x72\x69\
\x6e\x67\0\x73\x79\x73\x63\x74\x6c\x5f\x74\x63\x70\x5f\x61\x64\x76\x5f\x77\x69\
\x6e\x5f\x73\x63\x61\x6c\x65\0\x73\x79\x73\x63\x74\x6c\x5f\x74\x63\x70\x5f\x64\
\x73\x61\x63\x6b\0\x73\x79\x73\x63\x74\x6c\x5f\x74\x63\x70\x5f\x61\x70\x70\x5f\
\x77\x69\x6e\0\x73\x79\x73\x63\x74\x6c\x5f\x74\x63\x70\x5f\x66\x72\x74\x6f\0\
\x73\x79\x73\x63\x74\x6c\x5f\x74\x63\x70\x5f\x6e\x6f\x6d\x65\x74\x72\x69\x63\
\x73\x5f\x73\x61\x76\x65\0\x73\x79\x73\x63\x74\x6c\x5f\x74\x63\x70\x5f\x6e\x6f\
\x5f\x73\x73\x74\x68\x72\x65\x73\x68\x5f\x6d\x65\x74\x72\x69\x63\x73\x5f\x73\
\x61\x76\x65\0\x73\x79\x73\x63\x74\x6c\x5f\x74\x63\x70\x5f\x6d\x6f\x64\x65\x72\
\x61\x74\x65\x5f\x72\x63\x76\x62\x75\x66\0\x73\x79\x73\x63\x74\x6c\x5f\x74\x63\
\x70\x5f\x74\x73\x6f\x5f\x77\x69\x6e\x5f\x64\x69\x76\x69\x73\x6f\x72\0\x73\x79\
\x73\x63\x74\x6c\x5f\x74\x63\x70\x5f\x77\x6f\x72\x6b\x61\x72\x6f\x75\x6e\x64\
\x5f\x73\x69\x67\x6e\x65\x64\x5f\x77\x69\x6e\x64\x6f\x77\x73\0\x73\x79\x73\x63\
\x74\x6c\x5f\x74\x63\x70\x5f\x6c\x69\x6d\x69\x74\x5f\x6f\x75\x74\x70\x75\x74\
\x5f\x62\x79\x74\x65\x73\0\x73\x79\x73\x63\x74\x6c\x5f\x74\x63\x70\x5f\x63\x68\
\x61\x6c\x6c\x65\x6e\x67\x65\x5f\x61\x63\x6b\x5f\x6c\x69\x6d\x69\x74\0\x73\x79\
\x73\x63\x74\x6c\x5f\x74\x63\x70\x5f\x6d\x69\x6e\x5f\x72\x74\x74\x5f\x77\x6c\
\x65\x6e\0\x73\x79\x73\x63\x74\x6c\x5f\x74\x63\x70\x5f\x6d\x69\x6e\x5f\x74\x73\
\x6f\x5f\x73\x65\x67\x73\0\x73\x79\x73\x63\x74\x6c\x5f\x74\x63\x70\x5f\x61\x75\
\x74\x6f\x63\x6f\x72\x6b\x69\x6e\x67\0\x73\x79\x73\x63\x74\x6c\x5f\x74\x63\x70\
\x5f\x72\x65\x66\x6c\x65\x63\x74\x5f\x74\x6f\x73\0\x73\x79\x73\x63\x74\x6c\x5f\
\x74\x63\x70\x5f\x63\x6f\x6d\x70\x5f\x73\x61\x63\x6b\x5f\x6e\x72\0\x73\x79\x73\
\x63\x74\x6c\x5f\x74\x63\x70\x5f\x69\x6e\x76\x61\x6c\x69\x64\x5f\x72\x61\x74\
\x65\x6c\x69\x6d\x69\x74\0\x73\x79\x73\x63\x74\x6c\x5f\x74\x63\x70\x5f\x70\x61\
\x63\x69\x6e\x67\x5f\x73\x73\x5f\x72\x61\x74\x69\x6f\0\x73\x79\x73\x63\x74\x6c\
\x5f\x74\x63\x70\x5f\x70\x61\x63\x69\x6e\x67\x5f\x63\x61\x5f\x72\x61\x74\x69\
\x6f\0\x73\x79\x73\x63\x74\x6c\x5f\x74\x63\x70\x5f\x77\x6d\x65\x6d\0\x73\x79\
\x73\x63\x74\x6c\x5f\x74\x63\x70\x5f\x72\x6d\x65\x6d\0\x73\x79\x73\x63\x74\x6c\
\x5f\x74\x63\x70\x5f\x63\x6f\x6d\x70\x5f\x73\x61\x63\x6b\x5f\x64\x65\x6c\x61\
\x79\x5f\x6e\x73\0\x73\x79\x73\x63\x74\x6c\x5f\x74\x63\x70\x5f\x63\x6f\x6d\x70\
\x5f\x73\x61\x63\x6b\x5f\x73\x6c\x61\x63\x6b\x5f\x6e\x73\0\x73\x79\x73\x63\x74\
\x6c\x5f\x6d\x61\x78\x5f\x73\x79\x6e\x5f\x62\x61\x63\x6b\x6c\x6f\x67\0\x73\x79\
\x73\x63\x74\x6c\x5f\x74\x63\x70\x5f\x66\x61\x73\x74\x6f\x70\x65\x6e\0\x74\x63\
\x70\x5f\x63\x6f\x6e\x67\x65\x73\x74\x69\x6f\x6e\x5f\x63\x6f\x6e\x74\x72\x6f\
\x6c\0\x74\x63\x70\x5f\x66\x61\x73\x74\x6f\x70\x65\x6e\x5f\x63\x74\x78\0\x73\
\x79\x73\x63\x74\x6c\x5f\x74\x63\x70\x5f\x66\x61\x73\x74\x6f\x70\x65\x6e\x5f\
\x62\x6c\x61\x63\x6b\x68\x6f\x6c\x65\x5f\x74\x69\x6d\x65\x6f\x75\x74\0\x74\x66\
\x6f\x5f\x61\x63\x74\x69\x76\x65\x5f\x64\x69\x73\x61\x62\x6c\x65\x5f\x74\x69\
\x6d\x65\x73\0\x74\x66\x6f\x5f\x61\x63\x74\x69\x76\x65\x5f\x64\x69\x73\x61\x62\
\x6c\x65\x5f\x73\x74\x61\x6d\x70\0\x73\x79\x73\x63\x74\x6c\x5f\x75\x64\x70\x5f\
\x77\x6d\x65\x6d\x5f\x6d\x69\x6e\0\x73\x79\x73\x63\x74\x6c\x5f\x75\x64\x70\x5f\
\x72\x6d\x65\x6d\x5f\x6d\x69\x6e\0\x73\x79\x73\x63\x74\x6c\x5f\x66\x69\x62\x5f\
\x6e\x6f\x74\x69\x66\x79\x5f\x6f\x6e\x5f\x66\x6c\x61\x67\x5f\x63\x68\x61\x6e\
\x67\x65\0\x73\x79\x73\x63\x74\x6c\x5f\x69\x67\x6d\x70\x5f\x6c\x6c\x6d\x5f\x72\
\x65\x70\x6f\x72\x74\x73\0\x73\x79\x73\x63\x74\x6c\x5f\x69\x67\x6d\x70\x5f\x6d\
\x61\x78\x5f\x6d\x65\x6d\x62\x65\x72\x73\x68\x69\x70\x73\0\x73\x79\x73\x63\x74\
\x6c\x5f\x69\x67\x6d\x70\x5f\x6d\x61\x78\x5f\x6d\x73\x66\0\x73\x79\x73\x63\x74\
\x6c\x5f\x69\x67\x6d\x70\x5f\x71\x72\x76\0\x70\x69\x6e\x67\x5f\x67\x72\x6f\x75\
\x70\x5f\x72\x61\x6e\x67\x65\0\x64\x65\x76\x5f\x61\x64\x64\x72\x5f\x67\x65\x6e\
\x69\x64\0\x73\x79\x73\x63\x74\x6c\x5f\x6c\x6f\x63\x61\x6c\x5f\x72\x65\x73\x65\
\x72\x76\x65\x64\x5f\x70\x6f\x72\x74\x73\0\x73\x79\x73\x63\x74\x6c\x5f\x69\x70\
\x5f\x70\x72\x6f\x74\x5f\x73\x6f\x63\x6b\0\x6d\x72\x74\0\x73\x79\x73\x63\x74\
\x6c\x5f\x66\x69\x62\x5f\x6d\x75\x6c\x74\x69\x70\x61\x74\x68\x5f\x68\x61\x73\
\x68\x5f\x66\x69\x65\x6c\x64\x73\0\x73\x79\x73\x63\x74\x6c\x5f\x66\x69\x62\x5f\
\x6d\x75\x6c\x74\x69\x70\x61\x74\x68\x5f\x75\x73\x65\x5f\x6e\x65\x69\x67\x68\0\
\x73\x79\x73\x63\x74\x6c\x5f\x66\x69\x62\x5f\x6d\x75\x6c\x74\x69\x70\x61\x74\
\x68\x5f\x68\x61\x73\x68\x5f\x70\x6f\x6c\x69\x63\x79\0\x6e\x6f\x74\x69\x66\x69\
\x65\x72\x5f\x6f\x70\x73\0\x66\x69\x62\x5f\x73\x65\x71\0\x69\x70\x6d\x72\x5f\
\x6e\x6f\x74\x69\x66\x69\x65\x72\x5f\x6f\x70\x73\0\x69\x70\x6d\x72\x5f\x73\x65\
\x71\0\x72\x74\x5f\x67\x65\x6e\x69\x64\0\x69\x70\x5f\x69\x64\x5f\x6b\x65\x79\0\
\x69\x6e\x65\x74\x5f\x74\x69\x6d\x65\x77\x61\x69\x74\x5f\x64\x65\x61\x74\x68\
\x5f\x72\x6f\x77\0\x74\x77\x5f\x63\x6f\x75\x6e\x74\0\x74\x77\x5f\x70\x61\x64\0\
\x68\x61\x73\x68\x69\x6e\x66\x6f\0\x73\x79\x73\x63\x74\x6c\x5f\x6d\x61\x78\x5f\
\x74\x77\x5f\x62\x75\x63\x6b\x65\x74\x73\0\x6c\x6f\x63\x61\x6c\x5f\x70\x6f\x72\
\x74\x73\0\x72\x61\x6e\x67\x65\0\x77\x61\x72\x6e\x65\x64\0\x73\x65\x71\x6c\x6f\
\x63\x6b\x5f\x74\0\x73\x69\x70\x68\x61\x73\x68\x5f\x6b\x65\x79\x5f\x74\0\x6e\
\x65\x74\x6e\x73\x5f\x69\x70\x76\x36\0\x69\x70\x36\x5f\x64\x73\x74\x5f\x6f\x70\
\x73\0\x73\x79\x73\x63\x74\x6c\0\x66\x69\x62\x36\x5f\x6e\x75\x6c\x6c\x5f\x65\
\x6e\x74\x72\x79\0\x69\x70\x36\x5f\x6e\x75\x6c\x6c\x5f\x65\x6e\x74\x72\x79\0\
\x72\x74\x36\x5f\x73\x74\x61\x74\x73\0\x69\x70\x36\x5f\x66\x69\x62\x5f\x74\x69\
\x6d\x65\x72\0\x66\x69\x62\x36\x5f\x6d\x61\x69\x6e\x5f\x74\x62\x6c\0\x66\x69\
\x62\x36\x5f\x77\x61\x6c\x6b\x65\x72\x73\0\x66\x69\x62\x36\x5f\x77\x61\x6c\x6b\
\x65\x72\x5f\x6c\x6f\x63\x6b\0\x66\x69\x62\x36\x5f\x67\x63\x5f\x6c\x6f\x63\x6b\
\0\x69\x70\x36\x5f\x72\x74\x5f\x67\x63\x5f\x65\x78\x70\x69\x72\x65\0\x69\x70\
\x36\x5f\x72\x74\x5f\x6c\x61\x73\x74\x5f\x67\x63\0\x66\x6c\x6f\x77\x6c\x61\x62\
\x65\x6c\x5f\x68\x61\x73\x5f\x65\x78\x63\x6c\0\x66\x69\x62\x36\x5f\x68\x61\x73\
\x5f\x63\x75\x73\x74\x6f\x6d\x5f\x72\x75\x6c\x65\x73\0\x66\x69\x62\x36\x5f\x72\
\x75\x6c\x65\x73\x5f\x72\x65\x71\x75\x69\x72\x65\x5f\x66\x6c\x64\x69\x73\x73\
\x65\x63\x74\0\x69\x70\x36\x5f\x70\x72\x6f\x68\x69\x62\x69\x74\x5f\x65\x6e\x74\
\x72\x79\0\x69\x70\x36\x5f\x62\x6c\x6b\x5f\x68\x6f\x6c\x65\x5f\x65\x6e\x74\x72\
\x79\0\x66\x69\x62\x36\x5f\x6c\x6f\x63\x61\x6c\x5f\x74\x62\x6c\0\x66\x69\x62\
\x36\x5f\x72\x75\x6c\x65\x73\x5f\x6f\x70\x73\0\x6e\x64\x69\x73\x63\x5f\x73\x6b\
\0\x74\x63\x70\x5f\x73\x6b\0\x69\x67\x6d\x70\x5f\x73\x6b\0\x66\x69\x62\x36\x5f\
\x73\x65\x72\x6e\x75\x6d\0\x73\x65\x67\x36\x5f\x64\x61\x74\x61\0\x69\x70\x36\
\x6d\x72\x5f\x6e\x6f\x74\x69\x66\x69\x65\x72\x5f\x6f\x70\x73\0\x69\x70\x36\x61\
\x64\x64\x72\x6c\x62\x6c\x5f\x74\x61\x62\x6c\x65\0\x69\x6f\x61\x6d\x36\x5f\x64\
\x61\x74\x61\0\x64\x73\x74\x5f\x6f\x70\x73\0\x66\x61\x6d\x69\x6c\x79\0\x67\x63\
\x5f\x74\x68\x72\x65\x73\x68\0\x67\x63\0\x63\x68\x65\x63\x6b\0\x64\x65\x66\x61\
\x75\x6c\x74\x5f\x61\x64\x76\x6d\x73\x73\0\x6d\x74\x75\0\x63\x6f\x77\x5f\x6d\
\x65\x74\x72\x69\x63\x73\0\x69\x66\x64\x6f\x77\x6e\0\x6e\x65\x67\x61\x74\x69\
\x76\x65\x5f\x61\x64\x76\x69\x63\x65\0\x6c\x69\x6e\x6b\x5f\x66\x61\x69\x6c\x75\
\x72\x65\0\x75\x70\x64\x61\x74\x65\x5f\x70\x6d\x74\x75\0\x72\x65\x64\x69\x72\
\x65\x63\x74\0\x6c\x6f\x63\x61\x6c\x5f\x6f\x75\x74\0\x6e\x65\x69\x67\x68\x5f\
\x6c\x6f\x6f\x6b\x75\x70\0\x63\x6f\x6e\x66\x69\x72\x6d\x5f\x6e\x65\x69\x67\x68\
\0\x6b\x6d\x65\x6d\x5f\x63\x61\x63\x68\x65\x70\0\x70\x63\x70\x75\x63\x5f\x65\
\x6e\x74\x72\x69\x65\x73\0\x64\x73\x74\x5f\x65\x6e\x74\x72\x79\0\x64\x65\x76\0\
\x5f\x6d\x65\x74\x72\x69\x63\x73\0\x69\x6e\x70\x75\x74\0\x6f\x75\x74\x70\x75\
\x74\0\x6f\x62\x73\x6f\x6c\x65\x74\x65\0\x68\x65\x61\x64\x65\x72\x5f\x6c\x65\
\x6e\0\x74\x72\x61\x69\x6c\x65\x72\x5f\x6c\x65\x6e\0\x5f\x5f\x72\x65\x66\x63\
\x6e\x74\0\x5f\x5f\x75\x73\x65\0\x6c\x61\x73\x74\x75\x73\x65\0\x6c\x77\x74\x73\
\x74\x61\x74\x65\0\x65\x72\x72\x6f\x72\0\x5f\x5f\x70\x61\x64\0\x74\x63\x6c\x61\
\x73\x73\x69\x64\0\x73\x6b\x5f\x62\x75\x66\x66\0\x63\x62\0\x5f\x6e\x66\x63\x74\
\0\x64\x61\x74\x61\x5f\x6c\x65\x6e\0\x6d\x61\x63\x5f\x6c\x65\x6e\0\x68\x64\x72\
\x5f\x6c\x65\x6e\0\x71\x75\x65\x75\x65\x5f\x6d\x61\x70\x70\x69\x6e\x67\0\x5f\
\x5f\x63\x6c\x6f\x6e\x65\x64\x5f\x6f\x66\x66\x73\x65\x74\0\x63\x6c\x6f\x6e\x65\
\x64\0\x6e\x6f\x68\x64\x72\0\x66\x63\x6c\x6f\x6e\x65\0\x70\x65\x65\x6b\x65\x64\
\0\x68\x65\x61\x64\x5f\x66\x72\x61\x67\0\x70\x66\x6d\x65\x6d\x61\x6c\x6c\x6f\
\x63\0\x70\x70\x5f\x72\x65\x63\x79\x63\x6c\x65\0\x61\x63\x74\x69\x76\x65\x5f\
\x65\x78\x74\x65\x6e\x73\x69\x6f\x6e\x73\0\x68\x65\x61\x64\x65\x72\x73\x5f\x73\
\x74\x61\x72\x74\0\x5f\x5f\x70\x6b\x74\x5f\x74\x79\x70\x65\x5f\x6f\x66\x66\x73\
\x65\x74\0\x70\x6b\x74\x5f\x74\x79\x70\x65\0\x69\x67\x6e\x6f\x72\x65\x5f\x64\
\x66\0\x6e\x66\x5f\x74\x72\x61\x63\x65\0\x69\x70\x5f\x73\x75\x6d\x6d\x65\x64\0\
\x6f\x6f\x6f\x5f\x6f\x6b\x61\x79\0\x6c\x34\x5f\x68\x61\x73\x68\0\x73\x77\x5f\
\x68\x61\x73\x68\0\x77\x69\x66\x69\x5f\x61\x63\x6b\x65\x64\x5f\x76\x61\x6c\x69\
\x64\0\x77\x69\x66\x69\x5f\x61\x63\x6b\x65\x64\0\x6e\x6f\x5f\x66\x63\x73\0\x65\
\x6e\x63\x61\x70\x73\x75\x6c\x61\x74\x69\x6f\x6e\0\x65\x6e\x63\x61\x70\x5f\x68\
\x64\x72\x5f\x63\x73\x75\x6d\0\x63\x73\x75\x6d\x5f\x76\x61\x6c\x69\x64\0\x5f\
\x5f\x70\x6b\x74\x5f\x76\x6c\x61\x6e\x5f\x70\x72\x65\x73\x65\x6e\x74\x5f\x6f\
\x66\x66\x73\x65\x74\0\x76\x6c\x61\x6e\x5f\x70\x72\x65\x73\x65\x6e\x74\0\x63\
\x73\x75\x6d\x5f\x63\x6f\x6d\x70\x6c\x65\x74\x65\x5f\x73\x77\0\x63\x73\x75\x6d\
\x5f\x6c\x65\x76\x65\x6c\0\x63\x73\x75\x6d\x5f\x6e\x6f\x74\x5f\x69\x6e\x65\x74\
\0\x64\x73\x74\x5f\x70\x65\x6e\x64\x69\x6e\x67\x5f\x63\x6f\x6e\x66\x69\x72\x6d\
\0\x6e\x64\x69\x73\x63\x5f\x6e\x6f\x64\x65\x74\x79\x70\x65\0\x69\x70\x76\x73\
\x5f\x70\x72\x6f\x70\x65\x72\x74\x79\0\x69\x6e\x6e\x65\x72\x5f\x70\x72\x6f\x74\
\x6f\x63\x6f\x6c\x5f\x74\x79\x70\x65\0\x72\x65\x6d\x63\x73\x75\x6d\x5f\x6f\x66\
\x66\x6c\x6f\x61\x64\0\x74\x63\x5f\x73\x6b\x69\x70\x5f\x63\x6c\x61\x73\x73\x69\
\x66\x79\0\x74\x63\x5f\x61\x74\x5f\x69\x6e\x67\x72\x65\x73\x73\0\x72\x65\x64\
\x69\x72\x65\x63\x74\x65\x64\0\x73\x6c\x6f\x77\x5f\x67\x72\x6f\0\x73\x63\x6d\
\x5f\x69\x6f\x5f\x75\x72\x69\x6e\x67\0\x74\x63\x5f\x69\x6e\x64\x65\x78\0\x73\
\x6b\x62\x5f\x69\x69\x66\0\x68\x61\x73\x68\0\x76\x6c\x61\x6e\x5f\x70\x72\x6f\
\x74\x6f\0\x76\x6c\x61\x6e\x5f\x74\x63\x69\0\x73\x65\x63\x6d\x61\x72\x6b\0\x69\
\x6e\x6e\x65\x72\x5f\x74\x72\x61\x6e\x73\x70\x6f\x72\x74\x5f\x68\x65\x61\x64\
\x65\x72\0\x69\x6e\x6e\x65\x72\x5f\x6e\x65\x74\x77\x6f\x72\x6b\x5f\x68\x65\x61\
\x64\x65\x72\0\x69\x6e\x6e\x65\x72\x5f\x6d\x61\x63\x5f\x68\x65\x61\x64\x65\x72\
\0\x70\x72\x6f\x74\x6f\x63\x6f\x6c\0\x74\x72\x61\x6e\x73\x70\x6f\x72\x74\x5f\
\x68\x65\x61\x64\x65\x72\0\x6e\x65\x74\x77\x6f\x72\x6b\x5f\x68\x65\x61\x64\x65\
\x72\0\x6d\x61\x63\x5f\x68\x65\x61\x64\x65\x72\0\x68\x65\x61\x64\x65\x72\x73\
\x5f\x65\x6e\x64\0\x65\x6e\x64\0\x74\x72\x75\x65\x73\x69\x7a\x65\0\x75\x73\x65\
\x72\x73\0\x65\x78\x74\x65\x6e\x73\x69\x6f\x6e\x73\0\x72\x62\x6e\x6f\x64\x65\0\
\x64\x65\x76\x5f\x73\x63\x72\x61\x74\x63\x68\0\x73\x6b\0\x69\x70\x5f\x64\x65\
\x66\x72\x61\x67\x5f\x6f\x66\x66\x73\x65\x74\0\x73\x6b\x62\x5f\x6d\x73\x74\x61\
\x6d\x70\x5f\x6e\x73\0\x74\x63\x70\x5f\x74\x73\x6f\x72\x74\x65\x64\x5f\x61\x6e\
\x63\x68\x6f\x72\0\x5f\x73\x6b\x5f\x72\x65\x64\x69\x72\0\x5f\x73\x6b\x62\x5f\
\x72\x65\x66\x64\x73\x74\0\x64\x65\x73\x74\x72\x75\x63\x74\x6f\x72\0\x63\x73\
\x75\x6d\0\x5f\x5f\x77\x73\x75\x6d\0\x63\x73\x75\x6d\x5f\x73\x74\x61\x72\x74\0\
\x63\x73\x75\x6d\x5f\x6f\x66\x66\x73\x65\x74\0\x5f\x5f\x62\x65\x31\x36\0\x6e\
\x61\x70\x69\x5f\x69\x64\0\x73\x65\x6e\x64\x65\x72\x5f\x63\x70\x75\0\x6d\x61\
\x72\x6b\0\x72\x65\x73\x65\x72\x76\x65\x64\x5f\x74\x61\x69\x6c\x72\x6f\x6f\x6d\
\0\x69\x6e\x6e\x65\x72\x5f\x70\x72\x6f\x74\x6f\x63\x6f\x6c\0\x69\x6e\x6e\x65\
\x72\x5f\x69\x70\x70\x72\x6f\x74\x6f\0\x73\x6b\x5f\x62\x75\x66\x66\x5f\x64\x61\
\x74\x61\x5f\x74\0\x73\x6f\x63\x6b\0\x5f\x5f\x73\x6b\x5f\x63\x6f\x6d\x6d\x6f\
\x6e\0\x73\x6b\x5f\x6c\x6f\x63\x6b\0\x73\x6b\x5f\x64\x72\x6f\x70\x73\0\x73\x6b\
\x5f\x72\x63\x76\x6c\x6f\x77\x61\x74\0\x73\x6b\x5f\x65\x72\x72\x6f\x72\x5f\x71\
\x75\x65\x75\x65\0\x73\x6b\x5f\x72\x78\x5f\x73\x6b\x62\x5f\x63\x61\x63\x68\x65\
\0\x73\x6b\x5f\x72\x65\x63\x65\x69\x76\x65\x5f\x71\x75\x65\x75\x65\0\x73\x6b\
\x5f\x62\x61\x63\x6b\x6c\x6f\x67\0\x73\x6b\x5f\x66\x6f\x72\x77\x61\x72\x64\x5f\
\x61\x6c\x6c\x6f\x63\0\x73\x6b\x5f\x6c\x6c\x5f\x75\x73\x65\x63\0\x73\x6b\x5f\
\x6e\x61\x70\x69\x5f\x69\x64\0\x73\x6b\x5f\x72\x63\x76\x62\x75\x66\0\x73\x6b\
\x5f\x77\x61\x69\x74\x5f\x70\x65\x6e\x64\x69\x6e\x67\0\x73\x6b\x5f\x66\x69\x6c\
\x74\x65\x72\0\x73\x6b\x5f\x70\x6f\x6c\x69\x63\x79\0\x73\x6b\x5f\x72\x78\x5f\
\x64\x73\x74\0\x73\x6b\x5f\x72\x78\x5f\x64\x73\x74\x5f\x69\x66\x69\x6e\x64\x65\
\x78\0\x73\x6b\x5f\x72\x78\x5f\x64\x73\x74\x5f\x63\x6f\x6f\x6b\x69\x65\0\x73\
\x6b\x5f\x64\x73\x74\x5f\x63\x61\x63\x68\x65\0\x73\x6b\x5f\x6f\x6d\x65\x6d\x5f\
\x61\x6c\x6c\x6f\x63\0\x73\x6b\x5f\x73\x6e\x64\x62\x75\x66\0\x73\x6b\x5f\x77\
\x6d\x65\x6d\x5f\x71\x75\x65\x75\x65\x64\0\x73\x6b\x5f\x77\x6d\x65\x6d\x5f\x61\
\x6c\x6c\x6f\x63\0\x73\x6b\x5f\x74\x73\x71\x5f\x66\x6c\x61\x67\x73\0\x73\x6b\
\x5f\x74\x78\x5f\x73\x6b\x62\x5f\x63\x61\x63\x68\x65\0\x73\x6b\x5f\x77\x72\x69\
\x74\x65\x5f\x71\x75\x65\x75\x65\0\x73\x6b\x5f\x70\x65\x65\x6b\x5f\x6f\x66\x66\
\0\x73\x6b\x5f\x77\x72\x69\x74\x65\x5f\x70\x65\x6e\x64\x69\x6e\x67\0\x73\x6b\
\x5f\x64\x73\x74\x5f\x70\x65\x6e\x64\x69\x6e\x67\x5f\x63\x6f\x6e\x66\x69\x72\
\x6d\0\x73\x6b\x5f\x70\x61\x63\x69\x6e\x67\x5f\x73\x74\x61\x74\x75\x73\0\x73\
\x6b\x5f\x73\x6e\x64\x74\x69\x6d\x65\x6f\0\x73\x6b\x5f\x74\x69\x6d\x65\x72\0\
\x73\x6b\x5f\x70\x72\x69\x6f\x72\x69\x74\x79\0\x73\x6b\x5f\x6d\x61\x72\x6b\0\
\x73\x6b\x5f\x70\x61\x63\x69\x6e\x67\x5f\x72\x61\x74\x65\0\x73\x6b\x5f\x6d\x61\
\x78\x5f\x70\x61\x63\x69\x6e\x67\x5f\x72\x61\x74\x65\0\x73\x6b\x5f\x66\x72\x61\
\x67\0\x73\x6b\x5f\x72\x6f\x75\x74\x65\x5f\x63\x61\x70\x73\0\x73\x6b\x5f\x72\
\x6f\x75\x74\x65\x5f\x6e\x6f\x63\x61\x70\x73\0\x73\x6b\x5f\x72\x6f\x75\x74\x65\
\x5f\x66\x6f\x72\x63\x65\x64\x5f\x63\x61\x70\x73\0\x73\x6b\x5f\x67\x73\x6f\x5f\
\x74\x79\x70\x65\0\x73\x6b\x5f\x67\x73\x6f\x5f\x6d\x61\x78\x5f\x73\x69\x7a\x65\
\0\x73\x6b\x5f\x61\x6c\x6c\x6f\x63\x61\x74\x69\x6f\x6e\0\x73\x6b\x5f\x74\x78\
\x68\x61\x73\x68\0\x73\x6b\x5f\x70\x61\x64\x64\x69\x6e\x67\0\x73\x6b\x5f\x6b\
\x65\x72\x6e\x5f\x73\x6f\x63\x6b\0\x73\x6b\x5f\x6e\x6f\x5f\x63\x68\x65\x63\x6b\
\x5f\x74\x78\0\x73\x6b\x5f\x6e\x6f\x5f\x63\x68\x65\x63\x6b\x5f\x72\x78\0\x73\
\x6b\x5f\x75\x73\x65\x72\x6c\x6f\x63\x6b\x73\0\x73\x6b\x5f\x70\x61\x63\x69\x6e\
\x67\x5f\x73\x68\x69\x66\x74\0\x73\x6b\x5f\x74\x79\x70\x65\0\x73\x6b\x5f\x70\
\x72\x6f\x74\x6f\x63\x6f\x6c\0\x73\x6b\x5f\x67\x73\x6f\x5f\x6d\x61\x78\x5f\x73\
\x65\x67\x73\0\x73\x6b\x5f\x6c\x69\x6e\x67\x65\x72\x74\x69\x6d\x65\0\x73\x6b\
\x5f\x70\x72\x6f\x74\x5f\x63\x72\x65\x61\x74\x6f\x72\0\x73\x6b\x5f\x63\x61\x6c\
\x6c\x62\x61\x63\x6b\x5f\x6c\x6f\x63\x6b\0\x73\x6b\x5f\x65\x72\x72\0\x73\x6b\
\x5f\x65\x72\x72\x5f\x73\x6f\x66\x74\0\x73\x6b\x5f\x61\x63\x6b\x5f\x62\x61\x63\
\x6b\x6c\x6f\x67\0\x73\x6b\x5f\x6d\x61\x78\x5f\x61\x63\x6b\x5f\x62\x61\x63\x6b\
\x6c\x6f\x67\0\x73\x6b\x5f\x75\x69\x64\0\x73\x6b\x5f\x70\x72\x65\x66\x65\x72\
\x5f\x62\x75\x73\x79\x5f\x70\x6f\x6c\x6c\0\x73\x6b\x5f\x62\x75\x73\x79\x5f\x70\
\x6f\x6c\x6c\x5f\x62\x75\x64\x67\x65\x74\0\x73\x6b\x5f\x70\x65\x65\x72\x5f\x6c\
\x6f\x63\x6b\0\x73\x6b\x5f\x70\x65\x65\x72\x5f\x70\x69\x64\0\x73\x6b\x5f\x70\
\x65\x65\x72\x5f\x63\x72\x65\x64\0\x73\x6b\x5f\x72\x63\x76\x74\x69\x6d\x65\x6f\
\0\x73\x6b\x5f\x73\x74\x61\x6d\x70\0\x73\x6b\x5f\x74\x73\x66\x6c\x61\x67\x73\0\
\x73\x6b\x5f\x62\x69\x6e\x64\x5f\x70\x68\x63\0\x73\x6b\x5f\x73\x68\x75\x74\x64\
\x6f\x77\x6e\0\x73\x6b\x5f\x74\x73\x6b\x65\x79\0\x73\x6b\x5f\x7a\x63\x6b\x65\
\x79\0\x73\x6b\x5f\x63\x6c\x6f\x63\x6b\x69\x64\0\x73\x6b\x5f\x74\x78\x74\x69\
\x6d\x65\x5f\x64\x65\x61\x64\x6c\x69\x6e\x65\x5f\x6d\x6f\x64\x65\0\x73\x6b\x5f\
\x74\x78\x74\x69\x6d\x65\x5f\x72\x65\x70\x6f\x72\x74\x5f\x65\x72\x72\x6f\x72\
\x73\0\x73\x6b\x5f\x74\x78\x74\x69\x6d\x65\x5f\x75\x6e\x75\x73\x65\x64\0\x73\
\x6b\x5f\x73\x6f\x63\x6b\x65\x74\0\x73\x6b\x5f\x75\x73\x65\x72\x5f\x64\x61\x74\
\x61\0\x73\x6b\x5f\x73\x65\x63\x75\x72\x69\x74\x79\0\x73\x6b\x5f\x63\x67\x72\
\x70\x5f\x64\x61\x74\x61\0\x73\x6b\x5f\x6d\x65\x6d\x63\x67\0\x73\x6b\x5f\x73\
\x74\x61\x74\x65\x5f\x63\x68\x61\x6e\x67\x65\0\x73\x6b\x5f\x64\x61\x74\x61\x5f\
\x72\x65\x61\x64\x79\0\x73\x6b\x5f\x77\x72\x69\x74\x65\x5f\x73\x70\x61\x63\x65\
\0\x73\x6b\x5f\x65\x72\x72\x6f\x72\x5f\x72\x65\x70\x6f\x72\x74\0\x73\x6b\x5f\
\x62\x61\x63\x6b\x6c\x6f\x67\x5f\x72\x63\x76\0\x73\x6b\x5f\x64\x65\x73\x74\x72\
\x75\x63\x74\0\x73\x6b\x5f\x72\x65\x75\x73\x65\x70\x6f\x72\x74\x5f\x63\x62\0\
\x73\x6b\x5f\x62\x70\x66\x5f\x73\x74\x6f\x72\x61\x67\x65\0\x73\x6b\x5f\x72\x63\
\x75\0\x73\x6f\x63\x6b\x5f\x63\x6f\x6d\x6d\x6f\x6e\0\x73\x6b\x63\x5f\x66\x61\
\x6d\x69\x6c\x79\0\x73\x6b\x63\x5f\x73\x74\x61\x74\x65\0\x73\x6b\x63\x5f\x72\
\x65\x75\x73\x65\0\x73\x6b\x63\x5f\x72\x65\x75\x73\x65\x70\x6f\x72\x74\0\x73\
\x6b\x63\x5f\x69\x70\x76\x36\x6f\x6e\x6c\x79\0\x73\x6b\x63\x5f\x6e\x65\x74\x5f\
\x72\x65\x66\x63\x6e\x74\0\x73\x6b\x63\x5f\x62\x6f\x75\x6e\x64\x5f\x64\x65\x76\
\x5f\x69\x66\0\x73\x6b\x63\x5f\x70\x72\x6f\x74\0\x73\x6b\x63\x5f\x6e\x65\x74\0\
\x73\x6b\x63\x5f\x76\x36\x5f\x64\x61\x64\x64\x72\0\x73\x6b\x63\x5f\x76\x36\x5f\
\x72\x63\x76\x5f\x73\x61\x64\x64\x72\0\x73\x6b\x63\x5f\x63\x6f\x6f\x6b\x69\x65\
\0\x73\x6b\x63\x5f\x64\x6f\x6e\x74\x63\x6f\x70\x79\x5f\x62\x65\x67\x69\x6e\0\
\x73\x6b\x63\x5f\x74\x78\x5f\x71\x75\x65\x75\x65\x5f\x6d\x61\x70\x70\x69\x6e\
\x67\0\x73\x6b\x63\x5f\x72\x78\x5f\x71\x75\x65\x75\x65\x5f\x6d\x61\x70\x70\x69\
\x6e\x67\0\x73\x6b\x63\x5f\x72\x65\x66\x63\x6e\x74\0\x73\x6b\x63\x5f\x64\x6f\
\x6e\x74\x63\x6f\x70\x79\x5f\x65\x6e\x64\0\x73\x6b\x63\x5f\x61\x64\x64\x72\x70\
\x61\x69\x72\0\x5f\x5f\x61\x64\x64\x72\x70\x61\x69\x72\0\x73\x6b\x63\x5f\x64\
\x61\x64\x64\x72\0\x73\x6b\x63\x5f\x72\x63\x76\x5f\x73\x61\x64\x64\x72\0\x5f\
\x5f\x62\x65\x33\x32\0\x73\x6b\x63\x5f\x68\x61\x73\x68\0\x73\x6b\x63\x5f\x75\
\x31\x36\x68\x61\x73\x68\x65\x73\0\x73\x6b\x63\x5f\x70\x6f\x72\x74\x70\x61\x69\
\x72\0\x5f\x5f\x70\x6f\x72\x74\x70\x61\x69\x72\0\x73\x6b\x63\x5f\x64\x70\x6f\
\x72\x74\0\x73\x6b\x63\x5f\x6e\x75\x6d\0\x73\x6b\x63\x5f\x62\x69\x6e\x64\x5f\
\x6e\x6f\x64\x65\0\x73\x6b\x63\x5f\x70\x6f\x72\x74\x61\x64\x64\x72\x5f\x6e\x6f\
\x64\x65\0\x70\x6f\x73\x73\x69\x62\x6c\x65\x5f\x6e\x65\x74\x5f\x74\0\x69\x6e\
\x36\x5f\x61\x64\x64\x72\0\x69\x6e\x36\x5f\x75\0\x75\x36\x5f\x61\x64\x64\x72\
\x38\0\x75\x36\x5f\x61\x64\x64\x72\x31\x36\0\x75\x36\x5f\x61\x64\x64\x72\x33\
\x32\0\x73\x6b\x63\x5f\x66\x6c\x61\x67\x73\0\x73\x6b\x63\x5f\x6c\x69\x73\x74\
\x65\x6e\x65\x72\0\x73\x6b\x63\x5f\x74\x77\x5f\x64\x72\0\x73\x6b\x63\x5f\x6e\
\x6f\x64\x65\0\x73\x6b\x63\x5f\x6e\x75\x6c\x6c\x73\x5f\x6e\x6f\x64\x65\0\x68\
\x6c\x69\x73\x74\x5f\x6e\x75\x6c\x6c\x73\x5f\x6e\x6f\x64\x65\0\x73\x6b\x63\x5f\
\x69\x6e\x63\x6f\x6d\x69\x6e\x67\x5f\x63\x70\x75\0\x73\x6b\x63\x5f\x72\x63\x76\
\x5f\x77\x6e\x64\0\x73\x6b\x63\x5f\x74\x77\x5f\x72\x63\x76\x5f\x6e\x78\x74\0\
\x73\x6b\x63\x5f\x72\x78\x68\x61\x73\x68\0\x73\x6b\x63\x5f\x77\x69\x6e\x64\x6f\
\x77\x5f\x63\x6c\x61\x6d\x70\0\x73\x6b\x63\x5f\x74\x77\x5f\x73\x6e\x64\x5f\x6e\
\x78\x74\0\x73\x6f\x63\x6b\x65\x74\x5f\x6c\x6f\x63\x6b\x5f\x74\0\x73\x6c\x6f\
\x63\x6b\0\x6f\x77\x6e\x65\x64\0\x77\x71\0\x73\x6b\x5f\x62\x75\x66\x66\x5f\x68\
\x65\x61\x64\0\x71\x6c\x65\x6e\0\x72\x6d\x65\x6d\x5f\x61\x6c\x6c\x6f\x63\0\x73\
\x6b\x5f\x77\x71\0\x73\x6b\x5f\x77\x71\x5f\x72\x61\x77\0\x78\x66\x72\x6d\x5f\
\x70\x6f\x6c\x69\x63\x79\0\x78\x70\x5f\x6e\x65\x74\0\x62\x79\x64\x73\x74\0\x62\
\x79\x69\x64\x78\0\x72\x65\x66\x63\x6e\x74\0\x70\x6f\x73\0\x74\x69\x6d\x65\x72\
\0\x67\x65\x6e\x69\x64\0\x69\x66\x5f\x69\x64\0\x6c\x66\x74\0\x63\x75\x72\x6c\
\x66\x74\0\x77\x61\x6c\x6b\0\x70\x6f\x6c\x71\0\x62\x79\x64\x73\x74\x5f\x72\x65\
\x69\x6e\x73\x65\x72\x74\0\x61\x63\x74\x69\x6f\x6e\0\x78\x66\x72\x6d\x5f\x6e\
\x72\0\x78\x66\x72\x6d\x5f\x76\x65\x63\0\x62\x79\x64\x73\x74\x5f\x69\x6e\x65\
\x78\x61\x63\x74\x5f\x6c\x69\x73\x74\0\x78\x66\x72\x6d\x5f\x6d\x61\x72\x6b\0\
\x76\0\x6d\0\x78\x66\x72\x6d\x5f\x73\x65\x6c\x65\x63\x74\x6f\x72\0\x64\x61\x64\
\x64\x72\0\x73\x61\x64\x64\x72\0\x64\x70\x6f\x72\x74\0\x64\x70\x6f\x72\x74\x5f\
\x6d\x61\x73\x6b\0\x73\x70\x6f\x72\x74\0\x73\x70\x6f\x72\x74\x5f\x6d\x61\x73\
\x6b\0\x70\x72\x65\x66\x69\x78\x6c\x65\x6e\x5f\x64\0\x70\x72\x65\x66\x69\x78\
\x6c\x65\x6e\x5f\x73\0\x70\x72\x6f\x74\x6f\0\x78\x66\x72\x6d\x5f\x61\x64\x64\
\x72\x65\x73\x73\x5f\x74\0\x61\x34\0\x61\x36\0\x69\x6e\x36\0\x78\x66\x72\x6d\
\x5f\x6c\x69\x66\x65\x74\x69\x6d\x65\x5f\x63\x66\x67\0\x73\x6f\x66\x74\x5f\x62\
\x79\x74\x65\x5f\x6c\x69\x6d\x69\x74\0\x68\x61\x72\x64\x5f\x62\x79\x74\x65\x5f\
\x6c\x69\x6d\x69\x74\0\x73\x6f\x66\x74\x5f\x70\x61\x63\x6b\x65\x74\x5f\x6c\x69\
\x6d\x69\x74\0\x68\x61\x72\x64\x5f\x70\x61\x63\x6b\x65\x74\x5f\x6c\x69\x6d\x69\
\x74\0\x73\x6f\x66\x74\x5f\x61\x64\x64\x5f\x65\x78\x70\x69\x72\x65\x73\x5f\x73\
\x65\x63\x6f\x6e\x64\x73\0\x68\x61\x72\x64\x5f\x61\x64\x64\x5f\x65\x78\x70\x69\
\x72\x65\x73\x5f\x73\x65\x63\x6f\x6e\x64\x73\0\x73\x6f\x66\x74\x5f\x75\x73\x65\
\x5f\x65\x78\x70\x69\x72\x65\x73\x5f\x73\x65\x63\x6f\x6e\x64\x73\0\x68\x61\x72\
\x64\x5f\x75\x73\x65\x5f\x65\x78\x70\x69\x72\x65\x73\x5f\x73\x65\x63\x6f\x6e\
\x64\x73\0\x78\x66\x72\x6d\x5f\x6c\x69\x66\x65\x74\x69\x6d\x65\x5f\x63\x75\x72\
\0\x62\x79\x74\x65\x73\0\x70\x61\x63\x6b\x65\x74\x73\0\x61\x64\x64\x5f\x74\x69\
\x6d\x65\0\x75\x73\x65\x5f\x74\x69\x6d\x65\0\x78\x66\x72\x6d\x5f\x70\x6f\x6c\
\x69\x63\x79\x5f\x77\x61\x6c\x6b\x5f\x65\x6e\x74\x72\x79\0\x61\x6c\x6c\0\x64\
\x65\x61\x64\0\x78\x66\x72\x6d\x5f\x70\x6f\x6c\x69\x63\x79\x5f\x71\x75\x65\x75\
\x65\0\x68\x6f\x6c\x64\x5f\x71\x75\x65\x75\x65\0\x68\x6f\x6c\x64\x5f\x74\x69\
\x6d\x65\x72\0\x78\x66\x72\x6d\x5f\x74\x6d\x70\x6c\0\x65\x6e\x63\x61\x70\x5f\
\x66\x61\x6d\x69\x6c\x79\0\x72\x65\x71\x69\x64\0\x73\x68\x61\x72\x65\0\x6f\x70\
\x74\x69\x6f\x6e\x61\x6c\0\x61\x6c\x6c\x61\x6c\x67\x73\0\x61\x61\x6c\x67\x6f\
\x73\0\x65\x61\x6c\x67\x6f\x73\0\x63\x61\x6c\x67\x6f\x73\0\x78\x66\x72\x6d\x5f\
\x69\x64\0\x73\x70\x69\0\x73\x6b\x5f\x73\x65\x6e\x64\x5f\x68\x65\x61\x64\0\x74\
\x63\x70\x5f\x72\x74\x78\x5f\x71\x75\x65\x75\x65\0\x6e\x65\x74\x64\x65\x76\x5f\
\x66\x65\x61\x74\x75\x72\x65\x73\x5f\x74\0\x73\x6f\x63\x6b\x5f\x63\x67\x72\x6f\
\x75\x70\x5f\x64\x61\x74\x61\0\x63\x6c\x61\x73\x73\x69\x64\0\x6d\x65\x6d\x5f\
\x63\x67\x72\x6f\x75\x70\0\x6e\x65\x74\x5f\x64\x65\x76\x69\x63\x65\0\x6e\x61\
\x6d\x65\0\x6e\x61\x6d\x65\x5f\x6e\x6f\x64\x65\0\x69\x66\x61\x6c\x69\x61\x73\0\
\x6d\x65\x6d\x5f\x65\x6e\x64\0\x6d\x65\x6d\x5f\x73\x74\x61\x72\x74\0\x62\x61\
\x73\x65\x5f\x61\x64\x64\x72\0\x64\x65\x76\x5f\x6c\x69\x73\x74\0\x6e\x61\x70\
\x69\x5f\x6c\x69\x73\x74\0\x75\x6e\x72\x65\x67\x5f\x6c\x69\x73\x74\0\x63\x6c\
\x6f\x73\x65\x5f\x6c\x69\x73\x74\0\x70\x74\x79\x70\x65\x5f\x61\x6c\x6c\0\x70\
\x74\x79\x70\x65\x5f\x73\x70\x65\x63\x69\x66\x69\x63\0\x61\x64\x6a\x5f\x6c\x69\
\x73\x74\0\x70\x72\x69\x76\x5f\x66\x6c\x61\x67\x73\0\x6e\x65\x74\x64\x65\x76\
\x5f\x6f\x70\x73\0\x67\x66\x6c\x61\x67\x73\0\x68\x61\x72\x64\x5f\x68\x65\x61\
\x64\x65\x72\x5f\x6c\x65\x6e\0\x6e\x65\x65\x64\x65\x64\x5f\x68\x65\x61\x64\x72\
\x6f\x6f\x6d\0\x6e\x65\x65\x64\x65\x64\x5f\x74\x61\x69\x6c\x72\x6f\x6f\x6d\0\
\x66\x65\x61\x74\x75\x72\x65\x73\0\x68\x77\x5f\x66\x65\x61\x74\x75\x72\x65\x73\
\0\x77\x61\x6e\x74\x65\x64\x5f\x66\x65\x61\x74\x75\x72\x65\x73\0\x76\x6c\x61\
\x6e\x5f\x66\x65\x61\x74\x75\x72\x65\x73\0\x68\x77\x5f\x65\x6e\x63\x5f\x66\x65\
\x61\x74\x75\x72\x65\x73\0\x6d\x70\x6c\x73\x5f\x66\x65\x61\x74\x75\x72\x65\x73\
\0\x67\x73\x6f\x5f\x70\x61\x72\x74\x69\x61\x6c\x5f\x66\x65\x61\x74\x75\x72\x65\
\x73\0\x6d\x69\x6e\x5f\x6d\x74\x75\0\x6d\x61\x78\x5f\x6d\x74\x75\0\x6d\x69\x6e\
\x5f\x68\x65\x61\x64\x65\x72\x5f\x6c\x65\x6e\0\x6e\x61\x6d\x65\x5f\x61\x73\x73\
\x69\x67\x6e\x5f\x74\x79\x70\x65\0\x67\x72\x6f\x75\x70\0\x72\x78\x5f\x64\x72\
\x6f\x70\x70\x65\x64\0\x74\x78\x5f\x64\x72\x6f\x70\x70\x65\x64\0\x72\x78\x5f\
\x6e\x6f\x68\x61\x6e\x64\x6c\x65\x72\0\x63\x61\x72\x72\x69\x65\x72\x5f\x75\x70\
\x5f\x63\x6f\x75\x6e\x74\0\x63\x61\x72\x72\x69\x65\x72\x5f\x64\x6f\x77\x6e\x5f\
\x63\x6f\x75\x6e\x74\0\x65\x74\x68\x74\x6f\x6f\x6c\x5f\x6f\x70\x73\0\x6e\x64\
\x69\x73\x63\x5f\x6f\x70\x73\0\x68\x65\x61\x64\x65\x72\x5f\x6f\x70\x73\0\x6f\
\x70\x65\x72\x73\x74\x61\x74\x65\0\x6c\x69\x6e\x6b\x5f\x6d\x6f\x64\x65\0\x69\
\x66\x5f\x70\x6f\x72\x74\0\x64\x6d\x61\0\x70\x65\x72\x6d\x5f\x61\x64\x64\x72\0\
\x61\x64\x64\x72\x5f\x61\x73\x73\x69\x67\x6e\x5f\x74\x79\x70\x65\0\x61\x64\x64\
\x72\x5f\x6c\x65\x6e\0\x75\x70\x70\x65\x72\x5f\x6c\x65\x76\x65\x6c\0\x6c\x6f\
\x77\x65\x72\x5f\x6c\x65\x76\x65\x6c\0\x6e\x65\x69\x67\x68\x5f\x70\x72\x69\x76\
\x5f\x6c\x65\x6e\0\x64\x65\x76\x5f\x69\x64\0\x64\x65\x76\x5f\x70\x6f\x72\x74\0\
\x70\x61\x64\x64\x65\x64\0\x61\x64\x64\x72\x5f\x6c\x69\x73\x74\x5f\x6c\x6f\x63\
\x6b\0\x69\x72\x71\0\x75\x63\0\x6d\x63\0\x64\x65\x76\x5f\x61\x64\x64\x72\x73\0\
\x71\x75\x65\x75\x65\x73\x5f\x6b\x73\x65\x74\0\x70\x72\x6f\x6d\x69\x73\x63\x75\
\x69\x74\x79\0\x61\x6c\x6c\x6d\x75\x6c\x74\x69\0\x75\x63\x5f\x70\x72\x6f\x6d\
\x69\x73\x63\0\x76\x6c\x61\x6e\x5f\x69\x6e\x66\x6f\0\x69\x70\x5f\x70\x74\x72\0\
\x69\x70\x36\x5f\x70\x74\x72\0\x69\x65\x65\x65\x38\x30\x32\x31\x31\x5f\x70\x74\
\x72\0\x69\x65\x65\x65\x38\x30\x32\x31\x35\x34\x5f\x70\x74\x72\0\x64\x65\x76\
\x5f\x61\x64\x64\x72\0\x5f\x72\x78\0\x6e\x75\x6d\x5f\x72\x78\x5f\x71\x75\x65\
\x75\x65\x73\0\x72\x65\x61\x6c\x5f\x6e\x75\x6d\x5f\x72\x78\x5f\x71\x75\x65\x75\
\x65\x73\0\x78\x64\x70\x5f\x70\x72\x6f\x67\0\x67\x72\x6f\x5f\x66\x6c\x75\x73\
\x68\x5f\x74\x69\x6d\x65\x6f\x75\x74\0\x6e\x61\x70\x69\x5f\x64\x65\x66\x65\x72\
\x5f\x68\x61\x72\x64\x5f\x69\x72\x71\x73\0\x72\x78\x5f\x68\x61\x6e\x64\x6c\x65\
\x72\0\x72\x78\x5f\x68\x61\x6e\x64\x6c\x65\x72\x5f\x64\x61\x74\x61\0\x6d\x69\
\x6e\x69\x71\x5f\x69\x6e\x67\x72\x65\x73\x73\0\x69\x6e\x67\x72\x65\x73\x73\x5f\
\x71\x75\x65\x75\x65\0\x6e\x66\x5f\x68\x6f\x6f\x6b\x73\x5f\x69\x6e\x67\x72\x65\
\x73\x73\0\x62\x72\x6f\x61\x64\x63\x61\x73\x74\0\x72\x78\x5f\x63\x70\x75\x5f\
\x72\x6d\x61\x70\0\x69\x6e\x64\x65\x78\x5f\x68\x6c\x69\x73\x74\0\x5f\x74\x78\0\
\x6e\x75\x6d\x5f\x74\x78\x5f\x71\x75\x65\x75\x65\x73\0\x72\x65\x61\x6c\x5f\x6e\
\x75\x6d\x5f\x74\x78\x5f\x71\x75\x65\x75\x65\x73\0\x71\x64\x69\x73\x63\0\x74\
\x78\x5f\x71\x75\x65\x75\x65\x5f\x6c\x65\x6e\0\x74\x78\x5f\x67\x6c\x6f\x62\x61\
\x6c\x5f\x6c\x6f\x63\x6b\0\x78\x64\x70\x5f\x62\x75\x6c\x6b\x71\0\x78\x70\x73\
\x5f\x6d\x61\x70\x73\0\x6d\x69\x6e\x69\x71\x5f\x65\x67\x72\x65\x73\x73\0\x71\
\x64\x69\x73\x63\x5f\x68\x61\x73\x68\0\x77\x61\x74\x63\x68\x64\x6f\x67\x5f\x74\
\x69\x6d\x65\x72\0\x77\x61\x74\x63\x68\x64\x6f\x67\x5f\x74\x69\x6d\x65\x6f\0\
\x70\x72\x6f\x74\x6f\x5f\x64\x6f\x77\x6e\x5f\x72\x65\x61\x73\x6f\x6e\0\x74\x6f\
\x64\x6f\x5f\x6c\x69\x73\x74\0\x70\x63\x70\x75\x5f\x72\x65\x66\x63\x6e\x74\0\
\x6c\x69\x6e\x6b\x5f\x77\x61\x74\x63\x68\x5f\x6c\x69\x73\x74\0\x72\x65\x67\x5f\
\x73\x74\x61\x74\x65\0\x64\x69\x73\x6d\x61\x6e\x74\x6c\x65\0\x72\x74\x6e\x6c\
\x5f\x6c\x69\x6e\x6b\x5f\x73\x74\x61\x74\x65\0\x6e\x65\x65\x64\x73\x5f\x66\x72\
\x65\x65\x5f\x6e\x65\x74\x64\x65\x76\0\x70\x72\x69\x76\x5f\x64\x65\x73\x74\x72\
\x75\x63\x74\x6f\x72\0\x6e\x64\x5f\x6e\x65\x74\0\x6d\x6c\x5f\x70\x72\x69\x76\0\
\x6d\x6c\x5f\x70\x72\x69\x76\x5f\x74\x79\x70\x65\0\x73\x79\x73\x66\x73\x5f\x67\
\x72\x6f\x75\x70\x73\0\x73\x79\x73\x66\x73\x5f\x72\x78\x5f\x71\x75\x65\x75\x65\
\x5f\x67\x72\x6f\x75\x70\0\x72\x74\x6e\x6c\x5f\x6c\x69\x6e\x6b\x5f\x6f\x70\x73\
\0\x67\x73\x6f\x5f\x6d\x61\x78\x5f\x73\x69\x7a\x65\0\x67\x73\x6f\x5f\x6d\x61\
\x78\x5f\x73\x65\x67\x73\0\x6e\x75\x6d\x5f\x74\x63\0\x74\x63\x5f\x74\x6f\x5f\
\x74\x78\x71\0\x70\x72\x69\x6f\x5f\x74\x63\x5f\x6d\x61\x70\0\x70\x68\x79\x64\
\x65\x76\0\x73\x66\x70\x5f\x62\x75\x73\0\x71\x64\x69\x73\x63\x5f\x74\x78\x5f\
\x62\x75\x73\x79\x6c\x6f\x63\x6b\0\x71\x64\x69\x73\x63\x5f\x72\x75\x6e\x6e\x69\
\x6e\x67\x5f\x6b\x65\x79\0\x70\x72\x6f\x74\x6f\x5f\x64\x6f\x77\x6e\0\x77\x6f\
\x6c\x5f\x65\x6e\x61\x62\x6c\x65\x64\0\x74\x68\x72\x65\x61\x64\x65\x64\0\x6e\
\x65\x74\x5f\x6e\x6f\x74\x69\x66\x69\x65\x72\x5f\x6c\x69\x73\x74\0\x75\x64\x70\
\x5f\x74\x75\x6e\x6e\x65\x6c\x5f\x6e\x69\x63\x5f\x69\x6e\x66\x6f\0\x75\x64\x70\
\x5f\x74\x75\x6e\x6e\x65\x6c\x5f\x6e\x69\x63\0\x78\x64\x70\x5f\x73\x74\x61\x74\
\x65\0\x75\x70\x70\x65\x72\0\x6c\x6f\x77\x65\x72\0\x6e\x65\x74\x5f\x64\x65\x76\
\x69\x63\x65\x5f\x73\x74\x61\x74\x73\0\x72\x78\x5f\x70\x61\x63\x6b\x65\x74\x73\
\0\x5f\x5f\x72\x78\x5f\x70\x61\x63\x6b\x65\x74\x73\0\x74\x78\x5f\x70\x61\x63\
\x6b\x65\x74\x73\0\x5f\x5f\x74\x78\x5f\x70\x61\x63\x6b\x65\x74\x73\0\x72\x78\
\x5f\x62\x79\x74\x65\x73\0\x5f\x5f\x72\x78\x5f\x62\x79\x74\x65\x73\0\x74\x78\
\x5f\x62\x79\x74\x65\x73\0\x5f\x5f\x74\x78\x5f\x62\x79\x74\x65\x73\0\x72\x78\
\x5f\x65\x72\x72\x6f\x72\x73\0\x5f\x5f\x72\x78\x5f\x65\x72\x72\x6f\x72\x73\0\
\x74\x78\x5f\x65\x72\x72\x6f\x72\x73\0\x5f\x5f\x74\x78\x5f\x65\x72\x72\x6f\x72\
\x73\0\x5f\x5f\x72\x78\x5f\x64\x72\x6f\x70\x70\x65\x64\0\x5f\x5f\x74\x78\x5f\
\x64\x72\x6f\x70\x70\x65\x64\0\x6d\x75\x6c\x74\x69\x63\x61\x73\x74\0\x5f\x5f\
\x6d\x75\x6c\x74\x69\x63\x61\x73\x74\0\x63\x6f\x6c\x6c\x69\x73\x69\x6f\x6e\x73\
\0\x5f\x5f\x63\x6f\x6c\x6c\x69\x73\x69\x6f\x6e\x73\0\x72\x78\x5f\x6c\x65\x6e\
\x67\x74\x68\x5f\x65\x72\x72\x6f\x72\x73\0\x5f\x5f\x72\x78\x5f\x6c\x65\x6e\x67\
\x74\x68\x5f\x65\x72\x72\x6f\x72\x73\0\x72\x78\x5f\x6f\x76\x65\x72\x5f\x65\x72\
\x72\x6f\x72\x73\0\x5f\x5f\x72\x78\x5f\x6f\x76\x65\x72\x5f\x65\x72\x72\x6f\x72\
\x73\0\x72\x78\x5f\x63\x72\x63\x5f\x65\x72\x72\x6f\x72\x73\0\x5f\x5f\x72\x78\
\x5f\x63\x72\x63\x5f\x65\x72\x72\x6f\x72\x73\0\x72\x78\x5f\x66\x72\x61\x6d\x65\
\x5f\x65\x72\x72\x6f\x72\x73\0\x5f\x5f\x72\x78\x5f\x66\x72\x61\x6d\x65\x5f\x65\
\x72\x72\x6f\x72\x73\0\x72\x78\x5f\x66\x69\x66\x6f\x5f\x65\x72\x72\x6f\x72\x73\
\0\x5f\x5f\x72\x78\x5f\x66\x69\x66\x6f\x5f\x65\x72\x72\x6f\x72\x73\0\x72\x78\
\x5f\x6d\x69\x73\x73\x65\x64\x5f\x65\x72\x72\x6f\x72\x73\0\x5f\x5f\x72\x78\x5f\
\x6d\x69\x73\x73\x65\x64\x5f\x65\x72\x72\x6f\x72\x73\0\x74\x78\x5f\x61\x62\x6f\
\x72\x74\x65\x64\x5f\x65\x72\x72\x6f\x72\x73\0\x5f\x5f\x74\x78\x5f\x61\x62\x6f\
\x72\x74\x65\x64\x5f\x65\x72\x72\x6f\x72\x73\0\x74\x78\x5f\x63\x61\x72\x72\x69\
\x65\x72\x5f\x65\x72\x72\x6f\x72\x73\0\x5f\x5f\x74\x78\x5f\x63\x61\x72\x72\x69\
\x65\x72\x5f\x65\x72\x72\x6f\x72\x73\0\x74\x78\x5f\x66\x69\x66\x6f\x5f\x65\x72\
\x72\x6f\x72\x73\0\x5f\x5f\x74\x78\x5f\x66\x69\x66\x6f\x5f\x65\x72\x72\x6f\x72\
\x73\0\x74\x78\x5f\x68\x65\x61\x72\x74\x62\x65\x61\x74\x5f\x65\x72\x72\x6f\x72\
\x73\0\x5f\x5f\x74\x78\x5f\x68\x65\x61\x72\x74\x62\x65\x61\x74\x5f\x65\x72\x72\
\x6f\x72\x73\0\x74\x78\x5f\x77\x69\x6e\x64\x6f\x77\x5f\x65\x72\x72\x6f\x72\x73\
\0\x5f\x5f\x74\x78\x5f\x77\x69\x6e\x64\x6f\x77\x5f\x65\x72\x72\x6f\x72\x73\0\
\x72\x78\x5f\x63\x6f\x6d\x70\x72\x65\x73\x73\x65\x64\0\x5f\x5f\x72\x78\x5f\x63\
\x6f\x6d\x70\x72\x65\x73\x73\x65\x64\0\x74\x78\x5f\x63\x6f\x6d\x70\x72\x65\x73\
\x73\x65\x64\0\x5f\x5f\x74\x78\x5f\x63\x6f\x6d\x70\x72\x65\x73\x73\x65\x64\0\
\x6e\x65\x74\x64\x65\x76\x5f\x68\x77\x5f\x61\x64\x64\x72\x5f\x6c\x69\x73\x74\0\
\x72\x78\x5f\x68\x61\x6e\x64\x6c\x65\x72\x5f\x66\x75\x6e\x63\x5f\x74\0\x72\x78\
\x5f\x68\x61\x6e\x64\x6c\x65\x72\x5f\x72\x65\x73\x75\x6c\x74\x5f\x74\0\x72\x78\
\x5f\x68\x61\x6e\x64\x6c\x65\x72\x5f\x72\x65\x73\x75\x6c\x74\0\x52\x58\x5f\x48\
\x41\x4e\x44\x4c\x45\x52\x5f\x43\x4f\x4e\x53\x55\x4d\x45\x44\0\x52\x58\x5f\x48\
\x41\x4e\x44\x4c\x45\x52\x5f\x41\x4e\x4f\x54\x48\x45\x52\0\x52\x58\x5f\x48\x41\
\x4e\x44\x4c\x45\x52\x5f\x45\x58\x41\x43\x54\0\x52\x58\x5f\x48\x41\x4e\x44\x4c\
\x45\x52\x5f\x50\x41\x53\x53\0\x78\x70\x73\x5f\x64\x65\x76\x5f\x6d\x61\x70\x73\
\0\x6e\x72\x5f\x69\x64\x73\0\x61\x74\x74\x72\x5f\x6d\x61\x70\0\x78\x70\x73\x5f\
\x6d\x61\x70\0\x61\x6c\x6c\x6f\x63\x5f\x6c\x65\x6e\0\x71\x75\x65\x75\x65\x73\0\
\x4e\x45\x54\x52\x45\x47\x5f\x55\x4e\x49\x4e\x49\x54\x49\x41\x4c\x49\x5a\x45\
\x44\0\x4e\x45\x54\x52\x45\x47\x5f\x52\x45\x47\x49\x53\x54\x45\x52\x45\x44\0\
\x4e\x45\x54\x52\x45\x47\x5f\x55\x4e\x52\x45\x47\x49\x53\x54\x45\x52\x49\x4e\
\x47\0\x4e\x45\x54\x52\x45\x47\x5f\x55\x4e\x52\x45\x47\x49\x53\x54\x45\x52\x45\
\x44\0\x4e\x45\x54\x52\x45\x47\x5f\x52\x45\x4c\x45\x41\x53\x45\x44\0\x4e\x45\
\x54\x52\x45\x47\x5f\x44\x55\x4d\x4d\x59\0\x52\x54\x4e\x4c\x5f\x4c\x49\x4e\x4b\
\x5f\x49\x4e\x49\x54\x49\x41\x4c\x49\x5a\x45\x44\0\x52\x54\x4e\x4c\x5f\x4c\x49\
\x4e\x4b\x5f\x49\x4e\x49\x54\x49\x41\x4c\x49\x5a\x49\x4e\x47\0\x6e\x65\x74\x64\
\x65\x76\x5f\x6d\x6c\x5f\x70\x72\x69\x76\x5f\x74\x79\x70\x65\0\x4d\x4c\x5f\x50\
\x52\x49\x56\x5f\x4e\x4f\x4e\x45\0\x4d\x4c\x5f\x50\x52\x49\x56\x5f\x43\x41\x4e\
\0\x6c\x73\x74\x61\x74\x73\0\x74\x73\x74\x61\x74\x73\0\x64\x73\x74\x61\x74\x73\
\0\x70\x63\x70\x75\x5f\x64\x73\x74\x61\x74\x73\0\x64\x65\x76\x69\x63\x65\0\x6b\
\x6f\x62\x6a\0\x69\x6e\x69\x74\x5f\x6e\x61\x6d\x65\0\x62\x75\x73\0\x64\x72\x69\
\x76\x65\x72\0\x70\x6c\x61\x74\x66\x6f\x72\x6d\x5f\x64\x61\x74\x61\0\x64\x72\
\x69\x76\x65\x72\x5f\x64\x61\x74\x61\0\x6c\x69\x6e\x6b\x73\0\x70\x6f\x77\x65\
\x72\0\x70\x6d\x5f\x64\x6f\x6d\x61\x69\x6e\0\x6d\x73\x69\x5f\x64\x6f\x6d\x61\
\x69\x6e\0\x70\x69\x6e\x73\0\x6d\x73\x69\x5f\x6c\x6f\x63\x6b\0\x6d\x73\x69\x5f\
\x6c\x69\x73\x74\0\x64\x6d\x61\x5f\x6f\x70\x73\0\x64\x6d\x61\x5f\x6d\x61\x73\
\x6b\0\x63\x6f\x68\x65\x72\x65\x6e\x74\x5f\x64\x6d\x61\x5f\x6d\x61\x73\x6b\0\
\x62\x75\x73\x5f\x64\x6d\x61\x5f\x6c\x69\x6d\x69\x74\0\x64\x6d\x61\x5f\x72\x61\
\x6e\x67\x65\x5f\x6d\x61\x70\0\x64\x6d\x61\x5f\x70\x61\x72\x6d\x73\0\x64\x6d\
\x61\x5f\x70\x6f\x6f\x6c\x73\0\x64\x6d\x61\x5f\x69\x6f\x5f\x74\x6c\x62\x5f\x6d\
\x65\x6d\0\x61\x72\x63\x68\x64\x61\x74\x61\0\x6f\x66\x5f\x6e\x6f\x64\x65\0\x66\
\x77\x6e\x6f\x64\x65\0\x64\x65\x76\x74\0\x64\x65\x76\x72\x65\x73\x5f\x6c\x6f\
\x63\x6b\0\x64\x65\x76\x72\x65\x73\x5f\x68\x65\x61\x64\0\x63\x6c\x61\x73\x73\0\
\x67\x72\x6f\x75\x70\x73\0\x72\x65\x6c\x65\x61\x73\x65\0\x69\x6f\x6d\x6d\x75\
\x5f\x67\x72\x6f\x75\x70\0\x69\x6f\x6d\x6d\x75\0\x70\x68\x79\x73\x69\x63\x61\
\x6c\x5f\x6c\x6f\x63\x61\x74\x69\x6f\x6e\0\x72\x65\x6d\x6f\x76\x61\x62\x6c\x65\
\0\x63\x6f\x72\x65\x64\x75\x6d\x70\x5f\x64\x69\x73\x61\x62\x6c\x65\x64\0\x6f\
\x66\x66\x6c\x69\x6e\x65\x5f\x64\x69\x73\x61\x62\x6c\x65\x64\0\x6f\x66\x66\x6c\
\x69\x6e\x65\0\x6f\x66\x5f\x6e\x6f\x64\x65\x5f\x72\x65\x75\x73\x65\x64\0\x73\
\x74\x61\x74\x65\x5f\x73\x79\x6e\x63\x65\x64\0\x63\x61\x6e\x5f\x6d\x61\x74\x63\
\x68\0\x6b\x6f\x62\x6a\x65\x63\x74\0\x6b\x73\x65\x74\0\x6b\x74\x79\x70\x65\0\
\x73\x64\0\x6b\x72\x65\x66\0\x73\x74\x61\x74\x65\x5f\x69\x6e\x69\x74\x69\x61\
\x6c\x69\x7a\x65\x64\0\x73\x74\x61\x74\x65\x5f\x69\x6e\x5f\x73\x79\x73\x66\x73\
\0\x73\x74\x61\x74\x65\x5f\x61\x64\x64\x5f\x75\x65\x76\x65\x6e\x74\x5f\x73\x65\
\x6e\x74\0\x73\x74\x61\x74\x65\x5f\x72\x65\x6d\x6f\x76\x65\x5f\x75\x65\x76\x65\
\x6e\x74\x5f\x73\x65\x6e\x74\0\x75\x65\x76\x65\x6e\x74\x5f\x73\x75\x70\x70\x72\
\x65\x73\x73\0\x64\x65\x76\x5f\x6c\x69\x6e\x6b\x73\x5f\x69\x6e\x66\x6f\0\x73\
\x75\x70\x70\x6c\x69\x65\x72\x73\0\x63\x6f\x6e\x73\x75\x6d\x65\x72\x73\0\x64\
\x65\x66\x65\x72\x5f\x73\x79\x6e\x63\0\x64\x6c\x5f\x64\x65\x76\x5f\x73\x74\x61\
\x74\x65\0\x44\x4c\x5f\x44\x45\x56\x5f\x4e\x4f\x5f\x44\x52\x49\x56\x45\x52\0\
\x44\x4c\x5f\x44\x45\x56\x5f\x50\x52\x4f\x42\x49\x4e\x47\0\x44\x4c\x5f\x44\x45\
\x56\x5f\x44\x52\x49\x56\x45\x52\x5f\x42\x4f\x55\x4e\x44\0\x44\x4c\x5f\x44\x45\
\x56\x5f\x55\x4e\x42\x49\x4e\x44\x49\x4e\x47\0\x64\x65\x76\x5f\x70\x6d\x5f\x69\
\x6e\x66\x6f\0\x70\x6f\x77\x65\x72\x5f\x73\x74\x61\x74\x65\0\x63\x61\x6e\x5f\
\x77\x61\x6b\x65\x75\x70\0\x61\x73\x79\x6e\x63\x5f\x73\x75\x73\x70\x65\x6e\x64\
\0\x69\x6e\x5f\x64\x70\x6d\x5f\x6c\x69\x73\x74\0\x69\x73\x5f\x70\x72\x65\x70\
\x61\x72\x65\x64\0\x69\x73\x5f\x73\x75\x73\x70\x65\x6e\x64\x65\x64\0\x69\x73\
\x5f\x6e\x6f\x69\x72\x71\x5f\x73\x75\x73\x70\x65\x6e\x64\x65\x64\0\x69\x73\x5f\
\x6c\x61\x74\x65\x5f\x73\x75\x73\x70\x65\x6e\x64\x65\x64\0\x6e\x6f\x5f\x70\x6d\
\0\x65\x61\x72\x6c\x79\x5f\x69\x6e\x69\x74\0\x64\x69\x72\x65\x63\x74\x5f\x63\
\x6f\x6d\x70\x6c\x65\x74\x65\0\x64\x72\x69\x76\x65\x72\x5f\x66\x6c\x61\x67\x73\
\0\x63\x6f\x6d\x70\x6c\x65\x74\x69\x6f\x6e\0\x77\x61\x6b\x65\x75\x70\0\x77\x61\
\x6b\x65\x75\x70\x5f\x70\x61\x74\x68\0\x73\x79\x73\x63\x6f\x72\x65\0\x6e\x6f\
\x5f\x70\x6d\x5f\x63\x61\x6c\x6c\x62\x61\x63\x6b\x73\0\x6d\x75\x73\x74\x5f\x72\
\x65\x73\x75\x6d\x65\0\x6d\x61\x79\x5f\x73\x6b\x69\x70\x5f\x72\x65\x73\x75\x6d\
\x65\0\x73\x75\x73\x70\x65\x6e\x64\x5f\x74\x69\x6d\x65\x72\0\x74\x69\x6d\x65\
\x72\x5f\x65\x78\x70\x69\x72\x65\x73\0\x77\x61\x69\x74\x5f\x71\x75\x65\x75\x65\
\0\x77\x61\x6b\x65\x69\x72\x71\0\x75\x73\x61\x67\x65\x5f\x63\x6f\x75\x6e\x74\0\
\x64\x69\x73\x61\x62\x6c\x65\x5f\x64\x65\x70\x74\x68\0\x69\x64\x6c\x65\x5f\x6e\
\x6f\x74\x69\x66\x69\x63\x61\x74\x69\x6f\x6e\0\x72\x65\x71\x75\x65\x73\x74\x5f\
\x70\x65\x6e\x64\x69\x6e\x67\0\x64\x65\x66\x65\x72\x72\x65\x64\x5f\x72\x65\x73\
\x75\x6d\x65\0\x6e\x65\x65\x64\x73\x5f\x66\x6f\x72\x63\x65\x5f\x72\x65\x73\x75\
\x6d\x65\0\x72\x75\x6e\x74\x69\x6d\x65\x5f\x61\x75\x74\x6f\0\x69\x67\x6e\x6f\
\x72\x65\x5f\x63\x68\x69\x6c\x64\x72\x65\x6e\0\x6e\x6f\x5f\x63\x61\x6c\x6c\x62\
\x61\x63\x6b\x73\0\x69\x72\x71\x5f\x73\x61\x66\x65\0\x75\x73\x65\x5f\x61\x75\
\x74\x6f\x73\x75\x73\x70\x65\x6e\x64\0\x74\x69\x6d\x65\x72\x5f\x61\x75\x74\x6f\
\x73\x75\x73\x70\x65\x6e\x64\x73\0\x6d\x65\x6d\x61\x6c\x6c\x6f\x63\x5f\x6e\x6f\
\x69\x6f\0\x6c\x69\x6e\x6b\x73\x5f\x63\x6f\x75\x6e\x74\0\x72\x65\x71\x75\x65\
\x73\x74\0\x72\x75\x6e\x74\x69\x6d\x65\x5f\x73\x74\x61\x74\x75\x73\0\x72\x75\
\x6e\x74\x69\x6d\x65\x5f\x65\x72\x72\x6f\x72\0\x61\x75\x74\x6f\x73\x75\x73\x70\
\x65\x6e\x64\x5f\x64\x65\x6c\x61\x79\0\x6c\x61\x73\x74\x5f\x62\x75\x73\x79\0\
\x61\x63\x74\x69\x76\x65\x5f\x74\x69\x6d\x65\0\x73\x75\x73\x70\x65\x6e\x64\x65\
\x64\x5f\x74\x69\x6d\x65\0\x61\x63\x63\x6f\x75\x6e\x74\x69\x6e\x67\x5f\x74\x69\
\x6d\x65\x73\x74\x61\x6d\x70\0\x73\x75\x62\x73\x79\x73\x5f\x64\x61\x74\x61\0\
\x73\x65\x74\x5f\x6c\x61\x74\x65\x6e\x63\x79\x5f\x74\x6f\x6c\x65\x72\x61\x6e\
\x63\x65\0\x71\x6f\x73\0\x70\x6d\x5f\x6d\x65\x73\x73\x61\x67\x65\x5f\x74\0\x70\
\x6d\x5f\x6d\x65\x73\x73\x61\x67\x65\0\x64\x6f\x6e\x65\0\x77\x61\x69\x74\0\x73\
\x77\x61\x69\x74\x5f\x71\x75\x65\x75\x65\x5f\x68\x65\x61\x64\0\x74\x61\x73\x6b\
\x5f\x6c\x69\x73\x74\0\x72\x70\x6d\x5f\x72\x65\x71\x75\x65\x73\x74\0\x52\x50\
\x4d\x5f\x52\x45\x51\x5f\x4e\x4f\x4e\x45\0\x52\x50\x4d\x5f\x52\x45\x51\x5f\x49\
\x44\x4c\x45\0\x52\x50\x4d\x5f\x52\x45\x51\x5f\x53\x55\x53\x50\x45\x4e\x44\0\
\x52\x50\x4d\x5f\x52\x45\x51\x5f\x41\x55\x54\x4f\x53\x55\x53\x50\x45\x4e\x44\0\
\x52\x50\x4d\x5f\x52\x45\x51\x5f\x52\x45\x53\x55\x4d\x45\0\x72\x70\x6d\x5f\x73\
\x74\x61\x74\x75\x73\0\x52\x50\x4d\x5f\x41\x43\x54\x49\x56\x45\0\x52\x50\x4d\
\x5f\x52\x45\x53\x55\x4d\x49\x4e\x47\0\x52\x50\x4d\x5f\x53\x55\x53\x50\x45\x4e\
\x44\x45\x44\0\x52\x50\x4d\x5f\x53\x55\x53\x50\x45\x4e\x44\x49\x4e\x47\0\x73\
\x33\x32\0\x64\x65\x76\x5f\x61\x72\x63\x68\x64\x61\x74\x61\0\x64\x65\x76\x5f\
\x74\0\x5f\x5f\x6b\x65\x72\x6e\x65\x6c\x5f\x64\x65\x76\x5f\x74\0\x64\x65\x76\
\x69\x63\x65\x5f\x72\x65\x6d\x6f\x76\x61\x62\x6c\x65\0\x44\x45\x56\x49\x43\x45\
\x5f\x52\x45\x4d\x4f\x56\x41\x42\x4c\x45\x5f\x4e\x4f\x54\x5f\x53\x55\x50\x50\
\x4f\x52\x54\x45\x44\0\x44\x45\x56\x49\x43\x45\x5f\x52\x45\x4d\x4f\x56\x41\x42\
\x4c\x45\x5f\x55\x4e\x4b\x4e\x4f\x57\x4e\0\x44\x45\x56\x49\x43\x45\x5f\x46\x49\
\x58\x45\x44\0\x44\x45\x56\x49\x43\x45\x5f\x52\x45\x4d\x4f\x56\x41\x42\x4c\x45\
\0\x61\x74\x74\x72\x69\x62\x75\x74\x65\x5f\x67\x72\x6f\x75\x70\0\x69\x73\x5f\
\x76\x69\x73\x69\x62\x6c\x65\0\x69\x73\x5f\x62\x69\x6e\x5f\x76\x69\x73\x69\x62\
\x6c\x65\0\x61\x74\x74\x72\x73\0\x62\x69\x6e\x5f\x61\x74\x74\x72\x73\0\x75\x6d\
\x6f\x64\x65\x5f\x74\0\x61\x74\x74\x72\x69\x62\x75\x74\x65\0\x62\x69\x6e\x5f\
\x61\x74\x74\x72\x69\x62\x75\x74\x65\0\x72\x65\x61\x64\0\x77\x72\x69\x74\x65\0\
\x61\x64\x64\x72\x65\x73\x73\x5f\x73\x70\x61\x63\x65\0\x68\x6f\x73\x74\0\x69\
\x5f\x70\x61\x67\x65\x73\0\x69\x6e\x76\x61\x6c\x69\x64\x61\x74\x65\x5f\x6c\x6f\
\x63\x6b\0\x67\x66\x70\x5f\x6d\x61\x73\x6b\0\x69\x5f\x6d\x6d\x61\x70\x5f\x77\
\x72\x69\x74\x61\x62\x6c\x65\0\x69\x5f\x6d\x6d\x61\x70\0\x69\x5f\x6d\x6d\x61\
\x70\x5f\x72\x77\x73\x65\x6d\0\x6e\x72\x70\x61\x67\x65\x73\0\x77\x72\x69\x74\
\x65\x62\x61\x63\x6b\x5f\x69\x6e\x64\x65\x78\0\x61\x5f\x6f\x70\x73\0\x77\x62\
\x5f\x65\x72\x72\0\x70\x72\x69\x76\x61\x74\x65\x5f\x6c\x6f\x63\x6b\0\x70\x72\
\x69\x76\x61\x74\x65\x5f\x6c\x69\x73\x74\0\x73\x73\x69\x7a\x65\x5f\x74\0\x5f\
\x5f\x6b\x65\x72\x6e\x65\x6c\x5f\x73\x73\x69\x7a\x65\x5f\x74\0\x5f\x5f\x6b\x65\
\x72\x6e\x65\x6c\x5f\x6c\x6f\x6e\x67\x5f\x74\0\x6e\x65\x74\x64\x65\x76\x5f\x74\
\x63\x5f\x74\x78\x71\0\x62\x70\x66\x5f\x78\x64\x70\x5f\x65\x6e\x74\x69\x74\x79\
\0\x6c\x69\x6e\x6b\0\x6e\x65\x69\x67\x68\x62\x6f\x75\x72\0\x70\x61\x72\x6d\x73\
\0\x63\x6f\x6e\x66\x69\x72\x6d\x65\x64\0\x75\x70\x64\x61\x74\x65\x64\0\x61\x72\
\x70\x5f\x71\x75\x65\x75\x65\x5f\x6c\x65\x6e\x5f\x62\x79\x74\x65\x73\0\x61\x72\
\x70\x5f\x71\x75\x65\x75\x65\0\x70\x72\x6f\x62\x65\x73\0\x6e\x75\x64\x5f\x73\
\x74\x61\x74\x65\0\x68\x61\x5f\x6c\x6f\x63\x6b\0\x68\x61\0\x68\x68\0\x67\x63\
\x5f\x6c\x69\x73\x74\0\x70\x72\x69\x6d\x61\x72\x79\x5f\x6b\x65\x79\0\x68\x68\
\x5f\x63\x61\x63\x68\x65\0\x68\x68\x5f\x6c\x65\x6e\0\x68\x68\x5f\x6c\x6f\x63\
\x6b\0\x68\x68\x5f\x64\x61\x74\x61\0\x70\x65\x72\x63\x70\x75\x5f\x63\x6f\x75\
\x6e\x74\x65\x72\0\x63\x6f\x75\x6e\x74\x65\x72\x73\0\x6e\x65\x74\x6e\x73\x5f\
\x73\x79\x73\x63\x74\x6c\x5f\x69\x70\x76\x36\0\x68\x64\x72\0\x69\x63\x6d\x70\
\x5f\x68\x64\x72\0\x78\x66\x72\x6d\x36\x5f\x68\x64\x72\0\x66\x6c\x75\x73\x68\
\x5f\x64\x65\x6c\x61\x79\0\x69\x70\x36\x5f\x72\x74\x5f\x6d\x61\x78\x5f\x73\x69\
\x7a\x65\0\x69\x70\x36\x5f\x72\x74\x5f\x67\x63\x5f\x6d\x69\x6e\x5f\x69\x6e\x74\
\x65\x72\x76\x61\x6c\0\x69\x70\x36\x5f\x72\x74\x5f\x67\x63\x5f\x74\x69\x6d\x65\
\x6f\x75\x74\0\x69\x70\x36\x5f\x72\x74\x5f\x67\x63\x5f\x69\x6e\x74\x65\x72\x76\
\x61\x6c\0\x69\x70\x36\x5f\x72\x74\x5f\x67\x63\x5f\x65\x6c\x61\x73\x74\x69\x63\
\x69\x74\x79\0\x69\x70\x36\x5f\x72\x74\x5f\x6d\x74\x75\x5f\x65\x78\x70\x69\x72\
\x65\x73\0\x69\x70\x36\x5f\x72\x74\x5f\x6d\x69\x6e\x5f\x61\x64\x76\x6d\x73\x73\
\0\x6d\x75\x6c\x74\x69\x70\x61\x74\x68\x5f\x68\x61\x73\x68\x5f\x66\x69\x65\x6c\
\x64\x73\0\x6d\x75\x6c\x74\x69\x70\x61\x74\x68\x5f\x68\x61\x73\x68\x5f\x70\x6f\
\x6c\x69\x63\x79\0\x62\x69\x6e\x64\x76\x36\x6f\x6e\x6c\x79\0\x66\x6c\x6f\x77\
\x6c\x61\x62\x65\x6c\x5f\x63\x6f\x6e\x73\x69\x73\x74\x65\x6e\x63\x79\0\x61\x75\
\x74\x6f\x5f\x66\x6c\x6f\x77\x6c\x61\x62\x65\x6c\x73\0\x69\x63\x6d\x70\x76\x36\
\x5f\x74\x69\x6d\x65\0\x69\x63\x6d\x70\x76\x36\x5f\x65\x63\x68\x6f\x5f\x69\x67\
\x6e\x6f\x72\x65\x5f\x61\x6c\x6c\0\x69\x63\x6d\x70\x76\x36\x5f\x65\x63\x68\x6f\
\x5f\x69\x67\x6e\x6f\x72\x65\x5f\x6d\x75\x6c\x74\x69\x63\x61\x73\x74\0\x69\x63\
\x6d\x70\x76\x36\x5f\x65\x63\x68\x6f\x5f\x69\x67\x6e\x6f\x72\x65\x5f\x61\x6e\
\x79\x63\x61\x73\x74\0\x69\x63\x6d\x70\x76\x36\x5f\x72\x61\x74\x65\x6d\x61\x73\
\x6b\0\x69\x63\x6d\x70\x76\x36\x5f\x72\x61\x74\x65\x6d\x61\x73\x6b\x5f\x70\x74\
\x72\0\x61\x6e\x79\x63\x61\x73\x74\x5f\x73\x72\x63\x5f\x65\x63\x68\x6f\x5f\x72\
\x65\x70\x6c\x79\0\x69\x70\x5f\x6e\x6f\x6e\x6c\x6f\x63\x61\x6c\x5f\x62\x69\x6e\
\x64\0\x66\x77\x6d\x61\x72\x6b\x5f\x72\x65\x66\x6c\x65\x63\x74\0\x66\x6c\x6f\
\x77\x6c\x61\x62\x65\x6c\x5f\x73\x74\x61\x74\x65\x5f\x72\x61\x6e\x67\x65\x73\0\
\x69\x64\x67\x65\x6e\x5f\x72\x65\x74\x72\x69\x65\x73\0\x69\x64\x67\x65\x6e\x5f\
\x64\x65\x6c\x61\x79\0\x66\x6c\x6f\x77\x6c\x61\x62\x65\x6c\x5f\x72\x65\x66\x6c\
\x65\x63\x74\0\x6d\x61\x78\x5f\x64\x73\x74\x5f\x6f\x70\x74\x73\x5f\x63\x6e\x74\
\0\x6d\x61\x78\x5f\x68\x62\x68\x5f\x6f\x70\x74\x73\x5f\x63\x6e\x74\0\x6d\x61\
\x78\x5f\x64\x73\x74\x5f\x6f\x70\x74\x73\x5f\x6c\x65\x6e\0\x6d\x61\x78\x5f\x68\
\x62\x68\x5f\x6f\x70\x74\x73\x5f\x6c\x65\x6e\0\x73\x65\x67\x36\x5f\x66\x6c\x6f\
\x77\x6c\x61\x62\x65\x6c\0\x69\x6f\x61\x6d\x36\x5f\x69\x64\0\x69\x6f\x61\x6d\
\x36\x5f\x69\x64\x5f\x77\x69\x64\x65\0\x73\x6b\x69\x70\x5f\x6e\x6f\x74\x69\x66\
\x79\x5f\x6f\x6e\x5f\x64\x65\x76\x5f\x64\x6f\x77\x6e\0\x66\x69\x62\x5f\x6e\x6f\
\x74\x69\x66\x79\x5f\x6f\x6e\x5f\x66\x6c\x61\x67\x5f\x63\x68\x61\x6e\x67\x65\0\
\x6e\x65\x74\x6e\x73\x5f\x6e\x66\0\x70\x72\x6f\x63\x5f\x6e\x65\x74\x66\x69\x6c\
\x74\x65\x72\0\x6e\x66\x5f\x6c\x6f\x67\x67\x65\x72\x73\0\x6e\x66\x5f\x6c\x6f\
\x67\x5f\x64\x69\x72\x5f\x68\x65\x61\x64\x65\x72\0\x68\x6f\x6f\x6b\x73\x5f\x69\
\x70\x76\x34\0\x68\x6f\x6f\x6b\x73\x5f\x69\x70\x76\x36\0\x64\x65\x66\x72\x61\
\x67\x5f\x69\x70\x76\x34\x5f\x75\x73\x65\x72\x73\0\x64\x65\x66\x72\x61\x67\x5f\
\x69\x70\x76\x36\x5f\x75\x73\x65\x72\x73\0\x6e\x66\x5f\x6c\x6f\x67\x67\x65\x72\
\0\x6c\x6f\x67\x66\x6e\0\x6d\x65\0\x6e\x66\x5f\x6c\x6f\x67\x5f\x74\x79\x70\x65\
\0\x4e\x46\x5f\x4c\x4f\x47\x5f\x54\x59\x50\x45\x5f\x4c\x4f\x47\0\x4e\x46\x5f\
\x4c\x4f\x47\x5f\x54\x59\x50\x45\x5f\x55\x4c\x4f\x47\0\x4e\x46\x5f\x4c\x4f\x47\
\x5f\x54\x59\x50\x45\x5f\x4d\x41\x58\0\x6e\x66\x5f\x6c\x6f\x67\x66\x6e\0\x75\
\x5f\x69\x6e\x74\x38\x5f\x74\0\x6e\x66\x5f\x6c\x6f\x67\x69\x6e\x66\x6f\0\x75\0\
\x75\x6c\x6f\x67\0\x6c\x6f\x67\0\x63\x6f\x70\x79\x5f\x6c\x65\x6e\0\x71\x74\x68\
\x72\x65\x73\x68\x6f\x6c\x64\0\x75\x5f\x69\x6e\x74\x33\x32\x5f\x74\0\x75\x5f\
\x69\x6e\x74\x31\x36\x5f\x74\0\x6c\x6f\x67\x66\x6c\x61\x67\x73\0\x6e\x66\x5f\
\x68\x6f\x6f\x6b\x5f\x65\x6e\x74\x72\x69\x65\x73\0\x6e\x75\x6d\x5f\x68\x6f\x6f\
\x6b\x5f\x65\x6e\x74\x72\x69\x65\x73\0\x68\x6f\x6f\x6b\x73\0\x6e\x66\x5f\x68\
\x6f\x6f\x6b\x5f\x65\x6e\x74\x72\x79\0\x68\x6f\x6f\x6b\0\x70\x72\x69\x76\0\x6e\
\x66\x5f\x68\x6f\x6f\x6b\x66\x6e\0\x6e\x66\x5f\x68\x6f\x6f\x6b\x5f\x73\x74\x61\
\x74\x65\0\x70\x66\0\x69\x6e\0\x6f\x75\x74\0\x6f\x6b\x66\x6e\0\x6e\x65\x74\x6e\
\x73\x5f\x63\x74\0\x65\x63\x61\x63\x68\x65\x5f\x64\x77\x6f\x72\x6b\x5f\x70\x65\
\x6e\x64\x69\x6e\x67\0\x73\x79\x73\x63\x74\x6c\x5f\x6c\x6f\x67\x5f\x69\x6e\x76\
\x61\x6c\x69\x64\0\x73\x79\x73\x63\x74\x6c\x5f\x65\x76\x65\x6e\x74\x73\0\x73\
\x79\x73\x63\x74\x6c\x5f\x61\x63\x63\x74\0\x73\x79\x73\x63\x74\x6c\x5f\x61\x75\
\x74\x6f\x5f\x61\x73\x73\x69\x67\x6e\x5f\x68\x65\x6c\x70\x65\x72\0\x73\x79\x73\
\x63\x74\x6c\x5f\x74\x73\x74\x61\x6d\x70\0\x73\x79\x73\x63\x74\x6c\x5f\x63\x68\
\x65\x63\x6b\x73\x75\x6d\0\x70\x63\x70\x75\x5f\x6c\x69\x73\x74\x73\0\x73\x74\
\x61\x74\0\x6e\x66\x5f\x63\x6f\x6e\x6e\x74\x72\x61\x63\x6b\x5f\x65\x76\x65\x6e\
\x74\x5f\x63\x62\0\x6e\x66\x5f\x63\x74\x5f\x70\x72\x6f\x74\x6f\0\x6e\x66\x5f\
\x69\x70\x5f\x6e\x65\x74\0\x67\x65\x6e\x65\x72\x69\x63\0\x74\x63\x70\0\x75\x64\
\x70\0\x69\x63\x6d\x70\0\x69\x63\x6d\x70\x76\x36\0\x67\x72\x65\0\x6e\x66\x5f\
\x67\x65\x6e\x65\x72\x69\x63\x5f\x6e\x65\x74\0\x6e\x66\x5f\x74\x63\x70\x5f\x6e\
\x65\x74\0\x74\x69\x6d\x65\x6f\x75\x74\x73\0\x74\x63\x70\x5f\x6c\x6f\x6f\x73\
\x65\0\x74\x63\x70\x5f\x62\x65\x5f\x6c\x69\x62\x65\x72\x61\x6c\0\x74\x63\x70\
\x5f\x6d\x61\x78\x5f\x72\x65\x74\x72\x61\x6e\x73\0\x74\x63\x70\x5f\x69\x67\x6e\
\x6f\x72\x65\x5f\x69\x6e\x76\x61\x6c\x69\x64\x5f\x72\x73\x74\0\x6e\x66\x5f\x75\
\x64\x70\x5f\x6e\x65\x74\0\x6e\x66\x5f\x69\x63\x6d\x70\x5f\x6e\x65\x74\0\x6e\
\x66\x5f\x67\x72\x65\x5f\x6e\x65\x74\0\x6b\x65\x79\x6d\x61\x70\x5f\x6c\x69\x73\
\x74\0\x6e\x65\x74\x6e\x73\x5f\x62\x70\x66\0\x72\x75\x6e\x5f\x61\x72\x72\x61\
\x79\0\x70\x72\x6f\x67\x73\0\x62\x70\x66\x5f\x70\x72\x6f\x67\x5f\x61\x72\x72\
\x61\x79\0\x69\x74\x65\x6d\x73\0\x62\x70\x66\x5f\x70\x72\x6f\x67\x5f\x61\x72\
\x72\x61\x79\x5f\x69\x74\x65\x6d\0\x63\x67\x72\x6f\x75\x70\x5f\x73\x74\x6f\x72\
\x61\x67\x65\0\x62\x70\x66\x5f\x63\x67\x72\x6f\x75\x70\x5f\x73\x74\x6f\x72\x61\
\x67\x65\0\x6d\x61\x70\0\x6c\x69\x73\x74\x5f\x6d\x61\x70\0\x6c\x69\x73\x74\x5f\
\x63\x67\0\x62\x75\x66\0\x70\x65\x72\x63\x70\x75\x5f\x62\x75\x66\0\x62\x70\x66\
\x5f\x63\x67\x72\x6f\x75\x70\x5f\x73\x74\x6f\x72\x61\x67\x65\x5f\x6b\x65\x79\0\
\x63\x67\x72\x6f\x75\x70\x5f\x69\x6e\x6f\x64\x65\x5f\x69\x64\0\x61\x74\x74\x61\
\x63\x68\x5f\x74\x79\x70\x65\0\x62\x70\x66\x5f\x70\x72\x6f\x67\0\x70\x61\x67\
\x65\x73\0\x6a\x69\x74\x65\x64\0\x6a\x69\x74\x5f\x72\x65\x71\x75\x65\x73\x74\
\x65\x64\0\x67\x70\x6c\x5f\x63\x6f\x6d\x70\x61\x74\x69\x62\x6c\x65\0\x63\x62\
\x5f\x61\x63\x63\x65\x73\x73\0\x64\x73\x74\x5f\x6e\x65\x65\x64\x65\x64\0\x62\
\x6c\x69\x6e\x64\x65\x64\0\x69\x73\x5f\x66\x75\x6e\x63\0\x6b\x70\x72\x6f\x62\
\x65\x5f\x6f\x76\x65\x72\x72\x69\x64\x65\0\x68\x61\x73\x5f\x63\x61\x6c\x6c\x63\
\x68\x61\x69\x6e\x5f\x62\x75\x66\0\x65\x6e\x66\x6f\x72\x63\x65\x5f\x65\x78\x70\
\x65\x63\x74\x65\x64\x5f\x61\x74\x74\x61\x63\x68\x5f\x74\x79\x70\x65\0\x63\x61\
\x6c\x6c\x5f\x67\x65\x74\x5f\x73\x74\x61\x63\x6b\0\x63\x61\x6c\x6c\x5f\x67\x65\
\x74\x5f\x66\x75\x6e\x63\x5f\x69\x70\0\x65\x78\x70\x65\x63\x74\x65\x64\x5f\x61\
\x74\x74\x61\x63\x68\x5f\x74\x79\x70\x65\0\x6a\x69\x74\x65\x64\x5f\x6c\x65\x6e\
\0\x74\x61\x67\0\x61\x63\x74\x69\x76\x65\0\x62\x70\x66\x5f\x66\x75\x6e\x63\0\
\x61\x75\x78\0\x6f\x72\x69\x67\x5f\x70\x72\x6f\x67\0\x69\x6e\x73\x6e\x73\0\x69\
\x6e\x73\x6e\x73\x69\0\x62\x70\x66\x5f\x70\x72\x6f\x67\x5f\x74\x79\x70\x65\0\
\x42\x50\x46\x5f\x50\x52\x4f\x47\x5f\x54\x59\x50\x45\x5f\x55\x4e\x53\x50\x45\
\x43\0\x42\x50\x46\x5f\x50\x52\x4f\x47\x5f\x54\x59\x50\x45\x5f\x53\x4f\x43\x4b\
\x45\x54\x5f\x46\x49\x4c\x54\x45\x52\0\x42\x50\x46\x5f\x50\x52\x4f\x47\x5f\x54\
\x59\x50\x45\x5f\x4b\x50\x52\x4f\x42\x45\0\x42\x50\x46\x5f\x50\x52\x4f\x47\x5f\
\x54\x59\x50\x45\x5f\x53\x43\x48\x45\x44\x5f\x43\x4c\x53\0\x42\x50\x46\x5f\x50\
\x52\x4f\x47\x5f\x54\x59\x50\x45\x5f\x53\x43\x48\x45\x44\x5f\x41\x43\x54\0\x42\
\x50\x46\x5f\x50\x52\x4f\x47\x5f\x54\x59\x50\x45\x5f\x54\x52\x41\x43\x45\x50\
\x4f\x49\x4e\x54\0\x42\x50\x46\x5f\x50\x52\x4f\x47\x5f\x54\x59\x50\x45\x5f\x58\
\x44\x50\0\x42\x50\x46\x5f\x50\x52\x4f\x47\x5f\x54\x59\x50\x45\x5f\x50\x45\x52\
\x46\x5f\x45\x56\x45\x4e\x54\0\x42\x50\x46\x5f\x50\x52\x4f\x47\x5f\x54\x59\x50\
\x45\x5f\x43\x47\x52\x4f\x55\x50\x5f\x53\x4b\x42\0\x42\x50\x46\x5f\x50\x52\x4f\
\x47\x5f\x54\x59\x50\x45\x5f\x43\x47\x52\x4f\x55\x50\x5f\x53\x4f\x43\x4b\0\x42\
\x50\x46\x5f\x50\x52\x4f\x47\x5f\x54\x59\x50\x45\x5f\x4c\x57\x54\x5f\x49\x4e\0\
\x42\x50\x46\x5f\x50\x52\x4f\x47\x5f\x54\x59\x50\x45\x5f\x4c\x57\x54\x5f\x4f\
\x55\x54\0\x42\x50\x46\x5f\x50\x52\x4f\x47\x5f\x54\x59\x50\x45\x5f\x4c\x57\x54\
\x5f\x58\x4d\x49\x54\0\x42\x50\x46\x5f\x50\x52\x4f\x47\x5f\x54\x59\x50\x45\x5f\
\x53\x4f\x43\x4b\x5f\x4f\x50\x53\0\x42\x50\x46\x5f\x50\x52\x4f\x47\x5f\x54\x59\
\x50\x45\x5f\x53\x4b\x5f\x53\x4b\x42\0\x42\x50\x46\x5f\x50\x52\x4f\x47\x5f\x54\
\x59\x50\x45\x5f\x43\x47\x52\x4f\x55\x50\x5f\x44\x45\x56\x49\x43\x45\0\x42\x50\
\x46\x5f\x50\x52\x4f\x47\x5f\x54\x59\x50\x45\x5f\x53\x4b\x5f\x4d\x53\x47\0\x42\
\x50\x46\x5f\x50\x52\x4f\x47\x5f\x54\x59\x50\x45\x5f\x52\x41\x57\x5f\x54\x52\
\x41\x43\x45\x50\x4f\x49\x4e\x54\0\x42\x50\x46\x5f\x50\x52\x4f\x47\x5f\x54\x59\
\x50\x45\x5f\x43\x47\x52\x4f\x55\x50\x5f\x53\x4f\x43\x4b\x5f\x41\x44\x44\x52\0\
\x42\x50\x46\x5f\x50\x52\x4f\x47\x5f\x54\x59\x50\x45\x5f\x4c\x57\x54\x5f\x53\
\x45\x47\x36\x4c\x4f\x43\x41\x4c\0\x42\x50\x46\x5f\x50\x52\x4f\x47\x5f\x54\x59\
\x50\x45\x5f\x4c\x49\x52\x43\x5f\x4d\x4f\x44\x45\x32\0\x42\x50\x46\x5f\x50\x52\
\x4f\x47\x5f\x54\x59\x50\x45\x5f\x53\x4b\x5f\x52\x45\x55\x53\x45\x50\x4f\x52\
\x54\0\x42\x50\x46\x5f\x50\x52\x4f\x47\x5f\x54\x59\x50\x45\x5f\x46\x4c\x4f\x57\
\x5f\x44\x49\x53\x53\x45\x43\x54\x4f\x52\0\x42\x50\x46\x5f\x50\x52\x4f\x47\x5f\
\x54\x59\x50\x45\x5f\x43\x47\x52\x4f\x55\x50\x5f\x53\x59\x53\x43\x54\x4c\0\x42\
\x50\x46\x5f\x50\x52\x4f\x47\x5f\x54\x59\x50\x45\x5f\x52\x41\x57\x5f\x54\x52\
\x41\x43\x45\x50\x4f\x49\x4e\x54\x5f\x57\x52\x49\x54\x41\x42\x4c\x45\0\x42\x50\
\x46\x5f\x50\x52\x4f\x47\x5f\x54\x59\x50\x45\x5f\x43\x47\x52\x4f\x55\x50\x5f\
\x53\x4f\x43\x4b\x4f\x50\x54\0\x42\x50\x46\x5f\x50\x52\x4f\x47\x5f\x54\x59\x50\
\x45\x5f\x54\x52\x41\x43\x49\x4e\x47\0\x42\x50\x46\x5f\x50\x52\x4f\x47\x5f\x54\
\x59\x50\x45\x5f\x53\x54\x52\x55\x43\x54\x5f\x4f\x50\x53\0\x42\x50\x46\x5f\x50\
\x52\x4f\x47\x5f\x54\x59\x50\x45\x5f\x45\x58\x54\0\x42\x50\x46\x5f\x50\x52\x4f\
\x47\x5f\x54\x59\x50\x45\x5f\x4c\x53\x4d\0\x42\x50\x46\x5f\x50\x52\x4f\x47\x5f\
\x54\x59\x50\x45\x5f\x53\x4b\x5f\x4c\x4f\x4f\x4b\x55\x50\0\x42\x50\x46\x5f\x50\
\x52\x4f\x47\x5f\x54\x59\x50\x45\x5f\x53\x59\x53\x43\x41\x4c\x4c\0\x62\x70\x66\
\x5f\x61\x74\x74\x61\x63\x68\x5f\x74\x79\x70\x65\0\x42\x50\x46\x5f\x43\x47\x52\
\x4f\x55\x50\x5f\x49\x4e\x45\x54\x5f\x49\x4e\x47\x52\x45\x53\x53\0\x42\x50\x46\
\x5f\x43\x47\x52\x4f\x55\x50\x5f\x49\x4e\x45\x54\x5f\x45\x47\x52\x45\x53\x53\0\
\x42\x50\x46\x5f\x43\x47\x52\x4f\x55\x50\x5f\x49\x4e\x45\x54\x5f\x53\x4f\x43\
\x4b\x5f\x43\x52\x45\x41\x54\x45\0\x42\x50\x46\x5f\x43\x47\x52\x4f\x55\x50\x5f\
\x53\x4f\x43\x4b\x5f\x4f\x50\x53\0\x42\x50\x46\x5f\x53\x4b\x5f\x53\x4b\x42\x5f\
\x53\x54\x52\x45\x41\x4d\x5f\x50\x41\x52\x53\x45\x52\0\x42\x50\x46\x5f\x53\x4b\
\x5f\x53\x4b\x42\x5f\x53\x54\x52\x45\x41\x4d\x5f\x56\x45\x52\x44\x49\x43\x54\0\
\x42\x50\x46\x5f\x43\x47\x52\x4f\x55\x50\x5f\x44\x45\x56\x49\x43\x45\0\x42\x50\
\x46\x5f\x53\x4b\x5f\x4d\x53\x47\x5f\x56\x45\x52\x44\x49\x43\x54\0\x42\x50\x46\
\x5f\x43\x47\x52\x4f\x55\x50\x5f\x49\x4e\x45\x54\x34\x5f\x42\x49\x4e\x44\0\x42\
\x50\x46\x5f\x43\x47\x52\x4f\x55\x50\x5f\x49\x4e\x45\x54\x36\x5f\x42\x49\x4e\
\x44\0\x42\x50\x46\x5f\x43\x47\x52\x4f\x55\x50\x5f\x49\x4e\x45\x54\x34\x5f\x43\
\x4f\x4e\x4e\x45\x43\x54\0\x42\x50\x46\x5f\x43\x47\x52\x4f\x55\x50\x5f\x49\x4e\
\x45\x54\x36\x5f\x43\x4f\x4e\x4e\x45\x43\x54\0\x42\x50\x46\x5f\x43\x47\x52\x4f\
\x55\x50\x5f\x49\x4e\x45\x54\x34\x5f\x50\x4f\x53\x54\x5f\x42\x49\x4e\x44\0\x42\
\x50\x46\x5f\x43\x47\x52\x4f\x55\x50\x5f\x49\x4e\x45\x54\x36\x5f\x50\x4f\x53\
\x54\x5f\x42\x49\x4e\x44\0\x42\x50\x46\x5f\x43\x47\x52\x4f\x55\x50\x5f\x55\x44\
\x50\x34\x5f\x53\x45\x4e\x44\x4d\x53\x47\0\x42\x50\x46\x5f\x43\x47\x52\x4f\x55\
\x50\x5f\x55\x44\x50\x36\x5f\x53\x45\x4e\x44\x4d\x53\x47\0\x42\x50\x46\x5f\x4c\
\x49\x52\x43\x5f\x4d\x4f\x44\x45\x32\0\x42\x50\x46\x5f\x46\x4c\x4f\x57\x5f\x44\
\x49\x53\x53\x45\x43\x54\x4f\x52\0\x42\x50\x46\x5f\x43\x47\x52\x4f\x55\x50\x5f\
\x53\x59\x53\x43\x54\x4c\0\x42\x50\x46\x5f\x43\x47\x52\x4f\x55\x50\x5f\x55\x44\
\x50\x34\x5f\x52\x45\x43\x56\x4d\x53\x47\0\x42\x50\x46\x5f\x43\x47\x52\x4f\x55\
\x50\x5f\x55\x44\x50\x36\x5f\x52\x45\x43\x56\x4d\x53\x47\0\x42\x50\x46\x5f\x43\
\x47\x52\x4f\x55\x50\x5f\x47\x45\x54\x53\x4f\x43\x4b\x4f\x50\x54\0\x42\x50\x46\
\x5f\x43\x47\x52\x4f\x55\x50\x5f\x53\x45\x54\x53\x4f\x43\x4b\x4f\x50\x54\0\x42\
\x50\x46\x5f\x54\x52\x41\x43\x45\x5f\x52\x41\x57\x5f\x54\x50\0\x42\x50\x46\x5f\
\x54\x52\x41\x43\x45\x5f\x46\x45\x4e\x54\x52\x59\0\x42\x50\x46\x5f\x54\x52\x41\
\x43\x45\x5f\x46\x45\x58\x49\x54\0\x42\x50\x46\x5f\x4d\x4f\x44\x49\x46\x59\x5f\
\x52\x45\x54\x55\x52\x4e\0\x42\x50\x46\x5f\x4c\x53\x4d\x5f\x4d\x41\x43\0\x42\
\x50\x46\x5f\x54\x52\x41\x43\x45\x5f\x49\x54\x45\x52\0\x42\x50\x46\x5f\x43\x47\
\x52\x4f\x55\x50\x5f\x49\x4e\x45\x54\x34\x5f\x47\x45\x54\x50\x45\x45\x52\x4e\
\x41\x4d\x45\0\x42\x50\x46\x5f\x43\x47\x52\x4f\x55\x50\x5f\x49\x4e\x45\x54\x36\
\x5f\x47\x45\x54\x50\x45\x45\x52\x4e\x41\x4d\x45\0\x42\x50\x46\x5f\x43\x47\x52\
\x4f\x55\x50\x5f\x49\x4e\x45\x54\x34\x5f\x47\x45\x54\x53\x4f\x43\x4b\x4e\x41\
\x4d\x45\0\x42\x50\x46\x5f\x43\x47\x52\x4f\x55\x50\x5f\x49\x4e\x45\x54\x36\x5f\
\x47\x45\x54\x53\x4f\x43\x4b\x4e\x41\x4d\x45\0\x42\x50\x46\x5f\x58\x44\x50\x5f\
\x44\x45\x56\x4d\x41\x50\0\x42\x50\x46\x5f\x43\x47\x52\x4f\x55\x50\x5f\x49\x4e\
\x45\x54\x5f\x53\x4f\x43\x4b\x5f\x52\x45\x4c\x45\x41\x53\x45\0\x42\x50\x46\x5f\
\x58\x44\x50\x5f\x43\x50\x55\x4d\x41\x50\0\x42\x50\x46\x5f\x53\x4b\x5f\x4c\x4f\
\x4f\x4b\x55\x50\0\x42\x50\x46\x5f\x58\x44\x50\0\x42\x50\x46\x5f\x53\x4b\x5f\
\x53\x4b\x42\x5f\x56\x45\x52\x44\x49\x43\x54\0\x42\x50\x46\x5f\x53\x4b\x5f\x52\
\x45\x55\x53\x45\x50\x4f\x52\x54\x5f\x53\x45\x4c\x45\x43\x54\0\x42\x50\x46\x5f\
\x53\x4b\x5f\x52\x45\x55\x53\x45\x50\x4f\x52\x54\x5f\x53\x45\x4c\x45\x43\x54\
\x5f\x4f\x52\x5f\x4d\x49\x47\x52\x41\x54\x45\0\x42\x50\x46\x5f\x50\x45\x52\x46\
\x5f\x45\x56\x45\x4e\x54\0\x5f\x5f\x4d\x41\x58\x5f\x42\x50\x46\x5f\x41\x54\x54\
\x41\x43\x48\x5f\x54\x59\x50\x45\0\x62\x70\x66\x5f\x69\x6e\x73\x6e\0\x63\x6f\
\x64\x65\0\x64\x73\x74\x5f\x72\x65\x67\0\x73\x72\x63\x5f\x72\x65\x67\0\x6f\x66\
\x66\0\x69\x6d\x6d\0\x73\x6f\x63\x6b\x5f\x66\x69\x6c\x74\x65\x72\0\x6a\x74\0\
\x6a\x66\0\x6b\0\x6e\x65\x74\x6e\x73\x5f\x78\x66\x72\x6d\0\x73\x74\x61\x74\x65\
\x5f\x61\x6c\x6c\0\x73\x74\x61\x74\x65\x5f\x62\x79\x64\x73\x74\0\x73\x74\x61\
\x74\x65\x5f\x62\x79\x73\x72\x63\0\x73\x74\x61\x74\x65\x5f\x62\x79\x73\x70\x69\
\0\x73\x74\x61\x74\x65\x5f\x62\x79\x73\x65\x71\0\x73\x74\x61\x74\x65\x5f\x68\
\x6d\x61\x73\x6b\0\x73\x74\x61\x74\x65\x5f\x6e\x75\x6d\0\x73\x74\x61\x74\x65\
\x5f\x68\x61\x73\x68\x5f\x77\x6f\x72\x6b\0\x70\x6f\x6c\x69\x63\x79\x5f\x61\x6c\
\x6c\0\x70\x6f\x6c\x69\x63\x79\x5f\x62\x79\x69\x64\x78\0\x70\x6f\x6c\x69\x63\
\x79\x5f\x69\x64\x78\x5f\x68\x6d\x61\x73\x6b\0\x70\x6f\x6c\x69\x63\x79\x5f\x69\
\x6e\x65\x78\x61\x63\x74\0\x70\x6f\x6c\x69\x63\x79\x5f\x62\x79\x64\x73\x74\0\
\x70\x6f\x6c\x69\x63\x79\x5f\x63\x6f\x75\x6e\x74\0\x70\x6f\x6c\x69\x63\x79\x5f\
\x68\x61\x73\x68\x5f\x77\x6f\x72\x6b\0\x70\x6f\x6c\x69\x63\x79\x5f\x68\x74\x68\
\x72\x65\x73\x68\0\x69\x6e\x65\x78\x61\x63\x74\x5f\x62\x69\x6e\x73\0\x6e\x6c\
\x73\x6b\0\x6e\x6c\x73\x6b\x5f\x73\x74\x61\x73\x68\0\x73\x79\x73\x63\x74\x6c\
\x5f\x61\x65\x76\x65\x6e\x74\x5f\x65\x74\x69\x6d\x65\0\x73\x79\x73\x63\x74\x6c\
\x5f\x61\x65\x76\x65\x6e\x74\x5f\x72\x73\x65\x71\x74\x68\0\x73\x79\x73\x63\x74\
\x6c\x5f\x6c\x61\x72\x76\x61\x6c\x5f\x64\x72\x6f\x70\0\x73\x79\x73\x63\x74\x6c\
\x5f\x61\x63\x71\x5f\x65\x78\x70\x69\x72\x65\x73\0\x70\x6f\x6c\x69\x63\x79\x5f\
\x64\x65\x66\x61\x75\x6c\x74\0\x78\x66\x72\x6d\x34\x5f\x64\x73\x74\x5f\x6f\x70\
\x73\0\x78\x66\x72\x6d\x36\x5f\x64\x73\x74\x5f\x6f\x70\x73\0\x78\x66\x72\x6d\
\x5f\x73\x74\x61\x74\x65\x5f\x6c\x6f\x63\x6b\0\x78\x66\x72\x6d\x5f\x73\x74\x61\
\x74\x65\x5f\x68\x61\x73\x68\x5f\x67\x65\x6e\x65\x72\x61\x74\x69\x6f\x6e\0\x78\
\x66\x72\x6d\x5f\x70\x6f\x6c\x69\x63\x79\x5f\x68\x61\x73\x68\x5f\x67\x65\x6e\
\x65\x72\x61\x74\x69\x6f\x6e\0\x78\x66\x72\x6d\x5f\x70\x6f\x6c\x69\x63\x79\x5f\
\x6c\x6f\x63\x6b\0\x78\x66\x72\x6d\x5f\x63\x66\x67\x5f\x6d\x75\x74\x65\x78\0\
\x78\x66\x72\x6d\x5f\x70\x6f\x6c\x69\x63\x79\x5f\x68\x61\x73\x68\0\x74\x61\x62\
\x6c\x65\0\x68\x6d\x61\x73\x6b\0\x64\x62\x69\x74\x73\x34\0\x73\x62\x69\x74\x73\
\x34\0\x64\x62\x69\x74\x73\x36\0\x73\x62\x69\x74\x73\x36\0\x78\x66\x72\x6d\x5f\
\x70\x6f\x6c\x69\x63\x79\x5f\x68\x74\x68\x72\x65\x73\x68\0\x6c\x62\x69\x74\x73\
\x34\0\x72\x62\x69\x74\x73\x34\0\x6c\x62\x69\x74\x73\x36\0\x72\x62\x69\x74\x73\
\x36\0\x30\x3a\x31\x34\x3a\x32\0\x20\x20\x6e\x73\x5f\x69\x6e\x66\x6f\x2d\x3e\
\x75\x73\x65\x72\x5f\x6e\x73\x20\x3d\x20\x42\x50\x46\x5f\x43\x4f\x52\x45\x5f\
\x52\x45\x41\x44\x28\x74\x2c\x20\x6e\x73\x70\x72\x6f\x78\x79\x2c\x20\x75\x74\
\x73\x5f\x6e\x73\x2c\x20\x75\x73\x65\x72\x5f\x6e\x73\x2c\x20\x6e\x73\x2e\x69\
\x6e\x75\x6d\x29\x3b\0\x30\x3a\x31\0\x75\x74\x73\x5f\x6e\x61\x6d\x65\x73\x70\
\x61\x63\x65\0\x6e\x65\x77\x5f\x75\x74\x73\x6e\x61\x6d\x65\0\x73\x79\x73\x6e\
\x61\x6d\x65\0\x6e\x6f\x64\x65\x6e\x61\x6d\x65\0\x76\x65\x72\x73\x69\x6f\x6e\0\
\x6d\x61\x63\x68\x69\x6e\x65\0\x64\x6f\x6d\x61\x69\x6e\x6e\x61\x6d\x65\0\x75\
\x73\x65\x72\x5f\x6e\x61\x6d\x65\x73\x70\x61\x63\x65\0\x75\x69\x64\x5f\x6d\x61\
\x70\0\x67\x69\x64\x5f\x6d\x61\x70\0\x70\x72\x6f\x6a\x69\x64\x5f\x6d\x61\x70\0\
\x70\x61\x72\x65\x6e\x74\x5f\x63\x6f\x75\x6c\x64\x5f\x73\x65\x74\x66\x63\x61\
\x70\0\x6b\x65\x79\x72\x69\x6e\x67\x5f\x6e\x61\x6d\x65\x5f\x6c\x69\x73\x74\0\
\x75\x73\x65\x72\x5f\x6b\x65\x79\x72\x69\x6e\x67\x5f\x72\x65\x67\x69\x73\x74\
\x65\x72\0\x6b\x65\x79\x72\x69\x6e\x67\x5f\x73\x65\x6d\0\x75\x63\x6f\x75\x6e\
\x74\x5f\x6d\x61\x78\0\x75\x69\x64\x5f\x67\x69\x64\x5f\x6d\x61\x70\0\x6e\x72\
\x5f\x65\x78\x74\x65\x6e\x74\x73\0\x65\x78\x74\x65\x6e\x74\0\x75\x69\x64\x5f\
\x67\x69\x64\x5f\x65\x78\x74\x65\x6e\x74\0\x6c\x6f\x77\x65\x72\x5f\x66\x69\x72\
\x73\x74\0\x66\x6f\x72\x77\x61\x72\x64\0\x72\x65\x76\x65\x72\x73\x65\0\x30\x3a\
\x37\x3a\x32\0\x20\x20\x6e\x73\x5f\x69\x6e\x66\x6f\x2d\x3e\x75\x74\x73\x5f\x6e\
\x73\x20\x3d\x20\x42\x50\x46\x5f\x43\x4f\x52\x45\x5f\x52\x45\x41\x44\x28\x74\
\x2c\x20\x6e\x73\x70\x72\x6f\x78\x79\x2c\x20\x75\x74\x73\x5f\x6e\x73\x2c\x20\
\x6e\x73\x2e\x69\x6e\x75\x6d\x29\x3b\0\x30\x3a\x33\x3a\x32\0\x6c\x69\x6e\x75\
\x78\x5f\x62\x69\x6e\x70\x72\x6d\0\x76\x6d\x61\0\x76\x6d\x61\x5f\x70\x61\x67\
\x65\x73\0\x61\x72\x67\x6d\x69\x6e\0\x68\x61\x76\x65\x5f\x65\x78\x65\x63\x66\
\x64\0\x65\x78\x65\x63\x66\x64\x5f\x63\x72\x65\x64\x73\0\x73\x65\x63\x75\x72\
\x65\x65\x78\x65\x63\0\x70\x6f\x69\x6e\x74\x5f\x6f\x66\x5f\x6e\x6f\x5f\x72\x65\
\x74\x75\x72\x6e\0\x65\x78\x65\x63\x75\x74\x61\x62\x6c\x65\0\x69\x6e\x74\x65\
\x72\x70\x72\x65\x74\x65\x72\0\x75\x6e\x73\x61\x66\x65\0\x70\x65\x72\x5f\x63\
\x6c\x65\x61\x72\0\x61\x72\x67\x63\0\x65\x6e\x76\x63\0\x66\x69\x6c\x65\x6e\x61\
\x6d\x65\0\x69\x6e\x74\x65\x72\x70\0\x66\x64\x70\x61\x74\x68\0\x69\x6e\x74\x65\
\x72\x70\x5f\x66\x6c\x61\x67\x73\0\x65\x78\x65\x63\x66\x64\0\x6c\x6f\x61\x64\
\x65\x72\0\x65\x78\x65\x63\0\x72\x6c\x69\x6d\x5f\x73\x74\x61\x63\x6b\0\x72\x6c\
\x69\x6d\x69\x74\0\x72\x6c\x69\x6d\x5f\x63\x75\x72\0\x72\x6c\x69\x6d\x5f\x6d\
\x61\x78\0\x30\x3a\x31\x31\0\x20\x20\x69\x6d\x61\x67\x65\x5f\x69\x6e\x66\x6f\
\x2d\x3e\x69\x6e\x6f\x64\x65\x20\x3d\x20\x42\x50\x46\x5f\x43\x4f\x52\x45\x5f\
\x52\x45\x41\x44\x28\x62\x70\x72\x6d\x2c\x20\x66\x69\x6c\x65\x2c\x20\x66\x5f\
\x69\x6e\x6f\x64\x65\x2c\x20\x69\x5f\x69\x6e\x6f\x29\x3b\0\x69\x6e\x6f\x64\x65\
\0\x69\x5f\x6d\x6f\x64\x65\0\x69\x5f\x6f\x70\x66\x6c\x61\x67\x73\0\x69\x5f\x75\
\x69\x64\0\x69\x5f\x67\x69\x64\0\x69\x5f\x66\x6c\x61\x67\x73\0\x69\x5f\x61\x63\
\x6c\0\x69\x5f\x64\x65\x66\x61\x75\x6c\x74\x5f\x61\x63\x6c\0\x69\x5f\x6f\x70\0\
\x69\x5f\x73\x62\0\x69\x5f\x6d\x61\x70\x70\x69\x6e\x67\0\x69\x5f\x73\x65\x63\
\x75\x72\x69\x74\x79\0\x69\x5f\x69\x6e\x6f\0\x69\x5f\x72\x64\x65\x76\0\x69\x5f\
\x73\x69\x7a\x65\0\x69\x5f\x61\x74\x69\x6d\x65\0\x69\x5f\x6d\x74\x69\x6d\x65\0\
\x69\x5f\x63\x74\x69\x6d\x65\0\x69\x5f\x6c\x6f\x63\x6b\0\x69\x5f\x62\x79\x74\
\x65\x73\0\x69\x5f\x62\x6c\x6b\x62\x69\x74\x73\0\x69\x5f\x77\x72\x69\x74\x65\
\x5f\x68\x69\x6e\x74\0\x69\x5f\x62\x6c\x6f\x63\x6b\x73\0\x69\x5f\x73\x74\x61\
\x74\x65\0\x69\x5f\x72\x77\x73\x65\x6d\0\x64\x69\x72\x74\x69\x65\x64\x5f\x77\
\x68\x65\x6e\0\x64\x69\x72\x74\x69\x65\x64\x5f\x74\x69\x6d\x65\x5f\x77\x68\x65\
\x6e\0\x69\x5f\x68\x61\x73\x68\0\x69\x5f\x69\x6f\x5f\x6c\x69\x73\x74\0\x69\x5f\
\x6c\x72\x75\0\x69\x5f\x73\x62\x5f\x6c\x69\x73\x74\0\x69\x5f\x77\x62\x5f\x6c\
\x69\x73\x74\0\x69\x5f\x76\x65\x72\x73\x69\x6f\x6e\0\x69\x5f\x73\x65\x71\x75\
\x65\x6e\x63\x65\0\x69\x5f\x63\x6f\x75\x6e\x74\0\x69\x5f\x64\x69\x6f\x5f\x63\
\x6f\x75\x6e\x74\0\x69\x5f\x77\x72\x69\x74\x65\x63\x6f\x75\x6e\x74\0\x69\x5f\
\x72\x65\x61\x64\x63\x6f\x75\x6e\x74\0\x69\x5f\x66\x6c\x63\x74\x78\0\x69\x5f\
\x64\x61\x74\x61\0\x69\x5f\x64\x65\x76\x69\x63\x65\x73\0\x69\x5f\x67\x65\x6e\
\x65\x72\x61\x74\x69\x6f\x6e\0\x69\x5f\x66\x73\x6e\x6f\x74\x69\x66\x79\x5f\x6d\
\x61\x73\x6b\0\x69\x5f\x66\x73\x6e\x6f\x74\x69\x66\x79\x5f\x6d\x61\x72\x6b\x73\
\0\x69\x5f\x63\x72\x79\x70\x74\x5f\x69\x6e\x66\x6f\0\x69\x5f\x76\x65\x72\x69\
\x74\x79\x5f\x69\x6e\x66\x6f\0\x69\x5f\x70\x72\x69\x76\x61\x74\x65\0\x69\x5f\
\x6e\x6c\x69\x6e\x6b\0\x5f\x5f\x69\x5f\x6e\x6c\x69\x6e\x6b\0\x74\x69\x6d\x65\
\x73\x70\x65\x63\x36\x34\0\x74\x69\x6d\x65\x36\x34\x5f\x74\0\x62\x6c\x6b\x63\
\x6e\x74\x5f\x74\0\x69\x5f\x64\x65\x6e\x74\x72\x79\0\x69\x5f\x72\x63\x75\0\x69\
\x5f\x66\x6f\x70\0\x66\x72\x65\x65\x5f\x69\x6e\x6f\x64\x65\0\x66\x69\x6c\x65\
\x5f\x6f\x70\x65\x72\x61\x74\x69\x6f\x6e\x73\0\x6c\x6c\x73\x65\x65\x6b\0\x72\
\x65\x61\x64\x5f\x69\x74\x65\x72\0\x77\x72\x69\x74\x65\x5f\x69\x74\x65\x72\0\
\x69\x6f\x70\x6f\x6c\x6c\0\x69\x74\x65\x72\x61\x74\x65\0\x69\x74\x65\x72\x61\
\x74\x65\x5f\x73\x68\x61\x72\x65\x64\0\x75\x6e\x6c\x6f\x63\x6b\x65\x64\x5f\x69\
\x6f\x63\x74\x6c\0\x63\x6f\x6d\x70\x61\x74\x5f\x69\x6f\x63\x74\x6c\0\x6d\x6d\
\x61\x70\x5f\x73\x75\x70\x70\x6f\x72\x74\x65\x64\x5f\x66\x6c\x61\x67\x73\0\x6f\
\x70\x65\x6e\0\x66\x6c\x75\x73\x68\0\x66\x73\x79\x6e\x63\0\x73\x65\x6e\x64\x70\
\x61\x67\x65\0\x63\x68\x65\x63\x6b\x5f\x66\x6c\x61\x67\x73\0\x66\x6c\x6f\x63\
\x6b\0\x73\x70\x6c\x69\x63\x65\x5f\x77\x72\x69\x74\x65\0\x73\x70\x6c\x69\x63\
\x65\x5f\x72\x65\x61\x64\0\x73\x65\x74\x6c\x65\x61\x73\x65\0\x66\x61\x6c\x6c\
\x6f\x63\x61\x74\x65\0\x73\x68\x6f\x77\x5f\x66\x64\x69\x6e\x66\x6f\0\x63\x6f\
\x70\x79\x5f\x66\x69\x6c\x65\x5f\x72\x61\x6e\x67\x65\0\x72\x65\x6d\x61\x70\x5f\
\x66\x69\x6c\x65\x5f\x72\x61\x6e\x67\x65\0\x66\x61\x64\x76\x69\x73\x65\0\x6b\
\x69\x6f\x63\x62\0\x6b\x69\x5f\x66\x69\x6c\x70\0\x6b\x69\x5f\x70\x6f\x73\0\x6b\
\x69\x5f\x63\x6f\x6d\x70\x6c\x65\x74\x65\0\x6b\x69\x5f\x66\x6c\x61\x67\x73\0\
\x6b\x69\x5f\x68\x69\x6e\x74\0\x6b\x69\x5f\x69\x6f\x70\x72\x69\x6f\0\x6b\x69\
\x5f\x63\x6f\x6f\x6b\x69\x65\0\x6b\x69\x5f\x77\x61\x69\x74\x71\0\x69\x6f\x76\
\x5f\x69\x74\x65\x72\0\x69\x74\x65\x72\x5f\x74\x79\x70\x65\0\x6e\x6f\x66\x61\
\x75\x6c\x74\0\x64\x61\x74\x61\x5f\x73\x6f\x75\x72\x63\x65\0\x69\x6f\x76\x5f\
\x6f\x66\x66\x73\x65\x74\0\x69\x6f\x76\0\x6b\x76\x65\x63\0\x62\x76\x65\x63\0\
\x70\x69\x70\x65\0\x6e\x72\x5f\x73\x65\x67\x73\0\x78\x61\x72\x72\x61\x79\x5f\
\x73\x74\x61\x72\x74\0\x73\x74\x61\x72\x74\x5f\x68\x65\x61\x64\0\x64\x69\x72\
\x5f\x63\x6f\x6e\x74\x65\x78\x74\0\x61\x63\x74\x6f\x72\0\x66\x69\x6c\x6c\x64\
\x69\x72\x5f\x74\0\x5f\x5f\x70\x6f\x6c\x6c\x5f\x74\0\x70\x6f\x6c\x6c\x5f\x74\
\x61\x62\x6c\x65\x5f\x73\x74\x72\x75\x63\x74\0\x5f\x71\x70\x72\x6f\x63\0\x5f\
\x6b\x65\x79\0\x70\x6f\x6c\x6c\x5f\x71\x75\x65\x75\x65\x5f\x70\x72\x6f\x63\0\
\x66\x6c\x5f\x6f\x77\x6e\x65\x72\x5f\x74\0\x66\x69\x6c\x65\x5f\x6c\x6f\x63\x6b\
\0\x66\x6c\x5f\x62\x6c\x6f\x63\x6b\x65\x72\0\x66\x6c\x5f\x6c\x69\x73\x74\0\x66\
\x6c\x5f\x6c\x69\x6e\x6b\0\x66\x6c\x5f\x62\x6c\x6f\x63\x6b\x65\x64\x5f\x72\x65\
\x71\x75\x65\x73\x74\x73\0\x66\x6c\x5f\x62\x6c\x6f\x63\x6b\x65\x64\x5f\x6d\x65\
\x6d\x62\x65\x72\0\x66\x6c\x5f\x6f\x77\x6e\x65\x72\0\x66\x6c\x5f\x66\x6c\x61\
\x67\x73\0\x66\x6c\x5f\x74\x79\x70\x65\0\x66\x6c\x5f\x70\x69\x64\0\x66\x6c\x5f\
\x6c\x69\x6e\x6b\x5f\x63\x70\x75\0\x66\x6c\x5f\x77\x61\x69\x74\0\x66\x6c\x5f\
\x66\x69\x6c\x65\0\x66\x6c\x5f\x73\x74\x61\x72\x74\0\x66\x6c\x5f\x65\x6e\x64\0\
\x66\x6c\x5f\x66\x61\x73\x79\x6e\x63\0\x66\x6c\x5f\x62\x72\x65\x61\x6b\x5f\x74\
\x69\x6d\x65\0\x66\x6c\x5f\x64\x6f\x77\x6e\x67\x72\x61\x64\x65\x5f\x74\x69\x6d\
\x65\0\x66\x6c\x5f\x6f\x70\x73\0\x66\x6c\x5f\x6c\x6d\x6f\x70\x73\0\x66\x6c\x5f\
\x75\0\x6e\x66\x73\x5f\x66\x6c\0\x6e\x66\x73\x34\x5f\x66\x6c\0\x61\x66\x73\0\
\x6e\x66\x73\x5f\x6c\x6f\x63\x6b\x5f\x69\x6e\x66\x6f\0\x6e\x6c\x6d\x5f\x6c\x6f\
\x63\x6b\x6f\x77\x6e\x65\x72\0\x6e\x66\x73\x34\x5f\x6c\x6f\x63\x6b\x5f\x69\x6e\
\x66\x6f\0\x6e\x66\x73\x34\x5f\x6c\x6f\x63\x6b\x5f\x73\x74\x61\x74\x65\0\x64\
\x65\x62\x75\x67\x5f\x69\x64\0\x5f\x72\x65\x66\x63\x6f\x75\x6e\x74\0\x6c\x72\
\x75\0\x6d\x61\x70\x70\x69\x6e\x67\0\x70\x70\x5f\x6d\x61\x67\x69\x63\0\x70\x70\
\0\x5f\x70\x70\x5f\x6d\x61\x70\x70\x69\x6e\x67\x5f\x70\x61\x64\0\x64\x6d\x61\
\x5f\x61\x64\x64\x72\0\x64\x6d\x61\x5f\x61\x64\x64\x72\x5f\x75\x70\x70\x65\x72\
\0\x70\x70\x5f\x66\x72\x61\x67\x5f\x63\x6f\x75\x6e\x74\0\x73\x6c\x61\x62\x5f\
\x63\x61\x63\x68\x65\0\x66\x72\x65\x65\x6c\x69\x73\x74\0\x73\x6c\x61\x62\x5f\
\x6c\x69\x73\x74\0\x70\x6f\x62\x6a\x65\x63\x74\x73\0\x73\x5f\x6d\x65\x6d\0\x69\
\x6e\x75\x73\x65\0\x6f\x62\x6a\x65\x63\x74\x73\0\x63\x6f\x6d\x70\x6f\x75\x6e\
\x64\x5f\x68\x65\x61\x64\0\x63\x6f\x6d\x70\x6f\x75\x6e\x64\x5f\x64\x74\x6f\x72\
\0\x63\x6f\x6d\x70\x6f\x75\x6e\x64\x5f\x6f\x72\x64\x65\x72\0\x63\x6f\x6d\x70\
\x6f\x75\x6e\x64\x5f\x6d\x61\x70\x63\x6f\x75\x6e\x74\0\x63\x6f\x6d\x70\x6f\x75\
\x6e\x64\x5f\x6e\x72\0\x5f\x63\x6f\x6d\x70\x6f\x75\x6e\x64\x5f\x70\x61\x64\x5f\
\x31\0\x68\x70\x61\x67\x65\x5f\x70\x69\x6e\x6e\x65\x64\x5f\x72\x65\x66\x63\x6f\
\x75\x6e\x74\0\x64\x65\x66\x65\x72\x72\x65\x64\x5f\x6c\x69\x73\x74\0\x5f\x70\
\x74\x5f\x70\x61\x64\x5f\x31\0\x70\x6d\x64\x5f\x68\x75\x67\x65\x5f\x70\x74\x65\
\0\x5f\x70\x74\x5f\x70\x61\x64\x5f\x32\0\x70\x74\x6c\0\x70\x67\x74\x61\x62\x6c\
\x65\x5f\x74\0\x70\x74\x5f\x6d\x6d\0\x70\x74\x5f\x66\x72\x61\x67\x5f\x72\x65\
\x66\x63\x6f\x75\x6e\x74\0\x70\x67\x6d\x61\x70\0\x7a\x6f\x6e\x65\x5f\x64\x65\
\x76\x69\x63\x65\x5f\x64\x61\x74\x61\0\x5f\x6d\x61\x70\x63\x6f\x75\x6e\x74\0\
\x70\x61\x67\x65\x5f\x74\x79\x70\x65\0\x75\x6e\x69\x74\x73\0\x70\x69\x70\x65\
\x5f\x69\x6e\x6f\x64\x65\x5f\x69\x6e\x66\x6f\0\x72\x64\x5f\x77\x61\x69\x74\0\
\x77\x72\x5f\x77\x61\x69\x74\0\x6d\x61\x78\x5f\x75\x73\x61\x67\x65\0\x72\x69\
\x6e\x67\x5f\x73\x69\x7a\x65\0\x6e\x72\x5f\x61\x63\x63\x6f\x75\x6e\x74\x65\x64\
\0\x72\x65\x61\x64\x65\x72\x73\0\x77\x72\x69\x74\x65\x72\x73\0\x72\x5f\x63\x6f\
\x75\x6e\x74\x65\x72\0\x77\x5f\x63\x6f\x75\x6e\x74\x65\x72\0\x70\x6f\x6c\x6c\
\x5f\x75\x73\x61\x67\x65\0\x74\x6d\x70\x5f\x70\x61\x67\x65\0\x66\x61\x73\x79\
\x6e\x63\x5f\x72\x65\x61\x64\x65\x72\x73\0\x66\x61\x73\x79\x6e\x63\x5f\x77\x72\
\x69\x74\x65\x72\x73\0\x62\x75\x66\x73\0\x73\x65\x71\x5f\x66\x69\x6c\x65\0\x66\
\x72\x6f\x6d\0\x70\x61\x64\x5f\x75\x6e\x74\x69\x6c\0\x72\x65\x61\x64\x5f\x70\
\x6f\x73\0\x6f\x70\0\x70\x6f\x6c\x6c\x5f\x65\x76\x65\x6e\x74\0\x69\x5f\x70\x69\
\x70\x65\0\x69\x5f\x63\x64\x65\x76\0\x69\x5f\x6c\x69\x6e\x6b\0\x69\x5f\x64\x69\
\x72\x5f\x73\x65\x71\0\x20\x20\x69\x6d\x61\x67\x65\x5f\x69\x6e\x66\x6f\x2d\x3e\
\x75\x69\x64\x20\x3d\x20\x42\x50\x46\x5f\x43\x4f\x52\x45\x5f\x52\x45\x41\x44\
\x28\x62\x70\x72\x6d\x2c\x20\x66\x69\x6c\x65\x2c\x20\x66\x5f\x69\x6e\x6f\x64\
\x65\x2c\x20\x69\x5f\x75\x69\x64\x2e\x76\x61\x6c\x29\x3b\0\x30\x3a\x32\x3a\x30\
\0\x20\x20\x69\x6d\x61\x67\x65\x5f\x69\x6e\x66\x6f\x2d\x3e\x67\x69\x64\x20\x3d\
\x20\x42\x50\x46\x5f\x43\x4f\x52\x45\x5f\x52\x45\x41\x44\x28\x62\x70\x72\x6d\
\x2c\x20\x66\x69\x6c\x65\x2c\x20\x66\x5f\x69\x6e\x6f\x64\x65\x2c\x20\x69\x5f\
\x67\x69\x64\x2e\x76\x61\x6c\x29\x3b\0\x30\x3a\x33\x3a\x30\0\x20\x20\x69\x6d\
\x61\x67\x65\x5f\x69\x6e\x66\x6f\x2d\x3e\x6d\x6f\x64\x65\x20\x3d\x20\x42\x50\
\x46\x5f\x43\x4f\x52\x45\x5f\x52\x45\x41\x44\x28\x62\x70\x72\x6d\x2c\x20\x66\
\x69\x6c\x65\x2c\x20\x66\x5f\x69\x6e\x6f\x64\x65\x2c\x20\x69\x5f\x6d\x6f\x64\
\x65\x29\x3b\0\x30\x3a\x30\0\x20\x20\x69\x6d\x61\x67\x65\x5f\x69\x6e\x66\x6f\
\x2d\x3e\x6d\x74\x69\x6d\x65\x2e\x74\x76\x5f\x73\x65\x63\x20\x3d\x20\x42\x50\
\x46\x5f\x43\x4f\x52\x45\x5f\x52\x45\x41\x44\x28\x62\x70\x72\x6d\x2c\x20\x66\
\x69\x6c\x65\x2c\x20\x66\x5f\x69\x6e\x6f\x64\x65\x2c\x20\x69\x5f\x6d\x74\x69\
\x6d\x65\x2e\x74\x76\x5f\x73\x65\x63\x29\x3b\0\x30\x3a\x31\x36\x3a\x30\0\x20\
\x20\x20\x20\x20\x20\x42\x50\x46\x5f\x43\x4f\x52\x45\x5f\x52\x45\x41\x44\x28\
\x62\x70\x72\x6d\x2c\x20\x66\x69\x6c\x65\x2c\x20\x66\x5f\x69\x6e\x6f\x64\x65\
\x2c\x20\x69\x5f\x6d\x74\x69\x6d\x65\x2e\x74\x76\x5f\x6e\x73\x65\x63\x29\x3b\0\
\x30\x3a\x31\x36\x3a\x31\0\x20\x20\x69\x6d\x61\x67\x65\x5f\x69\x6e\x66\x6f\x2d\
\x3e\x6d\x74\x69\x6d\x65\x2e\x74\x76\x5f\x6e\x73\x65\x63\x20\x3d\0\x20\x20\x69\
\x6d\x61\x67\x65\x5f\x69\x6e\x66\x6f\x2d\x3e\x63\x74\x69\x6d\x65\x2e\x74\x76\
\x5f\x73\x65\x63\x20\x3d\x20\x42\x50\x46\x5f\x43\x4f\x52\x45\x5f\x52\x45\x41\
\x44\x28\x62\x70\x72\x6d\x2c\x20\x66\x69\x6c\x65\x2c\x20\x66\x5f\x69\x6e\x6f\
\x64\x65\x2c\x20\x69\x5f\x63\x74\x69\x6d\x65\x2e\x74\x76\x5f\x73\x65\x63\x29\
\x3b\0\x30\x3a\x31\x37\x3a\x30\0\x20\x20\x20\x20\x20\x20\x42\x50\x46\x5f\x43\
\x4f\x52\x45\x5f\x52\x45\x41\x44\x28\x62\x70\x72\x6d\x2c\x20\x66\x69\x6c\x65\
\x2c\x20\x66\x5f\x69\x6e\x6f\x64\x65\x2c\x20\x69\x5f\x63\x74\x69\x6d\x65\x2e\
\x74\x76\x5f\x6e\x73\x65\x63\x29\x3b\0\x30\x3a\x31\x37\x3a\x31\0\x20\x20\x69\
\x6d\x61\x67\x65\x5f\x69\x6e\x66\x6f\x2d\x3e\x63\x74\x69\x6d\x65\x2e\x74\x76\
\x5f\x6e\x73\x65\x63\x20\x3d\0\x20\x20\x64\x65\x76\x5f\x74\x20\x64\x65\x76\x20\
\x3d\x20\x42\x50\x46\x5f\x43\x4f\x52\x45\x5f\x52\x45\x41\x44\x28\x62\x70\x72\
\x6d\x2c\x20\x66\x69\x6c\x65\x2c\x20\x66\x5f\x69\x6e\x6f\x64\x65\x2c\x20\x69\
\x5f\x73\x62\x2c\x20\x73\x5f\x64\x65\x76\x29\x3b\0\x73\x75\x70\x65\x72\x5f\x62\
\x6c\x6f\x63\x6b\0\x73\x5f\x6c\x69\x73\x74\0\x73\x5f\x64\x65\x76\0\x73\x5f\x62\
\x6c\x6f\x63\x6b\x73\x69\x7a\x65\x5f\x62\x69\x74\x73\0\x73\x5f\x62\x6c\x6f\x63\
\x6b\x73\x69\x7a\x65\0\x73\x5f\x6d\x61\x78\x62\x79\x74\x65\x73\0\x73\x5f\x74\
\x79\x70\x65\0\x73\x5f\x6f\x70\0\x64\x71\x5f\x6f\x70\0\x73\x5f\x71\x63\x6f\x70\
\0\x73\x5f\x65\x78\x70\x6f\x72\x74\x5f\x6f\x70\0\x73\x5f\x66\x6c\x61\x67\x73\0\
\x73\x5f\x69\x66\x6c\x61\x67\x73\0\x73\x5f\x6d\x61\x67\x69\x63\0\x73\x5f\x72\
\x6f\x6f\x74\0\x73\x5f\x75\x6d\x6f\x75\x6e\x74\0\x73\x5f\x63\x6f\x75\x6e\x74\0\
\x73\x5f\x61\x63\x74\x69\x76\x65\0\x73\x5f\x73\x65\x63\x75\x72\x69\x74\x79\0\
\x73\x5f\x78\x61\x74\x74\x72\0\x73\x5f\x63\x6f\x70\0\x73\x5f\x6d\x61\x73\x74\
\x65\x72\x5f\x6b\x65\x79\x73\0\x73\x5f\x76\x6f\x70\0\x73\x5f\x65\x6e\x63\x6f\
\x64\x69\x6e\x67\0\x73\x5f\x65\x6e\x63\x6f\x64\x69\x6e\x67\x5f\x66\x6c\x61\x67\
\x73\0\x73\x5f\x72\x6f\x6f\x74\x73\0\x73\x5f\x6d\x6f\x75\x6e\x74\x73\0\x73\x5f\
\x62\x64\x65\x76\0\x73\x5f\x62\x64\x69\0\x73\x5f\x6d\x74\x64\0\x73\x5f\x69\x6e\
\x73\x74\x61\x6e\x63\x65\x73\0\x73\x5f\x71\x75\x6f\x74\x61\x5f\x74\x79\x70\x65\
\x73\0\x73\x5f\x64\x71\x75\x6f\x74\0\x73\x5f\x77\x72\x69\x74\x65\x72\x73\0\x73\
\x5f\x66\x73\x5f\x69\x6e\x66\x6f\0\x73\x5f\x74\x69\x6d\x65\x5f\x67\x72\x61\x6e\
\0\x73\x5f\x74\x69\x6d\x65\x5f\x6d\x69\x6e\0\x73\x5f\x74\x69\x6d\x65\x5f\x6d\
\x61\x78\0\x73\x5f\x66\x73\x6e\x6f\x74\x69\x66\x79\x5f\x6d\x61\x73\x6b\0\x73\
\x5f\x66\x73\x6e\x6f\x74\x69\x66\x79\x5f\x6d\x61\x72\x6b\x73\0\x73\x5f\x69\x64\
\0\x73\x5f\x75\x75\x69\x64\0\x73\x5f\x6d\x61\x78\x5f\x6c\x69\x6e\x6b\x73\0\x73\
\x5f\x6d\x6f\x64\x65\0\x73\x5f\x76\x66\x73\x5f\x72\x65\x6e\x61\x6d\x65\x5f\x6d\
\x75\x74\x65\x78\0\x73\x5f\x73\x75\x62\x74\x79\x70\x65\0\x73\x5f\x64\x5f\x6f\
\x70\0\x63\x6c\x65\x61\x6e\x63\x61\x63\x68\x65\x5f\x70\x6f\x6f\x6c\x69\x64\0\
\x73\x5f\x73\x68\x72\x69\x6e\x6b\0\x73\x5f\x72\x65\x6d\x6f\x76\x65\x5f\x63\x6f\
\x75\x6e\x74\0\x73\x5f\x66\x73\x6e\x6f\x74\x69\x66\x79\x5f\x63\x6f\x6e\x6e\x65\
\x63\x74\x6f\x72\x73\0\x73\x5f\x72\x65\x61\x64\x6f\x6e\x6c\x79\x5f\x72\x65\x6d\
\x6f\x75\x6e\x74\0\x73\x5f\x77\x62\x5f\x65\x72\x72\0\x73\x5f\x64\x69\x6f\x5f\
\x64\x6f\x6e\x65\x5f\x77\x71\0\x73\x5f\x70\x69\x6e\x73\0\x73\x5f\x75\x73\x65\
\x72\x5f\x6e\x73\0\x73\x5f\x64\x65\x6e\x74\x72\x79\x5f\x6c\x72\x75\0\x73\x5f\
\x69\x6e\x6f\x64\x65\x5f\x6c\x72\x75\0\x64\x65\x73\x74\x72\x6f\x79\x5f\x77\x6f\
\x72\x6b\0\x73\x5f\x73\x79\x6e\x63\x5f\x6c\x6f\x63\x6b\0\x73\x5f\x73\x74\x61\
\x63\x6b\x5f\x64\x65\x70\x74\x68\0\x73\x5f\x69\x6e\x6f\x64\x65\x5f\x6c\x69\x73\
\x74\x5f\x6c\x6f\x63\x6b\0\x73\x5f\x69\x6e\x6f\x64\x65\x73\0\x73\x5f\x69\x6e\
\x6f\x64\x65\x5f\x77\x62\x6c\x69\x73\x74\x5f\x6c\x6f\x63\x6b\0\x73\x5f\x69\x6e\
\x6f\x64\x65\x73\x5f\x77\x62\0\x68\x6c\x69\x73\x74\x5f\x62\x6c\x5f\x68\x65\x61\
\x64\0\x6d\x74\x64\x5f\x69\x6e\x66\x6f\0\x71\x75\x6f\x74\x61\x5f\x69\x6e\x66\
\x6f\0\x64\x71\x69\x6f\x5f\x73\x65\x6d\0\x6d\x65\x6d\x5f\x64\x71\x69\x6e\x66\
\x6f\0\x64\x71\x69\x5f\x66\x6f\x72\x6d\x61\x74\0\x64\x71\x69\x5f\x66\x6d\x74\
\x5f\x69\x64\0\x64\x71\x69\x5f\x64\x69\x72\x74\x79\x5f\x6c\x69\x73\x74\0\x64\
\x71\x69\x5f\x66\x6c\x61\x67\x73\0\x64\x71\x69\x5f\x62\x67\x72\x61\x63\x65\0\
\x64\x71\x69\x5f\x69\x67\x72\x61\x63\x65\0\x64\x71\x69\x5f\x6d\x61\x78\x5f\x73\
\x70\x63\x5f\x6c\x69\x6d\x69\x74\0\x64\x71\x69\x5f\x6d\x61\x78\x5f\x69\x6e\x6f\
\x5f\x6c\x69\x6d\x69\x74\0\x64\x71\x69\x5f\x70\x72\x69\x76\0\x71\x73\x69\x7a\
\x65\x5f\x74\0\x71\x75\x6f\x74\x61\x5f\x66\x6f\x72\x6d\x61\x74\x5f\x6f\x70\x73\
\0\x63\x68\x65\x63\x6b\x5f\x71\x75\x6f\x74\x61\x5f\x66\x69\x6c\x65\0\x72\x65\
\x61\x64\x5f\x66\x69\x6c\x65\x5f\x69\x6e\x66\x6f\0\x77\x72\x69\x74\x65\x5f\x66\
\x69\x6c\x65\x5f\x69\x6e\x66\x6f\0\x66\x72\x65\x65\x5f\x66\x69\x6c\x65\x5f\x69\
\x6e\x66\x6f\0\x72\x65\x61\x64\x5f\x64\x71\x62\x6c\x6b\0\x63\x6f\x6d\x6d\x69\
\x74\x5f\x64\x71\x62\x6c\x6b\0\x72\x65\x6c\x65\x61\x73\x65\x5f\x64\x71\x62\x6c\
\x6b\0\x67\x65\x74\x5f\x6e\x65\x78\x74\x5f\x69\x64\0\x64\x71\x75\x6f\x74\0\x64\
\x71\x5f\x68\x61\x73\x68\0\x64\x71\x5f\x69\x6e\x75\x73\x65\0\x64\x71\x5f\x66\
\x72\x65\x65\0\x64\x71\x5f\x64\x69\x72\x74\x79\0\x64\x71\x5f\x6c\x6f\x63\x6b\0\
\x64\x71\x5f\x64\x71\x62\x5f\x6c\x6f\x63\x6b\0\x64\x71\x5f\x63\x6f\x75\x6e\x74\
\0\x64\x71\x5f\x73\x62\0\x64\x71\x5f\x69\x64\0\x64\x71\x5f\x6f\x66\x66\0\x64\
\x71\x5f\x66\x6c\x61\x67\x73\0\x64\x71\x5f\x64\x71\x62\0\x6b\x71\x69\x64\0\x70\
\x72\x6f\x6a\x69\x64\0\x6b\x70\x72\x6f\x6a\x69\x64\x5f\x74\0\x70\x72\x6f\x6a\
\x69\x64\x5f\x74\0\x71\x75\x6f\x74\x61\x5f\x74\x79\x70\x65\0\x55\x53\x52\x51\
\x55\x4f\x54\x41\0\x47\x52\x50\x51\x55\x4f\x54\x41\0\x50\x52\x4a\x51\x55\x4f\
\x54\x41\0\x6d\x65\x6d\x5f\x64\x71\x62\x6c\x6b\0\x64\x71\x62\x5f\x62\x68\x61\
\x72\x64\x6c\x69\x6d\x69\x74\0\x64\x71\x62\x5f\x62\x73\x6f\x66\x74\x6c\x69\x6d\
\x69\x74\0\x64\x71\x62\x5f\x63\x75\x72\x73\x70\x61\x63\x65\0\x64\x71\x62\x5f\
\x72\x73\x76\x73\x70\x61\x63\x65\0\x64\x71\x62\x5f\x69\x68\x61\x72\x64\x6c\x69\
\x6d\x69\x74\0\x64\x71\x62\x5f\x69\x73\x6f\x66\x74\x6c\x69\x6d\x69\x74\0\x64\
\x71\x62\x5f\x63\x75\x72\x69\x6e\x6f\x64\x65\x73\0\x64\x71\x62\x5f\x62\x74\x69\
\x6d\x65\0\x64\x71\x62\x5f\x69\x74\x69\x6d\x65\0\x73\x62\x5f\x77\x72\x69\x74\
\x65\x72\x73\0\x77\x61\x69\x74\x5f\x75\x6e\x66\x72\x6f\x7a\x65\x6e\0\x72\x77\
\x5f\x73\x65\x6d\0\x70\x65\x72\x63\x70\x75\x5f\x72\x77\x5f\x73\x65\x6d\x61\x70\
\x68\x6f\x72\x65\0\x72\x73\x73\0\x72\x65\x61\x64\x5f\x63\x6f\x75\x6e\x74\0\x77\
\x72\x69\x74\x65\x72\0\x77\x61\x69\x74\x65\x72\x73\0\x62\x6c\x6f\x63\x6b\0\x72\
\x63\x75\x5f\x73\x79\x6e\x63\0\x67\x70\x5f\x73\x74\x61\x74\x65\0\x67\x70\x5f\
\x63\x6f\x75\x6e\x74\0\x67\x70\x5f\x77\x61\x69\x74\0\x63\x62\x5f\x68\x65\x61\
\x64\0\x72\x63\x75\x77\x61\x69\x74\0\x75\x75\x69\x64\x5f\x74\0\x73\x68\x72\x69\
\x6e\x6b\x65\x72\0\x63\x6f\x75\x6e\x74\x5f\x6f\x62\x6a\x65\x63\x74\x73\0\x73\
\x63\x61\x6e\x5f\x6f\x62\x6a\x65\x63\x74\x73\0\x62\x61\x74\x63\x68\0\x73\x65\
\x65\x6b\x73\0\x6e\x72\x5f\x64\x65\x66\x65\x72\x72\x65\x64\0\x73\x68\x72\x69\
\x6e\x6b\x5f\x63\x6f\x6e\x74\x72\x6f\x6c\0\x6e\x69\x64\0\x6e\x72\x5f\x74\x6f\
\x5f\x73\x63\x61\x6e\0\x6e\x72\x5f\x73\x63\x61\x6e\x6e\x65\x64\0\x6d\x65\x6d\
\x63\x67\0\x6c\x69\x73\x74\x5f\x6c\x72\x75\0\x20\x20\x20\x20\x20\x20\x28\x6d\
\x69\x6e\x6f\x72\x20\x26\x20\x30\x78\x66\x66\x29\x20\x7c\x20\x28\x6d\x61\x6a\
\x6f\x72\x20\x3c\x3c\x20\x38\x29\x20\x7c\x20\x28\x28\x6d\x69\x6e\x6f\x72\x20\
\x26\x20\x7e\x30\x78\x66\x66\x29\x20\x3c\x3c\x20\x31\x32\x29\x3b\0\x20\x20\x69\
\x6d\x61\x67\x65\x5f\x69\x6e\x66\x6f\x2d\x3e\x69\x6e\x6f\x64\x65\x5f\x64\x65\
\x76\x69\x63\x65\x5f\x69\x64\x20\x3d\0\x30\x3a\x31\x38\0\x20\x20\x63\x6f\x6e\
\x73\x74\x20\x63\x68\x61\x72\x2a\x20\x69\x6e\x74\x65\x72\x70\x5f\x73\x74\x61\
\x72\x74\x20\x3d\x20\x42\x50\x46\x5f\x43\x4f\x52\x45\x5f\x52\x45\x41\x44\x28\
\x62\x70\x72\x6d\x2c\x20\x69\x6e\x74\x65\x72\x70\x29\x3b\0\x20\x20\x66\x69\x6c\
\x6c\x5f\x69\x6d\x61\x67\x65\x5f\x69\x6e\x66\x6f\x28\x26\x70\x2d\x3e\x69\x6d\
\x61\x67\x65\x5f\x69\x6e\x66\x6f\x2c\x20\x62\x70\x72\x6d\x2c\x20\x63\x75\x72\
\x72\x65\x6e\x74\x29\x3b\0\x20\x20\x62\x70\x66\x5f\x70\x72\x6f\x62\x65\x5f\x72\
\x65\x61\x64\x5f\x73\x74\x72\x28\x69\x6d\x61\x67\x65\x5f\x69\x6e\x66\x6f\x2d\
\x3e\x70\x61\x74\x68\x6e\x61\x6d\x65\x2c\x20\x73\x69\x7a\x65\x6f\x66\x28\x69\
\x6d\x61\x67\x65\x5f\x69\x6e\x66\x6f\x2d\x3e\x70\x61\x74\x68\x6e\x61\x6d\x65\
\x29\x2c\0\x20\x20\x69\x6d\x61\x67\x65\x5f\x69\x6e\x66\x6f\x2d\x3e\x6d\x6e\x74\
\x5f\x6e\x73\x20\x3d\x20\x42\x50\x46\x5f\x43\x4f\x52\x45\x5f\x52\x45\x41\x44\
\x28\x74\x2c\x20\x6e\x73\x70\x72\x6f\x78\x79\x2c\x20\x6d\x6e\x74\x5f\x6e\x73\
\x2c\x20\x6e\x73\x2e\x69\x6e\x75\x6d\x29\x3b\0\x20\x20\x20\x20\x69\x66\x20\x28\
\x28\x21\x70\x61\x72\x65\x6e\x74\x29\x20\x7c\x7c\x20\x28\x42\x50\x46\x5f\x43\
\x4f\x52\x45\x5f\x52\x45\x41\x44\x28\x70\x61\x72\x65\x6e\x74\x2c\x20\x74\x67\
\x69\x64\x29\x20\x3d\x3d\x20\x30\x29\x20\x7c\x7c\0\x20\x20\x20\x20\x20\x20\x20\
\x20\x28\x42\x50\x46\x5f\x43\x4f\x52\x45\x5f\x52\x45\x41\x44\x28\x72\x65\x74\
\x2c\x20\x6e\x73\x70\x72\x6f\x78\x79\x2c\x20\x6d\x6e\x74\x5f\x6e\x73\x2c\x20\
\x6e\x73\x2e\x69\x6e\x75\x6d\x29\x20\x21\x3d\0\x20\x20\x20\x20\x20\x20\x20\x20\
\x20\x42\x50\x46\x5f\x43\x4f\x52\x45\x5f\x52\x45\x41\x44\x28\x70\x61\x72\x65\
\x6e\x74\x2c\x20\x6e\x73\x70\x72\x6f\x78\x79\x2c\x20\x6d\x6e\x74\x5f\x6e\x73\
\x2c\x20\x6e\x73\x2e\x69\x6e\x75\x6d\x29\x29\x29\x20\x7b\0\x20\x20\x69\x6d\x61\
\x67\x65\x5f\x69\x6e\x66\x6f\x2d\x3e\x70\x69\x64\x5f\x66\x6f\x72\x5f\x73\x65\
\x74\x6e\x73\x20\x3d\x20\x42\x50\x46\x5f\x43\x4f\x52\x45\x5f\x52\x45\x41\x44\
\x28\x6e\x2c\x20\x74\x67\x69\x64\x29\x3b\0\x20\x20\x62\x70\x66\x5f\x72\x69\x6e\
\x67\x62\x75\x66\x5f\x73\x75\x62\x6d\x69\x74\x28\x65\x76\x65\x6e\x74\x2c\x20\
\x30\x29\x3b\0\x68\x61\x6e\x64\x6c\x65\x5f\x73\x63\x68\x65\x64\x5f\x70\x72\x6f\
\x63\x65\x73\x73\x5f\x65\x78\x69\x74\0\x72\x61\x77\x5f\x74\x72\x61\x63\x65\x70\
\x6f\x69\x6e\x74\x2f\x73\x63\x68\x65\x64\x5f\x70\x72\x6f\x63\x65\x73\x73\x5f\
\x65\x78\x69\x74\0\x69\x6e\x74\x20\x42\x50\x46\x5f\x50\x52\x4f\x47\x28\x68\x61\
\x6e\x64\x6c\x65\x5f\x73\x63\x68\x65\x64\x5f\x70\x72\x6f\x63\x65\x73\x73\x5f\
\x65\x78\x69\x74\x2c\x20\x73\x74\x72\x75\x63\x74\x20\x74\x61\x73\x6b\x5f\x73\
\x74\x72\x75\x63\x74\x2a\x20\x63\x75\x72\x72\x65\x6e\x74\x29\x20\x7b\0\x30\x3a\
\x38\x32\0\x20\x20\x69\x66\x20\x28\x28\x42\x50\x46\x5f\x43\x4f\x52\x45\x5f\x52\
\x45\x41\x44\x28\x63\x75\x72\x72\x65\x6e\x74\x2c\x20\x70\x69\x64\x29\x20\x21\
\x3d\x20\x42\x50\x46\x5f\x43\x4f\x52\x45\x5f\x52\x45\x41\x44\x28\x63\x75\x72\
\x72\x65\x6e\x74\x2c\x20\x74\x67\x69\x64\x29\x29\x20\x7c\x7c\0\x20\x20\x65\x76\
\x65\x6e\x74\x2d\x3e\x64\x61\x74\x61\x2e\x70\x72\x6f\x63\x65\x73\x73\x5f\x65\
\x76\x65\x6e\x74\x2e\x74\x79\x70\x65\x20\x3d\x20\x6b\x50\x72\x6f\x63\x65\x73\
\x73\x45\x78\x69\x74\x45\x76\x65\x6e\x74\x3b\0\x30\x3a\x38\x37\x3a\x30\0\x20\
\x20\x73\x74\x72\x75\x63\x74\x20\x6c\x69\x73\x74\x5f\x68\x65\x61\x64\x2a\x20\
\x66\x69\x72\x73\x74\x5f\x63\x68\x69\x6c\x64\x20\x3d\x20\x42\x50\x46\x5f\x43\
\x4f\x52\x45\x5f\x52\x45\x41\x44\x28\x63\x75\x72\x72\x65\x6e\x74\x2c\x20\x63\
\x68\x69\x6c\x64\x72\x65\x6e\x2e\x6e\x65\x78\x74\x29\x3b\0\x20\x20\x20\x20\x20\
\x20\x28\x21\x66\x69\x72\x73\x74\x5f\x63\x68\x69\x6c\x64\x20\x7c\x7c\x20\x28\
\x66\x69\x72\x73\x74\x5f\x63\x68\x69\x6c\x64\x20\x3d\x3d\x20\x42\x50\x46\x5f\
\x43\x4f\x52\x45\x5f\x52\x45\x41\x44\x28\x66\x69\x72\x73\x74\x5f\x63\x68\x69\
\x6c\x64\x2c\x20\x6e\x65\x78\x74\x29\x29\x29\x3b\0\x20\x20\x70\x2d\x3e\x69\x73\
\x5f\x6c\x65\x61\x66\x20\x3d\0\x4c\x49\x43\x45\x4e\x53\x45\0\x2e\x6d\x61\x70\
\x73\0\x6c\x69\x63\x65\x6e\x73\x65\0\x6b\x65\x72\x6e\x66\x73\x5f\x6e\x6f\x64\
\x65\0\x74\x61\x73\x6b\x5f\x67\x72\x6f\x75\x70\0\x73\x65\x71\x5f\x6f\x70\x65\
\x72\x61\x74\x69\x6f\x6e\x73\0\x66\x73\x6e\x6f\x74\x69\x66\x79\x5f\x6d\x61\x72\
\x6b\x5f\x63\x6f\x6e\x6e\x65\x63\x74\x6f\x72\0\x76\x66\x73\x6d\x6f\x75\x6e\x74\
\0\x68\x6c\x69\x73\x74\x5f\x62\x6c\x5f\x6e\x6f\x64\x65\0\x70\x6f\x73\x69\x78\
\x5f\x61\x63\x6c\0\x69\x6e\x6f\x64\x65\x5f\x6f\x70\x65\x72\x61\x74\x69\x6f\x6e\
\x73\0\x70\x72\x6f\x63\x5f\x6e\x73\x5f\x6f\x70\x65\x72\x61\x74\x69\x6f\x6e\x73\
\0\x66\x69\x6c\x65\x5f\x73\x79\x73\x74\x65\x6d\x5f\x74\x79\x70\x65\0\x62\x75\
\x63\x6b\x65\x74\x5f\x74\x61\x62\x6c\x65\0\x62\x6c\x6f\x63\x6b\x5f\x64\x65\x76\
\x69\x63\x65\0\x6d\x6f\x75\x6e\x74\0\x6b\x6d\x65\x6d\x5f\x63\x61\x63\x68\x65\0\
\x61\x64\x64\x72\x65\x73\x73\x5f\x73\x70\x61\x63\x65\x5f\x6f\x70\x65\x72\x61\
\x74\x69\x6f\x6e\x73\0\x77\x61\x69\x74\x5f\x70\x61\x67\x65\x5f\x71\x75\x65\x75\
\x65\0\x69\x6f\x76\x65\x63\0\x62\x69\x6f\x5f\x76\x65\x63\0\x66\x61\x73\x79\x6e\
\x63\x5f\x73\x74\x72\x75\x63\x74\0\x70\x69\x70\x65\x5f\x62\x75\x66\x66\x65\x72\
\0\x75\x73\x65\x72\x5f\x73\x74\x72\x75\x63\x74\0\x66\x77\x6e\x6f\x64\x65\x5f\
\x68\x61\x6e\x64\x6c\x65\0\x6b\x65\x79\x5f\x74\x61\x67\0\x70\x72\x6f\x63\x5f\
\x64\x69\x72\x5f\x65\x6e\x74\x72\x79\0\x69\x72\x71\x5f\x64\x6f\x6d\x61\x69\x6e\
\0\x6c\x69\x6e\x75\x78\x5f\x62\x69\x6e\x66\x6d\x74\0\x6d\x6f\x64\x75\x6c\x65\0\
\x6b\x6f\x62\x6a\x5f\x74\x79\x70\x65\0\x6e\x65\x74\x64\x65\x76\x5f\x6e\x61\x6d\
\x65\x5f\x6e\x6f\x64\x65\0\x64\x65\x76\x5f\x69\x66\x61\x6c\x69\x61\x73\0\x6e\
\x65\x74\x5f\x64\x65\x76\x69\x63\x65\x5f\x6f\x70\x73\0\x6e\x65\x69\x67\x68\x5f\
\x70\x61\x72\x6d\x73\0\x6e\x65\x69\x67\x68\x5f\x74\x61\x62\x6c\x65\0\x77\x6f\
\x72\x6b\x71\x75\x65\x75\x65\x5f\x73\x74\x72\x75\x63\x74\0\x64\x65\x76\x69\x63\
\x65\x5f\x70\x72\x69\x76\x61\x74\x65\0\x64\x65\x76\x69\x63\x65\x5f\x64\x72\x69\
\x76\x65\x72\0\x62\x75\x73\x5f\x74\x79\x70\x65\0\x62\x70\x66\x5f\x6c\x6f\x63\
\x61\x6c\x5f\x73\x74\x6f\x72\x61\x67\x65\0\x64\x65\x76\x69\x63\x65\x5f\x6e\x6f\
\x64\x65\0\x6c\x6f\x63\x6b\x5f\x63\x6c\x61\x73\x73\x5f\x6b\x65\x79\0\x64\x65\
\x76\x69\x63\x65\x5f\x74\x79\x70\x65\0\x77\x61\x6b\x65\x75\x70\x5f\x73\x6f\x75\
\x72\x63\x65\0\x77\x61\x6b\x65\x5f\x69\x72\x71\0\x68\x72\x74\x69\x6d\x65\x72\
\x5f\x63\x6c\x6f\x63\x6b\x5f\x62\x61\x73\x65\0\x64\x65\x76\x5f\x70\x6d\x5f\x64\
\x6f\x6d\x61\x69\x6e\0\x70\x6d\x5f\x73\x75\x62\x73\x79\x73\x5f\x64\x61\x74\x61\
\0\x64\x65\x76\x5f\x70\x6d\x5f\x71\x6f\x73\0\x64\x65\x76\x5f\x70\x69\x6e\x5f\
\x69\x6e\x66\x6f\0\x64\x6d\x61\x5f\x6d\x61\x70\x5f\x6f\x70\x73\0\x62\x75\x73\
\x5f\x64\x6d\x61\x5f\x72\x65\x67\x69\x6f\x6e\0\x64\x65\x76\x69\x63\x65\x5f\x64\
\x6d\x61\x5f\x70\x61\x72\x61\x6d\x65\x74\x65\x72\x73\0\x69\x6f\x5f\x74\x6c\x62\
\x5f\x6d\x65\x6d\0\x64\x65\x76\x5f\x69\x6f\x6d\x6d\x75\0\x64\x65\x76\x69\x63\
\x65\x5f\x70\x68\x79\x73\x69\x63\x61\x6c\x5f\x6c\x6f\x63\x61\x74\x69\x6f\x6e\0\
\x6e\x65\x69\x67\x68\x5f\x6f\x70\x73\0\x62\x70\x66\x5f\x70\x72\x6f\x67\x5f\x73\
\x74\x61\x74\x73\0\x62\x70\x66\x5f\x70\x72\x6f\x67\x5f\x61\x75\x78\0\x6e\x65\
\x74\x64\x65\x76\x5f\x72\x78\x5f\x71\x75\x65\x75\x65\0\x6d\x69\x6e\x69\x5f\x51\
\x64\x69\x73\x63\0\x51\x64\x69\x73\x63\0\x6e\x65\x74\x64\x65\x76\x5f\x71\x75\
\x65\x75\x65\0\x62\x70\x66\x5f\x78\x64\x70\x5f\x6c\x69\x6e\x6b\0\x73\x6f\x63\
\x6b\x5f\x66\x70\x72\x6f\x67\x5f\x6b\x65\x72\x6e\0\x74\x72\x61\x63\x65\x5f\x65\
\x76\x65\x6e\x74\x5f\x63\x61\x6c\x6c\0\x65\x76\x65\x6e\x74\x5f\x66\x69\x6c\x74\
\x65\x72\0\x66\x74\x72\x61\x63\x65\x5f\x68\x61\x73\x68\0\x69\x6e\x5f\x64\x65\
\x76\x69\x63\x65\0\x69\x6e\x65\x74\x36\x5f\x64\x65\x76\0\x66\x69\x62\x36\x5f\
\x69\x6e\x66\x6f\0\x66\x69\x62\x36\x5f\x74\x61\x62\x6c\x65\0\x69\x6e\x65\x74\
\x5f\x70\x65\x65\x72\x5f\x62\x61\x73\x65\0\x6c\x77\x74\x75\x6e\x6e\x65\x6c\x5f\
\x73\x74\x61\x74\x65\0\x78\x66\x72\x6d\x5f\x73\x74\x61\x74\x65\0\x78\x66\x72\
\x6d\x5f\x73\x65\x63\x5f\x63\x74\x78\0\x72\x74\x36\x5f\x69\x6e\x66\x6f\0\x69\
\x70\x76\x36\x5f\x64\x65\x76\x63\x6f\x6e\x66\0\x63\x74\x6c\x5f\x74\x61\x62\x6c\
\x65\x5f\x72\x6f\x6f\x74\0\x63\x74\x6c\x5f\x6e\x6f\x64\x65\0\x69\x70\x73\x74\
\x61\x74\x73\x5f\x6d\x69\x62\0\x69\x70\x76\x34\x5f\x64\x65\x76\x63\x6f\x6e\x66\
\0\x77\x69\x72\x65\x6c\x65\x73\x73\x5f\x64\x65\x76\0\x73\x6f\x63\x6b\x65\x74\0\
\x73\x6f\x63\x6b\x65\x74\x5f\x77\x71\0\x73\x69\x67\x6e\x61\x6c\x5f\x73\x74\x72\
\x75\x63\x74\0\x77\x70\x61\x6e\x5f\x64\x65\x76\0\x66\x73\x76\x65\x72\x69\x74\
\x79\x5f\x69\x6e\x66\x6f\0\x63\x70\x75\x5f\x72\x6d\x61\x70\0\x78\x64\x70\x5f\
\x64\x65\x76\x5f\x62\x75\x6c\x6b\x5f\x71\x75\x65\x75\x65\0\x70\x63\x70\x75\x5f\
\x6c\x73\x74\x61\x74\x73\0\x70\x63\x70\x75\x5f\x73\x77\x5f\x6e\x65\x74\x73\x74\
\x61\x74\x73\0\x70\x68\x79\x5f\x64\x65\x76\x69\x63\x65\0\x63\x64\x65\x76\0\x66\
\x69\x6c\x65\x5f\x6c\x6f\x63\x6b\x5f\x6f\x70\x65\x72\x61\x74\x69\x6f\x6e\x73\0\
\x6c\x6f\x63\x6b\x5f\x6d\x61\x6e\x61\x67\x65\x72\x5f\x6f\x70\x65\x72\x61\x74\
\x69\x6f\x6e\x73\0\x73\x6b\x62\x5f\x65\x78\x74\0\x69\x6e\x65\x74\x5f\x68\x61\
\x73\x68\x69\x6e\x66\x6f\0\x73\x6f\x63\x6b\x5f\x72\x65\x75\x73\x65\x70\x6f\x72\
\x74\0\x62\x70\x66\x5f\x73\x74\x6f\x72\x61\x67\x65\x5f\x62\x75\x66\x66\x65\x72\
\0\x62\x70\x66\x5f\x63\x67\x72\x6f\x75\x70\x5f\x73\x74\x6f\x72\x61\x67\x65\x5f\
\x6d\x61\x70\0\x70\x65\x72\x66\x5f\x62\x75\x66\x66\x65\x72\0\x70\x65\x72\x66\
\x5f\x61\x64\x64\x72\x5f\x66\x69\x6c\x74\x65\x72\x5f\x72\x61\x6e\x67\x65\0\x70\
\x65\x72\x66\x5f\x72\x61\x77\x5f\x72\x65\x63\x6f\x72\x64\0\x70\x65\x72\x66\x5f\
\x62\x72\x61\x6e\x63\x68\x5f\x73\x74\x61\x63\x6b\0\x70\x65\x72\x66\x5f\x63\x61\
\x6c\x6c\x63\x68\x61\x69\x6e\x5f\x65\x6e\x74\x72\x79\0\x6b\x65\x72\x6e\x65\x6c\
\x5f\x73\x69\x67\x69\x6e\x66\x6f\0\x6c\x64\x74\x5f\x73\x74\x72\x75\x63\x74\0\
\x6b\x69\x6f\x63\x74\x78\x5f\x74\x61\x62\x6c\x65\0\x6d\x6d\x75\x5f\x6e\x6f\x74\
\x69\x66\x69\x65\x72\x5f\x73\x75\x62\x73\x63\x72\x69\x70\x74\x69\x6f\x6e\x73\0\
\x76\x6d\x5f\x6f\x70\x65\x72\x61\x74\x69\x6f\x6e\x73\x5f\x73\x74\x72\x75\x63\
\x74\0\x75\x73\x65\x72\x66\x61\x75\x6c\x74\x66\x64\x5f\x63\x74\x78\0\x64\x65\
\x6e\x74\x72\x79\x5f\x6f\x70\x65\x72\x61\x74\x69\x6f\x6e\x73\0\x74\x63\x70\x5f\
\x6d\x69\x62\0\x6c\x69\x6e\x75\x78\x5f\x6d\x69\x62\0\x75\x64\x70\x5f\x6d\x69\
\x62\0\x69\x63\x6d\x70\x5f\x6d\x69\x62\0\x69\x63\x6d\x70\x6d\x73\x67\x5f\x6d\
\x69\x62\0\x69\x63\x6d\x70\x76\x36\x5f\x6d\x69\x62\0\x69\x63\x6d\x70\x76\x36\
\x6d\x73\x67\x5f\x6d\x69\x62\0\x69\x70\x5f\x72\x61\x5f\x63\x68\x61\x69\x6e\0\
\x66\x69\x62\x5f\x72\x75\x6c\x65\x73\x5f\x6f\x70\x73\0\x66\x69\x62\x5f\x74\x61\
\x62\x6c\x65\0\x74\x63\x70\x5f\x63\x6f\x6e\x67\x65\x73\x74\x69\x6f\x6e\x5f\x6f\
\x70\x73\0\x74\x63\x70\x5f\x66\x61\x73\x74\x6f\x70\x65\x6e\x5f\x63\x6f\x6e\x74\
\x65\x78\x74\0\x6d\x72\x5f\x74\x61\x62\x6c\x65\0\x66\x69\x62\x5f\x6e\x6f\x74\
\x69\x66\x69\x65\x72\x5f\x6f\x70\x73\0\x72\x74\x36\x5f\x73\x74\x61\x74\x69\x73\
\x74\x69\x63\x73\0\x73\x65\x67\x36\x5f\x70\x65\x72\x6e\x65\x74\x5f\x64\x61\x74\
\x61\0\x69\x6f\x61\x6d\x36\x5f\x70\x65\x72\x6e\x65\x74\x5f\x64\x61\x74\x61\0\
\x63\x74\x5f\x70\x63\x70\x75\0\x69\x70\x5f\x63\x6f\x6e\x6e\x74\x72\x61\x63\x6b\
\x5f\x73\x74\x61\x74\0\x6e\x66\x5f\x63\x74\x5f\x65\x76\x65\x6e\x74\x5f\x6e\x6f\
\x74\x69\x66\x69\x65\x72\0\x6e\x65\x74\x5f\x67\x65\x6e\x65\x72\x69\x63\0\x73\
\x75\x70\x65\x72\x5f\x6f\x70\x65\x72\x61\x74\x69\x6f\x6e\x73\0\x64\x71\x75\x6f\
\x74\x5f\x6f\x70\x65\x72\x61\x74\x69\x6f\x6e\x73\0\x71\x75\x6f\x74\x61\x63\x74\
\x6c\x5f\x6f\x70\x73\0\x65\x78\x70\x6f\x72\x74\x5f\x6f\x70\x65\x72\x61\x74\x69\
\x6f\x6e\x73\0\x78\x61\x74\x74\x72\x5f\x68\x61\x6e\x64\x6c\x65\x72\0\x66\x73\
\x63\x72\x79\x70\x74\x5f\x6f\x70\x65\x72\x61\x74\x69\x6f\x6e\x73\0\x72\x65\x71\
\x75\x65\x73\x74\x5f\x71\x75\x65\x75\x65\0\x66\x73\x63\x72\x79\x70\x74\x5f\x6b\
\x65\x79\x72\x69\x6e\x67\0\x66\x73\x76\x65\x72\x69\x74\x79\x5f\x6f\x70\x65\x72\
\x61\x74\x69\x6f\x6e\x73\0\x75\x6e\x69\x63\x6f\x64\x65\x5f\x6d\x61\x70\0\x71\
\x75\x6f\x74\x61\x5f\x66\x6f\x72\x6d\x61\x74\x5f\x74\x79\x70\x65\0\x6c\x69\x73\
\x74\x5f\x6c\x72\x75\x5f\x6e\x6f\x64\x65\0\x70\x61\x67\x65\x5f\x70\x6f\x6f\x6c\
\0\x64\x65\x76\x5f\x70\x61\x67\x65\x6d\x61\x70\0\x74\x69\x6d\x65\x5f\x6e\x61\
\x6d\x65\x73\x70\x61\x63\x65\0\x63\x73\x73\x5f\x73\x65\x74\0\x66\x73\x5f\x73\
\x74\x72\x75\x63\x74\0\x66\x69\x6c\x65\x5f\x6c\x6f\x63\x6b\x5f\x63\x6f\x6e\x74\
\x65\x78\x74\0\x66\x73\x63\x72\x79\x70\x74\x5f\x69\x6e\x66\x6f\0\x72\x63\x75\
\x5f\x6e\x6f\x64\x65\0\x73\x65\x63\x63\x6f\x6d\x70\x5f\x66\x69\x6c\x74\x65\x72\
\0\x5f\x5f\x6b\x65\x72\x6e\x65\x6c\x5f\x74\x69\x6d\x65\x73\x70\x65\x63\0\x6f\
\x6c\x64\x5f\x74\x69\x6d\x65\x73\x70\x65\x63\x33\x32\0\x70\x6f\x6c\x6c\x66\x64\
\0\x73\x65\x6d\x5f\x75\x6e\x64\x6f\x5f\x6c\x69\x73\x74\0\x66\x69\x6c\x65\x73\
\x5f\x73\x74\x72\x75\x63\x74\0\x73\x69\x67\x68\x61\x6e\x64\x5f\x73\x74\x72\x75\
\x63\x74\0\x72\x74\x5f\x6d\x75\x74\x65\x78\x5f\x77\x61\x69\x74\x65\x72\0\x62\
\x6c\x6b\x5f\x70\x6c\x75\x67\0\x72\x6f\x62\x75\x73\x74\x5f\x6c\x69\x73\x74\x5f\
\x68\x65\x61\x64\0\x63\x6f\x6d\x70\x61\x74\x5f\x72\x6f\x62\x75\x73\x74\x5f\x6c\
\x69\x73\x74\x5f\x68\x65\x61\x64\0\x66\x75\x74\x65\x78\x5f\x70\x69\x5f\x73\x74\
\x61\x74\x65\0\x66\x74\x72\x61\x63\x65\x5f\x72\x65\x74\x5f\x73\x74\x61\x63\x6b\
\0\x75\x70\x72\x6f\x62\x65\x5f\x74\x61\x73\x6b\0\x76\x6d\x5f\x73\x74\x72\x75\
\x63\x74\0\x62\x70\x66\x5f\x72\x75\x6e\x5f\x63\x74\x78\0\x6d\x61\x74\x68\x5f\
\x65\x6d\x75\x5f\x69\x6e\x66\x6f\0\0\x9f\xeb\x01\0\x20\0\0\0\0\0\0\0\x24\0\0\0\
\x24\0\0\0\xf4\x14\0\0\x18\x15\0\0\xe4\x04\0\0\x08\0\0\0\x5e\0\0\0\x01\0\0\0\0\
\0\0\0\x0c\0\0\0\xfb\x91\0\0\x01\0\0\0\0\0\0\0\x69\x04\0\0\x10\0\0\0\x5e\0\0\0\
\xdd\0\0\0\0\0\0\0\xb7\x26\0\0\x7a\x27\0\0\0\xb8\x01\0\x08\0\0\0\xb7\x26\0\0\
\x7a\x27\0\0\x05\xb8\x01\0\x30\0\0\0\xb7\x26\0\0\0\0\0\0\0\0\0\0\x38\0\0\0\xa2\
\x27\0\0\x18\x28\0\0\x0b\x38\0\0\x48\0\0\0\xa2\x27\0\0\x18\x28\0\0\x0b\x38\0\0\
\x50\0\0\0\xa2\x27\0\0\x18\x28\0\0\x23\x38\0\0\x58\0\0\0\xb7\x26\0\0\x49\x28\0\
\0\x07\xc8\x01\0\x68\0\0\0\xb7\x26\0\0\x66\x28\0\0\x1c\xdc\x01\0\x90\0\0\0\xb7\
\x26\0\0\xaf\x28\0\0\x07\xe0\x01\0\xa8\0\0\0\xb7\x26\0\0\0\0\0\0\0\0\0\0\xb0\0\
\0\0\xb7\x26\0\0\xc6\x28\0\0\x22\xf0\x01\0\xc0\0\0\0\xb7\x26\0\0\xfd\x28\0\0\
\x0f\xec\x01\0\xf0\0\0\0\xb7\x26\0\0\0\0\0\0\0\0\0\0\xf8\0\0\0\xa2\x27\0\0\x21\
\x29\0\0\x23\x90\0\0\x28\x01\0\0\xb7\x26\0\0\0\0\0\0\0\0\0\0\x30\x01\0\0\xa2\
\x27\0\0\x21\x29\0\0\x23\x90\0\0\x48\x01\0\0\xa2\x27\0\0\x21\x29\0\0\x23\x90\0\
\0\x58\x01\0\0\xa2\x27\0\0\x76\x29\0\0\x15\x58\0\0\x80\x01\0\0\xa2\x27\0\0\x76\
\x29\0\0\x03\x58\0\0\xa8\x01\0\0\xa2\x27\0\0\0\0\0\0\0\0\0\0\xb0\x01\0\0\xa2\
\x27\0\0\x97\x29\0\0\x22\x5c\0\0\xe0\x01\0\0\xa2\x27\0\0\0\0\0\0\0\0\0\0\xe8\
\x01\0\0\xa2\x27\0\0\x97\x29\0\0\x22\x5c\0\0\xf8\x01\0\0\xa2\x27\0\0\x97\x29\0\
\0\x22\x5c\0\0\0\x02\0\0\xa2\x27\0\0\xe7\x29\0\0\x13\x60\0\0\x28\x02\0\0\xa2\
\x27\0\0\0\0\0\0\0\0\0\0\x30\x02\0\0\xa2\x27\0\0\xe7\x29\0\0\x17\x60\0\0\x50\
\x02\0\0\xa2\x27\0\0\xe7\x29\0\0\x17\x60\0\0\x60\x02\0\0\xa2\x27\0\0\0\0\0\0\0\
\0\0\0\x68\x02\0\0\xa2\x27\0\0\x27\x2a\0\0\x17\x64\0\0\x78\x02\0\0\xa2\x27\0\0\
\x27\x2a\0\0\x17\x64\0\0\x80\x02\0\0\xa2\x27\0\0\xe7\x29\0\0\x09\x60\0\0\xa8\
\x02\0\0\xa2\x27\0\0\0\0\0\0\0\0\0\0\xb0\x02\0\0\xa2\x27\0\0\x6a\x2a\0\0\x15\
\x94\0\0\xc0\x02\0\0\xa2\x27\0\0\x6a\x2a\0\0\x15\x94\0\0\xd0\x02\0\0\xa2\x27\0\
\0\x6a\x2a\0\0\x13\x94\0\0\xf0\x02\0\0\xa2\x27\0\0\0\0\0\0\0\0\0\0\xf8\x02\0\0\
\xa2\x27\0\0\xa1\x2a\0\0\x22\x98\0\0\x18\x03\0\0\xa2\x27\0\0\xa1\x2a\0\0\x22\
\x98\0\0\x20\x03\0\0\xa2\x27\0\0\xa1\x2a\0\0\x20\x98\0\0\x50\x03\0\0\xa2\x27\0\
\0\0\0\0\0\0\0\0\0\x58\x03\0\0\xa2\x27\0\0\xe9\x2a\0\0\x1b\x9c\0\0\x80\x03\0\0\
\xa2\x27\0\0\0\0\0\0\0\0\0\0\x88\x03\0\0\xa2\x27\0\0\xe9\x2a\0\0\x1b\x9c\0\0\
\x98\x03\0\0\xa2\x27\0\0\xe9\x2a\0\0\x1b\x9c\0\0\xa0\x03\0\0\xa2\x27\0\0\xe9\
\x2a\0\0\x19\x9c\0\0\xc0\x03\0\0\xa2\x27\0\0\0\0\0\0\0\0\0\0\xc8\x03\0\0\xa2\
\x27\0\0\x33\x2b\0\0\x14\xa0\0\0\xd8\x03\0\0\xa2\x27\0\0\x33\x2b\0\0\x14\xa0\0\
\0\xe0\x03\0\0\xa2\x27\0\0\x33\x2b\0\0\x12\xa0\0\0\x08\x04\0\0\xa2\x27\0\0\0\0\
\0\0\0\0\0\0\x10\x04\0\0\xa2\x27\0\0\x64\x2b\0\0\x14\xa8\0\0\x48\x04\0\0\xa2\
\x27\0\0\0\0\0\0\0\0\0\0\x50\x04\0\0\xa2\x27\0\0\x64\x2b\0\0\x14\xa8\0\0\x60\
\x04\0\0\xa2\x27\0\0\x64\x2b\0\0\x14\xa8\0\0\x68\x04\0\0\xa2\x27\0\0\x64\x2b\0\
\0\x12\xa8\0\0\x78\x04\0\0\xa2\x27\0\0\0\0\0\0\0\0\0\0\x80\x04\0\0\xa2\x27\0\0\
\xa3\x2b\0\0\x14\xac\0\0\xb8\x04\0\0\xa2\x27\0\0\0\0\0\0\0\0\0\0\xc0\x04\0\0\
\xa2\x27\0\0\xa3\x2b\0\0\x14\xac\0\0\xd0\x04\0\0\xa2\x27\0\0\xa3\x2b\0\0\x14\
\xac\0\0\xd8\x04\0\0\xa2\x27\0\0\xa3\x2b\0\0\x12\xac\0\0\xf8\x04\0\0\xa2\x27\0\
\0\0\0\0\0\0\0\0\0\0\x05\0\0\xa2\x27\0\0\xe7\x2b\0\0\x2a\xb8\0\0\x38\x05\0\0\
\xa2\x27\0\0\0\0\0\0\0\0\0\0\x40\x05\0\0\xa2\x27\0\0\xe7\x2b\0\0\x2a\xb8\0\0\
\x50\x05\0\0\xa2\x27\0\0\xe7\x2b\0\0\x2a\xb8\0\0\x60\x05\0\0\xa2\x27\0\0\0\0\0\
\0\0\0\0\0\x68\x05\0\0\xa2\x27\0\0\xd2\x31\0\0\x28\xbc\0\0\xa0\x05\0\0\xa2\x27\
\0\0\0\0\0\0\0\0\0\0\xa8\x05\0\0\xa2\x27\0\0\xd2\x31\0\0\x28\xbc\0\0\xb8\x05\0\
\0\xa2\x27\0\0\xd2\x31\0\0\x28\xbc\0\0\xc0\x05\0\0\xa2\x27\0\0\x1f\x32\0\0\x10\
\xc0\0\0\xd0\x05\0\0\xa2\x27\0\0\x1f\x32\0\0\x07\xc0\0\0\xe0\x05\0\0\xa2\x27\0\
\0\0\0\0\0\0\0\0\0\xe8\x05\0\0\xa2\x27\0\0\x5f\x32\0\0\x22\xd4\0\0\xf8\x05\0\0\
\xa2\x27\0\0\x5f\x32\0\0\x03\xd4\0\0\x08\x06\0\0\xa2\x27\0\0\xa9\x32\0\0\x12\
\xdc\0\0\x10\x06\0\0\xa2\x27\0\0\xa9\x32\0\0\x07\xdc\0\0\x20\x06\0\0\xa2\x27\0\
\0\xef\x32\0\0\x3c\xe0\0\0\x48\x06\0\0\xb7\x26\0\0\0\0\0\0\0\0\0\0\x50\x06\0\0\
\xb7\x26\0\0\x38\x33\0\0\x15\x64\0\0\xc0\x06\0\0\xb7\x26\0\0\0\0\0\0\0\0\0\0\
\xc8\x06\0\0\xb7\x26\0\0\x38\x33\0\0\x15\x64\0\0\xd8\x06\0\0\xb7\x26\0\0\x38\
\x33\0\0\x15\x64\0\0\xe0\x06\0\0\xb7\x26\0\0\x38\x33\0\0\x13\x64\0\0\xf0\x06\0\
\0\xb7\x26\0\0\0\0\0\0\0\0\0\0\xf8\x06\0\0\xb7\x26\0\0\x95\x34\0\0\x15\x68\0\0\
\x68\x07\0\0\xb7\x26\0\0\0\0\0\0\0\0\0\0\x70\x07\0\0\xb7\x26\0\0\x95\x34\0\0\
\x15\x68\0\0\x80\x07\0\0\xb7\x26\0\0\x95\x34\0\0\x15\x68\0\0\x88\x07\0\0\xb7\
\x26\0\0\x95\x34\0\0\x13\x68\0\0\x98\x07\0\0\xb7\x26\0\0\0\0\0\0\0\0\0\0\xa0\
\x07\0\0\xb7\x26\0\0\x1a\x35\0\0\x18\x6c\0\0\x10\x08\0\0\xb7\x26\0\0\0\0\0\0\0\
\0\0\0\x18\x08\0\0\xb7\x26\0\0\x1a\x35\0\0\x18\x6c\0\0\x28\x08\0\0\xb7\x26\0\0\
\x1a\x35\0\0\x18\x6c\0\0\x30\x08\0\0\xb7\x26\0\0\x1a\x35\0\0\x16\x6c\0\0\x40\
\x08\0\0\xb7\x26\0\0\0\0\0\0\0\0\0\0\x48\x08\0\0\xb7\x26\0\0\x7f\x35\0\0\x15\
\x70\0\0\xb8\x08\0\0\xb7\x26\0\0\0\0\0\0\0\0\0\0\xc0\x08\0\0\xb7\x26\0\0\x7f\
\x35\0\0\x15\x70\0\0\xd0\x08\0\0\xb7\x26\0\0\x7f\x35\0\0\x15\x70\0\0\xd8\x08\0\
\0\xb7\x26\0\0\x7f\x35\0\0\x13\x70\0\0\xe8\x08\0\0\xb7\x26\0\0\0\0\0\0\0\0\0\0\
\xf0\x08\0\0\xb7\x26\0\0\x34\x38\0\0\x15\x74\0\0\x60\x09\0\0\xb7\x26\0\0\0\0\0\
\0\0\0\0\0\x68\x09\0\0\xb7\x26\0\0\x34\x38\0\0\x15\x74\0\0\x78\x09\0\0\xb7\x26\
\0\0\x34\x38\0\0\x15\x74\0\0\x80\x09\0\0\xb7\x26\0\0\x34\x38\0\0\x13\x74\0\0\
\x90\x09\0\0\xb7\x26\0\0\0\0\0\0\0\0\0\0\x98\x09\0\0\xb7\x26\0\0\x36\x7c\0\0\
\x16\x78\0\0\x48\x0a\0\0\xb7\x26\0\0\0\0\0\0\0\0\0\0\x50\x0a\0\0\xb7\x26\0\0\
\x36\x7c\0\0\x16\x78\0\0\x60\x0a\0\0\xb7\x26\0\0\x36\x7c\0\0\x16\x78\0\0\x68\
\x0a\0\0\xb7\x26\0\0\x36\x7c\0\0\x14\x78\0\0\x78\x0a\0\0\xb7\x26\0\0\0\0\0\0\0\
\0\0\0\x80\x0a\0\0\xb7\x26\0\0\x97\x7d\0\0\x15\x7c\0\0\xe8\x0a\0\0\xb7\x26\0\0\
\0\0\0\0\0\0\0\0\xf0\x0a\0\0\xb7\x26\0\0\x97\x7d\0\0\x15\x7c\0\0\0\x0b\0\0\xb7\
\x26\0\0\x97\x7d\0\0\x15\x7c\0\0\x08\x0b\0\0\xb7\x26\0\0\x97\x7d\0\0\x13\x7c\0\
\0\x30\x0b\0\0\xb7\x26\0\0\0\0\0\0\0\0\0\0\x38\x0b\0\0\xb7\x26\0\0\xc8\x7e\0\0\
\x17\xe0\0\0\xb0\x0b\0\0\xb7\x26\0\0\0\0\0\0\0\0\0\0\xb8\x0b\0\0\xb7\x26\0\0\
\xc8\x7e\0\0\x17\xe0\0\0\xc8\x0b\0\0\xb7\x26\0\0\xc8\x7e\0\0\x17\xe0\0\0\xd0\
\x0b\0\0\xb7\x26\0\0\xc8\x7e\0\0\x15\xe0\0\0\xe0\x0b\0\0\xb7\x26\0\0\0\0\0\0\0\
\0\0\0\xe8\x0b\0\0\xb7\x26\0\0\xd2\x86\0\0\x15\xe4\0\0\x50\x0c\0\0\xb7\x26\0\0\
\0\0\0\0\0\0\0\0\x58\x0c\0\0\xb7\x26\0\0\xd2\x86\0\0\x15\xe4\0\0\x68\x0c\0\0\
\xb7\x26\0\0\xd2\x86\0\0\x15\xe4\0\0\x70\x0c\0\0\xb7\x26\0\0\xd2\x86\0\0\x13\
\xe4\0\0\x80\x0c\0\0\xb7\x26\0\0\0\0\0\0\0\0\0\0\x88\x0c\0\0\xb7\x26\0\0\x1b\
\x87\0\0\x15\xe8\0\0\xf0\x0c\0\0\xb7\x26\0\0\0\0\0\0\0\0\0\0\xf8\x0c\0\0\xb7\
\x26\0\0\x1b\x87\0\0\x15\xe8\0\0\x08\x0d\0\0\xb7\x26\0\0\x1b\x87\0\0\x15\xe8\0\
\0\x10\x0d\0\0\xb7\x26\0\0\x1b\x87\0\0\x13\xe8\0\0\x20\x0d\0\0\xb7\x26\0\0\0\0\
\0\0\0\0\0\0\x28\x0d\0\0\xb7\x26\0\0\x64\x87\0\0\x16\xec\0\0\x90\x0d\0\0\xb7\
\x26\0\0\0\0\0\0\0\0\0\0\x98\x0d\0\0\xb7\x26\0\0\x64\x87\0\0\x16\xec\0\0\xa8\
\x0d\0\0\xb7\x26\0\0\x64\x87\0\0\x16\xec\0\0\xb0\x0d\0\0\xb7\x26\0\0\x64\x87\0\
\0\x14\xec\0\0\xc0\x0d\0\0\xb7\x26\0\0\0\0\0\0\0\0\0\0\xc8\x0d\0\0\xb7\x26\0\0\
\xa9\x87\0\0\x1e\xf0\0\0\x30\x0e\0\0\xb7\x26\0\0\0\0\0\0\0\0\0\0\x38\x0e\0\0\
\xb7\x26\0\0\xa9\x87\0\0\x1e\xf0\0\0\x48\x0e\0\0\xb7\x26\0\0\xa9\x87\0\0\x1e\
\xf0\0\0\x50\x0e\0\0\xb7\x26\0\0\xa9\x87\0\0\x1c\xf0\0\0\x60\x0e\0\0\xb7\x26\0\
\0\0\0\0\0\0\0\0\0\x68\x0e\0\0\xb7\x26\0\0\x01\x88\0\0\x07\xf8\0\0\xd0\x0e\0\0\
\xb7\x26\0\0\0\0\0\0\0\0\0\0\xd8\x0e\0\0\xb7\x26\0\0\x01\x88\0\0\x07\xf8\0\0\
\xe8\x0e\0\0\xb7\x26\0\0\x01\x88\0\0\x07\xf8\0\0\xf0\x0e\0\0\xb7\x26\0\0\x43\
\x88\0\0\x1d\xf4\0\0\0\x0f\0\0\xb7\x26\0\0\0\0\0\0\0\0\0\0\x08\x0f\0\0\xb7\x26\
\0\0\x61\x88\0\0\x1e\x24\x01\0\x70\x0f\0\0\xb7\x26\0\0\0\0\0\0\0\0\0\0\x78\x0f\
\0\0\xb7\x26\0\0\x61\x88\0\0\x1e\x24\x01\0\x88\x0f\0\0\xb7\x26\0\0\x61\x88\0\0\
\x1e\x24\x01\0\x90\x0f\0\0\xb7\x26\0\0\x61\x88\0\0\x1c\x24\x01\0\xa0\x0f\0\0\
\xb7\x26\0\0\0\0\0\0\0\0\0\0\xa8\x0f\0\0\xb7\x26\0\0\xb9\x88\0\0\x07\x2c\x01\0\
\x10\x10\0\0\xb7\x26\0\0\0\0\0\0\0\0\0\0\x18\x10\0\0\xb7\x26\0\0\xb9\x88\0\0\
\x07\x2c\x01\0\x28\x10\0\0\xb7\x26\0\0\xb9\x88\0\0\x07\x2c\x01\0\x30\x10\0\0\
\xb7\x26\0\0\xfb\x88\0\0\x1d\x28\x01\0\x40\x10\0\0\xb7\x26\0\0\0\0\0\0\0\0\0\0\
\x48\x10\0\0\xb7\x26\0\0\x19\x89\0\0\x0f\x38\x01\0\xe0\x10\0\0\xb7\x26\0\0\0\0\
\0\0\0\0\0\0\xe8\x10\0\0\xb7\x26\0\0\x19\x89\0\0\x0f\x38\x01\0\x08\x11\0\0\xb7\
\x26\0\0\x19\x89\0\0\x0f\x38\x01\0\x10\x11\0\0\xb7\x26\0\0\x7e\x8f\0\0\x38\x48\
\x01\0\x28\x11\0\0\xb7\x26\0\0\x7e\x8f\0\0\x0e\x48\x01\0\x38\x11\0\0\xb7\x26\0\
\0\x7e\x8f\0\0\x1f\x48\x01\0\x48\x11\0\0\xb7\x26\0\0\x7e\x8f\0\0\x16\x48\x01\0\
\x50\x11\0\0\xb7\x26\0\0\x7e\x8f\0\0\x25\x48\x01\0\x58\x11\0\0\xb7\x26\0\0\xbd\
\x8f\0\0\x1f\x44\x01\0\x80\x11\0\0\xb7\x26\0\0\0\0\0\0\0\0\0\0\x88\x11\0\0\xb7\
\x26\0\0\xe2\x8f\0\0\x1e\x58\x01\0\x98\x11\0\0\xb7\x26\0\0\xe2\x8f\0\0\x1e\x58\
\x01\0\xa8\x11\0\0\xb7\x26\0\0\x1c\x90\0\0\x17\x08\x02\0\xb0\x11\0\0\xb7\x26\0\
\0\x4e\x90\0\0\x03\x5c\x01\0\xc8\x11\0\0\xb7\x26\0\0\0\0\0\0\0\0\0\0\xd0\x11\0\
\0\xb7\x26\0\0\x97\x90\0\0\x18\x6c\x01\0\x48\x12\0\0\xb7\x26\0\0\0\0\0\0\0\0\0\
\0\x50\x12\0\0\xb7\x26\0\0\x97\x90\0\0\x18\x6c\x01\0\x60\x12\0\0\xb7\x26\0\0\
\x97\x90\0\0\x18\x6c\x01\0\x68\x12\0\0\xb7\x26\0\0\x97\x90\0\0\x16\x6c\x01\0\
\x80\x12\0\0\xb7\x26\0\0\x76\x29\0\0\x15\x9c\0\0\xa8\x12\0\0\xb7\x26\0\0\x76\
\x29\0\0\x03\x9c\0\0\xd0\x12\0\0\xb7\x26\0\0\0\0\0\0\0\0\0\0\xd8\x12\0\0\xb7\
\x26\0\0\x97\x29\0\0\x22\xa0\0\0\x08\x13\0\0\xb7\x26\0\0\0\0\0\0\0\0\0\0\x10\
\x13\0\0\xb7\x26\0\0\x97\x29\0\0\x22\xa0\0\0\x20\x13\0\0\xb7\x26\0\0\x97\x29\0\
\0\x22\xa0\0\0\x28\x13\0\0\xb7\x26\0\0\xda\x90\0\0\x13\xa4\0\0\x50\x13\0\0\xb7\
\x26\0\0\0\0\0\0\0\0\0\0\x58\x13\0\0\xb7\x26\0\0\xda\x90\0\0\x17\xa4\0\0\x68\
\x13\0\0\xb7\x26\0\0\xda\x90\0\0\x17\xa4\0\0\x70\x13\0\0\xb7\x26\0\0\xda\x90\0\
\0\x39\xa4\0\0\xa0\x13\0\0\xb7\x26\0\0\0\0\0\0\0\0\0\0\xa8\x13\0\0\xb7\x26\0\0\
\x15\x91\0\0\x0a\xa8\0\0\x10\x14\0\0\xb7\x26\0\0\0\0\0\0\0\0\0\0\x18\x14\0\0\
\xb7\x26\0\0\x15\x91\0\0\x0a\xa8\0\0\x38\x14\0\0\xb7\x26\0\0\x15\x91\0\0\x0a\
\xa8\0\0\x48\x14\0\0\xb7\x26\0\0\0\0\0\0\0\0\0\0\x50\x14\0\0\xb7\x26\0\0\x4e\
\x91\0\0\x0a\xac\0\0\xc0\x14\0\0\xb7\x26\0\0\0\0\0\0\0\0\0\0\xc8\x14\0\0\xb7\
\x26\0\0\x4e\x91\0\0\x0a\xac\0\0\xd8\x14\0\0\xb7\x26\0\0\x4e\x91\0\0\x0a\xac\0\
\0\xe0\x14\0\0\xb7\x26\0\0\xda\x90\0\0\x09\xa4\0\0\0\x15\0\0\xb7\x26\0\0\0\0\0\
\0\0\0\0\0\x08\x15\0\0\xb7\x26\0\0\x8b\x91\0\0\x1f\x7c\x01\0\x20\x15\0\0\xb7\
\x26\0\0\x8b\x91\0\0\x1f\x7c\x01\0\x30\x15\0\0\xb7\x26\0\0\x8b\x91\0\0\x1d\x7c\
\x01\0\x38\x15\0\0\xb7\x26\0\0\xc1\x91\0\0\x03\x14\x02\0\x48\x15\0\0\xb7\x26\0\
\0\x7a\x27\0\0\x05\xb8\x01\0\xfb\x91\0\0\x71\0\0\0\0\0\0\0\xb7\x26\0\0\x1d\x92\
\0\0\0\x38\x02\0\x08\0\0\0\xb7\x26\0\0\x1d\x92\0\0\x05\x38\x02\0\x28\0\0\0\xb7\
\x26\0\0\0\0\0\0\0\0\0\0\x30\0\0\0\xa2\x27\0\0\x18\x28\0\0\x0b\x38\0\0\x40\0\0\
\0\xa2\x27\0\0\x18\x28\0\0\x0b\x38\0\0\x48\0\0\0\xa2\x27\0\0\x18\x28\0\0\x23\
\x38\0\0\x50\0\0\0\xb7\x26\0\0\x49\x28\0\0\x07\x3c\x02\0\x78\0\0\0\xb7\x26\0\0\
\0\0\0\0\0\0\0\0\x80\0\0\0\xb7\x26\0\0\x69\x92\0\0\x08\x48\x02\0\xa8\0\0\0\xb7\
\x26\0\0\x69\x92\0\0\x08\x48\x02\0\xb8\0\0\0\xb7\x26\0\0\0\0\0\0\0\0\0\0\xc0\0\
\0\0\xb7\x26\0\0\x69\x92\0\0\x27\x48\x02\0\xd0\0\0\0\xb7\x26\0\0\x69\x92\0\0\
\x27\x48\x02\0\xd8\0\0\0\xb7\x26\0\0\x69\x92\0\0\x45\x48\x02\0\xf8\0\0\0\xa2\
\x27\0\0\x76\x29\0\0\x15\x58\0\0\x20\x01\0\0\xa2\x27\0\0\x76\x29\0\0\x03\x58\0\
\0\x48\x01\0\0\xa2\x27\0\0\0\0\0\0\0\0\0\0\x50\x01\0\0\xa2\x27\0\0\x97\x29\0\0\
\x22\x5c\0\0\x80\x01\0\0\xa2\x27\0\0\0\0\0\0\0\0\0\0\x88\x01\0\0\xa2\x27\0\0\
\x97\x29\0\0\x22\x5c\0\0\x98\x01\0\0\xa2\x27\0\0\x97\x29\0\0\x22\x5c\0\0\xa0\
\x01\0\0\xa2\x27\0\0\xe7\x29\0\0\x13\x60\0\0\xc8\x01\0\0\xa2\x27\0\0\0\0\0\0\0\
\0\0\0\xd0\x01\0\0\xa2\x27\0\0\xe7\x29\0\0\x17\x60\0\0\xf0\x01\0\0\xa2\x27\0\0\
\xe7\x29\0\0\x17\x60\0\0\0\x02\0\0\xa2\x27\0\0\0\0\0\0\0\0\0\0\x08\x02\0\0\xa2\
\x27\0\0\x27\x2a\0\0\x17\x64\0\0\x18\x02\0\0\xa2\x27\0\0\x27\x2a\0\0\x17\x64\0\
\0\x20\x02\0\0\xa2\x27\0\0\xe7\x29\0\0\x09\x60\0\0\x30\x02\0\0\xb7\x26\0\0\x69\
\x92\0\0\x07\x48\x02\0\x40\x02\0\0\xb7\x26\0\0\x66\x28\0\0\x1c\x68\x02\0\x68\
\x02\0\0\xb7\x26\0\0\xaf\x28\0\0\x07\x6c\x02\0\x88\x02\0\0\xb7\x26\0\0\xb0\x92\
\0\0\x22\x7c\x02\0\x98\x02\0\0\xb7\x26\0\0\xfd\x28\0\0\x0f\x78\x02\0\xc0\x02\0\
\0\xb7\x26\0\0\xb0\x92\0\0\x22\x7c\x02\0\xc8\x02\0\0\xa2\x27\0\0\x21\x29\0\0\
\x23\x90\0\0\xf8\x02\0\0\xb7\x26\0\0\xb0\x92\0\0\x22\x7c\x02\0\0\x03\0\0\xa2\
\x27\0\0\x21\x29\0\0\x23\x90\0\0\x18\x03\0\0\xa2\x27\0\0\x21\x29\0\0\x23\x90\0\
\0\x28\x03\0\0\xa2\x27\0\0\x76\x29\0\0\x15\x58\0\0\x50\x03\0\0\xa2\x27\0\0\x76\
\x29\0\0\x03\x58\0\0\x78\x03\0\0\xa2\x27\0\0\0\0\0\0\0\0\0\0\x80\x03\0\0\xa2\
\x27\0\0\x97\x29\0\0\x22\x5c\0\0\xb0\x03\0\0\xa2\x27\0\0\0\0\0\0\0\0\0\0\xb8\
\x03\0\0\xa2\x27\0\0\x97\x29\0\0\x22\x5c\0\0\xc8\x03\0\0\xa2\x27\0\0\x97\x29\0\
\0\x22\x5c\0\0\xd0\x03\0\0\xa2\x27\0\0\xe7\x29\0\0\x13\x60\0\0\xf8\x03\0\0\xa2\
\x27\0\0\0\0\0\0\0\0\0\0\0\x04\0\0\xa2\x27\0\0\xe7\x29\0\0\x17\x60\0\0\x20\x04\
\0\0\xa2\x27\0\0\xe7\x29\0\0\x17\x60\0\0\x30\x04\0\0\xa2\x27\0\0\0\0\0\0\0\0\0\
\0\x38\x04\0\0\xa2\x27\0\0\x27\x2a\0\0\x17\x64\0\0\x48\x04\0\0\xa2\x27\0\0\x27\
\x2a\0\0\x17\x64\0\0\x50\x04\0\0\xa2\x27\0\0\xe7\x29\0\0\x09\x60\0\0\x78\x04\0\
\0\xa2\x27\0\0\0\0\0\0\0\0\0\0\x80\x04\0\0\xa2\x27\0\0\x6a\x2a\0\0\x15\x94\0\0\
\x90\x04\0\0\xa2\x27\0\0\x6a\x2a\0\0\x15\x94\0\0\xa0\x04\0\0\xa2\x27\0\0\x6a\
\x2a\0\0\x13\x94\0\0\xc0\x04\0\0\xa2\x27\0\0\0\0\0\0\0\0\0\0\xc8\x04\0\0\xa2\
\x27\0\0\xa1\x2a\0\0\x22\x98\0\0\xe0\x04\0\0\xa2\x27\0\0\xa1\x2a\0\0\x22\x98\0\
\0\xe8\x04\0\0\xa2\x27\0\0\xa1\x2a\0\0\x20\x98\0\0\x18\x05\0\0\xa2\x27\0\0\0\0\
\0\0\0\0\0\0\x20\x05\0\0\xa2\x27\0\0\xe9\x2a\0\0\x1b\x9c\0\0\x48\x05\0\0\xa2\
\x27\0\0\0\0\0\0\0\0\0\0\x50\x05\0\0\xa2\x27\0\0\xe9\x2a\0\0\x1b\x9c\0\0\x60\
\x05\0\0\xa2\x27\0\0\xe9\x2a\0\0\x1b\x9c\0\0\x68\x05\0\0\xa2\x27\0\0\xe9\x2a\0\
\0\x19\x9c\0\0\x88\x05\0\0\xa2\x27\0\0\0\0\0\0\0\0\0\0\x90\x05\0\0\xa2\x27\0\0\
\x33\x2b\0\0\x14\xa0\0\0\xa0\x05\0\0\xa2\x27\0\0\x33\x2b\0\0\x14\xa0\0\0\xa8\
\x05\0\0\xa2\x27\0\0\x33\x2b\0\0\x12\xa0\0\0\xd0\x05\0\0\xa2\x27\0\0\0\0\0\0\0\
\0\0\0\xd8\x05\0\0\xa2\x27\0\0\x64\x2b\0\0\x14\xa8\0\0\x10\x06\0\0\xa2\x27\0\0\
\0\0\0\0\0\0\0\0\x18\x06\0\0\xa2\x27\0\0\x64\x2b\0\0\x14\xa8\0\0\x28\x06\0\0\
\xa2\x27\0\0\x64\x2b\0\0\x14\xa8\0\0\x30\x06\0\0\xa2\x27\0\0\x64\x2b\0\0\x12\
\xa8\0\0\x40\x06\0\0\xa2\x27\0\0\0\0\0\0\0\0\0\0\x48\x06\0\0\xa2\x27\0\0\xa3\
\x2b\0\0\x14\xac\0\0\x80\x06\0\0\xa2\x27\0\0\0\0\0\0\0\0\0\0\x88\x06\0\0\xa2\
\x27\0\0\xa3\x2b\0\0\x14\xac\0\0\x98\x06\0\0\xa2\x27\0\0\xa3\x2b\0\0\x14\xac\0\
\0\xa0\x06\0\0\xa2\x27\0\0\xa3\x2b\0\0\x12\xac\0\0\xc8\x06\0\0\xa2\x27\0\0\0\0\
\0\0\0\0\0\0\xd0\x06\0\0\xa2\x27\0\0\xe7\x2b\0\0\x2a\xb8\0\0\x08\x07\0\0\xa2\
\x27\0\0\0\0\0\0\0\0\0\0\x10\x07\0\0\xa2\x27\0\0\xe7\x2b\0\0\x2a\xb8\0\0\x20\
\x07\0\0\xa2\x27\0\0\xe7\x2b\0\0\x2a\xb8\0\0\x30\x07\0\0\xa2\x27\0\0\0\0\0\0\0\
\0\0\0\x38\x07\0\0\xa2\x27\0\0\xd2\x31\0\0\x28\xbc\0\0\x70\x07\0\0\xa2\x27\0\0\
\0\0\0\0\0\0\0\0\x78\x07\0\0\xa2\x27\0\0\xd2\x31\0\0\x28\xbc\0\0\x88\x07\0\0\
\xa2\x27\0\0\xd2\x31\0\0\x28\xbc\0\0\x90\x07\0\0\xa2\x27\0\0\x1f\x32\0\0\x10\
\xc0\0\0\xa0\x07\0\0\xa2\x27\0\0\x1f\x32\0\0\x07\xc0\0\0\xb0\x07\0\0\xa2\x27\0\
\0\0\0\0\0\0\0\0\0\xc0\x07\0\0\xa2\x27\0\0\x5f\x32\0\0\x22\xd4\0\0\xc8\x07\0\0\
\xa2\x27\0\0\x5f\x32\0\0\x03\xd4\0\0\xd8\x07\0\0\xa2\x27\0\0\xa9\x32\0\0\x12\
\xdc\0\0\xe8\x07\0\0\xa2\x27\0\0\xa9\x32\0\0\x07\xdc\0\0\xf8\x07\0\0\xa2\x27\0\
\0\xef\x32\0\0\x3c\xe0\0\0\x20\x08\0\0\xb7\x26\0\0\0\0\0\0\0\0\0\0\x28\x08\0\0\
\xb7\x26\0\0\xed\x92\0\0\x23\xac\x02\0\x40\x08\0\0\xb7\x26\0\0\xed\x92\0\0\x23\
\xac\x02\0\x48\x08\0\0\xb7\x26\0\0\x36\x93\0\0\x15\xb4\x02\0\x70\x08\0\0\xb7\
\x26\0\0\0\0\0\0\0\0\0\0\x78\x08\0\0\xb7\x26\0\0\x36\x93\0\0\x28\xb4\x02\0\x90\
\x08\0\0\xb7\x26\0\0\x36\x93\0\0\x28\xb4\x02\0\x98\x08\0\0\xb7\x26\0\0\x36\x93\
\0\0\x25\xb4\x02\0\xa8\x08\0\0\xb7\x26\0\0\x81\x93\0\0\x0e\xb0\x02\0\xb8\x08\0\
\0\xb7\x26\0\0\xc1\x91\0\0\x03\xbc\x02\0\xd0\x08\0\0\xb7\x26\0\0\x1d\x92\0\0\
\x05\x38\x02\0\x10\0\0\0\x5e\0\0\0\x37\0\0\0\0\0\0\0\x0d\0\0\0\xb3\x26\0\0\0\0\
\0\0\xc8\0\0\0\x0d\0\0\0\x1c\x29\0\0\0\0\0\0\x08\x01\0\0\x0d\0\0\0\x71\x29\0\0\
\0\0\0\0\x90\x01\0\0\x0d\0\0\0\x1c\x29\0\0\0\0\0\0\xc8\x01\0\0\x0d\0\0\0\x71\
\x29\0\0\0\0\0\0\x10\x02\0\0\x0d\0\0\0\x21\x2a\0\0\0\0\0\0\x88\x02\0\0\x0d\0\0\
\0\x65\x2a\0\0\0\0\0\0\xd8\x02\0\0\x0d\0\0\0\x9b\x2a\0\0\0\0\0\0\x28\x03\0\0\
\x0d\0\0\0\x71\x29\0\0\0\0\0\0\xe8\x03\0\0\x0d\0\0\0\x5e\x2b\0\0\0\0\0\0\x28\
\x04\0\0\xa1\0\0\0\x9d\x2b\0\0\0\0\0\0\x98\x04\0\0\xa1\0\0\0\xdc\x2b\0\0\0\0\0\
\0\xe0\x04\0\0\x0d\0\0\0\xe2\x2b\0\0\0\0\0\0\x18\x05\0\0\x56\x01\0\0\xcb\x31\0\
\0\0\0\0\0\x80\x05\0\0\x56\x01\0\0\x18\x32\0\0\0\0\0\0\x28\x06\0\0\x0d\0\0\0\
\x32\x33\0\0\0\0\0\0\x70\x06\0\0\x90\x01\0\0\xb3\x26\0\0\0\0\0\0\xa0\x06\0\0\
\x97\x01\0\0\x8e\x34\0\0\0\0\0\0\x18\x07\0\0\x90\x01\0\0\xd5\x34\0\0\0\0\0\0\
\x48\x07\0\0\x9f\x01\0\0\x14\x35\0\0\0\0\0\0\xc0\x07\0\0\x90\x01\0\0\x60\x35\0\
\0\0\0\0\0\xf0\x07\0\0\xa1\x01\0\0\x14\x35\0\0\0\0\0\0\x68\x08\0\0\x90\x01\0\0\
\xbf\x35\0\0\0\0\0\0\x98\x08\0\0\xa2\x01\0\0\x2d\x38\0\0\0\0\0\0\x10\x09\0\0\
\x90\x01\0\0\x74\x38\0\0\0\0\0\0\x40\x09\0\0\xb9\x01\0\0\x2f\x7c\0\0\0\0\0\0\
\xc8\x09\0\0\x90\x01\0\0\x80\x7c\0\0\0\0\0\0\xf8\x09\0\0\x84\x03\0\0\x80\x7c\0\
\0\0\0\0\0\x28\x0a\0\0\x87\x03\0\0\x91\x7d\0\0\0\0\0\0\xc8\x0a\0\0\x84\x03\0\0\
\xd7\x7d\0\0\0\0\0\0\x10\x0b\0\0\x8f\x03\0\0\xc3\x7e\0\0\0\0\0\0\x58\x0b\0\0\
\x5a\x01\0\0\xbf\x35\0\0\0\0\0\0\x70\x0b\0\0\x5a\x01\0\0\xbf\x35\0\0\0\0\0\0\
\x90\x0b\0\0\x93\x03\0\0\xc3\x7e\0\0\0\0\0\0\x30\x0c\0\0\x93\x03\0\0\x15\x87\0\
\0\0\0\0\0\xd0\x0c\0\0\x93\x03\0\0\x5e\x87\0\0\0\0\0\0\x70\x0d\0\0\x93\x03\0\0\
\xa5\x87\0\0\0\0\0\0\x10\x0e\0\0\x93\x03\0\0\xfa\x87\0\0\0\0\0\0\xb0\x0e\0\0\
\x93\x03\0\0\x3c\x88\0\0\0\0\0\0\x50\x0f\0\0\x93\x03\0\0\xb2\x88\0\0\0\0\0\0\
\xf0\x0f\0\0\x93\x03\0\0\xf4\x88\0\0\0\0\0\0\x90\x10\0\0\x93\x03\0\0\x60\x35\0\
\0\0\0\0\0\xc0\x10\0\0\x21\x04\0\0\x80\x7c\0\0\0\0\0\0\x60\x11\0\0\x8f\x03\0\0\
\xdd\x8f\0\0\0\0\0\0\xf8\x11\0\0\x90\x01\0\0\xd5\x34\0\0\0\0\0\0\x30\x12\0\0\
\x9f\x01\0\0\x14\x35\0\0\0\0\0\0\xb8\x12\0\0\x0d\0\0\0\x1c\x29\0\0\0\0\0\0\xf0\
\x12\0\0\x0d\0\0\0\x71\x29\0\0\0\0\0\0\x38\x13\0\0\x0d\0\0\0\x65\x2a\0\0\0\0\0\
\0\x80\x13\0\0\x0d\0\0\0\x32\x33\0\0\0\0\0\0\xc8\x13\0\0\x90\x01\0\0\xd5\x34\0\
\0\0\0\0\0\xf8\x13\0\0\x9f\x01\0\0\x14\x35\0\0\0\0\0\0\x70\x14\0\0\x90\x01\0\0\
\xd5\x34\0\0\0\0\0\0\xa8\x14\0\0\x9f\x01\0\0\x14\x35\0\0\0\0\0\0\xe8\x14\0\0\
\x0d\0\0\0\x65\x2a\0\0\0\0\0\0\xfb\x91\0\0\x16\0\0\0\0\0\0\0\x0d\0\0\0\xb3\x26\
\0\0\0\0\0\0\x58\0\0\0\x0d\0\0\0\x64\x92\0\0\0\0\0\0\x90\0\0\0\x0d\0\0\0\x65\
\x2a\0\0\0\0\0\0\x30\x01\0\0\x0d\0\0\0\x1c\x29\0\0\0\0\0\0\x68\x01\0\0\x0d\0\0\
\0\x71\x29\0\0\0\0\0\0\xb0\x01\0\0\x0d\0\0\0\x21\x2a\0\0\0\0\0\0\xa0\x02\0\0\
\x0d\0\0\0\x1c\x29\0\0\0\0\0\0\xd8\x02\0\0\x0d\0\0\0\x71\x29\0\0\0\0\0\0\x60\
\x03\0\0\x0d\0\0\0\x1c\x29\0\0\0\0\0\0\x98\x03\0\0\x0d\0\0\0\x71\x29\0\0\0\0\0\
\0\xe0\x03\0\0\x0d\0\0\0\x21\x2a\0\0\0\0\0\0\x58\x04\0\0\x0d\0\0\0\x65\x2a\0\0\
\0\0\0\0\xa8\x04\0\0\x0d\0\0\0\x9b\x2a\0\0\0\0\0\0\xf0\x04\0\0\x0d\0\0\0\x71\
\x29\0\0\0\0\0\0\xb0\x05\0\0\x0d\0\0\0\x5e\x2b\0\0\0\0\0\0\xf0\x05\0\0\xa1\0\0\
\0\x9d\x2b\0\0\0\0\0\0\x60\x06\0\0\xa1\0\0\0\xdc\x2b\0\0\0\0\0\0\xa8\x06\0\0\
\x0d\0\0\0\xe2\x2b\0\0\0\0\0\0\xe8\x06\0\0\x56\x01\0\0\xcb\x31\0\0\0\0\0\0\x50\
\x07\0\0\x56\x01\0\0\x18\x32\0\0\0\0\0\0\0\x08\0\0\x0d\0\0\0\xe6\x92\0\0\0\0\0\
\0\x50\x08\0\0\x2f\0\0\0\xa5\x87\0\0\0\0\0\0\0\0\0\0\0\0\0\0\0\0\0\0\0\0\0\0\0\
\0\0\0\0\0\0\0\0\0\0\0\x03\0\x03\0\0\0\0\0\0\0\0\0\0\0\0\0\0\0\0\0\0\x01\0\0\0\
\0\x03\0\x48\x15\0\0\0\0\0\0\0\0\0\0\0\0\0\0\x17\x01\0\0\0\0\x03\0\x88\x01\0\0\
\0\0\0\0\0\0\0\0\0\0\0\0\x2d\x01\0\0\0\0\x03\0\x58\x01\0\0\0\0\0\0\0\0\0\0\0\0\
\0\0\xf1\0\0\0\0\0\x03\0\x88\x02\0\0\0\0\0\0\0\0\0\0\0\0\0\0\xe3\0\0\0\0\0\x03\
\0\xe0\x05\0\0\0\0\0\0\0\0\0\0\0\0\0\0\x5c\x01\0\0\0\0\x03\0\x28\x06\0\0\0\0\0\
\0\0\0\0\0\0\0\0\0\x3c\x01\0\0\0\0\x03\0\xb0\x12\0\0\0\0\0\0\0\0\0\0\0\0\0\0\
\x44\x01\0\0\0\0\x03\0\x80\x12\0\0\0\0\0\0\0\0\0\0\0\0\0\0\x08\x01\0\0\0\0\x03\
\0\xe8\x14\0\0\0\0\0\0\0\0\0\0\0\0\0\0\0\0\0\0\x03\0\x05\0\0\0\0\0\0\0\0\0\0\0\
\0\0\0\0\0\0\x4c\x01\0\0\0\0\x05\0\xd0\x08\0\0\0\0\0\0\0\0\0\0\0\0\0\0\x10\x01\
\0\0\0\0\x05\0\x28\x01\0\0\0\0\0\0\0\0\0\0\0\0\0\0\x26\x01\0\0\0\0\x05\0\xf8\0\
\0\0\0\0\0\0\0\0\0\0\0\0\0\0\xea\0\0\0\0\0\x05\0\x28\x02\0\0\0\0\0\0\0\0\0\0\0\
\0\0\0\x54\x01\0\0\0\0\x05\0\x58\x03\0\0\0\0\0\0\0\0\0\0\0\0\0\0\xd4\0\0\0\0\0\
\x05\0\x28\x03\0\0\0\0\0\0\0\0\0\0\0\0\0\0\x34\x01\0\0\0\0\x05\0\x58\x04\0\0\0\
\0\0\0\0\0\0\0\0\0\0\0\x1e\x01\0\0\0\0\x05\0\xb0\x07\0\0\0\0\0\0\0\0\0\0\0\0\0\
\0\xf8\0\0\0\0\0\x05\0\0\x08\0\0\0\0\0\0\0\0\0\0\0\0\0\0\xdb\0\0\0\0\0\x05\0\
\xa8\x08\0\0\0\0\0\0\0\0\0\0\0\0\0\0\x70\0\0\0\x12\0\x03\0\0\0\0\0\0\0\0\0\x58\
\x15\0\0\0\0\0\0\xb0\0\0\0\x11\0\x08\0\0\0\0\0\0\0\0\0\x10\0\0\0\0\0\0\0\x14\0\
\0\0\x12\0\x05\0\0\0\0\0\0\0\0\0\xe0\x08\0\0\0\0\0\0\xcc\0\0\0\x11\0\x07\0\0\0\
\0\0\0\0\0\0\x0d\0\0\0\0\0\0\0\x68\0\0\0\0\0\0\0\x01\0\0\0\x17\0\0\0\x40\x02\0\
\0\0\0\0\0\x01\0\0\0\x17\0\0\0\xec\xc8\0\0\0\0\0\0\x04\0\0\0\x17\0\0\0\x04\xc9\
\0\0\0\0\0\0\x03\0\0\0\x19\0\0\0\x2c\0\0\0\0\0\0\0\x04\0\0\0\x01\0\0\0\x3c\0\0\
\0\0\0\0\0\x04\0\0\0\x0b\0\0\0\x50\0\0\0\0\0\0\0\x04\0\0\0\x01\0\0\0\x60\0\0\0\
\0\0\0\0\x04\0\0\0\x01\0\0\0\x70\0\0\0\0\0\0\0\x04\0\0\0\x01\0\0\0\x80\0\0\0\0\
\0\0\0\x04\0\0\0\x01\0\0\0\x90\0\0\0\0\0\0\0\x04\0\0\0\x01\0\0\0\xa0\0\0\0\0\0\
\0\0\x04\0\0\0\x01\0\0\0\xb0\0\0\0\0\0\0\0\x04\0\0\0\x01\0\0\0\xc0\0\0\0\0\0\0\
\0\x04\0\0\0\x01\0\0\0\xd0\0\0\0\0\0\0\0\x04\0\0\0\x01\0\0\0\xe0\0\0\0\0\0\0\0\
\x04\0\0\0\x01\0\0\0\xf0\0\0\0\0\0\0\0\x04\0\0\0\x01\0\0\0\0\x01\0\0\0\0\0\0\
\x04\0\0\0\x01\0\0\0\x10\x01\0\0\0\0\0\0\x04\0\0\0\x01\0\0\0\x20\x01\0\0\0\0\0\
\0\x04\0\0\0\x01\0\0\0\x30\x01\0\0\0\0\0\0\x04\0\0\0\x01\0\0\0\x40\x01\0\0\0\0\
\0\0\x04\0\0\0\x01\0\0\0\x50\x01\0\0\0\0\0\0\x04\0\0\0\x01\0\0\0\x60\x01\0\0\0\
\0\0\0\x04\0\0\0\x01\0\0\0\x70\x01\0\0\0\0\0\0\x04\0\0\0\x01\0\0\0\x80\x01\0\0\
\0\0\0\0\x04\0\0\0\x01\0\0\0\x90\x01\0\0\0\0\0\0\x04\0\0\0\x01\0\0\0\xa0\x01\0\
\0\0\0\0\0\x04\0\0\0\x01\0\0\0\xb0\x01\0\0\0\0\0\0\x04\0\0\0\x01\0\0\0\xc0\x01\
\0\0\0\0\0\0\x04\0\0\0\x01\0\0\0\xd0\x01\0\0\0\0\0\0\x04\0\0\0\x01\0\0\0\xe0\
\x01\0\0\0\0\0\0\x04\0\0\0\x01\0\0\0\xf0\x01\0\0\0\0\0\0\x04\0\0\0\x01\0\0\0\0\
\x02\0\0\0\0\0\0\x04\0\0\0\x01\0\0\0\x10\x02\0\0\0\0\0\0\x04\0\0\0\x01\0\0\0\
\x20\x02\0\0\0\0\0\0\x04\0\0\0\x01\0\0\0\x30\x02\0\0\0\0\0\0\x04\0\0\0\x01\0\0\
\0\x40\x02\0\0\0\0\0\0\x04\0\0\0\x01\0\0\0\x50\x02\0\0\0\0\0\0\x04\0\0\0\x01\0\
\0\0\x60\x02\0\0\0\0\0\0\x04\0\0\0\x01\0\0\0\x70\x02\0\0\0\0\0\0\x04\0\0\0\x01\
\0\0\0\x80\x02\0\0\0\0\0\0\x04\0\0\0\x01\0\0\0\x90\x02\0\0\0\0\0\0\x04\0\0\0\
\x01\0\0\0\xa0\x02\0\0\0\0\0\0\x04\0\0\0\x01\0\0\0\xb0\x02\0\0\0\0\0\0\x04\0\0\
\0\x01\0\0\0\xc0\x02\0\0\0\0\0\0\x04\0\0\0\x01\0\0\0\xd0\x02\0\0\0\0\0\0\x04\0\
\0\0\x01\0\0\0\xe0\x02\0\0\0\0\0\0\x04\0\0\0\x01\0\0\0\xf0\x02\0\0\0\0\0\0\x04\
\0\0\0\x01\0\0\0\0\x03\0\0\0\0\0\0\x04\0\0\0\x01\0\0\0\x10\x03\0\0\0\0\0\0\x04\
\0\0\0\x01\0\0\0\x20\x03\0\0\0\0\0\0\x04\0\0\0\x01\0\0\0\x30\x03\0\0\0\0\0\0\
\x04\0\0\0\x01\0\0\0\x40\x03\0\0\0\0\0\0\x04\0\0\0\x01\0\0\0\x50\x03\0\0\0\0\0\
\0\x04\0\0\0\x01\0\0\0\x60\x03\0\0\0\0\0\0\x04\0\0\0\x01\0\0\0\x70\x03\0\0\0\0\
\0\0\x04\0\0\0\x01\0\0\0\x80\x03\0\0\0\0\0\0\x04\0\0\0\x01\0\0\0\x90\x03\0\0\0\
\0\0\0\x04\0\0\0\x01\0\0\0\xa0\x03\0\0\0\0\0\0\x04\0\0\0\x01\0\0\0\xb0\x03\0\0\
\0\0\0\0\x04\0\0\0\x01\0\0\0\xc0\x03\0\0\0\0\0\0\x04\0\0\0\x01\0\0\0\xd0\x03\0\
\0\0\0\0\0\x04\0\0\0\x01\0\0\0\xe0\x03\0\0\0\0\0\0\x04\0\0\0\x01\0\0\0\xf0\x03\
\0\0\0\0\0\0\x04\0\0\0\x01\0\0\0\0\x04\0\0\0\0\0\0\x04\0\0\0\x01\0\0\0\x10\x04\
\0\0\0\0\0\0\x04\0\0\0\x01\0\0\0\x20\x04\0\0\0\0\0\0\x04\0\0\0\x01\0\0\0\x30\
\x04\0\0\0\0\0\0\x04\0\0\0\x01\0\0\0\x40\x04\0\0\0\0\0\0\x04\0\0\0\x01\0\0\0\
\x50\x04\0\0\0\0\0\0\x04\0\0\0\x01\0\0\0\x60\x04\0\0\0\0\0\0\x04\0\0\0\x01\0\0\
\0\x70\x04\0\0\0\0\0\0\x04\0\0\0\x01\0\0\0\x80\x04\0\0\0\0\0\0\x04\0\0\0\x01\0\
\0\0\x90\x04\0\0\0\0\0\0\x04\0\0\0\x01\0\0\0\xa0\x04\0\0\0\0\0\0\x04\0\0\0\x01\
\0\0\0\xb0\x04\0\0\0\0\0\0\x04\0\0\0\x01\0\0\0\xc0\x04\0\0\0\0\0\0\x04\0\0\0\
\x01\0\0\0\xd0\x04\0\0\0\0\0\0\x04\0\0\0\x01\0\0\0\xe0\x04\0\0\0\0\0\0\x04\0\0\
\0\x01\0\0\0\xf0\x04\0\0\0\0\0\0\x04\0\0\0\x01\0\0\0\0\x05\0\0\0\0\0\0\x04\0\0\
\0\x01\0\0\0\x10\x05\0\0\0\0\0\0\x04\0\0\0\x01\0\0\0\x20\x05\0\0\0\0\0\0\x04\0\
\0\0\x01\0\0\0\x30\x05\0\0\0\0\0\0\x04\0\0\0\x01\0\0\0\x40\x05\0\0\0\0\0\0\x04\
\0\0\0\x01\0\0\0\x50\x05\0\0\0\0\0\0\x04\0\0\0\x01\0\0\0\x60\x05\0\0\0\0\0\0\
\x04\0\0\0\x01\0\0\0\x70\x05\0\0\0\0\0\0\x04\0\0\0\x01\0\0\0\x80\x05\0\0\0\0\0\
\0\x04\0\0\0\x01\0\0\0\x90\x05\0\0\0\0\0\0\x04\0\0\0\x01\0\0\0\xa0\x05\0\0\0\0\
\0\0\x04\0\0\0\x01\0\0\0\xb0\x05\0\0\0\0\0\0\x04\0\0\0\x01\0\0\0\xc0\x05\0\0\0\
\0\0\0\x04\0\0\0\x01\0\0\0\xd0\x05\0\0\0\0\0\0\x04\0\0\0\x01\0\0\0\xe0\x05\0\0\
\0\0\0\0\x04\0\0\0\x01\0\0\0\xf0\x05\0\0\0\0\0\0\x04\0\0\0\x01\0\0\0\0\x06\0\0\
\0\0\0\0\x04\0\0\0\x01\0\0\0\x10\x06\0\0\0\0\0\0\x04\0\0\0\x01\0\0\0\x20\x06\0\
\0\0\0\0\0\x04\0\0\0\x01\0\0\0\x30\x06\0\0\0\0\0\0\x04\0\0\0\x01\0\0\0\x40\x06\
\0\0\0\0\0\0\x04\0\0\0\x01\0\0\0\x50\x06\0\0\0\0\0\0\x04\0\0\0\x01\0\0\0\x60\
\x06\0\0\0\0\0\0\x04\0\0\0\x01\0\0\0\x70\x06\0\0\0\0\0\0\x04\0\0\0\x01\0\0\0\
\x80\x06\0\0\0\0\0\0\x04\0\0\0\x01\0\0\0\x90\x06\0\0\0\0\0\0\x04\0\0\0\x01\0\0\
\0\xa0\x06\0\0\0\0\0\0\x04\0\0\0\x01\0\0\0\xb0\x06\0\0\0\0\0\0\x04\0\0\0\x01\0\
\0\0\xc0\x06\0\0\0\0\0\0\x04\0\0\0\x01\0\0\0\xd0\x06\0\0\0\0\0\0\x04\0\0\0\x01\
\0\0\0\xe0\x06\0\0\0\0\0\0\x04\0\0\0\x01\0\0\0\xf0\x06\0\0\0\0\0\0\x04\0\0\0\
\x01\0\0\0\0\x07\0\0\0\0\0\0\x04\0\0\0\x01\0\0\0\x10\x07\0\0\0\0\0\0\x04\0\0\0\
\x01\0\0\0\x20\x07\0\0\0\0\0\0\x04\0\0\0\x01\0\0\0\x30\x07\0\0\0\0\0\0\x04\0\0\
\0\x01\0\0\0\x40\x07\0\0\0\0\0\0\x04\0\0\0\x01\0\0\0\x50\x07\0\0\0\0\0\0\x04\0\
\0\0\x01\0\0\0\x60\x07\0\0\0\0\0\0\x04\0\0\0\x01\0\0\0\x70\x07\0\0\0\0\0\0\x04\
\0\0\0\x01\0\0\0\x80\x07\0\0\0\0\0\0\x04\0\0\0\x01\0\0\0\x90\x07\0\0\0\0\0\0\
\x04\0\0\0\x01\0\0\0\xa0\x07\0\0\0\0\0\0\x04\0\0\0\x01\0\0\0\xb0\x07\0\0\0\0\0\
\0\x04\0\0\0\x01\0\0\0\xc0\x07\0\0\0\0\0\0\x04\0\0\0\x01\0\0\0\xd0\x07\0\0\0\0\
\0\0\x04\0\0\0\x01\0\0\0\xe0\x07\0\0\0\0\0\0\x04\0\0\0\x01\0\0\0\xf0\x07\0\0\0\
\0\0\0\x04\0\0\0\x01\0\0\0\0\x08\0\0\0\0\0\0\x04\0\0\0\x01\0\0\0\x10\x08\0\0\0\
\0\0\0\x04\0\0\0\x01\0\0\0\x20\x08\0\0\0\0\0\0\x04\0\0\0\x01\0\0\0\x30\x08\0\0\
\0\0\0\0\x04\0\0\0\x01\0\0\0\x40\x08\0\0\0\0\0\0\x04\0\0\0\x01\0\0\0\x50\x08\0\
\0\0\0\0\0\x04\0\0\0\x01\0\0\0\x60\x08\0\0\0\0\0\0\x04\0\0\0\x01\0\0\0\x70\x08\
\0\0\0\0\0\0\x04\0\0\0\x01\0\0\0\x80\x08\0\0\0\0\0\0\x04\0\0\0\x01\0\0\0\x90\
\x08\0\0\0\0\0\0\x04\0\0\0\x01\0\0\0\xa0\x08\0\0\0\0\0\0\x04\0\0\0\x01\0\0\0\
\xb0\x08\0\0\0\0\0\0\x04\0\0\0\x01\0\0\0\xc0\x08\0\0\0\0\0\0\x04\0\0\0\x01\0\0\
\0\xd0\x08\0\0\0\0\0\0\x04\0\0\0\x01\0\0\0\xe0\x08\0\0\0\0\0\0\x04\0\0\0\x01\0\
\0\0\xf0\x08\0\0\0\0\0\0\x04\0\0\0\x01\0\0\0\0\x09\0\0\0\0\0\0\x04\0\0\0\x01\0\
\0\0\x10\x09\0\0\0\0\0\0\x04\0\0\0\x01\0\0\0\x20\x09\0\0\0\0\0\0\x04\0\0\0\x01\
\0\0\0\x30\x09\0\0\0\0\0\0\x04\0\0\0\x01\0\0\0\x40\x09\0\0\0\0\0\0\x04\0\0\0\
\x01\0\0\0\x50\x09\0\0\0\0\0\0\x04\0\0\0\x01\0\0\0\x60\x09\0\0\0\0\0\0\x04\0\0\
\0\x01\0\0\0\x70\x09\0\0\0\0\0\0\x04\0\0\0\x01\0\0\0\x80\x09\0\0\0\0\0\0\x04\0\
\0\0\x01\0\0\0\x90\x09\0\0\0\0\0\0\x04\0\0\0\x01\0\0\0\xa0\x09\0\0\0\0\0\0\x04\
\0\0\0\x01\0\0\0\xb0\x09\0\0\0\0\0\0\x04\0\0\0\x01\0\0\0\xc0\x09\0\0\0\0\0\0\
\x04\0\0\0\x01\0\0\0\xd0\x09\0\0\0\0\0\0\x04\0\0\0\x01\0\0\0\xe0\x09\0\0\0\0\0\
\0\x04\0\0\0\x01\0\0\0\xf0\x09\0\0\0\0\0\0\x04\0\0\0\x01\0\0\0\0\x0a\0\0\0\0\0\
\0\x04\0\0\0\x01\0\0\0\x10\x0a\0\0\0\0\0\0\x04\0\0\0\x01\0\0\0\x20\x0a\0\0\0\0\
\0\0\x04\0\0\0\x01\0\0\0\x30\x0a\0\0\0\0\0\0\x04\0\0\0\x01\0\0\0\x40\x0a\0\0\0\
\0\0\0\x04\0\0\0\x01\0\0\0\x50\x0a\0\0\0\0\0\0\x04\0\0\0\x01\0\0\0\x60\x0a\0\0\
\0\0\0\0\x04\0\0\0\x01\0\0\0\x70\x0a\0\0\0\0\0\0\x04\0\0\0\x01\0\0\0\x80\x0a\0\
\0\0\0\0\0\x04\0\0\0\x01\0\0\0\x90\x0a\0\0\0\0\0\0\x04\0\0\0\x01\0\0\0\xa0\x0a\
\0\0\0\0\0\0\x04\0\0\0\x01\0\0\0\xb0\x0a\0\0\0\0\0\0\x04\0\0\0\x01\0\0\0\xc0\
\x0a\0\0\0\0\0\0\x04\0\0\0\x01\0\0\0\xd0\x0a\0\0\0\0\0\0\x04\0\0\0\x01\0\0\0\
\xe0\x0a\0\0\0\0\0\0\x04\0\0\0\x01\0\0\0\xf0\x0a\0\0\0\0\0\0\x04\0\0\0\x01\0\0\
\0\0\x0b\0\0\0\0\0\0\x04\0\0\0\x01\0\0\0\x10\x0b\0\0\0\0\0\0\x04\0\0\0\x01\0\0\
\0\x20\x0b\0\0\0\0\0\0\x04\0\0\0\x01\0\0\0\x30\x0b\0\0\0\0\0\0\x04\0\0\0\x01\0\
\0\0\x40\x0b\0\0\0\0\0\0\x04\0\0\0\x01\0\0\0\x50\x0b\0\0\0\0\0\0\x04\0\0\0\x01\
\0\0\0\x60\x0b\0\0\0\0\0\0\x04\0\0\0\x01\0\0\0\x70\x0b\0\0\0\0\0\0\x04\0\0\0\
\x01\0\0\0\x80\x0b\0\0\0\0\0\0\x04\0\0\0\x01\0\0\0\x90\x0b\0\0\0\0\0\0\x04\0\0\
\0\x01\0\0\0\xa0\x0b\0\0\0\0\0\0\x04\0\0\0\x01\0\0\0\xb0\x0b\0\0\0\0\0\0\x04\0\
\0\0\x01\0\0\0\xc0\x0b\0\0\0\0\0\0\x04\0\0\0\x01\0\0\0\xd0\x0b\0\0\0\0\0\0\x04\
\0\0\0\x01\0\0\0\xe0\x0b\0\0\0\0\0\0\x04\0\0\0\x01\0\0\0\xf0\x0b\0\0\0\0\0\0\
\x04\0\0\0\x01\0\0\0\0\x0c\0\0\0\0\0\0\x04\0\0\0\x01\0\0\0\x10\x0c\0\0\0\0\0\0\
\x04\0\0\0\x01\0\0\0\x20\x0c\0\0\0\0\0\0\x04\0\0\0\x01\0\0\0\x30\x0c\0\0\0\0\0\
\0\x04\0\0\0\x01\0\0\0\x40\x0c\0\0\0\0\0\0\x04\0\0\0\x01\0\0\0\x50\x0c\0\0\0\0\
\0\0\x04\0\0\0\x01\0\0\0\x60\x0c\0\0\0\0\0\0\x04\0\0\0\x01\0\0\0\x70\x0c\0\0\0\
\0\0\0\x04\0\0\0\x01\0\0\0\x80\x0c\0\0\0\0\0\0\x04\0\0\0\x01\0\0\0\x90\x0c\0\0\
\0\0\0\0\x04\0\0\0\x01\0\0\0\xa0\x0c\0\0\0\0\0\0\x04\0\0\0\x01\0\0\0\xb0\x0c\0\
\0\0\0\0\0\x04\0\0\0\x01\0\0\0\xc0\x0c\0\0\0\0\0\0\x04\0\0\0\x01\0\0\0\xd0\x0c\
\0\0\0\0\0\0\x04\0\0\0\x01\0\0\0\xe0\x0c\0\0\0\0\0\0\x04\0\0\0\x01\0\0\0\xf0\
\x0c\0\0\0\0\0\0\x04\0\0\0\x01\0\0\0\0\x0d\0\0\0\0\0\0\x04\0\0\0\x01\0\0\0\x10\
\x0d\0\0\0\0\0\0\x04\0\0\0\x01\0\0\0\x20\x0d\0\0\0\0\0\0\x04\0\0\0\x01\0\0\0\
\x30\x0d\0\0\0\0\0\0\x04\0\0\0\x01\0\0\0\x40\x0d\0\0\0\0\0\0\x04\0\0\0\x01\0\0\
\0\x50\x0d\0\0\0\0\0\0\x04\0\0\0\x01\0\0\0\x60\x0d\0\0\0\0\0\0\x04\0\0\0\x01\0\
\0\0\x70\x0d\0\0\0\0\0\0\x04\0\0\0\x01\0\0\0\x80\x0d\0\0\0\0\0\0\x04\0\0\0\x01\
\0\0\0\x90\x0d\0\0\0\0\0\0\x04\0\0\0\x01\0\0\0\xa0\x0d\0\0\0\0\0\0\x04\0\0\0\
\x01\0\0\0\xb0\x0d\0\0\0\0\0\0\x04\0\0\0\x01\0\0\0\xc0\x0d\0\0\0\0\0\0\x04\0\0\
\0\x01\0\0\0\xd0\x0d\0\0\0\0\0\0\x04\0\0\0\x01\0\0\0\xe0\x0d\0\0\0\0\0\0\x04\0\
\0\0\x01\0\0\0\xf0\x0d\0\0\0\0\0\0\x04\0\0\0\x01\0\0\0\0\x0e\0\0\0\0\0\0\x04\0\
\0\0\x01\0\0\0\x10\x0e\0\0\0\0\0\0\x04\0\0\0\x01\0\0\0\x28\x0e\0\0\0\0\0\0\x04\
\0\0\0\x0b\0\0\0\x38\x0e\0\0\0\0\0\0\x04\0\0\0\x0b\0\0\0\x48\x0e\0\0\0\0\0\0\
\x04\0\0\0\x0b\0\0\0\x58\x0e\0\0\0\0\0\0\x04\0\0\0\x0b\0\0\0\x68\x0e\0\0\0\0\0\
\0\x04\0\0\0\x0b\0\0\0\x78\x0e\0\0\0\0\0\0\x04\0\0\0\x0b\0\0\0\x88\x0e\0\0\0\0\
\0\0\x04\0\0\0\x0b\0\0\0\x98\x0e\0\0\0\0\0\0\x04\0\0\0\x0b\0\0\0\xa8\x0e\0\0\0\
\0\0\0\x04\0\0\0\x0b\0\0\0\xb8\x0e\0\0\0\0\0\0\x04\0\0\0\x0b\0\0\0\xc8\x0e\0\0\
\0\0\0\0\x04\0\0\0\x0b\0\0\0\xd8\x0e\0\0\0\0\0\0\x04\0\0\0\x0b\0\0\0\xe8\x0e\0\
\0\0\0\0\0\x04\0\0\0\x0b\0\0\0\xf8\x0e\0\0\0\0\0\0\x04\0\0\0\x0b\0\0\0\x08\x0f\
\0\0\0\0\0\0\x04\0\0\0\x0b\0\0\0\x18\x0f\0\0\0\0\0\0\x04\0\0\0\x0b\0\0\0\x28\
\x0f\0\0\0\0\0\0\x04\0\0\0\x0b\0\0\0\x38\x0f\0\0\0\0\0\0\x04\0\0\0\x0b\0\0\0\
\x48\x0f\0\0\0\0\0\0\x04\0\0\0\x0b\0\0\0\x58\x0f\0\0\0\0\0\0\x04\0\0\0\x0b\0\0\
\0\x68\x0f\0\0\0\0\0\0\x04\0\0\0\x0b\0\0\0\x78\x0f\0\0\0\0\0\0\x04\0\0\0\x0b\0\
\0\0\x88\x0f\0\0\0\0\0\0\x04\0\0\0\x0b\0\0\0\x98\x0f\0\0\0\0\0\0\x04\0\0\0\x0b\
\0\0\0\xa8\x0f\0\0\0\0\0\0\x04\0\0\0\x0b\0\0\0\xb8\x0f\0\0\0\0\0\0\x04\0\0\0\
\x0b\0\0\0\xc8\x0f\0\0\0\0\0\0\x04\0\0\0\x0b\0\0\0\xd8\x0f\0\0\0\0\0\0\x04\0\0\
\0\x0b\0\0\0\xe8\x0f\0\0\0\0\0\0\x04\0\0\0\x0b\0\0\0\xf8\x0f\0\0\0\0\0\0\x04\0\
\0\0\x0b\0\0\0\x08\x10\0\0\0\0\0\0\x04\0\0\0\x0b\0\0\0\x18\x10\0\0\0\0\0\0\x04\
\0\0\0\x0b\0\0\0\x28\x10\0\0\0\0\0\0\x04\0\0\0\x0b\0\0\0\x38\x10\0\0\0\0\0\0\
\x04\0\0\0\x0b\0\0\0\x48\x10\0\0\0\0\0\0\x04\0\0\0\x0b\0\0\0\x58\x10\0\0\0\0\0\
\0\x04\0\0\0\x0b\0\0\0\x68\x10\0\0\0\0\0\0\x04\0\0\0\x0b\0\0\0\x78\x10\0\0\0\0\
\0\0\x04\0\0\0\x0b\0\0\0\x88\x10\0\0\0\0\0\0\x04\0\0\0\x0b\0\0\0\x98\x10\0\0\0\
\0\0\0\x04\0\0\0\x0b\0\0\0\xa8\x10\0\0\0\0\0\0\x04\0\0\0\x0b\0\0\0\xb8\x10\0\0\
\0\0\0\0\x04\0\0\0\x0b\0\0\0\xc8\x10\0\0\0\0\0\0\x04\0\0\0\x0b\0\0\0\xd8\x10\0\
\0\0\0\0\0\x04\0\0\0\x0b\0\0\0\xe8\x10\0\0\0\0\0\0\x04\0\0\0\x0b\0\0\0\xf8\x10\
\0\0\0\0\0\0\x04\0\0\0\x0b\0\0\0\x08\x11\0\0\0\0\0\0\x04\0\0\0\x0b\0\0\0\x18\
\x11\0\0\0\0\0\0\x04\0\0\0\x0b\0\0\0\x28\x11\0\0\0\0\0\0\x04\0\0\0\x0b\0\0\0\
\x38\x11\0\0\0\0\0\0\x04\0\0\0\x0b\0\0\0\x48\x11\0\0\0\0\0\0\x04\0\0\0\x0b\0\0\
\0\x58\x11\0\0\0\0\0\0\x04\0\0\0\x0b\0\0\0\x68\x11\0\0\0\0\0\0\x04\0\0\0\x0b\0\
\0\0\x78\x11\0\0\0\0\0\0\x04\0\0\0\x0b\0\0\0\x88\x11\0\0\0\0\0\0\x04\0\0\0\x0b\
\0\0\0\x98\x11\0\0\0\0\0\0\x04\0\0\0\x0b\0\0\0\xa8\x11\0\0\0\0\0\0\x04\0\0\0\
\x0b\0\0\0\xb8\x11\0\0\0\0\0\0\x04\0\0\0\x0b\0\0\0\xc8\x11\0\0\0\0\0\0\x04\0\0\
\0\x0b\0\0\0\xd8\x11\0\0\0\0\0\0\x04\0\0\0\x0b\0\0\0\xe8\x11\0\0\0\0\0\0\x04\0\
\0\0\x0b\0\0\0\xf8\x11\0\0\0\0\0\0\x04\0\0\0\x0b\0\0\0\x08\x12\0\0\0\0\0\0\x04\
\0\0\0\x0b\0\0\0\x18\x12\0\0\0\0\0\0\x04\0\0\0\x0b\0\0\0\x28\x12\0\0\0\0\0\0\
\x04\0\0\0\x0b\0\0\0\x38\x12\0\0\0\0\0\0\x04\0\0\0\x0b\0\0\0\x48\x12\0\0\0\0\0\
\0\x04\0\0\0\x0b\0\0\0\x58\x12\0\0\0\0\0\0\x04\0\0\0\x0b\0\0\0\x68\x12\0\0\0\0\
\0\0\x04\0\0\0\x0b\0\0\0\x78\x12\0\0\0\0\0\0\x04\0\0\0\x0b\0\0\0\x88\x12\0\0\0\
\0\0\0\x04\0\0\0\x0b\0\0\0\x98\x12\0\0\0\0\0\0\x04\0\0\0\x0b\0\0\0\xa8\x12\0\0\
\0\0\0\0\x04\0\0\0\x0b\0\0\0\xb8\x12\0\0\0\0\0\0\x04\0\0\0\x0b\0\0\0\xc8\x12\0\
\0\0\0\0\0\x04\0\0\0\x0b\0\0\0\xd8\x12\0\0\0\0\0\0\x04\0\0\0\x0b\0\0\0\xe8\x12\
\0\0\0\0\0\0\x04\0\0\0\x0b\0\0\0\xf8\x12\0\0\0\0\0\0\x04\0\0\0\x0b\0\0\0\x08\
\x13\0\0\0\0\0\0\x04\0\0\0\x0b\0\0\0\x18\x13\0\0\0\0\0\0\x04\0\0\0\x0b\0\0\0\
\x28\x13\0\0\0\0\0\0\x04\0\0\0\x0b\0\0\0\x38\x13\0\0\0\0\0\0\x04\0\0\0\x0b\0\0\
\0\x48\x13\0\0\0\0\0\0\x04\0\0\0\x0b\0\0\0\x58\x13\0\0\0\0\0\0\x04\0\0\0\x0b\0\
\0\0\x68\x13\0\0\0\0\0\0\x04\0\0\0\x0b\0\0\0\x78\x13\0\0\0\0\0\0\x04\0\0\0\x0b\
\0\0\0\x88\x13\0\0\0\0\0\0\x04\0\0\0\x0b\0\0\0\x98\x13\0\0\0\0\0\0\x04\0\0\0\
\x0b\0\0\0\xa8\x13\0\0\0\0\0\0\x04\0\0\0\x0b\0\0\0\xb8\x13\0\0\0\0\0\0\x04\0\0\
\0\x0b\0\0\0\xc8\x13\0\0\0\0\0\0\x04\0\0\0\x0b\0\0\0\xd8\x13\0\0\0\0\0\0\x04\0\
\0\0\x0b\0\0\0\xe8\x13\0\0\0\0\0\0\x04\0\0\0\x0b\0\0\0\xf8\x13\0\0\0\0\0\0\x04\
\0\0\0\x0b\0\0\0\x08\x14\0\0\0\0\0\0\x04\0\0\0\x0b\0\0\0\x18\x14\0\0\0\0\0\0\
\x04\0\0\0\x0b\0\0\0\x28\x14\0\0\0\0\0\0\x04\0\0\0\x0b\0\0\0\x38\x14\0\0\0\0\0\
\0\x04\0\0\0\x0b\0\0\0\x48\x14\0\0\0\0\0\0\x04\0\0\0\x0b\0\0\0\x58\x14\0\0\0\0\
\0\0\x04\0\0\0\x0b\0\0\0\x68\x14\0\0\0\0\0\0\x04\0\0\0\x0b\0\0\0\x78\x14\0\0\0\
\0\0\0\x04\0\0\0\x0b\0\0\0\x88\x14\0\0\0\0\0\0\x04\0\0\0\x0b\0\0\0\x98\x14\0\0\
\0\0\0\0\x04\0\0\0\x0b\0\0\0\xa8\x14\0\0\0\0\0\0\x04\0\0\0\x0b\0\0\0\xb8\x14\0\
\0\0\0\0\0\x04\0\0\0\x0b\0\0\0\xc8\x14\0\0\0\0\0\0\x04\0\0\0\x0b\0\0\0\xd8\x14\
\0\0\0\0\0\0\x04\0\0\0\x0b\0\0\0\xe8\x14\0\0\0\0\0\0\x04\0\0\0\x0b\0\0\0\xf8\
\x14\0\0\0\0\0\0\x04\0\0\0\x0b\0\0\0\x08\x15\0\0\0\0\0\0\x04\0\0\0\x0b\0\0\0\
\x18\x15\0\0\0\0\0\0\x04\0\0\0\x0b\0\0\0\x28\x15\0\0\0\0\0\0\x04\0\0\0\x0b\0\0\
\0\x44\x15\0\0\0\0\0\0\x04\0\0\0\x01\0\0\0\x54\x15\0\0\0\0\0\0\x04\0\0\0\x01\0\
\0\0\x64\x15\0\0\0\0\0\0\x04\0\0\0\x01\0\0\0\x74\x15\0\0\0\0\0\0\x04\0\0\0\x01\
\0\0\0\x84\x15\0\0\0\0\0\0\x04\0\0\0\x01\0\0\0\x94\x15\0\0\0\0\0\0\x04\0\0\0\
\x01\0\0\0\xa4\x15\0\0\0\0\0\0\x04\0\0\0\x01\0\0\0\xb4\x15\0\0\0\0\0\0\x04\0\0\
\0\x01\0\0\0\xc4\x15\0\0\0\0\0\0\x04\0\0\0\x01\0\0\0\xd4\x15\0\0\0\0\0\0\x04\0\
\0\0\x01\0\0\0\xe4\x15\0\0\0\0\0\0\x04\0\0\0\x01\0\0\0\xf4\x15\0\0\0\0\0\0\x04\
\0\0\0\x01\0\0\0\x04\x16\0\0\0\0\0\0\x04\0\0\0\x01\0\0\0\x14\x16\0\0\0\0\0\0\
\x04\0\0\0\x01\0\0\0\x24\x16\0\0\0\0\0\0\x04\0\0\0\x01\0\0\0\x34\x16\0\0\0\0\0\
\0\x04\0\0\0\x01\0\0\0\x44\x16\0\0\0\0\0\0\x04\0\0\0\x01\0\0\0\x54\x16\0\0\0\0\
\0\0\x04\0\0\0\x01\0\0\0\x64\x16\0\0\0\0\0\0\x04\0\0\0\x01\0\0\0\x74\x16\0\0\0\
\0\0\0\x04\0\0\0\x01\0\0\0\x84\x16\0\0\0\0\0\0\x04\0\0\0\x01\0\0\0\x94\x16\0\0\
\0\0\0\0\x04\0\0\0\x01\0\0\0\xa4\x16\0\0\0\0\0\0\x04\0\0\0\x01\0\0\0\xb4\x16\0\
\0\0\0\0\0\x04\0\0\0\x01\0\0\0\xc4\x16\0\0\0\0\0\0\x04\0\0\0\x01\0\0\0\xd4\x16\
\0\0\0\0\0\0\x04\0\0\0\x01\0\0\0\xe4\x16\0\0\0\0\0\0\x04\0\0\0\x01\0\0\0\xf4\
\x16\0\0\0\0\0\0\x04\0\0\0\x01\0\0\0\x04\x17\0\0\0\0\0\0\x04\0\0\0\x01\0\0\0\
\x14\x17\0\0\0\0\0\0\x04\0\0\0\x01\0\0\0\x24\x17\0\0\0\0\0\0\x04\0\0\0\x01\0\0\
\0\x34\x17\0\0\0\0\0\0\x04\0\0\0\x01\0\0\0\x44\x17\0\0\0\0\0\0\x04\0\0\0\x01\0\
\0\0\x54\x17\0\0\0\0\0\0\x04\0\0\0\x01\0\0\0\x64\x17\0\0\0\0\0\0\x04\0\0\0\x01\
\0\0\0\x74\x17\0\0\0\0\0\0\x04\0\0\0\x01\0\0\0\x84\x17\0\0\0\0\0\0\x04\0\0\0\
\x01\0\0\0\x94\x17\0\0\0\0\0\0\x04\0\0\0\x01\0\0\0\xa4\x17\0\0\0\0\0\0\x04\0\0\
\0\x01\0\0\0\xb4\x17\0\0\0\0\0\0\x04\0\0\0\x01\0\0\0\xc4\x17\0\0\0\0\0\0\x04\0\
\0\0\x01\0\0\0\xd4\x17\0\0\0\0\0\0\x04\0\0\0\x01\0\0\0\xe4\x17\0\0\0\0\0\0\x04\
\0\0\0\x01\0\0\0\xf4\x17\0\0\0\0\0\0\x04\0\0\0\x01\0\0\0\x04\x18\0\0\0\0\0\0\
\x04\0\0\0\x01\0\0\0\x14\x18\0\0\0\0\0\0\x04\0\0\0\x01\0\0\0\x24\x18\0\0\0\0\0\
\0\x04\0\0\0\x01\0\0\0\x34\x18\0\0\0\0\0\0\x04\0\0\0\x01\0\0\0\x44\x18\0\0\0\0\
\0\0\x04\0\0\0\x01\0\0\0\x54\x18\0\0\0\0\0\0\x04\0\0\0\x01\0\0\0\x64\x18\0\0\0\
\0\0\0\x04\0\0\0\x01\0\0\0\x74\x18\0\0\0\0\0\0\x04\0\0\0\x01\0\0\0\x84\x18\0\0\
\0\0\0\0\x04\0\0\0\x01\0\0\0\x94\x18\0\0\0\0\0\0\x04\0\0\0\x01\0\0\0\xa4\x18\0\
\0\0\0\0\0\x04\0\0\0\x01\0\0\0\xbc\x18\0\0\0\0\0\0\x04\0\0\0\x0b\0\0\0\xcc\x18\
\0\0\0\0\0\0\x04\0\0\0\x0b\0\0\0\xdc\x18\0\0\0\0\0\0\x04\0\0\0\x0b\0\0\0\xec\
\x18\0\0\0\0\0\0\x04\0\0\0\x0b\0\0\0\xfc\x18\0\0\0\0\0\0\x04\0\0\0\x0b\0\0\0\
\x0c\x19\0\0\0\0\0\0\x04\0\0\0\x0b\0\0\0\x1c\x19\0\0\0\0\0\0\x04\0\0\0\x0b\0\0\
\0\x2c\x19\0\0\0\0\0\0\x04\0\0\0\x0b\0\0\0\x3c\x19\0\0\0\0\0\0\x04\0\0\0\x0b\0\
\0\0\x4c\x19\0\0\0\0\0\0\x04\0\0\0\x0b\0\0\0\x5c\x19\0\0\0\0\0\0\x04\0\0\0\x0b\
\0\0\0\x6c\x19\0\0\0\0\0\0\x04\0\0\0\x0b\0\0\0\x7c\x19\0\0\0\0\0\0\x04\0\0\0\
\x0b\0\0\0\x8c\x19\0\0\0\0\0\0\x04\0\0\0\x0b\0\0\0\x9c\x19\0\0\0\0\0\0\x04\0\0\
\0\x0b\0\0\0\xac\x19\0\0\0\0\0\0\x04\0\0\0\x0b\0\0\0\xbc\x19\0\0\0\0\0\0\x04\0\
\0\0\x0b\0\0\0\xcc\x19\0\0\0\0\0\0\x04\0\0\0\x0b\0\0\0\xdc\x19\0\0\0\0\0\0\x04\
\0\0\0\x0b\0\0\0\xec\x19\0\0\0\0\0\0\x04\0\0\0\x0b\0\0\0\xfc\x19\0\0\0\0\0\0\
\x04\0\0\0\x0b\0\0\0\x0c\x1a\0\0\0\0\0\0\x04\0\0\0\x0b\0\0\0\x20\x22\x23\x21\0\
\x2e\x74\x65\x78\x74\0\x2e\x72\x65\x6c\x2e\x42\x54\x46\x2e\x65\x78\x74\0\x68\
\x61\x6e\x64\x6c\x65\x5f\x73\x63\x68\x65\x64\x5f\x70\x72\x6f\x63\x65\x73\x73\
\x5f\x65\x78\x69\x74\0\x2e\x72\x65\x6c\x72\x61\x77\x5f\x74\x72\x61\x63\x65\x70\
\x6f\x69\x6e\x74\x2f\x73\x63\x68\x65\x64\x5f\x70\x72\x6f\x63\x65\x73\x73\x5f\
\x65\x78\x69\x74\0\x2e\x6d\x61\x70\x73\0\x2e\x6c\x6c\x76\x6d\x5f\x61\x64\x64\
\x72\x73\x69\x67\0\x6c\x69\x63\x65\x6e\x73\x65\0\x68\x61\x6e\x64\x6c\x65\x5f\
\x73\x63\x68\x65\x64\x5f\x70\x72\x6f\x63\x65\x73\x73\x5f\x65\x78\x65\x63\0\x2e\
\x72\x65\x6c\x72\x61\x77\x5f\x74\x72\x61\x63\x65\x70\x6f\x69\x6e\x74\x2f\x73\
\x63\x68\x65\x64\x5f\x70\x72\x6f\x63\x65\x73\x73\x5f\x65\x78\x65\x63\0\x72\x62\
\0\x2e\x73\x74\x72\x74\x61\x62\0\x2e\x73\x79\x6d\x74\x61\x62\0\x2e\x72\x65\x6c\
\x2e\x42\x54\x46\0\x4c\x49\x43\x45\x4e\x53\x45\0\x4c\x42\x42\x31\x5f\x39\0\x4c\
\x42\x42\x31\x5f\x31\x39\0\x4c\x42\x42\x30\x5f\x38\0\x4c\x42\x42\x31\x5f\x36\0\
\x4c\x42\x42\x30\x5f\x36\0\x4c\x42\x42\x31\x5f\x31\x36\0\x4c\x42\x42\x30\x5f\
\x31\x36\0\x4c\x42\x42\x30\x5f\x31\x35\0\x4c\x42\x42\x31\x5f\x34\0\x4c\x42\x42\
\x30\x5f\x34\0\x4c\x42\x42\x31\x5f\x31\x34\0\x4c\x42\x42\x31\x5f\x33\0\x4c\x42\
\x42\x30\x5f\x33\0\x4c\x42\x42\x31\x5f\x31\x32\0\x4c\x42\x42\x30\x5f\x31\x32\0\
\x4c\x42\x42\x30\x5f\x31\x31\0\x4c\x42\x42\x31\x5f\x32\x30\0\x4c\x42\x42\x31\
\x5f\x31\x30\0\x4c\x42\x42\x30\x5f\x31\x30\0\0\0\0\0\0\0\0\0\0\0\0\0\0\0\0\0\0\
\0\0\0\0\0\0\0\0\0\0\0\0\0\0\0\0\0\0\0\0\0\0\0\0\0\0\0\0\0\0\0\0\0\0\0\0\0\0\0\
\0\0\0\0\0\0\0\0\xb3\0\0\0\x03\0\0\0\0\0\0\0\0\0\0\0\0\0\0\0\0\0\0\0\xc4\xc4\
\x01\0\0\0\0\0\x64\x01\0\0\0\0\0\0\0\0\0\0\0\0\0\0\x01\0\0\0\0\0\0\0\0\0\0\0\0\
\0\0\0\x01\0\0\0\x01\0\0\0\x06\0\0\0\0\0\0\0\0\0\0\0\0\0\0\0\x40\0\0\0\0\0\0\0\
\0\0\0\0\0\0\0\0\0\0\0\0\0\0\0\0\x04\0\0\0\0\0\0\0\0\0\0\0\0\0\0\0\x8e\0\0\0\
\x01\0\0\0\x06\0\0\0\0\0\0\0\0\0\0\0\0\0\0\0\x40\0\0\0\0\0\0\0\x58\x15\0\0\0\0\
\0\0\0\0\0\0\0\0\0\0\x08\0\0\0\0\0\0\0\0\0\0\0\0\0\0\0\x8a\0\0\0\x09\0\0\0\x40\
\0\0\0\0\0\0\0\0\0\0\0\0\0\0\0\xb0\xaa\x01\0\0\0\0\0\x10\0\0\0\0\0\0\0\x0e\0\0\
\0\x03\0\0\0\x08\0\0\0\0\0\0\0\x10\0\0\0\0\0\0\0\x32\0\0\0\x01\0\0\0\x06\0\0\0\
\0\0\0\0\0\0\0\0\0\0\0\0\x98\x15\0\0\0\0\0\0\xe0\x08\0\0\0\0\0\0\0\0\0\0\0\0\0\
\0\x08\0\0\0\0\0\0\0\0\0\0\0\0\0\0\0\x2e\0\0\0\x09\0\0\0\x40\0\0\0\0\0\0\0\0\0\
\0\0\0\0\0\0\xc0\xaa\x01\0\0\0\0\0\x10\0\0\0\0\0\0\0\x0e\0\0\0\x05\0\0\0\x08\0\
\0\0\0\0\0\0\x10\0\0\0\0\0\0\0\x68\0\0\0\x01\0\0\0\x02\0\0\0\0\0\0\0\0\0\0\0\0\
\0\0\0\x78\x1e\0\0\0\0\0\0\x0d\0\0\0\0\0\0\0\0\0\0\0\0\0\0\0\x01\0\0\0\0\0\0\0\
\0\0\0\0\0\0\0\0\x54\0\0\0\x01\0\0\0\x03\0\0\0\0\0\0\0\0\0\0\0\0\0\0\0\x88\x1e\
\0\0\0\0\0\0\x10\0\0\0\0\0\0\0\0\0\0\0\0\0\0\0\x08\0\0\0\0\0\0\0\0\0\0\0\0\0\0\
\0\xc7\0\0\0\x01\0\0\0\0\0\0\0\0\0\0\0\0\0\0\0\0\0\0\0\x98\x1e\0\0\0\0\0\0\x8b\
\x6f\x01\0\0\0\0\0\0\0\0\0\0\0\0\0\x04\0\0\0\0\0\0\0\0\0\0\0\0\0\0\0\xc3\0\0\0\
\x09\0\0\0\x40\0\0\0\0\0\0\0\0\0\0\0\0\0\0\0\xd0\xaa\x01\0\0\0\0\0\x20\0\0\0\0\
\0\0\0\x0e\0\0\0\x09\0\0\0\x08\0\0\0\0\0\0\0\x10\0\0\0\0\0\0\0\x0b\0\0\0\x01\0\
\0\0\0\0\0\0\0\0\0\0\0\0\0\0\0\0\0\0\x24\x8e\x01\0\0\0\0\0\x1c\x1a\0\0\0\0\0\0\
\0\0\0\0\0\0\0\0\x04\0\0\0\0\0\0\0\0\0\0\0\0\0\0\0\x07\0\0\0\x09\0\0\0\x40\0\0\
\0\0\0\0\0\0\0\0\0\0\0\0\0\xf0\xaa\x01\0\0\0\0\0\xd0\x19\0\0\0\0\0\0\x0e\0\0\0\
\x0b\0\0\0\x08\0\0\0\0\0\0\0\x10\0\0\0\0\0\0\0\x5a\0\0\0\x03\x4c\xff\x6f\0\0\0\
\x80\0\0\0\0\0\0\0\0\0\0\0\0\xc0\xc4\x01\0\0\0\0\0\x04\0\0\0\0\0\0\0\0\0\0\0\0\
\0\0\0\x01\0\0\0\0\0\0\0\0\0\0\0\0\0\0\0\xbb\0\0\0\x02\0\0\0\0\0\0\0\0\0\0\0\0\
\0\0\0\0\0\0\0\x40\xa8\x01\0\0\0\0\0\x70\x02\0\0\0\0\0\0\x01\0\0\0\x16\0\0\0\
\x08\0\0\0\0\0\0\0\x18\0\0\0\0\0\0\0";
}

#ifdef __cplusplus
struct process_bpf *process_bpf::open(const struct bpf_object_open_opts *opts) { return process_bpf__open_opts(opts); }
struct process_bpf *process_bpf::open_and_load() { return process_bpf__open_and_load(); }
int process_bpf::load(struct process_bpf *skel) { return process_bpf__load(skel); }
int process_bpf::attach(struct process_bpf *skel) { return process_bpf__attach(skel); }
void process_bpf::detach(struct process_bpf *skel) { process_bpf__detach(skel); }
void process_bpf::destroy(struct process_bpf *skel) { process_bpf__destroy(skel); }
const void *process_bpf::elf_bytes(size_t *sz) { return process_bpf__elf_bytes(sz); }
#endif /* __cplusplus */

__attribute__((unused)) static void
process_bpf__assert(struct process_bpf *s __attribute__((unused)))
{
#ifdef __cplusplus
#define _Static_assert static_assert
#endif
#ifdef __cplusplus
#undef _Static_assert
#endif
}

#endif /* __PROCESS_BPF_SKEL_H__ */
